  0
SECTION
  2
HEADER
  9
$ACADVER
  1
AC1018
  9
$HANDSEED
  5
FFFFFFFF
  9
$ANGBASE
  50
0.0
  9
$ANGDIR
  70
1
  9
$MEASUREMENT
  70
1
  9
$INSUNITS
  70
4
  0
ENDSEC
  0
SECTION
  2
TABLES
  0
TABLE
  2
APPID
  5
1
330
0
100
AcDbSymbolTable
 70
1
  0
APPID
  5
2
330
1
100
AcDbSymbolTableRecord
100
AcDbRegAppTableRecord
  2
ACAD
 70
0
  0
ENDTAB
  0
TABLE
  2
LTYPE
  5
3
330
0
100
AcDbSymbolTable
 70
6
  0
LTYPE
  5
4
330
3
100
AcDbSymbolTableRecord
100
AcDbLinetypeTableRecord
  2
ByBlock
 70
0
  3

 72
65
 73
0
 40
0
  0
LTYPE
  5
5
330
3
100
AcDbSymbolTableRecord
100
AcDbLinetypeTableRecord
  2
ByLayer
 70
0
  3

 72
65
 73
0
 40
0
  0
LTYPE
  5
6
330
3
100
AcDbSymbolTableRecord
100
AcDbLinetypeTableRecord
  2
CONTINUOUS
 70
0
  3
Solid line
 72
65
 73
0
 40
0
  0
LTYPE
  5
7
330
3
100
AcDbSymbolTableRecord
100
AcDbLinetypeTableRecord
  2
DASHDOT
 70
0
  3
Dash Dot ____ _ ____ _
 72
65
 73
4
 40
2
 49
1.25
 74
0
 49
-0.25
 74
0
 49
0.25
 74
0
 49
-0.25
 74
0
  0
LTYPE
  5
8
330
3
100
AcDbSymbolTableRecord
100
AcDbLinetypeTableRecord
  2
DASHED
 70
0
  3
Dashed __ __ __ __ __
 72
65
 73
2
 40
0.75
 49
0.5
 74
0
 49
-0.25
 74
0
  0
LTYPE
  5
9
330
3
100
AcDbSymbolTableRecord
100
AcDbLinetypeTableRecord
  2
DOTTED
 70
0
  3
Dotted .  .  .  .
 72
65
 73
2
 40
0.2
 49
0.0
 74
0
 49
-0.2
 74
0
  0
ENDTAB
  0
TABLE
  2
STYLE
  5
A
330
0
100
AcDbSymbolTable
 70
4
  0
STYLE
  5
B
330
A
100
AcDbSymbolTableRecord
100
AcDbTextStyleTableRecord
  2
KICAD
 70
0
 40
0
 41
1
 42
1
 50
0
 71
0
  3
isocp.shx
  0
STYLE
  5
C
330
A
100
AcDbSymbolTableRecord
100
AcDbTextStyleTableRecord
  2
KICADB
 70
0
 40
0
 41
1
 42
1
 50
0
 71
0
  3
isocp.shx
  0
STYLE
  5
D
330
A
100
AcDbSymbolTableRecord
100
AcDbTextStyleTableRecord
  2
KICADI
 70
0
 40
0
 41
1
 42
1
 50
15
 71
0
  3
isocp.shx
  0
STYLE
  5
E
330
A
100
AcDbSymbolTableRecord
100
AcDbTextStyleTableRecord
  2
KICADBI
 70
0
 40
0
 41
1
 42
1
 50
15
 71
0
  3
isocp.shx
  0
ENDTAB
  0
TABLE
  2
LAYER
  5
F
330
0
100
AcDbSymbolTable
 70
3
  0
LAYER
  5
12
330
F
100
AcDbSymbolTableRecord
100
AcDbLayerTableRecord
  2
0
 70
0
 62
7
  6
CONTINUOUS
390
10
  0
LAYER
  5
13
330
F
100
AcDbSymbolTableRecord
100
AcDbLayerTableRecord
  2
F.Silkscreen
 70
0
 62
254
420
15457202
  6
CONTINUOUS
390
10
  0
LAYER
  5
14
330
F
100
AcDbSymbolTableRecord
100
AcDbLayerTableRecord
  2
Edge.Cuts
 70
0
 62
40
420
16432431
  6
CONTINUOUS
390
10
  0
ENDTAB
  0
TABLE
  2
VPORT
  5
15
330
0
100
AcDbSymbolTable
 70
0
  0
ENDTAB
  0
TABLE
  2
VIEW
  5
16
330
0
100
AcDbSymbolTable
 70
0
  0
ENDTAB
  0
TABLE
  2
UCS
  5
17
330
0
100
AcDbSymbolTable
 70
0
  0
ENDTAB
  0
TABLE
  2
DIMSTYLE
  5
18
330
0
100
AcDbSymbolTable
 70
1
100
AcDbDimStyleTable
 71
0
  0
DIMSTYLE
105
19
330
18
100
AcDbSymbolTableRecord
100
AcDbDimStyleTableRecord
  2
Standard
 70
0
  0
ENDTAB
  0
TABLE
  2
BLOCK_RECORD
  5
1A
330
0
100
AcDbSymbolTable
 70
3
  0
BLOCK_RECORD
  5
1B
330
1A
100
AcDbSymbolTableRecord
100
AcDbBlockTableRecord
  2
*Model_Space
340
1E
 70
0
280
1
281
0
  0
BLOCK_RECORD
  5
1C
330
1A
100
AcDbSymbolTableRecord
100
AcDbBlockTableRecord
  2
*Paper_Space
340
1F
 70
0
280
1
281
0
  0
BLOCK_RECORD
  5
1D
330
1A
100
AcDbSymbolTableRecord
100
AcDbBlockTableRecord
  2
*Paper_Space0
340
20
 70
0
280
1
281
0
  0
ENDTAB
  0
ENDSEC
  0
SECTION
  2
BLOCKS
  0
BLOCK
  5
24
330
1B
100
AcDbEntity
  8
0
100
AcDbBlockBegin
  2
*Model_Space
 70
0
 10
0.0
 20
0.0
 30
0.0
  3
*Model_Space
  1

  0
ENDBLK
  5
23
330
1B
100
AcDbEntity
  8
0
100
AcDbBlockEnd
  0
BLOCK
  5
26
330
1C
100
AcDbEntity
 67
1
  8
0
100
AcDbBlockBegin
  2
*Paper_Space
 70
0
 10
0.0
 20
0.0
 30
0.0
  3
*Paper_Space
  1

  0
ENDBLK
  5
25
330
1C
100
AcDbEntity
 67
1
  8
0
100
AcDbBlockEnd
  0
BLOCK
  5
28
330
1D
100
AcDbEntity
 67
1
  8
0
100
AcDbBlockBegin
  2
*Paper_Space0
 70
0
 10
0.0
 20
0.0
 30
0.0
  3
*Paper_Space0
  1

  0
ENDBLK
  5
27
330
1D
100
AcDbEntity
 67
1
  8
0
100
AcDbBlockEnd
  0
ENDSEC
  0
SECTION
  2
ENTITIES
  0
LINE
  5
29
330
1B
100
AcDbEntity
  8
F.Silkscreen
  6
CONTINUOUS
100
AcDbLine
 10
174.4909519999999929
 20
-43.9395789999999948
 30
0
 11
174.4433329999999955
 21
-43.9871989999999968
 31
0
  0
LINE
  5
2A
330
1B
100
AcDbEntity
  8
F.Silkscreen
  6
CONTINUOUS
100
AcDbLine
 10
174.4433329999999955
 20
-43.9871989999999968
 30
0
 11
174.3004760000000033
 21
-44.0348180000000013
 31
0
  0
LINE
  5
2B
330
1B
100
AcDbEntity
  8
F.Silkscreen
  6
CONTINUOUS
100
AcDbLine
 10
174.3004760000000033
 20
-44.0348180000000013
 30
0
 11
174.20523799999998
 21
-44.0348180000000013
 31
0
  0
LINE
  5
2C
330
1B
100
AcDbEntity
  8
F.Silkscreen
  6
CONTINUOUS
100
AcDbLine
 10
174.20523799999998
 20
-44.0348180000000013
 30
0
 11
174.0623809999999878
 21
-43.9871989999999968
 31
0
  0
LINE
  5
2D
330
1B
100
AcDbEntity
  8
F.Silkscreen
  6
CONTINUOUS
100
AcDbLine
 10
174.0623809999999878
 20
-43.9871989999999968
 30
0
 11
173.967142999999993
 21
-43.8919599999999974
 31
0
  0
LINE
  5
2E
330
1B
100
AcDbEntity
  8
F.Silkscreen
  6
CONTINUOUS
100
AcDbLine
 10
173.967142999999993
 20
-43.8919599999999974
 30
0
 11
173.9195239999999956
 21
-43.7967219999999955
 31
0
  0
LINE
  5
2F
330
1B
100
AcDbEntity
  8
F.Silkscreen
  6
CONTINUOUS
100
AcDbLine
 10
173.9195239999999956
 20
-43.7967219999999955
 30
0
 11
173.8719049999999982
 21
-43.6062459999999987
 31
0
  0
LINE
  5
30
330
1B
100
AcDbEntity
  8
F.Silkscreen
  6
CONTINUOUS
100
AcDbLine
 10
173.8719049999999982
 20
-43.6062459999999987
 30
0
 11
173.8719049999999982
 21
-43.4633889999999994
 31
0
  0
LINE
  5
31
330
1B
100
AcDbEntity
  8
F.Silkscreen
  6
CONTINUOUS
100
AcDbLine
 10
173.8719049999999982
 20
-43.4633889999999994
 30
0
 11
173.9195239999999956
 21
-43.2729129999999955
 31
0
  0
LINE
  5
32
330
1B
100
AcDbEntity
  8
F.Silkscreen
  6
CONTINUOUS
100
AcDbLine
 10
173.9195239999999956
 20
-43.2729129999999955
 30
0
 11
173.967142999999993
 21
-43.1776750000000007
 31
0
  0
LINE
  5
33
330
1B
100
AcDbEntity
  8
F.Silkscreen
  6
CONTINUOUS
100
AcDbLine
 10
173.967142999999993
 20
-43.1776750000000007
 30
0
 11
174.0623809999999878
 21
-43.0824369999999988
 31
0
  0
LINE
  5
34
330
1B
100
AcDbEntity
  8
F.Silkscreen
  6
CONTINUOUS
100
AcDbLine
 10
174.0623809999999878
 20
-43.0824369999999988
 30
0
 11
174.20523799999998
 21
-43.0348180000000013
 31
0
  0
LINE
  5
35
330
1B
100
AcDbEntity
  8
F.Silkscreen
  6
CONTINUOUS
100
AcDbLine
 10
174.20523799999998
 20
-43.0348180000000013
 30
0
 11
174.3004760000000033
 21
-43.0348180000000013
 31
0
  0
LINE
  5
36
330
1B
100
AcDbEntity
  8
F.Silkscreen
  6
CONTINUOUS
100
AcDbLine
 10
174.3004760000000033
 20
-43.0348180000000013
 30
0
 11
174.4433329999999955
 21
-43.0824369999999988
 31
0
  0
LINE
  5
37
330
1B
100
AcDbEntity
  8
F.Silkscreen
  6
CONTINUOUS
100
AcDbLine
 10
174.4433329999999955
 20
-43.0824369999999988
 30
0
 11
174.4909519999999929
 21
-43.1300559999999962
 31
0
  0
LINE
  5
38
330
1B
100
AcDbEntity
  8
F.Silkscreen
  6
CONTINUOUS
100
AcDbLine
 10
175.4433329999999955
 20
-44.0348180000000013
 30
0
 11
174.8719049999999982
 21
-44.0348180000000013
 31
0
  0
LINE
  5
39
330
1B
100
AcDbEntity
  8
F.Silkscreen
  6
CONTINUOUS
100
AcDbLine
 10
175.1576189999999826
 20
-44.0348180000000013
 30
0
 11
175.1576189999999826
 21
-43.0348180000000013
 31
0
  0
LINE
  5
3A
330
1B
100
AcDbEntity
  8
F.Silkscreen
  6
CONTINUOUS
100
AcDbLine
 10
175.1576189999999826
 20
-43.0348180000000013
 30
0
 11
175.0623809999999878
 21
-43.1776750000000007
 31
0
  0
LINE
  5
3B
330
1B
100
AcDbEntity
  8
F.Silkscreen
  6
CONTINUOUS
100
AcDbLine
 10
175.0623809999999878
 20
-43.1776750000000007
 30
0
 11
174.967142999999993
 21
-43.2729129999999955
 31
0
  0
LINE
  5
3C
330
1B
100
AcDbEntity
  8
F.Silkscreen
  6
CONTINUOUS
100
AcDbLine
 10
174.967142999999993
 20
-43.2729129999999955
 30
0
 11
174.8719049999999982
 21
-43.320532
 31
0
  0
LINE
  5
3D
330
1B
100
AcDbEntity
  8
F.Silkscreen
  6
CONTINUOUS
100
AcDbLine
 10
176.0623809999999878
 20
-43.0348180000000013
 30
0
 11
176.1576189999999826
 21
-43.0348180000000013
 31
0
  0
LINE
  5
3E
330
1B
100
AcDbEntity
  8
F.Silkscreen
  6
CONTINUOUS
100
AcDbLine
 10
176.1576189999999826
 20
-43.0348180000000013
 30
0
 11
176.2528570000000059
 21
-43.0824369999999988
 31
0
  0
LINE
  5
3F
330
1B
100
AcDbEntity
  8
F.Silkscreen
  6
CONTINUOUS
100
AcDbLine
 10
176.2528570000000059
 20
-43.0824369999999988
 30
0
 11
176.3004760000000033
 21
-43.1300559999999962
 31
0
  0
LINE
  5
40
330
1B
100
AcDbEntity
  8
F.Silkscreen
  6
CONTINUOUS
100
AcDbLine
 10
176.3004760000000033
 20
-43.1300559999999962
 30
0
 11
176.3480950000000007
 21
-43.2252939999999981
 31
0
  0
LINE
  5
41
330
1B
100
AcDbEntity
  8
F.Silkscreen
  6
CONTINUOUS
100
AcDbLine
 10
176.3480950000000007
 20
-43.2252939999999981
 30
0
 11
176.3957139999999981
 21
-43.4157699999999949
 31
0
  0
LINE
  5
42
330
1B
100
AcDbEntity
  8
F.Silkscreen
  6
CONTINUOUS
100
AcDbLine
 10
176.3957139999999981
 20
-43.4157699999999949
 30
0
 11
176.3957139999999981
 21
-43.6538649999999961
 31
0
  0
LINE
  5
43
330
1B
100
AcDbEntity
  8
F.Silkscreen
  6
CONTINUOUS
100
AcDbLine
 10
176.3957139999999981
 20
-43.6538649999999961
 30
0
 11
176.3480950000000007
 21
-43.844341
 31
0
  0
LINE
  5
44
330
1B
100
AcDbEntity
  8
F.Silkscreen
  6
CONTINUOUS
100
AcDbLine
 10
176.3480950000000007
 20
-43.844341
 30
0
 11
176.3004760000000033
 21
-43.9395789999999948
 31
0
  0
LINE
  5
45
330
1B
100
AcDbEntity
  8
F.Silkscreen
  6
CONTINUOUS
100
AcDbLine
 10
176.3004760000000033
 20
-43.9395789999999948
 30
0
 11
176.2528570000000059
 21
-43.9871989999999968
 31
0
  0
LINE
  5
46
330
1B
100
AcDbEntity
  8
F.Silkscreen
  6
CONTINUOUS
100
AcDbLine
 10
176.2528570000000059
 20
-43.9871989999999968
 30
0
 11
176.1576189999999826
 21
-44.0348180000000013
 31
0
  0
LINE
  5
47
330
1B
100
AcDbEntity
  8
F.Silkscreen
  6
CONTINUOUS
100
AcDbLine
 10
176.1576189999999826
 20
-44.0348180000000013
 30
0
 11
176.0623809999999878
 21
-44.0348180000000013
 31
0
  0
LINE
  5
48
330
1B
100
AcDbEntity
  8
F.Silkscreen
  6
CONTINUOUS
100
AcDbLine
 10
176.0623809999999878
 20
-44.0348180000000013
 30
0
 11
175.967142999999993
 21
-43.9871989999999968
 31
0
  0
LINE
  5
49
330
1B
100
AcDbEntity
  8
F.Silkscreen
  6
CONTINUOUS
100
AcDbLine
 10
175.967142999999993
 20
-43.9871989999999968
 30
0
 11
175.9195239999999956
 21
-43.9395789999999948
 31
0
  0
LINE
  5
4A
330
1B
100
AcDbEntity
  8
F.Silkscreen
  6
CONTINUOUS
100
AcDbLine
 10
175.9195239999999956
 20
-43.9395789999999948
 30
0
 11
175.8719049999999982
 21
-43.844341
 31
0
  0
LINE
  5
4B
330
1B
100
AcDbEntity
  8
F.Silkscreen
  6
CONTINUOUS
100
AcDbLine
 10
175.8719049999999982
 20
-43.844341
 30
0
 11
175.8242860000000007
 21
-43.6538649999999961
 31
0
  0
LINE
  5
4C
330
1B
100
AcDbEntity
  8
F.Silkscreen
  6
CONTINUOUS
100
AcDbLine
 10
175.8242860000000007
 20
-43.6538649999999961
 30
0
 11
175.8242860000000007
 21
-43.4157699999999949
 31
0
  0
LINE
  5
4D
330
1B
100
AcDbEntity
  8
F.Silkscreen
  6
CONTINUOUS
100
AcDbLine
 10
175.8242860000000007
 20
-43.4157699999999949
 30
0
 11
175.8719049999999982
 21
-43.2252939999999981
 31
0
  0
LINE
  5
4E
330
1B
100
AcDbEntity
  8
F.Silkscreen
  6
CONTINUOUS
100
AcDbLine
 10
175.8719049999999982
 20
-43.2252939999999981
 30
0
 11
175.9195239999999956
 21
-43.1300559999999962
 31
0
  0
LINE
  5
4F
330
1B
100
AcDbEntity
  8
F.Silkscreen
  6
CONTINUOUS
100
AcDbLine
 10
175.9195239999999956
 20
-43.1300559999999962
 30
0
 11
175.967142999999993
 21
-43.0824369999999988
 31
0
  0
LINE
  5
50
330
1B
100
AcDbEntity
  8
F.Silkscreen
  6
CONTINUOUS
100
AcDbLine
 10
175.967142999999993
 20
-43.0824369999999988
 30
0
 11
176.0623809999999878
 21
-43.0348180000000013
 31
0
  0
LINE
  5
51
330
1B
100
AcDbEntity
  8
F.Silkscreen
  6
CONTINUOUS
100
AcDbLine
 10
177.2528570000000059
 20
-43.3681509999999975
 30
0
 11
177.2528570000000059
 21
-44.0348180000000013
 31
0
  0
LINE
  5
52
330
1B
100
AcDbEntity
  8
F.Silkscreen
  6
CONTINUOUS
100
AcDbLine
 10
177.0147619999999904
 20
-42.9871989999999968
 30
0
 11
176.7766670000000033
 21
-43.7014840000000007
 31
0
  0
LINE
  5
53
330
1B
100
AcDbEntity
  8
F.Silkscreen
  6
CONTINUOUS
100
AcDbLine
 10
176.7766670000000033
 20
-43.7014840000000007
 30
0
 11
177.3957139999999981
 21
-43.7014840000000007
 31
0
  0
LINE
  5
54
330
1B
100
AcDbEntity
  8
F.Silkscreen
  6
CONTINUOUS
100
AcDbLine
 10
195.7548189999999977
 20
-92.3690469999999948
 30
0
 11
195.7548189999999977
 21
-92.8452369999999974
 31
0
  0
LINE
  5
55
330
1B
100
AcDbEntity
  8
F.Silkscreen
  6
CONTINUOUS
100
AcDbLine
 10
195.7548189999999977
 20
-92.8452369999999974
 30
0
 11
194.7548189999999977
 21
-92.8452369999999974
 31
0
  0
LINE
  5
56
330
1B
100
AcDbEntity
  8
F.Silkscreen
  6
CONTINUOUS
100
AcDbLine
 10
194.8500569999999925
 20
-92.0833319999999986
 30
0
 11
194.8024379999999951
 21
-92.0357130000000012
 31
0
  0
LINE
  5
57
330
1B
100
AcDbEntity
  8
F.Silkscreen
  6
CONTINUOUS
100
AcDbLine
 10
194.8024379999999951
 20
-92.0357130000000012
 30
0
 11
194.7548189999999977
 21
-91.9404749999999922
 31
0
  0
LINE
  5
58
330
1B
100
AcDbEntity
  8
F.Silkscreen
  6
CONTINUOUS
100
AcDbLine
 10
194.7548189999999977
 20
-91.9404749999999922
 30
0
 11
194.7548189999999977
 21
-91.7023799999999909
 31
0
  0
LINE
  5
59
330
1B
100
AcDbEntity
  8
F.Silkscreen
  6
CONTINUOUS
100
AcDbLine
 10
194.7548189999999977
 20
-91.7023799999999909
 30
0
 11
194.8024379999999951
 21
-91.6071419999999961
 31
0
  0
LINE
  5
5A
330
1B
100
AcDbEntity
  8
F.Silkscreen
  6
CONTINUOUS
100
AcDbLine
 10
194.8024379999999951
 20
-91.6071419999999961
 30
0
 11
194.8500569999999925
 21
-91.5595229999999987
 31
0
  0
LINE
  5
5B
330
1B
100
AcDbEntity
  8
F.Silkscreen
  6
CONTINUOUS
100
AcDbLine
 10
194.8500569999999925
 20
-91.5595229999999987
 30
0
 11
194.9452949999999873
 21
-91.5119040000000012
 31
0
  0
LINE
  5
5C
330
1B
100
AcDbEntity
  8
F.Silkscreen
  6
CONTINUOUS
100
AcDbLine
 10
194.9452949999999873
 20
-91.5119040000000012
 30
0
 11
195.0405329999999822
 21
-91.5119040000000012
 31
0
  0
LINE
  5
5D
330
1B
100
AcDbEntity
  8
F.Silkscreen
  6
CONTINUOUS
100
AcDbLine
 10
195.0405329999999822
 20
-91.5119040000000012
 30
0
 11
195.1833900000000028
 21
-91.5595229999999987
 31
0
  0
LINE
  5
5E
330
1B
100
AcDbEntity
  8
F.Silkscreen
  6
CONTINUOUS
100
AcDbLine
 10
195.1833900000000028
 20
-91.5595229999999987
 30
0
 11
195.7548189999999977
 21
-92.130950999999996
 31
0
  0
LINE
  5
5F
330
1B
100
AcDbEntity
  8
F.Silkscreen
  6
CONTINUOUS
100
AcDbLine
 10
195.7548189999999977
 20
-92.130950999999996
 30
0
 11
195.7548189999999977
 21
-91.5119040000000012
 31
0
  0
LINE
  5
60
330
1B
100
AcDbEntity
  8
F.Silkscreen
  6
CONTINUOUS
100
AcDbLine
 10
194.7548189999999977
 20
-90.8928559999999948
 30
0
 11
194.7548189999999977
 21
-90.7976179999999999
 31
0
  0
LINE
  5
61
330
1B
100
AcDbEntity
  8
F.Silkscreen
  6
CONTINUOUS
100
AcDbLine
 10
194.7548189999999977
 20
-90.7976179999999999
 30
0
 11
194.8024379999999951
 21
-90.7023799999999909
 31
0
  0
LINE
  5
62
330
1B
100
AcDbEntity
  8
F.Silkscreen
  6
CONTINUOUS
100
AcDbLine
 10
194.8024379999999951
 20
-90.7023799999999909
 30
0
 11
194.8500569999999925
 21
-90.6547609999999935
 31
0
  0
LINE
  5
63
330
1B
100
AcDbEntity
  8
F.Silkscreen
  6
CONTINUOUS
100
AcDbLine
 10
194.8500569999999925
 20
-90.6547609999999935
 30
0
 11
194.9452949999999873
 21
-90.6071419999999961
 31
0
  0
LINE
  5
64
330
1B
100
AcDbEntity
  8
F.Silkscreen
  6
CONTINUOUS
100
AcDbLine
 10
194.9452949999999873
 20
-90.6071419999999961
 30
0
 11
195.135770999999977
 21
-90.5595229999999987
 31
0
  0
LINE
  5
65
330
1B
100
AcDbEntity
  8
F.Silkscreen
  6
CONTINUOUS
100
AcDbLine
 10
195.135770999999977
 20
-90.5595229999999987
 30
0
 11
195.3738659999999925
 21
-90.5595229999999987
 31
0
  0
LINE
  5
66
330
1B
100
AcDbEntity
  8
F.Silkscreen
  6
CONTINUOUS
100
AcDbLine
 10
195.3738659999999925
 20
-90.5595229999999987
 30
0
 11
195.5643419999999821
 21
-90.6071419999999961
 31
0
  0
LINE
  5
67
330
1B
100
AcDbEntity
  8
F.Silkscreen
  6
CONTINUOUS
100
AcDbLine
 10
195.5643419999999821
 20
-90.6071419999999961
 30
0
 11
195.659579999999977
 21
-90.6547609999999935
 31
0
  0
LINE
  5
68
330
1B
100
AcDbEntity
  8
F.Silkscreen
  6
CONTINUOUS
100
AcDbLine
 10
195.659579999999977
 20
-90.6547609999999935
 30
0
 11
195.7072000000000003
 21
-90.7023799999999909
 31
0
  0
LINE
  5
69
330
1B
100
AcDbEntity
  8
F.Silkscreen
  6
CONTINUOUS
100
AcDbLine
 10
195.7072000000000003
 20
-90.7023799999999909
 30
0
 11
195.7548189999999977
 21
-90.7976179999999999
 31
0
  0
LINE
  5
6A
330
1B
100
AcDbEntity
  8
F.Silkscreen
  6
CONTINUOUS
100
AcDbLine
 10
195.7548189999999977
 20
-90.7976179999999999
 30
0
 11
195.7548189999999977
 21
-90.8928559999999948
 31
0
  0
LINE
  5
6B
330
1B
100
AcDbEntity
  8
F.Silkscreen
  6
CONTINUOUS
100
AcDbLine
 10
195.7548189999999977
 20
-90.8928559999999948
 30
0
 11
195.7072000000000003
 21
-90.9880939999999896
 31
0
  0
LINE
  5
6C
330
1B
100
AcDbEntity
  8
F.Silkscreen
  6
CONTINUOUS
100
AcDbLine
 10
195.7072000000000003
 20
-90.9880939999999896
 30
0
 11
195.659579999999977
 21
-91.0357130000000012
 31
0
  0
LINE
  5
6D
330
1B
100
AcDbEntity
  8
F.Silkscreen
  6
CONTINUOUS
100
AcDbLine
 10
195.659579999999977
 20
-91.0357130000000012
 30
0
 11
195.5643419999999821
 21
-91.0833319999999986
 31
0
  0
LINE
  5
6E
330
1B
100
AcDbEntity
  8
F.Silkscreen
  6
CONTINUOUS
100
AcDbLine
 10
195.5643419999999821
 20
-91.0833319999999986
 30
0
 11
195.3738659999999925
 21
-91.130950999999996
 31
0
  0
LINE
  5
6F
330
1B
100
AcDbEntity
  8
F.Silkscreen
  6
CONTINUOUS
100
AcDbLine
 10
195.3738659999999925
 20
-91.130950999999996
 30
0
 11
195.135770999999977
 21
-91.130950999999996
 31
0
  0
LINE
  5
70
330
1B
100
AcDbEntity
  8
F.Silkscreen
  6
CONTINUOUS
100
AcDbLine
 10
195.135770999999977
 20
-91.130950999999996
 30
0
 11
194.9452949999999873
 21
-91.0833319999999986
 31
0
  0
LINE
  5
71
330
1B
100
AcDbEntity
  8
F.Silkscreen
  6
CONTINUOUS
100
AcDbLine
 10
194.9452949999999873
 20
-91.0833319999999986
 30
0
 11
194.8500569999999925
 21
-91.0357130000000012
 31
0
  0
LINE
  5
72
330
1B
100
AcDbEntity
  8
F.Silkscreen
  6
CONTINUOUS
100
AcDbLine
 10
194.8500569999999925
 20
-91.0357130000000012
 30
0
 11
194.8024379999999951
 21
-90.9880939999999896
 31
0
  0
LINE
  5
73
330
1B
100
AcDbEntity
  8
F.Silkscreen
  6
CONTINUOUS
100
AcDbLine
 10
194.8024379999999951
 20
-90.9880939999999896
 30
0
 11
194.7548189999999977
 21
-90.8928559999999948
 31
0
  0
LINE
  5
74
330
1B
100
AcDbEntity
  8
F.Silkscreen
  6
CONTINUOUS
100
AcDbLine
 10
195.7548189999999977
 20
-89.6071419999999961
 30
0
 11
195.7548189999999977
 21
-90.1785699999999935
 31
0
  0
LINE
  5
75
330
1B
100
AcDbEntity
  8
F.Silkscreen
  6
CONTINUOUS
100
AcDbLine
 10
195.7548189999999977
 20
-89.8928559999999948
 30
0
 11
194.7548189999999977
 21
-89.8928559999999948
 31
0
  0
LINE
  5
76
330
1B
100
AcDbEntity
  8
F.Silkscreen
  6
CONTINUOUS
100
AcDbLine
 10
194.7548189999999977
 20
-89.8928559999999948
 30
0
 11
194.8976759999999899
 21
-89.9880939999999896
 31
0
  0
LINE
  5
77
330
1B
100
AcDbEntity
  8
F.Silkscreen
  6
CONTINUOUS
100
AcDbLine
 10
194.8976759999999899
 20
-89.9880939999999896
 30
0
 11
194.9929139999999848
 21
-90.0833319999999986
 31
0
  0
LINE
  5
78
330
1B
100
AcDbEntity
  8
F.Silkscreen
  6
CONTINUOUS
100
AcDbLine
 10
194.9929139999999848
 20
-90.0833319999999986
 30
0
 11
195.0405329999999822
 21
-90.1785699999999935
 31
0
  0
LINE
  5
79
330
1B
100
AcDbEntity
  8
F.Silkscreen
  6
CONTINUOUS
100
AcDbLine
 10
132.4295799999999872
 20
-92.3690469999999948
 30
0
 11
132.4771999999999821
 21
-92.4166659999999922
 31
0
  0
LINE
  5
7A
330
1B
100
AcDbEntity
  8
F.Silkscreen
  6
CONTINUOUS
100
AcDbLine
 10
132.4771999999999821
 20
-92.4166659999999922
 30
0
 11
132.5248190000000079
 21
-92.5595229999999987
 31
0
  0
LINE
  5
7B
330
1B
100
AcDbEntity
  8
F.Silkscreen
  6
CONTINUOUS
100
AcDbLine
 10
132.5248190000000079
 20
-92.5595229999999987
 30
0
 11
132.5248190000000079
 21
-92.6547609999999935
 31
0
  0
LINE
  5
7C
330
1B
100
AcDbEntity
  8
F.Silkscreen
  6
CONTINUOUS
100
AcDbLine
 10
132.5248190000000079
 20
-92.6547609999999935
 30
0
 11
132.4771999999999821
 21
-92.7976179999999999
 31
0
  0
LINE
  5
7D
330
1B
100
AcDbEntity
  8
F.Silkscreen
  6
CONTINUOUS
100
AcDbLine
 10
132.4771999999999821
 20
-92.7976179999999999
 30
0
 11
132.3819609999999898
 21
-92.8928559999999948
 31
0
  0
LINE
  5
7E
330
1B
100
AcDbEntity
  8
F.Silkscreen
  6
CONTINUOUS
100
AcDbLine
 10
132.3819609999999898
 20
-92.8928559999999948
 30
0
 11
132.286722999999995
 21
-92.9404749999999922
 31
0
  0
LINE
  5
7F
330
1B
100
AcDbEntity
  8
F.Silkscreen
  6
CONTINUOUS
100
AcDbLine
 10
132.286722999999995
 20
-92.9404749999999922
 30
0
 11
132.0962470000000053
 21
-92.9880939999999896
 31
0
  0
LINE
  5
80
330
1B
100
AcDbEntity
  8
F.Silkscreen
  6
CONTINUOUS
100
AcDbLine
 10
132.0962470000000053
 20
-92.9880939999999896
 30
0
 11
131.9533899999999846
 21
-92.9880939999999896
 31
0
  0
LINE
  5
81
330
1B
100
AcDbEntity
  8
F.Silkscreen
  6
CONTINUOUS
100
AcDbLine
 10
131.9533899999999846
 20
-92.9880939999999896
 30
0
 11
131.762913999999995
 21
-92.9404749999999922
 31
0
  0
LINE
  5
82
330
1B
100
AcDbEntity
  8
F.Silkscreen
  6
CONTINUOUS
100
AcDbLine
 10
131.762913999999995
 20
-92.9404749999999922
 30
0
 11
131.6676760000000002
 21
-92.8928559999999948
 31
0
  0
LINE
  5
83
330
1B
100
AcDbEntity
  8
F.Silkscreen
  6
CONTINUOUS
100
AcDbLine
 10
131.6676760000000002
 20
-92.8928559999999948
 30
0
 11
131.5724380000000053
 21
-92.7976179999999999
 31
0
  0
LINE
  5
84
330
1B
100
AcDbEntity
  8
F.Silkscreen
  6
CONTINUOUS
100
AcDbLine
 10
131.5724380000000053
 20
-92.7976179999999999
 30
0
 11
131.5248190000000079
 21
-92.6547609999999935
 31
0
  0
LINE
  5
85
330
1B
100
AcDbEntity
  8
F.Silkscreen
  6
CONTINUOUS
100
AcDbLine
 10
131.5248190000000079
 20
-92.6547609999999935
 30
0
 11
131.5248190000000079
 21
-92.5595229999999987
 31
0
  0
LINE
  5
86
330
1B
100
AcDbEntity
  8
F.Silkscreen
  6
CONTINUOUS
100
AcDbLine
 10
131.5248190000000079
 20
-92.5595229999999987
 30
0
 11
131.5724380000000053
 21
-92.4166659999999922
 31
0
  0
LINE
  5
87
330
1B
100
AcDbEntity
  8
F.Silkscreen
  6
CONTINUOUS
100
AcDbLine
 10
131.5724380000000053
 20
-92.4166659999999922
 30
0
 11
131.6200570000000027
 21
-92.3690469999999948
 31
0
  0
LINE
  5
88
330
1B
100
AcDbEntity
  8
F.Silkscreen
  6
CONTINUOUS
100
AcDbLine
 10
131.6200570000000027
 20
-91.9880939999999896
 30
0
 11
131.5724380000000053
 21
-91.9404749999999922
 31
0
  0
LINE
  5
89
330
1B
100
AcDbEntity
  8
F.Silkscreen
  6
CONTINUOUS
100
AcDbLine
 10
131.5724380000000053
 20
-91.9404749999999922
 30
0
 11
131.5248190000000079
 21
-91.8452369999999974
 31
0
  0
LINE
  5
8A
330
1B
100
AcDbEntity
  8
F.Silkscreen
  6
CONTINUOUS
100
AcDbLine
 10
131.5248190000000079
 20
-91.8452369999999974
 30
0
 11
131.5248190000000079
 21
-91.6071419999999961
 31
0
  0
LINE
  5
8B
330
1B
100
AcDbEntity
  8
F.Silkscreen
  6
CONTINUOUS
100
AcDbLine
 10
131.5248190000000079
 20
-91.6071419999999961
 30
0
 11
131.5724380000000053
 21
-91.5119040000000012
 31
0
  0
LINE
  5
8C
330
1B
100
AcDbEntity
  8
F.Silkscreen
  6
CONTINUOUS
100
AcDbLine
 10
131.5724380000000053
 20
-91.5119040000000012
 30
0
 11
131.6200570000000027
 21
-91.4642849999999896
 31
0
  0
LINE
  5
8D
330
1B
100
AcDbEntity
  8
F.Silkscreen
  6
CONTINUOUS
100
AcDbLine
 10
131.6200570000000027
 20
-91.4642849999999896
 30
0
 11
131.7152949999999976
 21
-91.4166659999999922
 31
0
  0
LINE
  5
8E
330
1B
100
AcDbEntity
  8
F.Silkscreen
  6
CONTINUOUS
100
AcDbLine
 10
131.7152949999999976
 20
-91.4166659999999922
 30
0
 11
131.8105329999999924
 21
-91.4166659999999922
 31
0
  0
LINE
  5
8F
330
1B
100
AcDbEntity
  8
F.Silkscreen
  6
CONTINUOUS
100
AcDbLine
 10
131.8105329999999924
 20
-91.4166659999999922
 30
0
 11
131.9533899999999846
 21
-91.4642849999999896
 31
0
  0
LINE
  5
90
330
1B
100
AcDbEntity
  8
F.Silkscreen
  6
CONTINUOUS
100
AcDbLine
 10
131.9533899999999846
 20
-91.4642849999999896
 30
0
 11
132.5248190000000079
 21
-92.0357130000000012
 31
0
  0
LINE
  5
91
330
1B
100
AcDbEntity
  8
F.Silkscreen
  6
CONTINUOUS
100
AcDbLine
 10
132.5248190000000079
 20
-92.0357130000000012
 30
0
 11
132.5248190000000079
 21
-91.4166659999999922
 31
0
  0
LINE
  5
92
330
1B
100
AcDbEntity
  8
F.Silkscreen
  6
CONTINUOUS
100
AcDbLine
 10
131.5248190000000079
 20
-90.7976179999999999
 30
0
 11
131.5248190000000079
 21
-90.7023799999999909
 31
0
  0
LINE
  5
93
330
1B
100
AcDbEntity
  8
F.Silkscreen
  6
CONTINUOUS
100
AcDbLine
 10
131.5248190000000079
 20
-90.7023799999999909
 30
0
 11
131.5724380000000053
 21
-90.6071419999999961
 31
0
  0
LINE
  5
94
330
1B
100
AcDbEntity
  8
F.Silkscreen
  6
CONTINUOUS
100
AcDbLine
 10
131.5724380000000053
 20
-90.6071419999999961
 30
0
 11
131.6200570000000027
 21
-90.5595229999999987
 31
0
  0
LINE
  5
95
330
1B
100
AcDbEntity
  8
F.Silkscreen
  6
CONTINUOUS
100
AcDbLine
 10
131.6200570000000027
 20
-90.5595229999999987
 30
0
 11
131.7152949999999976
 21
-90.5119040000000012
 31
0
  0
LINE
  5
96
330
1B
100
AcDbEntity
  8
F.Silkscreen
  6
CONTINUOUS
100
AcDbLine
 10
131.7152949999999976
 20
-90.5119040000000012
 30
0
 11
131.9057709999999872
 21
-90.4642849999999896
 31
0
  0
LINE
  5
97
330
1B
100
AcDbEntity
  8
F.Silkscreen
  6
CONTINUOUS
100
AcDbLine
 10
131.9057709999999872
 20
-90.4642849999999896
 30
0
 11
132.1438660000000027
 21
-90.4642849999999896
 31
0
  0
LINE
  5
98
330
1B
100
AcDbEntity
  8
F.Silkscreen
  6
CONTINUOUS
100
AcDbLine
 10
132.1438660000000027
 20
-90.4642849999999896
 30
0
 11
132.3343419999999924
 21
-90.5119040000000012
 31
0
  0
LINE
  5
99
330
1B
100
AcDbEntity
  8
F.Silkscreen
  6
CONTINUOUS
100
AcDbLine
 10
132.3343419999999924
 20
-90.5119040000000012
 30
0
 11
132.4295799999999872
 21
-90.5595229999999987
 31
0
  0
LINE
  5
9A
330
1B
100
AcDbEntity
  8
F.Silkscreen
  6
CONTINUOUS
100
AcDbLine
 10
132.4295799999999872
 20
-90.5595229999999987
 30
0
 11
132.4771999999999821
 21
-90.6071419999999961
 31
0
  0
LINE
  5
9B
330
1B
100
AcDbEntity
  8
F.Silkscreen
  6
CONTINUOUS
100
AcDbLine
 10
132.4771999999999821
 20
-90.6071419999999961
 30
0
 11
132.5248190000000079
 21
-90.7023799999999909
 31
0
  0
LINE
  5
9C
330
1B
100
AcDbEntity
  8
F.Silkscreen
  6
CONTINUOUS
100
AcDbLine
 10
132.5248190000000079
 20
-90.7023799999999909
 30
0
 11
132.5248190000000079
 21
-90.7976179999999999
 31
0
  0
LINE
  5
9D
330
1B
100
AcDbEntity
  8
F.Silkscreen
  6
CONTINUOUS
100
AcDbLine
 10
132.5248190000000079
 20
-90.7976179999999999
 30
0
 11
132.4771999999999821
 21
-90.8928559999999948
 31
0
  0
LINE
  5
9E
330
1B
100
AcDbEntity
  8
F.Silkscreen
  6
CONTINUOUS
100
AcDbLine
 10
132.4771999999999821
 20
-90.8928559999999948
 30
0
 11
132.4295799999999872
 21
-90.9404749999999922
 31
0
  0
LINE
  5
9F
330
1B
100
AcDbEntity
  8
F.Silkscreen
  6
CONTINUOUS
100
AcDbLine
 10
132.4295799999999872
 20
-90.9404749999999922
 30
0
 11
132.3343419999999924
 21
-90.9880939999999896
 31
0
  0
LINE
  5
A0
330
1B
100
AcDbEntity
  8
F.Silkscreen
  6
CONTINUOUS
100
AcDbLine
 10
132.3343419999999924
 20
-90.9880939999999896
 30
0
 11
132.1438660000000027
 21
-91.0357130000000012
 31
0
  0
LINE
  5
A1
330
1B
100
AcDbEntity
  8
F.Silkscreen
  6
CONTINUOUS
100
AcDbLine
 10
132.1438660000000027
 20
-91.0357130000000012
 30
0
 11
131.9057709999999872
 21
-91.0357130000000012
 31
0
  0
LINE
  5
A2
330
1B
100
AcDbEntity
  8
F.Silkscreen
  6
CONTINUOUS
100
AcDbLine
 10
131.9057709999999872
 20
-91.0357130000000012
 30
0
 11
131.7152949999999976
 21
-90.9880939999999896
 31
0
  0
LINE
  5
A3
330
1B
100
AcDbEntity
  8
F.Silkscreen
  6
CONTINUOUS
100
AcDbLine
 10
131.7152949999999976
 20
-90.9880939999999896
 30
0
 11
131.6200570000000027
 21
-90.9404749999999922
 31
0
  0
LINE
  5
A4
330
1B
100
AcDbEntity
  8
F.Silkscreen
  6
CONTINUOUS
100
AcDbLine
 10
131.6200570000000027
 20
-90.9404749999999922
 30
0
 11
131.5724380000000053
 21
-90.8928559999999948
 31
0
  0
LINE
  5
A5
330
1B
100
AcDbEntity
  8
F.Silkscreen
  6
CONTINUOUS
100
AcDbLine
 10
131.5724380000000053
 20
-90.8928559999999948
 30
0
 11
131.5248190000000079
 21
-90.7976179999999999
 31
0
  0
LINE
  5
A6
330
1B
100
AcDbEntity
  8
F.Silkscreen
  6
CONTINUOUS
100
AcDbLine
 10
131.5248190000000079
 20
-90.130950999999996
 30
0
 11
131.5248190000000079
 21
-89.5119040000000012
 31
0
  0
LINE
  5
A7
330
1B
100
AcDbEntity
  8
F.Silkscreen
  6
CONTINUOUS
100
AcDbLine
 10
131.5248190000000079
 20
-89.5119040000000012
 30
0
 11
131.9057709999999872
 21
-89.8452369999999974
 31
0
  0
LINE
  5
A8
330
1B
100
AcDbEntity
  8
F.Silkscreen
  6
CONTINUOUS
100
AcDbLine
 10
131.9057709999999872
 20
-89.8452369999999974
 30
0
 11
131.9057709999999872
 21
-89.7023799999999909
 31
0
  0
LINE
  5
A9
330
1B
100
AcDbEntity
  8
F.Silkscreen
  6
CONTINUOUS
100
AcDbLine
 10
131.9057709999999872
 20
-89.7023799999999909
 30
0
 11
131.9533899999999846
 21
-89.6071419999999961
 31
0
  0
LINE
  5
AA
330
1B
100
AcDbEntity
  8
F.Silkscreen
  6
CONTINUOUS
100
AcDbLine
 10
131.9533899999999846
 20
-89.6071419999999961
 30
0
 11
132.0010089999999821
 21
-89.5595229999999987
 31
0
  0
LINE
  5
AB
330
1B
100
AcDbEntity
  8
F.Silkscreen
  6
CONTINUOUS
100
AcDbLine
 10
132.0010089999999821
 20
-89.5595229999999987
 30
0
 11
132.0962470000000053
 21
-89.5119040000000012
 31
0
  0
LINE
  5
AC
330
1B
100
AcDbEntity
  8
F.Silkscreen
  6
CONTINUOUS
100
AcDbLine
 10
132.0962470000000053
 20
-89.5119040000000012
 30
0
 11
132.3343419999999924
 21
-89.5119040000000012
 31
0
  0
LINE
  5
AD
330
1B
100
AcDbEntity
  8
F.Silkscreen
  6
CONTINUOUS
100
AcDbLine
 10
132.3343419999999924
 20
-89.5119040000000012
 30
0
 11
132.4295799999999872
 21
-89.5595229999999987
 31
0
  0
LINE
  5
AE
330
1B
100
AcDbEntity
  8
F.Silkscreen
  6
CONTINUOUS
100
AcDbLine
 10
132.4295799999999872
 20
-89.5595229999999987
 30
0
 11
132.4771999999999821
 21
-89.6071419999999961
 31
0
  0
LINE
  5
AF
330
1B
100
AcDbEntity
  8
F.Silkscreen
  6
CONTINUOUS
100
AcDbLine
 10
132.4771999999999821
 20
-89.6071419999999961
 30
0
 11
132.5248190000000079
 21
-89.7023799999999909
 31
0
  0
LINE
  5
B0
330
1B
100
AcDbEntity
  8
F.Silkscreen
  6
CONTINUOUS
100
AcDbLine
 10
132.5248190000000079
 20
-89.7023799999999909
 30
0
 11
132.5248190000000079
 21
-89.9880939999999896
 31
0
  0
LINE
  5
B1
330
1B
100
AcDbEntity
  8
F.Silkscreen
  6
CONTINUOUS
100
AcDbLine
 10
132.5248190000000079
 20
-89.9880939999999896
 30
0
 11
132.4771999999999821
 21
-90.0833319999999986
 31
0
  0
LINE
  5
B2
330
1B
100
AcDbEntity
  8
F.Silkscreen
  6
CONTINUOUS
100
AcDbLine
 10
132.4771999999999821
 20
-90.0833319999999986
 30
0
 11
132.4295799999999872
 21
-90.130950999999996
 31
0
  0
LINE
  5
B3
330
1B
100
AcDbEntity
  8
F.Silkscreen
  6
CONTINUOUS
100
AcDbLine
 10
105.7548189999999977
 20
-128.6190469999999948
 30
0
 11
105.7548189999999977
 21
-129.0952369999999974
 31
0
  0
LINE
  5
B4
330
1B
100
AcDbEntity
  8
F.Silkscreen
  6
CONTINUOUS
100
AcDbLine
 10
105.7548189999999977
 20
-129.0952369999999974
 30
0
 11
104.7548189999999977
 21
-129.0952369999999974
 31
0
  0
LINE
  5
B5
330
1B
100
AcDbEntity
  8
F.Silkscreen
  6
CONTINUOUS
100
AcDbLine
 10
104.8500569999999925
 20
-128.3333319999999844
 30
0
 11
104.8024379999999951
 21
-128.285712999999987
 31
0
  0
LINE
  5
B6
330
1B
100
AcDbEntity
  8
F.Silkscreen
  6
CONTINUOUS
100
AcDbLine
 10
104.8024379999999951
 20
-128.285712999999987
 30
0
 11
104.7548189999999977
 21
-128.1904749999999922
 31
0
  0
LINE
  5
B7
330
1B
100
AcDbEntity
  8
F.Silkscreen
  6
CONTINUOUS
100
AcDbLine
 10
104.7548189999999977
 20
-128.1904749999999922
 30
0
 11
104.7548189999999977
 21
-127.9523799999999909
 31
0
  0
LINE
  5
B8
330
1B
100
AcDbEntity
  8
F.Silkscreen
  6
CONTINUOUS
100
AcDbLine
 10
104.7548189999999977
 20
-127.9523799999999909
 30
0
 11
104.8024379999999951
 21
-127.8571419999999961
 31
0
  0
LINE
  5
B9
330
1B
100
AcDbEntity
  8
F.Silkscreen
  6
CONTINUOUS
100
AcDbLine
 10
104.8024379999999951
 20
-127.8571419999999961
 30
0
 11
104.8500569999999925
 21
-127.8095229999999987
 31
0
  0
LINE
  5
BA
330
1B
100
AcDbEntity
  8
F.Silkscreen
  6
CONTINUOUS
100
AcDbLine
 10
104.8500569999999925
 20
-127.8095229999999987
 30
0
 11
104.9452950000000016
 21
-127.7619040000000012
 31
0
  0
LINE
  5
BB
330
1B
100
AcDbEntity
  8
F.Silkscreen
  6
CONTINUOUS
100
AcDbLine
 10
104.9452950000000016
 20
-127.7619040000000012
 30
0
 11
105.0405329999999964
 21
-127.7619040000000012
 31
0
  0
LINE
  5
BC
330
1B
100
AcDbEntity
  8
F.Silkscreen
  6
CONTINUOUS
100
AcDbLine
 10
105.0405329999999964
 20
-127.7619040000000012
 30
0
 11
105.1833899999999886
 21
-127.8095229999999987
 31
0
  0
LINE
  5
BD
330
1B
100
AcDbEntity
  8
F.Silkscreen
  6
CONTINUOUS
100
AcDbLine
 10
105.1833899999999886
 20
-127.8095229999999987
 30
0
 11
105.7548189999999977
 21
-128.3809509999999818
 31
0
  0
LINE
  5
BE
330
1B
100
AcDbEntity
  8
F.Silkscreen
  6
CONTINUOUS
100
AcDbLine
 10
105.7548189999999977
 20
-128.3809509999999818
 30
0
 11
105.7548189999999977
 21
-127.7619040000000012
 31
0
  0
LINE
  5
BF
330
1B
100
AcDbEntity
  8
F.Silkscreen
  6
CONTINUOUS
100
AcDbLine
 10
104.7548189999999977
 20
-127.1428559999999948
 30
0
 11
104.7548189999999977
 21
-127.0476179999999999
 31
0
  0
LINE
  5
C0
330
1B
100
AcDbEntity
  8
F.Silkscreen
  6
CONTINUOUS
100
AcDbLine
 10
104.7548189999999977
 20
-127.0476179999999999
 30
0
 11
104.8024379999999951
 21
-126.9523799999999909
 31
0
  0
LINE
  5
C1
330
1B
100
AcDbEntity
  8
F.Silkscreen
  6
CONTINUOUS
100
AcDbLine
 10
104.8024379999999951
 20
-126.9523799999999909
 30
0
 11
104.8500569999999925
 21
-126.9047609999999935
 31
0
  0
LINE
  5
C2
330
1B
100
AcDbEntity
  8
F.Silkscreen
  6
CONTINUOUS
100
AcDbLine
 10
104.8500569999999925
 20
-126.9047609999999935
 30
0
 11
104.9452950000000016
 21
-126.8571419999999961
 31
0
  0
LINE
  5
C3
330
1B
100
AcDbEntity
  8
F.Silkscreen
  6
CONTINUOUS
100
AcDbLine
 10
104.9452950000000016
 20
-126.8571419999999961
 30
0
 11
105.1357709999999912
 21
-126.8095229999999987
 31
0
  0
LINE
  5
C4
330
1B
100
AcDbEntity
  8
F.Silkscreen
  6
CONTINUOUS
100
AcDbLine
 10
105.1357709999999912
 20
-126.8095229999999987
 30
0
 11
105.3738659999999925
 21
-126.8095229999999987
 31
0
  0
LINE
  5
C5
330
1B
100
AcDbEntity
  8
F.Silkscreen
  6
CONTINUOUS
100
AcDbLine
 10
105.3738659999999925
 20
-126.8095229999999987
 30
0
 11
105.5643419999999963
 21
-126.8571419999999961
 31
0
  0
LINE
  5
C6
330
1B
100
AcDbEntity
  8
F.Silkscreen
  6
CONTINUOUS
100
AcDbLine
 10
105.5643419999999963
 20
-126.8571419999999961
 30
0
 11
105.6595799999999912
 21
-126.9047609999999935
 31
0
  0
LINE
  5
C7
330
1B
100
AcDbEntity
  8
F.Silkscreen
  6
CONTINUOUS
100
AcDbLine
 10
105.6595799999999912
 20
-126.9047609999999935
 30
0
 11
105.7072000000000003
 21
-126.9523799999999909
 31
0
  0
LINE
  5
C8
330
1B
100
AcDbEntity
  8
F.Silkscreen
  6
CONTINUOUS
100
AcDbLine
 10
105.7072000000000003
 20
-126.9523799999999909
 30
0
 11
105.7548189999999977
 21
-127.0476179999999999
 31
0
  0
LINE
  5
C9
330
1B
100
AcDbEntity
  8
F.Silkscreen
  6
CONTINUOUS
100
AcDbLine
 10
105.7548189999999977
 20
-127.0476179999999999
 30
0
 11
105.7548189999999977
 21
-127.1428559999999948
 31
0
  0
LINE
  5
CA
330
1B
100
AcDbEntity
  8
F.Silkscreen
  6
CONTINUOUS
100
AcDbLine
 10
105.7548189999999977
 20
-127.1428559999999948
 30
0
 11
105.7072000000000003
 21
-127.2380939999999896
 31
0
  0
LINE
  5
CB
330
1B
100
AcDbEntity
  8
F.Silkscreen
  6
CONTINUOUS
100
AcDbLine
 10
105.7072000000000003
 20
-127.2380939999999896
 30
0
 11
105.6595799999999912
 21
-127.2857130000000012
 31
0
  0
LINE
  5
CC
330
1B
100
AcDbEntity
  8
F.Silkscreen
  6
CONTINUOUS
100
AcDbLine
 10
105.6595799999999912
 20
-127.2857130000000012
 30
0
 11
105.5643419999999963
 21
-127.3333319999999986
 31
0
  0
LINE
  5
CD
330
1B
100
AcDbEntity
  8
F.Silkscreen
  6
CONTINUOUS
100
AcDbLine
 10
105.5643419999999963
 20
-127.3333319999999986
 30
0
 11
105.3738659999999925
 21
-127.380950999999996
 31
0
  0
LINE
  5
CE
330
1B
100
AcDbEntity
  8
F.Silkscreen
  6
CONTINUOUS
100
AcDbLine
 10
105.3738659999999925
 20
-127.380950999999996
 30
0
 11
105.1357709999999912
 21
-127.380950999999996
 31
0
  0
LINE
  5
CF
330
1B
100
AcDbEntity
  8
F.Silkscreen
  6
CONTINUOUS
100
AcDbLine
 10
105.1357709999999912
 20
-127.380950999999996
 30
0
 11
104.9452950000000016
 21
-127.3333319999999986
 31
0
  0
LINE
  5
D0
330
1B
100
AcDbEntity
  8
F.Silkscreen
  6
CONTINUOUS
100
AcDbLine
 10
104.9452950000000016
 20
-127.3333319999999986
 30
0
 11
104.8500569999999925
 21
-127.2857130000000012
 31
0
  0
LINE
  5
D1
330
1B
100
AcDbEntity
  8
F.Silkscreen
  6
CONTINUOUS
100
AcDbLine
 10
104.8500569999999925
 20
-127.2857130000000012
 30
0
 11
104.8024379999999951
 21
-127.2380939999999896
 31
0
  0
LINE
  5
D2
330
1B
100
AcDbEntity
  8
F.Silkscreen
  6
CONTINUOUS
100
AcDbLine
 10
104.8024379999999951
 20
-127.2380939999999896
 30
0
 11
104.7548189999999977
 21
-127.1428559999999948
 31
0
  0
LINE
  5
D3
330
1B
100
AcDbEntity
  8
F.Silkscreen
  6
CONTINUOUS
100
AcDbLine
 10
104.8500569999999925
 20
-126.4285699999999935
 30
0
 11
104.8024379999999951
 21
-126.380950999999996
 31
0
  0
LINE
  5
D4
330
1B
100
AcDbEntity
  8
F.Silkscreen
  6
CONTINUOUS
100
AcDbLine
 10
104.8024379999999951
 20
-126.380950999999996
 30
0
 11
104.7548189999999977
 21
-126.2857130000000012
 31
0
  0
LINE
  5
D5
330
1B
100
AcDbEntity
  8
F.Silkscreen
  6
CONTINUOUS
100
AcDbLine
 10
104.7548189999999977
 20
-126.2857130000000012
 30
0
 11
104.7548189999999977
 21
-126.0476179999999999
 31
0
  0
LINE
  5
D6
330
1B
100
AcDbEntity
  8
F.Silkscreen
  6
CONTINUOUS
100
AcDbLine
 10
104.7548189999999977
 20
-126.0476179999999999
 30
0
 11
104.8024379999999951
 21
-125.9523799999999909
 31
0
  0
LINE
  5
D7
330
1B
100
AcDbEntity
  8
F.Silkscreen
  6
CONTINUOUS
100
AcDbLine
 10
104.8024379999999951
 20
-125.9523799999999909
 30
0
 11
104.8500569999999925
 21
-125.9047609999999935
 31
0
  0
LINE
  5
D8
330
1B
100
AcDbEntity
  8
F.Silkscreen
  6
CONTINUOUS
100
AcDbLine
 10
104.8500569999999925
 20
-125.9047609999999935
 30
0
 11
104.9452950000000016
 21
-125.8571419999999961
 31
0
  0
LINE
  5
D9
330
1B
100
AcDbEntity
  8
F.Silkscreen
  6
CONTINUOUS
100
AcDbLine
 10
104.9452950000000016
 20
-125.8571419999999961
 30
0
 11
105.0405329999999964
 21
-125.8571419999999961
 31
0
  0
LINE
  5
DA
330
1B
100
AcDbEntity
  8
F.Silkscreen
  6
CONTINUOUS
100
AcDbLine
 10
105.0405329999999964
 20
-125.8571419999999961
 30
0
 11
105.1833899999999886
 21
-125.9047609999999935
 31
0
  0
LINE
  5
DB
330
1B
100
AcDbEntity
  8
F.Silkscreen
  6
CONTINUOUS
100
AcDbLine
 10
105.1833899999999886
 20
-125.9047609999999935
 30
0
 11
105.7548189999999977
 21
-126.4761889999999909
 31
0
  0
LINE
  5
DC
330
1B
100
AcDbEntity
  8
F.Silkscreen
  6
CONTINUOUS
100
AcDbLine
 10
105.7548189999999977
 20
-126.4761889999999909
 30
0
 11
105.7548189999999977
 21
-125.8571419999999961
 31
0
  0
LINE
  5
DD
330
1B
100
AcDbEntity
  8
F.Silkscreen
  6
CONTINUOUS
100
AcDbLine
 10
87.8009519999999952
 20
-50.7098179999999985
 30
0
 11
87.4676189999999991
 21
-50.2336269999999985
 31
0
  0
LINE
  5
DE
330
1B
100
AcDbEntity
  8
F.Silkscreen
  6
CONTINUOUS
100
AcDbLine
 10
87.2295239999999978
 20
-50.7098179999999985
 30
0
 11
87.2295239999999978
 21
-49.7098179999999985
 31
0
  0
LINE
  5
DF
330
1B
100
AcDbEntity
  8
F.Silkscreen
  6
CONTINUOUS
100
AcDbLine
 10
87.2295239999999978
 20
-49.7098179999999985
 30
0
 11
87.6104759999999914
 21
-49.7098179999999985
 31
0
  0
LINE
  5
E0
330
1B
100
AcDbEntity
  8
F.Silkscreen
  6
CONTINUOUS
100
AcDbLine
 10
87.6104759999999914
 20
-49.7098179999999985
 30
0
 11
87.7057140000000004
 21
-49.7574369999999959
 31
0
  0
LINE
  5
E1
330
1B
100
AcDbEntity
  8
F.Silkscreen
  6
CONTINUOUS
100
AcDbLine
 10
87.7057140000000004
 20
-49.7574369999999959
 30
0
 11
87.7533329999999978
 21
-49.8050560000000004
 31
0
  0
LINE
  5
E2
330
1B
100
AcDbEntity
  8
F.Silkscreen
  6
CONTINUOUS
100
AcDbLine
 10
87.7533329999999978
 20
-49.8050560000000004
 30
0
 11
87.8009519999999952
 21
-49.9002939999999953
 31
0
  0
LINE
  5
E3
330
1B
100
AcDbEntity
  8
F.Silkscreen
  6
CONTINUOUS
100
AcDbLine
 10
87.8009519999999952
 20
-49.9002939999999953
 30
0
 11
87.8009519999999952
 21
-50.0431509999999946
 31
0
  0
LINE
  5
E4
330
1B
100
AcDbEntity
  8
F.Silkscreen
  6
CONTINUOUS
100
AcDbLine
 10
87.8009519999999952
 20
-50.0431509999999946
 30
0
 11
87.7533329999999978
 21
-50.1383889999999965
 31
0
  0
LINE
  5
E5
330
1B
100
AcDbEntity
  8
F.Silkscreen
  6
CONTINUOUS
100
AcDbLine
 10
87.7533329999999978
 20
-50.1383889999999965
 30
0
 11
87.7057140000000004
 21
-50.1860080000000011
 31
0
  0
LINE
  5
E6
330
1B
100
AcDbEntity
  8
F.Silkscreen
  6
CONTINUOUS
100
AcDbLine
 10
87.7057140000000004
 20
-50.1860080000000011
 30
0
 11
87.6104759999999914
 21
-50.2336269999999985
 31
0
  0
LINE
  5
E7
330
1B
100
AcDbEntity
  8
F.Silkscreen
  6
CONTINUOUS
100
AcDbLine
 10
87.6104759999999914
 20
-50.2336269999999985
 30
0
 11
87.2295239999999978
 21
-50.2336269999999985
 31
0
  0
LINE
  5
E8
330
1B
100
AcDbEntity
  8
F.Silkscreen
  6
CONTINUOUS
100
AcDbLine
 10
88.7533329999999978
 20
-50.7098179999999985
 30
0
 11
88.1819050000000004
 21
-50.7098179999999985
 31
0
  0
LINE
  5
E9
330
1B
100
AcDbEntity
  8
F.Silkscreen
  6
CONTINUOUS
100
AcDbLine
 10
88.4676189999999991
 20
-50.7098179999999985
 30
0
 11
88.4676189999999991
 21
-49.7098179999999985
 31
0
  0
LINE
  5
EA
330
1B
100
AcDbEntity
  8
F.Silkscreen
  6
CONTINUOUS
100
AcDbLine
 10
88.4676189999999991
 20
-49.7098179999999985
 30
0
 11
88.3723809999999901
 21
-49.8526749999999979
 31
0
  0
LINE
  5
EB
330
1B
100
AcDbEntity
  8
F.Silkscreen
  6
CONTINUOUS
100
AcDbLine
 10
88.3723809999999901
 20
-49.8526749999999979
 30
0
 11
88.2771429999999953
 21
-49.9479129999999998
 31
0
  0
LINE
  5
EC
330
1B
100
AcDbEntity
  8
F.Silkscreen
  6
CONTINUOUS
100
AcDbLine
 10
88.2771429999999953
 20
-49.9479129999999998
 30
0
 11
88.1819050000000004
 21
-49.9955319999999972
 31
0
  0
LINE
  5
ED
330
1B
100
AcDbEntity
  8
F.Silkscreen
  6
CONTINUOUS
100
AcDbLine
 10
89.3723809999999901
 20
-49.7098179999999985
 30
0
 11
89.4676189999999991
 21
-49.7098179999999985
 31
0
  0
LINE
  5
EE
330
1B
100
AcDbEntity
  8
F.Silkscreen
  6
CONTINUOUS
100
AcDbLine
 10
89.4676189999999991
 20
-49.7098179999999985
 30
0
 11
89.5628569999999939
 21
-49.7574369999999959
 31
0
  0
LINE
  5
EF
330
1B
100
AcDbEntity
  8
F.Silkscreen
  6
CONTINUOUS
100
AcDbLine
 10
89.5628569999999939
 20
-49.7574369999999959
 30
0
 11
89.6104759999999914
 21
-49.8050560000000004
 31
0
  0
LINE
  5
F0
330
1B
100
AcDbEntity
  8
F.Silkscreen
  6
CONTINUOUS
100
AcDbLine
 10
89.6104759999999914
 20
-49.8050560000000004
 30
0
 11
89.658095000000003
 21
-49.9002939999999953
 31
0
  0
LINE
  5
F1
330
1B
100
AcDbEntity
  8
F.Silkscreen
  6
CONTINUOUS
100
AcDbLine
 10
89.658095000000003
 20
-49.9002939999999953
 30
0
 11
89.7057140000000004
 21
-50.0907699999999991
 31
0
  0
LINE
  5
F2
330
1B
100
AcDbEntity
  8
F.Silkscreen
  6
CONTINUOUS
100
AcDbLine
 10
89.7057140000000004
 20
-50.0907699999999991
 30
0
 11
89.7057140000000004
 21
-50.3288650000000004
 31
0
  0
LINE
  5
F3
330
1B
100
AcDbEntity
  8
F.Silkscreen
  6
CONTINUOUS
100
AcDbLine
 10
89.7057140000000004
 20
-50.3288650000000004
 30
0
 11
89.658095000000003
 21
-50.5193409999999972
 31
0
  0
LINE
  5
F4
330
1B
100
AcDbEntity
  8
F.Silkscreen
  6
CONTINUOUS
100
AcDbLine
 10
89.658095000000003
 20
-50.5193409999999972
 30
0
 11
89.6104759999999914
 21
-50.6145789999999991
 31
0
  0
LINE
  5
F5
330
1B
100
AcDbEntity
  8
F.Silkscreen
  6
CONTINUOUS
100
AcDbLine
 10
89.6104759999999914
 20
-50.6145789999999991
 30
0
 11
89.5628569999999939
 21
-50.6621990000000011
 31
0
  0
LINE
  5
F6
330
1B
100
AcDbEntity
  8
F.Silkscreen
  6
CONTINUOUS
100
AcDbLine
 10
89.5628569999999939
 20
-50.6621990000000011
 30
0
 11
89.4676189999999991
 21
-50.7098179999999985
 31
0
  0
LINE
  5
F7
330
1B
100
AcDbEntity
  8
F.Silkscreen
  6
CONTINUOUS
100
AcDbLine
 10
89.4676189999999991
 20
-50.7098179999999985
 30
0
 11
89.3723809999999901
 21
-50.7098179999999985
 31
0
  0
LINE
  5
F8
330
1B
100
AcDbEntity
  8
F.Silkscreen
  6
CONTINUOUS
100
AcDbLine
 10
89.3723809999999901
 20
-50.7098179999999985
 30
0
 11
89.2771429999999953
 21
-50.6621990000000011
 31
0
  0
LINE
  5
F9
330
1B
100
AcDbEntity
  8
F.Silkscreen
  6
CONTINUOUS
100
AcDbLine
 10
89.2771429999999953
 20
-50.6621990000000011
 30
0
 11
89.2295239999999978
 21
-50.6145789999999991
 31
0
  0
LINE
  5
FA
330
1B
100
AcDbEntity
  8
F.Silkscreen
  6
CONTINUOUS
100
AcDbLine
 10
89.2295239999999978
 20
-50.6145789999999991
 30
0
 11
89.1819050000000004
 21
-50.5193409999999972
 31
0
  0
LINE
  5
FB
330
1B
100
AcDbEntity
  8
F.Silkscreen
  6
CONTINUOUS
100
AcDbLine
 10
89.1819050000000004
 20
-50.5193409999999972
 30
0
 11
89.134286000000003
 21
-50.3288650000000004
 31
0
  0
LINE
  5
FC
330
1B
100
AcDbEntity
  8
F.Silkscreen
  6
CONTINUOUS
100
AcDbLine
 10
89.134286000000003
 20
-50.3288650000000004
 30
0
 11
89.134286000000003
 21
-50.0907699999999991
 31
0
  0
LINE
  5
FD
330
1B
100
AcDbEntity
  8
F.Silkscreen
  6
CONTINUOUS
100
AcDbLine
 10
89.134286000000003
 20
-50.0907699999999991
 30
0
 11
89.1819050000000004
 21
-49.9002939999999953
 31
0
  0
LINE
  5
FE
330
1B
100
AcDbEntity
  8
F.Silkscreen
  6
CONTINUOUS
100
AcDbLine
 10
89.1819050000000004
 20
-49.9002939999999953
 30
0
 11
89.2295239999999978
 21
-49.8050560000000004
 31
0
  0
LINE
  5
FF
330
1B
100
AcDbEntity
  8
F.Silkscreen
  6
CONTINUOUS
100
AcDbLine
 10
89.2295239999999978
 20
-49.8050560000000004
 30
0
 11
89.2771429999999953
 21
-49.7574369999999959
 31
0
  0
LINE
  5
100
330
1B
100
AcDbEntity
  8
F.Silkscreen
  6
CONTINUOUS
100
AcDbLine
 10
89.2771429999999953
 20
-49.7574369999999959
 30
0
 11
89.3723809999999901
 21
-49.7098179999999985
 31
0
  0
LINE
  5
101
330
1B
100
AcDbEntity
  8
F.Silkscreen
  6
CONTINUOUS
100
AcDbLine
 10
90.658095000000003
 20
-50.7098179999999985
 30
0
 11
90.0866669999999914
 21
-50.7098179999999985
 31
0
  0
LINE
  5
102
330
1B
100
AcDbEntity
  8
F.Silkscreen
  6
CONTINUOUS
100
AcDbLine
 10
90.3723809999999901
 20
-50.7098179999999985
 30
0
 11
90.3723809999999901
 21
-49.7098179999999985
 31
0
  0
LINE
  5
103
330
1B
100
AcDbEntity
  8
F.Silkscreen
  6
CONTINUOUS
100
AcDbLine
 10
90.3723809999999901
 20
-49.7098179999999985
 30
0
 11
90.2771429999999953
 21
-49.8526749999999979
 31
0
  0
LINE
  5
104
330
1B
100
AcDbEntity
  8
F.Silkscreen
  6
CONTINUOUS
100
AcDbLine
 10
90.2771429999999953
 20
-49.8526749999999979
 30
0
 11
90.1819050000000004
 21
-49.9479129999999998
 31
0
  0
LINE
  5
105
330
1B
100
AcDbEntity
  8
F.Silkscreen
  6
CONTINUOUS
100
AcDbLine
 10
90.1819050000000004
 20
-49.9479129999999998
 30
0
 11
90.0866669999999914
 21
-49.9955319999999972
 31
0
  0
LINE
  5
106
330
1B
100
AcDbEntity
  8
F.Silkscreen
  6
CONTINUOUS
100
AcDbLine
 10
87.6348189999999931
 20
-93.1190469999999948
 30
0
 11
87.1586279999999931
 21
-93.4523799999999909
 31
0
  0
LINE
  5
107
330
1B
100
AcDbEntity
  8
F.Silkscreen
  6
CONTINUOUS
100
AcDbLine
 10
87.6348189999999931
 20
-93.6904749999999922
 30
0
 11
86.6348189999999931
 21
-93.6904749999999922
 31
0
  0
LINE
  5
108
330
1B
100
AcDbEntity
  8
F.Silkscreen
  6
CONTINUOUS
100
AcDbLine
 10
86.6348189999999931
 20
-93.6904749999999922
 30
0
 11
86.6348189999999931
 21
-93.3095229999999987
 31
0
  0
LINE
  5
109
330
1B
100
AcDbEntity
  8
F.Silkscreen
  6
CONTINUOUS
100
AcDbLine
 10
86.6348189999999931
 20
-93.3095229999999987
 30
0
 11
86.6824379999999906
 21
-93.2142849999999896
 31
0
  0
LINE
  5
10A
330
1B
100
AcDbEntity
  8
F.Silkscreen
  6
CONTINUOUS
100
AcDbLine
 10
86.6824379999999906
 20
-93.2142849999999896
 30
0
 11
86.7300570000000022
 21
-93.1666659999999922
 31
0
  0
LINE
  5
10B
330
1B
100
AcDbEntity
  8
F.Silkscreen
  6
CONTINUOUS
100
AcDbLine
 10
86.7300570000000022
 20
-93.1666659999999922
 30
0
 11
86.825294999999997
 21
-93.1190469999999948
 31
0
  0
LINE
  5
10C
330
1B
100
AcDbEntity
  8
F.Silkscreen
  6
CONTINUOUS
100
AcDbLine
 10
86.825294999999997
 20
-93.1190469999999948
 30
0
 11
86.9681519999999892
 21
-93.1190469999999948
 31
0
  0
LINE
  5
10D
330
1B
100
AcDbEntity
  8
F.Silkscreen
  6
CONTINUOUS
100
AcDbLine
 10
86.9681519999999892
 20
-93.1190469999999948
 30
0
 11
87.0633899999999983
 21
-93.1666659999999922
 31
0
  0
LINE
  5
10E
330
1B
100
AcDbEntity
  8
F.Silkscreen
  6
CONTINUOUS
100
AcDbLine
 10
87.0633899999999983
 20
-93.1666659999999922
 30
0
 11
87.1110089999999957
 21
-93.2142849999999896
 31
0
  0
LINE
  5
10F
330
1B
100
AcDbEntity
  8
F.Silkscreen
  6
CONTINUOUS
100
AcDbLine
 10
87.1110089999999957
 20
-93.2142849999999896
 30
0
 11
87.1586279999999931
 21
-93.3095229999999987
 31
0
  0
LINE
  5
110
330
1B
100
AcDbEntity
  8
F.Silkscreen
  6
CONTINUOUS
100
AcDbLine
 10
87.1586279999999931
 20
-93.3095229999999987
 30
0
 11
87.1586279999999931
 21
-93.6904749999999922
 31
0
  0
LINE
  5
111
330
1B
100
AcDbEntity
  8
F.Silkscreen
  6
CONTINUOUS
100
AcDbLine
 10
86.7300570000000022
 20
-92.7380939999999896
 30
0
 11
86.6824379999999906
 21
-92.6904749999999922
 31
0
  0
LINE
  5
112
330
1B
100
AcDbEntity
  8
F.Silkscreen
  6
CONTINUOUS
100
AcDbLine
 10
86.6824379999999906
 20
-92.6904749999999922
 30
0
 11
86.6348189999999931
 21
-92.5952369999999974
 31
0
  0
LINE
  5
113
330
1B
100
AcDbEntity
  8
F.Silkscreen
  6
CONTINUOUS
100
AcDbLine
 10
86.6348189999999931
 20
-92.5952369999999974
 30
0
 11
86.6348189999999931
 21
-92.3571419999999961
 31
0
  0
LINE
  5
114
330
1B
100
AcDbEntity
  8
F.Silkscreen
  6
CONTINUOUS
100
AcDbLine
 10
86.6348189999999931
 20
-92.3571419999999961
 30
0
 11
86.6824379999999906
 21
-92.2619040000000012
 31
0
  0
LINE
  5
115
330
1B
100
AcDbEntity
  8
F.Silkscreen
  6
CONTINUOUS
100
AcDbLine
 10
86.6824379999999906
 20
-92.2619040000000012
 30
0
 11
86.7300570000000022
 21
-92.2142849999999896
 31
0
  0
LINE
  5
116
330
1B
100
AcDbEntity
  8
F.Silkscreen
  6
CONTINUOUS
100
AcDbLine
 10
86.7300570000000022
 20
-92.2142849999999896
 30
0
 11
86.825294999999997
 21
-92.1666659999999922
 31
0
  0
LINE
  5
117
330
1B
100
AcDbEntity
  8
F.Silkscreen
  6
CONTINUOUS
100
AcDbLine
 10
86.825294999999997
 20
-92.1666659999999922
 30
0
 11
86.9205329999999918
 21
-92.1666659999999922
 31
0
  0
LINE
  5
118
330
1B
100
AcDbEntity
  8
F.Silkscreen
  6
CONTINUOUS
100
AcDbLine
 10
86.9205329999999918
 20
-92.1666659999999922
 30
0
 11
87.0633899999999983
 21
-92.2142849999999896
 31
0
  0
LINE
  5
119
330
1B
100
AcDbEntity
  8
F.Silkscreen
  6
CONTINUOUS
100
AcDbLine
 10
87.0633899999999983
 20
-92.2142849999999896
 30
0
 11
87.6348189999999931
 21
-92.7857130000000012
 31
0
  0
LINE
  5
11A
330
1B
100
AcDbEntity
  8
F.Silkscreen
  6
CONTINUOUS
100
AcDbLine
 10
87.6348189999999931
 20
-92.7857130000000012
 30
0
 11
87.6348189999999931
 21
-92.1666659999999922
 31
0
  0
LINE
  5
11B
330
1B
100
AcDbEntity
  8
F.Silkscreen
  6
CONTINUOUS
100
AcDbLine
 10
86.6348189999999931
 20
-91.5476179999999999
 30
0
 11
86.6348189999999931
 21
-91.4523799999999909
 31
0
  0
LINE
  5
11C
330
1B
100
AcDbEntity
  8
F.Silkscreen
  6
CONTINUOUS
100
AcDbLine
 10
86.6348189999999931
 20
-91.4523799999999909
 30
0
 11
86.6824379999999906
 21
-91.3571419999999961
 31
0
  0
LINE
  5
11D
330
1B
100
AcDbEntity
  8
F.Silkscreen
  6
CONTINUOUS
100
AcDbLine
 10
86.6824379999999906
 20
-91.3571419999999961
 30
0
 11
86.7300570000000022
 21
-91.3095229999999987
 31
0
  0
LINE
  5
11E
330
1B
100
AcDbEntity
  8
F.Silkscreen
  6
CONTINUOUS
100
AcDbLine
 10
86.7300570000000022
 20
-91.3095229999999987
 30
0
 11
86.825294999999997
 21
-91.2619040000000012
 31
0
  0
LINE
  5
11F
330
1B
100
AcDbEntity
  8
F.Silkscreen
  6
CONTINUOUS
100
AcDbLine
 10
86.825294999999997
 20
-91.2619040000000012
 30
0
 11
87.0157710000000009
 21
-91.2142849999999896
 31
0
  0
LINE
  5
120
330
1B
100
AcDbEntity
  8
F.Silkscreen
  6
CONTINUOUS
100
AcDbLine
 10
87.0157710000000009
 20
-91.2142849999999896
 30
0
 11
87.2538660000000021
 21
-91.2142849999999896
 31
0
  0
LINE
  5
121
330
1B
100
AcDbEntity
  8
F.Silkscreen
  6
CONTINUOUS
100
AcDbLine
 10
87.2538660000000021
 20
-91.2142849999999896
 30
0
 11
87.4443419999999918
 21
-91.2619040000000012
 31
0
  0
LINE
  5
122
330
1B
100
AcDbEntity
  8
F.Silkscreen
  6
CONTINUOUS
100
AcDbLine
 10
87.4443419999999918
 20
-91.2619040000000012
 30
0
 11
87.5395800000000008
 21
-91.3095229999999987
 31
0
  0
LINE
  5
123
330
1B
100
AcDbEntity
  8
F.Silkscreen
  6
CONTINUOUS
100
AcDbLine
 10
87.5395800000000008
 20
-91.3095229999999987
 30
0
 11
87.5871999999999957
 21
-91.3571419999999961
 31
0
  0
LINE
  5
124
330
1B
100
AcDbEntity
  8
F.Silkscreen
  6
CONTINUOUS
100
AcDbLine
 10
87.5871999999999957
 20
-91.3571419999999961
 30
0
 11
87.6348189999999931
 21
-91.4523799999999909
 31
0
  0
LINE
  5
125
330
1B
100
AcDbEntity
  8
F.Silkscreen
  6
CONTINUOUS
100
AcDbLine
 10
87.6348189999999931
 20
-91.4523799999999909
 30
0
 11
87.6348189999999931
 21
-91.5476179999999999
 31
0
  0
LINE
  5
126
330
1B
100
AcDbEntity
  8
F.Silkscreen
  6
CONTINUOUS
100
AcDbLine
 10
87.6348189999999931
 20
-91.5476179999999999
 30
0
 11
87.5871999999999957
 21
-91.6428559999999948
 31
0
  0
LINE
  5
127
330
1B
100
AcDbEntity
  8
F.Silkscreen
  6
CONTINUOUS
100
AcDbLine
 10
87.5871999999999957
 20
-91.6428559999999948
 30
0
 11
87.5395800000000008
 21
-91.6904749999999922
 31
0
  0
LINE
  5
128
330
1B
100
AcDbEntity
  8
F.Silkscreen
  6
CONTINUOUS
100
AcDbLine
 10
87.5395800000000008
 20
-91.6904749999999922
 30
0
 11
87.4443419999999918
 21
-91.7380939999999896
 31
0
  0
LINE
  5
129
330
1B
100
AcDbEntity
  8
F.Silkscreen
  6
CONTINUOUS
100
AcDbLine
 10
87.4443419999999918
 20
-91.7380939999999896
 30
0
 11
87.2538660000000021
 21
-91.7857130000000012
 31
0
  0
LINE
  5
12A
330
1B
100
AcDbEntity
  8
F.Silkscreen
  6
CONTINUOUS
100
AcDbLine
 10
87.2538660000000021
 20
-91.7857130000000012
 30
0
 11
87.0157710000000009
 21
-91.7857130000000012
 31
0
  0
LINE
  5
12B
330
1B
100
AcDbEntity
  8
F.Silkscreen
  6
CONTINUOUS
100
AcDbLine
 10
87.0157710000000009
 20
-91.7857130000000012
 30
0
 11
86.825294999999997
 21
-91.7380939999999896
 31
0
  0
LINE
  5
12C
330
1B
100
AcDbEntity
  8
F.Silkscreen
  6
CONTINUOUS
100
AcDbLine
 10
86.825294999999997
 20
-91.7380939999999896
 30
0
 11
86.7300570000000022
 21
-91.6904749999999922
 31
0
  0
LINE
  5
12D
330
1B
100
AcDbEntity
  8
F.Silkscreen
  6
CONTINUOUS
100
AcDbLine
 10
86.7300570000000022
 20
-91.6904749999999922
 30
0
 11
86.6824379999999906
 21
-91.6428559999999948
 31
0
  0
LINE
  5
12E
330
1B
100
AcDbEntity
  8
F.Silkscreen
  6
CONTINUOUS
100
AcDbLine
 10
86.6824379999999906
 20
-91.6428559999999948
 30
0
 11
86.6348189999999931
 21
-91.5476179999999999
 31
0
  0
LINE
  5
12F
330
1B
100
AcDbEntity
  8
F.Silkscreen
  6
CONTINUOUS
100
AcDbLine
 10
87.6348189999999931
 20
-90.2619040000000012
 30
0
 11
87.6348189999999931
 21
-90.8333319999999986
 31
0
  0
LINE
  5
130
330
1B
100
AcDbEntity
  8
F.Silkscreen
  6
CONTINUOUS
100
AcDbLine
 10
87.6348189999999931
 20
-90.5476179999999999
 30
0
 11
86.6348189999999931
 21
-90.5476179999999999
 31
0
  0
LINE
  5
131
330
1B
100
AcDbEntity
  8
F.Silkscreen
  6
CONTINUOUS
100
AcDbLine
 10
86.6348189999999931
 20
-90.5476179999999999
 30
0
 11
86.7776759999999996
 21
-90.6428559999999948
 31
0
  0
LINE
  5
132
330
1B
100
AcDbEntity
  8
F.Silkscreen
  6
CONTINUOUS
100
AcDbLine
 10
86.7776759999999996
 20
-90.6428559999999948
 30
0
 11
86.8729139999999944
 21
-90.7380939999999896
 31
0
  0
LINE
  5
133
330
1B
100
AcDbEntity
  8
F.Silkscreen
  6
CONTINUOUS
100
AcDbLine
 10
86.8729139999999944
 20
-90.7380939999999896
 30
0
 11
86.9205329999999918
 21
-90.8333319999999986
 31
0
  0
LINE
  5
134
330
1B
100
AcDbEntity
  8
F.Silkscreen
  6
CONTINUOUS
100
AcDbLine
 10
194.5348189999999988
 20
-57.2083319999999986
 30
0
 11
195.2491039999999884
 21
-57.2083319999999986
 31
0
  0
LINE
  5
135
330
1B
100
AcDbEntity
  8
F.Silkscreen
  6
CONTINUOUS
100
AcDbLine
 10
195.2491039999999884
 20
-57.2083319999999986
 30
0
 11
195.3919609999999807
 21
-57.255950999999996
 31
0
  0
LINE
  5
136
330
1B
100
AcDbEntity
  8
F.Silkscreen
  6
CONTINUOUS
100
AcDbLine
 10
195.3919609999999807
 20
-57.255950999999996
 30
0
 11
195.4872000000000014
 21
-57.351188999999998
 31
0
  0
LINE
  5
137
330
1B
100
AcDbEntity
  8
F.Silkscreen
  6
CONTINUOUS
100
AcDbLine
 10
195.4872000000000014
 20
-57.351188999999998
 30
0
 11
195.5348189999999988
 21
-57.4940459999999973
 31
0
  0
LINE
  5
138
330
1B
100
AcDbEntity
  8
F.Silkscreen
  6
CONTINUOUS
100
AcDbLine
 10
195.5348189999999988
 20
-57.4940459999999973
 30
0
 11
195.5348189999999988
 21
-57.5892839999999993
 31
0
  0
LINE
  5
139
330
1B
100
AcDbEntity
  8
F.Silkscreen
  6
CONTINUOUS
100
AcDbLine
 10
194.6300569999999936
 20
-56.779759999999996
 30
0
 11
194.5824379999999962
 21
-56.7321409999999986
 31
0
  0
LINE
  5
13A
330
1B
100
AcDbEntity
  8
F.Silkscreen
  6
CONTINUOUS
100
AcDbLine
 10
194.5824379999999962
 20
-56.7321409999999986
 30
0
 11
194.5348189999999988
 21
-56.6369029999999967
 31
0
  0
LINE
  5
13B
330
1B
100
AcDbEntity
  8
F.Silkscreen
  6
CONTINUOUS
100
AcDbLine
 10
194.5348189999999988
 20
-56.6369029999999967
 30
0
 11
194.5348189999999988
 21
-56.3988079999999954
 31
0
  0
LINE
  5
13C
330
1B
100
AcDbEntity
  8
F.Silkscreen
  6
CONTINUOUS
100
AcDbLine
 10
194.5348189999999988
 20
-56.3988079999999954
 30
0
 11
194.5824379999999962
 21
-56.3035700000000006
 31
0
  0
LINE
  5
13D
330
1B
100
AcDbEntity
  8
F.Silkscreen
  6
CONTINUOUS
100
AcDbLine
 10
194.5824379999999962
 20
-56.3035700000000006
 30
0
 11
194.6300569999999936
 21
-56.255950999999996
 31
0
  0
LINE
  5
13E
330
1B
100
AcDbEntity
  8
F.Silkscreen
  6
CONTINUOUS
100
AcDbLine
 10
194.6300569999999936
 20
-56.255950999999996
 30
0
 11
194.7252949999999885
 21
-56.2083319999999986
 31
0
  0
LINE
  5
13F
330
1B
100
AcDbEntity
  8
F.Silkscreen
  6
CONTINUOUS
100
AcDbLine
 10
194.7252949999999885
 20
-56.2083319999999986
 30
0
 11
194.8205329999999833
 21
-56.2083319999999986
 31
0
  0
LINE
  5
140
330
1B
100
AcDbEntity
  8
F.Silkscreen
  6
CONTINUOUS
100
AcDbLine
 10
194.8205329999999833
 20
-56.2083319999999986
 30
0
 11
194.963390000000004
 21
-56.255950999999996
 31
0
  0
LINE
  5
141
330
1B
100
AcDbEntity
  8
F.Silkscreen
  6
CONTINUOUS
100
AcDbLine
 10
194.963390000000004
 20
-56.255950999999996
 30
0
 11
195.5348189999999988
 21
-56.8273790000000005
 31
0
  0
LINE
  5
142
330
1B
100
AcDbEntity
  8
F.Silkscreen
  6
CONTINUOUS
100
AcDbLine
 10
195.5348189999999988
 20
-56.8273790000000005
 30
0
 11
195.5348189999999988
 21
-56.2083319999999986
 31
0
  0
LINE
  5
143
330
1B
100
AcDbEntity
  8
F.Silkscreen
  6
CONTINUOUS
100
AcDbLine
 10
97.2495799999999946
 20
-92.3690469999999948
 30
0
 11
97.2971999999999895
 21
-92.4166659999999922
 31
0
  0
LINE
  5
144
330
1B
100
AcDbEntity
  8
F.Silkscreen
  6
CONTINUOUS
100
AcDbLine
 10
97.2971999999999895
 20
-92.4166659999999922
 30
0
 11
97.3448190000000011
 21
-92.5595229999999987
 31
0
  0
LINE
  5
145
330
1B
100
AcDbEntity
  8
F.Silkscreen
  6
CONTINUOUS
100
AcDbLine
 10
97.3448190000000011
 20
-92.5595229999999987
 30
0
 11
97.3448190000000011
 21
-92.6547609999999935
 31
0
  0
LINE
  5
146
330
1B
100
AcDbEntity
  8
F.Silkscreen
  6
CONTINUOUS
100
AcDbLine
 10
97.3448190000000011
 20
-92.6547609999999935
 30
0
 11
97.2971999999999895
 21
-92.7976179999999999
 31
0
  0
LINE
  5
147
330
1B
100
AcDbEntity
  8
F.Silkscreen
  6
CONTINUOUS
100
AcDbLine
 10
97.2971999999999895
 20
-92.7976179999999999
 30
0
 11
97.2019609999999972
 21
-92.8928559999999948
 31
0
  0
LINE
  5
148
330
1B
100
AcDbEntity
  8
F.Silkscreen
  6
CONTINUOUS
100
AcDbLine
 10
97.2019609999999972
 20
-92.8928559999999948
 30
0
 11
97.1067230000000023
 21
-92.9404749999999922
 31
0
  0
LINE
  5
149
330
1B
100
AcDbEntity
  8
F.Silkscreen
  6
CONTINUOUS
100
AcDbLine
 10
97.1067230000000023
 20
-92.9404749999999922
 30
0
 11
96.9162469999999985
 21
-92.9880939999999896
 31
0
  0
LINE
  5
14A
330
1B
100
AcDbEntity
  8
F.Silkscreen
  6
CONTINUOUS
100
AcDbLine
 10
96.9162469999999985
 20
-92.9880939999999896
 30
0
 11
96.773389999999992
 21
-92.9880939999999896
 31
0
  0
LINE
  5
14B
330
1B
100
AcDbEntity
  8
F.Silkscreen
  6
CONTINUOUS
100
AcDbLine
 10
96.773389999999992
 20
-92.9880939999999896
 30
0
 11
96.5829140000000024
 21
-92.9404749999999922
 31
0
  0
LINE
  5
14C
330
1B
100
AcDbEntity
  8
F.Silkscreen
  6
CONTINUOUS
100
AcDbLine
 10
96.5829140000000024
 20
-92.9404749999999922
 30
0
 11
96.4876759999999933
 21
-92.8928559999999948
 31
0
  0
LINE
  5
14D
330
1B
100
AcDbEntity
  8
F.Silkscreen
  6
CONTINUOUS
100
AcDbLine
 10
96.4876759999999933
 20
-92.8928559999999948
 30
0
 11
96.3924379999999985
 21
-92.7976179999999999
 31
0
  0
LINE
  5
14E
330
1B
100
AcDbEntity
  8
F.Silkscreen
  6
CONTINUOUS
100
AcDbLine
 10
96.3924379999999985
 20
-92.7976179999999999
 30
0
 11
96.3448190000000011
 21
-92.6547609999999935
 31
0
  0
LINE
  5
14F
330
1B
100
AcDbEntity
  8
F.Silkscreen
  6
CONTINUOUS
100
AcDbLine
 10
96.3448190000000011
 20
-92.6547609999999935
 30
0
 11
96.3448190000000011
 21
-92.5595229999999987
 31
0
  0
LINE
  5
150
330
1B
100
AcDbEntity
  8
F.Silkscreen
  6
CONTINUOUS
100
AcDbLine
 10
96.3448190000000011
 20
-92.5595229999999987
 30
0
 11
96.3924379999999985
 21
-92.4166659999999922
 31
0
  0
LINE
  5
151
330
1B
100
AcDbEntity
  8
F.Silkscreen
  6
CONTINUOUS
100
AcDbLine
 10
96.3924379999999985
 20
-92.4166659999999922
 30
0
 11
96.4400569999999959
 21
-92.3690469999999948
 31
0
  0
LINE
  5
152
330
1B
100
AcDbEntity
  8
F.Silkscreen
  6
CONTINUOUS
100
AcDbLine
 10
96.4400569999999959
 20
-91.9880939999999896
 30
0
 11
96.3924379999999985
 21
-91.9404749999999922
 31
0
  0
LINE
  5
153
330
1B
100
AcDbEntity
  8
F.Silkscreen
  6
CONTINUOUS
100
AcDbLine
 10
96.3924379999999985
 20
-91.9404749999999922
 30
0
 11
96.3448190000000011
 21
-91.8452369999999974
 31
0
  0
LINE
  5
154
330
1B
100
AcDbEntity
  8
F.Silkscreen
  6
CONTINUOUS
100
AcDbLine
 10
96.3448190000000011
 20
-91.8452369999999974
 30
0
 11
96.3448190000000011
 21
-91.6071419999999961
 31
0
  0
LINE
  5
155
330
1B
100
AcDbEntity
  8
F.Silkscreen
  6
CONTINUOUS
100
AcDbLine
 10
96.3448190000000011
 20
-91.6071419999999961
 30
0
 11
96.3924379999999985
 21
-91.5119040000000012
 31
0
  0
LINE
  5
156
330
1B
100
AcDbEntity
  8
F.Silkscreen
  6
CONTINUOUS
100
AcDbLine
 10
96.3924379999999985
 20
-91.5119040000000012
 30
0
 11
96.4400569999999959
 21
-91.4642849999999896
 31
0
  0
LINE
  5
157
330
1B
100
AcDbEntity
  8
F.Silkscreen
  6
CONTINUOUS
100
AcDbLine
 10
96.4400569999999959
 20
-91.4642849999999896
 30
0
 11
96.5352949999999908
 21
-91.4166659999999922
 31
0
  0
LINE
  5
158
330
1B
100
AcDbEntity
  8
F.Silkscreen
  6
CONTINUOUS
100
AcDbLine
 10
96.5352949999999908
 20
-91.4166659999999922
 30
0
 11
96.6305329999999998
 21
-91.4166659999999922
 31
0
  0
LINE
  5
159
330
1B
100
AcDbEntity
  8
F.Silkscreen
  6
CONTINUOUS
100
AcDbLine
 10
96.6305329999999998
 20
-91.4166659999999922
 30
0
 11
96.773389999999992
 21
-91.4642849999999896
 31
0
  0
LINE
  5
15A
330
1B
100
AcDbEntity
  8
F.Silkscreen
  6
CONTINUOUS
100
AcDbLine
 10
96.773389999999992
 20
-91.4642849999999896
 30
0
 11
97.3448190000000011
 21
-92.0357130000000012
 31
0
  0
LINE
  5
15B
330
1B
100
AcDbEntity
  8
F.Silkscreen
  6
CONTINUOUS
100
AcDbLine
 10
97.3448190000000011
 20
-92.0357130000000012
 30
0
 11
97.3448190000000011
 21
-91.4166659999999922
 31
0
  0
LINE
  5
15C
330
1B
100
AcDbEntity
  8
F.Silkscreen
  6
CONTINUOUS
100
AcDbLine
 10
96.3448190000000011
 20
-90.7976179999999999
 30
0
 11
96.3448190000000011
 21
-90.7023799999999909
 31
0
  0
LINE
  5
15D
330
1B
100
AcDbEntity
  8
F.Silkscreen
  6
CONTINUOUS
100
AcDbLine
 10
96.3448190000000011
 20
-90.7023799999999909
 30
0
 11
96.3924379999999985
 21
-90.6071419999999961
 31
0
  0
LINE
  5
15E
330
1B
100
AcDbEntity
  8
F.Silkscreen
  6
CONTINUOUS
100
AcDbLine
 10
96.3924379999999985
 20
-90.6071419999999961
 30
0
 11
96.4400569999999959
 21
-90.5595229999999987
 31
0
  0
LINE
  5
15F
330
1B
100
AcDbEntity
  8
F.Silkscreen
  6
CONTINUOUS
100
AcDbLine
 10
96.4400569999999959
 20
-90.5595229999999987
 30
0
 11
96.5352949999999908
 21
-90.5119040000000012
 31
0
  0
LINE
  5
160
330
1B
100
AcDbEntity
  8
F.Silkscreen
  6
CONTINUOUS
100
AcDbLine
 10
96.5352949999999908
 20
-90.5119040000000012
 30
0
 11
96.7257709999999946
 21
-90.4642849999999896
 31
0
  0
LINE
  5
161
330
1B
100
AcDbEntity
  8
F.Silkscreen
  6
CONTINUOUS
100
AcDbLine
 10
96.7257709999999946
 20
-90.4642849999999896
 30
0
 11
96.9638659999999959
 21
-90.4642849999999896
 31
0
  0
LINE
  5
162
330
1B
100
AcDbEntity
  8
F.Silkscreen
  6
CONTINUOUS
100
AcDbLine
 10
96.9638659999999959
 20
-90.4642849999999896
 30
0
 11
97.1543419999999998
 21
-90.5119040000000012
 31
0
  0
LINE
  5
163
330
1B
100
AcDbEntity
  8
F.Silkscreen
  6
CONTINUOUS
100
AcDbLine
 10
97.1543419999999998
 20
-90.5119040000000012
 30
0
 11
97.2495799999999946
 21
-90.5595229999999987
 31
0
  0
LINE
  5
164
330
1B
100
AcDbEntity
  8
F.Silkscreen
  6
CONTINUOUS
100
AcDbLine
 10
97.2495799999999946
 20
-90.5595229999999987
 30
0
 11
97.2971999999999895
 21
-90.6071419999999961
 31
0
  0
LINE
  5
165
330
1B
100
AcDbEntity
  8
F.Silkscreen
  6
CONTINUOUS
100
AcDbLine
 10
97.2971999999999895
 20
-90.6071419999999961
 30
0
 11
97.3448190000000011
 21
-90.7023799999999909
 31
0
  0
LINE
  5
166
330
1B
100
AcDbEntity
  8
F.Silkscreen
  6
CONTINUOUS
100
AcDbLine
 10
97.3448190000000011
 20
-90.7023799999999909
 30
0
 11
97.3448190000000011
 21
-90.7976179999999999
 31
0
  0
LINE
  5
167
330
1B
100
AcDbEntity
  8
F.Silkscreen
  6
CONTINUOUS
100
AcDbLine
 10
97.3448190000000011
 20
-90.7976179999999999
 30
0
 11
97.2971999999999895
 21
-90.8928559999999948
 31
0
  0
LINE
  5
168
330
1B
100
AcDbEntity
  8
F.Silkscreen
  6
CONTINUOUS
100
AcDbLine
 10
97.2971999999999895
 20
-90.8928559999999948
 30
0
 11
97.2495799999999946
 21
-90.9404749999999922
 31
0
  0
LINE
  5
169
330
1B
100
AcDbEntity
  8
F.Silkscreen
  6
CONTINUOUS
100
AcDbLine
 10
97.2495799999999946
 20
-90.9404749999999922
 30
0
 11
97.1543419999999998
 21
-90.9880939999999896
 31
0
  0
LINE
  5
16A
330
1B
100
AcDbEntity
  8
F.Silkscreen
  6
CONTINUOUS
100
AcDbLine
 10
97.1543419999999998
 20
-90.9880939999999896
 30
0
 11
96.9638659999999959
 21
-91.0357130000000012
 31
0
  0
LINE
  5
16B
330
1B
100
AcDbEntity
  8
F.Silkscreen
  6
CONTINUOUS
100
AcDbLine
 10
96.9638659999999959
 20
-91.0357130000000012
 30
0
 11
96.7257709999999946
 21
-91.0357130000000012
 31
0
  0
LINE
  5
16C
330
1B
100
AcDbEntity
  8
F.Silkscreen
  6
CONTINUOUS
100
AcDbLine
 10
96.7257709999999946
 20
-91.0357130000000012
 30
0
 11
96.5352949999999908
 21
-90.9880939999999896
 31
0
  0
LINE
  5
16D
330
1B
100
AcDbEntity
  8
F.Silkscreen
  6
CONTINUOUS
100
AcDbLine
 10
96.5352949999999908
 20
-90.9880939999999896
 30
0
 11
96.4400569999999959
 21
-90.9404749999999922
 31
0
  0
LINE
  5
16E
330
1B
100
AcDbEntity
  8
F.Silkscreen
  6
CONTINUOUS
100
AcDbLine
 10
96.4400569999999959
 20
-90.9404749999999922
 30
0
 11
96.3924379999999985
 21
-90.8928559999999948
 31
0
  0
LINE
  5
16F
330
1B
100
AcDbEntity
  8
F.Silkscreen
  6
CONTINUOUS
100
AcDbLine
 10
96.3924379999999985
 20
-90.8928559999999948
 30
0
 11
96.3448190000000011
 21
-90.7976179999999999
 31
0
  0
LINE
  5
170
330
1B
100
AcDbEntity
  8
F.Silkscreen
  6
CONTINUOUS
100
AcDbLine
 10
97.3448190000000011
 20
-89.5119040000000012
 30
0
 11
97.3448190000000011
 21
-90.0833319999999986
 31
0
  0
LINE
  5
171
330
1B
100
AcDbEntity
  8
F.Silkscreen
  6
CONTINUOUS
100
AcDbLine
 10
97.3448190000000011
 20
-89.7976179999999999
 30
0
 11
96.3448190000000011
 21
-89.7976179999999999
 31
0
  0
LINE
  5
172
330
1B
100
AcDbEntity
  8
F.Silkscreen
  6
CONTINUOUS
100
AcDbLine
 10
96.3448190000000011
 20
-89.7976179999999999
 30
0
 11
96.4876759999999933
 21
-89.8928559999999948
 31
0
  0
LINE
  5
173
330
1B
100
AcDbEntity
  8
F.Silkscreen
  6
CONTINUOUS
100
AcDbLine
 10
96.4876759999999933
 20
-89.8928559999999948
 30
0
 11
96.5829140000000024
 21
-89.9880939999999896
 31
0
  0
LINE
  5
174
330
1B
100
AcDbEntity
  8
F.Silkscreen
  6
CONTINUOUS
100
AcDbLine
 10
96.5829140000000024
 20
-89.9880939999999896
 30
0
 11
96.6305329999999998
 21
-90.0833319999999986
 31
0
  0
LINE
  5
175
330
1B
100
AcDbEntity
  8
F.Silkscreen
  6
CONTINUOUS
100
AcDbLine
 10
150.0195799999999906
 20
-92.3690469999999948
 30
0
 11
150.0671999999999855
 21
-92.4166659999999922
 31
0
  0
LINE
  5
176
330
1B
100
AcDbEntity
  8
F.Silkscreen
  6
CONTINUOUS
100
AcDbLine
 10
150.0671999999999855
 20
-92.4166659999999922
 30
0
 11
150.1148189999999829
 21
-92.5595229999999987
 31
0
  0
LINE
  5
177
330
1B
100
AcDbEntity
  8
F.Silkscreen
  6
CONTINUOUS
100
AcDbLine
 10
150.1148189999999829
 20
-92.5595229999999987
 30
0
 11
150.1148189999999829
 21
-92.6547609999999935
 31
0
  0
LINE
  5
178
330
1B
100
AcDbEntity
  8
F.Silkscreen
  6
CONTINUOUS
100
AcDbLine
 10
150.1148189999999829
 20
-92.6547609999999935
 30
0
 11
150.0671999999999855
 21
-92.7976179999999999
 31
0
  0
LINE
  5
179
330
1B
100
AcDbEntity
  8
F.Silkscreen
  6
CONTINUOUS
100
AcDbLine
 10
150.0671999999999855
 20
-92.7976179999999999
 30
0
 11
149.9719609999999932
 21
-92.8928559999999948
 31
0
  0
LINE
  5
17A
330
1B
100
AcDbEntity
  8
F.Silkscreen
  6
CONTINUOUS
100
AcDbLine
 10
149.9719609999999932
 20
-92.8928559999999948
 30
0
 11
149.8767229999999984
 21
-92.9404749999999922
 31
0
  0
LINE
  5
17B
330
1B
100
AcDbEntity
  8
F.Silkscreen
  6
CONTINUOUS
100
AcDbLine
 10
149.8767229999999984
 20
-92.9404749999999922
 30
0
 11
149.6862469999999803
 21
-92.9880939999999896
 31
0
  0
LINE
  5
17C
330
1B
100
AcDbEntity
  8
F.Silkscreen
  6
CONTINUOUS
100
AcDbLine
 10
149.6862469999999803
 20
-92.9880939999999896
 30
0
 11
149.543389999999988
 21
-92.9880939999999896
 31
0
  0
LINE
  5
17D
330
1B
100
AcDbEntity
  8
F.Silkscreen
  6
CONTINUOUS
100
AcDbLine
 10
149.543389999999988
 20
-92.9880939999999896
 30
0
 11
149.3529139999999984
 21
-92.9404749999999922
 31
0
  0
LINE
  5
17E
330
1B
100
AcDbEntity
  8
F.Silkscreen
  6
CONTINUOUS
100
AcDbLine
 10
149.3529139999999984
 20
-92.9404749999999922
 30
0
 11
149.2576760000000036
 21
-92.8928559999999948
 31
0
  0
LINE
  5
17F
330
1B
100
AcDbEntity
  8
F.Silkscreen
  6
CONTINUOUS
100
AcDbLine
 10
149.2576760000000036
 20
-92.8928559999999948
 30
0
 11
149.1624379999999803
 21
-92.7976179999999999
 31
0
  0
LINE
  5
180
330
1B
100
AcDbEntity
  8
F.Silkscreen
  6
CONTINUOUS
100
AcDbLine
 10
149.1624379999999803
 20
-92.7976179999999999
 30
0
 11
149.1148189999999829
 21
-92.6547609999999935
 31
0
  0
LINE
  5
181
330
1B
100
AcDbEntity
  8
F.Silkscreen
  6
CONTINUOUS
100
AcDbLine
 10
149.1148189999999829
 20
-92.6547609999999935
 30
0
 11
149.1148189999999829
 21
-92.5595229999999987
 31
0
  0
LINE
  5
182
330
1B
100
AcDbEntity
  8
F.Silkscreen
  6
CONTINUOUS
100
AcDbLine
 10
149.1148189999999829
 20
-92.5595229999999987
 30
0
 11
149.1624379999999803
 21
-92.4166659999999922
 31
0
  0
LINE
  5
183
330
1B
100
AcDbEntity
  8
F.Silkscreen
  6
CONTINUOUS
100
AcDbLine
 10
149.1624379999999803
 20
-92.4166659999999922
 30
0
 11
149.2100570000000062
 21
-92.3690469999999948
 31
0
  0
LINE
  5
184
330
1B
100
AcDbEntity
  8
F.Silkscreen
  6
CONTINUOUS
100
AcDbLine
 10
149.2100570000000062
 20
-91.9880939999999896
 30
0
 11
149.1624379999999803
 21
-91.9404749999999922
 31
0
  0
LINE
  5
185
330
1B
100
AcDbEntity
  8
F.Silkscreen
  6
CONTINUOUS
100
AcDbLine
 10
149.1624379999999803
 20
-91.9404749999999922
 30
0
 11
149.1148189999999829
 21
-91.8452369999999974
 31
0
  0
LINE
  5
186
330
1B
100
AcDbEntity
  8
F.Silkscreen
  6
CONTINUOUS
100
AcDbLine
 10
149.1148189999999829
 20
-91.8452369999999974
 30
0
 11
149.1148189999999829
 21
-91.6071419999999961
 31
0
  0
LINE
  5
187
330
1B
100
AcDbEntity
  8
F.Silkscreen
  6
CONTINUOUS
100
AcDbLine
 10
149.1148189999999829
 20
-91.6071419999999961
 30
0
 11
149.1624379999999803
 21
-91.5119040000000012
 31
0
  0
LINE
  5
188
330
1B
100
AcDbEntity
  8
F.Silkscreen
  6
CONTINUOUS
100
AcDbLine
 10
149.1624379999999803
 20
-91.5119040000000012
 30
0
 11
149.2100570000000062
 21
-91.4642849999999896
 31
0
  0
LINE
  5
189
330
1B
100
AcDbEntity
  8
F.Silkscreen
  6
CONTINUOUS
100
AcDbLine
 10
149.2100570000000062
 20
-91.4642849999999896
 30
0
 11
149.305295000000001
 21
-91.4166659999999922
 31
0
  0
LINE
  5
18A
330
1B
100
AcDbEntity
  8
F.Silkscreen
  6
CONTINUOUS
100
AcDbLine
 10
149.305295000000001
 20
-91.4166659999999922
 30
0
 11
149.4005329999999958
 21
-91.4166659999999922
 31
0
  0
LINE
  5
18B
330
1B
100
AcDbEntity
  8
F.Silkscreen
  6
CONTINUOUS
100
AcDbLine
 10
149.4005329999999958
 20
-91.4166659999999922
 30
0
 11
149.543389999999988
 21
-91.4642849999999896
 31
0
  0
LINE
  5
18C
330
1B
100
AcDbEntity
  8
F.Silkscreen
  6
CONTINUOUS
100
AcDbLine
 10
149.543389999999988
 20
-91.4642849999999896
 30
0
 11
150.1148189999999829
 21
-92.0357130000000012
 31
0
  0
LINE
  5
18D
330
1B
100
AcDbEntity
  8
F.Silkscreen
  6
CONTINUOUS
100
AcDbLine
 10
150.1148189999999829
 20
-92.0357130000000012
 30
0
 11
150.1148189999999829
 21
-91.4166659999999922
 31
0
  0
LINE
  5
18E
330
1B
100
AcDbEntity
  8
F.Silkscreen
  6
CONTINUOUS
100
AcDbLine
 10
149.1148189999999829
 20
-90.7976179999999999
 30
0
 11
149.1148189999999829
 21
-90.7023799999999909
 31
0
  0
LINE
  5
18F
330
1B
100
AcDbEntity
  8
F.Silkscreen
  6
CONTINUOUS
100
AcDbLine
 10
149.1148189999999829
 20
-90.7023799999999909
 30
0
 11
149.1624379999999803
 21
-90.6071419999999961
 31
0
  0
LINE
  5
190
330
1B
100
AcDbEntity
  8
F.Silkscreen
  6
CONTINUOUS
100
AcDbLine
 10
149.1624379999999803
 20
-90.6071419999999961
 30
0
 11
149.2100570000000062
 21
-90.5595229999999987
 31
0
  0
LINE
  5
191
330
1B
100
AcDbEntity
  8
F.Silkscreen
  6
CONTINUOUS
100
AcDbLine
 10
149.2100570000000062
 20
-90.5595229999999987
 30
0
 11
149.305295000000001
 21
-90.5119040000000012
 31
0
  0
LINE
  5
192
330
1B
100
AcDbEntity
  8
F.Silkscreen
  6
CONTINUOUS
100
AcDbLine
 10
149.305295000000001
 20
-90.5119040000000012
 30
0
 11
149.4957709999999906
 21
-90.4642849999999896
 31
0
  0
LINE
  5
193
330
1B
100
AcDbEntity
  8
F.Silkscreen
  6
CONTINUOUS
100
AcDbLine
 10
149.4957709999999906
 20
-90.4642849999999896
 30
0
 11
149.7338660000000061
 21
-90.4642849999999896
 31
0
  0
LINE
  5
194
330
1B
100
AcDbEntity
  8
F.Silkscreen
  6
CONTINUOUS
100
AcDbLine
 10
149.7338660000000061
 20
-90.4642849999999896
 30
0
 11
149.9243419999999958
 21
-90.5119040000000012
 31
0
  0
LINE
  5
195
330
1B
100
AcDbEntity
  8
F.Silkscreen
  6
CONTINUOUS
100
AcDbLine
 10
149.9243419999999958
 20
-90.5119040000000012
 30
0
 11
150.0195799999999906
 21
-90.5595229999999987
 31
0
  0
LINE
  5
196
330
1B
100
AcDbEntity
  8
F.Silkscreen
  6
CONTINUOUS
100
AcDbLine
 10
150.0195799999999906
 20
-90.5595229999999987
 30
0
 11
150.0671999999999855
 21
-90.6071419999999961
 31
0
  0
LINE
  5
197
330
1B
100
AcDbEntity
  8
F.Silkscreen
  6
CONTINUOUS
100
AcDbLine
 10
150.0671999999999855
 20
-90.6071419999999961
 30
0
 11
150.1148189999999829
 21
-90.7023799999999909
 31
0
  0
LINE
  5
198
330
1B
100
AcDbEntity
  8
F.Silkscreen
  6
CONTINUOUS
100
AcDbLine
 10
150.1148189999999829
 20
-90.7023799999999909
 30
0
 11
150.1148189999999829
 21
-90.7976179999999999
 31
0
  0
LINE
  5
199
330
1B
100
AcDbEntity
  8
F.Silkscreen
  6
CONTINUOUS
100
AcDbLine
 10
150.1148189999999829
 20
-90.7976179999999999
 30
0
 11
150.0671999999999855
 21
-90.8928559999999948
 31
0
  0
LINE
  5
19A
330
1B
100
AcDbEntity
  8
F.Silkscreen
  6
CONTINUOUS
100
AcDbLine
 10
150.0671999999999855
 20
-90.8928559999999948
 30
0
 11
150.0195799999999906
 21
-90.9404749999999922
 31
0
  0
LINE
  5
19B
330
1B
100
AcDbEntity
  8
F.Silkscreen
  6
CONTINUOUS
100
AcDbLine
 10
150.0195799999999906
 20
-90.9404749999999922
 30
0
 11
149.9243419999999958
 21
-90.9880939999999896
 31
0
  0
LINE
  5
19C
330
1B
100
AcDbEntity
  8
F.Silkscreen
  6
CONTINUOUS
100
AcDbLine
 10
149.9243419999999958
 20
-90.9880939999999896
 30
0
 11
149.7338660000000061
 21
-91.0357130000000012
 31
0
  0
LINE
  5
19D
330
1B
100
AcDbEntity
  8
F.Silkscreen
  6
CONTINUOUS
100
AcDbLine
 10
149.7338660000000061
 20
-91.0357130000000012
 30
0
 11
149.4957709999999906
 21
-91.0357130000000012
 31
0
  0
LINE
  5
19E
330
1B
100
AcDbEntity
  8
F.Silkscreen
  6
CONTINUOUS
100
AcDbLine
 10
149.4957709999999906
 20
-91.0357130000000012
 30
0
 11
149.305295000000001
 21
-90.9880939999999896
 31
0
  0
LINE
  5
19F
330
1B
100
AcDbEntity
  8
F.Silkscreen
  6
CONTINUOUS
100
AcDbLine
 10
149.305295000000001
 20
-90.9880939999999896
 30
0
 11
149.2100570000000062
 21
-90.9404749999999922
 31
0
  0
LINE
  5
1A0
330
1B
100
AcDbEntity
  8
F.Silkscreen
  6
CONTINUOUS
100
AcDbLine
 10
149.2100570000000062
 20
-90.9404749999999922
 30
0
 11
149.1624379999999803
 21
-90.8928559999999948
 31
0
  0
LINE
  5
1A1
330
1B
100
AcDbEntity
  8
F.Silkscreen
  6
CONTINUOUS
100
AcDbLine
 10
149.1624379999999803
 20
-90.8928559999999948
 30
0
 11
149.1148189999999829
 21
-90.7976179999999999
 31
0
  0
LINE
  5
1A2
330
1B
100
AcDbEntity
  8
F.Silkscreen
  6
CONTINUOUS
100
AcDbLine
 10
149.4481519999999932
 20
-89.6071419999999961
 30
0
 11
150.1148189999999829
 21
-89.6071419999999961
 31
0
  0
LINE
  5
1A3
330
1B
100
AcDbEntity
  8
F.Silkscreen
  6
CONTINUOUS
100
AcDbLine
 10
149.0671999999999855
 20
-89.8452369999999974
 30
0
 11
149.7814850000000035
 21
-90.0833319999999986
 31
0
  0
LINE
  5
1A4
330
1B
100
AcDbEntity
  8
F.Silkscreen
  6
CONTINUOUS
100
AcDbLine
 10
149.7814850000000035
 20
-90.0833319999999986
 30
0
 11
149.7814850000000035
 21
-89.4642849999999896
 31
0
  0
LINE
  5
1A5
330
1B
100
AcDbEntity
  8
F.Silkscreen
  6
CONTINUOUS
100
AcDbLine
 10
195.0348189999999988
 20
-129.4133329999999944
 30
0
 11
195.7491039999999884
 21
-129.4133329999999944
 31
0
  0
LINE
  5
1A6
330
1B
100
AcDbEntity
  8
F.Silkscreen
  6
CONTINUOUS
100
AcDbLine
 10
195.7491039999999884
 20
-129.4133329999999944
 30
0
 11
195.8919609999999807
 21
-129.4609519999999918
 31
0
  0
LINE
  5
1A7
330
1B
100
AcDbEntity
  8
F.Silkscreen
  6
CONTINUOUS
100
AcDbLine
 10
195.8919609999999807
 20
-129.4609519999999918
 30
0
 11
195.9872000000000014
 21
-129.5561899999999866
 31
0
  0
LINE
  5
1A8
330
1B
100
AcDbEntity
  8
F.Silkscreen
  6
CONTINUOUS
100
AcDbLine
 10
195.9872000000000014
 20
-129.5561899999999866
 30
0
 11
196.0348189999999988
 21
-129.6990470000000073
 31
0
  0
LINE
  5
1A9
330
1B
100
AcDbEntity
  8
F.Silkscreen
  6
CONTINUOUS
100
AcDbLine
 10
196.0348189999999988
 20
-129.6990470000000073
 30
0
 11
196.0348189999999988
 21
-129.7942850000000021
 31
0
  0
LINE
  5
1AA
330
1B
100
AcDbEntity
  8
F.Silkscreen
  6
CONTINUOUS
100
AcDbLine
 10
195.0348189999999988
 20
-129.0323799999999892
 30
0
 11
195.0348189999999988
 21
-128.4133329999999944
 31
0
  0
LINE
  5
1AB
330
1B
100
AcDbEntity
  8
F.Silkscreen
  6
CONTINUOUS
100
AcDbLine
 10
195.0348189999999988
 20
-128.4133329999999944
 30
0
 11
195.4157709999999781
 21
-128.7466660000000047
 31
0
  0
LINE
  5
1AC
330
1B
100
AcDbEntity
  8
F.Silkscreen
  6
CONTINUOUS
100
AcDbLine
 10
195.4157709999999781
 20
-128.7466660000000047
 30
0
 11
195.4157709999999781
 21
-128.6038089999999841
 31
0
  0
LINE
  5
1AD
330
1B
100
AcDbEntity
  8
F.Silkscreen
  6
CONTINUOUS
100
AcDbLine
 10
195.4157709999999781
 20
-128.6038089999999841
 30
0
 11
195.463390000000004
 21
-128.5085709999999892
 31
0
  0
LINE
  5
1AE
330
1B
100
AcDbEntity
  8
F.Silkscreen
  6
CONTINUOUS
100
AcDbLine
 10
195.463390000000004
 20
-128.5085709999999892
 30
0
 11
195.5110090000000014
 21
-128.4609519999999918
 31
0
  0
LINE
  5
1AF
330
1B
100
AcDbEntity
  8
F.Silkscreen
  6
CONTINUOUS
100
AcDbLine
 10
195.5110090000000014
 20
-128.4609519999999918
 30
0
 11
195.6062469999999962
 21
-128.4133329999999944
 31
0
  0
LINE
  5
1B0
330
1B
100
AcDbEntity
  8
F.Silkscreen
  6
CONTINUOUS
100
AcDbLine
 10
195.6062469999999962
 20
-128.4133329999999944
 30
0
 11
195.8443419999999833
 21
-128.4133329999999944
 31
0
  0
LINE
  5
1B1
330
1B
100
AcDbEntity
  8
F.Silkscreen
  6
CONTINUOUS
100
AcDbLine
 10
195.8443419999999833
 20
-128.4133329999999944
 30
0
 11
195.9395799999999781
 21
-128.4609519999999918
 31
0
  0
LINE
  5
1B2
330
1B
100
AcDbEntity
  8
F.Silkscreen
  6
CONTINUOUS
100
AcDbLine
 10
195.9395799999999781
 20
-128.4609519999999918
 30
0
 11
195.9872000000000014
 21
-128.5085709999999892
 31
0
  0
LINE
  5
1B3
330
1B
100
AcDbEntity
  8
F.Silkscreen
  6
CONTINUOUS
100
AcDbLine
 10
195.9872000000000014
 20
-128.5085709999999892
 30
0
 11
196.0348189999999988
 21
-128.6038089999999841
 31
0
  0
LINE
  5
1B4
330
1B
100
AcDbEntity
  8
F.Silkscreen
  6
CONTINUOUS
100
AcDbLine
 10
196.0348189999999988
 20
-128.6038089999999841
 30
0
 11
196.0348189999999988
 21
-128.889522999999997
 31
0
  0
LINE
  5
1B5
330
1B
100
AcDbEntity
  8
F.Silkscreen
  6
CONTINUOUS
100
AcDbLine
 10
196.0348189999999988
 20
-128.889522999999997
 30
0
 11
195.9872000000000014
 21
-128.9847609999999918
 31
0
  0
LINE
  5
1B6
330
1B
100
AcDbEntity
  8
F.Silkscreen
  6
CONTINUOUS
100
AcDbLine
 10
195.9872000000000014
 20
-128.9847609999999918
 30
0
 11
195.9395799999999781
 21
-129.0323799999999892
 31
0
  0
LINE
  5
1B7
330
1B
100
AcDbEntity
  8
F.Silkscreen
  6
CONTINUOUS
100
AcDbLine
 10
87.8009519999999952
 20
-64.2998189999999994
 30
0
 11
87.4676189999999991
 21
-63.8236279999999994
 31
0
  0
LINE
  5
1B8
330
1B
100
AcDbEntity
  8
F.Silkscreen
  6
CONTINUOUS
100
AcDbLine
 10
87.2295239999999978
 20
-64.2998189999999994
 30
0
 11
87.2295239999999978
 21
-63.2998189999999994
 31
0
  0
LINE
  5
1B9
330
1B
100
AcDbEntity
  8
F.Silkscreen
  6
CONTINUOUS
100
AcDbLine
 10
87.2295239999999978
 20
-63.2998189999999994
 30
0
 11
87.6104759999999914
 21
-63.2998189999999994
 31
0
  0
LINE
  5
1BA
330
1B
100
AcDbEntity
  8
F.Silkscreen
  6
CONTINUOUS
100
AcDbLine
 10
87.6104759999999914
 20
-63.2998189999999994
 30
0
 11
87.7057140000000004
 21
-63.3474379999999968
 31
0
  0
LINE
  5
1BB
330
1B
100
AcDbEntity
  8
F.Silkscreen
  6
CONTINUOUS
100
AcDbLine
 10
87.7057140000000004
 20
-63.3474379999999968
 30
0
 11
87.7533329999999978
 21
-63.3950569999999942
 31
0
  0
LINE
  5
1BC
330
1B
100
AcDbEntity
  8
F.Silkscreen
  6
CONTINUOUS
100
AcDbLine
 10
87.7533329999999978
 20
-63.3950569999999942
 30
0
 11
87.8009519999999952
 21
-63.4902949999999962
 31
0
  0
LINE
  5
1BD
330
1B
100
AcDbEntity
  8
F.Silkscreen
  6
CONTINUOUS
100
AcDbLine
 10
87.8009519999999952
 20
-63.4902949999999962
 30
0
 11
87.8009519999999952
 21
-63.6331519999999955
 31
0
  0
LINE
  5
1BE
330
1B
100
AcDbEntity
  8
F.Silkscreen
  6
CONTINUOUS
100
AcDbLine
 10
87.8009519999999952
 20
-63.6331519999999955
 30
0
 11
87.7533329999999978
 21
-63.7283899999999974
 31
0
  0
LINE
  5
1BF
330
1B
100
AcDbEntity
  8
F.Silkscreen
  6
CONTINUOUS
100
AcDbLine
 10
87.7533329999999978
 20
-63.7283899999999974
 30
0
 11
87.7057140000000004
 21
-63.7760089999999948
 31
0
  0
LINE
  5
1C0
330
1B
100
AcDbEntity
  8
F.Silkscreen
  6
CONTINUOUS
100
AcDbLine
 10
87.7057140000000004
 20
-63.7760089999999948
 30
0
 11
87.6104759999999914
 21
-63.8236279999999994
 31
0
  0
LINE
  5
1C1
330
1B
100
AcDbEntity
  8
F.Silkscreen
  6
CONTINUOUS
100
AcDbLine
 10
87.6104759999999914
 20
-63.8236279999999994
 30
0
 11
87.2295239999999978
 21
-63.8236279999999994
 31
0
  0
LINE
  5
1C2
330
1B
100
AcDbEntity
  8
F.Silkscreen
  6
CONTINUOUS
100
AcDbLine
 10
88.7533329999999978
 20
-64.2998189999999994
 30
0
 11
88.1819050000000004
 21
-64.2998189999999994
 31
0
  0
LINE
  5
1C3
330
1B
100
AcDbEntity
  8
F.Silkscreen
  6
CONTINUOUS
100
AcDbLine
 10
88.4676189999999991
 20
-64.2998189999999994
 30
0
 11
88.4676189999999991
 21
-63.2998189999999994
 31
0
  0
LINE
  5
1C4
330
1B
100
AcDbEntity
  8
F.Silkscreen
  6
CONTINUOUS
100
AcDbLine
 10
88.4676189999999991
 20
-63.2998189999999994
 30
0
 11
88.3723809999999901
 21
-63.4426759999999987
 31
0
  0
LINE
  5
1C5
330
1B
100
AcDbEntity
  8
F.Silkscreen
  6
CONTINUOUS
100
AcDbLine
 10
88.3723809999999901
 20
-63.4426759999999987
 30
0
 11
88.2771429999999953
 21
-63.5379140000000007
 31
0
  0
LINE
  5
1C6
330
1B
100
AcDbEntity
  8
F.Silkscreen
  6
CONTINUOUS
100
AcDbLine
 10
88.2771429999999953
 20
-63.5379140000000007
 30
0
 11
88.1819050000000004
 21
-63.5855329999999981
 31
0
  0
LINE
  5
1C7
330
1B
100
AcDbEntity
  8
F.Silkscreen
  6
CONTINUOUS
100
AcDbLine
 10
89.3723809999999901
 20
-63.2998189999999994
 30
0
 11
89.4676189999999991
 21
-63.2998189999999994
 31
0
  0
LINE
  5
1C8
330
1B
100
AcDbEntity
  8
F.Silkscreen
  6
CONTINUOUS
100
AcDbLine
 10
89.4676189999999991
 20
-63.2998189999999994
 30
0
 11
89.5628569999999939
 21
-63.3474379999999968
 31
0
  0
LINE
  5
1C9
330
1B
100
AcDbEntity
  8
F.Silkscreen
  6
CONTINUOUS
100
AcDbLine
 10
89.5628569999999939
 20
-63.3474379999999968
 30
0
 11
89.6104759999999914
 21
-63.3950569999999942
 31
0
  0
LINE
  5
1CA
330
1B
100
AcDbEntity
  8
F.Silkscreen
  6
CONTINUOUS
100
AcDbLine
 10
89.6104759999999914
 20
-63.3950569999999942
 30
0
 11
89.658095000000003
 21
-63.4902949999999962
 31
0
  0
LINE
  5
1CB
330
1B
100
AcDbEntity
  8
F.Silkscreen
  6
CONTINUOUS
100
AcDbLine
 10
89.658095000000003
 20
-63.4902949999999962
 30
0
 11
89.7057140000000004
 21
-63.680771
 31
0
  0
LINE
  5
1CC
330
1B
100
AcDbEntity
  8
F.Silkscreen
  6
CONTINUOUS
100
AcDbLine
 10
89.7057140000000004
 20
-63.680771
 30
0
 11
89.7057140000000004
 21
-63.9188659999999942
 31
0
  0
LINE
  5
1CD
330
1B
100
AcDbEntity
  8
F.Silkscreen
  6
CONTINUOUS
100
AcDbLine
 10
89.7057140000000004
 20
-63.9188659999999942
 30
0
 11
89.658095000000003
 21
-64.1093419999999981
 31
0
  0
LINE
  5
1CE
330
1B
100
AcDbEntity
  8
F.Silkscreen
  6
CONTINUOUS
100
AcDbLine
 10
89.658095000000003
 20
-64.1093419999999981
 30
0
 11
89.6104759999999914
 21
-64.2045799999999929
 31
0
  0
LINE
  5
1CF
330
1B
100
AcDbEntity
  8
F.Silkscreen
  6
CONTINUOUS
100
AcDbLine
 10
89.6104759999999914
 20
-64.2045799999999929
 30
0
 11
89.5628569999999939
 21
-64.252200000000002
 31
0
  0
LINE
  5
1D0
330
1B
100
AcDbEntity
  8
F.Silkscreen
  6
CONTINUOUS
100
AcDbLine
 10
89.5628569999999939
 20
-64.252200000000002
 30
0
 11
89.4676189999999991
 21
-64.2998189999999994
 31
0
  0
LINE
  5
1D1
330
1B
100
AcDbEntity
  8
F.Silkscreen
  6
CONTINUOUS
100
AcDbLine
 10
89.4676189999999991
 20
-64.2998189999999994
 30
0
 11
89.3723809999999901
 21
-64.2998189999999994
 31
0
  0
LINE
  5
1D2
330
1B
100
AcDbEntity
  8
F.Silkscreen
  6
CONTINUOUS
100
AcDbLine
 10
89.3723809999999901
 20
-64.2998189999999994
 30
0
 11
89.2771429999999953
 21
-64.252200000000002
 31
0
  0
LINE
  5
1D3
330
1B
100
AcDbEntity
  8
F.Silkscreen
  6
CONTINUOUS
100
AcDbLine
 10
89.2771429999999953
 20
-64.252200000000002
 30
0
 11
89.2295239999999978
 21
-64.2045799999999929
 31
0
  0
LINE
  5
1D4
330
1B
100
AcDbEntity
  8
F.Silkscreen
  6
CONTINUOUS
100
AcDbLine
 10
89.2295239999999978
 20
-64.2045799999999929
 30
0
 11
89.1819050000000004
 21
-64.1093419999999981
 31
0
  0
LINE
  5
1D5
330
1B
100
AcDbEntity
  8
F.Silkscreen
  6
CONTINUOUS
100
AcDbLine
 10
89.1819050000000004
 20
-64.1093419999999981
 30
0
 11
89.134286000000003
 21
-63.9188659999999942
 31
0
  0
LINE
  5
1D6
330
1B
100
AcDbEntity
  8
F.Silkscreen
  6
CONTINUOUS
100
AcDbLine
 10
89.134286000000003
 20
-63.9188659999999942
 30
0
 11
89.134286000000003
 21
-63.680771
 31
0
  0
LINE
  5
1D7
330
1B
100
AcDbEntity
  8
F.Silkscreen
  6
CONTINUOUS
100
AcDbLine
 10
89.134286000000003
 20
-63.680771
 30
0
 11
89.1819050000000004
 21
-63.4902949999999962
 31
0
  0
LINE
  5
1D8
330
1B
100
AcDbEntity
  8
F.Silkscreen
  6
CONTINUOUS
100
AcDbLine
 10
89.1819050000000004
 20
-63.4902949999999962
 30
0
 11
89.2295239999999978
 21
-63.3950569999999942
 31
0
  0
LINE
  5
1D9
330
1B
100
AcDbEntity
  8
F.Silkscreen
  6
CONTINUOUS
100
AcDbLine
 10
89.2295239999999978
 20
-63.3950569999999942
 30
0
 11
89.2771429999999953
 21
-63.3474379999999968
 31
0
  0
LINE
  5
1DA
330
1B
100
AcDbEntity
  8
F.Silkscreen
  6
CONTINUOUS
100
AcDbLine
 10
89.2771429999999953
 20
-63.3474379999999968
 30
0
 11
89.3723809999999901
 21
-63.2998189999999994
 31
0
  0
LINE
  5
1DB
330
1B
100
AcDbEntity
  8
F.Silkscreen
  6
CONTINUOUS
100
AcDbLine
 10
90.0866669999999914
 20
-63.3950569999999942
 30
0
 11
90.134286000000003
 21
-63.3474379999999968
 31
0
  0
LINE
  5
1DC
330
1B
100
AcDbEntity
  8
F.Silkscreen
  6
CONTINUOUS
100
AcDbLine
 10
90.134286000000003
 20
-63.3474379999999968
 30
0
 11
90.2295239999999978
 21
-63.2998189999999994
 31
0
  0
LINE
  5
1DD
330
1B
100
AcDbEntity
  8
F.Silkscreen
  6
CONTINUOUS
100
AcDbLine
 10
90.2295239999999978
 20
-63.2998189999999994
 30
0
 11
90.4676189999999991
 21
-63.2998189999999994
 31
0
  0
LINE
  5
1DE
330
1B
100
AcDbEntity
  8
F.Silkscreen
  6
CONTINUOUS
100
AcDbLine
 10
90.4676189999999991
 20
-63.2998189999999994
 30
0
 11
90.5628569999999939
 21
-63.3474379999999968
 31
0
  0
LINE
  5
1DF
330
1B
100
AcDbEntity
  8
F.Silkscreen
  6
CONTINUOUS
100
AcDbLine
 10
90.5628569999999939
 20
-63.3474379999999968
 30
0
 11
90.6104759999999914
 21
-63.3950569999999942
 31
0
  0
LINE
  5
1E0
330
1B
100
AcDbEntity
  8
F.Silkscreen
  6
CONTINUOUS
100
AcDbLine
 10
90.6104759999999914
 20
-63.3950569999999942
 30
0
 11
90.658095000000003
 21
-63.4902949999999962
 31
0
  0
LINE
  5
1E1
330
1B
100
AcDbEntity
  8
F.Silkscreen
  6
CONTINUOUS
100
AcDbLine
 10
90.658095000000003
 20
-63.4902949999999962
 30
0
 11
90.658095000000003
 21
-63.5855329999999981
 31
0
  0
LINE
  5
1E2
330
1B
100
AcDbEntity
  8
F.Silkscreen
  6
CONTINUOUS
100
AcDbLine
 10
90.658095000000003
 20
-63.5855329999999981
 30
0
 11
90.6104759999999914
 21
-63.7283899999999974
 31
0
  0
LINE
  5
1E3
330
1B
100
AcDbEntity
  8
F.Silkscreen
  6
CONTINUOUS
100
AcDbLine
 10
90.6104759999999914
 20
-63.7283899999999974
 30
0
 11
90.039047999999994
 21
-64.2998189999999994
 31
0
  0
LINE
  5
1E4
330
1B
100
AcDbEntity
  8
F.Silkscreen
  6
CONTINUOUS
100
AcDbLine
 10
90.039047999999994
 20
-64.2998189999999994
 30
0
 11
90.658095000000003
 21
-64.2998189999999994
 31
0
  0
LINE
  5
1E5
330
1B
100
AcDbEntity
  8
F.Silkscreen
  6
CONTINUOUS
100
AcDbLine
 10
167.609579999999994
 20
-92.3690469999999948
 30
0
 11
167.6571999999999889
 21
-92.4166659999999922
 31
0
  0
LINE
  5
1E6
330
1B
100
AcDbEntity
  8
F.Silkscreen
  6
CONTINUOUS
100
AcDbLine
 10
167.6571999999999889
 20
-92.4166659999999922
 30
0
 11
167.7048189999999863
 21
-92.5595229999999987
 31
0
  0
LINE
  5
1E7
330
1B
100
AcDbEntity
  8
F.Silkscreen
  6
CONTINUOUS
100
AcDbLine
 10
167.7048189999999863
 20
-92.5595229999999987
 30
0
 11
167.7048189999999863
 21
-92.6547609999999935
 31
0
  0
LINE
  5
1E8
330
1B
100
AcDbEntity
  8
F.Silkscreen
  6
CONTINUOUS
100
AcDbLine
 10
167.7048189999999863
 20
-92.6547609999999935
 30
0
 11
167.6571999999999889
 21
-92.7976179999999999
 31
0
  0
LINE
  5
1E9
330
1B
100
AcDbEntity
  8
F.Silkscreen
  6
CONTINUOUS
100
AcDbLine
 10
167.6571999999999889
 20
-92.7976179999999999
 30
0
 11
167.5619609999999966
 21
-92.8928559999999948
 31
0
  0
LINE
  5
1EA
330
1B
100
AcDbEntity
  8
F.Silkscreen
  6
CONTINUOUS
100
AcDbLine
 10
167.5619609999999966
 20
-92.8928559999999948
 30
0
 11
167.4667230000000018
 21
-92.9404749999999922
 31
0
  0
LINE
  5
1EB
330
1B
100
AcDbEntity
  8
F.Silkscreen
  6
CONTINUOUS
100
AcDbLine
 10
167.4667230000000018
 20
-92.9404749999999922
 30
0
 11
167.2762469999999837
 21
-92.9880939999999896
 31
0
  0
LINE
  5
1EC
330
1B
100
AcDbEntity
  8
F.Silkscreen
  6
CONTINUOUS
100
AcDbLine
 10
167.2762469999999837
 20
-92.9880939999999896
 30
0
 11
167.1333899999999915
 21
-92.9880939999999896
 31
0
  0
LINE
  5
1ED
330
1B
100
AcDbEntity
  8
F.Silkscreen
  6
CONTINUOUS
100
AcDbLine
 10
167.1333899999999915
 20
-92.9880939999999896
 30
0
 11
166.9429140000000018
 21
-92.9404749999999922
 31
0
  0
LINE
  5
1EE
330
1B
100
AcDbEntity
  8
F.Silkscreen
  6
CONTINUOUS
100
AcDbLine
 10
166.9429140000000018
 20
-92.9404749999999922
 30
0
 11
166.8476759999999786
 21
-92.8928559999999948
 31
0
  0
LINE
  5
1EF
330
1B
100
AcDbEntity
  8
F.Silkscreen
  6
CONTINUOUS
100
AcDbLine
 10
166.8476759999999786
 20
-92.8928559999999948
 30
0
 11
166.7524379999999837
 21
-92.7976179999999999
 31
0
  0
LINE
  5
1F0
330
1B
100
AcDbEntity
  8
F.Silkscreen
  6
CONTINUOUS
100
AcDbLine
 10
166.7524379999999837
 20
-92.7976179999999999
 30
0
 11
166.7048189999999863
 21
-92.6547609999999935
 31
0
  0
LINE
  5
1F1
330
1B
100
AcDbEntity
  8
F.Silkscreen
  6
CONTINUOUS
100
AcDbLine
 10
166.7048189999999863
 20
-92.6547609999999935
 30
0
 11
166.7048189999999863
 21
-92.5595229999999987
 31
0
  0
LINE
  5
1F2
330
1B
100
AcDbEntity
  8
F.Silkscreen
  6
CONTINUOUS
100
AcDbLine
 10
166.7048189999999863
 20
-92.5595229999999987
 30
0
 11
166.7524379999999837
 21
-92.4166659999999922
 31
0
  0
LINE
  5
1F3
330
1B
100
AcDbEntity
  8
F.Silkscreen
  6
CONTINUOUS
100
AcDbLine
 10
166.7524379999999837
 20
-92.4166659999999922
 30
0
 11
166.8000569999999811
 21
-92.3690469999999948
 31
0
  0
LINE
  5
1F4
330
1B
100
AcDbEntity
  8
F.Silkscreen
  6
CONTINUOUS
100
AcDbLine
 10
166.8000569999999811
 20
-91.9880939999999896
 30
0
 11
166.7524379999999837
 21
-91.9404749999999922
 31
0
  0
LINE
  5
1F5
330
1B
100
AcDbEntity
  8
F.Silkscreen
  6
CONTINUOUS
100
AcDbLine
 10
166.7524379999999837
 20
-91.9404749999999922
 30
0
 11
166.7048189999999863
 21
-91.8452369999999974
 31
0
  0
LINE
  5
1F6
330
1B
100
AcDbEntity
  8
F.Silkscreen
  6
CONTINUOUS
100
AcDbLine
 10
166.7048189999999863
 20
-91.8452369999999974
 30
0
 11
166.7048189999999863
 21
-91.6071419999999961
 31
0
  0
LINE
  5
1F7
330
1B
100
AcDbEntity
  8
F.Silkscreen
  6
CONTINUOUS
100
AcDbLine
 10
166.7048189999999863
 20
-91.6071419999999961
 30
0
 11
166.7524379999999837
 21
-91.5119040000000012
 31
0
  0
LINE
  5
1F8
330
1B
100
AcDbEntity
  8
F.Silkscreen
  6
CONTINUOUS
100
AcDbLine
 10
166.7524379999999837
 20
-91.5119040000000012
 30
0
 11
166.8000569999999811
 21
-91.4642849999999896
 31
0
  0
LINE
  5
1F9
330
1B
100
AcDbEntity
  8
F.Silkscreen
  6
CONTINUOUS
100
AcDbLine
 10
166.8000569999999811
 20
-91.4642849999999896
 30
0
 11
166.8952950000000044
 21
-91.4166659999999922
 31
0
  0
LINE
  5
1FA
330
1B
100
AcDbEntity
  8
F.Silkscreen
  6
CONTINUOUS
100
AcDbLine
 10
166.8952950000000044
 20
-91.4166659999999922
 30
0
 11
166.9905329999999992
 21
-91.4166659999999922
 31
0
  0
LINE
  5
1FB
330
1B
100
AcDbEntity
  8
F.Silkscreen
  6
CONTINUOUS
100
AcDbLine
 10
166.9905329999999992
 20
-91.4166659999999922
 30
0
 11
167.1333899999999915
 21
-91.4642849999999896
 31
0
  0
LINE
  5
1FC
330
1B
100
AcDbEntity
  8
F.Silkscreen
  6
CONTINUOUS
100
AcDbLine
 10
167.1333899999999915
 20
-91.4642849999999896
 30
0
 11
167.7048189999999863
 21
-92.0357130000000012
 31
0
  0
LINE
  5
1FD
330
1B
100
AcDbEntity
  8
F.Silkscreen
  6
CONTINUOUS
100
AcDbLine
 10
167.7048189999999863
 20
-92.0357130000000012
 30
0
 11
167.7048189999999863
 21
-91.4166659999999922
 31
0
  0
LINE
  5
1FE
330
1B
100
AcDbEntity
  8
F.Silkscreen
  6
CONTINUOUS
100
AcDbLine
 10
166.7048189999999863
 20
-90.7976179999999999
 30
0
 11
166.7048189999999863
 21
-90.7023799999999909
 31
0
  0
LINE
  5
1FF
330
1B
100
AcDbEntity
  8
F.Silkscreen
  6
CONTINUOUS
100
AcDbLine
 10
166.7048189999999863
 20
-90.7023799999999909
 30
0
 11
166.7524379999999837
 21
-90.6071419999999961
 31
0
  0
LINE
  5
200
330
1B
100
AcDbEntity
  8
F.Silkscreen
  6
CONTINUOUS
100
AcDbLine
 10
166.7524379999999837
 20
-90.6071419999999961
 30
0
 11
166.8000569999999811
 21
-90.5595229999999987
 31
0
  0
LINE
  5
201
330
1B
100
AcDbEntity
  8
F.Silkscreen
  6
CONTINUOUS
100
AcDbLine
 10
166.8000569999999811
 20
-90.5595229999999987
 30
0
 11
166.8952950000000044
 21
-90.5119040000000012
 31
0
  0
LINE
  5
202
330
1B
100
AcDbEntity
  8
F.Silkscreen
  6
CONTINUOUS
100
AcDbLine
 10
166.8952950000000044
 20
-90.5119040000000012
 30
0
 11
167.085770999999994
 21
-90.4642849999999896
 31
0
  0
LINE
  5
203
330
1B
100
AcDbEntity
  8
F.Silkscreen
  6
CONTINUOUS
100
AcDbLine
 10
167.085770999999994
 20
-90.4642849999999896
 30
0
 11
167.3238659999999811
 21
-90.4642849999999896
 31
0
  0
LINE
  5
204
330
1B
100
AcDbEntity
  8
F.Silkscreen
  6
CONTINUOUS
100
AcDbLine
 10
167.3238659999999811
 20
-90.4642849999999896
 30
0
 11
167.5143419999999992
 21
-90.5119040000000012
 31
0
  0
LINE
  5
205
330
1B
100
AcDbEntity
  8
F.Silkscreen
  6
CONTINUOUS
100
AcDbLine
 10
167.5143419999999992
 20
-90.5119040000000012
 30
0
 11
167.609579999999994
 21
-90.5595229999999987
 31
0
  0
LINE
  5
206
330
1B
100
AcDbEntity
  8
F.Silkscreen
  6
CONTINUOUS
100
AcDbLine
 10
167.609579999999994
 20
-90.5595229999999987
 30
0
 11
167.6571999999999889
 21
-90.6071419999999961
 31
0
  0
LINE
  5
207
330
1B
100
AcDbEntity
  8
F.Silkscreen
  6
CONTINUOUS
100
AcDbLine
 10
167.6571999999999889
 20
-90.6071419999999961
 30
0
 11
167.7048189999999863
 21
-90.7023799999999909
 31
0
  0
LINE
  5
208
330
1B
100
AcDbEntity
  8
F.Silkscreen
  6
CONTINUOUS
100
AcDbLine
 10
167.7048189999999863
 20
-90.7023799999999909
 30
0
 11
167.7048189999999863
 21
-90.7976179999999999
 31
0
  0
LINE
  5
209
330
1B
100
AcDbEntity
  8
F.Silkscreen
  6
CONTINUOUS
100
AcDbLine
 10
167.7048189999999863
 20
-90.7976179999999999
 30
0
 11
167.6571999999999889
 21
-90.8928559999999948
 31
0
  0
LINE
  5
20A
330
1B
100
AcDbEntity
  8
F.Silkscreen
  6
CONTINUOUS
100
AcDbLine
 10
167.6571999999999889
 20
-90.8928559999999948
 30
0
 11
167.609579999999994
 21
-90.9404749999999922
 31
0
  0
LINE
  5
20B
330
1B
100
AcDbEntity
  8
F.Silkscreen
  6
CONTINUOUS
100
AcDbLine
 10
167.609579999999994
 20
-90.9404749999999922
 30
0
 11
167.5143419999999992
 21
-90.9880939999999896
 31
0
  0
LINE
  5
20C
330
1B
100
AcDbEntity
  8
F.Silkscreen
  6
CONTINUOUS
100
AcDbLine
 10
167.5143419999999992
 20
-90.9880939999999896
 30
0
 11
167.3238659999999811
 21
-91.0357130000000012
 31
0
  0
LINE
  5
20D
330
1B
100
AcDbEntity
  8
F.Silkscreen
  6
CONTINUOUS
100
AcDbLine
 10
167.3238659999999811
 20
-91.0357130000000012
 30
0
 11
167.085770999999994
 21
-91.0357130000000012
 31
0
  0
LINE
  5
20E
330
1B
100
AcDbEntity
  8
F.Silkscreen
  6
CONTINUOUS
100
AcDbLine
 10
167.085770999999994
 20
-91.0357130000000012
 30
0
 11
166.8952950000000044
 21
-90.9880939999999896
 31
0
  0
LINE
  5
20F
330
1B
100
AcDbEntity
  8
F.Silkscreen
  6
CONTINUOUS
100
AcDbLine
 10
166.8952950000000044
 20
-90.9880939999999896
 30
0
 11
166.8000569999999811
 21
-90.9404749999999922
 31
0
  0
LINE
  5
210
330
1B
100
AcDbEntity
  8
F.Silkscreen
  6
CONTINUOUS
100
AcDbLine
 10
166.8000569999999811
 20
-90.9404749999999922
 30
0
 11
166.7524379999999837
 21
-90.8928559999999948
 31
0
  0
LINE
  5
211
330
1B
100
AcDbEntity
  8
F.Silkscreen
  6
CONTINUOUS
100
AcDbLine
 10
166.7524379999999837
 20
-90.8928559999999948
 30
0
 11
166.7048189999999863
 21
-90.7976179999999999
 31
0
  0
LINE
  5
212
330
1B
100
AcDbEntity
  8
F.Silkscreen
  6
CONTINUOUS
100
AcDbLine
 10
166.7048189999999863
 20
-89.5595229999999987
 30
0
 11
166.7048189999999863
 21
-90.0357130000000012
 31
0
  0
LINE
  5
213
330
1B
100
AcDbEntity
  8
F.Silkscreen
  6
CONTINUOUS
100
AcDbLine
 10
166.7048189999999863
 20
-90.0357130000000012
 30
0
 11
167.1810089999999889
 21
-90.0833319999999986
 31
0
  0
LINE
  5
214
330
1B
100
AcDbEntity
  8
F.Silkscreen
  6
CONTINUOUS
100
AcDbLine
 10
167.1810089999999889
 20
-90.0833319999999986
 30
0
 11
167.1333899999999915
 21
-90.0357130000000012
 31
0
  0
LINE
  5
215
330
1B
100
AcDbEntity
  8
F.Silkscreen
  6
CONTINUOUS
100
AcDbLine
 10
167.1333899999999915
 20
-90.0357130000000012
 30
0
 11
167.085770999999994
 21
-89.9404749999999922
 31
0
  0
LINE
  5
216
330
1B
100
AcDbEntity
  8
F.Silkscreen
  6
CONTINUOUS
100
AcDbLine
 10
167.085770999999994
 20
-89.9404749999999922
 30
0
 11
167.085770999999994
 21
-89.7023799999999909
 31
0
  0
LINE
  5
217
330
1B
100
AcDbEntity
  8
F.Silkscreen
  6
CONTINUOUS
100
AcDbLine
 10
167.085770999999994
 20
-89.7023799999999909
 30
0
 11
167.1333899999999915
 21
-89.6071419999999961
 31
0
  0
LINE
  5
218
330
1B
100
AcDbEntity
  8
F.Silkscreen
  6
CONTINUOUS
100
AcDbLine
 10
167.1333899999999915
 20
-89.6071419999999961
 30
0
 11
167.1810089999999889
 21
-89.5595229999999987
 31
0
  0
LINE
  5
219
330
1B
100
AcDbEntity
  8
F.Silkscreen
  6
CONTINUOUS
100
AcDbLine
 10
167.1810089999999889
 20
-89.5595229999999987
 30
0
 11
167.2762469999999837
 21
-89.5119040000000012
 31
0
  0
LINE
  5
21A
330
1B
100
AcDbEntity
  8
F.Silkscreen
  6
CONTINUOUS
100
AcDbLine
 10
167.2762469999999837
 20
-89.5119040000000012
 30
0
 11
167.5143419999999992
 21
-89.5119040000000012
 31
0
  0
LINE
  5
21B
330
1B
100
AcDbEntity
  8
F.Silkscreen
  6
CONTINUOUS
100
AcDbLine
 10
167.5143419999999992
 20
-89.5119040000000012
 30
0
 11
167.609579999999994
 21
-89.5595229999999987
 31
0
  0
LINE
  5
21C
330
1B
100
AcDbEntity
  8
F.Silkscreen
  6
CONTINUOUS
100
AcDbLine
 10
167.609579999999994
 20
-89.5595229999999987
 30
0
 11
167.6571999999999889
 21
-89.6071419999999961
 31
0
  0
LINE
  5
21D
330
1B
100
AcDbEntity
  8
F.Silkscreen
  6
CONTINUOUS
100
AcDbLine
 10
167.6571999999999889
 20
-89.6071419999999961
 30
0
 11
167.7048189999999863
 21
-89.7023799999999909
 31
0
  0
LINE
  5
21E
330
1B
100
AcDbEntity
  8
F.Silkscreen
  6
CONTINUOUS
100
AcDbLine
 10
167.7048189999999863
 20
-89.7023799999999909
 30
0
 11
167.7048189999999863
 21
-89.9404749999999922
 31
0
  0
LINE
  5
21F
330
1B
100
AcDbEntity
  8
F.Silkscreen
  6
CONTINUOUS
100
AcDbLine
 10
167.7048189999999863
 20
-89.9404749999999922
 30
0
 11
167.6571999999999889
 21
-90.0357130000000012
 31
0
  0
LINE
  5
220
330
1B
100
AcDbEntity
  8
F.Silkscreen
  6
CONTINUOUS
100
AcDbLine
 10
167.6571999999999889
 20
-90.0357130000000012
 30
0
 11
167.609579999999994
 21
-90.0833319999999986
 31
0
  0
LINE
  5
221
330
1B
100
AcDbEntity
  8
F.Silkscreen
  6
CONTINUOUS
100
AcDbLine
 10
114.839579999999998
 20
-92.3690469999999948
 30
0
 11
114.8871999999999929
 21
-92.4166659999999922
 31
0
  0
LINE
  5
222
330
1B
100
AcDbEntity
  8
F.Silkscreen
  6
CONTINUOUS
100
AcDbLine
 10
114.8871999999999929
 20
-92.4166659999999922
 30
0
 11
114.9348189999999903
 21
-92.5595229999999987
 31
0
  0
LINE
  5
223
330
1B
100
AcDbEntity
  8
F.Silkscreen
  6
CONTINUOUS
100
AcDbLine
 10
114.9348189999999903
 20
-92.5595229999999987
 30
0
 11
114.9348189999999903
 21
-92.6547609999999935
 31
0
  0
LINE
  5
224
330
1B
100
AcDbEntity
  8
F.Silkscreen
  6
CONTINUOUS
100
AcDbLine
 10
114.9348189999999903
 20
-92.6547609999999935
 30
0
 11
114.8871999999999929
 21
-92.7976179999999999
 31
0
  0
LINE
  5
225
330
1B
100
AcDbEntity
  8
F.Silkscreen
  6
CONTINUOUS
100
AcDbLine
 10
114.8871999999999929
 20
-92.7976179999999999
 30
0
 11
114.7919610000000006
 21
-92.8928559999999948
 31
0
  0
LINE
  5
226
330
1B
100
AcDbEntity
  8
F.Silkscreen
  6
CONTINUOUS
100
AcDbLine
 10
114.7919610000000006
 20
-92.8928559999999948
 30
0
 11
114.6967229999999915
 21
-92.9404749999999922
 31
0
  0
LINE
  5
227
330
1B
100
AcDbEntity
  8
F.Silkscreen
  6
CONTINUOUS
100
AcDbLine
 10
114.6967229999999915
 20
-92.9404749999999922
 30
0
 11
114.5062470000000019
 21
-92.9880939999999896
 31
0
  0
LINE
  5
228
330
1B
100
AcDbEntity
  8
F.Silkscreen
  6
CONTINUOUS
100
AcDbLine
 10
114.5062470000000019
 20
-92.9880939999999896
 30
0
 11
114.3633899999999954
 21
-92.9880939999999896
 31
0
  0
LINE
  5
229
330
1B
100
AcDbEntity
  8
F.Silkscreen
  6
CONTINUOUS
100
AcDbLine
 10
114.3633899999999954
 20
-92.9880939999999896
 30
0
 11
114.1729139999999916
 21
-92.9404749999999922
 31
0
  0
LINE
  5
22A
330
1B
100
AcDbEntity
  8
F.Silkscreen
  6
CONTINUOUS
100
AcDbLine
 10
114.1729139999999916
 20
-92.9404749999999922
 30
0
 11
114.0776759999999967
 21
-92.8928559999999948
 31
0
  0
LINE
  5
22B
330
1B
100
AcDbEntity
  8
F.Silkscreen
  6
CONTINUOUS
100
AcDbLine
 10
114.0776759999999967
 20
-92.8928559999999948
 30
0
 11
113.9824380000000019
 21
-92.7976179999999999
 31
0
  0
LINE
  5
22C
330
1B
100
AcDbEntity
  8
F.Silkscreen
  6
CONTINUOUS
100
AcDbLine
 10
113.9824380000000019
 20
-92.7976179999999999
 30
0
 11
113.9348189999999903
 21
-92.6547609999999935
 31
0
  0
LINE
  5
22D
330
1B
100
AcDbEntity
  8
F.Silkscreen
  6
CONTINUOUS
100
AcDbLine
 10
113.9348189999999903
 20
-92.6547609999999935
 30
0
 11
113.9348189999999903
 21
-92.5595229999999987
 31
0
  0
LINE
  5
22E
330
1B
100
AcDbEntity
  8
F.Silkscreen
  6
CONTINUOUS
100
AcDbLine
 10
113.9348189999999903
 20
-92.5595229999999987
 30
0
 11
113.9824380000000019
 21
-92.4166659999999922
 31
0
  0
LINE
  5
22F
330
1B
100
AcDbEntity
  8
F.Silkscreen
  6
CONTINUOUS
100
AcDbLine
 10
113.9824380000000019
 20
-92.4166659999999922
 30
0
 11
114.0300569999999993
 21
-92.3690469999999948
 31
0
  0
LINE
  5
230
330
1B
100
AcDbEntity
  8
F.Silkscreen
  6
CONTINUOUS
100
AcDbLine
 10
114.0300569999999993
 20
-91.9880939999999896
 30
0
 11
113.9824380000000019
 21
-91.9404749999999922
 31
0
  0
LINE
  5
231
330
1B
100
AcDbEntity
  8
F.Silkscreen
  6
CONTINUOUS
100
AcDbLine
 10
113.9824380000000019
 20
-91.9404749999999922
 30
0
 11
113.9348189999999903
 21
-91.8452369999999974
 31
0
  0
LINE
  5
232
330
1B
100
AcDbEntity
  8
F.Silkscreen
  6
CONTINUOUS
100
AcDbLine
 10
113.9348189999999903
 20
-91.8452369999999974
 30
0
 11
113.9348189999999903
 21
-91.6071419999999961
 31
0
  0
LINE
  5
233
330
1B
100
AcDbEntity
  8
F.Silkscreen
  6
CONTINUOUS
100
AcDbLine
 10
113.9348189999999903
 20
-91.6071419999999961
 30
0
 11
113.9824380000000019
 21
-91.5119040000000012
 31
0
  0
LINE
  5
234
330
1B
100
AcDbEntity
  8
F.Silkscreen
  6
CONTINUOUS
100
AcDbLine
 10
113.9824380000000019
 20
-91.5119040000000012
 30
0
 11
114.0300569999999993
 21
-91.4642849999999896
 31
0
  0
LINE
  5
235
330
1B
100
AcDbEntity
  8
F.Silkscreen
  6
CONTINUOUS
100
AcDbLine
 10
114.0300569999999993
 20
-91.4642849999999896
 30
0
 11
114.1252949999999942
 21
-91.4166659999999922
 31
0
  0
LINE
  5
236
330
1B
100
AcDbEntity
  8
F.Silkscreen
  6
CONTINUOUS
100
AcDbLine
 10
114.1252949999999942
 20
-91.4166659999999922
 30
0
 11
114.220532999999989
 21
-91.4166659999999922
 31
0
  0
LINE
  5
237
330
1B
100
AcDbEntity
  8
F.Silkscreen
  6
CONTINUOUS
100
AcDbLine
 10
114.220532999999989
 20
-91.4166659999999922
 30
0
 11
114.3633899999999954
 21
-91.4642849999999896
 31
0
  0
LINE
  5
238
330
1B
100
AcDbEntity
  8
F.Silkscreen
  6
CONTINUOUS
100
AcDbLine
 10
114.3633899999999954
 20
-91.4642849999999896
 30
0
 11
114.9348189999999903
 21
-92.0357130000000012
 31
0
  0
LINE
  5
239
330
1B
100
AcDbEntity
  8
F.Silkscreen
  6
CONTINUOUS
100
AcDbLine
 10
114.9348189999999903
 20
-92.0357130000000012
 30
0
 11
114.9348189999999903
 21
-91.4166659999999922
 31
0
  0
LINE
  5
23A
330
1B
100
AcDbEntity
  8
F.Silkscreen
  6
CONTINUOUS
100
AcDbLine
 10
113.9348189999999903
 20
-90.7976179999999999
 30
0
 11
113.9348189999999903
 21
-90.7023799999999909
 31
0
  0
LINE
  5
23B
330
1B
100
AcDbEntity
  8
F.Silkscreen
  6
CONTINUOUS
100
AcDbLine
 10
113.9348189999999903
 20
-90.7023799999999909
 30
0
 11
113.9824380000000019
 21
-90.6071419999999961
 31
0
  0
LINE
  5
23C
330
1B
100
AcDbEntity
  8
F.Silkscreen
  6
CONTINUOUS
100
AcDbLine
 10
113.9824380000000019
 20
-90.6071419999999961
 30
0
 11
114.0300569999999993
 21
-90.5595229999999987
 31
0
  0
LINE
  5
23D
330
1B
100
AcDbEntity
  8
F.Silkscreen
  6
CONTINUOUS
100
AcDbLine
 10
114.0300569999999993
 20
-90.5595229999999987
 30
0
 11
114.1252949999999942
 21
-90.5119040000000012
 31
0
  0
LINE
  5
23E
330
1B
100
AcDbEntity
  8
F.Silkscreen
  6
CONTINUOUS
100
AcDbLine
 10
114.1252949999999942
 20
-90.5119040000000012
 30
0
 11
114.315770999999998
 21
-90.4642849999999896
 31
0
  0
LINE
  5
23F
330
1B
100
AcDbEntity
  8
F.Silkscreen
  6
CONTINUOUS
100
AcDbLine
 10
114.315770999999998
 20
-90.4642849999999896
 30
0
 11
114.5538659999999993
 21
-90.4642849999999896
 31
0
  0
LINE
  5
240
330
1B
100
AcDbEntity
  8
F.Silkscreen
  6
CONTINUOUS
100
AcDbLine
 10
114.5538659999999993
 20
-90.4642849999999896
 30
0
 11
114.744341999999989
 21
-90.5119040000000012
 31
0
  0
LINE
  5
241
330
1B
100
AcDbEntity
  8
F.Silkscreen
  6
CONTINUOUS
100
AcDbLine
 10
114.744341999999989
 20
-90.5119040000000012
 30
0
 11
114.839579999999998
 21
-90.5595229999999987
 31
0
  0
LINE
  5
242
330
1B
100
AcDbEntity
  8
F.Silkscreen
  6
CONTINUOUS
100
AcDbLine
 10
114.839579999999998
 20
-90.5595229999999987
 30
0
 11
114.8871999999999929
 21
-90.6071419999999961
 31
0
  0
LINE
  5
243
330
1B
100
AcDbEntity
  8
F.Silkscreen
  6
CONTINUOUS
100
AcDbLine
 10
114.8871999999999929
 20
-90.6071419999999961
 30
0
 11
114.9348189999999903
 21
-90.7023799999999909
 31
0
  0
LINE
  5
244
330
1B
100
AcDbEntity
  8
F.Silkscreen
  6
CONTINUOUS
100
AcDbLine
 10
114.9348189999999903
 20
-90.7023799999999909
 30
0
 11
114.9348189999999903
 21
-90.7976179999999999
 31
0
  0
LINE
  5
245
330
1B
100
AcDbEntity
  8
F.Silkscreen
  6
CONTINUOUS
100
AcDbLine
 10
114.9348189999999903
 20
-90.7976179999999999
 30
0
 11
114.8871999999999929
 21
-90.8928559999999948
 31
0
  0
LINE
  5
246
330
1B
100
AcDbEntity
  8
F.Silkscreen
  6
CONTINUOUS
100
AcDbLine
 10
114.8871999999999929
 20
-90.8928559999999948
 30
0
 11
114.839579999999998
 21
-90.9404749999999922
 31
0
  0
LINE
  5
247
330
1B
100
AcDbEntity
  8
F.Silkscreen
  6
CONTINUOUS
100
AcDbLine
 10
114.839579999999998
 20
-90.9404749999999922
 30
0
 11
114.744341999999989
 21
-90.9880939999999896
 31
0
  0
LINE
  5
248
330
1B
100
AcDbEntity
  8
F.Silkscreen
  6
CONTINUOUS
100
AcDbLine
 10
114.744341999999989
 20
-90.9880939999999896
 30
0
 11
114.5538659999999993
 21
-91.0357130000000012
 31
0
  0
LINE
  5
249
330
1B
100
AcDbEntity
  8
F.Silkscreen
  6
CONTINUOUS
100
AcDbLine
 10
114.5538659999999993
 20
-91.0357130000000012
 30
0
 11
114.315770999999998
 21
-91.0357130000000012
 31
0
  0
LINE
  5
24A
330
1B
100
AcDbEntity
  8
F.Silkscreen
  6
CONTINUOUS
100
AcDbLine
 10
114.315770999999998
 20
-91.0357130000000012
 30
0
 11
114.1252949999999942
 21
-90.9880939999999896
 31
0
  0
LINE
  5
24B
330
1B
100
AcDbEntity
  8
F.Silkscreen
  6
CONTINUOUS
100
AcDbLine
 10
114.1252949999999942
 20
-90.9880939999999896
 30
0
 11
114.0300569999999993
 21
-90.9404749999999922
 31
0
  0
LINE
  5
24C
330
1B
100
AcDbEntity
  8
F.Silkscreen
  6
CONTINUOUS
100
AcDbLine
 10
114.0300569999999993
 20
-90.9404749999999922
 30
0
 11
113.9824380000000019
 21
-90.8928559999999948
 31
0
  0
LINE
  5
24D
330
1B
100
AcDbEntity
  8
F.Silkscreen
  6
CONTINUOUS
100
AcDbLine
 10
113.9824380000000019
 20
-90.8928559999999948
 30
0
 11
113.9348189999999903
 21
-90.7976179999999999
 31
0
  0
LINE
  5
24E
330
1B
100
AcDbEntity
  8
F.Silkscreen
  6
CONTINUOUS
100
AcDbLine
 10
114.0300569999999993
 20
-90.0833319999999986
 30
0
 11
113.9824380000000019
 21
-90.0357130000000012
 31
0
  0
LINE
  5
24F
330
1B
100
AcDbEntity
  8
F.Silkscreen
  6
CONTINUOUS
100
AcDbLine
 10
113.9824380000000019
 20
-90.0357130000000012
 30
0
 11
113.9348189999999903
 21
-89.9404749999999922
 31
0
  0
LINE
  5
250
330
1B
100
AcDbEntity
  8
F.Silkscreen
  6
CONTINUOUS
100
AcDbLine
 10
113.9348189999999903
 20
-89.9404749999999922
 30
0
 11
113.9348189999999903
 21
-89.7023799999999909
 31
0
  0
LINE
  5
251
330
1B
100
AcDbEntity
  8
F.Silkscreen
  6
CONTINUOUS
100
AcDbLine
 10
113.9348189999999903
 20
-89.7023799999999909
 30
0
 11
113.9824380000000019
 21
-89.6071419999999961
 31
0
  0
LINE
  5
252
330
1B
100
AcDbEntity
  8
F.Silkscreen
  6
CONTINUOUS
100
AcDbLine
 10
113.9824380000000019
 20
-89.6071419999999961
 30
0
 11
114.0300569999999993
 21
-89.5595229999999987
 31
0
  0
LINE
  5
253
330
1B
100
AcDbEntity
  8
F.Silkscreen
  6
CONTINUOUS
100
AcDbLine
 10
114.0300569999999993
 20
-89.5595229999999987
 30
0
 11
114.1252949999999942
 21
-89.5119040000000012
 31
0
  0
LINE
  5
254
330
1B
100
AcDbEntity
  8
F.Silkscreen
  6
CONTINUOUS
100
AcDbLine
 10
114.1252949999999942
 20
-89.5119040000000012
 30
0
 11
114.220532999999989
 21
-89.5119040000000012
 31
0
  0
LINE
  5
255
330
1B
100
AcDbEntity
  8
F.Silkscreen
  6
CONTINUOUS
100
AcDbLine
 10
114.220532999999989
 20
-89.5119040000000012
 30
0
 11
114.3633899999999954
 21
-89.5595229999999987
 31
0
  0
LINE
  5
256
330
1B
100
AcDbEntity
  8
F.Silkscreen
  6
CONTINUOUS
100
AcDbLine
 10
114.3633899999999954
 20
-89.5595229999999987
 30
0
 11
114.9348189999999903
 21
-90.130950999999996
 31
0
  0
LINE
  5
257
330
1B
100
AcDbEntity
  8
F.Silkscreen
  6
CONTINUOUS
100
AcDbLine
 10
114.9348189999999903
 20
-90.130950999999996
 30
0
 11
114.9348189999999903
 21
-89.5119040000000012
 31
0
  0
LINE
  5
258
330
1B
100
AcDbEntity
  8
F.Silkscreen
  6
CONTINUOUS
100
AcDbLine
 10
138.1309520000000077
 20
-109.609579999999994
 30
0
 11
138.0833329999999819
 21
-109.6571999999999889
 31
0
  0
LINE
  5
259
330
1B
100
AcDbEntity
  8
F.Silkscreen
  6
CONTINUOUS
100
AcDbLine
 10
138.0833329999999819
 20
-109.6571999999999889
 30
0
 11
137.9404759999999897
 21
-109.7048190000000005
 31
0
  0
LINE
  5
25A
330
1B
100
AcDbEntity
  8
F.Silkscreen
  6
CONTINUOUS
100
AcDbLine
 10
137.9404759999999897
 20
-109.7048190000000005
 30
0
 11
137.8452379999999948
 21
-109.7048190000000005
 31
0
  0
LINE
  5
25B
330
1B
100
AcDbEntity
  8
F.Silkscreen
  6
CONTINUOUS
100
AcDbLine
 10
137.8452379999999948
 20
-109.7048190000000005
 30
0
 11
137.7023810000000026
 21
-109.6571999999999889
 31
0
  0
LINE
  5
25C
330
1B
100
AcDbEntity
  8
F.Silkscreen
  6
CONTINUOUS
100
AcDbLine
 10
137.7023810000000026
 20
-109.6571999999999889
 30
0
 11
137.6071430000000078
 21
-109.5619609999999966
 31
0
  0
LINE
  5
25D
330
1B
100
AcDbEntity
  8
F.Silkscreen
  6
CONTINUOUS
100
AcDbLine
 10
137.6071430000000078
 20
-109.5619609999999966
 30
0
 11
137.5595239999999819
 21
-109.4667230000000018
 31
0
  0
LINE
  5
25E
330
1B
100
AcDbEntity
  8
F.Silkscreen
  6
CONTINUOUS
100
AcDbLine
 10
137.5595239999999819
 20
-109.4667230000000018
 30
0
 11
137.5119049999999845
 21
-109.2762469999999979
 31
0
  0
LINE
  5
25F
330
1B
100
AcDbEntity
  8
F.Silkscreen
  6
CONTINUOUS
100
AcDbLine
 10
137.5119049999999845
 20
-109.2762469999999979
 30
0
 11
137.5119049999999845
 21
-109.1333899999999915
 31
0
  0
LINE
  5
260
330
1B
100
AcDbEntity
  8
F.Silkscreen
  6
CONTINUOUS
100
AcDbLine
 10
137.5119049999999845
 20
-109.1333899999999915
 30
0
 11
137.5595239999999819
 21
-108.9429140000000018
 31
0
  0
LINE
  5
261
330
1B
100
AcDbEntity
  8
F.Silkscreen
  6
CONTINUOUS
100
AcDbLine
 10
137.5595239999999819
 20
-108.9429140000000018
 30
0
 11
137.6071430000000078
 21
-108.8476759999999928
 31
0
  0
LINE
  5
262
330
1B
100
AcDbEntity
  8
F.Silkscreen
  6
CONTINUOUS
100
AcDbLine
 10
137.6071430000000078
 20
-108.8476759999999928
 30
0
 11
137.7023810000000026
 21
-108.7524379999999979
 31
0
  0
LINE
  5
263
330
1B
100
AcDbEntity
  8
F.Silkscreen
  6
CONTINUOUS
100
AcDbLine
 10
137.7023810000000026
 20
-108.7524379999999979
 30
0
 11
137.8452379999999948
 21
-108.7048190000000005
 31
0
  0
LINE
  5
264
330
1B
100
AcDbEntity
  8
F.Silkscreen
  6
CONTINUOUS
100
AcDbLine
 10
137.8452379999999948
 20
-108.7048190000000005
 30
0
 11
137.9404759999999897
 21
-108.7048190000000005
 31
0
  0
LINE
  5
265
330
1B
100
AcDbEntity
  8
F.Silkscreen
  6
CONTINUOUS
100
AcDbLine
 10
137.9404759999999897
 20
-108.7048190000000005
 30
0
 11
138.0833329999999819
 21
-108.7524379999999979
 31
0
  0
LINE
  5
266
330
1B
100
AcDbEntity
  8
F.Silkscreen
  6
CONTINUOUS
100
AcDbLine
 10
138.0833329999999819
 20
-108.7524379999999979
 30
0
 11
138.1309520000000077
 21
-108.8000569999999954
 31
0
  0
LINE
  5
267
330
1B
100
AcDbEntity
  8
F.Silkscreen
  6
CONTINUOUS
100
AcDbLine
 10
138.5119049999999845
 20
-108.8000569999999954
 30
0
 11
138.5595239999999819
 21
-108.7524379999999979
 31
0
  0
LINE
  5
268
330
1B
100
AcDbEntity
  8
F.Silkscreen
  6
CONTINUOUS
100
AcDbLine
 10
138.5595239999999819
 20
-108.7524379999999979
 30
0
 11
138.6547620000000052
 21
-108.7048190000000005
 31
0
  0
LINE
  5
269
330
1B
100
AcDbEntity
  8
F.Silkscreen
  6
CONTINUOUS
100
AcDbLine
 10
138.6547620000000052
 20
-108.7048190000000005
 30
0
 11
138.8928569999999922
 21
-108.7048190000000005
 31
0
  0
LINE
  5
26A
330
1B
100
AcDbEntity
  8
F.Silkscreen
  6
CONTINUOUS
100
AcDbLine
 10
138.8928569999999922
 20
-108.7048190000000005
 30
0
 11
138.9880949999999871
 21
-108.7524379999999979
 31
0
  0
LINE
  5
26B
330
1B
100
AcDbEntity
  8
F.Silkscreen
  6
CONTINUOUS
100
AcDbLine
 10
138.9880949999999871
 20
-108.7524379999999979
 30
0
 11
139.0357139999999845
 21
-108.8000569999999954
 31
0
  0
LINE
  5
26C
330
1B
100
AcDbEntity
  8
F.Silkscreen
  6
CONTINUOUS
100
AcDbLine
 10
139.0357139999999845
 20
-108.8000569999999954
 30
0
 11
139.0833329999999819
 21
-108.8952949999999902
 31
0
  0
LINE
  5
26D
330
1B
100
AcDbEntity
  8
F.Silkscreen
  6
CONTINUOUS
100
AcDbLine
 10
139.0833329999999819
 20
-108.8952949999999902
 30
0
 11
139.0833329999999819
 21
-108.9905329999999992
 31
0
  0
LINE
  5
26E
330
1B
100
AcDbEntity
  8
F.Silkscreen
  6
CONTINUOUS
100
AcDbLine
 10
139.0833329999999819
 20
-108.9905329999999992
 30
0
 11
139.0357139999999845
 21
-109.1333899999999915
 31
0
  0
LINE
  5
26F
330
1B
100
AcDbEntity
  8
F.Silkscreen
  6
CONTINUOUS
100
AcDbLine
 10
139.0357139999999845
 20
-109.1333899999999915
 30
0
 11
138.4642859999999871
 21
-109.7048190000000005
 31
0
  0
LINE
  5
270
330
1B
100
AcDbEntity
  8
F.Silkscreen
  6
CONTINUOUS
100
AcDbLine
 10
138.4642859999999871
 20
-109.7048190000000005
 30
0
 11
139.0833329999999819
 21
-109.7048190000000005
 31
0
  0
LINE
  5
271
330
1B
100
AcDbEntity
  8
F.Silkscreen
  6
CONTINUOUS
100
AcDbLine
 10
139.7023810000000026
 20
-108.7048190000000005
 30
0
 11
139.7976189999999974
 21
-108.7048190000000005
 31
0
  0
LINE
  5
272
330
1B
100
AcDbEntity
  8
F.Silkscreen
  6
CONTINUOUS
100
AcDbLine
 10
139.7976189999999974
 20
-108.7048190000000005
 30
0
 11
139.8928569999999922
 21
-108.7524379999999979
 31
0
  0
LINE
  5
273
330
1B
100
AcDbEntity
  8
F.Silkscreen
  6
CONTINUOUS
100
AcDbLine
 10
139.8928569999999922
 20
-108.7524379999999979
 30
0
 11
139.9404759999999897
 21
-108.8000569999999954
 31
0
  0
LINE
  5
274
330
1B
100
AcDbEntity
  8
F.Silkscreen
  6
CONTINUOUS
100
AcDbLine
 10
139.9404759999999897
 20
-108.8000569999999954
 30
0
 11
139.9880949999999871
 21
-108.8952949999999902
 31
0
  0
LINE
  5
275
330
1B
100
AcDbEntity
  8
F.Silkscreen
  6
CONTINUOUS
100
AcDbLine
 10
139.9880949999999871
 20
-108.8952949999999902
 30
0
 11
140.0357139999999845
 21
-109.085770999999994
 31
0
  0
LINE
  5
276
330
1B
100
AcDbEntity
  8
F.Silkscreen
  6
CONTINUOUS
100
AcDbLine
 10
140.0357139999999845
 20
-109.085770999999994
 30
0
 11
140.0357139999999845
 21
-109.3238659999999953
 31
0
  0
LINE
  5
277
330
1B
100
AcDbEntity
  8
F.Silkscreen
  6
CONTINUOUS
100
AcDbLine
 10
140.0357139999999845
 20
-109.3238659999999953
 30
0
 11
139.9880949999999871
 21
-109.5143419999999992
 31
0
  0
LINE
  5
278
330
1B
100
AcDbEntity
  8
F.Silkscreen
  6
CONTINUOUS
100
AcDbLine
 10
139.9880949999999871
 20
-109.5143419999999992
 30
0
 11
139.9404759999999897
 21
-109.609579999999994
 31
0
  0
LINE
  5
279
330
1B
100
AcDbEntity
  8
F.Silkscreen
  6
CONTINUOUS
100
AcDbLine
 10
139.9404759999999897
 20
-109.609579999999994
 30
0
 11
139.8928569999999922
 21
-109.6571999999999889
 31
0
  0
LINE
  5
27A
330
1B
100
AcDbEntity
  8
F.Silkscreen
  6
CONTINUOUS
100
AcDbLine
 10
139.8928569999999922
 20
-109.6571999999999889
 30
0
 11
139.7976189999999974
 21
-109.7048190000000005
 31
0
  0
LINE
  5
27B
330
1B
100
AcDbEntity
  8
F.Silkscreen
  6
CONTINUOUS
100
AcDbLine
 10
139.7976189999999974
 20
-109.7048190000000005
 30
0
 11
139.7023810000000026
 21
-109.7048190000000005
 31
0
  0
LINE
  5
27C
330
1B
100
AcDbEntity
  8
F.Silkscreen
  6
CONTINUOUS
100
AcDbLine
 10
139.7023810000000026
 20
-109.7048190000000005
 30
0
 11
139.6071430000000078
 21
-109.6571999999999889
 31
0
  0
LINE
  5
27D
330
1B
100
AcDbEntity
  8
F.Silkscreen
  6
CONTINUOUS
100
AcDbLine
 10
139.6071430000000078
 20
-109.6571999999999889
 30
0
 11
139.5595239999999819
 21
-109.609579999999994
 31
0
  0
LINE
  5
27E
330
1B
100
AcDbEntity
  8
F.Silkscreen
  6
CONTINUOUS
100
AcDbLine
 10
139.5595239999999819
 20
-109.609579999999994
 30
0
 11
139.5119049999999845
 21
-109.5143419999999992
 31
0
  0
LINE
  5
27F
330
1B
100
AcDbEntity
  8
F.Silkscreen
  6
CONTINUOUS
100
AcDbLine
 10
139.5119049999999845
 20
-109.5143419999999992
 30
0
 11
139.4642859999999871
 21
-109.3238659999999953
 31
0
  0
LINE
  5
280
330
1B
100
AcDbEntity
  8
F.Silkscreen
  6
CONTINUOUS
100
AcDbLine
 10
139.4642859999999871
 20
-109.3238659999999953
 30
0
 11
139.4642859999999871
 21
-109.085770999999994
 31
0
  0
LINE
  5
281
330
1B
100
AcDbEntity
  8
F.Silkscreen
  6
CONTINUOUS
100
AcDbLine
 10
139.4642859999999871
 20
-109.085770999999994
 30
0
 11
139.5119049999999845
 21
-108.8952949999999902
 31
0
  0
LINE
  5
282
330
1B
100
AcDbEntity
  8
F.Silkscreen
  6
CONTINUOUS
100
AcDbLine
 10
139.5119049999999845
 20
-108.8952949999999902
 30
0
 11
139.5595239999999819
 21
-108.8000569999999954
 31
0
  0
LINE
  5
283
330
1B
100
AcDbEntity
  8
F.Silkscreen
  6
CONTINUOUS
100
AcDbLine
 10
139.5595239999999819
 20
-108.8000569999999954
 30
0
 11
139.6071430000000078
 21
-108.7524379999999979
 31
0
  0
LINE
  5
284
330
1B
100
AcDbEntity
  8
F.Silkscreen
  6
CONTINUOUS
100
AcDbLine
 10
139.6071430000000078
 20
-108.7524379999999979
 30
0
 11
139.7023810000000026
 21
-108.7048190000000005
 31
0
  0
LINE
  5
285
330
1B
100
AcDbEntity
  8
F.Silkscreen
  6
CONTINUOUS
100
AcDbLine
 10
140.8928569999999922
 20
-108.7048190000000005
 30
0
 11
140.7023810000000026
 21
-108.7048190000000005
 31
0
  0
LINE
  5
286
330
1B
100
AcDbEntity
  8
F.Silkscreen
  6
CONTINUOUS
100
AcDbLine
 10
140.7023810000000026
 20
-108.7048190000000005
 30
0
 11
140.6071430000000078
 21
-108.7524379999999979
 31
0
  0
LINE
  5
287
330
1B
100
AcDbEntity
  8
F.Silkscreen
  6
CONTINUOUS
100
AcDbLine
 10
140.6071430000000078
 20
-108.7524379999999979
 30
0
 11
140.5595239999999819
 21
-108.8000569999999954
 31
0
  0
LINE
  5
288
330
1B
100
AcDbEntity
  8
F.Silkscreen
  6
CONTINUOUS
100
AcDbLine
 10
140.5595239999999819
 20
-108.8000569999999954
 30
0
 11
140.4642859999999871
 21
-108.9429140000000018
 31
0
  0
LINE
  5
289
330
1B
100
AcDbEntity
  8
F.Silkscreen
  6
CONTINUOUS
100
AcDbLine
 10
140.4642859999999871
 20
-108.9429140000000018
 30
0
 11
140.4166669999999897
 21
-109.1333899999999915
 31
0
  0
LINE
  5
28A
330
1B
100
AcDbEntity
  8
F.Silkscreen
  6
CONTINUOUS
100
AcDbLine
 10
140.4166669999999897
 20
-109.1333899999999915
 30
0
 11
140.4166669999999897
 21
-109.5143419999999992
 31
0
  0
LINE
  5
28B
330
1B
100
AcDbEntity
  8
F.Silkscreen
  6
CONTINUOUS
100
AcDbLine
 10
140.4166669999999897
 20
-109.5143419999999992
 30
0
 11
140.4642859999999871
 21
-109.609579999999994
 31
0
  0
LINE
  5
28C
330
1B
100
AcDbEntity
  8
F.Silkscreen
  6
CONTINUOUS
100
AcDbLine
 10
140.4642859999999871
 20
-109.609579999999994
 30
0
 11
140.5119049999999845
 21
-109.6571999999999889
 31
0
  0
LINE
  5
28D
330
1B
100
AcDbEntity
  8
F.Silkscreen
  6
CONTINUOUS
100
AcDbLine
 10
140.5119049999999845
 20
-109.6571999999999889
 30
0
 11
140.6071430000000078
 21
-109.7048190000000005
 31
0
  0
LINE
  5
28E
330
1B
100
AcDbEntity
  8
F.Silkscreen
  6
CONTINUOUS
100
AcDbLine
 10
140.6071430000000078
 20
-109.7048190000000005
 30
0
 11
140.7976189999999974
 21
-109.7048190000000005
 31
0
  0
LINE
  5
28F
330
1B
100
AcDbEntity
  8
F.Silkscreen
  6
CONTINUOUS
100
AcDbLine
 10
140.7976189999999974
 20
-109.7048190000000005
 30
0
 11
140.8928569999999922
 21
-109.6571999999999889
 31
0
  0
LINE
  5
290
330
1B
100
AcDbEntity
  8
F.Silkscreen
  6
CONTINUOUS
100
AcDbLine
 10
140.8928569999999922
 20
-109.6571999999999889
 30
0
 11
140.9404759999999897
 21
-109.609579999999994
 31
0
  0
LINE
  5
291
330
1B
100
AcDbEntity
  8
F.Silkscreen
  6
CONTINUOUS
100
AcDbLine
 10
140.9404759999999897
 20
-109.609579999999994
 30
0
 11
140.9880949999999871
 21
-109.5143419999999992
 31
0
  0
LINE
  5
292
330
1B
100
AcDbEntity
  8
F.Silkscreen
  6
CONTINUOUS
100
AcDbLine
 10
140.9880949999999871
 20
-109.5143419999999992
 30
0
 11
140.9880949999999871
 21
-109.2762469999999979
 31
0
  0
LINE
  5
293
330
1B
100
AcDbEntity
  8
F.Silkscreen
  6
CONTINUOUS
100
AcDbLine
 10
140.9880949999999871
 20
-109.2762469999999979
 30
0
 11
140.9404759999999897
 21
-109.1810089999999889
 31
0
  0
LINE
  5
294
330
1B
100
AcDbEntity
  8
F.Silkscreen
  6
CONTINUOUS
100
AcDbLine
 10
140.9404759999999897
 20
-109.1810089999999889
 30
0
 11
140.8928569999999922
 21
-109.1333899999999915
 31
0
  0
LINE
  5
295
330
1B
100
AcDbEntity
  8
F.Silkscreen
  6
CONTINUOUS
100
AcDbLine
 10
140.8928569999999922
 20
-109.1333899999999915
 30
0
 11
140.7976189999999974
 21
-109.085770999999994
 31
0
  0
LINE
  5
296
330
1B
100
AcDbEntity
  8
F.Silkscreen
  6
CONTINUOUS
100
AcDbLine
 10
140.7976189999999974
 20
-109.085770999999994
 30
0
 11
140.6071430000000078
 21
-109.085770999999994
 31
0
  0
LINE
  5
297
330
1B
100
AcDbEntity
  8
F.Silkscreen
  6
CONTINUOUS
100
AcDbLine
 10
140.6071430000000078
 20
-109.085770999999994
 30
0
 11
140.5119049999999845
 21
-109.1333899999999915
 31
0
  0
LINE
  5
298
330
1B
100
AcDbEntity
  8
F.Silkscreen
  6
CONTINUOUS
100
AcDbLine
 10
140.5119049999999845
 20
-109.1333899999999915
 30
0
 11
140.4642859999999871
 21
-109.1810089999999889
 31
0
  0
LINE
  5
299
330
1B
100
AcDbEntity
  8
F.Silkscreen
  6
CONTINUOUS
100
AcDbLine
 10
140.4642859999999871
 20
-109.1810089999999889
 30
0
 11
140.4166669999999897
 21
-109.2762469999999979
 31
0
  0
LINE
  5
29A
330
1B
100
AcDbEntity
  8
F.Silkscreen
  6
CONTINUOUS
100
AcDbLine
 10
72.064819
 20
-57.9890469999999993
 30
0
 11
72.064819
 21
-58.4652369999999948
 31
0
  0
LINE
  5
29B
330
1B
100
AcDbEntity
  8
F.Silkscreen
  6
CONTINUOUS
100
AcDbLine
 10
72.064819
 20
-58.4652369999999948
 30
0
 11
71.064819
 21
-58.4652369999999948
 31
0
  0
LINE
  5
29C
330
1B
100
AcDbEntity
  8
F.Silkscreen
  6
CONTINUOUS
100
AcDbLine
 10
72.064819
 20
-57.1319039999999987
 30
0
 11
72.064819
 21
-57.7033319999999961
 31
0
  0
LINE
  5
29D
330
1B
100
AcDbEntity
  8
F.Silkscreen
  6
CONTINUOUS
100
AcDbLine
 10
72.064819
 20
-57.4176179999999974
 30
0
 11
71.064819
 21
-57.4176179999999974
 31
0
  0
LINE
  5
29E
330
1B
100
AcDbEntity
  8
F.Silkscreen
  6
CONTINUOUS
100
AcDbLine
 10
71.064819
 20
-57.4176179999999974
 30
0
 11
71.2076759999999922
 21
-57.5128559999999993
 31
0
  0
LINE
  5
29F
330
1B
100
AcDbEntity
  8
F.Silkscreen
  6
CONTINUOUS
100
AcDbLine
 10
71.2076759999999922
 20
-57.5128559999999993
 30
0
 11
71.3029140000000012
 21
-57.6080939999999941
 31
0
  0
LINE
  5
2A0
330
1B
100
AcDbEntity
  8
F.Silkscreen
  6
CONTINUOUS
100
AcDbLine
 10
71.3029140000000012
 20
-57.6080939999999941
 30
0
 11
71.3505329999999987
 21
-57.7033319999999961
 31
0
  0
LINE
  5
2A1
330
1B
100
AcDbEntity
  8
F.Silkscreen
  6
CONTINUOUS
100
AcDbLine
 10
71.064819
 20
-56.5128559999999993
 30
0
 11
71.064819
 21
-56.4176179999999974
 31
0
  0
LINE
  5
2A2
330
1B
100
AcDbEntity
  8
F.Silkscreen
  6
CONTINUOUS
100
AcDbLine
 10
71.064819
 20
-56.4176179999999974
 30
0
 11
71.1124379999999974
 21
-56.3223799999999954
 31
0
  0
LINE
  5
2A3
330
1B
100
AcDbEntity
  8
F.Silkscreen
  6
CONTINUOUS
100
AcDbLine
 10
71.1124379999999974
 20
-56.3223799999999954
 30
0
 11
71.1600569999999948
 21
-56.274760999999998
 31
0
  0
LINE
  5
2A4
330
1B
100
AcDbEntity
  8
F.Silkscreen
  6
CONTINUOUS
100
AcDbLine
 10
71.1600569999999948
 20
-56.274760999999998
 30
0
 11
71.2552950000000038
 21
-56.2271420000000006
 31
0
  0
LINE
  5
2A5
330
1B
100
AcDbEntity
  8
F.Silkscreen
  6
CONTINUOUS
100
AcDbLine
 10
71.2552950000000038
 20
-56.2271420000000006
 30
0
 11
71.4457709999999935
 21
-56.1795229999999961
 31
0
  0
LINE
  5
2A6
330
1B
100
AcDbEntity
  8
F.Silkscreen
  6
CONTINUOUS
100
AcDbLine
 10
71.4457709999999935
 20
-56.1795229999999961
 30
0
 11
71.6838659999999948
 21
-56.1795229999999961
 31
0
  0
LINE
  5
2A7
330
1B
100
AcDbEntity
  8
F.Silkscreen
  6
CONTINUOUS
100
AcDbLine
 10
71.6838659999999948
 20
-56.1795229999999961
 30
0
 11
71.8743419999999986
 21
-56.2271420000000006
 31
0
  0
LINE
  5
2A8
330
1B
100
AcDbEntity
  8
F.Silkscreen
  6
CONTINUOUS
100
AcDbLine
 10
71.8743419999999986
 20
-56.2271420000000006
 30
0
 11
71.9695799999999934
 21
-56.274760999999998
 31
0
  0
LINE
  5
2A9
330
1B
100
AcDbEntity
  8
F.Silkscreen
  6
CONTINUOUS
100
AcDbLine
 10
71.9695799999999934
 20
-56.274760999999998
 30
0
 11
72.0172000000000025
 21
-56.3223799999999954
 31
0
  0
LINE
  5
2AA
330
1B
100
AcDbEntity
  8
F.Silkscreen
  6
CONTINUOUS
100
AcDbLine
 10
72.0172000000000025
 20
-56.3223799999999954
 30
0
 11
72.064819
 21
-56.4176179999999974
 31
0
  0
LINE
  5
2AB
330
1B
100
AcDbEntity
  8
F.Silkscreen
  6
CONTINUOUS
100
AcDbLine
 10
72.064819
 20
-56.4176179999999974
 30
0
 11
72.064819
 21
-56.5128559999999993
 31
0
  0
LINE
  5
2AC
330
1B
100
AcDbEntity
  8
F.Silkscreen
  6
CONTINUOUS
100
AcDbLine
 10
72.064819
 20
-56.5128559999999993
 30
0
 11
72.0172000000000025
 21
-56.6080939999999941
 31
0
  0
LINE
  5
2AD
330
1B
100
AcDbEntity
  8
F.Silkscreen
  6
CONTINUOUS
100
AcDbLine
 10
72.0172000000000025
 20
-56.6080939999999941
 30
0
 11
71.9695799999999934
 21
-56.6557129999999987
 31
0
  0
LINE
  5
2AE
330
1B
100
AcDbEntity
  8
F.Silkscreen
  6
CONTINUOUS
100
AcDbLine
 10
71.9695799999999934
 20
-56.6557129999999987
 30
0
 11
71.8743419999999986
 21
-56.7033319999999961
 31
0
  0
LINE
  5
2AF
330
1B
100
AcDbEntity
  8
F.Silkscreen
  6
CONTINUOUS
100
AcDbLine
 10
71.8743419999999986
 20
-56.7033319999999961
 30
0
 11
71.6838659999999948
 21
-56.7509510000000006
 31
0
  0
LINE
  5
2B0
330
1B
100
AcDbEntity
  8
F.Silkscreen
  6
CONTINUOUS
100
AcDbLine
 10
71.6838659999999948
 20
-56.7509510000000006
 30
0
 11
71.4457709999999935
 21
-56.7509510000000006
 31
0
  0
LINE
  5
2B1
330
1B
100
AcDbEntity
  8
F.Silkscreen
  6
CONTINUOUS
100
AcDbLine
 10
71.4457709999999935
 20
-56.7509510000000006
 30
0
 11
71.2552950000000038
 21
-56.7033319999999961
 31
0
  0
LINE
  5
2B2
330
1B
100
AcDbEntity
  8
F.Silkscreen
  6
CONTINUOUS
100
AcDbLine
 10
71.2552950000000038
 20
-56.7033319999999961
 30
0
 11
71.1600569999999948
 21
-56.6557129999999987
 31
0
  0
LINE
  5
2B3
330
1B
100
AcDbEntity
  8
F.Silkscreen
  6
CONTINUOUS
100
AcDbLine
 10
71.1600569999999948
 20
-56.6557129999999987
 30
0
 11
71.1124379999999974
 21
-56.6080939999999941
 31
0
  0
LINE
  5
2B4
330
1B
100
AcDbEntity
  8
F.Silkscreen
  6
CONTINUOUS
100
AcDbLine
 10
71.1124379999999974
 20
-56.6080939999999941
 30
0
 11
71.064819
 21
-56.5128559999999993
 31
0
  0
LINE
  5
2B5
330
1B
100
AcDbEntity
  8
F.Silkscreen
  6
CONTINUOUS
100
AcDbLine
 10
72.064819
 20
-55.2271420000000006
 30
0
 11
72.064819
 21
-55.798569999999998
 31
0
  0
LINE
  5
2B6
330
1B
100
AcDbEntity
  8
F.Silkscreen
  6
CONTINUOUS
100
AcDbLine
 10
72.064819
 20
-55.5128559999999993
 30
0
 11
71.064819
 21
-55.5128559999999993
 31
0
  0
LINE
  5
2B7
330
1B
100
AcDbEntity
  8
F.Silkscreen
  6
CONTINUOUS
100
AcDbLine
 10
71.064819
 20
-55.5128559999999993
 30
0
 11
71.2076759999999922
 21
-55.6080939999999941
 31
0
  0
LINE
  5
2B8
330
1B
100
AcDbEntity
  8
F.Silkscreen
  6
CONTINUOUS
100
AcDbLine
 10
71.2076759999999922
 20
-55.6080939999999941
 30
0
 11
71.3029140000000012
 21
-55.7033319999999961
 31
0
  0
LINE
  5
2B9
330
1B
100
AcDbEntity
  8
F.Silkscreen
  6
CONTINUOUS
100
AcDbLine
 10
71.3029140000000012
 20
-55.7033319999999961
 30
0
 11
71.3505329999999987
 21
-55.798569999999998
 31
0
  0
LINE
  5
2BA
330
1B
100
AcDbEntity
  8
F.Silkscreen
  6
CONTINUOUS
100
AcDbLine
 10
120.8109520000000003
 20
-59.0295799999999957
 30
0
 11
120.7633329999999887
 21
-59.0771999999999977
 31
0
  0
LINE
  5
2BB
330
1B
100
AcDbEntity
  8
F.Silkscreen
  6
CONTINUOUS
100
AcDbLine
 10
120.7633329999999887
 20
-59.0771999999999977
 30
0
 11
120.6204759999999965
 21
-59.1248189999999951
 31
0
  0
LINE
  5
2BC
330
1B
100
AcDbEntity
  8
F.Silkscreen
  6
CONTINUOUS
100
AcDbLine
 10
120.6204759999999965
 20
-59.1248189999999951
 30
0
 11
120.5252380000000016
 21
-59.1248189999999951
 31
0
  0
LINE
  5
2BD
330
1B
100
AcDbEntity
  8
F.Silkscreen
  6
CONTINUOUS
100
AcDbLine
 10
120.5252380000000016
 20
-59.1248189999999951
 30
0
 11
120.3823809999999952
 21
-59.0771999999999977
 31
0
  0
LINE
  5
2BE
330
1B
100
AcDbEntity
  8
F.Silkscreen
  6
CONTINUOUS
100
AcDbLine
 10
120.3823809999999952
 20
-59.0771999999999977
 30
0
 11
120.2871430000000004
 21
-58.9819609999999983
 31
0
  0
LINE
  5
2BF
330
1B
100
AcDbEntity
  8
F.Silkscreen
  6
CONTINUOUS
100
AcDbLine
 10
120.2871430000000004
 20
-58.9819609999999983
 30
0
 11
120.2395239999999887
 21
-58.8867229999999964
 31
0
  0
LINE
  5
2C0
330
1B
100
AcDbEntity
  8
F.Silkscreen
  6
CONTINUOUS
100
AcDbLine
 10
120.2395239999999887
 20
-58.8867229999999964
 30
0
 11
120.1919049999999913
 21
-58.6962469999999996
 31
0
  0
LINE
  5
2C1
330
1B
100
AcDbEntity
  8
F.Silkscreen
  6
CONTINUOUS
100
AcDbLine
 10
120.1919049999999913
 20
-58.6962469999999996
 30
0
 11
120.1919049999999913
 21
-58.5533900000000003
 31
0
  0
LINE
  5
2C2
330
1B
100
AcDbEntity
  8
F.Silkscreen
  6
CONTINUOUS
100
AcDbLine
 10
120.1919049999999913
 20
-58.5533900000000003
 30
0
 11
120.2395239999999887
 21
-58.3629139999999964
 31
0
  0
LINE
  5
2C3
330
1B
100
AcDbEntity
  8
F.Silkscreen
  6
CONTINUOUS
100
AcDbLine
 10
120.2395239999999887
 20
-58.3629139999999964
 30
0
 11
120.2871430000000004
 21
-58.2676759999999945
 31
0
  0
LINE
  5
2C4
330
1B
100
AcDbEntity
  8
F.Silkscreen
  6
CONTINUOUS
100
AcDbLine
 10
120.2871430000000004
 20
-58.2676759999999945
 30
0
 11
120.3823809999999952
 21
-58.1724379999999996
 31
0
  0
LINE
  5
2C5
330
1B
100
AcDbEntity
  8
F.Silkscreen
  6
CONTINUOUS
100
AcDbLine
 10
120.3823809999999952
 20
-58.1724379999999996
 30
0
 11
120.5252380000000016
 21
-58.1248189999999951
 31
0
  0
LINE
  5
2C6
330
1B
100
AcDbEntity
  8
F.Silkscreen
  6
CONTINUOUS
100
AcDbLine
 10
120.5252380000000016
 20
-58.1248189999999951
 30
0
 11
120.6204759999999965
 21
-58.1248189999999951
 31
0
  0
LINE
  5
2C7
330
1B
100
AcDbEntity
  8
F.Silkscreen
  6
CONTINUOUS
100
AcDbLine
 10
120.6204759999999965
 20
-58.1248189999999951
 30
0
 11
120.7633329999999887
 21
-58.1724379999999996
 31
0
  0
LINE
  5
2C8
330
1B
100
AcDbEntity
  8
F.Silkscreen
  6
CONTINUOUS
100
AcDbLine
 10
120.7633329999999887
 20
-58.1724379999999996
 30
0
 11
120.8109520000000003
 21
-58.2200569999999971
 31
0
  0
LINE
  5
2C9
330
1B
100
AcDbEntity
  8
F.Silkscreen
  6
CONTINUOUS
100
AcDbLine
 10
121.7633329999999887
 20
-59.1248189999999951
 30
0
 11
121.1919049999999913
 21
-59.1248189999999951
 31
0
  0
LINE
  5
2CA
330
1B
100
AcDbEntity
  8
F.Silkscreen
  6
CONTINUOUS
100
AcDbLine
 10
121.47761899999999
 20
-59.1248189999999951
 30
0
 11
121.47761899999999
 21
-58.1248189999999951
 31
0
  0
LINE
  5
2CB
330
1B
100
AcDbEntity
  8
F.Silkscreen
  6
CONTINUOUS
100
AcDbLine
 10
121.47761899999999
 20
-58.1248189999999951
 30
0
 11
121.3823809999999952
 21
-58.2676759999999945
 31
0
  0
LINE
  5
2CC
330
1B
100
AcDbEntity
  8
F.Silkscreen
  6
CONTINUOUS
100
AcDbLine
 10
121.3823809999999952
 20
-58.2676759999999945
 30
0
 11
121.2871430000000004
 21
-58.3629139999999964
 31
0
  0
LINE
  5
2CD
330
1B
100
AcDbEntity
  8
F.Silkscreen
  6
CONTINUOUS
100
AcDbLine
 10
121.2871430000000004
 20
-58.3629139999999964
 30
0
 11
121.1919049999999913
 21
-58.4105329999999938
 31
0
  0
LINE
  5
2CE
330
1B
100
AcDbEntity
  8
F.Silkscreen
  6
CONTINUOUS
100
AcDbLine
 10
122.3823809999999952
 20
-58.1248189999999951
 30
0
 11
122.47761899999999
 21
-58.1248189999999951
 31
0
  0
LINE
  5
2CF
330
1B
100
AcDbEntity
  8
F.Silkscreen
  6
CONTINUOUS
100
AcDbLine
 10
122.47761899999999
 20
-58.1248189999999951
 30
0
 11
122.5728569999999991
 21
-58.1724379999999996
 31
0
  0
LINE
  5
2D0
330
1B
100
AcDbEntity
  8
F.Silkscreen
  6
CONTINUOUS
100
AcDbLine
 10
122.5728569999999991
 20
-58.1724379999999996
 30
0
 11
122.6204759999999965
 21
-58.2200569999999971
 31
0
  0
LINE
  5
2D1
330
1B
100
AcDbEntity
  8
F.Silkscreen
  6
CONTINUOUS
100
AcDbLine
 10
122.6204759999999965
 20
-58.2200569999999971
 30
0
 11
122.6680949999999939
 21
-58.315294999999999
 31
0
  0
LINE
  5
2D2
330
1B
100
AcDbEntity
  8
F.Silkscreen
  6
CONTINUOUS
100
AcDbLine
 10
122.6680949999999939
 20
-58.315294999999999
 30
0
 11
122.7157139999999913
 21
-58.5057709999999958
 31
0
  0
LINE
  5
2D3
330
1B
100
AcDbEntity
  8
F.Silkscreen
  6
CONTINUOUS
100
AcDbLine
 10
122.7157139999999913
 20
-58.5057709999999958
 30
0
 11
122.7157139999999913
 21
-58.743865999999997
 31
0
  0
LINE
  5
2D4
330
1B
100
AcDbEntity
  8
F.Silkscreen
  6
CONTINUOUS
100
AcDbLine
 10
122.7157139999999913
 20
-58.743865999999997
 30
0
 11
122.6680949999999939
 21
-58.9343419999999938
 31
0
  0
LINE
  5
2D5
330
1B
100
AcDbEntity
  8
F.Silkscreen
  6
CONTINUOUS
100
AcDbLine
 10
122.6680949999999939
 20
-58.9343419999999938
 30
0
 11
122.6204759999999965
 21
-59.0295799999999957
 31
0
  0
LINE
  5
2D6
330
1B
100
AcDbEntity
  8
F.Silkscreen
  6
CONTINUOUS
100
AcDbLine
 10
122.6204759999999965
 20
-59.0295799999999957
 30
0
 11
122.5728569999999991
 21
-59.0771999999999977
 31
0
  0
LINE
  5
2D7
330
1B
100
AcDbEntity
  8
F.Silkscreen
  6
CONTINUOUS
100
AcDbLine
 10
122.5728569999999991
 20
-59.0771999999999977
 30
0
 11
122.47761899999999
 21
-59.1248189999999951
 31
0
  0
LINE
  5
2D8
330
1B
100
AcDbEntity
  8
F.Silkscreen
  6
CONTINUOUS
100
AcDbLine
 10
122.47761899999999
 20
-59.1248189999999951
 30
0
 11
122.3823809999999952
 21
-59.1248189999999951
 31
0
  0
LINE
  5
2D9
330
1B
100
AcDbEntity
  8
F.Silkscreen
  6
CONTINUOUS
100
AcDbLine
 10
122.3823809999999952
 20
-59.1248189999999951
 30
0
 11
122.2871430000000004
 21
-59.0771999999999977
 31
0
  0
LINE
  5
2DA
330
1B
100
AcDbEntity
  8
F.Silkscreen
  6
CONTINUOUS
100
AcDbLine
 10
122.2871430000000004
 20
-59.0771999999999977
 30
0
 11
122.2395239999999887
 21
-59.0295799999999957
 31
0
  0
LINE
  5
2DB
330
1B
100
AcDbEntity
  8
F.Silkscreen
  6
CONTINUOUS
100
AcDbLine
 10
122.2395239999999887
 20
-59.0295799999999957
 30
0
 11
122.1919049999999913
 21
-58.9343419999999938
 31
0
  0
LINE
  5
2DC
330
1B
100
AcDbEntity
  8
F.Silkscreen
  6
CONTINUOUS
100
AcDbLine
 10
122.1919049999999913
 20
-58.9343419999999938
 30
0
 11
122.1442859999999939
 21
-58.743865999999997
 31
0
  0
LINE
  5
2DD
330
1B
100
AcDbEntity
  8
F.Silkscreen
  6
CONTINUOUS
100
AcDbLine
 10
122.1442859999999939
 20
-58.743865999999997
 30
0
 11
122.1442859999999939
 21
-58.5057709999999958
 31
0
  0
LINE
  5
2DE
330
1B
100
AcDbEntity
  8
F.Silkscreen
  6
CONTINUOUS
100
AcDbLine
 10
122.1442859999999939
 20
-58.5057709999999958
 30
0
 11
122.1919049999999913
 21
-58.315294999999999
 31
0
  0
LINE
  5
2DF
330
1B
100
AcDbEntity
  8
F.Silkscreen
  6
CONTINUOUS
100
AcDbLine
 10
122.1919049999999913
 20
-58.315294999999999
 30
0
 11
122.2395239999999887
 21
-58.2200569999999971
 31
0
  0
LINE
  5
2E0
330
1B
100
AcDbEntity
  8
F.Silkscreen
  6
CONTINUOUS
100
AcDbLine
 10
122.2395239999999887
 20
-58.2200569999999971
 30
0
 11
122.2871430000000004
 21
-58.1724379999999996
 31
0
  0
LINE
  5
2E1
330
1B
100
AcDbEntity
  8
F.Silkscreen
  6
CONTINUOUS
100
AcDbLine
 10
122.2871430000000004
 20
-58.1724379999999996
 30
0
 11
122.3823809999999952
 21
-58.1248189999999951
 31
0
  0
LINE
  5
2E2
330
1B
100
AcDbEntity
  8
F.Silkscreen
  6
CONTINUOUS
100
AcDbLine
 10
123.0490479999999991
 20
-58.1248189999999951
 30
0
 11
123.6680949999999939
 21
-58.1248189999999951
 31
0
  0
LINE
  5
2E3
330
1B
100
AcDbEntity
  8
F.Silkscreen
  6
CONTINUOUS
100
AcDbLine
 10
123.6680949999999939
 20
-58.1248189999999951
 30
0
 11
123.3347619999999978
 21
-58.5057709999999958
 31
0
  0
LINE
  5
2E4
330
1B
100
AcDbEntity
  8
F.Silkscreen
  6
CONTINUOUS
100
AcDbLine
 10
123.3347619999999978
 20
-58.5057709999999958
 30
0
 11
123.47761899999999
 21
-58.5057709999999958
 31
0
  0
LINE
  5
2E5
330
1B
100
AcDbEntity
  8
F.Silkscreen
  6
CONTINUOUS
100
AcDbLine
 10
123.47761899999999
 20
-58.5057709999999958
 30
0
 11
123.5728569999999991
 21
-58.5533900000000003
 31
0
  0
LINE
  5
2E6
330
1B
100
AcDbEntity
  8
F.Silkscreen
  6
CONTINUOUS
100
AcDbLine
 10
123.5728569999999991
 20
-58.5533900000000003
 30
0
 11
123.6204759999999965
 21
-58.6010089999999977
 31
0
  0
LINE
  5
2E7
330
1B
100
AcDbEntity
  8
F.Silkscreen
  6
CONTINUOUS
100
AcDbLine
 10
123.6204759999999965
 20
-58.6010089999999977
 30
0
 11
123.6680949999999939
 21
-58.6962469999999996
 31
0
  0
LINE
  5
2E8
330
1B
100
AcDbEntity
  8
F.Silkscreen
  6
CONTINUOUS
100
AcDbLine
 10
123.6680949999999939
 20
-58.6962469999999996
 30
0
 11
123.6680949999999939
 21
-58.9343419999999938
 31
0
  0
LINE
  5
2E9
330
1B
100
AcDbEntity
  8
F.Silkscreen
  6
CONTINUOUS
100
AcDbLine
 10
123.6680949999999939
 20
-58.9343419999999938
 30
0
 11
123.6204759999999965
 21
-59.0295799999999957
 31
0
  0
LINE
  5
2EA
330
1B
100
AcDbEntity
  8
F.Silkscreen
  6
CONTINUOUS
100
AcDbLine
 10
123.6204759999999965
 20
-59.0295799999999957
 30
0
 11
123.5728569999999991
 21
-59.0771999999999977
 31
0
  0
LINE
  5
2EB
330
1B
100
AcDbEntity
  8
F.Silkscreen
  6
CONTINUOUS
100
AcDbLine
 10
123.5728569999999991
 20
-59.0771999999999977
 30
0
 11
123.47761899999999
 21
-59.1248189999999951
 31
0
  0
LINE
  5
2EC
330
1B
100
AcDbEntity
  8
F.Silkscreen
  6
CONTINUOUS
100
AcDbLine
 10
123.47761899999999
 20
-59.1248189999999951
 30
0
 11
123.1919049999999913
 21
-59.1248189999999951
 31
0
  0
LINE
  5
2ED
330
1B
100
AcDbEntity
  8
F.Silkscreen
  6
CONTINUOUS
100
AcDbLine
 10
123.1919049999999913
 20
-59.1248189999999951
 30
0
 11
123.0966669999999965
 21
-59.0771999999999977
 31
0
  0
LINE
  5
2EE
330
1B
100
AcDbEntity
  8
F.Silkscreen
  6
CONTINUOUS
100
AcDbLine
 10
123.0966669999999965
 20
-59.0771999999999977
 30
0
 11
123.0490479999999991
 21
-59.0295799999999957
 31
0
  0
LINE
  5
2EF
330
1B
100
AcDbEntity
  8
F.Silkscreen
  6
CONTINUOUS
100
AcDbLine
 10
138.6309520000000077
 20
-127.859579999999994
 30
0
 11
138.5833329999999819
 21
-127.9071999999999889
 31
0
  0
LINE
  5
2F0
330
1B
100
AcDbEntity
  8
F.Silkscreen
  6
CONTINUOUS
100
AcDbLine
 10
138.5833329999999819
 20
-127.9071999999999889
 30
0
 11
138.4404759999999897
 21
-127.9548190000000005
 31
0
  0
LINE
  5
2F1
330
1B
100
AcDbEntity
  8
F.Silkscreen
  6
CONTINUOUS
100
AcDbLine
 10
138.4404759999999897
 20
-127.9548190000000005
 30
0
 11
138.3452379999999948
 21
-127.9548190000000005
 31
0
  0
LINE
  5
2F2
330
1B
100
AcDbEntity
  8
F.Silkscreen
  6
CONTINUOUS
100
AcDbLine
 10
138.3452379999999948
 20
-127.9548190000000005
 30
0
 11
138.2023810000000026
 21
-127.9071999999999889
 31
0
  0
LINE
  5
2F3
330
1B
100
AcDbEntity
  8
F.Silkscreen
  6
CONTINUOUS
100
AcDbLine
 10
138.2023810000000026
 20
-127.9071999999999889
 30
0
 11
138.1071430000000078
 21
-127.8119609999999966
 31
0
  0
LINE
  5
2F4
330
1B
100
AcDbEntity
  8
F.Silkscreen
  6
CONTINUOUS
100
AcDbLine
 10
138.1071430000000078
 20
-127.8119609999999966
 30
0
 11
138.0595239999999819
 21
-127.7167229999999876
 31
0
  0
LINE
  5
2F5
330
1B
100
AcDbEntity
  8
F.Silkscreen
  6
CONTINUOUS
100
AcDbLine
 10
138.0595239999999819
 20
-127.7167229999999876
 30
0
 11
138.0119049999999845
 21
-127.5262469999999979
 31
0
  0
LINE
  5
2F6
330
1B
100
AcDbEntity
  8
F.Silkscreen
  6
CONTINUOUS
100
AcDbLine
 10
138.0119049999999845
 20
-127.5262469999999979
 30
0
 11
138.0119049999999845
 21
-127.3833899999999915
 31
0
  0
LINE
  5
2F7
330
1B
100
AcDbEntity
  8
F.Silkscreen
  6
CONTINUOUS
100
AcDbLine
 10
138.0119049999999845
 20
-127.3833899999999915
 30
0
 11
138.0595239999999819
 21
-127.1929139999999876
 31
0
  0
LINE
  5
2F8
330
1B
100
AcDbEntity
  8
F.Silkscreen
  6
CONTINUOUS
100
AcDbLine
 10
138.0595239999999819
 20
-127.1929139999999876
 30
0
 11
138.1071430000000078
 21
-127.0976759999999928
 31
0
  0
LINE
  5
2F9
330
1B
100
AcDbEntity
  8
F.Silkscreen
  6
CONTINUOUS
100
AcDbLine
 10
138.1071430000000078
 20
-127.0976759999999928
 30
0
 11
138.2023810000000026
 21
-127.0024379999999979
 31
0
  0
LINE
  5
2FA
330
1B
100
AcDbEntity
  8
F.Silkscreen
  6
CONTINUOUS
100
AcDbLine
 10
138.2023810000000026
 20
-127.0024379999999979
 30
0
 11
138.3452379999999948
 21
-126.9548190000000005
 31
0
  0
LINE
  5
2FB
330
1B
100
AcDbEntity
  8
F.Silkscreen
  6
CONTINUOUS
100
AcDbLine
 10
138.3452379999999948
 20
-126.9548190000000005
 30
0
 11
138.4404759999999897
 21
-126.9548190000000005
 31
0
  0
LINE
  5
2FC
330
1B
100
AcDbEntity
  8
F.Silkscreen
  6
CONTINUOUS
100
AcDbLine
 10
138.4404759999999897
 20
-126.9548190000000005
 30
0
 11
138.5833329999999819
 21
-127.0024379999999979
 31
0
  0
LINE
  5
2FD
330
1B
100
AcDbEntity
  8
F.Silkscreen
  6
CONTINUOUS
100
AcDbLine
 10
138.5833329999999819
 20
-127.0024379999999979
 30
0
 11
138.6309520000000077
 21
-127.0500569999999954
 31
0
  0
LINE
  5
2FE
330
1B
100
AcDbEntity
  8
F.Silkscreen
  6
CONTINUOUS
100
AcDbLine
 10
139.0119049999999845
 20
-127.0500569999999954
 30
0
 11
139.0595239999999819
 21
-127.0024379999999979
 31
0
  0
LINE
  5
2FF
330
1B
100
AcDbEntity
  8
F.Silkscreen
  6
CONTINUOUS
100
AcDbLine
 10
139.0595239999999819
 20
-127.0024379999999979
 30
0
 11
139.1547620000000052
 21
-126.9548190000000005
 31
0
  0
LINE
  5
300
330
1B
100
AcDbEntity
  8
F.Silkscreen
  6
CONTINUOUS
100
AcDbLine
 10
139.1547620000000052
 20
-126.9548190000000005
 30
0
 11
139.3928569999999922
 21
-126.9548190000000005
 31
0
  0
LINE
  5
301
330
1B
100
AcDbEntity
  8
F.Silkscreen
  6
CONTINUOUS
100
AcDbLine
 10
139.3928569999999922
 20
-126.9548190000000005
 30
0
 11
139.4880949999999871
 21
-127.0024379999999979
 31
0
  0
LINE
  5
302
330
1B
100
AcDbEntity
  8
F.Silkscreen
  6
CONTINUOUS
100
AcDbLine
 10
139.4880949999999871
 20
-127.0024379999999979
 30
0
 11
139.5357139999999845
 21
-127.0500569999999954
 31
0
  0
LINE
  5
303
330
1B
100
AcDbEntity
  8
F.Silkscreen
  6
CONTINUOUS
100
AcDbLine
 10
139.5357139999999845
 20
-127.0500569999999954
 30
0
 11
139.5833329999999819
 21
-127.1452949999999902
 31
0
  0
LINE
  5
304
330
1B
100
AcDbEntity
  8
F.Silkscreen
  6
CONTINUOUS
100
AcDbLine
 10
139.5833329999999819
 20
-127.1452949999999902
 30
0
 11
139.5833329999999819
 21
-127.2405329999999992
 31
0
  0
LINE
  5
305
330
1B
100
AcDbEntity
  8
F.Silkscreen
  6
CONTINUOUS
100
AcDbLine
 10
139.5833329999999819
 20
-127.2405329999999992
 30
0
 11
139.5357139999999845
 21
-127.3833899999999915
 31
0
  0
LINE
  5
306
330
1B
100
AcDbEntity
  8
F.Silkscreen
  6
CONTINUOUS
100
AcDbLine
 10
139.5357139999999845
 20
-127.3833899999999915
 30
0
 11
138.9642859999999871
 21
-127.9548190000000005
 31
0
  0
LINE
  5
307
330
1B
100
AcDbEntity
  8
F.Silkscreen
  6
CONTINUOUS
100
AcDbLine
 10
138.9642859999999871
 20
-127.9548190000000005
 30
0
 11
139.5833329999999819
 21
-127.9548190000000005
 31
0
  0
LINE
  5
308
330
1B
100
AcDbEntity
  8
F.Silkscreen
  6
CONTINUOUS
100
AcDbLine
 10
140.2023810000000026
 20
-126.9548190000000005
 30
0
 11
140.2976189999999974
 21
-126.9548190000000005
 31
0
  0
LINE
  5
309
330
1B
100
AcDbEntity
  8
F.Silkscreen
  6
CONTINUOUS
100
AcDbLine
 10
140.2976189999999974
 20
-126.9548190000000005
 30
0
 11
140.3928569999999922
 21
-127.0024379999999979
 31
0
  0
LINE
  5
30A
330
1B
100
AcDbEntity
  8
F.Silkscreen
  6
CONTINUOUS
100
AcDbLine
 10
140.3928569999999922
 20
-127.0024379999999979
 30
0
 11
140.4404759999999897
 21
-127.0500569999999954
 31
0
  0
LINE
  5
30B
330
1B
100
AcDbEntity
  8
F.Silkscreen
  6
CONTINUOUS
100
AcDbLine
 10
140.4404759999999897
 20
-127.0500569999999954
 30
0
 11
140.4880949999999871
 21
-127.1452949999999902
 31
0
  0
LINE
  5
30C
330
1B
100
AcDbEntity
  8
F.Silkscreen
  6
CONTINUOUS
100
AcDbLine
 10
140.4880949999999871
 20
-127.1452949999999902
 30
0
 11
140.5357139999999845
 21
-127.335770999999994
 31
0
  0
LINE
  5
30D
330
1B
100
AcDbEntity
  8
F.Silkscreen
  6
CONTINUOUS
100
AcDbLine
 10
140.5357139999999845
 20
-127.335770999999994
 30
0
 11
140.5357139999999845
 21
-127.5738659999999953
 31
0
  0
LINE
  5
30E
330
1B
100
AcDbEntity
  8
F.Silkscreen
  6
CONTINUOUS
100
AcDbLine
 10
140.5357139999999845
 20
-127.5738659999999953
 30
0
 11
140.4880949999999871
 21
-127.7643419999999992
 31
0
  0
LINE
  5
30F
330
1B
100
AcDbEntity
  8
F.Silkscreen
  6
CONTINUOUS
100
AcDbLine
 10
140.4880949999999871
 20
-127.7643419999999992
 30
0
 11
140.4404759999999897
 21
-127.859579999999994
 31
0
  0
LINE
  5
310
330
1B
100
AcDbEntity
  8
F.Silkscreen
  6
CONTINUOUS
100
AcDbLine
 10
140.4404759999999897
 20
-127.859579999999994
 30
0
 11
140.3928569999999922
 21
-127.9071999999999889
 31
0
  0
LINE
  5
311
330
1B
100
AcDbEntity
  8
F.Silkscreen
  6
CONTINUOUS
100
AcDbLine
 10
140.3928569999999922
 20
-127.9071999999999889
 30
0
 11
140.2976189999999974
 21
-127.9548190000000005
 31
0
  0
LINE
  5
312
330
1B
100
AcDbEntity
  8
F.Silkscreen
  6
CONTINUOUS
100
AcDbLine
 10
140.2976189999999974
 20
-127.9548190000000005
 30
0
 11
140.2023810000000026
 21
-127.9548190000000005
 31
0
  0
LINE
  5
313
330
1B
100
AcDbEntity
  8
F.Silkscreen
  6
CONTINUOUS
100
AcDbLine
 10
140.2023810000000026
 20
-127.9548190000000005
 30
0
 11
140.1071430000000078
 21
-127.9071999999999889
 31
0
  0
LINE
  5
314
330
1B
100
AcDbEntity
  8
F.Silkscreen
  6
CONTINUOUS
100
AcDbLine
 10
140.1071430000000078
 20
-127.9071999999999889
 30
0
 11
140.0595239999999819
 21
-127.859579999999994
 31
0
  0
LINE
  5
315
330
1B
100
AcDbEntity
  8
F.Silkscreen
  6
CONTINUOUS
100
AcDbLine
 10
140.0595239999999819
 20
-127.859579999999994
 30
0
 11
140.0119049999999845
 21
-127.7643419999999992
 31
0
  0
LINE
  5
316
330
1B
100
AcDbEntity
  8
F.Silkscreen
  6
CONTINUOUS
100
AcDbLine
 10
140.0119049999999845
 20
-127.7643419999999992
 30
0
 11
139.9642859999999871
 21
-127.5738659999999953
 31
0
  0
LINE
  5
317
330
1B
100
AcDbEntity
  8
F.Silkscreen
  6
CONTINUOUS
100
AcDbLine
 10
139.9642859999999871
 20
-127.5738659999999953
 30
0
 11
139.9642859999999871
 21
-127.335770999999994
 31
0
  0
LINE
  5
318
330
1B
100
AcDbEntity
  8
F.Silkscreen
  6
CONTINUOUS
100
AcDbLine
 10
139.9642859999999871
 20
-127.335770999999994
 30
0
 11
140.0119049999999845
 21
-127.1452949999999902
 31
0
  0
LINE
  5
319
330
1B
100
AcDbEntity
  8
F.Silkscreen
  6
CONTINUOUS
100
AcDbLine
 10
140.0119049999999845
 20
-127.1452949999999902
 30
0
 11
140.0595239999999819
 21
-127.0500569999999954
 31
0
  0
LINE
  5
31A
330
1B
100
AcDbEntity
  8
F.Silkscreen
  6
CONTINUOUS
100
AcDbLine
 10
140.0595239999999819
 20
-127.0500569999999954
 30
0
 11
140.1071430000000078
 21
-127.0024379999999979
 31
0
  0
LINE
  5
31B
330
1B
100
AcDbEntity
  8
F.Silkscreen
  6
CONTINUOUS
100
AcDbLine
 10
140.1071430000000078
 20
-127.0024379999999979
 30
0
 11
140.2023810000000026
 21
-126.9548190000000005
 31
0
  0
LINE
  5
31C
330
1B
100
AcDbEntity
  8
F.Silkscreen
  6
CONTINUOUS
100
AcDbLine
 10
140.8690479999999923
 20
-126.9548190000000005
 30
0
 11
141.5357139999999845
 21
-126.9548190000000005
 31
0
  0
LINE
  5
31D
330
1B
100
AcDbEntity
  8
F.Silkscreen
  6
CONTINUOUS
100
AcDbLine
 10
141.5357139999999845
 20
-126.9548190000000005
 30
0
 11
141.1071430000000078
 21
-127.9548190000000005
 31
0
  0
LINE
  5
31E
330
1B
100
AcDbEntity
  8
F.Silkscreen
  6
CONTINUOUS
100
AcDbLine
 10
77.6348189999999931
 20
-93.1190469999999948
 30
0
 11
77.1586279999999931
 21
-93.4523799999999909
 31
0
  0
LINE
  5
31F
330
1B
100
AcDbEntity
  8
F.Silkscreen
  6
CONTINUOUS
100
AcDbLine
 10
77.6348189999999931
 20
-93.6904749999999922
 30
0
 11
76.6348189999999931
 21
-93.6904749999999922
 31
0
  0
LINE
  5
320
330
1B
100
AcDbEntity
  8
F.Silkscreen
  6
CONTINUOUS
100
AcDbLine
 10
76.6348189999999931
 20
-93.6904749999999922
 30
0
 11
76.6348189999999931
 21
-93.3095229999999987
 31
0
  0
LINE
  5
321
330
1B
100
AcDbEntity
  8
F.Silkscreen
  6
CONTINUOUS
100
AcDbLine
 10
76.6348189999999931
 20
-93.3095229999999987
 30
0
 11
76.6824379999999906
 21
-93.2142849999999896
 31
0
  0
LINE
  5
322
330
1B
100
AcDbEntity
  8
F.Silkscreen
  6
CONTINUOUS
100
AcDbLine
 10
76.6824379999999906
 20
-93.2142849999999896
 30
0
 11
76.7300570000000022
 21
-93.1666659999999922
 31
0
  0
LINE
  5
323
330
1B
100
AcDbEntity
  8
F.Silkscreen
  6
CONTINUOUS
100
AcDbLine
 10
76.7300570000000022
 20
-93.1666659999999922
 30
0
 11
76.825294999999997
 21
-93.1190469999999948
 31
0
  0
LINE
  5
324
330
1B
100
AcDbEntity
  8
F.Silkscreen
  6
CONTINUOUS
100
AcDbLine
 10
76.825294999999997
 20
-93.1190469999999948
 30
0
 11
76.9681520000000035
 21
-93.1190469999999948
 31
0
  0
LINE
  5
325
330
1B
100
AcDbEntity
  8
F.Silkscreen
  6
CONTINUOUS
100
AcDbLine
 10
76.9681520000000035
 20
-93.1190469999999948
 30
0
 11
77.0633899999999983
 21
-93.1666659999999922
 31
0
  0
LINE
  5
326
330
1B
100
AcDbEntity
  8
F.Silkscreen
  6
CONTINUOUS
100
AcDbLine
 10
77.0633899999999983
 20
-93.1666659999999922
 30
0
 11
77.1110089999999957
 21
-93.2142849999999896
 31
0
  0
LINE
  5
327
330
1B
100
AcDbEntity
  8
F.Silkscreen
  6
CONTINUOUS
100
AcDbLine
 10
77.1110089999999957
 20
-93.2142849999999896
 30
0
 11
77.1586279999999931
 21
-93.3095229999999987
 31
0
  0
LINE
  5
328
330
1B
100
AcDbEntity
  8
F.Silkscreen
  6
CONTINUOUS
100
AcDbLine
 10
77.1586279999999931
 20
-93.3095229999999987
 30
0
 11
77.1586279999999931
 21
-93.6904749999999922
 31
0
  0
LINE
  5
329
330
1B
100
AcDbEntity
  8
F.Silkscreen
  6
CONTINUOUS
100
AcDbLine
 10
76.7300570000000022
 20
-92.7380939999999896
 30
0
 11
76.6824379999999906
 21
-92.6904749999999922
 31
0
  0
LINE
  5
32A
330
1B
100
AcDbEntity
  8
F.Silkscreen
  6
CONTINUOUS
100
AcDbLine
 10
76.6824379999999906
 20
-92.6904749999999922
 30
0
 11
76.6348189999999931
 21
-92.5952369999999974
 31
0
  0
LINE
  5
32B
330
1B
100
AcDbEntity
  8
F.Silkscreen
  6
CONTINUOUS
100
AcDbLine
 10
76.6348189999999931
 20
-92.5952369999999974
 30
0
 11
76.6348189999999931
 21
-92.3571419999999961
 31
0
  0
LINE
  5
32C
330
1B
100
AcDbEntity
  8
F.Silkscreen
  6
CONTINUOUS
100
AcDbLine
 10
76.6348189999999931
 20
-92.3571419999999961
 30
0
 11
76.6824379999999906
 21
-92.2619040000000012
 31
0
  0
LINE
  5
32D
330
1B
100
AcDbEntity
  8
F.Silkscreen
  6
CONTINUOUS
100
AcDbLine
 10
76.6824379999999906
 20
-92.2619040000000012
 30
0
 11
76.7300570000000022
 21
-92.2142849999999896
 31
0
  0
LINE
  5
32E
330
1B
100
AcDbEntity
  8
F.Silkscreen
  6
CONTINUOUS
100
AcDbLine
 10
76.7300570000000022
 20
-92.2142849999999896
 30
0
 11
76.825294999999997
 21
-92.1666659999999922
 31
0
  0
LINE
  5
32F
330
1B
100
AcDbEntity
  8
F.Silkscreen
  6
CONTINUOUS
100
AcDbLine
 10
76.825294999999997
 20
-92.1666659999999922
 30
0
 11
76.9205329999999918
 21
-92.1666659999999922
 31
0
  0
LINE
  5
330
330
1B
100
AcDbEntity
  8
F.Silkscreen
  6
CONTINUOUS
100
AcDbLine
 10
76.9205329999999918
 20
-92.1666659999999922
 30
0
 11
77.0633899999999983
 21
-92.2142849999999896
 31
0
  0
LINE
  5
331
330
1B
100
AcDbEntity
  8
F.Silkscreen
  6
CONTINUOUS
100
AcDbLine
 10
77.0633899999999983
 20
-92.2142849999999896
 30
0
 11
77.6348189999999931
 21
-92.7857130000000012
 31
0
  0
LINE
  5
332
330
1B
100
AcDbEntity
  8
F.Silkscreen
  6
CONTINUOUS
100
AcDbLine
 10
77.6348189999999931
 20
-92.7857130000000012
 30
0
 11
77.6348189999999931
 21
-92.1666659999999922
 31
0
  0
LINE
  5
333
330
1B
100
AcDbEntity
  8
F.Silkscreen
  6
CONTINUOUS
100
AcDbLine
 10
76.6348189999999931
 20
-91.5476179999999999
 30
0
 11
76.6348189999999931
 21
-91.4523799999999909
 31
0
  0
LINE
  5
334
330
1B
100
AcDbEntity
  8
F.Silkscreen
  6
CONTINUOUS
100
AcDbLine
 10
76.6348189999999931
 20
-91.4523799999999909
 30
0
 11
76.6824379999999906
 21
-91.3571419999999961
 31
0
  0
LINE
  5
335
330
1B
100
AcDbEntity
  8
F.Silkscreen
  6
CONTINUOUS
100
AcDbLine
 10
76.6824379999999906
 20
-91.3571419999999961
 30
0
 11
76.7300570000000022
 21
-91.3095229999999987
 31
0
  0
LINE
  5
336
330
1B
100
AcDbEntity
  8
F.Silkscreen
  6
CONTINUOUS
100
AcDbLine
 10
76.7300570000000022
 20
-91.3095229999999987
 30
0
 11
76.825294999999997
 21
-91.2619040000000012
 31
0
  0
LINE
  5
337
330
1B
100
AcDbEntity
  8
F.Silkscreen
  6
CONTINUOUS
100
AcDbLine
 10
76.825294999999997
 20
-91.2619040000000012
 30
0
 11
77.0157710000000009
 21
-91.2142849999999896
 31
0
  0
LINE
  5
338
330
1B
100
AcDbEntity
  8
F.Silkscreen
  6
CONTINUOUS
100
AcDbLine
 10
77.0157710000000009
 20
-91.2142849999999896
 30
0
 11
77.2538660000000021
 21
-91.2142849999999896
 31
0
  0
LINE
  5
339
330
1B
100
AcDbEntity
  8
F.Silkscreen
  6
CONTINUOUS
100
AcDbLine
 10
77.2538660000000021
 20
-91.2142849999999896
 30
0
 11
77.4443419999999918
 21
-91.2619040000000012
 31
0
  0
LINE
  5
33A
330
1B
100
AcDbEntity
  8
F.Silkscreen
  6
CONTINUOUS
100
AcDbLine
 10
77.4443419999999918
 20
-91.2619040000000012
 30
0
 11
77.5395800000000008
 21
-91.3095229999999987
 31
0
  0
LINE
  5
33B
330
1B
100
AcDbEntity
  8
F.Silkscreen
  6
CONTINUOUS
100
AcDbLine
 10
77.5395800000000008
 20
-91.3095229999999987
 30
0
 11
77.5871999999999957
 21
-91.3571419999999961
 31
0
  0
LINE
  5
33C
330
1B
100
AcDbEntity
  8
F.Silkscreen
  6
CONTINUOUS
100
AcDbLine
 10
77.5871999999999957
 20
-91.3571419999999961
 30
0
 11
77.6348189999999931
 21
-91.4523799999999909
 31
0
  0
LINE
  5
33D
330
1B
100
AcDbEntity
  8
F.Silkscreen
  6
CONTINUOUS
100
AcDbLine
 10
77.6348189999999931
 20
-91.4523799999999909
 30
0
 11
77.6348189999999931
 21
-91.5476179999999999
 31
0
  0
LINE
  5
33E
330
1B
100
AcDbEntity
  8
F.Silkscreen
  6
CONTINUOUS
100
AcDbLine
 10
77.6348189999999931
 20
-91.5476179999999999
 30
0
 11
77.5871999999999957
 21
-91.6428559999999948
 31
0
  0
LINE
  5
33F
330
1B
100
AcDbEntity
  8
F.Silkscreen
  6
CONTINUOUS
100
AcDbLine
 10
77.5871999999999957
 20
-91.6428559999999948
 30
0
 11
77.5395800000000008
 21
-91.6904749999999922
 31
0
  0
LINE
  5
340
330
1B
100
AcDbEntity
  8
F.Silkscreen
  6
CONTINUOUS
100
AcDbLine
 10
77.5395800000000008
 20
-91.6904749999999922
 30
0
 11
77.4443419999999918
 21
-91.7380939999999896
 31
0
  0
LINE
  5
341
330
1B
100
AcDbEntity
  8
F.Silkscreen
  6
CONTINUOUS
100
AcDbLine
 10
77.4443419999999918
 20
-91.7380939999999896
 30
0
 11
77.2538660000000021
 21
-91.7857130000000012
 31
0
  0
LINE
  5
342
330
1B
100
AcDbEntity
  8
F.Silkscreen
  6
CONTINUOUS
100
AcDbLine
 10
77.2538660000000021
 20
-91.7857130000000012
 30
0
 11
77.0157710000000009
 21
-91.7857130000000012
 31
0
  0
LINE
  5
343
330
1B
100
AcDbEntity
  8
F.Silkscreen
  6
CONTINUOUS
100
AcDbLine
 10
77.0157710000000009
 20
-91.7857130000000012
 30
0
 11
76.825294999999997
 21
-91.7380939999999896
 31
0
  0
LINE
  5
344
330
1B
100
AcDbEntity
  8
F.Silkscreen
  6
CONTINUOUS
100
AcDbLine
 10
76.825294999999997
 20
-91.7380939999999896
 30
0
 11
76.7300570000000022
 21
-91.6904749999999922
 31
0
  0
LINE
  5
345
330
1B
100
AcDbEntity
  8
F.Silkscreen
  6
CONTINUOUS
100
AcDbLine
 10
76.7300570000000022
 20
-91.6904749999999922
 30
0
 11
76.6824379999999906
 21
-91.6428559999999948
 31
0
  0
LINE
  5
346
330
1B
100
AcDbEntity
  8
F.Silkscreen
  6
CONTINUOUS
100
AcDbLine
 10
76.6824379999999906
 20
-91.6428559999999948
 30
0
 11
76.6348189999999931
 21
-91.5476179999999999
 31
0
  0
LINE
  5
347
330
1B
100
AcDbEntity
  8
F.Silkscreen
  6
CONTINUOUS
100
AcDbLine
 10
76.7300570000000022
 20
-90.8333319999999986
 30
0
 11
76.6824379999999906
 21
-90.7857130000000012
 31
0
  0
LINE
  5
348
330
1B
100
AcDbEntity
  8
F.Silkscreen
  6
CONTINUOUS
100
AcDbLine
 10
76.6824379999999906
 20
-90.7857130000000012
 30
0
 11
76.6348189999999931
 21
-90.6904749999999922
 31
0
  0
LINE
  5
349
330
1B
100
AcDbEntity
  8
F.Silkscreen
  6
CONTINUOUS
100
AcDbLine
 10
76.6348189999999931
 20
-90.6904749999999922
 30
0
 11
76.6348189999999931
 21
-90.4523799999999909
 31
0
  0
LINE
  5
34A
330
1B
100
AcDbEntity
  8
F.Silkscreen
  6
CONTINUOUS
100
AcDbLine
 10
76.6348189999999931
 20
-90.4523799999999909
 30
0
 11
76.6824379999999906
 21
-90.3571419999999961
 31
0
  0
LINE
  5
34B
330
1B
100
AcDbEntity
  8
F.Silkscreen
  6
CONTINUOUS
100
AcDbLine
 10
76.6824379999999906
 20
-90.3571419999999961
 30
0
 11
76.7300570000000022
 21
-90.3095229999999987
 31
0
  0
LINE
  5
34C
330
1B
100
AcDbEntity
  8
F.Silkscreen
  6
CONTINUOUS
100
AcDbLine
 10
76.7300570000000022
 20
-90.3095229999999987
 30
0
 11
76.825294999999997
 21
-90.2619040000000012
 31
0
  0
LINE
  5
34D
330
1B
100
AcDbEntity
  8
F.Silkscreen
  6
CONTINUOUS
100
AcDbLine
 10
76.825294999999997
 20
-90.2619040000000012
 30
0
 11
76.9205329999999918
 21
-90.2619040000000012
 31
0
  0
LINE
  5
34E
330
1B
100
AcDbEntity
  8
F.Silkscreen
  6
CONTINUOUS
100
AcDbLine
 10
76.9205329999999918
 20
-90.2619040000000012
 30
0
 11
77.0633899999999983
 21
-90.3095229999999987
 31
0
  0
LINE
  5
34F
330
1B
100
AcDbEntity
  8
F.Silkscreen
  6
CONTINUOUS
100
AcDbLine
 10
77.0633899999999983
 20
-90.3095229999999987
 30
0
 11
77.6348189999999931
 21
-90.880950999999996
 31
0
  0
LINE
  5
350
330
1B
100
AcDbEntity
  8
F.Silkscreen
  6
CONTINUOUS
100
AcDbLine
 10
77.6348189999999931
 20
-90.880950999999996
 30
0
 11
77.6348189999999931
 21
-90.2619040000000012
 31
0
  0
LINE
  5
351
330
1B
100
AcDbEntity
  8
F.Silkscreen
  6
CONTINUOUS
100
AcDbLine
 10
87.8009519999999952
 20
-38.8945799999999977
 30
0
 11
87.7533329999999978
 21
-38.9421999999999997
 31
0
  0
LINE
  5
352
330
1B
100
AcDbEntity
  8
F.Silkscreen
  6
CONTINUOUS
100
AcDbLine
 10
87.7533329999999978
 20
-38.9421999999999997
 30
0
 11
87.6104759999999914
 21
-38.9898189999999971
 31
0
  0
LINE
  5
353
330
1B
100
AcDbEntity
  8
F.Silkscreen
  6
CONTINUOUS
100
AcDbLine
 10
87.6104759999999914
 20
-38.9898189999999971
 30
0
 11
87.5152379999999965
 21
-38.9898189999999971
 31
0
  0
LINE
  5
354
330
1B
100
AcDbEntity
  8
F.Silkscreen
  6
CONTINUOUS
100
AcDbLine
 10
87.5152379999999965
 20
-38.9898189999999971
 30
0
 11
87.3723809999999901
 21
-38.9421999999999997
 31
0
  0
LINE
  5
355
330
1B
100
AcDbEntity
  8
F.Silkscreen
  6
CONTINUOUS
100
AcDbLine
 10
87.3723809999999901
 20
-38.9421999999999997
 30
0
 11
87.2771429999999953
 21
-38.8469610000000003
 31
0
  0
LINE
  5
356
330
1B
100
AcDbEntity
  8
F.Silkscreen
  6
CONTINUOUS
100
AcDbLine
 10
87.2771429999999953
 20
-38.8469610000000003
 30
0
 11
87.2295239999999978
 21
-38.7517229999999984
 31
0
  0
LINE
  5
357
330
1B
100
AcDbEntity
  8
F.Silkscreen
  6
CONTINUOUS
100
AcDbLine
 10
87.2295239999999978
 20
-38.7517229999999984
 30
0
 11
87.1819050000000004
 21
-38.5612470000000016
 31
0
  0
LINE
  5
358
330
1B
100
AcDbEntity
  8
F.Silkscreen
  6
CONTINUOUS
100
AcDbLine
 10
87.1819050000000004
 20
-38.5612470000000016
 30
0
 11
87.1819050000000004
 21
-38.4183899999999952
 31
0
  0
LINE
  5
359
330
1B
100
AcDbEntity
  8
F.Silkscreen
  6
CONTINUOUS
100
AcDbLine
 10
87.1819050000000004
 20
-38.4183899999999952
 30
0
 11
87.2295239999999978
 21
-38.2279139999999984
 31
0
  0
LINE
  5
35A
330
1B
100
AcDbEntity
  8
F.Silkscreen
  6
CONTINUOUS
100
AcDbLine
 10
87.2295239999999978
 20
-38.2279139999999984
 30
0
 11
87.2771429999999953
 21
-38.1326759999999965
 31
0
  0
LINE
  5
35B
330
1B
100
AcDbEntity
  8
F.Silkscreen
  6
CONTINUOUS
100
AcDbLine
 10
87.2771429999999953
 20
-38.1326759999999965
 30
0
 11
87.3723809999999901
 21
-38.0374380000000016
 31
0
  0
LINE
  5
35C
330
1B
100
AcDbEntity
  8
F.Silkscreen
  6
CONTINUOUS
100
AcDbLine
 10
87.3723809999999901
 20
-38.0374380000000016
 30
0
 11
87.5152379999999965
 21
-37.9898189999999971
 31
0
  0
LINE
  5
35D
330
1B
100
AcDbEntity
  8
F.Silkscreen
  6
CONTINUOUS
100
AcDbLine
 10
87.5152379999999965
 20
-37.9898189999999971
 30
0
 11
87.6104759999999914
 21
-37.9898189999999971
 31
0
  0
LINE
  5
35E
330
1B
100
AcDbEntity
  8
F.Silkscreen
  6
CONTINUOUS
100
AcDbLine
 10
87.6104759999999914
 20
-37.9898189999999971
 30
0
 11
87.7533329999999978
 21
-38.0374380000000016
 31
0
  0
LINE
  5
35F
330
1B
100
AcDbEntity
  8
F.Silkscreen
  6
CONTINUOUS
100
AcDbLine
 10
87.7533329999999978
 20
-38.0374380000000016
 30
0
 11
87.8009519999999952
 21
-38.0850569999999991
 31
0
  0
LINE
  5
360
330
1B
100
AcDbEntity
  8
F.Silkscreen
  6
CONTINUOUS
100
AcDbLine
 10
88.7533329999999978
 20
-38.9898189999999971
 30
0
 11
88.1819050000000004
 21
-38.9898189999999971
 31
0
  0
LINE
  5
361
330
1B
100
AcDbEntity
  8
F.Silkscreen
  6
CONTINUOUS
100
AcDbLine
 10
88.4676189999999991
 20
-38.9898189999999971
 30
0
 11
88.4676189999999991
 21
-37.9898189999999971
 31
0
  0
LINE
  5
362
330
1B
100
AcDbEntity
  8
F.Silkscreen
  6
CONTINUOUS
100
AcDbLine
 10
88.4676189999999991
 20
-37.9898189999999971
 30
0
 11
88.3723809999999901
 21
-38.1326759999999965
 31
0
  0
LINE
  5
363
330
1B
100
AcDbEntity
  8
F.Silkscreen
  6
CONTINUOUS
100
AcDbLine
 10
88.3723809999999901
 20
-38.1326759999999965
 30
0
 11
88.2771429999999953
 21
-38.2279139999999984
 31
0
  0
LINE
  5
364
330
1B
100
AcDbEntity
  8
F.Silkscreen
  6
CONTINUOUS
100
AcDbLine
 10
88.2771429999999953
 20
-38.2279139999999984
 30
0
 11
88.1819050000000004
 21
-38.2755329999999958
 31
0
  0
LINE
  5
365
330
1B
100
AcDbEntity
  8
F.Silkscreen
  6
CONTINUOUS
100
AcDbLine
 10
89.3723809999999901
 20
-37.9898189999999971
 30
0
 11
89.4676189999999991
 21
-37.9898189999999971
 31
0
  0
LINE
  5
366
330
1B
100
AcDbEntity
  8
F.Silkscreen
  6
CONTINUOUS
100
AcDbLine
 10
89.4676189999999991
 20
-37.9898189999999971
 30
0
 11
89.5628569999999939
 21
-38.0374380000000016
 31
0
  0
LINE
  5
367
330
1B
100
AcDbEntity
  8
F.Silkscreen
  6
CONTINUOUS
100
AcDbLine
 10
89.5628569999999939
 20
-38.0374380000000016
 30
0
 11
89.6104759999999914
 21
-38.0850569999999991
 31
0
  0
LINE
  5
368
330
1B
100
AcDbEntity
  8
F.Silkscreen
  6
CONTINUOUS
100
AcDbLine
 10
89.6104759999999914
 20
-38.0850569999999991
 30
0
 11
89.658095000000003
 21
-38.180295000000001
 31
0
  0
LINE
  5
369
330
1B
100
AcDbEntity
  8
F.Silkscreen
  6
CONTINUOUS
100
AcDbLine
 10
89.658095000000003
 20
-38.180295000000001
 30
0
 11
89.7057140000000004
 21
-38.3707709999999977
 31
0
  0
LINE
  5
36A
330
1B
100
AcDbEntity
  8
F.Silkscreen
  6
CONTINUOUS
100
AcDbLine
 10
89.7057140000000004
 20
-38.3707709999999977
 30
0
 11
89.7057140000000004
 21
-38.608865999999999
 31
0
  0
LINE
  5
36B
330
1B
100
AcDbEntity
  8
F.Silkscreen
  6
CONTINUOUS
100
AcDbLine
 10
89.7057140000000004
 20
-38.608865999999999
 30
0
 11
89.658095000000003
 21
-38.7993419999999958
 31
0
  0
LINE
  5
36C
330
1B
100
AcDbEntity
  8
F.Silkscreen
  6
CONTINUOUS
100
AcDbLine
 10
89.658095000000003
 20
-38.7993419999999958
 30
0
 11
89.6104759999999914
 21
-38.8945799999999977
 31
0
  0
LINE
  5
36D
330
1B
100
AcDbEntity
  8
F.Silkscreen
  6
CONTINUOUS
100
AcDbLine
 10
89.6104759999999914
 20
-38.8945799999999977
 30
0
 11
89.5628569999999939
 21
-38.9421999999999997
 31
0
  0
LINE
  5
36E
330
1B
100
AcDbEntity
  8
F.Silkscreen
  6
CONTINUOUS
100
AcDbLine
 10
89.5628569999999939
 20
-38.9421999999999997
 30
0
 11
89.4676189999999991
 21
-38.9898189999999971
 31
0
  0
LINE
  5
36F
330
1B
100
AcDbEntity
  8
F.Silkscreen
  6
CONTINUOUS
100
AcDbLine
 10
89.4676189999999991
 20
-38.9898189999999971
 30
0
 11
89.3723809999999901
 21
-38.9898189999999971
 31
0
  0
LINE
  5
370
330
1B
100
AcDbEntity
  8
F.Silkscreen
  6
CONTINUOUS
100
AcDbLine
 10
89.3723809999999901
 20
-38.9898189999999971
 30
0
 11
89.2771429999999953
 21
-38.9421999999999997
 31
0
  0
LINE
  5
371
330
1B
100
AcDbEntity
  8
F.Silkscreen
  6
CONTINUOUS
100
AcDbLine
 10
89.2771429999999953
 20
-38.9421999999999997
 30
0
 11
89.2295239999999978
 21
-38.8945799999999977
 31
0
  0
LINE
  5
372
330
1B
100
AcDbEntity
  8
F.Silkscreen
  6
CONTINUOUS
100
AcDbLine
 10
89.2295239999999978
 20
-38.8945799999999977
 30
0
 11
89.1819050000000004
 21
-38.7993419999999958
 31
0
  0
LINE
  5
373
330
1B
100
AcDbEntity
  8
F.Silkscreen
  6
CONTINUOUS
100
AcDbLine
 10
89.1819050000000004
 20
-38.7993419999999958
 30
0
 11
89.134286000000003
 21
-38.608865999999999
 31
0
  0
LINE
  5
374
330
1B
100
AcDbEntity
  8
F.Silkscreen
  6
CONTINUOUS
100
AcDbLine
 10
89.134286000000003
 20
-38.608865999999999
 30
0
 11
89.134286000000003
 21
-38.3707709999999977
 31
0
  0
LINE
  5
375
330
1B
100
AcDbEntity
  8
F.Silkscreen
  6
CONTINUOUS
100
AcDbLine
 10
89.134286000000003
 20
-38.3707709999999977
 30
0
 11
89.1819050000000004
 21
-38.180295000000001
 31
0
  0
LINE
  5
376
330
1B
100
AcDbEntity
  8
F.Silkscreen
  6
CONTINUOUS
100
AcDbLine
 10
89.1819050000000004
 20
-38.180295000000001
 30
0
 11
89.2295239999999978
 21
-38.0850569999999991
 31
0
  0
LINE
  5
377
330
1B
100
AcDbEntity
  8
F.Silkscreen
  6
CONTINUOUS
100
AcDbLine
 10
89.2295239999999978
 20
-38.0850569999999991
 30
0
 11
89.2771429999999953
 21
-38.0374380000000016
 31
0
  0
LINE
  5
378
330
1B
100
AcDbEntity
  8
F.Silkscreen
  6
CONTINUOUS
100
AcDbLine
 10
89.2771429999999953
 20
-38.0374380000000016
 30
0
 11
89.3723809999999901
 21
-37.9898189999999971
 31
0
  0
LINE
  5
379
330
1B
100
AcDbEntity
  8
F.Silkscreen
  6
CONTINUOUS
100
AcDbLine
 10
90.658095000000003
 20
-38.9898189999999971
 30
0
 11
90.0866669999999914
 21
-38.9898189999999971
 31
0
  0
LINE
  5
37A
330
1B
100
AcDbEntity
  8
F.Silkscreen
  6
CONTINUOUS
100
AcDbLine
 10
90.3723809999999901
 20
-38.9898189999999971
 30
0
 11
90.3723809999999901
 21
-37.9898189999999971
 31
0
  0
LINE
  5
37B
330
1B
100
AcDbEntity
  8
F.Silkscreen
  6
CONTINUOUS
100
AcDbLine
 10
90.3723809999999901
 20
-37.9898189999999971
 30
0
 11
90.2771429999999953
 21
-38.1326759999999965
 31
0
  0
LINE
  5
37C
330
1B
100
AcDbEntity
  8
F.Silkscreen
  6
CONTINUOUS
100
AcDbLine
 10
90.2771429999999953
 20
-38.1326759999999965
 30
0
 11
90.1819050000000004
 21
-38.2279139999999984
 31
0
  0
LINE
  5
37D
330
1B
100
AcDbEntity
  8
F.Silkscreen
  6
CONTINUOUS
100
AcDbLine
 10
90.1819050000000004
 20
-38.2279139999999984
 30
0
 11
90.0866669999999914
 21
-38.2755329999999958
 31
0
  0
LINE
  5
37E
330
1B
100
AcDbEntity
  8
F.Silkscreen
  6
CONTINUOUS
100
AcDbLine
 10
120.8109520000000003
 20
-45.9395789999999948
 30
0
 11
120.7633329999999887
 21
-45.9871989999999968
 31
0
  0
LINE
  5
37F
330
1B
100
AcDbEntity
  8
F.Silkscreen
  6
CONTINUOUS
100
AcDbLine
 10
120.7633329999999887
 20
-45.9871989999999968
 30
0
 11
120.6204759999999965
 21
-46.0348180000000013
 31
0
  0
LINE
  5
380
330
1B
100
AcDbEntity
  8
F.Silkscreen
  6
CONTINUOUS
100
AcDbLine
 10
120.6204759999999965
 20
-46.0348180000000013
 30
0
 11
120.5252380000000016
 21
-46.0348180000000013
 31
0
  0
LINE
  5
381
330
1B
100
AcDbEntity
  8
F.Silkscreen
  6
CONTINUOUS
100
AcDbLine
 10
120.5252380000000016
 20
-46.0348180000000013
 30
0
 11
120.3823809999999952
 21
-45.9871989999999968
 31
0
  0
LINE
  5
382
330
1B
100
AcDbEntity
  8
F.Silkscreen
  6
CONTINUOUS
100
AcDbLine
 10
120.3823809999999952
 20
-45.9871989999999968
 30
0
 11
120.2871430000000004
 21
-45.8919599999999974
 31
0
  0
LINE
  5
383
330
1B
100
AcDbEntity
  8
F.Silkscreen
  6
CONTINUOUS
100
AcDbLine
 10
120.2871430000000004
 20
-45.8919599999999974
 30
0
 11
120.2395239999999887
 21
-45.7967219999999955
 31
0
  0
LINE
  5
384
330
1B
100
AcDbEntity
  8
F.Silkscreen
  6
CONTINUOUS
100
AcDbLine
 10
120.2395239999999887
 20
-45.7967219999999955
 30
0
 11
120.1919049999999913
 21
-45.6062459999999987
 31
0
  0
LINE
  5
385
330
1B
100
AcDbEntity
  8
F.Silkscreen
  6
CONTINUOUS
100
AcDbLine
 10
120.1919049999999913
 20
-45.6062459999999987
 30
0
 11
120.1919049999999913
 21
-45.4633889999999994
 31
0
  0
LINE
  5
386
330
1B
100
AcDbEntity
  8
F.Silkscreen
  6
CONTINUOUS
100
AcDbLine
 10
120.1919049999999913
 20
-45.4633889999999994
 30
0
 11
120.2395239999999887
 21
-45.2729129999999955
 31
0
  0
LINE
  5
387
330
1B
100
AcDbEntity
  8
F.Silkscreen
  6
CONTINUOUS
100
AcDbLine
 10
120.2395239999999887
 20
-45.2729129999999955
 30
0
 11
120.2871430000000004
 21
-45.1776750000000007
 31
0
  0
LINE
  5
388
330
1B
100
AcDbEntity
  8
F.Silkscreen
  6
CONTINUOUS
100
AcDbLine
 10
120.2871430000000004
 20
-45.1776750000000007
 30
0
 11
120.3823809999999952
 21
-45.0824369999999988
 31
0
  0
LINE
  5
389
330
1B
100
AcDbEntity
  8
F.Silkscreen
  6
CONTINUOUS
100
AcDbLine
 10
120.3823809999999952
 20
-45.0824369999999988
 30
0
 11
120.5252380000000016
 21
-45.0348180000000013
 31
0
  0
LINE
  5
38A
330
1B
100
AcDbEntity
  8
F.Silkscreen
  6
CONTINUOUS
100
AcDbLine
 10
120.5252380000000016
 20
-45.0348180000000013
 30
0
 11
120.6204759999999965
 21
-45.0348180000000013
 31
0
  0
LINE
  5
38B
330
1B
100
AcDbEntity
  8
F.Silkscreen
  6
CONTINUOUS
100
AcDbLine
 10
120.6204759999999965
 20
-45.0348180000000013
 30
0
 11
120.7633329999999887
 21
-45.0824369999999988
 31
0
  0
LINE
  5
38C
330
1B
100
AcDbEntity
  8
F.Silkscreen
  6
CONTINUOUS
100
AcDbLine
 10
120.7633329999999887
 20
-45.0824369999999988
 30
0
 11
120.8109520000000003
 21
-45.1300559999999962
 31
0
  0
LINE
  5
38D
330
1B
100
AcDbEntity
  8
F.Silkscreen
  6
CONTINUOUS
100
AcDbLine
 10
121.7633329999999887
 20
-46.0348180000000013
 30
0
 11
121.1919049999999913
 21
-46.0348180000000013
 31
0
  0
LINE
  5
38E
330
1B
100
AcDbEntity
  8
F.Silkscreen
  6
CONTINUOUS
100
AcDbLine
 10
121.47761899999999
 20
-46.0348180000000013
 30
0
 11
121.47761899999999
 21
-45.0348180000000013
 31
0
  0
LINE
  5
38F
330
1B
100
AcDbEntity
  8
F.Silkscreen
  6
CONTINUOUS
100
AcDbLine
 10
121.47761899999999
 20
-45.0348180000000013
 30
0
 11
121.3823809999999952
 21
-45.1776750000000007
 31
0
  0
LINE
  5
390
330
1B
100
AcDbEntity
  8
F.Silkscreen
  6
CONTINUOUS
100
AcDbLine
 10
121.3823809999999952
 20
-45.1776750000000007
 30
0
 11
121.2871430000000004
 21
-45.2729129999999955
 31
0
  0
LINE
  5
391
330
1B
100
AcDbEntity
  8
F.Silkscreen
  6
CONTINUOUS
100
AcDbLine
 10
121.2871430000000004
 20
-45.2729129999999955
 30
0
 11
121.1919049999999913
 21
-45.320532
 31
0
  0
LINE
  5
392
330
1B
100
AcDbEntity
  8
F.Silkscreen
  6
CONTINUOUS
100
AcDbLine
 10
122.3823809999999952
 20
-45.0348180000000013
 30
0
 11
122.47761899999999
 21
-45.0348180000000013
 31
0
  0
LINE
  5
393
330
1B
100
AcDbEntity
  8
F.Silkscreen
  6
CONTINUOUS
100
AcDbLine
 10
122.47761899999999
 20
-45.0348180000000013
 30
0
 11
122.5728569999999991
 21
-45.0824369999999988
 31
0
  0
LINE
  5
394
330
1B
100
AcDbEntity
  8
F.Silkscreen
  6
CONTINUOUS
100
AcDbLine
 10
122.5728569999999991
 20
-45.0824369999999988
 30
0
 11
122.6204759999999965
 21
-45.1300559999999962
 31
0
  0
LINE
  5
395
330
1B
100
AcDbEntity
  8
F.Silkscreen
  6
CONTINUOUS
100
AcDbLine
 10
122.6204759999999965
 20
-45.1300559999999962
 30
0
 11
122.6680949999999939
 21
-45.2252939999999981
 31
0
  0
LINE
  5
396
330
1B
100
AcDbEntity
  8
F.Silkscreen
  6
CONTINUOUS
100
AcDbLine
 10
122.6680949999999939
 20
-45.2252939999999981
 30
0
 11
122.7157139999999913
 21
-45.4157699999999949
 31
0
  0
LINE
  5
397
330
1B
100
AcDbEntity
  8
F.Silkscreen
  6
CONTINUOUS
100
AcDbLine
 10
122.7157139999999913
 20
-45.4157699999999949
 30
0
 11
122.7157139999999913
 21
-45.6538649999999961
 31
0
  0
LINE
  5
398
330
1B
100
AcDbEntity
  8
F.Silkscreen
  6
CONTINUOUS
100
AcDbLine
 10
122.7157139999999913
 20
-45.6538649999999961
 30
0
 11
122.6680949999999939
 21
-45.844341
 31
0
  0
LINE
  5
399
330
1B
100
AcDbEntity
  8
F.Silkscreen
  6
CONTINUOUS
100
AcDbLine
 10
122.6680949999999939
 20
-45.844341
 30
0
 11
122.6204759999999965
 21
-45.9395789999999948
 31
0
  0
LINE
  5
39A
330
1B
100
AcDbEntity
  8
F.Silkscreen
  6
CONTINUOUS
100
AcDbLine
 10
122.6204759999999965
 20
-45.9395789999999948
 30
0
 11
122.5728569999999991
 21
-45.9871989999999968
 31
0
  0
LINE
  5
39B
330
1B
100
AcDbEntity
  8
F.Silkscreen
  6
CONTINUOUS
100
AcDbLine
 10
122.5728569999999991
 20
-45.9871989999999968
 30
0
 11
122.47761899999999
 21
-46.0348180000000013
 31
0
  0
LINE
  5
39C
330
1B
100
AcDbEntity
  8
F.Silkscreen
  6
CONTINUOUS
100
AcDbLine
 10
122.47761899999999
 20
-46.0348180000000013
 30
0
 11
122.3823809999999952
 21
-46.0348180000000013
 31
0
  0
LINE
  5
39D
330
1B
100
AcDbEntity
  8
F.Silkscreen
  6
CONTINUOUS
100
AcDbLine
 10
122.3823809999999952
 20
-46.0348180000000013
 30
0
 11
122.2871430000000004
 21
-45.9871989999999968
 31
0
  0
LINE
  5
39E
330
1B
100
AcDbEntity
  8
F.Silkscreen
  6
CONTINUOUS
100
AcDbLine
 10
122.2871430000000004
 20
-45.9871989999999968
 30
0
 11
122.2395239999999887
 21
-45.9395789999999948
 31
0
  0
LINE
  5
39F
330
1B
100
AcDbEntity
  8
F.Silkscreen
  6
CONTINUOUS
100
AcDbLine
 10
122.2395239999999887
 20
-45.9395789999999948
 30
0
 11
122.1919049999999913
 21
-45.844341
 31
0
  0
LINE
  5
3A0
330
1B
100
AcDbEntity
  8
F.Silkscreen
  6
CONTINUOUS
100
AcDbLine
 10
122.1919049999999913
 20
-45.844341
 30
0
 11
122.1442859999999939
 21
-45.6538649999999961
 31
0
  0
LINE
  5
3A1
330
1B
100
AcDbEntity
  8
F.Silkscreen
  6
CONTINUOUS
100
AcDbLine
 10
122.1442859999999939
 20
-45.6538649999999961
 30
0
 11
122.1442859999999939
 21
-45.4157699999999949
 31
0
  0
LINE
  5
3A2
330
1B
100
AcDbEntity
  8
F.Silkscreen
  6
CONTINUOUS
100
AcDbLine
 10
122.1442859999999939
 20
-45.4157699999999949
 30
0
 11
122.1919049999999913
 21
-45.2252939999999981
 31
0
  0
LINE
  5
3A3
330
1B
100
AcDbEntity
  8
F.Silkscreen
  6
CONTINUOUS
100
AcDbLine
 10
122.1919049999999913
 20
-45.2252939999999981
 30
0
 11
122.2395239999999887
 21
-45.1300559999999962
 31
0
  0
LINE
  5
3A4
330
1B
100
AcDbEntity
  8
F.Silkscreen
  6
CONTINUOUS
100
AcDbLine
 10
122.2395239999999887
 20
-45.1300559999999962
 30
0
 11
122.2871430000000004
 21
-45.0824369999999988
 31
0
  0
LINE
  5
3A5
330
1B
100
AcDbEntity
  8
F.Silkscreen
  6
CONTINUOUS
100
AcDbLine
 10
122.2871430000000004
 20
-45.0824369999999988
 30
0
 11
122.3823809999999952
 21
-45.0348180000000013
 31
0
  0
LINE
  5
3A6
330
1B
100
AcDbEntity
  8
F.Silkscreen
  6
CONTINUOUS
100
AcDbLine
 10
123.0966669999999965
 20
-45.1300559999999962
 30
0
 11
123.1442859999999939
 21
-45.0824369999999988
 31
0
  0
LINE
  5
3A7
330
1B
100
AcDbEntity
  8
F.Silkscreen
  6
CONTINUOUS
100
AcDbLine
 10
123.1442859999999939
 20
-45.0824369999999988
 30
0
 11
123.2395239999999887
 21
-45.0348180000000013
 31
0
  0
LINE
  5
3A8
330
1B
100
AcDbEntity
  8
F.Silkscreen
  6
CONTINUOUS
100
AcDbLine
 10
123.2395239999999887
 20
-45.0348180000000013
 30
0
 11
123.47761899999999
 21
-45.0348180000000013
 31
0
  0
LINE
  5
3A9
330
1B
100
AcDbEntity
  8
F.Silkscreen
  6
CONTINUOUS
100
AcDbLine
 10
123.47761899999999
 20
-45.0348180000000013
 30
0
 11
123.5728569999999991
 21
-45.0824369999999988
 31
0
  0
LINE
  5
3AA
330
1B
100
AcDbEntity
  8
F.Silkscreen
  6
CONTINUOUS
100
AcDbLine
 10
123.5728569999999991
 20
-45.0824369999999988
 30
0
 11
123.6204759999999965
 21
-45.1300559999999962
 31
0
  0
LINE
  5
3AB
330
1B
100
AcDbEntity
  8
F.Silkscreen
  6
CONTINUOUS
100
AcDbLine
 10
123.6204759999999965
 20
-45.1300559999999962
 30
0
 11
123.6680949999999939
 21
-45.2252939999999981
 31
0
  0
LINE
  5
3AC
330
1B
100
AcDbEntity
  8
F.Silkscreen
  6
CONTINUOUS
100
AcDbLine
 10
123.6680949999999939
 20
-45.2252939999999981
 30
0
 11
123.6680949999999939
 21
-45.320532
 31
0
  0
LINE
  5
3AD
330
1B
100
AcDbEntity
  8
F.Silkscreen
  6
CONTINUOUS
100
AcDbLine
 10
123.6680949999999939
 20
-45.320532
 30
0
 11
123.6204759999999965
 21
-45.4633889999999994
 31
0
  0
LINE
  5
3AE
330
1B
100
AcDbEntity
  8
F.Silkscreen
  6
CONTINUOUS
100
AcDbLine
 10
123.6204759999999965
 20
-45.4633889999999994
 30
0
 11
123.0490479999999991
 21
-46.0348180000000013
 31
0
  0
LINE
  5
3AF
330
1B
100
AcDbEntity
  8
F.Silkscreen
  6
CONTINUOUS
100
AcDbLine
 10
123.0490479999999991
 20
-46.0348180000000013
 30
0
 11
123.6680949999999939
 21
-46.0348180000000013
 31
0
  0
LINE
  5
3B0
330
1B
100
AcDbEntity
  8
F.Silkscreen
  6
CONTINUOUS
100
AcDbLine
 10
174.4909519999999929
 20
-59.5295799999999957
 30
0
 11
174.4433329999999955
 21
-59.5771999999999977
 31
0
  0
LINE
  5
3B1
330
1B
100
AcDbEntity
  8
F.Silkscreen
  6
CONTINUOUS
100
AcDbLine
 10
174.4433329999999955
 20
-59.5771999999999977
 30
0
 11
174.3004760000000033
 21
-59.6248189999999951
 31
0
  0
LINE
  5
3B2
330
1B
100
AcDbEntity
  8
F.Silkscreen
  6
CONTINUOUS
100
AcDbLine
 10
174.3004760000000033
 20
-59.6248189999999951
 30
0
 11
174.20523799999998
 21
-59.6248189999999951
 31
0
  0
LINE
  5
3B3
330
1B
100
AcDbEntity
  8
F.Silkscreen
  6
CONTINUOUS
100
AcDbLine
 10
174.20523799999998
 20
-59.6248189999999951
 30
0
 11
174.0623809999999878
 21
-59.5771999999999977
 31
0
  0
LINE
  5
3B4
330
1B
100
AcDbEntity
  8
F.Silkscreen
  6
CONTINUOUS
100
AcDbLine
 10
174.0623809999999878
 20
-59.5771999999999977
 30
0
 11
173.967142999999993
 21
-59.4819609999999983
 31
0
  0
LINE
  5
3B5
330
1B
100
AcDbEntity
  8
F.Silkscreen
  6
CONTINUOUS
100
AcDbLine
 10
173.967142999999993
 20
-59.4819609999999983
 30
0
 11
173.9195239999999956
 21
-59.3867229999999964
 31
0
  0
LINE
  5
3B6
330
1B
100
AcDbEntity
  8
F.Silkscreen
  6
CONTINUOUS
100
AcDbLine
 10
173.9195239999999956
 20
-59.3867229999999964
 30
0
 11
173.8719049999999982
 21
-59.1962469999999996
 31
0
  0
LINE
  5
3B7
330
1B
100
AcDbEntity
  8
F.Silkscreen
  6
CONTINUOUS
100
AcDbLine
 10
173.8719049999999982
 20
-59.1962469999999996
 30
0
 11
173.8719049999999982
 21
-59.0533900000000003
 31
0
  0
LINE
  5
3B8
330
1B
100
AcDbEntity
  8
F.Silkscreen
  6
CONTINUOUS
100
AcDbLine
 10
173.8719049999999982
 20
-59.0533900000000003
 30
0
 11
173.9195239999999956
 21
-58.8629139999999964
 31
0
  0
LINE
  5
3B9
330
1B
100
AcDbEntity
  8
F.Silkscreen
  6
CONTINUOUS
100
AcDbLine
 10
173.9195239999999956
 20
-58.8629139999999964
 30
0
 11
173.967142999999993
 21
-58.7676759999999945
 31
0
  0
LINE
  5
3BA
330
1B
100
AcDbEntity
  8
F.Silkscreen
  6
CONTINUOUS
100
AcDbLine
 10
173.967142999999993
 20
-58.7676759999999945
 30
0
 11
174.0623809999999878
 21
-58.6724379999999996
 31
0
  0
LINE
  5
3BB
330
1B
100
AcDbEntity
  8
F.Silkscreen
  6
CONTINUOUS
100
AcDbLine
 10
174.0623809999999878
 20
-58.6724379999999996
 30
0
 11
174.20523799999998
 21
-58.6248189999999951
 31
0
  0
LINE
  5
3BC
330
1B
100
AcDbEntity
  8
F.Silkscreen
  6
CONTINUOUS
100
AcDbLine
 10
174.20523799999998
 20
-58.6248189999999951
 30
0
 11
174.3004760000000033
 21
-58.6248189999999951
 31
0
  0
LINE
  5
3BD
330
1B
100
AcDbEntity
  8
F.Silkscreen
  6
CONTINUOUS
100
AcDbLine
 10
174.3004760000000033
 20
-58.6248189999999951
 30
0
 11
174.4433329999999955
 21
-58.6724379999999996
 31
0
  0
LINE
  5
3BE
330
1B
100
AcDbEntity
  8
F.Silkscreen
  6
CONTINUOUS
100
AcDbLine
 10
174.4433329999999955
 20
-58.6724379999999996
 30
0
 11
174.4909519999999929
 21
-58.7200569999999971
 31
0
  0
LINE
  5
3BF
330
1B
100
AcDbEntity
  8
F.Silkscreen
  6
CONTINUOUS
100
AcDbLine
 10
175.4433329999999955
 20
-59.6248189999999951
 30
0
 11
174.8719049999999982
 21
-59.6248189999999951
 31
0
  0
LINE
  5
3C0
330
1B
100
AcDbEntity
  8
F.Silkscreen
  6
CONTINUOUS
100
AcDbLine
 10
175.1576189999999826
 20
-59.6248189999999951
 30
0
 11
175.1576189999999826
 21
-58.6248189999999951
 31
0
  0
LINE
  5
3C1
330
1B
100
AcDbEntity
  8
F.Silkscreen
  6
CONTINUOUS
100
AcDbLine
 10
175.1576189999999826
 20
-58.6248189999999951
 30
0
 11
175.0623809999999878
 21
-58.7676759999999945
 31
0
  0
LINE
  5
3C2
330
1B
100
AcDbEntity
  8
F.Silkscreen
  6
CONTINUOUS
100
AcDbLine
 10
175.0623809999999878
 20
-58.7676759999999945
 30
0
 11
174.967142999999993
 21
-58.8629139999999964
 31
0
  0
LINE
  5
3C3
330
1B
100
AcDbEntity
  8
F.Silkscreen
  6
CONTINUOUS
100
AcDbLine
 10
174.967142999999993
 20
-58.8629139999999964
 30
0
 11
174.8719049999999982
 21
-58.9105329999999938
 31
0
  0
LINE
  5
3C4
330
1B
100
AcDbEntity
  8
F.Silkscreen
  6
CONTINUOUS
100
AcDbLine
 10
176.0623809999999878
 20
-58.6248189999999951
 30
0
 11
176.1576189999999826
 21
-58.6248189999999951
 31
0
  0
LINE
  5
3C5
330
1B
100
AcDbEntity
  8
F.Silkscreen
  6
CONTINUOUS
100
AcDbLine
 10
176.1576189999999826
 20
-58.6248189999999951
 30
0
 11
176.2528570000000059
 21
-58.6724379999999996
 31
0
  0
LINE
  5
3C6
330
1B
100
AcDbEntity
  8
F.Silkscreen
  6
CONTINUOUS
100
AcDbLine
 10
176.2528570000000059
 20
-58.6724379999999996
 30
0
 11
176.3004760000000033
 21
-58.7200569999999971
 31
0
  0
LINE
  5
3C7
330
1B
100
AcDbEntity
  8
F.Silkscreen
  6
CONTINUOUS
100
AcDbLine
 10
176.3004760000000033
 20
-58.7200569999999971
 30
0
 11
176.3480950000000007
 21
-58.815294999999999
 31
0
  0
LINE
  5
3C8
330
1B
100
AcDbEntity
  8
F.Silkscreen
  6
CONTINUOUS
100
AcDbLine
 10
176.3480950000000007
 20
-58.815294999999999
 30
0
 11
176.3957139999999981
 21
-59.0057709999999958
 31
0
  0
LINE
  5
3C9
330
1B
100
AcDbEntity
  8
F.Silkscreen
  6
CONTINUOUS
100
AcDbLine
 10
176.3957139999999981
 20
-59.0057709999999958
 30
0
 11
176.3957139999999981
 21
-59.243865999999997
 31
0
  0
LINE
  5
3CA
330
1B
100
AcDbEntity
  8
F.Silkscreen
  6
CONTINUOUS
100
AcDbLine
 10
176.3957139999999981
 20
-59.243865999999997
 30
0
 11
176.3480950000000007
 21
-59.4343419999999938
 31
0
  0
LINE
  5
3CB
330
1B
100
AcDbEntity
  8
F.Silkscreen
  6
CONTINUOUS
100
AcDbLine
 10
176.3480950000000007
 20
-59.4343419999999938
 30
0
 11
176.3004760000000033
 21
-59.5295799999999957
 31
0
  0
LINE
  5
3CC
330
1B
100
AcDbEntity
  8
F.Silkscreen
  6
CONTINUOUS
100
AcDbLine
 10
176.3004760000000033
 20
-59.5295799999999957
 30
0
 11
176.2528570000000059
 21
-59.5771999999999977
 31
0
  0
LINE
  5
3CD
330
1B
100
AcDbEntity
  8
F.Silkscreen
  6
CONTINUOUS
100
AcDbLine
 10
176.2528570000000059
 20
-59.5771999999999977
 30
0
 11
176.1576189999999826
 21
-59.6248189999999951
 31
0
  0
LINE
  5
3CE
330
1B
100
AcDbEntity
  8
F.Silkscreen
  6
CONTINUOUS
100
AcDbLine
 10
176.1576189999999826
 20
-59.6248189999999951
 30
0
 11
176.0623809999999878
 21
-59.6248189999999951
 31
0
  0
LINE
  5
3CF
330
1B
100
AcDbEntity
  8
F.Silkscreen
  6
CONTINUOUS
100
AcDbLine
 10
176.0623809999999878
 20
-59.6248189999999951
 30
0
 11
175.967142999999993
 21
-59.5771999999999977
 31
0
  0
LINE
  5
3D0
330
1B
100
AcDbEntity
  8
F.Silkscreen
  6
CONTINUOUS
100
AcDbLine
 10
175.967142999999993
 20
-59.5771999999999977
 30
0
 11
175.9195239999999956
 21
-59.5295799999999957
 31
0
  0
LINE
  5
3D1
330
1B
100
AcDbEntity
  8
F.Silkscreen
  6
CONTINUOUS
100
AcDbLine
 10
175.9195239999999956
 20
-59.5295799999999957
 30
0
 11
175.8719049999999982
 21
-59.4343419999999938
 31
0
  0
LINE
  5
3D2
330
1B
100
AcDbEntity
  8
F.Silkscreen
  6
CONTINUOUS
100
AcDbLine
 10
175.8719049999999982
 20
-59.4343419999999938
 30
0
 11
175.8242860000000007
 21
-59.243865999999997
 31
0
  0
LINE
  5
3D3
330
1B
100
AcDbEntity
  8
F.Silkscreen
  6
CONTINUOUS
100
AcDbLine
 10
175.8242860000000007
 20
-59.243865999999997
 30
0
 11
175.8242860000000007
 21
-59.0057709999999958
 31
0
  0
LINE
  5
3D4
330
1B
100
AcDbEntity
  8
F.Silkscreen
  6
CONTINUOUS
100
AcDbLine
 10
175.8242860000000007
 20
-59.0057709999999958
 30
0
 11
175.8719049999999982
 21
-58.815294999999999
 31
0
  0
LINE
  5
3D5
330
1B
100
AcDbEntity
  8
F.Silkscreen
  6
CONTINUOUS
100
AcDbLine
 10
175.8719049999999982
 20
-58.815294999999999
 30
0
 11
175.9195239999999956
 21
-58.7200569999999971
 31
0
  0
LINE
  5
3D6
330
1B
100
AcDbEntity
  8
F.Silkscreen
  6
CONTINUOUS
100
AcDbLine
 10
175.9195239999999956
 20
-58.7200569999999971
 30
0
 11
175.967142999999993
 21
-58.6724379999999996
 31
0
  0
LINE
  5
3D7
330
1B
100
AcDbEntity
  8
F.Silkscreen
  6
CONTINUOUS
100
AcDbLine
 10
175.967142999999993
 20
-58.6724379999999996
 30
0
 11
176.0623809999999878
 21
-58.6248189999999951
 31
0
  0
LINE
  5
3D8
330
1B
100
AcDbEntity
  8
F.Silkscreen
  6
CONTINUOUS
100
AcDbLine
 10
177.3004760000000033
 20
-58.6248189999999951
 30
0
 11
176.8242860000000007
 21
-58.6248189999999951
 31
0
  0
LINE
  5
3D9
330
1B
100
AcDbEntity
  8
F.Silkscreen
  6
CONTINUOUS
100
AcDbLine
 10
176.8242860000000007
 20
-58.6248189999999951
 30
0
 11
176.7766670000000033
 21
-59.1010089999999977
 31
0
  0
LINE
  5
3DA
330
1B
100
AcDbEntity
  8
F.Silkscreen
  6
CONTINUOUS
100
AcDbLine
 10
176.7766670000000033
 20
-59.1010089999999977
 30
0
 11
176.8242860000000007
 21
-59.0533900000000003
 31
0
  0
LINE
  5
3DB
330
1B
100
AcDbEntity
  8
F.Silkscreen
  6
CONTINUOUS
100
AcDbLine
 10
176.8242860000000007
 20
-59.0533900000000003
 30
0
 11
176.9195239999999956
 21
-59.0057709999999958
 31
0
  0
LINE
  5
3DC
330
1B
100
AcDbEntity
  8
F.Silkscreen
  6
CONTINUOUS
100
AcDbLine
 10
176.9195239999999956
 20
-59.0057709999999958
 30
0
 11
177.1576189999999826
 21
-59.0057709999999958
 31
0
  0
LINE
  5
3DD
330
1B
100
AcDbEntity
  8
F.Silkscreen
  6
CONTINUOUS
100
AcDbLine
 10
177.1576189999999826
 20
-59.0057709999999958
 30
0
 11
177.2528570000000059
 21
-59.0533900000000003
 31
0
  0
LINE
  5
3DE
330
1B
100
AcDbEntity
  8
F.Silkscreen
  6
CONTINUOUS
100
AcDbLine
 10
177.2528570000000059
 20
-59.0533900000000003
 30
0
 11
177.3004760000000033
 21
-59.1010089999999977
 31
0
  0
LINE
  5
3DF
330
1B
100
AcDbEntity
  8
F.Silkscreen
  6
CONTINUOUS
100
AcDbLine
 10
177.3004760000000033
 20
-59.1010089999999977
 30
0
 11
177.3480950000000007
 21
-59.1962469999999996
 31
0
  0
LINE
  5
3E0
330
1B
100
AcDbEntity
  8
F.Silkscreen
  6
CONTINUOUS
100
AcDbLine
 10
177.3480950000000007
 20
-59.1962469999999996
 30
0
 11
177.3480950000000007
 21
-59.4343419999999938
 31
0
  0
LINE
  5
3E1
330
1B
100
AcDbEntity
  8
F.Silkscreen
  6
CONTINUOUS
100
AcDbLine
 10
177.3480950000000007
 20
-59.4343419999999938
 30
0
 11
177.3004760000000033
 21
-59.5295799999999957
 31
0
  0
LINE
  5
3E2
330
1B
100
AcDbEntity
  8
F.Silkscreen
  6
CONTINUOUS
100
AcDbLine
 10
177.3004760000000033
 20
-59.5295799999999957
 30
0
 11
177.2528570000000059
 21
-59.5771999999999977
 31
0
  0
LINE
  5
3E3
330
1B
100
AcDbEntity
  8
F.Silkscreen
  6
CONTINUOUS
100
AcDbLine
 10
177.2528570000000059
 20
-59.5771999999999977
 30
0
 11
177.1576189999999826
 21
-59.6248189999999951
 31
0
  0
LINE
  5
3E4
330
1B
100
AcDbEntity
  8
F.Silkscreen
  6
CONTINUOUS
100
AcDbLine
 10
177.1576189999999826
 20
-59.6248189999999951
 30
0
 11
176.9195239999999956
 21
-59.6248189999999951
 31
0
  0
LINE
  5
3E5
330
1B
100
AcDbEntity
  8
F.Silkscreen
  6
CONTINUOUS
100
AcDbLine
 10
176.9195239999999956
 20
-59.6248189999999951
 30
0
 11
176.8242860000000007
 21
-59.5771999999999977
 31
0
  0
LINE
  5
3E6
330
1B
100
AcDbEntity
  8
F.Silkscreen
  6
CONTINUOUS
100
AcDbLine
 10
176.8242860000000007
 20
-59.5771999999999977
 30
0
 11
176.7766670000000033
 21
-59.5295799999999957
 31
0
  0
LINE
  5
3E7
330
1B
100
AcDbEntity
  8
F.Silkscreen
  6
CONTINUOUS
100
AcDbLine
 10
72.3348179999999985
 20
-91.8883330000000029
 30
0
 11
73.0491030000000023
 21
-91.8883330000000029
 31
0
  0
LINE
  5
3E8
330
1B
100
AcDbEntity
  8
F.Silkscreen
  6
CONTINUOUS
100
AcDbLine
 10
73.0491030000000023
 20
-91.8883330000000029
 30
0
 11
73.1919599999999946
 21
-91.9359520000000003
 31
0
  0
LINE
  5
3E9
330
1B
100
AcDbEntity
  8
F.Silkscreen
  6
CONTINUOUS
100
AcDbLine
 10
73.1919599999999946
 20
-91.9359520000000003
 30
0
 11
73.2871990000000011
 21
-92.0311899999999952
 31
0
  0
LINE
  5
3EA
330
1B
100
AcDbEntity
  8
F.Silkscreen
  6
CONTINUOUS
100
AcDbLine
 10
73.2871990000000011
 20
-92.0311899999999952
 30
0
 11
73.3348179999999985
 21
-92.1740470000000016
 31
0
  0
LINE
  5
3EB
330
1B
100
AcDbEntity
  8
F.Silkscreen
  6
CONTINUOUS
100
AcDbLine
 10
73.3348179999999985
 20
-92.1740470000000016
 30
0
 11
73.3348179999999985
 21
-92.2692849999999964
 31
0
  0
LINE
  5
3EC
330
1B
100
AcDbEntity
  8
F.Silkscreen
  6
CONTINUOUS
100
AcDbLine
 10
73.3348179999999985
 20
-90.8883330000000029
 30
0
 11
73.3348179999999985
 21
-91.4597610000000003
 31
0
  0
LINE
  5
3ED
330
1B
100
AcDbEntity
  8
F.Silkscreen
  6
CONTINUOUS
100
AcDbLine
 10
73.3348179999999985
 20
-91.1740470000000016
 30
0
 11
72.3348179999999985
 21
-91.1740470000000016
 31
0
  0
LINE
  5
3EE
330
1B
100
AcDbEntity
  8
F.Silkscreen
  6
CONTINUOUS
100
AcDbLine
 10
72.3348179999999985
 20
-91.1740470000000016
 30
0
 11
72.4776749999999907
 21
-91.2692849999999964
 31
0
  0
LINE
  5
3EF
330
1B
100
AcDbEntity
  8
F.Silkscreen
  6
CONTINUOUS
100
AcDbLine
 10
72.4776749999999907
 20
-91.2692849999999964
 30
0
 11
72.5729129999999998
 21
-91.3645229999999913
 31
0
  0
LINE
  5
3F0
330
1B
100
AcDbEntity
  8
F.Silkscreen
  6
CONTINUOUS
100
AcDbLine
 10
72.5729129999999998
 20
-91.3645229999999913
 30
0
 11
72.6205319999999972
 21
-91.4597610000000003
 31
0
  0
LINE
  5
3F1
330
1B
100
AcDbEntity
  8
F.Silkscreen
  6
CONTINUOUS
100
AcDbLine
 10
146.4009519999999895
 20
-52.1298180000000002
 30
0
 11
145.924761999999987
 21
-52.1298180000000002
 31
0
  0
LINE
  5
3F2
330
1B
100
AcDbEntity
  8
F.Silkscreen
  6
CONTINUOUS
100
AcDbLine
 10
145.924761999999987
 20
-52.1298180000000002
 30
0
 11
145.924761999999987
 21
-51.1298180000000002
 31
0
  0
LINE
  5
3F3
330
1B
100
AcDbEntity
  8
F.Silkscreen
  6
CONTINUOUS
100
AcDbLine
 10
147.2580949999999973
 20
-52.1298180000000002
 30
0
 11
146.6866669999999999
 21
-52.1298180000000002
 31
0
  0
LINE
  5
3F4
330
1B
100
AcDbEntity
  8
F.Silkscreen
  6
CONTINUOUS
100
AcDbLine
 10
146.9723809999999844
 20
-52.1298180000000002
 30
0
 11
146.9723809999999844
 21
-51.1298180000000002
 31
0
  0
LINE
  5
3F5
330
1B
100
AcDbEntity
  8
F.Silkscreen
  6
CONTINUOUS
100
AcDbLine
 10
146.9723809999999844
 20
-51.1298180000000002
 30
0
 11
146.8771429999999896
 21
-51.2726749999999996
 31
0
  0
LINE
  5
3F6
330
1B
100
AcDbEntity
  8
F.Silkscreen
  6
CONTINUOUS
100
AcDbLine
 10
146.8771429999999896
 20
-51.2726749999999996
 30
0
 11
146.7819049999999947
 21
-51.3679129999999944
 31
0
  0
LINE
  5
3F7
330
1B
100
AcDbEntity
  8
F.Silkscreen
  6
CONTINUOUS
100
AcDbLine
 10
146.7819049999999947
 20
-51.3679129999999944
 30
0
 11
146.6866669999999999
 21
-51.4155319999999989
 31
0
  0
LINE
  5
3F8
330
1B
100
AcDbEntity
  8
F.Silkscreen
  6
CONTINUOUS
100
AcDbLine
 10
147.8771429999999896
 20
-51.1298180000000002
 30
0
 11
147.9723809999999844
 21
-51.1298180000000002
 31
0
  0
LINE
  5
3F9
330
1B
100
AcDbEntity
  8
F.Silkscreen
  6
CONTINUOUS
100
AcDbLine
 10
147.9723809999999844
 20
-51.1298180000000002
 30
0
 11
148.0676189999999792
 21
-51.1774369999999976
 31
0
  0
LINE
  5
3FA
330
1B
100
AcDbEntity
  8
F.Silkscreen
  6
CONTINUOUS
100
AcDbLine
 10
148.0676189999999792
 20
-51.1774369999999976
 30
0
 11
148.1152380000000051
 21
-51.225055999999995
 31
0
  0
LINE
  5
3FB
330
1B
100
AcDbEntity
  8
F.Silkscreen
  6
CONTINUOUS
100
AcDbLine
 10
148.1152380000000051
 20
-51.225055999999995
 30
0
 11
148.1628570000000025
 21
-51.320293999999997
 31
0
  0
LINE
  5
3FC
330
1B
100
AcDbEntity
  8
F.Silkscreen
  6
CONTINUOUS
100
AcDbLine
 10
148.1628570000000025
 20
-51.320293999999997
 30
0
 11
148.2104759999999999
 21
-51.5107700000000008
 31
0
  0
LINE
  5
3FD
330
1B
100
AcDbEntity
  8
F.Silkscreen
  6
CONTINUOUS
100
AcDbLine
 10
148.2104759999999999
 20
-51.5107700000000008
 30
0
 11
148.2104759999999999
 21
-51.748864999999995
 31
0
  0
LINE
  5
3FE
330
1B
100
AcDbEntity
  8
F.Silkscreen
  6
CONTINUOUS
100
AcDbLine
 10
148.2104759999999999
 20
-51.748864999999995
 30
0
 11
148.1628570000000025
 21
-51.9393409999999989
 31
0
  0
LINE
  5
3FF
330
1B
100
AcDbEntity
  8
F.Silkscreen
  6
CONTINUOUS
100
AcDbLine
 10
148.1628570000000025
 20
-51.9393409999999989
 30
0
 11
148.1152380000000051
 21
-52.0345790000000008
 31
0
  0
LINE
  5
400
330
1B
100
AcDbEntity
  8
F.Silkscreen
  6
CONTINUOUS
100
AcDbLine
 10
148.1152380000000051
 20
-52.0345790000000008
 30
0
 11
148.0676189999999792
 21
-52.0821989999999957
 31
0
  0
LINE
  5
401
330
1B
100
AcDbEntity
  8
F.Silkscreen
  6
CONTINUOUS
100
AcDbLine
 10
148.0676189999999792
 20
-52.0821989999999957
 30
0
 11
147.9723809999999844
 21
-52.1298180000000002
 31
0
  0
LINE
  5
402
330
1B
100
AcDbEntity
  8
F.Silkscreen
  6
CONTINUOUS
100
AcDbLine
 10
147.9723809999999844
 20
-52.1298180000000002
 30
0
 11
147.8771429999999896
 21
-52.1298180000000002
 31
0
  0
LINE
  5
403
330
1B
100
AcDbEntity
  8
F.Silkscreen
  6
CONTINUOUS
100
AcDbLine
 10
147.8771429999999896
 20
-52.1298180000000002
 30
0
 11
147.7819049999999947
 21
-52.0821989999999957
 31
0
  0
LINE
  5
404
330
1B
100
AcDbEntity
  8
F.Silkscreen
  6
CONTINUOUS
100
AcDbLine
 10
147.7819049999999947
 20
-52.0821989999999957
 30
0
 11
147.7342859999999973
 21
-52.0345790000000008
 31
0
  0
LINE
  5
405
330
1B
100
AcDbEntity
  8
F.Silkscreen
  6
CONTINUOUS
100
AcDbLine
 10
147.7342859999999973
 20
-52.0345790000000008
 30
0
 11
147.6866669999999999
 21
-51.9393409999999989
 31
0
  0
LINE
  5
406
330
1B
100
AcDbEntity
  8
F.Silkscreen
  6
CONTINUOUS
100
AcDbLine
 10
147.6866669999999999
 20
-51.9393409999999989
 30
0
 11
147.6390480000000025
 21
-51.748864999999995
 31
0
  0
LINE
  5
407
330
1B
100
AcDbEntity
  8
F.Silkscreen
  6
CONTINUOUS
100
AcDbLine
 10
147.6390480000000025
 20
-51.748864999999995
 30
0
 11
147.6390480000000025
 21
-51.5107700000000008
 31
0
  0
LINE
  5
408
330
1B
100
AcDbEntity
  8
F.Silkscreen
  6
CONTINUOUS
100
AcDbLine
 10
147.6390480000000025
 20
-51.5107700000000008
 30
0
 11
147.6866669999999999
 21
-51.320293999999997
 31
0
  0
LINE
  5
409
330
1B
100
AcDbEntity
  8
F.Silkscreen
  6
CONTINUOUS
100
AcDbLine
 10
147.6866669999999999
 20
-51.320293999999997
 30
0
 11
147.7342859999999973
 21
-51.225055999999995
 31
0
  0
LINE
  5
40A
330
1B
100
AcDbEntity
  8
F.Silkscreen
  6
CONTINUOUS
100
AcDbLine
 10
147.7342859999999973
 20
-51.225055999999995
 30
0
 11
147.7819049999999947
 21
-51.1774369999999976
 31
0
  0
LINE
  5
40B
330
1B
100
AcDbEntity
  8
F.Silkscreen
  6
CONTINUOUS
100
AcDbLine
 10
147.7819049999999947
 20
-51.1774369999999976
 30
0
 11
147.8771429999999896
 21
-51.1298180000000002
 31
0
  0
LINE
  5
40C
330
1B
100
AcDbEntity
  8
F.Silkscreen
  6
CONTINUOUS
100
AcDbLine
 10
148.5914290000000051
 20
-51.225055999999995
 30
0
 11
148.6390480000000025
 21
-51.1774369999999976
 31
0
  0
LINE
  5
40D
330
1B
100
AcDbEntity
  8
F.Silkscreen
  6
CONTINUOUS
100
AcDbLine
 10
148.6390480000000025
 20
-51.1774369999999976
 30
0
 11
148.7342859999999973
 21
-51.1298180000000002
 31
0
  0
LINE
  5
40E
330
1B
100
AcDbEntity
  8
F.Silkscreen
  6
CONTINUOUS
100
AcDbLine
 10
148.7342859999999973
 20
-51.1298180000000002
 30
0
 11
148.9723809999999844
 21
-51.1298180000000002
 31
0
  0
LINE
  5
40F
330
1B
100
AcDbEntity
  8
F.Silkscreen
  6
CONTINUOUS
100
AcDbLine
 10
148.9723809999999844
 20
-51.1298180000000002
 30
0
 11
149.0676189999999792
 21
-51.1774369999999976
 31
0
  0
LINE
  5
410
330
1B
100
AcDbEntity
  8
F.Silkscreen
  6
CONTINUOUS
100
AcDbLine
 10
149.0676189999999792
 20
-51.1774369999999976
 30
0
 11
149.1152380000000051
 21
-51.225055999999995
 31
0
  0
LINE
  5
411
330
1B
100
AcDbEntity
  8
F.Silkscreen
  6
CONTINUOUS
100
AcDbLine
 10
149.1152380000000051
 20
-51.225055999999995
 30
0
 11
149.1628570000000025
 21
-51.320293999999997
 31
0
  0
LINE
  5
412
330
1B
100
AcDbEntity
  8
F.Silkscreen
  6
CONTINUOUS
100
AcDbLine
 10
149.1628570000000025
 20
-51.320293999999997
 30
0
 11
149.1628570000000025
 21
-51.4155319999999989
 31
0
  0
LINE
  5
413
330
1B
100
AcDbEntity
  8
F.Silkscreen
  6
CONTINUOUS
100
AcDbLine
 10
149.1628570000000025
 20
-51.4155319999999989
 30
0
 11
149.1152380000000051
 21
-51.5583889999999982
 31
0
  0
LINE
  5
414
330
1B
100
AcDbEntity
  8
F.Silkscreen
  6
CONTINUOUS
100
AcDbLine
 10
149.1152380000000051
 20
-51.5583889999999982
 30
0
 11
148.5438099999999793
 21
-52.1298180000000002
 31
0
  0
LINE
  5
415
330
1B
100
AcDbEntity
  8
F.Silkscreen
  6
CONTINUOUS
100
AcDbLine
 10
148.5438099999999793
 20
-52.1298180000000002
 30
0
 11
149.1628570000000025
 21
-52.1298180000000002
 31
0
  0
LINE
  5
416
330
1B
100
AcDbEntity
  8
F.Silkscreen
  6
CONTINUOUS
100
AcDbLine
 10
159.7399999999999807
 20
-44.7099989999999963
 30
0
 11
191.4799999999999898
 21
-44.7099989999999963
 31
0
  0
LINE
  5
417
330
1B
100
AcDbEntity
  8
F.Silkscreen
  6
CONTINUOUS
100
AcDbLine
 10
159.7399999999999807
 20
-55.9499989999999983
 30
0
 11
159.7399999999999807
 21
-44.7099989999999963
 31
0
  0
LINE
  5
418
330
1B
100
AcDbEntity
  8
F.Silkscreen
  6
CONTINUOUS
100
AcDbLine
 10
191.4799999999999898
 20
-44.7099989999999963
 30
0
 11
191.4799999999999898
 21
-55.9499989999999983
 31
0
  0
LINE
  5
419
330
1B
100
AcDbEntity
  8
F.Silkscreen
  6
CONTINUOUS
100
AcDbLine
 10
191.4799999999999898
 20
-55.9499989999999983
 30
0
 11
159.7399999999999807
 21
-55.9499989999999983
 31
0
  0
LINE
  5
41A
330
1B
100
AcDbEntity
  8
F.Silkscreen
  6
CONTINUOUS
100
AcDbLine
 10
197.
 20
-83.75
 30
0
 11
204.
 21
-83.75
 31
0
  0
LINE
  5
41B
330
1B
100
AcDbEntity
  8
F.Silkscreen
  6
CONTINUOUS
100
AcDbLine
 10
204.
 20
-83.75
 30
0
 11
204.
 21
-98.75
 31
0
  0
LINE
  5
41C
330
1B
100
AcDbEntity
  8
F.Silkscreen
  6
CONTINUOUS
100
AcDbLine
 10
204.
 20
-98.75
 30
0
 11
197.
 21
-98.75
 31
0
  0
LINE
  5
41D
330
1B
100
AcDbEntity
  8
F.Silkscreen
  6
CONTINUOUS
100
AcDbLine
 10
197.
 20
-98.75
 30
0
 11
197.
 21
-83.75
 31
0
  0
LINE
  5
41E
330
1B
100
AcDbEntity
  8
F.Silkscreen
  6
CONTINUOUS
100
AcDbLine
 10
133.1999999999999886
 20
-75.3799999999999955
 30
0
 11
146.4399999999999977
 21
-75.3799999999999955
 31
0
  0
LINE
  5
41F
330
1B
100
AcDbEntity
  8
F.Silkscreen
  6
CONTINUOUS
100
AcDbLine
 10
133.1999999999999886
 20
-107.1199999999999903
 30
0
 11
133.1999999999999886
 21
-75.3799999999999955
 31
0
  0
LINE
  5
420
330
1B
100
AcDbEntity
  8
F.Silkscreen
  6
CONTINUOUS
100
AcDbLine
 10
146.4399999999999977
 20
-75.3799999999999955
 30
0
 11
146.4399999999999977
 21
-107.1199999999999903
 31
0
  0
LINE
  5
421
330
1B
100
AcDbEntity
  8
F.Silkscreen
  6
CONTINUOUS
100
AcDbLine
 10
146.4399999999999977
 20
-107.1199999999999903
 30
0
 11
133.1999999999999886
 21
-107.1199999999999903
 31
0
  0
LINE
  5
422
330
1B
100
AcDbEntity
  8
F.Silkscreen
  6
CONTINUOUS
100
AcDbLine
 10
107.
 20
-120.
 30
0
 11
114.
 21
-120.
 31
0
  0
LINE
  5
423
330
1B
100
AcDbEntity
  8
F.Silkscreen
  6
CONTINUOUS
100
AcDbLine
 10
114.
 20
-120.
 30
0
 11
114.
 21
-135.
 31
0
  0
LINE
  5
424
330
1B
100
AcDbEntity
  8
F.Silkscreen
  6
CONTINUOUS
100
AcDbLine
 10
114.
 20
-135.
 30
0
 11
107.
 21
-135.
 31
0
  0
LINE
  5
425
330
1B
100
AcDbEntity
  8
F.Silkscreen
  6
CONTINUOUS
100
AcDbLine
 10
107.
 20
-135.
 30
0
 11
107.
 21
-120.
 31
0
  0
LINE
  5
426
330
1B
100
AcDbEntity
  8
F.Silkscreen
  6
CONTINUOUS
100
AcDbLine
 10
76.2999999999999972
 20
-51.254998999999998
 30
0
 11
101.539999999999992
 21
-51.254998999999998
 31
0
  0
LINE
  5
427
330
1B
100
AcDbEntity
  8
F.Silkscreen
  6
CONTINUOUS
100
AcDbLine
 10
76.2999999999999972
 20
-54.4349989999999977
 30
0
 11
76.2999999999999972
 21
-51.254998999999998
 31
0
  0
LINE
  5
428
330
1B
100
AcDbEntity
  8
F.Silkscreen
  6
CONTINUOUS
100
AcDbLine
 10
76.2999999999999972
 20
-57.3149990000000003
 30
0
 11
76.2999999999999972
 21
-60.494999
 31
0
  0
LINE
  5
429
330
1B
100
AcDbEntity
  8
F.Silkscreen
  6
CONTINUOUS
100
AcDbLine
 10
76.2999999999999972
 20
-60.494999
 30
0
 11
101.539999999999992
 21
-60.494999
 31
0
  0
LINE
  5
42A
330
1B
100
AcDbEntity
  8
F.Silkscreen
  6
CONTINUOUS
100
AcDbLine
 10
101.539999999999992
 20
-51.254998999999998
 30
0
 11
101.539999999999992
 21
-54.4349989999999977
 31
0
  0
LINE
  5
42B
330
1B
100
AcDbEntity
  8
F.Silkscreen
  6
CONTINUOUS
100
AcDbLine
 10
101.539999999999992
 20
-60.494999
 30
0
 11
101.539999999999992
 21
-57.3149990000000003
 31
0
  0
LINE
  5
42C
330
1B
100
AcDbEntity
  8
F.Silkscreen
  6
CONTINUOUS
100
AcDbLine
 10
88.1799999999999926
 20
-81.8799999999999955
 30
0
 11
90.0600000000000023
 21
-81.8799999999999955
 31
0
  0
LINE
  5
42D
330
1B
100
AcDbEntity
  8
F.Silkscreen
  6
CONTINUOUS
100
AcDbLine
 10
88.1799999999999926
 20
-102.1199999999999903
 30
0
 11
88.1799999999999926
 21
-81.8799999999999955
 31
0
  0
LINE
  5
42E
330
1B
100
AcDbEntity
  8
F.Silkscreen
  6
CONTINUOUS
100
AcDbLine
 10
90.0600000000000023
 20
-102.1199999999999903
 30
0
 11
88.1799999999999926
 21
-102.1199999999999903
 31
0
  0
LINE
  5
42F
330
1B
100
AcDbEntity
  8
F.Silkscreen
  6
CONTINUOUS
100
AcDbLine
 10
92.9399999999999977
 20
-102.1199999999999903
 30
0
 11
94.8199999999999932
 21
-102.1199999999999903
 31
0
  0
LINE
  5
430
330
1B
100
AcDbEntity
  8
F.Silkscreen
  6
CONTINUOUS
100
AcDbLine
 10
94.8199999999999932
 20
-81.8799999999999955
 30
0
 11
92.9399999999999977
 21
-81.8799999999999955
 31
0
  0
LINE
  5
431
330
1B
100
AcDbEntity
  8
F.Silkscreen
  6
CONTINUOUS
100
AcDbLine
 10
94.8199999999999932
 20
-102.1199999999999903
 30
0
 11
94.8199999999999932
 21
-81.8799999999999955
 31
0
  0
LINE
  5
432
330
1B
100
AcDbEntity
  8
F.Silkscreen
  6
CONTINUOUS
100
AcDbLine
 10
196.0799999999999841
 20
-51.504998999999998
 30
0
 11
204.1200000000000045
 21
-51.504998999999998
 31
0
  0
LINE
  5
433
330
1B
100
AcDbEntity
  8
F.Silkscreen
  6
CONTINUOUS
100
AcDbLine
 10
196.0799999999999841
 20
-62.244999
 30
0
 11
196.0799999999999841
 21
-51.504998999999998
 31
0
  0
LINE
  5
434
330
1B
100
AcDbEntity
  8
F.Silkscreen
  6
CONTINUOUS
100
AcDbLine
 10
199.6999999999999886
 20
-52.3129989999999978
 30
0
 11
199.6999999999999886
 21
-51.504998999999998
 31
0
  0
LINE
  5
435
330
1B
100
AcDbEntity
  8
F.Silkscreen
  6
CONTINUOUS
100
AcDbLine
 10
199.6999999999999886
 20
-57.244999
 30
0
 11
199.6999999999999886
 21
-55.9369990000000001
 31
0
  0
LINE
  5
436
330
1B
100
AcDbEntity
  8
F.Silkscreen
  6
CONTINUOUS
100
AcDbLine
 10
199.6999999999999886
 20
-62.244999
 30
0
 11
199.6999999999999886
 21
-61.004998999999998
 31
0
  0
LINE
  5
437
330
1B
100
AcDbEntity
  8
F.Silkscreen
  6
CONTINUOUS
100
AcDbLine
 10
200.6999999999999886
 20
-52.3129989999999978
 30
0
 11
200.6999999999999886
 21
-51.504998999999998
 31
0
  0
LINE
  5
438
330
1B
100
AcDbEntity
  8
F.Silkscreen
  6
CONTINUOUS
100
AcDbLine
 10
200.6999999999999886
 20
-57.244999
 30
0
 11
200.6999999999999886
 21
-55.9369990000000001
 31
0
  0
LINE
  5
439
330
1B
100
AcDbEntity
  8
F.Silkscreen
  6
CONTINUOUS
100
AcDbLine
 10
200.6999999999999886
 20
-62.244999
 30
0
 11
200.6999999999999886
 21
-61.004998999999998
 31
0
  0
LINE
  5
43A
330
1B
100
AcDbEntity
  8
F.Silkscreen
  6
CONTINUOUS
100
AcDbLine
 10
202.
 20
-53.5819989999999962
 30
0
 11
202.
 21
-51.504998999999998
 31
0
  0
LINE
  5
43B
330
1B
100
AcDbEntity
  8
F.Silkscreen
  6
CONTINUOUS
100
AcDbLine
 10
202.
 20
-57.244999
 30
0
 11
202.
 21
-54.6679989999999947
 31
0
  0
LINE
  5
43C
330
1B
100
AcDbEntity
  8
F.Silkscreen
  6
CONTINUOUS
100
AcDbLine
 10
202.
 20
-62.244999
 30
0
 11
202.
 21
-61.004998999999998
 31
0
  0
LINE
  5
43D
330
1B
100
AcDbEntity
  8
F.Silkscreen
  6
CONTINUOUS
100
AcDbLine
 10
204.1200000000000045
 20
-51.504998999999998
 30
0
 11
204.1200000000000045
 21
-58.8249989999999983
 31
0
  0
LINE
  5
43E
330
1B
100
AcDbEntity
  8
F.Silkscreen
  6
CONTINUOUS
100
AcDbLine
 10
204.1200000000000045
 20
-59.4249989999999997
 30
0
 11
204.1200000000000045
 21
-62.244999
 31
0
  0
LINE
  5
43F
330
1B
100
AcDbEntity
  8
F.Silkscreen
  6
CONTINUOUS
100
AcDbLine
 10
204.1200000000000045
 20
-62.244999
 30
0
 11
196.0799999999999841
 21
-62.244999
 31
0
  0
LINE
  5
440
330
1B
100
AcDbEntity
  8
F.Silkscreen
  6
CONTINUOUS
100
AcDbLine
 10
204.1200000000000045
 20
-59.1249989999999954
 30
0
 11
204.7299999999999898
 21
-58.6849989999999977
 31
0
  0
LINE
  5
441
330
1B
100
AcDbEntity
  8
F.Silkscreen
  6
CONTINUOUS
100
AcDbLine
 10
204.7299999999999898
 20
-58.6849989999999977
 30
0
 11
204.7299999999999898
 21
-59.5649990000000003
 31
0
  0
LINE
  5
442
330
1B
100
AcDbEntity
  8
F.Silkscreen
  6
CONTINUOUS
100
AcDbLine
 10
204.7299999999999898
 20
-59.5649990000000003
 30
0
 11
204.1200000000000045
 21
-59.1249989999999954
 31
0
  0
LINE
  5
443
330
1B
100
AcDbEntity
  8
F.Silkscreen
  6
CONTINUOUS
100
AcDbLine
 10
204.7299999999999898
 20
-59.5649990000000003
 30
0
 11
204.1200000000000045
 21
-59.1249989999999954
 31
0
  0
LINE
  5
444
330
1B
100
AcDbEntity
  8
F.Silkscreen
  6
CONTINUOUS
100
AcDbLine
 10
204.1200000000000045
 20
-59.1249989999999954
 30
0
 11
204.7299999999999898
 21
-58.6849989999999977
 31
0
  0
LINE
  5
445
330
1B
100
AcDbEntity
  8
F.Silkscreen
  6
CONTINUOUS
100
AcDbLine
 10
204.7299999999999898
 20
-58.6849989999999977
 30
0
 11
204.7299999999999898
 21
-59.5649990000000003
 31
0
  0
LINE
  5
446
330
1B
100
AcDbEntity
  8
F.Silkscreen
  6
CONTINUOUS
100
AcDbLine
 10
98.019999999999996
 20
-75.3799999999999955
 30
0
 11
111.2599999999999909
 21
-75.3799999999999955
 31
0
  0
LINE
  5
447
330
1B
100
AcDbEntity
  8
F.Silkscreen
  6
CONTINUOUS
100
AcDbLine
 10
98.019999999999996
 20
-107.1199999999999903
 30
0
 11
98.019999999999996
 21
-75.3799999999999955
 31
0
  0
LINE
  5
448
330
1B
100
AcDbEntity
  8
F.Silkscreen
  6
CONTINUOUS
100
AcDbLine
 10
111.2599999999999909
 20
-75.3799999999999955
 30
0
 11
111.2599999999999909
 21
-107.1199999999999903
 31
0
  0
LINE
  5
449
330
1B
100
AcDbEntity
  8
F.Silkscreen
  6
CONTINUOUS
100
AcDbLine
 10
111.2599999999999909
 20
-107.1199999999999903
 30
0
 11
98.019999999999996
 21
-107.1199999999999903
 31
0
  0
LINE
  5
44A
330
1B
100
AcDbEntity
  8
F.Silkscreen
  6
CONTINUOUS
100
AcDbLine
 10
150.789999999999992
 20
-75.3799999999999955
 30
0
 11
164.0300000000000011
 21
-75.3799999999999955
 31
0
  0
LINE
  5
44B
330
1B
100
AcDbEntity
  8
F.Silkscreen
  6
CONTINUOUS
100
AcDbLine
 10
150.789999999999992
 20
-107.1199999999999903
 30
0
 11
150.789999999999992
 21
-75.3799999999999955
 31
0
  0
LINE
  5
44C
330
1B
100
AcDbEntity
  8
F.Silkscreen
  6
CONTINUOUS
100
AcDbLine
 10
164.0300000000000011
 20
-75.3799999999999955
 30
0
 11
164.0300000000000011
 21
-107.1199999999999903
 31
0
  0
LINE
  5
44D
330
1B
100
AcDbEntity
  8
F.Silkscreen
  6
CONTINUOUS
100
AcDbLine
 10
164.0300000000000011
 20
-107.1199999999999903
 30
0
 11
150.789999999999992
 21
-107.1199999999999903
 31
0
  0
LINE
  5
44E
330
1B
100
AcDbEntity
  8
F.Silkscreen
  6
CONTINUOUS
100
AcDbLine
 10
196.5799999999999841
 20
-123.7099999999999937
 30
0
 11
204.6200000000000045
 21
-123.7099999999999937
 31
0
  0
LINE
  5
44F
330
1B
100
AcDbEntity
  8
F.Silkscreen
  6
CONTINUOUS
100
AcDbLine
 10
196.5799999999999841
 20
-134.4499999999999886
 30
0
 11
196.5799999999999841
 21
-123.7099999999999937
 31
0
  0
LINE
  5
450
330
1B
100
AcDbEntity
  8
F.Silkscreen
  6
CONTINUOUS
100
AcDbLine
 10
200.1999999999999886
 20
-124.5180000000000007
 30
0
 11
200.1999999999999886
 21
-123.7099999999999937
 31
0
  0
LINE
  5
451
330
1B
100
AcDbEntity
  8
F.Silkscreen
  6
CONTINUOUS
100
AcDbLine
 10
200.1999999999999886
 20
-129.4499999999999886
 30
0
 11
200.1999999999999886
 21
-128.1419999999999959
 31
0
  0
LINE
  5
452
330
1B
100
AcDbEntity
  8
F.Silkscreen
  6
CONTINUOUS
100
AcDbLine
 10
200.1999999999999886
 20
-134.4499999999999886
 30
0
 11
200.1999999999999886
 21
-133.210000000000008
 31
0
  0
LINE
  5
453
330
1B
100
AcDbEntity
  8
F.Silkscreen
  6
CONTINUOUS
100
AcDbLine
 10
201.1999999999999886
 20
-124.5180000000000007
 30
0
 11
201.1999999999999886
 21
-123.7099999999999937
 31
0
  0
LINE
  5
454
330
1B
100
AcDbEntity
  8
F.Silkscreen
  6
CONTINUOUS
100
AcDbLine
 10
201.1999999999999886
 20
-129.4499999999999886
 30
0
 11
201.1999999999999886
 21
-128.1419999999999959
 31
0
  0
LINE
  5
455
330
1B
100
AcDbEntity
  8
F.Silkscreen
  6
CONTINUOUS
100
AcDbLine
 10
201.1999999999999886
 20
-134.4499999999999886
 30
0
 11
201.1999999999999886
 21
-133.210000000000008
 31
0
  0
LINE
  5
456
330
1B
100
AcDbEntity
  8
F.Silkscreen
  6
CONTINUOUS
100
AcDbLine
 10
202.5
 20
-125.7869999999999919
 30
0
 11
202.5
 21
-123.7099999999999937
 31
0
  0
LINE
  5
457
330
1B
100
AcDbEntity
  8
F.Silkscreen
  6
CONTINUOUS
100
AcDbLine
 10
202.5
 20
-129.4499999999999886
 30
0
 11
202.5
 21
-126.8729999999999905
 31
0
  0
LINE
  5
458
330
1B
100
AcDbEntity
  8
F.Silkscreen
  6
CONTINUOUS
100
AcDbLine
 10
202.5
 20
-134.4499999999999886
 30
0
 11
202.5
 21
-133.210000000000008
 31
0
  0
LINE
  5
459
330
1B
100
AcDbEntity
  8
F.Silkscreen
  6
CONTINUOUS
100
AcDbLine
 10
204.6200000000000045
 20
-123.7099999999999937
 30
0
 11
204.6200000000000045
 21
-131.0300000000000011
 31
0
  0
LINE
  5
45A
330
1B
100
AcDbEntity
  8
F.Silkscreen
  6
CONTINUOUS
100
AcDbLine
 10
204.6200000000000045
 20
-131.6299999999999955
 30
0
 11
204.6200000000000045
 21
-134.4499999999999886
 31
0
  0
LINE
  5
45B
330
1B
100
AcDbEntity
  8
F.Silkscreen
  6
CONTINUOUS
100
AcDbLine
 10
204.6200000000000045
 20
-134.4499999999999886
 30
0
 11
196.5799999999999841
 21
-134.4499999999999886
 31
0
  0
LINE
  5
45C
330
1B
100
AcDbEntity
  8
F.Silkscreen
  6
CONTINUOUS
100
AcDbLine
 10
204.6200000000000045
 20
-131.3299999999999841
 30
0
 11
205.2299999999999898
 21
-130.8899999999999864
 31
0
  0
LINE
  5
45D
330
1B
100
AcDbEntity
  8
F.Silkscreen
  6
CONTINUOUS
100
AcDbLine
 10
205.2299999999999898
 20
-130.8899999999999864
 30
0
 11
205.2299999999999898
 21
-131.7699999999999818
 31
0
  0
LINE
  5
45E
330
1B
100
AcDbEntity
  8
F.Silkscreen
  6
CONTINUOUS
100
AcDbLine
 10
205.2299999999999898
 20
-131.7699999999999818
 30
0
 11
204.6200000000000045
 21
-131.3299999999999841
 31
0
  0
LINE
  5
45F
330
1B
100
AcDbEntity
  8
F.Silkscreen
  6
CONTINUOUS
100
AcDbLine
 10
205.2299999999999898
 20
-131.7699999999999818
 30
0
 11
204.6200000000000045
 21
-131.3299999999999841
 31
0
  0
LINE
  5
460
330
1B
100
AcDbEntity
  8
F.Silkscreen
  6
CONTINUOUS
100
AcDbLine
 10
204.6200000000000045
 20
-131.3299999999999841
 30
0
 11
205.2299999999999898
 21
-130.8899999999999864
 31
0
  0
LINE
  5
461
330
1B
100
AcDbEntity
  8
F.Silkscreen
  6
CONTINUOUS
100
AcDbLine
 10
205.2299999999999898
 20
-130.8899999999999864
 30
0
 11
205.2299999999999898
 21
-131.7699999999999818
 31
0
  0
LINE
  5
462
330
1B
100
AcDbEntity
  8
F.Silkscreen
  6
CONTINUOUS
100
AcDbLine
 10
76.2999999999999972
 20
-64.8449999999999989
 30
0
 11
101.539999999999992
 21
-64.8449999999999989
 31
0
  0
LINE
  5
463
330
1B
100
AcDbEntity
  8
F.Silkscreen
  6
CONTINUOUS
100
AcDbLine
 10
76.2999999999999972
 20
-68.0249999999999915
 30
0
 11
76.2999999999999972
 21
-64.8449999999999989
 31
0
  0
LINE
  5
464
330
1B
100
AcDbEntity
  8
F.Silkscreen
  6
CONTINUOUS
100
AcDbLine
 10
76.2999999999999972
 20
-70.9050000000000011
 30
0
 11
76.2999999999999972
 21
-74.0849999999999937
 31
0
  0
LINE
  5
465
330
1B
100
AcDbEntity
  8
F.Silkscreen
  6
CONTINUOUS
100
AcDbLine
 10
76.2999999999999972
 20
-74.0849999999999937
 30
0
 11
101.539999999999992
 21
-74.0849999999999937
 31
0
  0
LINE
  5
466
330
1B
100
AcDbEntity
  8
F.Silkscreen
  6
CONTINUOUS
100
AcDbLine
 10
101.539999999999992
 20
-64.8449999999999989
 30
0
 11
101.539999999999992
 21
-68.0249999999999915
 31
0
  0
LINE
  5
467
330
1B
100
AcDbEntity
  8
F.Silkscreen
  6
CONTINUOUS
100
AcDbLine
 10
101.539999999999992
 20
-74.0849999999999937
 30
0
 11
101.539999999999992
 21
-70.9050000000000011
 31
0
  0
LINE
  5
468
330
1B
100
AcDbEntity
  8
F.Silkscreen
  6
CONTINUOUS
100
AcDbLine
 10
168.3799999999999955
 20
-75.3799999999999955
 30
0
 11
181.6200000000000045
 21
-75.3799999999999955
 31
0
  0
LINE
  5
469
330
1B
100
AcDbEntity
  8
F.Silkscreen
  6
CONTINUOUS
100
AcDbLine
 10
168.3799999999999955
 20
-107.1199999999999903
 30
0
 11
168.3799999999999955
 21
-75.3799999999999955
 31
0
  0
LINE
  5
46A
330
1B
100
AcDbEntity
  8
F.Silkscreen
  6
CONTINUOUS
100
AcDbLine
 10
181.6200000000000045
 20
-75.3799999999999955
 30
0
 11
181.6200000000000045
 21
-107.1199999999999903
 31
0
  0
LINE
  5
46B
330
1B
100
AcDbEntity
  8
F.Silkscreen
  6
CONTINUOUS
100
AcDbLine
 10
181.6200000000000045
 20
-107.1199999999999903
 30
0
 11
168.3799999999999955
 21
-107.1199999999999903
 31
0
  0
LINE
  5
46C
330
1B
100
AcDbEntity
  8
F.Silkscreen
  6
CONTINUOUS
100
AcDbLine
 10
115.6099999999999994
 20
-75.3799999999999955
 30
0
 11
128.8499999999999943
 21
-75.3799999999999955
 31
0
  0
LINE
  5
46D
330
1B
100
AcDbEntity
  8
F.Silkscreen
  6
CONTINUOUS
100
AcDbLine
 10
115.6099999999999994
 20
-107.1199999999999903
 30
0
 11
115.6099999999999994
 21
-75.3799999999999955
 31
0
  0
LINE
  5
46E
330
1B
100
AcDbEntity
  8
F.Silkscreen
  6
CONTINUOUS
100
AcDbLine
 10
128.8499999999999943
 20
-75.3799999999999955
 30
0
 11
128.8499999999999943
 21
-107.1199999999999903
 31
0
  0
LINE
  5
46F
330
1B
100
AcDbEntity
  8
F.Silkscreen
  6
CONTINUOUS
100
AcDbLine
 10
128.8499999999999943
 20
-107.1199999999999903
 30
0
 11
115.6099999999999994
 21
-107.1199999999999903
 31
0
  0
LINE
  5
470
330
1B
100
AcDbEntity
  8
F.Silkscreen
  6
CONTINUOUS
100
AcDbLine
 10
123.3799999999999955
 20
-110.3799999999999955
 30
0
 11
155.1200000000000045
 21
-110.3799999999999955
 31
0
  0
LINE
  5
471
330
1B
100
AcDbEntity
  8
F.Silkscreen
  6
CONTINUOUS
100
AcDbLine
 10
123.3799999999999955
 20
-123.6199999999999903
 30
0
 11
123.3799999999999955
 21
-110.3799999999999955
 31
0
  0
LINE
  5
472
330
1B
100
AcDbEntity
  8
F.Silkscreen
  6
CONTINUOUS
100
AcDbLine
 10
155.1200000000000045
 20
-110.3799999999999955
 30
0
 11
155.1200000000000045
 21
-123.6199999999999903
 31
0
  0
LINE
  5
473
330
1B
100
AcDbEntity
  8
F.Silkscreen
  6
CONTINUOUS
100
AcDbLine
 10
155.1200000000000045
 20
-123.6199999999999903
 30
0
 11
123.3799999999999955
 21
-123.6199999999999903
 31
0
  0
LINE
  5
474
330
1B
100
AcDbEntity
  8
F.Silkscreen
  6
CONTINUOUS
100
AcDbLine
 10
62.9099999999999966
 20
-49.3749989999999954
 30
0
 11
69.9099999999999966
 21
-49.3749989999999954
 31
0
  0
LINE
  5
475
330
1B
100
AcDbEntity
  8
F.Silkscreen
  6
CONTINUOUS
100
AcDbLine
 10
69.9099999999999966
 20
-49.3749989999999954
 30
0
 11
69.9099999999999966
 21
-64.3749990000000025
 31
0
  0
LINE
  5
476
330
1B
100
AcDbEntity
  8
F.Silkscreen
  6
CONTINUOUS
100
AcDbLine
 10
69.9099999999999966
 20
-64.3749990000000025
 30
0
 11
62.9099999999999966
 21
-64.3749990000000025
 31
0
  0
LINE
  5
477
330
1B
100
AcDbEntity
  8
F.Silkscreen
  6
CONTINUOUS
100
AcDbLine
 10
62.9099999999999966
 20
-64.3749990000000025
 30
0
 11
62.9099999999999966
 21
-49.3749989999999954
 31
0
  0
LINE
  5
478
330
1B
100
AcDbEntity
  8
F.Silkscreen
  6
CONTINUOUS
100
AcDbLine
 10
108.5599999999999881
 20
-59.7999999999999972
 30
0
 11
135.2999999999999829
 21
-59.7999999999999972
 31
0
  0
LINE
  5
479
330
1B
100
AcDbEntity
  8
F.Silkscreen
  6
CONTINUOUS
100
AcDbLine
 10
108.5599999999999881
 20
-67.039999999999992
 30
0
 11
108.5599999999999881
 21
-59.7999999999999972
 31
0
  0
LINE
  5
47A
330
1B
100
AcDbEntity
  8
F.Silkscreen
  6
CONTINUOUS
100
AcDbLine
 10
135.2999999999999829
 20
-59.7999999999999972
 30
0
 11
135.2999999999999829
 21
-67.039999999999992
 31
0
  0
LINE
  5
47B
330
1B
100
AcDbEntity
  8
F.Silkscreen
  6
CONTINUOUS
100
AcDbLine
 10
135.2999999999999829
 20
-67.039999999999992
 30
0
 11
108.5599999999999881
 21
-67.039999999999992
 31
0
  0
LINE
  5
47C
330
1B
100
AcDbEntity
  8
F.Silkscreen
  6
CONTINUOUS
100
AcDbLine
 10
126.3799999999999955
 20
-128.6299999999999955
 30
0
 11
153.1200000000000045
 21
-128.6299999999999955
 31
0
  0
LINE
  5
47D
330
1B
100
AcDbEntity
  8
F.Silkscreen
  6
CONTINUOUS
100
AcDbLine
 10
126.3799999999999955
 20
-137.3700000000000045
 30
0
 11
126.3799999999999955
 21
-128.6299999999999955
 31
0
  0
LINE
  5
47E
330
1B
100
AcDbEntity
  8
F.Silkscreen
  6
CONTINUOUS
100
AcDbLine
 10
153.1200000000000045
 20
-128.6299999999999955
 30
0
 11
153.1200000000000045
 21
-137.3700000000000045
 31
0
  0
LINE
  5
47F
330
1B
100
AcDbEntity
  8
F.Silkscreen
  6
CONTINUOUS
100
AcDbLine
 10
153.1200000000000045
 20
-137.3700000000000045
 30
0
 11
126.3799999999999955
 21
-137.3700000000000045
 31
0
  0
LINE
  5
480
330
1B
100
AcDbEntity
  8
F.Silkscreen
  6
CONTINUOUS
100
AcDbLine
 10
78.1799999999999926
 20
-81.8799999999999955
 30
0
 11
78.1799999999999926
 21
-102.1199999999999903
 31
0
  0
LINE
  5
481
330
1B
100
AcDbEntity
  8
F.Silkscreen
  6
CONTINUOUS
100
AcDbLine
 10
78.1799999999999926
 20
-102.1199999999999903
 30
0
 11
80.0600000000000023
 21
-102.1199999999999903
 31
0
  0
LINE
  5
482
330
1B
100
AcDbEntity
  8
F.Silkscreen
  6
CONTINUOUS
100
AcDbLine
 10
80.0600000000000023
 20
-81.8799999999999955
 30
0
 11
78.1799999999999926
 21
-81.8799999999999955
 31
0
  0
LINE
  5
483
330
1B
100
AcDbEntity
  8
F.Silkscreen
  6
CONTINUOUS
100
AcDbLine
 10
82.9399999999999977
 20
-81.8799999999999955
 30
0
 11
84.8199999999999932
 21
-81.8799999999999955
 31
0
  0
LINE
  5
484
330
1B
100
AcDbEntity
  8
F.Silkscreen
  6
CONTINUOUS
100
AcDbLine
 10
84.8199999999999932
 20
-81.8799999999999955
 30
0
 11
84.8199999999999932
 21
-102.1199999999999903
 31
0
  0
LINE
  5
485
330
1B
100
AcDbEntity
  8
F.Silkscreen
  6
CONTINUOUS
100
AcDbLine
 10
84.8199999999999932
 20
-102.1199999999999903
 30
0
 11
82.9399999999999977
 21
-102.1199999999999903
 31
0
  0
LINE
  5
486
330
1B
100
AcDbEntity
  8
F.Silkscreen
  6
CONTINUOUS
100
AcDbLine
 10
75.5499999999999972
 20
-39.6649999999999991
 30
0
 11
102.289999999999992
 21
-39.6649999999999991
 31
0
  0
LINE
  5
487
330
1B
100
AcDbEntity
  8
F.Silkscreen
  6
CONTINUOUS
100
AcDbLine
 10
75.5499999999999972
 20
-46.9050000000000011
 30
0
 11
75.5499999999999972
 21
-39.6649999999999991
 31
0
  0
LINE
  5
488
330
1B
100
AcDbEntity
  8
F.Silkscreen
  6
CONTINUOUS
100
AcDbLine
 10
102.289999999999992
 20
-39.6649999999999991
 30
0
 11
102.289999999999992
 21
-46.9050000000000011
 31
0
  0
LINE
  5
489
330
1B
100
AcDbEntity
  8
F.Silkscreen
  6
CONTINUOUS
100
AcDbLine
 10
102.289999999999992
 20
-46.9050000000000011
 30
0
 11
75.5499999999999972
 21
-46.9050000000000011
 31
0
  0
LINE
  5
48A
330
1B
100
AcDbEntity
  8
F.Silkscreen
  6
CONTINUOUS
100
AcDbLine
 10
108.5599999999999881
 20
-46.7099989999999963
 30
0
 11
135.2999999999999829
 21
-46.7099989999999963
 31
0
  0
LINE
  5
48B
330
1B
100
AcDbEntity
  8
F.Silkscreen
  6
CONTINUOUS
100
AcDbLine
 10
108.5599999999999881
 20
-55.4499989999999983
 30
0
 11
108.5599999999999881
 21
-46.7099989999999963
 31
0
  0
LINE
  5
48C
330
1B
100
AcDbEntity
  8
F.Silkscreen
  6
CONTINUOUS
100
AcDbLine
 10
135.2999999999999829
 20
-46.7099989999999963
 30
0
 11
135.2999999999999829
 21
-55.4499989999999983
 31
0
  0
LINE
  5
48D
330
1B
100
AcDbEntity
  8
F.Silkscreen
  6
CONTINUOUS
100
AcDbLine
 10
135.2999999999999829
 20
-55.4499989999999983
 30
0
 11
108.5599999999999881
 21
-55.4499989999999983
 31
0
  0
LINE
  5
48E
330
1B
100
AcDbEntity
  8
F.Silkscreen
  6
CONTINUOUS
100
AcDbLine
 10
162.2399999999999807
 20
-60.2999999999999972
 30
0
 11
188.9799999999999898
 21
-60.2999999999999972
 31
0
  0
LINE
  5
48F
330
1B
100
AcDbEntity
  8
F.Silkscreen
  6
CONTINUOUS
100
AcDbLine
 10
162.2399999999999807
 20
-69.039999999999992
 30
0
 11
162.2399999999999807
 21
-60.2999999999999972
 31
0
  0
LINE
  5
490
330
1B
100
AcDbEntity
  8
F.Silkscreen
  6
CONTINUOUS
100
AcDbLine
 10
188.9799999999999898
 20
-60.2999999999999972
 30
0
 11
188.9799999999999898
 21
-69.039999999999992
 31
0
  0
LINE
  5
491
330
1B
100
AcDbEntity
  8
F.Silkscreen
  6
CONTINUOUS
100
AcDbLine
 10
188.9799999999999898
 20
-69.039999999999992
 30
0
 11
162.2399999999999807
 21
-69.039999999999992
 31
0
  0
LINE
  5
492
330
1B
100
AcDbEntity
  8
F.Silkscreen
  6
CONTINUOUS
100
AcDbLine
 10
63.8399989999999988
 20
-86.1850000000000023
 30
0
 11
71.879998999999998
 21
-86.1850000000000023
 31
0
  0
LINE
  5
493
330
1B
100
AcDbEntity
  8
F.Silkscreen
  6
CONTINUOUS
100
AcDbLine
 10
63.8399989999999988
 20
-89.0049999999999955
 30
0
 11
63.8399989999999988
 21
-86.1850000000000023
 31
0
  0
LINE
  5
494
330
1B
100
AcDbEntity
  8
F.Silkscreen
  6
CONTINUOUS
100
AcDbLine
 10
63.8399989999999988
 20
-96.9249999999999972
 30
0
 11
63.8399989999999988
 21
-89.6049999999999898
 31
0
  0
LINE
  5
495
330
1B
100
AcDbEntity
  8
F.Silkscreen
  6
CONTINUOUS
100
AcDbLine
 10
65.9599989999999963
 20
-86.1850000000000023
 30
0
 11
65.9599989999999963
 21
-87.4249999999999972
 31
0
  0
LINE
  5
496
330
1B
100
AcDbEntity
  8
F.Silkscreen
  6
CONTINUOUS
100
AcDbLine
 10
65.9599989999999963
 20
-91.1850000000000023
 30
0
 11
65.9599989999999963
 21
-93.7620000000000005
 31
0
  0
LINE
  5
497
330
1B
100
AcDbEntity
  8
F.Silkscreen
  6
CONTINUOUS
100
AcDbLine
 10
65.9599989999999963
 20
-94.847999999999999
 30
0
 11
65.9599989999999963
 21
-96.9249999999999972
 31
0
  0
LINE
  5
498
330
1B
100
AcDbEntity
  8
F.Silkscreen
  6
CONTINUOUS
100
AcDbLine
 10
67.2599989999999934
 20
-86.1850000000000023
 30
0
 11
67.2599989999999934
 21
-87.4249999999999972
 31
0
  0
LINE
  5
499
330
1B
100
AcDbEntity
  8
F.Silkscreen
  6
CONTINUOUS
100
AcDbLine
 10
67.2599989999999934
 20
-91.1850000000000023
 30
0
 11
67.2599989999999934
 21
-92.492999999999995
 31
0
  0
LINE
  5
49A
330
1B
100
AcDbEntity
  8
F.Silkscreen
  6
CONTINUOUS
100
AcDbLine
 10
67.2599989999999934
 20
-96.1169999999999902
 30
0
 11
67.2599989999999934
 21
-96.9249999999999972
 31
0
  0
LINE
  5
49B
330
1B
100
AcDbEntity
  8
F.Silkscreen
  6
CONTINUOUS
100
AcDbLine
 10
68.2599989999999934
 20
-86.1850000000000023
 30
0
 11
68.2599989999999934
 21
-87.4249999999999972
 31
0
  0
LINE
  5
49C
330
1B
100
AcDbEntity
  8
F.Silkscreen
  6
CONTINUOUS
100
AcDbLine
 10
68.2599989999999934
 20
-91.1850000000000023
 30
0
 11
68.2599989999999934
 21
-92.492999999999995
 31
0
  0
LINE
  5
49D
330
1B
100
AcDbEntity
  8
F.Silkscreen
  6
CONTINUOUS
100
AcDbLine
 10
68.2599989999999934
 20
-96.1169999999999902
 30
0
 11
68.2599989999999934
 21
-96.9249999999999972
 31
0
  0
LINE
  5
49E
330
1B
100
AcDbEntity
  8
F.Silkscreen
  6
CONTINUOUS
100
AcDbLine
 10
71.879998999999998
 20
-86.1850000000000023
 30
0
 11
71.879998999999998
 21
-96.9249999999999972
 31
0
  0
LINE
  5
49F
330
1B
100
AcDbEntity
  8
F.Silkscreen
  6
CONTINUOUS
100
AcDbLine
 10
71.879998999999998
 20
-96.9249999999999972
 30
0
 11
63.8399989999999988
 21
-96.9249999999999972
 31
0
  0
LINE
  5
4A0
330
1B
100
AcDbEntity
  8
F.Silkscreen
  6
CONTINUOUS
100
AcDbLine
 10
63.8399989999999988
 20
-89.3049999999999926
 30
0
 11
63.2299989999999994
 21
-89.7449999999999903
 31
0
  0
LINE
  5
4A1
330
1B
100
AcDbEntity
  8
F.Silkscreen
  6
CONTINUOUS
100
AcDbLine
 10
63.2299989999999994
 20
-89.7449999999999903
 30
0
 11
63.2299989999999994
 21
-88.8649999999999949
 31
0
  0
LINE
  5
4A2
330
1B
100
AcDbEntity
  8
F.Silkscreen
  6
CONTINUOUS
100
AcDbLine
 10
63.2299989999999994
 20
-88.8649999999999949
 30
0
 11
63.8399989999999988
 21
-89.3049999999999926
 31
0
  0
LINE
  5
4A3
330
1B
100
AcDbEntity
  8
F.Silkscreen
  6
CONTINUOUS
100
AcDbLine
 10
63.8399989999999988
 20
-89.3049999999999926
 30
0
 11
63.2299989999999994
 21
-89.7449999999999903
 31
0
  0
LINE
  5
4A4
330
1B
100
AcDbEntity
  8
F.Silkscreen
  6
CONTINUOUS
100
AcDbLine
 10
63.2299989999999994
 20
-89.7449999999999903
 30
0
 11
63.2299989999999994
 21
-88.8649999999999949
 31
0
  0
LINE
  5
4A5
330
1B
100
AcDbEntity
  8
F.Silkscreen
  6
CONTINUOUS
100
AcDbLine
 10
63.2299989999999994
 20
-88.8649999999999949
 30
0
 11
63.8399989999999988
 21
-89.3049999999999926
 31
0
  0
LINE
  5
4A6
330
1B
100
AcDbEntity
  8
F.Silkscreen
  6
CONTINUOUS
100
AcDbLine
 10
140.0199999999999818
 20
-53.3749989999999954
 30
0
 11
155.0199999999999818
 21
-53.3749989999999954
 31
0
  0
LINE
  5
4A7
330
1B
100
AcDbEntity
  8
F.Silkscreen
  6
CONTINUOUS
100
AcDbLine
 10
155.0199999999999818
 20
-53.3749989999999954
 30
0
 11
155.0199999999999818
 21
-60.3749989999999954
 31
0
  0
LINE
  5
4A8
330
1B
100
AcDbEntity
  8
F.Silkscreen
  6
CONTINUOUS
100
AcDbLine
 10
155.0199999999999818
 20
-60.3749989999999954
 30
0
 11
140.0199999999999818
 21
-60.3749989999999954
 31
0
  0
LINE
  5
4A9
330
1B
100
AcDbEntity
  8
F.Silkscreen
  6
CONTINUOUS
100
AcDbLine
 10
140.0199999999999818
 20
-60.3749989999999954
 30
0
 11
140.0199999999999818
 21
-53.3749989999999954
 31
0
  0
LINE
  5
4AA
330
1B
100
AcDbEntity
  8
Edge.Cuts
  6
CONTINUOUS
100
AcDbLine
 10
61.
 20
-35.5
 30
0
 11
205.5
 21
-35.5
 31
0
  0
LINE
  5
4AB
330
1B
100
AcDbEntity
  8
Edge.Cuts
  6
CONTINUOUS
100
AcDbLine
 10
205.5
 20
-35.5
 30
0
 11
205.5
 21
-145.5
 31
0
  0
LINE
  5
4AC
330
1B
100
AcDbEntity
  8
Edge.Cuts
  6
CONTINUOUS
100
AcDbLine
 10
205.5
 20
-145.5
 30
0
 11
61.
 21
-145.5
 31
0
  0
LINE
  5
4AD
330
1B
100
AcDbEntity
  8
Edge.Cuts
  6
CONTINUOUS
100
AcDbLine
 10
61.
 20
-145.5
 30
0
 11
61.
 21
-35.5
 31
0
  0
ENDSEC
  0
SECTION
  2
OBJECTS
  0
DICTIONARY
  5
21
330
0
100
AcDbDictionary
281
1
  3
ACAD_GROUP
350
4AE
  3
ACAD_LAYOUT
350
22
  3
ACAD_PLOTSTYLENAME
350
11
  0
DICTIONARY
  5
4AE
330
21
100
AcDbDictionary
281
1
  0
ACDBDICTIONARYWDFLT
  5
11
330
21
100
AcDbDictionary
281
1
  3
Normal
350
10
100
AcDbDictionaryWithDefault
340
10
  0
ACDBPLACEHOLDER
  5
10
330
11
  0
DICTIONARY
  5
22
330
21
100
AcDbDictionary
281
1
  3
Model
350
1E
  3
Layout1
350
1F
  3
Layout2
350
20
  0
LAYOUT
  5
1E
330
22
100
AcDbPlotSettings
  1

  2
none_device
  4
A3
  6

 40
0.0
 41
0.0
 42
0.0
 43
0.0
 44
420.0
 45
297.0
 46
0.0
 47
0.0
 48
0.0
 49
0.0
140
0.0
141
0.0
142
1.0
143
1.0
 70
1024
 72
1
 73
0
 74
5
  7

 75
16
 76
0
 77
2
 78
300
147
1.0
148
0.0
149
0.0
100
AcDbLayout
  1
Model
 70
1
 71
0
 10
0.0
 20
0.0
 11
420.0
 21
297.0
 12
0.0
 22
0.0
 32
0.0
 14
1e+20
 24
1e+20
 34
1e+20
 15
-1e+20
 25
-1e+20
 35
-1e+20
146
0.0
 13
0.0
 23
0.0
 33
0.0
 16
1.0
 26
0.0
 36
0.0
 17
0.0
 27
1.0
 37
0.0
 76
0
330
1B
  0
LAYOUT
  5
1F
330
22
100
AcDbPlotSettings
  1

  2
none_device
  4
A3
  6

 40
0.0
 41
0.0
 42
0.0
 43
0.0
 44
420.0
 45
297.0
 46
0.0
 47
0.0
 48
0.0
 49
0.0
140
0.0
141
0.0
142
1.0
143
1.0
 70
0
 72
1
 73
0
 74
5
  7

 75
16
 76
0
 77
2
 78
300
147
1.0
148
0.0
149
0.0
100
AcDbLayout
  1
Layout1
 70
1
 71
1
 10
0.0
 20
0.0
 11
420.0
 21
297.0
 12
0.0
 22
0.0
 32
0.0
 14
1e+20
 24
1e+20
 34
1e+20
 15
-1e+20
 25
-1e+20
 35
-1e+20
146
0.0
 13
0.0
 23
0.0
 33
0.0
 16
1.0
 26
0.0
 36
0.0
 17
0.0
 27
1.0
 37
0.0
 76
0
330
1C
  0
LAYOUT
  5
20
330
22
100
AcDbPlotSettings
  1

  2
none_device
  4
A3
  6

 40
0.0
 41
0.0
 42
0.0
 43
0.0
 44
420.0
 45
297.0
 46
0.0
 47
0.0
 48
0.0
 49
0.0
140
0.0
141
0.0
142
1.0
143
1.0
 70
0
 72
1
 73
0
 74
5
  7

 75
16
 76
0
 77
2
 78
300
147
1.0
148
0.0
149
0.0
100
AcDbLayout
  1
Layout2
 70
1
 71
2
 10
0.0
 20
0.0
 11
420.0
 21
297.0
 12
0.0
 22
0.0
 32
0.0
 14
1e+20
 24
1e+20
 34
1e+20
 15
-1e+20
 25
-1e+20
 35
-1e+20
146
0.0
 13
0.0
 23
0.0
 33
0.0
 16
1.0
 26
0.0
 36
0.0
 17
0.0
 27
1.0
 37
0.0
 76
0
330
1D
  0
ENDSEC
  0
EOF
