  0
SECTION
  2
HEADER
  9
$ANGBASE
  50
0.0
  9
$ANGDIR
  70
1
  9
$MEASUREMENT
  70
1
  0
ENDSEC
  0
SECTION
  2
TABLES
  0
TABLE
  2
LTYPE
  70
4
  0
LTYPE
  5
40F
  2
CONTINUOUS
  70
0
  3
Solid line
  72
65
  73
0
  40
0.0
  0
LTYPE
  5
410
  2
DASHDOT
 70
0
  3
Dash Dot ____ _ ____ _
 72
65
 73
4
 40
2.0
 49
1.25
 49
-0.25
 49
0.25
 49
-0.25
  0
LTYPE
  5
411
  2
DASHED
 70
0
  3
Dashed __ __ __ __ __
 72
65
 73
2
 40
0.75
 49
0.5
 49
-0.25
  0
LTYPE
  5
43B
  2
DOTTED
 70
0
  3
Dotted .  .  .  .
 72
65
 73
2
 40
0.2
 49
0.0
 49
-0.2
  0
ENDTAB
  0
TABLE
  2
STYLE
  70
4
  0
STYLE
  2
KICAD
  70
0
  40
0
  41
1
  42
1
  50
0
  71
0
  3
isocp.shx
  0
STYLE
  2
KICADB
  70
0
  40
0
  41
1
  42
1
  50
0
  71
0
  3
isocp.shx
  0
STYLE
  2
KICADI
  70
0
  40
0
  41
1
  42
1
  50
15
  71
0
  3
isocp.shx
  0
STYLE
  2
KICADBI
  70
0
  40
0
  41
1
  42
1
  50
15
  71
0
  3
isocp.shx
  0
ENDTAB
  0
TABLE
  2
LAYER
  70
35
  0
LAYER
  2
BLACK
  70
0
  62
7
  6
CONTINUOUS
  0
LAYER
  2
GRAY1
  70
0
  62
251
  6
CONTINUOUS
  0
LAYER
  2
GRAY2
  70
0
  62
8
  6
CONTINUOUS
  0
LAYER
  2
GRAY3
  70
0
  62
9
  6
CONTINUOUS
  0
LAYER
  2
WHITE
  70
0
  62
7
  6
CONTINUOUS
  0
LAYER
  2
LYELLOW
  70
0
  62
51
  6
CONTINUOUS
  0
LAYER
  2
LORANGE
  70
0
  62
41
  6
CONTINUOUS
  0
LAYER
  2
BLUE1
  70
0
  62
178
  6
CONTINUOUS
  0
LAYER
  2
GREEN1
  70
0
  62
98
  6
CONTINUOUS
  0
LAYER
  2
CYAN1
  70
0
  62
138
  6
CONTINUOUS
  0
LAYER
  2
RED1
  70
0
  62
18
  6
CONTINUOUS
  0
LAYER
  2
MAGENTA1
  70
0
  62
228
  6
CONTINUOUS
  0
LAYER
  2
BROWN1
  70
0
  62
58
  6
CONTINUOUS
  0
LAYER
  2
ORANGE1
  70
0
  62
34
  6
CONTINUOUS
  0
LAYER
  2
BLUE2
  70
0
  62
5
  6
CONTINUOUS
  0
LAYER
  2
GREEN2
  70
0
  62
3
  6
CONTINUOUS
  0
LAYER
  2
CYAN2
  70
0
  62
4
  6
CONTINUOUS
  0
LAYER
  2
RED2
  70
0
  62
1
  6
CONTINUOUS
  0
LAYER
  2
MAGENTA2
  70
0
  62
6
  6
CONTINUOUS
  0
LAYER
  2
BROWN2
  70
0
  62
54
  6
CONTINUOUS
  0
LAYER
  2
ORANGE2
  70
0
  62
42
  6
CONTINUOUS
  0
LAYER
  2
BLUE3
  70
0
  62
171
  6
CONTINUOUS
  0
LAYER
  2
GREEN3
  70
0
  62
91
  6
CONTINUOUS
  0
LAYER
  2
CYAN3
  70
0
  62
131
  6
CONTINUOUS
  0
LAYER
  2
RED3
  70
0
  62
11
  6
CONTINUOUS
  0
LAYER
  2
MAGENTA3
  70
0
  62
221
  6
CONTINUOUS
  0
LAYER
  2
YELLOW3
  70
0
  62
2
  6
CONTINUOUS
  0
LAYER
  2
ORANGE3
  70
0
  62
32
  6
CONTINUOUS
  0
LAYER
  2
BLUE4
  70
0
  62
5
  6
CONTINUOUS
  0
LAYER
  2
GREEN4
  70
0
  62
3
  6
CONTINUOUS
  0
LAYER
  2
CYAN4
  70
0
  62
4
  6
CONTINUOUS
  0
LAYER
  2
RED4
  70
0
  62
1
  6
CONTINUOUS
  0
LAYER
  2
MAGENTA4
  70
0
  62
6
  6
CONTINUOUS
  0
LAYER
  2
YELLOW4
  70
0
  62
2
  6
CONTINUOUS
  0
LAYER
  2
ORANGE4
  70
0
  62
40
  6
CONTINUOUS
  0
ENDTAB
  0
ENDSEC
  0
SECTION
  2
ENTITIES
0
LINE
8
BLACK
6
CONTINUOUS
10
31.5079419999999999
20
-69.8616009999999932
11
31.6618870000000001
21
-69.9253669999999943
0
LINE
8
BLACK
6
CONTINUOUS
10
31.6618870000000001
20
-69.9253669999999943
11
31.8004339999999992
21
-70.0179409999999933
0
LINE
8
BLACK
6
CONTINUOUS
10
31.8004339999999992
20
-70.0179409999999933
11
31.918258999999999
21
-70.1357660000000038
0
LINE
8
BLACK
6
CONTINUOUS
10
31.918258999999999
20
-70.1357660000000038
11
32.0108329999999981
21
-70.2743129999999923
0
LINE
8
BLACK
6
CONTINUOUS
10
32.0108329999999981
20
-70.2743129999999923
11
32.0745989999999992
21
-70.4282579999999996
0
LINE
8
BLACK
6
CONTINUOUS
10
32.0745989999999992
20
-70.4282579999999996
11
32.1071069999999992
21
-70.5916849999999982
0
LINE
8
BLACK
6
CONTINUOUS
10
32.1071069999999992
20
-70.5916849999999982
11
32.1071069999999992
21
-70.7583149999999961
0
LINE
8
BLACK
6
CONTINUOUS
10
32.1071069999999992
20
-70.7583149999999961
11
32.0745989999999992
21
-70.9217419999999947
0
LINE
8
BLACK
6
CONTINUOUS
10
32.0745989999999992
20
-70.9217419999999947
11
32.0108329999999981
21
-71.0756870000000021
0
LINE
8
BLACK
6
CONTINUOUS
10
32.0108329999999981
20
-71.0756870000000021
11
31.918258999999999
21
-71.2142339999999905
0
LINE
8
BLACK
6
CONTINUOUS
10
31.918258999999999
20
-71.2142339999999905
11
31.8004339999999992
21
-71.332059000000001
0
LINE
8
BLACK
6
CONTINUOUS
10
31.8004339999999992
20
-71.332059000000001
11
31.6618870000000001
21
-71.424633
0
LINE
8
BLACK
6
CONTINUOUS
10
31.6618870000000001
20
-71.424633
11
31.5079419999999999
21
-71.4883990000000011
0
LINE
8
BLACK
6
CONTINUOUS
10
31.5079419999999999
20
-71.4883990000000011
11
31.3445149999999977
21
-71.520906999999994
0
LINE
8
BLACK
6
CONTINUOUS
10
31.3445149999999977
20
-71.520906999999994
11
31.1778849999999998
21
-71.520906999999994
0
LINE
8
BLACK
6
CONTINUOUS
10
31.1778849999999998
20
-71.520906999999994
11
31.0144579999999976
21
-71.4883990000000011
0
LINE
8
BLACK
6
CONTINUOUS
10
31.0144579999999976
20
-71.4883990000000011
11
30.8605129999999974
21
-71.424633
0
LINE
8
BLACK
6
CONTINUOUS
10
30.8605129999999974
20
-71.424633
11
30.7696709999999989
21
-71.3639349999999979
0
LINE
8
BLACK
6
CONTINUOUS
10
30.7696709999999989
20
-71.3639349999999979
11
27.0417999999999985
21
-75.0918059999999912
0
LINE
8
BLACK
6
CONTINUOUS
10
27.0417999999999985
20
-75.0918059999999912
11
27.0417999999999985
21
-96.5606930000000006
0
LINE
8
BLACK
6
CONTINUOUS
10
27.0417999999999985
20
-96.5606930000000006
11
33.3318069999999977
21
-102.8506999999999891
0
LINE
8
BLACK
6
CONTINUOUS
10
33.3318069999999977
20
-102.8506999999999891
11
102.5956939999999946
21
-102.8506999999999891
0
LINE
8
BLACK
6
CONTINUOUS
10
102.5956939999999946
20
-102.8506999999999891
11
105.3682999999999907
21
-100.0780929999999955
0
LINE
8
BLACK
6
CONTINUOUS
10
105.3682999999999907
20
-100.0780929999999955
11
105.3682999999999907
21
-88.343599999999995
0
LINE
8
BLACK
6
CONTINUOUS
10
105.3682999999999907
20
-88.343599999999995
11
102.7480999999999938
21
-88.343599999999995
0
LINE
8
BLACK
6
CONTINUOUS
10
102.7480999999999938
20
-88.343599999999995
11
102.6828519999999969
21
-88.3393229999999932
0
LINE
8
BLACK
6
CONTINUOUS
10
102.6828519999999969
20
-88.3393229999999932
11
102.6828369999999921
21
-88.3393229999999932
0
LINE
8
BLACK
6
CONTINUOUS
10
102.6828369999999921
20
-88.3393229999999932
11
102.583400999999995
21
-88.3126790000000028
0
LINE
8
BLACK
6
CONTINUOUS
10
102.583400999999995
20
-88.3126790000000028
11
102.5567580000000021
21
-88.3055399999999935
0
LINE
8
BLACK
6
CONTINUOUS
10
102.5567580000000021
20
-88.3055399999999935
11
102.4437190000000015
21
-88.2402769999999919
0
LINE
8
BLACK
6
CONTINUOUS
10
102.4437190000000015
20
-88.2402769999999919
11
102.4437109999999933
21
-88.2402689999999978
0
LINE
8
BLACK
6
CONTINUOUS
10
102.4437109999999933
20
-88.2402689999999978
11
102.3945469999999887
21
-88.1971539999999976
0
LINE
8
BLACK
6
CONTINUOUS
10
102.3945469999999887
20
-88.1971539999999976
11
98.367646999999991
21
-84.1702530000000024
0
LINE
8
BLACK
6
CONTINUOUS
10
98.367646999999991
20
-84.1702530000000024
11
98.3245379999999898
21
-84.1210959999999943
0
LINE
8
BLACK
6
CONTINUOUS
10
98.3245379999999898
20
-84.1210959999999943
11
98.3245229999999992
21
-84.1210809999999896
0
LINE
8
BLACK
6
CONTINUOUS
10
98.3245229999999992
20
-84.1210809999999896
11
98.2592599999999976
21
-84.0080420000000032
0
LINE
8
BLACK
6
CONTINUOUS
10
98.2592599999999976
20
-84.0080420000000032
11
98.235414999999989
21
-83.9190509999999961
0
LINE
8
BLACK
6
CONTINUOUS
10
98.235414999999989
20
-83.9190509999999961
11
98.2254769999999979
21
-83.8819629999999989
0
LINE
8
BLACK
6
CONTINUOUS
10
98.2254769999999979
20
-83.8819629999999989
11
98.2254769999999979
21
-83.8819469999999967
0
LINE
8
BLACK
6
CONTINUOUS
10
98.2254769999999979
20
-83.8819469999999967
11
98.2211999999999961
21
-83.8166999999999973
0
LINE
8
BLACK
6
CONTINUOUS
10
98.2211999999999961
20
-83.8166999999999973
11
98.2211999999999961
21
-82.5150000000000006
0
LINE
8
BLACK
6
CONTINUOUS
10
98.2211999999999961
20
-82.5150000000000006
11
97.9711999999999961
21
-82.5150000000000006
0
LINE
8
BLACK
6
CONTINUOUS
10
97.9711999999999961
20
-82.5150000000000006
11
97.9711999999999961
21
-81.0150000000000006
0
LINE
8
BLACK
6
CONTINUOUS
10
97.9711999999999961
20
-81.0150000000000006
11
99.4711999999999961
21
-81.0150000000000006
0
LINE
8
BLACK
6
CONTINUOUS
10
99.4711999999999961
20
-81.0150000000000006
11
99.4711999999999961
21
-82.5150000000000006
0
LINE
8
BLACK
6
CONTINUOUS
10
99.4711999999999961
20
-82.5150000000000006
11
99.2211999999999961
21
-82.5150000000000006
0
LINE
8
BLACK
6
CONTINUOUS
10
99.2211999999999961
20
-82.5150000000000006
11
99.2211999999999961
21
-83.6095929999999896
0
LINE
8
BLACK
6
CONTINUOUS
10
99.2211999999999961
20
-83.6095929999999896
11
102.9552070000000015
21
-87.343599999999995
0
LINE
8
BLACK
6
CONTINUOUS
10
102.9552070000000015
20
-87.343599999999995
11
105.8682999999999907
21
-87.343599999999995
0
LINE
8
BLACK
6
CONTINUOUS
10
105.8682999999999907
20
-87.343599999999995
11
114.4254940000000005
21
-87.343599999999995
0
LINE
8
BLACK
6
CONTINUOUS
10
114.4254940000000005
20
-87.343599999999995
11
116.2768149999999991
21
-85.4922770000000014
0
LINE
8
BLACK
6
CONTINUOUS
10
116.2768149999999991
20
-85.4922770000000014
11
116.2750519999999881
21
-85.4834139999999962
0
LINE
8
BLACK
6
CONTINUOUS
10
116.2750519999999881
20
-85.4834139999999962
11
116.2750519999999881
21
-85.3265859999999918
0
LINE
8
BLACK
6
CONTINUOUS
10
116.2750519999999881
20
-85.3265859999999918
11
116.3056479999999908
21
-85.1727719999999948
0
LINE
8
BLACK
6
CONTINUOUS
10
116.3056479999999908
20
-85.1727719999999948
11
116.3656629999999979
21
-85.0278830000000028
0
LINE
8
BLACK
6
CONTINUOUS
10
116.3656629999999979
20
-85.0278830000000028
11
116.4527919999999881
21
-84.8974850000000032
0
LINE
8
BLACK
6
CONTINUOUS
10
116.4527919999999881
20
-84.8974850000000032
11
116.5636849999999924
21
-84.7865919999999988
0
LINE
8
BLACK
6
CONTINUOUS
10
116.5636849999999924
20
-84.7865919999999988
11
116.694082999999992
21
-84.6994629999999944
0
LINE
8
BLACK
6
CONTINUOUS
10
116.694082999999992
20
-84.6994629999999944
11
116.8389719999999983
21
-84.6394480000000016
0
LINE
8
BLACK
6
CONTINUOUS
10
116.8389719999999983
20
-84.6394480000000016
11
116.9927859999999953
21
-84.6088519999999988
0
LINE
8
BLACK
6
CONTINUOUS
10
116.9927859999999953
20
-84.6088519999999988
11
117.1496139999999997
21
-84.6088519999999988
0
LINE
8
BLACK
6
CONTINUOUS
10
117.1496139999999997
20
-84.6088519999999988
11
117.3034279999999967
21
-84.6394480000000016
0
LINE
8
BLACK
6
CONTINUOUS
10
117.3034279999999967
20
-84.6394480000000016
11
117.4483169999999888
21
-84.6994629999999944
0
LINE
8
BLACK
6
CONTINUOUS
10
117.4483169999999888
20
-84.6994629999999944
11
117.5787149999999883
21
-84.7865919999999988
0
LINE
8
BLACK
6
CONTINUOUS
10
117.5787149999999883
20
-84.7865919999999988
11
117.6896079999999927
21
-84.8974850000000032
0
LINE
8
BLACK
6
CONTINUOUS
10
117.6896079999999927
20
-84.8974850000000032
11
117.7767369999999971
21
-85.0278830000000028
0
LINE
8
BLACK
6
CONTINUOUS
10
117.7767369999999971
20
-85.0278830000000028
11
117.8367519999999899
21
-85.1727719999999948
0
LINE
8
BLACK
6
CONTINUOUS
10
117.8367519999999899
20
-85.1727719999999948
11
117.8673479999999927
21
-85.3265859999999918
0
LINE
8
BLACK
6
CONTINUOUS
10
117.8673479999999927
20
-85.3265859999999918
11
117.8673479999999927
21
-85.4834139999999962
0
LINE
8
BLACK
6
CONTINUOUS
10
117.8673479999999927
20
-85.4834139999999962
11
117.8367519999999899
21
-85.6372279999999932
0
LINE
8
BLACK
6
CONTINUOUS
10
117.8367519999999899
20
-85.6372279999999932
11
117.7767369999999971
21
-85.7821169999999995
0
LINE
8
BLACK
6
CONTINUOUS
10
117.7767369999999971
20
-85.7821169999999995
11
117.6896079999999927
21
-85.9125149999999991
0
LINE
8
BLACK
6
CONTINUOUS
10
117.6896079999999927
20
-85.9125149999999991
11
117.5787149999999883
21
-86.0234079999999892
0
LINE
8
BLACK
6
CONTINUOUS
10
117.5787149999999883
20
-86.0234079999999892
11
117.4483169999999888
21
-86.1105369999999937
0
LINE
8
BLACK
6
CONTINUOUS
10
117.4483169999999888
20
-86.1105369999999937
11
117.3034279999999967
21
-86.1705520000000007
0
LINE
8
BLACK
6
CONTINUOUS
10
117.3034279999999967
20
-86.1705520000000007
11
117.1496139999999997
21
-86.2011479999999892
0
LINE
8
BLACK
6
CONTINUOUS
10
117.1496139999999997
20
-86.2011479999999892
11
116.9927859999999953
21
-86.2011479999999892
0
LINE
8
BLACK
6
CONTINUOUS
10
116.9927859999999953
20
-86.2011479999999892
11
116.9840049999999962
21
-86.1994009999999946
0
LINE
8
BLACK
6
CONTINUOUS
10
116.9840049999999962
20
-86.1994009999999946
11
116.2055529999999948
21
-86.9778529999999961
0
LINE
8
BLACK
6
CONTINUOUS
10
116.2055529999999948
20
-86.9778529999999961
11
116.2047439999999909
21
-86.9785619999999966
0
LINE
8
BLACK
6
CONTINUOUS
10
116.2047439999999909
20
-86.9785619999999966
11
114.9861530000000016
21
-88.1971530000000001
0
LINE
8
BLACK
6
CONTINUOUS
10
114.9861530000000016
20
-88.1971530000000001
11
114.9369959999999935
21
-88.2402609999999896
0
LINE
8
BLACK
6
CONTINUOUS
10
114.9369959999999935
20
-88.2402609999999896
11
114.9369809999999887
21
-88.2402769999999919
0
LINE
8
BLACK
6
CONTINUOUS
10
114.9369809999999887
20
-88.2402769999999919
11
114.8239419999999882
21
-88.3055399999999935
0
LINE
8
BLACK
6
CONTINUOUS
10
114.8239419999999882
20
-88.3055399999999935
11
114.6978629999999981
21
-88.3393229999999932
0
LINE
8
BLACK
6
CONTINUOUS
10
114.6978629999999981
20
-88.3393229999999932
11
114.6978479999999934
21
-88.3393229999999932
0
LINE
8
BLACK
6
CONTINUOUS
10
114.6978479999999934
20
-88.3393229999999932
11
114.6325999999999965
21
-88.343599999999995
0
LINE
8
BLACK
6
CONTINUOUS
10
114.6325999999999965
20
-88.343599999999995
11
106.3682999999999907
21
-88.343599999999995
0
LINE
8
BLACK
6
CONTINUOUS
10
106.3682999999999907
20
-88.343599999999995
11
106.3682999999999907
21
-100.285199999999989
0
LINE
8
BLACK
6
CONTINUOUS
10
106.3682999999999907
20
-100.285199999999989
11
106.3640229999999889
21
-100.3504469999999884
0
LINE
8
BLACK
6
CONTINUOUS
10
106.3640229999999889
20
-100.3504469999999884
11
106.3640229999999889
21
-100.3504629999999906
0
LINE
8
BLACK
6
CONTINUOUS
10
106.3640229999999889
20
-100.3504629999999906
11
106.3540849999999978
21
-100.387551000000002
0
LINE
8
BLACK
6
CONTINUOUS
10
106.3540849999999978
20
-100.387551000000002
11
106.3302399999999892
21
-100.4765419999999949
0
LINE
8
BLACK
6
CONTINUOUS
10
106.3302399999999892
20
-100.4765419999999949
11
106.2649770000000018
21
-100.5895809999999955
0
LINE
8
BLACK
6
CONTINUOUS
10
106.2649770000000018
20
-100.5895809999999955
11
106.2649689999999936
21
-100.589587999999992
0
LINE
8
BLACK
6
CONTINUOUS
10
106.2649689999999936
20
-100.589587999999992
11
106.2218539999999933
21
-100.6387529999999941
0
LINE
8
BLACK
6
CONTINUOUS
10
106.2218539999999933
20
-100.6387529999999941
11
103.1563529999999957
21
-103.7042529999999942
0
LINE
8
BLACK
6
CONTINUOUS
10
103.1563529999999957
20
-103.7042529999999942
11
103.1071960000000018
21
-103.7473609999999979
0
LINE
8
BLACK
6
CONTINUOUS
10
103.1071960000000018
20
-103.7473609999999979
11
103.1071809999999971
21
-103.7473770000000002
0
LINE
8
BLACK
6
CONTINUOUS
10
103.1071809999999971
20
-103.7473770000000002
11
102.9941419999999965
21
-103.8126400000000018
0
LINE
8
BLACK
6
CONTINUOUS
10
102.9941419999999965
20
-103.8126400000000018
11
102.8680629999999923
21
-103.8464230000000015
0
LINE
8
BLACK
6
CONTINUOUS
10
102.8680629999999923
20
-103.8464230000000015
11
102.8680480000000017
21
-103.8464230000000015
0
LINE
8
BLACK
6
CONTINUOUS
10
102.8680480000000017
20
-103.8464230000000015
11
102.8027999999999906
21
-103.8506999999999891
0
LINE
8
BLACK
6
CONTINUOUS
10
102.8027999999999906
20
-103.8506999999999891
11
33.1246999999999971
21
-103.8506999999999891
0
LINE
8
BLACK
6
CONTINUOUS
10
33.1246999999999971
20
-103.8506999999999891
11
33.0594520000000003
21
-103.8464230000000015
0
LINE
8
BLACK
6
CONTINUOUS
10
33.0594520000000003
20
-103.8464230000000015
11
33.0594369999999955
21
-103.8464230000000015
0
LINE
8
BLACK
6
CONTINUOUS
10
33.0594369999999955
20
-103.8464230000000015
11
32.9333579999999984
21
-103.8126400000000018
0
LINE
8
BLACK
6
CONTINUOUS
10
32.9333579999999984
20
-103.8126400000000018
11
32.8203189999999978
21
-103.7473770000000002
0
LINE
8
BLACK
6
CONTINUOUS
10
32.8203189999999978
20
-103.7473770000000002
11
32.8203099999999992
21
-103.7473679999999945
0
LINE
8
BLACK
6
CONTINUOUS
10
32.8203099999999992
20
-103.7473679999999945
11
32.7711460000000017
21
-103.7042529999999942
0
LINE
8
BLACK
6
CONTINUOUS
10
32.7711460000000017
20
-103.7042529999999942
11
26.1882470000000005
21
-97.1213529999999992
0
LINE
8
BLACK
6
CONTINUOUS
10
26.1882470000000005
20
-97.1213529999999992
11
26.1451379999999993
21
-97.072195999999991
0
LINE
8
BLACK
6
CONTINUOUS
10
26.1451379999999993
20
-97.072195999999991
11
26.1451229999999981
21
-97.0721810000000005
0
LINE
8
BLACK
6
CONTINUOUS
10
26.1451229999999981
20
-97.0721810000000005
11
26.07986
21
-96.9591419999999999
0
LINE
8
BLACK
6
CONTINUOUS
10
26.07986
20
-96.9591419999999999
11
26.0560149999999986
21
-96.8701509999999928
0
LINE
8
BLACK
6
CONTINUOUS
10
26.0560149999999986
20
-96.8701509999999928
11
26.0460770000000004
21
-96.8330629999999957
0
LINE
8
BLACK
6
CONTINUOUS
10
26.0460770000000004
20
-96.8330629999999957
11
26.0460770000000004
21
-96.8330469999999934
0
LINE
8
BLACK
6
CONTINUOUS
10
26.0460770000000004
20
-96.8330469999999934
11
26.0417999999999985
21
-96.767799999999994
0
LINE
8
BLACK
6
CONTINUOUS
10
26.0417999999999985
20
-96.767799999999994
11
26.0417999999999985
21
-74.8846999999999952
0
LINE
8
BLACK
6
CONTINUOUS
10
26.0417999999999985
20
-74.8846999999999952
11
26.0460770000000004
21
-74.8194519999999983
0
LINE
8
BLACK
6
CONTINUOUS
10
26.0460770000000004
20
-74.8194519999999983
11
26.0460770000000004
21
-74.8194369999999935
0
LINE
8
BLACK
6
CONTINUOUS
10
26.0460770000000004
20
-74.8194369999999935
11
26.07986
21
-74.6933580000000035
0
LINE
8
BLACK
6
CONTINUOUS
10
26.07986
20
-74.6933580000000035
11
26.1451229999999981
21
-74.5803190000000029
0
LINE
8
BLACK
6
CONTINUOUS
10
26.1451229999999981
20
-74.5803190000000029
11
26.1451379999999993
21
-74.5803030000000007
0
LINE
8
BLACK
6
CONTINUOUS
10
26.1451379999999993
20
-74.5803030000000007
11
26.1882470000000005
21
-74.53114699999999
0
LINE
8
BLACK
6
CONTINUOUS
10
26.1882470000000005
20
-74.53114699999999
11
30.3979469999999985
21
-70.3214459999999946
0
LINE
8
BLACK
6
CONTINUOUS
10
30.3979469999999985
20
-70.3214459999999946
11
30.4471029999999985
21
-70.2783379999999909
0
LINE
8
BLACK
6
CONTINUOUS
10
30.4471029999999985
20
-70.2783379999999909
11
30.4471189999999972
21
-70.2783230000000003
0
LINE
8
BLACK
6
CONTINUOUS
10
30.4471189999999972
20
-70.2783230000000003
11
30.5476809999999972
21
-70.2202630000000028
0
LINE
8
BLACK
6
CONTINUOUS
10
30.5476809999999972
20
-70.2202630000000028
11
30.6041409999999985
21
-70.1357660000000038
0
LINE
8
BLACK
6
CONTINUOUS
10
30.6041409999999985
20
-70.1357660000000038
11
30.7219659999999983
21
-70.0179409999999933
0
LINE
8
BLACK
6
CONTINUOUS
10
30.7219659999999983
20
-70.0179409999999933
11
30.8605129999999974
21
-69.9253669999999943
0
LINE
8
BLACK
6
CONTINUOUS
10
30.8605129999999974
20
-69.9253669999999943
11
31.0144579999999976
21
-69.8616009999999932
0
LINE
8
BLACK
6
CONTINUOUS
10
31.0144579999999976
20
-69.8616009999999932
11
31.1778849999999998
21
-69.8290930000000003
0
LINE
8
BLACK
6
CONTINUOUS
10
31.1778849999999998
20
-69.8290930000000003
11
31.3445149999999977
21
-69.8290930000000003
0
LINE
8
BLACK
6
CONTINUOUS
10
31.3445149999999977
20
-69.8290930000000003
11
31.5079419999999999
21
-69.8616009999999932
0
LINE
8
BLACK
6
CONTINUOUS
10
32.8768290000000007
20
-66.9139610000000005
11
32.9211770000000001
21
-66.9424619999999919
0
LINE
8
BLACK
6
CONTINUOUS
10
32.9211770000000001
20
-66.9424619999999919
11
37.6221809999999977
21
-71.643464999999992
0
LINE
8
BLACK
6
CONTINUOUS
10
37.6221809999999977
20
-71.643464999999992
11
37.6556659999999965
21
-71.7047879999999935
0
LINE
8
BLACK
6
CONTINUOUS
10
37.6556659999999965
20
-71.7047879999999935
11
37.6584999999999965
21
-71.7311459999999954
0
LINE
8
BLACK
6
CONTINUOUS
10
37.6584999999999965
20
-71.7311459999999954
11
37.6584999999999965
21
-89.7494530000000026
0
LINE
8
BLACK
6
CONTINUOUS
10
37.6584999999999965
20
-89.7494530000000026
11
37.638815000000001
21
-89.8164919999999967
0
LINE
8
BLACK
6
CONTINUOUS
10
37.638815000000001
20
-89.8164919999999967
11
37.6221809999999977
21
-89.8371339999999918
0
LINE
8
BLACK
6
CONTINUOUS
10
37.6221809999999977
20
-89.8371339999999918
11
33.891134000000001
21
-93.5681809999999956
0
LINE
8
BLACK
6
CONTINUOUS
10
33.891134000000001
20
-93.5681809999999956
11
33.8298109999999994
21
-93.6016659999999945
0
LINE
8
BLACK
6
CONTINUOUS
10
33.8298109999999994
20
-93.6016659999999945
11
33.8034529999999975
21
-93.6045000000000016
0
LINE
8
BLACK
6
CONTINUOUS
10
33.8034529999999975
20
-93.6045000000000016
11
33.7754890000000003
21
-93.6045000000000016
0
LINE
8
BLACK
6
CONTINUOUS
10
33.7754890000000003
20
-93.6045000000000016
11
33.7754830000000013
21
-93.6045000000000016
0
LINE
8
BLACK
6
CONTINUOUS
10
33.7754830000000013
20
-93.6045000000000016
11
33.7754789999999971
21
-93.6045009999999991
0
LINE
8
BLACK
6
CONTINUOUS
10
33.7754789999999971
20
-93.6045009999999991
11
33.5414889999999986
21
-93.6353059999999999
0
LINE
8
BLACK
6
CONTINUOUS
10
33.5414889999999986
20
-93.6353059999999999
11
33.3135059999999967
21
-93.696393999999998
0
LINE
8
BLACK
6
CONTINUOUS
10
33.3135059999999967
20
-93.696393999999998
11
33.0954539999999966
21
-93.7867139999999893
0
LINE
8
BLACK
6
CONTINUOUS
10
33.0954539999999966
20
-93.7867139999999893
11
33.0954429999999959
21
-93.7867189999999908
0
LINE
8
BLACK
6
CONTINUOUS
10
33.0954429999999959
20
-93.7867189999999908
11
32.8910449999999983
21
-93.9047300000000007
0
LINE
8
BLACK
6
CONTINUOUS
10
32.8910449999999983
20
-93.9047300000000007
11
32.703801999999996
21
-94.0484059999999999
0
LINE
8
BLACK
6
CONTINUOUS
10
32.703801999999996
20
-94.0484059999999999
11
32.7037949999999995
21
-94.048411999999999
0
LINE
8
BLACK
6
CONTINUOUS
10
32.7037949999999995
20
-94.048411999999999
11
32.5369120000000009
21
-94.2152949999999976
0
LINE
8
BLACK
6
CONTINUOUS
10
32.5369120000000009
20
-94.2152949999999976
11
32.5369060000000019
21
-94.2153019999999941
0
LINE
8
BLACK
6
CONTINUOUS
10
32.5369060000000019
20
-94.2153019999999941
11
32.3932299999999955
21
-94.4025449999999893
0
LINE
8
BLACK
6
CONTINUOUS
10
32.3932299999999955
20
-94.4025449999999893
11
32.2752189999999999
21
-94.6069430000000011
0
LINE
8
BLACK
6
CONTINUOUS
10
32.2752189999999999
20
-94.6069430000000011
11
32.2752139999999983
21
-94.6069540000000018
0
LINE
8
BLACK
6
CONTINUOUS
10
32.2752139999999983
20
-94.6069540000000018
11
32.1848939999999999
21
-94.8250060000000019
0
LINE
8
BLACK
6
CONTINUOUS
10
32.1848939999999999
20
-94.8250060000000019
11
32.1238060000000019
21
-95.0529889999999966
0
LINE
8
BLACK
6
CONTINUOUS
10
32.1238060000000019
20
-95.0529889999999966
11
32.093001000000001
21
-95.2869790000000023
0
LINE
8
BLACK
6
CONTINUOUS
10
32.093001000000001
20
-95.2869790000000023
11
32.0929999999999964
21
-95.2869949999999903
0
LINE
8
BLACK
6
CONTINUOUS
10
32.0929999999999964
20
-95.2869949999999903
11
32.0929999999999964
21
-95.5230040000000002
0
LINE
8
BLACK
6
CONTINUOUS
10
32.0929999999999964
20
-95.5230040000000002
11
32.093001000000001
21
-95.5230200000000025
0
LINE
8
BLACK
6
CONTINUOUS
10
32.093001000000001
20
-95.5230200000000025
11
32.1238060000000019
21
-95.757009999999994
0
LINE
8
BLACK
6
CONTINUOUS
10
32.1238060000000019
20
-95.757009999999994
11
32.1848939999999999
21
-95.9849929999999887
0
LINE
8
BLACK
6
CONTINUOUS
10
32.1848939999999999
20
-95.9849929999999887
11
32.2752139999999983
21
-96.2030449999999888
0
LINE
8
BLACK
6
CONTINUOUS
10
32.2752139999999983
20
-96.2030449999999888
11
32.2752189999999999
21
-96.2030559999999895
0
LINE
8
BLACK
6
CONTINUOUS
10
32.2752189999999999
20
-96.2030559999999895
11
32.3461769999999973
21
-96.3259570000000025
0
LINE
8
BLACK
6
CONTINUOUS
10
32.3461769999999973
20
-96.3259570000000025
11
32.393226999999996
21
-96.4074499999999972
0
LINE
8
BLACK
6
CONTINUOUS
10
32.393226999999996
20
-96.4074499999999972
11
32.3932289999999981
21
-96.4074529999999896
0
LINE
8
BLACK
6
CONTINUOUS
10
32.3932289999999981
20
-96.4074529999999896
11
32.3932299999999955
21
-96.4074540000000013
0
LINE
8
BLACK
6
CONTINUOUS
10
32.3932299999999955
20
-96.4074540000000013
11
32.5369060000000019
21
-96.5946969999999965
0
LINE
8
BLACK
6
CONTINUOUS
10
32.5369060000000019
20
-96.5946969999999965
11
32.5369120000000009
21
-96.594703999999993
0
LINE
8
BLACK
6
CONTINUOUS
10
32.5369120000000009
20
-96.594703999999993
11
32.7037949999999995
21
-96.7615869999999916
0
LINE
8
BLACK
6
CONTINUOUS
10
32.7037949999999995
20
-96.7615869999999916
11
32.7038009999999986
21
-96.7615919999999932
0
LINE
8
BLACK
6
CONTINUOUS
10
32.7038009999999986
20
-96.7615919999999932
11
32.8910499999999999
21
-96.905272999999994
0
LINE
8
BLACK
6
CONTINUOUS
10
32.8910499999999999
20
-96.905272999999994
11
33.0224180000000018
21
-96.981117999999995
0
LINE
8
BLACK
6
CONTINUOUS
10
33.0224180000000018
20
-96.981117999999995
11
33.0954429999999959
21
-97.0232799999999997
0
LINE
8
BLACK
6
CONTINUOUS
10
33.0954429999999959
20
-97.0232799999999997
11
33.0954479999999975
21
-97.0232819999999947
0
LINE
8
BLACK
6
CONTINUOUS
10
33.0954479999999975
20
-97.0232819999999947
11
33.0954509999999971
21
-97.0232839999999896
0
LINE
8
BLACK
6
CONTINUOUS
10
33.0954509999999971
20
-97.0232839999999896
11
33.3135070000000013
21
-97.1136059999999901
0
LINE
8
BLACK
6
CONTINUOUS
10
33.3135070000000013
20
-97.1136059999999901
11
33.541485999999999
21
-97.1746929999999907
0
LINE
8
BLACK
6
CONTINUOUS
10
33.541485999999999
20
-97.1746929999999907
11
33.7754890000000003
21
-97.2055000000000007
0
LINE
8
BLACK
6
CONTINUOUS
10
33.7754890000000003
20
-97.2055000000000007
11
33.7754959999999969
21
-97.2055000000000007
0
LINE
8
BLACK
6
CONTINUOUS
10
33.7754959999999969
20
-97.2055000000000007
11
34.0115039999999951
21
-97.2055000000000007
0
LINE
8
BLACK
6
CONTINUOUS
10
34.0115039999999951
20
-97.2055000000000007
11
34.0115109999999987
21
-97.2055000000000007
0
LINE
8
BLACK
6
CONTINUOUS
10
34.0115109999999987
20
-97.2055000000000007
11
34.245514
21
-97.1746929999999907
0
LINE
8
BLACK
6
CONTINUOUS
10
34.245514
20
-97.1746929999999907
11
34.4734929999999977
21
-97.1136059999999901
0
LINE
8
BLACK
6
CONTINUOUS
10
34.4734929999999977
20
-97.1136059999999901
11
34.691549000000002
21
-97.0232839999999896
0
LINE
8
BLACK
6
CONTINUOUS
10
34.691549000000002
20
-97.0232839999999896
11
34.8959499999999991
21
-96.905272999999994
0
LINE
8
BLACK
6
CONTINUOUS
10
34.8959499999999991
20
-96.905272999999994
11
35.0831990000000005
21
-96.7615919999999932
0
LINE
8
BLACK
6
CONTINUOUS
10
35.0831990000000005
20
-96.7615919999999932
11
35.2500919999999951
21
-96.5946989999999914
0
LINE
8
BLACK
6
CONTINUOUS
10
35.2500919999999951
20
-96.5946989999999914
11
35.3937729999999959
21
-96.4074499999999972
0
LINE
8
BLACK
6
CONTINUOUS
10
35.3937729999999959
20
-96.4074499999999972
11
35.5117839999999987
21
-96.2030489999999929
0
LINE
8
BLACK
6
CONTINUOUS
10
35.5117839999999987
20
-96.2030489999999929
11
35.6021059999999991
21
-95.9849929999999887
0
LINE
8
BLACK
6
CONTINUOUS
10
35.6021059999999991
20
-95.9849929999999887
11
35.6631929999999997
21
-95.7570139999999981
0
LINE
8
BLACK
6
CONTINUOUS
10
35.6631929999999997
20
-95.7570139999999981
11
35.6939999999999955
21
-95.5230109999999968
0
LINE
8
BLACK
6
CONTINUOUS
10
35.6939999999999955
20
-95.5230109999999968
11
35.6939999999999955
21
-95.4950449999999904
0
LINE
8
BLACK
6
CONTINUOUS
10
35.6939999999999955
20
-95.4950449999999904
11
35.7136849999999981
21
-95.4280059999999963
0
LINE
8
BLACK
6
CONTINUOUS
10
35.7136849999999981
20
-95.4280059999999963
11
35.7303139999999999
21
-95.4073690000000028
0
LINE
8
BLACK
6
CONTINUOUS
10
35.7303139999999999
20
-95.4073690000000028
11
39.7991499999999974
21
-91.3385320000000007
0
LINE
8
BLACK
6
CONTINUOUS
10
39.7991499999999974
20
-91.3385320000000007
11
39.799157000000001
21
-91.3385269999999991
0
LINE
8
BLACK
6
CONTINUOUS
10
39.799157000000001
20
-91.3385269999999991
11
39.8062169999999966
21
-91.3314669999999893
0
LINE
8
BLACK
6
CONTINUOUS
10
39.8062169999999966
20
-91.3314669999999893
11
39.8062189999999987
21
-91.3314659999999918
0
LINE
8
BLACK
6
CONTINUOUS
10
39.8062189999999987
20
-91.3314659999999918
11
39.9509660000000011
21
-91.1867189999999965
0
LINE
8
BLACK
6
CONTINUOUS
10
39.9509660000000011
20
-91.1867189999999965
11
39.950967999999996
21
-91.1867149999999924
0
LINE
8
BLACK
6
CONTINUOUS
10
39.950967999999996
20
-91.1867149999999924
11
39.9509709999999956
21
-91.1867129999999975
0
LINE
8
BLACK
6
CONTINUOUS
10
39.9509709999999956
20
-91.1867129999999975
11
40.0037319999999994
21
-91.1140899999999903
0
LINE
8
BLACK
6
CONTINUOUS
10
40.0037319999999994
20
-91.1140899999999903
11
40.0712869999999981
21
-91.0211099999999931
0
LINE
8
BLACK
6
CONTINUOUS
10
40.0712869999999981
20
-91.0211099999999931
11
40.134412999999995
21
-90.8972189999999927
0
LINE
8
BLACK
6
CONTINUOUS
10
40.134412999999995
20
-90.8972189999999927
11
40.1642209999999977
21
-90.8387180000000001
0
LINE
8
BLACK
6
CONTINUOUS
10
40.1642209999999977
20
-90.8387180000000001
11
40.2274770000000004
21
-90.6440339999999907
0
LINE
8
BLACK
6
CONTINUOUS
10
40.2274770000000004
20
-90.6440339999999907
11
40.2594999999999956
21
-90.4418509999999998
0
LINE
8
BLACK
6
CONTINUOUS
10
40.2594999999999956
20
-90.4418509999999998
11
40.2594999999999956
21
-90.2371479999999906
0
LINE
8
BLACK
6
CONTINUOUS
10
40.2594999999999956
20
-90.2371479999999906
11
40.2594999999999956
21
-88.0994999999999919
0
LINE
8
BLACK
6
CONTINUOUS
10
40.2594999999999956
20
-88.0994999999999919
11
40.2791849999999982
21
-88.0324609999999979
0
LINE
8
BLACK
6
CONTINUOUS
10
40.2791849999999982
20
-88.0324609999999979
11
40.3319890000000001
21
-87.9867059999999981
0
LINE
8
BLACK
6
CONTINUOUS
10
40.3319890000000001
20
-87.9867059999999981
11
40.383499999999998
21
-87.9754999999999967
0
LINE
8
BLACK
6
CONTINUOUS
10
40.383499999999998
20
-87.9754999999999967
11
51.6499999999999986
21
-87.9754999999999967
0
LINE
8
BLACK
6
CONTINUOUS
10
51.6499999999999986
20
-87.9754999999999967
11
51.7170389999999998
21
-87.9951849999999922
0
LINE
8
BLACK
6
CONTINUOUS
10
51.7170389999999998
20
-87.9951849999999922
11
51.7627939999999995
21
-88.0479890000000012
0
LINE
8
BLACK
6
CONTINUOUS
10
51.7627939999999995
20
-88.0479890000000012
11
51.7740000000000009
21
-88.0994999999999919
0
LINE
8
BLACK
6
CONTINUOUS
10
51.7740000000000009
20
-88.0994999999999919
11
51.7740000000000009
21
-89.9922479999999894
0
LINE
8
BLACK
6
CONTINUOUS
10
51.7740000000000009
20
-89.9922479999999894
11
51.7740000000000009
21
-90.196951999999996
0
LINE
8
BLACK
6
CONTINUOUS
10
51.7740000000000009
20
-90.196951999999996
11
51.7836629999999971
21
-90.2579640000000012
0
LINE
8
BLACK
6
CONTINUOUS
10
51.7836629999999971
20
-90.2579640000000012
11
51.8060219999999987
21
-90.399130999999997
0
LINE
8
BLACK
6
CONTINUOUS
10
51.8060219999999987
20
-90.399130999999997
11
51.8060229999999962
21
-90.3991359999999986
0
LINE
8
BLACK
6
CONTINUOUS
10
51.8060229999999962
20
-90.3991359999999986
11
51.8199029999999965
21
-90.4418529999999947
0
LINE
8
BLACK
6
CONTINUOUS
10
51.8199029999999965
20
-90.4418529999999947
11
51.8692779999999942
21
-90.5938149999999922
0
LINE
8
BLACK
6
CONTINUOUS
10
51.8692779999999942
20
-90.5938149999999922
11
51.8692789999999988
21
-90.5938159999999897
0
LINE
8
BLACK
6
CONTINUOUS
10
51.8692789999999988
20
-90.5938159999999897
11
51.8692799999999963
21
-90.5938189999999963
0
LINE
8
BLACK
6
CONTINUOUS
10
51.8692799999999963
20
-90.5938189999999963
11
51.8859999999999957
21
-90.6266339999999957
0
LINE
8
BLACK
6
CONTINUOUS
10
51.8859999999999957
20
-90.6266339999999957
11
51.9622129999999984
21
-90.7762109999999893
0
LINE
8
BLACK
6
CONTINUOUS
10
51.9622129999999984
20
-90.7762109999999893
11
52.0825339999999954
21
-90.9418189999999953
0
LINE
8
BLACK
6
CONTINUOUS
10
52.0825339999999954
20
-90.9418189999999953
11
52.0825359999999975
21
-90.9418209999999902
0
LINE
8
BLACK
6
CONTINUOUS
10
52.0825359999999975
20
-90.9418209999999902
11
62.9792339999999982
21
-101.8385189999999909
0
LINE
8
BLACK
6
CONTINUOUS
10
62.9792339999999982
20
-101.8385189999999909
11
63.012718999999997
21
-101.8998419999999925
0
LINE
8
BLACK
6
CONTINUOUS
10
63.012718999999997
20
-101.8998419999999925
11
63.0077349999999967
21
-101.9695339999999959
0
LINE
8
BLACK
6
CONTINUOUS
10
63.0077349999999967
20
-101.9695339999999959
11
62.9658629999999988
21
-102.0254669999999919
0
LINE
8
BLACK
6
CONTINUOUS
10
62.9658629999999988
20
-102.0254669999999919
11
62.9003990000000002
21
-102.0498839999999916
0
LINE
8
BLACK
6
CONTINUOUS
10
62.9003990000000002
20
-102.0498839999999916
11
62.8915529999999947
21
-102.0501999999999896
0
LINE
8
BLACK
6
CONTINUOUS
10
62.8915529999999947
20
-102.0501999999999896
11
33.7147469999999956
21
-102.0501999999999896
0
LINE
8
BLACK
6
CONTINUOUS
10
33.7147469999999956
20
-102.0501999999999896
11
33.6477080000000015
21
-102.0305149999999941
0
LINE
8
BLACK
6
CONTINUOUS
10
33.6477080000000015
20
-102.0305149999999941
11
33.6270659999999992
21
-102.0138809999999978
0
LINE
8
BLACK
6
CONTINUOUS
10
33.6270659999999992
20
-102.0138809999999978
11
29.0303659999999972
21
-97.4171809999999994
0
LINE
8
BLACK
6
CONTINUOUS
10
29.0303659999999972
20
-97.4171809999999994
11
28.9968809999999984
21
-97.3558579999999978
0
LINE
8
BLACK
6
CONTINUOUS
10
28.9968809999999984
20
-97.3558579999999978
11
29.0018649999999987
21
-97.2861659999999944
0
LINE
8
BLACK
6
CONTINUOUS
10
29.0018649999999987
20
-97.2861659999999944
11
29.0437370000000001
21
-97.2302329999999984
0
LINE
8
BLACK
6
CONTINUOUS
10
29.0437370000000001
20
-97.2302329999999984
11
29.1092009999999988
21
-97.2058159999999987
0
LINE
8
BLACK
6
CONTINUOUS
10
29.1092009999999988
20
-97.2058159999999987
11
29.1180469999999971
21
-97.2055000000000007
0
LINE
8
BLACK
6
CONTINUOUS
10
29.1180469999999971
20
-97.2055000000000007
11
29.6951049999999981
21
-97.2055000000000007
0
LINE
8
BLACK
6
CONTINUOUS
10
29.6951049999999981
20
-97.2055000000000007
11
29.6951079999999976
21
-97.2055000000000007
0
LINE
8
BLACK
6
CONTINUOUS
10
29.6951079999999976
20
-97.2055000000000007
11
29.8494339999999987
21
-97.1902999999999935
0
LINE
8
BLACK
6
CONTINUOUS
10
29.8494339999999987
20
-97.1902999999999935
11
30.0474539999999983
21
-97.1302319999999924
0
LINE
8
BLACK
6
CONTINUOUS
10
30.0474539999999983
20
-97.1302319999999924
11
30.2299499999999988
21
-97.0326850000000007
0
LINE
8
BLACK
6
CONTINUOUS
10
30.2299499999999988
20
-97.0326850000000007
11
30.3899099999999969
21
-96.9014099999999985
0
LINE
8
BLACK
6
CONTINUOUS
10
30.3899099999999969
20
-96.9014099999999985
11
30.5211849999999991
21
-96.7414500000000004
0
LINE
8
BLACK
6
CONTINUOUS
10
30.5211849999999991
20
-96.7414500000000004
11
30.6187319999999978
21
-96.558954
0
LINE
8
BLACK
6
CONTINUOUS
10
30.6187319999999978
20
-96.558954
11
30.678799999999999
21
-96.3609340000000003
0
LINE
8
BLACK
6
CONTINUOUS
10
30.678799999999999
20
-96.3609340000000003
11
30.6939999999999991
21
-96.2066079999999886
0
LINE
8
BLACK
6
CONTINUOUS
10
30.6939999999999991
20
-96.2066079999999886
11
30.6939999999999991
21
-94.6033919999999995
0
LINE
8
BLACK
6
CONTINUOUS
10
30.6939999999999991
20
-94.6033919999999995
11
30.678799999999999
21
-94.449066000000002
0
LINE
8
BLACK
6
CONTINUOUS
10
30.678799999999999
20
-94.449066000000002
11
30.6187319999999978
21
-94.2510460000000023
0
LINE
8
BLACK
6
CONTINUOUS
10
30.6187319999999978
20
-94.2510460000000023
11
30.5211849999999991
21
-94.0685500000000019
0
LINE
8
BLACK
6
CONTINUOUS
10
30.5211849999999991
20
-94.0685500000000019
11
30.3899099999999969
21
-93.9085899999999896
0
LINE
8
BLACK
6
CONTINUOUS
10
30.3899099999999969
20
-93.9085899999999896
11
30.3852029999999971
21
-93.9047269999999941
0
LINE
8
BLACK
6
CONTINUOUS
10
30.3852029999999971
20
-93.9047269999999941
11
30.239334999999997
21
-93.7850159999999988
0
LINE
8
BLACK
6
CONTINUOUS
10
30.239334999999997
20
-93.7850159999999988
11
30.2000010000000003
21
-93.7272710000000018
0
LINE
8
BLACK
6
CONTINUOUS
10
30.2000010000000003
20
-93.7272710000000018
11
30.1939999999999991
21
-93.6891629999999935
0
LINE
8
BLACK
6
CONTINUOUS
10
30.1939999999999991
20
-93.6891629999999935
11
30.1939999999999991
21
-76.1727460000000036
0
LINE
8
BLACK
6
CONTINUOUS
10
30.1939999999999991
20
-76.1727460000000036
11
30.2136849999999981
21
-76.1057069999999953
0
LINE
8
BLACK
6
CONTINUOUS
10
30.2136849999999981
20
-76.1057069999999953
11
30.2303139999999999
21
-76.0850700000000018
0
LINE
8
BLACK
6
CONTINUOUS
10
30.2303139999999999
20
-76.0850700000000018
11
31.4324589999999979
21
-74.8829240000000027
0
LINE
8
BLACK
6
CONTINUOUS
10
31.4324589999999979
20
-74.8829240000000027
11
31.4937799999999974
21
-74.8494409999999988
0
LINE
8
BLACK
6
CONTINUOUS
10
31.4937799999999974
20
-74.8494409999999988
11
31.5007409999999979
21
-74.8481340000000017
0
LINE
8
BLACK
6
CONTINUOUS
10
31.5007409999999979
20
-74.8481340000000017
11
31.5936029999999981
21
-74.8334260000000029
0
LINE
8
BLACK
6
CONTINUOUS
10
31.5936029999999981
20
-74.8334260000000029
11
31.6476930000000003
21
-74.824860000000001
0
LINE
8
BLACK
6
CONTINUOUS
10
31.6476930000000003
20
-74.824860000000001
11
31.8947719999999997
21
-74.7445790000000017
0
LINE
8
BLACK
6
CONTINUOUS
10
31.8947719999999997
20
-74.7445790000000017
11
32.1262509999999963
21
-74.6266339999999957
0
LINE
8
BLACK
6
CONTINUOUS
10
32.1262509999999963
20
-74.6266339999999957
11
32.3364289999999954
21
-74.4739309999999932
0
LINE
8
BLACK
6
CONTINUOUS
10
32.3364289999999954
20
-74.4739309999999932
11
32.5201309999999992
21
-74.2902289999999965
0
LINE
8
BLACK
6
CONTINUOUS
10
32.5201309999999992
20
-74.2902289999999965
11
32.6728340000000017
21
-74.0800509999999974
0
LINE
8
BLACK
6
CONTINUOUS
10
32.6728340000000017
20
-74.0800509999999974
11
32.7907790000000006
21
-73.8485719999999901
0
LINE
8
BLACK
6
CONTINUOUS
10
32.7907790000000006
20
-73.8485719999999901
11
32.8710599999999999
21
-73.6014929999999907
0
LINE
8
BLACK
6
CONTINUOUS
10
32.8710599999999999
20
-73.6014929999999907
11
32.8937389999999965
21
-73.4582979999999992
0
LINE
8
BLACK
6
CONTINUOUS
10
32.8937389999999965
20
-73.4582979999999992
11
32.9116999999999962
21
-73.3449019999999905
0
LINE
8
BLACK
6
CONTINUOUS
10
32.9116999999999962
20
-73.3449019999999905
11
32.9116999999999962
21
-73.0850969999999904
0
LINE
8
BLACK
6
CONTINUOUS
10
32.9116999999999962
20
-73.0850969999999904
11
32.8823459999999983
21
-72.8997679999999946
0
LINE
8
BLACK
6
CONTINUOUS
10
32.8823459999999983
20
-72.8997679999999946
11
32.8710599999999999
21
-72.8285070000000019
0
LINE
8
BLACK
6
CONTINUOUS
10
32.8710599999999999
20
-72.8285070000000019
11
32.7907790000000006
21
-72.5814280000000025
0
LINE
8
BLACK
6
CONTINUOUS
10
32.7907790000000006
20
-72.5814280000000025
11
32.7907769999999985
21
-72.5814249999999959
0
LINE
8
BLACK
6
CONTINUOUS
10
32.7907769999999985
20
-72.5814249999999959
11
32.7907769999999985
21
-72.5814230000000009
0
LINE
8
BLACK
6
CONTINUOUS
10
32.7907769999999985
20
-72.5814230000000009
11
32.747987000000002
21
-72.497444999999999
0
LINE
8
BLACK
6
CONTINUOUS
10
32.747987000000002
20
-72.497444999999999
11
32.6728340000000017
21
-72.3499489999999952
0
LINE
8
BLACK
6
CONTINUOUS
10
32.6728340000000017
20
-72.3499489999999952
11
32.5201309999999992
21
-72.1397709999999961
0
LINE
8
BLACK
6
CONTINUOUS
10
32.5201309999999992
20
-72.1397709999999961
11
32.4130409999999998
21
-72.0326809999999966
0
LINE
8
BLACK
6
CONTINUOUS
10
32.4130409999999998
20
-72.0326809999999966
11
32.3795560000000009
21
-71.9713579999999951
0
LINE
8
BLACK
6
CONTINUOUS
10
32.3795560000000009
20
-71.9713579999999951
11
32.3845400000000012
21
-71.9016659999999916
0
LINE
8
BLACK
6
CONTINUOUS
10
32.3845400000000012
20
-71.9016659999999916
11
32.4130409999999998
21
-71.8573189999999897
0
LINE
8
BLACK
6
CONTINUOUS
10
32.4130409999999998
20
-71.8573189999999897
11
32.4488669999999999
21
-71.8214930000000038
0
LINE
8
BLACK
6
CONTINUOUS
10
32.4488669999999999
20
-71.8214930000000038
11
32.5201309999999992
21
-71.7502289999999903
0
LINE
8
BLACK
6
CONTINUOUS
10
32.5201309999999992
20
-71.7502289999999903
11
32.6728340000000017
21
-71.5400509999999912
0
LINE
8
BLACK
6
CONTINUOUS
10
32.6728340000000017
20
-71.5400509999999912
11
32.7907790000000006
21
-71.3085719999999981
0
LINE
8
BLACK
6
CONTINUOUS
10
32.7907790000000006
20
-71.3085719999999981
11
32.8710599999999999
21
-71.0614929999999987
0
LINE
8
BLACK
6
CONTINUOUS
10
32.8710599999999999
20
-71.0614929999999987
11
32.9066839999999985
21
-70.8365679999999998
0
LINE
8
BLACK
6
CONTINUOUS
10
32.9066839999999985
20
-70.8365679999999998
11
32.9116999999999962
21
-70.8049019999999985
0
LINE
8
BLACK
6
CONTINUOUS
10
32.9116999999999962
20
-70.8049019999999985
11
32.9116999999999962
21
-70.5450969999999984
0
LINE
8
BLACK
6
CONTINUOUS
10
32.9116999999999962
20
-70.5450969999999984
11
32.8823469999999958
21
-70.359770999999995
0
LINE
8
BLACK
6
CONTINUOUS
10
32.8823469999999958
20
-70.359770999999995
11
32.8710599999999999
21
-70.2885069999999956
0
LINE
8
BLACK
6
CONTINUOUS
10
32.8710599999999999
20
-70.2885069999999956
11
32.7907790000000006
21
-70.0414279999999962
0
LINE
8
BLACK
6
CONTINUOUS
10
32.7907790000000006
20
-70.0414279999999962
11
32.7907769999999985
21
-70.0414250000000038
0
LINE
8
BLACK
6
CONTINUOUS
10
32.7907769999999985
20
-70.0414250000000038
11
32.7907769999999985
21
-70.0414229999999947
0
LINE
8
BLACK
6
CONTINUOUS
10
32.7907769999999985
20
-70.0414229999999947
11
32.6819209999999956
21
-69.8277839999999941
0
LINE
8
BLACK
6
CONTINUOUS
10
32.6819209999999956
20
-69.8277839999999941
11
32.6728340000000017
21
-69.8099490000000031
0
LINE
8
BLACK
6
CONTINUOUS
10
32.6728340000000017
20
-69.8099490000000031
11
32.5201309999999992
21
-69.5997709999999898
0
LINE
8
BLACK
6
CONTINUOUS
10
32.5201309999999992
20
-69.5997709999999898
11
32.4130409999999998
21
-69.4926809999999904
0
LINE
8
BLACK
6
CONTINUOUS
10
32.4130409999999998
20
-69.4926809999999904
11
32.3795560000000009
21
-69.431358000000003
0
LINE
8
BLACK
6
CONTINUOUS
10
32.3795560000000009
20
-69.431358000000003
11
32.3845400000000012
21
-69.3616659999999996
0
LINE
8
BLACK
6
CONTINUOUS
10
32.3845400000000012
20
-69.3616659999999996
11
32.4130409999999998
21
-69.3173189999999977
0
LINE
8
BLACK
6
CONTINUOUS
10
32.4130409999999998
20
-69.3173189999999977
11
32.4513219999999976
21
-69.2790379999999999
0
LINE
8
BLACK
6
CONTINUOUS
10
32.4513219999999976
20
-69.2790379999999999
11
32.5201309999999992
21
-69.2102289999999982
0
LINE
8
BLACK
6
CONTINUOUS
10
32.5201309999999992
20
-69.2102289999999982
11
32.6728340000000017
21
-69.0000509999999991
0
LINE
8
BLACK
6
CONTINUOUS
10
32.6728340000000017
20
-69.0000509999999991
11
32.7907790000000006
21
-68.7685719999999918
0
LINE
8
BLACK
6
CONTINUOUS
10
32.7907790000000006
20
-68.7685719999999918
11
32.8710599999999999
21
-68.5214929999999924
0
LINE
8
BLACK
6
CONTINUOUS
10
32.8710599999999999
20
-68.5214929999999924
11
32.8963600000000014
21
-68.3617509999999982
0
LINE
8
BLACK
6
CONTINUOUS
10
32.8963600000000014
20
-68.3617509999999982
11
32.9116999999999962
21
-68.2649019999999922
0
LINE
8
BLACK
6
CONTINUOUS
10
32.9116999999999962
20
-68.2649019999999922
11
32.9116999999999962
21
-68.0050969999999921
0
LINE
8
BLACK
6
CONTINUOUS
10
32.9116999999999962
20
-68.0050969999999921
11
32.8823459999999983
21
-67.8197679999999963
0
LINE
8
BLACK
6
CONTINUOUS
10
32.8823459999999983
20
-67.8197679999999963
11
32.8710599999999999
21
-67.7485070000000036
0
LINE
8
BLACK
6
CONTINUOUS
10
32.8710599999999999
20
-67.7485070000000036
11
32.7907790000000006
21
-67.50142799999999
0
LINE
8
BLACK
6
CONTINUOUS
10
32.7907790000000006
20
-67.50142799999999
11
32.7907769999999985
21
-67.5014249999999976
0
LINE
8
BLACK
6
CONTINUOUS
10
32.7907769999999985
20
-67.5014249999999976
11
32.7907769999999985
21
-67.5014230000000026
0
LINE
8
BLACK
6
CONTINUOUS
10
32.7907769999999985
20
-67.5014230000000026
11
32.6728329999999971
21
-67.2699479999999994
0
LINE
8
BLACK
6
CONTINUOUS
10
32.6728329999999971
20
-67.2699479999999994
11
32.6365830000000017
21
-67.2200539999999904
0
LINE
8
BLACK
6
CONTINUOUS
10
32.6365830000000017
20
-67.2200539999999904
11
32.6279849999999954
21
-67.2082199999999972
0
LINE
8
BLACK
6
CONTINUOUS
10
32.6279849999999954
20
-67.2082199999999972
11
32.6165269999999978
21
-67.1761089999999967
0
LINE
8
BLACK
6
CONTINUOUS
10
32.6165269999999978
20
-67.1761089999999967
11
32.604619999999997
21
-67.1441829999999982
0
LINE
8
BLACK
6
CONTINUOUS
10
32.604619999999997
20
-67.1441829999999982
11
32.604814999999995
21
-67.1432829999999967
0
LINE
8
BLACK
6
CONTINUOUS
10
32.604814999999995
20
-67.1432829999999967
11
32.6045060000000007
21
-67.1424159999999972
0
LINE
8
BLACK
6
CONTINUOUS
10
32.6045060000000007
20
-67.1424159999999972
11
32.6122329999999963
21
-67.1091839999999991
0
LINE
8
BLACK
6
CONTINUOUS
10
32.6122329999999963
20
-67.1091839999999991
11
32.6194720000000018
21
-67.0759099999999933
0
LINE
8
BLACK
6
CONTINUOUS
10
32.6194720000000018
20
-67.0759099999999933
11
32.6201949999999954
21
-67.074941999999993
0
LINE
8
BLACK
6
CONTINUOUS
10
32.6201949999999954
20
-67.074941999999993
11
32.6203310000000002
21
-67.0743619999999936
0
LINE
8
BLACK
6
CONTINUOUS
10
32.6203310000000002
20
-67.0743619999999936
11
32.6406179999999964
21
-67.0476589999999959
0
LINE
8
BLACK
6
CONTINUOUS
10
32.6406179999999964
20
-67.0476589999999959
11
32.7410160000000019
21
-66.9472619999999949
0
LINE
8
BLACK
6
CONTINUOUS
10
32.7410160000000019
20
-66.9472619999999949
11
32.7410190000000014
21
-66.9472559999999959
0
LINE
8
BLACK
6
CONTINUOUS
10
32.7410190000000014
20
-66.9472559999999959
11
32.7458139999999958
21
-66.9424619999999919
0
LINE
8
BLACK
6
CONTINUOUS
10
32.7458139999999958
20
-66.9424619999999919
11
32.8071369999999973
21
-66.908976999999993
0
LINE
8
BLACK
6
CONTINUOUS
10
32.8071369999999973
20
-66.908976999999993
11
32.8768290000000007
21
-66.9139610000000005
0
LINE
8
BLACK
6
CONTINUOUS
10
32.1111999999999966
20
-65.0949999999999989
11
33.4129000000000005
21
-65.0949999999999989
0
LINE
8
BLACK
6
CONTINUOUS
10
33.4129000000000005
20
-65.0949999999999989
11
33.4781479999999974
21
-65.0992770000000007
0
LINE
8
BLACK
6
CONTINUOUS
10
33.4781479999999974
20
-65.0992770000000007
11
33.478162999999995
21
-65.0992770000000007
0
LINE
8
BLACK
6
CONTINUOUS
10
33.478162999999995
20
-65.0992770000000007
11
33.5866040000000012
21
-65.1283339999999953
0
LINE
8
BLACK
6
CONTINUOUS
10
33.5866040000000012
20
-65.1283339999999953
11
33.6042419999999993
21
-65.1330600000000004
0
LINE
8
BLACK
6
CONTINUOUS
10
33.6042419999999993
20
-65.1330600000000004
11
33.7172809999999998
21
-65.198323000000002
0
LINE
8
BLACK
6
CONTINUOUS
10
33.7172809999999998
20
-65.198323000000002
11
33.7172959999999975
21
-65.1983379999999926
0
LINE
8
BLACK
6
CONTINUOUS
10
33.7172959999999975
20
-65.1983379999999926
11
33.7664529999999985
21
-65.2414469999999937
0
LINE
8
BLACK
6
CONTINUOUS
10
33.7664529999999985
20
-65.2414469999999937
11
39.3125539999999987
21
-70.7875470000000035
0
LINE
8
BLACK
6
CONTINUOUS
10
39.3125539999999987
20
-70.7875470000000035
11
39.3556609999999978
21
-70.836703
0
LINE
8
BLACK
6
CONTINUOUS
10
39.3556609999999978
20
-70.836703
11
39.355677
21
-70.8367190000000022
0
LINE
8
BLACK
6
CONTINUOUS
10
39.355677
20
-70.8367190000000022
11
39.4047649999999976
21
-70.9217419999999947
0
LINE
8
BLACK
6
CONTINUOUS
10
39.4047649999999976
20
-70.9217419999999947
11
39.4209400000000016
21
-70.9497580000000028
0
LINE
8
BLACK
6
CONTINUOUS
10
39.4209400000000016
20
-70.9497580000000028
11
39.4547230000000013
21
-71.0758369999999928
0
LINE
8
BLACK
6
CONTINUOUS
10
39.4547230000000013
20
-71.0758369999999928
11
39.4547230000000013
21
-71.0758519999999976
0
LINE
8
BLACK
6
CONTINUOUS
10
39.4547230000000013
20
-71.0758519999999976
11
39.4589999999999961
21
-71.1410999999999945
0
LINE
8
BLACK
6
CONTINUOUS
10
39.4589999999999961
20
-71.1410999999999945
11
39.4589999999999961
21
-86.1749999999999972
0
LINE
8
BLACK
6
CONTINUOUS
10
39.4589999999999961
20
-86.1749999999999972
11
53.0745000000000005
21
-86.1749999999999972
0
LINE
8
BLACK
6
CONTINUOUS
10
53.0745000000000005
20
-86.1749999999999972
11
54.6029259999999965
21
-86.1749999999999972
0
LINE
8
BLACK
6
CONTINUOUS
10
54.6029259999999965
20
-86.1749999999999972
11
54.6291409999999971
21
-86.1357659999999896
0
LINE
8
BLACK
6
CONTINUOUS
10
54.6291409999999971
20
-86.1357659999999896
11
54.7469660000000005
21
-86.0179409999999933
0
LINE
8
BLACK
6
CONTINUOUS
10
54.7469660000000005
20
-86.0179409999999933
11
54.885512999999996
21
-85.9253669999999943
0
LINE
8
BLACK
6
CONTINUOUS
10
54.885512999999996
20
-85.9253669999999943
11
55.0394579999999962
21
-85.8616009999999932
0
LINE
8
BLACK
6
CONTINUOUS
10
55.0394579999999962
20
-85.8616009999999932
11
55.2028849999999949
21
-85.8290930000000003
0
LINE
8
BLACK
6
CONTINUOUS
10
55.2028849999999949
20
-85.8290930000000003
11
55.3695149999999998
21
-85.8290930000000003
0
LINE
8
BLACK
6
CONTINUOUS
10
55.3695149999999998
20
-85.8290930000000003
11
55.5329419999999985
21
-85.8616009999999932
0
LINE
8
BLACK
6
CONTINUOUS
10
55.5329419999999985
20
-85.8616009999999932
11
55.6868869999999987
21
-85.9253669999999943
0
LINE
8
BLACK
6
CONTINUOUS
10
55.6868869999999987
20
-85.9253669999999943
11
55.8254339999999942
21
-86.0179409999999933
0
LINE
8
BLACK
6
CONTINUOUS
10
55.8254339999999942
20
-86.0179409999999933
11
55.9432589999999976
21
-86.1357659999999896
0
LINE
8
BLACK
6
CONTINUOUS
10
55.9432589999999976
20
-86.1357659999999896
11
56.0358329999999967
21
-86.2743129999999923
0
LINE
8
BLACK
6
CONTINUOUS
10
56.0358329999999967
20
-86.2743129999999923
11
56.0995989999999978
21
-86.4282579999999996
0
LINE
8
BLACK
6
CONTINUOUS
10
56.0995989999999978
20
-86.4282579999999996
11
56.1321069999999978
21
-86.5916849999999982
0
LINE
8
BLACK
6
CONTINUOUS
10
56.1321069999999978
20
-86.5916849999999982
11
56.1321069999999978
21
-86.7583149999999961
0
LINE
8
BLACK
6
CONTINUOUS
10
56.1321069999999978
20
-86.7583149999999961
11
56.0995989999999978
21
-86.9217419999999947
0
LINE
8
BLACK
6
CONTINUOUS
10
56.0995989999999978
20
-86.9217419999999947
11
56.0358329999999967
21
-87.0756870000000021
0
LINE
8
BLACK
6
CONTINUOUS
10
56.0358329999999967
20
-87.0756870000000021
11
55.9432589999999976
21
-87.2142339999999905
0
LINE
8
BLACK
6
CONTINUOUS
10
55.9432589999999976
20
-87.2142339999999905
11
55.8254339999999942
21
-87.332059000000001
0
LINE
8
BLACK
6
CONTINUOUS
10
55.8254339999999942
20
-87.332059000000001
11
55.6868869999999987
21
-87.424633
0
LINE
8
BLACK
6
CONTINUOUS
10
55.6868869999999987
20
-87.424633
11
55.5329419999999985
21
-87.4883990000000011
0
LINE
8
BLACK
6
CONTINUOUS
10
55.5329419999999985
20
-87.4883990000000011
11
55.3695149999999998
21
-87.520906999999994
0
LINE
8
BLACK
6
CONTINUOUS
10
55.3695149999999998
20
-87.520906999999994
11
55.2028849999999949
21
-87.520906999999994
0
LINE
8
BLACK
6
CONTINUOUS
10
55.2028849999999949
20
-87.520906999999994
11
55.0394579999999962
21
-87.4883990000000011
0
LINE
8
BLACK
6
CONTINUOUS
10
55.0394579999999962
20
-87.4883990000000011
11
54.885512999999996
21
-87.424633
0
LINE
8
BLACK
6
CONTINUOUS
10
54.885512999999996
20
-87.424633
11
54.7469660000000005
21
-87.332059000000001
0
LINE
8
BLACK
6
CONTINUOUS
10
54.7469660000000005
20
-87.332059000000001
11
54.6291409999999971
21
-87.2142339999999905
0
LINE
8
BLACK
6
CONTINUOUS
10
54.6291409999999971
20
-87.2142339999999905
11
54.6029259999999965
21
-87.1749999999999972
0
LINE
8
BLACK
6
CONTINUOUS
10
54.6029259999999965
20
-87.1749999999999972
11
53.5745000000000005
21
-87.1749999999999972
0
LINE
8
BLACK
6
CONTINUOUS
10
53.5745000000000005
20
-87.1749999999999972
11
53.5745000000000005
21
-89.8874939999999896
0
LINE
8
BLACK
6
CONTINUOUS
10
53.5745000000000005
20
-89.8874939999999896
11
64.7206060000000036
21
-101.0335999999999927
0
LINE
8
BLACK
6
CONTINUOUS
10
64.7206060000000036
20
-101.0335999999999927
11
101.4254940000000005
21
-101.0335999999999927
0
LINE
8
BLACK
6
CONTINUOUS
10
101.4254940000000005
20
-101.0335999999999927
11
102.9668149999999969
21
-99.4922779999999989
0
LINE
8
BLACK
6
CONTINUOUS
10
102.9668149999999969
20
-99.4922779999999989
11
102.965052
21
-99.4834139999999962
0
LINE
8
BLACK
6
CONTINUOUS
10
102.965052
20
-99.4834139999999962
11
102.965052
21
-99.3265859999999918
0
LINE
8
BLACK
6
CONTINUOUS
10
102.965052
20
-99.3265859999999918
11
102.9956479999999885
21
-99.1727719999999948
0
LINE
8
BLACK
6
CONTINUOUS
10
102.9956479999999885
20
-99.1727719999999948
11
103.0556629999999956
21
-99.0278829999999886
0
LINE
8
BLACK
6
CONTINUOUS
10
103.0556629999999956
20
-99.0278829999999886
11
103.142792
21
-98.897484999999989
0
LINE
8
BLACK
6
CONTINUOUS
10
103.142792
20
-98.897484999999989
11
103.2536849999999902
21
-98.7865919999999988
0
LINE
8
BLACK
6
CONTINUOUS
10
103.2536849999999902
20
-98.7865919999999988
11
103.3840829999999897
21
-98.6994629999999944
0
LINE
8
BLACK
6
CONTINUOUS
10
103.3840829999999897
20
-98.6994629999999944
11
103.528971999999996
21
-98.6394480000000016
0
LINE
8
BLACK
6
CONTINUOUS
10
103.528971999999996
20
-98.6394480000000016
11
103.682785999999993
21
-98.6088519999999988
0
LINE
8
BLACK
6
CONTINUOUS
10
103.682785999999993
20
-98.6088519999999988
11
103.8396139999999974
21
-98.6088519999999988
0
LINE
8
BLACK
6
CONTINUOUS
10
103.8396139999999974
20
-98.6088519999999988
11
103.9934279999999944
21
-98.6394480000000016
0
LINE
8
BLACK
6
CONTINUOUS
10
103.9934279999999944
20
-98.6394480000000016
11
104.1383170000000007
21
-98.6994629999999944
0
LINE
8
BLACK
6
CONTINUOUS
10
104.1383170000000007
20
-98.6994629999999944
11
104.2687150000000003
21
-98.7865919999999988
0
LINE
8
BLACK
6
CONTINUOUS
10
104.2687150000000003
20
-98.7865919999999988
11
104.3796079999999904
21
-98.897484999999989
0
LINE
8
BLACK
6
CONTINUOUS
10
104.3796079999999904
20
-98.897484999999989
11
104.4667369999999949
21
-99.0278829999999886
0
LINE
8
BLACK
6
CONTINUOUS
10
104.4667369999999949
20
-99.0278829999999886
11
104.5267520000000019
21
-99.1727719999999948
0
LINE
8
BLACK
6
CONTINUOUS
10
104.5267520000000019
20
-99.1727719999999948
11
104.5573479999999904
21
-99.3265859999999918
0
LINE
8
BLACK
6
CONTINUOUS
10
104.5573479999999904
20
-99.3265859999999918
11
104.5573479999999904
21
-99.4834139999999962
0
LINE
8
BLACK
6
CONTINUOUS
10
104.5573479999999904
20
-99.4834139999999962
11
104.5267520000000019
21
-99.6372279999999932
0
LINE
8
BLACK
6
CONTINUOUS
10
104.5267520000000019
20
-99.6372279999999932
11
104.4667369999999949
21
-99.7821169999999995
0
LINE
8
BLACK
6
CONTINUOUS
10
104.4667369999999949
20
-99.7821169999999995
11
104.3796079999999904
21
-99.9125149999999991
0
LINE
8
BLACK
6
CONTINUOUS
10
104.3796079999999904
20
-99.9125149999999991
11
104.2687150000000003
21
-100.0234079999999892
0
LINE
8
BLACK
6
CONTINUOUS
10
104.2687150000000003
20
-100.0234079999999892
11
104.1383170000000007
21
-100.1105369999999937
0
LINE
8
BLACK
6
CONTINUOUS
10
104.1383170000000007
20
-100.1105369999999937
11
103.9934279999999944
21
-100.1705520000000007
0
LINE
8
BLACK
6
CONTINUOUS
10
103.9934279999999944
20
-100.1705520000000007
11
103.8396139999999974
21
-100.2011479999999892
0
LINE
8
BLACK
6
CONTINUOUS
10
103.8396139999999974
20
-100.2011479999999892
11
103.682785999999993
21
-100.2011479999999892
0
LINE
8
BLACK
6
CONTINUOUS
10
103.682785999999993
20
-100.2011479999999892
11
103.6741710000000012
21
-100.1994339999999966
0
LINE
8
BLACK
6
CONTINUOUS
10
103.6741710000000012
20
-100.1994339999999966
11
103.0505529999999936
21
-100.8230530000000016
0
LINE
8
BLACK
6
CONTINUOUS
10
103.0505529999999936
20
-100.8230530000000016
11
103.0481139999999982
21
-100.8251909999999896
0
LINE
8
BLACK
6
CONTINUOUS
10
103.0481139999999982
20
-100.8251909999999896
11
101.9861530000000016
21
-101.8871529999999979
0
LINE
8
BLACK
6
CONTINUOUS
10
101.9861530000000016
20
-101.8871529999999979
11
101.9369959999999935
21
-101.9302610000000016
0
LINE
8
BLACK
6
CONTINUOUS
10
101.9369959999999935
20
-101.9302610000000016
11
101.9369809999999887
21
-101.9302769999999896
0
LINE
8
BLACK
6
CONTINUOUS
10
101.9369809999999887
20
-101.9302769999999896
11
101.8239420000000024
21
-101.9955399999999912
0
LINE
8
BLACK
6
CONTINUOUS
10
101.8239420000000024
20
-101.9955399999999912
11
101.6978629999999981
21
-102.0293229999999909
0
LINE
8
BLACK
6
CONTINUOUS
10
101.6978629999999981
20
-102.0293229999999909
11
101.6978479999999934
21
-102.0293229999999909
0
LINE
8
BLACK
6
CONTINUOUS
10
101.6978479999999934
20
-102.0293229999999909
11
101.6325999999999965
21
-102.0335999999999927
0
LINE
8
BLACK
6
CONTINUOUS
10
101.6325999999999965
20
-102.0335999999999927
11
64.5134999999999934
21
-102.0335999999999927
0
LINE
8
BLACK
6
CONTINUOUS
10
64.5134999999999934
20
-102.0335999999999927
11
64.4482519999999965
21
-102.0293229999999909
0
LINE
8
BLACK
6
CONTINUOUS
10
64.4482519999999965
20
-102.0293229999999909
11
64.4482369999999918
21
-102.0293229999999909
0
LINE
8
BLACK
6
CONTINUOUS
10
64.4482369999999918
20
-102.0293229999999909
11
64.3221580000000017
21
-101.9955399999999912
0
LINE
8
BLACK
6
CONTINUOUS
10
64.3221580000000017
20
-101.9955399999999912
11
64.2091190000000012
21
-101.9302769999999896
0
LINE
8
BLACK
6
CONTINUOUS
10
64.2091190000000012
20
-101.9302769999999896
11
64.2091029999999989
21
-101.9302610000000016
0
LINE
8
BLACK
6
CONTINUOUS
10
64.2091029999999989
20
-101.9302610000000016
11
64.1599470000000025
21
-101.8871529999999979
0
LINE
8
BLACK
6
CONTINUOUS
10
64.1599470000000025
20
-101.8871529999999979
11
52.7209469999999953
21
-90.4481529999999907
0
LINE
8
BLACK
6
CONTINUOUS
10
52.7209469999999953
20
-90.4481529999999907
11
52.6778379999999942
21
-90.3989959999999968
0
LINE
8
BLACK
6
CONTINUOUS
10
52.6778379999999942
20
-90.3989959999999968
11
52.6778229999999965
21
-90.398980999999992
0
LINE
8
BLACK
6
CONTINUOUS
10
52.6778229999999965
20
-90.398980999999992
11
52.6125599999999949
21
-90.2859419999999915
0
LINE
8
BLACK
6
CONTINUOUS
10
52.6125599999999949
20
-90.2859419999999915
11
52.6050629999999941
21
-90.2579640000000012
0
LINE
8
BLACK
6
CONTINUOUS
10
52.6050629999999941
20
-90.2579640000000012
11
52.5787769999999952
21
-90.1598630000000014
0
LINE
8
BLACK
6
CONTINUOUS
10
52.5787769999999952
20
-90.1598630000000014
11
52.5787769999999952
21
-90.1598469999999992
0
LINE
8
BLACK
6
CONTINUOUS
10
52.5787769999999952
20
-90.1598469999999992
11
52.5745000000000005
21
-90.0945999999999998
0
LINE
8
BLACK
6
CONTINUOUS
10
52.5745000000000005
20
-90.0945999999999998
11
52.5745000000000005
21
-87.1749999999999972
0
LINE
8
BLACK
6
CONTINUOUS
10
52.5745000000000005
20
-87.1749999999999972
11
39.4589999999999961
21
-87.1749999999999972
0
LINE
8
BLACK
6
CONTINUOUS
10
39.4589999999999961
20
-87.1749999999999972
11
39.4589999999999961
21
-90.339500000000001
0
LINE
8
BLACK
6
CONTINUOUS
10
39.4589999999999961
20
-90.339500000000001
11
39.4547230000000013
21
-90.4047470000000004
0
LINE
8
BLACK
6
CONTINUOUS
10
39.4547230000000013
20
-90.4047470000000004
11
39.4547230000000013
21
-90.4047630000000026
0
LINE
8
BLACK
6
CONTINUOUS
10
39.4547230000000013
20
-90.4047630000000026
11
39.4361889999999988
21
-90.4739309999999932
0
LINE
8
BLACK
6
CONTINUOUS
10
39.4361889999999988
20
-90.4739309999999932
11
39.4209400000000016
21
-90.5308419999999927
0
LINE
8
BLACK
6
CONTINUOUS
10
39.4209400000000016
20
-90.5308419999999927
11
39.355677
21
-90.6438809999999933
0
LINE
8
BLACK
6
CONTINUOUS
10
39.355677
20
-90.6438809999999933
11
39.3556609999999978
21
-90.643895999999998
0
LINE
8
BLACK
6
CONTINUOUS
10
39.3556609999999978
20
-90.643895999999998
11
39.3125539999999987
21
-90.6930529999999919
0
LINE
8
BLACK
6
CONTINUOUS
10
39.3125539999999987
20
-90.6930529999999919
11
34.8571510000000018
21
-95.148454000000001
0
LINE
8
BLACK
6
CONTINUOUS
10
34.8571510000000018
20
-95.148454000000001
11
34.8886849999999953
21
-95.3069830000000024
0
LINE
8
BLACK
6
CONTINUOUS
10
34.8886849999999953
20
-95.3069830000000024
11
34.8886849999999953
21
-95.5030169999999998
0
LINE
8
BLACK
6
CONTINUOUS
10
34.8886849999999953
20
-95.5030169999999998
11
34.850439999999999
21
-95.6952849999999984
0
LINE
8
BLACK
6
CONTINUOUS
10
34.850439999999999
20
-95.6952849999999984
11
34.7754210000000015
21
-95.8763969999999972
0
LINE
8
BLACK
6
CONTINUOUS
10
34.7754210000000015
20
-95.8763969999999972
11
34.6665099999999953
21
-96.0393929999999898
0
LINE
8
BLACK
6
CONTINUOUS
10
34.6665099999999953
20
-96.0393929999999898
11
34.5278929999999988
21
-96.1780100000000004
0
LINE
8
BLACK
6
CONTINUOUS
10
34.5278929999999988
20
-96.1780100000000004
11
34.3648969999999991
21
-96.2869209999999924
0
LINE
8
BLACK
6
CONTINUOUS
10
34.3648969999999991
20
-96.2869209999999924
11
34.1837850000000003
21
-96.3619399999999899
0
LINE
8
BLACK
6
CONTINUOUS
10
34.1837850000000003
20
-96.3619399999999899
11
33.9915170000000018
21
-96.4001849999999934
0
LINE
8
BLACK
6
CONTINUOUS
10
33.9915170000000018
20
-96.4001849999999934
11
33.7954829999999973
21
-96.4001849999999934
0
LINE
8
BLACK
6
CONTINUOUS
10
33.7954829999999973
20
-96.4001849999999934
11
33.6032149999999987
21
-96.3619399999999899
0
LINE
8
BLACK
6
CONTINUOUS
10
33.6032149999999987
20
-96.3619399999999899
11
33.4221029999999999
21
-96.2869209999999924
0
LINE
8
BLACK
6
CONTINUOUS
10
33.4221029999999999
20
-96.2869209999999924
11
33.2591070000000002
21
-96.1780100000000004
0
LINE
8
BLACK
6
CONTINUOUS
10
33.2591070000000002
20
-96.1780100000000004
11
33.1204899999999967
21
-96.0393929999999898
0
LINE
8
BLACK
6
CONTINUOUS
10
33.1204899999999967
20
-96.0393929999999898
11
33.0115789999999976
21
-95.8763969999999972
0
LINE
8
BLACK
6
CONTINUOUS
10
33.0115789999999976
20
-95.8763969999999972
11
32.9365600000000001
21
-95.6952849999999984
0
LINE
8
BLACK
6
CONTINUOUS
10
32.9365600000000001
20
-95.6952849999999984
11
32.8983149999999966
21
-95.5030169999999998
0
LINE
8
BLACK
6
CONTINUOUS
10
32.8983149999999966
20
-95.5030169999999998
11
32.8983149999999966
21
-95.3069830000000024
0
LINE
8
BLACK
6
CONTINUOUS
10
32.8983149999999966
20
-95.3069830000000024
11
32.9365600000000001
21
-95.1147149999999897
0
LINE
8
BLACK
6
CONTINUOUS
10
32.9365600000000001
20
-95.1147149999999897
11
33.0115789999999976
21
-94.9336029999999909
0
LINE
8
BLACK
6
CONTINUOUS
10
33.0115789999999976
20
-94.9336029999999909
11
33.1204899999999967
21
-94.7706069999999983
0
LINE
8
BLACK
6
CONTINUOUS
10
33.1204899999999967
20
-94.7706069999999983
11
33.2591070000000002
21
-94.6319900000000018
0
LINE
8
BLACK
6
CONTINUOUS
10
33.2591070000000002
20
-94.6319900000000018
11
33.4221029999999999
21
-94.5230789999999956
0
LINE
8
BLACK
6
CONTINUOUS
10
33.4221029999999999
20
-94.5230789999999956
11
33.6032149999999987
21
-94.4480599999999981
0
LINE
8
BLACK
6
CONTINUOUS
10
33.6032149999999987
20
-94.4480599999999981
11
33.7954829999999973
21
-94.4098149999999947
0
LINE
8
BLACK
6
CONTINUOUS
10
33.7954829999999973
20
-94.4098149999999947
11
33.9915170000000018
21
-94.4098149999999947
0
LINE
8
BLACK
6
CONTINUOUS
10
33.9915170000000018
20
-94.4098149999999947
11
34.1500449999999987
21
-94.4413479999999907
0
LINE
8
BLACK
6
CONTINUOUS
10
34.1500449999999987
20
-94.4413479999999907
11
38.4589999999999961
21
-90.1323929999999933
0
LINE
8
BLACK
6
CONTINUOUS
10
38.4589999999999961
20
-90.1323929999999933
11
38.4589999999999961
21
-86.6749999999999972
0
LINE
8
BLACK
6
CONTINUOUS
10
38.4589999999999961
20
-86.6749999999999972
11
38.4589999999999961
21
-71.3482059999999905
0
LINE
8
BLACK
6
CONTINUOUS
10
38.4589999999999961
20
-71.3482059999999905
11
33.2057939999999974
21
-66.0949999999999989
0
LINE
8
BLACK
6
CONTINUOUS
10
33.2057939999999974
20
-66.0949999999999989
11
32.1111999999999966
21
-66.0949999999999989
0
LINE
8
BLACK
6
CONTINUOUS
10
32.1111999999999966
20
-66.0949999999999989
11
32.1111999999999966
21
-66.4449999999999932
0
LINE
8
BLACK
6
CONTINUOUS
10
32.1111999999999966
20
-66.4449999999999932
11
30.4111999999999973
21
-66.4449999999999932
0
LINE
8
BLACK
6
CONTINUOUS
10
30.4111999999999973
20
-66.4449999999999932
11
30.4111999999999973
21
-64.7449999999999903
0
LINE
8
BLACK
6
CONTINUOUS
10
30.4111999999999973
20
-64.7449999999999903
11
32.1111999999999966
21
-64.7449999999999903
0
LINE
8
BLACK
6
CONTINUOUS
10
32.1111999999999966
20
-64.7449999999999903
11
32.1111999999999966
21
-65.0949999999999989
0
LINE
8
BLACK
6
CONTINUOUS
10
97.0900339999999886
20
-81.996965000000003
11
97.1459669999999988
21
-82.0388370000000009
0
LINE
8
BLACK
6
CONTINUOUS
10
97.1459669999999988
20
-82.0388370000000009
11
97.1703839999999985
21
-82.1043009999999924
0
LINE
8
BLACK
6
CONTINUOUS
10
97.1703839999999985
20
-82.1043009999999924
11
97.1706999999999965
21
-82.1131469999999979
0
LINE
8
BLACK
6
CONTINUOUS
10
97.1706999999999965
20
-82.1131469999999979
11
97.1706999999999965
21
-82.5599599999999896
0
LINE
8
BLACK
6
CONTINUOUS
10
97.1706999999999965
20
-82.5599599999999896
11
97.1858299999999957
21
-82.6942489999999992
0
LINE
8
BLACK
6
CONTINUOUS
10
97.1858299999999957
20
-82.6942489999999992
11
97.1858309999999932
21
-82.6942540000000008
0
LINE
8
BLACK
6
CONTINUOUS
10
97.1858309999999932
20
-82.6942540000000008
11
97.2454109999999901
21
-82.8645229999999913
0
LINE
8
BLACK
6
CONTINUOUS
10
97.2454109999999901
20
-82.8645229999999913
11
97.3413839999999908
21
-83.0172620000000023
0
LINE
8
BLACK
6
CONTINUOUS
10
97.3413839999999908
20
-83.0172620000000023
11
97.3843809999999905
21
-83.0602590000000021
0
LINE
8
BLACK
6
CONTINUOUS
10
97.3843809999999905
20
-83.0602590000000021
11
97.4178659999999894
21
-83.1215819999999894
0
LINE
8
BLACK
6
CONTINUOUS
10
97.4178659999999894
20
-83.1215819999999894
11
97.4206999999999965
21
-83.1479399999999913
0
LINE
8
BLACK
6
CONTINUOUS
10
97.4206999999999965
20
-83.1479399999999913
11
97.4206999999999965
21
-83.9190509999999961
0
LINE
8
BLACK
6
CONTINUOUS
10
97.4206999999999965
20
-83.9190509999999961
11
97.4527219999999943
21
-84.1212309999999945
0
LINE
8
BLACK
6
CONTINUOUS
10
97.4527219999999943
20
-84.1212309999999945
11
97.4527219999999943
21
-84.1212329999999895
0
LINE
8
BLACK
6
CONTINUOUS
10
97.4527219999999943
20
-84.1212329999999895
11
97.4527229999999918
21
-84.1212349999999986
0
LINE
8
BLACK
6
CONTINUOUS
10
97.4527229999999918
20
-84.1212349999999986
11
97.4577230000000014
21
-84.1366230000000002
0
LINE
8
BLACK
6
CONTINUOUS
10
97.4577230000000014
20
-84.1366230000000002
11
97.515979999999999
21
-84.3159189999999938
0
LINE
8
BLACK
6
CONTINUOUS
10
97.515979999999999
20
-84.3159189999999938
11
97.5396349999999899
21
-84.3623439999999931
0
LINE
8
BLACK
6
CONTINUOUS
10
97.5396349999999899
20
-84.3623439999999931
11
97.6089130000000011
21
-84.4983110000000011
0
LINE
8
BLACK
6
CONTINUOUS
10
97.6089130000000011
20
-84.4983110000000011
11
97.7292339999999911
21
-84.6639189999999928
0
LINE
8
BLACK
6
CONTINUOUS
10
97.7292339999999911
20
-84.6639189999999928
11
97.7292349999999885
21
-84.6639199999999903
0
LINE
8
BLACK
6
CONTINUOUS
10
97.7292349999999885
20
-84.6639199999999903
11
97.7292360000000002
21
-84.663921000000002
0
LINE
8
BLACK
6
CONTINUOUS
10
97.7292360000000002
20
-84.663921000000002
11
101.7530079999999941
21
-88.6876919999999984
0
LINE
8
BLACK
6
CONTINUOUS
10
101.7530079999999941
20
-88.6876919999999984
11
101.7530220000000014
21
-88.687706999999989
0
LINE
8
BLACK
6
CONTINUOUS
10
101.7530220000000014
20
-88.687706999999989
11
101.7561329999999913
21
-88.690817999999993
0
LINE
8
BLACK
6
CONTINUOUS
10
101.7561329999999913
20
-88.690817999999993
11
101.7561339999999888
21
-88.6908189999999905
0
LINE
8
BLACK
6
CONTINUOUS
10
101.7561339999999888
20
-88.6908189999999905
11
101.9008809999999983
21
-88.835566
0
LINE
8
BLACK
6
CONTINUOUS
10
101.9008809999999983
20
-88.835566
11
101.9008839999999907
21
-88.835567999999995
0
LINE
8
BLACK
6
CONTINUOUS
10
101.9008839999999907
20
-88.835567999999995
11
101.9008879999999948
21
-88.8355719999999991
0
LINE
8
BLACK
6
CONTINUOUS
10
101.9008879999999948
20
-88.8355719999999991
11
102.0505649999999918
21
-88.9443179999999955
0
LINE
8
BLACK
6
CONTINUOUS
10
102.0505649999999918
20
-88.9443179999999955
11
102.064990999999992
21
-88.9547969999999992
0
LINE
8
BLACK
6
CONTINUOUS
10
102.064990999999992
20
-88.9547969999999992
11
102.0664900000000017
21
-88.9558869999999899
0
LINE
8
BLACK
6
CONTINUOUS
10
102.0664900000000017
20
-88.9558869999999899
11
102.15767799999999
21
-89.0023499999999927
0
LINE
8
BLACK
6
CONTINUOUS
10
102.15767799999999
20
-89.0023499999999927
11
102.2488809999999972
21
-89.0488209999999896
0
LINE
8
BLACK
6
CONTINUOUS
10
102.2488809999999972
20
-89.0488209999999896
11
102.2488839999999897
21
-89.0488220000000013
0
LINE
8
BLACK
6
CONTINUOUS
10
102.2488839999999897
20
-89.0488220000000013
11
102.4145029999999963
21
-89.1026339999999948
0
LINE
8
BLACK
6
CONTINUOUS
10
102.4145029999999963
20
-89.1026339999999948
11
102.4435659999999899
21
-89.1120769999999993
0
LINE
8
BLACK
6
CONTINUOUS
10
102.4435659999999899
20
-89.1120769999999993
11
102.6457479999999975
21
-89.1440999999999946
0
LINE
8
BLACK
6
CONTINUOUS
10
102.6457479999999975
20
-89.1440999999999946
11
102.645748999999995
21
-89.1440999999999946
0
LINE
8
BLACK
6
CONTINUOUS
10
102.645748999999995
20
-89.1440999999999946
11
102.85045199999999
21
-89.1440999999999946
0
LINE
8
BLACK
6
CONTINUOUS
10
102.85045199999999
20
-89.1440999999999946
11
104.443799999999996
21
-89.1440999999999946
0
LINE
8
BLACK
6
CONTINUOUS
10
104.443799999999996
20
-89.1440999999999946
11
104.5108389999999901
21
-89.1637849999999901
0
LINE
8
BLACK
6
CONTINUOUS
10
104.5108389999999901
20
-89.1637849999999901
11
104.5565939999999898
21
-89.216588999999999
0
LINE
8
BLACK
6
CONTINUOUS
10
104.5565939999999898
20
-89.216588999999999
11
104.5677999999999912
21
-89.2680999999999898
0
LINE
8
BLACK
6
CONTINUOUS
10
104.5677999999999912
20
-89.2680999999999898
11
104.5677999999999912
21
-97.8173499999999905
0
LINE
8
BLACK
6
CONTINUOUS
10
104.5677999999999912
20
-97.8173499999999905
11
104.5481149999999957
21
-97.8843889999999988
0
LINE
8
BLACK
6
CONTINUOUS
10
104.5481149999999957
20
-97.8843889999999988
11
104.4953110000000009
21
-97.9301439999999985
0
LINE
8
BLACK
6
CONTINUOUS
10
104.4953110000000009
20
-97.9301439999999985
11
104.4261529999999993
21
-97.9400879999999887
0
LINE
8
BLACK
6
CONTINUOUS
10
104.4261529999999993
20
-97.9400879999999887
11
104.3875079999999969
21
-97.9278359999999992
0
LINE
8
BLACK
6
CONTINUOUS
10
104.3875079999999969
20
-97.9278359999999992
11
104.3755859999999984
21
-97.9217620000000011
0
LINE
8
BLACK
6
CONTINUOUS
10
104.3755859999999984
20
-97.9217620000000011
11
104.3755819999999943
21
-97.9217609999999894
0
LINE
8
BLACK
6
CONTINUOUS
10
104.3755819999999943
20
-97.9217609999999894
11
104.3755790000000019
21
-97.9217589999999944
0
LINE
8
BLACK
6
CONTINUOUS
10
104.3755790000000019
20
-97.9217589999999944
11
104.1359849999999909
21
-97.8439099999999939
0
LINE
8
BLACK
6
CONTINUOUS
10
104.1359849999999909
20
-97.8439099999999939
11
103.8871619999999893
21
-97.8044999999999902
0
LINE
8
BLACK
6
CONTINUOUS
10
103.8871619999999893
20
-97.8044999999999902
11
103.6352380000000011
21
-97.8044999999999902
0
LINE
8
BLACK
6
CONTINUOUS
10
103.6352380000000011
20
-97.8044999999999902
11
103.5541070000000019
21
-97.8173499999999905
0
LINE
8
BLACK
6
CONTINUOUS
10
103.5541070000000019
20
-97.8173499999999905
11
103.386414000000002
21
-97.8439099999999939
0
LINE
8
BLACK
6
CONTINUOUS
10
103.386414000000002
20
-97.8439099999999939
11
103.1468160000000012
21
-97.9217599999999919
0
LINE
8
BLACK
6
CONTINUOUS
10
103.1468160000000012
20
-97.9217599999999919
11
102.9223509999999919
21
-98.0361319999999949
0
LINE
8
BLACK
6
CONTINUOUS
10
102.9223509999999919
20
-98.0361319999999949
11
102.7185499999999934
21
-98.1842010000000016
0
LINE
8
BLACK
6
CONTINUOUS
10
102.7185499999999934
20
-98.1842010000000016
11
102.7185449999999918
21
-98.1842049999999915
0
LINE
8
BLACK
6
CONTINUOUS
10
102.7185449999999918
20
-98.1842049999999915
11
102.5404049999999927
21
-98.3623449999999906
0
LINE
8
BLACK
6
CONTINUOUS
10
102.5404049999999927
20
-98.3623449999999906
11
102.5404009999999886
21
-98.3623499999999922
0
LINE
8
BLACK
6
CONTINUOUS
10
102.5404009999999886
20
-98.3623499999999922
11
102.3923319999999961
21
-98.5661509999999907
0
LINE
8
BLACK
6
CONTINUOUS
10
102.3923319999999961
20
-98.5661509999999907
11
102.2779599999999931
21
-98.7906179999999949
0
LINE
8
BLACK
6
CONTINUOUS
10
102.2779599999999931
20
-98.7906179999999949
11
102.2001089999999976
21
-99.0302169999999933
0
LINE
8
BLACK
6
CONTINUOUS
10
102.2001089999999976
20
-99.0302169999999933
11
102.1882149999999996
21
-99.1053089999999912
0
LINE
8
BLACK
6
CONTINUOUS
10
102.1882149999999996
20
-99.1053089999999912
11
102.1582849999999922
21
-99.1684429999999963
0
LINE
8
BLACK
6
CONTINUOUS
10
102.1582849999999922
20
-99.1684429999999963
11
102.1534229999999894
21
-99.1735899999999901
0
LINE
8
BLACK
6
CONTINUOUS
10
102.1534229999999894
20
-99.1735899999999901
11
101.1302340000000015
21
-100.1967810000000014
0
LINE
8
BLACK
6
CONTINUOUS
10
101.1302340000000015
20
-100.1967810000000014
11
101.0689109999999999
21
-100.2302660000000003
0
LINE
8
BLACK
6
CONTINUOUS
10
101.0689109999999999
20
-100.2302660000000003
11
101.0425529999999981
21
-100.2330999999999932
0
LINE
8
BLACK
6
CONTINUOUS
10
101.0425529999999981
20
-100.2330999999999932
11
100.337894999999989
21
-100.2330999999999932
0
LINE
8
BLACK
6
CONTINUOUS
10
100.337894999999989
20
-100.2330999999999932
11
100.2708559999999949
21
-100.2134149999999977
0
LINE
8
BLACK
6
CONTINUOUS
10
100.2708559999999949
20
-100.2134149999999977
11
100.2251009999999951
21
-100.1606109999999887
0
LINE
8
BLACK
6
CONTINUOUS
10
100.2251009999999951
20
-100.1606109999999887
11
100.2151569999999907
21
-100.0914530000000013
0
LINE
8
BLACK
6
CONTINUOUS
10
100.2151569999999907
20
-100.0914530000000013
11
100.2274099999999919
21
-100.0528059999999897
0
LINE
8
BLACK
6
CONTINUOUS
10
100.2274099999999919
20
-100.0528059999999897
11
100.2444380000000024
21
-100.0193859999999972
0
LINE
8
BLACK
6
CONTINUOUS
10
100.2444380000000024
20
-100.0193859999999972
11
100.2444380000000024
21
-100.0193819999999931
0
LINE
8
BLACK
6
CONTINUOUS
10
100.2444380000000024
20
-100.0193819999999931
11
100.2444409999999948
21
-100.0193790000000007
0
LINE
8
BLACK
6
CONTINUOUS
10
100.2444409999999948
20
-100.0193790000000007
11
100.3222899999999953
21
-99.7797849999999897
0
LINE
8
BLACK
6
CONTINUOUS
10
100.3222899999999953
20
-99.7797849999999897
11
100.361699999999999
21
-99.5309620000000024
0
LINE
8
BLACK
6
CONTINUOUS
10
100.361699999999999
20
-99.5309620000000024
11
100.361699999999999
21
-99.2790379999999999
0
LINE
8
BLACK
6
CONTINUOUS
10
100.361699999999999
20
-99.2790379999999999
11
100.3222899999999953
21
-99.0302149999999983
0
LINE
8
BLACK
6
CONTINUOUS
10
100.3222899999999953
20
-99.0302149999999983
11
100.2444409999999948
21
-98.7906210000000016
0
LINE
8
BLACK
6
CONTINUOUS
10
100.2444409999999948
20
-98.7906210000000016
11
100.2444389999999999
21
-98.7906179999999949
0
LINE
8
BLACK
6
CONTINUOUS
10
100.2444389999999999
20
-98.7906179999999949
11
100.2444389999999999
21
-98.790616
0
LINE
8
BLACK
6
CONTINUOUS
10
100.2444389999999999
20
-98.790616
11
100.2029469999999947
21
-98.7091839999999934
0
LINE
8
BLACK
6
CONTINUOUS
10
100.2029469999999947
20
-98.7091839999999934
11
100.1300699999999892
21
-98.5661549999999949
0
LINE
8
BLACK
6
CONTINUOUS
10
100.1300699999999892
20
-98.5661549999999949
11
100.1111519999999899
21
-98.5401169999999951
0
LINE
8
BLACK
6
CONTINUOUS
10
100.1111519999999899
20
-98.5401169999999951
11
99.9819979999999902
21
-98.3623499999999922
0
LINE
8
BLACK
6
CONTINUOUS
10
99.9819979999999902
20
-98.3623499999999922
11
99.9819940000000003
21
-98.3623449999999906
0
LINE
8
BLACK
6
CONTINUOUS
10
99.9819940000000003
20
-98.3623449999999906
11
99.8038540000000012
21
-98.1842049999999915
0
LINE
8
BLACK
6
CONTINUOUS
10
99.8038540000000012
20
-98.1842049999999915
11
99.8038489999999996
21
-98.1842010000000016
0
LINE
8
BLACK
6
CONTINUOUS
10
99.8038489999999996
20
-98.1842010000000016
11
99.600048000000001
21
-98.0361319999999949
0
LINE
8
BLACK
6
CONTINUOUS
10
99.600048000000001
20
-98.0361319999999949
11
99.6000469999999893
21
-98.0361309999999975
0
LINE
8
BLACK
6
CONTINUOUS
10
99.6000469999999893
20
-98.0361309999999975
11
99.6000449999999944
21
-98.03613
0
LINE
8
BLACK
6
CONTINUOUS
10
99.6000449999999944
20
-98.03613
11
99.3755790000000019
21
-97.9217589999999944
0
LINE
8
BLACK
6
CONTINUOUS
10
99.3755790000000019
20
-97.9217589999999944
11
99.1359849999999909
21
-97.8439099999999939
0
LINE
8
BLACK
6
CONTINUOUS
10
99.1359849999999909
20
-97.8439099999999939
11
99.135982999999996
21
-97.8439089999999965
0
LINE
8
BLACK
6
CONTINUOUS
10
99.135982999999996
20
-97.8439089999999965
11
99.0608889999999889
21
-97.8320149999999984
0
LINE
8
BLACK
6
CONTINUOUS
10
99.0608889999999889
20
-97.8320149999999984
11
98.9977540000000005
21
-97.8020849999999911
0
LINE
8
BLACK
6
CONTINUOUS
10
98.9977540000000005
20
-97.8020849999999911
11
98.9926069999999925
21
-97.7972230000000025
0
LINE
8
BLACK
6
CONTINUOUS
10
98.9926069999999925
20
-97.7972230000000025
11
90.7430189999999897
21
-89.5476340000000022
0
LINE
8
BLACK
6
CONTINUOUS
10
90.7430189999999897
20
-89.5476340000000022
11
90.7095339999999908
21
-89.4863110000000006
0
LINE
8
BLACK
6
CONTINUOUS
10
90.7095339999999908
20
-89.4863110000000006
11
90.7066999999999979
21
-89.4599529999999987
0
LINE
8
BLACK
6
CONTINUOUS
10
90.7066999999999979
20
-89.4599529999999987
11
90.7066999999999979
21
-88.3291469999999919
0
LINE
8
BLACK
6
CONTINUOUS
10
90.7066999999999979
20
-88.3291469999999919
11
90.7263849999999934
21
-88.2621079999999978
0
LINE
8
BLACK
6
CONTINUOUS
10
90.7263849999999934
20
-88.2621079999999978
11
90.7430189999999897
21
-88.2414660000000026
0
LINE
8
BLACK
6
CONTINUOUS
10
90.7430189999999897
20
-88.2414660000000026
11
96.9590189999999978
21
-82.0254659999999944
0
LINE
8
BLACK
6
CONTINUOUS
10
96.9590189999999978
20
-82.0254659999999944
11
97.0203419999999994
21
-81.9919809999999956
0
LINE
8
BLACK
6
CONTINUOUS
10
97.0203419999999994
20
-81.9919809999999956
11
97.0900339999999886
21
-81.996965000000003
0
LINE
8
BLACK
6
CONTINUOUS
10
109.6834279999999922
20
-76.6394480000000016
11
109.8283169999999984
21
-76.6994629999999944
0
LINE
8
BLACK
6
CONTINUOUS
10
109.8283169999999984
20
-76.6994629999999944
11
109.958714999999998
21
-76.7865919999999988
0
LINE
8
BLACK
6
CONTINUOUS
10
109.958714999999998
20
-76.7865919999999988
11
110.0696079999999881
21
-76.8974850000000032
0
LINE
8
BLACK
6
CONTINUOUS
10
110.0696079999999881
20
-76.8974850000000032
11
110.1567369999999926
21
-77.0278830000000028
0
LINE
8
BLACK
6
CONTINUOUS
10
110.1567369999999926
20
-77.0278830000000028
11
110.2167519999999996
21
-77.1727719999999948
0
LINE
8
BLACK
6
CONTINUOUS
10
110.2167519999999996
20
-77.1727719999999948
11
110.2473479999999881
21
-77.3265859999999918
0
LINE
8
BLACK
6
CONTINUOUS
10
110.2473479999999881
20
-77.3265859999999918
11
110.2473479999999881
21
-77.4834139999999962
0
LINE
8
BLACK
6
CONTINUOUS
10
110.2473479999999881
20
-77.4834139999999962
11
110.2167519999999996
21
-77.6372279999999932
0
LINE
8
BLACK
6
CONTINUOUS
10
110.2167519999999996
20
-77.6372279999999932
11
110.1567369999999926
21
-77.7821169999999995
0
LINE
8
BLACK
6
CONTINUOUS
10
110.1567369999999926
20
-77.7821169999999995
11
110.0696079999999881
21
-77.9125149999999991
0
LINE
8
BLACK
6
CONTINUOUS
10
110.0696079999999881
20
-77.9125149999999991
11
109.958714999999998
21
-78.0234080000000034
0
LINE
8
BLACK
6
CONTINUOUS
10
109.958714999999998
20
-78.0234080000000034
11
109.8283169999999984
21
-78.1105369999999937
0
LINE
8
BLACK
6
CONTINUOUS
10
109.8283169999999984
20
-78.1105369999999937
11
109.6834279999999922
21
-78.1705520000000007
0
LINE
8
BLACK
6
CONTINUOUS
10
109.6834279999999922
20
-78.1705520000000007
11
109.5296139999999951
21
-78.2011480000000034
0
LINE
8
BLACK
6
CONTINUOUS
10
109.5296139999999951
20
-78.2011480000000034
11
109.3727859999999907
21
-78.2011480000000034
0
LINE
8
BLACK
6
CONTINUOUS
10
109.3727859999999907
20
-78.2011480000000034
11
109.2189719999999937
21
-78.1705520000000007
0
LINE
8
BLACK
6
CONTINUOUS
10
109.2189719999999937
20
-78.1705520000000007
11
109.0740830000000017
21
-78.1105369999999937
0
LINE
8
BLACK
6
CONTINUOUS
10
109.0740830000000017
20
-78.1105369999999937
11
108.9436850000000021
21
-78.0234080000000034
0
LINE
8
BLACK
6
CONTINUOUS
10
108.9436850000000021
20
-78.0234080000000034
11
108.8327919999999978
21
-77.9125149999999991
0
LINE
8
BLACK
6
CONTINUOUS
10
108.8327919999999978
20
-77.9125149999999991
11
108.8277709999999985
21
-77.9050000000000011
0
LINE
8
BLACK
6
CONTINUOUS
10
108.8277709999999985
20
-77.9050000000000011
11
105.4102060000000023
21
-77.9050000000000011
0
LINE
8
BLACK
6
CONTINUOUS
10
105.4102060000000023
20
-77.9050000000000011
11
101.9150750000000016
21
-81.4001299999999901
0
LINE
8
BLACK
6
CONTINUOUS
10
101.9150750000000016
20
-81.4001299999999901
11
101.9226409999999987
21
-81.411451999999997
0
LINE
8
BLACK
6
CONTINUOUS
10
101.9226409999999987
20
-81.411451999999997
11
101.9789049999999975
21
-81.5472859999999997
0
LINE
8
BLACK
6
CONTINUOUS
10
101.9789049999999975
20
-81.5472859999999997
11
102.0075889999999958
21
-81.6914869999999951
0
LINE
8
BLACK
6
CONTINUOUS
10
102.0075889999999958
20
-81.6914869999999951
11
102.0075889999999958
21
-81.8385129999999918
0
LINE
8
BLACK
6
CONTINUOUS
10
102.0075889999999958
20
-81.8385129999999918
11
101.9789049999999975
21
-81.9827140000000014
0
LINE
8
BLACK
6
CONTINUOUS
10
101.9789049999999975
20
-81.9827140000000014
11
101.9226409999999987
21
-82.1185479999999899
0
LINE
8
BLACK
6
CONTINUOUS
10
101.9226409999999987
20
-82.1185479999999899
11
101.8409580000000005
21
-82.2407949999999914
0
LINE
8
BLACK
6
CONTINUOUS
10
101.8409580000000005
20
-82.2407949999999914
11
101.7369949999999932
21
-82.3447579999999988
0
LINE
8
BLACK
6
CONTINUOUS
10
101.7369949999999932
20
-82.3447579999999988
11
101.6147479999999916
21
-82.426440999999997
0
LINE
8
BLACK
6
CONTINUOUS
10
101.6147479999999916
20
-82.426440999999997
11
101.478913999999989
21
-82.4827049999999957
0
LINE
8
BLACK
6
CONTINUOUS
10
101.478913999999989
20
-82.4827049999999957
11
101.3347129999999936
21
-82.5113889999999941
0
LINE
8
BLACK
6
CONTINUOUS
10
101.3347129999999936
20
-82.5113889999999941
11
101.1876869999999968
21
-82.5113889999999941
0
LINE
8
BLACK
6
CONTINUOUS
10
101.1876869999999968
20
-82.5113889999999941
11
101.0434860000000015
21
-82.4827049999999957
0
LINE
8
BLACK
6
CONTINUOUS
10
101.0434860000000015
20
-82.4827049999999957
11
100.9076519999999988
21
-82.426440999999997
0
LINE
8
BLACK
6
CONTINUOUS
10
100.9076519999999988
20
-82.426440999999997
11
100.7854049999999972
21
-82.3447579999999988
0
LINE
8
BLACK
6
CONTINUOUS
10
100.7854049999999972
20
-82.3447579999999988
11
100.6814419999999899
21
-82.2407949999999914
0
LINE
8
BLACK
6
CONTINUOUS
10
100.6814419999999899
20
-82.2407949999999914
11
100.5997589999999917
21
-82.1185479999999899
0
LINE
8
BLACK
6
CONTINUOUS
10
100.5997589999999917
20
-82.1185479999999899
11
100.543494999999993
21
-81.9827140000000014
0
LINE
8
BLACK
6
CONTINUOUS
10
100.543494999999993
20
-81.9827140000000014
11
100.5148109999999946
21
-81.8385129999999918
0
LINE
8
BLACK
6
CONTINUOUS
10
100.5148109999999946
20
-81.8385129999999918
11
100.5148109999999946
21
-81.6914869999999951
0
LINE
8
BLACK
6
CONTINUOUS
10
100.5148109999999946
20
-81.6914869999999951
11
100.543494999999993
21
-81.5472859999999997
0
LINE
8
BLACK
6
CONTINUOUS
10
100.543494999999993
20
-81.5472859999999997
11
100.5997589999999917
21
-81.411451999999997
0
LINE
8
BLACK
6
CONTINUOUS
10
100.5997589999999917
20
-81.411451999999997
11
100.6814419999999899
21
-81.2892049999999955
0
LINE
8
BLACK
6
CONTINUOUS
10
100.6814419999999899
20
-81.2892049999999955
11
100.7854049999999972
21
-81.1852420000000023
0
LINE
8
BLACK
6
CONTINUOUS
10
100.7854049999999972
20
-81.1852420000000023
11
100.7925929999999966
21
-81.1804389999999927
0
LINE
8
BLACK
6
CONTINUOUS
10
100.7925929999999966
20
-81.1804389999999927
11
100.7932349999999957
21
-81.1780419999999907
0
LINE
8
BLACK
6
CONTINUOUS
10
100.7932349999999957
20
-81.1780419999999907
11
99.8284939999999921
21
-80.2132999999999896
0
LINE
8
BLACK
6
CONTINUOUS
10
99.8284939999999921
20
-80.2132999999999896
11
97.6391069999999957
21
-80.2132999999999896
0
LINE
8
BLACK
6
CONTINUOUS
10
97.6391069999999957
20
-80.2132999999999896
11
89.9061999999999983
21
-87.9462059999999894
0
LINE
8
BLACK
6
CONTINUOUS
10
89.9061999999999983
20
-87.9462059999999894
11
89.9061999999999983
21
-89.2149999999999892
0
LINE
8
BLACK
6
CONTINUOUS
10
89.9061999999999983
20
-89.2149999999999892
11
89.9061999999999983
21
-89.8428940000000011
0
LINE
8
BLACK
6
CONTINUOUS
10
89.9061999999999983
20
-89.8428940000000011
11
98.6739209999999929
21
-98.6106149999999957
0
LINE
8
BLACK
6
CONTINUOUS
10
98.6739209999999929
20
-98.6106149999999957
11
98.682785999999993
21
-98.6088519999999988
0
LINE
8
BLACK
6
CONTINUOUS
10
98.682785999999993
20
-98.6088519999999988
11
98.8396139999999974
21
-98.6088519999999988
0
LINE
8
BLACK
6
CONTINUOUS
10
98.8396139999999974
20
-98.6088519999999988
11
98.9934279999999944
21
-98.6394480000000016
0
LINE
8
BLACK
6
CONTINUOUS
10
98.9934279999999944
20
-98.6394480000000016
11
99.1383170000000007
21
-98.6994629999999944
0
LINE
8
BLACK
6
CONTINUOUS
10
99.1383170000000007
20
-98.6994629999999944
11
99.2687150000000003
21
-98.7865919999999988
0
LINE
8
BLACK
6
CONTINUOUS
10
99.2687150000000003
20
-98.7865919999999988
11
99.3796079999999904
21
-98.897484999999989
0
LINE
8
BLACK
6
CONTINUOUS
10
99.3796079999999904
20
-98.897484999999989
11
99.4667369999999949
21
-99.0278829999999886
0
LINE
8
BLACK
6
CONTINUOUS
10
99.4667369999999949
20
-99.0278829999999886
11
99.5267520000000019
21
-99.1727719999999948
0
LINE
8
BLACK
6
CONTINUOUS
10
99.5267520000000019
20
-99.1727719999999948
11
99.5573479999999904
21
-99.3265859999999918
0
LINE
8
BLACK
6
CONTINUOUS
10
99.5573479999999904
20
-99.3265859999999918
11
99.5573479999999904
21
-99.4834139999999962
0
LINE
8
BLACK
6
CONTINUOUS
10
99.5573479999999904
20
-99.4834139999999962
11
99.5267520000000019
21
-99.6372279999999932
0
LINE
8
BLACK
6
CONTINUOUS
10
99.5267520000000019
20
-99.6372279999999932
11
99.4667369999999949
21
-99.7821169999999995
0
LINE
8
BLACK
6
CONTINUOUS
10
99.4667369999999949
20
-99.7821169999999995
11
99.3796079999999904
21
-99.9125149999999991
0
LINE
8
BLACK
6
CONTINUOUS
10
99.3796079999999904
20
-99.9125149999999991
11
99.2687150000000003
21
-100.0234079999999892
0
LINE
8
BLACK
6
CONTINUOUS
10
99.2687150000000003
20
-100.0234079999999892
11
99.1383170000000007
21
-100.1105369999999937
0
LINE
8
BLACK
6
CONTINUOUS
10
99.1383170000000007
20
-100.1105369999999937
11
98.9934279999999944
21
-100.1705520000000007
0
LINE
8
BLACK
6
CONTINUOUS
10
98.9934279999999944
20
-100.1705520000000007
11
98.8396139999999974
21
-100.2011479999999892
0
LINE
8
BLACK
6
CONTINUOUS
10
98.8396139999999974
20
-100.2011479999999892
11
98.682785999999993
21
-100.2011479999999892
0
LINE
8
BLACK
6
CONTINUOUS
10
98.682785999999993
20
-100.2011479999999892
11
98.528971999999996
21
-100.1705520000000007
0
LINE
8
BLACK
6
CONTINUOUS
10
98.528971999999996
20
-100.1705520000000007
11
98.3840829999999897
21
-100.1105369999999937
0
LINE
8
BLACK
6
CONTINUOUS
10
98.3840829999999897
20
-100.1105369999999937
11
98.2536849999999902
21
-100.0234079999999892
0
LINE
8
BLACK
6
CONTINUOUS
10
98.2536849999999902
20
-100.0234079999999892
11
98.142792
21
-99.9125149999999991
0
LINE
8
BLACK
6
CONTINUOUS
10
98.142792
20
-99.9125149999999991
11
98.0556629999999956
21
-99.7821169999999995
0
LINE
8
BLACK
6
CONTINUOUS
10
98.0556629999999956
20
-99.7821169999999995
11
97.9956479999999885
21
-99.6372279999999932
0
LINE
8
BLACK
6
CONTINUOUS
10
97.9956479999999885
20
-99.6372279999999932
11
97.965052
21
-99.4834139999999962
0
LINE
8
BLACK
6
CONTINUOUS
10
97.965052
20
-99.4834139999999962
11
97.965052
21
-99.3265859999999918
0
LINE
8
BLACK
6
CONTINUOUS
10
97.965052
20
-99.3265859999999918
11
97.9668149999999969
21
-99.3177209999999917
0
LINE
8
BLACK
6
CONTINUOUS
10
97.9668149999999969
20
-99.3177209999999917
11
89.0526469999999932
21
-90.4035530000000023
0
LINE
8
BLACK
6
CONTINUOUS
10
89.0526469999999932
20
-90.4035530000000023
11
89.0095379999999921
21
-90.3543959999999942
0
LINE
8
BLACK
6
CONTINUOUS
10
89.0095379999999921
20
-90.3543959999999942
11
89.0095230000000015
21
-90.3543809999999894
0
LINE
8
BLACK
6
CONTINUOUS
10
89.0095230000000015
20
-90.3543809999999894
11
88.9442599999999999
21
-90.2413419999999888
0
LINE
8
BLACK
6
CONTINUOUS
10
88.9442599999999999
20
-90.2413419999999888
11
88.9224279999999965
21
-90.1598630000000014
0
LINE
8
BLACK
6
CONTINUOUS
10
88.9224279999999965
20
-90.1598630000000014
11
88.9104770000000002
21
-90.1152629999999988
0
LINE
8
BLACK
6
CONTINUOUS
10
88.9104770000000002
20
-90.1152629999999988
11
88.9104770000000002
21
-90.1152469999999965
0
LINE
8
BLACK
6
CONTINUOUS
10
88.9104770000000002
20
-90.1152469999999965
11
88.9061999999999983
21
-90.0499999999999972
0
LINE
8
BLACK
6
CONTINUOUS
10
88.9061999999999983
20
-90.0499999999999972
11
88.9061999999999983
21
-89.7149999999999892
0
LINE
8
BLACK
6
CONTINUOUS
10
88.9061999999999983
20
-89.7149999999999892
11
84.3694739999999967
21
-89.7149999999999892
0
LINE
8
BLACK
6
CONTINUOUS
10
84.3694739999999967
20
-89.7149999999999892
11
84.3432589999999891
21
-89.7542339999999967
0
LINE
8
BLACK
6
CONTINUOUS
10
84.3432589999999891
20
-89.7542339999999967
11
84.2254339999999928
21
-89.872058999999993
0
LINE
8
BLACK
6
CONTINUOUS
10
84.2254339999999928
20
-89.872058999999993
11
84.0868869999999902
21
-89.9646329999999921
0
LINE
8
BLACK
6
CONTINUOUS
10
84.0868869999999902
20
-89.9646329999999921
11
83.9329419999999971
21
-90.0283989999999932
0
LINE
8
BLACK
6
CONTINUOUS
10
83.9329419999999971
20
-90.0283989999999932
11
83.7695149999999984
21
-90.0609070000000003
0
LINE
8
BLACK
6
CONTINUOUS
10
83.7695149999999984
20
-90.0609070000000003
11
83.6028850000000006
21
-90.0609070000000003
0
LINE
8
BLACK
6
CONTINUOUS
10
83.6028850000000006
20
-90.0609070000000003
11
83.4394580000000019
21
-90.0283989999999932
0
LINE
8
BLACK
6
CONTINUOUS
10
83.4394580000000019
20
-90.0283989999999932
11
83.2855129999999946
21
-89.9646329999999921
0
LINE
8
BLACK
6
CONTINUOUS
10
83.2855129999999946
20
-89.9646329999999921
11
83.1469659999999919
21
-89.872058999999993
0
LINE
8
BLACK
6
CONTINUOUS
10
83.1469659999999919
20
-89.872058999999993
11
83.0291409999999956
21
-89.7542339999999967
0
LINE
8
BLACK
6
CONTINUOUS
10
83.0291409999999956
20
-89.7542339999999967
11
82.9365669999999966
21
-89.6156869999999941
0
LINE
8
BLACK
6
CONTINUOUS
10
82.9365669999999966
20
-89.6156869999999941
11
82.8728009999999955
21
-89.461742000000001
0
LINE
8
BLACK
6
CONTINUOUS
10
82.8728009999999955
20
-89.461742000000001
11
82.8402930000000026
21
-89.2983150000000023
0
LINE
8
BLACK
6
CONTINUOUS
10
82.8402930000000026
20
-89.2983150000000023
11
82.8402930000000026
21
-89.1316849999999903
0
LINE
8
BLACK
6
CONTINUOUS
10
82.8402930000000026
20
-89.1316849999999903
11
82.8728009999999955
21
-88.9682579999999916
0
LINE
8
BLACK
6
CONTINUOUS
10
82.8728009999999955
20
-88.9682579999999916
11
82.9365669999999966
21
-88.8143129999999985
0
LINE
8
BLACK
6
CONTINUOUS
10
82.9365669999999966
20
-88.8143129999999985
11
83.0291409999999956
21
-88.6757659999999959
0
LINE
8
BLACK
6
CONTINUOUS
10
83.0291409999999956
20
-88.6757659999999959
11
83.1469659999999919
21
-88.5579409999999996
0
LINE
8
BLACK
6
CONTINUOUS
10
83.1469659999999919
20
-88.5579409999999996
11
83.2855129999999946
21
-88.4653670000000005
0
LINE
8
BLACK
6
CONTINUOUS
10
83.2855129999999946
20
-88.4653670000000005
11
83.4394580000000019
21
-88.4016009999999994
0
LINE
8
BLACK
6
CONTINUOUS
10
83.4394580000000019
20
-88.4016009999999994
11
83.6028850000000006
21
-88.3690929999999923
0
LINE
8
BLACK
6
CONTINUOUS
10
83.6028850000000006
20
-88.3690929999999923
11
83.7695149999999984
21
-88.3690929999999923
0
LINE
8
BLACK
6
CONTINUOUS
10
83.7695149999999984
20
-88.3690929999999923
11
83.9329419999999971
21
-88.4016009999999994
0
LINE
8
BLACK
6
CONTINUOUS
10
83.9329419999999971
20
-88.4016009999999994
11
84.0868869999999902
21
-88.4653670000000005
0
LINE
8
BLACK
6
CONTINUOUS
10
84.0868869999999902
20
-88.4653670000000005
11
84.2254339999999928
21
-88.5579409999999996
0
LINE
8
BLACK
6
CONTINUOUS
10
84.2254339999999928
20
-88.5579409999999996
11
84.3432589999999891
21
-88.6757659999999959
0
LINE
8
BLACK
6
CONTINUOUS
10
84.3432589999999891
20
-88.6757659999999959
11
84.3694739999999967
21
-88.7149999999999892
0
LINE
8
BLACK
6
CONTINUOUS
10
84.3694739999999967
20
-88.7149999999999892
11
88.9061999999999983
21
-88.7149999999999892
0
LINE
8
BLACK
6
CONTINUOUS
10
88.9061999999999983
20
-88.7149999999999892
11
88.9061999999999983
21
-87.7390999999999934
0
LINE
8
BLACK
6
CONTINUOUS
10
88.9061999999999983
20
-87.7390999999999934
11
88.9104770000000002
21
-87.6738519999999966
0
LINE
8
BLACK
6
CONTINUOUS
10
88.9104770000000002
20
-87.6738519999999966
11
88.9104770000000002
21
-87.6738369999999918
0
LINE
8
BLACK
6
CONTINUOUS
10
88.9104770000000002
20
-87.6738369999999918
11
88.9442599999999999
21
-87.5477580000000017
0
LINE
8
BLACK
6
CONTINUOUS
10
88.9442599999999999
20
-87.5477580000000017
11
88.9487099999999913
21
-87.5400509999999912
0
LINE
8
BLACK
6
CONTINUOUS
10
88.9487099999999913
20
-87.5400509999999912
11
89.0095230000000015
21
-87.4347190000000012
0
LINE
8
BLACK
6
CONTINUOUS
10
89.0095230000000015
20
-87.4347190000000012
11
89.0095379999999921
21
-87.434702999999999
0
LINE
8
BLACK
6
CONTINUOUS
10
89.0095379999999921
20
-87.434702999999999
11
89.0526469999999932
21
-87.3855470000000025
0
LINE
8
BLACK
6
CONTINUOUS
10
89.0526469999999932
20
-87.3855470000000025
11
97.0784459999999996
21
-79.3597469999999987
0
LINE
8
BLACK
6
CONTINUOUS
10
97.0784459999999996
20
-79.3597469999999987
11
97.12760999999999
21
-79.316631000000001
0
LINE
8
BLACK
6
CONTINUOUS
10
97.12760999999999
20
-79.316631000000001
11
97.1276189999999957
21
-79.3166229999999928
0
LINE
8
BLACK
6
CONTINUOUS
10
97.1276189999999957
20
-79.3166229999999928
11
97.2406579999999963
21
-79.2513599999999911
0
LINE
8
BLACK
6
CONTINUOUS
10
97.2406579999999963
20
-79.2513599999999911
11
97.3667370000000005
21
-79.2175769999999915
0
LINE
8
BLACK
6
CONTINUOUS
10
97.3667370000000005
20
-79.2175769999999915
11
97.3667519999999911
21
-79.2175769999999915
0
LINE
8
BLACK
6
CONTINUOUS
10
97.3667519999999911
20
-79.2175769999999915
11
97.4320000000000022
21
-79.2132999999999896
0
LINE
8
BLACK
6
CONTINUOUS
10
97.4320000000000022
20
-79.2132999999999896
11
100.0356000000000023
21
-79.2132999999999896
0
LINE
8
BLACK
6
CONTINUOUS
10
100.0356000000000023
20
-79.2132999999999896
11
100.1008479999999992
21
-79.2175769999999915
0
LINE
8
BLACK
6
CONTINUOUS
10
100.1008479999999992
20
-79.2175769999999915
11
100.1008629999999897
21
-79.2175769999999915
0
LINE
8
BLACK
6
CONTINUOUS
10
100.1008629999999897
20
-79.2175769999999915
11
100.226941999999994
21
-79.2513599999999911
0
LINE
8
BLACK
6
CONTINUOUS
10
100.226941999999994
20
-79.2513599999999911
11
100.3399809999999945
21
-79.3166229999999928
0
LINE
8
BLACK
6
CONTINUOUS
10
100.3399809999999945
20
-79.3166229999999928
11
100.3399959999999993
21
-79.3166379999999975
0
LINE
8
BLACK
6
CONTINUOUS
10
100.3399959999999993
20
-79.3166379999999975
11
100.3891529999999932
21
-79.3597469999999987
0
LINE
8
BLACK
6
CONTINUOUS
10
100.3891529999999932
20
-79.3597469999999987
11
101.4651999999999958
21
-80.4357929999999897
0
LINE
8
BLACK
6
CONTINUOUS
10
101.4651999999999958
20
-80.4357929999999897
11
104.8495470000000012
21
-77.051446999999996
0
LINE
8
BLACK
6
CONTINUOUS
10
104.8495470000000012
20
-77.051446999999996
11
104.8987029999999976
21
-77.0083379999999948
0
LINE
8
BLACK
6
CONTINUOUS
10
104.8987029999999976
20
-77.0083379999999948
11
104.8987189999999998
21
-77.0083229999999901
0
LINE
8
BLACK
6
CONTINUOUS
10
104.8987189999999998
20
-77.0083229999999901
11
105.0117580000000004
21
-76.9430600000000027
0
LINE
8
BLACK
6
CONTINUOUS
10
105.0117580000000004
20
-76.9430600000000027
11
105.1378369999999904
21
-76.909277000000003
0
LINE
8
BLACK
6
CONTINUOUS
10
105.1378369999999904
20
-76.909277000000003
11
105.1378519999999952
21
-76.909277000000003
0
LINE
8
BLACK
6
CONTINUOUS
10
105.1378519999999952
20
-76.909277000000003
11
105.2030999999999921
21
-76.9050000000000011
0
LINE
8
BLACK
6
CONTINUOUS
10
105.2030999999999921
20
-76.9050000000000011
11
108.8277709999999985
21
-76.9050000000000011
0
LINE
8
BLACK
6
CONTINUOUS
10
108.8277709999999985
20
-76.9050000000000011
11
108.8327919999999978
21
-76.8974850000000032
0
LINE
8
BLACK
6
CONTINUOUS
10
108.8327919999999978
20
-76.8974850000000032
11
108.9436850000000021
21
-76.7865919999999988
0
LINE
8
BLACK
6
CONTINUOUS
10
108.9436850000000021
20
-76.7865919999999988
11
109.0740830000000017
21
-76.6994629999999944
0
LINE
8
BLACK
6
CONTINUOUS
10
109.0740830000000017
20
-76.6994629999999944
11
109.2189719999999937
21
-76.6394480000000016
0
LINE
8
BLACK
6
CONTINUOUS
10
109.2189719999999937
20
-76.6394480000000016
11
109.3727859999999907
21
-76.6088519999999988
0
LINE
8
BLACK
6
CONTINUOUS
10
109.3727859999999907
20
-76.6088519999999988
11
109.5296139999999951
21
-76.6088519999999988
0
LINE
8
BLACK
6
CONTINUOUS
10
109.5296139999999951
20
-76.6088519999999988
11
109.6834279999999922
21
-76.6394480000000016
0
LINE
8
BLACK
6
CONTINUOUS
10
31.5079419999999999
20
-72.4016009999999994
11
31.6618870000000001
21
-72.4653670000000005
0
LINE
8
BLACK
6
CONTINUOUS
10
31.6618870000000001
20
-72.4653670000000005
11
31.8004339999999992
21
-72.5579409999999996
0
LINE
8
BLACK
6
CONTINUOUS
10
31.8004339999999992
20
-72.5579409999999996
11
31.918258999999999
21
-72.6757659999999959
0
LINE
8
BLACK
6
CONTINUOUS
10
31.918258999999999
20
-72.6757659999999959
11
32.0108329999999981
21
-72.8143129999999985
0
LINE
8
BLACK
6
CONTINUOUS
10
32.0108329999999981
20
-72.8143129999999985
11
32.0745989999999992
21
-72.9682579999999916
0
LINE
8
BLACK
6
CONTINUOUS
10
32.0745989999999992
20
-72.9682579999999916
11
32.1071069999999992
21
-73.1316849999999903
0
LINE
8
BLACK
6
CONTINUOUS
10
32.1071069999999992
20
-73.1316849999999903
11
32.1071069999999992
21
-73.2983150000000023
0
LINE
8
BLACK
6
CONTINUOUS
10
32.1071069999999992
20
-73.2983150000000023
11
32.0745989999999992
21
-73.461742000000001
0
LINE
8
BLACK
6
CONTINUOUS
10
32.0745989999999992
20
-73.461742000000001
11
32.0108329999999981
21
-73.6156869999999941
0
LINE
8
BLACK
6
CONTINUOUS
10
32.0108329999999981
20
-73.6156869999999941
11
31.918258999999999
21
-73.7542339999999967
0
LINE
8
BLACK
6
CONTINUOUS
10
31.918258999999999
20
-73.7542339999999967
11
31.8004339999999992
21
-73.872058999999993
0
LINE
8
BLACK
6
CONTINUOUS
10
31.8004339999999992
20
-73.872058999999993
11
31.6618870000000001
21
-73.9646329999999921
0
LINE
8
BLACK
6
CONTINUOUS
10
31.6618870000000001
20
-73.9646329999999921
11
31.5079419999999999
21
-74.0283989999999932
0
LINE
8
BLACK
6
CONTINUOUS
10
31.5079419999999999
20
-74.0283989999999932
11
31.3445149999999977
21
-74.0609070000000003
0
LINE
8
BLACK
6
CONTINUOUS
10
31.3445149999999977
20
-74.0609070000000003
11
31.1778849999999998
21
-74.0609070000000003
0
LINE
8
BLACK
6
CONTINUOUS
10
31.1778849999999998
20
-74.0609070000000003
11
31.1316049999999969
21
-74.0517009999999942
0
LINE
8
BLACK
6
CONTINUOUS
10
31.1316049999999969
20
-74.0517009999999942
11
29.3934999999999995
21
-75.7898059999999987
0
LINE
8
BLACK
6
CONTINUOUS
10
29.3934999999999995
20
-75.7898059999999987
11
29.3934999999999995
21
-94.4050000000000011
0
LINE
8
BLACK
6
CONTINUOUS
10
29.3934999999999995
20
-94.4050000000000011
11
29.6434999999999995
21
-94.4050000000000011
0
LINE
8
BLACK
6
CONTINUOUS
10
29.6434999999999995
20
-94.4050000000000011
11
29.7391709999999989
21
-94.4240300000000019
0
LINE
8
BLACK
6
CONTINUOUS
10
29.7391709999999989
20
-94.4240300000000019
11
29.8202769999999973
21
-94.4782229999999998
0
LINE
8
BLACK
6
CONTINUOUS
10
29.8202769999999973
20
-94.4782229999999998
11
29.8744699999999987
21
-94.5593289999999911
0
LINE
8
BLACK
6
CONTINUOUS
10
29.8744699999999987
20
-94.5593289999999911
11
29.8934999999999995
21
-94.6550000000000011
0
LINE
8
BLACK
6
CONTINUOUS
10
29.8934999999999995
20
-94.6550000000000011
11
29.8934999999999995
21
-96.1550000000000011
0
LINE
8
BLACK
6
CONTINUOUS
10
29.8934999999999995
20
-96.1550000000000011
11
29.8744699999999987
21
-96.250670999999997
0
LINE
8
BLACK
6
CONTINUOUS
10
29.8744699999999987
20
-96.250670999999997
11
29.8202769999999973
21
-96.3317770000000024
0
LINE
8
BLACK
6
CONTINUOUS
10
29.8202769999999973
20
-96.3317770000000024
11
29.7391709999999989
21
-96.3859700000000004
0
LINE
8
BLACK
6
CONTINUOUS
10
29.7391709999999989
20
-96.3859700000000004
11
29.6434999999999995
21
-96.4050000000000011
0
LINE
8
BLACK
6
CONTINUOUS
10
29.6434999999999995
20
-96.4050000000000011
11
28.1434999999999995
21
-96.4050000000000011
0
LINE
8
BLACK
6
CONTINUOUS
10
28.1434999999999995
20
-96.4050000000000011
11
28.0478290000000001
21
-96.3859700000000004
0
LINE
8
BLACK
6
CONTINUOUS
10
28.0478290000000001
20
-96.3859700000000004
11
27.9667229999999982
21
-96.3317770000000024
0
LINE
8
BLACK
6
CONTINUOUS
10
27.9667229999999982
20
-96.3317770000000024
11
27.9125300000000003
21
-96.250670999999997
0
LINE
8
BLACK
6
CONTINUOUS
10
27.9125300000000003
20
-96.250670999999997
11
27.8934999999999995
21
-96.1550000000000011
0
LINE
8
BLACK
6
CONTINUOUS
10
27.8934999999999995
20
-96.1550000000000011
11
27.8934999999999995
21
-94.6550000000000011
0
LINE
8
BLACK
6
CONTINUOUS
10
27.8934999999999995
20
-94.6550000000000011
11
27.9125300000000003
21
-94.5593289999999911
0
LINE
8
BLACK
6
CONTINUOUS
10
27.9125300000000003
20
-94.5593289999999911
11
27.9667229999999982
21
-94.4782229999999998
0
LINE
8
BLACK
6
CONTINUOUS
10
27.9667229999999982
20
-94.4782229999999998
11
28.0478290000000001
21
-94.4240300000000019
0
LINE
8
BLACK
6
CONTINUOUS
10
28.0478290000000001
20
-94.4240300000000019
11
28.1434999999999995
21
-94.4050000000000011
0
LINE
8
BLACK
6
CONTINUOUS
10
28.1434999999999995
20
-94.4050000000000011
11
28.3934999999999995
21
-94.4050000000000011
0
LINE
8
BLACK
6
CONTINUOUS
10
28.3934999999999995
20
-94.4050000000000011
11
28.3934999999999995
21
-75.5827000000000027
0
LINE
8
BLACK
6
CONTINUOUS
10
28.3934999999999995
20
-75.5827000000000027
11
28.3977769999999978
21
-75.5174519999999916
0
LINE
8
BLACK
6
CONTINUOUS
10
28.3977769999999978
20
-75.5174519999999916
11
28.3977769999999978
21
-75.517437000000001
0
LINE
8
BLACK
6
CONTINUOUS
10
28.3977769999999978
20
-75.517437000000001
11
28.4315599999999975
21
-75.3913579999999968
0
LINE
8
BLACK
6
CONTINUOUS
10
28.4315599999999975
20
-75.3913579999999968
11
28.455171
21
-75.3504629999999906
0
LINE
8
BLACK
6
CONTINUOUS
10
28.455171
20
-75.3504629999999906
11
28.4968229999999991
21
-75.2783189999999962
0
LINE
8
BLACK
6
CONTINUOUS
10
28.4968229999999991
20
-75.2783189999999962
11
28.4968380000000003
21
-75.278302999999994
0
LINE
8
BLACK
6
CONTINUOUS
10
28.4968380000000003
20
-75.278302999999994
11
28.539946999999998
21
-75.2291469999999975
0
LINE
8
BLACK
6
CONTINUOUS
10
28.539946999999998
20
-75.2291469999999975
11
30.4244979999999998
21
-73.3445940000000007
0
LINE
8
BLACK
6
CONTINUOUS
10
30.4244979999999998
20
-73.3445940000000007
11
30.4152929999999984
21
-73.2983150000000023
0
LINE
8
BLACK
6
CONTINUOUS
10
30.4152929999999984
20
-73.2983150000000023
11
30.4152929999999984
21
-73.1316849999999903
0
LINE
8
BLACK
6
CONTINUOUS
10
30.4152929999999984
20
-73.1316849999999903
11
30.4478009999999983
21
-72.9682579999999916
0
LINE
8
BLACK
6
CONTINUOUS
10
30.4478009999999983
20
-72.9682579999999916
11
30.5115669999999994
21
-72.8143129999999985
0
LINE
8
BLACK
6
CONTINUOUS
10
30.5115669999999994
20
-72.8143129999999985
11
30.6041409999999985
21
-72.6757659999999959
0
LINE
8
BLACK
6
CONTINUOUS
10
30.6041409999999985
20
-72.6757659999999959
11
30.7219659999999983
21
-72.5579409999999996
0
LINE
8
BLACK
6
CONTINUOUS
10
30.7219659999999983
20
-72.5579409999999996
11
30.8605129999999974
21
-72.4653670000000005
0
LINE
8
BLACK
6
CONTINUOUS
10
30.8605129999999974
20
-72.4653670000000005
11
31.0144579999999976
21
-72.4016009999999994
0
LINE
8
BLACK
6
CONTINUOUS
10
31.0144579999999976
20
-72.4016009999999994
11
31.1778849999999998
21
-72.3690929999999923
0
LINE
8
BLACK
6
CONTINUOUS
10
31.1778849999999998
20
-72.3690929999999923
11
31.3445149999999977
21
-72.3690929999999923
0
LINE
8
BLACK
6
CONTINUOUS
10
31.3445149999999977
20
-72.3690929999999923
11
31.5079419999999999
21
-72.4016009999999994
0
LINE
8
BLACK
6
CONTINUOUS
10
102.1111999999999966
20
-45.7149999999999963
11
100.4111999999999938
21
-45.7149999999999963
0
LINE
8
BLACK
6
CONTINUOUS
10
100.4111999999999938
20
-45.7149999999999963
11
100.4111999999999938
21
-45.3649999999999949
0
LINE
8
BLACK
6
CONTINUOUS
10
100.4111999999999938
20
-45.3649999999999949
11
86.5212069999999898
21
-45.3649999999999949
0
LINE
8
BLACK
6
CONTINUOUS
10
86.5212069999999898
20
-45.3649999999999949
11
67.914999999999992
21
-63.9712059999999951
0
LINE
8
BLACK
6
CONTINUOUS
10
67.914999999999992
20
-63.9712059999999951
11
67.914999999999992
21
-77.6150999999999982
0
LINE
8
BLACK
6
CONTINUOUS
10
67.914999999999992
20
-77.6150999999999982
11
67.9107229999999902
21
-77.6803469999999976
0
LINE
8
BLACK
6
CONTINUOUS
10
67.9107229999999902
20
-77.6803469999999976
11
67.9107229999999902
21
-77.6803629999999998
0
LINE
8
BLACK
6
CONTINUOUS
10
67.9107229999999902
20
-77.6803629999999998
11
67.8897719999999936
21
-77.758552999999992
0
LINE
8
BLACK
6
CONTINUOUS
10
67.8897719999999936
20
-77.758552999999992
11
67.8769399999999905
21
-77.8064419999999899
0
LINE
8
BLACK
6
CONTINUOUS
10
67.8769399999999905
20
-77.8064419999999899
11
67.8116770000000031
21
-77.9194809999999904
0
LINE
8
BLACK
6
CONTINUOUS
10
67.8116770000000031
20
-77.9194809999999904
11
67.8116610000000009
21
-77.9194959999999952
0
LINE
8
BLACK
6
CONTINUOUS
10
67.8116610000000009
20
-77.9194959999999952
11
67.7685529999999972
21
-77.9686530000000033
0
LINE
8
BLACK
6
CONTINUOUS
10
67.7685529999999972
20
-77.9686530000000033
11
56.1686529999999991
21
-89.5685529999999943
0
LINE
8
BLACK
6
CONTINUOUS
10
56.1686529999999991
20
-89.5685529999999943
11
56.119495999999998
21
-89.611660999999998
0
LINE
8
BLACK
6
CONTINUOUS
10
56.119495999999998
20
-89.611660999999998
11
56.1194810000000004
21
-89.6116770000000002
0
LINE
8
BLACK
6
CONTINUOUS
10
56.1194810000000004
20
-89.6116770000000002
11
56.0064419999999998
21
-89.6769400000000019
0
LINE
8
BLACK
6
CONTINUOUS
10
56.0064419999999998
20
-89.6769400000000019
11
55.9923889999999957
21
-89.680704999999989
0
LINE
8
BLACK
6
CONTINUOUS
10
55.9923889999999957
20
-89.680704999999989
11
55.9432589999999976
21
-89.7542339999999967
0
LINE
8
BLACK
6
CONTINUOUS
10
55.9432589999999976
20
-89.7542339999999967
11
55.8254339999999942
21
-89.872058999999993
0
LINE
8
BLACK
6
CONTINUOUS
10
55.8254339999999942
20
-89.872058999999993
11
55.6868869999999987
21
-89.9646329999999921
0
LINE
8
BLACK
6
CONTINUOUS
10
55.6868869999999987
20
-89.9646329999999921
11
55.5329419999999985
21
-90.0283989999999932
0
LINE
8
BLACK
6
CONTINUOUS
10
55.5329419999999985
20
-90.0283989999999932
11
55.3695149999999998
21
-90.0609070000000003
0
LINE
8
BLACK
6
CONTINUOUS
10
55.3695149999999998
20
-90.0609070000000003
11
55.2028849999999949
21
-90.0609070000000003
0
LINE
8
BLACK
6
CONTINUOUS
10
55.2028849999999949
20
-90.0609070000000003
11
55.0394579999999962
21
-90.0283989999999932
0
LINE
8
BLACK
6
CONTINUOUS
10
55.0394579999999962
20
-90.0283989999999932
11
54.885512999999996
21
-89.9646329999999921
0
LINE
8
BLACK
6
CONTINUOUS
10
54.885512999999996
20
-89.9646329999999921
11
54.7469660000000005
21
-89.872058999999993
0
LINE
8
BLACK
6
CONTINUOUS
10
54.7469660000000005
20
-89.872058999999993
11
54.6291409999999971
21
-89.7542339999999967
0
LINE
8
BLACK
6
CONTINUOUS
10
54.6291409999999971
20
-89.7542339999999967
11
54.536566999999998
21
-89.6156869999999941
0
LINE
8
BLACK
6
CONTINUOUS
10
54.536566999999998
20
-89.6156869999999941
11
54.4728009999999969
21
-89.461742000000001
0
LINE
8
BLACK
6
CONTINUOUS
10
54.4728009999999969
20
-89.461742000000001
11
54.4402929999999969
21
-89.2983150000000023
0
LINE
8
BLACK
6
CONTINUOUS
10
54.4402929999999969
20
-89.2983150000000023
11
54.4402929999999969
21
-89.1316849999999903
0
LINE
8
BLACK
6
CONTINUOUS
10
54.4402929999999969
20
-89.1316849999999903
11
54.4728009999999969
21
-88.9682579999999916
0
LINE
8
BLACK
6
CONTINUOUS
10
54.4728009999999969
20
-88.9682579999999916
11
54.536566999999998
21
-88.8143129999999985
0
LINE
8
BLACK
6
CONTINUOUS
10
54.536566999999998
20
-88.8143129999999985
11
54.6291409999999971
21
-88.6757659999999959
0
LINE
8
BLACK
6
CONTINUOUS
10
54.6291409999999971
20
-88.6757659999999959
11
54.7469660000000005
21
-88.5579409999999996
0
LINE
8
BLACK
6
CONTINUOUS
10
54.7469660000000005
20
-88.5579409999999996
11
54.885512999999996
21
-88.4653670000000005
0
LINE
8
BLACK
6
CONTINUOUS
10
54.885512999999996
20
-88.4653670000000005
11
55.0394579999999962
21
-88.4016009999999994
0
LINE
8
BLACK
6
CONTINUOUS
10
55.0394579999999962
20
-88.4016009999999994
11
55.2028849999999949
21
-88.3690929999999923
0
LINE
8
BLACK
6
CONTINUOUS
10
55.2028849999999949
20
-88.3690929999999923
11
55.3695149999999998
21
-88.3690929999999923
0
LINE
8
BLACK
6
CONTINUOUS
10
55.3695149999999998
20
-88.3690929999999923
11
55.5329419999999985
21
-88.4016009999999994
0
LINE
8
BLACK
6
CONTINUOUS
10
55.5329419999999985
20
-88.4016009999999994
11
55.6868869999999987
21
-88.4653670000000005
0
LINE
8
BLACK
6
CONTINUOUS
10
55.6868869999999987
20
-88.4653670000000005
11
55.7892379999999974
21
-88.5337549999999993
0
LINE
8
BLACK
6
CONTINUOUS
10
55.7892379999999974
20
-88.5337549999999993
11
66.914999999999992
21
-77.4079940000000022
0
LINE
8
BLACK
6
CONTINUOUS
10
66.914999999999992
20
-77.4079940000000022
11
66.914999999999992
21
-63.7640999999999991
0
LINE
8
BLACK
6
CONTINUOUS
10
66.914999999999992
20
-63.7640999999999991
11
66.9192769999999939
21
-63.6988519999999951
0
LINE
8
BLACK
6
CONTINUOUS
10
66.9192769999999939
20
-63.6988519999999951
11
66.9192769999999939
21
-63.6988369999999975
0
LINE
8
BLACK
6
CONTINUOUS
10
66.9192769999999939
20
-63.6988369999999975
11
66.9530599999999936
21
-63.5727580000000003
0
LINE
8
BLACK
6
CONTINUOUS
10
66.9530599999999936
20
-63.5727580000000003
11
66.9867100000000022
21
-63.5144749999999974
0
LINE
8
BLACK
6
CONTINUOUS
10
66.9867100000000022
20
-63.5144749999999974
11
67.0183229999999952
21
-63.4597189999999998
0
LINE
8
BLACK
6
CONTINUOUS
10
67.0183229999999952
20
-63.4597189999999998
11
67.018338
21
-63.4597029999999975
0
LINE
8
BLACK
6
CONTINUOUS
10
67.018338
20
-63.4597029999999975
11
67.0614470000000011
21
-63.410546999999994
0
LINE
8
BLACK
6
CONTINUOUS
10
67.0614470000000011
20
-63.410546999999994
11
85.9605469999999912
21
-44.5114459999999994
0
LINE
8
BLACK
6
CONTINUOUS
10
85.9605469999999912
20
-44.5114459999999994
11
86.0097109999999958
21
-44.4683299999999946
0
LINE
8
BLACK
6
CONTINUOUS
10
86.0097109999999958
20
-44.4683299999999946
11
86.0097189999999898
21
-44.468322999999998
0
LINE
8
BLACK
6
CONTINUOUS
10
86.0097189999999898
20
-44.468322999999998
11
86.1227579999999904
21
-44.4030599999999964
0
LINE
8
BLACK
6
CONTINUOUS
10
86.1227579999999904
20
-44.4030599999999964
11
86.1494009999999975
21
-44.3959199999999967
0
LINE
8
BLACK
6
CONTINUOUS
10
86.1494009999999975
20
-44.3959199999999967
11
86.2488369999999946
21
-44.3692769999999967
0
LINE
8
BLACK
6
CONTINUOUS
10
86.2488369999999946
20
-44.3692769999999967
11
86.2488519999999994
21
-44.3692769999999967
0
LINE
8
BLACK
6
CONTINUOUS
10
86.2488519999999994
20
-44.3692769999999967
11
86.3140999999999963
21
-44.3649999999999949
0
LINE
8
BLACK
6
CONTINUOUS
10
86.3140999999999963
20
-44.3649999999999949
11
100.4111999999999938
21
-44.3649999999999949
0
LINE
8
BLACK
6
CONTINUOUS
10
100.4111999999999938
20
-44.3649999999999949
11
100.4111999999999938
21
-44.0150000000000006
0
LINE
8
BLACK
6
CONTINUOUS
10
100.4111999999999938
20
-44.0150000000000006
11
102.1111999999999966
21
-44.0150000000000006
0
LINE
8
BLACK
6
CONTINUOUS
10
102.1111999999999966
20
-44.0150000000000006
11
102.1111999999999966
21
-45.7149999999999963
0
LINE
8
BLACK
6
CONTINUOUS
10
92.178167000000002
20
-82.8889599999999973
11
92.2316189999999949
21
-82.9339559999999949
0
LINE
8
BLACK
6
CONTINUOUS
10
92.2316189999999949
20
-82.9339559999999949
11
92.2522589999999951
21
-83.000708000000003
0
LINE
8
BLACK
6
CONTINUOUS
10
92.2522589999999951
20
-83.000708000000003
11
92.2335339999999917
21
-83.0680219999999991
0
LINE
8
BLACK
6
CONTINUOUS
10
92.2335339999999917
20
-83.0680219999999991
11
92.215952999999999
21
-83.0901599999999974
0
LINE
8
BLACK
6
CONTINUOUS
10
92.215952999999999
20
-83.0901599999999974
11
88.4142360000000025
21
-86.8918779999999913
0
LINE
8
BLACK
6
CONTINUOUS
10
88.4142360000000025
20
-86.8918779999999913
11
88.4142310000000009
21
-86.8918839999999904
0
LINE
8
BLACK
6
CONTINUOUS
10
88.4142310000000009
20
-86.8918839999999904
11
88.2939129999999892
21
-87.0574869999999947
0
LINE
8
BLACK
6
CONTINUOUS
10
88.2939129999999892
20
-87.0574869999999947
11
88.2939129999999892
21
-87.0574879999999922
0
LINE
8
BLACK
6
CONTINUOUS
10
88.2939129999999892
20
-87.0574879999999922
11
88.2918729999999954
21
-87.0614929999999987
0
LINE
8
BLACK
6
CONTINUOUS
10
88.2918729999999954
20
-87.0614929999999987
11
88.2005319999999955
21
-87.2407579999999996
0
LINE
8
BLACK
6
CONTINUOUS
10
88.2005319999999955
20
-87.2407579999999996
11
88.1994720000000001
21
-87.2445199999999943
0
LINE
8
BLACK
6
CONTINUOUS
10
88.1994720000000001
20
-87.2445199999999943
11
88.1377219999999966
21
-87.4345670000000013
0
LINE
8
BLACK
6
CONTINUOUS
10
88.1377219999999966
20
-87.4345670000000013
11
88.1377219999999966
21
-87.4345679999999987
0
LINE
8
BLACK
6
CONTINUOUS
10
88.1377219999999966
20
-87.4345679999999987
11
88.1171429999999987
21
-87.5644999999999953
0
LINE
8
BLACK
6
CONTINUOUS
10
88.1171429999999987
20
-87.5644999999999953
11
88.1056999999999988
21
-87.6367479999999972
0
LINE
8
BLACK
6
CONTINUOUS
10
88.1056999999999988
20
-87.6367479999999972
11
88.1056999999999988
21
-87.7904999999999944
0
LINE
8
BLACK
6
CONTINUOUS
10
88.1056999999999988
20
-87.7904999999999944
11
88.0860149999999891
21
-87.8575390000000027
0
LINE
8
BLACK
6
CONTINUOUS
10
88.0860149999999891
20
-87.8575390000000027
11
88.0332109999999943
21
-87.9032940000000025
0
LINE
8
BLACK
6
CONTINUOUS
10
88.0332109999999943
20
-87.9032940000000025
11
87.9816999999999894
21
-87.9144999999999897
0
LINE
8
BLACK
6
CONTINUOUS
10
87.9816999999999894
20
-87.9144999999999897
11
85.0691449999999918
21
-87.9144999999999897
0
LINE
8
BLACK
6
CONTINUOUS
10
85.0691449999999918
20
-87.9144999999999897
11
85.0021059999999977
21
-87.8948149999999941
0
LINE
8
BLACK
6
CONTINUOUS
10
85.0021059999999977
20
-87.8948149999999941
11
84.956350999999998
21
-87.8420109999999994
0
LINE
8
BLACK
6
CONTINUOUS
10
84.956350999999998
20
-87.8420109999999994
11
84.9464069999999936
21
-87.7728529999999978
0
LINE
8
BLACK
6
CONTINUOUS
10
84.9464069999999936
20
-87.7728529999999978
11
84.9688269999999903
21
-87.717614999999995
0
LINE
8
BLACK
6
CONTINUOUS
10
84.9688269999999903
20
-87.717614999999995
11
85.0422679999999929
21
-87.6165309999999948
0
LINE
8
BLACK
6
CONTINUOUS
10
85.0422679999999929
20
-87.6165309999999948
11
85.0978339999999918
21
-87.5400509999999912
0
LINE
8
BLACK
6
CONTINUOUS
10
85.0978339999999918
20
-87.5400509999999912
11
85.2157789999999977
21
-87.3085719999999981
0
LINE
8
BLACK
6
CONTINUOUS
10
85.2157789999999977
20
-87.3085719999999981
11
85.2960599999999971
21
-87.0614929999999987
0
LINE
8
BLACK
6
CONTINUOUS
10
85.2960599999999971
20
-87.0614929999999987
11
85.308290999999997
21
-86.9842670000000027
0
LINE
8
BLACK
6
CONTINUOUS
10
85.308290999999997
20
-86.9842670000000027
11
85.3366999999999933
21
-86.8049019999999985
0
LINE
8
BLACK
6
CONTINUOUS
10
85.3366999999999933
20
-86.8049019999999985
11
85.3366999999999933
21
-86.5450969999999984
0
LINE
8
BLACK
6
CONTINUOUS
10
85.3366999999999933
20
-86.5450969999999984
11
85.3151469999999961
21
-86.4090209999999956
0
LINE
8
BLACK
6
CONTINUOUS
10
85.3151469999999961
20
-86.4090209999999956
11
85.2960599999999971
21
-86.2885069999999956
0
LINE
8
BLACK
6
CONTINUOUS
10
85.2960599999999971
20
-86.2885069999999956
11
85.2157789999999977
21
-86.0414279999999962
0
LINE
8
BLACK
6
CONTINUOUS
10
85.2157789999999977
20
-86.0414279999999962
11
85.2157770000000028
21
-86.0414249999999896
0
LINE
8
BLACK
6
CONTINUOUS
10
85.2157770000000028
20
-86.0414249999999896
11
85.2157770000000028
21
-86.0414229999999947
0
LINE
8
BLACK
6
CONTINUOUS
10
85.2157770000000028
20
-86.0414229999999947
11
85.172986999999992
21
-85.9574449999999928
0
LINE
8
BLACK
6
CONTINUOUS
10
85.172986999999992
20
-85.9574449999999928
11
85.0978339999999918
21
-85.8099490000000031
0
LINE
8
BLACK
6
CONTINUOUS
10
85.0978339999999918
20
-85.8099490000000031
11
84.9451309999999893
21
-85.5997709999999898
0
LINE
8
BLACK
6
CONTINUOUS
10
84.9451309999999893
20
-85.5997709999999898
11
84.8380409999999898
21
-85.4926809999999904
0
LINE
8
BLACK
6
CONTINUOUS
10
84.8380409999999898
20
-85.4926809999999904
11
84.8045559999999909
21
-85.431358000000003
0
LINE
8
BLACK
6
CONTINUOUS
10
84.8045559999999909
20
-85.431358000000003
11
84.8095399999999984
21
-85.3616659999999996
0
LINE
8
BLACK
6
CONTINUOUS
10
84.8095399999999984
20
-85.3616659999999996
11
84.8380409999999898
21
-85.3173189999999977
0
LINE
8
BLACK
6
CONTINUOUS
10
84.8380409999999898
20
-85.3173189999999977
11
84.8763220000000018
21
-85.2790379999999999
0
LINE
8
BLACK
6
CONTINUOUS
10
84.8763220000000018
20
-85.2790379999999999
11
84.9451309999999893
21
-85.2102289999999982
0
LINE
8
BLACK
6
CONTINUOUS
10
84.9451309999999893
20
-85.2102289999999982
11
85.0978339999999918
21
-85.0000509999999991
0
LINE
8
BLACK
6
CONTINUOUS
10
85.0978339999999918
20
-85.0000509999999991
11
85.2157789999999977
21
-84.7685719999999918
0
LINE
8
BLACK
6
CONTINUOUS
10
85.2157789999999977
20
-84.7685719999999918
11
85.2960599999999971
21
-84.5214929999999924
0
LINE
8
BLACK
6
CONTINUOUS
10
85.2960599999999971
20
-84.5214929999999924
11
85.3286189999999891
21
-84.3159199999999913
0
LINE
8
BLACK
6
CONTINUOUS
10
85.3286189999999891
20
-84.3159199999999913
11
85.3366999999999933
21
-84.2649019999999922
0
LINE
8
BLACK
6
CONTINUOUS
10
85.3366999999999933
20
-84.2649019999999922
11
85.3366999999999933
21
-84.0050969999999921
0
LINE
8
BLACK
6
CONTINUOUS
10
85.3366999999999933
20
-84.0050969999999921
11
85.3049279999999897
21
-83.8044999999999902
0
LINE
8
BLACK
6
CONTINUOUS
10
85.3049279999999897
20
-83.8044999999999902
11
85.2960599999999971
21
-83.7485069999999894
0
LINE
8
BLACK
6
CONTINUOUS
10
85.2960599999999971
20
-83.7485069999999894
11
85.2157789999999977
21
-83.50142799999999
0
LINE
8
BLACK
6
CONTINUOUS
10
85.2157789999999977
20
-83.50142799999999
11
85.2157770000000028
21
-83.5014249999999976
0
LINE
8
BLACK
6
CONTINUOUS
10
85.2157770000000028
20
-83.5014249999999976
11
85.2157770000000028
21
-83.5014230000000026
0
LINE
8
BLACK
6
CONTINUOUS
10
85.2157770000000028
20
-83.5014230000000026
11
85.172986999999992
21
-83.4174450000000007
0
LINE
8
BLACK
6
CONTINUOUS
10
85.172986999999992
20
-83.4174450000000007
11
85.0978339999999918
21
-83.2699489999999969
0
LINE
8
BLACK
6
CONTINUOUS
10
85.0978339999999918
20
-83.2699489999999969
11
85.0663780000000003
21
-83.2266529999999989
0
LINE
8
BLACK
6
CONTINUOUS
10
85.0663780000000003
20
-83.2266529999999989
11
84.9688269999999903
21
-83.0923849999999931
0
LINE
8
BLACK
6
CONTINUOUS
10
84.9688269999999903
20
-83.0923849999999931
11
84.9453469999999982
21
-83.0265789999999981
0
LINE
8
BLACK
6
CONTINUOUS
10
84.9453469999999982
20
-83.0265789999999981
11
84.9611730000000023
21
-82.9585249999999945
0
LINE
8
BLACK
6
CONTINUOUS
10
84.9611730000000023
20
-82.9585249999999945
11
85.0112779999999901
21
-82.9098299999999995
0
LINE
8
BLACK
6
CONTINUOUS
10
85.0112779999999901
20
-82.9098299999999995
11
85.0691449999999918
21
-82.8954999999999984
0
LINE
8
BLACK
6
CONTINUOUS
10
85.0691449999999918
20
-82.8954999999999984
11
92.0110509999999948
21
-82.8954999999999984
0
LINE
8
BLACK
6
CONTINUOUS
10
92.0110509999999948
20
-82.8954999999999984
11
92.0110519999999923
21
-82.8954999999999984
0
LINE
8
BLACK
6
CONTINUOUS
10
92.0110519999999923
20
-82.8954999999999984
11
92.1088749999999976
21
-82.8800059999999945
0
LINE
8
BLACK
6
CONTINUOUS
10
92.1088749999999976
20
-82.8800059999999945
11
92.178167000000002
21
-82.8889599999999973
0
LINE
8
BLACK
6
CONTINUOUS
10
83.9329419999999971
20
-85.8616009999999932
11
84.0868869999999902
21
-85.9253669999999943
0
LINE
8
BLACK
6
CONTINUOUS
10
84.0868869999999902
20
-85.9253669999999943
11
84.2254339999999928
21
-86.0179409999999933
0
LINE
8
BLACK
6
CONTINUOUS
10
84.2254339999999928
20
-86.0179409999999933
11
84.3432589999999891
21
-86.1357659999999896
0
LINE
8
BLACK
6
CONTINUOUS
10
84.3432589999999891
20
-86.1357659999999896
11
84.4358330000000024
21
-86.2743129999999923
0
LINE
8
BLACK
6
CONTINUOUS
10
84.4358330000000024
20
-86.2743129999999923
11
84.4995989999999892
21
-86.4282579999999996
0
LINE
8
BLACK
6
CONTINUOUS
10
84.4995989999999892
20
-86.4282579999999996
11
84.5321069999999963
21
-86.5916849999999982
0
LINE
8
BLACK
6
CONTINUOUS
10
84.5321069999999963
20
-86.5916849999999982
11
84.5321069999999963
21
-86.7583149999999961
0
LINE
8
BLACK
6
CONTINUOUS
10
84.5321069999999963
20
-86.7583149999999961
11
84.4995989999999892
21
-86.9217419999999947
0
LINE
8
BLACK
6
CONTINUOUS
10
84.4995989999999892
20
-86.9217419999999947
11
84.4358330000000024
21
-87.0756870000000021
0
LINE
8
BLACK
6
CONTINUOUS
10
84.4358330000000024
20
-87.0756870000000021
11
84.3432589999999891
21
-87.2142339999999905
0
LINE
8
BLACK
6
CONTINUOUS
10
84.3432589999999891
20
-87.2142339999999905
11
84.2254339999999928
21
-87.332059000000001
0
LINE
8
BLACK
6
CONTINUOUS
10
84.2254339999999928
20
-87.332059000000001
11
84.0868869999999902
21
-87.424633
0
LINE
8
BLACK
6
CONTINUOUS
10
84.0868869999999902
20
-87.424633
11
83.9329419999999971
21
-87.4883990000000011
0
LINE
8
BLACK
6
CONTINUOUS
10
83.9329419999999971
20
-87.4883990000000011
11
83.7695149999999984
21
-87.520906999999994
0
LINE
8
BLACK
6
CONTINUOUS
10
83.7695149999999984
20
-87.520906999999994
11
83.6028850000000006
21
-87.520906999999994
0
LINE
8
BLACK
6
CONTINUOUS
10
83.6028850000000006
20
-87.520906999999994
11
83.4394580000000019
21
-87.4883990000000011
0
LINE
8
BLACK
6
CONTINUOUS
10
83.4394580000000019
20
-87.4883990000000011
11
83.2855129999999946
21
-87.424633
0
LINE
8
BLACK
6
CONTINUOUS
10
83.2855129999999946
20
-87.424633
11
83.1469659999999919
21
-87.332059000000001
0
LINE
8
BLACK
6
CONTINUOUS
10
83.1469659999999919
20
-87.332059000000001
11
83.0291409999999956
21
-87.2142339999999905
0
LINE
8
BLACK
6
CONTINUOUS
10
83.0291409999999956
20
-87.2142339999999905
11
82.9365669999999966
21
-87.0756870000000021
0
LINE
8
BLACK
6
CONTINUOUS
10
82.9365669999999966
20
-87.0756870000000021
11
82.8728009999999955
21
-86.9217419999999947
0
LINE
8
BLACK
6
CONTINUOUS
10
82.8728009999999955
20
-86.9217419999999947
11
82.8402930000000026
21
-86.7583149999999961
0
LINE
8
BLACK
6
CONTINUOUS
10
82.8402930000000026
20
-86.7583149999999961
11
82.8402930000000026
21
-86.5916849999999982
0
LINE
8
BLACK
6
CONTINUOUS
10
82.8402930000000026
20
-86.5916849999999982
11
82.8728009999999955
21
-86.4282579999999996
0
LINE
8
BLACK
6
CONTINUOUS
10
82.8728009999999955
20
-86.4282579999999996
11
82.9365669999999966
21
-86.2743129999999923
0
LINE
8
BLACK
6
CONTINUOUS
10
82.9365669999999966
20
-86.2743129999999923
11
83.0291409999999956
21
-86.1357659999999896
0
LINE
8
BLACK
6
CONTINUOUS
10
83.0291409999999956
20
-86.1357659999999896
11
83.1469659999999919
21
-86.0179409999999933
0
LINE
8
BLACK
6
CONTINUOUS
10
83.1469659999999919
20
-86.0179409999999933
11
83.2855129999999946
21
-85.9253669999999943
0
LINE
8
BLACK
6
CONTINUOUS
10
83.2855129999999946
20
-85.9253669999999943
11
83.4394580000000019
21
-85.8616009999999932
0
LINE
8
BLACK
6
CONTINUOUS
10
83.4394580000000019
20
-85.8616009999999932
11
83.6028850000000006
21
-85.8290930000000003
0
LINE
8
BLACK
6
CONTINUOUS
10
83.6028850000000006
20
-85.8290930000000003
11
83.7695149999999984
21
-85.8290930000000003
0
LINE
8
BLACK
6
CONTINUOUS
10
83.7695149999999984
20
-85.8290930000000003
11
83.9329419999999971
21
-85.8616009999999932
0
LINE
8
BLACK
6
CONTINUOUS
10
109.6834279999999922
20
-84.6394480000000016
11
109.8283169999999984
21
-84.6994629999999944
0
LINE
8
BLACK
6
CONTINUOUS
10
109.8283169999999984
20
-84.6994629999999944
11
109.958714999999998
21
-84.7865919999999988
0
LINE
8
BLACK
6
CONTINUOUS
10
109.958714999999998
20
-84.7865919999999988
11
110.0696079999999881
21
-84.8974850000000032
0
LINE
8
BLACK
6
CONTINUOUS
10
110.0696079999999881
20
-84.8974850000000032
11
110.1567369999999926
21
-85.0278830000000028
0
LINE
8
BLACK
6
CONTINUOUS
10
110.1567369999999926
20
-85.0278830000000028
11
110.2167519999999996
21
-85.1727719999999948
0
LINE
8
BLACK
6
CONTINUOUS
10
110.2167519999999996
20
-85.1727719999999948
11
110.2473479999999881
21
-85.3265859999999918
0
LINE
8
BLACK
6
CONTINUOUS
10
110.2473479999999881
20
-85.3265859999999918
11
110.2473479999999881
21
-85.4834139999999962
0
LINE
8
BLACK
6
CONTINUOUS
10
110.2473479999999881
20
-85.4834139999999962
11
110.2167519999999996
21
-85.6372279999999932
0
LINE
8
BLACK
6
CONTINUOUS
10
110.2167519999999996
20
-85.6372279999999932
11
110.1567369999999926
21
-85.7821169999999995
0
LINE
8
BLACK
6
CONTINUOUS
10
110.1567369999999926
20
-85.7821169999999995
11
110.0696079999999881
21
-85.9125149999999991
0
LINE
8
BLACK
6
CONTINUOUS
10
110.0696079999999881
20
-85.9125149999999991
11
109.958714999999998
21
-86.0234079999999892
0
LINE
8
BLACK
6
CONTINUOUS
10
109.958714999999998
20
-86.0234079999999892
11
109.8283169999999984
21
-86.1105369999999937
0
LINE
8
BLACK
6
CONTINUOUS
10
109.8283169999999984
20
-86.1105369999999937
11
109.6834279999999922
21
-86.1705520000000007
0
LINE
8
BLACK
6
CONTINUOUS
10
109.6834279999999922
20
-86.1705520000000007
11
109.5296139999999951
21
-86.2011479999999892
0
LINE
8
BLACK
6
CONTINUOUS
10
109.5296139999999951
20
-86.2011479999999892
11
109.3727859999999907
21
-86.2011479999999892
0
LINE
8
BLACK
6
CONTINUOUS
10
109.3727859999999907
20
-86.2011479999999892
11
109.2189719999999937
21
-86.1705520000000007
0
LINE
8
BLACK
6
CONTINUOUS
10
109.2189719999999937
20
-86.1705520000000007
11
109.0740830000000017
21
-86.1105369999999937
0
LINE
8
BLACK
6
CONTINUOUS
10
109.0740830000000017
20
-86.1105369999999937
11
108.9436850000000021
21
-86.0234079999999892
0
LINE
8
BLACK
6
CONTINUOUS
10
108.9436850000000021
20
-86.0234079999999892
11
108.8327919999999978
21
-85.9125149999999991
0
LINE
8
BLACK
6
CONTINUOUS
10
108.8327919999999978
20
-85.9125149999999991
11
108.7456629999999933
21
-85.7821169999999995
0
LINE
8
BLACK
6
CONTINUOUS
10
108.7456629999999933
20
-85.7821169999999995
11
108.6856480000000005
21
-85.6372279999999932
0
LINE
8
BLACK
6
CONTINUOUS
10
108.6856480000000005
20
-85.6372279999999932
11
108.6550519999999977
21
-85.4834139999999962
0
LINE
8
BLACK
6
CONTINUOUS
10
108.6550519999999977
20
-85.4834139999999962
11
108.6550519999999977
21
-85.3265859999999918
0
LINE
8
BLACK
6
CONTINUOUS
10
108.6550519999999977
20
-85.3265859999999918
11
108.6856480000000005
21
-85.1727719999999948
0
LINE
8
BLACK
6
CONTINUOUS
10
108.6856480000000005
20
-85.1727719999999948
11
108.7456629999999933
21
-85.0278830000000028
0
LINE
8
BLACK
6
CONTINUOUS
10
108.7456629999999933
20
-85.0278830000000028
11
108.8327919999999978
21
-84.8974850000000032
0
LINE
8
BLACK
6
CONTINUOUS
10
108.8327919999999978
20
-84.8974850000000032
11
108.9436850000000021
21
-84.7865919999999988
0
LINE
8
BLACK
6
CONTINUOUS
10
108.9436850000000021
20
-84.7865919999999988
11
109.0740830000000017
21
-84.6994629999999944
0
LINE
8
BLACK
6
CONTINUOUS
10
109.0740830000000017
20
-84.6994629999999944
11
109.2189719999999937
21
-84.6394480000000016
0
LINE
8
BLACK
6
CONTINUOUS
10
109.2189719999999937
20
-84.6394480000000016
11
109.3727859999999907
21
-84.6088519999999988
0
LINE
8
BLACK
6
CONTINUOUS
10
109.3727859999999907
20
-84.6088519999999988
11
109.5296139999999951
21
-84.6088519999999988
0
LINE
8
BLACK
6
CONTINUOUS
10
109.5296139999999951
20
-84.6088519999999988
11
109.6834279999999922
21
-84.6394480000000016
0
LINE
8
BLACK
6
CONTINUOUS
10
85.1165919999999971
20
-44.0106849999999952
11
85.1623469999999969
21
-44.063488999999997
0
LINE
8
BLACK
6
CONTINUOUS
10
85.1623469999999969
20
-44.063488999999997
11
85.1722910000000013
21
-44.1326469999999986
0
LINE
8
BLACK
6
CONTINUOUS
10
85.1722910000000013
20
-44.1326469999999986
11
85.143265999999997
21
-44.196202999999997
0
LINE
8
BLACK
6
CONTINUOUS
10
85.143265999999997
20
-44.196202999999997
11
85.1372339999999923
21
-44.2026809999999983
0
LINE
8
BLACK
6
CONTINUOUS
10
85.1372339999999923
20
-44.2026809999999983
11
66.4230359999999962
21
-62.916877999999997
0
LINE
8
BLACK
6
CONTINUOUS
10
66.4230359999999962
20
-62.916877999999997
11
66.4230309999999946
21
-62.916883999999996
0
LINE
8
BLACK
6
CONTINUOUS
10
66.4230309999999946
20
-62.916883999999996
11
66.3027160000000038
21
-63.0824839999999938
0
LINE
8
BLACK
6
CONTINUOUS
10
66.3027160000000038
20
-63.0824839999999938
11
66.3027060000000006
21
-63.082499999999996
0
LINE
8
BLACK
6
CONTINUOUS
10
66.3027060000000006
20
-63.082499999999996
11
66.2972469999999987
21
-63.0932159999999982
0
LINE
8
BLACK
6
CONTINUOUS
10
66.2972469999999987
20
-63.0932159999999982
11
66.2972460000000012
21
-63.0932189999999977
0
LINE
8
BLACK
6
CONTINUOUS
10
66.2972460000000012
20
-63.0932189999999977
11
66.209779999999995
21
-63.264879999999998
0
LINE
8
BLACK
6
CONTINUOUS
10
66.209779999999995
20
-63.264879999999998
11
66.209778
21
-63.2648829999999975
0
LINE
8
BLACK
6
CONTINUOUS
10
66.209778
20
-63.2648829999999975
11
66.1797969999999935
21
-63.3571559999999963
0
LINE
8
BLACK
6
CONTINUOUS
10
66.1797969999999935
20
-63.3571559999999963
11
66.1797749999999922
21
-63.3572269999999946
0
LINE
8
BLACK
6
CONTINUOUS
10
66.1797749999999922
20
-63.3572269999999946
11
66.1794309999999939
21
-63.3582869999999971
0
LINE
8
BLACK
6
CONTINUOUS
10
66.1794309999999939
20
-63.3582869999999971
11
66.146523000000002
21
-63.4595649999999978
0
LINE
8
BLACK
6
CONTINUOUS
10
66.146523000000002
20
-63.4595649999999978
11
66.1455689999999947
21
-63.4655889999999943
0
LINE
8
BLACK
6
CONTINUOUS
10
66.1455689999999947
20
-63.4655889999999943
11
66.1442260000000033
21
-63.4740629999999939
0
LINE
8
BLACK
6
CONTINUOUS
10
66.1442260000000033
20
-63.4740629999999939
11
66.1442229999999967
21
-63.4740759999999966
0
LINE
8
BLACK
6
CONTINUOUS
10
66.1442229999999967
20
-63.4740759999999966
11
66.1144999999999925
21
-63.6617479999999958
0
LINE
8
BLACK
6
CONTINUOUS
10
66.1144999999999925
20
-63.6617479999999958
11
66.1144999999999925
21
-77.0250520000000023
0
LINE
8
BLACK
6
CONTINUOUS
10
66.1144999999999925
20
-77.0250520000000023
11
66.094814999999997
21
-77.0920909999999964
0
LINE
8
BLACK
6
CONTINUOUS
10
66.094814999999997
20
-77.0920909999999964
11
66.0781810000000007
21
-77.1127329999999915
0
LINE
8
BLACK
6
CONTINUOUS
10
66.0781810000000007
20
-77.1127329999999915
11
57.040697999999999
21
-86.1502150000000029
0
LINE
8
BLACK
6
CONTINUOUS
10
57.040697999999999
20
-86.1502150000000029
11
56.9793749999999974
21
-86.1837000000000018
0
LINE
8
BLACK
6
CONTINUOUS
10
56.9793749999999974
20
-86.1837000000000018
11
56.909682999999994
21
-86.1787159999999943
0
LINE
8
BLACK
6
CONTINUOUS
10
56.909682999999994
20
-86.1787159999999943
11
56.853749999999998
21
-86.1368439999999964
0
LINE
8
BLACK
6
CONTINUOUS
10
56.853749999999998
20
-86.1368439999999964
11
56.8350869999999944
21
-86.1008539999999982
0
LINE
8
BLACK
6
CONTINUOUS
10
56.8350869999999944
20
-86.1008539999999982
11
56.8157789999999991
21
-86.0414279999999962
0
LINE
8
BLACK
6
CONTINUOUS
10
56.8157789999999991
20
-86.0414279999999962
11
56.6978340000000003
21
-85.8099490000000031
0
LINE
8
BLACK
6
CONTINUOUS
10
56.6978340000000003
20
-85.8099490000000031
11
56.5451309999999978
21
-85.5997709999999898
0
LINE
8
BLACK
6
CONTINUOUS
10
56.5451309999999978
20
-85.5997709999999898
11
56.4380409999999983
21
-85.4926809999999904
0
LINE
8
BLACK
6
CONTINUOUS
10
56.4380409999999983
20
-85.4926809999999904
11
56.4045559999999995
21
-85.431358000000003
0
LINE
8
BLACK
6
CONTINUOUS
10
56.4045559999999995
20
-85.431358000000003
11
56.4095399999999998
21
-85.3616659999999996
0
LINE
8
BLACK
6
CONTINUOUS
10
56.4095399999999998
20
-85.3616659999999996
11
56.4380409999999983
21
-85.3173189999999977
0
LINE
8
BLACK
6
CONTINUOUS
10
56.4380409999999983
20
-85.3173189999999977
11
56.4763219999999961
21
-85.2790379999999999
0
LINE
8
BLACK
6
CONTINUOUS
10
56.4763219999999961
20
-85.2790379999999999
11
56.5451309999999978
21
-85.2102289999999982
0
LINE
8
BLACK
6
CONTINUOUS
10
56.5451309999999978
20
-85.2102289999999982
11
56.6978340000000003
21
-85.0000509999999991
0
LINE
8
BLACK
6
CONTINUOUS
10
56.6978340000000003
20
-85.0000509999999991
11
56.8157789999999991
21
-84.7685719999999918
0
LINE
8
BLACK
6
CONTINUOUS
10
56.8157789999999991
20
-84.7685719999999918
11
56.8960599999999985
21
-84.5214929999999924
0
LINE
8
BLACK
6
CONTINUOUS
10
56.8960599999999985
20
-84.5214929999999924
11
56.9286189999999976
21
-84.3159199999999913
0
LINE
8
BLACK
6
CONTINUOUS
10
56.9286189999999976
20
-84.3159199999999913
11
56.9366999999999948
21
-84.2649019999999922
0
LINE
8
BLACK
6
CONTINUOUS
10
56.9366999999999948
20
-84.2649019999999922
11
56.9366999999999948
21
-84.0050969999999921
0
LINE
8
BLACK
6
CONTINUOUS
10
56.9366999999999948
20
-84.0050969999999921
11
56.9049279999999982
21
-83.8044999999999902
0
LINE
8
BLACK
6
CONTINUOUS
10
56.9049279999999982
20
-83.8044999999999902
11
56.8960599999999985
21
-83.7485069999999894
0
LINE
8
BLACK
6
CONTINUOUS
10
56.8960599999999985
20
-83.7485069999999894
11
56.8157789999999991
21
-83.50142799999999
0
LINE
8
BLACK
6
CONTINUOUS
10
56.8157789999999991
20
-83.50142799999999
11
56.8157769999999971
21
-83.5014249999999976
0
LINE
8
BLACK
6
CONTINUOUS
10
56.8157769999999971
20
-83.5014249999999976
11
56.8157769999999971
21
-83.5014230000000026
0
LINE
8
BLACK
6
CONTINUOUS
10
56.8157769999999971
20
-83.5014230000000026
11
56.7729870000000005
21
-83.4174450000000007
0
LINE
8
BLACK
6
CONTINUOUS
10
56.7729870000000005
20
-83.4174450000000007
11
56.6978340000000003
21
-83.2699489999999969
0
LINE
8
BLACK
6
CONTINUOUS
10
56.6978340000000003
20
-83.2699489999999969
11
56.5451309999999978
21
-83.0597709999999978
0
LINE
8
BLACK
6
CONTINUOUS
10
56.5451309999999978
20
-83.0597709999999978
11
56.4380409999999983
21
-82.9526809999999983
0
LINE
8
BLACK
6
CONTINUOUS
10
56.4380409999999983
20
-82.9526809999999983
11
56.4045559999999995
21
-82.8913579999999968
0
LINE
8
BLACK
6
CONTINUOUS
10
56.4045559999999995
20
-82.8913579999999968
11
56.4095399999999998
21
-82.8216659999999933
0
LINE
8
BLACK
6
CONTINUOUS
10
56.4095399999999998
20
-82.8216659999999933
11
56.4380409999999983
21
-82.7773189999999914
0
LINE
8
BLACK
6
CONTINUOUS
10
56.4380409999999983
20
-82.7773189999999914
11
56.4734259999999963
21
-82.7419340000000005
0
LINE
8
BLACK
6
CONTINUOUS
10
56.4734259999999963
20
-82.7419340000000005
11
56.5451309999999978
21
-82.670228999999992
0
LINE
8
BLACK
6
CONTINUOUS
10
56.5451309999999978
20
-82.670228999999992
11
56.6978340000000003
21
-82.4600509999999929
0
LINE
8
BLACK
6
CONTINUOUS
10
56.6978340000000003
20
-82.4600509999999929
11
56.8157789999999991
21
-82.2285719999999998
0
LINE
8
BLACK
6
CONTINUOUS
10
56.8157789999999991
20
-82.2285719999999998
11
56.8960599999999985
21
-81.9814930000000004
0
LINE
8
BLACK
6
CONTINUOUS
10
56.8960599999999985
20
-81.9814930000000004
11
56.9226219999999969
21
-81.8137849999999958
0
LINE
8
BLACK
6
CONTINUOUS
10
56.9226219999999969
20
-81.8137849999999958
11
56.9366999999999948
21
-81.7249020000000002
0
LINE
8
BLACK
6
CONTINUOUS
10
56.9366999999999948
20
-81.7249020000000002
11
56.9366999999999948
21
-81.4650970000000001
0
LINE
8
BLACK
6
CONTINUOUS
10
56.9366999999999948
20
-81.4650970000000001
11
56.9151469999999975
21
-81.3290209999999973
0
LINE
8
BLACK
6
CONTINUOUS
10
56.9151469999999975
20
-81.3290209999999973
11
56.8960599999999985
21
-81.2085069999999973
0
LINE
8
BLACK
6
CONTINUOUS
10
56.8960599999999985
20
-81.2085069999999973
11
56.8157789999999991
21
-80.961427999999998
0
LINE
8
BLACK
6
CONTINUOUS
10
56.8157789999999991
20
-80.961427999999998
11
56.8157769999999971
21
-80.9614249999999913
0
LINE
8
BLACK
6
CONTINUOUS
10
56.8157769999999971
20
-80.9614249999999913
11
56.8157769999999971
21
-80.9614229999999964
0
LINE
8
BLACK
6
CONTINUOUS
10
56.8157769999999971
20
-80.9614229999999964
11
56.7729870000000005
21
-80.8774449999999945
0
LINE
8
BLACK
6
CONTINUOUS
10
56.7729870000000005
20
-80.8774449999999945
11
56.6978340000000003
21
-80.7299489999999906
0
LINE
8
BLACK
6
CONTINUOUS
10
56.6978340000000003
20
-80.7299489999999906
11
56.5451309999999978
21
-80.5197709999999915
0
LINE
8
BLACK
6
CONTINUOUS
10
56.5451309999999978
20
-80.5197709999999915
11
56.4380409999999983
21
-80.4126809999999921
0
LINE
8
BLACK
6
CONTINUOUS
10
56.4380409999999983
20
-80.4126809999999921
11
56.4045559999999995
21
-80.3513579999999905
0
LINE
8
BLACK
6
CONTINUOUS
10
56.4045559999999995
20
-80.3513579999999905
11
56.4095399999999998
21
-80.2816660000000013
0
LINE
8
BLACK
6
CONTINUOUS
10
56.4095399999999998
20
-80.2816660000000013
11
56.4380409999999983
21
-80.2373189999999994
0
LINE
8
BLACK
6
CONTINUOUS
10
56.4380409999999983
20
-80.2373189999999994
11
56.456510999999999
21
-80.2188489999999916
0
LINE
8
BLACK
6
CONTINUOUS
10
56.456510999999999
20
-80.2188489999999916
11
56.5451309999999978
21
-80.1302289999999999
0
LINE
8
BLACK
6
CONTINUOUS
10
56.5451309999999978
20
-80.1302289999999999
11
56.6978340000000003
21
-79.9200510000000008
0
LINE
8
BLACK
6
CONTINUOUS
10
56.6978340000000003
20
-79.9200510000000008
11
56.8157789999999991
21
-79.6885719999999935
0
LINE
8
BLACK
6
CONTINUOUS
10
56.8157789999999991
20
-79.6885719999999935
11
56.8960599999999985
21
-79.4414929999999941
0
LINE
8
BLACK
6
CONTINUOUS
10
56.8960599999999985
20
-79.4414929999999941
11
56.9187389999999951
21
-79.2982980000000026
0
LINE
8
BLACK
6
CONTINUOUS
10
56.9187389999999951
20
-79.2982980000000026
11
56.9366999999999948
21
-79.1849019999999939
0
LINE
8
BLACK
6
CONTINUOUS
10
56.9366999999999948
20
-79.1849019999999939
11
56.9366999999999948
21
-78.9250969999999938
0
LINE
8
BLACK
6
CONTINUOUS
10
56.9366999999999948
20
-78.9250969999999938
11
56.9151469999999975
21
-78.7890209999999911
0
LINE
8
BLACK
6
CONTINUOUS
10
56.9151469999999975
20
-78.7890209999999911
11
56.8960599999999985
21
-78.6685069999999911
0
LINE
8
BLACK
6
CONTINUOUS
10
56.8960599999999985
20
-78.6685069999999911
11
56.8157789999999991
21
-78.4214279999999917
0
LINE
8
BLACK
6
CONTINUOUS
10
56.8157789999999991
20
-78.4214279999999917
11
56.8157769999999971
21
-78.4214249999999993
0
LINE
8
BLACK
6
CONTINUOUS
10
56.8157769999999971
20
-78.4214249999999993
11
56.8157769999999971
21
-78.4214229999999901
0
LINE
8
BLACK
6
CONTINUOUS
10
56.8157769999999971
20
-78.4214229999999901
11
56.7522299999999973
21
-78.2967069999999978
0
LINE
8
BLACK
6
CONTINUOUS
10
56.7522299999999973
20
-78.2967069999999978
11
56.6978340000000003
21
-78.1899489999999986
0
LINE
8
BLACK
6
CONTINUOUS
10
56.6978340000000003
20
-78.1899489999999986
11
56.5451309999999978
21
-77.9797709999999995
0
LINE
8
BLACK
6
CONTINUOUS
10
56.5451309999999978
20
-77.9797709999999995
11
56.4380409999999983
21
-77.872681
0
LINE
8
BLACK
6
CONTINUOUS
10
56.4380409999999983
20
-77.872681
11
56.4045559999999995
21
-77.8113579999999985
0
LINE
8
BLACK
6
CONTINUOUS
10
56.4045559999999995
20
-77.8113579999999985
11
56.4095399999999998
21
-77.7416659999999951
0
LINE
8
BLACK
6
CONTINUOUS
10
56.4095399999999998
20
-77.7416659999999951
11
56.4380409999999983
21
-77.6973189999999931
0
LINE
8
BLACK
6
CONTINUOUS
10
56.4380409999999983
20
-77.6973189999999931
11
56.5451309999999978
21
-77.5902289999999937
0
LINE
8
BLACK
6
CONTINUOUS
10
56.5451309999999978
20
-77.5902289999999937
11
56.6978340000000003
21
-77.3800509999999946
0
LINE
8
BLACK
6
CONTINUOUS
10
56.6978340000000003
20
-77.3800509999999946
11
56.8157789999999991
21
-77.1485720000000015
0
LINE
8
BLACK
6
CONTINUOUS
10
56.8157789999999991
20
-77.1485720000000015
11
56.8960599999999985
21
-76.9014930000000021
0
LINE
8
BLACK
6
CONTINUOUS
10
56.8960599999999985
20
-76.9014930000000021
11
56.9187389999999951
21
-76.7582979999999964
0
LINE
8
BLACK
6
CONTINUOUS
10
56.9187389999999951
20
-76.7582979999999964
11
56.9366999999999948
21
-76.6449020000000019
0
LINE
8
BLACK
6
CONTINUOUS
10
56.9366999999999948
20
-76.6449020000000019
11
56.9366999999999948
21
-76.3850970000000018
0
LINE
8
BLACK
6
CONTINUOUS
10
56.9366999999999948
20
-76.3850970000000018
11
56.9151469999999975
21
-76.249020999999999
0
LINE
8
BLACK
6
CONTINUOUS
10
56.9151469999999975
20
-76.249020999999999
11
56.8960599999999985
21
-76.128506999999999
0
LINE
8
BLACK
6
CONTINUOUS
10
56.8960599999999985
20
-76.128506999999999
11
56.8157789999999991
21
-75.8814279999999997
0
LINE
8
BLACK
6
CONTINUOUS
10
56.8157789999999991
20
-75.8814279999999997
11
56.8157769999999971
21
-75.881424999999993
0
LINE
8
BLACK
6
CONTINUOUS
10
56.8157769999999971
20
-75.881424999999993
11
56.8157769999999971
21
-75.8814229999999981
0
LINE
8
BLACK
6
CONTINUOUS
10
56.8157769999999971
20
-75.8814229999999981
11
56.7728739999999945
21
-75.7972230000000025
0
LINE
8
BLACK
6
CONTINUOUS
10
56.7728739999999945
20
-75.7972230000000025
11
56.6978340000000003
21
-75.6499489999999923
0
LINE
8
BLACK
6
CONTINUOUS
10
56.6978340000000003
20
-75.6499489999999923
11
56.5451309999999978
21
-75.4397709999999933
0
LINE
8
BLACK
6
CONTINUOUS
10
56.5451309999999978
20
-75.4397709999999933
11
56.4380409999999983
21
-75.3326809999999938
0
LINE
8
BLACK
6
CONTINUOUS
10
56.4380409999999983
20
-75.3326809999999938
11
56.4045559999999995
21
-75.2713579999999922
0
LINE
8
BLACK
6
CONTINUOUS
10
56.4045559999999995
20
-75.2713579999999922
11
56.4095399999999998
21
-75.201666000000003
0
LINE
8
BLACK
6
CONTINUOUS
10
56.4095399999999998
20
-75.201666000000003
11
56.4380409999999983
21
-75.1573190000000011
0
LINE
8
BLACK
6
CONTINUOUS
10
56.4380409999999983
20
-75.1573190000000011
11
56.5451309999999978
21
-75.0502290000000016
0
LINE
8
BLACK
6
CONTINUOUS
10
56.5451309999999978
20
-75.0502290000000016
11
56.6978340000000003
21
-74.8400510000000025
0
LINE
8
BLACK
6
CONTINUOUS
10
56.6978340000000003
20
-74.8400510000000025
11
56.8157789999999991
21
-74.6085719999999952
0
LINE
8
BLACK
6
CONTINUOUS
10
56.8157789999999991
20
-74.6085719999999952
11
56.8960599999999985
21
-74.3614929999999958
0
LINE
8
BLACK
6
CONTINUOUS
10
56.8960599999999985
20
-74.3614929999999958
11
56.9205339999999964
21
-74.2069659999999942
0
LINE
8
BLACK
6
CONTINUOUS
10
56.9205339999999964
20
-74.2069659999999942
11
56.9366999999999948
21
-74.1049019999999956
0
LINE
8
BLACK
6
CONTINUOUS
10
56.9366999999999948
20
-74.1049019999999956
11
56.9366999999999948
21
-73.8450969999999955
0
LINE
8
BLACK
6
CONTINUOUS
10
56.9366999999999948
20
-73.8450969999999955
11
56.9151469999999975
21
-73.7090209999999928
0
LINE
8
BLACK
6
CONTINUOUS
10
56.9151469999999975
20
-73.7090209999999928
11
56.8960599999999985
21
-73.5885069999999928
0
LINE
8
BLACK
6
CONTINUOUS
10
56.8960599999999985
20
-73.5885069999999928
11
56.8157789999999991
21
-73.3414279999999934
0
LINE
8
BLACK
6
CONTINUOUS
10
56.8157789999999991
20
-73.3414279999999934
11
56.8157769999999971
21
-73.341425000000001
0
LINE
8
BLACK
6
CONTINUOUS
10
56.8157769999999971
20
-73.341425000000001
11
56.8157769999999971
21
-73.3414229999999918
0
LINE
8
BLACK
6
CONTINUOUS
10
56.8157769999999971
20
-73.3414229999999918
11
56.7729870000000005
21
-73.2574449999999899
0
LINE
8
BLACK
6
CONTINUOUS
10
56.7729870000000005
20
-73.2574449999999899
11
56.6978340000000003
21
-73.1099490000000003
0
LINE
8
BLACK
6
CONTINUOUS
10
56.6978340000000003
20
-73.1099490000000003
11
56.5451309999999978
21
-72.8997710000000012
0
LINE
8
BLACK
6
CONTINUOUS
10
56.5451309999999978
20
-72.8997710000000012
11
56.4380409999999983
21
-72.7926810000000017
0
LINE
8
BLACK
6
CONTINUOUS
10
56.4380409999999983
20
-72.7926810000000017
11
56.4045559999999995
21
-72.7313580000000002
0
LINE
8
BLACK
6
CONTINUOUS
10
56.4045559999999995
20
-72.7313580000000002
11
56.4095399999999998
21
-72.6616659999999968
0
LINE
8
BLACK
6
CONTINUOUS
10
56.4095399999999998
20
-72.6616659999999968
11
56.4380409999999983
21
-72.6173189999999948
0
LINE
8
BLACK
6
CONTINUOUS
10
56.4380409999999983
20
-72.6173189999999948
11
56.4739369999999994
21
-72.5814230000000009
0
LINE
8
BLACK
6
CONTINUOUS
10
56.4739369999999994
20
-72.5814230000000009
11
56.5451309999999978
21
-72.5102289999999954
0
LINE
8
BLACK
6
CONTINUOUS
10
56.5451309999999978
20
-72.5102289999999954
11
56.6978340000000003
21
-72.3000509999999963
0
LINE
8
BLACK
6
CONTINUOUS
10
56.6978340000000003
20
-72.3000509999999963
11
56.8157789999999991
21
-72.0685720000000032
0
LINE
8
BLACK
6
CONTINUOUS
10
56.8157789999999991
20
-72.0685720000000032
11
56.8960599999999985
21
-71.8214930000000038
0
LINE
8
BLACK
6
CONTINUOUS
10
56.8960599999999985
20
-71.8214930000000038
11
56.9187389999999951
21
-71.6782979999999981
0
LINE
8
BLACK
6
CONTINUOUS
10
56.9187389999999951
20
-71.6782979999999981
11
56.9366999999999948
21
-71.5649020000000036
0
LINE
8
BLACK
6
CONTINUOUS
10
56.9366999999999948
20
-71.5649020000000036
11
56.9366999999999948
21
-71.3050970000000035
0
LINE
8
BLACK
6
CONTINUOUS
10
56.9366999999999948
20
-71.3050970000000035
11
56.9151469999999975
21
-71.1690210000000008
0
LINE
8
BLACK
6
CONTINUOUS
10
56.9151469999999975
20
-71.1690210000000008
11
56.8960599999999985
21
-71.0485070000000007
0
LINE
8
BLACK
6
CONTINUOUS
10
56.8960599999999985
20
-71.0485070000000007
11
56.8157789999999991
21
-70.8014280000000014
0
LINE
8
BLACK
6
CONTINUOUS
10
56.8157789999999991
20
-70.8014280000000014
11
56.8157769999999971
21
-70.8014249999999947
0
LINE
8
BLACK
6
CONTINUOUS
10
56.8157769999999971
20
-70.8014249999999947
11
56.8157769999999971
21
-70.8014229999999998
0
LINE
8
BLACK
6
CONTINUOUS
10
56.8157769999999971
20
-70.8014229999999998
11
56.750631999999996
21
-70.6735709999999955
0
LINE
8
BLACK
6
CONTINUOUS
10
56.750631999999996
20
-70.6735709999999955
11
56.6978340000000003
21
-70.569948999999994
0
LINE
8
BLACK
6
CONTINUOUS
10
56.6978340000000003
20
-70.569948999999994
11
56.5451309999999978
21
-70.359770999999995
0
LINE
8
BLACK
6
CONTINUOUS
10
56.5451309999999978
20
-70.359770999999995
11
56.4380409999999983
21
-70.2526809999999955
0
LINE
8
BLACK
6
CONTINUOUS
10
56.4380409999999983
20
-70.2526809999999955
11
56.4045559999999995
21
-70.1913579999999939
0
LINE
8
BLACK
6
CONTINUOUS
10
56.4045559999999995
20
-70.1913579999999939
11
56.4095399999999998
21
-70.1216659999999905
0
LINE
8
BLACK
6
CONTINUOUS
10
56.4095399999999998
20
-70.1216659999999905
11
56.4380409999999983
21
-70.0773190000000028
0
LINE
8
BLACK
6
CONTINUOUS
10
56.4380409999999983
20
-70.0773190000000028
11
56.4739369999999994
21
-70.0414229999999947
0
LINE
8
BLACK
6
CONTINUOUS
10
56.4739369999999994
20
-70.0414229999999947
11
56.5451309999999978
21
-69.9702290000000033
0
LINE
8
BLACK
6
CONTINUOUS
10
56.5451309999999978
20
-69.9702290000000033
11
56.6978340000000003
21
-69.76005099999999
0
LINE
8
BLACK
6
CONTINUOUS
10
56.6978340000000003
20
-69.76005099999999
11
56.8157789999999991
21
-69.5285719999999969
0
LINE
8
BLACK
6
CONTINUOUS
10
56.8157789999999991
20
-69.5285719999999969
11
56.8960599999999985
21
-69.2814929999999976
0
LINE
8
BLACK
6
CONTINUOUS
10
56.8960599999999985
20
-69.2814929999999976
11
56.9205339999999964
21
-69.1269659999999959
0
LINE
8
BLACK
6
CONTINUOUS
10
56.9205339999999964
20
-69.1269659999999959
11
56.9366999999999948
21
-69.0249019999999973
0
LINE
8
BLACK
6
CONTINUOUS
10
56.9366999999999948
20
-69.0249019999999973
11
56.9366999999999948
21
-68.7650969999999973
0
LINE
8
BLACK
6
CONTINUOUS
10
56.9366999999999948
20
-68.7650969999999973
11
56.9085049999999981
21
-68.5870850000000019
0
LINE
8
BLACK
6
CONTINUOUS
10
56.9085049999999981
20
-68.5870850000000019
11
56.8960599999999985
21
-68.5085069999999945
0
LINE
8
BLACK
6
CONTINUOUS
10
56.8960599999999985
20
-68.5085069999999945
11
56.8157789999999991
21
-68.2614279999999951
0
LINE
8
BLACK
6
CONTINUOUS
10
56.8157789999999991
20
-68.2614279999999951
11
56.8157769999999971
21
-68.2614250000000027
0
LINE
8
BLACK
6
CONTINUOUS
10
56.8157769999999971
20
-68.2614250000000027
11
56.8157769999999971
21
-68.2614229999999935
0
LINE
8
BLACK
6
CONTINUOUS
10
56.8157769999999971
20
-68.2614229999999935
11
56.762594
21
-68.1570480000000032
0
LINE
8
BLACK
6
CONTINUOUS
10
56.762594
20
-68.1570480000000032
11
56.6978340000000003
21
-68.029949000000002
0
LINE
8
BLACK
6
CONTINUOUS
10
56.6978340000000003
20
-68.029949000000002
11
56.5451309999999978
21
-67.8197710000000029
0
LINE
8
BLACK
6
CONTINUOUS
10
56.5451309999999978
20
-67.8197710000000029
11
56.4380409999999983
21
-67.7126810000000035
0
LINE
8
BLACK
6
CONTINUOUS
10
56.4380409999999983
20
-67.7126810000000035
11
56.4045559999999995
21
-67.6513580000000019
0
LINE
8
BLACK
6
CONTINUOUS
10
56.4045559999999995
20
-67.6513580000000019
11
56.4095399999999998
21
-67.5816659999999985
0
LINE
8
BLACK
6
CONTINUOUS
10
56.4095399999999998
20
-67.5816659999999985
11
56.4380409999999983
21
-67.5373189999999965
0
LINE
8
BLACK
6
CONTINUOUS
10
56.4380409999999983
20
-67.5373189999999965
11
56.4739369999999994
21
-67.5014230000000026
0
LINE
8
BLACK
6
CONTINUOUS
10
56.4739369999999994
20
-67.5014230000000026
11
56.5451309999999978
21
-67.4302289999999971
0
LINE
8
BLACK
6
CONTINUOUS
10
56.5451309999999978
20
-67.4302289999999971
11
56.6978340000000003
21
-67.220050999999998
0
LINE
8
BLACK
6
CONTINUOUS
10
56.6978340000000003
20
-67.220050999999998
11
56.8157789999999991
21
-66.9885719999999907
0
LINE
8
BLACK
6
CONTINUOUS
10
56.8157789999999991
20
-66.9885719999999907
11
56.8960599999999985
21
-66.7414929999999913
0
LINE
8
BLACK
6
CONTINUOUS
10
56.8960599999999985
20
-66.7414929999999913
11
56.9187389999999951
21
-66.5982979999999998
0
LINE
8
BLACK
6
CONTINUOUS
10
56.9187389999999951
20
-66.5982979999999998
11
56.9366999999999948
21
-66.4849019999999911
0
LINE
8
BLACK
6
CONTINUOUS
10
56.9366999999999948
20
-66.4849019999999911
11
56.9366999999999948
21
-66.225096999999991
0
LINE
8
BLACK
6
CONTINUOUS
10
56.9366999999999948
20
-66.225096999999991
11
56.9090409999999949
21
-66.0504660000000001
0
LINE
8
BLACK
6
CONTINUOUS
10
56.9090409999999949
20
-66.0504660000000001
11
56.8960599999999985
21
-65.9685070000000024
0
LINE
8
BLACK
6
CONTINUOUS
10
56.8960599999999985
20
-65.9685070000000024
11
56.8157789999999991
21
-65.7214280000000031
0
LINE
8
BLACK
6
CONTINUOUS
10
56.8157789999999991
20
-65.7214280000000031
11
56.8157769999999971
21
-65.7214249999999964
0
LINE
8
BLACK
6
CONTINUOUS
10
56.8157769999999971
20
-65.7214249999999964
11
56.8157769999999971
21
-65.7214230000000015
0
LINE
8
BLACK
6
CONTINUOUS
10
56.8157769999999971
20
-65.7214230000000015
11
56.7729870000000005
21
-65.6374449999999996
0
LINE
8
BLACK
6
CONTINUOUS
10
56.7729870000000005
20
-65.6374449999999996
11
56.6978340000000003
21
-65.4899489999999957
0
LINE
8
BLACK
6
CONTINUOUS
10
56.6978340000000003
20
-65.4899489999999957
11
56.5451309999999978
21
-65.2797709999999967
0
LINE
8
BLACK
6
CONTINUOUS
10
56.5451309999999978
20
-65.2797709999999967
11
56.4380409999999983
21
-65.1726809999999972
0
LINE
8
BLACK
6
CONTINUOUS
10
56.4380409999999983
20
-65.1726809999999972
11
56.4045559999999995
21
-65.1113579999999956
0
LINE
8
BLACK
6
CONTINUOUS
10
56.4045559999999995
20
-65.1113579999999956
11
56.4095399999999998
21
-65.0416659999999922
0
LINE
8
BLACK
6
CONTINUOUS
10
56.4095399999999998
20
-65.0416659999999922
11
56.4380409999999983
21
-64.9973189999999903
0
LINE
8
BLACK
6
CONTINUOUS
10
56.4380409999999983
20
-64.9973189999999903
11
56.5451309999999978
21
-64.8902289999999908
0
LINE
8
BLACK
6
CONTINUOUS
10
56.5451309999999978
20
-64.8902289999999908
11
56.6978340000000003
21
-64.6800509999999917
0
LINE
8
BLACK
6
CONTINUOUS
10
56.6978340000000003
20
-64.6800509999999917
11
56.8157789999999991
21
-64.4485719999999986
0
LINE
8
BLACK
6
CONTINUOUS
10
56.8157789999999991
20
-64.4485719999999986
11
56.8960599999999985
21
-64.2014929999999993
0
LINE
8
BLACK
6
CONTINUOUS
10
56.8960599999999985
20
-64.2014929999999993
11
56.9249299999999963
21
-64.0192109999999985
0
LINE
8
BLACK
6
CONTINUOUS
10
56.9249299999999963
20
-64.0192109999999985
11
56.9366999999999948
21
-63.944901999999999
0
LINE
8
BLACK
6
CONTINUOUS
10
56.9366999999999948
20
-63.944901999999999
11
56.9366999999999948
21
-63.685096999999999
0
LINE
8
BLACK
6
CONTINUOUS
10
56.9366999999999948
20
-63.685096999999999
11
56.9096759999999975
21
-63.5144769999999994
0
LINE
8
BLACK
6
CONTINUOUS
10
56.9096759999999975
20
-63.5144769999999994
11
56.8960599999999985
21
-63.4285069999999962
0
LINE
8
BLACK
6
CONTINUOUS
10
56.8960599999999985
20
-63.4285069999999962
11
56.8157789999999991
21
-63.1814279999999968
0
LINE
8
BLACK
6
CONTINUOUS
10
56.8157789999999991
20
-63.1814279999999968
11
56.8157769999999971
21
-63.1814249999999973
0
LINE
8
BLACK
6
CONTINUOUS
10
56.8157769999999971
20
-63.1814249999999973
11
56.8157769999999971
21
-63.1814229999999952
0
LINE
8
BLACK
6
CONTINUOUS
10
56.8157769999999971
20
-63.1814229999999952
11
56.754134999999998
21
-63.0604449999999943
0
LINE
8
BLACK
6
CONTINUOUS
10
56.754134999999998
20
-63.0604449999999943
11
56.6978340000000003
21
-62.9499489999999966
0
LINE
8
BLACK
6
CONTINUOUS
10
56.6978340000000003
20
-62.9499489999999966
11
56.5451309999999978
21
-62.7397709999999975
0
LINE
8
BLACK
6
CONTINUOUS
10
56.5451309999999978
20
-62.7397709999999975
11
56.4380409999999983
21
-62.6326809999999981
0
LINE
8
BLACK
6
CONTINUOUS
10
56.4380409999999983
20
-62.6326809999999981
11
56.4045559999999995
21
-62.5713579999999965
0
LINE
8
BLACK
6
CONTINUOUS
10
56.4045559999999995
20
-62.5713579999999965
11
56.4095399999999998
21
-62.5016660000000002
0
LINE
8
BLACK
6
CONTINUOUS
10
56.4095399999999998
20
-62.5016660000000002
11
56.4380409999999983
21
-62.4573189999999983
0
LINE
8
BLACK
6
CONTINUOUS
10
56.4380409999999983
20
-62.4573189999999983
11
56.4477109999999982
21
-62.4476489999999984
0
LINE
8
BLACK
6
CONTINUOUS
10
56.4477109999999982
20
-62.4476489999999984
11
56.5451309999999978
21
-62.3502289999999988
0
LINE
8
BLACK
6
CONTINUOUS
10
56.5451309999999978
20
-62.3502289999999988
11
56.6978340000000003
21
-62.1400509999999997
0
LINE
8
BLACK
6
CONTINUOUS
10
56.6978340000000003
20
-62.1400509999999997
11
56.8157789999999991
21
-61.9085719999999995
0
LINE
8
BLACK
6
CONTINUOUS
10
56.8157789999999991
20
-61.9085719999999995
11
56.8960599999999985
21
-61.6614930000000001
0
LINE
8
BLACK
6
CONTINUOUS
10
56.8960599999999985
20
-61.6614930000000001
11
56.9187389999999951
21
-61.5182979999999944
0
LINE
8
BLACK
6
CONTINUOUS
10
56.9187389999999951
20
-61.5182979999999944
11
56.9366999999999948
21
-61.4049019999999999
0
LINE
8
BLACK
6
CONTINUOUS
10
56.9366999999999948
20
-61.4049019999999999
11
56.9366999999999948
21
-61.1450969999999998
0
LINE
8
BLACK
6
CONTINUOUS
10
56.9366999999999948
20
-61.1450969999999998
11
56.9151469999999975
21
-61.0090209999999971
0
LINE
8
BLACK
6
CONTINUOUS
10
56.9151469999999975
20
-61.0090209999999971
11
56.8960599999999985
21
-60.888506999999997
0
LINE
8
BLACK
6
CONTINUOUS
10
56.8960599999999985
20
-60.888506999999997
11
56.8157789999999991
21
-60.6414279999999977
0
LINE
8
BLACK
6
CONTINUOUS
10
56.8157789999999991
20
-60.6414279999999977
11
56.8157769999999971
21
-60.6414249999999981
0
LINE
8
BLACK
6
CONTINUOUS
10
56.8157769999999971
20
-60.6414249999999981
11
56.8157769999999971
21
-60.6414229999999961
0
LINE
8
BLACK
6
CONTINUOUS
10
56.8157769999999971
20
-60.6414229999999961
11
56.7729870000000005
21
-60.5574449999999942
0
LINE
8
BLACK
6
CONTINUOUS
10
56.7729870000000005
20
-60.5574449999999942
11
56.6978340000000003
21
-60.4099489999999975
0
LINE
8
BLACK
6
CONTINUOUS
10
56.6978340000000003
20
-60.4099489999999975
11
56.5451309999999978
21
-60.1997709999999984
0
LINE
8
BLACK
6
CONTINUOUS
10
56.5451309999999978
20
-60.1997709999999984
11
56.4380409999999983
21
-60.0926809999999989
0
LINE
8
BLACK
6
CONTINUOUS
10
56.4380409999999983
20
-60.0926809999999989
11
56.4045559999999995
21
-60.0313579999999973
0
LINE
8
BLACK
6
CONTINUOUS
10
56.4045559999999995
20
-60.0313579999999973
11
56.4095399999999998
21
-59.9616659999999939
0
LINE
8
BLACK
6
CONTINUOUS
10
56.4095399999999998
20
-59.9616659999999939
11
56.4380409999999983
21
-59.9173189999999991
0
LINE
8
BLACK
6
CONTINUOUS
10
56.4380409999999983
20
-59.9173189999999991
11
56.5451309999999978
21
-59.8102289999999996
0
LINE
8
BLACK
6
CONTINUOUS
10
56.5451309999999978
20
-59.8102289999999996
11
56.6978340000000003
21
-59.6000510000000006
0
LINE
8
BLACK
6
CONTINUOUS
10
56.6978340000000003
20
-59.6000510000000006
11
56.8157789999999991
21
-59.3685720000000003
0
LINE
8
BLACK
6
CONTINUOUS
10
56.8157789999999991
20
-59.3685720000000003
11
56.8960599999999985
21
-59.1214929999999939
0
LINE
8
BLACK
6
CONTINUOUS
10
56.8960599999999985
20
-59.1214929999999939
11
56.9187389999999951
21
-58.9782979999999952
0
LINE
8
BLACK
6
CONTINUOUS
10
56.9187389999999951
20
-58.9782979999999952
11
56.9366999999999948
21
-58.8649020000000007
0
LINE
8
BLACK
6
CONTINUOUS
10
56.9366999999999948
20
-58.8649020000000007
11
56.9366999999999948
21
-58.6050970000000007
0
LINE
8
BLACK
6
CONTINUOUS
10
56.9366999999999948
20
-58.6050970000000007
11
56.9076379999999986
21
-58.4216109999999986
0
LINE
8
BLACK
6
CONTINUOUS
10
56.9076379999999986
20
-58.4216109999999986
11
56.8960599999999985
21
-58.3485069999999979
0
LINE
8
BLACK
6
CONTINUOUS
10
56.8960599999999985
20
-58.3485069999999979
11
56.8157789999999991
21
-58.1014279999999985
0
LINE
8
BLACK
6
CONTINUOUS
10
56.8157789999999991
20
-58.1014279999999985
11
56.8157769999999971
21
-58.101424999999999
0
LINE
8
BLACK
6
CONTINUOUS
10
56.8157769999999971
20
-58.101424999999999
11
56.8157769999999971
21
-58.1014229999999969
0
LINE
8
BLACK
6
CONTINUOUS
10
56.8157769999999971
20
-58.1014229999999969
11
56.7729870000000005
21
-58.017444999999995
0
LINE
8
BLACK
6
CONTINUOUS
10
56.7729870000000005
20
-58.017444999999995
11
56.6978340000000003
21
-57.8699489999999983
0
LINE
8
BLACK
6
CONTINUOUS
10
56.6978340000000003
20
-57.8699489999999983
11
56.5451309999999978
21
-57.6597709999999992
0
LINE
8
BLACK
6
CONTINUOUS
10
56.5451309999999978
20
-57.6597709999999992
11
56.4380409999999983
21
-57.5526809999999998
0
LINE
8
BLACK
6
CONTINUOUS
10
56.4380409999999983
20
-57.5526809999999998
11
56.4045559999999995
21
-57.4913579999999982
0
LINE
8
BLACK
6
CONTINUOUS
10
56.4045559999999995
20
-57.4913579999999982
11
56.4095399999999998
21
-57.4216659999999948
0
LINE
8
BLACK
6
CONTINUOUS
10
56.4095399999999998
20
-57.4216659999999948
11
56.4380409999999983
21
-57.377319
0
LINE
8
BLACK
6
CONTINUOUS
10
56.4380409999999983
20
-57.377319
11
56.5451309999999978
21
-57.2702290000000005
0
LINE
8
BLACK
6
CONTINUOUS
10
56.5451309999999978
20
-57.2702290000000005
11
56.6978340000000003
21
-57.0600509999999943
0
LINE
8
BLACK
6
CONTINUOUS
10
56.6978340000000003
20
-57.0600509999999943
11
56.8157789999999991
21
-56.8285719999999941
0
LINE
8
BLACK
6
CONTINUOUS
10
56.8157789999999991
20
-56.8285719999999941
11
56.8960599999999985
21
-56.5814929999999947
0
LINE
8
BLACK
6
CONTINUOUS
10
56.8960599999999985
20
-56.5814929999999947
11
56.9187389999999951
21
-56.4382979999999961
0
LINE
8
BLACK
6
CONTINUOUS
10
56.9187389999999951
20
-56.4382979999999961
11
56.9366999999999948
21
-56.3249019999999945
0
LINE
8
BLACK
6
CONTINUOUS
10
56.9366999999999948
20
-56.3249019999999945
11
56.9366999999999948
21
-56.0650969999999944
0
LINE
8
BLACK
6
CONTINUOUS
10
56.9366999999999948
20
-56.0650969999999944
11
56.9151469999999975
21
-55.9290209999999988
0
LINE
8
BLACK
6
CONTINUOUS
10
56.9151469999999975
20
-55.9290209999999988
11
56.8960599999999985
21
-55.8085069999999988
0
LINE
8
BLACK
6
CONTINUOUS
10
56.8960599999999985
20
-55.8085069999999988
11
56.8157789999999991
21
-55.5614279999999994
0
LINE
8
BLACK
6
CONTINUOUS
10
56.8157789999999991
20
-55.5614279999999994
11
56.8157769999999971
21
-55.5614249999999998
0
LINE
8
BLACK
6
CONTINUOUS
10
56.8157769999999971
20
-55.5614249999999998
11
56.8157769999999971
21
-55.5614229999999978
0
LINE
8
BLACK
6
CONTINUOUS
10
56.8157769999999971
20
-55.5614229999999978
11
56.6978329999999957
21
-55.3299479999999946
0
LINE
8
BLACK
6
CONTINUOUS
10
56.6978329999999957
20
-55.3299479999999946
11
56.6978319999999982
21
-55.3299459999999996
0
LINE
8
BLACK
6
CONTINUOUS
10
56.6978319999999982
20
-55.3299459999999996
11
56.6529849999999939
21
-55.2682189999999949
0
LINE
8
BLACK
6
CONTINUOUS
10
56.6529849999999939
20
-55.2682189999999949
11
56.6295059999999992
21
-55.2024159999999995
0
LINE
8
BLACK
6
CONTINUOUS
10
56.6295059999999992
20
-55.2024159999999995
11
56.6453309999999988
21
-55.1343619999999959
0
LINE
8
BLACK
6
CONTINUOUS
10
56.6453309999999988
20
-55.1343619999999959
11
56.6656229999999965
21
-55.1076549999999941
0
LINE
8
BLACK
6
CONTINUOUS
10
56.6656229999999965
20
-55.1076549999999941
11
56.665623999999994
21
-55.1076539999999966
0
LINE
8
BLACK
6
CONTINUOUS
10
56.665623999999994
20
-55.1076539999999966
11
56.7660160000000005
21
-55.0072619999999972
0
LINE
8
BLACK
6
CONTINUOUS
10
56.7660160000000005
20
-55.0072619999999972
11
56.8619889999999941
21
-54.8545219999999958
0
LINE
8
BLACK
6
CONTINUOUS
10
56.8619889999999941
20
-54.8545219999999958
11
56.9215680000000006
21
-54.6842550000000003
0
LINE
8
BLACK
6
CONTINUOUS
10
56.9215680000000006
20
-54.6842550000000003
11
56.9366999999999948
21
-54.5499539999999996
0
LINE
8
BLACK
6
CONTINUOUS
10
56.9366999999999948
20
-54.5499539999999996
11
56.9366999999999948
21
-52.7600459999999956
0
LINE
8
BLACK
6
CONTINUOUS
10
56.9366999999999948
20
-52.7600459999999956
11
56.9215680000000006
21
-52.6257449999999949
0
LINE
8
BLACK
6
CONTINUOUS
10
56.9215680000000006
20
-52.6257449999999949
11
56.8619889999999941
21
-52.4554779999999994
0
LINE
8
BLACK
6
CONTINUOUS
10
56.8619889999999941
20
-52.4554779999999994
11
56.7660160000000005
21
-52.302737999999998
0
LINE
8
BLACK
6
CONTINUOUS
10
56.7660160000000005
20
-52.302737999999998
11
56.638461999999997
21
-52.1751839999999945
0
LINE
8
BLACK
6
CONTINUOUS
10
56.638461999999997
20
-52.1751839999999945
11
56.6019549999999967
21
-52.1522450000000006
0
LINE
8
BLACK
6
CONTINUOUS
10
56.6019549999999967
20
-52.1522450000000006
11
56.4857230000000001
21
-52.0792110000000008
0
LINE
8
BLACK
6
CONTINUOUS
10
56.4857230000000001
20
-52.0792110000000008
11
56.3154539999999955
21
-52.0196309999999968
0
LINE
8
BLACK
6
CONTINUOUS
10
56.3154539999999955
20
-52.0196309999999968
11
56.315449000000001
21
-52.0196299999999994
0
LINE
8
BLACK
6
CONTINUOUS
10
56.315449000000001
20
-52.0196299999999994
11
56.1811599999999984
21
-52.0045000000000002
0
LINE
8
BLACK
6
CONTINUOUS
10
56.1811599999999984
20
-52.0045000000000002
11
56.1811539999999994
21
-52.0045000000000002
0
LINE
8
BLACK
6
CONTINUOUS
10
56.1811539999999994
20
-52.0045000000000002
11
54.3912459999999953
21
-52.0045000000000002
0
LINE
8
BLACK
6
CONTINUOUS
10
54.3912459999999953
20
-52.0045000000000002
11
54.3912389999999988
21
-52.0045000000000002
0
LINE
8
BLACK
6
CONTINUOUS
10
54.3912389999999988
20
-52.0045000000000002
11
54.2569499999999962
21
-52.0196299999999994
0
LINE
8
BLACK
6
CONTINUOUS
10
54.2569499999999962
20
-52.0196299999999994
11
54.2569449999999946
21
-52.0196309999999968
0
LINE
8
BLACK
6
CONTINUOUS
10
54.2569449999999946
20
-52.0196309999999968
11
54.0866759999999971
21
-52.0792110000000008
0
LINE
8
BLACK
6
CONTINUOUS
10
54.0866759999999971
20
-52.0792110000000008
11
53.9339370000000002
21
-52.1751839999999945
0
LINE
8
BLACK
6
CONTINUOUS
10
53.9339370000000002
20
-52.1751839999999945
11
53.8063839999999942
21
-52.3027370000000005
0
LINE
8
BLACK
6
CONTINUOUS
10
53.8063839999999942
20
-52.3027370000000005
11
53.7104110000000006
21
-52.4554759999999973
0
LINE
8
BLACK
6
CONTINUOUS
10
53.7104110000000006
20
-52.4554759999999973
11
53.6508309999999966
21
-52.6257449999999949
0
LINE
8
BLACK
6
CONTINUOUS
10
53.6508309999999966
20
-52.6257449999999949
11
53.6508299999999991
21
-52.6257499999999965
0
LINE
8
BLACK
6
CONTINUOUS
10
53.6508299999999991
20
-52.6257499999999965
11
53.6356999999999999
21
-52.760038999999999
0
LINE
8
BLACK
6
CONTINUOUS
10
53.6356999999999999
20
-52.760038999999999
11
53.6356999999999999
21
-54.5499599999999987
0
LINE
8
BLACK
6
CONTINUOUS
10
53.6356999999999999
20
-54.5499599999999987
11
53.6508299999999991
21
-54.6842489999999941
0
LINE
8
BLACK
6
CONTINUOUS
10
53.6508299999999991
20
-54.6842489999999941
11
53.6508309999999966
21
-54.6842539999999957
0
LINE
8
BLACK
6
CONTINUOUS
10
53.6508309999999966
20
-54.6842539999999957
11
53.7104110000000006
21
-54.8545230000000004
0
LINE
8
BLACK
6
CONTINUOUS
10
53.7104110000000006
20
-54.8545230000000004
11
53.8063839999999942
21
-55.0072619999999972
0
LINE
8
BLACK
6
CONTINUOUS
10
53.8063839999999942
20
-55.0072619999999972
11
53.9067760000000007
21
-55.1076539999999966
0
LINE
8
BLACK
6
CONTINUOUS
10
53.9067760000000007
20
-55.1076539999999966
11
53.9402609999999996
21
-55.1689769999999982
0
LINE
8
BLACK
6
CONTINUOUS
10
53.9402609999999996
20
-55.1689769999999982
11
53.9352769999999992
21
-55.2386689999999945
0
LINE
8
BLACK
6
CONTINUOUS
10
53.9352769999999992
20
-55.2386689999999945
11
53.9194139999999962
21
-55.2682189999999949
0
LINE
8
BLACK
6
CONTINUOUS
10
53.9194139999999962
20
-55.2682189999999949
11
53.874566999999999
21
-55.3299459999999996
0
LINE
8
BLACK
6
CONTINUOUS
10
53.874566999999999
20
-55.3299459999999996
11
53.7566220000000001
21
-55.5614229999999978
0
LINE
8
BLACK
6
CONTINUOUS
10
53.7566220000000001
20
-55.5614229999999978
11
53.6763399999999962
21
-55.8085059999999942
0
LINE
8
BLACK
6
CONTINUOUS
10
53.6763399999999962
20
-55.8085059999999942
11
53.6356999999999999
21
-56.0650969999999944
0
LINE
8
BLACK
6
CONTINUOUS
10
53.6356999999999999
20
-56.0650969999999944
11
53.6356999999999999
21
-56.3249019999999945
0
LINE
8
BLACK
6
CONTINUOUS
10
53.6356999999999999
20
-56.3249019999999945
11
53.6763399999999962
21
-56.5814929999999947
0
LINE
8
BLACK
6
CONTINUOUS
10
53.6763399999999962
20
-56.5814929999999947
11
53.7566220000000001
21
-56.8285759999999982
0
LINE
8
BLACK
6
CONTINUOUS
10
53.7566220000000001
20
-56.8285759999999982
11
53.8745679999999965
21
-57.0600540000000009
0
LINE
8
BLACK
6
CONTINUOUS
10
53.8745679999999965
20
-57.0600540000000009
11
54.0272659999999973
21
-57.2702249999999964
0
LINE
8
BLACK
6
CONTINUOUS
10
54.0272659999999973
20
-57.2702249999999964
11
54.0272709999999989
21
-57.2702309999999954
0
LINE
8
BLACK
6
CONTINUOUS
10
54.0272709999999989
20
-57.2702309999999954
11
54.1343589999999963
21
-57.377319
0
LINE
8
BLACK
6
CONTINUOUS
10
54.1343589999999963
20
-57.377319
11
54.1678439999999952
21
-57.4386419999999944
0
LINE
8
BLACK
6
CONTINUOUS
10
54.1678439999999952
20
-57.4386419999999944
11
54.1628599999999949
21
-57.5083339999999978
0
LINE
8
BLACK
6
CONTINUOUS
10
54.1628599999999949
20
-57.5083339999999978
11
54.1343589999999963
21
-57.5526809999999998
0
LINE
8
BLACK
6
CONTINUOUS
10
54.1343589999999963
20
-57.5526809999999998
11
54.0272709999999989
21
-57.6597679999999997
0
LINE
8
BLACK
6
CONTINUOUS
10
54.0272709999999989
20
-57.6597679999999997
11
54.0272659999999973
21
-57.6597739999999988
0
LINE
8
BLACK
6
CONTINUOUS
10
54.0272659999999973
20
-57.6597739999999988
11
53.8745679999999965
21
-57.8699449999999942
0
LINE
8
BLACK
6
CONTINUOUS
10
53.8745679999999965
20
-57.8699449999999942
11
53.7566220000000001
21
-58.1014229999999969
0
LINE
8
BLACK
6
CONTINUOUS
10
53.7566220000000001
20
-58.1014229999999969
11
53.6763399999999962
21
-58.3485060000000004
0
LINE
8
BLACK
6
CONTINUOUS
10
53.6763399999999962
20
-58.3485060000000004
11
53.6356999999999999
21
-58.6050970000000007
0
LINE
8
BLACK
6
CONTINUOUS
10
53.6356999999999999
20
-58.6050970000000007
11
53.6356999999999999
21
-58.8649020000000007
0
LINE
8
BLACK
6
CONTINUOUS
10
53.6356999999999999
20
-58.8649020000000007
11
53.6763399999999962
21
-59.1214929999999939
0
LINE
8
BLACK
6
CONTINUOUS
10
53.6763399999999962
20
-59.1214929999999939
11
53.7566220000000001
21
-59.3685759999999974
0
LINE
8
BLACK
6
CONTINUOUS
10
53.7566220000000001
20
-59.3685759999999974
11
53.8745679999999965
21
-59.6000540000000001
0
LINE
8
BLACK
6
CONTINUOUS
10
53.8745679999999965
20
-59.6000540000000001
11
54.0272659999999973
21
-59.8102249999999955
0
LINE
8
BLACK
6
CONTINUOUS
10
54.0272659999999973
20
-59.8102249999999955
11
54.0272709999999989
21
-59.8102309999999946
0
LINE
8
BLACK
6
CONTINUOUS
10
54.0272709999999989
20
-59.8102309999999946
11
54.1343589999999963
21
-59.9173189999999991
0
LINE
8
BLACK
6
CONTINUOUS
10
54.1343589999999963
20
-59.9173189999999991
11
54.1678439999999952
21
-59.9786420000000007
0
LINE
8
BLACK
6
CONTINUOUS
10
54.1678439999999952
20
-59.9786420000000007
11
54.1628599999999949
21
-60.048333999999997
0
LINE
8
BLACK
6
CONTINUOUS
10
54.1628599999999949
20
-60.048333999999997
11
54.1343589999999963
21
-60.0926809999999989
0
LINE
8
BLACK
6
CONTINUOUS
10
54.1343589999999963
20
-60.0926809999999989
11
54.0272709999999989
21
-60.1997679999999988
0
LINE
8
BLACK
6
CONTINUOUS
10
54.0272709999999989
20
-60.1997679999999988
11
54.0272659999999973
21
-60.1997739999999979
0
LINE
8
BLACK
6
CONTINUOUS
10
54.0272659999999973
20
-60.1997739999999979
11
53.8745679999999965
21
-60.4099450000000004
0
LINE
8
BLACK
6
CONTINUOUS
10
53.8745679999999965
20
-60.4099450000000004
11
53.7566220000000001
21
-60.6414229999999961
0
LINE
8
BLACK
6
CONTINUOUS
10
53.7566220000000001
20
-60.6414229999999961
11
53.6763399999999962
21
-60.8885059999999996
0
LINE
8
BLACK
6
CONTINUOUS
10
53.6763399999999962
20
-60.8885059999999996
11
53.6356999999999999
21
-61.1450969999999998
0
LINE
8
BLACK
6
CONTINUOUS
10
53.6356999999999999
20
-61.1450969999999998
11
53.6356999999999999
21
-61.4049019999999999
0
LINE
8
BLACK
6
CONTINUOUS
10
53.6356999999999999
20
-61.4049019999999999
11
53.6763399999999962
21
-61.6614930000000001
0
LINE
8
BLACK
6
CONTINUOUS
10
53.6763399999999962
20
-61.6614930000000001
11
53.7566220000000001
21
-61.9085759999999965
0
LINE
8
BLACK
6
CONTINUOUS
10
53.7566220000000001
20
-61.9085759999999965
11
53.8365049999999954
21
-62.0653529999999947
0
LINE
8
BLACK
6
CONTINUOUS
10
53.8365049999999954
20
-62.0653529999999947
11
53.871742999999995
21
-62.1345109999999963
0
LINE
8
BLACK
6
CONTINUOUS
10
53.871742999999995
20
-62.1345109999999963
11
53.8745679999999965
21
-62.1400539999999992
0
LINE
8
BLACK
6
CONTINUOUS
10
53.8745679999999965
20
-62.1400539999999992
11
54.0272659999999973
21
-62.3502249999999947
0
LINE
8
BLACK
6
CONTINUOUS
10
54.0272659999999973
20
-62.3502249999999947
11
54.0272709999999989
21
-62.3502309999999937
0
LINE
8
BLACK
6
CONTINUOUS
10
54.0272709999999989
20
-62.3502309999999937
11
54.1343589999999963
21
-62.4573189999999983
0
LINE
8
BLACK
6
CONTINUOUS
10
54.1343589999999963
20
-62.4573189999999983
11
54.1678439999999952
21
-62.5186419999999998
0
LINE
8
BLACK
6
CONTINUOUS
10
54.1678439999999952
20
-62.5186419999999998
11
54.1628599999999949
21
-62.5883339999999961
0
LINE
8
BLACK
6
CONTINUOUS
10
54.1628599999999949
20
-62.5883339999999961
11
54.1343589999999963
21
-62.6326809999999981
0
LINE
8
BLACK
6
CONTINUOUS
10
54.1343589999999963
20
-62.6326809999999981
11
54.0272709999999989
21
-62.739767999999998
0
LINE
8
BLACK
6
CONTINUOUS
10
54.0272709999999989
20
-62.739767999999998
11
54.0272659999999973
21
-62.739773999999997
0
LINE
8
BLACK
6
CONTINUOUS
10
54.0272659999999973
20
-62.739773999999997
11
53.8745679999999965
21
-62.9499449999999996
0
LINE
8
BLACK
6
CONTINUOUS
10
53.8745679999999965
20
-62.9499449999999996
11
53.7566220000000001
21
-63.1814229999999952
0
LINE
8
BLACK
6
CONTINUOUS
10
53.7566220000000001
20
-63.1814229999999952
11
53.6763399999999962
21
-63.4285059999999987
0
LINE
8
BLACK
6
CONTINUOUS
10
53.6763399999999962
20
-63.4285059999999987
11
53.6356999999999999
21
-63.685096999999999
0
LINE
8
BLACK
6
CONTINUOUS
10
53.6356999999999999
20
-63.685096999999999
11
53.6356999999999999
21
-63.944901999999999
0
LINE
8
BLACK
6
CONTINUOUS
10
53.6356999999999999
20
-63.944901999999999
11
53.6763399999999962
21
-64.2014929999999993
0
LINE
8
BLACK
6
CONTINUOUS
10
53.6763399999999962
20
-64.2014929999999993
11
53.7566220000000001
21
-64.4485760000000028
0
LINE
8
BLACK
6
CONTINUOUS
10
53.7566220000000001
20
-64.4485760000000028
11
53.8149549999999977
21
-64.5630579999999981
0
LINE
8
BLACK
6
CONTINUOUS
10
53.8149549999999977
20
-64.5630579999999981
11
53.8580639999999988
21
-64.6476650000000035
0
LINE
8
BLACK
6
CONTINUOUS
10
53.8580639999999988
20
-64.6476650000000035
11
53.8745679999999965
21
-64.6800539999999984
0
LINE
8
BLACK
6
CONTINUOUS
10
53.8745679999999965
20
-64.6800539999999984
11
54.0272659999999973
21
-64.8902250000000009
0
LINE
8
BLACK
6
CONTINUOUS
10
54.0272659999999973
20
-64.8902250000000009
11
54.0272709999999989
21
-64.890231
0
LINE
8
BLACK
6
CONTINUOUS
10
54.0272709999999989
20
-64.890231
11
54.1343589999999963
21
-64.9973189999999903
0
LINE
8
BLACK
6
CONTINUOUS
10
54.1343589999999963
20
-64.9973189999999903
11
54.1678439999999952
21
-65.0586419999999919
0
LINE
8
BLACK
6
CONTINUOUS
10
54.1678439999999952
20
-65.0586419999999919
11
54.1628599999999949
21
-65.1283339999999953
0
LINE
8
BLACK
6
CONTINUOUS
10
54.1628599999999949
20
-65.1283339999999953
11
54.1343589999999963
21
-65.1726809999999972
0
LINE
8
BLACK
6
CONTINUOUS
10
54.1343589999999963
20
-65.1726809999999972
11
54.0272709999999989
21
-65.27976799999999
0
LINE
8
BLACK
6
CONTINUOUS
10
54.0272709999999989
20
-65.27976799999999
11
54.0272659999999973
21
-65.2797740000000033
0
LINE
8
BLACK
6
CONTINUOUS
10
54.0272659999999973
20
-65.2797740000000033
11
53.8745679999999965
21
-65.4899449999999916
0
LINE
8
BLACK
6
CONTINUOUS
10
53.8745679999999965
20
-65.4899449999999916
11
53.7566220000000001
21
-65.7214230000000015
0
LINE
8
BLACK
6
CONTINUOUS
10
53.7566220000000001
20
-65.7214230000000015
11
53.6763399999999962
21
-65.9685059999999908
0
LINE
8
BLACK
6
CONTINUOUS
10
53.6763399999999962
20
-65.9685059999999908
11
53.6356999999999999
21
-66.225096999999991
0
LINE
8
BLACK
6
CONTINUOUS
10
53.6356999999999999
20
-66.225096999999991
11
53.6356999999999999
21
-66.4849019999999911
0
LINE
8
BLACK
6
CONTINUOUS
10
53.6356999999999999
20
-66.4849019999999911
11
53.6763399999999962
21
-66.7414929999999913
0
LINE
8
BLACK
6
CONTINUOUS
10
53.6763399999999962
20
-66.7414929999999913
11
53.7566220000000001
21
-66.9885759999999948
0
LINE
8
BLACK
6
CONTINUOUS
10
53.7566220000000001
20
-66.9885759999999948
11
53.8011219999999994
21
-67.0759099999999933
0
LINE
8
BLACK
6
CONTINUOUS
10
53.8011219999999994
20
-67.0759099999999933
11
53.852176
21
-67.1761089999999967
0
LINE
8
BLACK
6
CONTINUOUS
10
53.852176
20
-67.1761089999999967
11
53.8745679999999965
21
-67.2200539999999904
0
LINE
8
BLACK
6
CONTINUOUS
10
53.8745679999999965
20
-67.2200539999999904
11
54.0272659999999973
21
-67.430224999999993
0
LINE
8
BLACK
6
CONTINUOUS
10
54.0272659999999973
20
-67.430224999999993
11
54.0272709999999989
21
-67.430230999999992
0
LINE
8
BLACK
6
CONTINUOUS
10
54.0272709999999989
20
-67.430230999999992
11
54.1343589999999963
21
-67.5373189999999965
0
LINE
8
BLACK
6
CONTINUOUS
10
54.1343589999999963
20
-67.5373189999999965
11
54.1678439999999952
21
-67.5986419999999981
0
LINE
8
BLACK
6
CONTINUOUS
10
54.1678439999999952
20
-67.5986419999999981
11
54.1628599999999949
21
-67.6683340000000015
0
LINE
8
BLACK
6
CONTINUOUS
10
54.1628599999999949
20
-67.6683340000000015
11
54.1343589999999963
21
-67.7126810000000035
0
LINE
8
BLACK
6
CONTINUOUS
10
54.1343589999999963
20
-67.7126810000000035
11
54.0272709999999989
21
-67.8197679999999963
0
LINE
8
BLACK
6
CONTINUOUS
10
54.0272709999999989
20
-67.8197679999999963
11
54.0272659999999973
21
-67.8197739999999953
0
LINE
8
BLACK
6
CONTINUOUS
10
54.0272659999999973
20
-67.8197739999999953
11
53.8745679999999965
21
-68.0299449999999979
0
LINE
8
BLACK
6
CONTINUOUS
10
53.8745679999999965
20
-68.0299449999999979
11
53.7566220000000001
21
-68.2614229999999935
0
LINE
8
BLACK
6
CONTINUOUS
10
53.7566220000000001
20
-68.2614229999999935
11
53.6763399999999962
21
-68.508505999999997
0
LINE
8
BLACK
6
CONTINUOUS
10
53.6763399999999962
20
-68.508505999999997
11
53.6356999999999999
21
-68.7650969999999973
0
LINE
8
BLACK
6
CONTINUOUS
10
53.6356999999999999
20
-68.7650969999999973
11
53.6356999999999999
21
-69.0249019999999973
0
LINE
8
BLACK
6
CONTINUOUS
10
53.6356999999999999
20
-69.0249019999999973
11
53.6763399999999962
21
-69.2814929999999976
0
LINE
8
BLACK
6
CONTINUOUS
10
53.6763399999999962
20
-69.2814929999999976
11
53.7566220000000001
21
-69.528576000000001
0
LINE
8
BLACK
6
CONTINUOUS
10
53.7566220000000001
20
-69.528576000000001
11
53.8745679999999965
21
-69.7600539999999967
0
LINE
8
BLACK
6
CONTINUOUS
10
53.8745679999999965
20
-69.7600539999999967
11
54.0272659999999973
21
-69.9702249999999992
0
LINE
8
BLACK
6
CONTINUOUS
10
54.0272659999999973
20
-69.9702249999999992
11
54.0272709999999989
21
-69.9702309999999983
0
LINE
8
BLACK
6
CONTINUOUS
10
54.0272709999999989
20
-69.9702309999999983
11
54.1343589999999963
21
-70.0773190000000028
0
LINE
8
BLACK
6
CONTINUOUS
10
54.1343589999999963
20
-70.0773190000000028
11
54.1678439999999952
21
-70.1386419999999902
0
LINE
8
BLACK
6
CONTINUOUS
10
54.1678439999999952
20
-70.1386419999999902
11
54.1628599999999949
21
-70.2083339999999936
0
LINE
8
BLACK
6
CONTINUOUS
10
54.1628599999999949
20
-70.2083339999999936
11
54.1343589999999963
21
-70.2526809999999955
0
LINE
8
BLACK
6
CONTINUOUS
10
54.1343589999999963
20
-70.2526809999999955
11
54.0272709999999989
21
-70.3597680000000025
0
LINE
8
BLACK
6
CONTINUOUS
10
54.0272709999999989
20
-70.3597680000000025
11
54.0272699999999944
21
-70.3597699999999975
0
LINE
8
BLACK
6
CONTINUOUS
10
54.0272699999999944
20
-70.3597699999999975
11
53.8745679999999965
21
-70.5699449999999899
0
LINE
8
BLACK
6
CONTINUOUS
10
53.8745679999999965
20
-70.5699449999999899
11
53.7566220000000001
21
-70.8014229999999998
0
LINE
8
BLACK
6
CONTINUOUS
10
53.7566220000000001
20
-70.8014229999999998
11
53.6763399999999962
21
-71.0485060000000033
0
LINE
8
BLACK
6
CONTINUOUS
10
53.6763399999999962
20
-71.0485060000000033
11
53.6356999999999999
21
-71.3050970000000035
0
LINE
8
BLACK
6
CONTINUOUS
10
53.6356999999999999
20
-71.3050970000000035
11
53.6356999999999999
21
-71.5649020000000036
0
LINE
8
BLACK
6
CONTINUOUS
10
53.6356999999999999
20
-71.5649020000000036
11
53.6763399999999962
21
-71.8214930000000038
0
LINE
8
BLACK
6
CONTINUOUS
10
53.6763399999999962
20
-71.8214930000000038
11
53.7566220000000001
21
-72.0685759999999931
0
LINE
8
BLACK
6
CONTINUOUS
10
53.7566220000000001
20
-72.0685759999999931
11
53.8745679999999965
21
-72.3000540000000029
0
LINE
8
BLACK
6
CONTINUOUS
10
53.8745679999999965
20
-72.3000540000000029
11
54.0272659999999973
21
-72.5102249999999913
0
LINE
8
BLACK
6
CONTINUOUS
10
54.0272659999999973
20
-72.5102249999999913
11
54.0272709999999989
21
-72.5102309999999903
0
LINE
8
BLACK
6
CONTINUOUS
10
54.0272709999999989
20
-72.5102309999999903
11
54.1343589999999963
21
-72.6173189999999948
0
LINE
8
BLACK
6
CONTINUOUS
10
54.1343589999999963
20
-72.6173189999999948
11
54.1678439999999952
21
-72.6786419999999964
0
LINE
8
BLACK
6
CONTINUOUS
10
54.1678439999999952
20
-72.6786419999999964
11
54.1628599999999949
21
-72.7483339999999998
0
LINE
8
BLACK
6
CONTINUOUS
10
54.1628599999999949
20
-72.7483339999999998
11
54.1343589999999963
21
-72.7926810000000017
0
LINE
8
BLACK
6
CONTINUOUS
10
54.1343589999999963
20
-72.7926810000000017
11
54.0272709999999989
21
-72.8997679999999946
0
LINE
8
BLACK
6
CONTINUOUS
10
54.0272709999999989
20
-72.8997679999999946
11
54.0272659999999973
21
-72.8997739999999936
0
LINE
8
BLACK
6
CONTINUOUS
10
54.0272659999999973
20
-72.8997739999999936
11
53.8745679999999965
21
-73.1099449999999962
0
LINE
8
BLACK
6
CONTINUOUS
10
53.8745679999999965
20
-73.1099449999999962
11
53.7566220000000001
21
-73.3414229999999918
0
LINE
8
BLACK
6
CONTINUOUS
10
53.7566220000000001
20
-73.3414229999999918
11
53.6763399999999962
21
-73.5885059999999953
0
LINE
8
BLACK
6
CONTINUOUS
10
53.6763399999999962
20
-73.5885059999999953
11
53.6356999999999999
21
-73.8450969999999955
0
LINE
8
BLACK
6
CONTINUOUS
10
53.6356999999999999
20
-73.8450969999999955
11
53.6356999999999999
21
-74.1049019999999956
0
LINE
8
BLACK
6
CONTINUOUS
10
53.6356999999999999
20
-74.1049019999999956
11
53.6763399999999962
21
-74.3614929999999958
0
LINE
8
BLACK
6
CONTINUOUS
10
53.6763399999999962
20
-74.3614929999999958
11
53.7566220000000001
21
-74.6085759999999993
0
LINE
8
BLACK
6
CONTINUOUS
10
53.7566220000000001
20
-74.6085759999999993
11
53.825918999999999
21
-74.7445769999999925
0
LINE
8
BLACK
6
CONTINUOUS
10
53.825918999999999
20
-74.7445769999999925
11
53.8668249999999986
21
-74.8248590000000036
0
LINE
8
BLACK
6
CONTINUOUS
10
53.8668249999999986
20
-74.8248590000000036
11
53.8745679999999965
21
-74.840053999999995
0
LINE
8
BLACK
6
CONTINUOUS
10
53.8745679999999965
20
-74.840053999999995
11
54.0272659999999973
21
-75.0502249999999975
0
LINE
8
BLACK
6
CONTINUOUS
10
54.0272659999999973
20
-75.0502249999999975
11
54.0272709999999989
21
-75.0502309999999966
0
LINE
8
BLACK
6
CONTINUOUS
10
54.0272709999999989
20
-75.0502309999999966
11
54.1343589999999963
21
-75.1573190000000011
0
LINE
8
BLACK
6
CONTINUOUS
10
54.1343589999999963
20
-75.1573190000000011
11
54.1678439999999952
21
-75.2186420000000027
0
LINE
8
BLACK
6
CONTINUOUS
10
54.1678439999999952
20
-75.2186420000000027
11
54.1628599999999949
21
-75.2883339999999919
0
LINE
8
BLACK
6
CONTINUOUS
10
54.1628599999999949
20
-75.2883339999999919
11
54.1343589999999963
21
-75.3326809999999938
0
LINE
8
BLACK
6
CONTINUOUS
10
54.1343589999999963
20
-75.3326809999999938
11
54.0272709999999989
21
-75.4397680000000008
0
LINE
8
BLACK
6
CONTINUOUS
10
54.0272709999999989
20
-75.4397680000000008
11
54.0272659999999973
21
-75.4397739999999999
0
LINE
8
BLACK
6
CONTINUOUS
10
54.0272659999999973
20
-75.4397739999999999
11
53.8745679999999965
21
-75.6499450000000024
0
LINE
8
BLACK
6
CONTINUOUS
10
53.8745679999999965
20
-75.6499450000000024
11
53.7566220000000001
21
-75.8814229999999981
0
LINE
8
BLACK
6
CONTINUOUS
10
53.7566220000000001
20
-75.8814229999999981
11
53.6763399999999962
21
-76.1285060000000016
0
LINE
8
BLACK
6
CONTINUOUS
10
53.6763399999999962
20
-76.1285060000000016
11
53.6356999999999999
21
-76.3850970000000018
0
LINE
8
BLACK
6
CONTINUOUS
10
53.6356999999999999
20
-76.3850970000000018
11
53.6356999999999999
21
-76.6449020000000019
0
LINE
8
BLACK
6
CONTINUOUS
10
53.6356999999999999
20
-76.6449020000000019
11
53.6763399999999962
21
-76.9014930000000021
0
LINE
8
BLACK
6
CONTINUOUS
10
53.6763399999999962
20
-76.9014930000000021
11
53.7566220000000001
21
-77.1485759999999914
0
LINE
8
BLACK
6
CONTINUOUS
10
53.7566220000000001
20
-77.1485759999999914
11
53.8745679999999965
21
-77.3800540000000012
0
LINE
8
BLACK
6
CONTINUOUS
10
53.8745679999999965
20
-77.3800540000000012
11
54.0272659999999973
21
-77.5902249999999896
0
LINE
8
BLACK
6
CONTINUOUS
10
54.0272659999999973
20
-77.5902249999999896
11
54.0272709999999989
21
-77.5902310000000028
0
LINE
8
BLACK
6
CONTINUOUS
10
54.0272709999999989
20
-77.5902310000000028
11
54.1343589999999963
21
-77.6973189999999931
0
LINE
8
BLACK
6
CONTINUOUS
10
54.1343589999999963
20
-77.6973189999999931
11
54.1678439999999952
21
-77.7586419999999947
0
LINE
8
BLACK
6
CONTINUOUS
10
54.1678439999999952
20
-77.7586419999999947
11
54.1628599999999949
21
-77.8283339999999981
0
LINE
8
BLACK
6
CONTINUOUS
10
54.1628599999999949
20
-77.8283339999999981
11
54.1343589999999963
21
-77.872681
0
LINE
8
BLACK
6
CONTINUOUS
10
54.1343589999999963
20
-77.872681
11
54.0272709999999989
21
-77.9797679999999929
0
LINE
8
BLACK
6
CONTINUOUS
10
54.0272709999999989
20
-77.9797679999999929
11
54.0272659999999973
21
-77.9797739999999919
0
LINE
8
BLACK
6
CONTINUOUS
10
54.0272659999999973
20
-77.9797739999999919
11
53.8745679999999965
21
-78.1899449999999945
0
LINE
8
BLACK
6
CONTINUOUS
10
53.8745679999999965
20
-78.1899449999999945
11
53.7566220000000001
21
-78.4214229999999901
0
LINE
8
BLACK
6
CONTINUOUS
10
53.7566220000000001
20
-78.4214229999999901
11
53.6763399999999962
21
-78.6685059999999936
0
LINE
8
BLACK
6
CONTINUOUS
10
53.6763399999999962
20
-78.6685059999999936
11
53.6356999999999999
21
-78.9250969999999938
0
LINE
8
BLACK
6
CONTINUOUS
10
53.6356999999999999
20
-78.9250969999999938
11
53.6356999999999999
21
-79.1849019999999939
0
LINE
8
BLACK
6
CONTINUOUS
10
53.6356999999999999
20
-79.1849019999999939
11
53.6763399999999962
21
-79.4414929999999941
0
LINE
8
BLACK
6
CONTINUOUS
10
53.6763399999999962
20
-79.4414929999999941
11
53.7566220000000001
21
-79.6885759999999976
0
LINE
8
BLACK
6
CONTINUOUS
10
53.7566220000000001
20
-79.6885759999999976
11
53.8745679999999965
21
-79.9200539999999933
0
LINE
8
BLACK
6
CONTINUOUS
10
53.8745679999999965
20
-79.9200539999999933
11
54.0272659999999973
21
-80.1302249999999958
0
LINE
8
BLACK
6
CONTINUOUS
10
54.0272659999999973
20
-80.1302249999999958
11
54.0272709999999989
21
-80.1302309999999949
0
LINE
8
BLACK
6
CONTINUOUS
10
54.0272709999999989
20
-80.1302309999999949
11
54.1343589999999963
21
-80.2373189999999994
0
LINE
8
BLACK
6
CONTINUOUS
10
54.1343589999999963
20
-80.2373189999999994
11
54.1678439999999952
21
-80.298642000000001
0
LINE
8
BLACK
6
CONTINUOUS
10
54.1678439999999952
20
-80.298642000000001
11
54.1628599999999949
21
-80.3683339999999902
0
LINE
8
BLACK
6
CONTINUOUS
10
54.1628599999999949
20
-80.3683339999999902
11
54.1343589999999963
21
-80.4126809999999921
0
LINE
8
BLACK
6
CONTINUOUS
10
54.1343589999999963
20
-80.4126809999999921
11
54.0272709999999989
21
-80.5197679999999991
0
LINE
8
BLACK
6
CONTINUOUS
10
54.0272709999999989
20
-80.5197679999999991
11
54.0272659999999973
21
-80.5197739999999982
0
LINE
8
BLACK
6
CONTINUOUS
10
54.0272659999999973
20
-80.5197739999999982
11
53.8745679999999965
21
-80.7299450000000007
0
LINE
8
BLACK
6
CONTINUOUS
10
53.8745679999999965
20
-80.7299450000000007
11
53.7566220000000001
21
-80.9614229999999964
0
LINE
8
BLACK
6
CONTINUOUS
10
53.7566220000000001
20
-80.9614229999999964
11
53.6763399999999962
21
-81.2085059999999999
0
LINE
8
BLACK
6
CONTINUOUS
10
53.6763399999999962
20
-81.2085059999999999
11
53.6356999999999999
21
-81.4650970000000001
0
LINE
8
BLACK
6
CONTINUOUS
10
53.6356999999999999
20
-81.4650970000000001
11
53.6356999999999999
21
-81.7249020000000002
0
LINE
8
BLACK
6
CONTINUOUS
10
53.6356999999999999
20
-81.7249020000000002
11
53.6763399999999962
21
-81.9814930000000004
0
LINE
8
BLACK
6
CONTINUOUS
10
53.6763399999999962
20
-81.9814930000000004
11
53.7566220000000001
21
-82.2285759999999897
0
LINE
8
BLACK
6
CONTINUOUS
10
53.7566220000000001
20
-82.2285759999999897
11
53.8745679999999965
21
-82.4600539999999995
0
LINE
8
BLACK
6
CONTINUOUS
10
53.8745679999999965
20
-82.4600539999999995
11
54.0272659999999973
21
-82.6702250000000021
0
LINE
8
BLACK
6
CONTINUOUS
10
54.0272659999999973
20
-82.6702250000000021
11
54.0272709999999989
21
-82.6702310000000011
0
LINE
8
BLACK
6
CONTINUOUS
10
54.0272709999999989
20
-82.6702310000000011
11
54.1343589999999963
21
-82.7773189999999914
0
LINE
8
BLACK
6
CONTINUOUS
10
54.1343589999999963
20
-82.7773189999999914
11
54.1678439999999952
21
-82.838641999999993
0
LINE
8
BLACK
6
CONTINUOUS
10
54.1678439999999952
20
-82.838641999999993
11
54.1628599999999949
21
-82.9083339999999964
0
LINE
8
BLACK
6
CONTINUOUS
10
54.1628599999999949
20
-82.9083339999999964
11
54.1343589999999963
21
-82.9526809999999983
0
LINE
8
BLACK
6
CONTINUOUS
10
54.1343589999999963
20
-82.9526809999999983
11
54.0272709999999989
21
-83.0597679999999912
0
LINE
8
BLACK
6
CONTINUOUS
10
54.0272709999999989
20
-83.0597679999999912
11
54.0272659999999973
21
-83.0597739999999902
0
LINE
8
BLACK
6
CONTINUOUS
10
54.0272659999999973
20
-83.0597739999999902
11
53.8745679999999965
21
-83.2699449999999928
0
LINE
8
BLACK
6
CONTINUOUS
10
53.8745679999999965
20
-83.2699449999999928
11
53.7566220000000001
21
-83.5014230000000026
0
LINE
8
BLACK
6
CONTINUOUS
10
53.7566220000000001
20
-83.5014230000000026
11
53.6763399999999962
21
-83.7485059999999919
0
LINE
8
BLACK
6
CONTINUOUS
10
53.6763399999999962
20
-83.7485059999999919
11
53.6356999999999999
21
-84.0050969999999921
0
LINE
8
BLACK
6
CONTINUOUS
10
53.6356999999999999
20
-84.0050969999999921
11
53.6356999999999999
21
-84.2649019999999922
0
LINE
8
BLACK
6
CONTINUOUS
10
53.6356999999999999
20
-84.2649019999999922
11
53.6763399999999962
21
-84.5214929999999924
0
LINE
8
BLACK
6
CONTINUOUS
10
53.6763399999999962
20
-84.5214929999999924
11
53.7566220000000001
21
-84.7685759999999959
0
LINE
8
BLACK
6
CONTINUOUS
10
53.7566220000000001
20
-84.7685759999999959
11
53.8745679999999965
21
-85.0000539999999916
0
LINE
8
BLACK
6
CONTINUOUS
10
53.8745679999999965
20
-85.0000539999999916
11
54.0035729999999958
21
-85.177615000000003
0
LINE
8
BLACK
6
CONTINUOUS
10
54.0035729999999958
20
-85.177615000000003
11
54.0270529999999951
21
-85.2434209999999979
0
LINE
8
BLACK
6
CONTINUOUS
10
54.0270529999999951
20
-85.2434209999999979
11
54.0112269999999981
21
-85.3114750000000015
0
LINE
8
BLACK
6
CONTINUOUS
10
54.0112269999999981
20
-85.3114750000000015
11
53.961121999999996
21
-85.3601699999999965
0
LINE
8
BLACK
6
CONTINUOUS
10
53.961121999999996
20
-85.3601699999999965
11
53.9032549999999944
21
-85.3744999999999976
0
LINE
8
BLACK
6
CONTINUOUS
10
53.9032549999999944
20
-85.3744999999999976
11
40.383499999999998
21
-85.3744999999999976
0
LINE
8
BLACK
6
CONTINUOUS
10
40.383499999999998
20
-85.3744999999999976
11
40.3164609999999968
21
-85.3548150000000021
0
LINE
8
BLACK
6
CONTINUOUS
10
40.3164609999999968
20
-85.3548150000000021
11
40.270705999999997
21
-85.3020109999999931
0
LINE
8
BLACK
6
CONTINUOUS
10
40.270705999999997
20
-85.3020109999999931
11
40.2594999999999956
21
-85.2505000000000024
0
LINE
8
BLACK
6
CONTINUOUS
10
40.2594999999999956
20
-85.2505000000000024
11
40.2594999999999956
21
-71.0387479999999982
0
LINE
8
BLACK
6
CONTINUOUS
10
40.2594999999999956
20
-71.0387479999999982
11
40.2542339999999967
21
-71.0054999999999978
0
LINE
8
BLACK
6
CONTINUOUS
10
40.2542339999999967
20
-71.0054999999999978
11
40.2274770000000004
21
-70.8365659999999906
0
LINE
8
BLACK
6
CONTINUOUS
10
40.2274770000000004
20
-70.8365659999999906
11
40.207105999999996
21
-70.7738709999999998
0
LINE
8
BLACK
6
CONTINUOUS
10
40.207105999999996
20
-70.7738709999999998
11
40.200451000000001
21
-70.7533889999999985
0
LINE
8
BLACK
6
CONTINUOUS
10
40.200451000000001
20
-70.7533889999999985
11
40.1684950000000001
21
-70.6550399999999996
0
LINE
8
BLACK
6
CONTINUOUS
10
40.1684950000000001
20
-70.6550399999999996
11
40.1642200000000003
21
-70.6418819999999954
0
LINE
8
BLACK
6
CONTINUOUS
10
40.1642200000000003
20
-70.6418819999999954
11
40.1642200000000003
21
-70.6418809999999979
0
LINE
8
BLACK
6
CONTINUOUS
10
40.1642200000000003
20
-70.6418809999999979
11
40.0944039999999973
21
-70.5048599999999936
0
LINE
8
BLACK
6
CONTINUOUS
10
40.0944039999999973
20
-70.5048599999999936
11
40.0712869999999981
21
-70.4594889999999907
0
LINE
8
BLACK
6
CONTINUOUS
10
40.0712869999999981
20
-70.4594889999999907
11
39.9988369999999946
21
-70.359770999999995
0
LINE
8
BLACK
6
CONTINUOUS
10
39.9988369999999946
20
-70.359770999999995
11
39.9988369999999946
21
-70.3597699999999975
0
LINE
8
BLACK
6
CONTINUOUS
10
39.9988369999999946
20
-70.3597699999999975
11
39.9509690000000006
21
-70.2938850000000031
0
LINE
8
BLACK
6
CONTINUOUS
10
39.9509690000000006
20
-70.2938850000000031
11
39.950967999999996
21
-70.2938839999999914
0
LINE
8
BLACK
6
CONTINUOUS
10
39.950967999999996
20
-70.2938839999999914
11
39.9509660000000011
21
-70.2938809999999989
0
LINE
8
BLACK
6
CONTINUOUS
10
39.9509660000000011
20
-70.2938809999999989
11
39.8062189999999987
21
-70.1491340000000037
0
LINE
8
BLACK
6
CONTINUOUS
10
39.8062189999999987
20
-70.1491340000000037
11
39.8062180000000012
21
-70.149132999999992
0
LINE
8
BLACK
6
CONTINUOUS
10
39.8062180000000012
20
-70.149132999999992
11
39.8031069999999971
21
-70.1460220000000021
0
LINE
8
BLACK
6
CONTINUOUS
10
39.8031069999999971
20
-70.1460220000000021
11
39.8030919999999995
21
-70.1460079999999948
0
LINE
8
BLACK
6
CONTINUOUS
10
39.8030919999999995
20
-70.1460079999999948
11
34.260120999999998
21
-64.603036000000003
0
LINE
8
BLACK
6
CONTINUOUS
10
34.260120999999998
20
-64.603036000000003
11
34.2601200000000006
21
-64.6030349999999913
0
LINE
8
BLACK
6
CONTINUOUS
10
34.2601200000000006
20
-64.6030349999999913
11
34.260118999999996
21
-64.6030339999999939
0
LINE
8
BLACK
6
CONTINUOUS
10
34.260118999999996
20
-64.6030339999999939
11
34.0945109999999971
21
-64.4827130000000039
0
LINE
8
BLACK
6
CONTINUOUS
10
34.0945109999999971
20
-64.4827130000000039
11
34.0078630000000004
21
-64.438563000000002
0
LINE
8
BLACK
6
CONTINUOUS
10
34.0078630000000004
20
-64.438563000000002
11
34.0078540000000018
21
-64.4385589999999979
0
LINE
8
BLACK
6
CONTINUOUS
10
34.0078540000000018
20
-64.4385589999999979
11
34.003313999999996
21
-64.436245999999997
0
LINE
8
BLACK
6
CONTINUOUS
10
34.003313999999996
20
-64.436245999999997
11
33.912118999999997
21
-64.3897800000000018
0
LINE
8
BLACK
6
CONTINUOUS
10
33.912118999999997
20
-64.3897800000000018
11
33.8042119999999997
21
-64.3547190000000029
0
LINE
8
BLACK
6
CONTINUOUS
10
33.8042119999999997
20
-64.3547190000000029
11
33.799788999999997
21
-64.353281999999993
0
LINE
8
BLACK
6
CONTINUOUS
10
33.799788999999997
20
-64.353281999999993
11
33.7997869999999949
21
-64.3532809999999955
0
LINE
8
BLACK
6
CONTINUOUS
10
33.7997869999999949
20
-64.3532809999999955
11
33.7174319999999952
21
-64.3265219999999971
0
LINE
8
BLACK
6
CONTINUOUS
10
33.7174319999999952
20
-64.3265219999999971
11
33.5621200000000002
21
-64.3019230000000022
0
LINE
8
BLACK
6
CONTINUOUS
10
33.5621200000000002
20
-64.3019230000000022
11
33.5152519999999967
21
-64.2944999999999993
0
LINE
8
BLACK
6
CONTINUOUS
10
33.5152519999999967
20
-64.2944999999999993
11
33.5152509999999992
21
-64.2944999999999993
0
LINE
8
BLACK
6
CONTINUOUS
10
33.5152509999999992
20
-64.2944999999999993
11
32.8420100000000019
21
-64.2944999999999993
0
LINE
8
BLACK
6
CONTINUOUS
10
32.8420100000000019
20
-64.2944999999999993
11
32.7749710000000007
21
-64.2748150000000038
0
LINE
8
BLACK
6
CONTINUOUS
10
32.7749710000000007
20
-64.2748150000000038
11
32.7450649999999968
21
-64.2478150000000028
0
LINE
8
BLACK
6
CONTINUOUS
10
32.7450649999999968
20
-64.2478150000000028
11
32.7410160000000019
21
-64.2427380000000028
0
LINE
8
BLACK
6
CONTINUOUS
10
32.7410160000000019
20
-64.2427380000000028
11
32.6134619999999984
21
-64.1151839999999993
0
LINE
8
BLACK
6
CONTINUOUS
10
32.6134619999999984
20
-64.1151839999999993
11
32.4607230000000015
21
-64.0192109999999985
0
LINE
8
BLACK
6
CONTINUOUS
10
32.4607230000000015
20
-64.0192109999999985
11
32.2904539999999969
21
-63.9596309999999946
0
LINE
8
BLACK
6
CONTINUOUS
10
32.2904539999999969
20
-63.9596309999999946
11
32.2904489999999953
21
-63.9596299999999971
0
LINE
8
BLACK
6
CONTINUOUS
10
32.2904489999999953
20
-63.9596299999999971
11
32.1561599999999999
21
-63.9444999999999979
0
LINE
8
BLACK
6
CONTINUOUS
10
32.1561599999999999
20
-63.9444999999999979
11
32.1561540000000008
21
-63.9444999999999979
0
LINE
8
BLACK
6
CONTINUOUS
10
32.1561540000000008
20
-63.9444999999999979
11
31.4507469999999998
21
-63.9444999999999979
0
LINE
8
BLACK
6
CONTINUOUS
10
31.4507469999999998
20
-63.9444999999999979
11
31.3837079999999986
21
-63.9248149999999953
0
LINE
8
BLACK
6
CONTINUOUS
10
31.3837079999999986
20
-63.9248149999999953
11
31.3379529999999988
21
-63.8720110000000005
0
LINE
8
BLACK
6
CONTINUOUS
10
31.3379529999999988
20
-63.8720110000000005
11
31.328008999999998
21
-63.8028529999999989
0
LINE
8
BLACK
6
CONTINUOUS
10
31.328008999999998
20
-63.8028529999999989
11
31.3570339999999987
21
-63.7392970000000005
0
LINE
8
BLACK
6
CONTINUOUS
10
31.3570339999999987
20
-63.7392970000000005
11
31.3630659999999999
21
-63.7328189999999992
0
LINE
8
BLACK
6
CONTINUOUS
10
31.3630659999999999
20
-63.7328189999999992
11
51.068565999999997
21
-44.0273189999999985
0
LINE
8
BLACK
6
CONTINUOUS
10
51.068565999999997
20
-44.0273189999999985
11
51.1298889999999986
21
-43.9938339999999997
0
LINE
8
BLACK
6
CONTINUOUS
10
51.1298889999999986
20
-43.9938339999999997
11
51.1562470000000005
21
-43.9909999999999997
0
LINE
8
BLACK
6
CONTINUOUS
10
51.1562470000000005
20
-43.9909999999999997
11
85.0495530000000031
21
-43.9909999999999997
0
LINE
8
BLACK
6
CONTINUOUS
10
85.0495530000000031
20
-43.9909999999999997
11
85.1165919999999971
21
-44.0106849999999952
0
LINE
8
BLACK
6
CONTINUOUS
10
55.5329419999999985
20
-83.3216010000000011
11
55.6868869999999987
21
-83.3853670000000022
0
LINE
8
BLACK
6
CONTINUOUS
10
55.6868869999999987
20
-83.3853670000000022
11
55.8254339999999942
21
-83.4779410000000013
0
LINE
8
BLACK
6
CONTINUOUS
10
55.8254339999999942
20
-83.4779410000000013
11
55.9432589999999976
21
-83.5957659999999976
0
LINE
8
BLACK
6
CONTINUOUS
10
55.9432589999999976
20
-83.5957659999999976
11
56.0358329999999967
21
-83.7343130000000002
0
LINE
8
BLACK
6
CONTINUOUS
10
56.0358329999999967
20
-83.7343130000000002
11
56.0995989999999978
21
-83.8882579999999933
0
LINE
8
BLACK
6
CONTINUOUS
10
56.0995989999999978
20
-83.8882579999999933
11
56.1321069999999978
21
-84.051684999999992
0
LINE
8
BLACK
6
CONTINUOUS
10
56.1321069999999978
20
-84.051684999999992
11
56.1321069999999978
21
-84.2183149999999898
0
LINE
8
BLACK
6
CONTINUOUS
10
56.1321069999999978
20
-84.2183149999999898
11
56.0995989999999978
21
-84.3817420000000027
0
LINE
8
BLACK
6
CONTINUOUS
10
56.0995989999999978
20
-84.3817420000000027
11
56.0358329999999967
21
-84.5356869999999958
0
LINE
8
BLACK
6
CONTINUOUS
10
56.0358329999999967
20
-84.5356869999999958
11
55.9432589999999976
21
-84.6742339999999984
0
LINE
8
BLACK
6
CONTINUOUS
10
55.9432589999999976
20
-84.6742339999999984
11
55.8254339999999942
21
-84.7920589999999947
0
LINE
8
BLACK
6
CONTINUOUS
10
55.8254339999999942
20
-84.7920589999999947
11
55.6868869999999987
21
-84.8846329999999938
0
LINE
8
BLACK
6
CONTINUOUS
10
55.6868869999999987
20
-84.8846329999999938
11
55.5329419999999985
21
-84.9483989999999949
0
LINE
8
BLACK
6
CONTINUOUS
10
55.5329419999999985
20
-84.9483989999999949
11
55.3695149999999998
21
-84.980907000000002
0
LINE
8
BLACK
6
CONTINUOUS
10
55.3695149999999998
20
-84.980907000000002
11
55.2028849999999949
21
-84.980907000000002
0
LINE
8
BLACK
6
CONTINUOUS
10
55.2028849999999949
20
-84.980907000000002
11
55.0394579999999962
21
-84.9483989999999949
0
LINE
8
BLACK
6
CONTINUOUS
10
55.0394579999999962
20
-84.9483989999999949
11
54.885512999999996
21
-84.8846329999999938
0
LINE
8
BLACK
6
CONTINUOUS
10
54.885512999999996
20
-84.8846329999999938
11
54.7469660000000005
21
-84.7920589999999947
0
LINE
8
BLACK
6
CONTINUOUS
10
54.7469660000000005
20
-84.7920589999999947
11
54.6291409999999971
21
-84.6742339999999984
0
LINE
8
BLACK
6
CONTINUOUS
10
54.6291409999999971
20
-84.6742339999999984
11
54.536566999999998
21
-84.5356869999999958
0
LINE
8
BLACK
6
CONTINUOUS
10
54.536566999999998
20
-84.5356869999999958
11
54.4728009999999969
21
-84.3817420000000027
0
LINE
8
BLACK
6
CONTINUOUS
10
54.4728009999999969
20
-84.3817420000000027
11
54.4402929999999969
21
-84.2183149999999898
0
LINE
8
BLACK
6
CONTINUOUS
10
54.4402929999999969
20
-84.2183149999999898
11
54.4402929999999969
21
-84.051684999999992
0
LINE
8
BLACK
6
CONTINUOUS
10
54.4402929999999969
20
-84.051684999999992
11
54.4728009999999969
21
-83.8882579999999933
0
LINE
8
BLACK
6
CONTINUOUS
10
54.4728009999999969
20
-83.8882579999999933
11
54.536566999999998
21
-83.7343130000000002
0
LINE
8
BLACK
6
CONTINUOUS
10
54.536566999999998
20
-83.7343130000000002
11
54.6291409999999971
21
-83.5957659999999976
0
LINE
8
BLACK
6
CONTINUOUS
10
54.6291409999999971
20
-83.5957659999999976
11
54.7469660000000005
21
-83.4779410000000013
0
LINE
8
BLACK
6
CONTINUOUS
10
54.7469660000000005
20
-83.4779410000000013
11
54.885512999999996
21
-83.3853670000000022
0
LINE
8
BLACK
6
CONTINUOUS
10
54.885512999999996
20
-83.3853670000000022
11
55.0394579999999962
21
-83.3216010000000011
0
LINE
8
BLACK
6
CONTINUOUS
10
55.0394579999999962
20
-83.3216010000000011
11
55.2028849999999949
21
-83.289092999999994
0
LINE
8
BLACK
6
CONTINUOUS
10
55.2028849999999949
20
-83.289092999999994
11
55.3695149999999998
21
-83.289092999999994
0
LINE
8
BLACK
6
CONTINUOUS
10
55.3695149999999998
20
-83.289092999999994
11
55.5329419999999985
21
-83.3216010000000011
0
LINE
8
BLACK
6
CONTINUOUS
10
83.9329419999999971
20
-83.3216010000000011
11
84.0868869999999902
21
-83.3853670000000022
0
LINE
8
BLACK
6
CONTINUOUS
10
84.0868869999999902
20
-83.3853670000000022
11
84.2254339999999928
21
-83.4779410000000013
0
LINE
8
BLACK
6
CONTINUOUS
10
84.2254339999999928
20
-83.4779410000000013
11
84.3432589999999891
21
-83.5957659999999976
0
LINE
8
BLACK
6
CONTINUOUS
10
84.3432589999999891
20
-83.5957659999999976
11
84.4358330000000024
21
-83.7343130000000002
0
LINE
8
BLACK
6
CONTINUOUS
10
84.4358330000000024
20
-83.7343130000000002
11
84.4995989999999892
21
-83.8882579999999933
0
LINE
8
BLACK
6
CONTINUOUS
10
84.4995989999999892
20
-83.8882579999999933
11
84.5321069999999963
21
-84.051684999999992
0
LINE
8
BLACK
6
CONTINUOUS
10
84.5321069999999963
20
-84.051684999999992
11
84.5321069999999963
21
-84.2183149999999898
0
LINE
8
BLACK
6
CONTINUOUS
10
84.5321069999999963
20
-84.2183149999999898
11
84.4995989999999892
21
-84.3817420000000027
0
LINE
8
BLACK
6
CONTINUOUS
10
84.4995989999999892
20
-84.3817420000000027
11
84.4358330000000024
21
-84.5356869999999958
0
LINE
8
BLACK
6
CONTINUOUS
10
84.4358330000000024
20
-84.5356869999999958
11
84.3432589999999891
21
-84.6742339999999984
0
LINE
8
BLACK
6
CONTINUOUS
10
84.3432589999999891
20
-84.6742339999999984
11
84.2254339999999928
21
-84.7920589999999947
0
LINE
8
BLACK
6
CONTINUOUS
10
84.2254339999999928
20
-84.7920589999999947
11
84.0868869999999902
21
-84.8846329999999938
0
LINE
8
BLACK
6
CONTINUOUS
10
84.0868869999999902
20
-84.8846329999999938
11
83.9329419999999971
21
-84.9483989999999949
0
LINE
8
BLACK
6
CONTINUOUS
10
83.9329419999999971
20
-84.9483989999999949
11
83.7695149999999984
21
-84.980907000000002
0
LINE
8
BLACK
6
CONTINUOUS
10
83.7695149999999984
20
-84.980907000000002
11
83.6028850000000006
21
-84.980907000000002
0
LINE
8
BLACK
6
CONTINUOUS
10
83.6028850000000006
20
-84.980907000000002
11
83.4394580000000019
21
-84.9483989999999949
0
LINE
8
BLACK
6
CONTINUOUS
10
83.4394580000000019
20
-84.9483989999999949
11
83.2855129999999946
21
-84.8846329999999938
0
LINE
8
BLACK
6
CONTINUOUS
10
83.2855129999999946
20
-84.8846329999999938
11
83.1469659999999919
21
-84.7920589999999947
0
LINE
8
BLACK
6
CONTINUOUS
10
83.1469659999999919
20
-84.7920589999999947
11
83.0291409999999956
21
-84.6742339999999984
0
LINE
8
BLACK
6
CONTINUOUS
10
83.0291409999999956
20
-84.6742339999999984
11
82.9365669999999966
21
-84.5356869999999958
0
LINE
8
BLACK
6
CONTINUOUS
10
82.9365669999999966
20
-84.5356869999999958
11
82.8728009999999955
21
-84.3817420000000027
0
LINE
8
BLACK
6
CONTINUOUS
10
82.8728009999999955
20
-84.3817420000000027
11
82.8402930000000026
21
-84.2183149999999898
0
LINE
8
BLACK
6
CONTINUOUS
10
82.8402930000000026
20
-84.2183149999999898
11
82.8402930000000026
21
-84.051684999999992
0
LINE
8
BLACK
6
CONTINUOUS
10
82.8402930000000026
20
-84.051684999999992
11
82.8728009999999955
21
-83.8882579999999933
0
LINE
8
BLACK
6
CONTINUOUS
10
82.8728009999999955
20
-83.8882579999999933
11
82.9365669999999966
21
-83.7343130000000002
0
LINE
8
BLACK
6
CONTINUOUS
10
82.9365669999999966
20
-83.7343130000000002
11
83.0291409999999956
21
-83.5957659999999976
0
LINE
8
BLACK
6
CONTINUOUS
10
83.0291409999999956
20
-83.5957659999999976
11
83.1469659999999919
21
-83.4779410000000013
0
LINE
8
BLACK
6
CONTINUOUS
10
83.1469659999999919
20
-83.4779410000000013
11
83.2855129999999946
21
-83.3853670000000022
0
LINE
8
BLACK
6
CONTINUOUS
10
83.2855129999999946
20
-83.3853670000000022
11
83.4394580000000019
21
-83.3216010000000011
0
LINE
8
BLACK
6
CONTINUOUS
10
83.4394580000000019
20
-83.3216010000000011
11
83.6028850000000006
21
-83.289092999999994
0
LINE
8
BLACK
6
CONTINUOUS
10
83.6028850000000006
20
-83.289092999999994
11
83.7695149999999984
21
-83.289092999999994
0
LINE
8
BLACK
6
CONTINUOUS
10
83.7695149999999984
20
-83.289092999999994
11
83.9329419999999971
21
-83.3216010000000011
0
LINE
8
BLACK
6
CONTINUOUS
10
115.0166479999999893
20
-74.7894769999999909
11
115.0166629999999941
21
-74.7894769999999909
0
LINE
8
BLACK
6
CONTINUOUS
10
115.0166629999999941
20
-74.7894769999999909
11
115.1427419999999984
21
-74.8232599999999906
0
LINE
8
BLACK
6
CONTINUOUS
10
115.1427419999999984
20
-74.8232599999999906
11
115.2557809999999989
21
-74.8885229999999922
0
LINE
8
BLACK
6
CONTINUOUS
10
115.2557809999999989
20
-74.8885229999999922
11
115.2557959999999895
21
-74.8885379999999969
0
LINE
8
BLACK
6
CONTINUOUS
10
115.2557959999999895
20
-74.8885379999999969
11
115.3049529999999976
21
-74.9316469999999981
0
LINE
8
BLACK
6
CONTINUOUS
10
115.3049529999999976
20
-74.9316469999999981
11
116.9839209999999952
21
-76.6106149999999957
0
LINE
8
BLACK
6
CONTINUOUS
10
116.9839209999999952
20
-76.6106149999999957
11
116.9927859999999953
21
-76.6088519999999988
0
LINE
8
BLACK
6
CONTINUOUS
10
116.9927859999999953
20
-76.6088519999999988
11
117.1496139999999997
21
-76.6088519999999988
0
LINE
8
BLACK
6
CONTINUOUS
10
117.1496139999999997
20
-76.6088519999999988
11
117.3034279999999967
21
-76.6394480000000016
0
LINE
8
BLACK
6
CONTINUOUS
10
117.3034279999999967
20
-76.6394480000000016
11
117.4483169999999888
21
-76.6994629999999944
0
LINE
8
BLACK
6
CONTINUOUS
10
117.4483169999999888
20
-76.6994629999999944
11
117.5787149999999883
21
-76.7865919999999988
0
LINE
8
BLACK
6
CONTINUOUS
10
117.5787149999999883
20
-76.7865919999999988
11
117.6896079999999927
21
-76.8974850000000032
0
LINE
8
BLACK
6
CONTINUOUS
10
117.6896079999999927
20
-76.8974850000000032
11
117.7767369999999971
21
-77.0278830000000028
0
LINE
8
BLACK
6
CONTINUOUS
10
117.7767369999999971
20
-77.0278830000000028
11
117.8367519999999899
21
-77.1727719999999948
0
LINE
8
BLACK
6
CONTINUOUS
10
117.8367519999999899
20
-77.1727719999999948
11
117.8673479999999927
21
-77.3265859999999918
0
LINE
8
BLACK
6
CONTINUOUS
10
117.8673479999999927
20
-77.3265859999999918
11
117.8673479999999927
21
-77.4834139999999962
0
LINE
8
BLACK
6
CONTINUOUS
10
117.8673479999999927
20
-77.4834139999999962
11
117.8367519999999899
21
-77.6372279999999932
0
LINE
8
BLACK
6
CONTINUOUS
10
117.8367519999999899
20
-77.6372279999999932
11
117.7767369999999971
21
-77.7821169999999995
0
LINE
8
BLACK
6
CONTINUOUS
10
117.7767369999999971
20
-77.7821169999999995
11
117.6896079999999927
21
-77.9125149999999991
0
LINE
8
BLACK
6
CONTINUOUS
10
117.6896079999999927
20
-77.9125149999999991
11
117.5787149999999883
21
-78.0234080000000034
0
LINE
8
BLACK
6
CONTINUOUS
10
117.5787149999999883
20
-78.0234080000000034
11
117.4483169999999888
21
-78.1105369999999937
0
LINE
8
BLACK
6
CONTINUOUS
10
117.4483169999999888
20
-78.1105369999999937
11
117.3034279999999967
21
-78.1705520000000007
0
LINE
8
BLACK
6
CONTINUOUS
10
117.3034279999999967
20
-78.1705520000000007
11
117.1496139999999997
21
-78.2011480000000034
0
LINE
8
BLACK
6
CONTINUOUS
10
117.1496139999999997
20
-78.2011480000000034
11
116.9927859999999953
21
-78.2011480000000034
0
LINE
8
BLACK
6
CONTINUOUS
10
116.9927859999999953
20
-78.2011480000000034
11
116.9839209999999952
21
-78.1993839999999949
0
LINE
8
BLACK
6
CONTINUOUS
10
116.9839209999999952
20
-78.1993839999999949
11
113.0647529999999961
21
-82.1185529999999915
0
LINE
8
BLACK
6
CONTINUOUS
10
113.0647529999999961
20
-82.1185529999999915
11
113.015595999999988
21
-82.1616609999999952
0
LINE
8
BLACK
6
CONTINUOUS
10
113.015595999999988
20
-82.1616609999999952
11
113.0155809999999974
21
-82.1616769999999974
0
LINE
8
BLACK
6
CONTINUOUS
10
113.0155809999999974
20
-82.1616769999999974
11
112.9025419999999968
21
-82.226939999999999
0
LINE
8
BLACK
6
CONTINUOUS
10
112.9025419999999968
20
-82.226939999999999
11
112.7764629999999926
21
-82.2607229999999987
0
LINE
8
BLACK
6
CONTINUOUS
10
112.7764629999999926
20
-82.2607229999999987
11
112.7764479999999878
21
-82.2607229999999987
0
LINE
8
BLACK
6
CONTINUOUS
10
112.7764479999999878
20
-82.2607229999999987
11
112.711199999999991
21
-82.2650000000000006
0
LINE
8
BLACK
6
CONTINUOUS
10
112.711199999999991
20
-82.2650000000000006
11
104.3567529999999977
21
-82.2650000000000006
0
LINE
8
BLACK
6
CONTINUOUS
10
104.3567529999999977
20
-82.2650000000000006
11
104.2769949999999994
21
-82.3447579999999988
0
LINE
8
BLACK
6
CONTINUOUS
10
104.2769949999999994
20
-82.3447579999999988
11
104.1547479999999979
21
-82.426440999999997
0
LINE
8
BLACK
6
CONTINUOUS
10
104.1547479999999979
20
-82.426440999999997
11
104.0189139999999952
21
-82.4827049999999957
0
LINE
8
BLACK
6
CONTINUOUS
10
104.0189139999999952
20
-82.4827049999999957
11
103.8747129999999999
21
-82.5113889999999941
0
LINE
8
BLACK
6
CONTINUOUS
10
103.8747129999999999
20
-82.5113889999999941
11
103.7276869999999889
21
-82.5113889999999941
0
LINE
8
BLACK
6
CONTINUOUS
10
103.7276869999999889
20
-82.5113889999999941
11
103.5834859999999935
21
-82.4827049999999957
0
LINE
8
BLACK
6
CONTINUOUS
10
103.5834859999999935
20
-82.4827049999999957
11
103.4476519999999908
21
-82.426440999999997
0
LINE
8
BLACK
6
CONTINUOUS
10
103.4476519999999908
20
-82.426440999999997
11
103.3254049999999893
21
-82.3447579999999988
0
LINE
8
BLACK
6
CONTINUOUS
10
103.3254049999999893
20
-82.3447579999999988
11
103.2214419999999961
21
-82.2407949999999914
0
LINE
8
BLACK
6
CONTINUOUS
10
103.2214419999999961
20
-82.2407949999999914
11
103.139758999999998
21
-82.1185479999999899
0
LINE
8
BLACK
6
CONTINUOUS
10
103.139758999999998
20
-82.1185479999999899
11
103.0834949999999992
21
-81.9827140000000014
0
LINE
8
BLACK
6
CONTINUOUS
10
103.0834949999999992
20
-81.9827140000000014
11
103.0548110000000008
21
-81.8385129999999918
0
LINE
8
BLACK
6
CONTINUOUS
10
103.0548110000000008
20
-81.8385129999999918
11
103.0548110000000008
21
-81.6914869999999951
0
LINE
8
BLACK
6
CONTINUOUS
10
103.0548110000000008
20
-81.6914869999999951
11
103.0834949999999992
21
-81.5472859999999997
0
LINE
8
BLACK
6
CONTINUOUS
10
103.0834949999999992
20
-81.5472859999999997
11
103.139758999999998
21
-81.411451999999997
0
LINE
8
BLACK
6
CONTINUOUS
10
103.139758999999998
20
-81.411451999999997
11
103.2214419999999961
21
-81.2892049999999955
0
LINE
8
BLACK
6
CONTINUOUS
10
103.2214419999999961
20
-81.2892049999999955
11
103.3254049999999893
21
-81.1852420000000023
0
LINE
8
BLACK
6
CONTINUOUS
10
103.3254049999999893
20
-81.1852420000000023
11
103.4476519999999908
21
-81.10355899999999
0
LINE
8
BLACK
6
CONTINUOUS
10
103.4476519999999908
20
-81.10355899999999
11
103.5834859999999935
21
-81.0472949999999912
0
LINE
8
BLACK
6
CONTINUOUS
10
103.5834859999999935
20
-81.0472949999999912
11
103.7276869999999889
21
-81.0186109999999928
0
LINE
8
BLACK
6
CONTINUOUS
10
103.7276869999999889
20
-81.0186109999999928
11
103.8747129999999999
21
-81.0186109999999928
0
LINE
8
BLACK
6
CONTINUOUS
10
103.8747129999999999
20
-81.0186109999999928
11
104.0189139999999952
21
-81.0472949999999912
0
LINE
8
BLACK
6
CONTINUOUS
10
104.0189139999999952
20
-81.0472949999999912
11
104.1547479999999979
21
-81.10355899999999
0
LINE
8
BLACK
6
CONTINUOUS
10
104.1547479999999979
20
-81.10355899999999
11
104.2769949999999994
21
-81.1852420000000023
0
LINE
8
BLACK
6
CONTINUOUS
10
104.2769949999999994
20
-81.1852420000000023
11
104.3567529999999977
21
-81.2650000000000006
0
LINE
8
BLACK
6
CONTINUOUS
10
104.3567529999999977
20
-81.2650000000000006
11
112.5040939999999949
21
-81.2650000000000006
0
LINE
8
BLACK
6
CONTINUOUS
10
112.5040939999999949
20
-81.2650000000000006
11
116.2768149999999991
21
-77.4922779999999989
0
LINE
8
BLACK
6
CONTINUOUS
10
116.2768149999999991
20
-77.4922779999999989
11
116.2750519999999881
21
-77.4834139999999962
0
LINE
8
BLACK
6
CONTINUOUS
10
116.2750519999999881
20
-77.4834139999999962
11
116.2750519999999881
21
-77.3265859999999918
0
LINE
8
BLACK
6
CONTINUOUS
10
116.2750519999999881
20
-77.3265859999999918
11
116.2768149999999991
21
-77.3177209999999917
0
LINE
8
BLACK
6
CONTINUOUS
10
116.2768149999999991
20
-77.3177209999999917
11
114.7442939999999965
21
-75.7852000000000032
0
LINE
8
BLACK
6
CONTINUOUS
10
114.7442939999999965
20
-75.7852000000000032
11
98.4256069999999994
21
-75.7852000000000032
0
LINE
8
BLACK
6
CONTINUOUS
10
98.4256069999999994
20
-75.7852000000000032
11
92.2622530000000012
21
-81.9485529999999898
0
LINE
8
BLACK
6
CONTINUOUS
10
92.2622530000000012
20
-81.9485529999999898
11
92.2130959999999931
21
-81.9916609999999935
0
LINE
8
BLACK
6
CONTINUOUS
10
92.2130959999999931
20
-81.9916609999999935
11
92.2130810000000025
21
-81.9916769999999957
0
LINE
8
BLACK
6
CONTINUOUS
10
92.2130810000000025
20
-81.9916769999999957
11
92.1313969999999927
21
-82.0388370000000009
0
LINE
8
BLACK
6
CONTINUOUS
10
92.1313969999999927
20
-82.0388370000000009
11
92.100042000000002
21
-82.0569399999999973
0
LINE
8
BLACK
6
CONTINUOUS
10
92.100042000000002
20
-82.0569399999999973
11
91.9739629999999977
21
-82.090722999999997
0
LINE
8
BLACK
6
CONTINUOUS
10
91.9739629999999977
20
-82.090722999999997
11
91.9739479999999929
21
-82.090722999999997
0
LINE
8
BLACK
6
CONTINUOUS
10
91.9739479999999929
20
-82.090722999999997
11
91.9086999999999961
21
-82.0949999999999989
0
LINE
8
BLACK
6
CONTINUOUS
10
91.9086999999999961
20
-82.0949999999999989
11
84.3694739999999967
21
-82.0949999999999989
0
LINE
8
BLACK
6
CONTINUOUS
10
84.3694739999999967
20
-82.0949999999999989
11
84.3432589999999891
21
-82.1342339999999922
0
LINE
8
BLACK
6
CONTINUOUS
10
84.3432589999999891
20
-82.1342339999999922
11
84.2254339999999928
21
-82.2520590000000027
0
LINE
8
BLACK
6
CONTINUOUS
10
84.2254339999999928
20
-82.2520590000000027
11
84.0868869999999902
21
-82.3446330000000017
0
LINE
8
BLACK
6
CONTINUOUS
10
84.0868869999999902
20
-82.3446330000000017
11
83.9329419999999971
21
-82.4083990000000028
0
LINE
8
BLACK
6
CONTINUOUS
10
83.9329419999999971
20
-82.4083990000000028
11
83.7695149999999984
21
-82.4409069999999957
0
LINE
8
BLACK
6
CONTINUOUS
10
83.7695149999999984
20
-82.4409069999999957
11
83.6028850000000006
21
-82.4409069999999957
0
LINE
8
BLACK
6
CONTINUOUS
10
83.6028850000000006
20
-82.4409069999999957
11
83.4394580000000019
21
-82.4083990000000028
0
LINE
8
BLACK
6
CONTINUOUS
10
83.4394580000000019
20
-82.4083990000000028
11
83.2855129999999946
21
-82.3446330000000017
0
LINE
8
BLACK
6
CONTINUOUS
10
83.2855129999999946
20
-82.3446330000000017
11
83.1469659999999919
21
-82.2520590000000027
0
LINE
8
BLACK
6
CONTINUOUS
10
83.1469659999999919
20
-82.2520590000000027
11
83.0291409999999956
21
-82.1342339999999922
0
LINE
8
BLACK
6
CONTINUOUS
10
83.0291409999999956
20
-82.1342339999999922
11
82.9365669999999966
21
-81.9956869999999896
0
LINE
8
BLACK
6
CONTINUOUS
10
82.9365669999999966
20
-81.9956869999999896
11
82.8728009999999955
21
-81.8417419999999964
0
LINE
8
BLACK
6
CONTINUOUS
10
82.8728009999999955
20
-81.8417419999999964
11
82.8402930000000026
21
-81.6783149999999978
0
LINE
8
BLACK
6
CONTINUOUS
10
82.8402930000000026
20
-81.6783149999999978
11
82.8402930000000026
21
-81.5116849999999999
0
LINE
8
BLACK
6
CONTINUOUS
10
82.8402930000000026
20
-81.5116849999999999
11
82.8728009999999955
21
-81.3482580000000013
0
LINE
8
BLACK
6
CONTINUOUS
10
82.8728009999999955
20
-81.3482580000000013
11
82.9365669999999966
21
-81.194312999999994
0
LINE
8
BLACK
6
CONTINUOUS
10
82.9365669999999966
20
-81.194312999999994
11
83.0291409999999956
21
-81.0557659999999913
0
LINE
8
BLACK
6
CONTINUOUS
10
83.0291409999999956
20
-81.0557659999999913
11
83.1469659999999919
21
-80.937940999999995
0
LINE
8
BLACK
6
CONTINUOUS
10
83.1469659999999919
20
-80.937940999999995
11
83.2855129999999946
21
-80.845366999999996
0
LINE
8
BLACK
6
CONTINUOUS
10
83.2855129999999946
20
-80.845366999999996
11
83.4394580000000019
21
-80.7816009999999949
0
LINE
8
BLACK
6
CONTINUOUS
10
83.4394580000000019
20
-80.7816009999999949
11
83.6028850000000006
21
-80.749093000000002
0
LINE
8
BLACK
6
CONTINUOUS
10
83.6028850000000006
20
-80.749093000000002
11
83.7695149999999984
21
-80.749093000000002
0
LINE
8
BLACK
6
CONTINUOUS
10
83.7695149999999984
20
-80.749093000000002
11
83.9329419999999971
21
-80.7816009999999949
0
LINE
8
BLACK
6
CONTINUOUS
10
83.9329419999999971
20
-80.7816009999999949
11
84.0868869999999902
21
-80.845366999999996
0
LINE
8
BLACK
6
CONTINUOUS
10
84.0868869999999902
20
-80.845366999999996
11
84.2254339999999928
21
-80.937940999999995
0
LINE
8
BLACK
6
CONTINUOUS
10
84.2254339999999928
20
-80.937940999999995
11
84.3432589999999891
21
-81.0557659999999913
0
LINE
8
BLACK
6
CONTINUOUS
10
84.3432589999999891
20
-81.0557659999999913
11
84.3694739999999967
21
-81.0949999999999989
0
LINE
8
BLACK
6
CONTINUOUS
10
84.3694739999999967
20
-81.0949999999999989
11
91.7015940000000001
21
-81.0949999999999989
0
LINE
8
BLACK
6
CONTINUOUS
10
91.7015940000000001
20
-81.0949999999999989
11
97.8649470000000008
21
-74.9316460000000006
0
LINE
8
BLACK
6
CONTINUOUS
10
97.8649470000000008
20
-74.9316460000000006
11
97.9141029999999972
21
-74.8885379999999969
0
LINE
8
BLACK
6
CONTINUOUS
10
97.9141029999999972
20
-74.8885379999999969
11
97.9141189999999995
21
-74.8885229999999922
0
LINE
8
BLACK
6
CONTINUOUS
10
97.9141189999999995
20
-74.8885229999999922
11
98.027158
21
-74.8232599999999906
0
LINE
8
BLACK
6
CONTINUOUS
10
98.027158
20
-74.8232599999999906
11
98.0538009999999929
21
-74.816119999999998
0
LINE
8
BLACK
6
CONTINUOUS
10
98.0538009999999929
20
-74.816119999999998
11
98.1532369999999901
21
-74.7894769999999909
0
LINE
8
BLACK
6
CONTINUOUS
10
98.1532369999999901
20
-74.7894769999999909
11
98.1532519999999948
21
-74.7894769999999909
0
LINE
8
BLACK
6
CONTINUOUS
10
98.1532519999999948
20
-74.7894769999999909
11
98.2184999999999917
21
-74.7852000000000032
0
LINE
8
BLACK
6
CONTINUOUS
10
98.2184999999999917
20
-74.7852000000000032
11
114.9513999999999925
21
-74.7852000000000032
0
LINE
8
BLACK
6
CONTINUOUS
10
114.9513999999999925
20
-74.7852000000000032
11
115.0166479999999893
21
-74.7894769999999909
0
LINE
8
BLACK
6
CONTINUOUS
10
55.5329419999999985
20
-80.7816009999999949
11
55.6868869999999987
21
-80.845366999999996
0
LINE
8
BLACK
6
CONTINUOUS
10
55.6868869999999987
20
-80.845366999999996
11
55.8254339999999942
21
-80.937940999999995
0
LINE
8
BLACK
6
CONTINUOUS
10
55.8254339999999942
20
-80.937940999999995
11
55.9432589999999976
21
-81.0557659999999913
0
LINE
8
BLACK
6
CONTINUOUS
10
55.9432589999999976
20
-81.0557659999999913
11
56.0358329999999967
21
-81.194312999999994
0
LINE
8
BLACK
6
CONTINUOUS
10
56.0358329999999967
20
-81.194312999999994
11
56.0995989999999978
21
-81.3482580000000013
0
LINE
8
BLACK
6
CONTINUOUS
10
56.0995989999999978
20
-81.3482580000000013
11
56.1321069999999978
21
-81.5116849999999999
0
LINE
8
BLACK
6
CONTINUOUS
10
56.1321069999999978
20
-81.5116849999999999
11
56.1321069999999978
21
-81.6783149999999978
0
LINE
8
BLACK
6
CONTINUOUS
10
56.1321069999999978
20
-81.6783149999999978
11
56.0995989999999978
21
-81.8417419999999964
0
LINE
8
BLACK
6
CONTINUOUS
10
56.0995989999999978
20
-81.8417419999999964
11
56.0358329999999967
21
-81.9956869999999896
0
LINE
8
BLACK
6
CONTINUOUS
10
56.0358329999999967
20
-81.9956869999999896
11
55.9432589999999976
21
-82.1342339999999922
0
LINE
8
BLACK
6
CONTINUOUS
10
55.9432589999999976
20
-82.1342339999999922
11
55.8254339999999942
21
-82.2520590000000027
0
LINE
8
BLACK
6
CONTINUOUS
10
55.8254339999999942
20
-82.2520590000000027
11
55.6868869999999987
21
-82.3446330000000017
0
LINE
8
BLACK
6
CONTINUOUS
10
55.6868869999999987
20
-82.3446330000000017
11
55.5329419999999985
21
-82.4083990000000028
0
LINE
8
BLACK
6
CONTINUOUS
10
55.5329419999999985
20
-82.4083990000000028
11
55.3695149999999998
21
-82.4409069999999957
0
LINE
8
BLACK
6
CONTINUOUS
10
55.3695149999999998
20
-82.4409069999999957
11
55.2028849999999949
21
-82.4409069999999957
0
LINE
8
BLACK
6
CONTINUOUS
10
55.2028849999999949
20
-82.4409069999999957
11
55.0394579999999962
21
-82.4083990000000028
0
LINE
8
BLACK
6
CONTINUOUS
10
55.0394579999999962
20
-82.4083990000000028
11
54.885512999999996
21
-82.3446330000000017
0
LINE
8
BLACK
6
CONTINUOUS
10
54.885512999999996
20
-82.3446330000000017
11
54.7469660000000005
21
-82.2520590000000027
0
LINE
8
BLACK
6
CONTINUOUS
10
54.7469660000000005
20
-82.2520590000000027
11
54.6291409999999971
21
-82.1342339999999922
0
LINE
8
BLACK
6
CONTINUOUS
10
54.6291409999999971
20
-82.1342339999999922
11
54.536566999999998
21
-81.9956869999999896
0
LINE
8
BLACK
6
CONTINUOUS
10
54.536566999999998
20
-81.9956869999999896
11
54.4728009999999969
21
-81.8417419999999964
0
LINE
8
BLACK
6
CONTINUOUS
10
54.4728009999999969
20
-81.8417419999999964
11
54.4402929999999969
21
-81.6783149999999978
0
LINE
8
BLACK
6
CONTINUOUS
10
54.4402929999999969
20
-81.6783149999999978
11
54.4402929999999969
21
-81.5116849999999999
0
LINE
8
BLACK
6
CONTINUOUS
10
54.4402929999999969
20
-81.5116849999999999
11
54.4728009999999969
21
-81.3482580000000013
0
LINE
8
BLACK
6
CONTINUOUS
10
54.4728009999999969
20
-81.3482580000000013
11
54.536566999999998
21
-81.194312999999994
0
LINE
8
BLACK
6
CONTINUOUS
10
54.536566999999998
20
-81.194312999999994
11
54.6291409999999971
21
-81.0557659999999913
0
LINE
8
BLACK
6
CONTINUOUS
10
54.6291409999999971
20
-81.0557659999999913
11
54.7469660000000005
21
-80.937940999999995
0
LINE
8
BLACK
6
CONTINUOUS
10
54.7469660000000005
20
-80.937940999999995
11
54.885512999999996
21
-80.845366999999996
0
LINE
8
BLACK
6
CONTINUOUS
10
54.885512999999996
20
-80.845366999999996
11
55.0394579999999962
21
-80.7816009999999949
0
LINE
8
BLACK
6
CONTINUOUS
10
55.0394579999999962
20
-80.7816009999999949
11
55.2028849999999949
21
-80.749093000000002
0
LINE
8
BLACK
6
CONTINUOUS
10
55.2028849999999949
20
-80.749093000000002
11
55.3695149999999998
21
-80.749093000000002
0
LINE
8
BLACK
6
CONTINUOUS
10
55.3695149999999998
20
-80.749093000000002
11
55.5329419999999985
21
-80.7816009999999949
0
LINE
8
BLACK
6
CONTINUOUS
10
114.4283919999999881
20
-76.6053849999999983
11
114.4490339999999975
21
-76.6220189999999945
0
LINE
8
BLACK
6
CONTINUOUS
10
114.4490339999999975
20
-76.6220189999999945
11
115.0139309999999995
21
-77.1869159999999965
0
LINE
8
BLACK
6
CONTINUOUS
10
115.0139309999999995
20
-77.1869159999999965
11
115.0182619999999929
21
-77.1912569999999931
0
LINE
8
BLACK
6
CONTINUOUS
10
115.0182619999999929
20
-77.1912569999999931
11
115.0190339999999907
21
-77.1923189999999977
0
LINE
8
BLACK
6
CONTINUOUS
10
115.0190339999999907
20
-77.1923189999999977
11
115.1438500000000005
21
-77.3171349999999933
0
LINE
8
BLACK
6
CONTINUOUS
10
115.1438500000000005
20
-77.3171349999999933
11
115.144283999999999
21
-77.3175700000000035
0
LINE
8
BLACK
6
CONTINUOUS
10
115.144283999999999
20
-77.3175700000000035
11
115.1610649999999936
21
-77.3483859999999908
0
LINE
8
BLACK
6
CONTINUOUS
10
115.1610649999999936
20
-77.3483859999999908
11
115.1776679999999971
21
-77.37879199999999
0
LINE
8
BLACK
6
CONTINUOUS
10
115.1776679999999971
20
-77.37879199999999
11
115.177661999999998
21
-77.3788649999999905
0
LINE
8
BLACK
6
CONTINUOUS
10
115.177661999999998
20
-77.3788649999999905
11
115.1776989999999898
21
-77.3789319999999918
0
LINE
8
BLACK
6
CONTINUOUS
10
115.1776989999999898
20
-77.3789319999999918
11
115.1751469999999955
21
-77.4140289999999993
0
LINE
8
BLACK
6
CONTINUOUS
10
115.1751469999999955
20
-77.4140289999999993
11
115.1726839999999896
21
-77.4484839999999934
0
LINE
8
BLACK
6
CONTINUOUS
10
115.1726839999999896
20
-77.4484839999999934
11
115.1726379999999921
21
-77.4485540000000015
0
LINE
8
BLACK
6
CONTINUOUS
10
115.1726379999999921
20
-77.4485540000000015
11
115.172633999999988
21
-77.4486179999999962
0
LINE
8
BLACK
6
CONTINUOUS
10
115.172633999999988
20
-77.4486179999999962
11
115.1723819999999989
21
-77.448953000000003
0
LINE
8
BLACK
6
CONTINUOUS
10
115.1723819999999989
20
-77.448953000000003
11
115.1441829999999982
21
-77.4928309999999954
0
LINE
8
BLACK
6
CONTINUOUS
10
115.1441829999999982
20
-77.4928309999999954
11
112.208833999999996
21
-80.428180999999995
0
LINE
8
BLACK
6
CONTINUOUS
10
112.208833999999996
20
-80.428180999999995
11
112.1475109999999944
21
-80.4616659999999939
0
LINE
8
BLACK
6
CONTINUOUS
10
112.1475109999999944
20
-80.4616659999999939
11
112.1211529999999925
21
-80.464500000000001
0
LINE
8
BLACK
6
CONTINUOUS
10
112.1211529999999925
20
-80.464500000000001
11
104.6893719999999917
21
-80.464500000000001
0
LINE
8
BLACK
6
CONTINUOUS
10
104.6893719999999917
20
-80.464500000000001
11
104.6223329999999976
21
-80.4448149999999913
0
LINE
8
BLACK
6
CONTINUOUS
10
104.6223329999999976
20
-80.4448149999999913
11
104.6164859999999948
21
-80.4408169999999956
0
LINE
8
BLACK
6
CONTINUOUS
10
104.6164859999999948
20
-80.4408169999999956
11
104.6138419999999911
21
-80.4388959999999997
0
LINE
8
BLACK
6
CONTINUOUS
10
104.6138419999999911
20
-80.4388959999999997
11
104.6138369999999895
21
-80.4388929999999931
0
LINE
8
BLACK
6
CONTINUOUS
10
104.6138369999999895
20
-80.4388929999999931
11
104.3963889999999992
21
-80.3280969999999996
0
LINE
8
BLACK
6
CONTINUOUS
10
104.3963889999999992
20
-80.3280969999999996
11
104.3908249999999924
21
-80.3262890000000027
0
LINE
8
BLACK
6
CONTINUOUS
10
104.3908249999999924
20
-80.3262890000000027
11
104.3796079999999904
21
-80.3226439999999968
0
LINE
8
BLACK
6
CONTINUOUS
10
104.3796079999999904
20
-80.3226439999999968
11
104.3219349999999963
21
-80.2832080000000019
0
LINE
8
BLACK
6
CONTINUOUS
10
104.3219349999999963
20
-80.2832080000000019
11
104.2947369999999978
21
-80.2188489999999916
0
LINE
8
BLACK
6
CONTINUOUS
10
104.2947369999999978
20
-80.2188489999999916
11
104.3066519999999997
21
-80.1500029999999981
0
LINE
8
BLACK
6
CONTINUOUS
10
104.3066519999999997
20
-80.1500029999999981
11
104.3302449999999908
21
-80.1170369999999963
0
LINE
8
BLACK
6
CONTINUOUS
10
104.3302449999999908
20
-80.1170369999999963
11
105.7054649999999896
21
-78.7418189999999925
0
LINE
8
BLACK
6
CONTINUOUS
10
105.7054649999999896
20
-78.7418189999999925
11
105.7667879999999911
21
-78.7083339999999936
0
LINE
8
BLACK
6
CONTINUOUS
10
105.7667879999999911
20
-78.7083339999999936
11
105.793145999999993
21
-78.7055000000000007
0
LINE
8
BLACK
6
CONTINUOUS
10
105.793145999999993
20
-78.7055000000000007
11
108.4779619999999909
21
-78.7055000000000007
0
LINE
8
BLACK
6
CONTINUOUS
10
108.4779619999999909
20
-78.7055000000000007
11
108.5450009999999992
21
-78.7251849999999962
0
LINE
8
BLACK
6
CONTINUOUS
10
108.5450009999999992
20
-78.7251849999999962
11
108.5508370000000014
21
-78.7291749999999979
0
LINE
8
BLACK
6
CONTINUOUS
10
108.5508370000000014
20
-78.7291749999999979
11
108.6123549999999938
21
-78.7738700000000023
0
LINE
8
BLACK
6
CONTINUOUS
10
108.6123549999999938
20
-78.7738700000000023
11
108.7184060000000017
21
-78.8279050000000012
0
LINE
8
BLACK
6
CONTINUOUS
10
108.7184060000000017
20
-78.8279050000000012
11
108.8368159999999989
21
-78.8882389999999987
0
LINE
8
BLACK
6
CONTINUOUS
10
108.8368159999999989
20
-78.8882389999999987
11
108.8368179999999938
21
-78.8882389999999987
0
LINE
8
BLACK
6
CONTINUOUS
10
108.8368179999999938
20
-78.8882389999999987
11
108.8368210000000005
21
-78.8882409999999936
0
LINE
8
BLACK
6
CONTINUOUS
10
108.8368210000000005
20
-78.8882409999999936
11
109.0764149999999972
21
-78.9660899999999941
0
LINE
8
BLACK
6
CONTINUOUS
10
109.0764149999999972
20
-78.9660899999999941
11
109.3252379999999988
21
-79.0054999999999978
0
LINE
8
BLACK
6
CONTINUOUS
10
109.3252379999999988
20
-79.0054999999999978
11
109.3252389999999963
21
-79.0054999999999978
0
LINE
8
BLACK
6
CONTINUOUS
10
109.3252389999999963
20
-79.0054999999999978
11
109.5771609999999896
21
-79.0054999999999978
0
LINE
8
BLACK
6
CONTINUOUS
10
109.5771609999999896
20
-79.0054999999999978
11
109.5771620000000013
21
-79.0054999999999978
0
LINE
8
BLACK
6
CONTINUOUS
10
109.5771620000000013
20
-79.0054999999999978
11
109.8259849999999886
21
-78.9660899999999941
0
LINE
8
BLACK
6
CONTINUOUS
10
109.8259849999999886
20
-78.9660899999999941
11
110.0655789999999996
21
-78.8882409999999936
0
LINE
8
BLACK
6
CONTINUOUS
10
110.0655789999999996
20
-78.8882409999999936
11
110.2900449999999921
21
-78.7738700000000023
0
LINE
8
BLACK
6
CONTINUOUS
10
110.2900449999999921
20
-78.7738700000000023
11
110.4938559999999939
21
-78.6257930000000016
0
LINE
8
BLACK
6
CONTINUOUS
10
110.4938559999999939
20
-78.6257930000000016
11
110.6719930000000005
21
-78.4476559999999949
0
LINE
8
BLACK
6
CONTINUOUS
10
110.6719930000000005
20
-78.4476559999999949
11
110.8200700000000012
21
-78.2438449999999932
0
LINE
8
BLACK
6
CONTINUOUS
10
110.8200700000000012
20
-78.2438449999999932
11
110.9344409999999925
21
-78.0193790000000007
0
LINE
8
BLACK
6
CONTINUOUS
10
110.9344409999999925
20
-78.0193790000000007
11
111.012289999999993
21
-77.7797849999999897
0
LINE
8
BLACK
6
CONTINUOUS
10
111.012289999999993
20
-77.7797849999999897
11
111.0516999999999967
21
-77.5309620000000024
0
LINE
8
BLACK
6
CONTINUOUS
10
111.0516999999999967
20
-77.5309620000000024
11
111.0516999999999967
21
-77.2790379999999999
0
LINE
8
BLACK
6
CONTINUOUS
10
111.0516999999999967
20
-77.2790379999999999
11
111.012289999999993
21
-77.0302149999999983
0
LINE
8
BLACK
6
CONTINUOUS
10
111.012289999999993
20
-77.0302149999999983
11
110.9344409999999925
21
-76.7906210000000016
0
LINE
8
BLACK
6
CONTINUOUS
10
110.9344409999999925
20
-76.7906210000000016
11
110.9344389999999976
21
-76.7906179999999949
0
LINE
8
BLACK
6
CONTINUOUS
10
110.9344389999999976
20
-76.7906179999999949
11
110.9344380000000001
21
-76.7906129999999933
0
LINE
8
BLACK
6
CONTINUOUS
10
110.9344380000000001
20
-76.7906129999999933
11
110.9218939999999947
21
-76.7659939999999921
0
LINE
8
BLACK
6
CONTINUOUS
10
110.9218939999999947
20
-76.7659939999999921
11
110.9089979999999969
21
-76.6973239999999947
0
LINE
8
BLACK
6
CONTINUOUS
10
110.9089979999999969
20
-76.6973239999999947
11
110.9352749999999901
21
-76.6325839999999943
0
LINE
8
BLACK
6
CONTINUOUS
10
110.9352749999999901
20
-76.6325839999999943
11
110.9923819999999921
21
-76.5923279999999949
0
LINE
8
BLACK
6
CONTINUOUS
10
110.9923819999999921
20
-76.5923279999999949
11
111.0323789999999917
21
-76.5857000000000028
0
LINE
8
BLACK
6
CONTINUOUS
10
111.0323789999999917
20
-76.5857000000000028
11
114.361352999999994
21
-76.5857000000000028
0
LINE
8
BLACK
6
CONTINUOUS
10
114.361352999999994
20
-76.5857000000000028
11
114.4283919999999881
21
-76.6053849999999983
0
LINE
8
BLACK
6
CONTINUOUS
10
55.5329419999999985
20
-78.2416010000000028
11
55.6868869999999987
21
-78.3053669999999897
0
LINE
8
BLACK
6
CONTINUOUS
10
55.6868869999999987
20
-78.3053669999999897
11
55.8254339999999942
21
-78.397941000000003
0
LINE
8
BLACK
6
CONTINUOUS
10
55.8254339999999942
20
-78.397941000000003
11
55.9432589999999976
21
-78.5157659999999993
0
LINE
8
BLACK
6
CONTINUOUS
10
55.9432589999999976
20
-78.5157659999999993
11
56.0358329999999967
21
-78.6543130000000019
0
LINE
8
BLACK
6
CONTINUOUS
10
56.0358329999999967
20
-78.6543130000000019
11
56.0995989999999978
21
-78.808257999999995
0
LINE
8
BLACK
6
CONTINUOUS
10
56.0995989999999978
20
-78.808257999999995
11
56.1321069999999978
21
-78.9716849999999937
0
LINE
8
BLACK
6
CONTINUOUS
10
56.1321069999999978
20
-78.9716849999999937
11
56.1321069999999978
21
-79.1383149999999915
0
LINE
8
BLACK
6
CONTINUOUS
10
56.1321069999999978
20
-79.1383149999999915
11
56.0995989999999978
21
-79.3017419999999902
0
LINE
8
BLACK
6
CONTINUOUS
10
56.0995989999999978
20
-79.3017419999999902
11
56.0358329999999967
21
-79.4556869999999975
0
LINE
8
BLACK
6
CONTINUOUS
10
56.0358329999999967
20
-79.4556869999999975
11
55.9432589999999976
21
-79.5942340000000002
0
LINE
8
BLACK
6
CONTINUOUS
10
55.9432589999999976
20
-79.5942340000000002
11
55.8254339999999942
21
-79.7120589999999964
0
LINE
8
BLACK
6
CONTINUOUS
10
55.8254339999999942
20
-79.7120589999999964
11
55.6868869999999987
21
-79.8046329999999955
0
LINE
8
BLACK
6
CONTINUOUS
10
55.6868869999999987
20
-79.8046329999999955
11
55.5329419999999985
21
-79.8683989999999966
0
LINE
8
BLACK
6
CONTINUOUS
10
55.5329419999999985
20
-79.8683989999999966
11
55.3695149999999998
21
-79.9009069999999895
0
LINE
8
BLACK
6
CONTINUOUS
10
55.3695149999999998
20
-79.9009069999999895
11
55.2028849999999949
21
-79.9009069999999895
0
LINE
8
BLACK
6
CONTINUOUS
10
55.2028849999999949
20
-79.9009069999999895
11
55.0394579999999962
21
-79.8683989999999966
0
LINE
8
BLACK
6
CONTINUOUS
10
55.0394579999999962
20
-79.8683989999999966
11
54.885512999999996
21
-79.8046329999999955
0
LINE
8
BLACK
6
CONTINUOUS
10
54.885512999999996
20
-79.8046329999999955
11
54.7469660000000005
21
-79.7120589999999964
0
LINE
8
BLACK
6
CONTINUOUS
10
54.7469660000000005
20
-79.7120589999999964
11
54.6291409999999971
21
-79.5942340000000002
0
LINE
8
BLACK
6
CONTINUOUS
10
54.6291409999999971
20
-79.5942340000000002
11
54.536566999999998
21
-79.4556869999999975
0
LINE
8
BLACK
6
CONTINUOUS
10
54.536566999999998
20
-79.4556869999999975
11
54.4728009999999969
21
-79.3017419999999902
0
LINE
8
BLACK
6
CONTINUOUS
10
54.4728009999999969
20
-79.3017419999999902
11
54.4402929999999969
21
-79.1383149999999915
0
LINE
8
BLACK
6
CONTINUOUS
10
54.4402929999999969
20
-79.1383149999999915
11
54.4402929999999969
21
-78.9716849999999937
0
LINE
8
BLACK
6
CONTINUOUS
10
54.4402929999999969
20
-78.9716849999999937
11
54.4728009999999969
21
-78.808257999999995
0
LINE
8
BLACK
6
CONTINUOUS
10
54.4728009999999969
20
-78.808257999999995
11
54.536566999999998
21
-78.6543130000000019
0
LINE
8
BLACK
6
CONTINUOUS
10
54.536566999999998
20
-78.6543130000000019
11
54.6291409999999971
21
-78.5157659999999993
0
LINE
8
BLACK
6
CONTINUOUS
10
54.6291409999999971
20
-78.5157659999999993
11
54.7469660000000005
21
-78.397941000000003
0
LINE
8
BLACK
6
CONTINUOUS
10
54.7469660000000005
20
-78.397941000000003
11
54.885512999999996
21
-78.3053669999999897
0
LINE
8
BLACK
6
CONTINUOUS
10
54.885512999999996
20
-78.3053669999999897
11
55.0394579999999962
21
-78.2416010000000028
0
LINE
8
BLACK
6
CONTINUOUS
10
55.0394579999999962
20
-78.2416010000000028
11
55.2028849999999949
21
-78.2090929999999958
0
LINE
8
BLACK
6
CONTINUOUS
10
55.2028849999999949
20
-78.2090929999999958
11
55.3695149999999998
21
-78.2090929999999958
0
LINE
8
BLACK
6
CONTINUOUS
10
55.3695149999999998
20
-78.2090929999999958
11
55.5329419999999985
21
-78.2416010000000028
0
LINE
8
BLACK
6
CONTINUOUS
10
83.9329419999999971
20
-78.2416010000000028
11
84.0868869999999902
21
-78.3053669999999897
0
LINE
8
BLACK
6
CONTINUOUS
10
84.0868869999999902
20
-78.3053669999999897
11
84.2254339999999928
21
-78.397941000000003
0
LINE
8
BLACK
6
CONTINUOUS
10
84.2254339999999928
20
-78.397941000000003
11
84.3432589999999891
21
-78.5157659999999993
0
LINE
8
BLACK
6
CONTINUOUS
10
84.3432589999999891
20
-78.5157659999999993
11
84.4358330000000024
21
-78.6543130000000019
0
LINE
8
BLACK
6
CONTINUOUS
10
84.4358330000000024
20
-78.6543130000000019
11
84.4995989999999892
21
-78.808257999999995
0
LINE
8
BLACK
6
CONTINUOUS
10
84.4995989999999892
20
-78.808257999999995
11
84.5321069999999963
21
-78.9716849999999937
0
LINE
8
BLACK
6
CONTINUOUS
10
84.5321069999999963
20
-78.9716849999999937
11
84.5321069999999963
21
-79.1383149999999915
0
LINE
8
BLACK
6
CONTINUOUS
10
84.5321069999999963
20
-79.1383149999999915
11
84.4995989999999892
21
-79.3017419999999902
0
LINE
8
BLACK
6
CONTINUOUS
10
84.4995989999999892
20
-79.3017419999999902
11
84.4358330000000024
21
-79.4556869999999975
0
LINE
8
BLACK
6
CONTINUOUS
10
84.4358330000000024
20
-79.4556869999999975
11
84.3432589999999891
21
-79.5942340000000002
0
LINE
8
BLACK
6
CONTINUOUS
10
84.3432589999999891
20
-79.5942340000000002
11
84.2254339999999928
21
-79.7120589999999964
0
LINE
8
BLACK
6
CONTINUOUS
10
84.2254339999999928
20
-79.7120589999999964
11
84.0868869999999902
21
-79.8046329999999955
0
LINE
8
BLACK
6
CONTINUOUS
10
84.0868869999999902
20
-79.8046329999999955
11
83.9329419999999971
21
-79.8683989999999966
0
LINE
8
BLACK
6
CONTINUOUS
10
83.9329419999999971
20
-79.8683989999999966
11
83.7695149999999984
21
-79.9009069999999895
0
LINE
8
BLACK
6
CONTINUOUS
10
83.7695149999999984
20
-79.9009069999999895
11
83.6028850000000006
21
-79.9009069999999895
0
LINE
8
BLACK
6
CONTINUOUS
10
83.6028850000000006
20
-79.9009069999999895
11
83.4394580000000019
21
-79.8683989999999966
0
LINE
8
BLACK
6
CONTINUOUS
10
83.4394580000000019
20
-79.8683989999999966
11
83.2855129999999946
21
-79.8046329999999955
0
LINE
8
BLACK
6
CONTINUOUS
10
83.2855129999999946
20
-79.8046329999999955
11
83.1469659999999919
21
-79.7120589999999964
0
LINE
8
BLACK
6
CONTINUOUS
10
83.1469659999999919
20
-79.7120589999999964
11
83.0291409999999956
21
-79.5942340000000002
0
LINE
8
BLACK
6
CONTINUOUS
10
83.0291409999999956
20
-79.5942340000000002
11
82.9365669999999966
21
-79.4556869999999975
0
LINE
8
BLACK
6
CONTINUOUS
10
82.9365669999999966
20
-79.4556869999999975
11
82.8728009999999955
21
-79.3017419999999902
0
LINE
8
BLACK
6
CONTINUOUS
10
82.8728009999999955
20
-79.3017419999999902
11
82.8402930000000026
21
-79.1383149999999915
0
LINE
8
BLACK
6
CONTINUOUS
10
82.8402930000000026
20
-79.1383149999999915
11
82.8402930000000026
21
-78.9716849999999937
0
LINE
8
BLACK
6
CONTINUOUS
10
82.8402930000000026
20
-78.9716849999999937
11
82.8728009999999955
21
-78.808257999999995
0
LINE
8
BLACK
6
CONTINUOUS
10
82.8728009999999955
20
-78.808257999999995
11
82.9365669999999966
21
-78.6543130000000019
0
LINE
8
BLACK
6
CONTINUOUS
10
82.9365669999999966
20
-78.6543130000000019
11
83.0291409999999956
21
-78.5157659999999993
0
LINE
8
BLACK
6
CONTINUOUS
10
83.0291409999999956
20
-78.5157659999999993
11
83.1469659999999919
21
-78.397941000000003
0
LINE
8
BLACK
6
CONTINUOUS
10
83.1469659999999919
20
-78.397941000000003
11
83.2855129999999946
21
-78.3053669999999897
0
LINE
8
BLACK
6
CONTINUOUS
10
83.2855129999999946
20
-78.3053669999999897
11
83.4394580000000019
21
-78.2416010000000028
0
LINE
8
BLACK
6
CONTINUOUS
10
83.4394580000000019
20
-78.2416010000000028
11
83.6028850000000006
21
-78.2090929999999958
0
LINE
8
BLACK
6
CONTINUOUS
10
83.6028850000000006
20
-78.2090929999999958
11
83.7695149999999984
21
-78.2090929999999958
0
LINE
8
BLACK
6
CONTINUOUS
10
83.7695149999999984
20
-78.2090929999999958
11
83.9329419999999971
21
-78.2416010000000028
0
LINE
8
BLACK
6
CONTINUOUS
10
103.9508929999999935
20
-76.6053849999999983
11
103.9966479999999933
21
-76.658188999999993
0
LINE
8
BLACK
6
CONTINUOUS
10
103.9966479999999933
20
-76.658188999999993
11
104.0065919999999977
21
-76.7273469999999946
0
LINE
8
BLACK
6
CONTINUOUS
10
104.0065919999999977
20
-76.7273469999999946
11
103.9775669999999934
21
-76.7909030000000001
0
LINE
8
BLACK
6
CONTINUOUS
10
103.9775669999999934
20
-76.7909030000000001
11
103.9715349999999887
21
-76.7973810000000014
0
LINE
8
BLACK
6
CONTINUOUS
10
103.9715349999999887
20
-76.7973810000000014
11
101.5528800000000018
21
-79.2160329999999959
0
LINE
8
BLACK
6
CONTINUOUS
10
101.5528800000000018
20
-79.2160329999999959
11
101.4915570000000002
21
-79.2495179999999948
0
LINE
8
BLACK
6
CONTINUOUS
10
101.4915570000000002
20
-79.2495179999999948
11
101.4218649999999968
21
-79.2445340000000016
0
LINE
8
BLACK
6
CONTINUOUS
10
101.4218649999999968
20
-79.2445340000000016
11
101.3775179999999949
21
-79.2160329999999959
0
LINE
8
BLACK
6
CONTINUOUS
10
101.3775179999999949
20
-79.2160329999999959
11
100.8828209999999928
21
-78.7213359999999938
0
LINE
8
BLACK
6
CONTINUOUS
10
100.8828209999999928
20
-78.7213359999999938
11
100.8828199999999953
21
-78.7213349999999963
0
LINE
8
BLACK
6
CONTINUOUS
10
100.8828199999999953
20
-78.7213349999999963
11
100.8828189999999978
21
-78.7213339999999988
0
LINE
8
BLACK
6
CONTINUOUS
10
100.8828189999999978
20
-78.7213339999999988
11
100.7172109999999918
21
-78.6010129999999947
0
LINE
8
BLACK
6
CONTINUOUS
10
100.7172109999999918
20
-78.6010129999999947
11
100.6260139999999978
21
-78.554546000000002
0
LINE
8
BLACK
6
CONTINUOUS
10
100.6260139999999978
20
-78.554546000000002
11
100.5348229999999887
21
-78.50808099999999
0
LINE
8
BLACK
6
CONTINUOUS
10
100.5348229999999887
20
-78.50808099999999
11
100.4881149999999934
21
-78.4929039999999958
0
LINE
8
BLACK
6
CONTINUOUS
10
100.4881149999999934
20
-78.4929039999999958
11
100.4374759999999895
21
-78.4764509999999973
0
LINE
8
BLACK
6
CONTINUOUS
10
100.4374759999999895
20
-78.4764509999999973
11
100.4136029999999948
21
-78.4686939999999993
0
LINE
8
BLACK
6
CONTINUOUS
10
100.4136029999999948
20
-78.4686939999999993
11
100.3401349999999894
21
-78.444822000000002
0
LINE
8
BLACK
6
CONTINUOUS
10
100.3401349999999894
20
-78.444822000000002
11
100.1655949999999962
21
-78.4171779999999927
0
LINE
8
BLACK
6
CONTINUOUS
10
100.1655949999999962
20
-78.4171779999999927
11
100.1379519999999985
21
-78.4127999999999901
0
LINE
8
BLACK
6
CONTINUOUS
10
100.1379519999999985
20
-78.4127999999999901
11
97.5343510000000009
21
-78.4127999999999901
0
LINE
8
BLACK
6
CONTINUOUS
10
97.5343510000000009
20
-78.4127999999999901
11
97.3296479999999917
21
-78.4127999999999901
0
LINE
8
BLACK
6
CONTINUOUS
10
97.3296479999999917
20
-78.4127999999999901
11
97.2950779999999895
21
-78.4182749999999942
0
LINE
8
BLACK
6
CONTINUOUS
10
97.2950779999999895
20
-78.4182749999999942
11
97.231821999999994
21
-78.428293999999994
0
LINE
8
BLACK
6
CONTINUOUS
10
97.231821999999994
20
-78.428293999999994
11
97.1625279999999947
21
-78.4193389999999937
0
LINE
8
BLACK
6
CONTINUOUS
10
97.1625279999999947
20
-78.4193389999999937
11
97.1090760000000017
21
-78.3743429999999961
0
LINE
8
BLACK
6
CONTINUOUS
10
97.1090760000000017
20
-78.3743429999999961
11
97.088436999999999
21
-78.3075910000000022
0
LINE
8
BLACK
6
CONTINUOUS
10
97.088436999999999
20
-78.3075910000000022
11
97.1071620000000024
21
-78.2402780000000035
0
LINE
8
BLACK
6
CONTINUOUS
10
97.1071620000000024
20
-78.2402780000000035
11
97.1247389999999911
21
-78.2181439999999952
0
LINE
8
BLACK
6
CONTINUOUS
10
97.1247389999999911
20
-78.2181439999999952
11
98.7208649999999892
21
-76.6220189999999945
0
LINE
8
BLACK
6
CONTINUOUS
10
98.7208649999999892
20
-76.6220189999999945
11
98.7821879999999908
21
-76.5885339999999957
0
LINE
8
BLACK
6
CONTINUOUS
10
98.7821879999999908
20
-76.5885339999999957
11
98.8085459999999927
21
-76.5857000000000028
0
LINE
8
BLACK
6
CONTINUOUS
10
98.8085459999999927
20
-76.5857000000000028
11
103.8838539999999995
21
-76.5857000000000028
0
LINE
8
BLACK
6
CONTINUOUS
10
103.8838539999999995
20
-76.5857000000000028
11
103.9508929999999935
21
-76.6053849999999983
0
LINE
8
BLACK
6
CONTINUOUS
10
55.5329419999999985
20
-75.7016009999999966
11
55.6868869999999987
21
-75.7653669999999977
0
LINE
8
BLACK
6
CONTINUOUS
10
55.6868869999999987
20
-75.7653669999999977
11
55.8254339999999942
21
-75.8579409999999967
0
LINE
8
BLACK
6
CONTINUOUS
10
55.8254339999999942
20
-75.8579409999999967
11
55.9432589999999976
21
-75.975765999999993
0
LINE
8
BLACK
6
CONTINUOUS
10
55.9432589999999976
20
-75.975765999999993
11
56.0358329999999967
21
-76.1143129999999957
0
LINE
8
BLACK
6
CONTINUOUS
10
56.0358329999999967
20
-76.1143129999999957
11
56.0995989999999978
21
-76.268258000000003
0
LINE
8
BLACK
6
CONTINUOUS
10
56.0995989999999978
20
-76.268258000000003
11
56.1321069999999978
21
-76.4316850000000017
0
LINE
8
BLACK
6
CONTINUOUS
10
56.1321069999999978
20
-76.4316850000000017
11
56.1321069999999978
21
-76.5983149999999995
0
LINE
8
BLACK
6
CONTINUOUS
10
56.1321069999999978
20
-76.5983149999999995
11
56.0995989999999978
21
-76.7617419999999981
0
LINE
8
BLACK
6
CONTINUOUS
10
56.0995989999999978
20
-76.7617419999999981
11
56.0358329999999967
21
-76.9156869999999913
0
LINE
8
BLACK
6
CONTINUOUS
10
56.0358329999999967
20
-76.9156869999999913
11
55.9432589999999976
21
-77.0542339999999939
0
LINE
8
BLACK
6
CONTINUOUS
10
55.9432589999999976
20
-77.0542339999999939
11
55.8254339999999942
21
-77.1720589999999902
0
LINE
8
BLACK
6
CONTINUOUS
10
55.8254339999999942
20
-77.1720589999999902
11
55.6868869999999987
21
-77.2646330000000034
0
LINE
8
BLACK
6
CONTINUOUS
10
55.6868869999999987
20
-77.2646330000000034
11
55.5329419999999985
21
-77.3283989999999903
0
LINE
8
BLACK
6
CONTINUOUS
10
55.5329419999999985
20
-77.3283989999999903
11
55.3695149999999998
21
-77.3609069999999974
0
LINE
8
BLACK
6
CONTINUOUS
10
55.3695149999999998
20
-77.3609069999999974
11
55.2028849999999949
21
-77.3609069999999974
0
LINE
8
BLACK
6
CONTINUOUS
10
55.2028849999999949
20
-77.3609069999999974
11
55.0394579999999962
21
-77.3283989999999903
0
LINE
8
BLACK
6
CONTINUOUS
10
55.0394579999999962
20
-77.3283989999999903
11
54.885512999999996
21
-77.2646330000000034
0
LINE
8
BLACK
6
CONTINUOUS
10
54.885512999999996
20
-77.2646330000000034
11
54.7469660000000005
21
-77.1720589999999902
0
LINE
8
BLACK
6
CONTINUOUS
10
54.7469660000000005
20
-77.1720589999999902
11
54.6291409999999971
21
-77.0542339999999939
0
LINE
8
BLACK
6
CONTINUOUS
10
54.6291409999999971
20
-77.0542339999999939
11
54.536566999999998
21
-76.9156869999999913
0
LINE
8
BLACK
6
CONTINUOUS
10
54.536566999999998
20
-76.9156869999999913
11
54.4728009999999969
21
-76.7617419999999981
0
LINE
8
BLACK
6
CONTINUOUS
10
54.4728009999999969
20
-76.7617419999999981
11
54.4402929999999969
21
-76.5983149999999995
0
LINE
8
BLACK
6
CONTINUOUS
10
54.4402929999999969
20
-76.5983149999999995
11
54.4402929999999969
21
-76.4316850000000017
0
LINE
8
BLACK
6
CONTINUOUS
10
54.4402929999999969
20
-76.4316850000000017
11
54.4728009999999969
21
-76.268258000000003
0
LINE
8
BLACK
6
CONTINUOUS
10
54.4728009999999969
20
-76.268258000000003
11
54.536566999999998
21
-76.1143129999999957
0
LINE
8
BLACK
6
CONTINUOUS
10
54.536566999999998
20
-76.1143129999999957
11
54.6291409999999971
21
-75.975765999999993
0
LINE
8
BLACK
6
CONTINUOUS
10
54.6291409999999971
20
-75.975765999999993
11
54.7469660000000005
21
-75.8579409999999967
0
LINE
8
BLACK
6
CONTINUOUS
10
54.7469660000000005
20
-75.8579409999999967
11
54.885512999999996
21
-75.7653669999999977
0
LINE
8
BLACK
6
CONTINUOUS
10
54.885512999999996
20
-75.7653669999999977
11
55.0394579999999962
21
-75.7016009999999966
0
LINE
8
BLACK
6
CONTINUOUS
10
55.0394579999999962
20
-75.7016009999999966
11
55.2028849999999949
21
-75.6690929999999895
0
LINE
8
BLACK
6
CONTINUOUS
10
55.2028849999999949
20
-75.6690929999999895
11
55.3695149999999998
21
-75.6690929999999895
0
LINE
8
BLACK
6
CONTINUOUS
10
55.3695149999999998
20
-75.6690929999999895
11
55.5329419999999985
21
-75.7016009999999966
0
LINE
8
BLACK
6
CONTINUOUS
10
83.9329419999999971
20
-75.7016009999999966
11
84.0868869999999902
21
-75.7653669999999977
0
LINE
8
BLACK
6
CONTINUOUS
10
84.0868869999999902
20
-75.7653669999999977
11
84.2254339999999928
21
-75.8579409999999967
0
LINE
8
BLACK
6
CONTINUOUS
10
84.2254339999999928
20
-75.8579409999999967
11
84.3432589999999891
21
-75.975765999999993
0
LINE
8
BLACK
6
CONTINUOUS
10
84.3432589999999891
20
-75.975765999999993
11
84.4358330000000024
21
-76.1143129999999957
0
LINE
8
BLACK
6
CONTINUOUS
10
84.4358330000000024
20
-76.1143129999999957
11
84.4995989999999892
21
-76.268258000000003
0
LINE
8
BLACK
6
CONTINUOUS
10
84.4995989999999892
20
-76.268258000000003
11
84.5321069999999963
21
-76.4316850000000017
0
LINE
8
BLACK
6
CONTINUOUS
10
84.5321069999999963
20
-76.4316850000000017
11
84.5321069999999963
21
-76.5983149999999995
0
LINE
8
BLACK
6
CONTINUOUS
10
84.5321069999999963
20
-76.5983149999999995
11
84.4995989999999892
21
-76.7617419999999981
0
LINE
8
BLACK
6
CONTINUOUS
10
84.4995989999999892
20
-76.7617419999999981
11
84.4358330000000024
21
-76.9156869999999913
0
LINE
8
BLACK
6
CONTINUOUS
10
84.4358330000000024
20
-76.9156869999999913
11
84.3432589999999891
21
-77.0542339999999939
0
LINE
8
BLACK
6
CONTINUOUS
10
84.3432589999999891
20
-77.0542339999999939
11
84.2254339999999928
21
-77.1720589999999902
0
LINE
8
BLACK
6
CONTINUOUS
10
84.2254339999999928
20
-77.1720589999999902
11
84.0868869999999902
21
-77.2646330000000034
0
LINE
8
BLACK
6
CONTINUOUS
10
84.0868869999999902
20
-77.2646330000000034
11
83.9329419999999971
21
-77.3283989999999903
0
LINE
8
BLACK
6
CONTINUOUS
10
83.9329419999999971
20
-77.3283989999999903
11
83.7695149999999984
21
-77.3609069999999974
0
LINE
8
BLACK
6
CONTINUOUS
10
83.7695149999999984
20
-77.3609069999999974
11
83.6028850000000006
21
-77.3609069999999974
0
LINE
8
BLACK
6
CONTINUOUS
10
83.6028850000000006
20
-77.3609069999999974
11
83.4394580000000019
21
-77.3283989999999903
0
LINE
8
BLACK
6
CONTINUOUS
10
83.4394580000000019
20
-77.3283989999999903
11
83.2855129999999946
21
-77.2646330000000034
0
LINE
8
BLACK
6
CONTINUOUS
10
83.2855129999999946
20
-77.2646330000000034
11
83.1469659999999919
21
-77.1720589999999902
0
LINE
8
BLACK
6
CONTINUOUS
10
83.1469659999999919
20
-77.1720589999999902
11
83.0291409999999956
21
-77.0542339999999939
0
LINE
8
BLACK
6
CONTINUOUS
10
83.0291409999999956
20
-77.0542339999999939
11
82.9365669999999966
21
-76.9156869999999913
0
LINE
8
BLACK
6
CONTINUOUS
10
82.9365669999999966
20
-76.9156869999999913
11
82.8728009999999955
21
-76.7617419999999981
0
LINE
8
BLACK
6
CONTINUOUS
10
82.8728009999999955
20
-76.7617419999999981
11
82.8402930000000026
21
-76.5983149999999995
0
LINE
8
BLACK
6
CONTINUOUS
10
82.8402930000000026
20
-76.5983149999999995
11
82.8402930000000026
21
-76.4316850000000017
0
LINE
8
BLACK
6
CONTINUOUS
10
82.8402930000000026
20
-76.4316850000000017
11
82.8728009999999955
21
-76.268258000000003
0
LINE
8
BLACK
6
CONTINUOUS
10
82.8728009999999955
20
-76.268258000000003
11
82.9365669999999966
21
-76.1143129999999957
0
LINE
8
BLACK
6
CONTINUOUS
10
82.9365669999999966
20
-76.1143129999999957
11
83.0291409999999956
21
-75.975765999999993
0
LINE
8
BLACK
6
CONTINUOUS
10
83.0291409999999956
20
-75.975765999999993
11
83.1469659999999919
21
-75.8579409999999967
0
LINE
8
BLACK
6
CONTINUOUS
10
83.1469659999999919
20
-75.8579409999999967
11
83.2855129999999946
21
-75.7653669999999977
0
LINE
8
BLACK
6
CONTINUOUS
10
83.2855129999999946
20
-75.7653669999999977
11
83.4394580000000019
21
-75.7016009999999966
0
LINE
8
BLACK
6
CONTINUOUS
10
83.4394580000000019
20
-75.7016009999999966
11
83.6028850000000006
21
-75.6690929999999895
0
LINE
8
BLACK
6
CONTINUOUS
10
83.6028850000000006
20
-75.6690929999999895
11
83.7695149999999984
21
-75.6690929999999895
0
LINE
8
BLACK
6
CONTINUOUS
10
83.7695149999999984
20
-75.6690929999999895
11
83.9329419999999971
21
-75.7016009999999966
0
LINE
8
BLACK
6
CONTINUOUS
10
55.5329419999999985
20
-73.1616009999999903
11
55.6868869999999987
21
-73.2253669999999914
0
LINE
8
BLACK
6
CONTINUOUS
10
55.6868869999999987
20
-73.2253669999999914
11
55.8254339999999942
21
-73.3179409999999905
0
LINE
8
BLACK
6
CONTINUOUS
10
55.8254339999999942
20
-73.3179409999999905
11
55.9432589999999976
21
-73.435766000000001
0
LINE
8
BLACK
6
CONTINUOUS
10
55.9432589999999976
20
-73.435766000000001
11
56.0358329999999967
21
-73.5743130000000036
0
LINE
8
BLACK
6
CONTINUOUS
10
56.0358329999999967
20
-73.5743130000000036
11
56.0995989999999978
21
-73.7282579999999967
0
LINE
8
BLACK
6
CONTINUOUS
10
56.0995989999999978
20
-73.7282579999999967
11
56.1321069999999978
21
-73.8916849999999954
0
LINE
8
BLACK
6
CONTINUOUS
10
56.1321069999999978
20
-73.8916849999999954
11
56.1321069999999978
21
-74.0583149999999932
0
LINE
8
BLACK
6
CONTINUOUS
10
56.1321069999999978
20
-74.0583149999999932
11
56.0995989999999978
21
-74.2217419999999919
0
LINE
8
BLACK
6
CONTINUOUS
10
56.0995989999999978
20
-74.2217419999999919
11
56.0358329999999967
21
-74.3756869999999992
0
LINE
8
BLACK
6
CONTINUOUS
10
56.0358329999999967
20
-74.3756869999999992
11
55.9432589999999976
21
-74.5142340000000019
0
LINE
8
BLACK
6
CONTINUOUS
10
55.9432589999999976
20
-74.5142340000000019
11
55.8254339999999942
21
-74.6320589999999982
0
LINE
8
BLACK
6
CONTINUOUS
10
55.8254339999999942
20
-74.6320589999999982
11
55.6868869999999987
21
-74.7246329999999972
0
LINE
8
BLACK
6
CONTINUOUS
10
55.6868869999999987
20
-74.7246329999999972
11
55.5329419999999985
21
-74.7883989999999983
0
LINE
8
BLACK
6
CONTINUOUS
10
55.5329419999999985
20
-74.7883989999999983
11
55.3695149999999998
21
-74.8209069999999912
0
LINE
8
BLACK
6
CONTINUOUS
10
55.3695149999999998
20
-74.8209069999999912
11
55.2028849999999949
21
-74.8209069999999912
0
LINE
8
BLACK
6
CONTINUOUS
10
55.2028849999999949
20
-74.8209069999999912
11
55.0394579999999962
21
-74.7883989999999983
0
LINE
8
BLACK
6
CONTINUOUS
10
55.0394579999999962
20
-74.7883989999999983
11
54.885512999999996
21
-74.7246329999999972
0
LINE
8
BLACK
6
CONTINUOUS
10
54.885512999999996
20
-74.7246329999999972
11
54.7469660000000005
21
-74.6320589999999982
0
LINE
8
BLACK
6
CONTINUOUS
10
54.7469660000000005
20
-74.6320589999999982
11
54.6291409999999971
21
-74.5142340000000019
0
LINE
8
BLACK
6
CONTINUOUS
10
54.6291409999999971
20
-74.5142340000000019
11
54.536566999999998
21
-74.3756869999999992
0
LINE
8
BLACK
6
CONTINUOUS
10
54.536566999999998
20
-74.3756869999999992
11
54.4728009999999969
21
-74.2217419999999919
0
LINE
8
BLACK
6
CONTINUOUS
10
54.4728009999999969
20
-74.2217419999999919
11
54.4402929999999969
21
-74.0583149999999932
0
LINE
8
BLACK
6
CONTINUOUS
10
54.4402929999999969
20
-74.0583149999999932
11
54.4402929999999969
21
-73.8916849999999954
0
LINE
8
BLACK
6
CONTINUOUS
10
54.4402929999999969
20
-73.8916849999999954
11
54.4728009999999969
21
-73.7282579999999967
0
LINE
8
BLACK
6
CONTINUOUS
10
54.4728009999999969
20
-73.7282579999999967
11
54.536566999999998
21
-73.5743130000000036
0
LINE
8
BLACK
6
CONTINUOUS
10
54.536566999999998
20
-73.5743130000000036
11
54.6291409999999971
21
-73.435766000000001
0
LINE
8
BLACK
6
CONTINUOUS
10
54.6291409999999971
20
-73.435766000000001
11
54.7469660000000005
21
-73.3179409999999905
0
LINE
8
BLACK
6
CONTINUOUS
10
54.7469660000000005
20
-73.3179409999999905
11
54.885512999999996
21
-73.2253669999999914
0
LINE
8
BLACK
6
CONTINUOUS
10
54.885512999999996
20
-73.2253669999999914
11
55.0394579999999962
21
-73.1616009999999903
0
LINE
8
BLACK
6
CONTINUOUS
10
55.0394579999999962
20
-73.1616009999999903
11
55.2028849999999949
21
-73.1290929999999975
0
LINE
8
BLACK
6
CONTINUOUS
10
55.2028849999999949
20
-73.1290929999999975
11
55.3695149999999998
21
-73.1290929999999975
0
LINE
8
BLACK
6
CONTINUOUS
10
55.3695149999999998
20
-73.1290929999999975
11
55.5329419999999985
21
-73.1616009999999903
0
LINE
8
BLACK
6
CONTINUOUS
10
83.9329419999999971
20
-73.1616009999999903
11
84.0868869999999902
21
-73.2253669999999914
0
LINE
8
BLACK
6
CONTINUOUS
10
84.0868869999999902
20
-73.2253669999999914
11
84.2254339999999928
21
-73.3179409999999905
0
LINE
8
BLACK
6
CONTINUOUS
10
84.2254339999999928
20
-73.3179409999999905
11
84.3432589999999891
21
-73.435766000000001
0
LINE
8
BLACK
6
CONTINUOUS
10
84.3432589999999891
20
-73.435766000000001
11
84.4358330000000024
21
-73.5743130000000036
0
LINE
8
BLACK
6
CONTINUOUS
10
84.4358330000000024
20
-73.5743130000000036
11
84.4995989999999892
21
-73.7282579999999967
0
LINE
8
BLACK
6
CONTINUOUS
10
84.4995989999999892
20
-73.7282579999999967
11
84.5321069999999963
21
-73.8916849999999954
0
LINE
8
BLACK
6
CONTINUOUS
10
84.5321069999999963
20
-73.8916849999999954
11
84.5321069999999963
21
-74.0583149999999932
0
LINE
8
BLACK
6
CONTINUOUS
10
84.5321069999999963
20
-74.0583149999999932
11
84.4995989999999892
21
-74.2217419999999919
0
LINE
8
BLACK
6
CONTINUOUS
10
84.4995989999999892
20
-74.2217419999999919
11
84.4358330000000024
21
-74.3756869999999992
0
LINE
8
BLACK
6
CONTINUOUS
10
84.4358330000000024
20
-74.3756869999999992
11
84.3432589999999891
21
-74.5142340000000019
0
LINE
8
BLACK
6
CONTINUOUS
10
84.3432589999999891
20
-74.5142340000000019
11
84.2254339999999928
21
-74.6320589999999982
0
LINE
8
BLACK
6
CONTINUOUS
10
84.2254339999999928
20
-74.6320589999999982
11
84.0868869999999902
21
-74.7246329999999972
0
LINE
8
BLACK
6
CONTINUOUS
10
84.0868869999999902
20
-74.7246329999999972
11
83.9329419999999971
21
-74.7883989999999983
0
LINE
8
BLACK
6
CONTINUOUS
10
83.9329419999999971
20
-74.7883989999999983
11
83.7695149999999984
21
-74.8209069999999912
0
LINE
8
BLACK
6
CONTINUOUS
10
83.7695149999999984
20
-74.8209069999999912
11
83.6028850000000006
21
-74.8209069999999912
0
LINE
8
BLACK
6
CONTINUOUS
10
83.6028850000000006
20
-74.8209069999999912
11
83.4394580000000019
21
-74.7883989999999983
0
LINE
8
BLACK
6
CONTINUOUS
10
83.4394580000000019
20
-74.7883989999999983
11
83.2855129999999946
21
-74.7246329999999972
0
LINE
8
BLACK
6
CONTINUOUS
10
83.2855129999999946
20
-74.7246329999999972
11
83.1469659999999919
21
-74.6320589999999982
0
LINE
8
BLACK
6
CONTINUOUS
10
83.1469659999999919
20
-74.6320589999999982
11
83.0291409999999956
21
-74.5142340000000019
0
LINE
8
BLACK
6
CONTINUOUS
10
83.0291409999999956
20
-74.5142340000000019
11
82.9365669999999966
21
-74.3756869999999992
0
LINE
8
BLACK
6
CONTINUOUS
10
82.9365669999999966
20
-74.3756869999999992
11
82.8728009999999955
21
-74.2217419999999919
0
LINE
8
BLACK
6
CONTINUOUS
10
82.8728009999999955
20
-74.2217419999999919
11
82.8402930000000026
21
-74.0583149999999932
0
LINE
8
BLACK
6
CONTINUOUS
10
82.8402930000000026
20
-74.0583149999999932
11
82.8402930000000026
21
-73.8916849999999954
0
LINE
8
BLACK
6
CONTINUOUS
10
82.8402930000000026
20
-73.8916849999999954
11
82.8728009999999955
21
-73.7282579999999967
0
LINE
8
BLACK
6
CONTINUOUS
10
82.8728009999999955
20
-73.7282579999999967
11
82.9365669999999966
21
-73.5743130000000036
0
LINE
8
BLACK
6
CONTINUOUS
10
82.9365669999999966
20
-73.5743130000000036
11
83.0291409999999956
21
-73.435766000000001
0
LINE
8
BLACK
6
CONTINUOUS
10
83.0291409999999956
20
-73.435766000000001
11
83.1469659999999919
21
-73.3179409999999905
0
LINE
8
BLACK
6
CONTINUOUS
10
83.1469659999999919
20
-73.3179409999999905
11
83.2855129999999946
21
-73.2253669999999914
0
LINE
8
BLACK
6
CONTINUOUS
10
83.2855129999999946
20
-73.2253669999999914
11
83.4394580000000019
21
-73.1616009999999903
0
LINE
8
BLACK
6
CONTINUOUS
10
83.4394580000000019
20
-73.1616009999999903
11
83.6028850000000006
21
-73.1290929999999975
0
LINE
8
BLACK
6
CONTINUOUS
10
83.6028850000000006
20
-73.1290929999999975
11
83.7695149999999984
21
-73.1290929999999975
0
LINE
8
BLACK
6
CONTINUOUS
10
83.7695149999999984
20
-73.1290929999999975
11
83.9329419999999971
21
-73.1616009999999903
0
LINE
8
BLACK
6
CONTINUOUS
10
55.5329419999999985
20
-70.6216009999999983
11
55.6868869999999987
21
-70.6853669999999994
0
LINE
8
BLACK
6
CONTINUOUS
10
55.6868869999999987
20
-70.6853669999999994
11
55.8254339999999942
21
-70.7779409999999984
0
LINE
8
BLACK
6
CONTINUOUS
10
55.8254339999999942
20
-70.7779409999999984
11
55.9432589999999976
21
-70.8957659999999947
0
LINE
8
BLACK
6
CONTINUOUS
10
55.9432589999999976
20
-70.8957659999999947
11
56.0358329999999967
21
-71.0343129999999974
0
LINE
8
BLACK
6
CONTINUOUS
10
56.0358329999999967
20
-71.0343129999999974
11
56.0995989999999978
21
-71.1882579999999905
0
LINE
8
BLACK
6
CONTINUOUS
10
56.0995989999999978
20
-71.1882579999999905
11
56.1321069999999978
21
-71.3516850000000034
0
LINE
8
BLACK
6
CONTINUOUS
10
56.1321069999999978
20
-71.3516850000000034
11
56.1321069999999978
21
-71.5183150000000012
0
LINE
8
BLACK
6
CONTINUOUS
10
56.1321069999999978
20
-71.5183150000000012
11
56.0995989999999978
21
-71.6817419999999998
0
LINE
8
BLACK
6
CONTINUOUS
10
56.0995989999999978
20
-71.6817419999999998
11
56.0358329999999967
21
-71.835686999999993
0
LINE
8
BLACK
6
CONTINUOUS
10
56.0358329999999967
20
-71.835686999999993
11
55.9432589999999976
21
-71.9742339999999956
0
LINE
8
BLACK
6
CONTINUOUS
10
55.9432589999999976
20
-71.9742339999999956
11
55.8254339999999942
21
-72.0920589999999919
0
LINE
8
BLACK
6
CONTINUOUS
10
55.8254339999999942
20
-72.0920589999999919
11
55.6868869999999987
21
-72.1846329999999909
0
LINE
8
BLACK
6
CONTINUOUS
10
55.6868869999999987
20
-72.1846329999999909
11
55.5329419999999985
21
-72.248398999999992
0
LINE
8
BLACK
6
CONTINUOUS
10
55.5329419999999985
20
-72.248398999999992
11
55.3695149999999998
21
-72.2809069999999991
0
LINE
8
BLACK
6
CONTINUOUS
10
55.3695149999999998
20
-72.2809069999999991
11
55.2028849999999949
21
-72.2809069999999991
0
LINE
8
BLACK
6
CONTINUOUS
10
55.2028849999999949
20
-72.2809069999999991
11
55.0394579999999962
21
-72.248398999999992
0
LINE
8
BLACK
6
CONTINUOUS
10
55.0394579999999962
20
-72.248398999999992
11
54.885512999999996
21
-72.1846329999999909
0
LINE
8
BLACK
6
CONTINUOUS
10
54.885512999999996
20
-72.1846329999999909
11
54.7469660000000005
21
-72.0920589999999919
0
LINE
8
BLACK
6
CONTINUOUS
10
54.7469660000000005
20
-72.0920589999999919
11
54.6291409999999971
21
-71.9742339999999956
0
LINE
8
BLACK
6
CONTINUOUS
10
54.6291409999999971
20
-71.9742339999999956
11
54.536566999999998
21
-71.835686999999993
0
LINE
8
BLACK
6
CONTINUOUS
10
54.536566999999998
20
-71.835686999999993
11
54.4728009999999969
21
-71.6817419999999998
0
LINE
8
BLACK
6
CONTINUOUS
10
54.4728009999999969
20
-71.6817419999999998
11
54.4402929999999969
21
-71.5183150000000012
0
LINE
8
BLACK
6
CONTINUOUS
10
54.4402929999999969
20
-71.5183150000000012
11
54.4402929999999969
21
-71.3516850000000034
0
LINE
8
BLACK
6
CONTINUOUS
10
54.4402929999999969
20
-71.3516850000000034
11
54.4728009999999969
21
-71.1882579999999905
0
LINE
8
BLACK
6
CONTINUOUS
10
54.4728009999999969
20
-71.1882579999999905
11
54.536566999999998
21
-71.0343129999999974
0
LINE
8
BLACK
6
CONTINUOUS
10
54.536566999999998
20
-71.0343129999999974
11
54.6291409999999971
21
-70.8957659999999947
0
LINE
8
BLACK
6
CONTINUOUS
10
54.6291409999999971
20
-70.8957659999999947
11
54.7469660000000005
21
-70.7779409999999984
0
LINE
8
BLACK
6
CONTINUOUS
10
54.7469660000000005
20
-70.7779409999999984
11
54.885512999999996
21
-70.6853669999999994
0
LINE
8
BLACK
6
CONTINUOUS
10
54.885512999999996
20
-70.6853669999999994
11
55.0394579999999962
21
-70.6216009999999983
0
LINE
8
BLACK
6
CONTINUOUS
10
55.0394579999999962
20
-70.6216009999999983
11
55.2028849999999949
21
-70.5890929999999912
0
LINE
8
BLACK
6
CONTINUOUS
10
55.2028849999999949
20
-70.5890929999999912
11
55.3695149999999998
21
-70.5890929999999912
0
LINE
8
BLACK
6
CONTINUOUS
10
55.3695149999999998
20
-70.5890929999999912
11
55.5329419999999985
21
-70.6216009999999983
0
LINE
8
BLACK
6
CONTINUOUS
10
83.9329419999999971
20
-70.6216009999999983
11
84.0868869999999902
21
-70.6853669999999994
0
LINE
8
BLACK
6
CONTINUOUS
10
84.0868869999999902
20
-70.6853669999999994
11
84.2254339999999928
21
-70.7779409999999984
0
LINE
8
BLACK
6
CONTINUOUS
10
84.2254339999999928
20
-70.7779409999999984
11
84.3432589999999891
21
-70.8957659999999947
0
LINE
8
BLACK
6
CONTINUOUS
10
84.3432589999999891
20
-70.8957659999999947
11
84.4358330000000024
21
-71.0343129999999974
0
LINE
8
BLACK
6
CONTINUOUS
10
84.4358330000000024
20
-71.0343129999999974
11
84.4995989999999892
21
-71.1882579999999905
0
LINE
8
BLACK
6
CONTINUOUS
10
84.4995989999999892
20
-71.1882579999999905
11
84.5321069999999963
21
-71.3516850000000034
0
LINE
8
BLACK
6
CONTINUOUS
10
84.5321069999999963
20
-71.3516850000000034
11
84.5321069999999963
21
-71.5183150000000012
0
LINE
8
BLACK
6
CONTINUOUS
10
84.5321069999999963
20
-71.5183150000000012
11
84.4995989999999892
21
-71.6817419999999998
0
LINE
8
BLACK
6
CONTINUOUS
10
84.4995989999999892
20
-71.6817419999999998
11
84.4358330000000024
21
-71.835686999999993
0
LINE
8
BLACK
6
CONTINUOUS
10
84.4358330000000024
20
-71.835686999999993
11
84.3432589999999891
21
-71.9742339999999956
0
LINE
8
BLACK
6
CONTINUOUS
10
84.3432589999999891
20
-71.9742339999999956
11
84.2254339999999928
21
-72.0920589999999919
0
LINE
8
BLACK
6
CONTINUOUS
10
84.2254339999999928
20
-72.0920589999999919
11
84.0868869999999902
21
-72.1846329999999909
0
LINE
8
BLACK
6
CONTINUOUS
10
84.0868869999999902
20
-72.1846329999999909
11
83.9329419999999971
21
-72.248398999999992
0
LINE
8
BLACK
6
CONTINUOUS
10
83.9329419999999971
20
-72.248398999999992
11
83.7695149999999984
21
-72.2809069999999991
0
LINE
8
BLACK
6
CONTINUOUS
10
83.7695149999999984
20
-72.2809069999999991
11
83.6028850000000006
21
-72.2809069999999991
0
LINE
8
BLACK
6
CONTINUOUS
10
83.6028850000000006
20
-72.2809069999999991
11
83.4394580000000019
21
-72.248398999999992
0
LINE
8
BLACK
6
CONTINUOUS
10
83.4394580000000019
20
-72.248398999999992
11
83.2855129999999946
21
-72.1846329999999909
0
LINE
8
BLACK
6
CONTINUOUS
10
83.2855129999999946
20
-72.1846329999999909
11
83.1469659999999919
21
-72.0920589999999919
0
LINE
8
BLACK
6
CONTINUOUS
10
83.1469659999999919
20
-72.0920589999999919
11
83.0291409999999956
21
-71.9742339999999956
0
LINE
8
BLACK
6
CONTINUOUS
10
83.0291409999999956
20
-71.9742339999999956
11
82.9365669999999966
21
-71.835686999999993
0
LINE
8
BLACK
6
CONTINUOUS
10
82.9365669999999966
20
-71.835686999999993
11
82.8728009999999955
21
-71.6817419999999998
0
LINE
8
BLACK
6
CONTINUOUS
10
82.8728009999999955
20
-71.6817419999999998
11
82.8402930000000026
21
-71.5183150000000012
0
LINE
8
BLACK
6
CONTINUOUS
10
82.8402930000000026
20
-71.5183150000000012
11
82.8402930000000026
21
-71.3516850000000034
0
LINE
8
BLACK
6
CONTINUOUS
10
82.8402930000000026
20
-71.3516850000000034
11
82.8728009999999955
21
-71.1882579999999905
0
LINE
8
BLACK
6
CONTINUOUS
10
82.8728009999999955
20
-71.1882579999999905
11
82.9365669999999966
21
-71.0343129999999974
0
LINE
8
BLACK
6
CONTINUOUS
10
82.9365669999999966
20
-71.0343129999999974
11
83.0291409999999956
21
-70.8957659999999947
0
LINE
8
BLACK
6
CONTINUOUS
10
83.0291409999999956
20
-70.8957659999999947
11
83.1469659999999919
21
-70.7779409999999984
0
LINE
8
BLACK
6
CONTINUOUS
10
83.1469659999999919
20
-70.7779409999999984
11
83.2855129999999946
21
-70.6853669999999994
0
LINE
8
BLACK
6
CONTINUOUS
10
83.2855129999999946
20
-70.6853669999999994
11
83.4394580000000019
21
-70.6216009999999983
0
LINE
8
BLACK
6
CONTINUOUS
10
83.4394580000000019
20
-70.6216009999999983
11
83.6028850000000006
21
-70.5890929999999912
0
LINE
8
BLACK
6
CONTINUOUS
10
83.6028850000000006
20
-70.5890929999999912
11
83.7695149999999984
21
-70.5890929999999912
0
LINE
8
BLACK
6
CONTINUOUS
10
83.7695149999999984
20
-70.5890929999999912
11
83.9329419999999971
21
-70.6216009999999983
0
LINE
8
BLACK
6
CONTINUOUS
10
101.5079419999999999
20
-46.5916009999999972
11
101.661886999999993
21
-46.6553669999999983
0
LINE
8
BLACK
6
CONTINUOUS
10
101.661886999999993
20
-46.6553669999999983
11
101.8004339999999956
21
-46.7479409999999973
0
LINE
8
BLACK
6
CONTINUOUS
10
101.8004339999999956
20
-46.7479409999999973
11
101.9182589999999919
21
-46.8657660000000007
0
LINE
8
BLACK
6
CONTINUOUS
10
101.9182589999999919
20
-46.8657660000000007
11
102.010832999999991
21
-47.0043129999999962
0
LINE
8
BLACK
6
CONTINUOUS
10
102.010832999999991
20
-47.0043129999999962
11
102.0745989999999921
21
-47.1582579999999965
0
LINE
8
BLACK
6
CONTINUOUS
10
102.0745989999999921
20
-47.1582579999999965
11
102.1071069999999992
21
-47.3216849999999951
0
LINE
8
BLACK
6
CONTINUOUS
10
102.1071069999999992
20
-47.3216849999999951
11
102.1071069999999992
21
-47.4883150000000001
0
LINE
8
BLACK
6
CONTINUOUS
10
102.1071069999999992
20
-47.4883150000000001
11
102.0745989999999921
21
-47.6517419999999987
0
LINE
8
BLACK
6
CONTINUOUS
10
102.0745989999999921
20
-47.6517419999999987
11
102.010832999999991
21
-47.8056869999999989
0
LINE
8
BLACK
6
CONTINUOUS
10
102.010832999999991
20
-47.8056869999999989
11
101.9182589999999919
21
-47.9442339999999945
0
LINE
8
BLACK
6
CONTINUOUS
10
101.9182589999999919
20
-47.9442339999999945
11
101.8004339999999956
21
-48.0620589999999979
0
LINE
8
BLACK
6
CONTINUOUS
10
101.8004339999999956
20
-48.0620589999999979
11
101.661886999999993
21
-48.1546329999999969
0
LINE
8
BLACK
6
CONTINUOUS
10
101.661886999999993
20
-48.1546329999999969
11
101.5079419999999999
21
-48.218398999999998
0
LINE
8
BLACK
6
CONTINUOUS
10
101.5079419999999999
20
-48.218398999999998
11
101.3445150000000012
21
-48.250906999999998
0
LINE
8
BLACK
6
CONTINUOUS
10
101.3445150000000012
20
-48.250906999999998
11
101.1778849999999892
21
-48.250906999999998
0
LINE
8
BLACK
6
CONTINUOUS
10
101.1778849999999892
20
-48.250906999999998
11
101.0144579999999905
21
-48.218398999999998
0
LINE
8
BLACK
6
CONTINUOUS
10
101.0144579999999905
20
-48.218398999999998
11
100.8605129999999974
21
-48.1546329999999969
0
LINE
8
BLACK
6
CONTINUOUS
10
100.8605129999999974
20
-48.1546329999999969
11
100.7694319999999948
21
-48.0937739999999962
0
LINE
8
BLACK
6
CONTINUOUS
10
100.7694319999999948
20
-48.0937739999999962
11
97.0938999999999908
21
-51.7693060000000003
0
LINE
8
BLACK
6
CONTINUOUS
10
97.0938999999999908
20
-51.7693060000000003
11
97.0938999999999908
21
-68.0522929999999917
0
LINE
8
BLACK
6
CONTINUOUS
10
97.0938999999999908
20
-68.0522929999999917
11
98.2232070000000022
21
-69.1816000000000031
0
LINE
8
BLACK
6
CONTINUOUS
10
98.2232070000000022
20
-69.1816000000000031
11
108.6838920000000002
21
-69.1816000000000031
0
LINE
8
BLACK
6
CONTINUOUS
10
108.6838920000000002
20
-69.1816000000000031
11
108.6856480000000005
21
-69.1727719999999948
0
LINE
8
BLACK
6
CONTINUOUS
10
108.6856480000000005
20
-69.1727719999999948
11
108.7456629999999933
21
-69.0278830000000028
0
LINE
8
BLACK
6
CONTINUOUS
10
108.7456629999999933
20
-69.0278830000000028
11
108.8327919999999978
21
-68.8974850000000032
0
LINE
8
BLACK
6
CONTINUOUS
10
108.8327919999999978
20
-68.8974850000000032
11
108.9436850000000021
21
-68.7865919999999988
0
LINE
8
BLACK
6
CONTINUOUS
10
108.9436850000000021
20
-68.7865919999999988
11
109.0740830000000017
21
-68.6994629999999944
0
LINE
8
BLACK
6
CONTINUOUS
10
109.0740830000000017
20
-68.6994629999999944
11
109.2189719999999937
21
-68.6394480000000016
0
LINE
8
BLACK
6
CONTINUOUS
10
109.2189719999999937
20
-68.6394480000000016
11
109.3727859999999907
21
-68.6088519999999988
0
LINE
8
BLACK
6
CONTINUOUS
10
109.3727859999999907
20
-68.6088519999999988
11
109.5296139999999951
21
-68.6088519999999988
0
LINE
8
BLACK
6
CONTINUOUS
10
109.5296139999999951
20
-68.6088519999999988
11
109.6834279999999922
21
-68.6394480000000016
0
LINE
8
BLACK
6
CONTINUOUS
10
109.6834279999999922
20
-68.6394480000000016
11
109.8283169999999984
21
-68.6994629999999944
0
LINE
8
BLACK
6
CONTINUOUS
10
109.8283169999999984
20
-68.6994629999999944
11
109.958714999999998
21
-68.7865919999999988
0
LINE
8
BLACK
6
CONTINUOUS
10
109.958714999999998
20
-68.7865919999999988
11
110.0696079999999881
21
-68.8974850000000032
0
LINE
8
BLACK
6
CONTINUOUS
10
110.0696079999999881
20
-68.8974850000000032
11
110.1567369999999926
21
-69.0278830000000028
0
LINE
8
BLACK
6
CONTINUOUS
10
110.1567369999999926
20
-69.0278830000000028
11
110.2167519999999996
21
-69.1727719999999948
0
LINE
8
BLACK
6
CONTINUOUS
10
110.2167519999999996
20
-69.1727719999999948
11
110.2473479999999881
21
-69.3265859999999918
0
LINE
8
BLACK
6
CONTINUOUS
10
110.2473479999999881
20
-69.3265859999999918
11
110.2473479999999881
21
-69.4834139999999962
0
LINE
8
BLACK
6
CONTINUOUS
10
110.2473479999999881
20
-69.4834139999999962
11
110.2167519999999996
21
-69.6372279999999932
0
LINE
8
BLACK
6
CONTINUOUS
10
110.2167519999999996
20
-69.6372279999999932
11
110.1567369999999926
21
-69.7821169999999995
0
LINE
8
BLACK
6
CONTINUOUS
10
110.1567369999999926
20
-69.7821169999999995
11
110.0696079999999881
21
-69.9125149999999991
0
LINE
8
BLACK
6
CONTINUOUS
10
110.0696079999999881
20
-69.9125149999999991
11
109.958714999999998
21
-70.0234080000000034
0
LINE
8
BLACK
6
CONTINUOUS
10
109.958714999999998
20
-70.0234080000000034
11
109.8283169999999984
21
-70.1105369999999937
0
LINE
8
BLACK
6
CONTINUOUS
10
109.8283169999999984
20
-70.1105369999999937
11
109.6834279999999922
21
-70.1705520000000007
0
LINE
8
BLACK
6
CONTINUOUS
10
109.6834279999999922
20
-70.1705520000000007
11
109.5296139999999951
21
-70.2011480000000034
0
LINE
8
BLACK
6
CONTINUOUS
10
109.5296139999999951
20
-70.2011480000000034
11
109.3727859999999907
21
-70.2011480000000034
0
LINE
8
BLACK
6
CONTINUOUS
10
109.3727859999999907
20
-70.2011480000000034
11
109.2745129999999989
21
-70.1816000000000031
0
LINE
8
BLACK
6
CONTINUOUS
10
109.2745129999999989
20
-70.1816000000000031
11
98.0160999999999945
21
-70.1816000000000031
0
LINE
8
BLACK
6
CONTINUOUS
10
98.0160999999999945
20
-70.1816000000000031
11
97.9508519999999976
21
-70.1773230000000012
0
LINE
8
BLACK
6
CONTINUOUS
10
97.9508519999999976
20
-70.1773230000000012
11
97.9508369999999928
21
-70.1773230000000012
0
LINE
8
BLACK
6
CONTINUOUS
10
97.9508369999999928
20
-70.1773230000000012
11
97.8456319999999948
21
-70.149132999999992
0
LINE
8
BLACK
6
CONTINUOUS
10
97.8456319999999948
20
-70.149132999999992
11
97.8247579999999886
21
-70.1435400000000016
0
LINE
8
BLACK
6
CONTINUOUS
10
97.8247579999999886
20
-70.1435400000000016
11
97.7117190000000022
21
-70.0782769999999999
0
LINE
8
BLACK
6
CONTINUOUS
10
97.7117190000000022
20
-70.0782769999999999
11
97.711710999999994
21
-70.0782689999999917
0
LINE
8
BLACK
6
CONTINUOUS
10
97.711710999999994
20
-70.0782689999999917
11
97.6625469999999893
21
-70.0351539999999915
0
LINE
8
BLACK
6
CONTINUOUS
10
97.6625469999999893
20
-70.0351539999999915
11
96.2403469999999999
21
-68.6129529999999903
0
LINE
8
BLACK
6
CONTINUOUS
10
96.2403469999999999
20
-68.6129529999999903
11
96.1972379999999987
21
-68.5637959999999964
0
LINE
8
BLACK
6
CONTINUOUS
10
96.1972379999999987
20
-68.5637959999999964
11
96.1972229999999939
21
-68.5637809999999916
0
LINE
8
BLACK
6
CONTINUOUS
10
96.1972229999999939
20
-68.5637809999999916
11
96.1319599999999923
21
-68.4507419999999911
0
LINE
8
BLACK
6
CONTINUOUS
10
96.1319599999999923
20
-68.4507419999999911
11
96.1289159999999896
21
-68.4393799999999999
0
LINE
8
BLACK
6
CONTINUOUS
10
96.1289159999999896
20
-68.4393799999999999
11
96.0981769999999926
21
-68.324663000000001
0
LINE
8
BLACK
6
CONTINUOUS
10
96.0981769999999926
20
-68.324663000000001
11
96.0981769999999926
21
-68.3246469999999988
0
LINE
8
BLACK
6
CONTINUOUS
10
96.0981769999999926
20
-68.3246469999999988
11
96.0938999999999908
21
-68.2593999999999994
0
LINE
8
BLACK
6
CONTINUOUS
10
96.0938999999999908
20
-68.2593999999999994
11
96.0938999999999908
21
-51.5621999999999971
0
LINE
8
BLACK
6
CONTINUOUS
10
96.0938999999999908
20
-51.5621999999999971
11
96.0981769999999926
21
-51.4969520000000003
0
LINE
8
BLACK
6
CONTINUOUS
10
96.0981769999999926
20
-51.4969520000000003
11
96.0981769999999926
21
-51.4969369999999955
0
LINE
8
BLACK
6
CONTINUOUS
10
96.0981769999999926
20
-51.4969369999999955
11
96.1319599999999923
21
-51.3708579999999984
0
LINE
8
BLACK
6
CONTINUOUS
10
96.1319599999999923
20
-51.3708579999999984
11
96.1401719999999926
21
-51.3566339999999997
0
LINE
8
BLACK
6
CONTINUOUS
10
96.1401719999999926
20
-51.3566339999999997
11
96.1972229999999939
21
-51.2578189999999978
0
LINE
8
BLACK
6
CONTINUOUS
10
96.1972229999999939
20
-51.2578189999999978
11
96.1972379999999987
21
-51.2578029999999956
0
LINE
8
BLACK
6
CONTINUOUS
10
96.1972379999999987
20
-51.2578029999999956
11
96.2403469999999999
21
-51.2086469999999991
0
LINE
8
BLACK
6
CONTINUOUS
10
96.2403469999999999
20
-51.2086469999999991
11
100.3975469999999888
21
-47.0514459999999985
0
LINE
8
BLACK
6
CONTINUOUS
10
100.3975469999999888
20
-47.0514459999999985
11
100.4467109999999934
21
-47.0083300000000008
0
LINE
8
BLACK
6
CONTINUOUS
10
100.4467109999999934
20
-47.0083300000000008
11
100.4467190000000016
21
-47.0083229999999972
0
LINE
8
BLACK
6
CONTINUOUS
10
100.4467190000000016
20
-47.0083229999999972
11
100.5479330000000004
21
-46.9498869999999968
0
LINE
8
BLACK
6
CONTINUOUS
10
100.5479330000000004
20
-46.9498869999999968
11
100.6041409999999985
21
-46.8657660000000007
0
LINE
8
BLACK
6
CONTINUOUS
10
100.6041409999999985
20
-46.8657660000000007
11
100.7219659999999948
21
-46.7479409999999973
0
LINE
8
BLACK
6
CONTINUOUS
10
100.7219659999999948
20
-46.7479409999999973
11
100.8605129999999974
21
-46.6553669999999983
0
LINE
8
BLACK
6
CONTINUOUS
10
100.8605129999999974
20
-46.6553669999999983
11
101.0144579999999905
21
-46.5916009999999972
0
LINE
8
BLACK
6
CONTINUOUS
10
101.0144579999999905
20
-46.5916009999999972
11
101.1778849999999892
21
-46.5590929999999972
0
LINE
8
BLACK
6
CONTINUOUS
10
101.1778849999999892
20
-46.5590929999999972
11
101.3445150000000012
21
-46.5590929999999972
0
LINE
8
BLACK
6
CONTINUOUS
10
101.3445150000000012
20
-46.5590929999999972
11
101.5079419999999999
21
-46.5916009999999972
0
LINE
8
BLACK
6
CONTINUOUS
10
102.6992479999999972
20
-42.1947769999999949
11
102.699263000000002
21
-42.1947769999999949
0
LINE
8
BLACK
6
CONTINUOUS
10
102.699263000000002
20
-42.1947769999999949
11
102.825341999999992
21
-42.2285599999999945
0
LINE
8
BLACK
6
CONTINUOUS
10
102.825341999999992
20
-42.2285599999999945
11
102.9383809999999926
21
-42.2938229999999962
0
LINE
8
BLACK
6
CONTINUOUS
10
102.9383809999999926
20
-42.2938229999999962
11
102.9383959999999973
21
-42.2938380000000009
0
LINE
8
BLACK
6
CONTINUOUS
10
102.9383959999999973
20
-42.2938380000000009
11
102.9875529999999912
21
-42.336946999999995
0
LINE
8
BLACK
6
CONTINUOUS
10
102.9875529999999912
20
-42.336946999999995
11
103.80515299999999
21
-43.1545470000000009
0
LINE
8
BLACK
6
CONTINUOUS
10
103.80515299999999
20
-43.1545470000000009
11
103.8482609999999937
21
-43.2037029999999973
0
LINE
8
BLACK
6
CONTINUOUS
10
103.8482609999999937
20
-43.2037029999999973
11
103.848276999999996
21
-43.2037189999999995
0
LINE
8
BLACK
6
CONTINUOUS
10
103.848276999999996
20
-43.2037189999999995
11
103.9135399999999976
21
-43.3167580000000001
0
LINE
8
BLACK
6
CONTINUOUS
10
103.9135399999999976
20
-43.3167580000000001
11
103.9473229999999973
21
-43.4428369999999973
0
LINE
8
BLACK
6
CONTINUOUS
10
103.9473229999999973
20
-43.4428369999999973
11
103.9473229999999973
21
-43.4428519999999949
0
LINE
8
BLACK
6
CONTINUOUS
10
103.9473229999999973
20
-43.4428519999999949
11
103.9515999999999991
21
-43.5080999999999989
0
LINE
8
BLACK
6
CONTINUOUS
10
103.9515999999999991
20
-43.5080999999999989
11
103.9515999999999991
21
-57.7399999999999949
0
LINE
8
BLACK
6
CONTINUOUS
10
103.9515999999999991
20
-57.7399999999999949
11
103.9473229999999973
21
-57.8052469999999943
0
LINE
8
BLACK
6
CONTINUOUS
10
103.9473229999999973
20
-57.8052469999999943
11
103.9473229999999973
21
-57.8052629999999965
0
LINE
8
BLACK
6
CONTINUOUS
10
103.9473229999999973
20
-57.8052629999999965
11
103.9161500000000018
21
-57.9216009999999955
0
LINE
8
BLACK
6
CONTINUOUS
10
103.9161500000000018
20
-57.9216009999999955
11
103.9135399999999976
21
-57.9313420000000008
0
LINE
8
BLACK
6
CONTINUOUS
10
103.9135399999999976
20
-57.9313420000000008
11
103.848276999999996
21
-58.0443809999999942
0
LINE
8
BLACK
6
CONTINUOUS
10
103.848276999999996
20
-58.0443809999999942
11
103.8482609999999937
21
-58.044395999999999
0
LINE
8
BLACK
6
CONTINUOUS
10
103.8482609999999937
20
-58.044395999999999
11
103.8051540000000017
21
-58.093553
0
LINE
8
BLACK
6
CONTINUOUS
10
103.8051540000000017
20
-58.093553
11
99.2211999999999961
21
-62.6775059999999939
0
LINE
8
BLACK
6
CONTINUOUS
10
99.2211999999999961
20
-62.6775059999999939
11
99.2211999999999961
21
-65.0150000000000006
0
LINE
8
BLACK
6
CONTINUOUS
10
99.2211999999999961
20
-65.0150000000000006
11
99.4711999999999961
21
-65.0150000000000006
0
LINE
8
BLACK
6
CONTINUOUS
10
99.4711999999999961
20
-65.0150000000000006
11
99.4711999999999961
21
-66.5150000000000006
0
LINE
8
BLACK
6
CONTINUOUS
10
99.4711999999999961
20
-66.5150000000000006
11
99.2211999999999961
21
-66.5150000000000006
0
LINE
8
BLACK
6
CONTINUOUS
10
99.2211999999999961
20
-66.5150000000000006
11
99.2211999999999961
21
-67.3166999999999973
0
LINE
8
BLACK
6
CONTINUOUS
10
99.2211999999999961
20
-67.3166999999999973
11
104.4994939999999986
21
-67.3166999999999973
0
LINE
8
BLACK
6
CONTINUOUS
10
104.4994939999999986
20
-67.3166999999999973
11
104.9300459999999902
21
-66.886146999999994
0
LINE
8
BLACK
6
CONTINUOUS
10
104.9300459999999902
20
-66.886146999999994
11
104.9792099999999948
21
-66.8430309999999963
0
LINE
8
BLACK
6
CONTINUOUS
10
104.9792099999999948
20
-66.8430309999999963
11
104.9792190000000005
21
-66.8430230000000023
0
LINE
8
BLACK
6
CONTINUOUS
10
104.9792190000000005
20
-66.8430230000000023
11
105.0922580000000011
21
-66.7777600000000007
0
LINE
8
BLACK
6
CONTINUOUS
10
105.0922580000000011
20
-66.7777600000000007
11
105.2183369999999911
21
-66.743977000000001
0
LINE
8
BLACK
6
CONTINUOUS
10
105.2183369999999911
20
-66.743977000000001
11
105.2183519999999959
21
-66.743977000000001
0
LINE
8
BLACK
6
CONTINUOUS
10
105.2183519999999959
20
-66.743977000000001
11
105.2835999999999927
21
-66.7396999999999991
0
LINE
8
BLACK
6
CONTINUOUS
10
105.2835999999999927
20
-66.7396999999999991
11
114.9058999999999884
21
-66.7396999999999991
0
LINE
8
BLACK
6
CONTINUOUS
10
114.9058999999999884
20
-66.7396999999999991
11
114.9711479999999995
21
-66.743977000000001
0
LINE
8
BLACK
6
CONTINUOUS
10
114.9711479999999995
20
-66.743977000000001
11
114.97116299999999
21
-66.743977000000001
0
LINE
8
BLACK
6
CONTINUOUS
10
114.97116299999999
20
-66.743977000000001
11
115.0972419999999943
21
-66.7777600000000007
0
LINE
8
BLACK
6
CONTINUOUS
10
115.0972419999999943
20
-66.7777600000000007
11
115.2102809999999948
21
-66.8430230000000023
0
LINE
8
BLACK
6
CONTINUOUS
10
115.2102809999999948
20
-66.8430230000000023
11
115.2102959999999996
21
-66.8430379999999928
0
LINE
8
BLACK
6
CONTINUOUS
10
115.2102959999999996
20
-66.8430379999999928
11
115.2594529999999935
21
-66.886146999999994
0
LINE
8
BLACK
6
CONTINUOUS
10
115.2594529999999935
20
-66.886146999999994
11
116.9839209999999952
21
-68.6106149999999957
0
LINE
8
BLACK
6
CONTINUOUS
10
116.9839209999999952
20
-68.6106149999999957
11
116.9927859999999953
21
-68.6088519999999988
0
LINE
8
BLACK
6
CONTINUOUS
10
116.9927859999999953
20
-68.6088519999999988
11
117.1496139999999997
21
-68.6088519999999988
0
LINE
8
BLACK
6
CONTINUOUS
10
117.1496139999999997
20
-68.6088519999999988
11
117.3034279999999967
21
-68.6394480000000016
0
LINE
8
BLACK
6
CONTINUOUS
10
117.3034279999999967
20
-68.6394480000000016
11
117.4483169999999888
21
-68.6994629999999944
0
LINE
8
BLACK
6
CONTINUOUS
10
117.4483169999999888
20
-68.6994629999999944
11
117.5787149999999883
21
-68.7865919999999988
0
LINE
8
BLACK
6
CONTINUOUS
10
117.5787149999999883
20
-68.7865919999999988
11
117.6896079999999927
21
-68.8974850000000032
0
LINE
8
BLACK
6
CONTINUOUS
10
117.6896079999999927
20
-68.8974850000000032
11
117.7767369999999971
21
-69.0278830000000028
0
LINE
8
BLACK
6
CONTINUOUS
10
117.7767369999999971
20
-69.0278830000000028
11
117.8367519999999899
21
-69.1727719999999948
0
LINE
8
BLACK
6
CONTINUOUS
10
117.8367519999999899
20
-69.1727719999999948
11
117.8673479999999927
21
-69.3265859999999918
0
LINE
8
BLACK
6
CONTINUOUS
10
117.8673479999999927
20
-69.3265859999999918
11
117.8673479999999927
21
-69.4834139999999962
0
LINE
8
BLACK
6
CONTINUOUS
10
117.8673479999999927
20
-69.4834139999999962
11
117.8367519999999899
21
-69.6372279999999932
0
LINE
8
BLACK
6
CONTINUOUS
10
117.8367519999999899
20
-69.6372279999999932
11
117.7767369999999971
21
-69.7821169999999995
0
LINE
8
BLACK
6
CONTINUOUS
10
117.7767369999999971
20
-69.7821169999999995
11
117.6896079999999927
21
-69.9125149999999991
0
LINE
8
BLACK
6
CONTINUOUS
10
117.6896079999999927
20
-69.9125149999999991
11
117.5787149999999883
21
-70.0234080000000034
0
LINE
8
BLACK
6
CONTINUOUS
10
117.5787149999999883
20
-70.0234080000000034
11
117.4483169999999888
21
-70.1105369999999937
0
LINE
8
BLACK
6
CONTINUOUS
10
117.4483169999999888
20
-70.1105369999999937
11
117.3034279999999967
21
-70.1705520000000007
0
LINE
8
BLACK
6
CONTINUOUS
10
117.3034279999999967
20
-70.1705520000000007
11
117.1496139999999997
21
-70.2011480000000034
0
LINE
8
BLACK
6
CONTINUOUS
10
117.1496139999999997
20
-70.2011480000000034
11
116.9927859999999953
21
-70.2011480000000034
0
LINE
8
BLACK
6
CONTINUOUS
10
116.9927859999999953
20
-70.2011480000000034
11
116.8389719999999983
21
-70.1705520000000007
0
LINE
8
BLACK
6
CONTINUOUS
10
116.8389719999999983
20
-70.1705520000000007
11
116.694082999999992
21
-70.1105369999999937
0
LINE
8
BLACK
6
CONTINUOUS
10
116.694082999999992
20
-70.1105369999999937
11
116.5636849999999924
21
-70.0234080000000034
0
LINE
8
BLACK
6
CONTINUOUS
10
116.5636849999999924
20
-70.0234080000000034
11
116.4527919999999881
21
-69.9125149999999991
0
LINE
8
BLACK
6
CONTINUOUS
10
116.4527919999999881
20
-69.9125149999999991
11
116.3656629999999979
21
-69.7821169999999995
0
LINE
8
BLACK
6
CONTINUOUS
10
116.3656629999999979
20
-69.7821169999999995
11
116.3056479999999908
21
-69.6372279999999932
0
LINE
8
BLACK
6
CONTINUOUS
10
116.3056479999999908
20
-69.6372279999999932
11
116.2750519999999881
21
-69.4834139999999962
0
LINE
8
BLACK
6
CONTINUOUS
10
116.2750519999999881
20
-69.4834139999999962
11
116.2750519999999881
21
-69.3265859999999918
0
LINE
8
BLACK
6
CONTINUOUS
10
116.2750519999999881
20
-69.3265859999999918
11
116.2768149999999991
21
-69.3177209999999917
0
LINE
8
BLACK
6
CONTINUOUS
10
116.2768149999999991
20
-69.3177209999999917
11
114.6987939999999924
21
-67.7396999999999991
0
LINE
8
BLACK
6
CONTINUOUS
10
114.6987939999999924
20
-67.7396999999999991
11
105.4907070000000004
21
-67.7396999999999991
0
LINE
8
BLACK
6
CONTINUOUS
10
105.4907070000000004
20
-67.7396999999999991
11
105.0601529999999997
21
-68.1702530000000024
0
LINE
8
BLACK
6
CONTINUOUS
10
105.0601529999999997
20
-68.1702530000000024
11
105.0109959999999916
21
-68.2133609999999919
0
LINE
8
BLACK
6
CONTINUOUS
10
105.0109959999999916
20
-68.2133609999999919
11
105.010981000000001
21
-68.2133769999999942
0
LINE
8
BLACK
6
CONTINUOUS
10
105.010981000000001
20
-68.2133769999999942
11
104.8979420000000005
21
-68.2786399999999958
0
LINE
8
BLACK
6
CONTINUOUS
10
104.8979420000000005
20
-68.2786399999999958
11
104.7718629999999962
21
-68.3124229999999955
0
LINE
8
BLACK
6
CONTINUOUS
10
104.7718629999999962
20
-68.3124229999999955
11
104.7718479999999914
21
-68.3124229999999955
0
LINE
8
BLACK
6
CONTINUOUS
10
104.7718479999999914
20
-68.3124229999999955
11
104.7065999999999946
21
-68.3166999999999973
0
LINE
8
BLACK
6
CONTINUOUS
10
104.7065999999999946
20
-68.3166999999999973
11
98.7211999999999961
21
-68.3166999999999973
0
LINE
8
BLACK
6
CONTINUOUS
10
98.7211999999999961
20
-68.3166999999999973
11
98.6559369999999944
21
-68.312421999999998
0
LINE
8
BLACK
6
CONTINUOUS
10
98.6559369999999944
20
-68.312421999999998
11
98.5298579999999902
21
-68.2786399999999958
0
LINE
8
BLACK
6
CONTINUOUS
10
98.5298579999999902
20
-68.2786399999999958
11
98.4168189999999896
21
-68.2133769999999942
0
LINE
8
BLACK
6
CONTINUOUS
10
98.4168189999999896
20
-68.2133769999999942
11
98.3245229999999992
21
-68.1210810000000038
0
LINE
8
BLACK
6
CONTINUOUS
10
98.3245229999999992
20
-68.1210810000000038
11
98.2592599999999976
21
-68.0080420000000032
0
LINE
8
BLACK
6
CONTINUOUS
10
98.2592599999999976
20
-68.0080420000000032
11
98.2254779999999954
21
-67.8819629999999989
0
LINE
8
BLACK
6
CONTINUOUS
10
98.2254779999999954
20
-67.8819629999999989
11
98.2211999999999961
21
-67.8166999999999973
0
LINE
8
BLACK
6
CONTINUOUS
10
98.2211999999999961
20
-67.8166999999999973
11
98.2211999999999961
21
-66.5150000000000006
0
LINE
8
BLACK
6
CONTINUOUS
10
98.2211999999999961
20
-66.5150000000000006
11
97.9711999999999961
21
-66.5150000000000006
0
LINE
8
BLACK
6
CONTINUOUS
10
97.9711999999999961
20
-66.5150000000000006
11
97.9711999999999961
21
-65.0150000000000006
0
LINE
8
BLACK
6
CONTINUOUS
10
97.9711999999999961
20
-65.0150000000000006
11
98.2211999999999961
21
-65.0150000000000006
0
LINE
8
BLACK
6
CONTINUOUS
10
98.2211999999999961
20
-65.0150000000000006
11
98.2211999999999961
21
-62.4703999999999979
0
LINE
8
BLACK
6
CONTINUOUS
10
98.2211999999999961
20
-62.4703999999999979
11
98.2254769999999979
21
-62.405151999999994
0
LINE
8
BLACK
6
CONTINUOUS
10
98.2254769999999979
20
-62.405151999999994
11
98.2254769999999979
21
-62.4051369999999963
0
LINE
8
BLACK
6
CONTINUOUS
10
98.2254769999999979
20
-62.4051369999999963
11
98.2592599999999976
21
-62.2790579999999991
0
LINE
8
BLACK
6
CONTINUOUS
10
98.2592599999999976
20
-62.2790579999999991
11
98.3245229999999992
21
-62.1660189999999986
0
LINE
8
BLACK
6
CONTINUOUS
10
98.3245229999999992
20
-62.1660189999999986
11
98.3245379999999898
21
-62.1660029999999963
0
LINE
8
BLACK
6
CONTINUOUS
10
98.3245379999999898
20
-62.1660029999999963
11
98.367646999999991
21
-62.1168469999999999
0
LINE
8
BLACK
6
CONTINUOUS
10
98.367646999999991
20
-62.1168469999999999
11
102.9515999999999991
21
-57.5328929999999943
0
LINE
8
BLACK
6
CONTINUOUS
10
102.9515999999999991
20
-57.5328929999999943
11
102.9515999999999991
21
-43.7152059999999949
0
LINE
8
BLACK
6
CONTINUOUS
10
102.9515999999999991
20
-43.7152059999999949
11
102.4268939999999901
21
-43.1905000000000001
0
LINE
8
BLACK
6
CONTINUOUS
10
102.4268939999999901
20
-43.1905000000000001
11
50.7733059999999981
21
-43.1905000000000001
0
LINE
8
BLACK
6
CONTINUOUS
10
50.7733059999999981
20
-43.1905000000000001
11
29.609499999999997
21
-64.354305999999994
0
LINE
8
BLACK
6
CONTINUOUS
10
29.609499999999997
20
-64.354305999999994
11
29.609499999999997
21
-66.8405929999999984
0
LINE
8
BLACK
6
CONTINUOUS
10
29.609499999999997
20
-66.8405929999999984
11
30.4039070000000002
21
-67.6349999999999909
0
LINE
8
BLACK
6
CONTINUOUS
10
30.4039070000000002
20
-67.6349999999999909
11
30.5779259999999979
21
-67.6349999999999909
0
LINE
8
BLACK
6
CONTINUOUS
10
30.5779259999999979
20
-67.6349999999999909
11
30.6041409999999985
21
-67.5957659999999976
0
LINE
8
BLACK
6
CONTINUOUS
10
30.6041409999999985
20
-67.5957659999999976
11
30.7219659999999983
21
-67.4779410000000013
0
LINE
8
BLACK
6
CONTINUOUS
10
30.7219659999999983
20
-67.4779410000000013
11
30.8605129999999974
21
-67.3853670000000022
0
LINE
8
BLACK
6
CONTINUOUS
10
30.8605129999999974
20
-67.3853670000000022
11
31.0144579999999976
21
-67.3216010000000011
0
LINE
8
BLACK
6
CONTINUOUS
10
31.0144579999999976
20
-67.3216010000000011
11
31.1778849999999998
21
-67.289092999999994
0
LINE
8
BLACK
6
CONTINUOUS
10
31.1778849999999998
20
-67.289092999999994
11
31.3445149999999977
21
-67.289092999999994
0
LINE
8
BLACK
6
CONTINUOUS
10
31.3445149999999977
20
-67.289092999999994
11
31.5079419999999999
21
-67.3216010000000011
0
LINE
8
BLACK
6
CONTINUOUS
10
31.5079419999999999
20
-67.3216010000000011
11
31.6618870000000001
21
-67.3853670000000022
0
LINE
8
BLACK
6
CONTINUOUS
10
31.6618870000000001
20
-67.3853670000000022
11
31.8004339999999992
21
-67.4779410000000013
0
LINE
8
BLACK
6
CONTINUOUS
10
31.8004339999999992
20
-67.4779410000000013
11
31.918258999999999
21
-67.5957659999999976
0
LINE
8
BLACK
6
CONTINUOUS
10
31.918258999999999
20
-67.5957659999999976
11
32.0108329999999981
21
-67.7343130000000002
0
LINE
8
BLACK
6
CONTINUOUS
10
32.0108329999999981
20
-67.7343130000000002
11
32.0745989999999992
21
-67.8882579999999933
0
LINE
8
BLACK
6
CONTINUOUS
10
32.0745989999999992
20
-67.8882579999999933
11
32.1071069999999992
21
-68.051684999999992
0
LINE
8
BLACK
6
CONTINUOUS
10
32.1071069999999992
20
-68.051684999999992
11
32.1071069999999992
21
-68.2183149999999898
0
LINE
8
BLACK
6
CONTINUOUS
10
32.1071069999999992
20
-68.2183149999999898
11
32.0745989999999992
21
-68.3817420000000027
0
LINE
8
BLACK
6
CONTINUOUS
10
32.0745989999999992
20
-68.3817420000000027
11
32.0108329999999981
21
-68.5356869999999958
0
LINE
8
BLACK
6
CONTINUOUS
10
32.0108329999999981
20
-68.5356869999999958
11
31.918258999999999
21
-68.6742339999999984
0
LINE
8
BLACK
6
CONTINUOUS
10
31.918258999999999
20
-68.6742339999999984
11
31.8004339999999992
21
-68.7920589999999947
0
LINE
8
BLACK
6
CONTINUOUS
10
31.8004339999999992
20
-68.7920589999999947
11
31.6618870000000001
21
-68.8846329999999938
0
LINE
8
BLACK
6
CONTINUOUS
10
31.6618870000000001
20
-68.8846329999999938
11
31.5079419999999999
21
-68.9483989999999949
0
LINE
8
BLACK
6
CONTINUOUS
10
31.5079419999999999
20
-68.9483989999999949
11
31.3445149999999977
21
-68.980907000000002
0
LINE
8
BLACK
6
CONTINUOUS
10
31.3445149999999977
20
-68.980907000000002
11
31.1778849999999998
21
-68.980907000000002
0
LINE
8
BLACK
6
CONTINUOUS
10
31.1778849999999998
20
-68.980907000000002
11
31.0144579999999976
21
-68.9483989999999949
0
LINE
8
BLACK
6
CONTINUOUS
10
31.0144579999999976
20
-68.9483989999999949
11
30.8605129999999974
21
-68.8846329999999938
0
LINE
8
BLACK
6
CONTINUOUS
10
30.8605129999999974
20
-68.8846329999999938
11
30.7219659999999983
21
-68.7920589999999947
0
LINE
8
BLACK
6
CONTINUOUS
10
30.7219659999999983
20
-68.7920589999999947
11
30.6041409999999985
21
-68.6742339999999984
0
LINE
8
BLACK
6
CONTINUOUS
10
30.6041409999999985
20
-68.6742339999999984
11
30.5779259999999979
21
-68.6349999999999909
0
LINE
8
BLACK
6
CONTINUOUS
10
30.5779259999999979
20
-68.6349999999999909
11
30.1967999999999996
21
-68.6349999999999909
0
LINE
8
BLACK
6
CONTINUOUS
10
30.1967999999999996
20
-68.6349999999999909
11
30.1315519999999992
21
-68.6307230000000033
0
LINE
8
BLACK
6
CONTINUOUS
10
30.1315519999999992
20
-68.6307230000000033
11
30.131536999999998
21
-68.6307230000000033
0
LINE
8
BLACK
6
CONTINUOUS
10
30.131536999999998
20
-68.6307230000000033
11
30.0054579999999973
21
-68.5969400000000036
0
LINE
8
BLACK
6
CONTINUOUS
10
30.0054579999999973
20
-68.5969400000000036
11
29.970087999999997
21
-68.5765189999999905
0
LINE
8
BLACK
6
CONTINUOUS
10
29.970087999999997
20
-68.5765189999999905
11
29.8924190000000003
21
-68.531677000000002
0
LINE
8
BLACK
6
CONTINUOUS
10
29.8924190000000003
20
-68.531677000000002
11
29.8924099999999981
21
-68.5316679999999963
0
LINE
8
BLACK
6
CONTINUOUS
10
29.8924099999999981
20
-68.5316679999999963
11
29.8432459999999971
21
-68.488552999999996
0
LINE
8
BLACK
6
CONTINUOUS
10
29.8432459999999971
20
-68.488552999999996
11
28.755946999999999
21
-67.401252999999997
0
LINE
8
BLACK
6
CONTINUOUS
10
28.755946999999999
20
-67.401252999999997
11
28.7128379999999979
21
-67.3520960000000031
0
LINE
8
BLACK
6
CONTINUOUS
10
28.7128379999999979
20
-67.3520960000000031
11
28.7128230000000002
21
-67.3520809999999983
0
LINE
8
BLACK
6
CONTINUOUS
10
28.7128230000000002
20
-67.3520809999999983
11
28.6475599999999986
21
-67.2390419999999978
0
LINE
8
BLACK
6
CONTINUOUS
10
28.6475599999999986
20
-67.2390419999999978
11
28.6373420000000003
21
-67.2009070000000008
0
LINE
8
BLACK
6
CONTINUOUS
10
28.6373420000000003
20
-67.2009070000000008
11
28.6137769999999989
21
-67.1129629999999935
0
LINE
8
BLACK
6
CONTINUOUS
10
28.6137769999999989
20
-67.1129629999999935
11
28.6137769999999989
21
-67.1129469999999912
0
LINE
8
BLACK
6
CONTINUOUS
10
28.6137769999999989
20
-67.1129469999999912
11
28.609499999999997
21
-67.0476999999999919
0
LINE
8
BLACK
6
CONTINUOUS
10
28.609499999999997
20
-67.0476999999999919
11
28.609499999999997
21
-64.147199999999998
0
LINE
8
BLACK
6
CONTINUOUS
10
28.609499999999997
20
-64.147199999999998
11
28.6137769999999989
21
-64.0819520000000011
0
LINE
8
BLACK
6
CONTINUOUS
10
28.6137769999999989
20
-64.0819520000000011
11
28.6137769999999989
21
-64.0819369999999964
0
LINE
8
BLACK
6
CONTINUOUS
10
28.6137769999999989
20
-64.0819369999999964
11
28.6475599999999986
21
-63.9558579999999992
0
LINE
8
BLACK
6
CONTINUOUS
10
28.6475599999999986
20
-63.9558579999999992
11
28.6478000000000002
21
-63.9554419999999979
0
LINE
8
BLACK
6
CONTINUOUS
10
28.6478000000000002
20
-63.9554419999999979
11
28.7128230000000002
21
-63.8428189999999987
0
LINE
8
BLACK
6
CONTINUOUS
10
28.7128230000000002
20
-63.8428189999999987
11
28.7128379999999979
21
-63.8428029999999964
0
LINE
8
BLACK
6
CONTINUOUS
10
28.7128379999999979
20
-63.8428029999999964
11
28.755946999999999
21
-63.793647
0
LINE
8
BLACK
6
CONTINUOUS
10
28.755946999999999
20
-63.793647
11
50.2126469999999969
21
-42.336946999999995
0
LINE
8
BLACK
6
CONTINUOUS
10
50.2126469999999969
20
-42.336946999999995
11
50.261809999999997
21
-42.2938309999999973
0
LINE
8
BLACK
6
CONTINUOUS
10
50.261809999999997
20
-42.2938309999999973
11
50.2618189999999956
21
-42.2938229999999962
0
LINE
8
BLACK
6
CONTINUOUS
10
50.2618189999999956
20
-42.2938229999999962
11
50.3748579999999961
21
-42.2285599999999945
0
LINE
8
BLACK
6
CONTINUOUS
10
50.3748579999999961
20
-42.2285599999999945
11
50.5009370000000004
21
-42.1947769999999949
0
LINE
8
BLACK
6
CONTINUOUS
10
50.5009370000000004
20
-42.1947769999999949
11
50.5009519999999981
21
-42.1947769999999949
0
LINE
8
BLACK
6
CONTINUOUS
10
50.5009519999999981
20
-42.1947769999999949
11
50.5661999999999949
21
-42.1905000000000001
0
LINE
8
BLACK
6
CONTINUOUS
10
50.5661999999999949
20
-42.1905000000000001
11
102.6340000000000003
21
-42.1905000000000001
0
LINE
8
BLACK
6
CONTINUOUS
10
102.6340000000000003
20
-42.1905000000000001
11
102.6992479999999972
21
-42.1947769999999949
0
LINE
8
BLACK
6
CONTINUOUS
10
55.5329419999999985
20
-68.081600999999992
11
55.6868869999999987
21
-68.1453669999999931
0
LINE
8
BLACK
6
CONTINUOUS
10
55.6868869999999987
20
-68.1453669999999931
11
55.8254339999999942
21
-68.2379409999999922
0
LINE
8
BLACK
6
CONTINUOUS
10
55.8254339999999942
20
-68.2379409999999922
11
55.9432589999999976
21
-68.3557660000000027
0
LINE
8
BLACK
6
CONTINUOUS
10
55.9432589999999976
20
-68.3557660000000027
11
56.0358329999999967
21
-68.4943129999999911
0
LINE
8
BLACK
6
CONTINUOUS
10
56.0358329999999967
20
-68.4943129999999911
11
56.0995989999999978
21
-68.6482579999999984
0
LINE
8
BLACK
6
CONTINUOUS
10
56.0995989999999978
20
-68.6482579999999984
11
56.1321069999999978
21
-68.8116849999999971
0
LINE
8
BLACK
6
CONTINUOUS
10
56.1321069999999978
20
-68.8116849999999971
11
56.1321069999999978
21
-68.9783149999999949
0
LINE
8
BLACK
6
CONTINUOUS
10
56.1321069999999978
20
-68.9783149999999949
11
56.0995989999999978
21
-69.1417419999999936
0
LINE
8
BLACK
6
CONTINUOUS
10
56.0995989999999978
20
-69.1417419999999936
11
56.0358329999999967
21
-69.2956870000000009
0
LINE
8
BLACK
6
CONTINUOUS
10
56.0358329999999967
20
-69.2956870000000009
11
55.9432589999999976
21
-69.4342340000000036
0
LINE
8
BLACK
6
CONTINUOUS
10
55.9432589999999976
20
-69.4342340000000036
11
55.8254339999999942
21
-69.5520589999999999
0
LINE
8
BLACK
6
CONTINUOUS
10
55.8254339999999942
20
-69.5520589999999999
11
55.6868869999999987
21
-69.6446329999999989
0
LINE
8
BLACK
6
CONTINUOUS
10
55.6868869999999987
20
-69.6446329999999989
11
55.5329419999999985
21
-69.708399
0
LINE
8
BLACK
6
CONTINUOUS
10
55.5329419999999985
20
-69.708399
11
55.3695149999999998
21
-69.7409069999999929
0
LINE
8
BLACK
6
CONTINUOUS
10
55.3695149999999998
20
-69.7409069999999929
11
55.2028849999999949
21
-69.7409069999999929
0
LINE
8
BLACK
6
CONTINUOUS
10
55.2028849999999949
20
-69.7409069999999929
11
55.0394579999999962
21
-69.708399
0
LINE
8
BLACK
6
CONTINUOUS
10
55.0394579999999962
20
-69.708399
11
54.885512999999996
21
-69.6446329999999989
0
LINE
8
BLACK
6
CONTINUOUS
10
54.885512999999996
20
-69.6446329999999989
11
54.7469660000000005
21
-69.5520589999999999
0
LINE
8
BLACK
6
CONTINUOUS
10
54.7469660000000005
20
-69.5520589999999999
11
54.6291409999999971
21
-69.4342340000000036
0
LINE
8
BLACK
6
CONTINUOUS
10
54.6291409999999971
20
-69.4342340000000036
11
54.536566999999998
21
-69.2956870000000009
0
LINE
8
BLACK
6
CONTINUOUS
10
54.536566999999998
20
-69.2956870000000009
11
54.4728009999999969
21
-69.1417419999999936
0
LINE
8
BLACK
6
CONTINUOUS
10
54.4728009999999969
20
-69.1417419999999936
11
54.4402929999999969
21
-68.9783149999999949
0
LINE
8
BLACK
6
CONTINUOUS
10
54.4402929999999969
20
-68.9783149999999949
11
54.4402929999999969
21
-68.8116849999999971
0
LINE
8
BLACK
6
CONTINUOUS
10
54.4402929999999969
20
-68.8116849999999971
11
54.4728009999999969
21
-68.6482579999999984
0
LINE
8
BLACK
6
CONTINUOUS
10
54.4728009999999969
20
-68.6482579999999984
11
54.536566999999998
21
-68.4943129999999911
0
LINE
8
BLACK
6
CONTINUOUS
10
54.536566999999998
20
-68.4943129999999911
11
54.6291409999999971
21
-68.3557660000000027
0
LINE
8
BLACK
6
CONTINUOUS
10
54.6291409999999971
20
-68.3557660000000027
11
54.7469660000000005
21
-68.2379409999999922
0
LINE
8
BLACK
6
CONTINUOUS
10
54.7469660000000005
20
-68.2379409999999922
11
54.885512999999996
21
-68.1453669999999931
0
LINE
8
BLACK
6
CONTINUOUS
10
54.885512999999996
20
-68.1453669999999931
11
55.0394579999999962
21
-68.081600999999992
0
LINE
8
BLACK
6
CONTINUOUS
10
55.0394579999999962
20
-68.081600999999992
11
55.2028849999999949
21
-68.0490929999999992
0
LINE
8
BLACK
6
CONTINUOUS
10
55.2028849999999949
20
-68.0490929999999992
11
55.3695149999999998
21
-68.0490929999999992
0
LINE
8
BLACK
6
CONTINUOUS
10
55.3695149999999998
20
-68.0490929999999992
11
55.5329419999999985
21
-68.081600999999992
0
LINE
8
BLACK
6
CONTINUOUS
10
83.9329419999999971
20
-68.081600999999992
11
84.0868869999999902
21
-68.1453669999999931
0
LINE
8
BLACK
6
CONTINUOUS
10
84.0868869999999902
20
-68.1453669999999931
11
84.2254339999999928
21
-68.2379409999999922
0
LINE
8
BLACK
6
CONTINUOUS
10
84.2254339999999928
20
-68.2379409999999922
11
84.3432589999999891
21
-68.3557660000000027
0
LINE
8
BLACK
6
CONTINUOUS
10
84.3432589999999891
20
-68.3557660000000027
11
84.4358330000000024
21
-68.4943129999999911
0
LINE
8
BLACK
6
CONTINUOUS
10
84.4358330000000024
20
-68.4943129999999911
11
84.4995989999999892
21
-68.6482579999999984
0
LINE
8
BLACK
6
CONTINUOUS
10
84.4995989999999892
20
-68.6482579999999984
11
84.5321069999999963
21
-68.8116849999999971
0
LINE
8
BLACK
6
CONTINUOUS
10
84.5321069999999963
20
-68.8116849999999971
11
84.5321069999999963
21
-68.9783149999999949
0
LINE
8
BLACK
6
CONTINUOUS
10
84.5321069999999963
20
-68.9783149999999949
11
84.4995989999999892
21
-69.1417419999999936
0
LINE
8
BLACK
6
CONTINUOUS
10
84.4995989999999892
20
-69.1417419999999936
11
84.4358330000000024
21
-69.2956870000000009
0
LINE
8
BLACK
6
CONTINUOUS
10
84.4358330000000024
20
-69.2956870000000009
11
84.3432589999999891
21
-69.4342340000000036
0
LINE
8
BLACK
6
CONTINUOUS
10
84.3432589999999891
20
-69.4342340000000036
11
84.2254339999999928
21
-69.5520589999999999
0
LINE
8
BLACK
6
CONTINUOUS
10
84.2254339999999928
20
-69.5520589999999999
11
84.0868869999999902
21
-69.6446329999999989
0
LINE
8
BLACK
6
CONTINUOUS
10
84.0868869999999902
20
-69.6446329999999989
11
83.9329419999999971
21
-69.708399
0
LINE
8
BLACK
6
CONTINUOUS
10
83.9329419999999971
20
-69.708399
11
83.7695149999999984
21
-69.7409069999999929
0
LINE
8
BLACK
6
CONTINUOUS
10
83.7695149999999984
20
-69.7409069999999929
11
83.6028850000000006
21
-69.7409069999999929
0
LINE
8
BLACK
6
CONTINUOUS
10
83.6028850000000006
20
-69.7409069999999929
11
83.4394580000000019
21
-69.708399
0
LINE
8
BLACK
6
CONTINUOUS
10
83.4394580000000019
20
-69.708399
11
83.2855129999999946
21
-69.6446329999999989
0
LINE
8
BLACK
6
CONTINUOUS
10
83.2855129999999946
20
-69.6446329999999989
11
83.1469659999999919
21
-69.5520589999999999
0
LINE
8
BLACK
6
CONTINUOUS
10
83.1469659999999919
20
-69.5520589999999999
11
83.0291409999999956
21
-69.4342340000000036
0
LINE
8
BLACK
6
CONTINUOUS
10
83.0291409999999956
20
-69.4342340000000036
11
82.9365669999999966
21
-69.2956870000000009
0
LINE
8
BLACK
6
CONTINUOUS
10
82.9365669999999966
20
-69.2956870000000009
11
82.8728009999999955
21
-69.1417419999999936
0
LINE
8
BLACK
6
CONTINUOUS
10
82.8728009999999955
20
-69.1417419999999936
11
82.8402930000000026
21
-68.9783149999999949
0
LINE
8
BLACK
6
CONTINUOUS
10
82.8402930000000026
20
-68.9783149999999949
11
82.8402930000000026
21
-68.8116849999999971
0
LINE
8
BLACK
6
CONTINUOUS
10
82.8402930000000026
20
-68.8116849999999971
11
82.8728009999999955
21
-68.6482579999999984
0
LINE
8
BLACK
6
CONTINUOUS
10
82.8728009999999955
20
-68.6482579999999984
11
82.9365669999999966
21
-68.4943129999999911
0
LINE
8
BLACK
6
CONTINUOUS
10
82.9365669999999966
20
-68.4943129999999911
11
83.0291409999999956
21
-68.3557660000000027
0
LINE
8
BLACK
6
CONTINUOUS
10
83.0291409999999956
20
-68.3557660000000027
11
83.1469659999999919
21
-68.2379409999999922
0
LINE
8
BLACK
6
CONTINUOUS
10
83.1469659999999919
20
-68.2379409999999922
11
83.2855129999999946
21
-68.1453669999999931
0
LINE
8
BLACK
6
CONTINUOUS
10
83.2855129999999946
20
-68.1453669999999931
11
83.4394580000000019
21
-68.081600999999992
0
LINE
8
BLACK
6
CONTINUOUS
10
83.4394580000000019
20
-68.081600999999992
11
83.6028850000000006
21
-68.0490929999999992
0
LINE
8
BLACK
6
CONTINUOUS
10
83.6028850000000006
20
-68.0490929999999992
11
83.7695149999999984
21
-68.0490929999999992
0
LINE
8
BLACK
6
CONTINUOUS
10
83.7695149999999984
20
-68.0490929999999992
11
83.9329419999999971
21
-68.081600999999992
0
LINE
8
BLACK
6
CONTINUOUS
10
55.5329419999999985
20
-65.541601
11
55.6868869999999987
21
-65.6053670000000011
0
LINE
8
BLACK
6
CONTINUOUS
10
55.6868869999999987
20
-65.6053670000000011
11
55.8254339999999942
21
-65.6979410000000001
0
LINE
8
BLACK
6
CONTINUOUS
10
55.8254339999999942
20
-65.6979410000000001
11
55.9432589999999976
21
-65.8157659999999964
0
LINE
8
BLACK
6
CONTINUOUS
10
55.9432589999999976
20
-65.8157659999999964
11
56.0358329999999967
21
-65.9543129999999991
0
LINE
8
BLACK
6
CONTINUOUS
10
56.0358329999999967
20
-65.9543129999999991
11
56.0995989999999978
21
-66.1082579999999922
0
LINE
8
BLACK
6
CONTINUOUS
10
56.0995989999999978
20
-66.1082579999999922
11
56.1321069999999978
21
-66.2716849999999909
0
LINE
8
BLACK
6
CONTINUOUS
10
56.1321069999999978
20
-66.2716849999999909
11
56.1321069999999978
21
-66.4383150000000029
0
LINE
8
BLACK
6
CONTINUOUS
10
56.1321069999999978
20
-66.4383150000000029
11
56.0995989999999978
21
-66.6017420000000016
0
LINE
8
BLACK
6
CONTINUOUS
10
56.0995989999999978
20
-66.6017420000000016
11
56.0358329999999967
21
-66.7556869999999947
0
LINE
8
BLACK
6
CONTINUOUS
10
56.0358329999999967
20
-66.7556869999999947
11
55.9432589999999976
21
-66.8942339999999973
0
LINE
8
BLACK
6
CONTINUOUS
10
55.9432589999999976
20
-66.8942339999999973
11
55.8254339999999942
21
-67.0120589999999936
0
LINE
8
BLACK
6
CONTINUOUS
10
55.8254339999999942
20
-67.0120589999999936
11
55.6868869999999987
21
-67.1046329999999926
0
LINE
8
BLACK
6
CONTINUOUS
10
55.6868869999999987
20
-67.1046329999999926
11
55.5329419999999985
21
-67.1683989999999937
0
LINE
8
BLACK
6
CONTINUOUS
10
55.5329419999999985
20
-67.1683989999999937
11
55.3695149999999998
21
-67.2009070000000008
0
LINE
8
BLACK
6
CONTINUOUS
10
55.3695149999999998
20
-67.2009070000000008
11
55.2028849999999949
21
-67.2009070000000008
0
LINE
8
BLACK
6
CONTINUOUS
10
55.2028849999999949
20
-67.2009070000000008
11
55.0394579999999962
21
-67.1683989999999937
0
LINE
8
BLACK
6
CONTINUOUS
10
55.0394579999999962
20
-67.1683989999999937
11
54.885512999999996
21
-67.1046329999999926
0
LINE
8
BLACK
6
CONTINUOUS
10
54.885512999999996
20
-67.1046329999999926
11
54.7469660000000005
21
-67.0120589999999936
0
LINE
8
BLACK
6
CONTINUOUS
10
54.7469660000000005
20
-67.0120589999999936
11
54.6291409999999971
21
-66.8942339999999973
0
LINE
8
BLACK
6
CONTINUOUS
10
54.6291409999999971
20
-66.8942339999999973
11
54.536566999999998
21
-66.7556869999999947
0
LINE
8
BLACK
6
CONTINUOUS
10
54.536566999999998
20
-66.7556869999999947
11
54.4728009999999969
21
-66.6017420000000016
0
LINE
8
BLACK
6
CONTINUOUS
10
54.4728009999999969
20
-66.6017420000000016
11
54.4402929999999969
21
-66.4383150000000029
0
LINE
8
BLACK
6
CONTINUOUS
10
54.4402929999999969
20
-66.4383150000000029
11
54.4402929999999969
21
-66.2716849999999909
0
LINE
8
BLACK
6
CONTINUOUS
10
54.4402929999999969
20
-66.2716849999999909
11
54.4728009999999969
21
-66.1082579999999922
0
LINE
8
BLACK
6
CONTINUOUS
10
54.4728009999999969
20
-66.1082579999999922
11
54.536566999999998
21
-65.9543129999999991
0
LINE
8
BLACK
6
CONTINUOUS
10
54.536566999999998
20
-65.9543129999999991
11
54.6291409999999971
21
-65.8157659999999964
0
LINE
8
BLACK
6
CONTINUOUS
10
54.6291409999999971
20
-65.8157659999999964
11
54.7469660000000005
21
-65.6979410000000001
0
LINE
8
BLACK
6
CONTINUOUS
10
54.7469660000000005
20
-65.6979410000000001
11
54.885512999999996
21
-65.6053670000000011
0
LINE
8
BLACK
6
CONTINUOUS
10
54.885512999999996
20
-65.6053670000000011
11
55.0394579999999962
21
-65.541601
0
LINE
8
BLACK
6
CONTINUOUS
10
55.0394579999999962
20
-65.541601
11
55.2028849999999949
21
-65.5090929999999929
0
LINE
8
BLACK
6
CONTINUOUS
10
55.2028849999999949
20
-65.5090929999999929
11
55.3695149999999998
21
-65.5090929999999929
0
LINE
8
BLACK
6
CONTINUOUS
10
55.3695149999999998
20
-65.5090929999999929
11
55.5329419999999985
21
-65.541601
0
LINE
8
BLACK
6
CONTINUOUS
10
83.9329419999999971
20
-65.541601
11
84.0868869999999902
21
-65.6053670000000011
0
LINE
8
BLACK
6
CONTINUOUS
10
84.0868869999999902
20
-65.6053670000000011
11
84.2254339999999928
21
-65.6979410000000001
0
LINE
8
BLACK
6
CONTINUOUS
10
84.2254339999999928
20
-65.6979410000000001
11
84.3432589999999891
21
-65.8157659999999964
0
LINE
8
BLACK
6
CONTINUOUS
10
84.3432589999999891
20
-65.8157659999999964
11
84.4358330000000024
21
-65.9543129999999991
0
LINE
8
BLACK
6
CONTINUOUS
10
84.4358330000000024
20
-65.9543129999999991
11
84.4995989999999892
21
-66.1082579999999922
0
LINE
8
BLACK
6
CONTINUOUS
10
84.4995989999999892
20
-66.1082579999999922
11
84.5321069999999963
21
-66.2716849999999909
0
LINE
8
BLACK
6
CONTINUOUS
10
84.5321069999999963
20
-66.2716849999999909
11
84.5321069999999963
21
-66.4383150000000029
0
LINE
8
BLACK
6
CONTINUOUS
10
84.5321069999999963
20
-66.4383150000000029
11
84.4995989999999892
21
-66.6017420000000016
0
LINE
8
BLACK
6
CONTINUOUS
10
84.4995989999999892
20
-66.6017420000000016
11
84.4358330000000024
21
-66.7556869999999947
0
LINE
8
BLACK
6
CONTINUOUS
10
84.4358330000000024
20
-66.7556869999999947
11
84.3432589999999891
21
-66.8942339999999973
0
LINE
8
BLACK
6
CONTINUOUS
10
84.3432589999999891
20
-66.8942339999999973
11
84.2254339999999928
21
-67.0120589999999936
0
LINE
8
BLACK
6
CONTINUOUS
10
84.2254339999999928
20
-67.0120589999999936
11
84.0868869999999902
21
-67.1046329999999926
0
LINE
8
BLACK
6
CONTINUOUS
10
84.0868869999999902
20
-67.1046329999999926
11
83.9329419999999971
21
-67.1683989999999937
0
LINE
8
BLACK
6
CONTINUOUS
10
83.9329419999999971
20
-67.1683989999999937
11
83.7695149999999984
21
-67.2009070000000008
0
LINE
8
BLACK
6
CONTINUOUS
10
83.7695149999999984
20
-67.2009070000000008
11
83.6028850000000006
21
-67.2009070000000008
0
LINE
8
BLACK
6
CONTINUOUS
10
83.6028850000000006
20
-67.2009070000000008
11
83.4394580000000019
21
-67.1683989999999937
0
LINE
8
BLACK
6
CONTINUOUS
10
83.4394580000000019
20
-67.1683989999999937
11
83.2855129999999946
21
-67.1046329999999926
0
LINE
8
BLACK
6
CONTINUOUS
10
83.2855129999999946
20
-67.1046329999999926
11
83.1469659999999919
21
-67.0120589999999936
0
LINE
8
BLACK
6
CONTINUOUS
10
83.1469659999999919
20
-67.0120589999999936
11
83.0291409999999956
21
-66.8942339999999973
0
LINE
8
BLACK
6
CONTINUOUS
10
83.0291409999999956
20
-66.8942339999999973
11
82.9365669999999966
21
-66.7556869999999947
0
LINE
8
BLACK
6
CONTINUOUS
10
82.9365669999999966
20
-66.7556869999999947
11
82.8728009999999955
21
-66.6017420000000016
0
LINE
8
BLACK
6
CONTINUOUS
10
82.8728009999999955
20
-66.6017420000000016
11
82.8402930000000026
21
-66.4383150000000029
0
LINE
8
BLACK
6
CONTINUOUS
10
82.8402930000000026
20
-66.4383150000000029
11
82.8402930000000026
21
-66.2716849999999909
0
LINE
8
BLACK
6
CONTINUOUS
10
82.8402930000000026
20
-66.2716849999999909
11
82.8728009999999955
21
-66.1082579999999922
0
LINE
8
BLACK
6
CONTINUOUS
10
82.8728009999999955
20
-66.1082579999999922
11
82.9365669999999966
21
-65.9543129999999991
0
LINE
8
BLACK
6
CONTINUOUS
10
82.9365669999999966
20
-65.9543129999999991
11
83.0291409999999956
21
-65.8157659999999964
0
LINE
8
BLACK
6
CONTINUOUS
10
83.0291409999999956
20
-65.8157659999999964
11
83.1469659999999919
21
-65.6979410000000001
0
LINE
8
BLACK
6
CONTINUOUS
10
83.1469659999999919
20
-65.6979410000000001
11
83.2855129999999946
21
-65.6053670000000011
0
LINE
8
BLACK
6
CONTINUOUS
10
83.2855129999999946
20
-65.6053670000000011
11
83.4394580000000019
21
-65.541601
0
LINE
8
BLACK
6
CONTINUOUS
10
83.4394580000000019
20
-65.541601
11
83.6028850000000006
21
-65.5090929999999929
0
LINE
8
BLACK
6
CONTINUOUS
10
83.6028850000000006
20
-65.5090929999999929
11
83.7695149999999984
21
-65.5090929999999929
0
LINE
8
BLACK
6
CONTINUOUS
10
83.7695149999999984
20
-65.5090929999999929
11
83.9329419999999971
21
-65.541601
0
LINE
8
BLACK
6
CONTINUOUS
10
109.6834279999999922
20
-60.6394479999999945
11
109.8283169999999984
21
-60.6994629999999944
0
LINE
8
BLACK
6
CONTINUOUS
10
109.8283169999999984
20
-60.6994629999999944
11
109.958714999999998
21
-60.7865919999999988
0
LINE
8
BLACK
6
CONTINUOUS
10
109.958714999999998
20
-60.7865919999999988
11
110.0696079999999881
21
-60.8974849999999961
0
LINE
8
BLACK
6
CONTINUOUS
10
110.0696079999999881
20
-60.8974849999999961
11
110.1567369999999926
21
-61.0278829999999957
0
LINE
8
BLACK
6
CONTINUOUS
10
110.1567369999999926
20
-61.0278829999999957
11
110.2167519999999996
21
-61.1727719999999948
0
LINE
8
BLACK
6
CONTINUOUS
10
110.2167519999999996
20
-61.1727719999999948
11
110.2473479999999881
21
-61.3265859999999989
0
LINE
8
BLACK
6
CONTINUOUS
10
110.2473479999999881
20
-61.3265859999999989
11
110.2473479999999881
21
-61.4834139999999962
0
LINE
8
BLACK
6
CONTINUOUS
10
110.2473479999999881
20
-61.4834139999999962
11
110.2167519999999996
21
-61.6372280000000003
0
LINE
8
BLACK
6
CONTINUOUS
10
110.2167519999999996
20
-61.6372280000000003
11
110.1567369999999926
21
-61.7821169999999995
0
LINE
8
BLACK
6
CONTINUOUS
10
110.1567369999999926
20
-61.7821169999999995
11
110.0696079999999881
21
-61.9125149999999991
0
LINE
8
BLACK
6
CONTINUOUS
10
110.0696079999999881
20
-61.9125149999999991
11
109.958714999999998
21
-62.0234079999999963
0
LINE
8
BLACK
6
CONTINUOUS
10
109.958714999999998
20
-62.0234079999999963
11
109.8283169999999984
21
-62.1105369999999937
0
LINE
8
BLACK
6
CONTINUOUS
10
109.8283169999999984
20
-62.1105369999999937
11
109.6834279999999922
21
-62.1705520000000007
0
LINE
8
BLACK
6
CONTINUOUS
10
109.6834279999999922
20
-62.1705520000000007
11
109.5296139999999951
21
-62.2011479999999963
0
LINE
8
BLACK
6
CONTINUOUS
10
109.5296139999999951
20
-62.2011479999999963
11
109.3727859999999907
21
-62.2011479999999963
0
LINE
8
BLACK
6
CONTINUOUS
10
109.3727859999999907
20
-62.2011479999999963
11
109.2189719999999937
21
-62.1705520000000007
0
LINE
8
BLACK
6
CONTINUOUS
10
109.2189719999999937
20
-62.1705520000000007
11
109.0740830000000017
21
-62.1105369999999937
0
LINE
8
BLACK
6
CONTINUOUS
10
109.0740830000000017
20
-62.1105369999999937
11
108.9436850000000021
21
-62.0234079999999963
0
LINE
8
BLACK
6
CONTINUOUS
10
108.9436850000000021
20
-62.0234079999999963
11
108.8327919999999978
21
-61.9125149999999991
0
LINE
8
BLACK
6
CONTINUOUS
10
108.8327919999999978
20
-61.9125149999999991
11
108.8277709999999985
21
-61.904999999999994
0
LINE
8
BLACK
6
CONTINUOUS
10
108.8277709999999985
20
-61.904999999999994
11
105.4569070000000011
21
-61.904999999999994
0
LINE
8
BLACK
6
CONTINUOUS
10
105.4569070000000011
20
-61.904999999999994
11
101.9307869999999951
21
-65.4311179999999979
0
LINE
8
BLACK
6
CONTINUOUS
10
101.9307869999999951
20
-65.4311179999999979
11
101.9789049999999975
21
-65.5472859999999997
0
LINE
8
BLACK
6
CONTINUOUS
10
101.9789049999999975
20
-65.5472859999999997
11
102.0075889999999958
21
-65.6914869999999951
0
LINE
8
BLACK
6
CONTINUOUS
10
102.0075889999999958
20
-65.6914869999999951
11
102.0075889999999958
21
-65.8385129999999918
0
LINE
8
BLACK
6
CONTINUOUS
10
102.0075889999999958
20
-65.8385129999999918
11
101.9789049999999975
21
-65.9827140000000014
0
LINE
8
BLACK
6
CONTINUOUS
10
101.9789049999999975
20
-65.9827140000000014
11
101.9226409999999987
21
-66.1185480000000041
0
LINE
8
BLACK
6
CONTINUOUS
10
101.9226409999999987
20
-66.1185480000000041
11
101.8409580000000005
21
-66.2407949999999914
0
LINE
8
BLACK
6
CONTINUOUS
10
101.8409580000000005
20
-66.2407949999999914
11
101.7369949999999932
21
-66.3447579999999988
0
LINE
8
BLACK
6
CONTINUOUS
10
101.7369949999999932
20
-66.3447579999999988
11
101.6147479999999916
21
-66.426440999999997
0
LINE
8
BLACK
6
CONTINUOUS
10
101.6147479999999916
20
-66.426440999999997
11
101.478913999999989
21
-66.4827049999999957
0
LINE
8
BLACK
6
CONTINUOUS
10
101.478913999999989
20
-66.4827049999999957
11
101.3347129999999936
21
-66.5113889999999941
0
LINE
8
BLACK
6
CONTINUOUS
10
101.3347129999999936
20
-66.5113889999999941
11
101.1876869999999968
21
-66.5113889999999941
0
LINE
8
BLACK
6
CONTINUOUS
10
101.1876869999999968
20
-66.5113889999999941
11
101.0434860000000015
21
-66.4827049999999957
0
LINE
8
BLACK
6
CONTINUOUS
10
101.0434860000000015
20
-66.4827049999999957
11
100.9076519999999988
21
-66.426440999999997
0
LINE
8
BLACK
6
CONTINUOUS
10
100.9076519999999988
20
-66.426440999999997
11
100.7854049999999972
21
-66.3447579999999988
0
LINE
8
BLACK
6
CONTINUOUS
10
100.7854049999999972
20
-66.3447579999999988
11
100.6814419999999899
21
-66.2407949999999914
0
LINE
8
BLACK
6
CONTINUOUS
10
100.6814419999999899
20
-66.2407949999999914
11
100.5997589999999917
21
-66.1185480000000041
0
LINE
8
BLACK
6
CONTINUOUS
10
100.5997589999999917
20
-66.1185480000000041
11
100.543494999999993
21
-65.9827140000000014
0
LINE
8
BLACK
6
CONTINUOUS
10
100.543494999999993
20
-65.9827140000000014
11
100.5148109999999946
21
-65.8385129999999918
0
LINE
8
BLACK
6
CONTINUOUS
10
100.5148109999999946
20
-65.8385129999999918
11
100.5148109999999946
21
-65.6914869999999951
0
LINE
8
BLACK
6
CONTINUOUS
10
100.5148109999999946
20
-65.6914869999999951
11
100.543494999999993
21
-65.5472859999999997
0
LINE
8
BLACK
6
CONTINUOUS
10
100.543494999999993
20
-65.5472859999999997
11
100.5997589999999917
21
-65.411451999999997
0
LINE
8
BLACK
6
CONTINUOUS
10
100.5997589999999917
20
-65.411451999999997
11
100.6814419999999899
21
-65.2892049999999955
0
LINE
8
BLACK
6
CONTINUOUS
10
100.6814419999999899
20
-65.2892049999999955
11
100.7854049999999972
21
-65.1852420000000023
0
LINE
8
BLACK
6
CONTINUOUS
10
100.7854049999999972
20
-65.1852420000000023
11
100.8239559999999955
21
-65.159481999999997
0
LINE
8
BLACK
6
CONTINUOUS
10
100.8239559999999955
20
-65.159481999999997
11
100.8645229999999913
21
-65.0892189999999999
0
LINE
8
BLACK
6
CONTINUOUS
10
100.8645229999999913
20
-65.0892189999999999
11
100.864537999999996
21
-65.0892029999999977
0
LINE
8
BLACK
6
CONTINUOUS
10
100.864537999999996
20
-65.0892029999999977
11
100.9076469999999972
21
-65.0400470000000013
0
LINE
8
BLACK
6
CONTINUOUS
10
100.9076469999999972
20
-65.0400470000000013
11
104.8962459999999908
21
-61.051446999999996
0
LINE
8
BLACK
6
CONTINUOUS
10
104.8962459999999908
20
-61.051446999999996
11
104.9454099999999954
21
-61.0083309999999983
0
LINE
8
BLACK
6
CONTINUOUS
10
104.9454099999999954
20
-61.0083309999999983
11
104.9454190000000011
21
-61.0083229999999972
0
LINE
8
BLACK
6
CONTINUOUS
10
104.9454190000000011
20
-61.0083229999999972
11
105.0584580000000017
21
-60.9430599999999956
0
LINE
8
BLACK
6
CONTINUOUS
10
105.0584580000000017
20
-60.9430599999999956
11
105.1845369999999917
21
-60.9092769999999959
0
LINE
8
BLACK
6
CONTINUOUS
10
105.1845369999999917
20
-60.9092769999999959
11
105.1845519999999965
21
-60.9092769999999959
0
LINE
8
BLACK
6
CONTINUOUS
10
105.1845519999999965
20
-60.9092769999999959
11
105.2497999999999934
21
-60.904999999999994
0
LINE
8
BLACK
6
CONTINUOUS
10
105.2497999999999934
20
-60.904999999999994
11
108.8277709999999985
21
-60.904999999999994
0
LINE
8
BLACK
6
CONTINUOUS
10
108.8277709999999985
20
-60.904999999999994
11
108.8327919999999978
21
-60.8974849999999961
0
LINE
8
BLACK
6
CONTINUOUS
10
108.8327919999999978
20
-60.8974849999999961
11
108.9436850000000021
21
-60.7865919999999988
0
LINE
8
BLACK
6
CONTINUOUS
10
108.9436850000000021
20
-60.7865919999999988
11
109.0740830000000017
21
-60.6994629999999944
0
LINE
8
BLACK
6
CONTINUOUS
10
109.0740830000000017
20
-60.6994629999999944
11
109.2189719999999937
21
-60.6394479999999945
0
LINE
8
BLACK
6
CONTINUOUS
10
109.2189719999999937
20
-60.6394479999999945
11
109.3727859999999907
21
-60.6088519999999988
0
LINE
8
BLACK
6
CONTINUOUS
10
109.3727859999999907
20
-60.6088519999999988
11
109.5296139999999951
21
-60.6088519999999988
0
LINE
8
BLACK
6
CONTINUOUS
10
109.5296139999999951
20
-60.6088519999999988
11
109.6834279999999922
21
-60.6394479999999945
0
LINE
8
BLACK
6
CONTINUOUS
10
117.3034279999999967
20
-60.6394479999999945
11
117.4483169999999888
21
-60.6994629999999944
0
LINE
8
BLACK
6
CONTINUOUS
10
117.4483169999999888
20
-60.6994629999999944
11
117.5787149999999883
21
-60.7865919999999988
0
LINE
8
BLACK
6
CONTINUOUS
10
117.5787149999999883
20
-60.7865919999999988
11
117.6896079999999927
21
-60.8974849999999961
0
LINE
8
BLACK
6
CONTINUOUS
10
117.6896079999999927
20
-60.8974849999999961
11
117.7767369999999971
21
-61.0278829999999957
0
LINE
8
BLACK
6
CONTINUOUS
10
117.7767369999999971
20
-61.0278829999999957
11
117.8367519999999899
21
-61.1727719999999948
0
LINE
8
BLACK
6
CONTINUOUS
10
117.8367519999999899
20
-61.1727719999999948
11
117.8673479999999927
21
-61.3265859999999989
0
LINE
8
BLACK
6
CONTINUOUS
10
117.8673479999999927
20
-61.3265859999999989
11
117.8673479999999927
21
-61.4834139999999962
0
LINE
8
BLACK
6
CONTINUOUS
10
117.8673479999999927
20
-61.4834139999999962
11
117.8367519999999899
21
-61.6372280000000003
0
LINE
8
BLACK
6
CONTINUOUS
10
117.8367519999999899
20
-61.6372280000000003
11
117.7767369999999971
21
-61.7821169999999995
0
LINE
8
BLACK
6
CONTINUOUS
10
117.7767369999999971
20
-61.7821169999999995
11
117.6896079999999927
21
-61.9125149999999991
0
LINE
8
BLACK
6
CONTINUOUS
10
117.6896079999999927
20
-61.9125149999999991
11
117.5787149999999883
21
-62.0234079999999963
0
LINE
8
BLACK
6
CONTINUOUS
10
117.5787149999999883
20
-62.0234079999999963
11
117.4483169999999888
21
-62.1105369999999937
0
LINE
8
BLACK
6
CONTINUOUS
10
117.4483169999999888
20
-62.1105369999999937
11
117.3034279999999967
21
-62.1705520000000007
0
LINE
8
BLACK
6
CONTINUOUS
10
117.3034279999999967
20
-62.1705520000000007
11
117.1496139999999997
21
-62.2011479999999963
0
LINE
8
BLACK
6
CONTINUOUS
10
117.1496139999999997
20
-62.2011479999999963
11
116.9927859999999953
21
-62.2011479999999963
0
LINE
8
BLACK
6
CONTINUOUS
10
116.9927859999999953
20
-62.2011479999999963
11
116.9839209999999952
21
-62.1993839999999949
0
LINE
8
BLACK
6
CONTINUOUS
10
116.9839209999999952
20
-62.1993839999999949
11
115.3222529999999892
21
-63.8610529999999983
0
LINE
8
BLACK
6
CONTINUOUS
10
115.3222529999999892
20
-63.8610529999999983
11
115.2730959999999953
21
-63.9041609999999949
0
LINE
8
BLACK
6
CONTINUOUS
10
115.2730959999999953
20
-63.9041609999999949
11
115.2730809999999906
21
-63.9041769999999971
0
LINE
8
BLACK
6
CONTINUOUS
10
115.2730809999999906
20
-63.9041769999999971
11
115.16004199999999
21
-63.9694399999999987
0
LINE
8
BLACK
6
CONTINUOUS
10
115.16004199999999
20
-63.9694399999999987
11
115.033963
21
-64.0032229999999913
0
LINE
8
BLACK
6
CONTINUOUS
10
115.033963
20
-64.0032229999999913
11
115.0339479999999952
21
-64.0032229999999913
0
LINE
8
BLACK
6
CONTINUOUS
10
115.0339479999999952
20
-64.0032229999999913
11
114.9686999999999983
21
-64.0074999999999932
0
LINE
8
BLACK
6
CONTINUOUS
10
114.9686999999999983
20
-64.0074999999999932
11
106.2658059999999978
21
-64.0074999999999932
0
LINE
8
BLACK
6
CONTINUOUS
10
106.2658059999999978
20
-64.0074999999999932
11
105.0577529999999911
21
-65.2155529999999999
0
LINE
8
BLACK
6
CONTINUOUS
10
105.0577529999999911
20
-65.2155529999999999
11
104.5475890000000021
21
-65.7257170000000031
0
LINE
8
BLACK
6
CONTINUOUS
10
104.5475890000000021
20
-65.7257170000000031
11
104.5475890000000021
21
-65.8385129999999918
0
LINE
8
BLACK
6
CONTINUOUS
10
104.5475890000000021
20
-65.8385129999999918
11
104.5189049999999895
21
-65.9827140000000014
0
LINE
8
BLACK
6
CONTINUOUS
10
104.5189049999999895
20
-65.9827140000000014
11
104.4626409999999908
21
-66.1185480000000041
0
LINE
8
BLACK
6
CONTINUOUS
10
104.4626409999999908
20
-66.1185480000000041
11
104.3809579999999926
21
-66.2407949999999914
0
LINE
8
BLACK
6
CONTINUOUS
10
104.3809579999999926
20
-66.2407949999999914
11
104.2769949999999994
21
-66.3447579999999988
0
LINE
8
BLACK
6
CONTINUOUS
10
104.2769949999999994
20
-66.3447579999999988
11
104.1547479999999979
21
-66.426440999999997
0
LINE
8
BLACK
6
CONTINUOUS
10
104.1547479999999979
20
-66.426440999999997
11
104.0189139999999952
21
-66.4827049999999957
0
LINE
8
BLACK
6
CONTINUOUS
10
104.0189139999999952
20
-66.4827049999999957
11
103.8747129999999999
21
-66.5113889999999941
0
LINE
8
BLACK
6
CONTINUOUS
10
103.8747129999999999
20
-66.5113889999999941
11
103.7276869999999889
21
-66.5113889999999941
0
LINE
8
BLACK
6
CONTINUOUS
10
103.7276869999999889
20
-66.5113889999999941
11
103.5834859999999935
21
-66.4827049999999957
0
LINE
8
BLACK
6
CONTINUOUS
10
103.5834859999999935
20
-66.4827049999999957
11
103.4476519999999908
21
-66.426440999999997
0
LINE
8
BLACK
6
CONTINUOUS
10
103.4476519999999908
20
-66.426440999999997
11
103.3254049999999893
21
-66.3447579999999988
0
LINE
8
BLACK
6
CONTINUOUS
10
103.3254049999999893
20
-66.3447579999999988
11
103.2214419999999961
21
-66.2407949999999914
0
LINE
8
BLACK
6
CONTINUOUS
10
103.2214419999999961
20
-66.2407949999999914
11
103.139758999999998
21
-66.1185480000000041
0
LINE
8
BLACK
6
CONTINUOUS
10
103.139758999999998
20
-66.1185480000000041
11
103.0834949999999992
21
-65.9827140000000014
0
LINE
8
BLACK
6
CONTINUOUS
10
103.0834949999999992
20
-65.9827140000000014
11
103.0548110000000008
21
-65.8385129999999918
0
LINE
8
BLACK
6
CONTINUOUS
10
103.0548110000000008
20
-65.8385129999999918
11
103.0548110000000008
21
-65.6914869999999951
0
LINE
8
BLACK
6
CONTINUOUS
10
103.0548110000000008
20
-65.6914869999999951
11
103.0834949999999992
21
-65.5472859999999997
0
LINE
8
BLACK
6
CONTINUOUS
10
103.0834949999999992
20
-65.5472859999999997
11
103.139758999999998
21
-65.411451999999997
0
LINE
8
BLACK
6
CONTINUOUS
10
103.139758999999998
20
-65.411451999999997
11
103.2214419999999961
21
-65.2892049999999955
0
LINE
8
BLACK
6
CONTINUOUS
10
103.2214419999999961
20
-65.2892049999999955
11
103.3254049999999893
21
-65.1852420000000023
0
LINE
8
BLACK
6
CONTINUOUS
10
103.3254049999999893
20
-65.1852420000000023
11
103.4476519999999908
21
-65.10355899999999
0
LINE
8
BLACK
6
CONTINUOUS
10
103.4476519999999908
20
-65.10355899999999
11
103.5834859999999935
21
-65.0472949999999912
0
LINE
8
BLACK
6
CONTINUOUS
10
103.5834859999999935
20
-65.0472949999999912
11
103.7276869999999889
21
-65.0186109999999928
0
LINE
8
BLACK
6
CONTINUOUS
10
103.7276869999999889
20
-65.0186109999999928
11
103.8404829999999919
21
-65.0186109999999928
0
LINE
8
BLACK
6
CONTINUOUS
10
103.8404829999999919
20
-65.0186109999999928
11
104.350646999999995
21
-64.5084470000000039
0
LINE
8
BLACK
6
CONTINUOUS
10
104.350646999999995
20
-64.5084470000000039
11
105.7051469999999966
21
-63.1539469999999952
0
LINE
8
BLACK
6
CONTINUOUS
10
105.7051469999999966
20
-63.1539469999999952
11
105.7543099999999896
21
-63.1108309999999975
0
LINE
8
BLACK
6
CONTINUOUS
10
105.7543099999999896
20
-63.1108309999999975
11
105.7543189999999953
21
-63.1108229999999963
0
LINE
8
BLACK
6
CONTINUOUS
10
105.7543189999999953
20
-63.1108229999999963
11
105.8673579999999959
21
-63.0455599999999947
0
LINE
8
BLACK
6
CONTINUOUS
10
105.8673579999999959
20
-63.0455599999999947
11
105.9934370000000001
21
-63.011776999999995
0
LINE
8
BLACK
6
CONTINUOUS
10
105.9934370000000001
20
-63.011776999999995
11
105.9934519999999907
21
-63.011776999999995
0
LINE
8
BLACK
6
CONTINUOUS
10
105.9934519999999907
20
-63.011776999999995
11
106.0587000000000018
21
-63.0075000000000003
0
LINE
8
BLACK
6
CONTINUOUS
10
106.0587000000000018
20
-63.0075000000000003
11
114.7615939999999881
21
-63.0075000000000003
0
LINE
8
BLACK
6
CONTINUOUS
10
114.7615939999999881
20
-63.0075000000000003
11
116.2768149999999991
21
-61.4922779999999989
0
LINE
8
BLACK
6
CONTINUOUS
10
116.2768149999999991
20
-61.4922779999999989
11
116.2750519999999881
21
-61.4834139999999962
0
LINE
8
BLACK
6
CONTINUOUS
10
116.2750519999999881
20
-61.4834139999999962
11
116.2750519999999881
21
-61.3265859999999989
0
LINE
8
BLACK
6
CONTINUOUS
10
116.2750519999999881
20
-61.3265859999999989
11
116.3056479999999908
21
-61.1727719999999948
0
LINE
8
BLACK
6
CONTINUOUS
10
116.3056479999999908
20
-61.1727719999999948
11
116.3656629999999979
21
-61.0278829999999957
0
LINE
8
BLACK
6
CONTINUOUS
10
116.3656629999999979
20
-61.0278829999999957
11
116.4527919999999881
21
-60.8974849999999961
0
LINE
8
BLACK
6
CONTINUOUS
10
116.4527919999999881
20
-60.8974849999999961
11
116.5636849999999924
21
-60.7865919999999988
0
LINE
8
BLACK
6
CONTINUOUS
10
116.5636849999999924
20
-60.7865919999999988
11
116.694082999999992
21
-60.6994629999999944
0
LINE
8
BLACK
6
CONTINUOUS
10
116.694082999999992
20
-60.6994629999999944
11
116.8389719999999983
21
-60.6394479999999945
0
LINE
8
BLACK
6
CONTINUOUS
10
116.8389719999999983
20
-60.6394479999999945
11
116.9927859999999953
21
-60.6088519999999988
0
LINE
8
BLACK
6
CONTINUOUS
10
116.9927859999999953
20
-60.6088519999999988
11
117.1496139999999997
21
-60.6088519999999988
0
LINE
8
BLACK
6
CONTINUOUS
10
117.1496139999999997
20
-60.6088519999999988
11
117.3034279999999967
21
-60.6394479999999945
0
LINE
8
BLACK
6
CONTINUOUS
10
55.5329419999999985
20
-63.0016009999999937
11
55.6868869999999987
21
-63.0653669999999948
0
LINE
8
BLACK
6
CONTINUOUS
10
55.6868869999999987
20
-63.0653669999999948
11
55.8254339999999942
21
-63.1579409999999939
0
LINE
8
BLACK
6
CONTINUOUS
10
55.8254339999999942
20
-63.1579409999999939
11
55.9432589999999976
21
-63.2757659999999973
0
LINE
8
BLACK
6
CONTINUOUS
10
55.9432589999999976
20
-63.2757659999999973
11
56.0358329999999967
21
-63.4143129999999999
0
LINE
8
BLACK
6
CONTINUOUS
10
56.0358329999999967
20
-63.4143129999999999
11
56.0995989999999978
21
-63.5682580000000002
0
LINE
8
BLACK
6
CONTINUOUS
10
56.0995989999999978
20
-63.5682580000000002
11
56.1321069999999978
21
-63.7316849999999988
0
LINE
8
BLACK
6
CONTINUOUS
10
56.1321069999999978
20
-63.7316849999999988
11
56.1321069999999978
21
-63.8983149999999966
0
LINE
8
BLACK
6
CONTINUOUS
10
56.1321069999999978
20
-63.8983149999999966
11
56.0995989999999978
21
-64.0617419999999953
0
LINE
8
BLACK
6
CONTINUOUS
10
56.0995989999999978
20
-64.0617419999999953
11
56.0358329999999967
21
-64.2156870000000026
0
LINE
8
BLACK
6
CONTINUOUS
10
56.0358329999999967
20
-64.2156870000000026
11
55.9432589999999976
21
-64.3542339999999911
0
LINE
8
BLACK
6
CONTINUOUS
10
55.9432589999999976
20
-64.3542339999999911
11
55.8254339999999942
21
-64.4720590000000016
0
LINE
8
BLACK
6
CONTINUOUS
10
55.8254339999999942
20
-64.4720590000000016
11
55.6868869999999987
21
-64.5646330000000006
0
LINE
8
BLACK
6
CONTINUOUS
10
55.6868869999999987
20
-64.5646330000000006
11
55.5329419999999985
21
-64.6283990000000017
0
LINE
8
BLACK
6
CONTINUOUS
10
55.5329419999999985
20
-64.6283990000000017
11
55.3695149999999998
21
-64.6609069999999946
0
LINE
8
BLACK
6
CONTINUOUS
10
55.3695149999999998
20
-64.6609069999999946
11
55.2028849999999949
21
-64.6609069999999946
0
LINE
8
BLACK
6
CONTINUOUS
10
55.2028849999999949
20
-64.6609069999999946
11
55.0394579999999962
21
-64.6283990000000017
0
LINE
8
BLACK
6
CONTINUOUS
10
55.0394579999999962
20
-64.6283990000000017
11
54.885512999999996
21
-64.5646330000000006
0
LINE
8
BLACK
6
CONTINUOUS
10
54.885512999999996
20
-64.5646330000000006
11
54.7469660000000005
21
-64.4720590000000016
0
LINE
8
BLACK
6
CONTINUOUS
10
54.7469660000000005
20
-64.4720590000000016
11
54.6291409999999971
21
-64.3542339999999911
0
LINE
8
BLACK
6
CONTINUOUS
10
54.6291409999999971
20
-64.3542339999999911
11
54.536566999999998
21
-64.2156870000000026
0
LINE
8
BLACK
6
CONTINUOUS
10
54.536566999999998
20
-64.2156870000000026
11
54.4728009999999969
21
-64.0617419999999953
0
LINE
8
BLACK
6
CONTINUOUS
10
54.4728009999999969
20
-64.0617419999999953
11
54.4402929999999969
21
-63.8983149999999966
0
LINE
8
BLACK
6
CONTINUOUS
10
54.4402929999999969
20
-63.8983149999999966
11
54.4402929999999969
21
-63.7316849999999988
0
LINE
8
BLACK
6
CONTINUOUS
10
54.4402929999999969
20
-63.7316849999999988
11
54.4728009999999969
21
-63.5682580000000002
0
LINE
8
BLACK
6
CONTINUOUS
10
54.4728009999999969
20
-63.5682580000000002
11
54.536566999999998
21
-63.4143129999999999
0
LINE
8
BLACK
6
CONTINUOUS
10
54.536566999999998
20
-63.4143129999999999
11
54.6291409999999971
21
-63.2757659999999973
0
LINE
8
BLACK
6
CONTINUOUS
10
54.6291409999999971
20
-63.2757659999999973
11
54.7469660000000005
21
-63.1579409999999939
0
LINE
8
BLACK
6
CONTINUOUS
10
54.7469660000000005
20
-63.1579409999999939
11
54.885512999999996
21
-63.0653669999999948
0
LINE
8
BLACK
6
CONTINUOUS
10
54.885512999999996
20
-63.0653669999999948
11
55.0394579999999962
21
-63.0016009999999937
0
LINE
8
BLACK
6
CONTINUOUS
10
55.0394579999999962
20
-63.0016009999999937
11
55.2028849999999949
21
-62.9690929999999938
0
LINE
8
BLACK
6
CONTINUOUS
10
55.2028849999999949
20
-62.9690929999999938
11
55.3695149999999998
21
-62.9690929999999938
0
LINE
8
BLACK
6
CONTINUOUS
10
55.3695149999999998
20
-62.9690929999999938
11
55.5329419999999985
21
-63.0016009999999937
0
LINE
8
BLACK
6
CONTINUOUS
10
83.9329419999999971
20
-63.0016009999999937
11
84.0868869999999902
21
-63.0653669999999948
0
LINE
8
BLACK
6
CONTINUOUS
10
84.0868869999999902
20
-63.0653669999999948
11
84.2254339999999928
21
-63.1579409999999939
0
LINE
8
BLACK
6
CONTINUOUS
10
84.2254339999999928
20
-63.1579409999999939
11
84.3432589999999891
21
-63.2757659999999973
0
LINE
8
BLACK
6
CONTINUOUS
10
84.3432589999999891
20
-63.2757659999999973
11
84.4358330000000024
21
-63.4143129999999999
0
LINE
8
BLACK
6
CONTINUOUS
10
84.4358330000000024
20
-63.4143129999999999
11
84.4995989999999892
21
-63.5682580000000002
0
LINE
8
BLACK
6
CONTINUOUS
10
84.4995989999999892
20
-63.5682580000000002
11
84.5321069999999963
21
-63.7316849999999988
0
LINE
8
BLACK
6
CONTINUOUS
10
84.5321069999999963
20
-63.7316849999999988
11
84.5321069999999963
21
-63.8983149999999966
0
LINE
8
BLACK
6
CONTINUOUS
10
84.5321069999999963
20
-63.8983149999999966
11
84.4995989999999892
21
-64.0617419999999953
0
LINE
8
BLACK
6
CONTINUOUS
10
84.4995989999999892
20
-64.0617419999999953
11
84.4358330000000024
21
-64.2156870000000026
0
LINE
8
BLACK
6
CONTINUOUS
10
84.4358330000000024
20
-64.2156870000000026
11
84.3432589999999891
21
-64.3542339999999911
0
LINE
8
BLACK
6
CONTINUOUS
10
84.3432589999999891
20
-64.3542339999999911
11
84.2254339999999928
21
-64.4720590000000016
0
LINE
8
BLACK
6
CONTINUOUS
10
84.2254339999999928
20
-64.4720590000000016
11
84.0868869999999902
21
-64.5646330000000006
0
LINE
8
BLACK
6
CONTINUOUS
10
84.0868869999999902
20
-64.5646330000000006
11
83.9329419999999971
21
-64.6283990000000017
0
LINE
8
BLACK
6
CONTINUOUS
10
83.9329419999999971
20
-64.6283990000000017
11
83.7695149999999984
21
-64.6609069999999946
0
LINE
8
BLACK
6
CONTINUOUS
10
83.7695149999999984
20
-64.6609069999999946
11
83.6028850000000006
21
-64.6609069999999946
0
LINE
8
BLACK
6
CONTINUOUS
10
83.6028850000000006
20
-64.6609069999999946
11
83.4394580000000019
21
-64.6283990000000017
0
LINE
8
BLACK
6
CONTINUOUS
10
83.4394580000000019
20
-64.6283990000000017
11
83.2855129999999946
21
-64.5646330000000006
0
LINE
8
BLACK
6
CONTINUOUS
10
83.2855129999999946
20
-64.5646330000000006
11
83.1469659999999919
21
-64.4720590000000016
0
LINE
8
BLACK
6
CONTINUOUS
10
83.1469659999999919
20
-64.4720590000000016
11
83.0291409999999956
21
-64.3542339999999911
0
LINE
8
BLACK
6
CONTINUOUS
10
83.0291409999999956
20
-64.3542339999999911
11
82.9365669999999966
21
-64.2156870000000026
0
LINE
8
BLACK
6
CONTINUOUS
10
82.9365669999999966
20
-64.2156870000000026
11
82.8728009999999955
21
-64.0617419999999953
0
LINE
8
BLACK
6
CONTINUOUS
10
82.8728009999999955
20
-64.0617419999999953
11
82.8402930000000026
21
-63.8983149999999966
0
LINE
8
BLACK
6
CONTINUOUS
10
82.8402930000000026
20
-63.8983149999999966
11
82.8402930000000026
21
-63.7316849999999988
0
LINE
8
BLACK
6
CONTINUOUS
10
82.8402930000000026
20
-63.7316849999999988
11
82.8728009999999955
21
-63.5682580000000002
0
LINE
8
BLACK
6
CONTINUOUS
10
82.8728009999999955
20
-63.5682580000000002
11
82.9365669999999966
21
-63.4143129999999999
0
LINE
8
BLACK
6
CONTINUOUS
10
82.9365669999999966
20
-63.4143129999999999
11
83.0291409999999956
21
-63.2757659999999973
0
LINE
8
BLACK
6
CONTINUOUS
10
83.0291409999999956
20
-63.2757659999999973
11
83.1469659999999919
21
-63.1579409999999939
0
LINE
8
BLACK
6
CONTINUOUS
10
83.1469659999999919
20
-63.1579409999999939
11
83.2855129999999946
21
-63.0653669999999948
0
LINE
8
BLACK
6
CONTINUOUS
10
83.2855129999999946
20
-63.0653669999999948
11
83.4394580000000019
21
-63.0016009999999937
0
LINE
8
BLACK
6
CONTINUOUS
10
83.4394580000000019
20
-63.0016009999999937
11
83.6028850000000006
21
-62.9690929999999938
0
LINE
8
BLACK
6
CONTINUOUS
10
83.6028850000000006
20
-62.9690929999999938
11
83.7695149999999984
21
-62.9690929999999938
0
LINE
8
BLACK
6
CONTINUOUS
10
83.7695149999999984
20
-62.9690929999999938
11
83.9329419999999971
21
-63.0016009999999937
0
LINE
8
BLACK
6
CONTINUOUS
10
55.5329419999999985
20
-60.4616009999999946
11
55.6868869999999987
21
-60.5253669999999957
0
LINE
8
BLACK
6
CONTINUOUS
10
55.6868869999999987
20
-60.5253669999999957
11
55.8254339999999942
21
-60.6179409999999947
0
LINE
8
BLACK
6
CONTINUOUS
10
55.8254339999999942
20
-60.6179409999999947
11
55.9432589999999976
21
-60.7357659999999981
0
LINE
8
BLACK
6
CONTINUOUS
10
55.9432589999999976
20
-60.7357659999999981
11
56.0358329999999967
21
-60.8743130000000008
0
LINE
8
BLACK
6
CONTINUOUS
10
56.0358329999999967
20
-60.8743130000000008
11
56.0995989999999978
21
-61.0282579999999939
0
LINE
8
BLACK
6
CONTINUOUS
10
56.0995989999999978
20
-61.0282579999999939
11
56.1321069999999978
21
-61.1916849999999997
0
LINE
8
BLACK
6
CONTINUOUS
10
56.1321069999999978
20
-61.1916849999999997
11
56.1321069999999978
21
-61.3583149999999975
0
LINE
8
BLACK
6
CONTINUOUS
10
56.1321069999999978
20
-61.3583149999999975
11
56.0995989999999978
21
-61.5217419999999962
0
LINE
8
BLACK
6
CONTINUOUS
10
56.0995989999999978
20
-61.5217419999999962
11
56.0358329999999967
21
-61.6756869999999964
0
LINE
8
BLACK
6
CONTINUOUS
10
56.0358329999999967
20
-61.6756869999999964
11
55.9432589999999976
21
-61.814233999999999
0
LINE
8
BLACK
6
CONTINUOUS
10
55.9432589999999976
20
-61.814233999999999
11
55.8254339999999942
21
-61.9320589999999953
0
LINE
8
BLACK
6
CONTINUOUS
10
55.8254339999999942
20
-61.9320589999999953
11
55.6868869999999987
21
-62.0246329999999944
0
LINE
8
BLACK
6
CONTINUOUS
10
55.6868869999999987
20
-62.0246329999999944
11
55.5329419999999985
21
-62.0883989999999955
0
LINE
8
BLACK
6
CONTINUOUS
10
55.5329419999999985
20
-62.0883989999999955
11
55.3695149999999998
21
-62.1209069999999954
0
LINE
8
BLACK
6
CONTINUOUS
10
55.3695149999999998
20
-62.1209069999999954
11
55.2028849999999949
21
-62.1209069999999954
0
LINE
8
BLACK
6
CONTINUOUS
10
55.2028849999999949
20
-62.1209069999999954
11
55.0394579999999962
21
-62.0883989999999955
0
LINE
8
BLACK
6
CONTINUOUS
10
55.0394579999999962
20
-62.0883989999999955
11
54.885512999999996
21
-62.0246329999999944
0
LINE
8
BLACK
6
CONTINUOUS
10
54.885512999999996
20
-62.0246329999999944
11
54.7469660000000005
21
-61.9320589999999953
0
LINE
8
BLACK
6
CONTINUOUS
10
54.7469660000000005
20
-61.9320589999999953
11
54.6291409999999971
21
-61.814233999999999
0
LINE
8
BLACK
6
CONTINUOUS
10
54.6291409999999971
20
-61.814233999999999
11
54.536566999999998
21
-61.6756869999999964
0
LINE
8
BLACK
6
CONTINUOUS
10
54.536566999999998
20
-61.6756869999999964
11
54.4728009999999969
21
-61.5217419999999962
0
LINE
8
BLACK
6
CONTINUOUS
10
54.4728009999999969
20
-61.5217419999999962
11
54.4402929999999969
21
-61.3583149999999975
0
LINE
8
BLACK
6
CONTINUOUS
10
54.4402929999999969
20
-61.3583149999999975
11
54.4402929999999969
21
-61.1916849999999997
0
LINE
8
BLACK
6
CONTINUOUS
10
54.4402929999999969
20
-61.1916849999999997
11
54.4728009999999969
21
-61.0282579999999939
0
LINE
8
BLACK
6
CONTINUOUS
10
54.4728009999999969
20
-61.0282579999999939
11
54.536566999999998
21
-60.8743130000000008
0
LINE
8
BLACK
6
CONTINUOUS
10
54.536566999999998
20
-60.8743130000000008
11
54.6291409999999971
21
-60.7357659999999981
0
LINE
8
BLACK
6
CONTINUOUS
10
54.6291409999999971
20
-60.7357659999999981
11
54.7469660000000005
21
-60.6179409999999947
0
LINE
8
BLACK
6
CONTINUOUS
10
54.7469660000000005
20
-60.6179409999999947
11
54.885512999999996
21
-60.5253669999999957
0
LINE
8
BLACK
6
CONTINUOUS
10
54.885512999999996
20
-60.5253669999999957
11
55.0394579999999962
21
-60.4616009999999946
0
LINE
8
BLACK
6
CONTINUOUS
10
55.0394579999999962
20
-60.4616009999999946
11
55.2028849999999949
21
-60.4290929999999946
0
LINE
8
BLACK
6
CONTINUOUS
10
55.2028849999999949
20
-60.4290929999999946
11
55.3695149999999998
21
-60.4290929999999946
0
LINE
8
BLACK
6
CONTINUOUS
10
55.3695149999999998
20
-60.4290929999999946
11
55.5329419999999985
21
-60.4616009999999946
0
LINE
8
BLACK
6
CONTINUOUS
10
83.9329419999999971
20
-60.4616009999999946
11
84.0868869999999902
21
-60.5253669999999957
0
LINE
8
BLACK
6
CONTINUOUS
10
84.0868869999999902
20
-60.5253669999999957
11
84.2254339999999928
21
-60.6179409999999947
0
LINE
8
BLACK
6
CONTINUOUS
10
84.2254339999999928
20
-60.6179409999999947
11
84.3432589999999891
21
-60.7357659999999981
0
LINE
8
BLACK
6
CONTINUOUS
10
84.3432589999999891
20
-60.7357659999999981
11
84.4358330000000024
21
-60.8743130000000008
0
LINE
8
BLACK
6
CONTINUOUS
10
84.4358330000000024
20
-60.8743130000000008
11
84.4995989999999892
21
-61.0282579999999939
0
LINE
8
BLACK
6
CONTINUOUS
10
84.4995989999999892
20
-61.0282579999999939
11
84.5321069999999963
21
-61.1916849999999997
0
LINE
8
BLACK
6
CONTINUOUS
10
84.5321069999999963
20
-61.1916849999999997
11
84.5321069999999963
21
-61.3583149999999975
0
LINE
8
BLACK
6
CONTINUOUS
10
84.5321069999999963
20
-61.3583149999999975
11
84.4995989999999892
21
-61.5217419999999962
0
LINE
8
BLACK
6
CONTINUOUS
10
84.4995989999999892
20
-61.5217419999999962
11
84.4358330000000024
21
-61.6756869999999964
0
LINE
8
BLACK
6
CONTINUOUS
10
84.4358330000000024
20
-61.6756869999999964
11
84.3432589999999891
21
-61.814233999999999
0
LINE
8
BLACK
6
CONTINUOUS
10
84.3432589999999891
20
-61.814233999999999
11
84.2254339999999928
21
-61.9320589999999953
0
LINE
8
BLACK
6
CONTINUOUS
10
84.2254339999999928
20
-61.9320589999999953
11
84.0868869999999902
21
-62.0246329999999944
0
LINE
8
BLACK
6
CONTINUOUS
10
84.0868869999999902
20
-62.0246329999999944
11
83.9329419999999971
21
-62.0883989999999955
0
LINE
8
BLACK
6
CONTINUOUS
10
83.9329419999999971
20
-62.0883989999999955
11
83.7695149999999984
21
-62.1209069999999954
0
LINE
8
BLACK
6
CONTINUOUS
10
83.7695149999999984
20
-62.1209069999999954
11
83.6028850000000006
21
-62.1209069999999954
0
LINE
8
BLACK
6
CONTINUOUS
10
83.6028850000000006
20
-62.1209069999999954
11
83.4394580000000019
21
-62.0883989999999955
0
LINE
8
BLACK
6
CONTINUOUS
10
83.4394580000000019
20
-62.0883989999999955
11
83.2855129999999946
21
-62.0246329999999944
0
LINE
8
BLACK
6
CONTINUOUS
10
83.2855129999999946
20
-62.0246329999999944
11
83.1469659999999919
21
-61.9320589999999953
0
LINE
8
BLACK
6
CONTINUOUS
10
83.1469659999999919
20
-61.9320589999999953
11
83.0291409999999956
21
-61.814233999999999
0
LINE
8
BLACK
6
CONTINUOUS
10
83.0291409999999956
20
-61.814233999999999
11
82.9365669999999966
21
-61.6756869999999964
0
LINE
8
BLACK
6
CONTINUOUS
10
82.9365669999999966
20
-61.6756869999999964
11
82.8728009999999955
21
-61.5217419999999962
0
LINE
8
BLACK
6
CONTINUOUS
10
82.8728009999999955
20
-61.5217419999999962
11
82.8402930000000026
21
-61.3583149999999975
0
LINE
8
BLACK
6
CONTINUOUS
10
82.8402930000000026
20
-61.3583149999999975
11
82.8402930000000026
21
-61.1916849999999997
0
LINE
8
BLACK
6
CONTINUOUS
10
82.8402930000000026
20
-61.1916849999999997
11
82.8728009999999955
21
-61.0282579999999939
0
LINE
8
BLACK
6
CONTINUOUS
10
82.8728009999999955
20
-61.0282579999999939
11
82.9365669999999966
21
-60.8743130000000008
0
LINE
8
BLACK
6
CONTINUOUS
10
82.9365669999999966
20
-60.8743130000000008
11
83.0291409999999956
21
-60.7357659999999981
0
LINE
8
BLACK
6
CONTINUOUS
10
83.0291409999999956
20
-60.7357659999999981
11
83.1469659999999919
21
-60.6179409999999947
0
LINE
8
BLACK
6
CONTINUOUS
10
83.1469659999999919
20
-60.6179409999999947
11
83.2855129999999946
21
-60.5253669999999957
0
LINE
8
BLACK
6
CONTINUOUS
10
83.2855129999999946
20
-60.5253669999999957
11
83.4394580000000019
21
-60.4616009999999946
0
LINE
8
BLACK
6
CONTINUOUS
10
83.4394580000000019
20
-60.4616009999999946
11
83.6028850000000006
21
-60.4290929999999946
0
LINE
8
BLACK
6
CONTINUOUS
10
83.6028850000000006
20
-60.4290929999999946
11
83.7695149999999984
21
-60.4290929999999946
0
LINE
8
BLACK
6
CONTINUOUS
10
83.7695149999999984
20
-60.4290929999999946
11
83.9329419999999971
21
-60.4616009999999946
0
LINE
8
BLACK
6
CONTINUOUS
10
99.6100229999999982
20
-50.4531599999999969
11
99.6423249999999996
21
-50.4554709999999957
0
LINE
8
BLACK
6
CONTINUOUS
10
99.6423249999999996
20
-50.4554709999999957
11
99.6445269999999965
21
-50.4571189999999987
0
LINE
8
BLACK
6
CONTINUOUS
10
99.6445269999999965
20
-50.4571189999999987
11
99.6472589999999911
21
-50.4574329999999946
0
LINE
8
BLACK
6
CONTINUOUS
10
99.6472589999999911
20
-50.4574329999999946
11
99.6723329999999947
21
-50.4779349999999951
0
LINE
8
BLACK
6
CONTINUOUS
10
99.6723329999999947
20
-50.4779349999999951
11
99.6982579999999956
21
-50.4973430000000008
0
LINE
8
BLACK
6
CONTINUOUS
10
99.6982579999999956
20
-50.4973430000000008
11
99.6998689999999925
21
-50.5004509999999982
0
LINE
8
BLACK
6
CONTINUOUS
10
99.6998689999999925
20
-50.5004509999999982
11
99.7013479999999959
21
-50.5016600000000011
0
LINE
8
BLACK
6
CONTINUOUS
10
99.7013479999999959
20
-50.5016600000000011
11
99.7169209999999993
21
-50.5333329999999989
0
LINE
8
BLACK
6
CONTINUOUS
10
99.7169209999999993
20
-50.5333329999999989
11
99.7316199999999924
21
-50.5785720000000012
0
LINE
8
BLACK
6
CONTINUOUS
10
99.7316199999999924
20
-50.5785720000000012
11
99.8011240000000015
21
-50.714977999999995
0
LINE
8
BLACK
6
CONTINUOUS
10
99.8011240000000015
20
-50.714977999999995
11
99.8495659999999958
21
-50.8100509999999943
0
LINE
8
BLACK
6
CONTINUOUS
10
99.8495659999999958
20
-50.8100509999999943
11
100.0022689999999983
21
-51.0202290000000005
0
LINE
8
BLACK
6
CONTINUOUS
10
100.0022689999999983
20
-51.0202290000000005
11
100.185970999999995
21
-51.2039309999999972
0
LINE
8
BLACK
6
CONTINUOUS
10
100.185970999999995
20
-51.2039309999999972
11
100.3961489999999941
21
-51.3566339999999997
0
LINE
8
BLACK
6
CONTINUOUS
10
100.3961489999999941
20
-51.3566339999999997
11
100.5262850000000014
21
-51.422941999999999
0
LINE
8
BLACK
6
CONTINUOUS
10
100.5262850000000014
20
-51.422941999999999
11
100.6276229999999998
21
-51.4745769999999965
0
LINE
8
BLACK
6
CONTINUOUS
10
100.6276229999999998
20
-51.4745769999999965
11
100.6276249999999948
21
-51.4745769999999965
0
LINE
8
BLACK
6
CONTINUOUS
10
100.6276249999999948
20
-51.4745769999999965
11
100.6276280000000014
21
-51.4745789999999985
0
LINE
8
BLACK
6
CONTINUOUS
10
100.6276280000000014
20
-51.4745789999999985
11
100.8747070000000008
21
-51.5548599999999979
0
LINE
8
BLACK
6
CONTINUOUS
10
100.8747070000000008
20
-51.5548599999999979
11
101.0069060000000007
21
-51.5757969999999943
0
LINE
8
BLACK
6
CONTINUOUS
10
101.0069060000000007
20
-51.5757969999999943
11
101.131298000000001
21
-51.5954999999999941
0
LINE
8
BLACK
6
CONTINUOUS
10
101.131298000000001
20
-51.5954999999999941
11
101.1313029999999884
21
-51.5954999999999941
0
LINE
8
BLACK
6
CONTINUOUS
10
101.1313029999999884
20
-51.5954999999999941
11
101.3911019999999894
21
-51.5954999999999941
0
LINE
8
BLACK
6
CONTINUOUS
10
101.3911019999999894
20
-51.5954999999999941
11
101.5044979999999981
21
-51.5775389999999945
0
LINE
8
BLACK
6
CONTINUOUS
10
101.5044979999999981
20
-51.5775389999999945
11
101.6476929999999896
21
-51.5548599999999979
0
LINE
8
BLACK
6
CONTINUOUS
10
101.6476929999999896
20
-51.5548599999999979
11
101.894771999999989
21
-51.4745789999999985
0
LINE
8
BLACK
6
CONTINUOUS
10
101.894771999999989
20
-51.4745789999999985
11
101.9708049999999986
21
-51.4358369999999994
0
LINE
8
BLACK
6
CONTINUOUS
10
101.9708049999999986
20
-51.4358369999999994
11
102.0394739999999985
21
-51.422941999999999
0
LINE
8
BLACK
6
CONTINUOUS
10
102.0394739999999985
20
-51.422941999999999
11
102.1042139999999989
21
-51.4492179999999948
0
LINE
8
BLACK
6
CONTINUOUS
10
102.1042139999999989
20
-51.4492179999999948
11
102.1444719999999933
21
-51.5063239999999993
0
LINE
8
BLACK
6
CONTINUOUS
10
102.1444719999999933
20
-51.5063239999999993
11
102.1510999999999996
21
-51.546323000000001
0
LINE
8
BLACK
6
CONTINUOUS
10
102.1510999999999996
20
-51.546323000000001
11
102.1510999999999996
21
-57.1499529999999965
0
LINE
8
BLACK
6
CONTINUOUS
10
102.1510999999999996
20
-57.1499529999999965
11
102.1314149999999898
21
-57.2169919999999976
0
LINE
8
BLACK
6
CONTINUOUS
10
102.1314149999999898
20
-57.2169919999999976
11
102.1147809999999936
21
-57.2376339999999999
0
LINE
8
BLACK
6
CONTINUOUS
10
102.1147809999999936
20
-57.2376339999999999
11
98.106080999999989
21
-61.2463339999999974
0
LINE
8
BLACK
6
CONTINUOUS
10
98.106080999999989
20
-61.2463339999999974
11
98.0447580000000016
21
-61.2798189999999963
0
LINE
8
BLACK
6
CONTINUOUS
10
98.0447580000000016
20
-61.2798189999999963
11
97.9750659999999982
21
-61.2748349999999959
0
LINE
8
BLACK
6
CONTINUOUS
10
97.9750659999999982
20
-61.2748349999999959
11
97.9191330000000022
21
-61.232962999999998
0
LINE
8
BLACK
6
CONTINUOUS
10
97.9191330000000022
20
-61.232962999999998
11
97.8947160000000025
21
-61.1674989999999994
0
LINE
8
BLACK
6
CONTINUOUS
10
97.8947160000000025
20
-61.1674989999999994
11
97.8943999999999903
21
-61.1586529999999939
0
LINE
8
BLACK
6
CONTINUOUS
10
97.8943999999999903
20
-61.1586529999999939
11
97.8943999999999903
21
-52.1522450000000006
0
LINE
8
BLACK
6
CONTINUOUS
10
97.8943999999999903
20
-52.1522450000000006
11
97.914085
21
-52.0852059999999994
0
LINE
8
BLACK
6
CONTINUOUS
10
97.914085
20
-52.0852059999999994
11
97.9307139999999947
21
-52.0645689999999988
0
LINE
8
BLACK
6
CONTINUOUS
10
97.9307139999999947
20
-52.0645689999999988
11
99.5113119999999896
21
-50.4839699999999993
0
LINE
8
BLACK
6
CONTINUOUS
10
99.5113119999999896
20
-50.4839699999999993
11
99.5137229999999988
21
-50.4826529999999991
0
LINE
8
BLACK
6
CONTINUOUS
10
99.5137229999999988
20
-50.4826529999999991
11
99.5151439999999923
21
-50.4802989999999951
0
LINE
8
BLACK
6
CONTINUOUS
10
99.5151439999999923
20
-50.4802989999999951
11
99.5442120000000017
21
-50.4660049999999956
0
LINE
8
BLACK
6
CONTINUOUS
10
99.5442120000000017
20
-50.4660049999999956
11
99.5726329999999962
21
-50.4504869999999954
0
LINE
8
BLACK
6
CONTINUOUS
10
99.5726329999999962
20
-50.4504869999999954
11
99.5753739999999965
21
-50.4506829999999979
0
LINE
8
BLACK
6
CONTINUOUS
10
99.5753739999999965
20
-50.4506829999999979
11
99.5778439999999989
21
-50.4494690000000006
0
LINE
8
BLACK
6
CONTINUOUS
10
99.5778439999999989
20
-50.4494690000000006
11
99.6100229999999982
21
-50.4531599999999969
0
LINE
8
BLACK
6
CONTINUOUS
10
55.5329419999999985
20
-57.9216009999999955
11
55.6868869999999987
21
-57.9853669999999966
0
LINE
8
BLACK
6
CONTINUOUS
10
55.6868869999999987
20
-57.9853669999999966
11
55.8254339999999942
21
-58.0779409999999956
0
LINE
8
BLACK
6
CONTINUOUS
10
55.8254339999999942
20
-58.0779409999999956
11
55.9432589999999976
21
-58.195765999999999
0
LINE
8
BLACK
6
CONTINUOUS
10
55.9432589999999976
20
-58.195765999999999
11
56.0358329999999967
21
-58.3343129999999945
0
LINE
8
BLACK
6
CONTINUOUS
10
56.0358329999999967
20
-58.3343129999999945
11
56.0995989999999978
21
-58.4882579999999948
0
LINE
8
BLACK
6
CONTINUOUS
10
56.0995989999999978
20
-58.4882579999999948
11
56.1321069999999978
21
-58.6516850000000005
0
LINE
8
BLACK
6
CONTINUOUS
10
56.1321069999999978
20
-58.6516850000000005
11
56.1321069999999978
21
-58.8183149999999983
0
LINE
8
BLACK
6
CONTINUOUS
10
56.1321069999999978
20
-58.8183149999999983
11
56.0995989999999978
21
-58.981741999999997
0
LINE
8
BLACK
6
CONTINUOUS
10
56.0995989999999978
20
-58.981741999999997
11
56.0358329999999967
21
-59.1356869999999972
0
LINE
8
BLACK
6
CONTINUOUS
10
56.0358329999999967
20
-59.1356869999999972
11
55.9432589999999976
21
-59.2742339999999999
0
LINE
8
BLACK
6
CONTINUOUS
10
55.9432589999999976
20
-59.2742339999999999
11
55.8254339999999942
21
-59.3920589999999962
0
LINE
8
BLACK
6
CONTINUOUS
10
55.8254339999999942
20
-59.3920589999999962
11
55.6868869999999987
21
-59.4846329999999952
0
LINE
8
BLACK
6
CONTINUOUS
10
55.6868869999999987
20
-59.4846329999999952
11
55.5329419999999985
21
-59.5483989999999963
0
LINE
8
BLACK
6
CONTINUOUS
10
55.5329419999999985
20
-59.5483989999999963
11
55.3695149999999998
21
-59.5809069999999963
0
LINE
8
BLACK
6
CONTINUOUS
10
55.3695149999999998
20
-59.5809069999999963
11
55.2028849999999949
21
-59.5809069999999963
0
LINE
8
BLACK
6
CONTINUOUS
10
55.2028849999999949
20
-59.5809069999999963
11
55.0394579999999962
21
-59.5483989999999963
0
LINE
8
BLACK
6
CONTINUOUS
10
55.0394579999999962
20
-59.5483989999999963
11
54.885512999999996
21
-59.4846329999999952
0
LINE
8
BLACK
6
CONTINUOUS
10
54.885512999999996
20
-59.4846329999999952
11
54.7469660000000005
21
-59.3920589999999962
0
LINE
8
BLACK
6
CONTINUOUS
10
54.7469660000000005
20
-59.3920589999999962
11
54.6291409999999971
21
-59.2742339999999999
0
LINE
8
BLACK
6
CONTINUOUS
10
54.6291409999999971
20
-59.2742339999999999
11
54.536566999999998
21
-59.1356869999999972
0
LINE
8
BLACK
6
CONTINUOUS
10
54.536566999999998
20
-59.1356869999999972
11
54.4728009999999969
21
-58.981741999999997
0
LINE
8
BLACK
6
CONTINUOUS
10
54.4728009999999969
20
-58.981741999999997
11
54.4402929999999969
21
-58.8183149999999983
0
LINE
8
BLACK
6
CONTINUOUS
10
54.4402929999999969
20
-58.8183149999999983
11
54.4402929999999969
21
-58.6516850000000005
0
LINE
8
BLACK
6
CONTINUOUS
10
54.4402929999999969
20
-58.6516850000000005
11
54.4728009999999969
21
-58.4882579999999948
0
LINE
8
BLACK
6
CONTINUOUS
10
54.4728009999999969
20
-58.4882579999999948
11
54.536566999999998
21
-58.3343129999999945
0
LINE
8
BLACK
6
CONTINUOUS
10
54.536566999999998
20
-58.3343129999999945
11
54.6291409999999971
21
-58.195765999999999
0
LINE
8
BLACK
6
CONTINUOUS
10
54.6291409999999971
20
-58.195765999999999
11
54.7469660000000005
21
-58.0779409999999956
0
LINE
8
BLACK
6
CONTINUOUS
10
54.7469660000000005
20
-58.0779409999999956
11
54.885512999999996
21
-57.9853669999999966
0
LINE
8
BLACK
6
CONTINUOUS
10
54.885512999999996
20
-57.9853669999999966
11
55.0394579999999962
21
-57.9216009999999955
0
LINE
8
BLACK
6
CONTINUOUS
10
55.0394579999999962
20
-57.9216009999999955
11
55.2028849999999949
21
-57.8890929999999955
0
LINE
8
BLACK
6
CONTINUOUS
10
55.2028849999999949
20
-57.8890929999999955
11
55.3695149999999998
21
-57.8890929999999955
0
LINE
8
BLACK
6
CONTINUOUS
10
55.3695149999999998
20
-57.8890929999999955
11
55.5329419999999985
21
-57.9216009999999955
0
LINE
8
BLACK
6
CONTINUOUS
10
83.9329419999999971
20
-57.9216009999999955
11
84.0868869999999902
21
-57.9853669999999966
0
LINE
8
BLACK
6
CONTINUOUS
10
84.0868869999999902
20
-57.9853669999999966
11
84.2254339999999928
21
-58.0779409999999956
0
LINE
8
BLACK
6
CONTINUOUS
10
84.2254339999999928
20
-58.0779409999999956
11
84.3432589999999891
21
-58.195765999999999
0
LINE
8
BLACK
6
CONTINUOUS
10
84.3432589999999891
20
-58.195765999999999
11
84.4358330000000024
21
-58.3343129999999945
0
LINE
8
BLACK
6
CONTINUOUS
10
84.4358330000000024
20
-58.3343129999999945
11
84.4995989999999892
21
-58.4882579999999948
0
LINE
8
BLACK
6
CONTINUOUS
10
84.4995989999999892
20
-58.4882579999999948
11
84.5321069999999963
21
-58.6516850000000005
0
LINE
8
BLACK
6
CONTINUOUS
10
84.5321069999999963
20
-58.6516850000000005
11
84.5321069999999963
21
-58.8183149999999983
0
LINE
8
BLACK
6
CONTINUOUS
10
84.5321069999999963
20
-58.8183149999999983
11
84.4995989999999892
21
-58.981741999999997
0
LINE
8
BLACK
6
CONTINUOUS
10
84.4995989999999892
20
-58.981741999999997
11
84.4358330000000024
21
-59.1356869999999972
0
LINE
8
BLACK
6
CONTINUOUS
10
84.4358330000000024
20
-59.1356869999999972
11
84.3432589999999891
21
-59.2742339999999999
0
LINE
8
BLACK
6
CONTINUOUS
10
84.3432589999999891
20
-59.2742339999999999
11
84.2254339999999928
21
-59.3920589999999962
0
LINE
8
BLACK
6
CONTINUOUS
10
84.2254339999999928
20
-59.3920589999999962
11
84.0868869999999902
21
-59.4846329999999952
0
LINE
8
BLACK
6
CONTINUOUS
10
84.0868869999999902
20
-59.4846329999999952
11
83.9329419999999971
21
-59.5483989999999963
0
LINE
8
BLACK
6
CONTINUOUS
10
83.9329419999999971
20
-59.5483989999999963
11
83.7695149999999984
21
-59.5809069999999963
0
LINE
8
BLACK
6
CONTINUOUS
10
83.7695149999999984
20
-59.5809069999999963
11
83.6028850000000006
21
-59.5809069999999963
0
LINE
8
BLACK
6
CONTINUOUS
10
83.6028850000000006
20
-59.5809069999999963
11
83.4394580000000019
21
-59.5483989999999963
0
LINE
8
BLACK
6
CONTINUOUS
10
83.4394580000000019
20
-59.5483989999999963
11
83.2855129999999946
21
-59.4846329999999952
0
LINE
8
BLACK
6
CONTINUOUS
10
83.2855129999999946
20
-59.4846329999999952
11
83.1469659999999919
21
-59.3920589999999962
0
LINE
8
BLACK
6
CONTINUOUS
10
83.1469659999999919
20
-59.3920589999999962
11
83.0291409999999956
21
-59.2742339999999999
0
LINE
8
BLACK
6
CONTINUOUS
10
83.0291409999999956
20
-59.2742339999999999
11
82.9365669999999966
21
-59.1356869999999972
0
LINE
8
BLACK
6
CONTINUOUS
10
82.9365669999999966
20
-59.1356869999999972
11
82.8728009999999955
21
-58.981741999999997
0
LINE
8
BLACK
6
CONTINUOUS
10
82.8728009999999955
20
-58.981741999999997
11
82.8402930000000026
21
-58.8183149999999983
0
LINE
8
BLACK
6
CONTINUOUS
10
82.8402930000000026
20
-58.8183149999999983
11
82.8402930000000026
21
-58.6516850000000005
0
LINE
8
BLACK
6
CONTINUOUS
10
82.8402930000000026
20
-58.6516850000000005
11
82.8728009999999955
21
-58.4882579999999948
0
LINE
8
BLACK
6
CONTINUOUS
10
82.8728009999999955
20
-58.4882579999999948
11
82.9365669999999966
21
-58.3343129999999945
0
LINE
8
BLACK
6
CONTINUOUS
10
82.9365669999999966
20
-58.3343129999999945
11
83.0291409999999956
21
-58.195765999999999
0
LINE
8
BLACK
6
CONTINUOUS
10
83.0291409999999956
20
-58.195765999999999
11
83.1469659999999919
21
-58.0779409999999956
0
LINE
8
BLACK
6
CONTINUOUS
10
83.1469659999999919
20
-58.0779409999999956
11
83.2855129999999946
21
-57.9853669999999966
0
LINE
8
BLACK
6
CONTINUOUS
10
83.2855129999999946
20
-57.9853669999999966
11
83.4394580000000019
21
-57.9216009999999955
0
LINE
8
BLACK
6
CONTINUOUS
10
83.4394580000000019
20
-57.9216009999999955
11
83.6028850000000006
21
-57.8890929999999955
0
LINE
8
BLACK
6
CONTINUOUS
10
83.6028850000000006
20
-57.8890929999999955
11
83.7695149999999984
21
-57.8890929999999955
0
LINE
8
BLACK
6
CONTINUOUS
10
83.7695149999999984
20
-57.8890929999999955
11
83.9329419999999971
21
-57.9216009999999955
0
LINE
8
BLACK
6
CONTINUOUS
10
55.5329419999999985
20
-55.3816009999999963
11
55.6868869999999987
21
-55.4453669999999974
0
LINE
8
BLACK
6
CONTINUOUS
10
55.6868869999999987
20
-55.4453669999999974
11
55.8254339999999942
21
-55.5379409999999964
0
LINE
8
BLACK
6
CONTINUOUS
10
55.8254339999999942
20
-55.5379409999999964
11
55.9432589999999976
21
-55.6557659999999998
0
LINE
8
BLACK
6
CONTINUOUS
10
55.9432589999999976
20
-55.6557659999999998
11
56.0358329999999967
21
-55.7943129999999954
0
LINE
8
BLACK
6
CONTINUOUS
10
56.0358329999999967
20
-55.7943129999999954
11
56.0995989999999978
21
-55.9482579999999956
0
LINE
8
BLACK
6
CONTINUOUS
10
56.0995989999999978
20
-55.9482579999999956
11
56.1321069999999978
21
-56.1116849999999943
0
LINE
8
BLACK
6
CONTINUOUS
10
56.1321069999999978
20
-56.1116849999999943
11
56.1321069999999978
21
-56.2783149999999992
0
LINE
8
BLACK
6
CONTINUOUS
10
56.1321069999999978
20
-56.2783149999999992
11
56.0995989999999978
21
-56.4417419999999979
0
LINE
8
BLACK
6
CONTINUOUS
10
56.0995989999999978
20
-56.4417419999999979
11
56.0358329999999967
21
-56.5956869999999981
0
LINE
8
BLACK
6
CONTINUOUS
10
56.0358329999999967
20
-56.5956869999999981
11
55.9432589999999976
21
-56.7342340000000007
0
LINE
8
BLACK
6
CONTINUOUS
10
55.9432589999999976
20
-56.7342340000000007
11
55.8254339999999942
21
-56.852058999999997
0
LINE
8
BLACK
6
CONTINUOUS
10
55.8254339999999942
20
-56.852058999999997
11
55.6868869999999987
21
-56.9446329999999961
0
LINE
8
BLACK
6
CONTINUOUS
10
55.6868869999999987
20
-56.9446329999999961
11
55.5329419999999985
21
-57.0083989999999972
0
LINE
8
BLACK
6
CONTINUOUS
10
55.5329419999999985
20
-57.0083989999999972
11
55.3695149999999998
21
-57.0409069999999971
0
LINE
8
BLACK
6
CONTINUOUS
10
55.3695149999999998
20
-57.0409069999999971
11
55.2028849999999949
21
-57.0409069999999971
0
LINE
8
BLACK
6
CONTINUOUS
10
55.2028849999999949
20
-57.0409069999999971
11
55.0394579999999962
21
-57.0083989999999972
0
LINE
8
BLACK
6
CONTINUOUS
10
55.0394579999999962
20
-57.0083989999999972
11
54.885512999999996
21
-56.9446329999999961
0
LINE
8
BLACK
6
CONTINUOUS
10
54.885512999999996
20
-56.9446329999999961
11
54.7469660000000005
21
-56.852058999999997
0
LINE
8
BLACK
6
CONTINUOUS
10
54.7469660000000005
20
-56.852058999999997
11
54.6291409999999971
21
-56.7342340000000007
0
LINE
8
BLACK
6
CONTINUOUS
10
54.6291409999999971
20
-56.7342340000000007
11
54.536566999999998
21
-56.5956869999999981
0
LINE
8
BLACK
6
CONTINUOUS
10
54.536566999999998
20
-56.5956869999999981
11
54.4728009999999969
21
-56.4417419999999979
0
LINE
8
BLACK
6
CONTINUOUS
10
54.4728009999999969
20
-56.4417419999999979
11
54.4402929999999969
21
-56.2783149999999992
0
LINE
8
BLACK
6
CONTINUOUS
10
54.4402929999999969
20
-56.2783149999999992
11
54.4402929999999969
21
-56.1116849999999943
0
LINE
8
BLACK
6
CONTINUOUS
10
54.4402929999999969
20
-56.1116849999999943
11
54.4728009999999969
21
-55.9482579999999956
0
LINE
8
BLACK
6
CONTINUOUS
10
54.4728009999999969
20
-55.9482579999999956
11
54.536566999999998
21
-55.7943129999999954
0
LINE
8
BLACK
6
CONTINUOUS
10
54.536566999999998
20
-55.7943129999999954
11
54.6291409999999971
21
-55.6557659999999998
0
LINE
8
BLACK
6
CONTINUOUS
10
54.6291409999999971
20
-55.6557659999999998
11
54.7469660000000005
21
-55.5379409999999964
0
LINE
8
BLACK
6
CONTINUOUS
10
54.7469660000000005
20
-55.5379409999999964
11
54.885512999999996
21
-55.4453669999999974
0
LINE
8
BLACK
6
CONTINUOUS
10
54.885512999999996
20
-55.4453669999999974
11
55.0394579999999962
21
-55.3816009999999963
0
LINE
8
BLACK
6
CONTINUOUS
10
55.0394579999999962
20
-55.3816009999999963
11
55.2028849999999949
21
-55.3490929999999963
0
LINE
8
BLACK
6
CONTINUOUS
10
55.2028849999999949
20
-55.3490929999999963
11
55.3695149999999998
21
-55.3490929999999963
0
LINE
8
BLACK
6
CONTINUOUS
10
55.3695149999999998
20
-55.3490929999999963
11
55.5329419999999985
21
-55.3816009999999963
0
LINE
8
BLACK
6
CONTINUOUS
10
83.9329419999999971
20
-55.3816009999999963
11
84.0868869999999902
21
-55.4453669999999974
0
LINE
8
BLACK
6
CONTINUOUS
10
84.0868869999999902
20
-55.4453669999999974
11
84.2254339999999928
21
-55.5379409999999964
0
LINE
8
BLACK
6
CONTINUOUS
10
84.2254339999999928
20
-55.5379409999999964
11
84.3432589999999891
21
-55.6557659999999998
0
LINE
8
BLACK
6
CONTINUOUS
10
84.3432589999999891
20
-55.6557659999999998
11
84.4358330000000024
21
-55.7943129999999954
0
LINE
8
BLACK
6
CONTINUOUS
10
84.4358330000000024
20
-55.7943129999999954
11
84.4995989999999892
21
-55.9482579999999956
0
LINE
8
BLACK
6
CONTINUOUS
10
84.4995989999999892
20
-55.9482579999999956
11
84.5321069999999963
21
-56.1116849999999943
0
LINE
8
BLACK
6
CONTINUOUS
10
84.5321069999999963
20
-56.1116849999999943
11
84.5321069999999963
21
-56.2783149999999992
0
LINE
8
BLACK
6
CONTINUOUS
10
84.5321069999999963
20
-56.2783149999999992
11
84.4995989999999892
21
-56.4417419999999979
0
LINE
8
BLACK
6
CONTINUOUS
10
84.4995989999999892
20
-56.4417419999999979
11
84.4358330000000024
21
-56.5956869999999981
0
LINE
8
BLACK
6
CONTINUOUS
10
84.4358330000000024
20
-56.5956869999999981
11
84.3432589999999891
21
-56.7342340000000007
0
LINE
8
BLACK
6
CONTINUOUS
10
84.3432589999999891
20
-56.7342340000000007
11
84.2254339999999928
21
-56.852058999999997
0
LINE
8
BLACK
6
CONTINUOUS
10
84.2254339999999928
20
-56.852058999999997
11
84.0868869999999902
21
-56.9446329999999961
0
LINE
8
BLACK
6
CONTINUOUS
10
84.0868869999999902
20
-56.9446329999999961
11
83.9329419999999971
21
-57.0083989999999972
0
LINE
8
BLACK
6
CONTINUOUS
10
83.9329419999999971
20
-57.0083989999999972
11
83.7695149999999984
21
-57.0409069999999971
0
LINE
8
BLACK
6
CONTINUOUS
10
83.7695149999999984
20
-57.0409069999999971
11
83.6028850000000006
21
-57.0409069999999971
0
LINE
8
BLACK
6
CONTINUOUS
10
83.6028850000000006
20
-57.0409069999999971
11
83.4394580000000019
21
-57.0083989999999972
0
LINE
8
BLACK
6
CONTINUOUS
10
83.4394580000000019
20
-57.0083989999999972
11
83.2855129999999946
21
-56.9446329999999961
0
LINE
8
BLACK
6
CONTINUOUS
10
83.2855129999999946
20
-56.9446329999999961
11
83.1469659999999919
21
-56.852058999999997
0
LINE
8
BLACK
6
CONTINUOUS
10
83.1469659999999919
20
-56.852058999999997
11
83.0291409999999956
21
-56.7342340000000007
0
LINE
8
BLACK
6
CONTINUOUS
10
83.0291409999999956
20
-56.7342340000000007
11
82.9365669999999966
21
-56.5956869999999981
0
LINE
8
BLACK
6
CONTINUOUS
10
82.9365669999999966
20
-56.5956869999999981
11
82.8728009999999955
21
-56.4417419999999979
0
LINE
8
BLACK
6
CONTINUOUS
10
82.8728009999999955
20
-56.4417419999999979
11
82.8402930000000026
21
-56.2783149999999992
0
LINE
8
BLACK
6
CONTINUOUS
10
82.8402930000000026
20
-56.2783149999999992
11
82.8402930000000026
21
-56.1116849999999943
0
LINE
8
BLACK
6
CONTINUOUS
10
82.8402930000000026
20
-56.1116849999999943
11
82.8728009999999955
21
-55.9482579999999956
0
LINE
8
BLACK
6
CONTINUOUS
10
82.8728009999999955
20
-55.9482579999999956
11
82.9365669999999966
21
-55.7943129999999954
0
LINE
8
BLACK
6
CONTINUOUS
10
82.9365669999999966
20
-55.7943129999999954
11
83.0291409999999956
21
-55.6557659999999998
0
LINE
8
BLACK
6
CONTINUOUS
10
83.0291409999999956
20
-55.6557659999999998
11
83.1469659999999919
21
-55.5379409999999964
0
LINE
8
BLACK
6
CONTINUOUS
10
83.1469659999999919
20
-55.5379409999999964
11
83.2855129999999946
21
-55.4453669999999974
0
LINE
8
BLACK
6
CONTINUOUS
10
83.2855129999999946
20
-55.4453669999999974
11
83.4394580000000019
21
-55.3816009999999963
0
LINE
8
BLACK
6
CONTINUOUS
10
83.4394580000000019
20
-55.3816009999999963
11
83.6028850000000006
21
-55.3490929999999963
0
LINE
8
BLACK
6
CONTINUOUS
10
83.6028850000000006
20
-55.3490929999999963
11
83.7695149999999984
21
-55.3490929999999963
0
LINE
8
BLACK
6
CONTINUOUS
10
83.7695149999999984
20
-55.3490929999999963
11
83.9329419999999971
21
-55.3816009999999963
0
LINE
8
BLACK
6
CONTINUOUS
10
56.1361999999999952
20
-54.5049999999999955
11
54.4361999999999995
21
-54.5049999999999955
0
LINE
8
BLACK
6
CONTINUOUS
10
54.4361999999999995
20
-54.5049999999999955
11
54.4361999999999995
21
-52.8049999999999997
0
LINE
8
BLACK
6
CONTINUOUS
10
54.4361999999999995
20
-52.8049999999999997
11
56.1361999999999952
21
-52.8049999999999997
0
LINE
8
BLACK
6
CONTINUOUS
10
56.1361999999999952
20
-52.8049999999999997
11
56.1361999999999952
21
-54.5049999999999955
0
LINE
8
BLACK
6
CONTINUOUS
10
84.5361999999999938
20
-54.5049999999999955
11
82.836199999999991
21
-54.5049999999999955
0
LINE
8
BLACK
6
CONTINUOUS
10
82.836199999999991
20
-54.5049999999999955
11
82.836199999999991
21
-52.8049999999999997
0
LINE
8
BLACK
6
CONTINUOUS
10
82.836199999999991
20
-52.8049999999999997
11
84.5361999999999938
21
-52.8049999999999997
0
LINE
8
BLACK
6
CONTINUOUS
10
84.5361999999999938
20
-52.8049999999999997
11
84.5361999999999938
21
-54.5049999999999955
0
LINE
8
BLACK
6
CONTINUOUS
10
101.5079419999999999
20
-49.1316009999999963
11
101.661886999999993
21
-49.1953669999999974
0
LINE
8
BLACK
6
CONTINUOUS
10
101.661886999999993
20
-49.1953669999999974
11
101.8004339999999956
21
-49.2879409999999964
0
LINE
8
BLACK
6
CONTINUOUS
10
101.8004339999999956
20
-49.2879409999999964
11
101.9182589999999919
21
-49.4057659999999998
0
LINE
8
BLACK
6
CONTINUOUS
10
101.9182589999999919
20
-49.4057659999999998
11
102.010832999999991
21
-49.5443129999999954
0
LINE
8
BLACK
6
CONTINUOUS
10
102.010832999999991
20
-49.5443129999999954
11
102.0745989999999921
21
-49.6982579999999956
0
LINE
8
BLACK
6
CONTINUOUS
10
102.0745989999999921
20
-49.6982579999999956
11
102.1071069999999992
21
-49.8616849999999943
0
LINE
8
BLACK
6
CONTINUOUS
10
102.1071069999999992
20
-49.8616849999999943
11
102.1071069999999992
21
-50.0283149999999992
0
LINE
8
BLACK
6
CONTINUOUS
10
102.1071069999999992
20
-50.0283149999999992
11
102.0745989999999921
21
-50.1917419999999979
0
LINE
8
BLACK
6
CONTINUOUS
10
102.0745989999999921
20
-50.1917419999999979
11
102.010832999999991
21
-50.3456869999999981
0
LINE
8
BLACK
6
CONTINUOUS
10
102.010832999999991
20
-50.3456869999999981
11
101.9182589999999919
21
-50.4842340000000007
0
LINE
8
BLACK
6
CONTINUOUS
10
101.9182589999999919
20
-50.4842340000000007
11
101.8004339999999956
21
-50.602058999999997
0
LINE
8
BLACK
6
CONTINUOUS
10
101.8004339999999956
20
-50.602058999999997
11
101.661886999999993
21
-50.6946329999999961
0
LINE
8
BLACK
6
CONTINUOUS
10
101.661886999999993
20
-50.6946329999999961
11
101.5079419999999999
21
-50.7583989999999972
0
LINE
8
BLACK
6
CONTINUOUS
10
101.5079419999999999
20
-50.7583989999999972
11
101.3445150000000012
21
-50.7909069999999971
0
LINE
8
BLACK
6
CONTINUOUS
10
101.3445150000000012
20
-50.7909069999999971
11
101.1778849999999892
21
-50.7909069999999971
0
LINE
8
BLACK
6
CONTINUOUS
10
101.1778849999999892
20
-50.7909069999999971
11
101.0144579999999905
21
-50.7583989999999972
0
LINE
8
BLACK
6
CONTINUOUS
10
101.0144579999999905
20
-50.7583989999999972
11
100.8605129999999974
21
-50.6946329999999961
0
LINE
8
BLACK
6
CONTINUOUS
10
100.8605129999999974
20
-50.6946329999999961
11
100.7219659999999948
21
-50.602058999999997
0
LINE
8
BLACK
6
CONTINUOUS
10
100.7219659999999948
20
-50.602058999999997
11
100.6041409999999985
21
-50.4842340000000007
0
LINE
8
BLACK
6
CONTINUOUS
10
100.6041409999999985
20
-50.4842340000000007
11
100.5115669999999994
21
-50.3456869999999981
0
LINE
8
BLACK
6
CONTINUOUS
10
100.5115669999999994
20
-50.3456869999999981
11
100.4478009999999983
21
-50.1917419999999979
0
LINE
8
BLACK
6
CONTINUOUS
10
100.4478009999999983
20
-50.1917419999999979
11
100.4152929999999913
21
-50.0283149999999992
0
LINE
8
BLACK
6
CONTINUOUS
10
100.4152929999999913
20
-50.0283149999999992
11
100.4152929999999913
21
-49.8616849999999943
0
LINE
8
BLACK
6
CONTINUOUS
10
100.4152929999999913
20
-49.8616849999999943
11
100.4478009999999983
21
-49.6982579999999956
0
LINE
8
BLACK
6
CONTINUOUS
10
100.4478009999999983
20
-49.6982579999999956
11
100.5115669999999994
21
-49.5443129999999954
0
LINE
8
BLACK
6
CONTINUOUS
10
100.5115669999999994
20
-49.5443129999999954
11
100.6041409999999985
21
-49.4057659999999998
0
LINE
8
BLACK
6
CONTINUOUS
10
100.6041409999999985
20
-49.4057659999999998
11
100.7219659999999948
21
-49.2879409999999964
0
LINE
8
BLACK
6
CONTINUOUS
10
100.7219659999999948
20
-49.2879409999999964
11
100.8605129999999974
21
-49.1953669999999974
0
LINE
8
BLACK
6
CONTINUOUS
10
100.8605129999999974
20
-49.1953669999999974
11
101.0144579999999905
21
-49.1316009999999963
0
LINE
8
BLACK
6
CONTINUOUS
10
101.0144579999999905
20
-49.1316009999999963
11
101.1778849999999892
21
-49.0990929999999963
0
LINE
8
BLACK
6
CONTINUOUS
10
101.1778849999999892
20
-49.0990929999999963
11
101.3445150000000012
21
-49.0990929999999963
0
LINE
8
BLACK
6
CONTINUOUS
10
101.3445150000000012
20
-49.0990929999999963
11
101.5079419999999999
21
-49.1316009999999963
0
LINE
8
BLACK
6
CONTINUOUS
10
123.4425389999999965
20
-20.5201849999999979
11
123.4882939999999962
21
-20.5729889999999997
0
LINE
8
BLACK
6
CONTINUOUS
10
123.4882939999999962
20
-20.5729889999999997
11
123.4994999999999976
21
-20.6244999999999976
0
LINE
8
BLACK
6
CONTINUOUS
10
123.4994999999999976
20
-20.6244999999999976
11
123.4994999999999976
21
-123.3754999999999882
0
LINE
8
BLACK
6
CONTINUOUS
10
123.4994999999999976
20
-123.3754999999999882
11
123.4798149999999879
21
-123.4425389999999965
0
LINE
8
BLACK
6
CONTINUOUS
10
123.4798149999999879
20
-123.4425389999999965
11
123.4270109999999931
21
-123.4882939999999962
0
LINE
8
BLACK
6
CONTINUOUS
10
123.4270109999999931
20
-123.4882939999999962
11
123.3754999999999882
21
-123.4994999999999976
0
LINE
8
BLACK
6
CONTINUOUS
10
123.3754999999999882
20
-123.4994999999999976
11
20.6244999999999976
21
-123.4994999999999976
0
LINE
8
BLACK
6
CONTINUOUS
10
20.6244999999999976
20
-123.4994999999999976
11
20.557461
21
-123.4798149999999879
0
LINE
8
BLACK
6
CONTINUOUS
10
20.557461
20
-123.4798149999999879
11
20.5117060000000002
21
-123.4270109999999931
0
LINE
8
BLACK
6
CONTINUOUS
10
20.5117060000000002
20
-123.4270109999999931
11
20.5004999999999988
21
-123.3754999999999882
0
LINE
8
BLACK
6
CONTINUOUS
10
20.5004999999999988
20
-123.3754999999999882
11
20.5004999999999988
21
-74.7823479999999989
0
LINE
8
BLACK
6
CONTINUOUS
10
20.5004999999999988
20
-74.7823479999999989
11
20.5004999999999988
21
-20.6244999999999976
0
LINE
8
BLACK
6
CONTINUOUS
10
20.5004999999999988
20
-20.6244999999999976
11
20.5201849999999979
21
-20.557461
0
LINE
8
BLACK
6
CONTINUOUS
10
20.5201849999999979
20
-20.557461
11
20.5729889999999997
21
-20.5117060000000002
0
LINE
8
BLACK
6
CONTINUOUS
10
20.5729889999999997
20
-20.5117060000000002
11
20.6244999999999976
21
-20.5004999999999988
0
LINE
8
BLACK
6
CONTINUOUS
10
20.6244999999999976
20
-20.5004999999999988
11
123.3754999999999882
21
-20.5004999999999988
0
LINE
8
BLACK
6
CONTINUOUS
10
123.3754999999999882
20
-20.5004999999999988
11
123.4425389999999965
21
-20.5201849999999979
0
LINE
8
BLACK
6
CONTINUOUS
10
25.241299999999999
20
-96.8701509999999928
11
25.2733220000000003
21
-97.0723339999999979
0
LINE
8
BLACK
6
CONTINUOUS
10
25.2733220000000003
20
-97.0723339999999979
11
25.3365809999999989
21
-97.2670229999999947
0
LINE
8
BLACK
6
CONTINUOUS
10
25.3365809999999989
20
-97.2670229999999947
11
25.3818459999999995
21
-97.3558579999999978
0
LINE
8
BLACK
6
CONTINUOUS
10
25.3818459999999995
20
-97.3558579999999978
11
25.3830460000000002
21
-97.3582139999999896
0
LINE
8
BLACK
6
CONTINUOUS
10
25.3830460000000002
20
-97.3582139999999896
11
25.429513
21
-97.4494109999999978
0
LINE
8
BLACK
6
CONTINUOUS
10
25.429513
20
-97.4494109999999978
11
25.5498340000000006
21
-97.6150189999999895
0
LINE
8
BLACK
6
CONTINUOUS
10
25.5498340000000006
20
-97.6150189999999895
11
25.5498359999999991
21
-97.6150209999999987
0
LINE
8
BLACK
6
CONTINUOUS
10
25.5498359999999991
20
-97.6150209999999987
11
32.2774859999999961
21
-104.3426709999999957
0
LINE
8
BLACK
6
CONTINUOUS
10
32.2774859999999961
20
-104.3426709999999957
11
32.4324489999999983
21
-104.4552559999999914
0
LINE
8
BLACK
6
CONTINUOUS
10
32.4324489999999983
20
-104.4552559999999914
11
32.443089999999998
21
-104.4629869999999983
0
LINE
8
BLACK
6
CONTINUOUS
10
32.443089999999998
20
-104.4629869999999983
11
32.534284999999997
21
-104.5094529999999935
0
LINE
8
BLACK
6
CONTINUOUS
10
32.534284999999997
20
-104.5094529999999935
11
32.625475999999999
21
-104.5559179999999913
0
LINE
8
BLACK
6
CONTINUOUS
10
32.625475999999999
20
-104.5559179999999913
11
32.6254780000000011
21
-104.5559179999999913
0
LINE
8
BLACK
6
CONTINUOUS
10
32.6254780000000011
20
-104.5559179999999913
11
32.6254810000000006
21
-104.5559200000000004
0
LINE
8
BLACK
6
CONTINUOUS
10
32.6254810000000006
20
-104.5559200000000004
11
32.7228220000000007
21
-104.5875479999999982
0
LINE
8
BLACK
6
CONTINUOUS
10
32.7228220000000007
20
-104.5875479999999982
11
32.8201649999999958
21
-104.6191769999999934
0
LINE
8
BLACK
6
CONTINUOUS
10
32.8201649999999958
20
-104.6191769999999934
11
32.9212569999999971
21
-104.6351879999999994
0
LINE
8
BLACK
6
CONTINUOUS
10
32.9212569999999971
20
-104.6351879999999994
11
33.0223480000000009
21
-104.6511999999999887
0
LINE
8
BLACK
6
CONTINUOUS
10
33.0223480000000009
20
-104.6511999999999887
11
33.0223489999999984
21
-104.6511999999999887
0
LINE
8
BLACK
6
CONTINUOUS
10
33.0223489999999984
20
-104.6511999999999887
11
102.9051509999999894
21
-104.6511999999999887
0
LINE
8
BLACK
6
CONTINUOUS
10
102.9051509999999894
20
-104.6511999999999887
11
102.9051520000000011
21
-104.6511999999999887
0
LINE
8
BLACK
6
CONTINUOUS
10
102.9051520000000011
20
-104.6511999999999887
11
103.107334999999992
21
-104.6191769999999934
0
LINE
8
BLACK
6
CONTINUOUS
10
103.107334999999992
20
-104.6191769999999934
11
103.2046759999999921
21
-104.5875479999999982
0
LINE
8
BLACK
6
CONTINUOUS
10
103.2046759999999921
20
-104.5875479999999982
11
103.3020190000000014
21
-104.5559200000000004
0
LINE
8
BLACK
6
CONTINUOUS
10
103.3020190000000014
20
-104.5559200000000004
11
103.3932140000000004
21
-104.5094529999999935
0
LINE
8
BLACK
6
CONTINUOUS
10
103.3932140000000004
20
-104.5094529999999935
11
103.4844109999999944
21
-104.4629869999999983
0
LINE
8
BLACK
6
CONTINUOUS
10
103.4844109999999944
20
-104.4629869999999983
11
103.6500190000000003
21
-104.3426659999999941
0
LINE
8
BLACK
6
CONTINUOUS
10
103.6500190000000003
20
-104.3426659999999941
11
106.7084499999999991
21
-101.2842319999999887
0
LINE
8
BLACK
6
CONTINUOUS
10
106.7084499999999991
20
-101.2842319999999887
11
106.7084569999999957
21
-101.2842270000000013
0
LINE
8
BLACK
6
CONTINUOUS
10
106.7084569999999957
20
-101.2842270000000013
11
106.7155169999999913
21
-101.2771669999999915
0
LINE
8
BLACK
6
CONTINUOUS
10
106.7155169999999913
20
-101.2771669999999915
11
106.7155190000000005
21
-101.277165999999994
0
LINE
8
BLACK
6
CONTINUOUS
10
106.7155190000000005
20
-101.277165999999994
11
106.8602659999999958
21
-101.1324189999999987
0
LINE
8
BLACK
6
CONTINUOUS
10
106.8602659999999958
20
-101.1324189999999987
11
106.8602679999999907
21
-101.1324149999999946
0
LINE
8
BLACK
6
CONTINUOUS
10
106.8602679999999907
20
-101.1324149999999946
11
106.8602709999999973
21
-101.1324129999999997
0
LINE
8
BLACK
6
CONTINUOUS
10
106.8602709999999973
20
-101.1324129999999997
11
106.9130320000000012
21
-101.0597899999999925
0
LINE
8
BLACK
6
CONTINUOUS
10
106.9130320000000012
20
-101.0597899999999925
11
106.9805869999999999
21
-100.9668099999999953
0
LINE
8
BLACK
6
CONTINUOUS
10
106.9805869999999999
20
-100.9668099999999953
11
107.0390909999999991
21
-100.8519900000000007
0
LINE
8
BLACK
6
CONTINUOUS
10
107.0390909999999991
20
-100.8519900000000007
11
107.0735209999999995
21
-100.7844180000000023
0
LINE
8
BLACK
6
CONTINUOUS
10
107.0735209999999995
20
-100.7844180000000023
11
107.136776999999995
21
-100.5897339999999929
0
LINE
8
BLACK
6
CONTINUOUS
10
107.136776999999995
20
-100.5897339999999929
11
107.1687999999999903
21
-100.387551000000002
0
LINE
8
BLACK
6
CONTINUOUS
10
107.1687999999999903
20
-100.387551000000002
11
107.1687999999999903
21
-100.1828479999999928
0
LINE
8
BLACK
6
CONTINUOUS
10
107.1687999999999903
20
-100.1828479999999928
11
107.1687999999999903
21
-89.2680999999999898
0
LINE
8
BLACK
6
CONTINUOUS
10
107.1687999999999903
20
-89.2680999999999898
11
107.188485
21
-89.2010609999999957
0
LINE
8
BLACK
6
CONTINUOUS
10
107.188485
20
-89.2010609999999957
11
107.2412889999999948
21
-89.1553059999999959
0
LINE
8
BLACK
6
CONTINUOUS
10
107.2412889999999948
20
-89.1553059999999959
11
107.2927999999999997
21
-89.1440999999999946
0
LINE
8
BLACK
6
CONTINUOUS
10
107.2927999999999997
20
-89.1440999999999946
11
114.7349509999999952
21
-89.1440999999999946
0
LINE
8
BLACK
6
CONTINUOUS
10
114.7349509999999952
20
-89.1440999999999946
11
114.7349519999999927
21
-89.1440999999999946
0
LINE
8
BLACK
6
CONTINUOUS
10
114.7349519999999927
20
-89.1440999999999946
11
114.9371349999999978
21
-89.1120769999999993
0
LINE
8
BLACK
6
CONTINUOUS
10
114.9371349999999978
20
-89.1120769999999993
11
115.1034609999999958
21
-89.0580339999999921
0
LINE
8
BLACK
6
CONTINUOUS
10
115.1034609999999958
20
-89.0580339999999921
11
115.131818999999993
21
-89.0488199999999921
0
LINE
8
BLACK
6
CONTINUOUS
10
115.131818999999993
20
-89.0488199999999921
11
115.2230139999999921
21
-89.0023529999999994
0
LINE
8
BLACK
6
CONTINUOUS
10
115.2230139999999921
20
-89.0023529999999994
11
115.3142110000000002
21
-88.9558869999999899
0
LINE
8
BLACK
6
CONTINUOUS
10
115.3142110000000002
20
-88.9558869999999899
11
115.479818999999992
21
-88.835566
0
LINE
8
BLACK
6
CONTINUOUS
10
115.479818999999992
20
-88.835566
11
116.6950649999999996
21
-87.6203179999999975
0
LINE
8
BLACK
6
CONTINUOUS
10
116.6950649999999996
20
-87.6203179999999975
11
116.6963739999999916
21
-87.6191099999999921
0
LINE
8
BLACK
6
CONTINUOUS
10
116.6963739999999916
20
-87.6191099999999921
11
116.6992149999999953
21
-87.6162679999999909
0
LINE
8
BLACK
6
CONTINUOUS
10
116.6992149999999953
20
-87.6162679999999909
11
116.6992189999999994
21
-87.616265999999996
0
LINE
8
BLACK
6
CONTINUOUS
10
116.6992189999999994
20
-87.616265999999996
11
117.3027289999999994
21
-87.012754000000001
0
LINE
8
BLACK
6
CONTINUOUS
10
117.3027289999999994
20
-87.012754000000001
11
117.3640499999999918
21
-86.9792709999999971
0
LINE
8
BLACK
6
CONTINUOUS
10
117.3640499999999918
20
-86.9792709999999971
11
117.3709689999999881
21
-86.9779699999999991
0
LINE
8
BLACK
6
CONTINUOUS
10
117.3709689999999881
20
-86.9779699999999991
11
117.4459849999999932
21
-86.9660899999999941
0
LINE
8
BLACK
6
CONTINUOUS
10
117.4459849999999932
20
-86.9660899999999941
11
117.6855789999999899
21
-86.8882409999999936
0
LINE
8
BLACK
6
CONTINUOUS
10
117.6855789999999899
20
-86.8882409999999936
11
117.9100449999999967
21
-86.7738700000000023
0
LINE
8
BLACK
6
CONTINUOUS
10
117.9100449999999967
20
-86.7738700000000023
11
118.1138559999999984
21
-86.6257930000000016
0
LINE
8
BLACK
6
CONTINUOUS
10
118.1138559999999984
20
-86.6257930000000016
11
118.2919929999999908
21
-86.4476559999999949
0
LINE
8
BLACK
6
CONTINUOUS
10
118.2919929999999908
20
-86.4476559999999949
11
118.4400699999999915
21
-86.2438449999999932
0
LINE
8
BLACK
6
CONTINUOUS
10
118.4400699999999915
20
-86.2438449999999932
11
118.5544409999999971
21
-86.0193790000000007
0
LINE
8
BLACK
6
CONTINUOUS
10
118.5544409999999971
20
-86.0193790000000007
11
118.6322899999999976
21
-85.7797849999999897
0
LINE
8
BLACK
6
CONTINUOUS
10
118.6322899999999976
20
-85.7797849999999897
11
118.6717000000000013
21
-85.5309620000000024
0
LINE
8
BLACK
6
CONTINUOUS
10
118.6717000000000013
20
-85.5309620000000024
11
118.6717000000000013
21
-85.2790379999999999
0
LINE
8
BLACK
6
CONTINUOUS
10
118.6717000000000013
20
-85.2790379999999999
11
118.6322899999999976
21
-85.0302149999999983
0
LINE
8
BLACK
6
CONTINUOUS
10
118.6322899999999976
20
-85.0302149999999983
11
118.5544409999999971
21
-84.7906210000000016
0
LINE
8
BLACK
6
CONTINUOUS
10
118.5544409999999971
20
-84.7906210000000016
11
118.5544389999999879
21
-84.7906179999999949
0
LINE
8
BLACK
6
CONTINUOUS
10
118.5544389999999879
20
-84.7906179999999949
11
118.5544389999999879
21
-84.790616
0
LINE
8
BLACK
6
CONTINUOUS
10
118.5544389999999879
20
-84.790616
11
118.4898829999999919
21
-84.6639189999999928
0
LINE
8
BLACK
6
CONTINUOUS
10
118.4898829999999919
20
-84.6639189999999928
11
118.4400699999999915
21
-84.5661549999999949
0
LINE
8
BLACK
6
CONTINUOUS
10
118.4400699999999915
20
-84.5661549999999949
11
118.4076209999999918
21
-84.5214929999999924
0
LINE
8
BLACK
6
CONTINUOUS
10
118.4076209999999918
20
-84.5214929999999924
11
118.2919979999999924
21
-84.3623499999999922
0
LINE
8
BLACK
6
CONTINUOUS
10
118.2919979999999924
20
-84.3623499999999922
11
118.2919919999999934
21
-84.3623429999999956
0
LINE
8
BLACK
6
CONTINUOUS
10
118.2919919999999934
20
-84.3623429999999956
11
118.1138539999999892
21
-84.1842049999999915
0
LINE
8
BLACK
6
CONTINUOUS
10
118.1138539999999892
20
-84.1842049999999915
11
118.1138489999999877
21
-84.1842010000000016
0
LINE
8
BLACK
6
CONTINUOUS
10
118.1138489999999877
20
-84.1842010000000016
11
117.9100479999999891
21
-84.0361319999999949
0
LINE
8
BLACK
6
CONTINUOUS
10
117.9100479999999891
20
-84.0361319999999949
11
117.9100469999999916
21
-84.0361309999999975
0
LINE
8
BLACK
6
CONTINUOUS
10
117.9100469999999916
20
-84.0361309999999975
11
117.9100449999999967
21
-84.03613
0
LINE
8
BLACK
6
CONTINUOUS
10
117.9100449999999967
20
-84.03613
11
117.8399469999999951
21
-84.0004129999999947
0
LINE
8
BLACK
6
CONTINUOUS
10
117.8399469999999951
20
-84.0004129999999947
11
117.6855829999999941
21
-83.9217599999999919
0
LINE
8
BLACK
6
CONTINUOUS
10
117.6855829999999941
20
-83.9217599999999919
11
117.4459849999999932
21
-83.8439099999999939
0
LINE
8
BLACK
6
CONTINUOUS
10
117.4459849999999932
20
-83.8439099999999939
11
117.1971619999999916
21
-83.8044999999999902
0
LINE
8
BLACK
6
CONTINUOUS
10
117.1971619999999916
20
-83.8044999999999902
11
116.9452379999999891
21
-83.8044999999999902
0
LINE
8
BLACK
6
CONTINUOUS
10
116.9452379999999891
20
-83.8044999999999902
11
116.8208259999999967
21
-83.8242049999999921
0
LINE
8
BLACK
6
CONTINUOUS
10
116.8208259999999967
20
-83.8242049999999921
11
116.6964139999999901
21
-83.8439099999999939
0
LINE
8
BLACK
6
CONTINUOUS
10
116.6964139999999901
20
-83.8439099999999939
11
116.4568159999999892
21
-83.9217599999999919
0
LINE
8
BLACK
6
CONTINUOUS
10
116.4568159999999892
20
-83.9217599999999919
11
116.2323509999999942
21
-84.0361319999999949
0
LINE
8
BLACK
6
CONTINUOUS
10
116.2323509999999942
20
-84.0361319999999949
11
116.0285499999999956
21
-84.1842010000000016
0
LINE
8
BLACK
6
CONTINUOUS
10
116.0285499999999956
20
-84.1842010000000016
11
116.028544999999994
21
-84.1842049999999915
0
LINE
8
BLACK
6
CONTINUOUS
10
116.028544999999994
20
-84.1842049999999915
11
115.8504080000000016
21
-84.3623429999999956
0
LINE
8
BLACK
6
CONTINUOUS
10
115.8504080000000016
20
-84.3623429999999956
11
115.8504009999999909
21
-84.3623499999999922
0
LINE
8
BLACK
6
CONTINUOUS
10
115.8504009999999909
20
-84.3623499999999922
11
115.7023319999999984
21
-84.5661509999999907
0
LINE
8
BLACK
6
CONTINUOUS
10
115.7023319999999984
20
-84.5661509999999907
11
115.5879599999999954
21
-84.7906179999999949
0
LINE
8
BLACK
6
CONTINUOUS
10
115.5879599999999954
20
-84.7906179999999949
11
115.5101089999999999
21
-85.0302169999999933
0
LINE
8
BLACK
6
CONTINUOUS
10
115.5101089999999999
20
-85.0302169999999933
11
115.4982150000000019
21
-85.1053089999999912
0
LINE
8
BLACK
6
CONTINUOUS
10
115.4982150000000019
20
-85.1053089999999912
11
115.4682849999999945
21
-85.1684429999999963
0
LINE
8
BLACK
6
CONTINUOUS
10
115.4682849999999945
20
-85.1684429999999963
11
115.4634229999999917
21
-85.1735899999999901
0
LINE
8
BLACK
6
CONTINUOUS
10
115.4634229999999917
20
-85.1735899999999901
11
114.1302340000000015
21
-86.5067809999999895
0
LINE
8
BLACK
6
CONTINUOUS
10
114.1302340000000015
20
-86.5067809999999895
11
114.0689109999999999
21
-86.5402660000000026
0
LINE
8
BLACK
6
CONTINUOUS
10
114.0689109999999999
20
-86.5402660000000026
11
114.0425529999999981
21
-86.5430999999999955
0
LINE
8
BLACK
6
CONTINUOUS
10
114.0425529999999981
20
-86.5430999999999955
11
110.8460129999999992
21
-86.5430999999999955
0
LINE
8
BLACK
6
CONTINUOUS
10
110.8460129999999992
20
-86.5430999999999955
11
110.778973999999991
21
-86.523415
0
LINE
8
BLACK
6
CONTINUOUS
10
110.778973999999991
20
-86.523415
11
110.7332189999999912
21
-86.470610999999991
0
LINE
8
BLACK
6
CONTINUOUS
10
110.7332189999999912
20
-86.470610999999991
11
110.723275000000001
21
-86.4014529999999894
0
LINE
8
BLACK
6
CONTINUOUS
10
110.723275000000001
20
-86.4014529999999894
11
110.7456949999999978
21
-86.3462150000000008
0
LINE
8
BLACK
6
CONTINUOUS
10
110.7456949999999978
20
-86.3462150000000008
11
110.7876219999999989
21
-86.2885059999999982
0
LINE
8
BLACK
6
CONTINUOUS
10
110.7876219999999989
20
-86.2885059999999982
11
110.8200700000000012
21
-86.2438449999999932
0
LINE
8
BLACK
6
CONTINUOUS
10
110.8200700000000012
20
-86.2438449999999932
11
110.9344409999999925
21
-86.0193790000000007
0
LINE
8
BLACK
6
CONTINUOUS
10
110.9344409999999925
20
-86.0193790000000007
11
111.012289999999993
21
-85.7797849999999897
0
LINE
8
BLACK
6
CONTINUOUS
10
111.012289999999993
20
-85.7797849999999897
11
111.0516999999999967
21
-85.5309620000000024
0
LINE
8
BLACK
6
CONTINUOUS
10
111.0516999999999967
20
-85.5309620000000024
11
111.0516999999999967
21
-85.2790379999999999
0
LINE
8
BLACK
6
CONTINUOUS
10
111.0516999999999967
20
-85.2790379999999999
11
111.012289999999993
21
-85.0302149999999983
0
LINE
8
BLACK
6
CONTINUOUS
10
111.012289999999993
20
-85.0302149999999983
11
110.9344409999999925
21
-84.7906210000000016
0
LINE
8
BLACK
6
CONTINUOUS
10
110.9344409999999925
20
-84.7906210000000016
11
110.9344389999999976
21
-84.7906179999999949
0
LINE
8
BLACK
6
CONTINUOUS
10
110.9344389999999976
20
-84.7906179999999949
11
110.9344389999999976
21
-84.790616
0
LINE
8
BLACK
6
CONTINUOUS
10
110.9344389999999976
20
-84.790616
11
110.8698830000000015
21
-84.6639189999999928
0
LINE
8
BLACK
6
CONTINUOUS
10
110.8698830000000015
20
-84.6639189999999928
11
110.8200700000000012
21
-84.5661549999999949
0
LINE
8
BLACK
6
CONTINUOUS
10
110.8200700000000012
20
-84.5661549999999949
11
110.7876210000000015
21
-84.5214929999999924
0
LINE
8
BLACK
6
CONTINUOUS
10
110.7876210000000015
20
-84.5214929999999924
11
110.6719980000000021
21
-84.3623499999999922
0
LINE
8
BLACK
6
CONTINUOUS
10
110.6719980000000021
20
-84.3623499999999922
11
110.6719919999999888
21
-84.3623429999999956
0
LINE
8
BLACK
6
CONTINUOUS
10
110.6719919999999888
20
-84.3623429999999956
11
110.4938539999999989
21
-84.1842049999999915
0
LINE
8
BLACK
6
CONTINUOUS
10
110.4938539999999989
20
-84.1842049999999915
11
110.4938489999999973
21
-84.1842010000000016
0
LINE
8
BLACK
6
CONTINUOUS
10
110.4938489999999973
20
-84.1842010000000016
11
110.2900479999999988
21
-84.0361319999999949
0
LINE
8
BLACK
6
CONTINUOUS
10
110.2900479999999988
20
-84.0361319999999949
11
110.2900470000000013
21
-84.0361309999999975
0
LINE
8
BLACK
6
CONTINUOUS
10
110.2900470000000013
20
-84.0361309999999975
11
110.2900449999999921
21
-84.03613
0
LINE
8
BLACK
6
CONTINUOUS
10
110.2900449999999921
20
-84.03613
11
110.2199469999999906
21
-84.0004129999999947
0
LINE
8
BLACK
6
CONTINUOUS
10
110.2199469999999906
20
-84.0004129999999947
11
110.0655829999999895
21
-83.9217599999999919
0
LINE
8
BLACK
6
CONTINUOUS
10
110.0655829999999895
20
-83.9217599999999919
11
109.8259849999999886
21
-83.8439099999999939
0
LINE
8
BLACK
6
CONTINUOUS
10
109.8259849999999886
20
-83.8439099999999939
11
109.5771620000000013
21
-83.8044999999999902
0
LINE
8
BLACK
6
CONTINUOUS
10
109.5771620000000013
20
-83.8044999999999902
11
109.3252379999999988
21
-83.8044999999999902
0
LINE
8
BLACK
6
CONTINUOUS
10
109.3252379999999988
20
-83.8044999999999902
11
109.2008259999999922
21
-83.8242049999999921
0
LINE
8
BLACK
6
CONTINUOUS
10
109.2008259999999922
20
-83.8242049999999921
11
109.0764139999999998
21
-83.8439099999999939
0
LINE
8
BLACK
6
CONTINUOUS
10
109.0764139999999998
20
-83.8439099999999939
11
108.8368159999999989
21
-83.9217599999999919
0
LINE
8
BLACK
6
CONTINUOUS
10
108.8368159999999989
20
-83.9217599999999919
11
108.6123509999999897
21
-84.0361319999999949
0
LINE
8
BLACK
6
CONTINUOUS
10
108.6123509999999897
20
-84.0361319999999949
11
108.4085499999999911
21
-84.1842010000000016
0
LINE
8
BLACK
6
CONTINUOUS
10
108.4085499999999911
20
-84.1842010000000016
11
108.4085449999999895
21
-84.1842049999999915
0
LINE
8
BLACK
6
CONTINUOUS
10
108.4085449999999895
20
-84.1842049999999915
11
108.2304079999999971
21
-84.3623429999999956
0
LINE
8
BLACK
6
CONTINUOUS
10
108.2304079999999971
20
-84.3623429999999956
11
108.2304010000000005
21
-84.3623499999999922
0
LINE
8
BLACK
6
CONTINUOUS
10
108.2304010000000005
20
-84.3623499999999922
11
108.0823319999999939
21
-84.5661509999999907
0
LINE
8
BLACK
6
CONTINUOUS
10
108.0823319999999939
20
-84.5661509999999907
11
107.9679599999999908
21
-84.790616
0
LINE
8
BLACK
6
CONTINUOUS
10
107.9679599999999908
20
-84.790616
11
107.8901099999999929
21
-85.0302140000000009
0
LINE
8
BLACK
6
CONTINUOUS
10
107.8901099999999929
20
-85.0302140000000009
11
107.8506999999999891
21
-85.2790379999999999
0
LINE
8
BLACK
6
CONTINUOUS
10
107.8506999999999891
20
-85.2790379999999999
11
107.8506999999999891
21
-85.5309609999999907
0
LINE
8
BLACK
6
CONTINUOUS
10
107.8506999999999891
20
-85.5309609999999907
11
107.8901099999999929
21
-85.7797849999999897
0
LINE
8
BLACK
6
CONTINUOUS
10
107.8901099999999929
20
-85.7797849999999897
11
107.9679599999999908
21
-86.0193829999999906
0
LINE
8
BLACK
6
CONTINUOUS
10
107.9679599999999908
20
-86.0193829999999906
11
108.0823319999999939
21
-86.2438479999999998
0
LINE
8
BLACK
6
CONTINUOUS
10
108.0823319999999939
20
-86.2438479999999998
11
108.1567049999999881
21
-86.3462150000000008
0
LINE
8
BLACK
6
CONTINUOUS
10
108.1567049999999881
20
-86.3462150000000008
11
108.1801849999999945
21
-86.4120209999999958
0
LINE
8
BLACK
6
CONTINUOUS
10
108.1801849999999945
20
-86.4120209999999958
11
108.1643589999999904
21
-86.4800749999999994
0
LINE
8
BLACK
6
CONTINUOUS
10
108.1643589999999904
20
-86.4800749999999994
11
108.1142529999999908
21
-86.5287699999999944
0
LINE
8
BLACK
6
CONTINUOUS
10
108.1142529999999908
20
-86.5287699999999944
11
108.0563870000000009
21
-86.5430999999999955
0
LINE
8
BLACK
6
CONTINUOUS
10
108.0563870000000009
20
-86.5430999999999955
11
103.3381459999999947
21
-86.5430999999999955
0
LINE
8
BLACK
6
CONTINUOUS
10
103.3381459999999947
20
-86.5430999999999955
11
103.2711070000000007
21
-86.523415
0
LINE
8
BLACK
6
CONTINUOUS
10
103.2711070000000007
20
-86.523415
11
103.2504649999999913
21
-86.5067809999999895
0
LINE
8
BLACK
6
CONTINUOUS
10
103.2504649999999913
20
-86.5067809999999895
11
100.0580190000000016
21
-83.3143340000000023
0
LINE
8
BLACK
6
CONTINUOUS
10
100.0580190000000016
20
-83.3143340000000023
11
100.0433149999999927
21
-83.2874059999999901
0
LINE
8
BLACK
6
CONTINUOUS
10
100.0433149999999927
20
-83.2874059999999901
11
100.0267229999999898
21
-83.2615880000000033
0
LINE
8
BLACK
6
CONTINUOUS
10
100.0267229999999898
20
-83.2615880000000033
11
100.0258309999999966
21
-83.2553869999999989
0
LINE
8
BLACK
6
CONTINUOUS
10
100.0258309999999966
20
-83.2553869999999989
11
100.0245339999999885
21
-83.2530110000000008
0
LINE
8
BLACK
6
CONTINUOUS
10
100.0245339999999885
20
-83.2530110000000008
11
100.0216999999999956
21
-83.2266529999999989
0
LINE
8
BLACK
6
CONTINUOUS
10
100.0216999999999956
20
-83.2266529999999989
11
100.0216999999999956
21
-83.1479399999999913
0
LINE
8
BLACK
6
CONTINUOUS
10
100.0216999999999956
20
-83.1479399999999913
11
100.0413849999999911
21
-83.0809009999999972
0
LINE
8
BLACK
6
CONTINUOUS
10
100.0413849999999911
20
-83.0809009999999972
11
100.0580190000000016
21
-83.0602590000000021
0
LINE
8
BLACK
6
CONTINUOUS
10
100.0580190000000016
20
-83.0602590000000021
11
100.0585099999999983
21
-83.0597679999999912
0
LINE
8
BLACK
6
CONTINUOUS
10
100.0585099999999983
20
-83.0597679999999912
11
100.1010160000000013
21
-83.0172620000000023
0
LINE
8
BLACK
6
CONTINUOUS
10
100.1010160000000013
20
-83.0172620000000023
11
100.1075189999999964
21
-83.0069110000000023
0
LINE
8
BLACK
6
CONTINUOUS
10
100.1075189999999964
20
-83.0069110000000023
11
100.1598499999999916
21
-82.9606199999999916
0
LINE
8
BLACK
6
CONTINUOUS
10
100.1598499999999916
20
-82.9606199999999916
11
100.2289030000000025
21
-82.9499689999999958
0
LINE
8
BLACK
6
CONTINUOUS
10
100.2289030000000025
20
-82.9499689999999958
11
100.2853989999999982
21
-82.9725629999999938
0
LINE
8
BLACK
6
CONTINUOUS
10
100.2853989999999982
20
-82.9725629999999938
11
100.4133169999999922
21
-83.0655000000000001
0
LINE
8
BLACK
6
CONTINUOUS
10
100.4133169999999922
20
-83.0655000000000001
11
100.448560999999998
21
-83.0911059999999964
0
LINE
8
BLACK
6
CONTINUOUS
10
100.448560999999998
20
-83.0911059999999964
11
100.6660150000000016
21
-83.201903999999999
0
LINE
8
BLACK
6
CONTINUOUS
10
100.6660150000000016
20
-83.201903999999999
11
100.8981239999999957
21
-83.2773210000000006
0
LINE
8
BLACK
6
CONTINUOUS
10
100.8981239999999957
20
-83.2773210000000006
11
101.1391729999999995
21
-83.3155000000000001
0
LINE
8
BLACK
6
CONTINUOUS
10
101.1391729999999995
20
-83.3155000000000001
11
101.139173999999997
21
-83.3155000000000001
0
LINE
8
BLACK
6
CONTINUOUS
10
101.139173999999997
20
-83.3155000000000001
11
101.3832259999999934
21
-83.3155000000000001
0
LINE
8
BLACK
6
CONTINUOUS
10
101.3832259999999934
20
-83.3155000000000001
11
101.3832269999999909
21
-83.3155000000000001
0
LINE
8
BLACK
6
CONTINUOUS
10
101.3832269999999909
20
-83.3155000000000001
11
101.6242759999999947
21
-83.2773210000000006
0
LINE
8
BLACK
6
CONTINUOUS
10
101.6242759999999947
20
-83.2773210000000006
11
101.8563849999999888
21
-83.201903999999999
0
LINE
8
BLACK
6
CONTINUOUS
10
101.8563849999999888
20
-83.201903999999999
11
102.0738389999999924
21
-83.0911059999999964
0
LINE
8
BLACK
6
CONTINUOUS
10
102.0738389999999924
20
-83.0911059999999964
11
102.2712829999999968
21
-82.9476549999999975
0
LINE
8
BLACK
6
CONTINUOUS
10
102.2712829999999968
20
-82.9476549999999975
11
102.4435189999999949
21
-82.7754189999999994
0
LINE
8
BLACK
6
CONTINUOUS
10
102.4435189999999949
20
-82.7754189999999994
11
102.5048419999999965
21
-82.7419340000000005
0
LINE
8
BLACK
6
CONTINUOUS
10
102.5048419999999965
20
-82.7419340000000005
11
102.5745339999999999
21
-82.7469179999999938
0
LINE
8
BLACK
6
CONTINUOUS
10
102.5745339999999999
20
-82.7469179999999938
11
102.6188810000000018
21
-82.7754189999999994
0
LINE
8
BLACK
6
CONTINUOUS
10
102.6188810000000018
20
-82.7754189999999994
11
102.7911179999999973
21
-82.9476559999999949
0
LINE
8
BLACK
6
CONTINUOUS
10
102.7911179999999973
20
-82.9476559999999949
11
102.7911229999999989
21
-82.9476599999999991
0
LINE
8
BLACK
6
CONTINUOUS
10
102.7911229999999989
20
-82.9476599999999991
11
102.8869229999999959
21
-83.0172620000000023
0
LINE
8
BLACK
6
CONTINUOUS
10
102.8869229999999959
20
-83.0172620000000023
11
102.98856099999999
21
-83.0911059999999964
0
LINE
8
BLACK
6
CONTINUOUS
10
102.98856099999999
20
-83.0911059999999964
11
103.2060149999999936
21
-83.201903999999999
0
LINE
8
BLACK
6
CONTINUOUS
10
103.2060149999999936
20
-83.201903999999999
11
103.438124000000002
21
-83.2773210000000006
0
LINE
8
BLACK
6
CONTINUOUS
10
103.438124000000002
20
-83.2773210000000006
11
103.6791729999999916
21
-83.3155000000000001
0
LINE
8
BLACK
6
CONTINUOUS
10
103.6791729999999916
20
-83.3155000000000001
11
103.6791739999999891
21
-83.3155000000000001
0
LINE
8
BLACK
6
CONTINUOUS
10
103.6791739999999891
20
-83.3155000000000001
11
103.9232259999999997
21
-83.3155000000000001
0
LINE
8
BLACK
6
CONTINUOUS
10
103.9232259999999997
20
-83.3155000000000001
11
103.9232269999999971
21
-83.3155000000000001
0
LINE
8
BLACK
6
CONTINUOUS
10
103.9232269999999971
20
-83.3155000000000001
11
104.164276000000001
21
-83.2773210000000006
0
LINE
8
BLACK
6
CONTINUOUS
10
104.164276000000001
20
-83.2773210000000006
11
104.3963849999999951
21
-83.201903999999999
0
LINE
8
BLACK
6
CONTINUOUS
10
104.3963849999999951
20
-83.201903999999999
11
104.6138389999999987
21
-83.0911059999999964
0
LINE
8
BLACK
6
CONTINUOUS
10
104.6138389999999987
20
-83.0911059999999964
11
104.6164859999999948
21
-83.0891829999999914
0
LINE
8
BLACK
6
CONTINUOUS
10
104.6164859999999948
20
-83.0891829999999914
11
104.6176589999999891
21
-83.0887639999999976
0
LINE
8
BLACK
6
CONTINUOUS
10
104.6176589999999891
20
-83.0887639999999976
11
104.6179879999999969
21
-83.0885629999999935
0
LINE
8
BLACK
6
CONTINUOUS
10
104.6179879999999969
20
-83.0885629999999935
11
104.6180299999999903
21
-83.0886309999999924
0
LINE
8
BLACK
6
CONTINUOUS
10
104.6180299999999903
20
-83.0886309999999924
11
104.6822919999999897
21
-83.0657020000000017
0
LINE
8
BLACK
6
CONTINUOUS
10
104.6822919999999897
20
-83.0657020000000017
11
104.6893719999999917
21
-83.0655000000000001
0
LINE
8
BLACK
6
CONTINUOUS
10
104.6893719999999917
20
-83.0655000000000001
11
112.8135509999999897
21
-83.0655000000000001
0
LINE
8
BLACK
6
CONTINUOUS
10
112.8135509999999897
20
-83.0655000000000001
11
112.8135520000000014
21
-83.0655000000000001
0
LINE
8
BLACK
6
CONTINUOUS
10
112.8135520000000014
20
-83.0655000000000001
11
113.0157349999999923
21
-83.0334769999999907
0
LINE
8
BLACK
6
CONTINUOUS
10
113.0157349999999923
20
-83.0334769999999907
11
113.1130759999999924
21
-83.0018479999999954
0
LINE
8
BLACK
6
CONTINUOUS
10
113.1130759999999924
20
-83.0018479999999954
11
113.2104190000000017
21
-82.9702199999999976
0
LINE
8
BLACK
6
CONTINUOUS
10
113.2104190000000017
20
-82.9702199999999976
11
113.3016140000000007
21
-82.9237529999999907
0
LINE
8
BLACK
6
CONTINUOUS
10
113.3016140000000007
20
-82.9237529999999907
11
113.3928109999999947
21
-82.8772869999999955
0
LINE
8
BLACK
6
CONTINUOUS
10
113.3928109999999947
20
-82.8772869999999955
11
113.5584190000000007
21
-82.7569659999999914
0
LINE
8
BLACK
6
CONTINUOUS
10
113.5584190000000007
20
-82.7569659999999914
11
117.3026100000000014
21
-79.0127729999999957
0
LINE
8
BLACK
6
CONTINUOUS
10
117.3026100000000014
20
-79.0127729999999957
11
117.3639309999999938
21
-78.9792899999999918
0
LINE
8
BLACK
6
CONTINUOUS
10
117.3639309999999938
20
-78.9792899999999918
11
117.3708449999999885
21
-78.9779899999999913
0
LINE
8
BLACK
6
CONTINUOUS
10
117.3708449999999885
20
-78.9779899999999913
11
117.4459849999999932
21
-78.9660899999999941
0
LINE
8
BLACK
6
CONTINUOUS
10
117.4459849999999932
20
-78.9660899999999941
11
117.6855789999999899
21
-78.8882409999999936
0
LINE
8
BLACK
6
CONTINUOUS
10
117.6855789999999899
20
-78.8882409999999936
11
117.9100449999999967
21
-78.7738700000000023
0
LINE
8
BLACK
6
CONTINUOUS
10
117.9100449999999967
20
-78.7738700000000023
11
118.1138559999999984
21
-78.6257930000000016
0
LINE
8
BLACK
6
CONTINUOUS
10
118.1138559999999984
20
-78.6257930000000016
11
118.2919929999999908
21
-78.4476559999999949
0
LINE
8
BLACK
6
CONTINUOUS
10
118.2919929999999908
20
-78.4476559999999949
11
118.4400699999999915
21
-78.2438449999999932
0
LINE
8
BLACK
6
CONTINUOUS
10
118.4400699999999915
20
-78.2438449999999932
11
118.5544409999999971
21
-78.0193790000000007
0
LINE
8
BLACK
6
CONTINUOUS
10
118.5544409999999971
20
-78.0193790000000007
11
118.6322899999999976
21
-77.7797849999999897
0
LINE
8
BLACK
6
CONTINUOUS
10
118.6322899999999976
20
-77.7797849999999897
11
118.6717000000000013
21
-77.5309620000000024
0
LINE
8
BLACK
6
CONTINUOUS
10
118.6717000000000013
20
-77.5309620000000024
11
118.6717000000000013
21
-77.2790379999999999
0
LINE
8
BLACK
6
CONTINUOUS
10
118.6717000000000013
20
-77.2790379999999999
11
118.6322899999999976
21
-77.0302149999999983
0
LINE
8
BLACK
6
CONTINUOUS
10
118.6322899999999976
20
-77.0302149999999983
11
118.5544409999999971
21
-76.7906210000000016
0
LINE
8
BLACK
6
CONTINUOUS
10
118.5544409999999971
20
-76.7906210000000016
11
118.5544389999999879
21
-76.7906179999999949
0
LINE
8
BLACK
6
CONTINUOUS
10
118.5544389999999879
20
-76.7906179999999949
11
118.5544389999999879
21
-76.790616
0
LINE
8
BLACK
6
CONTINUOUS
10
118.5544389999999879
20
-76.790616
11
118.5069039999999916
21
-76.6973239999999947
0
LINE
8
BLACK
6
CONTINUOUS
10
118.5069039999999916
20
-76.6973239999999947
11
118.4400699999999915
21
-76.5661549999999949
0
LINE
8
BLACK
6
CONTINUOUS
10
118.4400699999999915
20
-76.5661549999999949
11
118.4211519999999922
21
-76.5401169999999951
0
LINE
8
BLACK
6
CONTINUOUS
10
118.4211519999999922
20
-76.5401169999999951
11
118.2919979999999924
21
-76.3623499999999922
0
LINE
8
BLACK
6
CONTINUOUS
10
118.2919979999999924
20
-76.3623499999999922
11
118.2919939999999883
21
-76.3623449999999906
0
LINE
8
BLACK
6
CONTINUOUS
10
118.2919939999999883
20
-76.3623449999999906
11
118.1138539999999892
21
-76.1842049999999915
0
LINE
8
BLACK
6
CONTINUOUS
10
118.1138539999999892
20
-76.1842049999999915
11
118.1138489999999877
21
-76.1842010000000016
0
LINE
8
BLACK
6
CONTINUOUS
10
118.1138489999999877
20
-76.1842010000000016
11
117.9100479999999891
21
-76.0361319999999949
0
LINE
8
BLACK
6
CONTINUOUS
10
117.9100479999999891
20
-76.0361319999999949
11
117.9100469999999916
21
-76.0361309999999975
0
LINE
8
BLACK
6
CONTINUOUS
10
117.9100469999999916
20
-76.0361309999999975
11
117.9100449999999967
21
-76.03613
0
LINE
8
BLACK
6
CONTINUOUS
10
117.9100449999999967
20
-76.03613
11
117.6855789999999899
21
-75.9217589999999944
0
LINE
8
BLACK
6
CONTINUOUS
10
117.6855789999999899
20
-75.9217589999999944
11
117.5614379999999954
21
-75.8814229999999981
0
LINE
8
BLACK
6
CONTINUOUS
10
117.5614379999999954
20
-75.8814229999999981
11
117.4459829999999982
21
-75.8439089999999965
0
LINE
8
BLACK
6
CONTINUOUS
10
117.4459829999999982
20
-75.8439089999999965
11
117.3708889999999911
21
-75.8320149999999984
0
LINE
8
BLACK
6
CONTINUOUS
10
117.3708889999999911
20
-75.8320149999999984
11
117.3077550000000002
21
-75.8020849999999911
0
LINE
8
BLACK
6
CONTINUOUS
10
117.3077550000000002
20
-75.8020849999999911
11
117.3026079999999922
21
-75.7972230000000025
0
LINE
8
BLACK
6
CONTINUOUS
10
117.3026079999999922
20
-75.7972230000000025
11
115.7986209999999971
21
-74.2932359999999932
0
LINE
8
BLACK
6
CONTINUOUS
10
115.7986209999999971
20
-74.2932359999999932
11
115.798618999999988
21
-74.2932339999999982
0
LINE
8
BLACK
6
CONTINUOUS
10
115.798618999999988
20
-74.2932339999999982
11
115.6330109999999962
21
-74.1729129999999941
0
LINE
8
BLACK
6
CONTINUOUS
10
115.6330109999999962
20
-74.1729129999999941
11
115.4995210000000014
21
-74.104896999999994
0
LINE
8
BLACK
6
CONTINUOUS
10
115.4995210000000014
20
-74.104896999999994
11
115.4995179999999948
21
-74.1048949999999991
0
LINE
8
BLACK
6
CONTINUOUS
10
115.4995179999999948
20
-74.1048949999999991
11
115.4506209999999982
21
-74.0799810000000036
0
LINE
8
BLACK
6
CONTINUOUS
10
115.4506209999999982
20
-74.0799810000000036
11
115.4506200000000007
21
-74.0799799999999919
0
LINE
8
BLACK
6
CONTINUOUS
10
115.4506200000000007
20
-74.0799799999999919
11
115.450618999999989
21
-74.0799799999999919
0
LINE
8
BLACK
6
CONTINUOUS
10
115.450618999999989
20
-74.0799799999999919
11
115.3198209999999904
21
-74.0374809999999997
0
LINE
8
BLACK
6
CONTINUOUS
10
115.3198209999999904
20
-74.0374809999999997
11
115.2559349999999938
21
-74.0167229999999989
0
LINE
8
BLACK
6
CONTINUOUS
10
115.2559349999999938
20
-74.0167229999999989
11
115.2559320000000014
21
-74.0167220000000015
0
LINE
8
BLACK
6
CONTINUOUS
10
115.2559320000000014
20
-74.0167220000000015
11
115.1006199999999922
21
-73.9921229999999923
0
LINE
8
BLACK
6
CONTINUOUS
10
115.1006199999999922
20
-73.9921229999999923
11
115.0537519999999887
21
-73.9847000000000037
0
LINE
8
BLACK
6
CONTINUOUS
10
115.0537519999999887
20
-73.9847000000000037
11
98.1161479999999955
21
-73.9847000000000037
0
LINE
8
BLACK
6
CONTINUOUS
10
98.1161479999999955
20
-73.9847000000000037
11
98.0487540000000024
21
-73.9953739999999982
0
LINE
8
BLACK
6
CONTINUOUS
10
98.0487540000000024
20
-73.9953739999999982
11
97.9139639999999929
21
-74.0167229999999989
0
LINE
8
BLACK
6
CONTINUOUS
10
97.9139639999999929
20
-74.0167229999999989
11
97.7192840000000018
21
-74.0799769999999995
0
LINE
8
BLACK
6
CONTINUOUS
10
97.7192840000000018
20
-74.0799769999999995
11
97.7192809999999952
21
-74.079977999999997
0
LINE
8
BLACK
6
CONTINUOUS
10
97.7192809999999952
20
-74.079977999999997
11
97.5368859999999955
21
-74.1729150000000033
0
LINE
8
BLACK
6
CONTINUOUS
10
97.5368859999999955
20
-74.1729150000000033
11
97.3712859999999978
21
-74.2932279999999992
0
LINE
8
BLACK
6
CONTINUOUS
10
97.3712859999999978
20
-74.2932279999999992
11
97.3712819999999937
21
-74.2932320000000033
0
LINE
8
BLACK
6
CONTINUOUS
10
97.3712819999999937
20
-74.2932320000000033
11
91.4063340000000011
21
-80.2581809999999933
0
LINE
8
BLACK
6
CONTINUOUS
10
91.4063340000000011
20
-80.2581809999999933
11
91.3450109999999995
21
-80.2916659999999922
0
LINE
8
BLACK
6
CONTINUOUS
10
91.3450109999999995
20
-80.2916659999999922
11
91.3186529999999976
21
-80.2944999999999993
0
LINE
8
BLACK
6
CONTINUOUS
10
91.3186529999999976
20
-80.2944999999999993
11
85.0691449999999918
21
-80.2944999999999993
0
LINE
8
BLACK
6
CONTINUOUS
10
85.0691449999999918
20
-80.2944999999999993
11
85.0021059999999977
21
-80.2748149999999896
0
LINE
8
BLACK
6
CONTINUOUS
10
85.0021059999999977
20
-80.2748149999999896
11
84.956350999999998
21
-80.2220109999999949
0
LINE
8
BLACK
6
CONTINUOUS
10
84.956350999999998
20
-80.2220109999999949
11
84.9464069999999936
21
-80.1528529999999932
0
LINE
8
BLACK
6
CONTINUOUS
10
84.9464069999999936
20
-80.1528529999999932
11
84.9688269999999903
21
-80.0976149999999905
0
LINE
8
BLACK
6
CONTINUOUS
10
84.9688269999999903
20
-80.0976149999999905
11
85.0223450000000014
21
-80.0239519999999942
0
LINE
8
BLACK
6
CONTINUOUS
10
85.0223450000000014
20
-80.0239519999999942
11
85.0978339999999918
21
-79.9200510000000008
0
LINE
8
BLACK
6
CONTINUOUS
10
85.0978339999999918
20
-79.9200510000000008
11
85.2157789999999977
21
-79.6885719999999935
0
LINE
8
BLACK
6
CONTINUOUS
10
85.2157789999999977
20
-79.6885719999999935
11
85.2960599999999971
21
-79.4414929999999941
0
LINE
8
BLACK
6
CONTINUOUS
10
85.2960599999999971
20
-79.4414929999999941
11
85.3187389999999937
21
-79.2982980000000026
0
LINE
8
BLACK
6
CONTINUOUS
10
85.3187389999999937
20
-79.2982980000000026
11
85.3366999999999933
21
-79.1849019999999939
0
LINE
8
BLACK
6
CONTINUOUS
10
85.3366999999999933
20
-79.1849019999999939
11
85.3366999999999933
21
-78.9250969999999938
0
LINE
8
BLACK
6
CONTINUOUS
10
85.3366999999999933
20
-78.9250969999999938
11
85.3151469999999961
21
-78.7890209999999911
0
LINE
8
BLACK
6
CONTINUOUS
10
85.3151469999999961
20
-78.7890209999999911
11
85.2960599999999971
21
-78.6685069999999911
0
LINE
8
BLACK
6
CONTINUOUS
10
85.2960599999999971
20
-78.6685069999999911
11
85.2157789999999977
21
-78.4214279999999917
0
LINE
8
BLACK
6
CONTINUOUS
10
85.2157789999999977
20
-78.4214279999999917
11
85.2157770000000028
21
-78.4214249999999993
0
LINE
8
BLACK
6
CONTINUOUS
10
85.2157770000000028
20
-78.4214249999999993
11
85.2157770000000028
21
-78.4214229999999901
0
LINE
8
BLACK
6
CONTINUOUS
10
85.2157770000000028
20
-78.4214229999999901
11
85.152230000000003
21
-78.2967069999999978
0
LINE
8
BLACK
6
CONTINUOUS
10
85.152230000000003
20
-78.2967069999999978
11
85.0978339999999918
21
-78.1899489999999986
0
LINE
8
BLACK
6
CONTINUOUS
10
85.0978339999999918
20
-78.1899489999999986
11
84.9451309999999893
21
-77.9797709999999995
0
LINE
8
BLACK
6
CONTINUOUS
10
84.9451309999999893
20
-77.9797709999999995
11
84.8380409999999898
21
-77.872681
0
LINE
8
BLACK
6
CONTINUOUS
10
84.8380409999999898
20
-77.872681
11
84.8045559999999909
21
-77.8113579999999985
0
LINE
8
BLACK
6
CONTINUOUS
10
84.8045559999999909
20
-77.8113579999999985
11
84.8095399999999984
21
-77.7416659999999951
0
LINE
8
BLACK
6
CONTINUOUS
10
84.8095399999999984
20
-77.7416659999999951
11
84.8380409999999898
21
-77.6973189999999931
0
LINE
8
BLACK
6
CONTINUOUS
10
84.8380409999999898
20
-77.6973189999999931
11
84.9451309999999893
21
-77.5902289999999937
0
LINE
8
BLACK
6
CONTINUOUS
10
84.9451309999999893
20
-77.5902289999999937
11
85.0978339999999918
21
-77.3800509999999946
0
LINE
8
BLACK
6
CONTINUOUS
10
85.0978339999999918
20
-77.3800509999999946
11
85.2157789999999977
21
-77.1485720000000015
0
LINE
8
BLACK
6
CONTINUOUS
10
85.2157789999999977
20
-77.1485720000000015
11
85.2960599999999971
21
-76.9014930000000021
0
LINE
8
BLACK
6
CONTINUOUS
10
85.2960599999999971
20
-76.9014930000000021
11
85.3187389999999937
21
-76.7582979999999964
0
LINE
8
BLACK
6
CONTINUOUS
10
85.3187389999999937
20
-76.7582979999999964
11
85.3366999999999933
21
-76.6449020000000019
0
LINE
8
BLACK
6
CONTINUOUS
10
85.3366999999999933
20
-76.6449020000000019
11
85.3366999999999933
21
-76.3850970000000018
0
LINE
8
BLACK
6
CONTINUOUS
10
85.3366999999999933
20
-76.3850970000000018
11
85.3151469999999961
21
-76.249020999999999
0
LINE
8
BLACK
6
CONTINUOUS
10
85.3151469999999961
20
-76.249020999999999
11
85.2960599999999971
21
-76.128506999999999
0
LINE
8
BLACK
6
CONTINUOUS
10
85.2960599999999971
20
-76.128506999999999
11
85.2157789999999977
21
-75.8814279999999997
0
LINE
8
BLACK
6
CONTINUOUS
10
85.2157789999999977
20
-75.8814279999999997
11
85.2157770000000028
21
-75.881424999999993
0
LINE
8
BLACK
6
CONTINUOUS
10
85.2157770000000028
20
-75.881424999999993
11
85.2157770000000028
21
-75.8814229999999981
0
LINE
8
BLACK
6
CONTINUOUS
10
85.2157770000000028
20
-75.8814229999999981
11
85.1728739999999931
21
-75.7972230000000025
0
LINE
8
BLACK
6
CONTINUOUS
10
85.1728739999999931
20
-75.7972230000000025
11
85.0978339999999918
21
-75.6499489999999923
0
LINE
8
BLACK
6
CONTINUOUS
10
85.0978339999999918
20
-75.6499489999999923
11
84.9451309999999893
21
-75.4397709999999933
0
LINE
8
BLACK
6
CONTINUOUS
10
84.9451309999999893
20
-75.4397709999999933
11
84.8380409999999898
21
-75.3326809999999938
0
LINE
8
BLACK
6
CONTINUOUS
10
84.8380409999999898
20
-75.3326809999999938
11
84.8045559999999909
21
-75.2713579999999922
0
LINE
8
BLACK
6
CONTINUOUS
10
84.8045559999999909
20
-75.2713579999999922
11
84.8095399999999984
21
-75.201666000000003
0
LINE
8
BLACK
6
CONTINUOUS
10
84.8095399999999984
20
-75.201666000000003
11
84.8380409999999898
21
-75.1573190000000011
0
LINE
8
BLACK
6
CONTINUOUS
10
84.8380409999999898
20
-75.1573190000000011
11
84.9451309999999893
21
-75.0502290000000016
0
LINE
8
BLACK
6
CONTINUOUS
10
84.9451309999999893
20
-75.0502290000000016
11
85.0978339999999918
21
-74.8400510000000025
0
LINE
8
BLACK
6
CONTINUOUS
10
85.0978339999999918
20
-74.8400510000000025
11
85.2157789999999977
21
-74.6085719999999952
0
LINE
8
BLACK
6
CONTINUOUS
10
85.2157789999999977
20
-74.6085719999999952
11
85.2960599999999971
21
-74.3614929999999958
0
LINE
8
BLACK
6
CONTINUOUS
10
85.2960599999999971
20
-74.3614929999999958
11
85.320533999999995
21
-74.2069659999999942
0
LINE
8
BLACK
6
CONTINUOUS
10
85.320533999999995
20
-74.2069659999999942
11
85.3366999999999933
21
-74.1049019999999956
0
LINE
8
BLACK
6
CONTINUOUS
10
85.3366999999999933
20
-74.1049019999999956
11
85.3366999999999933
21
-73.8450969999999955
0
LINE
8
BLACK
6
CONTINUOUS
10
85.3366999999999933
20
-73.8450969999999955
11
85.3151469999999961
21
-73.7090209999999928
0
LINE
8
BLACK
6
CONTINUOUS
10
85.3151469999999961
20
-73.7090209999999928
11
85.2960599999999971
21
-73.5885069999999928
0
LINE
8
BLACK
6
CONTINUOUS
10
85.2960599999999971
20
-73.5885069999999928
11
85.2157789999999977
21
-73.3414279999999934
0
LINE
8
BLACK
6
CONTINUOUS
10
85.2157789999999977
20
-73.3414279999999934
11
85.2157770000000028
21
-73.341425000000001
0
LINE
8
BLACK
6
CONTINUOUS
10
85.2157770000000028
20
-73.341425000000001
11
85.2157770000000028
21
-73.3414229999999918
0
LINE
8
BLACK
6
CONTINUOUS
10
85.2157770000000028
20
-73.3414229999999918
11
85.172986999999992
21
-73.2574449999999899
0
LINE
8
BLACK
6
CONTINUOUS
10
85.172986999999992
20
-73.2574449999999899
11
85.0978339999999918
21
-73.1099490000000003
0
LINE
8
BLACK
6
CONTINUOUS
10
85.0978339999999918
20
-73.1099490000000003
11
84.9451309999999893
21
-72.8997710000000012
0
LINE
8
BLACK
6
CONTINUOUS
10
84.9451309999999893
20
-72.8997710000000012
11
84.8380409999999898
21
-72.7926810000000017
0
LINE
8
BLACK
6
CONTINUOUS
10
84.8380409999999898
20
-72.7926810000000017
11
84.8045559999999909
21
-72.7313580000000002
0
LINE
8
BLACK
6
CONTINUOUS
10
84.8045559999999909
20
-72.7313580000000002
11
84.8095399999999984
21
-72.6616659999999968
0
LINE
8
BLACK
6
CONTINUOUS
10
84.8095399999999984
20
-72.6616659999999968
11
84.8380409999999898
21
-72.6173189999999948
0
LINE
8
BLACK
6
CONTINUOUS
10
84.8380409999999898
20
-72.6173189999999948
11
84.873936999999998
21
-72.5814230000000009
0
LINE
8
BLACK
6
CONTINUOUS
10
84.873936999999998
20
-72.5814230000000009
11
84.9451309999999893
21
-72.5102289999999954
0
LINE
8
BLACK
6
CONTINUOUS
10
84.9451309999999893
20
-72.5102289999999954
11
85.0978339999999918
21
-72.3000509999999963
0
LINE
8
BLACK
6
CONTINUOUS
10
85.0978339999999918
20
-72.3000509999999963
11
85.2157789999999977
21
-72.0685720000000032
0
LINE
8
BLACK
6
CONTINUOUS
10
85.2157789999999977
20
-72.0685720000000032
11
85.2960599999999971
21
-71.8214930000000038
0
LINE
8
BLACK
6
CONTINUOUS
10
85.2960599999999971
20
-71.8214930000000038
11
85.3187389999999937
21
-71.6782979999999981
0
LINE
8
BLACK
6
CONTINUOUS
10
85.3187389999999937
20
-71.6782979999999981
11
85.3366999999999933
21
-71.5649020000000036
0
LINE
8
BLACK
6
CONTINUOUS
10
85.3366999999999933
20
-71.5649020000000036
11
85.3366999999999933
21
-71.3050970000000035
0
LINE
8
BLACK
6
CONTINUOUS
10
85.3366999999999933
20
-71.3050970000000035
11
85.3151469999999961
21
-71.1690210000000008
0
LINE
8
BLACK
6
CONTINUOUS
10
85.3151469999999961
20
-71.1690210000000008
11
85.2960599999999971
21
-71.0485070000000007
0
LINE
8
BLACK
6
CONTINUOUS
10
85.2960599999999971
20
-71.0485070000000007
11
85.2157789999999977
21
-70.8014280000000014
0
LINE
8
BLACK
6
CONTINUOUS
10
85.2157789999999977
20
-70.8014280000000014
11
85.2157770000000028
21
-70.8014249999999947
0
LINE
8
BLACK
6
CONTINUOUS
10
85.2157770000000028
20
-70.8014249999999947
11
85.2157770000000028
21
-70.8014229999999998
0
LINE
8
BLACK
6
CONTINUOUS
10
85.2157770000000028
20
-70.8014229999999998
11
85.1506320000000017
21
-70.6735709999999955
0
LINE
8
BLACK
6
CONTINUOUS
10
85.1506320000000017
20
-70.6735709999999955
11
85.0978339999999918
21
-70.569948999999994
0
LINE
8
BLACK
6
CONTINUOUS
10
85.0978339999999918
20
-70.569948999999994
11
84.9451309999999893
21
-70.359770999999995
0
LINE
8
BLACK
6
CONTINUOUS
10
84.9451309999999893
20
-70.359770999999995
11
84.8380409999999898
21
-70.2526809999999955
0
LINE
8
BLACK
6
CONTINUOUS
10
84.8380409999999898
20
-70.2526809999999955
11
84.8045559999999909
21
-70.1913579999999939
0
LINE
8
BLACK
6
CONTINUOUS
10
84.8045559999999909
20
-70.1913579999999939
11
84.8095399999999984
21
-70.1216659999999905
0
LINE
8
BLACK
6
CONTINUOUS
10
84.8095399999999984
20
-70.1216659999999905
11
84.8380409999999898
21
-70.0773190000000028
0
LINE
8
BLACK
6
CONTINUOUS
10
84.8380409999999898
20
-70.0773190000000028
11
84.873936999999998
21
-70.0414229999999947
0
LINE
8
BLACK
6
CONTINUOUS
10
84.873936999999998
20
-70.0414229999999947
11
84.9451309999999893
21
-69.9702290000000033
0
LINE
8
BLACK
6
CONTINUOUS
10
84.9451309999999893
20
-69.9702290000000033
11
85.0978339999999918
21
-69.76005099999999
0
LINE
8
BLACK
6
CONTINUOUS
10
85.0978339999999918
20
-69.76005099999999
11
85.2157789999999977
21
-69.5285719999999969
0
LINE
8
BLACK
6
CONTINUOUS
10
85.2157789999999977
20
-69.5285719999999969
11
85.2960599999999971
21
-69.2814929999999976
0
LINE
8
BLACK
6
CONTINUOUS
10
85.2960599999999971
20
-69.2814929999999976
11
85.320533999999995
21
-69.1269659999999959
0
LINE
8
BLACK
6
CONTINUOUS
10
85.320533999999995
20
-69.1269659999999959
11
85.3366999999999933
21
-69.0249019999999973
0
LINE
8
BLACK
6
CONTINUOUS
10
85.3366999999999933
20
-69.0249019999999973
11
85.3366999999999933
21
-68.7650969999999973
0
LINE
8
BLACK
6
CONTINUOUS
10
85.3366999999999933
20
-68.7650969999999973
11
85.3085049999999967
21
-68.5870850000000019
0
LINE
8
BLACK
6
CONTINUOUS
10
85.3085049999999967
20
-68.5870850000000019
11
85.2960599999999971
21
-68.5085069999999945
0
LINE
8
BLACK
6
CONTINUOUS
10
85.2960599999999971
20
-68.5085069999999945
11
85.2157789999999977
21
-68.2614279999999951
0
LINE
8
BLACK
6
CONTINUOUS
10
85.2157789999999977
20
-68.2614279999999951
11
85.2157770000000028
21
-68.2614250000000027
0
LINE
8
BLACK
6
CONTINUOUS
10
85.2157770000000028
20
-68.2614250000000027
11
85.2157770000000028
21
-68.2614229999999935
0
LINE
8
BLACK
6
CONTINUOUS
10
85.2157770000000028
20
-68.2614229999999935
11
85.1625939999999986
21
-68.1570480000000032
0
LINE
8
BLACK
6
CONTINUOUS
10
85.1625939999999986
20
-68.1570480000000032
11
85.0978339999999918
21
-68.029949000000002
0
LINE
8
BLACK
6
CONTINUOUS
10
85.0978339999999918
20
-68.029949000000002
11
84.9451309999999893
21
-67.8197710000000029
0
LINE
8
BLACK
6
CONTINUOUS
10
84.9451309999999893
20
-67.8197710000000029
11
84.8380409999999898
21
-67.7126810000000035
0
LINE
8
BLACK
6
CONTINUOUS
10
84.8380409999999898
20
-67.7126810000000035
11
84.8045559999999909
21
-67.6513580000000019
0
LINE
8
BLACK
6
CONTINUOUS
10
84.8045559999999909
20
-67.6513580000000019
11
84.8095399999999984
21
-67.5816659999999985
0
LINE
8
BLACK
6
CONTINUOUS
10
84.8095399999999984
20
-67.5816659999999985
11
84.8380409999999898
21
-67.5373189999999965
0
LINE
8
BLACK
6
CONTINUOUS
10
84.8380409999999898
20
-67.5373189999999965
11
84.873936999999998
21
-67.5014230000000026
0
LINE
8
BLACK
6
CONTINUOUS
10
84.873936999999998
20
-67.5014230000000026
11
84.9451309999999893
21
-67.4302289999999971
0
LINE
8
BLACK
6
CONTINUOUS
10
84.9451309999999893
20
-67.4302289999999971
11
85.0978339999999918
21
-67.220050999999998
0
LINE
8
BLACK
6
CONTINUOUS
10
85.0978339999999918
20
-67.220050999999998
11
85.2157789999999977
21
-66.9885719999999907
0
LINE
8
BLACK
6
CONTINUOUS
10
85.2157789999999977
20
-66.9885719999999907
11
85.2960599999999971
21
-66.7414929999999913
0
LINE
8
BLACK
6
CONTINUOUS
10
85.2960599999999971
20
-66.7414929999999913
11
85.3187389999999937
21
-66.5982979999999998
0
LINE
8
BLACK
6
CONTINUOUS
10
85.3187389999999937
20
-66.5982979999999998
11
85.3366999999999933
21
-66.4849019999999911
0
LINE
8
BLACK
6
CONTINUOUS
10
85.3366999999999933
20
-66.4849019999999911
11
85.3366999999999933
21
-66.225096999999991
0
LINE
8
BLACK
6
CONTINUOUS
10
85.3366999999999933
20
-66.225096999999991
11
85.3090409999999935
21
-66.0504660000000001
0
LINE
8
BLACK
6
CONTINUOUS
10
85.3090409999999935
20
-66.0504660000000001
11
85.2960599999999971
21
-65.9685070000000024
0
LINE
8
BLACK
6
CONTINUOUS
10
85.2960599999999971
20
-65.9685070000000024
11
85.2157789999999977
21
-65.7214280000000031
0
LINE
8
BLACK
6
CONTINUOUS
10
85.2157789999999977
20
-65.7214280000000031
11
85.2157770000000028
21
-65.7214249999999964
0
LINE
8
BLACK
6
CONTINUOUS
10
85.2157770000000028
20
-65.7214249999999964
11
85.2157770000000028
21
-65.7214230000000015
0
LINE
8
BLACK
6
CONTINUOUS
10
85.2157770000000028
20
-65.7214230000000015
11
85.172986999999992
21
-65.6374449999999996
0
LINE
8
BLACK
6
CONTINUOUS
10
85.172986999999992
20
-65.6374449999999996
11
85.0978339999999918
21
-65.4899489999999957
0
LINE
8
BLACK
6
CONTINUOUS
10
85.0978339999999918
20
-65.4899489999999957
11
84.9451309999999893
21
-65.2797709999999967
0
LINE
8
BLACK
6
CONTINUOUS
10
84.9451309999999893
20
-65.2797709999999967
11
84.8380409999999898
21
-65.1726809999999972
0
LINE
8
BLACK
6
CONTINUOUS
10
84.8380409999999898
20
-65.1726809999999972
11
84.8045559999999909
21
-65.1113579999999956
0
LINE
8
BLACK
6
CONTINUOUS
10
84.8045559999999909
20
-65.1113579999999956
11
84.8095399999999984
21
-65.0416659999999922
0
LINE
8
BLACK
6
CONTINUOUS
10
84.8095399999999984
20
-65.0416659999999922
11
84.8380409999999898
21
-64.9973189999999903
0
LINE
8
BLACK
6
CONTINUOUS
10
84.8380409999999898
20
-64.9973189999999903
11
84.9451309999999893
21
-64.8902289999999908
0
LINE
8
BLACK
6
CONTINUOUS
10
84.9451309999999893
20
-64.8902289999999908
11
85.0978339999999918
21
-64.6800509999999917
0
LINE
8
BLACK
6
CONTINUOUS
10
85.0978339999999918
20
-64.6800509999999917
11
85.2157789999999977
21
-64.4485719999999986
0
LINE
8
BLACK
6
CONTINUOUS
10
85.2157789999999977
20
-64.4485719999999986
11
85.2960599999999971
21
-64.2014929999999993
0
LINE
8
BLACK
6
CONTINUOUS
10
85.2960599999999971
20
-64.2014929999999993
11
85.3249299999999948
21
-64.0192109999999985
0
LINE
8
BLACK
6
CONTINUOUS
10
85.3249299999999948
20
-64.0192109999999985
11
85.3366999999999933
21
-63.944901999999999
0
LINE
8
BLACK
6
CONTINUOUS
10
85.3366999999999933
20
-63.944901999999999
11
85.3366999999999933
21
-63.685096999999999
0
LINE
8
BLACK
6
CONTINUOUS
10
85.3366999999999933
20
-63.685096999999999
11
85.3096759999999961
21
-63.5144769999999994
0
LINE
8
BLACK
6
CONTINUOUS
10
85.3096759999999961
20
-63.5144769999999994
11
85.2960599999999971
21
-63.4285069999999962
0
LINE
8
BLACK
6
CONTINUOUS
10
85.2960599999999971
20
-63.4285069999999962
11
85.2157789999999977
21
-63.1814279999999968
0
LINE
8
BLACK
6
CONTINUOUS
10
85.2157789999999977
20
-63.1814279999999968
11
85.2157770000000028
21
-63.1814249999999973
0
LINE
8
BLACK
6
CONTINUOUS
10
85.2157770000000028
20
-63.1814249999999973
11
85.2157770000000028
21
-63.1814229999999952
0
LINE
8
BLACK
6
CONTINUOUS
10
85.2157770000000028
20
-63.1814229999999952
11
85.1541349999999966
21
-63.0604449999999943
0
LINE
8
BLACK
6
CONTINUOUS
10
85.1541349999999966
20
-63.0604449999999943
11
85.0978339999999918
21
-62.9499489999999966
0
LINE
8
BLACK
6
CONTINUOUS
10
85.0978339999999918
20
-62.9499489999999966
11
84.9451309999999893
21
-62.7397709999999975
0
LINE
8
BLACK
6
CONTINUOUS
10
84.9451309999999893
20
-62.7397709999999975
11
84.8380409999999898
21
-62.6326809999999981
0
LINE
8
BLACK
6
CONTINUOUS
10
84.8380409999999898
20
-62.6326809999999981
11
84.8045559999999909
21
-62.5713579999999965
0
LINE
8
BLACK
6
CONTINUOUS
10
84.8045559999999909
20
-62.5713579999999965
11
84.8095399999999984
21
-62.5016660000000002
0
LINE
8
BLACK
6
CONTINUOUS
10
84.8095399999999984
20
-62.5016660000000002
11
84.8380409999999898
21
-62.4573189999999983
0
LINE
8
BLACK
6
CONTINUOUS
10
84.8380409999999898
20
-62.4573189999999983
11
84.8477109999999897
21
-62.4476489999999984
0
LINE
8
BLACK
6
CONTINUOUS
10
84.8477109999999897
20
-62.4476489999999984
11
84.9451309999999893
21
-62.3502289999999988
0
LINE
8
BLACK
6
CONTINUOUS
10
84.9451309999999893
20
-62.3502289999999988
11
85.0978339999999918
21
-62.1400509999999997
0
LINE
8
BLACK
6
CONTINUOUS
10
85.0978339999999918
20
-62.1400509999999997
11
85.2157789999999977
21
-61.9085719999999995
0
LINE
8
BLACK
6
CONTINUOUS
10
85.2157789999999977
20
-61.9085719999999995
11
85.2960599999999971
21
-61.6614930000000001
0
LINE
8
BLACK
6
CONTINUOUS
10
85.2960599999999971
20
-61.6614930000000001
11
85.3187389999999937
21
-61.5182979999999944
0
LINE
8
BLACK
6
CONTINUOUS
10
85.3187389999999937
20
-61.5182979999999944
11
85.3366999999999933
21
-61.4049019999999999
0
LINE
8
BLACK
6
CONTINUOUS
10
85.3366999999999933
20
-61.4049019999999999
11
85.3366999999999933
21
-61.1450969999999998
0
LINE
8
BLACK
6
CONTINUOUS
10
85.3366999999999933
20
-61.1450969999999998
11
85.3151469999999961
21
-61.0090209999999971
0
LINE
8
BLACK
6
CONTINUOUS
10
85.3151469999999961
20
-61.0090209999999971
11
85.2960599999999971
21
-60.888506999999997
0
LINE
8
BLACK
6
CONTINUOUS
10
85.2960599999999971
20
-60.888506999999997
11
85.2157789999999977
21
-60.6414279999999977
0
LINE
8
BLACK
6
CONTINUOUS
10
85.2157789999999977
20
-60.6414279999999977
11
85.2157770000000028
21
-60.6414249999999981
0
LINE
8
BLACK
6
CONTINUOUS
10
85.2157770000000028
20
-60.6414249999999981
11
85.2157770000000028
21
-60.6414229999999961
0
LINE
8
BLACK
6
CONTINUOUS
10
85.2157770000000028
20
-60.6414229999999961
11
85.172986999999992
21
-60.5574449999999942
0
LINE
8
BLACK
6
CONTINUOUS
10
85.172986999999992
20
-60.5574449999999942
11
85.0978339999999918
21
-60.4099489999999975
0
LINE
8
BLACK
6
CONTINUOUS
10
85.0978339999999918
20
-60.4099489999999975
11
84.9451309999999893
21
-60.1997709999999984
0
LINE
8
BLACK
6
CONTINUOUS
10
84.9451309999999893
20
-60.1997709999999984
11
84.8380409999999898
21
-60.0926809999999989
0
LINE
8
BLACK
6
CONTINUOUS
10
84.8380409999999898
20
-60.0926809999999989
11
84.8045559999999909
21
-60.0313579999999973
0
LINE
8
BLACK
6
CONTINUOUS
10
84.8045559999999909
20
-60.0313579999999973
11
84.8095399999999984
21
-59.9616659999999939
0
LINE
8
BLACK
6
CONTINUOUS
10
84.8095399999999984
20
-59.9616659999999939
11
84.8380409999999898
21
-59.9173189999999991
0
LINE
8
BLACK
6
CONTINUOUS
10
84.8380409999999898
20
-59.9173189999999991
11
84.9451309999999893
21
-59.8102289999999996
0
LINE
8
BLACK
6
CONTINUOUS
10
84.9451309999999893
20
-59.8102289999999996
11
85.0978339999999918
21
-59.6000510000000006
0
LINE
8
BLACK
6
CONTINUOUS
10
85.0978339999999918
20
-59.6000510000000006
11
85.2157789999999977
21
-59.3685720000000003
0
LINE
8
BLACK
6
CONTINUOUS
10
85.2157789999999977
20
-59.3685720000000003
11
85.2960599999999971
21
-59.1214929999999939
0
LINE
8
BLACK
6
CONTINUOUS
10
85.2960599999999971
20
-59.1214929999999939
11
85.3187389999999937
21
-58.9782979999999952
0
LINE
8
BLACK
6
CONTINUOUS
10
85.3187389999999937
20
-58.9782979999999952
11
85.3366999999999933
21
-58.8649020000000007
0
LINE
8
BLACK
6
CONTINUOUS
10
85.3366999999999933
20
-58.8649020000000007
11
85.3366999999999933
21
-58.6050970000000007
0
LINE
8
BLACK
6
CONTINUOUS
10
85.3366999999999933
20
-58.6050970000000007
11
85.3076379999999972
21
-58.4216109999999986
0
LINE
8
BLACK
6
CONTINUOUS
10
85.3076379999999972
20
-58.4216109999999986
11
85.2960599999999971
21
-58.3485069999999979
0
LINE
8
BLACK
6
CONTINUOUS
10
85.2960599999999971
20
-58.3485069999999979
11
85.2157789999999977
21
-58.1014279999999985
0
LINE
8
BLACK
6
CONTINUOUS
10
85.2157789999999977
20
-58.1014279999999985
11
85.2157770000000028
21
-58.101424999999999
0
LINE
8
BLACK
6
CONTINUOUS
10
85.2157770000000028
20
-58.101424999999999
11
85.2157770000000028
21
-58.1014229999999969
0
LINE
8
BLACK
6
CONTINUOUS
10
85.2157770000000028
20
-58.1014229999999969
11
85.172986999999992
21
-58.017444999999995
0
LINE
8
BLACK
6
CONTINUOUS
10
85.172986999999992
20
-58.017444999999995
11
85.0978339999999918
21
-57.8699489999999983
0
LINE
8
BLACK
6
CONTINUOUS
10
85.0978339999999918
20
-57.8699489999999983
11
84.9451309999999893
21
-57.6597709999999992
0
LINE
8
BLACK
6
CONTINUOUS
10
84.9451309999999893
20
-57.6597709999999992
11
84.8380409999999898
21
-57.5526809999999998
0
LINE
8
BLACK
6
CONTINUOUS
10
84.8380409999999898
20
-57.5526809999999998
11
84.8045559999999909
21
-57.4913579999999982
0
LINE
8
BLACK
6
CONTINUOUS
10
84.8045559999999909
20
-57.4913579999999982
11
84.8095399999999984
21
-57.4216659999999948
0
LINE
8
BLACK
6
CONTINUOUS
10
84.8095399999999984
20
-57.4216659999999948
11
84.8380409999999898
21
-57.377319
0
LINE
8
BLACK
6
CONTINUOUS
10
84.8380409999999898
20
-57.377319
11
84.9451309999999893
21
-57.2702290000000005
0
LINE
8
BLACK
6
CONTINUOUS
10
84.9451309999999893
20
-57.2702290000000005
11
85.0978339999999918
21
-57.0600509999999943
0
LINE
8
BLACK
6
CONTINUOUS
10
85.0978339999999918
20
-57.0600509999999943
11
85.2157789999999977
21
-56.8285719999999941
0
LINE
8
BLACK
6
CONTINUOUS
10
85.2157789999999977
20
-56.8285719999999941
11
85.2960599999999971
21
-56.5814929999999947
0
LINE
8
BLACK
6
CONTINUOUS
10
85.2960599999999971
20
-56.5814929999999947
11
85.3187389999999937
21
-56.4382979999999961
0
LINE
8
BLACK
6
CONTINUOUS
10
85.3187389999999937
20
-56.4382979999999961
11
85.3366999999999933
21
-56.3249019999999945
0
LINE
8
BLACK
6
CONTINUOUS
10
85.3366999999999933
20
-56.3249019999999945
11
85.3366999999999933
21
-56.0650969999999944
0
LINE
8
BLACK
6
CONTINUOUS
10
85.3366999999999933
20
-56.0650969999999944
11
85.3151469999999961
21
-55.9290209999999988
0
LINE
8
BLACK
6
CONTINUOUS
10
85.3151469999999961
20
-55.9290209999999988
11
85.2960599999999971
21
-55.8085069999999988
0
LINE
8
BLACK
6
CONTINUOUS
10
85.2960599999999971
20
-55.8085069999999988
11
85.2157789999999977
21
-55.5614279999999994
0
LINE
8
BLACK
6
CONTINUOUS
10
85.2157789999999977
20
-55.5614279999999994
11
85.2157770000000028
21
-55.5614249999999998
0
LINE
8
BLACK
6
CONTINUOUS
10
85.2157770000000028
20
-55.5614249999999998
11
85.2157770000000028
21
-55.5614229999999978
0
LINE
8
BLACK
6
CONTINUOUS
10
85.2157770000000028
20
-55.5614229999999978
11
85.0978329999999943
21
-55.3299479999999946
0
LINE
8
BLACK
6
CONTINUOUS
10
85.0978329999999943
20
-55.3299479999999946
11
85.0978319999999968
21
-55.3299459999999996
0
LINE
8
BLACK
6
CONTINUOUS
10
85.0978319999999968
20
-55.3299459999999996
11
85.0529849999999925
21
-55.2682189999999949
0
LINE
8
BLACK
6
CONTINUOUS
10
85.0529849999999925
20
-55.2682189999999949
11
85.0295059999999978
21
-55.2024159999999995
0
LINE
8
BLACK
6
CONTINUOUS
10
85.0295059999999978
20
-55.2024159999999995
11
85.0453309999999902
21
-55.1343619999999959
0
LINE
8
BLACK
6
CONTINUOUS
10
85.0453309999999902
20
-55.1343619999999959
11
85.0656230000000022
21
-55.1076549999999941
0
LINE
8
BLACK
6
CONTINUOUS
10
85.0656230000000022
20
-55.1076549999999941
11
85.0656239999999997
21
-55.1076539999999966
0
LINE
8
BLACK
6
CONTINUOUS
10
85.0656239999999997
20
-55.1076539999999966
11
85.1660159999999991
21
-55.0072619999999972
0
LINE
8
BLACK
6
CONTINUOUS
10
85.1660159999999991
20
-55.0072619999999972
11
85.2619889999999998
21
-54.8545219999999958
0
LINE
8
BLACK
6
CONTINUOUS
10
85.2619889999999998
20
-54.8545219999999958
11
85.3215679999999992
21
-54.6842550000000003
0
LINE
8
BLACK
6
CONTINUOUS
10
85.3215679999999992
20
-54.6842550000000003
11
85.3366999999999933
21
-54.5499539999999996
0
LINE
8
BLACK
6
CONTINUOUS
10
85.3366999999999933
20
-54.5499539999999996
11
85.3366999999999933
21
-52.7600459999999956
0
LINE
8
BLACK
6
CONTINUOUS
10
85.3366999999999933
20
-52.7600459999999956
11
85.3215679999999992
21
-52.6257449999999949
0
LINE
8
BLACK
6
CONTINUOUS
10
85.3215679999999992
20
-52.6257449999999949
11
85.2619889999999998
21
-52.4554779999999994
0
LINE
8
BLACK
6
CONTINUOUS
10
85.2619889999999998
20
-52.4554779999999994
11
85.1660159999999991
21
-52.302737999999998
0
LINE
8
BLACK
6
CONTINUOUS
10
85.1660159999999991
20
-52.302737999999998
11
85.0384619999999956
21
-52.1751839999999945
0
LINE
8
BLACK
6
CONTINUOUS
10
85.0384619999999956
20
-52.1751839999999945
11
85.0019549999999953
21
-52.1522450000000006
0
LINE
8
BLACK
6
CONTINUOUS
10
85.0019549999999953
20
-52.1522450000000006
11
84.8857229999999987
21
-52.0792110000000008
0
LINE
8
BLACK
6
CONTINUOUS
10
84.8857229999999987
20
-52.0792110000000008
11
84.715453999999994
21
-52.0196309999999968
0
LINE
8
BLACK
6
CONTINUOUS
10
84.715453999999994
20
-52.0196309999999968
11
84.7154489999999925
21
-52.0196299999999994
0
LINE
8
BLACK
6
CONTINUOUS
10
84.7154489999999925
20
-52.0196299999999994
11
84.581159999999997
21
-52.0045000000000002
0
LINE
8
BLACK
6
CONTINUOUS
10
84.581159999999997
20
-52.0045000000000002
11
84.5811539999999979
21
-52.0045000000000002
0
LINE
8
BLACK
6
CONTINUOUS
10
84.5811539999999979
20
-52.0045000000000002
11
82.791246000000001
21
-52.0045000000000002
0
LINE
8
BLACK
6
CONTINUOUS
10
82.791246000000001
20
-52.0045000000000002
11
82.7912389999999903
21
-52.0045000000000002
0
LINE
8
BLACK
6
CONTINUOUS
10
82.7912389999999903
20
-52.0045000000000002
11
82.6569499999999948
21
-52.0196299999999994
0
LINE
8
BLACK
6
CONTINUOUS
10
82.6569499999999948
20
-52.0196299999999994
11
82.6569449999999932
21
-52.0196309999999968
0
LINE
8
BLACK
6
CONTINUOUS
10
82.6569449999999932
20
-52.0196309999999968
11
82.4866760000000028
21
-52.0792110000000008
0
LINE
8
BLACK
6
CONTINUOUS
10
82.4866760000000028
20
-52.0792110000000008
11
82.3339369999999917
21
-52.1751839999999945
0
LINE
8
BLACK
6
CONTINUOUS
10
82.3339369999999917
20
-52.1751839999999945
11
82.2063839999999999
21
-52.3027370000000005
0
LINE
8
BLACK
6
CONTINUOUS
10
82.2063839999999999
20
-52.3027370000000005
11
82.1104109999999991
21
-52.4554759999999973
0
LINE
8
BLACK
6
CONTINUOUS
10
82.1104109999999991
20
-52.4554759999999973
11
82.0508310000000023
21
-52.6257449999999949
0
LINE
8
BLACK
6
CONTINUOUS
10
82.0508310000000023
20
-52.6257449999999949
11
82.0508299999999906
21
-52.6257499999999965
0
LINE
8
BLACK
6
CONTINUOUS
10
82.0508299999999906
20
-52.6257499999999965
11
82.0356999999999914
21
-52.760038999999999
0
LINE
8
BLACK
6
CONTINUOUS
10
82.0356999999999914
20
-52.760038999999999
11
82.0356999999999914
21
-54.5499599999999987
0
LINE
8
BLACK
6
CONTINUOUS
10
82.0356999999999914
20
-54.5499599999999987
11
82.0508299999999906
21
-54.6842489999999941
0
LINE
8
BLACK
6
CONTINUOUS
10
82.0508299999999906
20
-54.6842489999999941
11
82.0508310000000023
21
-54.6842539999999957
0
LINE
8
BLACK
6
CONTINUOUS
10
82.0508310000000023
20
-54.6842539999999957
11
82.1104109999999991
21
-54.8545230000000004
0
LINE
8
BLACK
6
CONTINUOUS
10
82.1104109999999991
20
-54.8545230000000004
11
82.2063839999999999
21
-55.0072619999999972
0
LINE
8
BLACK
6
CONTINUOUS
10
82.2063839999999999
20
-55.0072619999999972
11
82.3067759999999993
21
-55.1076539999999966
0
LINE
8
BLACK
6
CONTINUOUS
10
82.3067759999999993
20
-55.1076539999999966
11
82.3402609999999981
21
-55.1689769999999982
0
LINE
8
BLACK
6
CONTINUOUS
10
82.3402609999999981
20
-55.1689769999999982
11
82.3352769999999907
21
-55.2386689999999945
0
LINE
8
BLACK
6
CONTINUOUS
10
82.3352769999999907
20
-55.2386689999999945
11
82.3194139999999948
21
-55.2682189999999949
0
LINE
8
BLACK
6
CONTINUOUS
10
82.3194139999999948
20
-55.2682189999999949
11
82.2745669999999905
21
-55.3299459999999996
0
LINE
8
BLACK
6
CONTINUOUS
10
82.2745669999999905
20
-55.3299459999999996
11
82.1566219999999987
21
-55.5614229999999978
0
LINE
8
BLACK
6
CONTINUOUS
10
82.1566219999999987
20
-55.5614229999999978
11
82.0763400000000019
21
-55.8085059999999942
0
LINE
8
BLACK
6
CONTINUOUS
10
82.0763400000000019
20
-55.8085059999999942
11
82.0356999999999914
21
-56.0650969999999944
0
LINE
8
BLACK
6
CONTINUOUS
10
82.0356999999999914
20
-56.0650969999999944
11
82.0356999999999914
21
-56.3249019999999945
0
LINE
8
BLACK
6
CONTINUOUS
10
82.0356999999999914
20
-56.3249019999999945
11
82.0763400000000019
21
-56.5814929999999947
0
LINE
8
BLACK
6
CONTINUOUS
10
82.0763400000000019
20
-56.5814929999999947
11
82.1566219999999987
21
-56.8285759999999982
0
LINE
8
BLACK
6
CONTINUOUS
10
82.1566219999999987
20
-56.8285759999999982
11
82.2745680000000021
21
-57.0600540000000009
0
LINE
8
BLACK
6
CONTINUOUS
10
82.2745680000000021
20
-57.0600540000000009
11
82.427266000000003
21
-57.2702249999999964
0
LINE
8
BLACK
6
CONTINUOUS
10
82.427266000000003
20
-57.2702249999999964
11
82.4272709999999904
21
-57.2702309999999954
0
LINE
8
BLACK
6
CONTINUOUS
10
82.4272709999999904
20
-57.2702309999999954
11
82.5343589999999949
21
-57.377319
0
LINE
8
BLACK
6
CONTINUOUS
10
82.5343589999999949
20
-57.377319
11
82.5678439999999938
21
-57.4386419999999944
0
LINE
8
BLACK
6
CONTINUOUS
10
82.5678439999999938
20
-57.4386419999999944
11
82.5628600000000006
21
-57.5083339999999978
0
LINE
8
BLACK
6
CONTINUOUS
10
82.5628600000000006
20
-57.5083339999999978
11
82.5343589999999949
21
-57.5526809999999998
0
LINE
8
BLACK
6
CONTINUOUS
10
82.5343589999999949
20
-57.5526809999999998
11
82.4272709999999904
21
-57.6597679999999997
0
LINE
8
BLACK
6
CONTINUOUS
10
82.4272709999999904
20
-57.6597679999999997
11
82.427266000000003
21
-57.6597739999999988
0
LINE
8
BLACK
6
CONTINUOUS
10
82.427266000000003
20
-57.6597739999999988
11
82.2745680000000021
21
-57.8699449999999942
0
LINE
8
BLACK
6
CONTINUOUS
10
82.2745680000000021
20
-57.8699449999999942
11
82.1566219999999987
21
-58.1014229999999969
0
LINE
8
BLACK
6
CONTINUOUS
10
82.1566219999999987
20
-58.1014229999999969
11
82.0763400000000019
21
-58.3485060000000004
0
LINE
8
BLACK
6
CONTINUOUS
10
82.0763400000000019
20
-58.3485060000000004
11
82.0356999999999914
21
-58.6050970000000007
0
LINE
8
BLACK
6
CONTINUOUS
10
82.0356999999999914
20
-58.6050970000000007
11
82.0356999999999914
21
-58.8649020000000007
0
LINE
8
BLACK
6
CONTINUOUS
10
82.0356999999999914
20
-58.8649020000000007
11
82.0763400000000019
21
-59.1214929999999939
0
LINE
8
BLACK
6
CONTINUOUS
10
82.0763400000000019
20
-59.1214929999999939
11
82.1566219999999987
21
-59.3685759999999974
0
LINE
8
BLACK
6
CONTINUOUS
10
82.1566219999999987
20
-59.3685759999999974
11
82.2745680000000021
21
-59.6000540000000001
0
LINE
8
BLACK
6
CONTINUOUS
10
82.2745680000000021
20
-59.6000540000000001
11
82.427266000000003
21
-59.8102249999999955
0
LINE
8
BLACK
6
CONTINUOUS
10
82.427266000000003
20
-59.8102249999999955
11
82.4272709999999904
21
-59.8102309999999946
0
LINE
8
BLACK
6
CONTINUOUS
10
82.4272709999999904
20
-59.8102309999999946
11
82.5343589999999949
21
-59.9173189999999991
0
LINE
8
BLACK
6
CONTINUOUS
10
82.5343589999999949
20
-59.9173189999999991
11
82.5678439999999938
21
-59.9786420000000007
0
LINE
8
BLACK
6
CONTINUOUS
10
82.5678439999999938
20
-59.9786420000000007
11
82.5628600000000006
21
-60.048333999999997
0
LINE
8
BLACK
6
CONTINUOUS
10
82.5628600000000006
20
-60.048333999999997
11
82.5343589999999949
21
-60.0926809999999989
0
LINE
8
BLACK
6
CONTINUOUS
10
82.5343589999999949
20
-60.0926809999999989
11
82.4272709999999904
21
-60.1997679999999988
0
LINE
8
BLACK
6
CONTINUOUS
10
82.4272709999999904
20
-60.1997679999999988
11
82.427266000000003
21
-60.1997739999999979
0
LINE
8
BLACK
6
CONTINUOUS
10
82.427266000000003
20
-60.1997739999999979
11
82.2745680000000021
21
-60.4099450000000004
0
LINE
8
BLACK
6
CONTINUOUS
10
82.2745680000000021
20
-60.4099450000000004
11
82.1566219999999987
21
-60.6414229999999961
0
LINE
8
BLACK
6
CONTINUOUS
10
82.1566219999999987
20
-60.6414229999999961
11
82.0763400000000019
21
-60.8885059999999996
0
LINE
8
BLACK
6
CONTINUOUS
10
82.0763400000000019
20
-60.8885059999999996
11
82.0356999999999914
21
-61.1450969999999998
0
LINE
8
BLACK
6
CONTINUOUS
10
82.0356999999999914
20
-61.1450969999999998
11
82.0356999999999914
21
-61.4049019999999999
0
LINE
8
BLACK
6
CONTINUOUS
10
82.0356999999999914
20
-61.4049019999999999
11
82.0763400000000019
21
-61.6614930000000001
0
LINE
8
BLACK
6
CONTINUOUS
10
82.0763400000000019
20
-61.6614930000000001
11
82.1566219999999987
21
-61.9085759999999965
0
LINE
8
BLACK
6
CONTINUOUS
10
82.1566219999999987
20
-61.9085759999999965
11
82.236504999999994
21
-62.0653529999999947
0
LINE
8
BLACK
6
CONTINUOUS
10
82.236504999999994
20
-62.0653529999999947
11
82.2717430000000007
21
-62.1345109999999963
0
LINE
8
BLACK
6
CONTINUOUS
10
82.2717430000000007
20
-62.1345109999999963
11
82.2745680000000021
21
-62.1400539999999992
0
LINE
8
BLACK
6
CONTINUOUS
10
82.2745680000000021
20
-62.1400539999999992
11
82.427266000000003
21
-62.3502249999999947
0
LINE
8
BLACK
6
CONTINUOUS
10
82.427266000000003
20
-62.3502249999999947
11
82.4272709999999904
21
-62.3502309999999937
0
LINE
8
BLACK
6
CONTINUOUS
10
82.4272709999999904
20
-62.3502309999999937
11
82.5343589999999949
21
-62.4573189999999983
0
LINE
8
BLACK
6
CONTINUOUS
10
82.5343589999999949
20
-62.4573189999999983
11
82.5678439999999938
21
-62.5186419999999998
0
LINE
8
BLACK
6
CONTINUOUS
10
82.5678439999999938
20
-62.5186419999999998
11
82.5628600000000006
21
-62.5883339999999961
0
LINE
8
BLACK
6
CONTINUOUS
10
82.5628600000000006
20
-62.5883339999999961
11
82.5343589999999949
21
-62.6326809999999981
0
LINE
8
BLACK
6
CONTINUOUS
10
82.5343589999999949
20
-62.6326809999999981
11
82.4272709999999904
21
-62.739767999999998
0
LINE
8
BLACK
6
CONTINUOUS
10
82.4272709999999904
20
-62.739767999999998
11
82.427266000000003
21
-62.739773999999997
0
LINE
8
BLACK
6
CONTINUOUS
10
82.427266000000003
20
-62.739773999999997
11
82.2745680000000021
21
-62.9499449999999996
0
LINE
8
BLACK
6
CONTINUOUS
10
82.2745680000000021
20
-62.9499449999999996
11
82.1566219999999987
21
-63.1814229999999952
0
LINE
8
BLACK
6
CONTINUOUS
10
82.1566219999999987
20
-63.1814229999999952
11
82.0763400000000019
21
-63.4285059999999987
0
LINE
8
BLACK
6
CONTINUOUS
10
82.0763400000000019
20
-63.4285059999999987
11
82.0356999999999914
21
-63.685096999999999
0
LINE
8
BLACK
6
CONTINUOUS
10
82.0356999999999914
20
-63.685096999999999
11
82.0356999999999914
21
-63.944901999999999
0
LINE
8
BLACK
6
CONTINUOUS
10
82.0356999999999914
20
-63.944901999999999
11
82.0763400000000019
21
-64.2014929999999993
0
LINE
8
BLACK
6
CONTINUOUS
10
82.0763400000000019
20
-64.2014929999999993
11
82.1566219999999987
21
-64.4485760000000028
0
LINE
8
BLACK
6
CONTINUOUS
10
82.1566219999999987
20
-64.4485760000000028
11
82.2149550000000033
21
-64.5630579999999981
0
LINE
8
BLACK
6
CONTINUOUS
10
82.2149550000000033
20
-64.5630579999999981
11
82.2580639999999903
21
-64.6476650000000035
0
LINE
8
BLACK
6
CONTINUOUS
10
82.2580639999999903
20
-64.6476650000000035
11
82.2745680000000021
21
-64.6800539999999984
0
LINE
8
BLACK
6
CONTINUOUS
10
82.2745680000000021
20
-64.6800539999999984
11
82.427266000000003
21
-64.8902250000000009
0
LINE
8
BLACK
6
CONTINUOUS
10
82.427266000000003
20
-64.8902250000000009
11
82.4272709999999904
21
-64.890231
0
LINE
8
BLACK
6
CONTINUOUS
10
82.4272709999999904
20
-64.890231
11
82.5343589999999949
21
-64.9973189999999903
0
LINE
8
BLACK
6
CONTINUOUS
10
82.5343589999999949
20
-64.9973189999999903
11
82.5678439999999938
21
-65.0586419999999919
0
LINE
8
BLACK
6
CONTINUOUS
10
82.5678439999999938
20
-65.0586419999999919
11
82.5628600000000006
21
-65.1283339999999953
0
LINE
8
BLACK
6
CONTINUOUS
10
82.5628600000000006
20
-65.1283339999999953
11
82.5343589999999949
21
-65.1726809999999972
0
LINE
8
BLACK
6
CONTINUOUS
10
82.5343589999999949
20
-65.1726809999999972
11
82.4272709999999904
21
-65.27976799999999
0
LINE
8
BLACK
6
CONTINUOUS
10
82.4272709999999904
20
-65.27976799999999
11
82.427266000000003
21
-65.2797740000000033
0
LINE
8
BLACK
6
CONTINUOUS
10
82.427266000000003
20
-65.2797740000000033
11
82.2745680000000021
21
-65.4899449999999916
0
LINE
8
BLACK
6
CONTINUOUS
10
82.2745680000000021
20
-65.4899449999999916
11
82.1566219999999987
21
-65.7214230000000015
0
LINE
8
BLACK
6
CONTINUOUS
10
82.1566219999999987
20
-65.7214230000000015
11
82.0763400000000019
21
-65.9685059999999908
0
LINE
8
BLACK
6
CONTINUOUS
10
82.0763400000000019
20
-65.9685059999999908
11
82.0356999999999914
21
-66.225096999999991
0
LINE
8
BLACK
6
CONTINUOUS
10
82.0356999999999914
20
-66.225096999999991
11
82.0356999999999914
21
-66.4849019999999911
0
LINE
8
BLACK
6
CONTINUOUS
10
82.0356999999999914
20
-66.4849019999999911
11
82.0763400000000019
21
-66.7414929999999913
0
LINE
8
BLACK
6
CONTINUOUS
10
82.0763400000000019
20
-66.7414929999999913
11
82.1566219999999987
21
-66.9885759999999948
0
LINE
8
BLACK
6
CONTINUOUS
10
82.1566219999999987
20
-66.9885759999999948
11
82.201121999999998
21
-67.0759099999999933
0
LINE
8
BLACK
6
CONTINUOUS
10
82.201121999999998
20
-67.0759099999999933
11
82.2521759999999915
21
-67.1761089999999967
0
LINE
8
BLACK
6
CONTINUOUS
10
82.2521759999999915
20
-67.1761089999999967
11
82.2745680000000021
21
-67.2200539999999904
0
LINE
8
BLACK
6
CONTINUOUS
10
82.2745680000000021
20
-67.2200539999999904
11
82.427266000000003
21
-67.430224999999993
0
LINE
8
BLACK
6
CONTINUOUS
10
82.427266000000003
20
-67.430224999999993
11
82.4272709999999904
21
-67.430230999999992
0
LINE
8
BLACK
6
CONTINUOUS
10
82.4272709999999904
20
-67.430230999999992
11
82.5343589999999949
21
-67.5373189999999965
0
LINE
8
BLACK
6
CONTINUOUS
10
82.5343589999999949
20
-67.5373189999999965
11
82.5678439999999938
21
-67.5986419999999981
0
LINE
8
BLACK
6
CONTINUOUS
10
82.5678439999999938
20
-67.5986419999999981
11
82.5628600000000006
21
-67.6683340000000015
0
LINE
8
BLACK
6
CONTINUOUS
10
82.5628600000000006
20
-67.6683340000000015
11
82.5343589999999949
21
-67.7126810000000035
0
LINE
8
BLACK
6
CONTINUOUS
10
82.5343589999999949
20
-67.7126810000000035
11
82.4272709999999904
21
-67.8197679999999963
0
LINE
8
BLACK
6
CONTINUOUS
10
82.4272709999999904
20
-67.8197679999999963
11
82.427266000000003
21
-67.8197739999999953
0
LINE
8
BLACK
6
CONTINUOUS
10
82.427266000000003
20
-67.8197739999999953
11
82.2745680000000021
21
-68.0299449999999979
0
LINE
8
BLACK
6
CONTINUOUS
10
82.2745680000000021
20
-68.0299449999999979
11
82.1566219999999987
21
-68.2614229999999935
0
LINE
8
BLACK
6
CONTINUOUS
10
82.1566219999999987
20
-68.2614229999999935
11
82.0763400000000019
21
-68.508505999999997
0
LINE
8
BLACK
6
CONTINUOUS
10
82.0763400000000019
20
-68.508505999999997
11
82.0356999999999914
21
-68.7650969999999973
0
LINE
8
BLACK
6
CONTINUOUS
10
82.0356999999999914
20
-68.7650969999999973
11
82.0356999999999914
21
-69.0249019999999973
0
LINE
8
BLACK
6
CONTINUOUS
10
82.0356999999999914
20
-69.0249019999999973
11
82.0763400000000019
21
-69.2814929999999976
0
LINE
8
BLACK
6
CONTINUOUS
10
82.0763400000000019
20
-69.2814929999999976
11
82.1566219999999987
21
-69.528576000000001
0
LINE
8
BLACK
6
CONTINUOUS
10
82.1566219999999987
20
-69.528576000000001
11
82.2745680000000021
21
-69.7600539999999967
0
LINE
8
BLACK
6
CONTINUOUS
10
82.2745680000000021
20
-69.7600539999999967
11
82.427266000000003
21
-69.9702249999999992
0
LINE
8
BLACK
6
CONTINUOUS
10
82.427266000000003
20
-69.9702249999999992
11
82.4272709999999904
21
-69.9702309999999983
0
LINE
8
BLACK
6
CONTINUOUS
10
82.4272709999999904
20
-69.9702309999999983
11
82.5343589999999949
21
-70.0773190000000028
0
LINE
8
BLACK
6
CONTINUOUS
10
82.5343589999999949
20
-70.0773190000000028
11
82.5678439999999938
21
-70.1386419999999902
0
LINE
8
BLACK
6
CONTINUOUS
10
82.5678439999999938
20
-70.1386419999999902
11
82.5628600000000006
21
-70.2083339999999936
0
LINE
8
BLACK
6
CONTINUOUS
10
82.5628600000000006
20
-70.2083339999999936
11
82.5343589999999949
21
-70.2526809999999955
0
LINE
8
BLACK
6
CONTINUOUS
10
82.5343589999999949
20
-70.2526809999999955
11
82.4272709999999904
21
-70.3597680000000025
0
LINE
8
BLACK
6
CONTINUOUS
10
82.4272709999999904
20
-70.3597680000000025
11
82.4272699999999929
21
-70.3597699999999975
0
LINE
8
BLACK
6
CONTINUOUS
10
82.4272699999999929
20
-70.3597699999999975
11
82.2745680000000021
21
-70.5699449999999899
0
LINE
8
BLACK
6
CONTINUOUS
10
82.2745680000000021
20
-70.5699449999999899
11
82.1566219999999987
21
-70.8014229999999998
0
LINE
8
BLACK
6
CONTINUOUS
10
82.1566219999999987
20
-70.8014229999999998
11
82.0763400000000019
21
-71.0485060000000033
0
LINE
8
BLACK
6
CONTINUOUS
10
82.0763400000000019
20
-71.0485060000000033
11
82.0356999999999914
21
-71.3050970000000035
0
LINE
8
BLACK
6
CONTINUOUS
10
82.0356999999999914
20
-71.3050970000000035
11
82.0356999999999914
21
-71.5649020000000036
0
LINE
8
BLACK
6
CONTINUOUS
10
82.0356999999999914
20
-71.5649020000000036
11
82.0763400000000019
21
-71.8214930000000038
0
LINE
8
BLACK
6
CONTINUOUS
10
82.0763400000000019
20
-71.8214930000000038
11
82.1566219999999987
21
-72.0685759999999931
0
LINE
8
BLACK
6
CONTINUOUS
10
82.1566219999999987
20
-72.0685759999999931
11
82.2745680000000021
21
-72.3000540000000029
0
LINE
8
BLACK
6
CONTINUOUS
10
82.2745680000000021
20
-72.3000540000000029
11
82.427266000000003
21
-72.5102249999999913
0
LINE
8
BLACK
6
CONTINUOUS
10
82.427266000000003
20
-72.5102249999999913
11
82.4272709999999904
21
-72.5102309999999903
0
LINE
8
BLACK
6
CONTINUOUS
10
82.4272709999999904
20
-72.5102309999999903
11
82.5343589999999949
21
-72.6173189999999948
0
LINE
8
BLACK
6
CONTINUOUS
10
82.5343589999999949
20
-72.6173189999999948
11
82.5678439999999938
21
-72.6786419999999964
0
LINE
8
BLACK
6
CONTINUOUS
10
82.5678439999999938
20
-72.6786419999999964
11
82.5628600000000006
21
-72.7483339999999998
0
LINE
8
BLACK
6
CONTINUOUS
10
82.5628600000000006
20
-72.7483339999999998
11
82.5343589999999949
21
-72.7926810000000017
0
LINE
8
BLACK
6
CONTINUOUS
10
82.5343589999999949
20
-72.7926810000000017
11
82.4272709999999904
21
-72.8997679999999946
0
LINE
8
BLACK
6
CONTINUOUS
10
82.4272709999999904
20
-72.8997679999999946
11
82.427266000000003
21
-72.8997739999999936
0
LINE
8
BLACK
6
CONTINUOUS
10
82.427266000000003
20
-72.8997739999999936
11
82.2745680000000021
21
-73.1099449999999962
0
LINE
8
BLACK
6
CONTINUOUS
10
82.2745680000000021
20
-73.1099449999999962
11
82.1566219999999987
21
-73.3414229999999918
0
LINE
8
BLACK
6
CONTINUOUS
10
82.1566219999999987
20
-73.3414229999999918
11
82.0763400000000019
21
-73.5885059999999953
0
LINE
8
BLACK
6
CONTINUOUS
10
82.0763400000000019
20
-73.5885059999999953
11
82.0356999999999914
21
-73.8450969999999955
0
LINE
8
BLACK
6
CONTINUOUS
10
82.0356999999999914
20
-73.8450969999999955
11
82.0356999999999914
21
-74.1049019999999956
0
LINE
8
BLACK
6
CONTINUOUS
10
82.0356999999999914
20
-74.1049019999999956
11
82.0763400000000019
21
-74.3614929999999958
0
LINE
8
BLACK
6
CONTINUOUS
10
82.0763400000000019
20
-74.3614929999999958
11
82.1566219999999987
21
-74.6085759999999993
0
LINE
8
BLACK
6
CONTINUOUS
10
82.1566219999999987
20
-74.6085759999999993
11
82.2259189999999904
21
-74.7445769999999925
0
LINE
8
BLACK
6
CONTINUOUS
10
82.2259189999999904
20
-74.7445769999999925
11
82.2668249999999972
21
-74.8248590000000036
0
LINE
8
BLACK
6
CONTINUOUS
10
82.2668249999999972
20
-74.8248590000000036
11
82.2745680000000021
21
-74.840053999999995
0
LINE
8
BLACK
6
CONTINUOUS
10
82.2745680000000021
20
-74.840053999999995
11
82.427266000000003
21
-75.0502249999999975
0
LINE
8
BLACK
6
CONTINUOUS
10
82.427266000000003
20
-75.0502249999999975
11
82.4272709999999904
21
-75.0502309999999966
0
LINE
8
BLACK
6
CONTINUOUS
10
82.4272709999999904
20
-75.0502309999999966
11
82.5343589999999949
21
-75.1573190000000011
0
LINE
8
BLACK
6
CONTINUOUS
10
82.5343589999999949
20
-75.1573190000000011
11
82.5678439999999938
21
-75.2186420000000027
0
LINE
8
BLACK
6
CONTINUOUS
10
82.5678439999999938
20
-75.2186420000000027
11
82.5628600000000006
21
-75.2883339999999919
0
LINE
8
BLACK
6
CONTINUOUS
10
82.5628600000000006
20
-75.2883339999999919
11
82.5343589999999949
21
-75.3326809999999938
0
LINE
8
BLACK
6
CONTINUOUS
10
82.5343589999999949
20
-75.3326809999999938
11
82.4272709999999904
21
-75.4397680000000008
0
LINE
8
BLACK
6
CONTINUOUS
10
82.4272709999999904
20
-75.4397680000000008
11
82.427266000000003
21
-75.4397739999999999
0
LINE
8
BLACK
6
CONTINUOUS
10
82.427266000000003
20
-75.4397739999999999
11
82.2745680000000021
21
-75.6499450000000024
0
LINE
8
BLACK
6
CONTINUOUS
10
82.2745680000000021
20
-75.6499450000000024
11
82.1566219999999987
21
-75.8814229999999981
0
LINE
8
BLACK
6
CONTINUOUS
10
82.1566219999999987
20
-75.8814229999999981
11
82.0763400000000019
21
-76.1285060000000016
0
LINE
8
BLACK
6
CONTINUOUS
10
82.0763400000000019
20
-76.1285060000000016
11
82.0356999999999914
21
-76.3850970000000018
0
LINE
8
BLACK
6
CONTINUOUS
10
82.0356999999999914
20
-76.3850970000000018
11
82.0356999999999914
21
-76.6449020000000019
0
LINE
8
BLACK
6
CONTINUOUS
10
82.0356999999999914
20
-76.6449020000000019
11
82.0763400000000019
21
-76.9014930000000021
0
LINE
8
BLACK
6
CONTINUOUS
10
82.0763400000000019
20
-76.9014930000000021
11
82.1566219999999987
21
-77.1485759999999914
0
LINE
8
BLACK
6
CONTINUOUS
10
82.1566219999999987
20
-77.1485759999999914
11
82.2745680000000021
21
-77.3800540000000012
0
LINE
8
BLACK
6
CONTINUOUS
10
82.2745680000000021
20
-77.3800540000000012
11
82.427266000000003
21
-77.5902249999999896
0
LINE
8
BLACK
6
CONTINUOUS
10
82.427266000000003
20
-77.5902249999999896
11
82.4272709999999904
21
-77.5902310000000028
0
LINE
8
BLACK
6
CONTINUOUS
10
82.4272709999999904
20
-77.5902310000000028
11
82.5343589999999949
21
-77.6973189999999931
0
LINE
8
BLACK
6
CONTINUOUS
10
82.5343589999999949
20
-77.6973189999999931
11
82.5678439999999938
21
-77.7586419999999947
0
LINE
8
BLACK
6
CONTINUOUS
10
82.5678439999999938
20
-77.7586419999999947
11
82.5628600000000006
21
-77.8283339999999981
0
LINE
8
BLACK
6
CONTINUOUS
10
82.5628600000000006
20
-77.8283339999999981
11
82.5343589999999949
21
-77.872681
0
LINE
8
BLACK
6
CONTINUOUS
10
82.5343589999999949
20
-77.872681
11
82.4272709999999904
21
-77.9797679999999929
0
LINE
8
BLACK
6
CONTINUOUS
10
82.4272709999999904
20
-77.9797679999999929
11
82.427266000000003
21
-77.9797739999999919
0
LINE
8
BLACK
6
CONTINUOUS
10
82.427266000000003
20
-77.9797739999999919
11
82.2745680000000021
21
-78.1899449999999945
0
LINE
8
BLACK
6
CONTINUOUS
10
82.2745680000000021
20
-78.1899449999999945
11
82.1566219999999987
21
-78.4214229999999901
0
LINE
8
BLACK
6
CONTINUOUS
10
82.1566219999999987
20
-78.4214229999999901
11
82.0763400000000019
21
-78.6685059999999936
0
LINE
8
BLACK
6
CONTINUOUS
10
82.0763400000000019
20
-78.6685059999999936
11
82.0356999999999914
21
-78.9250969999999938
0
LINE
8
BLACK
6
CONTINUOUS
10
82.0356999999999914
20
-78.9250969999999938
11
82.0356999999999914
21
-79.1849019999999939
0
LINE
8
BLACK
6
CONTINUOUS
10
82.0356999999999914
20
-79.1849019999999939
11
82.0763400000000019
21
-79.4414929999999941
0
LINE
8
BLACK
6
CONTINUOUS
10
82.0763400000000019
20
-79.4414929999999941
11
82.1566219999999987
21
-79.6885759999999976
0
LINE
8
BLACK
6
CONTINUOUS
10
82.1566219999999987
20
-79.6885759999999976
11
82.2745680000000021
21
-79.9200539999999933
0
LINE
8
BLACK
6
CONTINUOUS
10
82.2745680000000021
20
-79.9200539999999933
11
82.427266000000003
21
-80.1302249999999958
0
LINE
8
BLACK
6
CONTINUOUS
10
82.427266000000003
20
-80.1302249999999958
11
82.4272709999999904
21
-80.1302309999999949
0
LINE
8
BLACK
6
CONTINUOUS
10
82.4272709999999904
20
-80.1302309999999949
11
82.5343589999999949
21
-80.2373189999999994
0
LINE
8
BLACK
6
CONTINUOUS
10
82.5343589999999949
20
-80.2373189999999994
11
82.5678439999999938
21
-80.298642000000001
0
LINE
8
BLACK
6
CONTINUOUS
10
82.5678439999999938
20
-80.298642000000001
11
82.5628600000000006
21
-80.3683339999999902
0
LINE
8
BLACK
6
CONTINUOUS
10
82.5628600000000006
20
-80.3683339999999902
11
82.5343589999999949
21
-80.4126809999999921
0
LINE
8
BLACK
6
CONTINUOUS
10
82.5343589999999949
20
-80.4126809999999921
11
82.4272709999999904
21
-80.5197679999999991
0
LINE
8
BLACK
6
CONTINUOUS
10
82.4272709999999904
20
-80.5197679999999991
11
82.427266000000003
21
-80.5197739999999982
0
LINE
8
BLACK
6
CONTINUOUS
10
82.427266000000003
20
-80.5197739999999982
11
82.2745680000000021
21
-80.7299450000000007
0
LINE
8
BLACK
6
CONTINUOUS
10
82.2745680000000021
20
-80.7299450000000007
11
82.1566219999999987
21
-80.9614229999999964
0
LINE
8
BLACK
6
CONTINUOUS
10
82.1566219999999987
20
-80.9614229999999964
11
82.0763400000000019
21
-81.2085059999999999
0
LINE
8
BLACK
6
CONTINUOUS
10
82.0763400000000019
20
-81.2085059999999999
11
82.0356999999999914
21
-81.4650970000000001
0
LINE
8
BLACK
6
CONTINUOUS
10
82.0356999999999914
20
-81.4650970000000001
11
82.0356999999999914
21
-81.7249020000000002
0
LINE
8
BLACK
6
CONTINUOUS
10
82.0356999999999914
20
-81.7249020000000002
11
82.0763400000000019
21
-81.9814930000000004
0
LINE
8
BLACK
6
CONTINUOUS
10
82.0763400000000019
20
-81.9814930000000004
11
82.1566219999999987
21
-82.2285759999999897
0
LINE
8
BLACK
6
CONTINUOUS
10
82.1566219999999987
20
-82.2285759999999897
11
82.2745680000000021
21
-82.4600539999999995
0
LINE
8
BLACK
6
CONTINUOUS
10
82.2745680000000021
20
-82.4600539999999995
11
82.427266000000003
21
-82.6702250000000021
0
LINE
8
BLACK
6
CONTINUOUS
10
82.427266000000003
20
-82.6702250000000021
11
82.4272709999999904
21
-82.6702310000000011
0
LINE
8
BLACK
6
CONTINUOUS
10
82.4272709999999904
20
-82.6702310000000011
11
82.5343589999999949
21
-82.7773189999999914
0
LINE
8
BLACK
6
CONTINUOUS
10
82.5343589999999949
20
-82.7773189999999914
11
82.5678439999999938
21
-82.838641999999993
0
LINE
8
BLACK
6
CONTINUOUS
10
82.5678439999999938
20
-82.838641999999993
11
82.5628600000000006
21
-82.9083339999999964
0
LINE
8
BLACK
6
CONTINUOUS
10
82.5628600000000006
20
-82.9083339999999964
11
82.5343589999999949
21
-82.9526809999999983
0
LINE
8
BLACK
6
CONTINUOUS
10
82.5343589999999949
20
-82.9526809999999983
11
82.4272709999999904
21
-83.0597679999999912
0
LINE
8
BLACK
6
CONTINUOUS
10
82.4272709999999904
20
-83.0597679999999912
11
82.427266000000003
21
-83.0597739999999902
0
LINE
8
BLACK
6
CONTINUOUS
10
82.427266000000003
20
-83.0597739999999902
11
82.2745680000000021
21
-83.2699449999999928
0
LINE
8
BLACK
6
CONTINUOUS
10
82.2745680000000021
20
-83.2699449999999928
11
82.1566219999999987
21
-83.5014230000000026
0
LINE
8
BLACK
6
CONTINUOUS
10
82.1566219999999987
20
-83.5014230000000026
11
82.0763400000000019
21
-83.7485059999999919
0
LINE
8
BLACK
6
CONTINUOUS
10
82.0763400000000019
20
-83.7485059999999919
11
82.0356999999999914
21
-84.0050969999999921
0
LINE
8
BLACK
6
CONTINUOUS
10
82.0356999999999914
20
-84.0050969999999921
11
82.0356999999999914
21
-84.2649019999999922
0
LINE
8
BLACK
6
CONTINUOUS
10
82.0356999999999914
20
-84.2649019999999922
11
82.0763400000000019
21
-84.5214929999999924
0
LINE
8
BLACK
6
CONTINUOUS
10
82.0763400000000019
20
-84.5214929999999924
11
82.1566219999999987
21
-84.7685759999999959
0
LINE
8
BLACK
6
CONTINUOUS
10
82.1566219999999987
20
-84.7685759999999959
11
82.2745680000000021
21
-85.0000539999999916
0
LINE
8
BLACK
6
CONTINUOUS
10
82.2745680000000021
20
-85.0000539999999916
11
82.427266000000003
21
-85.2102249999999941
0
LINE
8
BLACK
6
CONTINUOUS
10
82.427266000000003
20
-85.2102249999999941
11
82.4272709999999904
21
-85.2102309999999932
0
LINE
8
BLACK
6
CONTINUOUS
10
82.4272709999999904
20
-85.2102309999999932
11
82.5343589999999949
21
-85.3173189999999977
0
LINE
8
BLACK
6
CONTINUOUS
10
82.5343589999999949
20
-85.3173189999999977
11
82.5678439999999938
21
-85.3786419999999993
0
LINE
8
BLACK
6
CONTINUOUS
10
82.5678439999999938
20
-85.3786419999999993
11
82.5628600000000006
21
-85.4483340000000027
0
LINE
8
BLACK
6
CONTINUOUS
10
82.5628600000000006
20
-85.4483340000000027
11
82.5343589999999949
21
-85.4926809999999904
0
LINE
8
BLACK
6
CONTINUOUS
10
82.5343589999999949
20
-85.4926809999999904
11
82.4272709999999904
21
-85.5997679999999974
0
LINE
8
BLACK
6
CONTINUOUS
10
82.4272709999999904
20
-85.5997679999999974
11
82.427266000000003
21
-85.5997739999999965
0
LINE
8
BLACK
6
CONTINUOUS
10
82.427266000000003
20
-85.5997739999999965
11
82.2745680000000021
21
-85.809944999999999
0
LINE
8
BLACK
6
CONTINUOUS
10
82.2745680000000021
20
-85.809944999999999
11
82.1566219999999987
21
-86.0414229999999947
0
LINE
8
BLACK
6
CONTINUOUS
10
82.1566219999999987
20
-86.0414229999999947
11
82.0763400000000019
21
-86.2885059999999982
0
LINE
8
BLACK
6
CONTINUOUS
10
82.0763400000000019
20
-86.2885059999999982
11
82.0356999999999914
21
-86.5450969999999984
0
LINE
8
BLACK
6
CONTINUOUS
10
82.0356999999999914
20
-86.5450969999999984
11
82.0356999999999914
21
-86.8049019999999985
0
LINE
8
BLACK
6
CONTINUOUS
10
82.0356999999999914
20
-86.8049019999999985
11
82.0763400000000019
21
-87.0614929999999987
0
LINE
8
BLACK
6
CONTINUOUS
10
82.0763400000000019
20
-87.0614929999999987
11
82.0763389999999902
21
-87.0614929999999987
0
LINE
8
BLACK
6
CONTINUOUS
10
82.0763389999999902
20
-87.0614929999999987
11
82.1566219999999987
21
-87.3085760000000022
0
LINE
8
BLACK
6
CONTINUOUS
10
82.1566219999999987
20
-87.3085760000000022
11
82.2745680000000021
21
-87.5400539999999978
0
LINE
8
BLACK
6
CONTINUOUS
10
82.2745680000000021
20
-87.5400539999999978
11
82.427266000000003
21
-87.7502250000000004
0
LINE
8
BLACK
6
CONTINUOUS
10
82.427266000000003
20
-87.7502250000000004
11
82.4272709999999904
21
-87.7502309999999994
0
LINE
8
BLACK
6
CONTINUOUS
10
82.4272709999999904
20
-87.7502309999999994
11
82.5343589999999949
21
-87.8573189999999897
0
LINE
8
BLACK
6
CONTINUOUS
10
82.5343589999999949
20
-87.8573189999999897
11
82.5678439999999938
21
-87.9186419999999913
0
LINE
8
BLACK
6
CONTINUOUS
10
82.5678439999999938
20
-87.9186419999999913
11
82.5628600000000006
21
-87.9883339999999947
0
LINE
8
BLACK
6
CONTINUOUS
10
82.5628600000000006
20
-87.9883339999999947
11
82.5343589999999949
21
-88.0326809999999966
0
LINE
8
BLACK
6
CONTINUOUS
10
82.5343589999999949
20
-88.0326809999999966
11
82.4272709999999904
21
-88.1397679999999895
0
LINE
8
BLACK
6
CONTINUOUS
10
82.4272709999999904
20
-88.1397679999999895
11
82.427266000000003
21
-88.1397740000000027
0
LINE
8
BLACK
6
CONTINUOUS
10
82.427266000000003
20
-88.1397740000000027
11
82.2745680000000021
21
-88.3499449999999911
0
LINE
8
BLACK
6
CONTINUOUS
10
82.2745680000000021
20
-88.3499449999999911
11
82.1566219999999987
21
-88.5814230000000009
0
LINE
8
BLACK
6
CONTINUOUS
10
82.1566219999999987
20
-88.5814230000000009
11
82.0763400000000019
21
-88.8285059999999902
0
LINE
8
BLACK
6
CONTINUOUS
10
82.0763400000000019
20
-88.8285059999999902
11
82.0356999999999914
21
-89.0850969999999904
0
LINE
8
BLACK
6
CONTINUOUS
10
82.0356999999999914
20
-89.0850969999999904
11
82.0356999999999914
21
-89.3449019999999905
0
LINE
8
BLACK
6
CONTINUOUS
10
82.0356999999999914
20
-89.3449019999999905
11
82.0763400000000019
21
-89.6014929999999907
0
LINE
8
BLACK
6
CONTINUOUS
10
82.0763400000000019
20
-89.6014929999999907
11
82.1566219999999987
21
-89.8485759999999942
0
LINE
8
BLACK
6
CONTINUOUS
10
82.1566219999999987
20
-89.8485759999999942
11
82.2298279999999977
21
-89.9922479999999894
0
LINE
8
BLACK
6
CONTINUOUS
10
82.2298279999999977
20
-89.9922479999999894
11
82.274565999999993
21
-90.0800509999999974
0
LINE
8
BLACK
6
CONTINUOUS
10
82.274565999999993
20
-90.0800509999999974
11
82.4272689999999955
21
-90.2902289999999965
0
LINE
8
BLACK
6
CONTINUOUS
10
82.4272689999999955
20
-90.2902289999999965
11
82.6109709999999922
21
-90.4739309999999932
0
LINE
8
BLACK
6
CONTINUOUS
10
82.6109709999999922
20
-90.4739309999999932
11
82.8211489999999912
21
-90.6266339999999957
0
LINE
8
BLACK
6
CONTINUOUS
10
82.8211489999999912
20
-90.6266339999999957
11
82.9686449999999951
21
-90.7017869999999959
0
LINE
8
BLACK
6
CONTINUOUS
10
82.9686449999999951
20
-90.7017869999999959
11
83.052622999999997
21
-90.7445769999999925
0
LINE
8
BLACK
6
CONTINUOUS
10
83.052622999999997
20
-90.7445769999999925
11
83.0526249999999919
21
-90.7445769999999925
0
LINE
8
BLACK
6
CONTINUOUS
10
83.0526249999999919
20
-90.7445769999999925
11
83.0526279999999986
21
-90.7445790000000017
0
LINE
8
BLACK
6
CONTINUOUS
10
83.0526279999999986
20
-90.7445790000000017
11
83.2997069999999979
21
-90.824860000000001
0
LINE
8
BLACK
6
CONTINUOUS
10
83.2997069999999979
20
-90.824860000000001
11
83.4319059999999979
21
-90.8457969999999904
0
LINE
8
BLACK
6
CONTINUOUS
10
83.4319059999999979
20
-90.8457969999999904
11
83.5562979999999982
21
-90.8654999999999973
0
LINE
8
BLACK
6
CONTINUOUS
10
83.5562979999999982
20
-90.8654999999999973
11
83.5563029999999998
21
-90.8654999999999973
0
LINE
8
BLACK
6
CONTINUOUS
10
83.5563029999999998
20
-90.8654999999999973
11
83.8161020000000008
21
-90.8654999999999973
0
LINE
8
BLACK
6
CONTINUOUS
10
83.8161020000000008
20
-90.8654999999999973
11
83.9294979999999953
21
-90.8475389999999976
0
LINE
8
BLACK
6
CONTINUOUS
10
83.9294979999999953
20
-90.8475389999999976
11
84.072693000000001
21
-90.824860000000001
0
LINE
8
BLACK
6
CONTINUOUS
10
84.072693000000001
20
-90.824860000000001
11
84.3197720000000004
21
-90.7445790000000017
0
LINE
8
BLACK
6
CONTINUOUS
10
84.3197720000000004
20
-90.7445790000000017
11
84.5512509999999935
21
-90.6266339999999957
0
LINE
8
BLACK
6
CONTINUOUS
10
84.5512509999999935
20
-90.6266339999999957
11
84.6605440000000016
21
-90.5472279999999898
0
LINE
8
BLACK
6
CONTINUOUS
10
84.6605440000000016
20
-90.5472279999999898
11
84.6716189999999926
21
-90.5391819999999967
0
LINE
8
BLACK
6
CONTINUOUS
10
84.6716189999999926
20
-90.5391819999999967
11
84.7374250000000018
21
-90.5157019999999903
0
LINE
8
BLACK
6
CONTINUOUS
10
84.7374250000000018
20
-90.5157019999999903
11
84.7445039999999921
21
-90.515500000000003
0
LINE
8
BLACK
6
CONTINUOUS
10
84.7445039999999921
20
-90.515500000000003
11
88.1078119999999956
21
-90.515500000000003
0
LINE
8
BLACK
6
CONTINUOUS
10
88.1078119999999956
20
-90.515500000000003
11
88.1224119999999971
21
-90.5197869999999938
0
LINE
8
BLACK
6
CONTINUOUS
10
88.1224119999999971
20
-90.5197869999999938
11
88.1376159999999942
21
-90.5191349999999915
0
LINE
8
BLACK
6
CONTINUOUS
10
88.1376159999999942
20
-90.5191349999999915
11
88.1552559999999943
21
-90.5294310000000024
0
LINE
8
BLACK
6
CONTINUOUS
10
88.1552559999999943
20
-90.5294310000000024
11
88.1748509999999897
21
-90.5351849999999985
0
LINE
8
BLACK
6
CONTINUOUS
10
88.1748509999999897
20
-90.5351849999999985
11
88.1857469999999921
21
-90.5472279999999898
0
LINE
8
BLACK
6
CONTINUOUS
10
88.1857469999999921
20
-90.5472279999999898
11
88.1979589999999973
21
-90.5543559999999985
0
LINE
8
BLACK
6
CONTINUOUS
10
88.1979589999999973
20
-90.5543559999999985
11
88.2182909999999936
21
-90.5831969999999984
0
LINE
8
BLACK
6
CONTINUOUS
10
88.2182909999999936
20
-90.5831969999999984
11
88.2182949999999977
21
-90.583202
0
LINE
8
BLACK
6
CONTINUOUS
10
88.2182949999999977
20
-90.583202
11
88.2237030000000004
21
-90.5938149999999922
0
LINE
8
BLACK
6
CONTINUOUS
10
88.2237030000000004
20
-90.5938149999999922
11
88.2237030000000004
21
-90.5938159999999897
0
LINE
8
BLACK
6
CONTINUOUS
10
88.2237030000000004
20
-90.5938159999999897
11
88.2237049999999954
21
-90.5938189999999963
0
LINE
8
BLACK
6
CONTINUOUS
10
88.2237049999999954
20
-90.5938189999999963
11
88.2939109999999943
21
-90.7316089999999917
0
LINE
8
BLACK
6
CONTINUOUS
10
88.2939109999999943
20
-90.7316089999999917
11
88.3349139999999977
21
-90.7880439999999993
0
LINE
8
BLACK
6
CONTINUOUS
10
88.3349139999999977
20
-90.7880439999999993
11
88.4142339999999933
21
-90.8972189999999927
0
LINE
8
BLACK
6
CONTINUOUS
10
88.4142339999999933
20
-90.8972189999999927
11
88.4142349999999908
21
-90.8972199999999901
0
LINE
8
BLACK
6
CONTINUOUS
10
88.4142349999999908
20
-90.8972199999999901
11
88.4142360000000025
21
-90.8972210000000018
0
LINE
8
BLACK
6
CONTINUOUS
10
88.4142360000000025
20
-90.8972210000000018
11
97.1534229999999894
21
-99.6364069999999913
0
LINE
8
BLACK
6
CONTINUOUS
10
97.1534229999999894
20
-99.6364069999999913
11
97.1869080000000025
21
-99.6977299999999929
0
LINE
8
BLACK
6
CONTINUOUS
10
97.1869080000000025
20
-99.6977299999999929
11
97.1882149999999996
21
-99.7046890000000019
0
LINE
8
BLACK
6
CONTINUOUS
10
97.1882149999999996
20
-99.7046890000000019
11
97.2001089999999976
21
-99.7797819999999973
0
LINE
8
BLACK
6
CONTINUOUS
10
97.2001089999999976
20
-99.7797819999999973
11
97.2779609999999906
21
-100.0193840000000023
0
LINE
8
BLACK
6
CONTINUOUS
10
97.2779609999999906
20
-100.0193840000000023
11
97.2949899999999985
21
-100.0528059999999897
0
LINE
8
BLACK
6
CONTINUOUS
10
97.2949899999999985
20
-100.0528059999999897
11
97.3078859999999963
21
-100.1214749999999896
0
LINE
8
BLACK
6
CONTINUOUS
10
97.3078859999999963
20
-100.1214749999999896
11
97.2816089999999889
21
-100.18621499999999
0
LINE
8
BLACK
6
CONTINUOUS
10
97.2816089999999889
20
-100.18621499999999
11
97.2245029999999986
21
-100.2264720000000011
0
LINE
8
BLACK
6
CONTINUOUS
10
97.2245029999999986
20
-100.2264720000000011
11
97.1845050000000015
21
-100.2330999999999932
0
LINE
8
BLACK
6
CONTINUOUS
10
97.1845050000000015
20
-100.2330999999999932
11
65.1035469999999918
21
-100.2330999999999932
0
LINE
8
BLACK
6
CONTINUOUS
10
65.1035469999999918
20
-100.2330999999999932
11
65.0365079999999978
21
-100.2134149999999977
0
LINE
8
BLACK
6
CONTINUOUS
10
65.0365079999999978
20
-100.2134149999999977
11
65.0158660000000026
21
-100.1967810000000014
0
LINE
8
BLACK
6
CONTINUOUS
10
65.0158660000000026
20
-100.1967810000000014
11
55.7940769999999944
21
-90.9749920000000003
0
LINE
8
BLACK
6
CONTINUOUS
10
55.7940769999999944
20
-90.9749920000000003
11
55.7605919999999955
21
-90.9136689999999987
0
LINE
8
BLACK
6
CONTINUOUS
10
55.7605919999999955
20
-90.9136689999999987
11
55.7655759999999958
21
-90.8439769999999953
0
LINE
8
BLACK
6
CONTINUOUS
10
55.7655759999999958
20
-90.8439769999999953
11
55.8074480000000008
21
-90.7880439999999993
0
LINE
8
BLACK
6
CONTINUOUS
10
55.8074480000000008
20
-90.7880439999999993
11
55.8434349999999995
21
-90.7693819999999931
0
LINE
8
BLACK
6
CONTINUOUS
10
55.8434349999999995
20
-90.7693819999999931
11
55.9197719999999947
21
-90.7445790000000017
0
LINE
8
BLACK
6
CONTINUOUS
10
55.9197719999999947
20
-90.7445790000000017
11
56.1512509999999949
21
-90.6266339999999957
0
LINE
8
BLACK
6
CONTINUOUS
10
56.1512509999999949
20
-90.6266339999999957
11
56.361428999999994
21
-90.4739309999999932
0
LINE
8
BLACK
6
CONTINUOUS
10
56.361428999999994
20
-90.4739309999999932
11
56.5313669999999959
21
-90.3039909999999963
0
LINE
8
BLACK
6
CONTINUOUS
10
56.5313669999999959
20
-90.3039909999999963
11
56.5461430000000007
21
-90.291370999999998
0
LINE
8
BLACK
6
CONTINUOUS
10
56.5461430000000007
20
-90.291370999999998
11
56.6623189999999965
21
-90.2069659999999942
0
LINE
8
BLACK
6
CONTINUOUS
10
56.6623189999999965
20
-90.2069659999999942
11
68.4069659999999971
21
-78.4623189999999937
0
LINE
8
BLACK
6
CONTINUOUS
10
68.4069659999999971
20
-78.4623189999999937
11
68.5272870000000012
21
-78.2967110000000019
0
LINE
8
BLACK
6
CONTINUOUS
10
68.5272870000000012
20
-78.2967110000000019
11
68.5737529999999964
21
-78.2055139999999938
0
LINE
8
BLACK
6
CONTINUOUS
10
68.5737529999999964
20
-78.2055139999999938
11
68.6202200000000033
21
-78.1143189999999947
0
LINE
8
BLACK
6
CONTINUOUS
10
68.6202200000000033
20
-78.1143189999999947
11
68.6834769999999963
21
-77.9196340000000021
0
LINE
8
BLACK
6
CONTINUOUS
10
68.6834769999999963
20
-77.9196340000000021
11
68.6999709999999908
21
-77.8155000000000001
0
LINE
8
BLACK
6
CONTINUOUS
10
68.6999709999999908
20
-77.8155000000000001
11
68.7065549999999945
21
-77.7739309999999904
0
LINE
8
BLACK
6
CONTINUOUS
10
68.7065549999999945
20
-77.7739309999999904
11
68.7154999999999916
21
-77.7174559999999985
0
LINE
8
BLACK
6
CONTINUOUS
10
68.7154999999999916
20
-77.7174559999999985
11
68.7154999999999916
21
-64.3541460000000001
0
LINE
8
BLACK
6
CONTINUOUS
10
68.7154999999999916
20
-64.3541460000000001
11
68.7351850000000013
21
-64.2871069999999918
0
LINE
8
BLACK
6
CONTINUOUS
10
68.7351850000000013
20
-64.2871069999999918
11
68.7518189999999976
21
-64.2664649999999966
0
LINE
8
BLACK
6
CONTINUOUS
10
68.7518189999999976
20
-64.2664649999999966
11
86.8164649999999938
21
-46.2018190000000004
0
LINE
8
BLACK
6
CONTINUOUS
10
86.8164649999999938
20
-46.2018190000000004
11
86.8777879999999953
21
-46.1683339999999944
0
LINE
8
BLACK
6
CONTINUOUS
10
86.8777879999999953
20
-46.1683339999999944
11
86.9041459999999972
21
-46.1654999999999944
0
LINE
8
BLACK
6
CONTINUOUS
10
86.9041459999999972
20
-46.1654999999999944
11
99.6803899999999885
21
-46.1654999999999944
0
LINE
8
BLACK
6
CONTINUOUS
10
99.6803899999999885
20
-46.1654999999999944
11
99.7105430000000013
21
-46.174354000000001
0
LINE
8
BLACK
6
CONTINUOUS
10
99.7105430000000013
20
-46.174354000000001
11
99.7411630000000002
21
-46.1814139999999966
0
LINE
8
BLACK
6
CONTINUOUS
10
99.7411630000000002
20
-46.1814139999999966
11
99.7446289999999891
21
-46.1843629999999976
0
LINE
8
BLACK
6
CONTINUOUS
10
99.7446289999999891
20
-46.1843629999999976
11
99.7474289999999968
21
-46.185184999999997
0
LINE
8
BLACK
6
CONTINUOUS
10
99.7474289999999968
20
-46.185184999999997
11
99.7691519999999912
21
-46.2029129999999952
0
LINE
8
BLACK
6
CONTINUOUS
10
99.7691519999999912
20
-46.2029129999999952
11
99.7781880000000001
21
-46.2121759999999995
0
LINE
8
BLACK
6
CONTINUOUS
10
99.7781880000000001
20
-46.2121759999999995
11
99.7813839999999885
21
-46.2172619999999981
0
LINE
8
BLACK
6
CONTINUOUS
10
99.7813839999999885
20
-46.2172619999999981
11
99.8533999999999935
21
-46.2892779999999959
0
LINE
8
BLACK
6
CONTINUOUS
10
99.8533999999999935
20
-46.2892779999999959
11
99.8539179999999931
21
-46.2898089999999982
0
LINE
8
BLACK
6
CONTINUOUS
10
99.8539179999999931
20
-46.2898089999999982
11
99.8699439999999896
21
-46.3200450000000004
0
LINE
8
BLACK
6
CONTINUOUS
10
99.8699439999999896
20
-46.3200450000000004
11
99.8863219999999927
21
-46.3500379999999979
0
LINE
8
BLACK
6
CONTINUOUS
10
99.8863219999999927
20
-46.3500379999999979
11
99.8862639999999971
21
-46.3508349999999965
0
LINE
8
BLACK
6
CONTINUOUS
10
99.8862639999999971
20
-46.3508349999999965
11
99.8866399999999999
21
-46.3515429999999995
0
LINE
8
BLACK
6
CONTINUOUS
10
99.8866399999999999
20
-46.3515429999999995
11
99.8837769999999949
21
-46.3856129999999993
0
LINE
8
BLACK
6
CONTINUOUS
10
99.8837769999999949
20
-46.3856129999999993
11
99.8813379999999995
21
-46.4197300000000013
0
LINE
8
BLACK
6
CONTINUOUS
10
99.8813379999999995
20
-46.4197300000000013
11
99.8808469999999886
21
-46.4204919999999959
0
LINE
8
BLACK
6
CONTINUOUS
10
99.8808469999999886
20
-46.4204919999999959
11
99.8807910000000021
21
-46.4211679999999944
0
LINE
8
BLACK
6
CONTINUOUS
10
99.8807910000000021
20
-46.4211679999999944
11
99.8784819999999911
21
-46.4241729999999961
0
LINE
8
BLACK
6
CONTINUOUS
10
99.8784819999999911
20
-46.4241729999999961
11
99.8528379999999913
21
-46.4640769999999961
0
LINE
8
BLACK
6
CONTINUOUS
10
99.8528379999999913
20
-46.4640769999999961
11
99.7591339999999889
21
-46.5577809999999985
0
LINE
8
BLACK
6
CONTINUOUS
10
99.7591339999999889
20
-46.5577809999999985
11
95.6019359999999949
21
-50.714977999999995
0
LINE
8
BLACK
6
CONTINUOUS
10
95.6019359999999949
20
-50.714977999999995
11
95.4816160000000025
21
-50.8805839999999989
0
LINE
8
BLACK
6
CONTINUOUS
10
95.4816160000000025
20
-50.8805839999999989
11
95.4816139999999933
21
-50.8805869999999985
0
LINE
8
BLACK
6
CONTINUOUS
10
95.4816139999999933
20
-50.8805869999999985
11
95.4528880000000015
21
-50.9369659999999982
0
LINE
8
BLACK
6
CONTINUOUS
10
95.4528880000000015
20
-50.9369659999999982
11
95.3882320000000021
21
-51.0638590000000008
0
LINE
8
BLACK
6
CONTINUOUS
10
95.3882320000000021
20
-51.0638590000000008
11
95.3871719999999925
21
-51.0676190000000005
0
LINE
8
BLACK
6
CONTINUOUS
10
95.3871719999999925
20
-51.0676190000000005
11
95.3428830000000005
21
-51.2039289999999951
0
LINE
8
BLACK
6
CONTINUOUS
10
95.3428830000000005
20
-51.2039289999999951
11
95.3428830000000005
21
-51.2039299999999997
0
LINE
8
BLACK
6
CONTINUOUS
10
95.3428830000000005
20
-51.2039299999999997
11
95.325421999999989
21
-51.2576679999999953
0
LINE
8
BLACK
6
CONTINUOUS
10
95.325421999999989
20
-51.2576679999999953
11
95.325421999999989
21
-51.2576689999999999
0
LINE
8
BLACK
6
CONTINUOUS
10
95.325421999999989
20
-51.2576689999999999
11
95.2933999999999912
21
-51.4598480000000009
0
LINE
8
BLACK
6
CONTINUOUS
10
95.2933999999999912
20
-51.4598480000000009
11
95.2933999999999912
21
-68.3617509999999982
0
LINE
8
BLACK
6
CONTINUOUS
10
95.2933999999999912
20
-68.3617509999999982
11
95.325421999999989
21
-68.5639319999999941
0
LINE
8
BLACK
6
CONTINUOUS
10
95.325421999999989
20
-68.5639319999999941
11
95.3254230000000007
21
-68.5639350000000007
0
LINE
8
BLACK
6
CONTINUOUS
10
95.3254230000000007
20
-68.5639350000000007
11
95.3340439999999916
21
-68.5904659999999922
0
LINE
8
BLACK
6
CONTINUOUS
10
95.3340439999999916
20
-68.5904659999999922
11
95.3886799999999937
21
-68.7586189999999959
0
LINE
8
BLACK
6
CONTINUOUS
10
95.3886799999999937
20
-68.7586189999999959
11
95.3974350000000015
21
-68.7758010000000013
0
LINE
8
BLACK
6
CONTINUOUS
10
95.3974350000000015
20
-68.7758010000000013
11
95.4012659999999926
21
-68.7833210000000008
0
LINE
8
BLACK
6
CONTINUOUS
10
95.4012659999999926
20
-68.7833210000000008
11
95.40126699999999
21
-68.7833219999999983
0
LINE
8
BLACK
6
CONTINUOUS
10
95.40126699999999
20
-68.7833219999999983
11
95.4049859999999939
21
-68.7906210000000016
0
LINE
8
BLACK
6
CONTINUOUS
10
95.4049859999999939
20
-68.7906210000000016
11
95.4816129999999958
21
-68.9410110000000032
0
LINE
8
BLACK
6
CONTINUOUS
10
95.4816129999999958
20
-68.9410110000000032
11
95.601934
21
-69.1066189999999949
0
LINE
8
BLACK
6
CONTINUOUS
10
95.601934
20
-69.1066189999999949
11
95.6019349999999974
21
-69.1066199999999924
0
LINE
8
BLACK
6
CONTINUOUS
10
95.6019349999999974
20
-69.1066199999999924
11
95.6019359999999949
21
-69.1066209999999899
0
LINE
8
BLACK
6
CONTINUOUS
10
95.6019359999999949
20
-69.1066209999999899
11
97.0210079999999948
21
-70.5256919999999923
0
LINE
8
BLACK
6
CONTINUOUS
10
97.0210079999999948
20
-70.5256919999999923
11
97.0210220000000021
21
-70.525706999999997
0
LINE
8
BLACK
6
CONTINUOUS
10
97.0210220000000021
20
-70.525706999999997
11
97.024132999999992
21
-70.5288180000000011
0
LINE
8
BLACK
6
CONTINUOUS
10
97.024132999999992
20
-70.5288180000000011
11
97.0241339999999894
21
-70.5288189999999986
0
LINE
8
BLACK
6
CONTINUOUS
10
97.0241339999999894
20
-70.5288189999999986
11
97.1688809999999989
21
-70.6735659999999939
0
LINE
8
BLACK
6
CONTINUOUS
10
97.1688809999999989
20
-70.6735659999999939
11
97.1688839999999914
21
-70.6735680000000031
0
LINE
8
BLACK
6
CONTINUOUS
10
97.1688839999999914
20
-70.6735680000000031
11
97.168886999999998
21
-70.6735709999999955
0
LINE
8
BLACK
6
CONTINUOUS
10
97.168886999999998
20
-70.6735709999999955
11
97.2656449999999921
21
-70.743867999999992
0
LINE
8
BLACK
6
CONTINUOUS
10
97.2656449999999921
20
-70.743867999999992
11
97.3069389999999999
21
-70.7738700000000023
0
LINE
8
BLACK
6
CONTINUOUS
10
97.3069389999999999
20
-70.7738700000000023
11
97.3207139999999953
21
-70.7838780000000014
0
LINE
8
BLACK
6
CONTINUOUS
10
97.3207139999999953
20
-70.7838780000000014
11
97.3344879999999932
21
-70.7938860000000005
0
LINE
8
BLACK
6
CONTINUOUS
10
97.3344879999999932
20
-70.7938860000000005
11
97.5168809999999979
21
-70.8868209999999976
0
LINE
8
BLACK
6
CONTINUOUS
10
97.5168809999999979
20
-70.8868209999999976
11
97.5168839999999904
21
-70.8868219999999951
0
LINE
8
BLACK
6
CONTINUOUS
10
97.5168839999999904
20
-70.8868219999999951
11
97.6984679999999912
21
-70.9458209999999951
0
LINE
8
BLACK
6
CONTINUOUS
10
97.6984679999999912
20
-70.9458209999999951
11
97.7115659999999906
21
-70.9500769999999932
0
LINE
8
BLACK
6
CONTINUOUS
10
97.7115659999999906
20
-70.9500769999999932
11
97.9137489999999957
21
-70.9821010000000001
0
LINE
8
BLACK
6
CONTINUOUS
10
97.9137489999999957
20
-70.9821010000000001
11
97.9137499999999932
21
-70.9821010000000001
0
LINE
8
BLACK
6
CONTINUOUS
10
97.9137499999999932
20
-70.9821010000000001
11
98.1235629999999901
21
-70.9821010000000001
0
LINE
8
BLACK
6
CONTINUOUS
10
98.1235629999999901
20
-70.9821010000000001
11
98.1235870000000006
21
-70.9821000000000026
0
LINE
8
BLACK
6
CONTINUOUS
10
98.1235870000000006
20
-70.9821000000000026
11
109.1677399999999949
21
-70.9821000000000026
0
LINE
8
BLACK
6
CONTINUOUS
10
109.1677399999999949
20
-70.9821000000000026
11
109.1871379999999903
21
-70.9836269999999985
0
LINE
8
BLACK
6
CONTINUOUS
10
109.1871379999999903
20
-70.9836269999999985
11
109.3252379999999988
21
-71.0054999999999978
0
LINE
8
BLACK
6
CONTINUOUS
10
109.3252379999999988
20
-71.0054999999999978
11
109.3252389999999963
21
-71.0054999999999978
0
LINE
8
BLACK
6
CONTINUOUS
10
109.3252389999999963
20
-71.0054999999999978
11
109.5771609999999896
21
-71.0054999999999978
0
LINE
8
BLACK
6
CONTINUOUS
10
109.5771609999999896
20
-71.0054999999999978
11
109.5771620000000013
21
-71.0054999999999978
0
LINE
8
BLACK
6
CONTINUOUS
10
109.5771620000000013
20
-71.0054999999999978
11
109.8259849999999886
21
-70.9660899999999941
0
LINE
8
BLACK
6
CONTINUOUS
10
109.8259849999999886
20
-70.9660899999999941
11
110.0655789999999996
21
-70.8882409999999936
0
LINE
8
BLACK
6
CONTINUOUS
10
110.0655789999999996
20
-70.8882409999999936
11
110.2900449999999921
21
-70.7738700000000023
0
LINE
8
BLACK
6
CONTINUOUS
10
110.2900449999999921
20
-70.7738700000000023
11
110.4938559999999939
21
-70.6257930000000016
0
LINE
8
BLACK
6
CONTINUOUS
10
110.4938559999999939
20
-70.6257930000000016
11
110.6719930000000005
21
-70.4476559999999949
0
LINE
8
BLACK
6
CONTINUOUS
10
110.6719930000000005
20
-70.4476559999999949
11
110.8200700000000012
21
-70.2438449999999932
0
LINE
8
BLACK
6
CONTINUOUS
10
110.8200700000000012
20
-70.2438449999999932
11
110.9344409999999925
21
-70.0193790000000007
0
LINE
8
BLACK
6
CONTINUOUS
10
110.9344409999999925
20
-70.0193790000000007
11
111.012289999999993
21
-69.7797850000000039
0
LINE
8
BLACK
6
CONTINUOUS
10
111.012289999999993
20
-69.7797850000000039
11
111.0516999999999967
21
-69.5309620000000024
0
LINE
8
BLACK
6
CONTINUOUS
10
111.0516999999999967
20
-69.5309620000000024
11
111.0516999999999967
21
-69.2790379999999999
0
LINE
8
BLACK
6
CONTINUOUS
10
111.0516999999999967
20
-69.2790379999999999
11
111.012289999999993
21
-69.0302149999999983
0
LINE
8
BLACK
6
CONTINUOUS
10
111.012289999999993
20
-69.0302149999999983
11
110.9344409999999925
21
-68.7906210000000016
0
LINE
8
BLACK
6
CONTINUOUS
10
110.9344409999999925
20
-68.7906210000000016
11
110.9344389999999976
21
-68.7906179999999949
0
LINE
8
BLACK
6
CONTINUOUS
10
110.9344389999999976
20
-68.7906179999999949
11
110.9344389999999976
21
-68.790616
0
LINE
8
BLACK
6
CONTINUOUS
10
110.9344389999999976
20
-68.790616
11
110.8987099999999941
21
-68.7204949999999997
0
LINE
8
BLACK
6
CONTINUOUS
10
110.8987099999999941
20
-68.7204949999999997
11
110.8858139999999963
21
-68.6518259999999998
0
LINE
8
BLACK
6
CONTINUOUS
10
110.8858139999999963
20
-68.6518259999999998
11
110.9120899999999921
21
-68.5870850000000019
0
LINE
8
BLACK
6
CONTINUOUS
10
110.9120899999999921
20
-68.5870850000000019
11
110.9691969999999941
21
-68.5468279999999908
0
LINE
8
BLACK
6
CONTINUOUS
10
110.9691969999999941
20
-68.5468279999999908
11
111.0091949999999912
21
-68.5401999999999987
0
LINE
8
BLACK
6
CONTINUOUS
10
111.0091949999999912
20
-68.5401999999999987
11
114.3158529999999899
21
-68.5401999999999987
0
LINE
8
BLACK
6
CONTINUOUS
10
114.3158529999999899
20
-68.5401999999999987
11
114.3828919999999982
21
-68.5598849999999942
0
LINE
8
BLACK
6
CONTINUOUS
10
114.3828919999999982
20
-68.5598849999999942
11
114.4035339999999934
21
-68.5765189999999905
0
LINE
8
BLACK
6
CONTINUOUS
10
114.4035339999999934
20
-68.5765189999999905
11
115.4634229999999917
21
-69.6364069999999913
0
LINE
8
BLACK
6
CONTINUOUS
10
115.4634229999999917
20
-69.6364069999999913
11
115.4969079999999906
21
-69.6977299999999929
0
LINE
8
BLACK
6
CONTINUOUS
10
115.4969079999999906
20
-69.6977299999999929
11
115.4982150000000019
21
-69.7046890000000019
0
LINE
8
BLACK
6
CONTINUOUS
10
115.4982150000000019
20
-69.7046890000000019
11
115.5101089999999999
21
-69.7797819999999973
0
LINE
8
BLACK
6
CONTINUOUS
10
115.5101089999999999
20
-69.7797819999999973
11
115.5101099999999974
21
-69.7797850000000039
0
LINE
8
BLACK
6
CONTINUOUS
10
115.5101099999999974
20
-69.7797850000000039
11
115.5879589999999979
21
-70.0193790000000007
0
LINE
8
BLACK
6
CONTINUOUS
10
115.5879589999999979
20
-70.0193790000000007
11
115.6842359999999985
21
-70.2083339999999936
0
LINE
8
BLACK
6
CONTINUOUS
10
115.6842359999999985
20
-70.2083339999999936
11
115.7023319999999984
21
-70.2438479999999998
0
LINE
8
BLACK
6
CONTINUOUS
10
115.7023319999999984
20
-70.2438479999999998
11
115.8504009999999909
21
-70.4476489999999984
0
LINE
8
BLACK
6
CONTINUOUS
10
115.8504009999999909
20
-70.4476489999999984
11
115.850404999999995
21
-70.447654
0
LINE
8
BLACK
6
CONTINUOUS
10
115.850404999999995
20
-70.447654
11
116.028544999999994
21
-70.6257939999999991
0
LINE
8
BLACK
6
CONTINUOUS
10
116.028544999999994
20
-70.6257939999999991
11
116.0285499999999956
21
-70.6257980000000032
0
LINE
8
BLACK
6
CONTINUOUS
10
116.0285499999999956
20
-70.6257980000000032
11
116.204164999999989
21
-70.7533889999999985
0
LINE
8
BLACK
6
CONTINUOUS
10
116.204164999999989
20
-70.7533889999999985
11
116.2323549999999983
21
-70.7738700000000023
0
LINE
8
BLACK
6
CONTINUOUS
10
116.2323549999999983
20
-70.7738700000000023
11
116.3554029999999955
21
-70.8365659999999906
0
LINE
8
BLACK
6
CONTINUOUS
10
116.3554029999999955
20
-70.8365659999999906
11
116.4568159999999892
21
-70.8882389999999987
0
LINE
8
BLACK
6
CONTINUOUS
10
116.4568159999999892
20
-70.8882389999999987
11
116.4568179999999984
21
-70.8882389999999987
0
LINE
8
BLACK
6
CONTINUOUS
10
116.4568179999999984
20
-70.8882389999999987
11
116.4568209999999908
21
-70.8882409999999936
0
LINE
8
BLACK
6
CONTINUOUS
10
116.4568209999999908
20
-70.8882409999999936
11
116.6964150000000018
21
-70.9660899999999941
0
LINE
8
BLACK
6
CONTINUOUS
10
116.6964150000000018
20
-70.9660899999999941
11
116.9452379999999891
21
-71.0054999999999978
0
LINE
8
BLACK
6
CONTINUOUS
10
116.9452379999999891
20
-71.0054999999999978
11
116.9452390000000008
21
-71.0054999999999978
0
LINE
8
BLACK
6
CONTINUOUS
10
116.9452390000000008
20
-71.0054999999999978
11
117.1971609999999941
21
-71.0054999999999978
0
LINE
8
BLACK
6
CONTINUOUS
10
117.1971609999999941
20
-71.0054999999999978
11
117.1971619999999916
21
-71.0054999999999978
0
LINE
8
BLACK
6
CONTINUOUS
10
117.1971619999999916
20
-71.0054999999999978
11
117.4459849999999932
21
-70.9660899999999941
0
LINE
8
BLACK
6
CONTINUOUS
10
117.4459849999999932
20
-70.9660899999999941
11
117.6855789999999899
21
-70.8882409999999936
0
LINE
8
BLACK
6
CONTINUOUS
10
117.6855789999999899
20
-70.8882409999999936
11
117.9100449999999967
21
-70.7738700000000023
0
LINE
8
BLACK
6
CONTINUOUS
10
117.9100449999999967
20
-70.7738700000000023
11
118.1138559999999984
21
-70.6257930000000016
0
LINE
8
BLACK
6
CONTINUOUS
10
118.1138559999999984
20
-70.6257930000000016
11
118.2919929999999908
21
-70.4476559999999949
0
LINE
8
BLACK
6
CONTINUOUS
10
118.2919929999999908
20
-70.4476559999999949
11
118.4400699999999915
21
-70.2438449999999932
0
LINE
8
BLACK
6
CONTINUOUS
10
118.4400699999999915
20
-70.2438449999999932
11
118.5544409999999971
21
-70.0193790000000007
0
LINE
8
BLACK
6
CONTINUOUS
10
118.5544409999999971
20
-70.0193790000000007
11
118.6322899999999976
21
-69.7797850000000039
0
LINE
8
BLACK
6
CONTINUOUS
10
118.6322899999999976
20
-69.7797850000000039
11
118.6717000000000013
21
-69.5309620000000024
0
LINE
8
BLACK
6
CONTINUOUS
10
118.6717000000000013
20
-69.5309620000000024
11
118.6717000000000013
21
-69.2790379999999999
0
LINE
8
BLACK
6
CONTINUOUS
10
118.6717000000000013
20
-69.2790379999999999
11
118.6322899999999976
21
-69.0302149999999983
0
LINE
8
BLACK
6
CONTINUOUS
10
118.6322899999999976
20
-69.0302149999999983
11
118.5544409999999971
21
-68.7906210000000016
0
LINE
8
BLACK
6
CONTINUOUS
10
118.5544409999999971
20
-68.7906210000000016
11
118.5544389999999879
21
-68.7906179999999949
0
LINE
8
BLACK
6
CONTINUOUS
10
118.5544389999999879
20
-68.7906179999999949
11
118.5544389999999879
21
-68.790616
0
LINE
8
BLACK
6
CONTINUOUS
10
118.5544389999999879
20
-68.790616
11
118.5129469999999969
21
-68.7091839999999934
0
LINE
8
BLACK
6
CONTINUOUS
10
118.5129469999999969
20
-68.7091839999999934
11
118.4400699999999915
21
-68.5661549999999949
0
LINE
8
BLACK
6
CONTINUOUS
10
118.4400699999999915
20
-68.5661549999999949
11
118.3981859999999955
21
-68.508505999999997
0
LINE
8
BLACK
6
CONTINUOUS
10
118.3981859999999955
20
-68.508505999999997
11
118.2919979999999924
21
-68.3623499999999922
0
LINE
8
BLACK
6
CONTINUOUS
10
118.2919979999999924
20
-68.3623499999999922
11
118.2919939999999883
21
-68.3623449999999906
0
LINE
8
BLACK
6
CONTINUOUS
10
118.2919939999999883
20
-68.3623449999999906
11
118.1138539999999892
21
-68.1842049999999915
0
LINE
8
BLACK
6
CONTINUOUS
10
118.1138539999999892
20
-68.1842049999999915
11
118.1138489999999877
21
-68.1842010000000016
0
LINE
8
BLACK
6
CONTINUOUS
10
118.1138489999999877
20
-68.1842010000000016
11
117.9100479999999891
21
-68.0361319999999949
0
LINE
8
BLACK
6
CONTINUOUS
10
117.9100479999999891
20
-68.0361319999999949
11
117.9100469999999916
21
-68.0361309999999975
0
LINE
8
BLACK
6
CONTINUOUS
10
117.9100469999999916
20
-68.0361309999999975
11
117.9100449999999967
21
-68.03613
0
LINE
8
BLACK
6
CONTINUOUS
10
117.9100449999999967
20
-68.03613
11
117.6855789999999899
21
-67.9217589999999944
0
LINE
8
BLACK
6
CONTINUOUS
10
117.6855789999999899
20
-67.9217589999999944
11
117.4459849999999932
21
-67.8439099999999939
0
LINE
8
BLACK
6
CONTINUOUS
10
117.4459849999999932
20
-67.8439099999999939
11
117.4459829999999982
21
-67.8439089999999965
0
LINE
8
BLACK
6
CONTINUOUS
10
117.4459829999999982
20
-67.8439089999999965
11
117.3708889999999911
21
-67.8320149999999984
0
LINE
8
BLACK
6
CONTINUOUS
10
117.3708889999999911
20
-67.8320149999999984
11
117.3077539999999885
21
-67.8020849999999911
0
LINE
8
BLACK
6
CONTINUOUS
10
117.3077539999999885
20
-67.8020849999999911
11
117.3026069999999947
21
-67.7972230000000025
0
LINE
8
BLACK
6
CONTINUOUS
10
117.3026069999999947
20
-67.7972230000000025
11
115.753120999999993
21
-66.2477360000000033
0
LINE
8
BLACK
6
CONTINUOUS
10
115.753120999999993
20
-66.2477360000000033
11
115.7531199999999956
21
-66.2477349999999916
0
LINE
8
BLACK
6
CONTINUOUS
10
115.7531199999999956
20
-66.2477349999999916
11
115.7531189999999981
21
-66.2477339999999941
0
LINE
8
BLACK
6
CONTINUOUS
10
115.7531189999999981
20
-66.2477339999999941
11
115.5875109999999921
21
-66.12741299999999
0
LINE
8
BLACK
6
CONTINUOUS
10
115.5875109999999921
20
-66.12741299999999
11
115.4364929999999987
21
-66.0504660000000001
0
LINE
8
BLACK
6
CONTINUOUS
10
115.4364929999999987
20
-66.0504660000000001
11
115.4364929999999987
21
-66.0504650000000026
0
LINE
8
BLACK
6
CONTINUOUS
10
115.4364929999999987
20
-66.0504650000000026
11
115.4157079999999951
21
-66.039874999999995
0
LINE
8
BLACK
6
CONTINUOUS
10
115.4157079999999951
20
-66.039874999999995
11
115.4051189999999991
21
-66.0344800000000021
0
LINE
8
BLACK
6
CONTINUOUS
10
115.4051189999999991
20
-66.0344800000000021
11
115.3077759999999898
21
-66.0028509999999926
0
LINE
8
BLACK
6
CONTINUOUS
10
115.3077759999999898
20
-66.0028509999999926
11
115.2839029999999951
21
-65.9950939999999946
0
LINE
8
BLACK
6
CONTINUOUS
10
115.2839029999999951
20
-65.9950939999999946
11
115.2104349999999897
21
-65.9712219999999974
0
LINE
8
BLACK
6
CONTINUOUS
10
115.2104349999999897
20
-65.9712219999999974
11
115.0358949999999965
21
-65.9435780000000022
0
LINE
8
BLACK
6
CONTINUOUS
10
115.0358949999999965
20
-65.9435780000000022
11
115.0082519999999988
21
-65.9391999999999996
0
LINE
8
BLACK
6
CONTINUOUS
10
115.0082519999999988
20
-65.9391999999999996
11
115.0082510000000013
21
-65.9391999999999996
0
LINE
8
BLACK
6
CONTINUOUS
10
115.0082510000000013
20
-65.9391999999999996
11
105.765546999999998
21
-65.9391999999999996
0
LINE
8
BLACK
6
CONTINUOUS
10
105.765546999999998
20
-65.9391999999999996
11
105.6985079999999897
21
-65.9195150000000041
0
LINE
8
BLACK
6
CONTINUOUS
10
105.6985079999999897
20
-65.9195150000000041
11
105.6527529999999899
21
-65.8667109999999951
0
LINE
8
BLACK
6
CONTINUOUS
10
105.6527529999999899
20
-65.8667109999999951
11
105.6428089999999997
21
-65.7975529999999935
0
LINE
8
BLACK
6
CONTINUOUS
10
105.6428089999999997
20
-65.7975529999999935
11
105.6718339999999898
21
-65.7339970000000022
0
LINE
8
BLACK
6
CONTINUOUS
10
105.6718339999999898
20
-65.7339970000000022
11
105.6778659999999945
21
-65.7275190000000009
0
LINE
8
BLACK
6
CONTINUOUS
10
105.6778659999999945
20
-65.7275190000000009
11
106.5610659999999967
21
-64.8443189999999987
0
LINE
8
BLACK
6
CONTINUOUS
10
106.5610659999999967
20
-64.8443189999999987
11
106.6223889999999983
21
-64.8108339999999998
0
LINE
8
BLACK
6
CONTINUOUS
10
106.6223889999999983
20
-64.8108339999999998
11
106.6487470000000002
21
-64.8079999999999927
0
LINE
8
BLACK
6
CONTINUOUS
10
106.6487470000000002
20
-64.8079999999999927
11
115.0710509999999971
21
-64.8079999999999927
0
LINE
8
BLACK
6
CONTINUOUS
10
115.0710509999999971
20
-64.8079999999999927
11
115.0710519999999946
21
-64.8079999999999927
0
LINE
8
BLACK
6
CONTINUOUS
10
115.0710519999999946
20
-64.8079999999999927
11
115.2732349999999997
21
-64.7759769999999975
0
LINE
8
BLACK
6
CONTINUOUS
10
115.2732349999999997
20
-64.7759769999999975
11
115.3705759999999998
21
-64.7443480000000022
0
LINE
8
BLACK
6
CONTINUOUS
10
115.3705759999999998
20
-64.7443480000000022
11
115.4679189999999949
21
-64.7127199999999903
0
LINE
8
BLACK
6
CONTINUOUS
10
115.4679189999999949
20
-64.7127199999999903
11
115.5856889999999879
21
-64.6527129999999914
0
LINE
8
BLACK
6
CONTINUOUS
10
115.5856889999999879
20
-64.6527129999999914
11
115.6503109999999879
21
-64.6197870000000023
0
LINE
8
BLACK
6
CONTINUOUS
10
115.6503109999999879
20
-64.6197870000000023
11
115.8159189999999938
21
-64.4994659999999982
0
LINE
8
BLACK
6
CONTINUOUS
10
115.8159189999999938
20
-64.4994659999999982
11
117.3026100000000014
21
-63.0127729999999957
0
LINE
8
BLACK
6
CONTINUOUS
10
117.3026100000000014
20
-63.0127729999999957
11
117.3639309999999938
21
-62.9792899999999989
0
LINE
8
BLACK
6
CONTINUOUS
10
117.3639309999999938
20
-62.9792899999999989
11
117.3708449999999885
21
-62.9779899999999984
0
LINE
8
BLACK
6
CONTINUOUS
10
117.3708449999999885
20
-62.9779899999999984
11
117.4459849999999932
21
-62.9660899999999941
0
LINE
8
BLACK
6
CONTINUOUS
10
117.4459849999999932
20
-62.9660899999999941
11
117.6855789999999899
21
-62.8882409999999936
0
LINE
8
BLACK
6
CONTINUOUS
10
117.6855789999999899
20
-62.8882409999999936
11
117.9100449999999967
21
-62.7738699999999952
0
LINE
8
BLACK
6
CONTINUOUS
10
117.9100449999999967
20
-62.7738699999999952
11
118.1138559999999984
21
-62.6257929999999945
0
LINE
8
BLACK
6
CONTINUOUS
10
118.1138559999999984
20
-62.6257929999999945
11
118.2919929999999908
21
-62.4476559999999949
0
LINE
8
BLACK
6
CONTINUOUS
10
118.2919929999999908
20
-62.4476559999999949
11
118.4400699999999915
21
-62.2438450000000003
0
LINE
8
BLACK
6
CONTINUOUS
10
118.4400699999999915
20
-62.2438450000000003
11
118.5544409999999971
21
-62.0193790000000007
0
LINE
8
BLACK
6
CONTINUOUS
10
118.5544409999999971
20
-62.0193790000000007
11
118.6322899999999976
21
-61.7797849999999968
0
LINE
8
BLACK
6
CONTINUOUS
10
118.6322899999999976
20
-61.7797849999999968
11
118.6717000000000013
21
-61.5309619999999953
0
LINE
8
BLACK
6
CONTINUOUS
10
118.6717000000000013
20
-61.5309619999999953
11
118.6717000000000013
21
-61.2790379999999999
0
LINE
8
BLACK
6
CONTINUOUS
10
118.6717000000000013
20
-61.2790379999999999
11
118.6322899999999976
21
-61.0302149999999983
0
LINE
8
BLACK
6
CONTINUOUS
10
118.6322899999999976
20
-61.0302149999999983
11
118.5544409999999971
21
-60.7906209999999945
0
LINE
8
BLACK
6
CONTINUOUS
10
118.5544409999999971
20
-60.7906209999999945
11
118.5544389999999879
21
-60.7906179999999949
0
LINE
8
BLACK
6
CONTINUOUS
10
118.5544389999999879
20
-60.7906179999999949
11
118.5544389999999879
21
-60.790616
0
LINE
8
BLACK
6
CONTINUOUS
10
118.5544389999999879
20
-60.790616
11
118.4784229999999923
21
-60.6414279999999977
0
LINE
8
BLACK
6
CONTINUOUS
10
118.4784229999999923
20
-60.6414279999999977
11
118.4400699999999915
21
-60.5661549999999949
0
LINE
8
BLACK
6
CONTINUOUS
10
118.4400699999999915
20
-60.5661549999999949
11
118.3288229999999999
21
-60.4130359999999982
0
LINE
8
BLACK
6
CONTINUOUS
10
118.3288229999999999
20
-60.4130359999999982
11
118.2919979999999924
21
-60.3623499999999993
0
LINE
8
BLACK
6
CONTINUOUS
10
118.2919979999999924
20
-60.3623499999999993
11
118.2919939999999883
21
-60.3623449999999977
0
LINE
8
BLACK
6
CONTINUOUS
10
118.2919939999999883
20
-60.3623449999999977
11
118.1138539999999892
21
-60.1842049999999986
0
LINE
8
BLACK
6
CONTINUOUS
10
118.1138539999999892
20
-60.1842049999999986
11
118.1138489999999877
21
-60.1842009999999945
0
LINE
8
BLACK
6
CONTINUOUS
10
118.1138489999999877
20
-60.1842009999999945
11
117.9100479999999891
21
-60.0361319999999949
0
LINE
8
BLACK
6
CONTINUOUS
10
117.9100479999999891
20
-60.0361319999999949
11
117.9100469999999916
21
-60.0361309999999975
0
LINE
8
BLACK
6
CONTINUOUS
10
117.9100469999999916
20
-60.0361309999999975
11
117.9100449999999967
21
-60.03613
0
LINE
8
BLACK
6
CONTINUOUS
10
117.9100449999999967
20
-60.03613
11
117.8272249999999985
21
-59.9939309999999963
0
LINE
8
BLACK
6
CONTINUOUS
10
117.8272249999999985
20
-59.9939309999999963
11
117.6855829999999941
21
-59.921759999999999
0
LINE
8
BLACK
6
CONTINUOUS
10
117.6855829999999941
20
-59.921759999999999
11
117.4459849999999932
21
-59.8439099999999939
0
LINE
8
BLACK
6
CONTINUOUS
10
117.4459849999999932
20
-59.8439099999999939
11
117.1971619999999916
21
-59.8044999999999973
0
LINE
8
BLACK
6
CONTINUOUS
10
117.1971619999999916
20
-59.8044999999999973
11
116.9452379999999891
21
-59.8044999999999973
0
LINE
8
BLACK
6
CONTINUOUS
10
116.9452379999999891
20
-59.8044999999999973
11
116.8208259999999967
21
-59.8242049999999992
0
LINE
8
BLACK
6
CONTINUOUS
10
116.8208259999999967
20
-59.8242049999999992
11
116.6964139999999901
21
-59.8439099999999939
0
LINE
8
BLACK
6
CONTINUOUS
10
116.6964139999999901
20
-59.8439099999999939
11
116.4568159999999892
21
-59.921759999999999
0
LINE
8
BLACK
6
CONTINUOUS
10
116.4568159999999892
20
-59.921759999999999
11
116.2323509999999942
21
-60.0361319999999949
0
LINE
8
BLACK
6
CONTINUOUS
10
116.2323509999999942
20
-60.0361319999999949
11
116.0285499999999956
21
-60.1842009999999945
0
LINE
8
BLACK
6
CONTINUOUS
10
116.0285499999999956
20
-60.1842009999999945
11
116.028544999999994
21
-60.1842049999999986
0
LINE
8
BLACK
6
CONTINUOUS
10
116.028544999999994
20
-60.1842049999999986
11
115.850404999999995
21
-60.3623449999999977
0
LINE
8
BLACK
6
CONTINUOUS
10
115.850404999999995
20
-60.3623449999999977
11
115.8504009999999909
21
-60.3623499999999993
0
LINE
8
BLACK
6
CONTINUOUS
10
115.8504009999999909
20
-60.3623499999999993
11
115.7023319999999984
21
-60.5661509999999979
0
LINE
8
BLACK
6
CONTINUOUS
10
115.7023319999999984
20
-60.5661509999999979
11
115.5879599999999954
21
-60.7906179999999949
0
LINE
8
BLACK
6
CONTINUOUS
10
115.5879599999999954
20
-60.7906179999999949
11
115.5101089999999999
21
-61.0302170000000004
0
LINE
8
BLACK
6
CONTINUOUS
10
115.5101089999999999
20
-61.0302170000000004
11
115.4982150000000019
21
-61.1053089999999983
0
LINE
8
BLACK
6
CONTINUOUS
10
115.4982150000000019
20
-61.1053089999999983
11
115.4682849999999945
21
-61.1684429999999963
0
LINE
8
BLACK
6
CONTINUOUS
10
115.4682849999999945
20
-61.1684429999999963
11
115.4634229999999917
21
-61.1735899999999972
0
LINE
8
BLACK
6
CONTINUOUS
10
115.4634229999999917
20
-61.1735899999999972
11
114.4663339999999891
21
-62.1706809999999948
0
LINE
8
BLACK
6
CONTINUOUS
10
114.4663339999999891
20
-62.1706809999999948
11
114.4050110000000018
21
-62.2041660000000007
0
LINE
8
BLACK
6
CONTINUOUS
10
114.4050110000000018
20
-62.2041660000000007
11
114.3786529999999999
21
-62.2069999999999936
0
LINE
8
BLACK
6
CONTINUOUS
10
114.3786529999999999
20
-62.2069999999999936
11
111.0411929999999927
21
-62.2069999999999936
0
LINE
8
BLACK
6
CONTINUOUS
10
111.0411929999999927
20
-62.2069999999999936
11
110.9741539999999986
21
-62.1873149999999981
0
LINE
8
BLACK
6
CONTINUOUS
10
110.9741539999999986
20
-62.1873149999999981
11
110.9283989999999989
21
-62.1345109999999963
0
LINE
8
BLACK
6
CONTINUOUS
10
110.9283989999999989
20
-62.1345109999999963
11
110.9184549999999945
21
-62.0653529999999947
0
LINE
8
BLACK
6
CONTINUOUS
10
110.9184549999999945
20
-62.0653529999999947
11
110.9307099999999906
21
-62.0267020000000002
0
LINE
8
BLACK
6
CONTINUOUS
10
110.9307099999999906
20
-62.0267020000000002
11
110.9344380000000001
21
-62.0193849999999998
0
LINE
8
BLACK
6
CONTINUOUS
10
110.9344380000000001
20
-62.0193849999999998
11
110.9344389999999976
21
-62.0193829999999977
0
LINE
8
BLACK
6
CONTINUOUS
10
110.9344389999999976
20
-62.0193829999999977
11
110.9344409999999925
21
-62.0193790000000007
0
LINE
8
BLACK
6
CONTINUOUS
10
110.9344409999999925
20
-62.0193790000000007
11
111.012289999999993
21
-61.7797849999999968
0
LINE
8
BLACK
6
CONTINUOUS
10
111.012289999999993
20
-61.7797849999999968
11
111.0516999999999967
21
-61.5309619999999953
0
LINE
8
BLACK
6
CONTINUOUS
10
111.0516999999999967
20
-61.5309619999999953
11
111.0516999999999967
21
-61.2790379999999999
0
LINE
8
BLACK
6
CONTINUOUS
10
111.0516999999999967
20
-61.2790379999999999
11
111.012289999999993
21
-61.0302149999999983
0
LINE
8
BLACK
6
CONTINUOUS
10
111.012289999999993
20
-61.0302149999999983
11
110.9344409999999925
21
-60.7906209999999945
0
LINE
8
BLACK
6
CONTINUOUS
10
110.9344409999999925
20
-60.7906209999999945
11
110.9344389999999976
21
-60.7906179999999949
0
LINE
8
BLACK
6
CONTINUOUS
10
110.9344389999999976
20
-60.7906179999999949
11
110.9344389999999976
21
-60.790616
0
LINE
8
BLACK
6
CONTINUOUS
10
110.9344389999999976
20
-60.790616
11
110.8584230000000019
21
-60.6414279999999977
0
LINE
8
BLACK
6
CONTINUOUS
10
110.8584230000000019
20
-60.6414279999999977
11
110.8200700000000012
21
-60.5661549999999949
0
LINE
8
BLACK
6
CONTINUOUS
10
110.8200700000000012
20
-60.5661549999999949
11
110.7088229999999953
21
-60.4130359999999982
0
LINE
8
BLACK
6
CONTINUOUS
10
110.7088229999999953
20
-60.4130359999999982
11
110.6719980000000021
21
-60.3623499999999993
0
LINE
8
BLACK
6
CONTINUOUS
10
110.6719980000000021
20
-60.3623499999999993
11
110.671993999999998
21
-60.3623449999999977
0
LINE
8
BLACK
6
CONTINUOUS
10
110.671993999999998
20
-60.3623449999999977
11
110.4938539999999989
21
-60.1842049999999986
0
LINE
8
BLACK
6
CONTINUOUS
10
110.4938539999999989
20
-60.1842049999999986
11
110.4938489999999973
21
-60.1842009999999945
0
LINE
8
BLACK
6
CONTINUOUS
10
110.4938489999999973
20
-60.1842009999999945
11
110.2900479999999988
21
-60.0361319999999949
0
LINE
8
BLACK
6
CONTINUOUS
10
110.2900479999999988
20
-60.0361319999999949
11
110.2900470000000013
21
-60.0361309999999975
0
LINE
8
BLACK
6
CONTINUOUS
10
110.2900470000000013
20
-60.0361309999999975
11
110.2900449999999921
21
-60.03613
0
LINE
8
BLACK
6
CONTINUOUS
10
110.2900449999999921
20
-60.03613
11
110.207224999999994
21
-59.9939309999999963
0
LINE
8
BLACK
6
CONTINUOUS
10
110.207224999999994
20
-59.9939309999999963
11
110.0655829999999895
21
-59.921759999999999
0
LINE
8
BLACK
6
CONTINUOUS
10
110.0655829999999895
20
-59.921759999999999
11
109.8259849999999886
21
-59.8439099999999939
0
LINE
8
BLACK
6
CONTINUOUS
10
109.8259849999999886
20
-59.8439099999999939
11
109.5771620000000013
21
-59.8044999999999973
0
LINE
8
BLACK
6
CONTINUOUS
10
109.5771620000000013
20
-59.8044999999999973
11
109.3252379999999988
21
-59.8044999999999973
0
LINE
8
BLACK
6
CONTINUOUS
10
109.3252379999999988
20
-59.8044999999999973
11
109.2008259999999922
21
-59.8242049999999992
0
LINE
8
BLACK
6
CONTINUOUS
10
109.2008259999999922
20
-59.8242049999999992
11
109.0764139999999998
21
-59.8439099999999939
0
LINE
8
BLACK
6
CONTINUOUS
10
109.0764139999999998
20
-59.8439099999999939
11
108.8368159999999989
21
-59.921759999999999
0
LINE
8
BLACK
6
CONTINUOUS
10
108.8368159999999989
20
-59.921759999999999
11
108.6123539999999963
21
-60.03613
0
LINE
8
BLACK
6
CONTINUOUS
10
108.6123539999999963
20
-60.03613
11
108.5740009999999955
21
-60.0639949999999985
0
LINE
8
BLACK
6
CONTINUOUS
10
108.5740009999999955
20
-60.0639949999999985
11
108.5508459999999928
21
-60.0808180000000007
0
LINE
8
BLACK
6
CONTINUOUS
10
108.5508459999999928
20
-60.0808180000000007
11
108.4850419999999929
21
-60.104298
0
LINE
8
BLACK
6
CONTINUOUS
10
108.4850419999999929
20
-60.104298
11
108.4779619999999909
21
-60.1044999999999945
0
LINE
8
BLACK
6
CONTINUOUS
10
108.4779619999999909
20
-60.1044999999999945
11
105.3521509999999921
21
-60.1044999999999945
0
LINE
8
BLACK
6
CONTINUOUS
10
105.3521509999999921
20
-60.1044999999999945
11
105.1474479999999971
21
-60.1044999999999945
0
LINE
8
BLACK
6
CONTINUOUS
10
105.1474479999999971
20
-60.1044999999999945
11
105.1005789999999962
21
-60.1119229999999973
0
LINE
8
BLACK
6
CONTINUOUS
10
105.1005789999999962
20
-60.1119229999999973
11
104.9452679999999987
21
-60.1365219999999994
0
LINE
8
BLACK
6
CONTINUOUS
10
104.9452679999999987
20
-60.1365219999999994
11
104.9452670000000012
21
-60.1365219999999994
0
LINE
8
BLACK
6
CONTINUOUS
10
104.9452670000000012
20
-60.1365219999999994
11
104.8646609999999981
21
-60.1627119999999991
0
LINE
8
BLACK
6
CONTINUOUS
10
104.8646609999999981
20
-60.1627119999999991
11
104.8646609999999981
21
-60.1627129999999966
0
LINE
8
BLACK
6
CONTINUOUS
10
104.8646609999999981
20
-60.1627129999999966
11
104.8256219999999956
21
-60.1753969999999967
0
LINE
8
BLACK
6
CONTINUOUS
10
104.8256219999999956
20
-60.1753969999999967
11
104.7505759999999952
21
-60.1997809999999944
0
LINE
8
BLACK
6
CONTINUOUS
10
104.7505759999999952
20
-60.1997809999999944
11
104.6833029999999951
21
-60.2340599999999995
0
LINE
8
BLACK
6
CONTINUOUS
10
104.6833029999999951
20
-60.2340599999999995
11
104.5681869999999947
21
-60.2927139999999966
0
LINE
8
BLACK
6
CONTINUOUS
10
104.5681869999999947
20
-60.2927139999999966
11
104.5681840000000022
21
-60.2927159999999986
0
LINE
8
BLACK
6
CONTINUOUS
10
104.5681840000000022
20
-60.2927159999999986
11
104.4025779999999912
21
-60.4130359999999982
0
LINE
8
BLACK
6
CONTINUOUS
10
104.4025779999999912
20
-60.4130359999999982
11
100.2886889999999909
21
-64.5269249999999914
0
LINE
8
BLACK
6
CONTINUOUS
10
100.2886889999999909
20
-64.5269249999999914
11
100.2798329999999964
21
-64.5317599999999914
0
LINE
8
BLACK
6
CONTINUOUS
10
100.2798329999999964
20
-64.5317599999999914
11
100.2736529999999959
21
-64.5397359999999907
0
LINE
8
BLACK
6
CONTINUOUS
10
100.2736529999999959
20
-64.5397359999999907
11
100.249684000000002
21
-64.548222999999993
0
LINE
8
BLACK
6
CONTINUOUS
10
100.249684000000002
20
-64.548222999999993
11
100.2273659999999893
21
-64.5604099999999903
0
LINE
8
BLACK
6
CONTINUOUS
10
100.2273659999999893
20
-64.5604099999999903
11
100.2172999999999945
21
-64.5596900000000034
0
LINE
8
BLACK
6
CONTINUOUS
10
100.2172999999999945
20
-64.5596900000000034
11
100.2077899999999886
21
-64.5630579999999981
0
LINE
8
BLACK
6
CONTINUOUS
10
100.2077899999999886
20
-64.5630579999999981
11
100.1830389999999937
21
-64.5572399999999931
0
LINE
8
BLACK
6
CONTINUOUS
10
100.1830389999999937
20
-64.5572399999999931
11
100.1576740000000001
21
-64.5554259999999971
0
LINE
8
BLACK
6
CONTINUOUS
10
100.1576740000000001
20
-64.5554259999999971
11
100.1477829999999898
21
-64.5489519999999999
0
LINE
8
BLACK
6
CONTINUOUS
10
100.1477829999999898
20
-64.5489519999999999
11
100.1397750000000002
21
-64.5470699999999908
0
LINE
8
BLACK
6
CONTINUOUS
10
100.1397750000000002
20
-64.5470699999999908
11
100.122965999999991
21
-64.532708999999997
0
LINE
8
BLACK
6
CONTINUOUS
10
100.122965999999991
20
-64.532708999999997
11
100.1118769999999927
21
-64.5254510000000039
0
LINE
8
BLACK
6
CONTINUOUS
10
100.1118769999999927
20
-64.5254510000000039
11
100.103675999999993
21
-64.5169719999999955
0
LINE
8
BLACK
6
CONTINUOUS
10
100.103675999999993
20
-64.5169719999999955
11
100.1010160000000013
21
-64.5127379999999988
0
LINE
8
BLACK
6
CONTINUOUS
10
100.1010160000000013
20
-64.5127379999999988
11
100.0572760000000017
21
-64.4689979999999991
0
LINE
8
BLACK
6
CONTINUOUS
10
100.0572760000000017
20
-64.4689979999999991
11
100.0565689999999961
21
-64.4682669999999973
0
LINE
8
BLACK
6
CONTINUOUS
10
100.0565689999999961
20
-64.4682669999999973
11
100.0407929999999936
21
-64.4381939999999958
0
LINE
8
BLACK
6
CONTINUOUS
10
100.0407929999999936
20
-64.4381939999999958
11
100.0245339999999885
21
-64.4084179999999975
0
LINE
8
BLACK
6
CONTINUOUS
10
100.0245339999999885
20
-64.4084179999999975
11
100.024368999999993
21
-64.4068860000000001
0
LINE
8
BLACK
6
CONTINUOUS
10
100.024368999999993
20
-64.4068860000000001
11
100.0241109999999907
21
-64.4063939999999917
0
LINE
8
BLACK
6
CONTINUOUS
10
100.0241109999999907
20
-64.4063939999999917
11
100.024203
21
-64.405344999999997
0
LINE
8
BLACK
6
CONTINUOUS
10
100.024203
20
-64.405344999999997
11
100.0216999999999956
21
-64.3820599999999956
0
LINE
8
BLACK
6
CONTINUOUS
10
100.0216999999999956
20
-64.3820599999999956
11
100.0216999999999956
21
-63.0604449999999943
0
LINE
8
BLACK
6
CONTINUOUS
10
100.0216999999999956
20
-63.0604449999999943
11
100.0413849999999911
21
-62.9934060000000002
0
LINE
8
BLACK
6
CONTINUOUS
10
100.0413849999999911
20
-62.9934060000000002
11
100.058014
21
-62.9727689999999996
0
LINE
8
BLACK
6
CONTINUOUS
10
100.058014
20
-62.9727689999999996
11
104.2917499999999933
21
-58.7390319999999946
0
LINE
8
BLACK
6
CONTINUOUS
10
104.2917499999999933
20
-58.7390319999999946
11
104.2917569999999898
21
-58.7390270000000001
0
LINE
8
BLACK
6
CONTINUOUS
10
104.2917569999999898
20
-58.7390270000000001
11
104.2988169999999997
21
-58.7319669999999974
0
LINE
8
BLACK
6
CONTINUOUS
10
104.2988169999999997
20
-58.7319669999999974
11
104.2988189999999946
21
-58.7319659999999999
0
LINE
8
BLACK
6
CONTINUOUS
10
104.2988189999999946
20
-58.7319659999999999
11
104.4435659999999899
21
-58.5872189999999975
0
LINE
8
BLACK
6
CONTINUOUS
10
104.4435659999999899
20
-58.5872189999999975
11
104.5574529999999953
21
-58.4304659999999956
0
LINE
8
BLACK
6
CONTINUOUS
10
104.5574529999999953
20
-58.4304659999999956
11
104.563886999999994
21
-58.4216109999999986
0
LINE
8
BLACK
6
CONTINUOUS
10
104.563886999999994
20
-58.4216109999999986
11
104.6103529999999893
21
-58.3304139999999975
0
LINE
8
BLACK
6
CONTINUOUS
10
104.6103529999999893
20
-58.3304139999999975
11
104.6568199999999962
21
-58.2392189999999985
0
LINE
8
BLACK
6
CONTINUOUS
10
104.6568199999999962
20
-58.2392189999999985
11
104.7200769999999892
21
-58.0445339999999987
0
LINE
8
BLACK
6
CONTINUOUS
10
104.7200769999999892
20
-58.0445339999999987
11
104.7520999999999987
21
-57.8423519999999982
0
LINE
8
BLACK
6
CONTINUOUS
10
104.7520999999999987
20
-57.8423519999999982
11
104.7520999999999987
21
-43.4057479999999956
0
LINE
8
BLACK
6
CONTINUOUS
10
104.7520999999999987
20
-43.4057479999999956
11
104.7200769999999892
21
-43.203565999999995
0
LINE
8
BLACK
6
CONTINUOUS
10
104.7200769999999892
20
-43.203565999999995
11
104.6568199999999962
21
-43.0088809999999953
0
LINE
8
BLACK
6
CONTINUOUS
10
104.6568199999999962
20
-43.0088809999999953
11
104.6568180000000012
21
-43.0088779999999957
0
LINE
8
BLACK
6
CONTINUOUS
10
104.6568180000000012
20
-43.0088779999999957
11
104.6568180000000012
21
-43.0088760000000008
0
LINE
8
BLACK
6
CONTINUOUS
10
104.6568180000000012
20
-43.0088760000000008
11
104.6103529999999893
21
-42.9176849999999988
0
LINE
8
BLACK
6
CONTINUOUS
10
104.6103529999999893
20
-42.9176849999999988
11
104.6103519999999918
21
-42.9176840000000013
0
LINE
8
BLACK
6
CONTINUOUS
10
104.6103519999999918
20
-42.9176840000000013
11
104.563886999999994
21
-42.8264889999999951
0
LINE
8
BLACK
6
CONTINUOUS
10
104.563886999999994
20
-42.8264889999999951
11
104.4435659999999899
21
-42.6608809999999963
0
LINE
8
BLACK
6
CONTINUOUS
10
104.4435659999999899
20
-42.6608809999999963
11
103.4812189999999958
21
-41.6985339999999951
0
LINE
8
BLACK
6
CONTINUOUS
10
103.4812189999999958
20
-41.6985339999999951
11
103.3156109999999899
21
-41.5782129999999981
0
LINE
8
BLACK
6
CONTINUOUS
10
103.3156109999999899
20
-41.5782129999999981
11
103.2244139999999959
21
-41.5317459999999983
0
LINE
8
BLACK
6
CONTINUOUS
10
103.2244139999999959
20
-41.5317459999999983
11
103.2244120000000009
21
-41.5317450000000008
0
LINE
8
BLACK
6
CONTINUOUS
10
103.2244120000000009
20
-41.5317450000000008
11
103.133223000000001
21
-41.4852810000000005
0
LINE
8
BLACK
6
CONTINUOUS
10
103.133223000000001
20
-41.4852810000000005
11
103.0865149999999915
21
-41.4701039999999992
0
LINE
8
BLACK
6
CONTINUOUS
10
103.0865149999999915
20
-41.4701039999999992
11
103.0358760000000018
21
-41.4536510000000007
0
LINE
8
BLACK
6
CONTINUOUS
10
103.0358760000000018
20
-41.4536510000000007
11
103.0120029999999929
21
-41.4458939999999956
0
LINE
8
BLACK
6
CONTINUOUS
10
103.0120029999999929
20
-41.4458939999999956
11
102.9385350000000017
21
-41.4220219999999983
0
LINE
8
BLACK
6
CONTINUOUS
10
102.9385350000000017
20
-41.4220219999999983
11
102.7639949999999942
21
-41.3943779999999961
0
LINE
8
BLACK
6
CONTINUOUS
10
102.7639949999999942
20
-41.3943779999999961
11
102.7363519999999966
21
-41.3900000000000006
0
LINE
8
BLACK
6
CONTINUOUS
10
102.7363519999999966
20
-41.3900000000000006
11
50.6685510000000008
21
-41.3900000000000006
0
LINE
8
BLACK
6
CONTINUOUS
10
50.6685510000000008
20
-41.3900000000000006
11
50.4638479999999987
21
-41.3900000000000006
0
LINE
8
BLACK
6
CONTINUOUS
10
50.4638479999999987
20
-41.3900000000000006
11
50.3964530000000011
21
-41.4006739999999951
0
LINE
8
BLACK
6
CONTINUOUS
10
50.3964530000000011
20
-41.4006739999999951
11
50.2616629999999986
21
-41.4220229999999958
0
LINE
8
BLACK
6
CONTINUOUS
10
50.2616629999999986
20
-41.4220229999999958
11
50.164322999999996
21
-41.4536499999999961
0
LINE
8
BLACK
6
CONTINUOUS
10
50.164322999999996
20
-41.4536499999999961
11
50.164322999999996
21
-41.4536510000000007
0
LINE
8
BLACK
6
CONTINUOUS
10
50.164322999999996
20
-41.4536510000000007
11
50.1115519999999961
21
-41.4707969999999975
0
LINE
8
BLACK
6
CONTINUOUS
10
50.1115519999999961
20
-41.4707969999999975
11
50.0669739999999948
21
-41.485281999999998
0
LINE
8
BLACK
6
CONTINUOUS
10
50.0669739999999948
20
-41.485281999999998
11
49.9757839999999973
21
-41.5317450000000008
0
LINE
8
BLACK
6
CONTINUOUS
10
49.9757839999999973
20
-41.5317450000000008
11
49.9757849999999948
21
-41.5317459999999983
0
LINE
8
BLACK
6
CONTINUOUS
10
49.9757849999999948
20
-41.5317459999999983
11
49.8845880000000008
21
-41.5782129999999981
0
LINE
8
BLACK
6
CONTINUOUS
10
49.8845880000000008
20
-41.5782129999999981
11
49.7189779999999999
21
-41.6985359999999972
0
LINE
8
BLACK
6
CONTINUOUS
10
49.7189779999999999
20
-41.6985359999999972
11
28.1175359999999976
21
-63.2999779999999959
0
LINE
8
BLACK
6
CONTINUOUS
10
28.1175359999999976
20
-63.2999779999999959
11
27.9972110000000001
21
-63.4655899999999988
0
LINE
8
BLACK
6
CONTINUOUS
10
27.9972110000000001
20
-63.4655899999999988
11
27.9723049999999986
21
-63.5144749999999974
0
LINE
8
BLACK
6
CONTINUOUS
10
27.9723049999999986
20
-63.5144749999999974
11
27.9723039999999976
21
-63.5144769999999994
0
LINE
8
BLACK
6
CONTINUOUS
10
27.9723039999999976
20
-63.5144769999999994
11
27.9042809999999974
21
-63.6479759999999999
0
LINE
8
BLACK
6
CONTINUOUS
10
27.9042809999999974
20
-63.6479759999999999
11
27.8922199999999982
21
-63.685096999999999
0
LINE
8
BLACK
6
CONTINUOUS
10
27.8922199999999982
20
-63.685096999999999
11
27.8767149999999972
21
-63.7328189999999992
0
LINE
8
BLACK
6
CONTINUOUS
10
27.8767149999999972
20
-63.7328189999999992
11
27.8747459999999982
21
-63.7388779999999997
0
LINE
8
BLACK
6
CONTINUOUS
10
27.8747459999999982
20
-63.7388779999999997
11
27.8410219999999988
21
-63.8426669999999987
0
LINE
8
BLACK
6
CONTINUOUS
10
27.8410219999999988
20
-63.8426669999999987
11
27.8410219999999988
21
-63.8426679999999962
0
LINE
8
BLACK
6
CONTINUOUS
10
27.8410219999999988
20
-63.8426679999999962
11
27.8366879999999988
21
-63.8700339999999969
0
LINE
8
BLACK
6
CONTINUOUS
10
27.8366879999999988
20
-63.8700339999999969
11
27.8089999999999975
21
-64.0448480000000018
0
LINE
8
BLACK
6
CONTINUOUS
10
27.8089999999999975
20
-64.0448480000000018
11
27.8089999999999975
21
-67.1500509999999906
0
LINE
8
BLACK
6
CONTINUOUS
10
27.8089999999999975
20
-67.1500509999999906
11
27.8410219999999988
21
-67.3522310000000033
0
LINE
8
BLACK
6
CONTINUOUS
10
27.8410219999999988
20
-67.3522310000000033
11
27.8410219999999988
21
-67.3522320000000008
0
LINE
8
BLACK
6
CONTINUOUS
10
27.8410219999999988
20
-67.3522320000000008
11
27.8605009999999993
21
-67.4121820000000014
0
LINE
8
BLACK
6
CONTINUOUS
10
27.8605009999999993
20
-67.4121820000000014
11
27.9042779999999979
21
-67.546915999999996
0
LINE
8
BLACK
6
CONTINUOUS
10
27.9042779999999979
20
-67.546915999999996
11
27.90428
21
-67.5469190000000026
0
LINE
8
BLACK
6
CONTINUOUS
10
27.90428
20
-67.5469190000000026
11
27.943287999999999
21
-67.6234769999999941
0
LINE
8
BLACK
6
CONTINUOUS
10
27.943287999999999
20
-67.6234769999999941
11
27.9972129999999986
21
-67.7293109999999956
0
LINE
8
BLACK
6
CONTINUOUS
10
27.9972129999999986
20
-67.7293109999999956
11
28.1175339999999991
21
-67.8949190000000016
0
LINE
8
BLACK
6
CONTINUOUS
10
28.1175339999999991
20
-67.8949190000000016
11
28.1175359999999976
21
-67.8949209999999965
0
LINE
8
BLACK
6
CONTINUOUS
10
28.1175359999999976
20
-67.8949209999999965
11
29.3495859999999986
21
-69.1269709999999975
0
LINE
8
BLACK
6
CONTINUOUS
10
29.3495859999999986
20
-69.1269709999999975
11
29.464185999999998
21
-69.2102309999999932
0
LINE
8
BLACK
6
CONTINUOUS
10
29.464185999999998
20
-69.2102309999999932
11
29.5151899999999969
21
-69.247287
0
LINE
8
BLACK
6
CONTINUOUS
10
29.5151899999999969
20
-69.247287
11
29.6314069999999994
21
-69.3065029999999922
0
LINE
8
BLACK
6
CONTINUOUS
10
29.6314069999999994
20
-69.3065029999999922
11
29.697575999999998
21
-69.340217999999993
0
LINE
8
BLACK
6
CONTINUOUS
10
29.697575999999998
20
-69.340217999999993
11
29.697578
21
-69.340217999999993
0
LINE
8
BLACK
6
CONTINUOUS
10
29.697578
20
-69.340217999999993
11
29.6975809999999996
21
-69.3402200000000022
0
LINE
8
BLACK
6
CONTINUOUS
10
29.6975809999999996
20
-69.3402200000000022
11
29.8922659999999993
21
-69.4034769999999952
0
LINE
8
BLACK
6
CONTINUOUS
10
29.8922659999999993
20
-69.4034769999999952
11
29.9189569999999989
21
-69.4077039999999954
0
LINE
8
BLACK
6
CONTINUOUS
10
29.9189569999999989
20
-69.4077039999999954
11
29.9214389999999995
21
-69.4088809999999938
0
LINE
8
BLACK
6
CONTINUOUS
10
29.9214389999999995
20
-69.4088809999999938
11
29.9241799999999998
21
-69.4086459999999903
0
LINE
8
BLACK
6
CONTINUOUS
10
29.9241799999999998
20
-69.4086459999999903
11
29.9528280000000002
21
-69.4237600000000015
0
LINE
8
BLACK
6
CONTINUOUS
10
29.9528280000000002
20
-69.4237600000000015
11
29.9820889999999984
21
-69.4376319999999936
0
LINE
8
BLACK
6
CONTINUOUS
10
29.9820889999999984
20
-69.4376319999999936
11
29.9835419999999999
21
-69.4399650000000008
0
LINE
8
BLACK
6
CONTINUOUS
10
29.9835419999999999
20
-69.4399650000000008
11
29.9859759999999973
21
-69.4412499999999966
0
LINE
8
BLACK
6
CONTINUOUS
10
29.9859759999999973
20
-69.4412499999999966
11
30.0019089999999977
21
-69.4694619999999929
0
LINE
8
BLACK
6
CONTINUOUS
10
30.0019089999999977
20
-69.4694619999999929
11
30.0190209999999986
21
-69.4969430000000017
0
LINE
8
BLACK
6
CONTINUOUS
10
30.0190209999999986
20
-69.4969430000000017
11
30.0189810000000001
21
-69.4996909999999986
0
LINE
8
BLACK
6
CONTINUOUS
10
30.0189810000000001
20
-69.4996909999999986
11
30.0203349999999993
21
-69.5020880000000005
0
LINE
8
BLACK
6
CONTINUOUS
10
30.0203349999999993
20
-69.5020880000000005
11
30.0184859999999993
21
-69.5344269999999938
0
LINE
8
BLACK
6
CONTINUOUS
10
30.0184859999999993
20
-69.5344269999999938
11
30.018024999999998
21
-69.5668059999999997
0
LINE
8
BLACK
6
CONTINUOUS
10
30.018024999999998
20
-69.5668059999999997
11
30.016455999999998
21
-69.5699379999999934
0
LINE
8
BLACK
6
CONTINUOUS
10
30.016455999999998
20
-69.5699379999999934
11
30.0163479999999971
21
-69.5718439999999987
0
LINE
8
BLACK
6
CONTINUOUS
10
30.0163479999999971
20
-69.5718439999999987
11
29.9998779999999989
21
-69.6030599999999993
0
LINE
8
BLACK
6
CONTINUOUS
10
29.9998779999999989
20
-69.6030599999999993
11
29.995239999999999
21
-69.6094439999999963
0
LINE
8
BLACK
6
CONTINUOUS
10
29.995239999999999
20
-69.6094439999999963
11
29.967806999999997
21
-69.6368779999999958
0
LINE
8
BLACK
6
CONTINUOUS
10
29.967806999999997
20
-69.6368779999999958
11
29.9042809999999974
21
-69.6830329999999947
0
LINE
8
BLACK
6
CONTINUOUS
10
29.9042809999999974
20
-69.6830329999999947
11
25.5498359999999991
21
-74.037477999999993
0
LINE
8
BLACK
6
CONTINUOUS
10
25.5498359999999991
20
-74.037477999999993
11
25.5498340000000006
21
-74.0374809999999997
0
LINE
8
BLACK
6
CONTINUOUS
10
25.5498340000000006
20
-74.0374809999999997
11
25.4295170000000006
21
-74.2030819999999949
0
LINE
8
BLACK
6
CONTINUOUS
10
25.4295170000000006
20
-74.2030819999999949
11
25.4295100000000005
21
-74.2030929999999955
0
LINE
8
BLACK
6
CONTINUOUS
10
25.4295100000000005
20
-74.2030929999999955
11
25.427541999999999
21
-74.2069580000000002
0
LINE
8
BLACK
6
CONTINUOUS
10
25.427541999999999
20
-74.2069580000000002
11
25.4275379999999984
21
-74.2069659999999942
0
LINE
8
BLACK
6
CONTINUOUS
10
25.4275379999999984
20
-74.2069659999999942
11
25.3365809999999989
21
-74.385475999999997
0
LINE
8
BLACK
6
CONTINUOUS
10
25.3365809999999989
20
-74.385475999999997
11
25.2733220000000003
21
-74.5801649999999938
0
LINE
8
BLACK
6
CONTINUOUS
10
25.2733220000000003
20
-74.5801649999999938
11
25.241299999999999
21
-74.7823479999999989
0
LINE
8
BLACK
6
CONTINUOUS
10
25.241299999999999
20
-74.7823479999999989
11
25.241299999999999
21
-96.8701509999999928
0
CIRCLE
8
BLACK
10
109.4512
20
-77.4050000000000011
40
0.175
0
CIRCLE
8
BLACK
10
117.0711999999999904
20
-77.4050000000000011
40
0.175
0
CIRCLE
8
BLACK
10
98.7612000000000023
20
-99.4050000000000011
40
0.175
0
CIRCLE
8
BLACK
10
103.7612000000000023
20
-99.4050000000000011
40
0.175
0
CIRCLE
8
BLACK
10
109.4512
20
-85.4050000000000011
40
0.175
0
CIRCLE
8
BLACK
10
117.0711999999999904
20
-85.4050000000000011
40
0.175
0
CIRCLE
8
BLACK
10
31.2611999999999988
20
-65.5949999999999989
40
0.175
0
CIRCLE
8
BLACK
10
31.2611999999999988
20
-68.1349999999999909
40
0.175
0
CIRCLE
8
BLACK
10
31.2611999999999988
20
-70.6749999999999972
40
0.175
0
CIRCLE
8
BLACK
10
31.2611999999999988
20
-73.2150000000000034
40
0.175
0
CIRCLE
8
BLACK
10
109.4512
20
-61.404999999999994
40
0.175
0
CIRCLE
8
BLACK
10
117.0711999999999904
20
-61.404999999999994
40
0.175
0
CIRCLE
8
BLACK
10
55.2862000000000009
20
-53.654999999999994
40
0.175
0
CIRCLE
8
BLACK
10
55.2862000000000009
20
-56.1950000000000003
40
0.175
0
CIRCLE
8
BLACK
10
55.2862000000000009
20
-58.7349999999999994
40
0.175
0
CIRCLE
8
BLACK
10
55.2862000000000009
20
-61.2749999999999986
40
0.175
0
CIRCLE
8
BLACK
10
55.2862000000000009
20
-63.8149999999999977
40
0.175
0
CIRCLE
8
BLACK
10
55.2862000000000009
20
-66.355000000000004
40
0.175
0
CIRCLE
8
BLACK
10
55.2862000000000009
20
-68.894999999999996
40
0.175
0
CIRCLE
8
BLACK
10
55.2862000000000009
20
-71.4350000000000023
40
0.175
0
CIRCLE
8
BLACK
10
55.2862000000000009
20
-73.9749999999999943
40
0.175
0
CIRCLE
8
BLACK
10
55.2862000000000009
20
-76.5150000000000006
40
0.175
0
CIRCLE
8
BLACK
10
55.2862000000000009
20
-79.0549999999999926
40
0.175
0
CIRCLE
8
BLACK
10
55.2862000000000009
20
-81.5949999999999989
40
0.175
0
CIRCLE
8
BLACK
10
55.2862000000000009
20
-84.1349999999999909
40
0.175
0
CIRCLE
8
BLACK
10
55.2862000000000009
20
-86.6749999999999972
40
0.175
0
CIRCLE
8
BLACK
10
55.2862000000000009
20
-89.2149999999999892
40
0.175
0
CIRCLE
8
BLACK
10
83.6861999999999995
20
-53.654999999999994
40
0.175
0
CIRCLE
8
BLACK
10
83.6861999999999995
20
-56.1950000000000003
40
0.175
0
CIRCLE
8
BLACK
10
83.6861999999999995
20
-58.7349999999999994
40
0.175
0
CIRCLE
8
BLACK
10
83.6861999999999995
20
-61.2749999999999986
40
0.175
0
CIRCLE
8
BLACK
10
83.6861999999999995
20
-63.8149999999999977
40
0.175
0
CIRCLE
8
BLACK
10
83.6861999999999995
20
-66.355000000000004
40
0.175
0
CIRCLE
8
BLACK
10
83.6861999999999995
20
-68.894999999999996
40
0.175
0
CIRCLE
8
BLACK
10
83.6861999999999995
20
-71.4350000000000023
40
0.175
0
CIRCLE
8
BLACK
10
83.6861999999999995
20
-73.9749999999999943
40
0.175
0
CIRCLE
8
BLACK
10
83.6861999999999995
20
-76.5150000000000006
40
0.175
0
CIRCLE
8
BLACK
10
83.6861999999999995
20
-79.0549999999999926
40
0.175
0
CIRCLE
8
BLACK
10
83.6861999999999995
20
-81.5949999999999989
40
0.175
0
CIRCLE
8
BLACK
10
83.6861999999999995
20
-84.1349999999999909
40
0.175
0
CIRCLE
8
BLACK
10
83.6861999999999995
20
-86.6749999999999972
40
0.175
0
CIRCLE
8
BLACK
10
83.6861999999999995
20
-89.2149999999999892
40
0.175
0
CIRCLE
8
BLACK
10
101.2612000000000023
20
-44.8649999999999949
40
0.175
0
CIRCLE
8
BLACK
10
101.2612000000000023
20
-47.4050000000000011
40
0.175
0
CIRCLE
8
BLACK
10
101.2612000000000023
20
-49.9450000000000003
40
0.175
0
CIRCLE
8
BLACK
10
98.7211999999999961
20
-81.7650000000000006
40
0.175
0
CIRCLE
8
BLACK
10
101.2612000000000023
20
-81.7650000000000006
40
0.175
0
CIRCLE
8
BLACK
10
103.8011999999999944
20
-81.7650000000000006
40
0.175
0
CIRCLE
8
BLACK
10
28.8934999999999995
20
-95.4050000000000011
40
0.175
0
CIRCLE
8
BLACK
10
33.893499999999996
20
-95.4050000000000011
40
0.175
0
CIRCLE
8
BLACK
10
98.7211999999999961
20
-65.7650000000000006
40
0.175
0
CIRCLE
8
BLACK
10
101.2612000000000023
20
-65.7650000000000006
40
0.175
0
CIRCLE
8
BLACK
10
103.8011999999999944
20
-65.7650000000000006
40
0.175
0
CIRCLE
8
BLACK
10
109.4512
20
-69.4050000000000011
40
0.175
0
CIRCLE
8
BLACK
10
117.0711999999999904
20
-69.4050000000000011
40
0.175
0
LINE
8
WHITE
6
CONTINUOUS
10
20.
20
-20.
11
124.
21
-20.
0
LINE
8
WHITE
6
CONTINUOUS
10
124.
20
-20.
11
124.
21
-124.
0
LINE
8
WHITE
6
CONTINUOUS
10
124.
20
-124.
11
20.
21
-124.
0
LINE
8
WHITE
6
CONTINUOUS
10
20.
20
-124.
11
20.
21
-20.
0
CIRCLE
8
WHITE
10
109.4512
20
-77.4050000000000011
40
0.175
0
CIRCLE
8
WHITE
10
117.0711999999999904
20
-77.4050000000000011
40
0.175
0
CIRCLE
8
WHITE
10
98.7612000000000023
20
-99.4050000000000011
40
0.175
0
CIRCLE
8
WHITE
10
103.7612000000000023
20
-99.4050000000000011
40
0.175
0
CIRCLE
8
WHITE
10
109.4512
20
-85.4050000000000011
40
0.175
0
CIRCLE
8
WHITE
10
117.0711999999999904
20
-85.4050000000000011
40
0.175
0
CIRCLE
8
WHITE
10
31.2611999999999988
20
-65.5949999999999989
40
0.175
0
CIRCLE
8
WHITE
10
31.2611999999999988
20
-68.1349999999999909
40
0.175
0
CIRCLE
8
WHITE
10
31.2611999999999988
20
-70.6749999999999972
40
0.175
0
CIRCLE
8
WHITE
10
31.2611999999999988
20
-73.2150000000000034
40
0.175
0
CIRCLE
8
WHITE
10
109.4512
20
-61.404999999999994
40
0.175
0
CIRCLE
8
WHITE
10
117.0711999999999904
20
-61.404999999999994
40
0.175
0
CIRCLE
8
WHITE
10
55.2862000000000009
20
-53.654999999999994
40
0.175
0
CIRCLE
8
WHITE
10
55.2862000000000009
20
-56.1950000000000003
40
0.175
0
CIRCLE
8
WHITE
10
55.2862000000000009
20
-58.7349999999999994
40
0.175
0
CIRCLE
8
WHITE
10
55.2862000000000009
20
-61.2749999999999986
40
0.175
0
CIRCLE
8
WHITE
10
55.2862000000000009
20
-63.8149999999999977
40
0.175
0
CIRCLE
8
WHITE
10
55.2862000000000009
20
-66.355000000000004
40
0.175
0
CIRCLE
8
WHITE
10
55.2862000000000009
20
-68.894999999999996
40
0.175
0
CIRCLE
8
WHITE
10
55.2862000000000009
20
-71.4350000000000023
40
0.175
0
CIRCLE
8
WHITE
10
55.2862000000000009
20
-73.9749999999999943
40
0.175
0
CIRCLE
8
WHITE
10
55.2862000000000009
20
-76.5150000000000006
40
0.175
0
CIRCLE
8
WHITE
10
55.2862000000000009
20
-79.0549999999999926
40
0.175
0
CIRCLE
8
WHITE
10
55.2862000000000009
20
-81.5949999999999989
40
0.175
0
CIRCLE
8
WHITE
10
55.2862000000000009
20
-84.1349999999999909
40
0.175
0
CIRCLE
8
WHITE
10
55.2862000000000009
20
-86.6749999999999972
40
0.175
0
CIRCLE
8
WHITE
10
55.2862000000000009
20
-89.2149999999999892
40
0.175
0
CIRCLE
8
WHITE
10
83.6861999999999995
20
-53.654999999999994
40
0.175
0
CIRCLE
8
WHITE
10
83.6861999999999995
20
-56.1950000000000003
40
0.175
0
CIRCLE
8
WHITE
10
83.6861999999999995
20
-58.7349999999999994
40
0.175
0
CIRCLE
8
WHITE
10
83.6861999999999995
20
-61.2749999999999986
40
0.175
0
CIRCLE
8
WHITE
10
83.6861999999999995
20
-63.8149999999999977
40
0.175
0
CIRCLE
8
WHITE
10
83.6861999999999995
20
-66.355000000000004
40
0.175
0
CIRCLE
8
WHITE
10
83.6861999999999995
20
-68.894999999999996
40
0.175
0
CIRCLE
8
WHITE
10
83.6861999999999995
20
-71.4350000000000023
40
0.175
0
CIRCLE
8
WHITE
10
83.6861999999999995
20
-73.9749999999999943
40
0.175
0
CIRCLE
8
WHITE
10
83.6861999999999995
20
-76.5150000000000006
40
0.175
0
CIRCLE
8
WHITE
10
83.6861999999999995
20
-79.0549999999999926
40
0.175
0
CIRCLE
8
WHITE
10
83.6861999999999995
20
-81.5949999999999989
40
0.175
0
CIRCLE
8
WHITE
10
83.6861999999999995
20
-84.1349999999999909
40
0.175
0
CIRCLE
8
WHITE
10
83.6861999999999995
20
-86.6749999999999972
40
0.175
0
CIRCLE
8
WHITE
10
83.6861999999999995
20
-89.2149999999999892
40
0.175
0
CIRCLE
8
WHITE
10
101.2612000000000023
20
-44.8649999999999949
40
0.175
0
CIRCLE
8
WHITE
10
101.2612000000000023
20
-47.4050000000000011
40
0.175
0
CIRCLE
8
WHITE
10
101.2612000000000023
20
-49.9450000000000003
40
0.175
0
CIRCLE
8
WHITE
10
98.7211999999999961
20
-81.7650000000000006
40
0.175
0
CIRCLE
8
WHITE
10
101.2612000000000023
20
-81.7650000000000006
40
0.175
0
CIRCLE
8
WHITE
10
103.8011999999999944
20
-81.7650000000000006
40
0.175
0
CIRCLE
8
WHITE
10
28.8934999999999995
20
-95.4050000000000011
40
0.175
0
CIRCLE
8
WHITE
10
33.893499999999996
20
-95.4050000000000011
40
0.175
0
CIRCLE
8
WHITE
10
98.7211999999999961
20
-65.7650000000000006
40
0.175
0
CIRCLE
8
WHITE
10
101.2612000000000023
20
-65.7650000000000006
40
0.175
0
CIRCLE
8
WHITE
10
103.8011999999999944
20
-65.7650000000000006
40
0.175
0
CIRCLE
8
WHITE
10
109.4512
20
-69.4050000000000011
40
0.175
0
CIRCLE
8
WHITE
10
117.0711999999999904
20
-69.4050000000000011
40
0.175
  0
ENDSEC
  0
EOF
