  0
SECTION
  2
HEADER
  9
$ANGBASE
  50
0.0
  9
$ANGDIR
  70
1
  9
$MEASUREMENT
  70
1
  0
ENDSEC
  0
SECTION
  2
TABLES
  0
TABLE
  2
LTYPE
  70
4
  0
LTYPE
  5
40F
  2
CONTINUOUS
  70
0
  3
Solid line
  72
65
  73
0
  40
0.0
  0
LTYPE
  5
410
  2
DASHDOT
 70
0
  3
Dash Dot ____ _ ____ _
 72
65
 73
4
 40
2.0
 49
1.25
 49
-0.25
 49
0.25
 49
-0.25
  0
LTYPE
  5
411
  2
DASHED
 70
0
  3
Dashed __ __ __ __ __
 72
65
 73
2
 40
0.75
 49
0.5
 49
-0.25
  0
LTYPE
  5
43B
  2
DOTTED
 70
0
  3
Dotted .  .  .  .
 72
65
 73
2
 40
0.2
 49
0.0
 49
-0.2
  0
ENDTAB
  0
TABLE
  2
STYLE
  70
4
  0
STYLE
  2
KICAD
  70
0
  40
0
  41
1
  42
1
  50
0
  71
0
  3
isocp.shx
  0
STYLE
  2
KICADB
  70
0
  40
0
  41
1
  42
1
  50
0
  71
0
  3
isocp.shx
  0
STYLE
  2
KICADI
  70
0
  40
0
  41
1
  42
1
  50
15
  71
0
  3
isocp.shx
  0
STYLE
  2
KICADBI
  70
0
  40
0
  41
1
  42
1
  50
15
  71
0
  3
isocp.shx
  0
ENDTAB
  0
TABLE
  2
LAYER
  70
35
  0
LAYER
  2
BLACK
  70
0
  62
7
  6
CONTINUOUS
  0
LAYER
  2
GRAY1
  70
0
  62
251
  6
CONTINUOUS
  0
LAYER
  2
GRAY2
  70
0
  62
8
  6
CONTINUOUS
  0
LAYER
  2
GRAY3
  70
0
  62
9
  6
CONTINUOUS
  0
LAYER
  2
WHITE
  70
0
  62
7
  6
CONTINUOUS
  0
LAYER
  2
LYELLOW
  70
0
  62
51
  6
CONTINUOUS
  0
LAYER
  2
LORANGE
  70
0
  62
41
  6
CONTINUOUS
  0
LAYER
  2
BLUE1
  70
0
  62
178
  6
CONTINUOUS
  0
LAYER
  2
GREEN1
  70
0
  62
98
  6
CONTINUOUS
  0
LAYER
  2
CYAN1
  70
0
  62
138
  6
CONTINUOUS
  0
LAYER
  2
RED1
  70
0
  62
18
  6
CONTINUOUS
  0
LAYER
  2
MAGENTA1
  70
0
  62
228
  6
CONTINUOUS
  0
LAYER
  2
BROWN1
  70
0
  62
58
  6
CONTINUOUS
  0
LAYER
  2
ORANGE1
  70
0
  62
34
  6
CONTINUOUS
  0
LAYER
  2
BLUE2
  70
0
  62
5
  6
CONTINUOUS
  0
LAYER
  2
GREEN2
  70
0
  62
3
  6
CONTINUOUS
  0
LAYER
  2
CYAN2
  70
0
  62
4
  6
CONTINUOUS
  0
LAYER
  2
RED2
  70
0
  62
1
  6
CONTINUOUS
  0
LAYER
  2
MAGENTA2
  70
0
  62
6
  6
CONTINUOUS
  0
LAYER
  2
BROWN2
  70
0
  62
54
  6
CONTINUOUS
  0
LAYER
  2
ORANGE2
  70
0
  62
42
  6
CONTINUOUS
  0
LAYER
  2
BLUE3
  70
0
  62
171
  6
CONTINUOUS
  0
LAYER
  2
GREEN3
  70
0
  62
91
  6
CONTINUOUS
  0
LAYER
  2
CYAN3
  70
0
  62
131
  6
CONTINUOUS
  0
LAYER
  2
RED3
  70
0
  62
11
  6
CONTINUOUS
  0
LAYER
  2
MAGENTA3
  70
0
  62
221
  6
CONTINUOUS
  0
LAYER
  2
YELLOW3
  70
0
  62
2
  6
CONTINUOUS
  0
LAYER
  2
ORANGE3
  70
0
  62
32
  6
CONTINUOUS
  0
LAYER
  2
BLUE4
  70
0
  62
5
  6
CONTINUOUS
  0
LAYER
  2
GREEN4
  70
0
  62
3
  6
CONTINUOUS
  0
LAYER
  2
CYAN4
  70
0
  62
4
  6
CONTINUOUS
  0
LAYER
  2
RED4
  70
0
  62
1
  6
CONTINUOUS
  0
LAYER
  2
MAGENTA4
  70
0
  62
6
  6
CONTINUOUS
  0
LAYER
  2
YELLOW4
  70
0
  62
2
  6
CONTINUOUS
  0
LAYER
  2
ORANGE4
  70
0
  62
40
  6
CONTINUOUS
  0
ENDTAB
  0
ENDSEC
  0
SECTION
  2
ENTITIES
0
LINE
8
BLACK
6
CONTINUOUS
10
98.9934279999999944
20
-98.6394480000000016
11
99.1383170000000007
21
-98.6994629999999944
0
LINE
8
BLACK
6
CONTINUOUS
10
99.1383170000000007
20
-98.6994629999999944
11
99.2687150000000003
21
-98.7865919999999988
0
LINE
8
BLACK
6
CONTINUOUS
10
99.2687150000000003
20
-98.7865919999999988
11
99.3796079999999904
21
-98.897484999999989
0
LINE
8
BLACK
6
CONTINUOUS
10
99.3796079999999904
20
-98.897484999999989
11
99.4667369999999949
21
-99.0278829999999886
0
LINE
8
BLACK
6
CONTINUOUS
10
99.4667369999999949
20
-99.0278829999999886
11
99.5267520000000019
21
-99.1727719999999948
0
LINE
8
BLACK
6
CONTINUOUS
10
99.5267520000000019
20
-99.1727719999999948
11
99.5573479999999904
21
-99.3265859999999918
0
LINE
8
BLACK
6
CONTINUOUS
10
99.5573479999999904
20
-99.3265859999999918
11
99.5573479999999904
21
-99.4834139999999962
0
LINE
8
BLACK
6
CONTINUOUS
10
99.5573479999999904
20
-99.4834139999999962
11
99.5267520000000019
21
-99.6372279999999932
0
LINE
8
BLACK
6
CONTINUOUS
10
99.5267520000000019
20
-99.6372279999999932
11
99.4667369999999949
21
-99.7821169999999995
0
LINE
8
BLACK
6
CONTINUOUS
10
99.4667369999999949
20
-99.7821169999999995
11
99.3796079999999904
21
-99.9125149999999991
0
LINE
8
BLACK
6
CONTINUOUS
10
99.3796079999999904
20
-99.9125149999999991
11
99.2687150000000003
21
-100.0234079999999892
0
LINE
8
BLACK
6
CONTINUOUS
10
99.2687150000000003
20
-100.0234079999999892
11
99.1383170000000007
21
-100.1105369999999937
0
LINE
8
BLACK
6
CONTINUOUS
10
99.1383170000000007
20
-100.1105369999999937
11
98.9934279999999944
21
-100.1705520000000007
0
LINE
8
BLACK
6
CONTINUOUS
10
98.9934279999999944
20
-100.1705520000000007
11
98.8396139999999974
21
-100.2011479999999892
0
LINE
8
BLACK
6
CONTINUOUS
10
98.8396139999999974
20
-100.2011479999999892
11
98.682785999999993
21
-100.2011479999999892
0
LINE
8
BLACK
6
CONTINUOUS
10
98.682785999999993
20
-100.2011479999999892
11
98.528971999999996
21
-100.1705520000000007
0
LINE
8
BLACK
6
CONTINUOUS
10
98.528971999999996
20
-100.1705520000000007
11
98.3840829999999897
21
-100.1105369999999937
0
LINE
8
BLACK
6
CONTINUOUS
10
98.3840829999999897
20
-100.1105369999999937
11
98.2536849999999902
21
-100.0234079999999892
0
LINE
8
BLACK
6
CONTINUOUS
10
98.2536849999999902
20
-100.0234079999999892
11
98.142792
21
-99.9125149999999991
0
LINE
8
BLACK
6
CONTINUOUS
10
98.142792
20
-99.9125149999999991
11
98.0556629999999956
21
-99.7821169999999995
0
LINE
8
BLACK
6
CONTINUOUS
10
98.0556629999999956
20
-99.7821169999999995
11
97.9956479999999885
21
-99.6372279999999932
0
LINE
8
BLACK
6
CONTINUOUS
10
97.9956479999999885
20
-99.6372279999999932
11
97.965052
21
-99.4834139999999962
0
LINE
8
BLACK
6
CONTINUOUS
10
97.965052
20
-99.4834139999999962
11
97.965052
21
-99.3265859999999918
0
LINE
8
BLACK
6
CONTINUOUS
10
97.965052
20
-99.3265859999999918
11
97.9956479999999885
21
-99.1727719999999948
0
LINE
8
BLACK
6
CONTINUOUS
10
97.9956479999999885
20
-99.1727719999999948
11
98.0556629999999956
21
-99.0278829999999886
0
LINE
8
BLACK
6
CONTINUOUS
10
98.0556629999999956
20
-99.0278829999999886
11
98.142792
21
-98.897484999999989
0
LINE
8
BLACK
6
CONTINUOUS
10
98.142792
20
-98.897484999999989
11
98.2536849999999902
21
-98.7865919999999988
0
LINE
8
BLACK
6
CONTINUOUS
10
98.2536849999999902
20
-98.7865919999999988
11
98.3840829999999897
21
-98.6994629999999944
0
LINE
8
BLACK
6
CONTINUOUS
10
98.3840829999999897
20
-98.6994629999999944
11
98.528971999999996
21
-98.6394480000000016
0
LINE
8
BLACK
6
CONTINUOUS
10
98.528971999999996
20
-98.6394480000000016
11
98.682785999999993
21
-98.6088519999999988
0
LINE
8
BLACK
6
CONTINUOUS
10
98.682785999999993
20
-98.6088519999999988
11
98.8396139999999974
21
-98.6088519999999988
0
LINE
8
BLACK
6
CONTINUOUS
10
98.8396139999999974
20
-98.6088519999999988
11
98.9934279999999944
21
-98.6394480000000016
0
LINE
8
BLACK
6
CONTINUOUS
10
103.9934279999999944
20
-98.6394480000000016
11
104.1383170000000007
21
-98.6994629999999944
0
LINE
8
BLACK
6
CONTINUOUS
10
104.1383170000000007
20
-98.6994629999999944
11
104.2687150000000003
21
-98.7865919999999988
0
LINE
8
BLACK
6
CONTINUOUS
10
104.2687150000000003
20
-98.7865919999999988
11
104.3796079999999904
21
-98.897484999999989
0
LINE
8
BLACK
6
CONTINUOUS
10
104.3796079999999904
20
-98.897484999999989
11
104.4667369999999949
21
-99.0278829999999886
0
LINE
8
BLACK
6
CONTINUOUS
10
104.4667369999999949
20
-99.0278829999999886
11
104.5267520000000019
21
-99.1727719999999948
0
LINE
8
BLACK
6
CONTINUOUS
10
104.5267520000000019
20
-99.1727719999999948
11
104.5573479999999904
21
-99.3265859999999918
0
LINE
8
BLACK
6
CONTINUOUS
10
104.5573479999999904
20
-99.3265859999999918
11
104.5573479999999904
21
-99.4834139999999962
0
LINE
8
BLACK
6
CONTINUOUS
10
104.5573479999999904
20
-99.4834139999999962
11
104.5267520000000019
21
-99.6372279999999932
0
LINE
8
BLACK
6
CONTINUOUS
10
104.5267520000000019
20
-99.6372279999999932
11
104.4667369999999949
21
-99.7821169999999995
0
LINE
8
BLACK
6
CONTINUOUS
10
104.4667369999999949
20
-99.7821169999999995
11
104.3796079999999904
21
-99.9125149999999991
0
LINE
8
BLACK
6
CONTINUOUS
10
104.3796079999999904
20
-99.9125149999999991
11
104.2687150000000003
21
-100.0234079999999892
0
LINE
8
BLACK
6
CONTINUOUS
10
104.2687150000000003
20
-100.0234079999999892
11
104.1383170000000007
21
-100.1105369999999937
0
LINE
8
BLACK
6
CONTINUOUS
10
104.1383170000000007
20
-100.1105369999999937
11
103.9934279999999944
21
-100.1705520000000007
0
LINE
8
BLACK
6
CONTINUOUS
10
103.9934279999999944
20
-100.1705520000000007
11
103.8396139999999974
21
-100.2011479999999892
0
LINE
8
BLACK
6
CONTINUOUS
10
103.8396139999999974
20
-100.2011479999999892
11
103.682785999999993
21
-100.2011479999999892
0
LINE
8
BLACK
6
CONTINUOUS
10
103.682785999999993
20
-100.2011479999999892
11
103.528971999999996
21
-100.1705520000000007
0
LINE
8
BLACK
6
CONTINUOUS
10
103.528971999999996
20
-100.1705520000000007
11
103.3840829999999897
21
-100.1105369999999937
0
LINE
8
BLACK
6
CONTINUOUS
10
103.3840829999999897
20
-100.1105369999999937
11
103.2536849999999902
21
-100.0234079999999892
0
LINE
8
BLACK
6
CONTINUOUS
10
103.2536849999999902
20
-100.0234079999999892
11
103.142792
21
-99.9125149999999991
0
LINE
8
BLACK
6
CONTINUOUS
10
103.142792
20
-99.9125149999999991
11
103.0556629999999956
21
-99.7821169999999995
0
LINE
8
BLACK
6
CONTINUOUS
10
103.0556629999999956
20
-99.7821169999999995
11
102.9956479999999885
21
-99.6372279999999932
0
LINE
8
BLACK
6
CONTINUOUS
10
102.9956479999999885
20
-99.6372279999999932
11
102.965052
21
-99.4834139999999962
0
LINE
8
BLACK
6
CONTINUOUS
10
102.965052
20
-99.4834139999999962
11
102.965052
21
-99.3265859999999918
0
LINE
8
BLACK
6
CONTINUOUS
10
102.965052
20
-99.3265859999999918
11
102.9956479999999885
21
-99.1727719999999948
0
LINE
8
BLACK
6
CONTINUOUS
10
102.9956479999999885
20
-99.1727719999999948
11
103.0556629999999956
21
-99.0278829999999886
0
LINE
8
BLACK
6
CONTINUOUS
10
103.0556629999999956
20
-99.0278829999999886
11
103.142792
21
-98.897484999999989
0
LINE
8
BLACK
6
CONTINUOUS
10
103.142792
20
-98.897484999999989
11
103.2536849999999902
21
-98.7865919999999988
0
LINE
8
BLACK
6
CONTINUOUS
10
103.2536849999999902
20
-98.7865919999999988
11
103.3840829999999897
21
-98.6994629999999944
0
LINE
8
BLACK
6
CONTINUOUS
10
103.3840829999999897
20
-98.6994629999999944
11
103.528971999999996
21
-98.6394480000000016
0
LINE
8
BLACK
6
CONTINUOUS
10
103.528971999999996
20
-98.6394480000000016
11
103.682785999999993
21
-98.6088519999999988
0
LINE
8
BLACK
6
CONTINUOUS
10
103.682785999999993
20
-98.6088519999999988
11
103.8396139999999974
21
-98.6088519999999988
0
LINE
8
BLACK
6
CONTINUOUS
10
103.8396139999999974
20
-98.6088519999999988
11
103.9934279999999944
21
-98.6394480000000016
0
LINE
8
BLACK
6
CONTINUOUS
10
29.7391709999999989
20
-94.4240300000000019
11
29.8202769999999973
21
-94.4782229999999998
0
LINE
8
BLACK
6
CONTINUOUS
10
29.8202769999999973
20
-94.4782229999999998
11
29.8744699999999987
21
-94.5593289999999911
0
LINE
8
BLACK
6
CONTINUOUS
10
29.8744699999999987
20
-94.5593289999999911
11
29.8934999999999995
21
-94.6550000000000011
0
LINE
8
BLACK
6
CONTINUOUS
10
29.8934999999999995
20
-94.6550000000000011
11
29.8934999999999995
21
-96.1550000000000011
0
LINE
8
BLACK
6
CONTINUOUS
10
29.8934999999999995
20
-96.1550000000000011
11
29.8744699999999987
21
-96.250670999999997
0
LINE
8
BLACK
6
CONTINUOUS
10
29.8744699999999987
20
-96.250670999999997
11
29.8202769999999973
21
-96.3317770000000024
0
LINE
8
BLACK
6
CONTINUOUS
10
29.8202769999999973
20
-96.3317770000000024
11
29.7391709999999989
21
-96.3859700000000004
0
LINE
8
BLACK
6
CONTINUOUS
10
29.7391709999999989
20
-96.3859700000000004
11
29.6434999999999995
21
-96.4050000000000011
0
LINE
8
BLACK
6
CONTINUOUS
10
29.6434999999999995
20
-96.4050000000000011
11
28.1434999999999995
21
-96.4050000000000011
0
LINE
8
BLACK
6
CONTINUOUS
10
28.1434999999999995
20
-96.4050000000000011
11
28.0478290000000001
21
-96.3859700000000004
0
LINE
8
BLACK
6
CONTINUOUS
10
28.0478290000000001
20
-96.3859700000000004
11
27.9667229999999982
21
-96.3317770000000024
0
LINE
8
BLACK
6
CONTINUOUS
10
27.9667229999999982
20
-96.3317770000000024
11
27.9125300000000003
21
-96.250670999999997
0
LINE
8
BLACK
6
CONTINUOUS
10
27.9125300000000003
20
-96.250670999999997
11
27.8934999999999995
21
-96.1550000000000011
0
LINE
8
BLACK
6
CONTINUOUS
10
27.8934999999999995
20
-96.1550000000000011
11
27.8934999999999995
21
-94.6550000000000011
0
LINE
8
BLACK
6
CONTINUOUS
10
27.8934999999999995
20
-94.6550000000000011
11
27.9125300000000003
21
-94.5593289999999911
0
LINE
8
BLACK
6
CONTINUOUS
10
27.9125300000000003
20
-94.5593289999999911
11
27.9667229999999982
21
-94.4782229999999998
0
LINE
8
BLACK
6
CONTINUOUS
10
27.9667229999999982
20
-94.4782229999999998
11
28.0478290000000001
21
-94.4240300000000019
0
LINE
8
BLACK
6
CONTINUOUS
10
28.0478290000000001
20
-94.4240300000000019
11
28.1434999999999995
21
-94.4050000000000011
0
LINE
8
BLACK
6
CONTINUOUS
10
28.1434999999999995
20
-94.4050000000000011
11
29.6434999999999995
21
-94.4050000000000011
0
LINE
8
BLACK
6
CONTINUOUS
10
29.6434999999999995
20
-94.4050000000000011
11
29.7391709999999989
21
-94.4240300000000019
0
LINE
8
BLACK
6
CONTINUOUS
10
34.1837850000000003
20
-94.4480599999999981
11
34.3648969999999991
21
-94.5230789999999956
0
LINE
8
BLACK
6
CONTINUOUS
10
34.3648969999999991
20
-94.5230789999999956
11
34.5278929999999988
21
-94.6319900000000018
0
LINE
8
BLACK
6
CONTINUOUS
10
34.5278929999999988
20
-94.6319900000000018
11
34.6665099999999953
21
-94.7706069999999983
0
LINE
8
BLACK
6
CONTINUOUS
10
34.6665099999999953
20
-94.7706069999999983
11
34.7754210000000015
21
-94.9336029999999909
0
LINE
8
BLACK
6
CONTINUOUS
10
34.7754210000000015
20
-94.9336029999999909
11
34.850439999999999
21
-95.1147149999999897
0
LINE
8
BLACK
6
CONTINUOUS
10
34.850439999999999
20
-95.1147149999999897
11
34.8886849999999953
21
-95.3069830000000024
0
LINE
8
BLACK
6
CONTINUOUS
10
34.8886849999999953
20
-95.3069830000000024
11
34.8886849999999953
21
-95.5030169999999998
0
LINE
8
BLACK
6
CONTINUOUS
10
34.8886849999999953
20
-95.5030169999999998
11
34.850439999999999
21
-95.6952849999999984
0
LINE
8
BLACK
6
CONTINUOUS
10
34.850439999999999
20
-95.6952849999999984
11
34.7754210000000015
21
-95.8763969999999972
0
LINE
8
BLACK
6
CONTINUOUS
10
34.7754210000000015
20
-95.8763969999999972
11
34.6665099999999953
21
-96.0393929999999898
0
LINE
8
BLACK
6
CONTINUOUS
10
34.6665099999999953
20
-96.0393929999999898
11
34.5278929999999988
21
-96.1780100000000004
0
LINE
8
BLACK
6
CONTINUOUS
10
34.5278929999999988
20
-96.1780100000000004
11
34.3648969999999991
21
-96.2869209999999924
0
LINE
8
BLACK
6
CONTINUOUS
10
34.3648969999999991
20
-96.2869209999999924
11
34.1837850000000003
21
-96.3619399999999899
0
LINE
8
BLACK
6
CONTINUOUS
10
34.1837850000000003
20
-96.3619399999999899
11
33.9915170000000018
21
-96.4001849999999934
0
LINE
8
BLACK
6
CONTINUOUS
10
33.9915170000000018
20
-96.4001849999999934
11
33.7954829999999973
21
-96.4001849999999934
0
LINE
8
BLACK
6
CONTINUOUS
10
33.7954829999999973
20
-96.4001849999999934
11
33.6032149999999987
21
-96.3619399999999899
0
LINE
8
BLACK
6
CONTINUOUS
10
33.6032149999999987
20
-96.3619399999999899
11
33.4221029999999999
21
-96.2869209999999924
0
LINE
8
BLACK
6
CONTINUOUS
10
33.4221029999999999
20
-96.2869209999999924
11
33.2591070000000002
21
-96.1780100000000004
0
LINE
8
BLACK
6
CONTINUOUS
10
33.2591070000000002
20
-96.1780100000000004
11
33.1204899999999967
21
-96.0393929999999898
0
LINE
8
BLACK
6
CONTINUOUS
10
33.1204899999999967
20
-96.0393929999999898
11
33.0115789999999976
21
-95.8763969999999972
0
LINE
8
BLACK
6
CONTINUOUS
10
33.0115789999999976
20
-95.8763969999999972
11
32.9365600000000001
21
-95.6952849999999984
0
LINE
8
BLACK
6
CONTINUOUS
10
32.9365600000000001
20
-95.6952849999999984
11
32.8983149999999966
21
-95.5030169999999998
0
LINE
8
BLACK
6
CONTINUOUS
10
32.8983149999999966
20
-95.5030169999999998
11
32.8983149999999966
21
-95.3069830000000024
0
LINE
8
BLACK
6
CONTINUOUS
10
32.8983149999999966
20
-95.3069830000000024
11
32.9365600000000001
21
-95.1147149999999897
0
LINE
8
BLACK
6
CONTINUOUS
10
32.9365600000000001
20
-95.1147149999999897
11
33.0115789999999976
21
-94.9336029999999909
0
LINE
8
BLACK
6
CONTINUOUS
10
33.0115789999999976
20
-94.9336029999999909
11
33.1204899999999967
21
-94.7706069999999983
0
LINE
8
BLACK
6
CONTINUOUS
10
33.1204899999999967
20
-94.7706069999999983
11
33.2591070000000002
21
-94.6319900000000018
0
LINE
8
BLACK
6
CONTINUOUS
10
33.2591070000000002
20
-94.6319900000000018
11
33.4221029999999999
21
-94.5230789999999956
0
LINE
8
BLACK
6
CONTINUOUS
10
33.4221029999999999
20
-94.5230789999999956
11
33.6032149999999987
21
-94.4480599999999981
0
LINE
8
BLACK
6
CONTINUOUS
10
33.6032149999999987
20
-94.4480599999999981
11
33.7954829999999973
21
-94.4098149999999947
0
LINE
8
BLACK
6
CONTINUOUS
10
33.7954829999999973
20
-94.4098149999999947
11
33.9915170000000018
21
-94.4098149999999947
0
LINE
8
BLACK
6
CONTINUOUS
10
33.9915170000000018
20
-94.4098149999999947
11
34.1837850000000003
21
-94.4480599999999981
0
LINE
8
BLACK
6
CONTINUOUS
10
100.7402969999999982
20
-93.709785999999994
11
100.7442470000000014
21
-93.7095059999999904
0
LINE
8
BLACK
6
CONTINUOUS
10
100.7442470000000014
20
-93.7095059999999904
11
100.7494409999999903
21
-93.710686999999993
0
LINE
8
BLACK
6
CONTINUOUS
10
100.7494409999999903
20
-93.710686999999993
11
100.7547500000000014
21
-93.7112099999999941
0
LINE
8
BLACK
6
CONTINUOUS
10
100.7547500000000014
20
-93.7112099999999941
11
100.7584119999999928
21
-93.712727000000001
0
LINE
8
BLACK
6
CONTINUOUS
10
100.7584119999999928
20
-93.712727000000001
11
100.7729199999999992
21
-93.7160259999999994
0
LINE
8
BLACK
6
CONTINUOUS
10
100.7729199999999992
20
-93.7160259999999994
11
100.9872060000000005
21
-93.7874539999999968
0
LINE
8
BLACK
6
CONTINUOUS
10
100.9872060000000005
20
-93.7874539999999968
11
101.014056999999994
21
-93.7994429999999966
0
LINE
8
BLACK
6
CONTINUOUS
10
101.014056999999994
20
-93.7994429999999966
11
101.0181269999999927
21
-93.8029729999999944
0
LINE
8
BLACK
6
CONTINUOUS
10
101.0181269999999927
20
-93.8029729999999944
11
101.023106999999996
21
-93.8050360000000012
0
LINE
8
BLACK
6
CONTINUOUS
10
101.023106999999996
20
-93.8050360000000012
11
101.0458379999999892
21
-93.8236909999999966
0
LINE
8
BLACK
6
CONTINUOUS
10
101.0458379999999892
20
-93.8236909999999966
11
101.1172660000000008
21
-93.895118999999994
0
LINE
8
BLACK
6
CONTINUOUS
10
101.1172660000000008
20
-93.895118999999994
11
101.1359209999999962
21
-93.9178489999999897
0
LINE
8
BLACK
6
CONTINUOUS
10
101.1359209999999962
20
-93.9178489999999897
11
101.1583169999999967
21
-93.9719219999999922
0
LINE
8
BLACK
6
CONTINUOUS
10
101.1583169999999967
20
-93.9719219999999922
11
101.1583169999999967
21
-94.0304479999999927
0
LINE
8
BLACK
6
CONTINUOUS
10
101.1583169999999967
20
-94.0304479999999927
11
101.1359209999999962
21
-94.0845199999999977
0
LINE
8
BLACK
6
CONTINUOUS
10
101.1359209999999962
20
-94.0845199999999977
11
101.0945349999999934
21
-94.1259060000000005
0
LINE
8
BLACK
6
CONTINUOUS
10
101.0945349999999934
20
-94.1259060000000005
11
101.0404629999999884
21
-94.148302000000001
0
LINE
8
BLACK
6
CONTINUOUS
10
101.0404629999999884
20
-94.148302000000001
11
100.9819370000000021
21
-94.148302000000001
0
LINE
8
BLACK
6
CONTINUOUS
10
100.9819370000000021
20
-94.148302000000001
11
100.9278639999999996
21
-94.1259060000000005
0
LINE
8
BLACK
6
CONTINUOUS
10
100.9278639999999996
20
-94.1259060000000005
11
100.9051339999999897
21
-94.1072509999999909
0
LINE
8
BLACK
6
CONTINUOUS
10
100.9051339999999897
20
-94.1072509999999909
11
100.8587440000000015
21
-94.0608610000000027
0
LINE
8
BLACK
6
CONTINUOUS
10
100.8587440000000015
20
-94.0608610000000027
11
100.7011459999999943
21
-94.0083279999999917
0
LINE
8
BLACK
6
CONTINUOUS
10
100.7011459999999943
20
-94.0083279999999917
11
100.606971999999999
21
-94.0083279999999917
0
LINE
8
BLACK
6
CONTINUOUS
10
100.606971999999999
20
-94.0083279999999917
11
100.4493700000000018
21
-94.0608610000000027
0
LINE
8
BLACK
6
CONTINUOUS
10
100.4493700000000018
20
-94.0608610000000027
11
100.3487639999999885
21
-94.1614670000000018
0
LINE
8
BLACK
6
CONTINUOUS
10
100.3487639999999885
20
-94.1614670000000018
11
100.2955829999999935
21
-94.2678269999999969
0
LINE
8
BLACK
6
CONTINUOUS
10
100.2955829999999935
20
-94.2678269999999969
11
100.2326289999999887
21
-94.5196479999999895
0
LINE
8
BLACK
6
CONTINUOUS
10
100.2326289999999887
20
-94.5196479999999895
11
100.2326289999999887
21
-94.6970069999999993
0
LINE
8
BLACK
6
CONTINUOUS
10
100.2326289999999887
20
-94.6970069999999993
11
100.2955829999999935
21
-94.9488279999999918
0
LINE
8
BLACK
6
CONTINUOUS
10
100.2955829999999935
20
-94.9488279999999918
11
100.3487639999999885
21
-95.0551880000000011
0
LINE
8
BLACK
6
CONTINUOUS
10
100.3487639999999885
20
-95.0551880000000011
11
100.4493689999999901
21
-95.1557940000000002
0
LINE
8
BLACK
6
CONTINUOUS
10
100.4493689999999901
20
-95.1557940000000002
11
100.606971999999999
21
-95.2083279999999945
0
LINE
8
BLACK
6
CONTINUOUS
10
100.606971999999999
20
-95.2083279999999945
11
100.7011430000000018
21
-95.2083279999999945
0
LINE
8
BLACK
6
CONTINUOUS
10
100.7011430000000018
20
-95.2083279999999945
11
100.858744999999999
21
-95.1557940000000002
0
LINE
8
BLACK
6
CONTINUOUS
10
100.858744999999999
20
-95.1557940000000002
11
100.9051329999999922
21
-95.1094059999999928
0
LINE
8
BLACK
6
CONTINUOUS
10
100.9051329999999922
20
-95.1094059999999928
11
100.9278639999999996
21
-95.0907509999999974
0
LINE
8
BLACK
6
CONTINUOUS
10
100.9278639999999996
20
-95.0907509999999974
11
100.9819359999999904
21
-95.0683539999999994
0
LINE
8
BLACK
6
CONTINUOUS
10
100.9819359999999904
20
-95.0683539999999994
11
101.0404619999999909
21
-95.0683530000000019
0
LINE
8
BLACK
6
CONTINUOUS
10
101.0404619999999909
20
-95.0683530000000019
11
101.0945339999999959
21
-95.0907499999999999
0
LINE
8
BLACK
6
CONTINUOUS
10
101.0945339999999959
20
-95.0907499999999999
11
101.1359199999999987
21
-95.132134999999991
0
LINE
8
BLACK
6
CONTINUOUS
10
101.1359199999999987
20
-95.132134999999991
11
101.1583169999999967
21
-95.186206999999996
0
LINE
8
BLACK
6
CONTINUOUS
10
101.1583169999999967
20
-95.186206999999996
11
101.1583179999999942
21
-95.2447329999999965
0
LINE
8
BLACK
6
CONTINUOUS
10
101.1583179999999942
20
-95.2447329999999965
11
101.1359209999999962
21
-95.298805999999999
0
LINE
8
BLACK
6
CONTINUOUS
10
101.1359209999999962
20
-95.298805999999999
11
101.1172669999999982
21
-95.3215359999999947
0
LINE
8
BLACK
6
CONTINUOUS
10
101.1172669999999982
20
-95.3215359999999947
11
101.0458390000000009
21
-95.3929649999999896
0
LINE
8
BLACK
6
CONTINUOUS
10
101.0458390000000009
20
-95.3929649999999896
11
101.0231079999999935
21
-95.4116199999999992
0
LINE
8
BLACK
6
CONTINUOUS
10
101.0231079999999935
20
-95.4116199999999992
11
101.0181299999999993
21
-95.4136809999999969
0
LINE
8
BLACK
6
CONTINUOUS
10
101.0181299999999993
20
-95.4136809999999969
11
101.014056999999994
21
-95.4172149999999988
0
LINE
8
BLACK
6
CONTINUOUS
10
101.014056999999994
20
-95.4172149999999988
11
100.9872060000000005
21
-95.4292030000000011
0
LINE
8
BLACK
6
CONTINUOUS
10
100.9872060000000005
20
-95.4292030000000011
11
100.7729199999999992
21
-95.5006309999999985
0
LINE
8
BLACK
6
CONTINUOUS
10
100.7729199999999992
20
-95.5006309999999985
11
100.7584069999999912
21
-95.5039299999999969
0
LINE
8
BLACK
6
CONTINUOUS
10
100.7584069999999912
20
-95.5039299999999969
11
100.7547500000000014
21
-95.5054459999999921
0
LINE
8
BLACK
6
CONTINUOUS
10
100.7547500000000014
20
-95.5054459999999921
11
100.7494469999999893
21
-95.5059679999999958
0
LINE
8
BLACK
6
CONTINUOUS
10
100.7494469999999893
20
-95.5059679999999958
11
100.7442459999999897
21
-95.5071509999999932
0
LINE
8
BLACK
6
CONTINUOUS
10
100.7442459999999897
20
-95.5071509999999932
11
100.7402909999999991
21
-95.5068689999999947
0
LINE
8
BLACK
6
CONTINUOUS
10
100.7402909999999991
20
-95.5068689999999947
11
100.7254859999999894
21
-95.5083279999999917
0
LINE
8
BLACK
6
CONTINUOUS
10
100.7254859999999894
20
-95.5083279999999917
11
100.5826289999999972
21
-95.5083279999999917
0
LINE
8
BLACK
6
CONTINUOUS
10
100.5826289999999972
20
-95.5083279999999917
11
100.56782299999999
21
-95.5068689999999947
0
LINE
8
BLACK
6
CONTINUOUS
10
100.56782299999999
20
-95.5068689999999947
11
100.5638689999999968
21
-95.5071509999999932
0
LINE
8
BLACK
6
CONTINUOUS
10
100.5638689999999968
20
-95.5071509999999932
11
100.5586669999999998
21
-95.5059679999999958
0
LINE
8
BLACK
6
CONTINUOUS
10
100.5586669999999998
20
-95.5059679999999958
11
100.5533649999999994
21
-95.5054459999999921
0
LINE
8
BLACK
6
CONTINUOUS
10
100.5533649999999994
20
-95.5054459999999921
11
100.5497069999999979
21
-95.5039299999999969
0
LINE
8
BLACK
6
CONTINUOUS
10
100.5497069999999979
20
-95.5039299999999969
11
100.5351950000000016
21
-95.5006309999999985
0
LINE
8
BLACK
6
CONTINUOUS
10
100.5351950000000016
20
-95.5006309999999985
11
100.3209090000000003
21
-95.4292030000000011
0
LINE
8
BLACK
6
CONTINUOUS
10
100.3209090000000003
20
-95.4292030000000011
11
100.2940579999999926
21
-95.4172149999999988
0
LINE
8
BLACK
6
CONTINUOUS
10
100.2940579999999926
20
-95.4172149999999988
11
100.289985999999999
21
-95.4136829999999918
0
LINE
8
BLACK
6
CONTINUOUS
10
100.289985999999999
20
-95.4136829999999918
11
100.2850069999999931
21
-95.4116209999999967
0
LINE
8
BLACK
6
CONTINUOUS
10
100.2850069999999931
20
-95.4116209999999967
11
100.2622769999999974
21
-95.3929660000000013
0
LINE
8
BLACK
6
CONTINUOUS
10
100.2622769999999974
20
-95.3929660000000013
11
100.119419999999991
21
-95.2501079999999973
0
LINE
8
BLACK
6
CONTINUOUS
10
100.119419999999991
20
-95.2501079999999973
11
100.1099799999999931
21
-95.2386059999999901
0
LINE
8
BLACK
6
CONTINUOUS
10
100.1099799999999931
20
-95.2386059999999901
11
100.1069869999999895
21
-95.2360099999999932
0
LINE
8
BLACK
6
CONTINUOUS
10
100.1069869999999895
20
-95.2360099999999932
11
100.1041460000000001
21
-95.2314959999999928
0
LINE
8
BLACK
6
CONTINUOUS
10
100.1041460000000001
20
-95.2314959999999928
11
100.1007649999999956
21
-95.2273769999999899
0
LINE
8
BLACK
6
CONTINUOUS
10
100.1007649999999956
20
-95.2273769999999899
11
100.0992490000000004
21
-95.2237169999999935
0
LINE
8
BLACK
6
CONTINUOUS
10
100.0992490000000004
20
-95.2237169999999935
11
100.091321999999991
21
-95.2111239999999981
0
LINE
8
BLACK
6
CONTINUOUS
10
100.091321999999991
20
-95.2111239999999981
11
100.0198929999999962
21
-95.0682669999999916
0
LINE
8
BLACK
6
CONTINUOUS
10
100.0198929999999962
20
-95.0682669999999916
11
100.0190729999999917
21
-95.066125999999997
0
LINE
8
BLACK
6
CONTINUOUS
10
100.0190729999999917
20
-95.066125999999997
11
100.0184289999999976
21
-95.0652559999999909
0
LINE
8
BLACK
6
CONTINUOUS
10
100.0184289999999976
20
-95.0652559999999909
11
100.0140419999999892
21
-95.052977999999996
0
LINE
8
BLACK
6
CONTINUOUS
10
100.0140419999999892
20
-95.052977999999996
11
100.0093839999999972
21
-95.0408039999999943
0
LINE
8
BLACK
6
CONTINUOUS
10
100.0093839999999972
20
-95.0408039999999943
11
100.0093069999999926
21
-95.0397229999999951
0
LINE
8
BLACK
6
CONTINUOUS
10
100.0093069999999926
20
-95.0397229999999951
11
100.0085359999999923
21
-95.0375650000000007
0
LINE
8
BLACK
6
CONTINUOUS
10
100.0085359999999923
20
-95.0375650000000007
11
99.9371079999999949
21
-94.751851000000002
0
LINE
8
BLACK
6
CONTINUOUS
10
99.9371079999999949
20
-94.751851000000002
11
99.9363579999999985
21
-94.7467789999999894
0
LINE
8
BLACK
6
CONTINUOUS
10
99.9363579999999985
20
-94.7467789999999894
11
99.9355109999999911
21
-94.7447349999999915
0
LINE
8
BLACK
6
CONTINUOUS
10
99.9355109999999911
20
-94.7447349999999915
11
99.9344249999999903
21
-94.733711999999997
0
LINE
8
BLACK
6
CONTINUOUS
10
99.9344249999999903
20
-94.733711999999997
11
99.9328059999999994
21
-94.7227619999999888
0
LINE
8
BLACK
6
CONTINUOUS
10
99.9328059999999994
20
-94.7227619999999888
11
99.9331309999999888
21
-94.7205739999999992
0
LINE
8
BLACK
6
CONTINUOUS
10
99.9331309999999888
20
-94.7205739999999992
11
99.9326289999999915
21
-94.7154709999999938
0
LINE
8
BLACK
6
CONTINUOUS
10
99.9326289999999915
20
-94.7154709999999938
11
99.9326289999999915
21
-94.5011849999999924
0
LINE
8
BLACK
6
CONTINUOUS
10
99.9326289999999915
20
-94.5011849999999924
11
99.9331309999999888
21
-94.4960809999999896
0
LINE
8
BLACK
6
CONTINUOUS
10
99.9331309999999888
20
-94.4960809999999896
11
99.9328059999999994
21
-94.4938939999999974
0
LINE
8
BLACK
6
CONTINUOUS
10
99.9328059999999994
20
-94.4938939999999974
11
99.9344249999999903
21
-94.4829429999999917
0
LINE
8
BLACK
6
CONTINUOUS
10
99.9344249999999903
20
-94.4829429999999917
11
99.9355109999999911
21
-94.4719209999999947
0
LINE
8
BLACK
6
CONTINUOUS
10
99.9355109999999911
20
-94.4719209999999947
11
99.9363579999999985
21
-94.4698759999999993
0
LINE
8
BLACK
6
CONTINUOUS
10
99.9363579999999985
20
-94.4698759999999993
11
99.9371079999999949
21
-94.4648049999999984
0
LINE
8
BLACK
6
CONTINUOUS
10
99.9371079999999949
20
-94.4648049999999984
11
100.0085359999999923
21
-94.1790909999999997
0
LINE
8
BLACK
6
CONTINUOUS
10
100.0085359999999923
20
-94.1790909999999997
11
100.0093069999999926
21
-94.1769319999999936
0
LINE
8
BLACK
6
CONTINUOUS
10
100.0093069999999926
20
-94.1769319999999936
11
100.0093839999999972
21
-94.1758519999999919
0
LINE
8
BLACK
6
CONTINUOUS
10
100.0093839999999972
20
-94.1758519999999919
11
100.0140419999999892
21
-94.1636769999999927
0
LINE
8
BLACK
6
CONTINUOUS
10
100.0140419999999892
20
-94.1636769999999927
11
100.0184289999999976
21
-94.1513999999999953
0
LINE
8
BLACK
6
CONTINUOUS
10
100.0184289999999976
20
-94.1513999999999953
11
100.0190729999999917
21
-94.1505289999999917
0
LINE
8
BLACK
6
CONTINUOUS
10
100.0190729999999917
20
-94.1505289999999917
11
100.0198929999999962
21
-94.1483889999999946
0
LINE
8
BLACK
6
CONTINUOUS
10
100.0198929999999962
20
-94.1483889999999946
11
100.091321999999991
21
-94.0055320000000023
0
LINE
8
BLACK
6
CONTINUOUS
10
100.091321999999991
20
-94.0055320000000023
11
100.0992490000000004
21
-93.9929379999999952
0
LINE
8
BLACK
6
CONTINUOUS
10
100.0992490000000004
20
-93.9929379999999952
11
100.1007649999999956
21
-93.9892789999999962
0
LINE
8
BLACK
6
CONTINUOUS
10
100.1007649999999956
20
-93.9892789999999962
11
100.1041460000000001
21
-93.9851589999999959
0
LINE
8
BLACK
6
CONTINUOUS
10
100.1041460000000001
20
-93.9851589999999959
11
100.1069869999999895
21
-93.980645999999993
0
LINE
8
BLACK
6
CONTINUOUS
10
100.1069869999999895
20
-93.980645999999993
11
100.1099799999999931
21
-93.9780489999999986
0
LINE
8
BLACK
6
CONTINUOUS
10
100.1099799999999931
20
-93.9780489999999986
11
100.119419999999991
21
-93.9665479999999889
0
LINE
8
BLACK
6
CONTINUOUS
10
100.119419999999991
20
-93.9665479999999889
11
100.2622769999999974
21
-93.8236909999999966
0
LINE
8
BLACK
6
CONTINUOUS
10
100.2622769999999974
20
-93.8236909999999966
11
100.2850069999999931
21
-93.8050360000000012
0
LINE
8
BLACK
6
CONTINUOUS
10
100.2850069999999931
20
-93.8050360000000012
11
100.2899879999999939
21
-93.8029719999999969
0
LINE
8
BLACK
6
CONTINUOUS
10
100.2899879999999939
20
-93.8029719999999969
11
100.2940579999999926
21
-93.7994429999999966
0
LINE
8
BLACK
6
CONTINUOUS
10
100.2940579999999926
20
-93.7994429999999966
11
100.3209090000000003
21
-93.7874549999999942
0
LINE
8
BLACK
6
CONTINUOUS
10
100.3209090000000003
20
-93.7874549999999942
11
100.53519399999999
21
-93.7160259999999994
0
LINE
8
BLACK
6
CONTINUOUS
10
100.53519399999999
20
-93.7160259999999994
11
100.5497029999999938
21
-93.7127259999999893
0
LINE
8
BLACK
6
CONTINUOUS
10
100.5497029999999938
20
-93.7127259999999893
11
100.5533649999999994
21
-93.7112099999999941
0
LINE
8
BLACK
6
CONTINUOUS
10
100.5533649999999994
20
-93.7112099999999941
11
100.5586729999999989
21
-93.710686999999993
0
LINE
8
BLACK
6
CONTINUOUS
10
100.5586729999999989
20
-93.710686999999993
11
100.5638679999999994
21
-93.7095059999999904
0
LINE
8
BLACK
6
CONTINUOUS
10
100.5638679999999994
20
-93.7095059999999904
11
100.5678169999999909
21
-93.709785999999994
0
LINE
8
BLACK
6
CONTINUOUS
10
100.5678169999999909
20
-93.709785999999994
11
100.5826289999999972
21
-93.7083279999999945
0
LINE
8
BLACK
6
CONTINUOUS
10
100.5826289999999972
20
-93.7083279999999945
11
100.7254859999999894
21
-93.7083279999999945
0
LINE
8
BLACK
6
CONTINUOUS
10
100.7254859999999894
20
-93.7083279999999945
11
100.7402969999999982
21
-93.709785999999994
0
LINE
8
BLACK
6
CONTINUOUS
10
102.1833209999999923
20
-93.7112099999999941
11
102.188297999999989
21
-93.7132709999999918
0
LINE
8
BLACK
6
CONTINUOUS
10
102.188297999999989
20
-93.7132709999999918
11
102.1936759999999964
21
-93.7136539999999911
0
LINE
8
BLACK
6
CONTINUOUS
10
102.1936759999999964
20
-93.7136539999999911
11
102.2211389999999938
21
-93.7241640000000018
0
LINE
8
BLACK
6
CONTINUOUS
10
102.2211389999999938
20
-93.7241640000000018
11
102.3639969999999977
21
-93.7955929999999967
0
LINE
8
BLACK
6
CONTINUOUS
10
102.3639969999999977
20
-93.7955929999999967
11
102.3765899999999931
21
-93.8035199999999918
0
LINE
8
BLACK
6
CONTINUOUS
10
102.3765899999999931
20
-93.8035199999999918
11
102.3802499999999895
21
-93.8050360000000012
0
LINE
8
BLACK
6
CONTINUOUS
10
102.3802499999999895
20
-93.8050360000000012
11
102.3843689999999924
21
-93.8084169999999915
0
LINE
8
BLACK
6
CONTINUOUS
10
102.3843689999999924
20
-93.8084169999999915
11
102.3888829999999928
21
-93.8112579999999951
0
LINE
8
BLACK
6
CONTINUOUS
10
102.3888829999999928
20
-93.8112579999999951
11
102.3914789999999897
21
-93.8142509999999987
0
LINE
8
BLACK
6
CONTINUOUS
10
102.3914789999999897
20
-93.8142509999999987
11
102.4029809999999969
21
-93.8236909999999966
0
LINE
8
BLACK
6
CONTINUOUS
10
102.4029809999999969
20
-93.8236909999999966
11
102.4744089999999943
21
-93.895118999999994
0
LINE
8
BLACK
6
CONTINUOUS
10
102.4744089999999943
20
-93.895118999999994
11
102.4838489999999922
21
-93.9066210000000012
0
LINE
8
BLACK
6
CONTINUOUS
10
102.4838489999999922
20
-93.9066210000000012
11
102.4868419999999958
21
-93.9092169999999982
0
LINE
8
BLACK
6
CONTINUOUS
10
102.4868419999999958
20
-93.9092169999999982
11
102.4896799999999928
21
-93.9137259999999969
0
LINE
8
BLACK
6
CONTINUOUS
10
102.4896799999999928
20
-93.9137259999999969
11
102.4930639999999897
21
-93.9178489999999897
0
LINE
8
BLACK
6
CONTINUOUS
10
102.4930639999999897
20
-93.9178489999999897
11
102.4945799999999991
21
-93.9215109999999953
0
LINE
8
BLACK
6
CONTINUOUS
10
102.4945799999999991
20
-93.9215109999999953
11
102.5025069999999943
21
-93.9341029999999932
0
LINE
8
BLACK
6
CONTINUOUS
10
102.5025069999999943
20
-93.9341029999999932
11
102.5739359999999891
21
-94.0769590000000022
0
LINE
8
BLACK
6
CONTINUOUS
10
102.5739359999999891
20
-94.0769590000000022
11
102.5844450000000023
21
-94.104422999999997
0
LINE
8
BLACK
6
CONTINUOUS
10
102.5844450000000023
20
-94.104422999999997
11
102.5848259999999925
21
-94.1097970000000004
0
LINE
8
BLACK
6
CONTINUOUS
10
102.5848259999999925
20
-94.1097970000000004
11
102.5868899999999968
21
-94.1147780000000012
0
LINE
8
BLACK
6
CONTINUOUS
10
102.5868899999999968
20
-94.1147780000000012
11
102.5897719999999964
21
-94.1440419999999989
0
LINE
8
BLACK
6
CONTINUOUS
10
102.5897719999999964
20
-94.1440419999999989
11
102.5897719999999964
21
-94.2869000000000028
0
LINE
8
BLACK
6
CONTINUOUS
10
102.5897719999999964
20
-94.2869000000000028
11
102.5883129999999994
21
-94.3017109999999974
0
LINE
8
BLACK
6
CONTINUOUS
10
102.5883129999999994
20
-94.3017109999999974
11
102.5885940000000005
21
-94.3056610000000006
0
LINE
8
BLACK
6
CONTINUOUS
10
102.5885940000000005
20
-94.3056610000000006
11
102.5874120000000005
21
-94.3108549999999894
0
LINE
8
BLACK
6
CONTINUOUS
10
102.5874120000000005
20
-94.3108549999999894
11
102.5868899999999968
21
-94.3161640000000006
0
LINE
8
BLACK
6
CONTINUOUS
10
102.5868899999999968
20
-94.3161640000000006
11
102.5853729999999899
21
-94.3198249999999945
0
LINE
8
BLACK
6
CONTINUOUS
10
102.5853729999999899
20
-94.3198249999999945
11
102.5820739999999915
21
-94.3343349999999958
0
LINE
8
BLACK
6
CONTINUOUS
10
102.5820739999999915
20
-94.3343349999999958
11
102.5106449999999967
21
-94.5486199999999997
0
LINE
8
BLACK
6
CONTINUOUS
10
102.5106449999999967
20
-94.5486199999999997
11
102.4986569999999944
21
-94.5754699999999957
0
LINE
8
BLACK
6
CONTINUOUS
10
102.4986569999999944
20
-94.5754699999999957
11
102.4951269999999965
21
-94.5795389999999969
0
LINE
8
BLACK
6
CONTINUOUS
10
102.4951269999999965
20
-94.5795389999999969
11
102.4930639999999897
21
-94.5845209999999952
0
LINE
8
BLACK
6
CONTINUOUS
10
102.4930639999999897
20
-94.5845209999999952
11
102.4744089999999943
21
-94.6072509999999909
0
LINE
8
BLACK
6
CONTINUOUS
10
102.4744089999999943
20
-94.6072509999999909
11
101.8733319999999907
21
-95.2083279999999945
0
LINE
8
BLACK
6
CONTINUOUS
10
101.8733319999999907
20
-95.2083279999999945
11
102.4397719999999907
21
-95.2083279999999945
0
LINE
8
BLACK
6
CONTINUOUS
10
102.4397719999999907
20
-95.2083279999999945
11
102.4690359999999885
21
-95.2112099999999941
0
LINE
8
BLACK
6
CONTINUOUS
10
102.4690359999999885
20
-95.2112099999999941
11
102.5231079999999935
21
-95.2336079999999896
0
LINE
8
BLACK
6
CONTINUOUS
10
102.5231079999999935
20
-95.2336079999999896
11
102.5644920000000013
21
-95.2749919999999975
0
LINE
8
BLACK
6
CONTINUOUS
10
102.5644920000000013
20
-95.2749919999999975
11
102.5868899999999968
21
-95.3290640000000025
0
LINE
8
BLACK
6
CONTINUOUS
10
102.5868899999999968
20
-95.3290640000000025
11
102.5868899999999968
21
-95.3875919999999979
0
LINE
8
BLACK
6
CONTINUOUS
10
102.5868899999999968
20
-95.3875919999999979
11
102.5644920000000013
21
-95.4416639999999887
0
LINE
8
BLACK
6
CONTINUOUS
10
102.5644920000000013
20
-95.4416639999999887
11
102.5231079999999935
21
-95.4830479999999966
0
LINE
8
BLACK
6
CONTINUOUS
10
102.5231079999999935
20
-95.4830479999999966
11
102.4690359999999885
21
-95.5054459999999921
0
LINE
8
BLACK
6
CONTINUOUS
10
102.4690359999999885
20
-95.5054459999999921
11
102.4397719999999907
21
-95.5083279999999917
0
LINE
8
BLACK
6
CONTINUOUS
10
102.4397719999999907
20
-95.5083279999999917
11
101.5112000000000023
21
-95.5083279999999917
0
LINE
8
BLACK
6
CONTINUOUS
10
101.5112000000000023
20
-95.5083279999999917
11
101.4819359999999904
21
-95.5054459999999921
0
LINE
8
BLACK
6
CONTINUOUS
10
101.4819359999999904
20
-95.5054459999999921
11
101.4595389999999924
21
-95.4961679999999973
0
LINE
8
BLACK
6
CONTINUOUS
10
101.4595389999999924
20
-95.4961679999999973
11
101.4278649999999971
21
-95.4830489999999941
0
LINE
8
BLACK
6
CONTINUOUS
10
101.4278649999999971
20
-95.4830489999999941
11
101.3864789999999942
21
-95.4416629999999913
0
LINE
8
BLACK
6
CONTINUOUS
10
101.3864789999999942
20
-95.4416629999999913
11
101.3640819999999962
21
-95.3875910000000005
0
LINE
8
BLACK
6
CONTINUOUS
10
101.3640819999999962
20
-95.3875910000000005
11
101.3640819999999962
21
-95.3290649999999999
0
LINE
8
BLACK
6
CONTINUOUS
10
101.3640819999999962
20
-95.3290649999999999
11
101.3672009999999943
21
-95.3215359999999947
0
LINE
8
BLACK
6
CONTINUOUS
10
101.3672009999999943
20
-95.3215359999999947
11
101.3733589999999936
21
-95.3066669999999903
0
LINE
8
BLACK
6
CONTINUOUS
10
101.3733589999999936
20
-95.3066669999999903
11
101.3864789999999942
21
-95.2749929999999949
0
LINE
8
BLACK
6
CONTINUOUS
10
101.3864789999999942
20
-95.2749929999999949
11
101.4051339999999897
21
-95.2522620000000018
0
LINE
8
BLACK
6
CONTINUOUS
10
101.4051339999999897
20
-95.2522620000000018
11
102.2372379999999907
21
-94.420156999999989
0
LINE
8
BLACK
6
CONTINUOUS
10
102.2372379999999907
20
-94.420156999999989
11
102.2897719999999993
21
-94.262558999999996
0
LINE
8
BLACK
6
CONTINUOUS
10
102.2897719999999993
20
-94.262558999999996
11
102.2897719999999993
21
-94.1794519999999977
0
LINE
8
BLACK
6
CONTINUOUS
10
102.2897719999999993
20
-94.1794519999999977
11
102.2450649999999968
21
-94.0900389999999902
0
LINE
8
BLACK
6
CONTINUOUS
10
102.2450649999999968
20
-94.0900389999999902
11
102.2080610000000007
21
-94.0530349999999942
0
LINE
8
BLACK
6
CONTINUOUS
10
102.2080610000000007
20
-94.0530349999999942
11
102.1186469999999957
21
-94.0083279999999917
0
LINE
8
BLACK
6
CONTINUOUS
10
102.1186469999999957
20
-94.0083279999999917
11
101.8323249999999973
21
-94.0083279999999917
0
LINE
8
BLACK
6
CONTINUOUS
10
101.8323249999999973
20
-94.0083279999999917
11
101.7429109999999923
21
-94.0530349999999942
0
LINE
8
BLACK
6
CONTINUOUS
10
101.7429109999999923
20
-94.0530349999999942
11
101.6886949999999956
21
-94.1072509999999909
0
LINE
8
BLACK
6
CONTINUOUS
10
101.6886949999999956
20
-94.1072509999999909
11
101.6659640000000024
21
-94.1259060000000005
0
LINE
8
BLACK
6
CONTINUOUS
10
101.6659640000000024
20
-94.1259060000000005
11
101.6118919999999974
21
-94.1483029999999985
0
LINE
8
BLACK
6
CONTINUOUS
10
101.6118919999999974
20
-94.1483029999999985
11
101.5533659999999969
21
-94.1483029999999985
0
LINE
8
BLACK
6
CONTINUOUS
10
101.5533659999999969
20
-94.1483029999999985
11
101.4992939999999919
21
-94.1259060000000005
0
LINE
8
BLACK
6
CONTINUOUS
10
101.4992939999999919
20
-94.1259060000000005
11
101.4579079999999891
21
-94.0845199999999977
0
LINE
8
BLACK
6
CONTINUOUS
10
101.4579079999999891
20
-94.0845199999999977
11
101.4355109999999911
21
-94.0304479999999927
0
LINE
8
BLACK
6
CONTINUOUS
10
101.4355109999999911
20
-94.0304479999999927
11
101.4355109999999911
21
-93.9719219999999922
0
LINE
8
BLACK
6
CONTINUOUS
10
101.4355109999999911
20
-93.9719219999999922
11
101.4579079999999891
21
-93.9178500000000014
0
LINE
8
BLACK
6
CONTINUOUS
10
101.4579079999999891
20
-93.9178500000000014
11
101.4765629999999987
21
-93.895118999999994
0
LINE
8
BLACK
6
CONTINUOUS
10
101.4765629999999987
20
-93.895118999999994
11
101.5479909999999961
21
-93.8236909999999966
0
LINE
8
BLACK
6
CONTINUOUS
10
101.5479909999999961
20
-93.8236909999999966
11
101.5594929999999891
21
-93.8142500000000013
0
LINE
8
BLACK
6
CONTINUOUS
10
101.5594929999999891
20
-93.8142500000000013
11
101.5620890000000003
21
-93.8112579999999951
0
LINE
8
BLACK
6
CONTINUOUS
10
101.5620890000000003
20
-93.8112579999999951
11
101.566597999999999
21
-93.8084190000000007
0
LINE
8
BLACK
6
CONTINUOUS
10
101.566597999999999
20
-93.8084190000000007
11
101.5707209999999918
21
-93.8050360000000012
0
LINE
8
BLACK
6
CONTINUOUS
10
101.5707209999999918
20
-93.8050360000000012
11
101.5743829999999974
21
-93.8035189999999943
0
LINE
8
BLACK
6
CONTINUOUS
10
101.5743829999999974
20
-93.8035189999999943
11
101.5869749999999954
21
-93.7955929999999967
0
LINE
8
BLACK
6
CONTINUOUS
10
101.5869749999999954
20
-93.7955929999999967
11
101.7298329999999993
21
-93.7241640000000018
0
LINE
8
BLACK
6
CONTINUOUS
10
101.7298329999999993
20
-93.7241640000000018
11
101.7572959999999966
21
-93.7136539999999911
0
LINE
8
BLACK
6
CONTINUOUS
10
101.7572959999999966
20
-93.7136539999999911
11
101.7626729999999924
21
-93.7132709999999918
0
LINE
8
BLACK
6
CONTINUOUS
10
101.7626729999999924
20
-93.7132709999999918
11
101.7676510000000007
21
-93.7112099999999941
0
LINE
8
BLACK
6
CONTINUOUS
10
101.7676510000000007
20
-93.7112099999999941
11
101.7969149999999985
21
-93.7083279999999945
0
LINE
8
BLACK
6
CONTINUOUS
10
101.7969149999999985
20
-93.7083279999999945
11
102.1540569999999946
21
-93.7083279999999945
0
LINE
8
BLACK
6
CONTINUOUS
10
102.1540569999999946
20
-93.7083279999999945
11
102.1833209999999923
21
-93.7112099999999941
0
LINE
8
BLACK
6
CONTINUOUS
10
54.844535999999998
20
-91.7336079999999896
11
54.8859199999999987
21
-91.7749919999999975
0
LINE
8
BLACK
6
CONTINUOUS
10
54.8859199999999987
20
-91.7749919999999975
11
54.9083179999999942
21
-91.8290640000000025
0
LINE
8
BLACK
6
CONTINUOUS
10
54.9083179999999942
20
-91.8290640000000025
11
54.9112000000000009
21
-91.8583280000000002
0
LINE
8
BLACK
6
CONTINUOUS
10
54.9112000000000009
20
-91.8583280000000002
11
54.9112000000000009
21
-92.9297569999999951
0
LINE
8
BLACK
6
CONTINUOUS
10
54.9112000000000009
20
-92.9297569999999951
11
54.9097409999999968
21
-92.9445679999999896
0
LINE
8
BLACK
6
CONTINUOUS
10
54.9097409999999968
20
-92.9445679999999896
11
54.9100219999999979
21
-92.9485179999999929
0
LINE
8
BLACK
6
CONTINUOUS
10
54.9100219999999979
20
-92.9485179999999929
11
54.9088399999999979
21
-92.9537119999999959
0
LINE
8
BLACK
6
CONTINUOUS
10
54.9088399999999979
20
-92.9537119999999959
11
54.9083179999999942
21
-92.9590209999999928
0
LINE
8
BLACK
6
CONTINUOUS
10
54.9083179999999942
20
-92.9590209999999928
11
54.9068009999999944
21
-92.9626820000000009
0
LINE
8
BLACK
6
CONTINUOUS
10
54.9068009999999944
20
-92.9626820000000009
11
54.903501999999996
21
-92.9771920000000023
0
LINE
8
BLACK
6
CONTINUOUS
10
54.903501999999996
20
-92.9771920000000023
11
54.8320729999999941
21
-93.1914769999999919
0
LINE
8
BLACK
6
CONTINUOUS
10
54.8320729999999941
20
-93.1914769999999919
11
54.8200849999999988
21
-93.2183270000000022
0
LINE
8
BLACK
6
CONTINUOUS
10
54.8200849999999988
20
-93.2183270000000022
11
54.8165539999999964
21
-93.2223970000000008
0
LINE
8
BLACK
6
CONTINUOUS
10
54.8165539999999964
20
-93.2223970000000008
11
54.8144919999999942
21
-93.2273769999999899
0
LINE
8
BLACK
6
CONTINUOUS
10
54.8144919999999942
20
-93.2273769999999899
11
54.7958369999999988
21
-93.2501079999999973
0
LINE
8
BLACK
6
CONTINUOUS
10
54.7958369999999988
20
-93.2501079999999973
11
54.6529799999999994
21
-93.3929660000000013
0
LINE
8
BLACK
6
CONTINUOUS
10
54.6529799999999994
20
-93.3929660000000013
11
54.6302499999999966
21
-93.4116209999999967
0
LINE
8
BLACK
6
CONTINUOUS
10
54.6302499999999966
20
-93.4116209999999967
11
54.6252700000000004
21
-93.4136829999999918
0
LINE
8
BLACK
6
CONTINUOUS
10
54.6252700000000004
20
-93.4136829999999918
11
54.6211989999999972
21
-93.4172149999999988
0
LINE
8
BLACK
6
CONTINUOUS
10
54.6211989999999972
20
-93.4172149999999988
11
54.5943479999999965
21
-93.4292030000000011
0
LINE
8
BLACK
6
CONTINUOUS
10
54.5943479999999965
20
-93.4292030000000011
11
54.3800619999999952
21
-93.5006309999999985
0
LINE
8
BLACK
6
CONTINUOUS
10
54.3800619999999952
20
-93.5006309999999985
11
54.3655489999999944
21
-93.5039299999999969
0
LINE
8
BLACK
6
CONTINUOUS
10
54.3655489999999944
20
-93.5039299999999969
11
54.3618919999999974
21
-93.5054459999999921
0
LINE
8
BLACK
6
CONTINUOUS
10
54.3618919999999974
20
-93.5054459999999921
11
54.3565889999999996
21
-93.5059679999999958
0
LINE
8
BLACK
6
CONTINUOUS
10
54.3565889999999996
20
-93.5059679999999958
11
54.351388
21
-93.5071509999999932
0
LINE
8
BLACK
6
CONTINUOUS
10
54.351388
20
-93.5071509999999932
11
54.3474329999999952
21
-93.5068689999999947
0
LINE
8
BLACK
6
CONTINUOUS
10
54.3474329999999952
20
-93.5068689999999947
11
54.3326279999999997
21
-93.5083279999999917
0
LINE
8
BLACK
6
CONTINUOUS
10
54.3326279999999997
20
-93.5083279999999917
11
54.1897710000000004
21
-93.5083279999999917
0
LINE
8
BLACK
6
CONTINUOUS
10
54.1897710000000004
20
-93.5083279999999917
11
54.1605069999999955
21
-93.5054459999999921
0
LINE
8
BLACK
6
CONTINUOUS
10
54.1605069999999955
20
-93.5054459999999921
11
54.1064349999999976
21
-93.4830479999999966
0
LINE
8
BLACK
6
CONTINUOUS
10
54.1064349999999976
20
-93.4830479999999966
11
54.0650509999999969
21
-93.4416639999999887
0
LINE
8
BLACK
6
CONTINUOUS
10
54.0650509999999969
20
-93.4416639999999887
11
54.0426529999999943
21
-93.3875919999999979
0
LINE
8
BLACK
6
CONTINUOUS
10
54.0426529999999943
20
-93.3875919999999979
11
54.0426529999999943
21
-93.3290640000000025
0
LINE
8
BLACK
6
CONTINUOUS
10
54.0426529999999943
20
-93.3290640000000025
11
54.0650509999999969
21
-93.2749919999999975
0
LINE
8
BLACK
6
CONTINUOUS
10
54.0650509999999969
20
-93.2749919999999975
11
54.1064349999999976
21
-93.2336079999999896
0
LINE
8
BLACK
6
CONTINUOUS
10
54.1064349999999976
20
-93.2336079999999896
11
54.1605069999999955
21
-93.2112099999999941
0
LINE
8
BLACK
6
CONTINUOUS
10
54.1605069999999955
20
-93.2112099999999941
11
54.1897710000000004
21
-93.2083279999999945
0
LINE
8
BLACK
6
CONTINUOUS
10
54.1897710000000004
20
-93.2083279999999945
11
54.3082849999999979
21
-93.2083279999999945
0
LINE
8
BLACK
6
CONTINUOUS
10
54.3082849999999979
20
-93.2083279999999945
11
54.4658869999999951
21
-93.1557940000000002
0
LINE
8
BLACK
6
CONTINUOUS
10
54.4658869999999951
20
-93.1557940000000002
11
54.5586659999999952
21
-93.0630139999999955
0
LINE
8
BLACK
6
CONTINUOUS
10
54.5586659999999952
20
-93.0630139999999955
11
54.6111999999999966
21
-92.9054160000000024
0
LINE
8
BLACK
6
CONTINUOUS
10
54.6111999999999966
20
-92.9054160000000024
11
54.6111999999999966
21
-91.8583280000000002
0
LINE
8
BLACK
6
CONTINUOUS
10
54.6111999999999966
20
-91.8583280000000002
11
54.6140819999999962
21
-91.8290640000000025
0
LINE
8
BLACK
6
CONTINUOUS
10
54.6140819999999962
20
-91.8290640000000025
11
54.6364799999999988
21
-91.7749919999999975
0
LINE
8
BLACK
6
CONTINUOUS
10
54.6364799999999988
20
-91.7749919999999975
11
54.6778639999999996
21
-91.7336079999999896
0
LINE
8
BLACK
6
CONTINUOUS
10
54.6778639999999996
20
-91.7336079999999896
11
54.7319359999999975
21
-91.7112099999999941
0
LINE
8
BLACK
6
CONTINUOUS
10
54.7319359999999975
20
-91.7112099999999941
11
54.7904640000000001
21
-91.7112099999999941
0
LINE
8
BLACK
6
CONTINUOUS
10
54.7904640000000001
20
-91.7112099999999941
11
54.844535999999998
21
-91.7336079999999896
0
LINE
8
BLACK
6
CONTINUOUS
10
56.2766769999999994
20
-91.7098519999999979
11
56.2806119999999979
21
-91.7095899999999915
0
LINE
8
BLACK
6
CONTINUOUS
10
56.2806119999999979
20
-91.7095899999999915
11
56.2833219999999983
21
-91.7105059999999952
0
LINE
8
BLACK
6
CONTINUOUS
10
56.2833219999999983
20
-91.7105059999999952
11
56.2904640000000001
21
-91.7112099999999941
0
LINE
8
BLACK
6
CONTINUOUS
10
56.2904640000000001
20
-91.7112099999999941
11
56.312977999999994
21
-91.7205359999999956
0
LINE
8
BLACK
6
CONTINUOUS
10
56.312977999999994
20
-91.7205359999999956
11
56.3360539999999972
21
-91.7283400000000029
0
LINE
8
BLACK
6
CONTINUOUS
10
56.3360539999999972
20
-91.7283400000000029
11
56.3398609999999991
21
-91.7316709999999915
0
LINE
8
BLACK
6
CONTINUOUS
10
56.3398609999999991
20
-91.7316709999999915
11
56.344535999999998
21
-91.7336079999999896
0
LINE
8
BLACK
6
CONTINUOUS
10
56.344535999999998
20
-91.7336079999999896
11
56.3617649999999983
21
-91.75083699999999
0
LINE
8
BLACK
6
CONTINUOUS
10
56.3617649999999983
20
-91.75083699999999
11
56.3801009999999962
21
-91.7668809999999979
0
LINE
8
BLACK
6
CONTINUOUS
10
56.3801009999999962
20
-91.7668809999999979
11
56.3823429999999988
21
-91.7714149999999904
0
LINE
8
BLACK
6
CONTINUOUS
10
56.3823429999999988
20
-91.7714149999999904
11
56.3859199999999987
21
-91.7749919999999975
0
LINE
8
BLACK
6
CONTINUOUS
10
56.3859199999999987
20
-91.7749919999999975
11
56.3952460000000002
21
-91.7975079999999934
0
LINE
8
BLACK
6
CONTINUOUS
10
56.3952460000000002
20
-91.7975079999999934
11
56.4060449999999989
21
-91.819344000000001
0
LINE
8
BLACK
6
CONTINUOUS
10
56.4060449999999989
20
-91.819344000000001
11
56.4063809999999961
21
-91.824387999999999
0
LINE
8
BLACK
6
CONTINUOUS
10
56.4063809999999961
20
-91.824387999999999
11
56.4083179999999942
21
-91.8290640000000025
0
LINE
8
BLACK
6
CONTINUOUS
10
56.4083179999999942
20
-91.8290640000000025
11
56.4083179999999942
21
-91.8534389999999945
0
LINE
8
BLACK
6
CONTINUOUS
10
56.4083179999999942
20
-91.8534389999999945
11
56.4099379999999968
21
-91.8777400000000029
0
LINE
8
BLACK
6
CONTINUOUS
10
56.4099379999999968
20
-91.8777400000000029
11
56.4083179999999942
21
-91.8825300000000027
0
LINE
8
BLACK
6
CONTINUOUS
10
56.4083179999999942
20
-91.8825300000000027
11
56.4083179999999942
21
-91.8875919999999979
0
LINE
8
BLACK
6
CONTINUOUS
10
56.4083179999999942
20
-91.8875919999999979
11
56.3989929999999973
21
-91.9101029999999923
0
LINE
8
BLACK
6
CONTINUOUS
10
56.3989929999999973
20
-91.9101029999999923
11
56.3911879999999996
21
-91.9331829999999997
0
LINE
8
BLACK
6
CONTINUOUS
10
56.3911879999999996
20
-91.9331829999999997
11
56.3870149999999981
21
-91.9390190000000018
0
LINE
8
BLACK
6
CONTINUOUS
10
56.3870149999999981
20
-91.9390190000000018
11
56.3859199999999987
21
-91.9416640000000029
0
LINE
8
BLACK
6
CONTINUOUS
10
56.3859199999999987
20
-91.9416640000000029
11
56.3831289999999967
21
-91.9444539999999932
0
LINE
8
BLACK
6
CONTINUOUS
10
56.3831289999999967
20
-91.9444539999999932
11
56.3740859999999984
21
-91.9571040000000011
0
LINE
8
BLACK
6
CONTINUOUS
10
56.3740859999999984
20
-91.9571040000000011
11
56.0671520000000001
21
-92.3078859999999963
0
LINE
8
BLACK
6
CONTINUOUS
10
56.0671520000000001
20
-92.3078859999999963
11
56.1854249999999951
21
-92.367020999999994
0
LINE
8
BLACK
6
CONTINUOUS
10
56.1854249999999951
20
-92.367020999999994
11
56.1980189999999951
21
-92.3749490000000009
0
LINE
8
BLACK
6
CONTINUOUS
10
56.1980189999999951
20
-92.3749490000000009
11
56.2016789999999986
21
-92.3764649999999961
0
LINE
8
BLACK
6
CONTINUOUS
10
56.2016789999999986
20
-92.3764649999999961
11
56.205798999999999
21
-92.3798460000000006
0
LINE
8
BLACK
6
CONTINUOUS
10
56.205798999999999
20
-92.3798460000000006
11
56.2103099999999998
21
-92.3826859999999925
0
LINE
8
BLACK
6
CONTINUOUS
10
56.2103099999999998
20
-92.3826859999999925
11
56.2129039999999947
21
-92.3856770000000012
0
LINE
8
BLACK
6
CONTINUOUS
10
56.2129039999999947
20
-92.3856770000000012
11
56.2244099999999989
21
-92.3951199999999915
0
LINE
8
BLACK
6
CONTINUOUS
10
56.2244099999999989
20
-92.3951199999999915
11
56.2958379999999963
21
-92.4665490000000005
0
LINE
8
BLACK
6
CONTINUOUS
10
56.2958379999999963
20
-92.4665490000000005
11
56.3052759999999992
21
-92.4780489999999986
0
LINE
8
BLACK
6
CONTINUOUS
10
56.3052759999999992
20
-92.4780489999999986
11
56.3082700000000003
21
-92.480645999999993
0
LINE
8
BLACK
6
CONTINUOUS
10
56.3082700000000003
20
-92.480645999999993
11
56.3111099999999993
21
-92.4851579999999984
0
LINE
8
BLACK
6
CONTINUOUS
10
56.3111099999999993
20
-92.4851579999999984
11
56.3144919999999942
21
-92.4892789999999962
0
LINE
8
BLACK
6
CONTINUOUS
10
56.3144919999999942
20
-92.4892789999999962
11
56.316006999999999
21
-92.4929379999999952
0
LINE
8
BLACK
6
CONTINUOUS
10
56.316006999999999
20
-92.4929379999999952
11
56.3239349999999988
21
-92.5055320000000023
0
LINE
8
BLACK
6
CONTINUOUS
10
56.3239349999999988
20
-92.5055320000000023
11
56.3953640000000007
21
-92.6483879999999971
0
LINE
8
BLACK
6
CONTINUOUS
10
56.3953640000000007
20
-92.6483879999999971
11
56.4058729999999997
21
-92.6758519999999919
0
LINE
8
BLACK
6
CONTINUOUS
10
56.4058729999999997
20
-92.6758519999999919
11
56.406253999999997
21
-92.6812259999999952
0
LINE
8
BLACK
6
CONTINUOUS
10
56.406253999999997
20
-92.6812259999999952
11
56.4083179999999942
21
-92.686206999999996
0
LINE
8
BLACK
6
CONTINUOUS
10
56.4083179999999942
20
-92.686206999999996
11
56.4112000000000009
21
-92.7154709999999938
0
LINE
8
BLACK
6
CONTINUOUS
10
56.4112000000000009
20
-92.7154709999999938
11
56.4112000000000009
21
-93.0726140000000015
0
LINE
8
BLACK
6
CONTINUOUS
10
56.4112000000000009
20
-93.0726140000000015
11
56.4083179999999942
21
-93.1018779999999992
0
LINE
8
BLACK
6
CONTINUOUS
10
56.4083179999999942
20
-93.1018779999999992
11
56.406253999999997
21
-93.1068580000000026
0
LINE
8
BLACK
6
CONTINUOUS
10
56.406253999999997
20
-93.1068580000000026
11
56.4058729999999997
21
-93.1122329999999891
0
LINE
8
BLACK
6
CONTINUOUS
10
56.4058729999999997
20
-93.1122329999999891
11
56.3953640000000007
21
-93.1396969999999982
0
LINE
8
BLACK
6
CONTINUOUS
10
56.3953640000000007
20
-93.1396969999999982
11
56.3239349999999988
21
-93.2825529999999929
0
LINE
8
BLACK
6
CONTINUOUS
10
56.3239349999999988
20
-93.2825529999999929
11
56.316006999999999
21
-93.2951460000000026
0
LINE
8
BLACK
6
CONTINUOUS
10
56.316006999999999
20
-93.2951460000000026
11
56.3144919999999942
21
-93.298805999999999
0
LINE
8
BLACK
6
CONTINUOUS
10
56.3144919999999942
20
-93.298805999999999
11
56.3111099999999993
21
-93.3029259999999994
0
LINE
8
BLACK
6
CONTINUOUS
10
56.3111099999999993
20
-93.3029259999999994
11
56.3082700000000003
21
-93.3074390000000022
0
LINE
8
BLACK
6
CONTINUOUS
10
56.3082700000000003
20
-93.3074390000000022
11
56.3052759999999992
21
-93.3100349999999992
0
LINE
8
BLACK
6
CONTINUOUS
10
56.3052759999999992
20
-93.3100349999999992
11
56.2958379999999963
21
-93.3215359999999947
0
LINE
8
BLACK
6
CONTINUOUS
10
56.2958379999999963
20
-93.3215359999999947
11
56.2244099999999989
21
-93.3929649999999896
0
LINE
8
BLACK
6
CONTINUOUS
10
56.2244099999999989
20
-93.3929649999999896
11
56.2129039999999947
21
-93.4024069999999966
0
LINE
8
BLACK
6
CONTINUOUS
10
56.2129039999999947
20
-93.4024069999999966
11
56.2103099999999998
21
-93.4053990000000027
0
LINE
8
BLACK
6
CONTINUOUS
10
56.2103099999999998
20
-93.4053990000000027
11
56.205798999999999
21
-93.4082379999999972
0
LINE
8
BLACK
6
CONTINUOUS
10
56.205798999999999
20
-93.4082379999999972
11
56.2016789999999986
21
-93.4116199999999992
0
LINE
8
BLACK
6
CONTINUOUS
10
56.2016789999999986
20
-93.4116199999999992
11
56.1980189999999951
21
-93.4131349999999969
0
LINE
8
BLACK
6
CONTINUOUS
10
56.1980189999999951
20
-93.4131349999999969
11
56.1854249999999951
21
-93.4210640000000012
0
LINE
8
BLACK
6
CONTINUOUS
10
56.1854249999999951
20
-93.4210640000000012
11
56.0425660000000008
21
-93.4924919999999986
0
LINE
8
BLACK
6
CONTINUOUS
10
56.0425660000000008
20
-93.4924919999999986
11
56.0151029999999963
21
-93.5030019999999951
0
LINE
8
BLACK
6
CONTINUOUS
10
56.0151029999999963
20
-93.5030019999999951
11
56.009726999999998
21
-93.5033829999999995
0
LINE
8
BLACK
6
CONTINUOUS
10
56.009726999999998
20
-93.5033829999999995
11
56.0047489999999968
21
-93.5054459999999921
0
LINE
8
BLACK
6
CONTINUOUS
10
56.0047489999999968
20
-93.5054459999999921
11
55.975484999999999
21
-93.5083279999999917
0
LINE
8
BLACK
6
CONTINUOUS
10
55.975484999999999
20
-93.5083279999999917
11
55.546914000000001
21
-93.5083279999999917
0
LINE
8
BLACK
6
CONTINUOUS
10
55.546914000000001
20
-93.5083279999999917
11
55.5176499999999962
21
-93.5054459999999921
0
LINE
8
BLACK
6
CONTINUOUS
10
55.5176499999999962
20
-93.5054459999999921
11
55.5126709999999974
21
-93.5033829999999995
0
LINE
8
BLACK
6
CONTINUOUS
10
55.5126709999999974
20
-93.5033829999999995
11
55.5072959999999966
21
-93.5030019999999951
0
LINE
8
BLACK
6
CONTINUOUS
10
55.5072959999999966
20
-93.5030019999999951
11
55.4798329999999993
21
-93.4924919999999986
0
LINE
8
BLACK
6
CONTINUOUS
10
55.4798329999999993
20
-93.4924919999999986
11
55.3369749999999954
21
-93.4210640000000012
0
LINE
8
BLACK
6
CONTINUOUS
10
55.3369749999999954
20
-93.4210640000000012
11
55.3243829999999974
21
-93.4131369999999919
0
LINE
8
BLACK
6
CONTINUOUS
10
55.3243829999999974
20
-93.4131369999999919
11
55.3207219999999964
21
-93.4116209999999967
0
LINE
8
BLACK
6
CONTINUOUS
10
55.3207219999999964
20
-93.4116209999999967
11
55.3165989999999965
21
-93.4082369999999997
0
LINE
8
BLACK
6
CONTINUOUS
10
55.3165989999999965
20
-93.4082369999999997
11
55.3120899999999978
21
-93.4053990000000027
0
LINE
8
BLACK
6
CONTINUOUS
10
55.3120899999999978
20
-93.4053990000000027
11
55.3094949999999983
21
-93.4024069999999966
0
LINE
8
BLACK
6
CONTINUOUS
10
55.3094949999999983
20
-93.4024069999999966
11
55.2979909999999961
21
-93.3929660000000013
0
LINE
8
BLACK
6
CONTINUOUS
10
55.2979909999999961
20
-93.3929660000000013
11
55.2265619999999942
21
-93.3215369999999922
0
LINE
8
BLACK
6
CONTINUOUS
10
55.2265619999999942
20
-93.3215369999999922
11
55.2079069999999987
21
-93.298805999999999
0
LINE
8
BLACK
6
CONTINUOUS
10
55.2079069999999987
20
-93.298805999999999
11
55.1855100000000007
21
-93.244733999999994
0
LINE
8
BLACK
6
CONTINUOUS
10
55.1855100000000007
20
-93.244733999999994
11
55.1855100000000007
21
-93.1862079999999935
0
LINE
8
BLACK
6
CONTINUOUS
10
55.1855100000000007
20
-93.1862079999999935
11
55.2079069999999987
21
-93.1321360000000027
0
LINE
8
BLACK
6
CONTINUOUS
10
55.2079069999999987
20
-93.1321360000000027
11
55.2492929999999944
21
-93.0907499999999999
0
LINE
8
BLACK
6
CONTINUOUS
10
55.2492929999999944
20
-93.0907499999999999
11
55.3033649999999994
21
-93.0683530000000019
0
LINE
8
BLACK
6
CONTINUOUS
10
55.3033649999999994
20
-93.0683530000000019
11
55.361891
21
-93.0683530000000019
0
LINE
8
BLACK
6
CONTINUOUS
10
55.361891
20
-93.0683530000000019
11
55.4159629999999979
21
-93.0907499999999999
0
LINE
8
BLACK
6
CONTINUOUS
10
55.4159629999999979
20
-93.0907499999999999
11
55.4386939999999981
21
-93.1094049999999953
0
LINE
8
BLACK
6
CONTINUOUS
10
55.4386939999999981
20
-93.1094049999999953
11
55.4929099999999949
21
-93.163620999999992
0
LINE
8
BLACK
6
CONTINUOUS
10
55.4929099999999949
20
-93.163620999999992
11
55.5823239999999998
21
-93.2083279999999945
0
LINE
8
BLACK
6
CONTINUOUS
10
55.5823239999999998
20
-93.2083279999999945
11
55.9400759999999977
21
-93.2083279999999945
0
LINE
8
BLACK
6
CONTINUOUS
10
55.9400759999999977
20
-93.2083279999999945
11
56.0294889999999981
21
-93.163620999999992
0
LINE
8
BLACK
6
CONTINUOUS
10
56.0294889999999981
20
-93.163620999999992
11
56.0664919999999967
21
-93.126616999999996
0
LINE
8
BLACK
6
CONTINUOUS
10
56.0664919999999967
20
-93.126616999999996
11
56.1111999999999966
21
-93.037202999999991
0
LINE
8
BLACK
6
CONTINUOUS
10
56.1111999999999966
20
-93.037202999999991
11
56.1111999999999966
21
-92.7508809999999926
0
LINE
8
BLACK
6
CONTINUOUS
10
56.1111999999999966
20
-92.7508809999999926
11
56.0664919999999967
21
-92.6614670000000018
0
LINE
8
BLACK
6
CONTINUOUS
10
56.0664919999999967
20
-92.6614670000000018
11
56.0294889999999981
21
-92.6244629999999916
0
LINE
8
BLACK
6
CONTINUOUS
10
56.0294889999999981
20
-92.6244629999999916
11
55.9400759999999977
21
-92.5797570000000007
0
LINE
8
BLACK
6
CONTINUOUS
10
55.9400759999999977
20
-92.5797570000000007
11
55.7611999999999952
21
-92.5797570000000007
0
LINE
8
BLACK
6
CONTINUOUS
10
55.7611999999999952
20
-92.5797570000000007
11
55.7457269999999951
21
-92.5782329999999973
0
LINE
8
BLACK
6
CONTINUOUS
10
55.7457269999999951
20
-92.5782329999999973
11
55.7417879999999997
21
-92.5784960000000012
0
LINE
8
BLACK
6
CONTINUOUS
10
55.7417879999999997
20
-92.5784960000000012
11
55.7390729999999976
21
-92.5775769999999909
0
LINE
8
BLACK
6
CONTINUOUS
10
55.7390729999999976
20
-92.5775769999999909
11
55.7319359999999975
21
-92.5768750000000011
0
LINE
8
BLACK
6
CONTINUOUS
10
55.7319359999999975
20
-92.5768750000000011
11
55.709426999999998
21
-92.5675509999999946
0
LINE
8
BLACK
6
CONTINUOUS
10
55.709426999999998
20
-92.5675509999999946
11
55.6863460000000003
21
-92.5597449999999924
0
LINE
8
BLACK
6
CONTINUOUS
10
55.6863460000000003
20
-92.5597449999999924
11
55.682538000000001
21
-92.5564129999999921
0
LINE
8
BLACK
6
CONTINUOUS
10
55.682538000000001
20
-92.5564129999999921
11
55.6778639999999996
21
-92.5544769999999914
0
LINE
8
BLACK
6
CONTINUOUS
10
55.6778639999999996
20
-92.5544769999999914
11
55.6606339999999946
21
-92.5372469999999936
0
LINE
8
BLACK
6
CONTINUOUS
10
55.6606339999999946
20
-92.5372469999999936
11
55.6422989999999942
21
-92.5212039999999973
0
LINE
8
BLACK
6
CONTINUOUS
10
55.6422989999999942
20
-92.5212039999999973
11
55.6400559999999942
21
-92.5166689999999932
0
LINE
8
BLACK
6
CONTINUOUS
10
55.6400559999999942
20
-92.5166689999999932
11
55.6364799999999988
21
-92.5130929999999978
0
LINE
8
BLACK
6
CONTINUOUS
10
55.6364799999999988
20
-92.5130929999999978
11
55.6271529999999998
21
-92.4905759999999901
0
LINE
8
BLACK
6
CONTINUOUS
10
55.6271529999999998
20
-92.4905759999999901
11
55.6163549999999987
21
-92.4687409999999943
0
LINE
8
BLACK
6
CONTINUOUS
10
55.6163549999999987
20
-92.4687409999999943
11
55.6160179999999968
21
-92.4636959999999988
0
LINE
8
BLACK
6
CONTINUOUS
10
55.6160179999999968
20
-92.4636959999999988
11
55.6140819999999962
21
-92.4590209999999928
0
LINE
8
BLACK
6
CONTINUOUS
10
55.6140819999999962
20
-92.4590209999999928
11
55.6140819999999962
21
-92.4346539999999948
0
LINE
8
BLACK
6
CONTINUOUS
10
55.6140819999999962
20
-92.4346539999999948
11
55.6124609999999961
21
-92.4103449999999924
0
LINE
8
BLACK
6
CONTINUOUS
10
55.6124609999999961
20
-92.4103449999999924
11
55.6140819999999962
21
-92.4055520000000001
0
LINE
8
BLACK
6
CONTINUOUS
10
55.6140819999999962
20
-92.4055520000000001
11
55.6140819999999962
21
-92.4004929999999973
0
LINE
8
BLACK
6
CONTINUOUS
10
55.6140819999999962
20
-92.4004929999999973
11
55.6234049999999982
21
-92.3779839999999979
0
LINE
8
BLACK
6
CONTINUOUS
10
55.6234049999999982
20
-92.3779839999999979
11
55.6312119999999979
21
-92.3549029999999931
0
LINE
8
BLACK
6
CONTINUOUS
10
55.6312119999999979
20
-92.3549029999999931
11
55.6353829999999974
21
-92.3490659999999934
0
LINE
8
BLACK
6
CONTINUOUS
10
55.6353829999999974
20
-92.3490659999999934
11
55.6364799999999988
21
-92.3464209999999923
0
LINE
8
BLACK
6
CONTINUOUS
10
55.6364799999999988
20
-92.3464209999999923
11
55.6392689999999988
21
-92.343631000000002
0
LINE
8
BLACK
6
CONTINUOUS
10
55.6392689999999988
20
-92.343631000000002
11
55.6483129999999946
21
-92.3309809999999942
0
LINE
8
BLACK
6
CONTINUOUS
10
55.6483129999999946
20
-92.3309809999999942
11
55.9306349999999952
21
-92.0083279999999917
0
LINE
8
BLACK
6
CONTINUOUS
10
55.9306349999999952
20
-92.0083279999999917
11
55.3326279999999997
21
-92.0083279999999917
0
LINE
8
BLACK
6
CONTINUOUS
10
55.3326279999999997
20
-92.0083279999999917
11
55.3033639999999949
21
-92.0054459999999921
0
LINE
8
BLACK
6
CONTINUOUS
10
55.3033639999999949
20
-92.0054459999999921
11
55.249291999999997
21
-91.9830479999999966
0
LINE
8
BLACK
6
CONTINUOUS
10
55.249291999999997
20
-91.9830479999999966
11
55.2079079999999962
21
-91.9416640000000029
0
LINE
8
BLACK
6
CONTINUOUS
10
55.2079079999999962
20
-91.9416640000000029
11
55.1855100000000007
21
-91.8875919999999979
0
LINE
8
BLACK
6
CONTINUOUS
10
55.1855100000000007
20
-91.8875919999999979
11
55.1855100000000007
21
-91.8290640000000025
0
LINE
8
BLACK
6
CONTINUOUS
10
55.1855100000000007
20
-91.8290640000000025
11
55.2079079999999962
21
-91.7749919999999975
0
LINE
8
BLACK
6
CONTINUOUS
10
55.2079079999999962
20
-91.7749919999999975
11
55.249291999999997
21
-91.7336079999999896
0
LINE
8
BLACK
6
CONTINUOUS
10
55.249291999999997
20
-91.7336079999999896
11
55.3033639999999949
21
-91.7112099999999941
0
LINE
8
BLACK
6
CONTINUOUS
10
55.3033639999999949
20
-91.7112099999999941
11
55.3326279999999997
21
-91.7083279999999945
0
LINE
8
BLACK
6
CONTINUOUS
10
55.3326279999999997
20
-91.7083279999999945
11
56.2611999999999952
21
-91.7083279999999945
0
LINE
8
BLACK
6
CONTINUOUS
10
56.2611999999999952
20
-91.7083279999999945
11
56.2766769999999994
21
-91.7098519999999979
0
LINE
8
BLACK
6
CONTINUOUS
10
55.5329419999999985
20
-88.4016009999999994
11
55.6868869999999987
21
-88.4653670000000005
0
LINE
8
BLACK
6
CONTINUOUS
10
55.6868869999999987
20
-88.4653670000000005
11
55.8254339999999942
21
-88.5579409999999996
0
LINE
8
BLACK
6
CONTINUOUS
10
55.8254339999999942
20
-88.5579409999999996
11
55.9432589999999976
21
-88.6757659999999959
0
LINE
8
BLACK
6
CONTINUOUS
10
55.9432589999999976
20
-88.6757659999999959
11
56.0358329999999967
21
-88.8143129999999985
0
LINE
8
BLACK
6
CONTINUOUS
10
56.0358329999999967
20
-88.8143129999999985
11
56.0995989999999978
21
-88.9682579999999916
0
LINE
8
BLACK
6
CONTINUOUS
10
56.0995989999999978
20
-88.9682579999999916
11
56.1321069999999978
21
-89.1316849999999903
0
LINE
8
BLACK
6
CONTINUOUS
10
56.1321069999999978
20
-89.1316849999999903
11
56.1321069999999978
21
-89.2983150000000023
0
LINE
8
BLACK
6
CONTINUOUS
10
56.1321069999999978
20
-89.2983150000000023
11
56.0995989999999978
21
-89.461742000000001
0
LINE
8
BLACK
6
CONTINUOUS
10
56.0995989999999978
20
-89.461742000000001
11
56.0358329999999967
21
-89.6156869999999941
0
LINE
8
BLACK
6
CONTINUOUS
10
56.0358329999999967
20
-89.6156869999999941
11
55.9432589999999976
21
-89.7542339999999967
0
LINE
8
BLACK
6
CONTINUOUS
10
55.9432589999999976
20
-89.7542339999999967
11
55.8254339999999942
21
-89.872058999999993
0
LINE
8
BLACK
6
CONTINUOUS
10
55.8254339999999942
20
-89.872058999999993
11
55.6868869999999987
21
-89.9646329999999921
0
LINE
8
BLACK
6
CONTINUOUS
10
55.6868869999999987
20
-89.9646329999999921
11
55.5329419999999985
21
-90.0283989999999932
0
LINE
8
BLACK
6
CONTINUOUS
10
55.5329419999999985
20
-90.0283989999999932
11
55.3695149999999998
21
-90.0609070000000003
0
LINE
8
BLACK
6
CONTINUOUS
10
55.3695149999999998
20
-90.0609070000000003
11
55.2028849999999949
21
-90.0609070000000003
0
LINE
8
BLACK
6
CONTINUOUS
10
55.2028849999999949
20
-90.0609070000000003
11
55.0394579999999962
21
-90.0283989999999932
0
LINE
8
BLACK
6
CONTINUOUS
10
55.0394579999999962
20
-90.0283989999999932
11
54.885512999999996
21
-89.9646329999999921
0
LINE
8
BLACK
6
CONTINUOUS
10
54.885512999999996
20
-89.9646329999999921
11
54.7469660000000005
21
-89.872058999999993
0
LINE
8
BLACK
6
CONTINUOUS
10
54.7469660000000005
20
-89.872058999999993
11
54.6291409999999971
21
-89.7542339999999967
0
LINE
8
BLACK
6
CONTINUOUS
10
54.6291409999999971
20
-89.7542339999999967
11
54.536566999999998
21
-89.6156869999999941
0
LINE
8
BLACK
6
CONTINUOUS
10
54.536566999999998
20
-89.6156869999999941
11
54.4728009999999969
21
-89.461742000000001
0
LINE
8
BLACK
6
CONTINUOUS
10
54.4728009999999969
20
-89.461742000000001
11
54.4402929999999969
21
-89.2983150000000023
0
LINE
8
BLACK
6
CONTINUOUS
10
54.4402929999999969
20
-89.2983150000000023
11
54.4402929999999969
21
-89.1316849999999903
0
LINE
8
BLACK
6
CONTINUOUS
10
54.4402929999999969
20
-89.1316849999999903
11
54.4728009999999969
21
-88.9682579999999916
0
LINE
8
BLACK
6
CONTINUOUS
10
54.4728009999999969
20
-88.9682579999999916
11
54.536566999999998
21
-88.8143129999999985
0
LINE
8
BLACK
6
CONTINUOUS
10
54.536566999999998
20
-88.8143129999999985
11
54.6291409999999971
21
-88.6757659999999959
0
LINE
8
BLACK
6
CONTINUOUS
10
54.6291409999999971
20
-88.6757659999999959
11
54.7469660000000005
21
-88.5579409999999996
0
LINE
8
BLACK
6
CONTINUOUS
10
54.7469660000000005
20
-88.5579409999999996
11
54.885512999999996
21
-88.4653670000000005
0
LINE
8
BLACK
6
CONTINUOUS
10
54.885512999999996
20
-88.4653670000000005
11
55.0394579999999962
21
-88.4016009999999994
0
LINE
8
BLACK
6
CONTINUOUS
10
55.0394579999999962
20
-88.4016009999999994
11
55.2028849999999949
21
-88.3690929999999923
0
LINE
8
BLACK
6
CONTINUOUS
10
55.2028849999999949
20
-88.3690929999999923
11
55.3695149999999998
21
-88.3690929999999923
0
LINE
8
BLACK
6
CONTINUOUS
10
55.3695149999999998
20
-88.3690929999999923
11
55.5329419999999985
21
-88.4016009999999994
0
LINE
8
BLACK
6
CONTINUOUS
10
55.5329419999999985
20
-85.8616009999999932
11
55.6868869999999987
21
-85.9253669999999943
0
LINE
8
BLACK
6
CONTINUOUS
10
55.6868869999999987
20
-85.9253669999999943
11
55.8254339999999942
21
-86.0179409999999933
0
LINE
8
BLACK
6
CONTINUOUS
10
55.8254339999999942
20
-86.0179409999999933
11
55.9432589999999976
21
-86.1357659999999896
0
LINE
8
BLACK
6
CONTINUOUS
10
55.9432589999999976
20
-86.1357659999999896
11
56.0358329999999967
21
-86.2743129999999923
0
LINE
8
BLACK
6
CONTINUOUS
10
56.0358329999999967
20
-86.2743129999999923
11
56.0995989999999978
21
-86.4282579999999996
0
LINE
8
BLACK
6
CONTINUOUS
10
56.0995989999999978
20
-86.4282579999999996
11
56.1321069999999978
21
-86.5916849999999982
0
LINE
8
BLACK
6
CONTINUOUS
10
56.1321069999999978
20
-86.5916849999999982
11
56.1321069999999978
21
-86.7583149999999961
0
LINE
8
BLACK
6
CONTINUOUS
10
56.1321069999999978
20
-86.7583149999999961
11
56.0995989999999978
21
-86.9217419999999947
0
LINE
8
BLACK
6
CONTINUOUS
10
56.0995989999999978
20
-86.9217419999999947
11
56.0358329999999967
21
-87.0756870000000021
0
LINE
8
BLACK
6
CONTINUOUS
10
56.0358329999999967
20
-87.0756870000000021
11
55.9432589999999976
21
-87.2142339999999905
0
LINE
8
BLACK
6
CONTINUOUS
10
55.9432589999999976
20
-87.2142339999999905
11
55.8254339999999942
21
-87.332059000000001
0
LINE
8
BLACK
6
CONTINUOUS
10
55.8254339999999942
20
-87.332059000000001
11
55.6868869999999987
21
-87.424633
0
LINE
8
BLACK
6
CONTINUOUS
10
55.6868869999999987
20
-87.424633
11
55.5329419999999985
21
-87.4883990000000011
0
LINE
8
BLACK
6
CONTINUOUS
10
55.5329419999999985
20
-87.4883990000000011
11
55.3695149999999998
21
-87.520906999999994
0
LINE
8
BLACK
6
CONTINUOUS
10
55.3695149999999998
20
-87.520906999999994
11
55.2028849999999949
21
-87.520906999999994
0
LINE
8
BLACK
6
CONTINUOUS
10
55.2028849999999949
20
-87.520906999999994
11
55.0394579999999962
21
-87.4883990000000011
0
LINE
8
BLACK
6
CONTINUOUS
10
55.0394579999999962
20
-87.4883990000000011
11
54.885512999999996
21
-87.424633
0
LINE
8
BLACK
6
CONTINUOUS
10
54.885512999999996
20
-87.424633
11
54.7469660000000005
21
-87.332059000000001
0
LINE
8
BLACK
6
CONTINUOUS
10
54.7469660000000005
20
-87.332059000000001
11
54.6291409999999971
21
-87.2142339999999905
0
LINE
8
BLACK
6
CONTINUOUS
10
54.6291409999999971
20
-87.2142339999999905
11
54.536566999999998
21
-87.0756870000000021
0
LINE
8
BLACK
6
CONTINUOUS
10
54.536566999999998
20
-87.0756870000000021
11
54.4728009999999969
21
-86.9217419999999947
0
LINE
8
BLACK
6
CONTINUOUS
10
54.4728009999999969
20
-86.9217419999999947
11
54.4402929999999969
21
-86.7583149999999961
0
LINE
8
BLACK
6
CONTINUOUS
10
54.4402929999999969
20
-86.7583149999999961
11
54.4402929999999969
21
-86.5916849999999982
0
LINE
8
BLACK
6
CONTINUOUS
10
54.4402929999999969
20
-86.5916849999999982
11
54.4728009999999969
21
-86.4282579999999996
0
LINE
8
BLACK
6
CONTINUOUS
10
54.4728009999999969
20
-86.4282579999999996
11
54.536566999999998
21
-86.2743129999999923
0
LINE
8
BLACK
6
CONTINUOUS
10
54.536566999999998
20
-86.2743129999999923
11
54.6291409999999971
21
-86.1357659999999896
0
LINE
8
BLACK
6
CONTINUOUS
10
54.6291409999999971
20
-86.1357659999999896
11
54.7469660000000005
21
-86.0179409999999933
0
LINE
8
BLACK
6
CONTINUOUS
10
54.7469660000000005
20
-86.0179409999999933
11
54.885512999999996
21
-85.9253669999999943
0
LINE
8
BLACK
6
CONTINUOUS
10
54.885512999999996
20
-85.9253669999999943
11
55.0394579999999962
21
-85.8616009999999932
0
LINE
8
BLACK
6
CONTINUOUS
10
55.0394579999999962
20
-85.8616009999999932
11
55.2028849999999949
21
-85.8290930000000003
0
LINE
8
BLACK
6
CONTINUOUS
10
55.2028849999999949
20
-85.8290930000000003
11
55.3695149999999998
21
-85.8290930000000003
0
LINE
8
BLACK
6
CONTINUOUS
10
55.3695149999999998
20
-85.8290930000000003
11
55.5329419999999985
21
-85.8616009999999932
0
LINE
8
BLACK
6
CONTINUOUS
10
109.6834279999999922
20
-68.6394480000000016
11
109.8283169999999984
21
-68.6994629999999944
0
LINE
8
BLACK
6
CONTINUOUS
10
109.8283169999999984
20
-68.6994629999999944
11
109.958714999999998
21
-68.7865919999999988
0
LINE
8
BLACK
6
CONTINUOUS
10
109.958714999999998
20
-68.7865919999999988
11
110.0696079999999881
21
-68.8974850000000032
0
LINE
8
BLACK
6
CONTINUOUS
10
110.0696079999999881
20
-68.8974850000000032
11
110.1567369999999926
21
-69.0278830000000028
0
LINE
8
BLACK
6
CONTINUOUS
10
110.1567369999999926
20
-69.0278830000000028
11
110.2167519999999996
21
-69.1727719999999948
0
LINE
8
BLACK
6
CONTINUOUS
10
110.2167519999999996
20
-69.1727719999999948
11
110.2473479999999881
21
-69.3265859999999918
0
LINE
8
BLACK
6
CONTINUOUS
10
110.2473479999999881
20
-69.3265859999999918
11
110.2473479999999881
21
-69.4834139999999962
0
LINE
8
BLACK
6
CONTINUOUS
10
110.2473479999999881
20
-69.4834139999999962
11
110.2455839999999938
21
-69.4922779999999989
0
LINE
8
BLACK
6
CONTINUOUS
10
110.2455839999999938
20
-69.4922779999999989
11
111.9478529999999949
21
-71.194547
0
LINE
8
BLACK
6
CONTINUOUS
10
111.9478529999999949
20
-71.194547
11
111.9909679999999952
21
-71.243709999999993
0
LINE
8
BLACK
6
CONTINUOUS
10
111.9909679999999952
20
-71.243709999999993
11
111.9909770000000009
21
-71.2437189999999987
0
LINE
8
BLACK
6
CONTINUOUS
10
111.9909770000000009
20
-71.2437189999999987
11
112.028421999999992
21
-71.3085760000000022
0
LINE
8
BLACK
6
CONTINUOUS
10
112.028421999999992
20
-71.3085760000000022
11
112.0562399999999883
21
-71.3567579999999992
0
LINE
8
BLACK
6
CONTINUOUS
10
112.0562399999999883
20
-71.3567579999999992
11
112.090022999999988
21
-71.4828370000000035
0
LINE
8
BLACK
6
CONTINUOUS
10
112.090022999999988
20
-71.4828370000000035
11
112.090022999999988
21
-71.4828519999999941
0
LINE
8
BLACK
6
CONTINUOUS
10
112.090022999999988
20
-71.4828519999999941
11
112.0942999999999898
21
-71.5480999999999909
0
LINE
8
BLACK
6
CONTINUOUS
10
112.0942999999999898
20
-71.5480999999999909
11
112.0942999999999898
21
-83.2618999999999971
0
LINE
8
BLACK
6
CONTINUOUS
10
112.0942999999999898
20
-83.2618999999999971
11
112.090022999999988
21
-83.3271469999999965
0
LINE
8
BLACK
6
CONTINUOUS
10
112.090022999999988
20
-83.3271469999999965
11
112.090022999999988
21
-83.3271629999999988
0
LINE
8
BLACK
6
CONTINUOUS
10
112.090022999999988
20
-83.3271629999999988
11
112.074427
21
-83.3853670000000022
0
LINE
8
BLACK
6
CONTINUOUS
10
112.074427
20
-83.3853670000000022
11
112.0562399999999883
21
-83.453242000000003
0
LINE
8
BLACK
6
CONTINUOUS
10
112.0562399999999883
20
-83.453242000000003
11
111.9909770000000009
21
-83.5662809999999894
0
LINE
8
BLACK
6
CONTINUOUS
10
111.9909770000000009
20
-83.5662809999999894
11
111.9909679999999952
21
-83.5662889999999976
0
LINE
8
BLACK
6
CONTINUOUS
10
111.9909679999999952
20
-83.5662889999999976
11
111.9478529999999949
21
-83.6154530000000022
0
LINE
8
BLACK
6
CONTINUOUS
10
111.9478529999999949
20
-83.6154530000000022
11
110.2455839999999938
21
-85.3177209999999917
0
LINE
8
BLACK
6
CONTINUOUS
10
110.2455839999999938
20
-85.3177209999999917
11
110.2473479999999881
21
-85.3265859999999918
0
LINE
8
BLACK
6
CONTINUOUS
10
110.2473479999999881
20
-85.3265859999999918
11
110.2473479999999881
21
-85.4834139999999962
0
LINE
8
BLACK
6
CONTINUOUS
10
110.2473479999999881
20
-85.4834139999999962
11
110.2167519999999996
21
-85.6372279999999932
0
LINE
8
BLACK
6
CONTINUOUS
10
110.2167519999999996
20
-85.6372279999999932
11
110.1567369999999926
21
-85.7821169999999995
0
LINE
8
BLACK
6
CONTINUOUS
10
110.1567369999999926
20
-85.7821169999999995
11
110.0696079999999881
21
-85.9125149999999991
0
LINE
8
BLACK
6
CONTINUOUS
10
110.0696079999999881
20
-85.9125149999999991
11
109.958714999999998
21
-86.0234079999999892
0
LINE
8
BLACK
6
CONTINUOUS
10
109.958714999999998
20
-86.0234079999999892
11
109.8283169999999984
21
-86.1105369999999937
0
LINE
8
BLACK
6
CONTINUOUS
10
109.8283169999999984
20
-86.1105369999999937
11
109.6834279999999922
21
-86.1705520000000007
0
LINE
8
BLACK
6
CONTINUOUS
10
109.6834279999999922
20
-86.1705520000000007
11
109.5296139999999951
21
-86.2011479999999892
0
LINE
8
BLACK
6
CONTINUOUS
10
109.5296139999999951
20
-86.2011479999999892
11
109.3727859999999907
21
-86.2011479999999892
0
LINE
8
BLACK
6
CONTINUOUS
10
109.3727859999999907
20
-86.2011479999999892
11
109.2189719999999937
21
-86.1705520000000007
0
LINE
8
BLACK
6
CONTINUOUS
10
109.2189719999999937
20
-86.1705520000000007
11
109.0740830000000017
21
-86.1105369999999937
0
LINE
8
BLACK
6
CONTINUOUS
10
109.0740830000000017
20
-86.1105369999999937
11
108.9436850000000021
21
-86.0234079999999892
0
LINE
8
BLACK
6
CONTINUOUS
10
108.9436850000000021
20
-86.0234079999999892
11
108.8327919999999978
21
-85.9125149999999991
0
LINE
8
BLACK
6
CONTINUOUS
10
108.8327919999999978
20
-85.9125149999999991
11
108.7456629999999933
21
-85.7821169999999995
0
LINE
8
BLACK
6
CONTINUOUS
10
108.7456629999999933
20
-85.7821169999999995
11
108.6856480000000005
21
-85.6372279999999932
0
LINE
8
BLACK
6
CONTINUOUS
10
108.6856480000000005
20
-85.6372279999999932
11
108.6550519999999977
21
-85.4834139999999962
0
LINE
8
BLACK
6
CONTINUOUS
10
108.6550519999999977
20
-85.4834139999999962
11
108.6550519999999977
21
-85.3265859999999918
0
LINE
8
BLACK
6
CONTINUOUS
10
108.6550519999999977
20
-85.3265859999999918
11
108.6856480000000005
21
-85.1727719999999948
0
LINE
8
BLACK
6
CONTINUOUS
10
108.6856480000000005
20
-85.1727719999999948
11
108.7456629999999933
21
-85.0278830000000028
0
LINE
8
BLACK
6
CONTINUOUS
10
108.7456629999999933
20
-85.0278830000000028
11
108.8327919999999978
21
-84.8974850000000032
0
LINE
8
BLACK
6
CONTINUOUS
10
108.8327919999999978
20
-84.8974850000000032
11
108.9436850000000021
21
-84.7865919999999988
0
LINE
8
BLACK
6
CONTINUOUS
10
108.9436850000000021
20
-84.7865919999999988
11
109.0740830000000017
21
-84.6994629999999944
0
LINE
8
BLACK
6
CONTINUOUS
10
109.0740830000000017
20
-84.6994629999999944
11
109.2189719999999937
21
-84.6394480000000016
0
LINE
8
BLACK
6
CONTINUOUS
10
109.2189719999999937
20
-84.6394480000000016
11
109.3727859999999907
21
-84.6088519999999988
0
LINE
8
BLACK
6
CONTINUOUS
10
109.3727859999999907
20
-84.6088519999999988
11
109.5296139999999951
21
-84.6088519999999988
0
LINE
8
BLACK
6
CONTINUOUS
10
109.5296139999999951
20
-84.6088519999999988
11
109.5384779999999978
21
-84.6106149999999957
0
LINE
8
BLACK
6
CONTINUOUS
10
109.5384779999999978
20
-84.6106149999999957
11
111.0942999999999898
21
-83.0547940000000011
0
LINE
8
BLACK
6
CONTINUOUS
10
111.0942999999999898
20
-83.0547940000000011
11
111.0942999999999898
21
-71.7552060000000012
0
LINE
8
BLACK
6
CONTINUOUS
10
111.0942999999999898
20
-71.7552060000000012
11
109.5384779999999978
21
-70.1993839999999949
0
LINE
8
BLACK
6
CONTINUOUS
10
109.5384779999999978
20
-70.1993839999999949
11
109.5296139999999951
21
-70.2011480000000034
0
LINE
8
BLACK
6
CONTINUOUS
10
109.5296139999999951
20
-70.2011480000000034
11
109.3727859999999907
21
-70.2011480000000034
0
LINE
8
BLACK
6
CONTINUOUS
10
109.3727859999999907
20
-70.2011480000000034
11
109.2189719999999937
21
-70.1705520000000007
0
LINE
8
BLACK
6
CONTINUOUS
10
109.2189719999999937
20
-70.1705520000000007
11
109.0740830000000017
21
-70.1105369999999937
0
LINE
8
BLACK
6
CONTINUOUS
10
109.0740830000000017
20
-70.1105369999999937
11
108.9436850000000021
21
-70.0234080000000034
0
LINE
8
BLACK
6
CONTINUOUS
10
108.9436850000000021
20
-70.0234080000000034
11
108.8327919999999978
21
-69.9125149999999991
0
LINE
8
BLACK
6
CONTINUOUS
10
108.8327919999999978
20
-69.9125149999999991
11
108.7456629999999933
21
-69.7821169999999995
0
LINE
8
BLACK
6
CONTINUOUS
10
108.7456629999999933
20
-69.7821169999999995
11
108.6856480000000005
21
-69.6372279999999932
0
LINE
8
BLACK
6
CONTINUOUS
10
108.6856480000000005
20
-69.6372279999999932
11
108.6550519999999977
21
-69.4834139999999962
0
LINE
8
BLACK
6
CONTINUOUS
10
108.6550519999999977
20
-69.4834139999999962
11
108.6550519999999977
21
-69.3265859999999918
0
LINE
8
BLACK
6
CONTINUOUS
10
108.6550519999999977
20
-69.3265859999999918
11
108.6856480000000005
21
-69.1727719999999948
0
LINE
8
BLACK
6
CONTINUOUS
10
108.6856480000000005
20
-69.1727719999999948
11
108.7456629999999933
21
-69.0278830000000028
0
LINE
8
BLACK
6
CONTINUOUS
10
108.7456629999999933
20
-69.0278830000000028
11
108.8327919999999978
21
-68.8974850000000032
0
LINE
8
BLACK
6
CONTINUOUS
10
108.8327919999999978
20
-68.8974850000000032
11
108.9436850000000021
21
-68.7865919999999988
0
LINE
8
BLACK
6
CONTINUOUS
10
108.9436850000000021
20
-68.7865919999999988
11
109.0740830000000017
21
-68.6994629999999944
0
LINE
8
BLACK
6
CONTINUOUS
10
109.0740830000000017
20
-68.6994629999999944
11
109.2189719999999937
21
-68.6394480000000016
0
LINE
8
BLACK
6
CONTINUOUS
10
109.2189719999999937
20
-68.6394480000000016
11
109.3727859999999907
21
-68.6088519999999988
0
LINE
8
BLACK
6
CONTINUOUS
10
109.3727859999999907
20
-68.6088519999999988
11
109.5296139999999951
21
-68.6088519999999988
0
LINE
8
BLACK
6
CONTINUOUS
10
109.5296139999999951
20
-68.6088519999999988
11
109.6834279999999922
21
-68.6394480000000016
0
LINE
8
BLACK
6
CONTINUOUS
10
55.5329419999999985
20
-83.3216010000000011
11
55.6868869999999987
21
-83.3853670000000022
0
LINE
8
BLACK
6
CONTINUOUS
10
55.6868869999999987
20
-83.3853670000000022
11
55.8254339999999942
21
-83.4779410000000013
0
LINE
8
BLACK
6
CONTINUOUS
10
55.8254339999999942
20
-83.4779410000000013
11
55.9432589999999976
21
-83.5957659999999976
0
LINE
8
BLACK
6
CONTINUOUS
10
55.9432589999999976
20
-83.5957659999999976
11
56.0358329999999967
21
-83.7343130000000002
0
LINE
8
BLACK
6
CONTINUOUS
10
56.0358329999999967
20
-83.7343130000000002
11
56.0995989999999978
21
-83.8882579999999933
0
LINE
8
BLACK
6
CONTINUOUS
10
56.0995989999999978
20
-83.8882579999999933
11
56.1321069999999978
21
-84.051684999999992
0
LINE
8
BLACK
6
CONTINUOUS
10
56.1321069999999978
20
-84.051684999999992
11
56.1321069999999978
21
-84.2183149999999898
0
LINE
8
BLACK
6
CONTINUOUS
10
56.1321069999999978
20
-84.2183149999999898
11
56.0995989999999978
21
-84.3817420000000027
0
LINE
8
BLACK
6
CONTINUOUS
10
56.0995989999999978
20
-84.3817420000000027
11
56.0358329999999967
21
-84.5356869999999958
0
LINE
8
BLACK
6
CONTINUOUS
10
56.0358329999999967
20
-84.5356869999999958
11
55.9432589999999976
21
-84.6742339999999984
0
LINE
8
BLACK
6
CONTINUOUS
10
55.9432589999999976
20
-84.6742339999999984
11
55.8254339999999942
21
-84.7920589999999947
0
LINE
8
BLACK
6
CONTINUOUS
10
55.8254339999999942
20
-84.7920589999999947
11
55.6868869999999987
21
-84.8846329999999938
0
LINE
8
BLACK
6
CONTINUOUS
10
55.6868869999999987
20
-84.8846329999999938
11
55.5329419999999985
21
-84.9483989999999949
0
LINE
8
BLACK
6
CONTINUOUS
10
55.5329419999999985
20
-84.9483989999999949
11
55.3695149999999998
21
-84.980907000000002
0
LINE
8
BLACK
6
CONTINUOUS
10
55.3695149999999998
20
-84.980907000000002
11
55.2028849999999949
21
-84.980907000000002
0
LINE
8
BLACK
6
CONTINUOUS
10
55.2028849999999949
20
-84.980907000000002
11
55.0394579999999962
21
-84.9483989999999949
0
LINE
8
BLACK
6
CONTINUOUS
10
55.0394579999999962
20
-84.9483989999999949
11
54.885512999999996
21
-84.8846329999999938
0
LINE
8
BLACK
6
CONTINUOUS
10
54.885512999999996
20
-84.8846329999999938
11
54.7469660000000005
21
-84.7920589999999947
0
LINE
8
BLACK
6
CONTINUOUS
10
54.7469660000000005
20
-84.7920589999999947
11
54.6291409999999971
21
-84.6742339999999984
0
LINE
8
BLACK
6
CONTINUOUS
10
54.6291409999999971
20
-84.6742339999999984
11
54.536566999999998
21
-84.5356869999999958
0
LINE
8
BLACK
6
CONTINUOUS
10
54.536566999999998
20
-84.5356869999999958
11
54.4728009999999969
21
-84.3817420000000027
0
LINE
8
BLACK
6
CONTINUOUS
10
54.4728009999999969
20
-84.3817420000000027
11
54.4402929999999969
21
-84.2183149999999898
0
LINE
8
BLACK
6
CONTINUOUS
10
54.4402929999999969
20
-84.2183149999999898
11
54.4402929999999969
21
-84.051684999999992
0
LINE
8
BLACK
6
CONTINUOUS
10
54.4402929999999969
20
-84.051684999999992
11
54.4728009999999969
21
-83.8882579999999933
0
LINE
8
BLACK
6
CONTINUOUS
10
54.4728009999999969
20
-83.8882579999999933
11
54.536566999999998
21
-83.7343130000000002
0
LINE
8
BLACK
6
CONTINUOUS
10
54.536566999999998
20
-83.7343130000000002
11
54.6291409999999971
21
-83.5957659999999976
0
LINE
8
BLACK
6
CONTINUOUS
10
54.6291409999999971
20
-83.5957659999999976
11
54.7469660000000005
21
-83.4779410000000013
0
LINE
8
BLACK
6
CONTINUOUS
10
54.7469660000000005
20
-83.4779410000000013
11
54.885512999999996
21
-83.3853670000000022
0
LINE
8
BLACK
6
CONTINUOUS
10
54.885512999999996
20
-83.3853670000000022
11
55.0394579999999962
21
-83.3216010000000011
0
LINE
8
BLACK
6
CONTINUOUS
10
55.0394579999999962
20
-83.3216010000000011
11
55.2028849999999949
21
-83.289092999999994
0
LINE
8
BLACK
6
CONTINUOUS
10
55.2028849999999949
20
-83.289092999999994
11
55.3695149999999998
21
-83.289092999999994
0
LINE
8
BLACK
6
CONTINUOUS
10
55.3695149999999998
20
-83.289092999999994
11
55.5329419999999985
21
-83.3216010000000011
0
LINE
8
BLACK
6
CONTINUOUS
10
55.5329419999999985
20
-80.7816009999999949
11
55.6868869999999987
21
-80.845366999999996
0
LINE
8
BLACK
6
CONTINUOUS
10
55.6868869999999987
20
-80.845366999999996
11
55.8254339999999942
21
-80.937940999999995
0
LINE
8
BLACK
6
CONTINUOUS
10
55.8254339999999942
20
-80.937940999999995
11
55.9432589999999976
21
-81.0557659999999913
0
LINE
8
BLACK
6
CONTINUOUS
10
55.9432589999999976
20
-81.0557659999999913
11
56.0358329999999967
21
-81.194312999999994
0
LINE
8
BLACK
6
CONTINUOUS
10
56.0358329999999967
20
-81.194312999999994
11
56.0995989999999978
21
-81.3482580000000013
0
LINE
8
BLACK
6
CONTINUOUS
10
56.0995989999999978
20
-81.3482580000000013
11
56.1321069999999978
21
-81.5116849999999999
0
LINE
8
BLACK
6
CONTINUOUS
10
56.1321069999999978
20
-81.5116849999999999
11
56.1321069999999978
21
-81.6783149999999978
0
LINE
8
BLACK
6
CONTINUOUS
10
56.1321069999999978
20
-81.6783149999999978
11
56.0995989999999978
21
-81.8417419999999964
0
LINE
8
BLACK
6
CONTINUOUS
10
56.0995989999999978
20
-81.8417419999999964
11
56.0358329999999967
21
-81.9956869999999896
0
LINE
8
BLACK
6
CONTINUOUS
10
56.0358329999999967
20
-81.9956869999999896
11
55.9432589999999976
21
-82.1342339999999922
0
LINE
8
BLACK
6
CONTINUOUS
10
55.9432589999999976
20
-82.1342339999999922
11
55.8254339999999942
21
-82.2520590000000027
0
LINE
8
BLACK
6
CONTINUOUS
10
55.8254339999999942
20
-82.2520590000000027
11
55.6868869999999987
21
-82.3446330000000017
0
LINE
8
BLACK
6
CONTINUOUS
10
55.6868869999999987
20
-82.3446330000000017
11
55.5329419999999985
21
-82.4083990000000028
0
LINE
8
BLACK
6
CONTINUOUS
10
55.5329419999999985
20
-82.4083990000000028
11
55.3695149999999998
21
-82.4409069999999957
0
LINE
8
BLACK
6
CONTINUOUS
10
55.3695149999999998
20
-82.4409069999999957
11
55.2028849999999949
21
-82.4409069999999957
0
LINE
8
BLACK
6
CONTINUOUS
10
55.2028849999999949
20
-82.4409069999999957
11
55.0394579999999962
21
-82.4083990000000028
0
LINE
8
BLACK
6
CONTINUOUS
10
55.0394579999999962
20
-82.4083990000000028
11
54.885512999999996
21
-82.3446330000000017
0
LINE
8
BLACK
6
CONTINUOUS
10
54.885512999999996
20
-82.3446330000000017
11
54.7469660000000005
21
-82.2520590000000027
0
LINE
8
BLACK
6
CONTINUOUS
10
54.7469660000000005
20
-82.2520590000000027
11
54.6291409999999971
21
-82.1342339999999922
0
LINE
8
BLACK
6
CONTINUOUS
10
54.6291409999999971
20
-82.1342339999999922
11
54.536566999999998
21
-81.9956869999999896
0
LINE
8
BLACK
6
CONTINUOUS
10
54.536566999999998
20
-81.9956869999999896
11
54.4728009999999969
21
-81.8417419999999964
0
LINE
8
BLACK
6
CONTINUOUS
10
54.4728009999999969
20
-81.8417419999999964
11
54.4402929999999969
21
-81.6783149999999978
0
LINE
8
BLACK
6
CONTINUOUS
10
54.4402929999999969
20
-81.6783149999999978
11
54.4402929999999969
21
-81.5116849999999999
0
LINE
8
BLACK
6
CONTINUOUS
10
54.4402929999999969
20
-81.5116849999999999
11
54.4728009999999969
21
-81.3482580000000013
0
LINE
8
BLACK
6
CONTINUOUS
10
54.4728009999999969
20
-81.3482580000000013
11
54.536566999999998
21
-81.194312999999994
0
LINE
8
BLACK
6
CONTINUOUS
10
54.536566999999998
20
-81.194312999999994
11
54.6291409999999971
21
-81.0557659999999913
0
LINE
8
BLACK
6
CONTINUOUS
10
54.6291409999999971
20
-81.0557659999999913
11
54.7469660000000005
21
-80.937940999999995
0
LINE
8
BLACK
6
CONTINUOUS
10
54.7469660000000005
20
-80.937940999999995
11
54.885512999999996
21
-80.845366999999996
0
LINE
8
BLACK
6
CONTINUOUS
10
54.885512999999996
20
-80.845366999999996
11
55.0394579999999962
21
-80.7816009999999949
0
LINE
8
BLACK
6
CONTINUOUS
10
55.0394579999999962
20
-80.7816009999999949
11
55.2028849999999949
21
-80.749093000000002
0
LINE
8
BLACK
6
CONTINUOUS
10
55.2028849999999949
20
-80.749093000000002
11
55.3695149999999998
21
-80.749093000000002
0
LINE
8
BLACK
6
CONTINUOUS
10
55.3695149999999998
20
-80.749093000000002
11
55.5329419999999985
21
-80.7816009999999949
0
LINE
8
BLACK
6
CONTINUOUS
10
55.5329419999999985
20
-78.2416010000000028
11
55.6868869999999987
21
-78.3053669999999897
0
LINE
8
BLACK
6
CONTINUOUS
10
55.6868869999999987
20
-78.3053669999999897
11
55.8254339999999942
21
-78.397941000000003
0
LINE
8
BLACK
6
CONTINUOUS
10
55.8254339999999942
20
-78.397941000000003
11
55.9432589999999976
21
-78.5157659999999993
0
LINE
8
BLACK
6
CONTINUOUS
10
55.9432589999999976
20
-78.5157659999999993
11
56.0358329999999967
21
-78.6543130000000019
0
LINE
8
BLACK
6
CONTINUOUS
10
56.0358329999999967
20
-78.6543130000000019
11
56.0995989999999978
21
-78.808257999999995
0
LINE
8
BLACK
6
CONTINUOUS
10
56.0995989999999978
20
-78.808257999999995
11
56.1321069999999978
21
-78.9716849999999937
0
LINE
8
BLACK
6
CONTINUOUS
10
56.1321069999999978
20
-78.9716849999999937
11
56.1321069999999978
21
-79.1383149999999915
0
LINE
8
BLACK
6
CONTINUOUS
10
56.1321069999999978
20
-79.1383149999999915
11
56.0995989999999978
21
-79.3017419999999902
0
LINE
8
BLACK
6
CONTINUOUS
10
56.0995989999999978
20
-79.3017419999999902
11
56.0358329999999967
21
-79.4556869999999975
0
LINE
8
BLACK
6
CONTINUOUS
10
56.0358329999999967
20
-79.4556869999999975
11
55.9432589999999976
21
-79.5942340000000002
0
LINE
8
BLACK
6
CONTINUOUS
10
55.9432589999999976
20
-79.5942340000000002
11
55.8254339999999942
21
-79.7120589999999964
0
LINE
8
BLACK
6
CONTINUOUS
10
55.8254339999999942
20
-79.7120589999999964
11
55.6868869999999987
21
-79.8046329999999955
0
LINE
8
BLACK
6
CONTINUOUS
10
55.6868869999999987
20
-79.8046329999999955
11
55.5329419999999985
21
-79.8683989999999966
0
LINE
8
BLACK
6
CONTINUOUS
10
55.5329419999999985
20
-79.8683989999999966
11
55.3695149999999998
21
-79.9009069999999895
0
LINE
8
BLACK
6
CONTINUOUS
10
55.3695149999999998
20
-79.9009069999999895
11
55.2028849999999949
21
-79.9009069999999895
0
LINE
8
BLACK
6
CONTINUOUS
10
55.2028849999999949
20
-79.9009069999999895
11
55.0394579999999962
21
-79.8683989999999966
0
LINE
8
BLACK
6
CONTINUOUS
10
55.0394579999999962
20
-79.8683989999999966
11
54.885512999999996
21
-79.8046329999999955
0
LINE
8
BLACK
6
CONTINUOUS
10
54.885512999999996
20
-79.8046329999999955
11
54.7469660000000005
21
-79.7120589999999964
0
LINE
8
BLACK
6
CONTINUOUS
10
54.7469660000000005
20
-79.7120589999999964
11
54.6291409999999971
21
-79.5942340000000002
0
LINE
8
BLACK
6
CONTINUOUS
10
54.6291409999999971
20
-79.5942340000000002
11
54.536566999999998
21
-79.4556869999999975
0
LINE
8
BLACK
6
CONTINUOUS
10
54.536566999999998
20
-79.4556869999999975
11
54.4728009999999969
21
-79.3017419999999902
0
LINE
8
BLACK
6
CONTINUOUS
10
54.4728009999999969
20
-79.3017419999999902
11
54.4402929999999969
21
-79.1383149999999915
0
LINE
8
BLACK
6
CONTINUOUS
10
54.4402929999999969
20
-79.1383149999999915
11
54.4402929999999969
21
-78.9716849999999937
0
LINE
8
BLACK
6
CONTINUOUS
10
54.4402929999999969
20
-78.9716849999999937
11
54.4728009999999969
21
-78.808257999999995
0
LINE
8
BLACK
6
CONTINUOUS
10
54.4728009999999969
20
-78.808257999999995
11
54.536566999999998
21
-78.6543130000000019
0
LINE
8
BLACK
6
CONTINUOUS
10
54.536566999999998
20
-78.6543130000000019
11
54.6291409999999971
21
-78.5157659999999993
0
LINE
8
BLACK
6
CONTINUOUS
10
54.6291409999999971
20
-78.5157659999999993
11
54.7469660000000005
21
-78.397941000000003
0
LINE
8
BLACK
6
CONTINUOUS
10
54.7469660000000005
20
-78.397941000000003
11
54.885512999999996
21
-78.3053669999999897
0
LINE
8
BLACK
6
CONTINUOUS
10
54.885512999999996
20
-78.3053669999999897
11
55.0394579999999962
21
-78.2416010000000028
0
LINE
8
BLACK
6
CONTINUOUS
10
55.0394579999999962
20
-78.2416010000000028
11
55.2028849999999949
21
-78.2090929999999958
0
LINE
8
BLACK
6
CONTINUOUS
10
55.2028849999999949
20
-78.2090929999999958
11
55.3695149999999998
21
-78.2090929999999958
0
LINE
8
BLACK
6
CONTINUOUS
10
55.3695149999999998
20
-78.2090929999999958
11
55.5329419999999985
21
-78.2416010000000028
0
LINE
8
BLACK
6
CONTINUOUS
10
101.5079419999999999
20
-49.1316009999999963
11
101.661886999999993
21
-49.1953669999999974
0
LINE
8
BLACK
6
CONTINUOUS
10
101.661886999999993
20
-49.1953669999999974
11
101.8004339999999956
21
-49.2879409999999964
0
LINE
8
BLACK
6
CONTINUOUS
10
101.8004339999999956
20
-49.2879409999999964
11
101.9182589999999919
21
-49.4057659999999998
0
LINE
8
BLACK
6
CONTINUOUS
10
101.9182589999999919
20
-49.4057659999999998
11
102.010832999999991
21
-49.5443129999999954
0
LINE
8
BLACK
6
CONTINUOUS
10
102.010832999999991
20
-49.5443129999999954
11
102.0745989999999921
21
-49.6982579999999956
0
LINE
8
BLACK
6
CONTINUOUS
10
102.0745989999999921
20
-49.6982579999999956
11
102.1071069999999992
21
-49.8616849999999943
0
LINE
8
BLACK
6
CONTINUOUS
10
102.1071069999999992
20
-49.8616849999999943
11
102.1071069999999992
21
-50.0283149999999992
0
LINE
8
BLACK
6
CONTINUOUS
10
102.1071069999999992
20
-50.0283149999999992
11
102.0979009999999931
21
-50.0745949999999951
0
LINE
8
BLACK
6
CONTINUOUS
10
102.0979009999999931
20
-50.0745949999999951
11
109.8047529999999909
21
-57.781447
0
LINE
8
BLACK
6
CONTINUOUS
10
109.8047529999999909
20
-57.781447
11
109.8478679999999912
21
-57.8306100000000001
0
LINE
8
BLACK
6
CONTINUOUS
10
109.8478679999999912
20
-57.8306100000000001
11
109.8478769999999969
21
-57.8306189999999987
0
LINE
8
BLACK
6
CONTINUOUS
10
109.8478769999999969
20
-57.8306189999999987
11
109.8836439999999897
21
-57.8925699999999992
0
LINE
8
BLACK
6
CONTINUOUS
10
109.8836439999999897
20
-57.8925699999999992
11
109.9131399999999985
21
-57.9436579999999992
0
LINE
8
BLACK
6
CONTINUOUS
10
109.9131399999999985
20
-57.9436579999999992
11
109.9469229999999982
21
-58.0697369999999964
0
LINE
8
BLACK
6
CONTINUOUS
10
109.9469229999999982
20
-58.0697369999999964
11
109.9469229999999982
21
-58.069751999999994
0
LINE
8
BLACK
6
CONTINUOUS
10
109.9469229999999982
20
-58.069751999999994
11
109.9512
21
-58.134999999999998
0
LINE
8
BLACK
6
CONTINUOUS
10
109.9512
20
-58.134999999999998
11
109.9512
21
-60.781569999999995
0
LINE
8
BLACK
6
CONTINUOUS
10
109.9512
20
-60.781569999999995
11
109.958714999999998
21
-60.7865919999999988
0
LINE
8
BLACK
6
CONTINUOUS
10
109.958714999999998
20
-60.7865919999999988
11
110.0696079999999881
21
-60.8974849999999961
0
LINE
8
BLACK
6
CONTINUOUS
10
110.0696079999999881
20
-60.8974849999999961
11
110.1567369999999926
21
-61.0278829999999957
0
LINE
8
BLACK
6
CONTINUOUS
10
110.1567369999999926
20
-61.0278829999999957
11
110.2167519999999996
21
-61.1727719999999948
0
LINE
8
BLACK
6
CONTINUOUS
10
110.2167519999999996
20
-61.1727719999999948
11
110.2473479999999881
21
-61.3265859999999989
0
LINE
8
BLACK
6
CONTINUOUS
10
110.2473479999999881
20
-61.3265859999999989
11
110.2473479999999881
21
-61.4834139999999962
0
LINE
8
BLACK
6
CONTINUOUS
10
110.2473479999999881
20
-61.4834139999999962
11
110.2167519999999996
21
-61.6372280000000003
0
LINE
8
BLACK
6
CONTINUOUS
10
110.2167519999999996
20
-61.6372280000000003
11
110.1567369999999926
21
-61.7821169999999995
0
LINE
8
BLACK
6
CONTINUOUS
10
110.1567369999999926
20
-61.7821169999999995
11
110.0696079999999881
21
-61.9125149999999991
0
LINE
8
BLACK
6
CONTINUOUS
10
110.0696079999999881
20
-61.9125149999999991
11
109.958714999999998
21
-62.0234079999999963
0
LINE
8
BLACK
6
CONTINUOUS
10
109.958714999999998
20
-62.0234079999999963
11
109.8283169999999984
21
-62.1105369999999937
0
LINE
8
BLACK
6
CONTINUOUS
10
109.8283169999999984
20
-62.1105369999999937
11
109.6834279999999922
21
-62.1705520000000007
0
LINE
8
BLACK
6
CONTINUOUS
10
109.6834279999999922
20
-62.1705520000000007
11
109.5296139999999951
21
-62.2011479999999963
0
LINE
8
BLACK
6
CONTINUOUS
10
109.5296139999999951
20
-62.2011479999999963
11
109.3727859999999907
21
-62.2011479999999963
0
LINE
8
BLACK
6
CONTINUOUS
10
109.3727859999999907
20
-62.2011479999999963
11
109.3639209999999906
21
-62.1993839999999949
0
LINE
8
BLACK
6
CONTINUOUS
10
109.3639209999999906
20
-62.1993839999999949
11
107.8336999999999932
21
-63.7296059999999969
0
LINE
8
BLACK
6
CONTINUOUS
10
107.8336999999999932
20
-63.7296059999999969
11
107.8336999999999932
21
-75.0803930000000008
0
LINE
8
BLACK
6
CONTINUOUS
10
107.8336999999999932
20
-75.0803930000000008
11
109.3639209999999906
21
-76.6106149999999957
0
LINE
8
BLACK
6
CONTINUOUS
10
109.3639209999999906
20
-76.6106149999999957
11
109.3727859999999907
21
-76.6088519999999988
0
LINE
8
BLACK
6
CONTINUOUS
10
109.3727859999999907
20
-76.6088519999999988
11
109.5296139999999951
21
-76.6088519999999988
0
LINE
8
BLACK
6
CONTINUOUS
10
109.5296139999999951
20
-76.6088519999999988
11
109.6834279999999922
21
-76.6394480000000016
0
LINE
8
BLACK
6
CONTINUOUS
10
109.6834279999999922
20
-76.6394480000000016
11
109.8283169999999984
21
-76.6994629999999944
0
LINE
8
BLACK
6
CONTINUOUS
10
109.8283169999999984
20
-76.6994629999999944
11
109.958714999999998
21
-76.7865919999999988
0
LINE
8
BLACK
6
CONTINUOUS
10
109.958714999999998
20
-76.7865919999999988
11
110.0696079999999881
21
-76.8974850000000032
0
LINE
8
BLACK
6
CONTINUOUS
10
110.0696079999999881
20
-76.8974850000000032
11
110.1567369999999926
21
-77.0278830000000028
0
LINE
8
BLACK
6
CONTINUOUS
10
110.1567369999999926
20
-77.0278830000000028
11
110.2167519999999996
21
-77.1727719999999948
0
LINE
8
BLACK
6
CONTINUOUS
10
110.2167519999999996
20
-77.1727719999999948
11
110.2473479999999881
21
-77.3265859999999918
0
LINE
8
BLACK
6
CONTINUOUS
10
110.2473479999999881
20
-77.3265859999999918
11
110.2473479999999881
21
-77.4834139999999962
0
LINE
8
BLACK
6
CONTINUOUS
10
110.2473479999999881
20
-77.4834139999999962
11
110.2167519999999996
21
-77.6372279999999932
0
LINE
8
BLACK
6
CONTINUOUS
10
110.2167519999999996
20
-77.6372279999999932
11
110.1567369999999926
21
-77.7821169999999995
0
LINE
8
BLACK
6
CONTINUOUS
10
110.1567369999999926
20
-77.7821169999999995
11
110.0696079999999881
21
-77.9125149999999991
0
LINE
8
BLACK
6
CONTINUOUS
10
110.0696079999999881
20
-77.9125149999999991
11
109.958714999999998
21
-78.0234080000000034
0
LINE
8
BLACK
6
CONTINUOUS
10
109.958714999999998
20
-78.0234080000000034
11
109.8283169999999984
21
-78.1105369999999937
0
LINE
8
BLACK
6
CONTINUOUS
10
109.8283169999999984
20
-78.1105369999999937
11
109.6834279999999922
21
-78.1705520000000007
0
LINE
8
BLACK
6
CONTINUOUS
10
109.6834279999999922
20
-78.1705520000000007
11
109.5296139999999951
21
-78.2011480000000034
0
LINE
8
BLACK
6
CONTINUOUS
10
109.5296139999999951
20
-78.2011480000000034
11
109.3727859999999907
21
-78.2011480000000034
0
LINE
8
BLACK
6
CONTINUOUS
10
109.3727859999999907
20
-78.2011480000000034
11
109.2189719999999937
21
-78.1705520000000007
0
LINE
8
BLACK
6
CONTINUOUS
10
109.2189719999999937
20
-78.1705520000000007
11
109.0740830000000017
21
-78.1105369999999937
0
LINE
8
BLACK
6
CONTINUOUS
10
109.0740830000000017
20
-78.1105369999999937
11
108.9436850000000021
21
-78.0234080000000034
0
LINE
8
BLACK
6
CONTINUOUS
10
108.9436850000000021
20
-78.0234080000000034
11
108.8327919999999978
21
-77.9125149999999991
0
LINE
8
BLACK
6
CONTINUOUS
10
108.8327919999999978
20
-77.9125149999999991
11
108.7456629999999933
21
-77.7821169999999995
0
LINE
8
BLACK
6
CONTINUOUS
10
108.7456629999999933
20
-77.7821169999999995
11
108.6856480000000005
21
-77.6372279999999932
0
LINE
8
BLACK
6
CONTINUOUS
10
108.6856480000000005
20
-77.6372279999999932
11
108.6550519999999977
21
-77.4834139999999962
0
LINE
8
BLACK
6
CONTINUOUS
10
108.6550519999999977
20
-77.4834139999999962
11
108.6550519999999977
21
-77.3265859999999918
0
LINE
8
BLACK
6
CONTINUOUS
10
108.6550519999999977
20
-77.3265859999999918
11
108.6568149999999946
21
-77.3177209999999917
0
LINE
8
BLACK
6
CONTINUOUS
10
108.6568149999999946
20
-77.3177209999999917
11
106.9801469999999881
21
-75.6410529999999994
0
LINE
8
BLACK
6
CONTINUOUS
10
106.9801469999999881
20
-75.6410529999999994
11
106.9370380000000011
21
-75.5918959999999913
0
LINE
8
BLACK
6
CONTINUOUS
10
106.9370380000000011
20
-75.5918959999999913
11
106.9370229999999964
21
-75.5918810000000008
0
LINE
8
BLACK
6
CONTINUOUS
10
106.9370229999999964
20
-75.5918810000000008
11
106.8717599999999948
21
-75.4788420000000002
0
LINE
8
BLACK
6
CONTINUOUS
10
106.8717599999999948
20
-75.4788420000000002
11
106.8612899999999968
21
-75.4397680000000008
0
LINE
8
BLACK
6
CONTINUOUS
10
106.8612899999999968
20
-75.4397680000000008
11
106.8379769999999951
21
-75.3527629999999959
0
LINE
8
BLACK
6
CONTINUOUS
10
106.8379769999999951
20
-75.3527629999999959
11
106.8379769999999951
21
-75.3527469999999937
0
LINE
8
BLACK
6
CONTINUOUS
10
106.8379769999999951
20
-75.3527469999999937
11
106.8336999999999932
21
-75.2874999999999943
0
LINE
8
BLACK
6
CONTINUOUS
10
106.8336999999999932
20
-75.2874999999999943
11
106.8336999999999932
21
-63.5224999999999937
0
LINE
8
BLACK
6
CONTINUOUS
10
106.8336999999999932
20
-63.5224999999999937
11
106.8379769999999951
21
-63.4572519999999969
0
LINE
8
BLACK
6
CONTINUOUS
10
106.8379769999999951
20
-63.4572519999999969
11
106.8379769999999951
21
-63.4572369999999992
0
LINE
8
BLACK
6
CONTINUOUS
10
106.8379769999999951
20
-63.4572369999999992
11
106.8717599999999948
21
-63.331157999999995
0
LINE
8
BLACK
6
CONTINUOUS
10
106.8717599999999948
20
-63.331157999999995
11
106.9037409999999966
21
-63.2757659999999973
0
LINE
8
BLACK
6
CONTINUOUS
10
106.9037409999999966
20
-63.2757659999999973
11
106.9370229999999964
21
-63.2181189999999944
0
LINE
8
BLACK
6
CONTINUOUS
10
106.9370229999999964
20
-63.2181189999999944
11
106.9370380000000011
21
-63.2181029999999993
0
LINE
8
BLACK
6
CONTINUOUS
10
106.9370380000000011
20
-63.2181029999999993
11
106.9801469999999881
21
-63.1689469999999957
0
LINE
8
BLACK
6
CONTINUOUS
10
106.9801469999999881
20
-63.1689469999999957
11
108.6568149999999946
21
-61.4922779999999989
0
LINE
8
BLACK
6
CONTINUOUS
10
108.6568149999999946
20
-61.4922779999999989
11
108.6550519999999977
21
-61.4834139999999962
0
LINE
8
BLACK
6
CONTINUOUS
10
108.6550519999999977
20
-61.4834139999999962
11
108.6550519999999977
21
-61.3265859999999989
0
LINE
8
BLACK
6
CONTINUOUS
10
108.6550519999999977
20
-61.3265859999999989
11
108.6856480000000005
21
-61.1727719999999948
0
LINE
8
BLACK
6
CONTINUOUS
10
108.6856480000000005
20
-61.1727719999999948
11
108.7456629999999933
21
-61.0278829999999957
0
LINE
8
BLACK
6
CONTINUOUS
10
108.7456629999999933
20
-61.0278829999999957
11
108.8327919999999978
21
-60.8974849999999961
0
LINE
8
BLACK
6
CONTINUOUS
10
108.8327919999999978
20
-60.8974849999999961
11
108.9436850000000021
21
-60.7865919999999988
0
LINE
8
BLACK
6
CONTINUOUS
10
108.9436850000000021
20
-60.7865919999999988
11
108.9512
21
-60.781569999999995
0
LINE
8
BLACK
6
CONTINUOUS
10
108.9512
20
-60.781569999999995
11
108.9512
21
-58.342105999999994
0
LINE
8
BLACK
6
CONTINUOUS
10
108.9512
20
-58.342105999999994
11
101.3907949999999971
21
-50.7817009999999982
0
LINE
8
BLACK
6
CONTINUOUS
10
101.3907949999999971
20
-50.7817009999999982
11
101.3445150000000012
21
-50.7909069999999971
0
LINE
8
BLACK
6
CONTINUOUS
10
101.3445150000000012
20
-50.7909069999999971
11
101.1778849999999892
21
-50.7909069999999971
0
LINE
8
BLACK
6
CONTINUOUS
10
101.1778849999999892
20
-50.7909069999999971
11
101.0144579999999905
21
-50.7583989999999972
0
LINE
8
BLACK
6
CONTINUOUS
10
101.0144579999999905
20
-50.7583989999999972
11
100.8605129999999974
21
-50.6946329999999961
0
LINE
8
BLACK
6
CONTINUOUS
10
100.8605129999999974
20
-50.6946329999999961
11
100.7219659999999948
21
-50.602058999999997
0
LINE
8
BLACK
6
CONTINUOUS
10
100.7219659999999948
20
-50.602058999999997
11
100.6041409999999985
21
-50.4842340000000007
0
LINE
8
BLACK
6
CONTINUOUS
10
100.6041409999999985
20
-50.4842340000000007
11
100.5115669999999994
21
-50.3456869999999981
0
LINE
8
BLACK
6
CONTINUOUS
10
100.5115669999999994
20
-50.3456869999999981
11
100.4478009999999983
21
-50.1917419999999979
0
LINE
8
BLACK
6
CONTINUOUS
10
100.4478009999999983
20
-50.1917419999999979
11
100.4152929999999913
21
-50.0283149999999992
0
LINE
8
BLACK
6
CONTINUOUS
10
100.4152929999999913
20
-50.0283149999999992
11
100.4152929999999913
21
-49.8616849999999943
0
LINE
8
BLACK
6
CONTINUOUS
10
100.4152929999999913
20
-49.8616849999999943
11
100.4478009999999983
21
-49.6982579999999956
0
LINE
8
BLACK
6
CONTINUOUS
10
100.4478009999999983
20
-49.6982579999999956
11
100.5115669999999994
21
-49.5443129999999954
0
LINE
8
BLACK
6
CONTINUOUS
10
100.5115669999999994
20
-49.5443129999999954
11
100.6041409999999985
21
-49.4057659999999998
0
LINE
8
BLACK
6
CONTINUOUS
10
100.6041409999999985
20
-49.4057659999999998
11
100.7219659999999948
21
-49.2879409999999964
0
LINE
8
BLACK
6
CONTINUOUS
10
100.7219659999999948
20
-49.2879409999999964
11
100.8605129999999974
21
-49.1953669999999974
0
LINE
8
BLACK
6
CONTINUOUS
10
100.8605129999999974
20
-49.1953669999999974
11
101.0144579999999905
21
-49.1316009999999963
0
LINE
8
BLACK
6
CONTINUOUS
10
101.0144579999999905
20
-49.1316009999999963
11
101.1778849999999892
21
-49.0990929999999963
0
LINE
8
BLACK
6
CONTINUOUS
10
101.1778849999999892
20
-49.0990929999999963
11
101.3445150000000012
21
-49.0990929999999963
0
LINE
8
BLACK
6
CONTINUOUS
10
101.3445150000000012
20
-49.0990929999999963
11
101.5079419999999999
21
-49.1316009999999963
0
LINE
8
BLACK
6
CONTINUOUS
10
55.5329419999999985
20
-75.7016009999999966
11
55.6868869999999987
21
-75.7653669999999977
0
LINE
8
BLACK
6
CONTINUOUS
10
55.6868869999999987
20
-75.7653669999999977
11
55.8254339999999942
21
-75.8579409999999967
0
LINE
8
BLACK
6
CONTINUOUS
10
55.8254339999999942
20
-75.8579409999999967
11
55.9432589999999976
21
-75.975765999999993
0
LINE
8
BLACK
6
CONTINUOUS
10
55.9432589999999976
20
-75.975765999999993
11
56.0358329999999967
21
-76.1143129999999957
0
LINE
8
BLACK
6
CONTINUOUS
10
56.0358329999999967
20
-76.1143129999999957
11
56.0995989999999978
21
-76.268258000000003
0
LINE
8
BLACK
6
CONTINUOUS
10
56.0995989999999978
20
-76.268258000000003
11
56.1321069999999978
21
-76.4316850000000017
0
LINE
8
BLACK
6
CONTINUOUS
10
56.1321069999999978
20
-76.4316850000000017
11
56.1321069999999978
21
-76.5983149999999995
0
LINE
8
BLACK
6
CONTINUOUS
10
56.1321069999999978
20
-76.5983149999999995
11
56.0995989999999978
21
-76.7617419999999981
0
LINE
8
BLACK
6
CONTINUOUS
10
56.0995989999999978
20
-76.7617419999999981
11
56.0358329999999967
21
-76.9156869999999913
0
LINE
8
BLACK
6
CONTINUOUS
10
56.0358329999999967
20
-76.9156869999999913
11
55.9432589999999976
21
-77.0542339999999939
0
LINE
8
BLACK
6
CONTINUOUS
10
55.9432589999999976
20
-77.0542339999999939
11
55.8254339999999942
21
-77.1720589999999902
0
LINE
8
BLACK
6
CONTINUOUS
10
55.8254339999999942
20
-77.1720589999999902
11
55.6868869999999987
21
-77.2646330000000034
0
LINE
8
BLACK
6
CONTINUOUS
10
55.6868869999999987
20
-77.2646330000000034
11
55.5329419999999985
21
-77.3283989999999903
0
LINE
8
BLACK
6
CONTINUOUS
10
55.5329419999999985
20
-77.3283989999999903
11
55.3695149999999998
21
-77.3609069999999974
0
LINE
8
BLACK
6
CONTINUOUS
10
55.3695149999999998
20
-77.3609069999999974
11
55.2028849999999949
21
-77.3609069999999974
0
LINE
8
BLACK
6
CONTINUOUS
10
55.2028849999999949
20
-77.3609069999999974
11
55.0394579999999962
21
-77.3283989999999903
0
LINE
8
BLACK
6
CONTINUOUS
10
55.0394579999999962
20
-77.3283989999999903
11
54.885512999999996
21
-77.2646330000000034
0
LINE
8
BLACK
6
CONTINUOUS
10
54.885512999999996
20
-77.2646330000000034
11
54.7469660000000005
21
-77.1720589999999902
0
LINE
8
BLACK
6
CONTINUOUS
10
54.7469660000000005
20
-77.1720589999999902
11
54.6291409999999971
21
-77.0542339999999939
0
LINE
8
BLACK
6
CONTINUOUS
10
54.6291409999999971
20
-77.0542339999999939
11
54.536566999999998
21
-76.9156869999999913
0
LINE
8
BLACK
6
CONTINUOUS
10
54.536566999999998
20
-76.9156869999999913
11
54.4728009999999969
21
-76.7617419999999981
0
LINE
8
BLACK
6
CONTINUOUS
10
54.4728009999999969
20
-76.7617419999999981
11
54.4402929999999969
21
-76.5983149999999995
0
LINE
8
BLACK
6
CONTINUOUS
10
54.4402929999999969
20
-76.5983149999999995
11
54.4402929999999969
21
-76.4316850000000017
0
LINE
8
BLACK
6
CONTINUOUS
10
54.4402929999999969
20
-76.4316850000000017
11
54.4728009999999969
21
-76.268258000000003
0
LINE
8
BLACK
6
CONTINUOUS
10
54.4728009999999969
20
-76.268258000000003
11
54.536566999999998
21
-76.1143129999999957
0
LINE
8
BLACK
6
CONTINUOUS
10
54.536566999999998
20
-76.1143129999999957
11
54.6291409999999971
21
-75.975765999999993
0
LINE
8
BLACK
6
CONTINUOUS
10
54.6291409999999971
20
-75.975765999999993
11
54.7469660000000005
21
-75.8579409999999967
0
LINE
8
BLACK
6
CONTINUOUS
10
54.7469660000000005
20
-75.8579409999999967
11
54.885512999999996
21
-75.7653669999999977
0
LINE
8
BLACK
6
CONTINUOUS
10
54.885512999999996
20
-75.7653669999999977
11
55.0394579999999962
21
-75.7016009999999966
0
LINE
8
BLACK
6
CONTINUOUS
10
55.0394579999999962
20
-75.7016009999999966
11
55.2028849999999949
21
-75.6690929999999895
0
LINE
8
BLACK
6
CONTINUOUS
10
55.2028849999999949
20
-75.6690929999999895
11
55.3695149999999998
21
-75.6690929999999895
0
LINE
8
BLACK
6
CONTINUOUS
10
55.3695149999999998
20
-75.6690929999999895
11
55.5329419999999985
21
-75.7016009999999966
0
LINE
8
BLACK
6
CONTINUOUS
10
108.8144959999999912
20
-70.8768659999999926
11
108.8368139999999897
21
-70.8882380000000012
0
LINE
8
BLACK
6
CONTINUOUS
10
108.8368139999999897
20
-70.8882380000000012
11
108.8368169999999964
21
-70.8882380000000012
0
LINE
8
BLACK
6
CONTINUOUS
10
108.8368169999999964
20
-70.8882380000000012
11
108.8368210000000005
21
-70.8882409999999936
0
LINE
8
BLACK
6
CONTINUOUS
10
108.8368210000000005
20
-70.8882409999999936
11
109.0023029999999977
21
-70.9420089999999988
0
LINE
8
BLACK
6
CONTINUOUS
10
109.0023029999999977
20
-70.9420089999999988
11
109.0764139999999998
21
-70.9660899999999941
0
LINE
8
BLACK
6
CONTINUOUS
10
109.0764139999999998
20
-70.9660899999999941
11
109.1156390000000016
21
-70.9723019999999991
0
LINE
8
BLACK
6
CONTINUOUS
10
109.1156390000000016
20
-70.9723019999999991
11
109.1515059999999977
21
-70.9779829999999947
0
LINE
8
BLACK
6
CONTINUOUS
10
109.1515059999999977
20
-70.9779829999999947
11
109.2146410000000003
21
-71.0079119999999904
0
LINE
8
BLACK
6
CONTINUOUS
10
109.2146410000000003
20
-71.0079119999999904
11
109.219789999999989
21
-71.0127749999999907
0
LINE
8
BLACK
6
CONTINUOUS
10
109.219789999999989
20
-71.0127749999999907
11
110.2574809999999985
21
-72.0504660000000001
0
LINE
8
BLACK
6
CONTINUOUS
10
110.2574809999999985
20
-72.0504660000000001
11
110.2909659999999974
21
-72.1117890000000017
0
LINE
8
BLACK
6
CONTINUOUS
10
110.2909659999999974
20
-72.1117890000000017
11
110.2937999999999903
21
-72.1381470000000036
0
LINE
8
BLACK
6
CONTINUOUS
10
110.2937999999999903
20
-72.1381470000000036
11
110.2937999999999903
21
-75.835692999999992
0
LINE
8
BLACK
6
CONTINUOUS
10
110.2937999999999903
20
-75.835692999999992
11
110.2741149999999948
21
-75.9027320000000003
0
LINE
8
BLACK
6
CONTINUOUS
10
110.2741149999999948
20
-75.9027320000000003
11
110.221311
21
-75.9484870000000001
0
LINE
8
BLACK
6
CONTINUOUS
10
110.221311
20
-75.9484870000000001
11
110.1521529999999984
21
-75.9584309999999903
0
LINE
8
BLACK
6
CONTINUOUS
10
110.1521529999999984
20
-75.9584309999999903
11
110.113506000000001
21
-75.9461780000000033
0
LINE
8
BLACK
6
CONTINUOUS
10
110.113506000000001
20
-75.9461780000000033
11
110.0655840000000012
21
-75.9217610000000036
0
LINE
8
BLACK
6
CONTINUOUS
10
110.0655840000000012
20
-75.9217610000000036
11
110.0655809999999946
21
-75.9217599999999919
0
LINE
8
BLACK
6
CONTINUOUS
10
110.0655809999999946
20
-75.9217599999999919
11
110.0655789999999996
21
-75.9217589999999944
0
LINE
8
BLACK
6
CONTINUOUS
10
110.0655789999999996
20
-75.9217589999999944
11
109.9306380000000019
21
-75.8779139999999899
0
LINE
8
BLACK
6
CONTINUOUS
10
109.9306380000000019
20
-75.8779139999999899
11
109.8259829999999937
21
-75.8439089999999965
0
LINE
8
BLACK
6
CONTINUOUS
10
109.8259829999999937
20
-75.8439089999999965
11
109.7508890000000008
21
-75.8320149999999984
0
LINE
8
BLACK
6
CONTINUOUS
10
109.7508890000000008
20
-75.8320149999999984
11
109.6877549999999957
21
-75.8020849999999911
0
LINE
8
BLACK
6
CONTINUOUS
10
109.6877549999999957
20
-75.8020849999999911
11
109.6826080000000019
21
-75.7972230000000025
0
LINE
8
BLACK
6
CONTINUOUS
10
109.6826080000000019
20
-75.7972230000000025
11
108.6705189999999988
21
-74.7851339999999993
0
LINE
8
BLACK
6
CONTINUOUS
10
108.6705189999999988
20
-74.7851339999999993
11
108.6370339999999999
21
-74.7238109999999978
0
LINE
8
BLACK
6
CONTINUOUS
10
108.6370339999999999
20
-74.7238109999999978
11
108.6341999999999928
21
-74.6974529999999959
0
LINE
8
BLACK
6
CONTINUOUS
10
108.6341999999999928
20
-74.6974529999999959
11
108.6341999999999928
21
-70.9873499999999922
0
LINE
8
BLACK
6
CONTINUOUS
10
108.6341999999999928
20
-70.9873499999999922
11
108.6538849999999883
21
-70.9203109999999981
0
LINE
8
BLACK
6
CONTINUOUS
10
108.6538849999999883
20
-70.9203109999999981
11
108.7066889999999972
21
-70.8745559999999983
0
LINE
8
BLACK
6
CONTINUOUS
10
108.7066889999999972
20
-70.8745559999999983
11
108.7758469999999988
21
-70.8646119999999939
0
LINE
8
BLACK
6
CONTINUOUS
10
108.7758469999999988
20
-70.8646119999999939
11
108.8144959999999912
21
-70.8768659999999926
0
LINE
8
BLACK
6
CONTINUOUS
10
55.5329419999999985
20
-73.1616009999999903
11
55.6868869999999987
21
-73.2253669999999914
0
LINE
8
BLACK
6
CONTINUOUS
10
55.6868869999999987
20
-73.2253669999999914
11
55.8254339999999942
21
-73.3179409999999905
0
LINE
8
BLACK
6
CONTINUOUS
10
55.8254339999999942
20
-73.3179409999999905
11
55.9432589999999976
21
-73.435766000000001
0
LINE
8
BLACK
6
CONTINUOUS
10
55.9432589999999976
20
-73.435766000000001
11
56.0358329999999967
21
-73.5743130000000036
0
LINE
8
BLACK
6
CONTINUOUS
10
56.0358329999999967
20
-73.5743130000000036
11
56.0995989999999978
21
-73.7282579999999967
0
LINE
8
BLACK
6
CONTINUOUS
10
56.0995989999999978
20
-73.7282579999999967
11
56.1321069999999978
21
-73.8916849999999954
0
LINE
8
BLACK
6
CONTINUOUS
10
56.1321069999999978
20
-73.8916849999999954
11
56.1321069999999978
21
-74.0583149999999932
0
LINE
8
BLACK
6
CONTINUOUS
10
56.1321069999999978
20
-74.0583149999999932
11
56.0995989999999978
21
-74.2217419999999919
0
LINE
8
BLACK
6
CONTINUOUS
10
56.0995989999999978
20
-74.2217419999999919
11
56.0358329999999967
21
-74.3756869999999992
0
LINE
8
BLACK
6
CONTINUOUS
10
56.0358329999999967
20
-74.3756869999999992
11
55.9432589999999976
21
-74.5142340000000019
0
LINE
8
BLACK
6
CONTINUOUS
10
55.9432589999999976
20
-74.5142340000000019
11
55.8254339999999942
21
-74.6320589999999982
0
LINE
8
BLACK
6
CONTINUOUS
10
55.8254339999999942
20
-74.6320589999999982
11
55.6868869999999987
21
-74.7246329999999972
0
LINE
8
BLACK
6
CONTINUOUS
10
55.6868869999999987
20
-74.7246329999999972
11
55.5329419999999985
21
-74.7883989999999983
0
LINE
8
BLACK
6
CONTINUOUS
10
55.5329419999999985
20
-74.7883989999999983
11
55.3695149999999998
21
-74.8209069999999912
0
LINE
8
BLACK
6
CONTINUOUS
10
55.3695149999999998
20
-74.8209069999999912
11
55.2028849999999949
21
-74.8209069999999912
0
LINE
8
BLACK
6
CONTINUOUS
10
55.2028849999999949
20
-74.8209069999999912
11
55.0394579999999962
21
-74.7883989999999983
0
LINE
8
BLACK
6
CONTINUOUS
10
55.0394579999999962
20
-74.7883989999999983
11
54.885512999999996
21
-74.7246329999999972
0
LINE
8
BLACK
6
CONTINUOUS
10
54.885512999999996
20
-74.7246329999999972
11
54.7469660000000005
21
-74.6320589999999982
0
LINE
8
BLACK
6
CONTINUOUS
10
54.7469660000000005
20
-74.6320589999999982
11
54.6291409999999971
21
-74.5142340000000019
0
LINE
8
BLACK
6
CONTINUOUS
10
54.6291409999999971
20
-74.5142340000000019
11
54.536566999999998
21
-74.3756869999999992
0
LINE
8
BLACK
6
CONTINUOUS
10
54.536566999999998
20
-74.3756869999999992
11
54.4728009999999969
21
-74.2217419999999919
0
LINE
8
BLACK
6
CONTINUOUS
10
54.4728009999999969
20
-74.2217419999999919
11
54.4402929999999969
21
-74.0583149999999932
0
LINE
8
BLACK
6
CONTINUOUS
10
54.4402929999999969
20
-74.0583149999999932
11
54.4402929999999969
21
-73.8916849999999954
0
LINE
8
BLACK
6
CONTINUOUS
10
54.4402929999999969
20
-73.8916849999999954
11
54.4728009999999969
21
-73.7282579999999967
0
LINE
8
BLACK
6
CONTINUOUS
10
54.4728009999999969
20
-73.7282579999999967
11
54.536566999999998
21
-73.5743130000000036
0
LINE
8
BLACK
6
CONTINUOUS
10
54.536566999999998
20
-73.5743130000000036
11
54.6291409999999971
21
-73.435766000000001
0
LINE
8
BLACK
6
CONTINUOUS
10
54.6291409999999971
20
-73.435766000000001
11
54.7469660000000005
21
-73.3179409999999905
0
LINE
8
BLACK
6
CONTINUOUS
10
54.7469660000000005
20
-73.3179409999999905
11
54.885512999999996
21
-73.2253669999999914
0
LINE
8
BLACK
6
CONTINUOUS
10
54.885512999999996
20
-73.2253669999999914
11
55.0394579999999962
21
-73.1616009999999903
0
LINE
8
BLACK
6
CONTINUOUS
10
55.0394579999999962
20
-73.1616009999999903
11
55.2028849999999949
21
-73.1290929999999975
0
LINE
8
BLACK
6
CONTINUOUS
10
55.2028849999999949
20
-73.1290929999999975
11
55.3695149999999998
21
-73.1290929999999975
0
LINE
8
BLACK
6
CONTINUOUS
10
55.3695149999999998
20
-73.1290929999999975
11
55.5329419999999985
21
-73.1616009999999903
0
LINE
8
BLACK
6
CONTINUOUS
10
101.5079419999999999
20
-46.5916009999999972
11
101.661886999999993
21
-46.6553669999999983
0
LINE
8
BLACK
6
CONTINUOUS
10
101.661886999999993
20
-46.6553669999999983
11
101.8004339999999956
21
-46.7479409999999973
0
LINE
8
BLACK
6
CONTINUOUS
10
101.8004339999999956
20
-46.7479409999999973
11
101.9182589999999919
21
-46.8657660000000007
0
LINE
8
BLACK
6
CONTINUOUS
10
101.9182589999999919
20
-46.8657660000000007
11
102.010832999999991
21
-47.0043129999999962
0
LINE
8
BLACK
6
CONTINUOUS
10
102.010832999999991
20
-47.0043129999999962
11
102.0745989999999921
21
-47.1582579999999965
0
LINE
8
BLACK
6
CONTINUOUS
10
102.0745989999999921
20
-47.1582579999999965
11
102.1071069999999992
21
-47.3216849999999951
0
LINE
8
BLACK
6
CONTINUOUS
10
102.1071069999999992
20
-47.3216849999999951
11
102.1071069999999992
21
-47.4883150000000001
0
LINE
8
BLACK
6
CONTINUOUS
10
102.1071069999999992
20
-47.4883150000000001
11
102.0745989999999921
21
-47.6517419999999987
0
LINE
8
BLACK
6
CONTINUOUS
10
102.0745989999999921
20
-47.6517419999999987
11
102.010832999999991
21
-47.8056869999999989
0
LINE
8
BLACK
6
CONTINUOUS
10
102.010832999999991
20
-47.8056869999999989
11
101.9182589999999919
21
-47.9442339999999945
0
LINE
8
BLACK
6
CONTINUOUS
10
101.9182589999999919
20
-47.9442339999999945
11
101.8004339999999956
21
-48.0620589999999979
0
LINE
8
BLACK
6
CONTINUOUS
10
101.8004339999999956
20
-48.0620589999999979
11
101.661886999999993
21
-48.1546329999999969
0
LINE
8
BLACK
6
CONTINUOUS
10
101.661886999999993
20
-48.1546329999999969
11
101.5079419999999999
21
-48.218398999999998
0
LINE
8
BLACK
6
CONTINUOUS
10
101.5079419999999999
20
-48.218398999999998
11
101.3445150000000012
21
-48.250906999999998
0
LINE
8
BLACK
6
CONTINUOUS
10
101.3445150000000012
20
-48.250906999999998
11
101.1778849999999892
21
-48.250906999999998
0
LINE
8
BLACK
6
CONTINUOUS
10
101.1778849999999892
20
-48.250906999999998
11
101.0144579999999905
21
-48.218398999999998
0
LINE
8
BLACK
6
CONTINUOUS
10
101.0144579999999905
20
-48.218398999999998
11
100.8605129999999974
21
-48.1546329999999969
0
LINE
8
BLACK
6
CONTINUOUS
10
100.8605129999999974
20
-48.1546329999999969
11
100.7219659999999948
21
-48.0620589999999979
0
LINE
8
BLACK
6
CONTINUOUS
10
100.7219659999999948
20
-48.0620589999999979
11
100.6041409999999985
21
-47.9442339999999945
0
LINE
8
BLACK
6
CONTINUOUS
10
100.6041409999999985
20
-47.9442339999999945
11
100.5779259999999908
21
-47.9050000000000011
0
LINE
8
BLACK
6
CONTINUOUS
10
100.5779259999999908
20
-47.9050000000000011
11
58.1831059999999951
21
-47.9050000000000011
0
LINE
8
BLACK
6
CONTINUOUS
10
58.1831059999999951
20
-47.9050000000000011
11
32.5195530000000019
21
-73.5685529999999943
0
LINE
8
BLACK
6
CONTINUOUS
10
32.5195530000000019
20
-73.5685529999999943
11
32.4703960000000009
21
-73.611660999999998
0
LINE
8
BLACK
6
CONTINUOUS
10
32.4703960000000009
20
-73.611660999999998
11
32.4703809999999962
21
-73.6116770000000002
0
LINE
8
BLACK
6
CONTINUOUS
10
32.4703809999999962
20
-73.6116770000000002
11
32.3573419999999956
21
-73.6769400000000019
0
LINE
8
BLACK
6
CONTINUOUS
10
32.3573419999999956
20
-73.6769400000000019
11
32.2312629999999984
21
-73.7107230000000015
0
LINE
8
BLACK
6
CONTINUOUS
10
32.2312629999999984
20
-73.7107230000000015
11
32.2312480000000008
21
-73.7107230000000015
0
LINE
8
BLACK
6
CONTINUOUS
10
32.2312480000000008
20
-73.7107230000000015
11
32.1659999999999968
21
-73.7150000000000034
0
LINE
8
BLACK
6
CONTINUOUS
10
32.1659999999999968
20
-73.7150000000000034
11
31.9444739999999996
21
-73.7150000000000034
0
LINE
8
BLACK
6
CONTINUOUS
10
31.9444739999999996
20
-73.7150000000000034
11
31.918258999999999
21
-73.7542339999999967
0
LINE
8
BLACK
6
CONTINUOUS
10
31.918258999999999
20
-73.7542339999999967
11
31.8004339999999992
21
-73.872058999999993
0
LINE
8
BLACK
6
CONTINUOUS
10
31.8004339999999992
20
-73.872058999999993
11
31.6618870000000001
21
-73.9646329999999921
0
LINE
8
BLACK
6
CONTINUOUS
10
31.6618870000000001
20
-73.9646329999999921
11
31.5079419999999999
21
-74.0283989999999932
0
LINE
8
BLACK
6
CONTINUOUS
10
31.5079419999999999
20
-74.0283989999999932
11
31.3445149999999977
21
-74.0609070000000003
0
LINE
8
BLACK
6
CONTINUOUS
10
31.3445149999999977
20
-74.0609070000000003
11
31.1778849999999998
21
-74.0609070000000003
0
LINE
8
BLACK
6
CONTINUOUS
10
31.1778849999999998
20
-74.0609070000000003
11
31.0144579999999976
21
-74.0283989999999932
0
LINE
8
BLACK
6
CONTINUOUS
10
31.0144579999999976
20
-74.0283989999999932
11
30.8605129999999974
21
-73.9646329999999921
0
LINE
8
BLACK
6
CONTINUOUS
10
30.8605129999999974
20
-73.9646329999999921
11
30.7219659999999983
21
-73.872058999999993
0
LINE
8
BLACK
6
CONTINUOUS
10
30.7219659999999983
20
-73.872058999999993
11
30.6041409999999985
21
-73.7542339999999967
0
LINE
8
BLACK
6
CONTINUOUS
10
30.6041409999999985
20
-73.7542339999999967
11
30.5115669999999994
21
-73.6156869999999941
0
LINE
8
BLACK
6
CONTINUOUS
10
30.5115669999999994
20
-73.6156869999999941
11
30.4478009999999983
21
-73.461742000000001
0
LINE
8
BLACK
6
CONTINUOUS
10
30.4478009999999983
20
-73.461742000000001
11
30.4152929999999984
21
-73.2983150000000023
0
LINE
8
BLACK
6
CONTINUOUS
10
30.4152929999999984
20
-73.2983150000000023
11
30.4152929999999984
21
-73.1316849999999903
0
LINE
8
BLACK
6
CONTINUOUS
10
30.4152929999999984
20
-73.1316849999999903
11
30.4478009999999983
21
-72.9682579999999916
0
LINE
8
BLACK
6
CONTINUOUS
10
30.4478009999999983
20
-72.9682579999999916
11
30.5115669999999994
21
-72.8143129999999985
0
LINE
8
BLACK
6
CONTINUOUS
10
30.5115669999999994
20
-72.8143129999999985
11
30.6041409999999985
21
-72.6757659999999959
0
LINE
8
BLACK
6
CONTINUOUS
10
30.6041409999999985
20
-72.6757659999999959
11
30.7219659999999983
21
-72.5579409999999996
0
LINE
8
BLACK
6
CONTINUOUS
10
30.7219659999999983
20
-72.5579409999999996
11
30.8605129999999974
21
-72.4653670000000005
0
LINE
8
BLACK
6
CONTINUOUS
10
30.8605129999999974
20
-72.4653670000000005
11
31.0144579999999976
21
-72.4016009999999994
0
LINE
8
BLACK
6
CONTINUOUS
10
31.0144579999999976
20
-72.4016009999999994
11
31.1778849999999998
21
-72.3690929999999923
0
LINE
8
BLACK
6
CONTINUOUS
10
31.1778849999999998
20
-72.3690929999999923
11
31.3445149999999977
21
-72.3690929999999923
0
LINE
8
BLACK
6
CONTINUOUS
10
31.3445149999999977
20
-72.3690929999999923
11
31.5079419999999999
21
-72.4016009999999994
0
LINE
8
BLACK
6
CONTINUOUS
10
31.5079419999999999
20
-72.4016009999999994
11
31.6618870000000001
21
-72.4653670000000005
0
LINE
8
BLACK
6
CONTINUOUS
10
31.6618870000000001
20
-72.4653670000000005
11
31.8004339999999992
21
-72.5579409999999996
0
LINE
8
BLACK
6
CONTINUOUS
10
31.8004339999999992
20
-72.5579409999999996
11
31.918258999999999
21
-72.6757659999999959
0
LINE
8
BLACK
6
CONTINUOUS
10
31.918258999999999
20
-72.6757659999999959
11
31.9444739999999996
21
-72.7150000000000034
0
LINE
8
BLACK
6
CONTINUOUS
10
31.9444739999999996
20
-72.7150000000000034
11
31.9588939999999972
21
-72.7150000000000034
0
LINE
8
BLACK
6
CONTINUOUS
10
31.9588939999999972
20
-72.7150000000000034
11
57.622446999999994
21
-47.051446999999996
0
LINE
8
BLACK
6
CONTINUOUS
10
57.622446999999994
20
-47.051446999999996
11
57.671609999999994
21
-47.0083309999999983
0
LINE
8
BLACK
6
CONTINUOUS
10
57.671609999999994
20
-47.0083309999999983
11
57.6716189999999997
21
-47.0083229999999972
0
LINE
8
BLACK
6
CONTINUOUS
10
57.6716189999999997
20
-47.0083229999999972
11
57.7846580000000003
21
-46.9430599999999956
0
LINE
8
BLACK
6
CONTINUOUS
10
57.7846580000000003
20
-46.9430599999999956
11
57.9107369999999975
21
-46.9092769999999959
0
LINE
8
BLACK
6
CONTINUOUS
10
57.9107369999999975
20
-46.9092769999999959
11
57.9107519999999951
21
-46.9092769999999959
0
LINE
8
BLACK
6
CONTINUOUS
10
57.9107519999999951
20
-46.9092769999999959
11
57.9759999999999991
21
-46.9050000000000011
0
LINE
8
BLACK
6
CONTINUOUS
10
57.9759999999999991
20
-46.9050000000000011
11
100.5779259999999908
21
-46.9050000000000011
0
LINE
8
BLACK
6
CONTINUOUS
10
100.5779259999999908
20
-46.9050000000000011
11
100.6041409999999985
21
-46.8657660000000007
0
LINE
8
BLACK
6
CONTINUOUS
10
100.6041409999999985
20
-46.8657660000000007
11
100.7219659999999948
21
-46.7479409999999973
0
LINE
8
BLACK
6
CONTINUOUS
10
100.7219659999999948
20
-46.7479409999999973
11
100.8605129999999974
21
-46.6553669999999983
0
LINE
8
BLACK
6
CONTINUOUS
10
100.8605129999999974
20
-46.6553669999999983
11
101.0144579999999905
21
-46.5916009999999972
0
LINE
8
BLACK
6
CONTINUOUS
10
101.0144579999999905
20
-46.5916009999999972
11
101.1778849999999892
21
-46.5590929999999972
0
LINE
8
BLACK
6
CONTINUOUS
10
101.1778849999999892
20
-46.5590929999999972
11
101.3445150000000012
21
-46.5590929999999972
0
LINE
8
BLACK
6
CONTINUOUS
10
101.3445150000000012
20
-46.5590929999999972
11
101.5079419999999999
21
-46.5916009999999972
0
LINE
8
BLACK
6
CONTINUOUS
10
55.5329419999999985
20
-70.6216009999999983
11
55.6868869999999987
21
-70.6853669999999994
0
LINE
8
BLACK
6
CONTINUOUS
10
55.6868869999999987
20
-70.6853669999999994
11
55.8254339999999942
21
-70.7779409999999984
0
LINE
8
BLACK
6
CONTINUOUS
10
55.8254339999999942
20
-70.7779409999999984
11
55.9432589999999976
21
-70.8957659999999947
0
LINE
8
BLACK
6
CONTINUOUS
10
55.9432589999999976
20
-70.8957659999999947
11
56.0358329999999967
21
-71.0343129999999974
0
LINE
8
BLACK
6
CONTINUOUS
10
56.0358329999999967
20
-71.0343129999999974
11
56.0995989999999978
21
-71.1882579999999905
0
LINE
8
BLACK
6
CONTINUOUS
10
56.0995989999999978
20
-71.1882579999999905
11
56.1321069999999978
21
-71.3516850000000034
0
LINE
8
BLACK
6
CONTINUOUS
10
56.1321069999999978
20
-71.3516850000000034
11
56.1321069999999978
21
-71.5183150000000012
0
LINE
8
BLACK
6
CONTINUOUS
10
56.1321069999999978
20
-71.5183150000000012
11
56.0995989999999978
21
-71.6817419999999998
0
LINE
8
BLACK
6
CONTINUOUS
10
56.0995989999999978
20
-71.6817419999999998
11
56.0358329999999967
21
-71.835686999999993
0
LINE
8
BLACK
6
CONTINUOUS
10
56.0358329999999967
20
-71.835686999999993
11
55.9432589999999976
21
-71.9742339999999956
0
LINE
8
BLACK
6
CONTINUOUS
10
55.9432589999999976
20
-71.9742339999999956
11
55.8254339999999942
21
-72.0920589999999919
0
LINE
8
BLACK
6
CONTINUOUS
10
55.8254339999999942
20
-72.0920589999999919
11
55.6868869999999987
21
-72.1846329999999909
0
LINE
8
BLACK
6
CONTINUOUS
10
55.6868869999999987
20
-72.1846329999999909
11
55.5329419999999985
21
-72.248398999999992
0
LINE
8
BLACK
6
CONTINUOUS
10
55.5329419999999985
20
-72.248398999999992
11
55.3695149999999998
21
-72.2809069999999991
0
LINE
8
BLACK
6
CONTINUOUS
10
55.3695149999999998
20
-72.2809069999999991
11
55.2028849999999949
21
-72.2809069999999991
0
LINE
8
BLACK
6
CONTINUOUS
10
55.2028849999999949
20
-72.2809069999999991
11
55.0394579999999962
21
-72.248398999999992
0
LINE
8
BLACK
6
CONTINUOUS
10
55.0394579999999962
20
-72.248398999999992
11
54.885512999999996
21
-72.1846329999999909
0
LINE
8
BLACK
6
CONTINUOUS
10
54.885512999999996
20
-72.1846329999999909
11
54.7469660000000005
21
-72.0920589999999919
0
LINE
8
BLACK
6
CONTINUOUS
10
54.7469660000000005
20
-72.0920589999999919
11
54.6291409999999971
21
-71.9742339999999956
0
LINE
8
BLACK
6
CONTINUOUS
10
54.6291409999999971
20
-71.9742339999999956
11
54.536566999999998
21
-71.835686999999993
0
LINE
8
BLACK
6
CONTINUOUS
10
54.536566999999998
20
-71.835686999999993
11
54.4728009999999969
21
-71.6817419999999998
0
LINE
8
BLACK
6
CONTINUOUS
10
54.4728009999999969
20
-71.6817419999999998
11
54.4402929999999969
21
-71.5183150000000012
0
LINE
8
BLACK
6
CONTINUOUS
10
54.4402929999999969
20
-71.5183150000000012
11
54.4402929999999969
21
-71.3516850000000034
0
LINE
8
BLACK
6
CONTINUOUS
10
54.4402929999999969
20
-71.3516850000000034
11
54.4728009999999969
21
-71.1882579999999905
0
LINE
8
BLACK
6
CONTINUOUS
10
54.4728009999999969
20
-71.1882579999999905
11
54.536566999999998
21
-71.0343129999999974
0
LINE
8
BLACK
6
CONTINUOUS
10
54.536566999999998
20
-71.0343129999999974
11
54.6291409999999971
21
-70.8957659999999947
0
LINE
8
BLACK
6
CONTINUOUS
10
54.6291409999999971
20
-70.8957659999999947
11
54.7469660000000005
21
-70.7779409999999984
0
LINE
8
BLACK
6
CONTINUOUS
10
54.7469660000000005
20
-70.7779409999999984
11
54.885512999999996
21
-70.6853669999999994
0
LINE
8
BLACK
6
CONTINUOUS
10
54.885512999999996
20
-70.6853669999999994
11
55.0394579999999962
21
-70.6216009999999983
0
LINE
8
BLACK
6
CONTINUOUS
10
55.0394579999999962
20
-70.6216009999999983
11
55.2028849999999949
21
-70.5890929999999912
0
LINE
8
BLACK
6
CONTINUOUS
10
55.2028849999999949
20
-70.5890929999999912
11
55.3695149999999998
21
-70.5890929999999912
0
LINE
8
BLACK
6
CONTINUOUS
10
55.3695149999999998
20
-70.5890929999999912
11
55.5329419999999985
21
-70.6216009999999983
0
LINE
8
BLACK
6
CONTINUOUS
10
31.5079419999999999
20
-69.8616009999999932
11
31.6618870000000001
21
-69.9253669999999943
0
LINE
8
BLACK
6
CONTINUOUS
10
31.6618870000000001
20
-69.9253669999999943
11
31.8004339999999992
21
-70.0179409999999933
0
LINE
8
BLACK
6
CONTINUOUS
10
31.8004339999999992
20
-70.0179409999999933
11
31.918258999999999
21
-70.1357660000000038
0
LINE
8
BLACK
6
CONTINUOUS
10
31.918258999999999
20
-70.1357660000000038
11
32.0108329999999981
21
-70.2743129999999923
0
LINE
8
BLACK
6
CONTINUOUS
10
32.0108329999999981
20
-70.2743129999999923
11
32.0745989999999992
21
-70.4282579999999996
0
LINE
8
BLACK
6
CONTINUOUS
10
32.0745989999999992
20
-70.4282579999999996
11
32.1071069999999992
21
-70.5916849999999982
0
LINE
8
BLACK
6
CONTINUOUS
10
32.1071069999999992
20
-70.5916849999999982
11
32.1071069999999992
21
-70.7583149999999961
0
LINE
8
BLACK
6
CONTINUOUS
10
32.1071069999999992
20
-70.7583149999999961
11
32.0745989999999992
21
-70.9217419999999947
0
LINE
8
BLACK
6
CONTINUOUS
10
32.0745989999999992
20
-70.9217419999999947
11
32.0108329999999981
21
-71.0756870000000021
0
LINE
8
BLACK
6
CONTINUOUS
10
32.0108329999999981
20
-71.0756870000000021
11
31.918258999999999
21
-71.2142339999999905
0
LINE
8
BLACK
6
CONTINUOUS
10
31.918258999999999
20
-71.2142339999999905
11
31.8004339999999992
21
-71.332059000000001
0
LINE
8
BLACK
6
CONTINUOUS
10
31.8004339999999992
20
-71.332059000000001
11
31.6618870000000001
21
-71.424633
0
LINE
8
BLACK
6
CONTINUOUS
10
31.6618870000000001
20
-71.424633
11
31.5079419999999999
21
-71.4883990000000011
0
LINE
8
BLACK
6
CONTINUOUS
10
31.5079419999999999
20
-71.4883990000000011
11
31.3445149999999977
21
-71.520906999999994
0
LINE
8
BLACK
6
CONTINUOUS
10
31.3445149999999977
20
-71.520906999999994
11
31.1778849999999998
21
-71.520906999999994
0
LINE
8
BLACK
6
CONTINUOUS
10
31.1778849999999998
20
-71.520906999999994
11
31.0144579999999976
21
-71.4883990000000011
0
LINE
8
BLACK
6
CONTINUOUS
10
31.0144579999999976
20
-71.4883990000000011
11
30.8605129999999974
21
-71.424633
0
LINE
8
BLACK
6
CONTINUOUS
10
30.8605129999999974
20
-71.424633
11
30.7219659999999983
21
-71.332059000000001
0
LINE
8
BLACK
6
CONTINUOUS
10
30.7219659999999983
20
-71.332059000000001
11
30.6041409999999985
21
-71.2142339999999905
0
LINE
8
BLACK
6
CONTINUOUS
10
30.6041409999999985
20
-71.2142339999999905
11
30.5115669999999994
21
-71.0756870000000021
0
LINE
8
BLACK
6
CONTINUOUS
10
30.5115669999999994
20
-71.0756870000000021
11
30.4478009999999983
21
-70.9217419999999947
0
LINE
8
BLACK
6
CONTINUOUS
10
30.4478009999999983
20
-70.9217419999999947
11
30.4152929999999984
21
-70.7583149999999961
0
LINE
8
BLACK
6
CONTINUOUS
10
30.4152929999999984
20
-70.7583149999999961
11
30.4152929999999984
21
-70.5916849999999982
0
LINE
8
BLACK
6
CONTINUOUS
10
30.4152929999999984
20
-70.5916849999999982
11
30.4478009999999983
21
-70.4282579999999996
0
LINE
8
BLACK
6
CONTINUOUS
10
30.4478009999999983
20
-70.4282579999999996
11
30.5115669999999994
21
-70.2743129999999923
0
LINE
8
BLACK
6
CONTINUOUS
10
30.5115669999999994
20
-70.2743129999999923
11
30.6041409999999985
21
-70.1357660000000038
0
LINE
8
BLACK
6
CONTINUOUS
10
30.6041409999999985
20
-70.1357660000000038
11
30.7219659999999983
21
-70.0179409999999933
0
LINE
8
BLACK
6
CONTINUOUS
10
30.7219659999999983
20
-70.0179409999999933
11
30.8605129999999974
21
-69.9253669999999943
0
LINE
8
BLACK
6
CONTINUOUS
10
30.8605129999999974
20
-69.9253669999999943
11
31.0144579999999976
21
-69.8616009999999932
0
LINE
8
BLACK
6
CONTINUOUS
10
31.0144579999999976
20
-69.8616009999999932
11
31.1778849999999998
21
-69.8290930000000003
0
LINE
8
BLACK
6
CONTINUOUS
10
31.1778849999999998
20
-69.8290930000000003
11
31.3445149999999977
21
-69.8290930000000003
0
LINE
8
BLACK
6
CONTINUOUS
10
31.3445149999999977
20
-69.8290930000000003
11
31.5079419999999999
21
-69.8616009999999932
0
LINE
8
BLACK
6
CONTINUOUS
10
55.5329419999999985
20
-68.081600999999992
11
55.6868869999999987
21
-68.1453669999999931
0
LINE
8
BLACK
6
CONTINUOUS
10
55.6868869999999987
20
-68.1453669999999931
11
55.8254339999999942
21
-68.2379409999999922
0
LINE
8
BLACK
6
CONTINUOUS
10
55.8254339999999942
20
-68.2379409999999922
11
55.9432589999999976
21
-68.3557660000000027
0
LINE
8
BLACK
6
CONTINUOUS
10
55.9432589999999976
20
-68.3557660000000027
11
56.0358329999999967
21
-68.4943129999999911
0
LINE
8
BLACK
6
CONTINUOUS
10
56.0358329999999967
20
-68.4943129999999911
11
56.0995989999999978
21
-68.6482579999999984
0
LINE
8
BLACK
6
CONTINUOUS
10
56.0995989999999978
20
-68.6482579999999984
11
56.1321069999999978
21
-68.8116849999999971
0
LINE
8
BLACK
6
CONTINUOUS
10
56.1321069999999978
20
-68.8116849999999971
11
56.1321069999999978
21
-68.9783149999999949
0
LINE
8
BLACK
6
CONTINUOUS
10
56.1321069999999978
20
-68.9783149999999949
11
56.0995989999999978
21
-69.1417419999999936
0
LINE
8
BLACK
6
CONTINUOUS
10
56.0995989999999978
20
-69.1417419999999936
11
56.0358329999999967
21
-69.2956870000000009
0
LINE
8
BLACK
6
CONTINUOUS
10
56.0358329999999967
20
-69.2956870000000009
11
55.9432589999999976
21
-69.4342340000000036
0
LINE
8
BLACK
6
CONTINUOUS
10
55.9432589999999976
20
-69.4342340000000036
11
55.8254339999999942
21
-69.5520589999999999
0
LINE
8
BLACK
6
CONTINUOUS
10
55.8254339999999942
20
-69.5520589999999999
11
55.6868869999999987
21
-69.6446329999999989
0
LINE
8
BLACK
6
CONTINUOUS
10
55.6868869999999987
20
-69.6446329999999989
11
55.5329419999999985
21
-69.708399
0
LINE
8
BLACK
6
CONTINUOUS
10
55.5329419999999985
20
-69.708399
11
55.3695149999999998
21
-69.7409069999999929
0
LINE
8
BLACK
6
CONTINUOUS
10
55.3695149999999998
20
-69.7409069999999929
11
55.2028849999999949
21
-69.7409069999999929
0
LINE
8
BLACK
6
CONTINUOUS
10
55.2028849999999949
20
-69.7409069999999929
11
55.0394579999999962
21
-69.708399
0
LINE
8
BLACK
6
CONTINUOUS
10
55.0394579999999962
20
-69.708399
11
54.885512999999996
21
-69.6446329999999989
0
LINE
8
BLACK
6
CONTINUOUS
10
54.885512999999996
20
-69.6446329999999989
11
54.7469660000000005
21
-69.5520589999999999
0
LINE
8
BLACK
6
CONTINUOUS
10
54.7469660000000005
20
-69.5520589999999999
11
54.6291409999999971
21
-69.4342340000000036
0
LINE
8
BLACK
6
CONTINUOUS
10
54.6291409999999971
20
-69.4342340000000036
11
54.536566999999998
21
-69.2956870000000009
0
LINE
8
BLACK
6
CONTINUOUS
10
54.536566999999998
20
-69.2956870000000009
11
54.4728009999999969
21
-69.1417419999999936
0
LINE
8
BLACK
6
CONTINUOUS
10
54.4728009999999969
20
-69.1417419999999936
11
54.4402929999999969
21
-68.9783149999999949
0
LINE
8
BLACK
6
CONTINUOUS
10
54.4402929999999969
20
-68.9783149999999949
11
54.4402929999999969
21
-68.8116849999999971
0
LINE
8
BLACK
6
CONTINUOUS
10
54.4402929999999969
20
-68.8116849999999971
11
54.4728009999999969
21
-68.6482579999999984
0
LINE
8
BLACK
6
CONTINUOUS
10
54.4728009999999969
20
-68.6482579999999984
11
54.536566999999998
21
-68.4943129999999911
0
LINE
8
BLACK
6
CONTINUOUS
10
54.536566999999998
20
-68.4943129999999911
11
54.6291409999999971
21
-68.3557660000000027
0
LINE
8
BLACK
6
CONTINUOUS
10
54.6291409999999971
20
-68.3557660000000027
11
54.7469660000000005
21
-68.2379409999999922
0
LINE
8
BLACK
6
CONTINUOUS
10
54.7469660000000005
20
-68.2379409999999922
11
54.885512999999996
21
-68.1453669999999931
0
LINE
8
BLACK
6
CONTINUOUS
10
54.885512999999996
20
-68.1453669999999931
11
55.0394579999999962
21
-68.081600999999992
0
LINE
8
BLACK
6
CONTINUOUS
10
55.0394579999999962
20
-68.081600999999992
11
55.2028849999999949
21
-68.0490929999999992
0
LINE
8
BLACK
6
CONTINUOUS
10
55.2028849999999949
20
-68.0490929999999992
11
55.3695149999999998
21
-68.0490929999999992
0
LINE
8
BLACK
6
CONTINUOUS
10
55.3695149999999998
20
-68.0490929999999992
11
55.5329419999999985
21
-68.081600999999992
0
LINE
8
BLACK
6
CONTINUOUS
10
31.5079419999999999
20
-67.3216010000000011
11
31.6618870000000001
21
-67.3853670000000022
0
LINE
8
BLACK
6
CONTINUOUS
10
31.6618870000000001
20
-67.3853670000000022
11
31.8004339999999992
21
-67.4779410000000013
0
LINE
8
BLACK
6
CONTINUOUS
10
31.8004339999999992
20
-67.4779410000000013
11
31.918258999999999
21
-67.5957659999999976
0
LINE
8
BLACK
6
CONTINUOUS
10
31.918258999999999
20
-67.5957659999999976
11
32.0108329999999981
21
-67.7343130000000002
0
LINE
8
BLACK
6
CONTINUOUS
10
32.0108329999999981
20
-67.7343130000000002
11
32.0745989999999992
21
-67.8882579999999933
0
LINE
8
BLACK
6
CONTINUOUS
10
32.0745989999999992
20
-67.8882579999999933
11
32.1071069999999992
21
-68.051684999999992
0
LINE
8
BLACK
6
CONTINUOUS
10
32.1071069999999992
20
-68.051684999999992
11
32.1071069999999992
21
-68.2183149999999898
0
LINE
8
BLACK
6
CONTINUOUS
10
32.1071069999999992
20
-68.2183149999999898
11
32.0745989999999992
21
-68.3817420000000027
0
LINE
8
BLACK
6
CONTINUOUS
10
32.0745989999999992
20
-68.3817420000000027
11
32.0108329999999981
21
-68.5356869999999958
0
LINE
8
BLACK
6
CONTINUOUS
10
32.0108329999999981
20
-68.5356869999999958
11
31.918258999999999
21
-68.6742339999999984
0
LINE
8
BLACK
6
CONTINUOUS
10
31.918258999999999
20
-68.6742339999999984
11
31.8004339999999992
21
-68.7920589999999947
0
LINE
8
BLACK
6
CONTINUOUS
10
31.8004339999999992
20
-68.7920589999999947
11
31.6618870000000001
21
-68.8846329999999938
0
LINE
8
BLACK
6
CONTINUOUS
10
31.6618870000000001
20
-68.8846329999999938
11
31.5079419999999999
21
-68.9483989999999949
0
LINE
8
BLACK
6
CONTINUOUS
10
31.5079419999999999
20
-68.9483989999999949
11
31.3445149999999977
21
-68.980907000000002
0
LINE
8
BLACK
6
CONTINUOUS
10
31.3445149999999977
20
-68.980907000000002
11
31.1778849999999998
21
-68.980907000000002
0
LINE
8
BLACK
6
CONTINUOUS
10
31.1778849999999998
20
-68.980907000000002
11
31.0144579999999976
21
-68.9483989999999949
0
LINE
8
BLACK
6
CONTINUOUS
10
31.0144579999999976
20
-68.9483989999999949
11
30.8605129999999974
21
-68.8846329999999938
0
LINE
8
BLACK
6
CONTINUOUS
10
30.8605129999999974
20
-68.8846329999999938
11
30.7219659999999983
21
-68.7920589999999947
0
LINE
8
BLACK
6
CONTINUOUS
10
30.7219659999999983
20
-68.7920589999999947
11
30.6041409999999985
21
-68.6742339999999984
0
LINE
8
BLACK
6
CONTINUOUS
10
30.6041409999999985
20
-68.6742339999999984
11
30.5115669999999994
21
-68.5356869999999958
0
LINE
8
BLACK
6
CONTINUOUS
10
30.5115669999999994
20
-68.5356869999999958
11
30.4478009999999983
21
-68.3817420000000027
0
LINE
8
BLACK
6
CONTINUOUS
10
30.4478009999999983
20
-68.3817420000000027
11
30.4152929999999984
21
-68.2183149999999898
0
LINE
8
BLACK
6
CONTINUOUS
10
30.4152929999999984
20
-68.2183149999999898
11
30.4152929999999984
21
-68.051684999999992
0
LINE
8
BLACK
6
CONTINUOUS
10
30.4152929999999984
20
-68.051684999999992
11
30.4478009999999983
21
-67.8882579999999933
0
LINE
8
BLACK
6
CONTINUOUS
10
30.4478009999999983
20
-67.8882579999999933
11
30.5115669999999994
21
-67.7343130000000002
0
LINE
8
BLACK
6
CONTINUOUS
10
30.5115669999999994
20
-67.7343130000000002
11
30.6041409999999985
21
-67.5957659999999976
0
LINE
8
BLACK
6
CONTINUOUS
10
30.6041409999999985
20
-67.5957659999999976
11
30.7219659999999983
21
-67.4779410000000013
0
LINE
8
BLACK
6
CONTINUOUS
10
30.7219659999999983
20
-67.4779410000000013
11
30.8605129999999974
21
-67.3853670000000022
0
LINE
8
BLACK
6
CONTINUOUS
10
30.8605129999999974
20
-67.3853670000000022
11
31.0144579999999976
21
-67.3216010000000011
0
LINE
8
BLACK
6
CONTINUOUS
10
31.0144579999999976
20
-67.3216010000000011
11
31.1778849999999998
21
-67.289092999999994
0
LINE
8
BLACK
6
CONTINUOUS
10
31.1778849999999998
20
-67.289092999999994
11
31.3445149999999977
21
-67.289092999999994
0
LINE
8
BLACK
6
CONTINUOUS
10
31.3445149999999977
20
-67.289092999999994
11
31.5079419999999999
21
-67.3216010000000011
0
LINE
8
BLACK
6
CONTINUOUS
10
55.5329419999999985
20
-65.541601
11
55.6868869999999987
21
-65.6053670000000011
0
LINE
8
BLACK
6
CONTINUOUS
10
55.6868869999999987
20
-65.6053670000000011
11
55.8254339999999942
21
-65.6979410000000001
0
LINE
8
BLACK
6
CONTINUOUS
10
55.8254339999999942
20
-65.6979410000000001
11
55.9432589999999976
21
-65.8157659999999964
0
LINE
8
BLACK
6
CONTINUOUS
10
55.9432589999999976
20
-65.8157659999999964
11
56.0358329999999967
21
-65.9543129999999991
0
LINE
8
BLACK
6
CONTINUOUS
10
56.0358329999999967
20
-65.9543129999999991
11
56.0995989999999978
21
-66.1082579999999922
0
LINE
8
BLACK
6
CONTINUOUS
10
56.0995989999999978
20
-66.1082579999999922
11
56.1321069999999978
21
-66.2716849999999909
0
LINE
8
BLACK
6
CONTINUOUS
10
56.1321069999999978
20
-66.2716849999999909
11
56.1321069999999978
21
-66.4383150000000029
0
LINE
8
BLACK
6
CONTINUOUS
10
56.1321069999999978
20
-66.4383150000000029
11
56.0995989999999978
21
-66.6017420000000016
0
LINE
8
BLACK
6
CONTINUOUS
10
56.0995989999999978
20
-66.6017420000000016
11
56.0358329999999967
21
-66.7556869999999947
0
LINE
8
BLACK
6
CONTINUOUS
10
56.0358329999999967
20
-66.7556869999999947
11
55.9432589999999976
21
-66.8942339999999973
0
LINE
8
BLACK
6
CONTINUOUS
10
55.9432589999999976
20
-66.8942339999999973
11
55.8254339999999942
21
-67.0120589999999936
0
LINE
8
BLACK
6
CONTINUOUS
10
55.8254339999999942
20
-67.0120589999999936
11
55.6868869999999987
21
-67.1046329999999926
0
LINE
8
BLACK
6
CONTINUOUS
10
55.6868869999999987
20
-67.1046329999999926
11
55.5329419999999985
21
-67.1683989999999937
0
LINE
8
BLACK
6
CONTINUOUS
10
55.5329419999999985
20
-67.1683989999999937
11
55.3695149999999998
21
-67.2009070000000008
0
LINE
8
BLACK
6
CONTINUOUS
10
55.3695149999999998
20
-67.2009070000000008
11
55.2028849999999949
21
-67.2009070000000008
0
LINE
8
BLACK
6
CONTINUOUS
10
55.2028849999999949
20
-67.2009070000000008
11
55.0394579999999962
21
-67.1683989999999937
0
LINE
8
BLACK
6
CONTINUOUS
10
55.0394579999999962
20
-67.1683989999999937
11
54.885512999999996
21
-67.1046329999999926
0
LINE
8
BLACK
6
CONTINUOUS
10
54.885512999999996
20
-67.1046329999999926
11
54.7469660000000005
21
-67.0120589999999936
0
LINE
8
BLACK
6
CONTINUOUS
10
54.7469660000000005
20
-67.0120589999999936
11
54.6291409999999971
21
-66.8942339999999973
0
LINE
8
BLACK
6
CONTINUOUS
10
54.6291409999999971
20
-66.8942339999999973
11
54.536566999999998
21
-66.7556869999999947
0
LINE
8
BLACK
6
CONTINUOUS
10
54.536566999999998
20
-66.7556869999999947
11
54.4728009999999969
21
-66.6017420000000016
0
LINE
8
BLACK
6
CONTINUOUS
10
54.4728009999999969
20
-66.6017420000000016
11
54.4402929999999969
21
-66.4383150000000029
0
LINE
8
BLACK
6
CONTINUOUS
10
54.4402929999999969
20
-66.4383150000000029
11
54.4402929999999969
21
-66.2716849999999909
0
LINE
8
BLACK
6
CONTINUOUS
10
54.4402929999999969
20
-66.2716849999999909
11
54.4728009999999969
21
-66.1082579999999922
0
LINE
8
BLACK
6
CONTINUOUS
10
54.4728009999999969
20
-66.1082579999999922
11
54.536566999999998
21
-65.9543129999999991
0
LINE
8
BLACK
6
CONTINUOUS
10
54.536566999999998
20
-65.9543129999999991
11
54.6291409999999971
21
-65.8157659999999964
0
LINE
8
BLACK
6
CONTINUOUS
10
54.6291409999999971
20
-65.8157659999999964
11
54.7469660000000005
21
-65.6979410000000001
0
LINE
8
BLACK
6
CONTINUOUS
10
54.7469660000000005
20
-65.6979410000000001
11
54.885512999999996
21
-65.6053670000000011
0
LINE
8
BLACK
6
CONTINUOUS
10
54.885512999999996
20
-65.6053670000000011
11
55.0394579999999962
21
-65.541601
0
LINE
8
BLACK
6
CONTINUOUS
10
55.0394579999999962
20
-65.541601
11
55.2028849999999949
21
-65.5090929999999929
0
LINE
8
BLACK
6
CONTINUOUS
10
55.2028849999999949
20
-65.5090929999999929
11
55.3695149999999998
21
-65.5090929999999929
0
LINE
8
BLACK
6
CONTINUOUS
10
55.3695149999999998
20
-65.5090929999999929
11
55.5329419999999985
21
-65.541601
0
LINE
8
BLACK
6
CONTINUOUS
10
32.1111999999999966
20
-66.4449999999999932
11
30.4111999999999973
21
-66.4449999999999932
0
LINE
8
BLACK
6
CONTINUOUS
10
30.4111999999999973
20
-66.4449999999999932
11
30.4111999999999973
21
-64.7449999999999903
0
LINE
8
BLACK
6
CONTINUOUS
10
30.4111999999999973
20
-64.7449999999999903
11
32.1111999999999966
21
-64.7449999999999903
0
LINE
8
BLACK
6
CONTINUOUS
10
32.1111999999999966
20
-64.7449999999999903
11
32.1111999999999966
21
-66.4449999999999932
0
LINE
8
BLACK
6
CONTINUOUS
10
55.5329419999999985
20
-63.0016009999999937
11
55.6868869999999987
21
-63.0653669999999948
0
LINE
8
BLACK
6
CONTINUOUS
10
55.6868869999999987
20
-63.0653669999999948
11
55.8254339999999942
21
-63.1579409999999939
0
LINE
8
BLACK
6
CONTINUOUS
10
55.8254339999999942
20
-63.1579409999999939
11
55.9432589999999976
21
-63.2757659999999973
0
LINE
8
BLACK
6
CONTINUOUS
10
55.9432589999999976
20
-63.2757659999999973
11
56.0358329999999967
21
-63.4143129999999999
0
LINE
8
BLACK
6
CONTINUOUS
10
56.0358329999999967
20
-63.4143129999999999
11
56.0995989999999978
21
-63.5682580000000002
0
LINE
8
BLACK
6
CONTINUOUS
10
56.0995989999999978
20
-63.5682580000000002
11
56.1321069999999978
21
-63.7316849999999988
0
LINE
8
BLACK
6
CONTINUOUS
10
56.1321069999999978
20
-63.7316849999999988
11
56.1321069999999978
21
-63.8983149999999966
0
LINE
8
BLACK
6
CONTINUOUS
10
56.1321069999999978
20
-63.8983149999999966
11
56.0995989999999978
21
-64.0617419999999953
0
LINE
8
BLACK
6
CONTINUOUS
10
56.0995989999999978
20
-64.0617419999999953
11
56.0358329999999967
21
-64.2156870000000026
0
LINE
8
BLACK
6
CONTINUOUS
10
56.0358329999999967
20
-64.2156870000000026
11
55.9432589999999976
21
-64.3542339999999911
0
LINE
8
BLACK
6
CONTINUOUS
10
55.9432589999999976
20
-64.3542339999999911
11
55.8254339999999942
21
-64.4720590000000016
0
LINE
8
BLACK
6
CONTINUOUS
10
55.8254339999999942
20
-64.4720590000000016
11
55.6868869999999987
21
-64.5646330000000006
0
LINE
8
BLACK
6
CONTINUOUS
10
55.6868869999999987
20
-64.5646330000000006
11
55.5329419999999985
21
-64.6283990000000017
0
LINE
8
BLACK
6
CONTINUOUS
10
55.5329419999999985
20
-64.6283990000000017
11
55.3695149999999998
21
-64.6609069999999946
0
LINE
8
BLACK
6
CONTINUOUS
10
55.3695149999999998
20
-64.6609069999999946
11
55.2028849999999949
21
-64.6609069999999946
0
LINE
8
BLACK
6
CONTINUOUS
10
55.2028849999999949
20
-64.6609069999999946
11
55.0394579999999962
21
-64.6283990000000017
0
LINE
8
BLACK
6
CONTINUOUS
10
55.0394579999999962
20
-64.6283990000000017
11
54.885512999999996
21
-64.5646330000000006
0
LINE
8
BLACK
6
CONTINUOUS
10
54.885512999999996
20
-64.5646330000000006
11
54.7469660000000005
21
-64.4720590000000016
0
LINE
8
BLACK
6
CONTINUOUS
10
54.7469660000000005
20
-64.4720590000000016
11
54.6291409999999971
21
-64.3542339999999911
0
LINE
8
BLACK
6
CONTINUOUS
10
54.6291409999999971
20
-64.3542339999999911
11
54.536566999999998
21
-64.2156870000000026
0
LINE
8
BLACK
6
CONTINUOUS
10
54.536566999999998
20
-64.2156870000000026
11
54.4728009999999969
21
-64.0617419999999953
0
LINE
8
BLACK
6
CONTINUOUS
10
54.4728009999999969
20
-64.0617419999999953
11
54.4402929999999969
21
-63.8983149999999966
0
LINE
8
BLACK
6
CONTINUOUS
10
54.4402929999999969
20
-63.8983149999999966
11
54.4402929999999969
21
-63.7316849999999988
0
LINE
8
BLACK
6
CONTINUOUS
10
54.4402929999999969
20
-63.7316849999999988
11
54.4728009999999969
21
-63.5682580000000002
0
LINE
8
BLACK
6
CONTINUOUS
10
54.4728009999999969
20
-63.5682580000000002
11
54.536566999999998
21
-63.4143129999999999
0
LINE
8
BLACK
6
CONTINUOUS
10
54.536566999999998
20
-63.4143129999999999
11
54.6291409999999971
21
-63.2757659999999973
0
LINE
8
BLACK
6
CONTINUOUS
10
54.6291409999999971
20
-63.2757659999999973
11
54.7469660000000005
21
-63.1579409999999939
0
LINE
8
BLACK
6
CONTINUOUS
10
54.7469660000000005
20
-63.1579409999999939
11
54.885512999999996
21
-63.0653669999999948
0
LINE
8
BLACK
6
CONTINUOUS
10
54.885512999999996
20
-63.0653669999999948
11
55.0394579999999962
21
-63.0016009999999937
0
LINE
8
BLACK
6
CONTINUOUS
10
55.0394579999999962
20
-63.0016009999999937
11
55.2028849999999949
21
-62.9690929999999938
0
LINE
8
BLACK
6
CONTINUOUS
10
55.2028849999999949
20
-62.9690929999999938
11
55.3695149999999998
21
-62.9690929999999938
0
LINE
8
BLACK
6
CONTINUOUS
10
55.3695149999999998
20
-62.9690929999999938
11
55.5329419999999985
21
-63.0016009999999937
0
LINE
8
BLACK
6
CONTINUOUS
10
30.844535999999998
20
-61.1536079999999984
11
30.8859199999999987
21
-61.1949919999999992
0
LINE
8
BLACK
6
CONTINUOUS
10
30.8859199999999987
20
-61.1949919999999992
11
30.9083179999999977
21
-61.2490639999999971
0
LINE
8
BLACK
6
CONTINUOUS
10
30.9083179999999977
20
-61.2490639999999971
11
30.9111999999999973
21
-61.2783279999999948
0
LINE
8
BLACK
6
CONTINUOUS
10
30.9111999999999973
20
-61.2783279999999948
11
30.9111999999999973
21
-62.3497569999999968
0
LINE
8
BLACK
6
CONTINUOUS
10
30.9111999999999973
20
-62.3497569999999968
11
30.9097410000000004
21
-62.3645679999999984
0
LINE
8
BLACK
6
CONTINUOUS
10
30.9097410000000004
20
-62.3645679999999984
11
30.9100219999999979
21
-62.3685179999999946
0
LINE
8
BLACK
6
CONTINUOUS
10
30.9100219999999979
20
-62.3685179999999946
11
30.9088399999999979
21
-62.3737119999999976
0
LINE
8
BLACK
6
CONTINUOUS
10
30.9088399999999979
20
-62.3737119999999976
11
30.9083179999999977
21
-62.3790209999999945
0
LINE
8
BLACK
6
CONTINUOUS
10
30.9083179999999977
20
-62.3790209999999945
11
30.906800999999998
21
-62.3826819999999955
0
LINE
8
BLACK
6
CONTINUOUS
10
30.906800999999998
20
-62.3826819999999955
11
30.9035019999999996
21
-62.3971919999999969
0
LINE
8
BLACK
6
CONTINUOUS
10
30.9035019999999996
20
-62.3971919999999969
11
30.8320729999999976
21
-62.6114770000000007
0
LINE
8
BLACK
6
CONTINUOUS
10
30.8320729999999976
20
-62.6114770000000007
11
30.8200849999999988
21
-62.6383269999999968
0
LINE
8
BLACK
6
CONTINUOUS
10
30.8200849999999988
20
-62.6383269999999968
11
30.816554
21
-62.6423969999999954
0
LINE
8
BLACK
6
CONTINUOUS
10
30.816554
20
-62.6423969999999954
11
30.8144919999999978
21
-62.6473769999999988
0
LINE
8
BLACK
6
CONTINUOUS
10
30.8144919999999978
20
-62.6473769999999988
11
30.7958369999999988
21
-62.670107999999999
0
LINE
8
BLACK
6
CONTINUOUS
10
30.7958369999999988
20
-62.670107999999999
11
30.6529799999999994
21
-62.8129659999999959
0
LINE
8
BLACK
6
CONTINUOUS
10
30.6529799999999994
20
-62.8129659999999959
11
30.6302500000000002
21
-62.8316209999999984
0
LINE
8
BLACK
6
CONTINUOUS
10
30.6302500000000002
20
-62.8316209999999984
11
30.6252699999999969
21
-62.8336830000000006
0
LINE
8
BLACK
6
CONTINUOUS
10
30.6252699999999969
20
-62.8336830000000006
11
30.6211989999999972
21
-62.8372150000000005
0
LINE
8
BLACK
6
CONTINUOUS
10
30.6211989999999972
20
-62.8372150000000005
11
30.5943480000000001
21
-62.8492029999999957
0
LINE
8
BLACK
6
CONTINUOUS
10
30.5943480000000001
20
-62.8492029999999957
11
30.3800619999999988
21
-62.9206310000000002
0
LINE
8
BLACK
6
CONTINUOUS
10
30.3800619999999988
20
-62.9206310000000002
11
30.3655489999999979
21
-62.9239299999999986
0
LINE
8
BLACK
6
CONTINUOUS
10
30.3655489999999979
20
-62.9239299999999986
11
30.3618919999999974
21
-62.9254459999999938
0
LINE
8
BLACK
6
CONTINUOUS
10
30.3618919999999974
20
-62.9254459999999938
11
30.3565889999999996
21
-62.9259679999999975
0
LINE
8
BLACK
6
CONTINUOUS
10
30.3565889999999996
20
-62.9259679999999975
11
30.351388
21
-62.927150999999995
0
LINE
8
BLACK
6
CONTINUOUS
10
30.351388
20
-62.927150999999995
11
30.3474329999999988
21
-62.9268689999999964
0
LINE
8
BLACK
6
CONTINUOUS
10
30.3474329999999988
20
-62.9268689999999964
11
30.3326279999999997
21
-62.9283280000000005
0
LINE
8
BLACK
6
CONTINUOUS
10
30.3326279999999997
20
-62.9283280000000005
11
30.1897710000000004
21
-62.9283280000000005
0
LINE
8
BLACK
6
CONTINUOUS
10
30.1897710000000004
20
-62.9283280000000005
11
30.1605069999999991
21
-62.9254459999999938
0
LINE
8
BLACK
6
CONTINUOUS
10
30.1605069999999991
20
-62.9254459999999938
11
30.1064349999999976
21
-62.9030479999999983
0
LINE
8
BLACK
6
CONTINUOUS
10
30.1064349999999976
20
-62.9030479999999983
11
30.0650510000000004
21
-62.8616639999999975
0
LINE
8
BLACK
6
CONTINUOUS
10
30.0650510000000004
20
-62.8616639999999975
11
30.0426529999999978
21
-62.8075919999999996
0
LINE
8
BLACK
6
CONTINUOUS
10
30.0426529999999978
20
-62.8075919999999996
11
30.0426529999999978
21
-62.7490639999999971
0
LINE
8
BLACK
6
CONTINUOUS
10
30.0426529999999978
20
-62.7490639999999971
11
30.0650510000000004
21
-62.6949919999999992
0
LINE
8
BLACK
6
CONTINUOUS
10
30.0650510000000004
20
-62.6949919999999992
11
30.1064349999999976
21
-62.6536079999999984
0
LINE
8
BLACK
6
CONTINUOUS
10
30.1064349999999976
20
-62.6536079999999984
11
30.1605069999999991
21
-62.6312099999999958
0
LINE
8
BLACK
6
CONTINUOUS
10
30.1605069999999991
20
-62.6312099999999958
11
30.1897710000000004
21
-62.6283279999999962
0
LINE
8
BLACK
6
CONTINUOUS
10
30.1897710000000004
20
-62.6283279999999962
11
30.3082849999999979
21
-62.6283279999999962
0
LINE
8
BLACK
6
CONTINUOUS
10
30.3082849999999979
20
-62.6283279999999962
11
30.4658869999999986
21
-62.5757939999999948
0
LINE
8
BLACK
6
CONTINUOUS
10
30.4658869999999986
20
-62.5757939999999948
11
30.5586659999999988
21
-62.4830139999999972
0
LINE
8
BLACK
6
CONTINUOUS
10
30.5586659999999988
20
-62.4830139999999972
11
30.6112000000000002
21
-62.325415999999997
0
LINE
8
BLACK
6
CONTINUOUS
10
30.6112000000000002
20
-62.325415999999997
11
30.6112000000000002
21
-61.2783279999999948
0
LINE
8
BLACK
6
CONTINUOUS
10
30.6112000000000002
20
-61.2783279999999948
11
30.6140819999999998
21
-61.2490639999999971
0
LINE
8
BLACK
6
CONTINUOUS
10
30.6140819999999998
20
-61.2490639999999971
11
30.6364799999999988
21
-61.1949919999999992
0
LINE
8
BLACK
6
CONTINUOUS
10
30.6364799999999988
20
-61.1949919999999992
11
30.6778639999999996
21
-61.1536079999999984
0
LINE
8
BLACK
6
CONTINUOUS
10
30.6778639999999996
20
-61.1536079999999984
11
30.7319359999999975
21
-61.1312099999999958
0
LINE
8
BLACK
6
CONTINUOUS
10
30.7319359999999975
20
-61.1312099999999958
11
30.7904640000000001
21
-61.1312099999999958
0
LINE
8
BLACK
6
CONTINUOUS
10
30.7904640000000001
20
-61.1312099999999958
11
30.844535999999998
21
-61.1536079999999984
0
LINE
8
BLACK
6
CONTINUOUS
10
31.8470409999999973
20
-61.1312099999999958
11
31.8618919999999974
21
-61.1312099999999958
0
LINE
8
BLACK
6
CONTINUOUS
10
31.8618919999999974
20
-61.1312099999999958
11
31.8754659999999994
21
-61.1368319999999983
0
LINE
8
BLACK
6
CONTINUOUS
10
31.8754659999999994
20
-61.1368319999999983
11
31.8898849999999996
21
-61.1396850000000001
0
LINE
8
BLACK
6
CONTINUOUS
10
31.8898849999999996
20
-61.1396850000000001
11
31.9022449999999971
21
-61.1479250000000008
0
LINE
8
BLACK
6
CONTINUOUS
10
31.9022449999999971
20
-61.1479250000000008
11
31.9159639999999989
21
-61.1536079999999984
0
LINE
8
BLACK
6
CONTINUOUS
10
31.9159639999999989
20
-61.1536079999999984
11
31.9263529999999989
21
-61.1639969999999948
0
LINE
8
BLACK
6
CONTINUOUS
10
31.9263529999999989
20
-61.1639969999999948
11
31.9385839999999988
21
-61.1721509999999995
0
LINE
8
BLACK
6
CONTINUOUS
10
31.9385839999999988
20
-61.1721509999999995
11
31.9468490000000003
21
-61.1844929999999962
0
LINE
8
BLACK
6
CONTINUOUS
10
31.9468490000000003
20
-61.1844929999999962
11
31.9573479999999996
21
-61.1949919999999992
0
LINE
8
BLACK
6
CONTINUOUS
10
31.9573479999999996
20
-61.1949919999999992
11
31.9629709999999996
21
-61.2085679999999996
0
LINE
8
BLACK
6
CONTINUOUS
10
31.9629709999999996
20
-61.2085679999999996
11
31.971149999999998
21
-61.2207809999999952
0
LINE
8
BLACK
6
CONTINUOUS
10
31.971149999999998
20
-61.2207809999999952
11
31.974062
21
-61.2353430000000003
0
LINE
8
BLACK
6
CONTINUOUS
10
31.974062
20
-61.2353430000000003
11
31.9797459999999987
21
-61.2490639999999971
0
LINE
8
BLACK
6
CONTINUOUS
10
31.9797459999999987
20
-61.2490639999999971
11
31.9825969999999984
21
-61.2780159999999938
0
LINE
8
BLACK
6
CONTINUOUS
10
31.9825969999999984
20
-61.2780159999999938
11
31.9826279999999983
21
-61.2781699999999958
0
LINE
8
BLACK
6
CONTINUOUS
10
31.9826279999999983
20
-61.2781699999999958
11
31.9826169999999976
21
-61.2782219999999995
0
LINE
8
BLACK
6
CONTINUOUS
10
31.9826169999999976
20
-61.2782219999999995
11
31.9826279999999983
21
-61.2783279999999948
0
LINE
8
BLACK
6
CONTINUOUS
10
31.9826279999999983
20
-61.2783279999999948
11
31.9826279999999983
21
-62.6283279999999962
0
LINE
8
BLACK
6
CONTINUOUS
10
31.9826279999999983
20
-62.6283279999999962
11
32.2611999999999952
21
-62.6283279999999962
0
LINE
8
BLACK
6
CONTINUOUS
10
32.2611999999999952
20
-62.6283279999999962
11
32.2904640000000001
21
-62.6312099999999958
0
LINE
8
BLACK
6
CONTINUOUS
10
32.2904640000000001
20
-62.6312099999999958
11
32.344535999999998
21
-62.6536079999999984
0
LINE
8
BLACK
6
CONTINUOUS
10
32.344535999999998
20
-62.6536079999999984
11
32.3859199999999987
21
-62.6949919999999992
0
LINE
8
BLACK
6
CONTINUOUS
10
32.3859199999999987
20
-62.6949919999999992
11
32.4083180000000013
21
-62.7490639999999971
0
LINE
8
BLACK
6
CONTINUOUS
10
32.4083180000000013
20
-62.7490639999999971
11
32.4083180000000013
21
-62.8075919999999996
0
LINE
8
BLACK
6
CONTINUOUS
10
32.4083180000000013
20
-62.8075919999999996
11
32.3859199999999987
21
-62.8616639999999975
0
LINE
8
BLACK
6
CONTINUOUS
10
32.3859199999999987
20
-62.8616639999999975
11
32.344535999999998
21
-62.9030479999999983
0
LINE
8
BLACK
6
CONTINUOUS
10
32.344535999999998
20
-62.9030479999999983
11
32.2904640000000001
21
-62.9254459999999938
0
LINE
8
BLACK
6
CONTINUOUS
10
32.2904640000000001
20
-62.9254459999999938
11
32.2611999999999952
21
-62.9283280000000005
0
LINE
8
BLACK
6
CONTINUOUS
10
32.2611999999999952
20
-62.9283280000000005
11
31.4040569999999981
21
-62.9283280000000005
0
LINE
8
BLACK
6
CONTINUOUS
10
31.4040569999999981
20
-62.9283280000000005
11
31.3747929999999968
21
-62.9254459999999938
0
LINE
8
BLACK
6
CONTINUOUS
10
31.3747929999999968
20
-62.9254459999999938
11
31.3207209999999989
21
-62.9030479999999983
0
LINE
8
BLACK
6
CONTINUOUS
10
31.3207209999999989
20
-62.9030479999999983
11
31.2793369999999982
21
-62.8616639999999975
0
LINE
8
BLACK
6
CONTINUOUS
10
31.2793369999999982
20
-62.8616639999999975
11
31.2569389999999991
21
-62.8075919999999996
0
LINE
8
BLACK
6
CONTINUOUS
10
31.2569389999999991
20
-62.8075919999999996
11
31.2569389999999991
21
-62.7490639999999971
0
LINE
8
BLACK
6
CONTINUOUS
10
31.2569389999999991
20
-62.7490639999999971
11
31.2793369999999982
21
-62.6949919999999992
0
LINE
8
BLACK
6
CONTINUOUS
10
31.2793369999999982
20
-62.6949919999999992
11
31.3207209999999989
21
-62.6536079999999984
0
LINE
8
BLACK
6
CONTINUOUS
10
31.3207209999999989
20
-62.6536079999999984
11
31.3747929999999968
21
-62.6312099999999958
0
LINE
8
BLACK
6
CONTINUOUS
10
31.3747929999999968
20
-62.6312099999999958
11
31.4040569999999981
21
-62.6283279999999962
0
LINE
8
BLACK
6
CONTINUOUS
10
31.4040569999999981
20
-62.6283279999999962
11
31.6826279999999976
21
-62.6283279999999962
0
LINE
8
BLACK
6
CONTINUOUS
10
31.6826279999999976
20
-62.6283279999999962
11
31.6826279999999976
21
-61.7118889999999993
0
LINE
8
BLACK
6
CONTINUOUS
10
31.6826279999999976
20
-61.7118889999999993
11
31.6529799999999994
21
-61.7415369999999939
0
LINE
8
BLACK
6
CONTINUOUS
10
31.6529799999999994
20
-61.7415369999999939
11
31.6414779999999993
21
-61.7509759999999943
0
LINE
8
BLACK
6
CONTINUOUS
10
31.6414779999999993
20
-61.7509759999999943
11
31.6388819999999988
21
-61.7539699999999954
0
LINE
8
BLACK
6
CONTINUOUS
10
31.6388819999999988
20
-61.7539699999999954
11
31.6343679999999985
21
-61.7568099999999944
0
LINE
8
BLACK
6
CONTINUOUS
10
31.6343679999999985
20
-61.7568099999999944
11
31.6302489999999992
21
-61.7601919999999964
0
LINE
8
BLACK
6
CONTINUOUS
10
31.6302489999999992
20
-61.7601919999999964
11
31.6265889999999992
21
-61.7617069999999941
0
LINE
8
BLACK
6
CONTINUOUS
10
31.6265889999999992
20
-61.7617069999999941
11
31.6139960000000002
21
-61.7696349999999939
0
LINE
8
BLACK
6
CONTINUOUS
10
31.6139960000000002
20
-61.7696349999999939
11
31.4711389999999973
21
-61.8410639999999958
0
LINE
8
BLACK
6
CONTINUOUS
10
31.4711389999999973
20
-61.8410639999999958
11
31.443676
21
-61.8515729999999948
0
LINE
8
BLACK
6
CONTINUOUS
10
31.443676
20
-61.8515729999999948
11
31.3852960000000003
21
-61.8557220000000001
0
LINE
8
BLACK
6
CONTINUOUS
10
31.3852960000000003
20
-61.8557220000000001
11
31.3297729999999994
21
-61.8372150000000005
0
LINE
8
BLACK
6
CONTINUOUS
10
31.3297729999999994
20
-61.8372150000000005
11
31.2855579999999982
21
-61.7988679999999988
0
LINE
8
BLACK
6
CONTINUOUS
10
31.2855579999999982
20
-61.7988679999999988
11
31.2593839999999972
21
-61.7465189999999993
0
LINE
8
BLACK
6
CONTINUOUS
10
31.2593839999999972
20
-61.7465189999999993
11
31.255234999999999
21
-61.6881389999999996
0
LINE
8
BLACK
6
CONTINUOUS
10
31.255234999999999
20
-61.6881389999999996
11
31.2737419999999986
21
-61.6326159999999987
0
LINE
8
BLACK
6
CONTINUOUS
10
31.2737419999999986
20
-61.6326159999999987
11
31.3120890000000003
21
-61.5884009999999975
0
LINE
8
BLACK
6
CONTINUOUS
10
31.3120890000000003
20
-61.5884009999999975
11
31.3369749999999989
21
-61.572735999999999
0
LINE
8
BLACK
6
CONTINUOUS
10
31.3369749999999989
20
-61.572735999999999
11
31.4580599999999997
21
-61.5121919999999989
0
LINE
8
BLACK
6
CONTINUOUS
10
31.4580599999999997
20
-61.5121919999999989
11
31.5732009999999974
21
-61.3970509999999976
0
LINE
8
BLACK
6
CONTINUOUS
10
31.5732009999999974
20
-61.3970509999999976
11
31.7078209999999991
21
-61.1951229999999953
0
LINE
8
BLACK
6
CONTINUOUS
10
31.7078209999999991
20
-61.1951229999999953
11
31.7078869999999995
21
-61.1950419999999937
0
LINE
8
BLACK
6
CONTINUOUS
10
31.7078869999999995
20
-61.1950419999999937
11
31.7079079999999998
21
-61.1949919999999992
0
LINE
8
BLACK
6
CONTINUOUS
10
31.7079079999999998
20
-61.1949919999999992
11
31.7080190000000002
21
-61.1948799999999977
0
LINE
8
BLACK
6
CONTINUOUS
10
31.7080190000000002
20
-61.1948799999999977
11
31.7264509999999973
21
-61.1723719999999958
0
LINE
8
BLACK
6
CONTINUOUS
10
31.7264509999999973
20
-61.1723719999999958
11
31.7387929999999976
21
-61.1641059999999968
0
LINE
8
BLACK
6
CONTINUOUS
10
31.7387929999999976
20
-61.1641059999999968
11
31.749291999999997
21
-61.1536079999999984
0
LINE
8
BLACK
6
CONTINUOUS
10
31.749291999999997
20
-61.1536079999999984
11
31.7628679999999974
21
-61.1479839999999939
0
LINE
8
BLACK
6
CONTINUOUS
10
31.7628679999999974
20
-61.1479839999999939
11
31.7750810000000001
21
-61.1398060000000001
0
LINE
8
BLACK
6
CONTINUOUS
10
31.7750810000000001
20
-61.1398060000000001
11
31.7896419999999971
21
-61.1368930000000006
0
LINE
8
BLACK
6
CONTINUOUS
10
31.7896419999999971
20
-61.1368930000000006
11
31.8033639999999984
21
-61.1312099999999958
0
LINE
8
BLACK
6
CONTINUOUS
10
31.8033639999999984
20
-61.1312099999999958
11
31.8180610000000001
21
-61.1312099999999958
0
LINE
8
BLACK
6
CONTINUOUS
10
31.8180610000000001
20
-61.1312099999999958
11
31.8324709999999982
21
-61.1283279999999962
0
LINE
8
BLACK
6
CONTINUOUS
10
31.8324709999999982
20
-61.1283279999999962
11
31.8470409999999973
21
-61.1312099999999958
0
LINE
8
BLACK
6
CONTINUOUS
10
55.5329419999999985
20
-60.4616009999999946
11
55.6868869999999987
21
-60.5253669999999957
0
LINE
8
BLACK
6
CONTINUOUS
10
55.6868869999999987
20
-60.5253669999999957
11
55.8254339999999942
21
-60.6179409999999947
0
LINE
8
BLACK
6
CONTINUOUS
10
55.8254339999999942
20
-60.6179409999999947
11
55.9432589999999976
21
-60.7357659999999981
0
LINE
8
BLACK
6
CONTINUOUS
10
55.9432589999999976
20
-60.7357659999999981
11
56.0358329999999967
21
-60.8743130000000008
0
LINE
8
BLACK
6
CONTINUOUS
10
56.0358329999999967
20
-60.8743130000000008
11
56.0995989999999978
21
-61.0282579999999939
0
LINE
8
BLACK
6
CONTINUOUS
10
56.0995989999999978
20
-61.0282579999999939
11
56.1321069999999978
21
-61.1916849999999997
0
LINE
8
BLACK
6
CONTINUOUS
10
56.1321069999999978
20
-61.1916849999999997
11
56.1321069999999978
21
-61.3583149999999975
0
LINE
8
BLACK
6
CONTINUOUS
10
56.1321069999999978
20
-61.3583149999999975
11
56.0995989999999978
21
-61.5217419999999962
0
LINE
8
BLACK
6
CONTINUOUS
10
56.0995989999999978
20
-61.5217419999999962
11
56.0358329999999967
21
-61.6756869999999964
0
LINE
8
BLACK
6
CONTINUOUS
10
56.0358329999999967
20
-61.6756869999999964
11
55.9432589999999976
21
-61.814233999999999
0
LINE
8
BLACK
6
CONTINUOUS
10
55.9432589999999976
20
-61.814233999999999
11
55.8254339999999942
21
-61.9320589999999953
0
LINE
8
BLACK
6
CONTINUOUS
10
55.8254339999999942
20
-61.9320589999999953
11
55.6868869999999987
21
-62.0246329999999944
0
LINE
8
BLACK
6
CONTINUOUS
10
55.6868869999999987
20
-62.0246329999999944
11
55.5329419999999985
21
-62.0883989999999955
0
LINE
8
BLACK
6
CONTINUOUS
10
55.5329419999999985
20
-62.0883989999999955
11
55.3695149999999998
21
-62.1209069999999954
0
LINE
8
BLACK
6
CONTINUOUS
10
55.3695149999999998
20
-62.1209069999999954
11
55.2028849999999949
21
-62.1209069999999954
0
LINE
8
BLACK
6
CONTINUOUS
10
55.2028849999999949
20
-62.1209069999999954
11
55.0394579999999962
21
-62.0883989999999955
0
LINE
8
BLACK
6
CONTINUOUS
10
55.0394579999999962
20
-62.0883989999999955
11
54.885512999999996
21
-62.0246329999999944
0
LINE
8
BLACK
6
CONTINUOUS
10
54.885512999999996
20
-62.0246329999999944
11
54.7469660000000005
21
-61.9320589999999953
0
LINE
8
BLACK
6
CONTINUOUS
10
54.7469660000000005
20
-61.9320589999999953
11
54.6291409999999971
21
-61.814233999999999
0
LINE
8
BLACK
6
CONTINUOUS
10
54.6291409999999971
20
-61.814233999999999
11
54.536566999999998
21
-61.6756869999999964
0
LINE
8
BLACK
6
CONTINUOUS
10
54.536566999999998
20
-61.6756869999999964
11
54.4728009999999969
21
-61.5217419999999962
0
LINE
8
BLACK
6
CONTINUOUS
10
54.4728009999999969
20
-61.5217419999999962
11
54.4402929999999969
21
-61.3583149999999975
0
LINE
8
BLACK
6
CONTINUOUS
10
54.4402929999999969
20
-61.3583149999999975
11
54.4402929999999969
21
-61.1916849999999997
0
LINE
8
BLACK
6
CONTINUOUS
10
54.4402929999999969
20
-61.1916849999999997
11
54.4728009999999969
21
-61.0282579999999939
0
LINE
8
BLACK
6
CONTINUOUS
10
54.4728009999999969
20
-61.0282579999999939
11
54.536566999999998
21
-60.8743130000000008
0
LINE
8
BLACK
6
CONTINUOUS
10
54.536566999999998
20
-60.8743130000000008
11
54.6291409999999971
21
-60.7357659999999981
0
LINE
8
BLACK
6
CONTINUOUS
10
54.6291409999999971
20
-60.7357659999999981
11
54.7469660000000005
21
-60.6179409999999947
0
LINE
8
BLACK
6
CONTINUOUS
10
54.7469660000000005
20
-60.6179409999999947
11
54.885512999999996
21
-60.5253669999999957
0
LINE
8
BLACK
6
CONTINUOUS
10
54.885512999999996
20
-60.5253669999999957
11
55.0394579999999962
21
-60.4616009999999946
0
LINE
8
BLACK
6
CONTINUOUS
10
55.0394579999999962
20
-60.4616009999999946
11
55.2028849999999949
21
-60.4290929999999946
0
LINE
8
BLACK
6
CONTINUOUS
10
55.2028849999999949
20
-60.4290929999999946
11
55.3695149999999998
21
-60.4290929999999946
0
LINE
8
BLACK
6
CONTINUOUS
10
55.3695149999999998
20
-60.4290929999999946
11
55.5329419999999985
21
-60.4616009999999946
0
LINE
8
BLACK
6
CONTINUOUS
10
55.5329419999999985
20
-57.9216009999999955
11
55.6868869999999987
21
-57.9853669999999966
0
LINE
8
BLACK
6
CONTINUOUS
10
55.6868869999999987
20
-57.9853669999999966
11
55.8254339999999942
21
-58.0779409999999956
0
LINE
8
BLACK
6
CONTINUOUS
10
55.8254339999999942
20
-58.0779409999999956
11
55.9432589999999976
21
-58.195765999999999
0
LINE
8
BLACK
6
CONTINUOUS
10
55.9432589999999976
20
-58.195765999999999
11
56.0358329999999967
21
-58.3343129999999945
0
LINE
8
BLACK
6
CONTINUOUS
10
56.0358329999999967
20
-58.3343129999999945
11
56.0995989999999978
21
-58.4882579999999948
0
LINE
8
BLACK
6
CONTINUOUS
10
56.0995989999999978
20
-58.4882579999999948
11
56.1321069999999978
21
-58.6516850000000005
0
LINE
8
BLACK
6
CONTINUOUS
10
56.1321069999999978
20
-58.6516850000000005
11
56.1321069999999978
21
-58.8183149999999983
0
LINE
8
BLACK
6
CONTINUOUS
10
56.1321069999999978
20
-58.8183149999999983
11
56.0995989999999978
21
-58.981741999999997
0
LINE
8
BLACK
6
CONTINUOUS
10
56.0995989999999978
20
-58.981741999999997
11
56.0358329999999967
21
-59.1356869999999972
0
LINE
8
BLACK
6
CONTINUOUS
10
56.0358329999999967
20
-59.1356869999999972
11
55.9432589999999976
21
-59.2742339999999999
0
LINE
8
BLACK
6
CONTINUOUS
10
55.9432589999999976
20
-59.2742339999999999
11
55.8254339999999942
21
-59.3920589999999962
0
LINE
8
BLACK
6
CONTINUOUS
10
55.8254339999999942
20
-59.3920589999999962
11
55.6868869999999987
21
-59.4846329999999952
0
LINE
8
BLACK
6
CONTINUOUS
10
55.6868869999999987
20
-59.4846329999999952
11
55.5329419999999985
21
-59.5483989999999963
0
LINE
8
BLACK
6
CONTINUOUS
10
55.5329419999999985
20
-59.5483989999999963
11
55.3695149999999998
21
-59.5809069999999963
0
LINE
8
BLACK
6
CONTINUOUS
10
55.3695149999999998
20
-59.5809069999999963
11
55.2028849999999949
21
-59.5809069999999963
0
LINE
8
BLACK
6
CONTINUOUS
10
55.2028849999999949
20
-59.5809069999999963
11
55.0394579999999962
21
-59.5483989999999963
0
LINE
8
BLACK
6
CONTINUOUS
10
55.0394579999999962
20
-59.5483989999999963
11
54.885512999999996
21
-59.4846329999999952
0
LINE
8
BLACK
6
CONTINUOUS
10
54.885512999999996
20
-59.4846329999999952
11
54.7469660000000005
21
-59.3920589999999962
0
LINE
8
BLACK
6
CONTINUOUS
10
54.7469660000000005
20
-59.3920589999999962
11
54.6291409999999971
21
-59.2742339999999999
0
LINE
8
BLACK
6
CONTINUOUS
10
54.6291409999999971
20
-59.2742339999999999
11
54.536566999999998
21
-59.1356869999999972
0
LINE
8
BLACK
6
CONTINUOUS
10
54.536566999999998
20
-59.1356869999999972
11
54.4728009999999969
21
-58.981741999999997
0
LINE
8
BLACK
6
CONTINUOUS
10
54.4728009999999969
20
-58.981741999999997
11
54.4402929999999969
21
-58.8183149999999983
0
LINE
8
BLACK
6
CONTINUOUS
10
54.4402929999999969
20
-58.8183149999999983
11
54.4402929999999969
21
-58.6516850000000005
0
LINE
8
BLACK
6
CONTINUOUS
10
54.4402929999999969
20
-58.6516850000000005
11
54.4728009999999969
21
-58.4882579999999948
0
LINE
8
BLACK
6
CONTINUOUS
10
54.4728009999999969
20
-58.4882579999999948
11
54.536566999999998
21
-58.3343129999999945
0
LINE
8
BLACK
6
CONTINUOUS
10
54.536566999999998
20
-58.3343129999999945
11
54.6291409999999971
21
-58.195765999999999
0
LINE
8
BLACK
6
CONTINUOUS
10
54.6291409999999971
20
-58.195765999999999
11
54.7469660000000005
21
-58.0779409999999956
0
LINE
8
BLACK
6
CONTINUOUS
10
54.7469660000000005
20
-58.0779409999999956
11
54.885512999999996
21
-57.9853669999999966
0
LINE
8
BLACK
6
CONTINUOUS
10
54.885512999999996
20
-57.9853669999999966
11
55.0394579999999962
21
-57.9216009999999955
0
LINE
8
BLACK
6
CONTINUOUS
10
55.0394579999999962
20
-57.9216009999999955
11
55.2028849999999949
21
-57.8890929999999955
0
LINE
8
BLACK
6
CONTINUOUS
10
55.2028849999999949
20
-57.8890929999999955
11
55.3695149999999998
21
-57.8890929999999955
0
LINE
8
BLACK
6
CONTINUOUS
10
55.3695149999999998
20
-57.8890929999999955
11
55.5329419999999985
21
-57.9216009999999955
0
LINE
8
BLACK
6
CONTINUOUS
10
55.5329419999999985
20
-55.3816009999999963
11
55.6868869999999987
21
-55.4453669999999974
0
LINE
8
BLACK
6
CONTINUOUS
10
55.6868869999999987
20
-55.4453669999999974
11
55.8254339999999942
21
-55.5379409999999964
0
LINE
8
BLACK
6
CONTINUOUS
10
55.8254339999999942
20
-55.5379409999999964
11
55.9432589999999976
21
-55.6557659999999998
0
LINE
8
BLACK
6
CONTINUOUS
10
55.9432589999999976
20
-55.6557659999999998
11
56.0358329999999967
21
-55.7943129999999954
0
LINE
8
BLACK
6
CONTINUOUS
10
56.0358329999999967
20
-55.7943129999999954
11
56.0995989999999978
21
-55.9482579999999956
0
LINE
8
BLACK
6
CONTINUOUS
10
56.0995989999999978
20
-55.9482579999999956
11
56.1321069999999978
21
-56.1116849999999943
0
LINE
8
BLACK
6
CONTINUOUS
10
56.1321069999999978
20
-56.1116849999999943
11
56.1321069999999978
21
-56.2783149999999992
0
LINE
8
BLACK
6
CONTINUOUS
10
56.1321069999999978
20
-56.2783149999999992
11
56.0995989999999978
21
-56.4417419999999979
0
LINE
8
BLACK
6
CONTINUOUS
10
56.0995989999999978
20
-56.4417419999999979
11
56.0358329999999967
21
-56.5956869999999981
0
LINE
8
BLACK
6
CONTINUOUS
10
56.0358329999999967
20
-56.5956869999999981
11
55.9432589999999976
21
-56.7342340000000007
0
LINE
8
BLACK
6
CONTINUOUS
10
55.9432589999999976
20
-56.7342340000000007
11
55.8254339999999942
21
-56.852058999999997
0
LINE
8
BLACK
6
CONTINUOUS
10
55.8254339999999942
20
-56.852058999999997
11
55.6868869999999987
21
-56.9446329999999961
0
LINE
8
BLACK
6
CONTINUOUS
10
55.6868869999999987
20
-56.9446329999999961
11
55.5329419999999985
21
-57.0083989999999972
0
LINE
8
BLACK
6
CONTINUOUS
10
55.5329419999999985
20
-57.0083989999999972
11
55.3695149999999998
21
-57.0409069999999971
0
LINE
8
BLACK
6
CONTINUOUS
10
55.3695149999999998
20
-57.0409069999999971
11
55.2028849999999949
21
-57.0409069999999971
0
LINE
8
BLACK
6
CONTINUOUS
10
55.2028849999999949
20
-57.0409069999999971
11
55.0394579999999962
21
-57.0083989999999972
0
LINE
8
BLACK
6
CONTINUOUS
10
55.0394579999999962
20
-57.0083989999999972
11
54.885512999999996
21
-56.9446329999999961
0
LINE
8
BLACK
6
CONTINUOUS
10
54.885512999999996
20
-56.9446329999999961
11
54.7469660000000005
21
-56.852058999999997
0
LINE
8
BLACK
6
CONTINUOUS
10
54.7469660000000005
20
-56.852058999999997
11
54.6291409999999971
21
-56.7342340000000007
0
LINE
8
BLACK
6
CONTINUOUS
10
54.6291409999999971
20
-56.7342340000000007
11
54.536566999999998
21
-56.5956869999999981
0
LINE
8
BLACK
6
CONTINUOUS
10
54.536566999999998
20
-56.5956869999999981
11
54.4728009999999969
21
-56.4417419999999979
0
LINE
8
BLACK
6
CONTINUOUS
10
54.4728009999999969
20
-56.4417419999999979
11
54.4402929999999969
21
-56.2783149999999992
0
LINE
8
BLACK
6
CONTINUOUS
10
54.4402929999999969
20
-56.2783149999999992
11
54.4402929999999969
21
-56.1116849999999943
0
LINE
8
BLACK
6
CONTINUOUS
10
54.4402929999999969
20
-56.1116849999999943
11
54.4728009999999969
21
-55.9482579999999956
0
LINE
8
BLACK
6
CONTINUOUS
10
54.4728009999999969
20
-55.9482579999999956
11
54.536566999999998
21
-55.7943129999999954
0
LINE
8
BLACK
6
CONTINUOUS
10
54.536566999999998
20
-55.7943129999999954
11
54.6291409999999971
21
-55.6557659999999998
0
LINE
8
BLACK
6
CONTINUOUS
10
54.6291409999999971
20
-55.6557659999999998
11
54.7469660000000005
21
-55.5379409999999964
0
LINE
8
BLACK
6
CONTINUOUS
10
54.7469660000000005
20
-55.5379409999999964
11
54.885512999999996
21
-55.4453669999999974
0
LINE
8
BLACK
6
CONTINUOUS
10
54.885512999999996
20
-55.4453669999999974
11
55.0394579999999962
21
-55.3816009999999963
0
LINE
8
BLACK
6
CONTINUOUS
10
55.0394579999999962
20
-55.3816009999999963
11
55.2028849999999949
21
-55.3490929999999963
0
LINE
8
BLACK
6
CONTINUOUS
10
55.2028849999999949
20
-55.3490929999999963
11
55.3695149999999998
21
-55.3490929999999963
0
LINE
8
BLACK
6
CONTINUOUS
10
55.3695149999999998
20
-55.3490929999999963
11
55.5329419999999985
21
-55.3816009999999963
0
LINE
8
BLACK
6
CONTINUOUS
10
56.1361999999999952
20
-54.5049999999999955
11
54.4361999999999995
21
-54.5049999999999955
0
LINE
8
BLACK
6
CONTINUOUS
10
54.4361999999999995
20
-54.5049999999999955
11
54.4361999999999995
21
-52.8049999999999997
0
LINE
8
BLACK
6
CONTINUOUS
10
54.4361999999999995
20
-52.8049999999999997
11
56.1361999999999952
21
-52.8049999999999997
0
LINE
8
BLACK
6
CONTINUOUS
10
56.1361999999999952
20
-52.8049999999999997
11
56.1361999999999952
21
-54.5049999999999955
0
LINE
8
BLACK
6
CONTINUOUS
10
102.1111999999999966
20
-45.7149999999999963
11
100.4111999999999938
21
-45.7149999999999963
0
LINE
8
BLACK
6
CONTINUOUS
10
100.4111999999999938
20
-45.7149999999999963
11
100.4111999999999938
21
-44.0150000000000006
0
LINE
8
BLACK
6
CONTINUOUS
10
100.4111999999999938
20
-44.0150000000000006
11
102.1111999999999966
21
-44.0150000000000006
0
LINE
8
BLACK
6
CONTINUOUS
10
102.1111999999999966
20
-44.0150000000000006
11
102.1111999999999966
21
-45.7149999999999963
0
LINE
8
BLACK
6
CONTINUOUS
10
102.0256129999999928
20
-40.401209999999999
11
102.0404640000000001
21
-40.401209999999999
0
LINE
8
BLACK
6
CONTINUOUS
10
102.0404640000000001
20
-40.401209999999999
11
102.0540379999999914
21
-40.4068320000000014
0
LINE
8
BLACK
6
CONTINUOUS
10
102.0540379999999914
20
-40.4068320000000014
11
102.0684569999999951
21
-40.4096849999999961
0
LINE
8
BLACK
6
CONTINUOUS
10
102.0684569999999951
20
-40.4096849999999961
11
102.0808169999999961
21
-40.4179249999999968
0
LINE
8
BLACK
6
CONTINUOUS
10
102.0808169999999961
20
-40.4179249999999968
11
102.0945359999999908
21
-40.4236080000000015
0
LINE
8
BLACK
6
CONTINUOUS
10
102.0945359999999908
20
-40.4236080000000015
11
102.1049249999999944
21
-40.433996999999998
0
LINE
8
BLACK
6
CONTINUOUS
10
102.1049249999999944
20
-40.433996999999998
11
102.1171559999999943
21
-40.4421509999999955
0
LINE
8
BLACK
6
CONTINUOUS
10
102.1171559999999943
20
-40.4421509999999955
11
102.1254209999999887
21
-40.4544929999999994
0
LINE
8
BLACK
6
CONTINUOUS
10
102.1254209999999887
20
-40.4544929999999994
11
102.1359199999999987
21
-40.4649919999999952
0
LINE
8
BLACK
6
CONTINUOUS
10
102.1359199999999987
20
-40.4649919999999952
11
102.1415429999999986
21
-40.4785679999999957
0
LINE
8
BLACK
6
CONTINUOUS
10
102.1415429999999986
20
-40.4785679999999957
11
102.149721999999997
21
-40.4907809999999984
0
LINE
8
BLACK
6
CONTINUOUS
10
102.149721999999997
20
-40.4907809999999984
11
102.1526339999999919
21
-40.5053429999999963
0
LINE
8
BLACK
6
CONTINUOUS
10
102.1526339999999919
20
-40.5053429999999963
11
102.1583179999999942
21
-40.5190640000000002
0
LINE
8
BLACK
6
CONTINUOUS
10
102.1583179999999942
20
-40.5190640000000002
11
102.161169000000001
21
-40.548015999999997
0
LINE
8
BLACK
6
CONTINUOUS
10
102.161169000000001
20
-40.548015999999997
11
102.1611999999999938
21
-40.5481699999999989
0
LINE
8
BLACK
6
CONTINUOUS
10
102.1611999999999938
20
-40.5481699999999989
11
102.1611889999999931
21
-40.5482219999999955
0
LINE
8
BLACK
6
CONTINUOUS
10
102.1611889999999931
20
-40.5482219999999955
11
102.1611999999999938
21
-40.5483279999999979
0
LINE
8
BLACK
6
CONTINUOUS
10
102.1611999999999938
20
-40.5483279999999979
11
102.1611999999999938
21
-41.8983279999999993
0
LINE
8
BLACK
6
CONTINUOUS
10
102.1611999999999938
20
-41.8983279999999993
11
102.4397719999999907
21
-41.8983279999999993
0
LINE
8
BLACK
6
CONTINUOUS
10
102.4397719999999907
20
-41.8983279999999993
11
102.4690359999999885
21
-41.901209999999999
0
LINE
8
BLACK
6
CONTINUOUS
10
102.4690359999999885
20
-41.901209999999999
11
102.5231079999999935
21
-41.9236080000000015
0
LINE
8
BLACK
6
CONTINUOUS
10
102.5231079999999935
20
-41.9236080000000015
11
102.5644920000000013
21
-41.9649919999999952
0
LINE
8
BLACK
6
CONTINUOUS
10
102.5644920000000013
20
-41.9649919999999952
11
102.5868899999999968
21
-42.0190640000000002
0
LINE
8
BLACK
6
CONTINUOUS
10
102.5868899999999968
20
-42.0190640000000002
11
102.5868899999999968
21
-42.0775919999999957
0
LINE
8
BLACK
6
CONTINUOUS
10
102.5868899999999968
20
-42.0775919999999957
11
102.5644920000000013
21
-42.1316640000000007
0
LINE
8
BLACK
6
CONTINUOUS
10
102.5644920000000013
20
-42.1316640000000007
11
102.5231079999999935
21
-42.1730480000000014
0
LINE
8
BLACK
6
CONTINUOUS
10
102.5231079999999935
20
-42.1730480000000014
11
102.4690359999999885
21
-42.1954459999999969
0
LINE
8
BLACK
6
CONTINUOUS
10
102.4690359999999885
20
-42.1954459999999969
11
102.4397719999999907
21
-42.1983279999999965
0
LINE
8
BLACK
6
CONTINUOUS
10
102.4397719999999907
20
-42.1983279999999965
11
101.5826289999999972
21
-42.1983279999999965
0
LINE
8
BLACK
6
CONTINUOUS
10
101.5826289999999972
20
-42.1983279999999965
11
101.5533649999999994
21
-42.1954459999999969
0
LINE
8
BLACK
6
CONTINUOUS
10
101.5533649999999994
20
-42.1954459999999969
11
101.4992929999999944
21
-42.1730480000000014
0
LINE
8
BLACK
6
CONTINUOUS
10
101.4992929999999944
20
-42.1730480000000014
11
101.4579090000000008
21
-42.1316640000000007
0
LINE
8
BLACK
6
CONTINUOUS
10
101.4579090000000008
20
-42.1316640000000007
11
101.4355109999999911
21
-42.0775919999999957
0
LINE
8
BLACK
6
CONTINUOUS
10
101.4355109999999911
20
-42.0775919999999957
11
101.4355109999999911
21
-42.0190640000000002
0
LINE
8
BLACK
6
CONTINUOUS
10
101.4355109999999911
20
-42.0190640000000002
11
101.4579090000000008
21
-41.9649919999999952
0
LINE
8
BLACK
6
CONTINUOUS
10
101.4579090000000008
20
-41.9649919999999952
11
101.4992929999999944
21
-41.9236080000000015
0
LINE
8
BLACK
6
CONTINUOUS
10
101.4992929999999944
20
-41.9236080000000015
11
101.5533649999999994
21
-41.901209999999999
0
LINE
8
BLACK
6
CONTINUOUS
10
101.5533649999999994
20
-41.901209999999999
11
101.5826289999999972
21
-41.8983279999999993
0
LINE
8
BLACK
6
CONTINUOUS
10
101.5826289999999972
20
-41.8983279999999993
11
101.8611999999999966
21
-41.8983279999999993
0
LINE
8
BLACK
6
CONTINUOUS
10
101.8611999999999966
20
-41.8983279999999993
11
101.8611999999999966
21
-40.9818889999999953
0
LINE
8
BLACK
6
CONTINUOUS
10
101.8611999999999966
20
-40.9818889999999953
11
101.8315520000000021
21
-41.011536999999997
0
LINE
8
BLACK
6
CONTINUOUS
10
101.8315520000000021
20
-41.011536999999997
11
101.8200499999999948
21
-41.0209759999999974
0
LINE
8
BLACK
6
CONTINUOUS
10
101.8200499999999948
20
-41.0209759999999974
11
101.8174539999999979
21
-41.0239699999999985
0
LINE
8
BLACK
6
CONTINUOUS
10
101.8174539999999979
20
-41.0239699999999985
11
101.8129399999999976
21
-41.0268099999999976
0
LINE
8
BLACK
6
CONTINUOUS
10
101.8129399999999976
20
-41.0268099999999976
11
101.8088209999999947
21
-41.0301919999999996
0
LINE
8
BLACK
6
CONTINUOUS
10
101.8088209999999947
20
-41.0301919999999996
11
101.8051609999999982
21
-41.0317069999999973
0
LINE
8
BLACK
6
CONTINUOUS
10
101.8051609999999982
20
-41.0317069999999973
11
101.7925679999999886
21
-41.039634999999997
0
LINE
8
BLACK
6
CONTINUOUS
10
101.7925679999999886
20
-41.039634999999997
11
101.6497109999999964
21
-41.1110639999999989
0
LINE
8
BLACK
6
CONTINUOUS
10
101.6497109999999964
20
-41.1110639999999989
11
101.622247999999999
21
-41.1215729999999979
0
LINE
8
BLACK
6
CONTINUOUS
10
101.622247999999999
20
-41.1215729999999979
11
101.5638679999999994
21
-41.1257219999999961
0
LINE
8
BLACK
6
CONTINUOUS
10
101.5638679999999994
20
-41.1257219999999961
11
101.5083449999999914
21
-41.1072149999999965
0
LINE
8
BLACK
6
CONTINUOUS
10
101.5083449999999914
20
-41.1072149999999965
11
101.4641299999999973
21
-41.0688679999999948
0
LINE
8
BLACK
6
CONTINUOUS
10
101.4641299999999973
20
-41.0688679999999948
11
101.4379559999999998
21
-41.0165189999999953
0
LINE
8
BLACK
6
CONTINUOUS
10
101.4379559999999998
20
-41.0165189999999953
11
101.4338070000000016
21
-40.9581389999999956
0
LINE
8
BLACK
6
CONTINUOUS
10
101.4338070000000016
20
-40.9581389999999956
11
101.4523140000000012
21
-40.9026159999999948
0
LINE
8
BLACK
6
CONTINUOUS
10
101.4523140000000012
20
-40.9026159999999948
11
101.4906609999999887
21
-40.8584010000000006
0
LINE
8
BLACK
6
CONTINUOUS
10
101.4906609999999887
20
-40.8584010000000006
11
101.515546999999998
21
-40.842735999999995
0
LINE
8
BLACK
6
CONTINUOUS
10
101.515546999999998
20
-40.842735999999995
11
101.6366319999999916
21
-40.7821919999999949
0
LINE
8
BLACK
6
CONTINUOUS
10
101.6366319999999916
20
-40.7821919999999949
11
101.751773
21
-40.6670510000000007
0
LINE
8
BLACK
6
CONTINUOUS
10
101.751773
20
-40.6670510000000007
11
101.8863929999999982
21
-40.4651229999999984
0
LINE
8
BLACK
6
CONTINUOUS
10
101.8863929999999982
20
-40.4651229999999984
11
101.8864590000000021
21
-40.4650419999999968
0
LINE
8
BLACK
6
CONTINUOUS
10
101.8864590000000021
20
-40.4650419999999968
11
101.8864799999999917
21
-40.4649919999999952
0
LINE
8
BLACK
6
CONTINUOUS
10
101.8864799999999917
20
-40.4649919999999952
11
101.8865909999999957
21
-40.4648800000000008
0
LINE
8
BLACK
6
CONTINUOUS
10
101.8865909999999957
20
-40.4648800000000008
11
101.9050229999999999
21
-40.4423719999999989
0
LINE
8
BLACK
6
CONTINUOUS
10
101.9050229999999999
20
-40.4423719999999989
11
101.9173649999999895
21
-40.4341059999999999
0
LINE
8
BLACK
6
CONTINUOUS
10
101.9173649999999895
20
-40.4341059999999999
11
101.9278639999999996
21
-40.4236080000000015
0
LINE
8
BLACK
6
CONTINUOUS
10
101.9278639999999996
20
-40.4236080000000015
11
101.9414400000000001
21
-40.417983999999997
0
LINE
8
BLACK
6
CONTINUOUS
10
101.9414400000000001
20
-40.417983999999997
11
101.9536529999999885
21
-40.4098059999999961
0
LINE
8
BLACK
6
CONTINUOUS
10
101.9536529999999885
20
-40.4098059999999961
11
101.968213999999989
21
-40.4068929999999966
0
LINE
8
BLACK
6
CONTINUOUS
10
101.968213999999989
20
-40.4068929999999966
11
101.9819359999999904
21
-40.401209999999999
0
LINE
8
BLACK
6
CONTINUOUS
10
101.9819359999999904
20
-40.401209999999999
11
101.9966329999999886
21
-40.401209999999999
0
LINE
8
BLACK
6
CONTINUOUS
10
101.9966329999999886
20
-40.401209999999999
11
102.0110430000000008
21
-40.3983279999999993
0
LINE
8
BLACK
6
CONTINUOUS
10
102.0110430000000008
20
-40.3983279999999993
11
102.0256129999999928
21
-40.401209999999999
0
LINE
8
BLACK
6
CONTINUOUS
10
100.7547500000000014
20
-40.401209999999999
11
100.7597299999999905
21
-40.4032729999999987
0
LINE
8
BLACK
6
CONTINUOUS
10
100.7597299999999905
20
-40.4032729999999987
11
100.7651049999999913
21
-40.4036550000000005
0
LINE
8
BLACK
6
CONTINUOUS
10
100.7651049999999913
20
-40.4036550000000005
11
100.7925679999999886
21
-40.4141639999999995
0
LINE
8
BLACK
6
CONTINUOUS
10
100.7925679999999886
20
-40.4141639999999995
11
100.9354249999999951
21
-40.4855930000000015
0
LINE
8
BLACK
6
CONTINUOUS
10
100.9354249999999951
20
-40.4855930000000015
11
100.9480199999999996
21
-40.4935210000000012
0
LINE
8
BLACK
6
CONTINUOUS
10
100.9480199999999996
20
-40.4935210000000012
11
100.9516769999999894
21
-40.4950359999999989
0
LINE
8
BLACK
6
CONTINUOUS
10
100.9516769999999894
20
-40.4950359999999989
11
100.9557939999999974
21
-40.4984150000000014
0
LINE
8
BLACK
6
CONTINUOUS
10
100.9557939999999974
20
-40.4984150000000014
11
100.9603109999999901
21
-40.501258
0
LINE
8
BLACK
6
CONTINUOUS
10
100.9603109999999901
20
-40.501258
11
100.9629079999999988
21
-40.504252000000001
0
LINE
8
BLACK
6
CONTINUOUS
10
100.9629079999999988
20
-40.504252000000001
11
100.9744079999999968
21
-40.5136899999999969
0
LINE
8
BLACK
6
CONTINUOUS
10
100.9744079999999968
20
-40.5136899999999969
11
101.0458369999999917
21
-40.5851180000000014
0
LINE
8
BLACK
6
CONTINUOUS
10
101.0458369999999917
20
-40.5851180000000014
11
101.0552789999999987
21
-40.596623000000001
0
LINE
8
BLACK
6
CONTINUOUS
10
101.0552789999999987
20
-40.596623000000001
11
101.0582709999999906
21
-40.5992180000000005
0
LINE
8
BLACK
6
CONTINUOUS
10
101.0582709999999906
20
-40.5992180000000005
11
101.0611099999999993
21
-40.6037279999999967
0
LINE
8
BLACK
6
CONTINUOUS
10
101.0611099999999993
20
-40.6037279999999967
11
101.0644920000000013
21
-40.6078490000000016
0
LINE
8
BLACK
6
CONTINUOUS
10
101.0644920000000013
20
-40.6078490000000016
11
101.066006999999999
21
-40.6115080000000006
0
LINE
8
BLACK
6
CONTINUOUS
10
101.066006999999999
20
-40.6115080000000006
11
101.0739359999999891
21
-40.6241029999999981
0
LINE
8
BLACK
6
CONTINUOUS
10
101.0739359999999891
20
-40.6241029999999981
11
101.1453640000000007
21
-40.7669609999999949
0
LINE
8
BLACK
6
CONTINUOUS
10
101.1453640000000007
20
-40.7669609999999949
11
101.1558739999999972
21
-40.7944239999999994
0
LINE
8
BLACK
6
CONTINUOUS
10
101.1558739999999972
20
-40.7944239999999994
11
101.1562550000000016
21
-40.7997990000000001
0
LINE
8
BLACK
6
CONTINUOUS
10
101.1562550000000016
20
-40.7997990000000001
11
101.1583179999999942
21
-40.8047779999999989
0
LINE
8
BLACK
6
CONTINUOUS
10
101.1583179999999942
20
-40.8047779999999989
11
101.1611999999999938
21
-40.8340419999999966
0
LINE
8
BLACK
6
CONTINUOUS
10
101.1611999999999938
20
-40.8340419999999966
11
101.1611999999999938
21
-41.0483279999999979
0
LINE
8
BLACK
6
CONTINUOUS
10
101.1611999999999938
20
-41.0483279999999979
11
101.1583179999999942
21
-41.0775919999999957
0
LINE
8
BLACK
6
CONTINUOUS
10
101.1583179999999942
20
-41.0775919999999957
11
101.1562550000000016
21
-41.0825699999999969
0
LINE
8
BLACK
6
CONTINUOUS
10
101.1562550000000016
20
-41.0825699999999969
11
101.1558739999999972
21
-41.0879459999999952
0
LINE
8
BLACK
6
CONTINUOUS
10
101.1558739999999972
20
-41.0879459999999952
11
101.1453640000000007
21
-41.1154089999999997
0
LINE
8
BLACK
6
CONTINUOUS
10
101.1453640000000007
20
-41.1154089999999997
11
101.0739359999999891
21
-41.2582669999999965
0
LINE
8
BLACK
6
CONTINUOUS
10
101.0739359999999891
20
-41.2582669999999965
11
101.066008999999994
21
-41.2708579999999969
0
LINE
8
BLACK
6
CONTINUOUS
10
101.066008999999994
20
-41.2708579999999969
11
101.0644929999999988
21
-41.2745199999999954
0
LINE
8
BLACK
6
CONTINUOUS
10
101.0644929999999988
20
-41.2745199999999954
11
101.0611090000000019
21
-41.2786419999999978
0
LINE
8
BLACK
6
CONTINUOUS
10
101.0611090000000019
20
-41.2786419999999978
11
101.0582709999999906
21
-41.2831520000000012
0
LINE
8
BLACK
6
CONTINUOUS
10
101.0582709999999906
20
-41.2831520000000012
11
101.0552789999999987
21
-41.2857459999999961
0
LINE
8
BLACK
6
CONTINUOUS
10
101.0552789999999987
20
-41.2857459999999961
11
101.0458379999999892
21
-41.2972509999999957
0
LINE
8
BLACK
6
CONTINUOUS
10
101.0458379999999892
20
-41.2972509999999957
11
100.9744089999999943
21
-41.3686799999999977
0
LINE
8
BLACK
6
CONTINUOUS
10
100.9744089999999943
20
-41.3686799999999977
11
100.9629070000000013
21
-41.3781189999999981
0
LINE
8
BLACK
6
CONTINUOUS
10
100.9629070000000013
20
-41.3781189999999981
11
100.9603109999999901
21
-41.3811129999999991
0
LINE
8
BLACK
6
CONTINUOUS
10
100.9603109999999901
20
-41.3811129999999991
11
100.9557969999999898
21
-41.3839529999999982
0
LINE
8
BLACK
6
CONTINUOUS
10
100.9557969999999898
20
-41.3839529999999982
11
100.9516780000000011
21
-41.3873350000000002
0
LINE
8
BLACK
6
CONTINUOUS
10
100.9516780000000011
20
-41.3873350000000002
11
100.9480179999999905
21
-41.3888499999999979
0
LINE
8
BLACK
6
CONTINUOUS
10
100.9480179999999905
20
-41.3888499999999979
11
100.9354249999999951
21
-41.3967779999999976
0
LINE
8
BLACK
6
CONTINUOUS
10
100.9354249999999951
20
-41.3967779999999976
11
100.7925679999999886
21
-41.468205999999995
0
LINE
8
BLACK
6
CONTINUOUS
10
100.7925679999999886
20
-41.468205999999995
11
100.7651039999999938
21
-41.4787159999999986
0
LINE
8
BLACK
6
CONTINUOUS
10
100.7651039999999938
20
-41.4787159999999986
11
100.7597279999999955
21
-41.4790969999999959
0
LINE
8
BLACK
6
CONTINUOUS
10
100.7597279999999955
20
-41.4790969999999959
11
100.7547500000000014
21
-41.4811599999999956
0
LINE
8
BLACK
6
CONTINUOUS
10
100.7547500000000014
20
-41.4811599999999956
11
100.7254859999999894
21
-41.4840419999999952
0
LINE
8
BLACK
6
CONTINUOUS
10
100.7254859999999894
20
-41.4840419999999952
11
100.3040570000000002
21
-41.4840419999999952
0
LINE
8
BLACK
6
CONTINUOUS
10
100.3040570000000002
20
-41.4840419999999952
11
100.3040570000000002
21
-42.0483279999999979
0
LINE
8
BLACK
6
CONTINUOUS
10
100.3040570000000002
20
-42.0483279999999979
11
100.3011750000000006
21
-42.0775919999999957
0
LINE
8
BLACK
6
CONTINUOUS
10
100.3011750000000006
20
-42.0775919999999957
11
100.2787769999999909
21
-42.1316640000000007
0
LINE
8
BLACK
6
CONTINUOUS
10
100.2787769999999909
20
-42.1316640000000007
11
100.2373929999999973
21
-42.1730480000000014
0
LINE
8
BLACK
6
CONTINUOUS
10
100.2373929999999973
20
-42.1730480000000014
11
100.1833209999999923
21
-42.1954459999999969
0
LINE
8
BLACK
6
CONTINUOUS
10
100.1833209999999923
20
-42.1954459999999969
11
100.1247929999999968
21
-42.1954459999999969
0
LINE
8
BLACK
6
CONTINUOUS
10
100.1247929999999968
20
-42.1954459999999969
11
100.0707209999999918
21
-42.1730480000000014
0
LINE
8
BLACK
6
CONTINUOUS
10
100.0707209999999918
20
-42.1730480000000014
11
100.0293369999999982
21
-42.1316640000000007
0
LINE
8
BLACK
6
CONTINUOUS
10
100.0293369999999982
20
-42.1316640000000007
11
100.0069389999999885
21
-42.0775919999999957
0
LINE
8
BLACK
6
CONTINUOUS
10
100.0069389999999885
20
-42.0775919999999957
11
100.0040569999999889
21
-42.0483279999999979
0
LINE
8
BLACK
6
CONTINUOUS
10
100.0040569999999889
20
-42.0483279999999979
11
100.0040569999999889
21
-40.5483279999999979
0
LINE
8
BLACK
6
CONTINUOUS
10
100.0040569999999889
20
-40.5483279999999979
11
100.0069389999999885
21
-40.5190640000000002
0
LINE
8
BLACK
6
CONTINUOUS
10
100.0069389999999885
20
-40.5190640000000002
11
100.0293369999999982
21
-40.4649919999999952
0
LINE
8
BLACK
6
CONTINUOUS
10
100.0293369999999982
20
-40.4649919999999952
11
100.0707209999999918
21
-40.4236080000000015
0
LINE
8
BLACK
6
CONTINUOUS
10
100.0707209999999918
20
-40.4236080000000015
11
100.1247929999999968
21
-40.401209999999999
0
LINE
8
BLACK
6
CONTINUOUS
10
100.1247929999999968
20
-40.401209999999999
11
100.1540569999999946
21
-40.3983279999999993
0
LINE
8
BLACK
6
CONTINUOUS
10
100.1540569999999946
20
-40.3983279999999993
11
100.7254859999999894
21
-40.3983279999999993
0
LINE
8
BLACK
6
CONTINUOUS
10
100.7254859999999894
20
-40.3983279999999993
11
100.7547500000000014
21
-40.401209999999999
0
LINE
8
BLACK
6
CONTINUOUS
10
100.3040570000000002
20
-41.184041999999998
11
100.6900759999999906
21
-41.184041999999998
0
LINE
8
BLACK
6
CONTINUOUS
10
100.6900759999999906
20
-41.184041999999998
11
100.7794880000000006
21
-41.1393360000000001
0
LINE
8
BLACK
6
CONTINUOUS
10
100.7794880000000006
20
-41.1393360000000001
11
100.8164929999999941
21
-41.1023309999999995
0
LINE
8
BLACK
6
CONTINUOUS
10
100.8164929999999941
20
-41.1023309999999995
11
100.8611999999999966
21
-41.0129179999999991
0
LINE
8
BLACK
6
CONTINUOUS
10
100.8611999999999966
20
-41.0129179999999991
11
100.8611999999999966
21
-40.869450999999998
0
LINE
8
BLACK
6
CONTINUOUS
10
100.8611999999999966
20
-40.869450999999998
11
100.8164939999999916
21
-40.780038999999995
0
LINE
8
BLACK
6
CONTINUOUS
10
100.8164939999999916
20
-40.780038999999995
11
100.7794899999999956
21
-40.743034999999999
0
LINE
8
BLACK
6
CONTINUOUS
10
100.7794899999999956
20
-40.743034999999999
11
100.6900759999999906
21
-40.6983279999999965
0
LINE
8
BLACK
6
CONTINUOUS
10
100.6900759999999906
20
-40.6983279999999965
11
100.3040570000000002
21
-40.6983279999999965
0
LINE
8
BLACK
6
CONTINUOUS
10
100.3040570000000002
20
-40.6983279999999965
11
100.3040570000000002
21
-41.184041999999998
0
LINE
8
BLACK
6
CONTINUOUS
10
83.2445359999999965
20
-91.7336079999999896
11
83.2859199999999902
21
-91.7749919999999975
0
LINE
8
BLACK
6
CONTINUOUS
10
83.2859199999999902
20
-91.7749919999999975
11
83.3083179999999999
21
-91.8290640000000025
0
LINE
8
BLACK
6
CONTINUOUS
10
83.3083179999999999
20
-91.8290640000000025
11
83.3111999999999995
21
-91.8583280000000002
0
LINE
8
BLACK
6
CONTINUOUS
10
83.3111999999999995
20
-91.8583280000000002
11
83.3111999999999995
21
-92.9297569999999951
0
LINE
8
BLACK
6
CONTINUOUS
10
83.3111999999999995
20
-92.9297569999999951
11
83.3097410000000025
21
-92.9445679999999896
0
LINE
8
BLACK
6
CONTINUOUS
10
83.3097410000000025
20
-92.9445679999999896
11
83.3100219999999894
21
-92.9485179999999929
0
LINE
8
BLACK
6
CONTINUOUS
10
83.3100219999999894
20
-92.9485179999999929
11
83.3088399999999893
21
-92.9537119999999959
0
LINE
8
BLACK
6
CONTINUOUS
10
83.3088399999999893
20
-92.9537119999999959
11
83.3083179999999999
21
-92.9590209999999928
0
LINE
8
BLACK
6
CONTINUOUS
10
83.3083179999999999
20
-92.9590209999999928
11
83.306800999999993
21
-92.9626820000000009
0
LINE
8
BLACK
6
CONTINUOUS
10
83.306800999999993
20
-92.9626820000000009
11
83.3035019999999946
21
-92.9771920000000023
0
LINE
8
BLACK
6
CONTINUOUS
10
83.3035019999999946
20
-92.9771920000000023
11
83.2320729999999998
21
-93.1914769999999919
0
LINE
8
BLACK
6
CONTINUOUS
10
83.2320729999999998
20
-93.1914769999999919
11
83.2200849999999974
21
-93.2183270000000022
0
LINE
8
BLACK
6
CONTINUOUS
10
83.2200849999999974
20
-93.2183270000000022
11
83.2165540000000021
21
-93.2223970000000008
0
LINE
8
BLACK
6
CONTINUOUS
10
83.2165540000000021
20
-93.2223970000000008
11
83.2144919999999928
21
-93.2273769999999899
0
LINE
8
BLACK
6
CONTINUOUS
10
83.2144919999999928
20
-93.2273769999999899
11
83.1958369999999974
21
-93.2501079999999973
0
LINE
8
BLACK
6
CONTINUOUS
10
83.1958369999999974
20
-93.2501079999999973
11
83.0529799999999909
21
-93.3929660000000013
0
LINE
8
BLACK
6
CONTINUOUS
10
83.0529799999999909
20
-93.3929660000000013
11
83.0302499999999952
21
-93.4116209999999967
0
LINE
8
BLACK
6
CONTINUOUS
10
83.0302499999999952
20
-93.4116209999999967
11
83.0252699999999919
21
-93.4136829999999918
0
LINE
8
BLACK
6
CONTINUOUS
10
83.0252699999999919
20
-93.4136829999999918
11
83.0211989999999957
21
-93.4172149999999988
0
LINE
8
BLACK
6
CONTINUOUS
10
83.0211989999999957
20
-93.4172149999999988
11
82.9943480000000022
21
-93.4292030000000011
0
LINE
8
BLACK
6
CONTINUOUS
10
82.9943480000000022
20
-93.4292030000000011
11
82.7800620000000009
21
-93.5006309999999985
0
LINE
8
BLACK
6
CONTINUOUS
10
82.7800620000000009
20
-93.5006309999999985
11
82.7655489999999929
21
-93.5039299999999969
0
LINE
8
BLACK
6
CONTINUOUS
10
82.7655489999999929
20
-93.5039299999999969
11
82.7618920000000031
21
-93.5054459999999921
0
LINE
8
BLACK
6
CONTINUOUS
10
82.7618920000000031
20
-93.5054459999999921
11
82.7565889999999911
21
-93.5059679999999958
0
LINE
8
BLACK
6
CONTINUOUS
10
82.7565889999999911
20
-93.5059679999999958
11
82.7513879999999915
21
-93.5071509999999932
0
LINE
8
BLACK
6
CONTINUOUS
10
82.7513879999999915
20
-93.5071509999999932
11
82.7474330000000009
21
-93.5068689999999947
0
LINE
8
BLACK
6
CONTINUOUS
10
82.7474330000000009
20
-93.5068689999999947
11
82.7326279999999912
21
-93.5083279999999917
0
LINE
8
BLACK
6
CONTINUOUS
10
82.7326279999999912
20
-93.5083279999999917
11
82.5897709999999989
21
-93.5083279999999917
0
LINE
8
BLACK
6
CONTINUOUS
10
82.5897709999999989
20
-93.5083279999999917
11
82.5605070000000012
21
-93.5054459999999921
0
LINE
8
BLACK
6
CONTINUOUS
10
82.5605070000000012
20
-93.5054459999999921
11
82.5064349999999962
21
-93.4830479999999966
0
LINE
8
BLACK
6
CONTINUOUS
10
82.5064349999999962
20
-93.4830479999999966
11
82.4650510000000025
21
-93.4416639999999887
0
LINE
8
BLACK
6
CONTINUOUS
10
82.4650510000000025
20
-93.4416639999999887
11
82.4426529999999929
21
-93.3875919999999979
0
LINE
8
BLACK
6
CONTINUOUS
10
82.4426529999999929
20
-93.3875919999999979
11
82.4426529999999929
21
-93.3290640000000025
0
LINE
8
BLACK
6
CONTINUOUS
10
82.4426529999999929
20
-93.3290640000000025
11
82.4650510000000025
21
-93.2749919999999975
0
LINE
8
BLACK
6
CONTINUOUS
10
82.4650510000000025
20
-93.2749919999999975
11
82.5064349999999962
21
-93.2336079999999896
0
LINE
8
BLACK
6
CONTINUOUS
10
82.5064349999999962
20
-93.2336079999999896
11
82.5605070000000012
21
-93.2112099999999941
0
LINE
8
BLACK
6
CONTINUOUS
10
82.5605070000000012
20
-93.2112099999999941
11
82.5897709999999989
21
-93.2083279999999945
0
LINE
8
BLACK
6
CONTINUOUS
10
82.5897709999999989
20
-93.2083279999999945
11
82.7082849999999894
21
-93.2083279999999945
0
LINE
8
BLACK
6
CONTINUOUS
10
82.7082849999999894
20
-93.2083279999999945
11
82.8658870000000007
21
-93.1557940000000002
0
LINE
8
BLACK
6
CONTINUOUS
10
82.8658870000000007
20
-93.1557940000000002
11
82.9586659999999938
21
-93.0630139999999955
0
LINE
8
BLACK
6
CONTINUOUS
10
82.9586659999999938
20
-93.0630139999999955
11
83.0112000000000023
21
-92.9054160000000024
0
LINE
8
BLACK
6
CONTINUOUS
10
83.0112000000000023
20
-92.9054160000000024
11
83.0112000000000023
21
-91.8583280000000002
0
LINE
8
BLACK
6
CONTINUOUS
10
83.0112000000000023
20
-91.8583280000000002
11
83.0140820000000019
21
-91.8290640000000025
0
LINE
8
BLACK
6
CONTINUOUS
10
83.0140820000000019
20
-91.8290640000000025
11
83.0364799999999974
21
-91.7749919999999975
0
LINE
8
BLACK
6
CONTINUOUS
10
83.0364799999999974
20
-91.7749919999999975
11
83.0778639999999911
21
-91.7336079999999896
0
LINE
8
BLACK
6
CONTINUOUS
10
83.0778639999999911
20
-91.7336079999999896
11
83.1319359999999961
21
-91.7112099999999941
0
LINE
8
BLACK
6
CONTINUOUS
10
83.1319359999999961
20
-91.7112099999999941
11
83.1904639999999915
21
-91.7112099999999941
0
LINE
8
BLACK
6
CONTINUOUS
10
83.1904639999999915
20
-91.7112099999999941
11
83.2445359999999965
21
-91.7336079999999896
0
LINE
8
BLACK
6
CONTINUOUS
10
84.2354849999999971
20
-91.6565859999999901
11
84.2796989999999937
21
-91.6949339999999893
0
LINE
8
BLACK
6
CONTINUOUS
10
84.2796989999999937
20
-91.6949339999999893
11
84.3058729999999912
21
-91.747281000000001
0
LINE
8
BLACK
6
CONTINUOUS
10
84.3058729999999912
20
-91.747281000000001
11
84.3100219999999894
21
-91.8056610000000006
0
LINE
8
BLACK
6
CONTINUOUS
10
84.3100219999999894
20
-91.8056610000000006
11
84.3035019999999946
21
-91.8343349999999958
0
LINE
8
BLACK
6
CONTINUOUS
10
84.3035019999999946
20
-91.8343349999999958
11
84.0121699999999976
21
-92.7083279999999945
0
LINE
8
BLACK
6
CONTINUOUS
10
84.0121699999999976
20
-92.7083279999999945
11
84.3683429999999959
21
-92.7083279999999945
0
LINE
8
BLACK
6
CONTINUOUS
10
84.3683429999999959
20
-92.7083279999999945
11
84.3683429999999959
21
-92.3583280000000002
0
LINE
8
BLACK
6
CONTINUOUS
10
84.3683429999999959
20
-92.3583280000000002
11
84.3712249999999955
21
-92.3290640000000025
0
LINE
8
BLACK
6
CONTINUOUS
10
84.3712249999999955
20
-92.3290640000000025
11
84.393622999999991
21
-92.2749919999999975
0
LINE
8
BLACK
6
CONTINUOUS
10
84.393622999999991
20
-92.2749919999999975
11
84.4350069999999988
21
-92.2336079999999896
0
LINE
8
BLACK
6
CONTINUOUS
10
84.4350069999999988
20
-92.2336079999999896
11
84.4890789999999896
21
-92.2112099999999941
0
LINE
8
BLACK
6
CONTINUOUS
10
84.4890789999999896
20
-92.2112099999999941
11
84.5476069999999993
21
-92.2112099999999941
0
LINE
8
BLACK
6
CONTINUOUS
10
84.5476069999999993
20
-92.2112099999999941
11
84.6016789999999901
21
-92.2336079999999896
0
LINE
8
BLACK
6
CONTINUOUS
10
84.6016789999999901
20
-92.2336079999999896
11
84.6430629999999979
21
-92.2749919999999975
0
LINE
8
BLACK
6
CONTINUOUS
10
84.6430629999999979
20
-92.2749919999999975
11
84.6654609999999934
21
-92.3290640000000025
0
LINE
8
BLACK
6
CONTINUOUS
10
84.6654609999999934
20
-92.3290640000000025
11
84.668342999999993
21
-92.3583280000000002
0
LINE
8
BLACK
6
CONTINUOUS
10
84.668342999999993
20
-92.3583280000000002
11
84.668342999999993
21
-92.7083279999999945
0
LINE
8
BLACK
6
CONTINUOUS
10
84.668342999999993
20
-92.7083279999999945
11
84.7326279999999912
21
-92.7083279999999945
0
LINE
8
BLACK
6
CONTINUOUS
10
84.7326279999999912
20
-92.7083279999999945
11
84.7618920000000031
21
-92.7112099999999941
0
LINE
8
BLACK
6
CONTINUOUS
10
84.7618920000000031
20
-92.7112099999999941
11
84.8159639999999939
21
-92.7336079999999896
0
LINE
8
BLACK
6
CONTINUOUS
10
84.8159639999999939
20
-92.7336079999999896
11
84.8573480000000018
21
-92.7749919999999975
0
LINE
8
BLACK
6
CONTINUOUS
10
84.8573480000000018
20
-92.7749919999999975
11
84.8797459999999973
21
-92.8290640000000025
0
LINE
8
BLACK
6
CONTINUOUS
10
84.8797459999999973
20
-92.8290640000000025
11
84.8797459999999973
21
-92.8875919999999979
0
LINE
8
BLACK
6
CONTINUOUS
10
84.8797459999999973
20
-92.8875919999999979
11
84.8573480000000018
21
-92.9416639999999887
0
LINE
8
BLACK
6
CONTINUOUS
10
84.8573480000000018
20
-92.9416639999999887
11
84.8159639999999939
21
-92.9830479999999966
0
LINE
8
BLACK
6
CONTINUOUS
10
84.8159639999999939
20
-92.9830479999999966
11
84.7618920000000031
21
-93.0054459999999921
0
LINE
8
BLACK
6
CONTINUOUS
10
84.7618920000000031
20
-93.0054459999999921
11
84.7326279999999912
21
-93.0083279999999917
0
LINE
8
BLACK
6
CONTINUOUS
10
84.7326279999999912
20
-93.0083279999999917
11
84.668342999999993
21
-93.0083279999999917
0
LINE
8
BLACK
6
CONTINUOUS
10
84.668342999999993
20
-93.0083279999999917
11
84.668342999999993
21
-93.3583280000000002
0
LINE
8
BLACK
6
CONTINUOUS
10
84.668342999999993
20
-93.3583280000000002
11
84.6654609999999934
21
-93.3875919999999979
0
LINE
8
BLACK
6
CONTINUOUS
10
84.6654609999999934
20
-93.3875919999999979
11
84.6430629999999979
21
-93.4416639999999887
0
LINE
8
BLACK
6
CONTINUOUS
10
84.6430629999999979
20
-93.4416639999999887
11
84.6016789999999901
21
-93.4830479999999966
0
LINE
8
BLACK
6
CONTINUOUS
10
84.6016789999999901
20
-93.4830479999999966
11
84.5476069999999993
21
-93.5054459999999921
0
LINE
8
BLACK
6
CONTINUOUS
10
84.5476069999999993
20
-93.5054459999999921
11
84.4890789999999896
21
-93.5054459999999921
0
LINE
8
BLACK
6
CONTINUOUS
10
84.4890789999999896
20
-93.5054459999999921
11
84.4350069999999988
21
-93.4830479999999966
0
LINE
8
BLACK
6
CONTINUOUS
10
84.4350069999999988
20
-93.4830479999999966
11
84.393622999999991
21
-93.4416639999999887
0
LINE
8
BLACK
6
CONTINUOUS
10
84.393622999999991
20
-93.4416639999999887
11
84.3712249999999955
21
-93.3875919999999979
0
LINE
8
BLACK
6
CONTINUOUS
10
84.3712249999999955
20
-93.3875919999999979
11
84.3683429999999959
21
-93.3583280000000002
0
LINE
8
BLACK
6
CONTINUOUS
10
84.3683429999999959
20
-93.3583280000000002
11
84.3683429999999959
21
-93.0083279999999917
0
LINE
8
BLACK
6
CONTINUOUS
10
84.3683429999999959
20
-93.0083279999999917
11
83.8040570000000002
21
-93.0083279999999917
0
LINE
8
BLACK
6
CONTINUOUS
10
83.8040570000000002
20
-93.0083279999999917
11
83.789244999999994
21
-93.0068689999999947
0
LINE
8
BLACK
6
CONTINUOUS
10
83.789244999999994
20
-93.0068689999999947
11
83.7852960000000024
21
-93.0071499999999958
0
LINE
8
BLACK
6
CONTINUOUS
10
83.7852960000000024
20
-93.0071499999999958
11
83.7824439999999981
21
-93.0061989999999952
0
LINE
8
BLACK
6
CONTINUOUS
10
83.7824439999999981
20
-93.0061989999999952
11
83.7747930000000025
21
-93.0054459999999921
0
LINE
8
BLACK
6
CONTINUOUS
10
83.7747930000000025
20
-93.0054459999999921
11
83.7525779999999997
21
-92.9962439999999901
0
LINE
8
BLACK
6
CONTINUOUS
10
83.7525779999999997
20
-92.9962439999999901
11
83.729771999999997
21
-92.9886419999999987
0
LINE
8
BLACK
6
CONTINUOUS
10
83.729771999999997
20
-92.9886419999999987
11
83.7256999999999891
21
-92.9851099999999917
0
LINE
8
BLACK
6
CONTINUOUS
10
83.7256999999999891
20
-92.9851099999999917
11
83.7207209999999975
21
-92.9830479999999966
0
LINE
8
BLACK
6
CONTINUOUS
10
83.7207209999999975
20
-92.9830479999999966
11
83.7037189999999924
21
-92.9660459999999915
0
LINE
8
BLACK
6
CONTINUOUS
10
83.7037189999999924
20
-92.9660459999999915
11
83.6855580000000003
21
-92.950294999999997
0
LINE
8
BLACK
6
CONTINUOUS
10
83.6855580000000003
20
-92.950294999999997
11
83.6831469999999911
21
-92.9454739999999902
0
LINE
8
BLACK
6
CONTINUOUS
10
83.6831469999999911
20
-92.9454739999999902
11
83.6793369999999896
21
-92.9416639999999887
0
LINE
8
BLACK
6
CONTINUOUS
10
83.6793369999999896
20
-92.9416639999999887
11
83.6701359999999994
21
-92.9194519999999926
0
LINE
8
BLACK
6
CONTINUOUS
10
83.6701359999999994
20
-92.9194519999999926
11
83.6593840000000029
21
-92.8979479999999995
0
LINE
8
BLACK
6
CONTINUOUS
10
83.6593840000000029
20
-92.8979479999999995
11
83.6590009999999893
21
-92.8925720000000013
0
LINE
8
BLACK
6
CONTINUOUS
10
83.6590009999999893
20
-92.8925720000000013
11
83.6569389999999942
21
-92.8875919999999979
0
LINE
8
BLACK
6
CONTINUOUS
10
83.6569389999999942
20
-92.8875919999999979
11
83.6569389999999942
21
-92.8635439999999903
0
LINE
8
BLACK
6
CONTINUOUS
10
83.6569389999999942
20
-92.8635439999999903
11
83.6552349999999905
21
-92.8395670000000024
0
LINE
8
BLACK
6
CONTINUOUS
10
83.6552349999999905
20
-92.8395670000000024
11
83.6569389999999942
21
-92.8320729999999941
0
LINE
8
BLACK
6
CONTINUOUS
10
83.6569389999999942
20
-92.8320729999999941
11
83.6569389999999942
21
-92.8290640000000025
0
LINE
8
BLACK
6
CONTINUOUS
10
83.6569389999999942
20
-92.8290640000000025
11
83.658456000000001
21
-92.8254009999999994
0
LINE
8
BLACK
6
CONTINUOUS
10
83.658456000000001
20
-92.8254009999999994
11
83.6617549999999994
21
-92.8108939999999905
0
LINE
8
BLACK
6
CONTINUOUS
10
83.6617549999999994
20
-92.8108939999999905
11
84.0188969999999955
21
-91.7394659999999931
0
LINE
8
BLACK
6
CONTINUOUS
10
84.0188969999999955
20
-91.7394659999999931
11
84.0308859999999953
21
-91.7126149999999996
0
LINE
8
BLACK
6
CONTINUOUS
10
84.0308859999999953
20
-91.7126149999999996
11
84.069232999999997
21
-91.6684010000000029
0
LINE
8
BLACK
6
CONTINUOUS
10
84.069232999999997
20
-91.6684010000000029
11
84.1215799999999945
21
-91.6422269999999912
0
LINE
8
BLACK
6
CONTINUOUS
10
84.1215799999999945
20
-91.6422269999999912
11
84.1799599999999941
21
-91.638077999999993
0
LINE
8
BLACK
6
CONTINUOUS
10
84.1799599999999941
20
-91.638077999999993
11
84.2354849999999971
21
-91.6565859999999901
0
LINE
8
BLACK
6
CONTINUOUS
10
83.9329419999999971
20
-88.4016009999999994
11
84.0868869999999902
21
-88.4653670000000005
0
LINE
8
BLACK
6
CONTINUOUS
10
84.0868869999999902
20
-88.4653670000000005
11
84.2254339999999928
21
-88.5579409999999996
0
LINE
8
BLACK
6
CONTINUOUS
10
84.2254339999999928
20
-88.5579409999999996
11
84.3432589999999891
21
-88.6757659999999959
0
LINE
8
BLACK
6
CONTINUOUS
10
84.3432589999999891
20
-88.6757659999999959
11
84.4358330000000024
21
-88.8143129999999985
0
LINE
8
BLACK
6
CONTINUOUS
10
84.4358330000000024
20
-88.8143129999999985
11
84.4995989999999892
21
-88.9682579999999916
0
LINE
8
BLACK
6
CONTINUOUS
10
84.4995989999999892
20
-88.9682579999999916
11
84.5321069999999963
21
-89.1316849999999903
0
LINE
8
BLACK
6
CONTINUOUS
10
84.5321069999999963
20
-89.1316849999999903
11
84.5321069999999963
21
-89.2983150000000023
0
LINE
8
BLACK
6
CONTINUOUS
10
84.5321069999999963
20
-89.2983150000000023
11
84.4995989999999892
21
-89.461742000000001
0
LINE
8
BLACK
6
CONTINUOUS
10
84.4995989999999892
20
-89.461742000000001
11
84.4358330000000024
21
-89.6156869999999941
0
LINE
8
BLACK
6
CONTINUOUS
10
84.4358330000000024
20
-89.6156869999999941
11
84.3432589999999891
21
-89.7542339999999967
0
LINE
8
BLACK
6
CONTINUOUS
10
84.3432589999999891
20
-89.7542339999999967
11
84.2254339999999928
21
-89.872058999999993
0
LINE
8
BLACK
6
CONTINUOUS
10
84.2254339999999928
20
-89.872058999999993
11
84.0868869999999902
21
-89.9646329999999921
0
LINE
8
BLACK
6
CONTINUOUS
10
84.0868869999999902
20
-89.9646329999999921
11
83.9329419999999971
21
-90.0283989999999932
0
LINE
8
BLACK
6
CONTINUOUS
10
83.9329419999999971
20
-90.0283989999999932
11
83.7695149999999984
21
-90.0609070000000003
0
LINE
8
BLACK
6
CONTINUOUS
10
83.7695149999999984
20
-90.0609070000000003
11
83.6028850000000006
21
-90.0609070000000003
0
LINE
8
BLACK
6
CONTINUOUS
10
83.6028850000000006
20
-90.0609070000000003
11
83.4394580000000019
21
-90.0283989999999932
0
LINE
8
BLACK
6
CONTINUOUS
10
83.4394580000000019
20
-90.0283989999999932
11
83.2855129999999946
21
-89.9646329999999921
0
LINE
8
BLACK
6
CONTINUOUS
10
83.2855129999999946
20
-89.9646329999999921
11
83.1469659999999919
21
-89.872058999999993
0
LINE
8
BLACK
6
CONTINUOUS
10
83.1469659999999919
20
-89.872058999999993
11
83.0291409999999956
21
-89.7542339999999967
0
LINE
8
BLACK
6
CONTINUOUS
10
83.0291409999999956
20
-89.7542339999999967
11
82.9365669999999966
21
-89.6156869999999941
0
LINE
8
BLACK
6
CONTINUOUS
10
82.9365669999999966
20
-89.6156869999999941
11
82.8728009999999955
21
-89.461742000000001
0
LINE
8
BLACK
6
CONTINUOUS
10
82.8728009999999955
20
-89.461742000000001
11
82.8402930000000026
21
-89.2983150000000023
0
LINE
8
BLACK
6
CONTINUOUS
10
82.8402930000000026
20
-89.2983150000000023
11
82.8402930000000026
21
-89.1316849999999903
0
LINE
8
BLACK
6
CONTINUOUS
10
82.8402930000000026
20
-89.1316849999999903
11
82.8728009999999955
21
-88.9682579999999916
0
LINE
8
BLACK
6
CONTINUOUS
10
82.8728009999999955
20
-88.9682579999999916
11
82.9365669999999966
21
-88.8143129999999985
0
LINE
8
BLACK
6
CONTINUOUS
10
82.9365669999999966
20
-88.8143129999999985
11
83.0291409999999956
21
-88.6757659999999959
0
LINE
8
BLACK
6
CONTINUOUS
10
83.0291409999999956
20
-88.6757659999999959
11
83.1469659999999919
21
-88.5579409999999996
0
LINE
8
BLACK
6
CONTINUOUS
10
83.1469659999999919
20
-88.5579409999999996
11
83.2855129999999946
21
-88.4653670000000005
0
LINE
8
BLACK
6
CONTINUOUS
10
83.2855129999999946
20
-88.4653670000000005
11
83.4394580000000019
21
-88.4016009999999994
0
LINE
8
BLACK
6
CONTINUOUS
10
83.4394580000000019
20
-88.4016009999999994
11
83.6028850000000006
21
-88.3690929999999923
0
LINE
8
BLACK
6
CONTINUOUS
10
83.6028850000000006
20
-88.3690929999999923
11
83.7695149999999984
21
-88.3690929999999923
0
LINE
8
BLACK
6
CONTINUOUS
10
83.7695149999999984
20
-88.3690929999999923
11
83.9329419999999971
21
-88.4016009999999994
0
LINE
8
BLACK
6
CONTINUOUS
10
83.9329419999999971
20
-85.8616009999999932
11
84.0868869999999902
21
-85.9253669999999943
0
LINE
8
BLACK
6
CONTINUOUS
10
84.0868869999999902
20
-85.9253669999999943
11
84.2254339999999928
21
-86.0179409999999933
0
LINE
8
BLACK
6
CONTINUOUS
10
84.2254339999999928
20
-86.0179409999999933
11
84.3432589999999891
21
-86.1357659999999896
0
LINE
8
BLACK
6
CONTINUOUS
10
84.3432589999999891
20
-86.1357659999999896
11
84.4358330000000024
21
-86.2743129999999923
0
LINE
8
BLACK
6
CONTINUOUS
10
84.4358330000000024
20
-86.2743129999999923
11
84.4995989999999892
21
-86.4282579999999996
0
LINE
8
BLACK
6
CONTINUOUS
10
84.4995989999999892
20
-86.4282579999999996
11
84.5321069999999963
21
-86.5916849999999982
0
LINE
8
BLACK
6
CONTINUOUS
10
84.5321069999999963
20
-86.5916849999999982
11
84.5321069999999963
21
-86.7583149999999961
0
LINE
8
BLACK
6
CONTINUOUS
10
84.5321069999999963
20
-86.7583149999999961
11
84.4995989999999892
21
-86.9217419999999947
0
LINE
8
BLACK
6
CONTINUOUS
10
84.4995989999999892
20
-86.9217419999999947
11
84.4358330000000024
21
-87.0756870000000021
0
LINE
8
BLACK
6
CONTINUOUS
10
84.4358330000000024
20
-87.0756870000000021
11
84.3432589999999891
21
-87.2142339999999905
0
LINE
8
BLACK
6
CONTINUOUS
10
84.3432589999999891
20
-87.2142339999999905
11
84.2254339999999928
21
-87.332059000000001
0
LINE
8
BLACK
6
CONTINUOUS
10
84.2254339999999928
20
-87.332059000000001
11
84.0868869999999902
21
-87.424633
0
LINE
8
BLACK
6
CONTINUOUS
10
84.0868869999999902
20
-87.424633
11
83.9329419999999971
21
-87.4883990000000011
0
LINE
8
BLACK
6
CONTINUOUS
10
83.9329419999999971
20
-87.4883990000000011
11
83.7695149999999984
21
-87.520906999999994
0
LINE
8
BLACK
6
CONTINUOUS
10
83.7695149999999984
20
-87.520906999999994
11
83.6028850000000006
21
-87.520906999999994
0
LINE
8
BLACK
6
CONTINUOUS
10
83.6028850000000006
20
-87.520906999999994
11
83.4394580000000019
21
-87.4883990000000011
0
LINE
8
BLACK
6
CONTINUOUS
10
83.4394580000000019
20
-87.4883990000000011
11
83.2855129999999946
21
-87.424633
0
LINE
8
BLACK
6
CONTINUOUS
10
83.2855129999999946
20
-87.424633
11
83.1469659999999919
21
-87.332059000000001
0
LINE
8
BLACK
6
CONTINUOUS
10
83.1469659999999919
20
-87.332059000000001
11
83.0291409999999956
21
-87.2142339999999905
0
LINE
8
BLACK
6
CONTINUOUS
10
83.0291409999999956
20
-87.2142339999999905
11
82.9365669999999966
21
-87.0756870000000021
0
LINE
8
BLACK
6
CONTINUOUS
10
82.9365669999999966
20
-87.0756870000000021
11
82.8728009999999955
21
-86.9217419999999947
0
LINE
8
BLACK
6
CONTINUOUS
10
82.8728009999999955
20
-86.9217419999999947
11
82.8402930000000026
21
-86.7583149999999961
0
LINE
8
BLACK
6
CONTINUOUS
10
82.8402930000000026
20
-86.7583149999999961
11
82.8402930000000026
21
-86.5916849999999982
0
LINE
8
BLACK
6
CONTINUOUS
10
82.8402930000000026
20
-86.5916849999999982
11
82.8728009999999955
21
-86.4282579999999996
0
LINE
8
BLACK
6
CONTINUOUS
10
82.8728009999999955
20
-86.4282579999999996
11
82.9365669999999966
21
-86.2743129999999923
0
LINE
8
BLACK
6
CONTINUOUS
10
82.9365669999999966
20
-86.2743129999999923
11
83.0291409999999956
21
-86.1357659999999896
0
LINE
8
BLACK
6
CONTINUOUS
10
83.0291409999999956
20
-86.1357659999999896
11
83.1469659999999919
21
-86.0179409999999933
0
LINE
8
BLACK
6
CONTINUOUS
10
83.1469659999999919
20
-86.0179409999999933
11
83.2855129999999946
21
-85.9253669999999943
0
LINE
8
BLACK
6
CONTINUOUS
10
83.2855129999999946
20
-85.9253669999999943
11
83.4394580000000019
21
-85.8616009999999932
0
LINE
8
BLACK
6
CONTINUOUS
10
83.4394580000000019
20
-85.8616009999999932
11
83.6028850000000006
21
-85.8290930000000003
0
LINE
8
BLACK
6
CONTINUOUS
10
83.6028850000000006
20
-85.8290930000000003
11
83.7695149999999984
21
-85.8290930000000003
0
LINE
8
BLACK
6
CONTINUOUS
10
83.7695149999999984
20
-85.8290930000000003
11
83.9329419999999971
21
-85.8616009999999932
0
LINE
8
BLACK
6
CONTINUOUS
10
104.0189139999999952
20
-65.0472949999999912
11
104.1547479999999979
21
-65.10355899999999
0
LINE
8
BLACK
6
CONTINUOUS
10
104.1547479999999979
20
-65.10355899999999
11
104.2769949999999994
21
-65.1852420000000023
0
LINE
8
BLACK
6
CONTINUOUS
10
104.2769949999999994
20
-65.1852420000000023
11
104.3809579999999926
21
-65.2892049999999955
0
LINE
8
BLACK
6
CONTINUOUS
10
104.3809579999999926
20
-65.2892049999999955
11
104.4626409999999908
21
-65.411451999999997
0
LINE
8
BLACK
6
CONTINUOUS
10
104.4626409999999908
20
-65.411451999999997
11
104.5189049999999895
21
-65.5472859999999997
0
LINE
8
BLACK
6
CONTINUOUS
10
104.5189049999999895
20
-65.5472859999999997
11
104.5475890000000021
21
-65.6914869999999951
0
LINE
8
BLACK
6
CONTINUOUS
10
104.5475890000000021
20
-65.6914869999999951
11
104.5475890000000021
21
-65.8385129999999918
0
LINE
8
BLACK
6
CONTINUOUS
10
104.5475890000000021
20
-65.8385129999999918
11
104.5189049999999895
21
-65.9827140000000014
0
LINE
8
BLACK
6
CONTINUOUS
10
104.5189049999999895
20
-65.9827140000000014
11
104.4626409999999908
21
-66.1185480000000041
0
LINE
8
BLACK
6
CONTINUOUS
10
104.4626409999999908
20
-66.1185480000000041
11
104.3809579999999926
21
-66.2407949999999914
0
LINE
8
BLACK
6
CONTINUOUS
10
104.3809579999999926
20
-66.2407949999999914
11
104.2769949999999994
21
-66.3447579999999988
0
LINE
8
BLACK
6
CONTINUOUS
10
104.2769949999999994
20
-66.3447579999999988
11
104.2613779999999934
21
-66.3551920000000024
0
LINE
8
BLACK
6
CONTINUOUS
10
104.2613779999999934
20
-66.3551920000000024
11
104.1978769999999912
21
-66.4651810000000012
0
LINE
8
BLACK
6
CONTINUOUS
10
104.1978769999999912
20
-66.4651810000000012
11
104.1978679999999997
21
-66.4651889999999952
0
LINE
8
BLACK
6
CONTINUOUS
10
104.1978679999999997
20
-66.4651889999999952
11
104.1547529999999995
21
-66.5143539999999973
0
LINE
8
BLACK
6
CONTINUOUS
10
104.1547529999999995
20
-66.5143539999999973
11
86.1805529999999891
21
-84.488552999999996
0
LINE
8
BLACK
6
CONTINUOUS
10
86.1805529999999891
20
-84.488552999999996
11
86.1313959999999952
21
-84.5316609999999997
0
LINE
8
BLACK
6
CONTINUOUS
10
86.1313959999999952
20
-84.5316609999999997
11
86.1313809999999904
21
-84.531677000000002
0
LINE
8
BLACK
6
CONTINUOUS
10
86.1313809999999904
20
-84.531677000000002
11
86.0437579999999969
21
-84.58226599999999
0
LINE
8
BLACK
6
CONTINUOUS
10
86.0437579999999969
20
-84.58226599999999
11
86.0183419999999899
21
-84.5969399999999894
0
LINE
8
BLACK
6
CONTINUOUS
10
86.0183419999999899
20
-84.5969399999999894
11
85.8922629999999998
21
-84.6307230000000033
0
LINE
8
BLACK
6
CONTINUOUS
10
85.8922629999999998
20
-84.6307230000000033
11
85.892247999999995
21
-84.6307230000000033
0
LINE
8
BLACK
6
CONTINUOUS
10
85.892247999999995
20
-84.6307230000000033
11
85.8269999999999982
21
-84.6349999999999909
0
LINE
8
BLACK
6
CONTINUOUS
10
85.8269999999999982
20
-84.6349999999999909
11
84.3694739999999967
21
-84.6349999999999909
0
LINE
8
BLACK
6
CONTINUOUS
10
84.3694739999999967
20
-84.6349999999999909
11
84.3432589999999891
21
-84.6742339999999984
0
LINE
8
BLACK
6
CONTINUOUS
10
84.3432589999999891
20
-84.6742339999999984
11
84.2254339999999928
21
-84.7920589999999947
0
LINE
8
BLACK
6
CONTINUOUS
10
84.2254339999999928
20
-84.7920589999999947
11
84.0868869999999902
21
-84.8846329999999938
0
LINE
8
BLACK
6
CONTINUOUS
10
84.0868869999999902
20
-84.8846329999999938
11
83.9329419999999971
21
-84.9483989999999949
0
LINE
8
BLACK
6
CONTINUOUS
10
83.9329419999999971
20
-84.9483989999999949
11
83.7695149999999984
21
-84.980907000000002
0
LINE
8
BLACK
6
CONTINUOUS
10
83.7695149999999984
20
-84.980907000000002
11
83.6028850000000006
21
-84.980907000000002
0
LINE
8
BLACK
6
CONTINUOUS
10
83.6028850000000006
20
-84.980907000000002
11
83.4394580000000019
21
-84.9483989999999949
0
LINE
8
BLACK
6
CONTINUOUS
10
83.4394580000000019
20
-84.9483989999999949
11
83.2855129999999946
21
-84.8846329999999938
0
LINE
8
BLACK
6
CONTINUOUS
10
83.2855129999999946
20
-84.8846329999999938
11
83.1469659999999919
21
-84.7920589999999947
0
LINE
8
BLACK
6
CONTINUOUS
10
83.1469659999999919
20
-84.7920589999999947
11
83.0291409999999956
21
-84.6742339999999984
0
LINE
8
BLACK
6
CONTINUOUS
10
83.0291409999999956
20
-84.6742339999999984
11
82.9365669999999966
21
-84.5356869999999958
0
LINE
8
BLACK
6
CONTINUOUS
10
82.9365669999999966
20
-84.5356869999999958
11
82.8728009999999955
21
-84.3817420000000027
0
LINE
8
BLACK
6
CONTINUOUS
10
82.8728009999999955
20
-84.3817420000000027
11
82.8402930000000026
21
-84.2183149999999898
0
LINE
8
BLACK
6
CONTINUOUS
10
82.8402930000000026
20
-84.2183149999999898
11
82.8402930000000026
21
-84.051684999999992
0
LINE
8
BLACK
6
CONTINUOUS
10
82.8402930000000026
20
-84.051684999999992
11
82.8728009999999955
21
-83.8882579999999933
0
LINE
8
BLACK
6
CONTINUOUS
10
82.8728009999999955
20
-83.8882579999999933
11
82.9365669999999966
21
-83.7343130000000002
0
LINE
8
BLACK
6
CONTINUOUS
10
82.9365669999999966
20
-83.7343130000000002
11
83.0291409999999956
21
-83.5957659999999976
0
LINE
8
BLACK
6
CONTINUOUS
10
83.0291409999999956
20
-83.5957659999999976
11
83.1469659999999919
21
-83.4779410000000013
0
LINE
8
BLACK
6
CONTINUOUS
10
83.1469659999999919
20
-83.4779410000000013
11
83.2855129999999946
21
-83.3853670000000022
0
LINE
8
BLACK
6
CONTINUOUS
10
83.2855129999999946
20
-83.3853670000000022
11
83.4394580000000019
21
-83.3216010000000011
0
LINE
8
BLACK
6
CONTINUOUS
10
83.4394580000000019
20
-83.3216010000000011
11
83.6028850000000006
21
-83.289092999999994
0
LINE
8
BLACK
6
CONTINUOUS
10
83.6028850000000006
20
-83.289092999999994
11
83.7695149999999984
21
-83.289092999999994
0
LINE
8
BLACK
6
CONTINUOUS
10
83.7695149999999984
20
-83.289092999999994
11
83.9329419999999971
21
-83.3216010000000011
0
LINE
8
BLACK
6
CONTINUOUS
10
83.9329419999999971
20
-83.3216010000000011
11
84.0868869999999902
21
-83.3853670000000022
0
LINE
8
BLACK
6
CONTINUOUS
10
84.0868869999999902
20
-83.3853670000000022
11
84.2254339999999928
21
-83.4779410000000013
0
LINE
8
BLACK
6
CONTINUOUS
10
84.2254339999999928
20
-83.4779410000000013
11
84.3432589999999891
21
-83.5957659999999976
0
LINE
8
BLACK
6
CONTINUOUS
10
84.3432589999999891
20
-83.5957659999999976
11
84.3694739999999967
21
-83.6349999999999909
0
LINE
8
BLACK
6
CONTINUOUS
10
84.3694739999999967
20
-83.6349999999999909
11
85.6198940000000022
21
-83.6349999999999909
0
LINE
8
BLACK
6
CONTINUOUS
10
85.6198940000000022
20
-83.6349999999999909
11
103.1387589999999932
21
-66.1161329999999907
0
LINE
8
BLACK
6
CONTINUOUS
10
103.1387589999999932
20
-66.1161329999999907
11
103.0834949999999992
21
-65.9827140000000014
0
LINE
8
BLACK
6
CONTINUOUS
10
103.0834949999999992
20
-65.9827140000000014
11
103.0548110000000008
21
-65.8385129999999918
0
LINE
8
BLACK
6
CONTINUOUS
10
103.0548110000000008
20
-65.8385129999999918
11
103.0548110000000008
21
-65.6914869999999951
0
LINE
8
BLACK
6
CONTINUOUS
10
103.0548110000000008
20
-65.6914869999999951
11
103.0834949999999992
21
-65.5472859999999997
0
LINE
8
BLACK
6
CONTINUOUS
10
103.0834949999999992
20
-65.5472859999999997
11
103.139758999999998
21
-65.411451999999997
0
LINE
8
BLACK
6
CONTINUOUS
10
103.139758999999998
20
-65.411451999999997
11
103.2214419999999961
21
-65.2892049999999955
0
LINE
8
BLACK
6
CONTINUOUS
10
103.2214419999999961
20
-65.2892049999999955
11
103.3254049999999893
21
-65.1852420000000023
0
LINE
8
BLACK
6
CONTINUOUS
10
103.3254049999999893
20
-65.1852420000000023
11
103.4476519999999908
21
-65.10355899999999
0
LINE
8
BLACK
6
CONTINUOUS
10
103.4476519999999908
20
-65.10355899999999
11
103.5834859999999935
21
-65.0472949999999912
0
LINE
8
BLACK
6
CONTINUOUS
10
103.5834859999999935
20
-65.0472949999999912
11
103.7276869999999889
21
-65.0186109999999928
0
LINE
8
BLACK
6
CONTINUOUS
10
103.7276869999999889
20
-65.0186109999999928
11
103.8747129999999999
21
-65.0186109999999928
0
LINE
8
BLACK
6
CONTINUOUS
10
103.8747129999999999
20
-65.0186109999999928
11
104.0189139999999952
21
-65.0472949999999912
0
LINE
8
BLACK
6
CONTINUOUS
10
83.9329419999999971
20
-80.7816009999999949
11
84.0868869999999902
21
-80.845366999999996
0
LINE
8
BLACK
6
CONTINUOUS
10
84.0868869999999902
20
-80.845366999999996
11
84.2254339999999928
21
-80.937940999999995
0
LINE
8
BLACK
6
CONTINUOUS
10
84.2254339999999928
20
-80.937940999999995
11
84.3432589999999891
21
-81.0557659999999913
0
LINE
8
BLACK
6
CONTINUOUS
10
84.3432589999999891
20
-81.0557659999999913
11
84.4358330000000024
21
-81.194312999999994
0
LINE
8
BLACK
6
CONTINUOUS
10
84.4358330000000024
20
-81.194312999999994
11
84.4995989999999892
21
-81.3482580000000013
0
LINE
8
BLACK
6
CONTINUOUS
10
84.4995989999999892
20
-81.3482580000000013
11
84.5321069999999963
21
-81.5116849999999999
0
LINE
8
BLACK
6
CONTINUOUS
10
84.5321069999999963
20
-81.5116849999999999
11
84.5321069999999963
21
-81.6783149999999978
0
LINE
8
BLACK
6
CONTINUOUS
10
84.5321069999999963
20
-81.6783149999999978
11
84.4995989999999892
21
-81.8417419999999964
0
LINE
8
BLACK
6
CONTINUOUS
10
84.4995989999999892
20
-81.8417419999999964
11
84.4358330000000024
21
-81.9956869999999896
0
LINE
8
BLACK
6
CONTINUOUS
10
84.4358330000000024
20
-81.9956869999999896
11
84.3432589999999891
21
-82.1342339999999922
0
LINE
8
BLACK
6
CONTINUOUS
10
84.3432589999999891
20
-82.1342339999999922
11
84.2254339999999928
21
-82.2520590000000027
0
LINE
8
BLACK
6
CONTINUOUS
10
84.2254339999999928
20
-82.2520590000000027
11
84.0868869999999902
21
-82.3446330000000017
0
LINE
8
BLACK
6
CONTINUOUS
10
84.0868869999999902
20
-82.3446330000000017
11
83.9329419999999971
21
-82.4083990000000028
0
LINE
8
BLACK
6
CONTINUOUS
10
83.9329419999999971
20
-82.4083990000000028
11
83.7695149999999984
21
-82.4409069999999957
0
LINE
8
BLACK
6
CONTINUOUS
10
83.7695149999999984
20
-82.4409069999999957
11
83.6028850000000006
21
-82.4409069999999957
0
LINE
8
BLACK
6
CONTINUOUS
10
83.6028850000000006
20
-82.4409069999999957
11
83.4394580000000019
21
-82.4083990000000028
0
LINE
8
BLACK
6
CONTINUOUS
10
83.4394580000000019
20
-82.4083990000000028
11
83.2855129999999946
21
-82.3446330000000017
0
LINE
8
BLACK
6
CONTINUOUS
10
83.2855129999999946
20
-82.3446330000000017
11
83.1469659999999919
21
-82.2520590000000027
0
LINE
8
BLACK
6
CONTINUOUS
10
83.1469659999999919
20
-82.2520590000000027
11
83.0291409999999956
21
-82.1342339999999922
0
LINE
8
BLACK
6
CONTINUOUS
10
83.0291409999999956
20
-82.1342339999999922
11
82.9365669999999966
21
-81.9956869999999896
0
LINE
8
BLACK
6
CONTINUOUS
10
82.9365669999999966
20
-81.9956869999999896
11
82.8728009999999955
21
-81.8417419999999964
0
LINE
8
BLACK
6
CONTINUOUS
10
82.8728009999999955
20
-81.8417419999999964
11
82.8402930000000026
21
-81.6783149999999978
0
LINE
8
BLACK
6
CONTINUOUS
10
82.8402930000000026
20
-81.6783149999999978
11
82.8402930000000026
21
-81.5116849999999999
0
LINE
8
BLACK
6
CONTINUOUS
10
82.8402930000000026
20
-81.5116849999999999
11
82.8728009999999955
21
-81.3482580000000013
0
LINE
8
BLACK
6
CONTINUOUS
10
82.8728009999999955
20
-81.3482580000000013
11
82.9365669999999966
21
-81.194312999999994
0
LINE
8
BLACK
6
CONTINUOUS
10
82.9365669999999966
20
-81.194312999999994
11
83.0291409999999956
21
-81.0557659999999913
0
LINE
8
BLACK
6
CONTINUOUS
10
83.0291409999999956
20
-81.0557659999999913
11
83.1469659999999919
21
-80.937940999999995
0
LINE
8
BLACK
6
CONTINUOUS
10
83.1469659999999919
20
-80.937940999999995
11
83.2855129999999946
21
-80.845366999999996
0
LINE
8
BLACK
6
CONTINUOUS
10
83.2855129999999946
20
-80.845366999999996
11
83.4394580000000019
21
-80.7816009999999949
0
LINE
8
BLACK
6
CONTINUOUS
10
83.4394580000000019
20
-80.7816009999999949
11
83.6028850000000006
21
-80.749093000000002
0
LINE
8
BLACK
6
CONTINUOUS
10
83.6028850000000006
20
-80.749093000000002
11
83.7695149999999984
21
-80.749093000000002
0
LINE
8
BLACK
6
CONTINUOUS
10
83.7695149999999984
20
-80.749093000000002
11
83.9329419999999971
21
-80.7816009999999949
0
LINE
8
BLACK
6
CONTINUOUS
10
83.9329419999999971
20
-78.2416010000000028
11
84.0868869999999902
21
-78.3053669999999897
0
LINE
8
BLACK
6
CONTINUOUS
10
84.0868869999999902
20
-78.3053669999999897
11
84.2254339999999928
21
-78.397941000000003
0
LINE
8
BLACK
6
CONTINUOUS
10
84.2254339999999928
20
-78.397941000000003
11
84.3432589999999891
21
-78.5157659999999993
0
LINE
8
BLACK
6
CONTINUOUS
10
84.3432589999999891
20
-78.5157659999999993
11
84.4358330000000024
21
-78.6543130000000019
0
LINE
8
BLACK
6
CONTINUOUS
10
84.4358330000000024
20
-78.6543130000000019
11
84.4995989999999892
21
-78.808257999999995
0
LINE
8
BLACK
6
CONTINUOUS
10
84.4995989999999892
20
-78.808257999999995
11
84.5321069999999963
21
-78.9716849999999937
0
LINE
8
BLACK
6
CONTINUOUS
10
84.5321069999999963
20
-78.9716849999999937
11
84.5321069999999963
21
-79.1383149999999915
0
LINE
8
BLACK
6
CONTINUOUS
10
84.5321069999999963
20
-79.1383149999999915
11
84.4995989999999892
21
-79.3017419999999902
0
LINE
8
BLACK
6
CONTINUOUS
10
84.4995989999999892
20
-79.3017419999999902
11
84.4358330000000024
21
-79.4556869999999975
0
LINE
8
BLACK
6
CONTINUOUS
10
84.4358330000000024
20
-79.4556869999999975
11
84.3432589999999891
21
-79.5942340000000002
0
LINE
8
BLACK
6
CONTINUOUS
10
84.3432589999999891
20
-79.5942340000000002
11
84.2254339999999928
21
-79.7120589999999964
0
LINE
8
BLACK
6
CONTINUOUS
10
84.2254339999999928
20
-79.7120589999999964
11
84.0868869999999902
21
-79.8046329999999955
0
LINE
8
BLACK
6
CONTINUOUS
10
84.0868869999999902
20
-79.8046329999999955
11
83.9329419999999971
21
-79.8683989999999966
0
LINE
8
BLACK
6
CONTINUOUS
10
83.9329419999999971
20
-79.8683989999999966
11
83.7695149999999984
21
-79.9009069999999895
0
LINE
8
BLACK
6
CONTINUOUS
10
83.7695149999999984
20
-79.9009069999999895
11
83.6028850000000006
21
-79.9009069999999895
0
LINE
8
BLACK
6
CONTINUOUS
10
83.6028850000000006
20
-79.9009069999999895
11
83.4394580000000019
21
-79.8683989999999966
0
LINE
8
BLACK
6
CONTINUOUS
10
83.4394580000000019
20
-79.8683989999999966
11
83.2855129999999946
21
-79.8046329999999955
0
LINE
8
BLACK
6
CONTINUOUS
10
83.2855129999999946
20
-79.8046329999999955
11
83.1469659999999919
21
-79.7120589999999964
0
LINE
8
BLACK
6
CONTINUOUS
10
83.1469659999999919
20
-79.7120589999999964
11
83.0291409999999956
21
-79.5942340000000002
0
LINE
8
BLACK
6
CONTINUOUS
10
83.0291409999999956
20
-79.5942340000000002
11
82.9365669999999966
21
-79.4556869999999975
0
LINE
8
BLACK
6
CONTINUOUS
10
82.9365669999999966
20
-79.4556869999999975
11
82.8728009999999955
21
-79.3017419999999902
0
LINE
8
BLACK
6
CONTINUOUS
10
82.8728009999999955
20
-79.3017419999999902
11
82.8402930000000026
21
-79.1383149999999915
0
LINE
8
BLACK
6
CONTINUOUS
10
82.8402930000000026
20
-79.1383149999999915
11
82.8402930000000026
21
-78.9716849999999937
0
LINE
8
BLACK
6
CONTINUOUS
10
82.8402930000000026
20
-78.9716849999999937
11
82.8728009999999955
21
-78.808257999999995
0
LINE
8
BLACK
6
CONTINUOUS
10
82.8728009999999955
20
-78.808257999999995
11
82.9365669999999966
21
-78.6543130000000019
0
LINE
8
BLACK
6
CONTINUOUS
10
82.9365669999999966
20
-78.6543130000000019
11
83.0291409999999956
21
-78.5157659999999993
0
LINE
8
BLACK
6
CONTINUOUS
10
83.0291409999999956
20
-78.5157659999999993
11
83.1469659999999919
21
-78.397941000000003
0
LINE
8
BLACK
6
CONTINUOUS
10
83.1469659999999919
20
-78.397941000000003
11
83.2855129999999946
21
-78.3053669999999897
0
LINE
8
BLACK
6
CONTINUOUS
10
83.2855129999999946
20
-78.3053669999999897
11
83.4394580000000019
21
-78.2416010000000028
0
LINE
8
BLACK
6
CONTINUOUS
10
83.4394580000000019
20
-78.2416010000000028
11
83.6028850000000006
21
-78.2090929999999958
0
LINE
8
BLACK
6
CONTINUOUS
10
83.6028850000000006
20
-78.2090929999999958
11
83.7695149999999984
21
-78.2090929999999958
0
LINE
8
BLACK
6
CONTINUOUS
10
83.7695149999999984
20
-78.2090929999999958
11
83.9329419999999971
21
-78.2416010000000028
0
LINE
8
BLACK
6
CONTINUOUS
10
83.9329419999999971
20
-75.7016009999999966
11
84.0868869999999902
21
-75.7653669999999977
0
LINE
8
BLACK
6
CONTINUOUS
10
84.0868869999999902
20
-75.7653669999999977
11
84.2254339999999928
21
-75.8579409999999967
0
LINE
8
BLACK
6
CONTINUOUS
10
84.2254339999999928
20
-75.8579409999999967
11
84.3432589999999891
21
-75.975765999999993
0
LINE
8
BLACK
6
CONTINUOUS
10
84.3432589999999891
20
-75.975765999999993
11
84.4358330000000024
21
-76.1143129999999957
0
LINE
8
BLACK
6
CONTINUOUS
10
84.4358330000000024
20
-76.1143129999999957
11
84.4995989999999892
21
-76.268258000000003
0
LINE
8
BLACK
6
CONTINUOUS
10
84.4995989999999892
20
-76.268258000000003
11
84.5321069999999963
21
-76.4316850000000017
0
LINE
8
BLACK
6
CONTINUOUS
10
84.5321069999999963
20
-76.4316850000000017
11
84.5321069999999963
21
-76.5983149999999995
0
LINE
8
BLACK
6
CONTINUOUS
10
84.5321069999999963
20
-76.5983149999999995
11
84.4995989999999892
21
-76.7617419999999981
0
LINE
8
BLACK
6
CONTINUOUS
10
84.4995989999999892
20
-76.7617419999999981
11
84.4358330000000024
21
-76.9156869999999913
0
LINE
8
BLACK
6
CONTINUOUS
10
84.4358330000000024
20
-76.9156869999999913
11
84.3432589999999891
21
-77.0542339999999939
0
LINE
8
BLACK
6
CONTINUOUS
10
84.3432589999999891
20
-77.0542339999999939
11
84.2254339999999928
21
-77.1720589999999902
0
LINE
8
BLACK
6
CONTINUOUS
10
84.2254339999999928
20
-77.1720589999999902
11
84.0868869999999902
21
-77.2646330000000034
0
LINE
8
BLACK
6
CONTINUOUS
10
84.0868869999999902
20
-77.2646330000000034
11
83.9329419999999971
21
-77.3283989999999903
0
LINE
8
BLACK
6
CONTINUOUS
10
83.9329419999999971
20
-77.3283989999999903
11
83.7695149999999984
21
-77.3609069999999974
0
LINE
8
BLACK
6
CONTINUOUS
10
83.7695149999999984
20
-77.3609069999999974
11
83.6028850000000006
21
-77.3609069999999974
0
LINE
8
BLACK
6
CONTINUOUS
10
83.6028850000000006
20
-77.3609069999999974
11
83.4394580000000019
21
-77.3283989999999903
0
LINE
8
BLACK
6
CONTINUOUS
10
83.4394580000000019
20
-77.3283989999999903
11
83.2855129999999946
21
-77.2646330000000034
0
LINE
8
BLACK
6
CONTINUOUS
10
83.2855129999999946
20
-77.2646330000000034
11
83.1469659999999919
21
-77.1720589999999902
0
LINE
8
BLACK
6
CONTINUOUS
10
83.1469659999999919
20
-77.1720589999999902
11
83.0291409999999956
21
-77.0542339999999939
0
LINE
8
BLACK
6
CONTINUOUS
10
83.0291409999999956
20
-77.0542339999999939
11
82.9365669999999966
21
-76.9156869999999913
0
LINE
8
BLACK
6
CONTINUOUS
10
82.9365669999999966
20
-76.9156869999999913
11
82.8728009999999955
21
-76.7617419999999981
0
LINE
8
BLACK
6
CONTINUOUS
10
82.8728009999999955
20
-76.7617419999999981
11
82.8402930000000026
21
-76.5983149999999995
0
LINE
8
BLACK
6
CONTINUOUS
10
82.8402930000000026
20
-76.5983149999999995
11
82.8402930000000026
21
-76.4316850000000017
0
LINE
8
BLACK
6
CONTINUOUS
10
82.8402930000000026
20
-76.4316850000000017
11
82.8728009999999955
21
-76.268258000000003
0
LINE
8
BLACK
6
CONTINUOUS
10
82.8728009999999955
20
-76.268258000000003
11
82.9365669999999966
21
-76.1143129999999957
0
LINE
8
BLACK
6
CONTINUOUS
10
82.9365669999999966
20
-76.1143129999999957
11
83.0291409999999956
21
-75.975765999999993
0
LINE
8
BLACK
6
CONTINUOUS
10
83.0291409999999956
20
-75.975765999999993
11
83.1469659999999919
21
-75.8579409999999967
0
LINE
8
BLACK
6
CONTINUOUS
10
83.1469659999999919
20
-75.8579409999999967
11
83.2855129999999946
21
-75.7653669999999977
0
LINE
8
BLACK
6
CONTINUOUS
10
83.2855129999999946
20
-75.7653669999999977
11
83.4394580000000019
21
-75.7016009999999966
0
LINE
8
BLACK
6
CONTINUOUS
10
83.4394580000000019
20
-75.7016009999999966
11
83.6028850000000006
21
-75.6690929999999895
0
LINE
8
BLACK
6
CONTINUOUS
10
83.6028850000000006
20
-75.6690929999999895
11
83.7695149999999984
21
-75.6690929999999895
0
LINE
8
BLACK
6
CONTINUOUS
10
83.7695149999999984
20
-75.6690929999999895
11
83.9329419999999971
21
-75.7016009999999966
0
LINE
8
BLACK
6
CONTINUOUS
10
83.9329419999999971
20
-73.1616009999999903
11
84.0868869999999902
21
-73.2253669999999914
0
LINE
8
BLACK
6
CONTINUOUS
10
84.0868869999999902
20
-73.2253669999999914
11
84.2254339999999928
21
-73.3179409999999905
0
LINE
8
BLACK
6
CONTINUOUS
10
84.2254339999999928
20
-73.3179409999999905
11
84.3432589999999891
21
-73.435766000000001
0
LINE
8
BLACK
6
CONTINUOUS
10
84.3432589999999891
20
-73.435766000000001
11
84.4358330000000024
21
-73.5743130000000036
0
LINE
8
BLACK
6
CONTINUOUS
10
84.4358330000000024
20
-73.5743130000000036
11
84.4995989999999892
21
-73.7282579999999967
0
LINE
8
BLACK
6
CONTINUOUS
10
84.4995989999999892
20
-73.7282579999999967
11
84.5321069999999963
21
-73.8916849999999954
0
LINE
8
BLACK
6
CONTINUOUS
10
84.5321069999999963
20
-73.8916849999999954
11
84.5321069999999963
21
-74.0583149999999932
0
LINE
8
BLACK
6
CONTINUOUS
10
84.5321069999999963
20
-74.0583149999999932
11
84.4995989999999892
21
-74.2217419999999919
0
LINE
8
BLACK
6
CONTINUOUS
10
84.4995989999999892
20
-74.2217419999999919
11
84.4358330000000024
21
-74.3756869999999992
0
LINE
8
BLACK
6
CONTINUOUS
10
84.4358330000000024
20
-74.3756869999999992
11
84.3432589999999891
21
-74.5142340000000019
0
LINE
8
BLACK
6
CONTINUOUS
10
84.3432589999999891
20
-74.5142340000000019
11
84.2254339999999928
21
-74.6320589999999982
0
LINE
8
BLACK
6
CONTINUOUS
10
84.2254339999999928
20
-74.6320589999999982
11
84.0868869999999902
21
-74.7246329999999972
0
LINE
8
BLACK
6
CONTINUOUS
10
84.0868869999999902
20
-74.7246329999999972
11
83.9329419999999971
21
-74.7883989999999983
0
LINE
8
BLACK
6
CONTINUOUS
10
83.9329419999999971
20
-74.7883989999999983
11
83.7695149999999984
21
-74.8209069999999912
0
LINE
8
BLACK
6
CONTINUOUS
10
83.7695149999999984
20
-74.8209069999999912
11
83.6028850000000006
21
-74.8209069999999912
0
LINE
8
BLACK
6
CONTINUOUS
10
83.6028850000000006
20
-74.8209069999999912
11
83.4394580000000019
21
-74.7883989999999983
0
LINE
8
BLACK
6
CONTINUOUS
10
83.4394580000000019
20
-74.7883989999999983
11
83.2855129999999946
21
-74.7246329999999972
0
LINE
8
BLACK
6
CONTINUOUS
10
83.2855129999999946
20
-74.7246329999999972
11
83.1469659999999919
21
-74.6320589999999982
0
LINE
8
BLACK
6
CONTINUOUS
10
83.1469659999999919
20
-74.6320589999999982
11
83.0291409999999956
21
-74.5142340000000019
0
LINE
8
BLACK
6
CONTINUOUS
10
83.0291409999999956
20
-74.5142340000000019
11
82.9365669999999966
21
-74.3756869999999992
0
LINE
8
BLACK
6
CONTINUOUS
10
82.9365669999999966
20
-74.3756869999999992
11
82.8728009999999955
21
-74.2217419999999919
0
LINE
8
BLACK
6
CONTINUOUS
10
82.8728009999999955
20
-74.2217419999999919
11
82.8402930000000026
21
-74.0583149999999932
0
LINE
8
BLACK
6
CONTINUOUS
10
82.8402930000000026
20
-74.0583149999999932
11
82.8402930000000026
21
-73.8916849999999954
0
LINE
8
BLACK
6
CONTINUOUS
10
82.8402930000000026
20
-73.8916849999999954
11
82.8728009999999955
21
-73.7282579999999967
0
LINE
8
BLACK
6
CONTINUOUS
10
82.8728009999999955
20
-73.7282579999999967
11
82.9365669999999966
21
-73.5743130000000036
0
LINE
8
BLACK
6
CONTINUOUS
10
82.9365669999999966
20
-73.5743130000000036
11
83.0291409999999956
21
-73.435766000000001
0
LINE
8
BLACK
6
CONTINUOUS
10
83.0291409999999956
20
-73.435766000000001
11
83.1469659999999919
21
-73.3179409999999905
0
LINE
8
BLACK
6
CONTINUOUS
10
83.1469659999999919
20
-73.3179409999999905
11
83.2855129999999946
21
-73.2253669999999914
0
LINE
8
BLACK
6
CONTINUOUS
10
83.2855129999999946
20
-73.2253669999999914
11
83.4394580000000019
21
-73.1616009999999903
0
LINE
8
BLACK
6
CONTINUOUS
10
83.4394580000000019
20
-73.1616009999999903
11
83.6028850000000006
21
-73.1290929999999975
0
LINE
8
BLACK
6
CONTINUOUS
10
83.6028850000000006
20
-73.1290929999999975
11
83.7695149999999984
21
-73.1290929999999975
0
LINE
8
BLACK
6
CONTINUOUS
10
83.7695149999999984
20
-73.1290929999999975
11
83.9329419999999971
21
-73.1616009999999903
0
LINE
8
BLACK
6
CONTINUOUS
10
83.9329419999999971
20
-70.6216009999999983
11
84.0868869999999902
21
-70.6853669999999994
0
LINE
8
BLACK
6
CONTINUOUS
10
84.0868869999999902
20
-70.6853669999999994
11
84.2254339999999928
21
-70.7779409999999984
0
LINE
8
BLACK
6
CONTINUOUS
10
84.2254339999999928
20
-70.7779409999999984
11
84.3432589999999891
21
-70.8957659999999947
0
LINE
8
BLACK
6
CONTINUOUS
10
84.3432589999999891
20
-70.8957659999999947
11
84.4358330000000024
21
-71.0343129999999974
0
LINE
8
BLACK
6
CONTINUOUS
10
84.4358330000000024
20
-71.0343129999999974
11
84.4995989999999892
21
-71.1882579999999905
0
LINE
8
BLACK
6
CONTINUOUS
10
84.4995989999999892
20
-71.1882579999999905
11
84.5321069999999963
21
-71.3516850000000034
0
LINE
8
BLACK
6
CONTINUOUS
10
84.5321069999999963
20
-71.3516850000000034
11
84.5321069999999963
21
-71.5183150000000012
0
LINE
8
BLACK
6
CONTINUOUS
10
84.5321069999999963
20
-71.5183150000000012
11
84.4995989999999892
21
-71.6817419999999998
0
LINE
8
BLACK
6
CONTINUOUS
10
84.4995989999999892
20
-71.6817419999999998
11
84.4358330000000024
21
-71.835686999999993
0
LINE
8
BLACK
6
CONTINUOUS
10
84.4358330000000024
20
-71.835686999999993
11
84.3432589999999891
21
-71.9742339999999956
0
LINE
8
BLACK
6
CONTINUOUS
10
84.3432589999999891
20
-71.9742339999999956
11
84.2254339999999928
21
-72.0920589999999919
0
LINE
8
BLACK
6
CONTINUOUS
10
84.2254339999999928
20
-72.0920589999999919
11
84.0868869999999902
21
-72.1846329999999909
0
LINE
8
BLACK
6
CONTINUOUS
10
84.0868869999999902
20
-72.1846329999999909
11
83.9329419999999971
21
-72.248398999999992
0
LINE
8
BLACK
6
CONTINUOUS
10
83.9329419999999971
20
-72.248398999999992
11
83.7695149999999984
21
-72.2809069999999991
0
LINE
8
BLACK
6
CONTINUOUS
10
83.7695149999999984
20
-72.2809069999999991
11
83.6028850000000006
21
-72.2809069999999991
0
LINE
8
BLACK
6
CONTINUOUS
10
83.6028850000000006
20
-72.2809069999999991
11
83.4394580000000019
21
-72.248398999999992
0
LINE
8
BLACK
6
CONTINUOUS
10
83.4394580000000019
20
-72.248398999999992
11
83.2855129999999946
21
-72.1846329999999909
0
LINE
8
BLACK
6
CONTINUOUS
10
83.2855129999999946
20
-72.1846329999999909
11
83.1469659999999919
21
-72.0920589999999919
0
LINE
8
BLACK
6
CONTINUOUS
10
83.1469659999999919
20
-72.0920589999999919
11
83.0291409999999956
21
-71.9742339999999956
0
LINE
8
BLACK
6
CONTINUOUS
10
83.0291409999999956
20
-71.9742339999999956
11
82.9365669999999966
21
-71.835686999999993
0
LINE
8
BLACK
6
CONTINUOUS
10
82.9365669999999966
20
-71.835686999999993
11
82.8728009999999955
21
-71.6817419999999998
0
LINE
8
BLACK
6
CONTINUOUS
10
82.8728009999999955
20
-71.6817419999999998
11
82.8402930000000026
21
-71.5183150000000012
0
LINE
8
BLACK
6
CONTINUOUS
10
82.8402930000000026
20
-71.5183150000000012
11
82.8402930000000026
21
-71.3516850000000034
0
LINE
8
BLACK
6
CONTINUOUS
10
82.8402930000000026
20
-71.3516850000000034
11
82.8728009999999955
21
-71.1882579999999905
0
LINE
8
BLACK
6
CONTINUOUS
10
82.8728009999999955
20
-71.1882579999999905
11
82.9365669999999966
21
-71.0343129999999974
0
LINE
8
BLACK
6
CONTINUOUS
10
82.9365669999999966
20
-71.0343129999999974
11
83.0291409999999956
21
-70.8957659999999947
0
LINE
8
BLACK
6
CONTINUOUS
10
83.0291409999999956
20
-70.8957659999999947
11
83.1469659999999919
21
-70.7779409999999984
0
LINE
8
BLACK
6
CONTINUOUS
10
83.1469659999999919
20
-70.7779409999999984
11
83.2855129999999946
21
-70.6853669999999994
0
LINE
8
BLACK
6
CONTINUOUS
10
83.2855129999999946
20
-70.6853669999999994
11
83.4394580000000019
21
-70.6216009999999983
0
LINE
8
BLACK
6
CONTINUOUS
10
83.4394580000000019
20
-70.6216009999999983
11
83.6028850000000006
21
-70.5890929999999912
0
LINE
8
BLACK
6
CONTINUOUS
10
83.6028850000000006
20
-70.5890929999999912
11
83.7695149999999984
21
-70.5890929999999912
0
LINE
8
BLACK
6
CONTINUOUS
10
83.7695149999999984
20
-70.5890929999999912
11
83.9329419999999971
21
-70.6216009999999983
0
LINE
8
BLACK
6
CONTINUOUS
10
83.9329419999999971
20
-68.081600999999992
11
84.0868869999999902
21
-68.1453669999999931
0
LINE
8
BLACK
6
CONTINUOUS
10
84.0868869999999902
20
-68.1453669999999931
11
84.2254339999999928
21
-68.2379409999999922
0
LINE
8
BLACK
6
CONTINUOUS
10
84.2254339999999928
20
-68.2379409999999922
11
84.3432589999999891
21
-68.3557660000000027
0
LINE
8
BLACK
6
CONTINUOUS
10
84.3432589999999891
20
-68.3557660000000027
11
84.4358330000000024
21
-68.4943129999999911
0
LINE
8
BLACK
6
CONTINUOUS
10
84.4358330000000024
20
-68.4943129999999911
11
84.4995989999999892
21
-68.6482579999999984
0
LINE
8
BLACK
6
CONTINUOUS
10
84.4995989999999892
20
-68.6482579999999984
11
84.5321069999999963
21
-68.8116849999999971
0
LINE
8
BLACK
6
CONTINUOUS
10
84.5321069999999963
20
-68.8116849999999971
11
84.5321069999999963
21
-68.9783149999999949
0
LINE
8
BLACK
6
CONTINUOUS
10
84.5321069999999963
20
-68.9783149999999949
11
84.4995989999999892
21
-69.1417419999999936
0
LINE
8
BLACK
6
CONTINUOUS
10
84.4995989999999892
20
-69.1417419999999936
11
84.4358330000000024
21
-69.2956870000000009
0
LINE
8
BLACK
6
CONTINUOUS
10
84.4358330000000024
20
-69.2956870000000009
11
84.3432589999999891
21
-69.4342340000000036
0
LINE
8
BLACK
6
CONTINUOUS
10
84.3432589999999891
20
-69.4342340000000036
11
84.2254339999999928
21
-69.5520589999999999
0
LINE
8
BLACK
6
CONTINUOUS
10
84.2254339999999928
20
-69.5520589999999999
11
84.0868869999999902
21
-69.6446329999999989
0
LINE
8
BLACK
6
CONTINUOUS
10
84.0868869999999902
20
-69.6446329999999989
11
83.9329419999999971
21
-69.708399
0
LINE
8
BLACK
6
CONTINUOUS
10
83.9329419999999971
20
-69.708399
11
83.7695149999999984
21
-69.7409069999999929
0
LINE
8
BLACK
6
CONTINUOUS
10
83.7695149999999984
20
-69.7409069999999929
11
83.6028850000000006
21
-69.7409069999999929
0
LINE
8
BLACK
6
CONTINUOUS
10
83.6028850000000006
20
-69.7409069999999929
11
83.4394580000000019
21
-69.708399
0
LINE
8
BLACK
6
CONTINUOUS
10
83.4394580000000019
20
-69.708399
11
83.2855129999999946
21
-69.6446329999999989
0
LINE
8
BLACK
6
CONTINUOUS
10
83.2855129999999946
20
-69.6446329999999989
11
83.1469659999999919
21
-69.5520589999999999
0
LINE
8
BLACK
6
CONTINUOUS
10
83.1469659999999919
20
-69.5520589999999999
11
83.0291409999999956
21
-69.4342340000000036
0
LINE
8
BLACK
6
CONTINUOUS
10
83.0291409999999956
20
-69.4342340000000036
11
82.9365669999999966
21
-69.2956870000000009
0
LINE
8
BLACK
6
CONTINUOUS
10
82.9365669999999966
20
-69.2956870000000009
11
82.8728009999999955
21
-69.1417419999999936
0
LINE
8
BLACK
6
CONTINUOUS
10
82.8728009999999955
20
-69.1417419999999936
11
82.8402930000000026
21
-68.9783149999999949
0
LINE
8
BLACK
6
CONTINUOUS
10
82.8402930000000026
20
-68.9783149999999949
11
82.8402930000000026
21
-68.8116849999999971
0
LINE
8
BLACK
6
CONTINUOUS
10
82.8402930000000026
20
-68.8116849999999971
11
82.8728009999999955
21
-68.6482579999999984
0
LINE
8
BLACK
6
CONTINUOUS
10
82.8728009999999955
20
-68.6482579999999984
11
82.9365669999999966
21
-68.4943129999999911
0
LINE
8
BLACK
6
CONTINUOUS
10
82.9365669999999966
20
-68.4943129999999911
11
83.0291409999999956
21
-68.3557660000000027
0
LINE
8
BLACK
6
CONTINUOUS
10
83.0291409999999956
20
-68.3557660000000027
11
83.1469659999999919
21
-68.2379409999999922
0
LINE
8
BLACK
6
CONTINUOUS
10
83.1469659999999919
20
-68.2379409999999922
11
83.2855129999999946
21
-68.1453669999999931
0
LINE
8
BLACK
6
CONTINUOUS
10
83.2855129999999946
20
-68.1453669999999931
11
83.4394580000000019
21
-68.081600999999992
0
LINE
8
BLACK
6
CONTINUOUS
10
83.4394580000000019
20
-68.081600999999992
11
83.6028850000000006
21
-68.0490929999999992
0
LINE
8
BLACK
6
CONTINUOUS
10
83.6028850000000006
20
-68.0490929999999992
11
83.7695149999999984
21
-68.0490929999999992
0
LINE
8
BLACK
6
CONTINUOUS
10
83.7695149999999984
20
-68.0490929999999992
11
83.9329419999999971
21
-68.081600999999992
0
LINE
8
BLACK
6
CONTINUOUS
10
83.9329419999999971
20
-65.541601
11
84.0868869999999902
21
-65.6053670000000011
0
LINE
8
BLACK
6
CONTINUOUS
10
84.0868869999999902
20
-65.6053670000000011
11
84.2254339999999928
21
-65.6979410000000001
0
LINE
8
BLACK
6
CONTINUOUS
10
84.2254339999999928
20
-65.6979410000000001
11
84.3432589999999891
21
-65.8157659999999964
0
LINE
8
BLACK
6
CONTINUOUS
10
84.3432589999999891
20
-65.8157659999999964
11
84.4358330000000024
21
-65.9543129999999991
0
LINE
8
BLACK
6
CONTINUOUS
10
84.4358330000000024
20
-65.9543129999999991
11
84.4995989999999892
21
-66.1082579999999922
0
LINE
8
BLACK
6
CONTINUOUS
10
84.4995989999999892
20
-66.1082579999999922
11
84.5321069999999963
21
-66.2716849999999909
0
LINE
8
BLACK
6
CONTINUOUS
10
84.5321069999999963
20
-66.2716849999999909
11
84.5321069999999963
21
-66.4383150000000029
0
LINE
8
BLACK
6
CONTINUOUS
10
84.5321069999999963
20
-66.4383150000000029
11
84.4995989999999892
21
-66.6017420000000016
0
LINE
8
BLACK
6
CONTINUOUS
10
84.4995989999999892
20
-66.6017420000000016
11
84.4358330000000024
21
-66.7556869999999947
0
LINE
8
BLACK
6
CONTINUOUS
10
84.4358330000000024
20
-66.7556869999999947
11
84.3432589999999891
21
-66.8942339999999973
0
LINE
8
BLACK
6
CONTINUOUS
10
84.3432589999999891
20
-66.8942339999999973
11
84.2254339999999928
21
-67.0120589999999936
0
LINE
8
BLACK
6
CONTINUOUS
10
84.2254339999999928
20
-67.0120589999999936
11
84.0868869999999902
21
-67.1046329999999926
0
LINE
8
BLACK
6
CONTINUOUS
10
84.0868869999999902
20
-67.1046329999999926
11
83.9329419999999971
21
-67.1683989999999937
0
LINE
8
BLACK
6
CONTINUOUS
10
83.9329419999999971
20
-67.1683989999999937
11
83.7695149999999984
21
-67.2009070000000008
0
LINE
8
BLACK
6
CONTINUOUS
10
83.7695149999999984
20
-67.2009070000000008
11
83.6028850000000006
21
-67.2009070000000008
0
LINE
8
BLACK
6
CONTINUOUS
10
83.6028850000000006
20
-67.2009070000000008
11
83.4394580000000019
21
-67.1683989999999937
0
LINE
8
BLACK
6
CONTINUOUS
10
83.4394580000000019
20
-67.1683989999999937
11
83.2855129999999946
21
-67.1046329999999926
0
LINE
8
BLACK
6
CONTINUOUS
10
83.2855129999999946
20
-67.1046329999999926
11
83.1469659999999919
21
-67.0120589999999936
0
LINE
8
BLACK
6
CONTINUOUS
10
83.1469659999999919
20
-67.0120589999999936
11
83.0291409999999956
21
-66.8942339999999973
0
LINE
8
BLACK
6
CONTINUOUS
10
83.0291409999999956
20
-66.8942339999999973
11
82.9365669999999966
21
-66.7556869999999947
0
LINE
8
BLACK
6
CONTINUOUS
10
82.9365669999999966
20
-66.7556869999999947
11
82.8728009999999955
21
-66.6017420000000016
0
LINE
8
BLACK
6
CONTINUOUS
10
82.8728009999999955
20
-66.6017420000000016
11
82.8402930000000026
21
-66.4383150000000029
0
LINE
8
BLACK
6
CONTINUOUS
10
82.8402930000000026
20
-66.4383150000000029
11
82.8402930000000026
21
-66.2716849999999909
0
LINE
8
BLACK
6
CONTINUOUS
10
82.8402930000000026
20
-66.2716849999999909
11
82.8728009999999955
21
-66.1082579999999922
0
LINE
8
BLACK
6
CONTINUOUS
10
82.8728009999999955
20
-66.1082579999999922
11
82.9365669999999966
21
-65.9543129999999991
0
LINE
8
BLACK
6
CONTINUOUS
10
82.9365669999999966
20
-65.9543129999999991
11
83.0291409999999956
21
-65.8157659999999964
0
LINE
8
BLACK
6
CONTINUOUS
10
83.0291409999999956
20
-65.8157659999999964
11
83.1469659999999919
21
-65.6979410000000001
0
LINE
8
BLACK
6
CONTINUOUS
10
83.1469659999999919
20
-65.6979410000000001
11
83.2855129999999946
21
-65.6053670000000011
0
LINE
8
BLACK
6
CONTINUOUS
10
83.2855129999999946
20
-65.6053670000000011
11
83.4394580000000019
21
-65.541601
0
LINE
8
BLACK
6
CONTINUOUS
10
83.4394580000000019
20
-65.541601
11
83.6028850000000006
21
-65.5090929999999929
0
LINE
8
BLACK
6
CONTINUOUS
10
83.6028850000000006
20
-65.5090929999999929
11
83.7695149999999984
21
-65.5090929999999929
0
LINE
8
BLACK
6
CONTINUOUS
10
83.7695149999999984
20
-65.5090929999999929
11
83.9329419999999971
21
-65.541601
0
LINE
8
BLACK
6
CONTINUOUS
10
99.4711999999999961
20
-66.5150000000000006
11
97.9711999999999961
21
-66.5150000000000006
0
LINE
8
BLACK
6
CONTINUOUS
10
97.9711999999999961
20
-66.5150000000000006
11
97.9711999999999961
21
-65.0150000000000006
0
LINE
8
BLACK
6
CONTINUOUS
10
97.9711999999999961
20
-65.0150000000000006
11
99.4711999999999961
21
-65.0150000000000006
0
LINE
8
BLACK
6
CONTINUOUS
10
99.4711999999999961
20
-65.0150000000000006
11
99.4711999999999961
21
-66.5150000000000006
0
LINE
8
BLACK
6
CONTINUOUS
10
101.478913999999989
20
-65.0472949999999912
11
101.6147479999999916
21
-65.10355899999999
0
LINE
8
BLACK
6
CONTINUOUS
10
101.6147479999999916
20
-65.10355899999999
11
101.7369949999999932
21
-65.1852420000000023
0
LINE
8
BLACK
6
CONTINUOUS
10
101.7369949999999932
20
-65.1852420000000023
11
101.8409580000000005
21
-65.2892049999999955
0
LINE
8
BLACK
6
CONTINUOUS
10
101.8409580000000005
20
-65.2892049999999955
11
101.9226409999999987
21
-65.411451999999997
0
LINE
8
BLACK
6
CONTINUOUS
10
101.9226409999999987
20
-65.411451999999997
11
101.9789049999999975
21
-65.5472859999999997
0
LINE
8
BLACK
6
CONTINUOUS
10
101.9789049999999975
20
-65.5472859999999997
11
102.0075889999999958
21
-65.6914869999999951
0
LINE
8
BLACK
6
CONTINUOUS
10
102.0075889999999958
20
-65.6914869999999951
11
102.0075889999999958
21
-65.8385129999999918
0
LINE
8
BLACK
6
CONTINUOUS
10
102.0075889999999958
20
-65.8385129999999918
11
101.9789049999999975
21
-65.9827140000000014
0
LINE
8
BLACK
6
CONTINUOUS
10
101.9789049999999975
20
-65.9827140000000014
11
101.9226409999999987
21
-66.1185480000000041
0
LINE
8
BLACK
6
CONTINUOUS
10
101.9226409999999987
20
-66.1185480000000041
11
101.8409580000000005
21
-66.2407949999999914
0
LINE
8
BLACK
6
CONTINUOUS
10
101.8409580000000005
20
-66.2407949999999914
11
101.7369949999999932
21
-66.3447579999999988
0
LINE
8
BLACK
6
CONTINUOUS
10
101.7369949999999932
20
-66.3447579999999988
11
101.6147479999999916
21
-66.426440999999997
0
LINE
8
BLACK
6
CONTINUOUS
10
101.6147479999999916
20
-66.426440999999997
11
101.478913999999989
21
-66.4827049999999957
0
LINE
8
BLACK
6
CONTINUOUS
10
101.478913999999989
20
-66.4827049999999957
11
101.3347129999999936
21
-66.5113889999999941
0
LINE
8
BLACK
6
CONTINUOUS
10
101.3347129999999936
20
-66.5113889999999941
11
101.1876869999999968
21
-66.5113889999999941
0
LINE
8
BLACK
6
CONTINUOUS
10
101.1876869999999968
20
-66.5113889999999941
11
101.0434860000000015
21
-66.4827049999999957
0
LINE
8
BLACK
6
CONTINUOUS
10
101.0434860000000015
20
-66.4827049999999957
11
100.9076519999999988
21
-66.426440999999997
0
LINE
8
BLACK
6
CONTINUOUS
10
100.9076519999999988
20
-66.426440999999997
11
100.7854049999999972
21
-66.3447579999999988
0
LINE
8
BLACK
6
CONTINUOUS
10
100.7854049999999972
20
-66.3447579999999988
11
100.6814419999999899
21
-66.2407949999999914
0
LINE
8
BLACK
6
CONTINUOUS
10
100.6814419999999899
20
-66.2407949999999914
11
100.5997589999999917
21
-66.1185480000000041
0
LINE
8
BLACK
6
CONTINUOUS
10
100.5997589999999917
20
-66.1185480000000041
11
100.543494999999993
21
-65.9827140000000014
0
LINE
8
BLACK
6
CONTINUOUS
10
100.543494999999993
20
-65.9827140000000014
11
100.5148109999999946
21
-65.8385129999999918
0
LINE
8
BLACK
6
CONTINUOUS
10
100.5148109999999946
20
-65.8385129999999918
11
100.5148109999999946
21
-65.6914869999999951
0
LINE
8
BLACK
6
CONTINUOUS
10
100.5148109999999946
20
-65.6914869999999951
11
100.543494999999993
21
-65.5472859999999997
0
LINE
8
BLACK
6
CONTINUOUS
10
100.543494999999993
20
-65.5472859999999997
11
100.5997589999999917
21
-65.411451999999997
0
LINE
8
BLACK
6
CONTINUOUS
10
100.5997589999999917
20
-65.411451999999997
11
100.6814419999999899
21
-65.2892049999999955
0
LINE
8
BLACK
6
CONTINUOUS
10
100.6814419999999899
20
-65.2892049999999955
11
100.7854049999999972
21
-65.1852420000000023
0
LINE
8
BLACK
6
CONTINUOUS
10
100.7854049999999972
20
-65.1852420000000023
11
100.9076519999999988
21
-65.10355899999999
0
LINE
8
BLACK
6
CONTINUOUS
10
100.9076519999999988
20
-65.10355899999999
11
101.0434860000000015
21
-65.0472949999999912
0
LINE
8
BLACK
6
CONTINUOUS
10
101.0434860000000015
20
-65.0472949999999912
11
101.1876869999999968
21
-65.0186109999999928
0
LINE
8
BLACK
6
CONTINUOUS
10
101.1876869999999968
20
-65.0186109999999928
11
101.3347129999999936
21
-65.0186109999999928
0
LINE
8
BLACK
6
CONTINUOUS
10
101.3347129999999936
20
-65.0186109999999928
11
101.478913999999989
21
-65.0472949999999912
0
LINE
8
BLACK
6
CONTINUOUS
10
83.9329419999999971
20
-63.0016009999999937
11
84.0868869999999902
21
-63.0653669999999948
0
LINE
8
BLACK
6
CONTINUOUS
10
84.0868869999999902
20
-63.0653669999999948
11
84.2254339999999928
21
-63.1579409999999939
0
LINE
8
BLACK
6
CONTINUOUS
10
84.2254339999999928
20
-63.1579409999999939
11
84.3432589999999891
21
-63.2757659999999973
0
LINE
8
BLACK
6
CONTINUOUS
10
84.3432589999999891
20
-63.2757659999999973
11
84.4358330000000024
21
-63.4143129999999999
0
LINE
8
BLACK
6
CONTINUOUS
10
84.4358330000000024
20
-63.4143129999999999
11
84.4995989999999892
21
-63.5682580000000002
0
LINE
8
BLACK
6
CONTINUOUS
10
84.4995989999999892
20
-63.5682580000000002
11
84.5321069999999963
21
-63.7316849999999988
0
LINE
8
BLACK
6
CONTINUOUS
10
84.5321069999999963
20
-63.7316849999999988
11
84.5321069999999963
21
-63.8983149999999966
0
LINE
8
BLACK
6
CONTINUOUS
10
84.5321069999999963
20
-63.8983149999999966
11
84.4995989999999892
21
-64.0617419999999953
0
LINE
8
BLACK
6
CONTINUOUS
10
84.4995989999999892
20
-64.0617419999999953
11
84.4358330000000024
21
-64.2156870000000026
0
LINE
8
BLACK
6
CONTINUOUS
10
84.4358330000000024
20
-64.2156870000000026
11
84.3432589999999891
21
-64.3542339999999911
0
LINE
8
BLACK
6
CONTINUOUS
10
84.3432589999999891
20
-64.3542339999999911
11
84.2254339999999928
21
-64.4720590000000016
0
LINE
8
BLACK
6
CONTINUOUS
10
84.2254339999999928
20
-64.4720590000000016
11
84.0868869999999902
21
-64.5646330000000006
0
LINE
8
BLACK
6
CONTINUOUS
10
84.0868869999999902
20
-64.5646330000000006
11
83.9329419999999971
21
-64.6283990000000017
0
LINE
8
BLACK
6
CONTINUOUS
10
83.9329419999999971
20
-64.6283990000000017
11
83.7695149999999984
21
-64.6609069999999946
0
LINE
8
BLACK
6
CONTINUOUS
10
83.7695149999999984
20
-64.6609069999999946
11
83.6028850000000006
21
-64.6609069999999946
0
LINE
8
BLACK
6
CONTINUOUS
10
83.6028850000000006
20
-64.6609069999999946
11
83.4394580000000019
21
-64.6283990000000017
0
LINE
8
BLACK
6
CONTINUOUS
10
83.4394580000000019
20
-64.6283990000000017
11
83.2855129999999946
21
-64.5646330000000006
0
LINE
8
BLACK
6
CONTINUOUS
10
83.2855129999999946
20
-64.5646330000000006
11
83.1469659999999919
21
-64.4720590000000016
0
LINE
8
BLACK
6
CONTINUOUS
10
83.1469659999999919
20
-64.4720590000000016
11
83.0291409999999956
21
-64.3542339999999911
0
LINE
8
BLACK
6
CONTINUOUS
10
83.0291409999999956
20
-64.3542339999999911
11
82.9365669999999966
21
-64.2156870000000026
0
LINE
8
BLACK
6
CONTINUOUS
10
82.9365669999999966
20
-64.2156870000000026
11
82.8728009999999955
21
-64.0617419999999953
0
LINE
8
BLACK
6
CONTINUOUS
10
82.8728009999999955
20
-64.0617419999999953
11
82.8402930000000026
21
-63.8983149999999966
0
LINE
8
BLACK
6
CONTINUOUS
10
82.8402930000000026
20
-63.8983149999999966
11
82.8402930000000026
21
-63.7316849999999988
0
LINE
8
BLACK
6
CONTINUOUS
10
82.8402930000000026
20
-63.7316849999999988
11
82.8728009999999955
21
-63.5682580000000002
0
LINE
8
BLACK
6
CONTINUOUS
10
82.8728009999999955
20
-63.5682580000000002
11
82.9365669999999966
21
-63.4143129999999999
0
LINE
8
BLACK
6
CONTINUOUS
10
82.9365669999999966
20
-63.4143129999999999
11
83.0291409999999956
21
-63.2757659999999973
0
LINE
8
BLACK
6
CONTINUOUS
10
83.0291409999999956
20
-63.2757659999999973
11
83.1469659999999919
21
-63.1579409999999939
0
LINE
8
BLACK
6
CONTINUOUS
10
83.1469659999999919
20
-63.1579409999999939
11
83.2855129999999946
21
-63.0653669999999948
0
LINE
8
BLACK
6
CONTINUOUS
10
83.2855129999999946
20
-63.0653669999999948
11
83.4394580000000019
21
-63.0016009999999937
0
LINE
8
BLACK
6
CONTINUOUS
10
83.4394580000000019
20
-63.0016009999999937
11
83.6028850000000006
21
-62.9690929999999938
0
LINE
8
BLACK
6
CONTINUOUS
10
83.6028850000000006
20
-62.9690929999999938
11
83.7695149999999984
21
-62.9690929999999938
0
LINE
8
BLACK
6
CONTINUOUS
10
83.7695149999999984
20
-62.9690929999999938
11
83.9329419999999971
21
-63.0016009999999937
0
LINE
8
BLACK
6
CONTINUOUS
10
83.9329419999999971
20
-60.4616009999999946
11
84.0868869999999902
21
-60.5253669999999957
0
LINE
8
BLACK
6
CONTINUOUS
10
84.0868869999999902
20
-60.5253669999999957
11
84.2254339999999928
21
-60.6179409999999947
0
LINE
8
BLACK
6
CONTINUOUS
10
84.2254339999999928
20
-60.6179409999999947
11
84.3432589999999891
21
-60.7357659999999981
0
LINE
8
BLACK
6
CONTINUOUS
10
84.3432589999999891
20
-60.7357659999999981
11
84.4358330000000024
21
-60.8743130000000008
0
LINE
8
BLACK
6
CONTINUOUS
10
84.4358330000000024
20
-60.8743130000000008
11
84.4995989999999892
21
-61.0282579999999939
0
LINE
8
BLACK
6
CONTINUOUS
10
84.4995989999999892
20
-61.0282579999999939
11
84.5321069999999963
21
-61.1916849999999997
0
LINE
8
BLACK
6
CONTINUOUS
10
84.5321069999999963
20
-61.1916849999999997
11
84.5321069999999963
21
-61.3583149999999975
0
LINE
8
BLACK
6
CONTINUOUS
10
84.5321069999999963
20
-61.3583149999999975
11
84.4995989999999892
21
-61.5217419999999962
0
LINE
8
BLACK
6
CONTINUOUS
10
84.4995989999999892
20
-61.5217419999999962
11
84.4358330000000024
21
-61.6756869999999964
0
LINE
8
BLACK
6
CONTINUOUS
10
84.4358330000000024
20
-61.6756869999999964
11
84.3432589999999891
21
-61.814233999999999
0
LINE
8
BLACK
6
CONTINUOUS
10
84.3432589999999891
20
-61.814233999999999
11
84.2254339999999928
21
-61.9320589999999953
0
LINE
8
BLACK
6
CONTINUOUS
10
84.2254339999999928
20
-61.9320589999999953
11
84.0868869999999902
21
-62.0246329999999944
0
LINE
8
BLACK
6
CONTINUOUS
10
84.0868869999999902
20
-62.0246329999999944
11
83.9329419999999971
21
-62.0883989999999955
0
LINE
8
BLACK
6
CONTINUOUS
10
83.9329419999999971
20
-62.0883989999999955
11
83.7695149999999984
21
-62.1209069999999954
0
LINE
8
BLACK
6
CONTINUOUS
10
83.7695149999999984
20
-62.1209069999999954
11
83.6028850000000006
21
-62.1209069999999954
0
LINE
8
BLACK
6
CONTINUOUS
10
83.6028850000000006
20
-62.1209069999999954
11
83.4394580000000019
21
-62.0883989999999955
0
LINE
8
BLACK
6
CONTINUOUS
10
83.4394580000000019
20
-62.0883989999999955
11
83.2855129999999946
21
-62.0246329999999944
0
LINE
8
BLACK
6
CONTINUOUS
10
83.2855129999999946
20
-62.0246329999999944
11
83.1469659999999919
21
-61.9320589999999953
0
LINE
8
BLACK
6
CONTINUOUS
10
83.1469659999999919
20
-61.9320589999999953
11
83.0291409999999956
21
-61.814233999999999
0
LINE
8
BLACK
6
CONTINUOUS
10
83.0291409999999956
20
-61.814233999999999
11
82.9365669999999966
21
-61.6756869999999964
0
LINE
8
BLACK
6
CONTINUOUS
10
82.9365669999999966
20
-61.6756869999999964
11
82.8728009999999955
21
-61.5217419999999962
0
LINE
8
BLACK
6
CONTINUOUS
10
82.8728009999999955
20
-61.5217419999999962
11
82.8402930000000026
21
-61.3583149999999975
0
LINE
8
BLACK
6
CONTINUOUS
10
82.8402930000000026
20
-61.3583149999999975
11
82.8402930000000026
21
-61.1916849999999997
0
LINE
8
BLACK
6
CONTINUOUS
10
82.8402930000000026
20
-61.1916849999999997
11
82.8728009999999955
21
-61.0282579999999939
0
LINE
8
BLACK
6
CONTINUOUS
10
82.8728009999999955
20
-61.0282579999999939
11
82.9365669999999966
21
-60.8743130000000008
0
LINE
8
BLACK
6
CONTINUOUS
10
82.9365669999999966
20
-60.8743130000000008
11
83.0291409999999956
21
-60.7357659999999981
0
LINE
8
BLACK
6
CONTINUOUS
10
83.0291409999999956
20
-60.7357659999999981
11
83.1469659999999919
21
-60.6179409999999947
0
LINE
8
BLACK
6
CONTINUOUS
10
83.1469659999999919
20
-60.6179409999999947
11
83.2855129999999946
21
-60.5253669999999957
0
LINE
8
BLACK
6
CONTINUOUS
10
83.2855129999999946
20
-60.5253669999999957
11
83.4394580000000019
21
-60.4616009999999946
0
LINE
8
BLACK
6
CONTINUOUS
10
83.4394580000000019
20
-60.4616009999999946
11
83.6028850000000006
21
-60.4290929999999946
0
LINE
8
BLACK
6
CONTINUOUS
10
83.6028850000000006
20
-60.4290929999999946
11
83.7695149999999984
21
-60.4290929999999946
0
LINE
8
BLACK
6
CONTINUOUS
10
83.7695149999999984
20
-60.4290929999999946
11
83.9329419999999971
21
-60.4616009999999946
0
LINE
8
BLACK
6
CONTINUOUS
10
83.9329419999999971
20
-57.9216009999999955
11
84.0868869999999902
21
-57.9853669999999966
0
LINE
8
BLACK
6
CONTINUOUS
10
84.0868869999999902
20
-57.9853669999999966
11
84.2254339999999928
21
-58.0779409999999956
0
LINE
8
BLACK
6
CONTINUOUS
10
84.2254339999999928
20
-58.0779409999999956
11
84.3432589999999891
21
-58.195765999999999
0
LINE
8
BLACK
6
CONTINUOUS
10
84.3432589999999891
20
-58.195765999999999
11
84.4358330000000024
21
-58.3343129999999945
0
LINE
8
BLACK
6
CONTINUOUS
10
84.4358330000000024
20
-58.3343129999999945
11
84.4995989999999892
21
-58.4882579999999948
0
LINE
8
BLACK
6
CONTINUOUS
10
84.4995989999999892
20
-58.4882579999999948
11
84.5321069999999963
21
-58.6516850000000005
0
LINE
8
BLACK
6
CONTINUOUS
10
84.5321069999999963
20
-58.6516850000000005
11
84.5321069999999963
21
-58.8183149999999983
0
LINE
8
BLACK
6
CONTINUOUS
10
84.5321069999999963
20
-58.8183149999999983
11
84.4995989999999892
21
-58.981741999999997
0
LINE
8
BLACK
6
CONTINUOUS
10
84.4995989999999892
20
-58.981741999999997
11
84.4358330000000024
21
-59.1356869999999972
0
LINE
8
BLACK
6
CONTINUOUS
10
84.4358330000000024
20
-59.1356869999999972
11
84.3432589999999891
21
-59.2742339999999999
0
LINE
8
BLACK
6
CONTINUOUS
10
84.3432589999999891
20
-59.2742339999999999
11
84.2254339999999928
21
-59.3920589999999962
0
LINE
8
BLACK
6
CONTINUOUS
10
84.2254339999999928
20
-59.3920589999999962
11
84.0868869999999902
21
-59.4846329999999952
0
LINE
8
BLACK
6
CONTINUOUS
10
84.0868869999999902
20
-59.4846329999999952
11
83.9329419999999971
21
-59.5483989999999963
0
LINE
8
BLACK
6
CONTINUOUS
10
83.9329419999999971
20
-59.5483989999999963
11
83.7695149999999984
21
-59.5809069999999963
0
LINE
8
BLACK
6
CONTINUOUS
10
83.7695149999999984
20
-59.5809069999999963
11
83.6028850000000006
21
-59.5809069999999963
0
LINE
8
BLACK
6
CONTINUOUS
10
83.6028850000000006
20
-59.5809069999999963
11
83.4394580000000019
21
-59.5483989999999963
0
LINE
8
BLACK
6
CONTINUOUS
10
83.4394580000000019
20
-59.5483989999999963
11
83.2855129999999946
21
-59.4846329999999952
0
LINE
8
BLACK
6
CONTINUOUS
10
83.2855129999999946
20
-59.4846329999999952
11
83.1469659999999919
21
-59.3920589999999962
0
LINE
8
BLACK
6
CONTINUOUS
10
83.1469659999999919
20
-59.3920589999999962
11
83.0291409999999956
21
-59.2742339999999999
0
LINE
8
BLACK
6
CONTINUOUS
10
83.0291409999999956
20
-59.2742339999999999
11
82.9365669999999966
21
-59.1356869999999972
0
LINE
8
BLACK
6
CONTINUOUS
10
82.9365669999999966
20
-59.1356869999999972
11
82.8728009999999955
21
-58.981741999999997
0
LINE
8
BLACK
6
CONTINUOUS
10
82.8728009999999955
20
-58.981741999999997
11
82.8402930000000026
21
-58.8183149999999983
0
LINE
8
BLACK
6
CONTINUOUS
10
82.8402930000000026
20
-58.8183149999999983
11
82.8402930000000026
21
-58.6516850000000005
0
LINE
8
BLACK
6
CONTINUOUS
10
82.8402930000000026
20
-58.6516850000000005
11
82.8728009999999955
21
-58.4882579999999948
0
LINE
8
BLACK
6
CONTINUOUS
10
82.8728009999999955
20
-58.4882579999999948
11
82.9365669999999966
21
-58.3343129999999945
0
LINE
8
BLACK
6
CONTINUOUS
10
82.9365669999999966
20
-58.3343129999999945
11
83.0291409999999956
21
-58.195765999999999
0
LINE
8
BLACK
6
CONTINUOUS
10
83.0291409999999956
20
-58.195765999999999
11
83.1469659999999919
21
-58.0779409999999956
0
LINE
8
BLACK
6
CONTINUOUS
10
83.1469659999999919
20
-58.0779409999999956
11
83.2855129999999946
21
-57.9853669999999966
0
LINE
8
BLACK
6
CONTINUOUS
10
83.2855129999999946
20
-57.9853669999999966
11
83.4394580000000019
21
-57.9216009999999955
0
LINE
8
BLACK
6
CONTINUOUS
10
83.4394580000000019
20
-57.9216009999999955
11
83.6028850000000006
21
-57.8890929999999955
0
LINE
8
BLACK
6
CONTINUOUS
10
83.6028850000000006
20
-57.8890929999999955
11
83.7695149999999984
21
-57.8890929999999955
0
LINE
8
BLACK
6
CONTINUOUS
10
83.7695149999999984
20
-57.8890929999999955
11
83.9329419999999971
21
-57.9216009999999955
0
LINE
8
BLACK
6
CONTINUOUS
10
83.9329419999999971
20
-55.3816009999999963
11
84.0868869999999902
21
-55.4453669999999974
0
LINE
8
BLACK
6
CONTINUOUS
10
84.0868869999999902
20
-55.4453669999999974
11
84.2254339999999928
21
-55.5379409999999964
0
LINE
8
BLACK
6
CONTINUOUS
10
84.2254339999999928
20
-55.5379409999999964
11
84.3432589999999891
21
-55.6557659999999998
0
LINE
8
BLACK
6
CONTINUOUS
10
84.3432589999999891
20
-55.6557659999999998
11
84.4358330000000024
21
-55.7943129999999954
0
LINE
8
BLACK
6
CONTINUOUS
10
84.4358330000000024
20
-55.7943129999999954
11
84.4995989999999892
21
-55.9482579999999956
0
LINE
8
BLACK
6
CONTINUOUS
10
84.4995989999999892
20
-55.9482579999999956
11
84.5321069999999963
21
-56.1116849999999943
0
LINE
8
BLACK
6
CONTINUOUS
10
84.5321069999999963
20
-56.1116849999999943
11
84.5321069999999963
21
-56.2783149999999992
0
LINE
8
BLACK
6
CONTINUOUS
10
84.5321069999999963
20
-56.2783149999999992
11
84.4995989999999892
21
-56.4417419999999979
0
LINE
8
BLACK
6
CONTINUOUS
10
84.4995989999999892
20
-56.4417419999999979
11
84.4358330000000024
21
-56.5956869999999981
0
LINE
8
BLACK
6
CONTINUOUS
10
84.4358330000000024
20
-56.5956869999999981
11
84.3432589999999891
21
-56.7342340000000007
0
LINE
8
BLACK
6
CONTINUOUS
10
84.3432589999999891
20
-56.7342340000000007
11
84.2254339999999928
21
-56.852058999999997
0
LINE
8
BLACK
6
CONTINUOUS
10
84.2254339999999928
20
-56.852058999999997
11
84.0868869999999902
21
-56.9446329999999961
0
LINE
8
BLACK
6
CONTINUOUS
10
84.0868869999999902
20
-56.9446329999999961
11
83.9329419999999971
21
-57.0083989999999972
0
LINE
8
BLACK
6
CONTINUOUS
10
83.9329419999999971
20
-57.0083989999999972
11
83.7695149999999984
21
-57.0409069999999971
0
LINE
8
BLACK
6
CONTINUOUS
10
83.7695149999999984
20
-57.0409069999999971
11
83.6028850000000006
21
-57.0409069999999971
0
LINE
8
BLACK
6
CONTINUOUS
10
83.6028850000000006
20
-57.0409069999999971
11
83.4394580000000019
21
-57.0083989999999972
0
LINE
8
BLACK
6
CONTINUOUS
10
83.4394580000000019
20
-57.0083989999999972
11
83.2855129999999946
21
-56.9446329999999961
0
LINE
8
BLACK
6
CONTINUOUS
10
83.2855129999999946
20
-56.9446329999999961
11
83.1469659999999919
21
-56.852058999999997
0
LINE
8
BLACK
6
CONTINUOUS
10
83.1469659999999919
20
-56.852058999999997
11
83.0291409999999956
21
-56.7342340000000007
0
LINE
8
BLACK
6
CONTINUOUS
10
83.0291409999999956
20
-56.7342340000000007
11
82.9365669999999966
21
-56.5956869999999981
0
LINE
8
BLACK
6
CONTINUOUS
10
82.9365669999999966
20
-56.5956869999999981
11
82.8728009999999955
21
-56.4417419999999979
0
LINE
8
BLACK
6
CONTINUOUS
10
82.8728009999999955
20
-56.4417419999999979
11
82.8402930000000026
21
-56.2783149999999992
0
LINE
8
BLACK
6
CONTINUOUS
10
82.8402930000000026
20
-56.2783149999999992
11
82.8402930000000026
21
-56.1116849999999943
0
LINE
8
BLACK
6
CONTINUOUS
10
82.8402930000000026
20
-56.1116849999999943
11
82.8728009999999955
21
-55.9482579999999956
0
LINE
8
BLACK
6
CONTINUOUS
10
82.8728009999999955
20
-55.9482579999999956
11
82.9365669999999966
21
-55.7943129999999954
0
LINE
8
BLACK
6
CONTINUOUS
10
82.9365669999999966
20
-55.7943129999999954
11
83.0291409999999956
21
-55.6557659999999998
0
LINE
8
BLACK
6
CONTINUOUS
10
83.0291409999999956
20
-55.6557659999999998
11
83.1469659999999919
21
-55.5379409999999964
0
LINE
8
BLACK
6
CONTINUOUS
10
83.1469659999999919
20
-55.5379409999999964
11
83.2855129999999946
21
-55.4453669999999974
0
LINE
8
BLACK
6
CONTINUOUS
10
83.2855129999999946
20
-55.4453669999999974
11
83.4394580000000019
21
-55.3816009999999963
0
LINE
8
BLACK
6
CONTINUOUS
10
83.4394580000000019
20
-55.3816009999999963
11
83.6028850000000006
21
-55.3490929999999963
0
LINE
8
BLACK
6
CONTINUOUS
10
83.6028850000000006
20
-55.3490929999999963
11
83.7695149999999984
21
-55.3490929999999963
0
LINE
8
BLACK
6
CONTINUOUS
10
83.7695149999999984
20
-55.3490929999999963
11
83.9329419999999971
21
-55.3816009999999963
0
LINE
8
BLACK
6
CONTINUOUS
10
84.5361999999999938
20
-54.5049999999999955
11
82.836199999999991
21
-54.5049999999999955
0
LINE
8
BLACK
6
CONTINUOUS
10
82.836199999999991
20
-54.5049999999999955
11
82.836199999999991
21
-52.8049999999999997
0
LINE
8
BLACK
6
CONTINUOUS
10
82.836199999999991
20
-52.8049999999999997
11
84.5361999999999938
21
-52.8049999999999997
0
LINE
8
BLACK
6
CONTINUOUS
10
84.5361999999999938
20
-52.8049999999999997
11
84.5361999999999938
21
-54.5049999999999955
0
LINE
8
BLACK
6
CONTINUOUS
10
112.7547500000000014
20
-87.661209999999997
11
112.7597299999999905
21
-87.6632729999999896
0
LINE
8
BLACK
6
CONTINUOUS
10
112.7597299999999905
20
-87.6632729999999896
11
112.7651049999999913
21
-87.6636549999999914
0
LINE
8
BLACK
6
CONTINUOUS
10
112.7651049999999913
20
-87.6636549999999914
11
112.7925679999999886
21
-87.6741639999999904
0
LINE
8
BLACK
6
CONTINUOUS
10
112.7925679999999886
20
-87.6741639999999904
11
112.9354249999999951
21
-87.7455929999999995
0
LINE
8
BLACK
6
CONTINUOUS
10
112.9354249999999951
20
-87.7455929999999995
11
112.9480199999999996
21
-87.7535209999999921
0
LINE
8
BLACK
6
CONTINUOUS
10
112.9480199999999996
20
-87.7535209999999921
11
112.9516769999999894
21
-87.7550359999999898
0
LINE
8
BLACK
6
CONTINUOUS
10
112.9516769999999894
20
-87.7550359999999898
11
112.9557939999999974
21
-87.7584149999999994
0
LINE
8
BLACK
6
CONTINUOUS
10
112.9557939999999974
20
-87.7584149999999994
11
112.9603109999999901
21
-87.761257999999998
0
LINE
8
BLACK
6
CONTINUOUS
10
112.9603109999999901
20
-87.761257999999998
11
112.9629079999999988
21
-87.764251999999999
0
LINE
8
BLACK
6
CONTINUOUS
10
112.9629079999999988
20
-87.764251999999999
11
112.9744079999999968
21
-87.773690000000002
0
LINE
8
BLACK
6
CONTINUOUS
10
112.9744079999999968
20
-87.773690000000002
11
113.0458369999999917
21
-87.8451179999999994
0
LINE
8
BLACK
6
CONTINUOUS
10
113.0458369999999917
20
-87.8451179999999994
11
113.0552789999999987
21
-87.856622999999999
0
LINE
8
BLACK
6
CONTINUOUS
10
113.0552789999999987
20
-87.856622999999999
11
113.0582709999999906
21
-87.8592179999999985
0
LINE
8
BLACK
6
CONTINUOUS
10
113.0582709999999906
20
-87.8592179999999985
11
113.0611099999999993
21
-87.8637279999999947
0
LINE
8
BLACK
6
CONTINUOUS
10
113.0611099999999993
20
-87.8637279999999947
11
113.0644920000000013
21
-87.8678489999999925
0
LINE
8
BLACK
6
CONTINUOUS
10
113.0644920000000013
20
-87.8678489999999925
11
113.066006999999999
21
-87.8715079999999915
0
LINE
8
BLACK
6
CONTINUOUS
10
113.066006999999999
20
-87.8715079999999915
11
113.0739359999999891
21
-87.8841029999999961
0
LINE
8
BLACK
6
CONTINUOUS
10
113.0739359999999891
20
-87.8841029999999961
11
113.1453640000000007
21
-88.026961
0
LINE
8
BLACK
6
CONTINUOUS
10
113.1453640000000007
20
-88.026961
11
113.1558739999999972
21
-88.0544239999999974
0
LINE
8
BLACK
6
CONTINUOUS
10
113.1558739999999972
20
-88.0544239999999974
11
113.1562550000000016
21
-88.0597989999999982
0
LINE
8
BLACK
6
CONTINUOUS
10
113.1562550000000016
20
-88.0597989999999982
11
113.1583179999999942
21
-88.0647779999999898
0
LINE
8
BLACK
6
CONTINUOUS
10
113.1583179999999942
20
-88.0647779999999898
11
113.1611999999999938
21
-88.0940420000000017
0
LINE
8
BLACK
6
CONTINUOUS
10
113.1611999999999938
20
-88.0940420000000017
11
113.1611999999999938
21
-88.308328000000003
0
LINE
8
BLACK
6
CONTINUOUS
10
113.1611999999999938
20
-88.308328000000003
11
113.1583179999999942
21
-88.3375920000000008
0
LINE
8
BLACK
6
CONTINUOUS
10
113.1583179999999942
20
-88.3375920000000008
11
113.1562550000000016
21
-88.3425699999999949
0
LINE
8
BLACK
6
CONTINUOUS
10
113.1562550000000016
20
-88.3425699999999949
11
113.1558739999999972
21
-88.3479459999999932
0
LINE
8
BLACK
6
CONTINUOUS
10
113.1558739999999972
20
-88.3479459999999932
11
113.1453640000000007
21
-88.3754089999999906
0
LINE
8
BLACK
6
CONTINUOUS
10
113.1453640000000007
20
-88.3754089999999906
11
113.0739359999999891
21
-88.5182669999999945
0
LINE
8
BLACK
6
CONTINUOUS
10
113.0739359999999891
20
-88.5182669999999945
11
113.066008999999994
21
-88.5308579999999949
0
LINE
8
BLACK
6
CONTINUOUS
10
113.066008999999994
20
-88.5308579999999949
11
113.0644929999999988
21
-88.5345200000000006
0
LINE
8
BLACK
6
CONTINUOUS
10
113.0644929999999988
20
-88.5345200000000006
11
113.0611090000000019
21
-88.5386419999999958
0
LINE
8
BLACK
6
CONTINUOUS
10
113.0611090000000019
20
-88.5386419999999958
11
113.0582709999999906
21
-88.5431519999999921
0
LINE
8
BLACK
6
CONTINUOUS
10
113.0582709999999906
20
-88.5431519999999921
11
113.0552789999999987
21
-88.5457459999999941
0
LINE
8
BLACK
6
CONTINUOUS
10
113.0552789999999987
20
-88.5457459999999941
11
113.0458379999999892
21
-88.5572509999999937
0
LINE
8
BLACK
6
CONTINUOUS
10
113.0458379999999892
20
-88.5572509999999937
11
112.9744089999999943
21
-88.6286800000000028
0
LINE
8
BLACK
6
CONTINUOUS
10
112.9744089999999943
20
-88.6286800000000028
11
112.9629070000000013
21
-88.638118999999989
0
LINE
8
BLACK
6
CONTINUOUS
10
112.9629070000000013
20
-88.638118999999989
11
112.9603109999999901
21
-88.6411129999999901
0
LINE
8
BLACK
6
CONTINUOUS
10
112.9603109999999901
20
-88.6411129999999901
11
112.9557969999999898
21
-88.6439529999999962
0
LINE
8
BLACK
6
CONTINUOUS
10
112.9557969999999898
20
-88.6439529999999962
11
112.9516780000000011
21
-88.6473349999999982
0
LINE
8
BLACK
6
CONTINUOUS
10
112.9516780000000011
20
-88.6473349999999982
11
112.9480179999999905
21
-88.6488499999999959
0
LINE
8
BLACK
6
CONTINUOUS
10
112.9480179999999905
20
-88.6488499999999959
11
112.9354249999999951
21
-88.6567780000000027
0
LINE
8
BLACK
6
CONTINUOUS
10
112.9354249999999951
20
-88.6567780000000027
11
112.7925679999999886
21
-88.7282060000000001
0
LINE
8
BLACK
6
CONTINUOUS
10
112.7925679999999886
20
-88.7282060000000001
11
112.7891329999999925
21
-88.7295199999999937
0
LINE
8
BLACK
6
CONTINUOUS
10
112.7891329999999925
20
-88.7295199999999937
11
113.1340849999999989
21
-89.2223089999999956
0
LINE
8
BLACK
6
CONTINUOUS
10
113.1340849999999989
20
-89.2223089999999956
11
113.1485059999999976
21
-89.2479349999999982
0
LINE
8
BLACK
6
CONTINUOUS
10
113.1485059999999976
20
-89.2479349999999982
11
113.1611649999999969
21
-89.3050769999999972
0
LINE
8
BLACK
6
CONTINUOUS
10
113.1611649999999969
20
-89.3050769999999972
11
113.1509939999999972
21
-89.3627129999999994
0
LINE
8
BLACK
6
CONTINUOUS
10
113.1509939999999972
20
-89.3627129999999994
11
113.1195409999999981
21
-89.4120699999999999
0
LINE
8
BLACK
6
CONTINUOUS
10
113.1195409999999981
20
-89.4120699999999999
11
113.0715929999999929
21
-89.4456339999999983
0
LINE
8
BLACK
6
CONTINUOUS
10
113.0715929999999929
20
-89.4456339999999983
11
113.014450999999994
21
-89.4582929999999976
0
LINE
8
BLACK
6
CONTINUOUS
10
113.014450999999994
20
-89.4582929999999976
11
112.9568149999999918
21
-89.4481219999999979
0
LINE
8
BLACK
6
CONTINUOUS
10
112.9568149999999918
20
-89.4481219999999979
11
112.9074579999999912
21
-89.4166689999999988
0
LINE
8
BLACK
6
CONTINUOUS
10
112.9074579999999912
20
-89.4166689999999988
11
112.8883149999999915
21
-89.3943469999999962
0
LINE
8
BLACK
6
CONTINUOUS
10
112.8883149999999915
20
-89.3943469999999962
11
112.433101999999991
21
-88.7440419999999932
0
LINE
8
BLACK
6
CONTINUOUS
10
112.433101999999991
20
-88.7440419999999932
11
112.3040570000000002
21
-88.7440419999999932
0
LINE
8
BLACK
6
CONTINUOUS
10
112.3040570000000002
20
-88.7440419999999932
11
112.3040570000000002
21
-89.308328000000003
0
LINE
8
BLACK
6
CONTINUOUS
10
112.3040570000000002
20
-89.308328000000003
11
112.3011750000000006
21
-89.3375920000000008
0
LINE
8
BLACK
6
CONTINUOUS
10
112.3011750000000006
20
-89.3375920000000008
11
112.2787769999999909
21
-89.3916639999999916
0
LINE
8
BLACK
6
CONTINUOUS
10
112.2787769999999909
20
-89.3916639999999916
11
112.2373929999999973
21
-89.4330479999999994
0
LINE
8
BLACK
6
CONTINUOUS
10
112.2373929999999973
20
-89.4330479999999994
11
112.1833209999999923
21
-89.4554459999999949
0
LINE
8
BLACK
6
CONTINUOUS
10
112.1833209999999923
20
-89.4554459999999949
11
112.1247929999999968
21
-89.4554459999999949
0
LINE
8
BLACK
6
CONTINUOUS
10
112.1247929999999968
20
-89.4554459999999949
11
112.0707209999999918
21
-89.4330479999999994
0
LINE
8
BLACK
6
CONTINUOUS
10
112.0707209999999918
20
-89.4330479999999994
11
112.0293369999999982
21
-89.3916639999999916
0
LINE
8
BLACK
6
CONTINUOUS
10
112.0293369999999982
20
-89.3916639999999916
11
112.0069389999999885
21
-89.3375920000000008
0
LINE
8
BLACK
6
CONTINUOUS
10
112.0069389999999885
20
-89.3375920000000008
11
112.0040569999999889
21
-89.308328000000003
0
LINE
8
BLACK
6
CONTINUOUS
10
112.0040569999999889
20
-89.308328000000003
11
112.0040569999999889
21
-87.808328000000003
0
LINE
8
BLACK
6
CONTINUOUS
10
112.0040569999999889
20
-87.808328000000003
11
112.0069389999999885
21
-87.7790639999999911
0
LINE
8
BLACK
6
CONTINUOUS
10
112.0069389999999885
20
-87.7790639999999911
11
112.0293369999999982
21
-87.7249920000000003
0
LINE
8
BLACK
6
CONTINUOUS
10
112.0293369999999982
20
-87.7249920000000003
11
112.0707209999999918
21
-87.6836079999999924
0
LINE
8
BLACK
6
CONTINUOUS
10
112.0707209999999918
20
-87.6836079999999924
11
112.1247929999999968
21
-87.661209999999997
0
LINE
8
BLACK
6
CONTINUOUS
10
112.1247929999999968
20
-87.661209999999997
11
112.1540569999999946
21
-87.6583279999999974
0
LINE
8
BLACK
6
CONTINUOUS
10
112.1540569999999946
20
-87.6583279999999974
11
112.7254859999999894
21
-87.6583279999999974
0
LINE
8
BLACK
6
CONTINUOUS
10
112.7254859999999894
20
-87.6583279999999974
11
112.7547500000000014
21
-87.661209999999997
0
LINE
8
BLACK
6
CONTINUOUS
10
112.3040570000000002
20
-88.4440419999999961
11
112.6900759999999906
21
-88.4440419999999961
0
LINE
8
BLACK
6
CONTINUOUS
10
112.6900759999999906
20
-88.4440419999999961
11
112.7794880000000006
21
-88.399335999999991
0
LINE
8
BLACK
6
CONTINUOUS
10
112.7794880000000006
20
-88.399335999999991
11
112.8164929999999941
21
-88.3623309999999975
0
LINE
8
BLACK
6
CONTINUOUS
10
112.8164929999999941
20
-88.3623309999999975
11
112.8611999999999966
21
-88.27291799999999
0
LINE
8
BLACK
6
CONTINUOUS
10
112.8611999999999966
20
-88.27291799999999
11
112.8611999999999966
21
-88.1294510000000031
0
LINE
8
BLACK
6
CONTINUOUS
10
112.8611999999999966
20
-88.1294510000000031
11
112.8164939999999916
21
-88.0400389999999931
0
LINE
8
BLACK
6
CONTINUOUS
10
112.8164939999999916
20
-88.0400389999999931
11
112.7794899999999956
21
-88.003034999999997
0
LINE
8
BLACK
6
CONTINUOUS
10
112.7794899999999956
20
-88.003034999999997
11
112.6900759999999906
21
-87.9583279999999945
0
LINE
8
BLACK
6
CONTINUOUS
10
112.6900759999999906
20
-87.9583279999999945
11
112.3040570000000002
21
-87.9583279999999945
0
LINE
8
BLACK
6
CONTINUOUS
10
112.3040570000000002
20
-87.9583279999999945
11
112.3040570000000002
21
-88.4440419999999961
0
LINE
8
BLACK
6
CONTINUOUS
10
114.5404640000000001
20
-87.661209999999997
11
114.5413250000000005
21
-87.6615659999999934
0
LINE
8
BLACK
6
CONTINUOUS
10
114.5413250000000005
20
-87.6615659999999934
11
114.5422549999999973
21
-87.6615779999999916
0
LINE
8
BLACK
6
CONTINUOUS
10
114.5422549999999973
20
-87.6615779999999916
11
114.5683159999999958
21
-87.6727470000000011
0
LINE
8
BLACK
6
CONTINUOUS
10
114.5683159999999958
20
-87.6727470000000011
11
114.5945359999999908
21
-87.6836079999999924
0
LINE
8
BLACK
6
CONTINUOUS
10
114.5945359999999908
20
-87.6836079999999924
11
114.5951939999999922
21
-87.6842659999999938
0
LINE
8
BLACK
6
CONTINUOUS
10
114.5951939999999922
20
-87.6842659999999938
11
114.5960499999999911
21
-87.6846329999999909
0
LINE
8
BLACK
6
CONTINUOUS
10
114.5960499999999911
20
-87.6846329999999909
11
114.6158399999999915
21
-87.7049119999999931
0
LINE
8
BLACK
6
CONTINUOUS
10
114.6158399999999915
20
-87.7049119999999931
11
114.6359199999999987
21
-87.7249920000000003
0
LINE
8
BLACK
6
CONTINUOUS
10
114.6359199999999987
20
-87.7249920000000003
11
114.6362769999999927
21
-87.7258539999999982
0
LINE
8
BLACK
6
CONTINUOUS
10
114.6362769999999927
20
-87.7258539999999982
11
114.636927
21
-87.7265199999999936
0
LINE
8
BLACK
6
CONTINUOUS
10
114.636927
20
-87.7265199999999936
11
114.6474449999999905
21
-87.7528149999999982
0
LINE
8
BLACK
6
CONTINUOUS
10
114.6474449999999905
20
-87.7528149999999982
11
114.6583179999999942
21
-87.7790639999999911
0
LINE
8
BLACK
6
CONTINUOUS
10
114.6583179999999942
20
-87.7790639999999911
11
114.6583179999999942
21
-87.7799969999999945
0
LINE
8
BLACK
6
CONTINUOUS
10
114.6583179999999942
20
-87.7799969999999945
11
114.65866299999999
21
-87.7808599999999899
0
LINE
8
BLACK
6
CONTINUOUS
10
114.65866299999999
20
-87.7808599999999899
11
114.6583179999999942
21
-87.8091769999999912
0
LINE
8
BLACK
6
CONTINUOUS
10
114.6583179999999942
20
-87.8091769999999912
11
114.6583179999999942
21
-87.8375920000000008
0
LINE
8
BLACK
6
CONTINUOUS
10
114.6583179999999942
20
-87.8375920000000008
11
114.6579610000000002
21
-87.8384530000000012
0
LINE
8
BLACK
6
CONTINUOUS
10
114.6579610000000002
20
-87.8384530000000012
11
114.6579499999999996
21
-87.839382999999998
0
LINE
8
BLACK
6
CONTINUOUS
10
114.6579499999999996
20
-87.839382999999998
11
114.6490719999999897
21
-87.8674159999999915
0
LINE
8
BLACK
6
CONTINUOUS
10
114.6490719999999897
20
-87.8674159999999915
11
114.0062149999999974
21
-89.3674159999999915
0
LINE
8
BLACK
6
CONTINUOUS
10
114.0062149999999974
20
-89.3674159999999915
11
113.9920379999999938
21
-89.3931779999999918
0
LINE
8
BLACK
6
CONTINUOUS
10
113.9920379999999938
20
-89.3931779999999918
11
113.9501509999999911
21
-89.4340550000000007
0
LINE
8
BLACK
6
CONTINUOUS
10
113.9501509999999911
20
-89.4340550000000007
11
113.8958109999999948
21
-89.4557909999999907
0
LINE
8
BLACK
6
CONTINUOUS
10
113.8958109999999948
20
-89.4557909999999907
11
113.8372880000000009
21
-89.4550780000000003
0
LINE
8
BLACK
6
CONTINUOUS
10
113.8372880000000009
20
-89.4550780000000003
11
113.7834929999999929
21
-89.4320230000000009
0
LINE
8
BLACK
6
CONTINUOUS
10
113.7834929999999929
20
-89.4320230000000009
11
113.7426159999999982
21
-89.3901359999999983
0
LINE
8
BLACK
6
CONTINUOUS
10
113.7426159999999982
20
-89.3901359999999983
11
113.720879999999994
21
-89.335796000000002
0
LINE
8
BLACK
6
CONTINUOUS
10
113.720879999999994
20
-89.335796000000002
11
113.7215929999999986
21
-89.2772729999999939
0
LINE
8
BLACK
6
CONTINUOUS
10
113.7215929999999986
20
-89.2772729999999939
11
113.7304709999999943
21
-89.2492400000000004
0
LINE
8
BLACK
6
CONTINUOUS
10
113.7304709999999943
20
-89.2492400000000004
11
114.2837189999999907
21
-87.9583279999999945
0
LINE
8
BLACK
6
CONTINUOUS
10
114.2837189999999907
20
-87.9583279999999945
11
113.5111999999999881
21
-87.9583279999999945
0
LINE
8
BLACK
6
CONTINUOUS
10
113.5111999999999881
20
-87.9583279999999945
11
113.4819359999999904
21
-87.9554459999999949
0
LINE
8
BLACK
6
CONTINUOUS
10
113.4819359999999904
20
-87.9554459999999949
11
113.4278639999999996
21
-87.9330479999999994
0
LINE
8
BLACK
6
CONTINUOUS
10
113.4278639999999996
20
-87.9330479999999994
11
113.3864799999999917
21
-87.8916639999999916
0
LINE
8
BLACK
6
CONTINUOUS
10
113.3864799999999917
20
-87.8916639999999916
11
113.3640819999999962
21
-87.8375920000000008
0
LINE
8
BLACK
6
CONTINUOUS
10
113.3640819999999962
20
-87.8375920000000008
11
113.3640819999999962
21
-87.7790639999999911
0
LINE
8
BLACK
6
CONTINUOUS
10
113.3640819999999962
20
-87.7790639999999911
11
113.3864799999999917
21
-87.7249920000000003
0
LINE
8
BLACK
6
CONTINUOUS
10
113.3864799999999917
20
-87.7249920000000003
11
113.4278639999999996
21
-87.6836079999999924
0
LINE
8
BLACK
6
CONTINUOUS
10
113.4278639999999996
20
-87.6836079999999924
11
113.4819359999999904
21
-87.661209999999997
0
LINE
8
BLACK
6
CONTINUOUS
10
113.4819359999999904
20
-87.661209999999997
11
113.5111999999999881
21
-87.6583279999999974
0
LINE
8
BLACK
6
CONTINUOUS
10
113.5111999999999881
20
-87.6583279999999974
11
114.5111999999999881
21
-87.6583279999999974
0
LINE
8
BLACK
6
CONTINUOUS
10
114.5111999999999881
20
-87.6583279999999974
11
114.5404640000000001
21
-87.661209999999997
0
LINE
8
BLACK
6
CONTINUOUS
10
30.7402739999999994
20
-87.459785999999994
11
30.7442239999999991
21
-87.4595059999999904
0
LINE
8
BLACK
6
CONTINUOUS
10
30.7442239999999991
20
-87.4595059999999904
11
30.7494179999999986
21
-87.460686999999993
0
LINE
8
BLACK
6
CONTINUOUS
10
30.7494179999999986
20
-87.460686999999993
11
30.754726999999999
21
-87.4612099999999941
0
LINE
8
BLACK
6
CONTINUOUS
10
30.754726999999999
20
-87.4612099999999941
11
30.7583889999999975
21
-87.462727000000001
0
LINE
8
BLACK
6
CONTINUOUS
10
30.7583889999999975
20
-87.462727000000001
11
30.7728969999999968
21
-87.4660259999999994
0
LINE
8
BLACK
6
CONTINUOUS
10
30.7728969999999968
20
-87.4660259999999994
11
30.9871829999999981
21
-87.5374539999999968
0
LINE
8
BLACK
6
CONTINUOUS
10
30.9871829999999981
20
-87.5374539999999968
11
31.0140339999999988
21
-87.5494429999999966
0
LINE
8
BLACK
6
CONTINUOUS
10
31.0140339999999988
20
-87.5494429999999966
11
31.0181039999999975
21
-87.5529729999999944
0
LINE
8
BLACK
6
CONTINUOUS
10
31.0181039999999975
20
-87.5529729999999944
11
31.0230839999999972
21
-87.5550360000000012
0
LINE
8
BLACK
6
CONTINUOUS
10
31.0230839999999972
20
-87.5550360000000012
11
31.0458149999999975
21
-87.5736909999999966
0
LINE
8
BLACK
6
CONTINUOUS
10
31.0458149999999975
20
-87.5736909999999966
11
31.1172429999999984
21
-87.645118999999994
0
LINE
8
BLACK
6
CONTINUOUS
10
31.1172429999999984
20
-87.645118999999994
11
31.1358979999999974
21
-87.6678489999999897
0
LINE
8
BLACK
6
CONTINUOUS
10
31.1358979999999974
20
-87.6678489999999897
11
31.1582939999999979
21
-87.7219219999999922
0
LINE
8
BLACK
6
CONTINUOUS
10
31.1582939999999979
20
-87.7219219999999922
11
31.1582939999999979
21
-87.7804479999999927
0
LINE
8
BLACK
6
CONTINUOUS
10
31.1582939999999979
20
-87.7804479999999927
11
31.1358979999999974
21
-87.8345199999999977
0
LINE
8
BLACK
6
CONTINUOUS
10
31.1358979999999974
20
-87.8345199999999977
11
31.0945119999999982
21
-87.8759060000000005
0
LINE
8
BLACK
6
CONTINUOUS
10
31.0945119999999982
20
-87.8759060000000005
11
31.0404400000000003
21
-87.898302000000001
0
LINE
8
BLACK
6
CONTINUOUS
10
31.0404400000000003
20
-87.898302000000001
11
30.9819139999999997
21
-87.898302000000001
0
LINE
8
BLACK
6
CONTINUOUS
10
30.9819139999999997
20
-87.898302000000001
11
30.9278409999999973
21
-87.8759060000000005
0
LINE
8
BLACK
6
CONTINUOUS
10
30.9278409999999973
20
-87.8759060000000005
11
30.905110999999998
21
-87.8572509999999909
0
LINE
8
BLACK
6
CONTINUOUS
10
30.905110999999998
20
-87.8572509999999909
11
30.8587209999999992
21
-87.8108610000000027
0
LINE
8
BLACK
6
CONTINUOUS
10
30.8587209999999992
20
-87.8108610000000027
11
30.7011229999999991
21
-87.7583279999999917
0
LINE
8
BLACK
6
CONTINUOUS
10
30.7011229999999991
20
-87.7583279999999917
11
30.6069490000000002
21
-87.7583279999999917
0
LINE
8
BLACK
6
CONTINUOUS
10
30.6069490000000002
20
-87.7583279999999917
11
30.4493469999999995
21
-87.8108610000000027
0
LINE
8
BLACK
6
CONTINUOUS
10
30.4493469999999995
20
-87.8108610000000027
11
30.3487409999999969
21
-87.9114670000000018
0
LINE
8
BLACK
6
CONTINUOUS
10
30.3487409999999969
20
-87.9114670000000018
11
30.2955599999999983
21
-88.0178269999999969
0
LINE
8
BLACK
6
CONTINUOUS
10
30.2955599999999983
20
-88.0178269999999969
11
30.232605999999997
21
-88.2696479999999895
0
LINE
8
BLACK
6
CONTINUOUS
10
30.232605999999997
20
-88.2696479999999895
11
30.232605999999997
21
-88.4470069999999993
0
LINE
8
BLACK
6
CONTINUOUS
10
30.232605999999997
20
-88.4470069999999993
11
30.2955599999999983
21
-88.6988279999999918
0
LINE
8
BLACK
6
CONTINUOUS
10
30.2955599999999983
20
-88.6988279999999918
11
30.3487409999999969
21
-88.8051880000000011
0
LINE
8
BLACK
6
CONTINUOUS
10
30.3487409999999969
20
-88.8051880000000011
11
30.4493459999999985
21
-88.9057940000000002
0
LINE
8
BLACK
6
CONTINUOUS
10
30.4493459999999985
20
-88.9057940000000002
11
30.6069490000000002
21
-88.9583279999999945
0
LINE
8
BLACK
6
CONTINUOUS
10
30.6069490000000002
20
-88.9583279999999945
11
30.7011199999999995
21
-88.9583279999999945
0
LINE
8
BLACK
6
CONTINUOUS
10
30.7011199999999995
20
-88.9583279999999945
11
30.8587220000000002
21
-88.9057940000000002
0
LINE
8
BLACK
6
CONTINUOUS
10
30.8587220000000002
20
-88.9057940000000002
11
30.905109999999997
21
-88.8594059999999928
0
LINE
8
BLACK
6
CONTINUOUS
10
30.905109999999997
20
-88.8594059999999928
11
30.9278409999999973
21
-88.8407509999999974
0
LINE
8
BLACK
6
CONTINUOUS
10
30.9278409999999973
20
-88.8407509999999974
11
30.9819129999999987
21
-88.8183539999999994
0
LINE
8
BLACK
6
CONTINUOUS
10
30.9819129999999987
20
-88.8183539999999994
11
31.0404389999999992
21
-88.8183530000000019
0
LINE
8
BLACK
6
CONTINUOUS
10
31.0404389999999992
20
-88.8183530000000019
11
31.0945109999999971
21
-88.8407499999999999
0
LINE
8
BLACK
6
CONTINUOUS
10
31.0945109999999971
20
-88.8407499999999999
11
31.1358969999999999
21
-88.882134999999991
0
LINE
8
BLACK
6
CONTINUOUS
10
31.1358969999999999
20
-88.882134999999991
11
31.1582939999999979
21
-88.936206999999996
0
LINE
8
BLACK
6
CONTINUOUS
10
31.1582939999999979
20
-88.936206999999996
11
31.158294999999999
21
-88.9947329999999965
0
LINE
8
BLACK
6
CONTINUOUS
10
31.158294999999999
20
-88.9947329999999965
11
31.1358979999999974
21
-89.048805999999999
0
LINE
8
BLACK
6
CONTINUOUS
10
31.1358979999999974
20
-89.048805999999999
11
31.1172439999999995
21
-89.0715359999999947
0
LINE
8
BLACK
6
CONTINUOUS
10
31.1172439999999995
20
-89.0715359999999947
11
31.0458159999999985
21
-89.1429649999999896
0
LINE
8
BLACK
6
CONTINUOUS
10
31.0458159999999985
20
-89.1429649999999896
11
31.0230849999999982
21
-89.1616199999999992
0
LINE
8
BLACK
6
CONTINUOUS
10
31.0230849999999982
20
-89.1616199999999992
11
31.018106999999997
21
-89.1636809999999969
0
LINE
8
BLACK
6
CONTINUOUS
10
31.018106999999997
20
-89.1636809999999969
11
31.0140339999999988
21
-89.1672149999999988
0
LINE
8
BLACK
6
CONTINUOUS
10
31.0140339999999988
20
-89.1672149999999988
11
30.9871829999999981
21
-89.1792030000000011
0
LINE
8
BLACK
6
CONTINUOUS
10
30.9871829999999981
20
-89.1792030000000011
11
30.7728969999999968
21
-89.2506309999999985
0
LINE
8
BLACK
6
CONTINUOUS
10
30.7728969999999968
20
-89.2506309999999985
11
30.7583839999999995
21
-89.2539299999999969
0
LINE
8
BLACK
6
CONTINUOUS
10
30.7583839999999995
20
-89.2539299999999969
11
30.754726999999999
21
-89.2554459999999921
0
LINE
8
BLACK
6
CONTINUOUS
10
30.754726999999999
20
-89.2554459999999921
11
30.7494239999999976
21
-89.2559679999999958
0
LINE
8
BLACK
6
CONTINUOUS
10
30.7494239999999976
20
-89.2559679999999958
11
30.7442229999999981
21
-89.2571509999999932
0
LINE
8
BLACK
6
CONTINUOUS
10
30.7442229999999981
20
-89.2571509999999932
11
30.7402680000000004
21
-89.2568689999999947
0
LINE
8
BLACK
6
CONTINUOUS
10
30.7402680000000004
20
-89.2568689999999947
11
30.7254629999999977
21
-89.2583279999999917
0
LINE
8
BLACK
6
CONTINUOUS
10
30.7254629999999977
20
-89.2583279999999917
11
30.5826059999999984
21
-89.2583279999999917
0
LINE
8
BLACK
6
CONTINUOUS
10
30.5826059999999984
20
-89.2583279999999917
11
30.5677999999999983
21
-89.2568689999999947
0
LINE
8
BLACK
6
CONTINUOUS
10
30.5677999999999983
20
-89.2568689999999947
11
30.5638459999999981
21
-89.2571509999999932
0
LINE
8
BLACK
6
CONTINUOUS
10
30.5638459999999981
20
-89.2571509999999932
11
30.5586439999999975
21
-89.2559679999999958
0
LINE
8
BLACK
6
CONTINUOUS
10
30.5586439999999975
20
-89.2559679999999958
11
30.5533419999999971
21
-89.2554459999999921
0
LINE
8
BLACK
6
CONTINUOUS
10
30.5533419999999971
20
-89.2554459999999921
11
30.5496839999999992
21
-89.2539299999999969
0
LINE
8
BLACK
6
CONTINUOUS
10
30.5496839999999992
20
-89.2539299999999969
11
30.5351719999999993
21
-89.2506309999999985
0
LINE
8
BLACK
6
CONTINUOUS
10
30.5351719999999993
20
-89.2506309999999985
11
30.320885999999998
21
-89.1792030000000011
0
LINE
8
BLACK
6
CONTINUOUS
10
30.320885999999998
20
-89.1792030000000011
11
30.2940349999999974
21
-89.1672149999999988
0
LINE
8
BLACK
6
CONTINUOUS
10
30.2940349999999974
20
-89.1672149999999988
11
30.2899630000000002
21
-89.1636829999999918
0
LINE
8
BLACK
6
CONTINUOUS
10
30.2899630000000002
20
-89.1636829999999918
11
30.2849839999999979
21
-89.1616209999999967
0
LINE
8
BLACK
6
CONTINUOUS
10
30.2849839999999979
20
-89.1616209999999967
11
30.2622539999999987
21
-89.1429660000000013
0
LINE
8
BLACK
6
CONTINUOUS
10
30.2622539999999987
20
-89.1429660000000013
11
30.1193969999999993
21
-89.0001079999999973
0
LINE
8
BLACK
6
CONTINUOUS
10
30.1193969999999993
20
-89.0001079999999973
11
30.1099569999999979
21
-88.9886059999999901
0
LINE
8
BLACK
6
CONTINUOUS
10
30.1099569999999979
20
-88.9886059999999901
11
30.1069639999999978
21
-88.9860099999999932
0
LINE
8
BLACK
6
CONTINUOUS
10
30.1069639999999978
20
-88.9860099999999932
11
30.1041229999999977
21
-88.9814959999999928
0
LINE
8
BLACK
6
CONTINUOUS
10
30.1041229999999977
20
-88.9814959999999928
11
30.1007420000000003
21
-88.9773769999999899
0
LINE
8
BLACK
6
CONTINUOUS
10
30.1007420000000003
20
-88.9773769999999899
11
30.099225999999998
21
-88.9737169999999935
0
LINE
8
BLACK
6
CONTINUOUS
10
30.099225999999998
20
-88.9737169999999935
11
30.0912989999999994
21
-88.9611239999999981
0
LINE
8
BLACK
6
CONTINUOUS
10
30.0912989999999994
20
-88.9611239999999981
11
30.0198699999999974
21
-88.8182669999999916
0
LINE
8
BLACK
6
CONTINUOUS
10
30.0198699999999974
20
-88.8182669999999916
11
30.01905
21
-88.816125999999997
0
LINE
8
BLACK
6
CONTINUOUS
10
30.01905
20
-88.816125999999997
11
30.0184059999999988
21
-88.8152559999999909
0
LINE
8
BLACK
6
CONTINUOUS
10
30.0184059999999988
20
-88.8152559999999909
11
30.0140189999999976
21
-88.802977999999996
0
LINE
8
BLACK
6
CONTINUOUS
10
30.0140189999999976
20
-88.802977999999996
11
30.0093609999999984
21
-88.7908039999999943
0
LINE
8
BLACK
6
CONTINUOUS
10
30.0093609999999984
20
-88.7908039999999943
11
30.0092839999999974
21
-88.7897229999999951
0
LINE
8
BLACK
6
CONTINUOUS
10
30.0092839999999974
20
-88.7897229999999951
11
30.0085129999999971
21
-88.7875650000000007
0
LINE
8
BLACK
6
CONTINUOUS
10
30.0085129999999971
20
-88.7875650000000007
11
29.9370849999999997
21
-88.501851000000002
0
LINE
8
BLACK
6
CONTINUOUS
10
29.9370849999999997
20
-88.501851000000002
11
29.9363349999999997
21
-88.4967789999999894
0
LINE
8
BLACK
6
CONTINUOUS
10
29.9363349999999997
20
-88.4967789999999894
11
29.9354879999999994
21
-88.4947349999999915
0
LINE
8
BLACK
6
CONTINUOUS
10
29.9354879999999994
20
-88.4947349999999915
11
29.9344019999999986
21
-88.483711999999997
0
LINE
8
BLACK
6
CONTINUOUS
10
29.9344019999999986
20
-88.483711999999997
11
29.932782999999997
21
-88.472762000000003
0
LINE
8
BLACK
6
CONTINUOUS
10
29.932782999999997
20
-88.472762000000003
11
29.9331079999999972
21
-88.4705739999999992
0
LINE
8
BLACK
6
CONTINUOUS
10
29.9331079999999972
20
-88.4705739999999992
11
29.9326059999999998
21
-88.4654709999999938
0
LINE
8
BLACK
6
CONTINUOUS
10
29.9326059999999998
20
-88.4654709999999938
11
29.9326059999999998
21
-88.2511849999999924
0
LINE
8
BLACK
6
CONTINUOUS
10
29.9326059999999998
20
-88.2511849999999924
11
29.9331079999999972
21
-88.2460809999999896
0
LINE
8
BLACK
6
CONTINUOUS
10
29.9331079999999972
20
-88.2460809999999896
11
29.932782999999997
21
-88.2438939999999974
0
LINE
8
BLACK
6
CONTINUOUS
10
29.932782999999997
20
-88.2438939999999974
11
29.9344019999999986
21
-88.2329429999999917
0
LINE
8
BLACK
6
CONTINUOUS
10
29.9344019999999986
20
-88.2329429999999917
11
29.9354879999999994
21
-88.2219209999999947
0
LINE
8
BLACK
6
CONTINUOUS
10
29.9354879999999994
20
-88.2219209999999947
11
29.9363349999999997
21
-88.2198759999999993
0
LINE
8
BLACK
6
CONTINUOUS
10
29.9363349999999997
20
-88.2198759999999993
11
29.9370849999999997
21
-88.2148049999999984
0
LINE
8
BLACK
6
CONTINUOUS
10
29.9370849999999997
20
-88.2148049999999984
11
30.0085129999999971
21
-87.9290909999999997
0
LINE
8
BLACK
6
CONTINUOUS
10
30.0085129999999971
20
-87.9290909999999997
11
30.0092839999999974
21
-87.9269319999999936
0
LINE
8
BLACK
6
CONTINUOUS
10
30.0092839999999974
20
-87.9269319999999936
11
30.0093609999999984
21
-87.9258519999999919
0
LINE
8
BLACK
6
CONTINUOUS
10
30.0093609999999984
20
-87.9258519999999919
11
30.0140189999999976
21
-87.9136769999999927
0
LINE
8
BLACK
6
CONTINUOUS
10
30.0140189999999976
20
-87.9136769999999927
11
30.0184059999999988
21
-87.9013999999999953
0
LINE
8
BLACK
6
CONTINUOUS
10
30.0184059999999988
20
-87.9013999999999953
11
30.01905
21
-87.9005289999999917
0
LINE
8
BLACK
6
CONTINUOUS
10
30.01905
20
-87.9005289999999917
11
30.0198699999999974
21
-87.8983889999999946
0
LINE
8
BLACK
6
CONTINUOUS
10
30.0198699999999974
20
-87.8983889999999946
11
30.0912989999999994
21
-87.7555320000000023
0
LINE
8
BLACK
6
CONTINUOUS
10
30.0912989999999994
20
-87.7555320000000023
11
30.099225999999998
21
-87.7429379999999952
0
LINE
8
BLACK
6
CONTINUOUS
10
30.099225999999998
20
-87.7429379999999952
11
30.1007420000000003
21
-87.7392789999999962
0
LINE
8
BLACK
6
CONTINUOUS
10
30.1007420000000003
20
-87.7392789999999962
11
30.1041229999999977
21
-87.7351589999999959
0
LINE
8
BLACK
6
CONTINUOUS
10
30.1041229999999977
20
-87.7351589999999959
11
30.1069639999999978
21
-87.730645999999993
0
LINE
8
BLACK
6
CONTINUOUS
10
30.1069639999999978
20
-87.730645999999993
11
30.1099569999999979
21
-87.7280489999999986
0
LINE
8
BLACK
6
CONTINUOUS
10
30.1099569999999979
20
-87.7280489999999986
11
30.1193969999999993
21
-87.7165480000000031
0
LINE
8
BLACK
6
CONTINUOUS
10
30.1193969999999993
20
-87.7165480000000031
11
30.2622539999999987
21
-87.5736909999999966
0
LINE
8
BLACK
6
CONTINUOUS
10
30.2622539999999987
20
-87.5736909999999966
11
30.2849839999999979
21
-87.5550360000000012
0
LINE
8
BLACK
6
CONTINUOUS
10
30.2849839999999979
20
-87.5550360000000012
11
30.2899649999999987
21
-87.5529719999999969
0
LINE
8
BLACK
6
CONTINUOUS
10
30.2899649999999987
20
-87.5529719999999969
11
30.2940349999999974
21
-87.5494429999999966
0
LINE
8
BLACK
6
CONTINUOUS
10
30.2940349999999974
20
-87.5494429999999966
11
30.320885999999998
21
-87.5374549999999942
0
LINE
8
BLACK
6
CONTINUOUS
10
30.320885999999998
20
-87.5374549999999942
11
30.5351709999999983
21
-87.4660259999999994
0
LINE
8
BLACK
6
CONTINUOUS
10
30.5351709999999983
20
-87.4660259999999994
11
30.5496799999999986
21
-87.4627259999999893
0
LINE
8
BLACK
6
CONTINUOUS
10
30.5496799999999986
20
-87.4627259999999893
11
30.5533419999999971
21
-87.4612099999999941
0
LINE
8
BLACK
6
CONTINUOUS
10
30.5533419999999971
20
-87.4612099999999941
11
30.5586500000000001
21
-87.460686999999993
0
LINE
8
BLACK
6
CONTINUOUS
10
30.5586500000000001
20
-87.460686999999993
11
30.563844999999997
21
-87.4595059999999904
0
LINE
8
BLACK
6
CONTINUOUS
10
30.563844999999997
20
-87.4595059999999904
11
30.5677939999999992
21
-87.459785999999994
0
LINE
8
BLACK
6
CONTINUOUS
10
30.5677939999999992
20
-87.459785999999994
11
30.5826059999999984
21
-87.4583279999999945
0
LINE
8
BLACK
6
CONTINUOUS
10
30.5826059999999984
20
-87.4583279999999945
11
30.7254629999999977
21
-87.4583279999999945
0
LINE
8
BLACK
6
CONTINUOUS
10
30.7254629999999977
20
-87.4583279999999945
11
30.7402739999999994
21
-87.459785999999994
0
LINE
8
BLACK
6
CONTINUOUS
10
32.0140339999999952
20
-87.4065859999999901
11
32.058247999999999
21
-87.4449339999999893
0
LINE
8
BLACK
6
CONTINUOUS
10
32.058247999999999
20
-87.4449339999999893
11
32.0844219999999964
21
-87.497281000000001
0
LINE
8
BLACK
6
CONTINUOUS
10
32.0844219999999964
20
-87.497281000000001
11
32.0885710000000017
21
-87.5556610000000006
0
LINE
8
BLACK
6
CONTINUOUS
10
32.0885710000000017
20
-87.5556610000000006
11
32.0820509999999999
21
-87.5843349999999958
0
LINE
8
BLACK
6
CONTINUOUS
10
32.0820509999999999
20
-87.5843349999999958
11
31.7907189999999993
21
-88.4583279999999945
0
LINE
8
BLACK
6
CONTINUOUS
10
31.7907189999999993
20
-88.4583279999999945
11
32.1468920000000011
21
-88.4583279999999945
0
LINE
8
BLACK
6
CONTINUOUS
10
32.1468920000000011
20
-88.4583279999999945
11
32.1468920000000011
21
-88.1083280000000002
0
LINE
8
BLACK
6
CONTINUOUS
10
32.1468920000000011
20
-88.1083280000000002
11
32.1497740000000007
21
-88.0790640000000025
0
LINE
8
BLACK
6
CONTINUOUS
10
32.1497740000000007
20
-88.0790640000000025
11
32.1721719999999962
21
-88.0249919999999975
0
LINE
8
BLACK
6
CONTINUOUS
10
32.1721719999999962
20
-88.0249919999999975
11
32.213555999999997
21
-87.9836079999999896
0
LINE
8
BLACK
6
CONTINUOUS
10
32.213555999999997
20
-87.9836079999999896
11
32.267628000000002
21
-87.9612099999999941
0
LINE
8
BLACK
6
CONTINUOUS
10
32.267628000000002
20
-87.9612099999999941
11
32.3261559999999974
21
-87.9612099999999941
0
LINE
8
BLACK
6
CONTINUOUS
10
32.3261559999999974
20
-87.9612099999999941
11
32.3802279999999953
21
-87.9836079999999896
0
LINE
8
BLACK
6
CONTINUOUS
10
32.3802279999999953
20
-87.9836079999999896
11
32.4216119999999961
21
-88.0249919999999975
0
LINE
8
BLACK
6
CONTINUOUS
10
32.4216119999999961
20
-88.0249919999999975
11
32.4440099999999987
21
-88.0790640000000025
0
LINE
8
BLACK
6
CONTINUOUS
10
32.4440099999999987
20
-88.0790640000000025
11
32.4468919999999983
21
-88.1083280000000002
0
LINE
8
BLACK
6
CONTINUOUS
10
32.4468919999999983
20
-88.1083280000000002
11
32.4468919999999983
21
-88.4583279999999945
0
LINE
8
BLACK
6
CONTINUOUS
10
32.4468919999999983
20
-88.4583279999999945
11
32.5111769999999964
21
-88.4583279999999945
0
LINE
8
BLACK
6
CONTINUOUS
10
32.5111769999999964
20
-88.4583279999999945
11
32.5404410000000013
21
-88.4612099999999941
0
LINE
8
BLACK
6
CONTINUOUS
10
32.5404410000000013
20
-88.4612099999999941
11
32.5945129999999992
21
-88.4836079999999896
0
LINE
8
BLACK
6
CONTINUOUS
10
32.5945129999999992
20
-88.4836079999999896
11
32.6358969999999999
21
-88.5249919999999975
0
LINE
8
BLACK
6
CONTINUOUS
10
32.6358969999999999
20
-88.5249919999999975
11
32.6582949999999954
21
-88.5790640000000025
0
LINE
8
BLACK
6
CONTINUOUS
10
32.6582949999999954
20
-88.5790640000000025
11
32.6582949999999954
21
-88.6375919999999979
0
LINE
8
BLACK
6
CONTINUOUS
10
32.6582949999999954
20
-88.6375919999999979
11
32.6358969999999999
21
-88.6916640000000029
0
LINE
8
BLACK
6
CONTINUOUS
10
32.6358969999999999
20
-88.6916640000000029
11
32.5945129999999992
21
-88.7330479999999966
0
LINE
8
BLACK
6
CONTINUOUS
10
32.5945129999999992
20
-88.7330479999999966
11
32.5404410000000013
21
-88.7554459999999921
0
LINE
8
BLACK
6
CONTINUOUS
10
32.5404410000000013
20
-88.7554459999999921
11
32.5111769999999964
21
-88.7583279999999917
0
LINE
8
BLACK
6
CONTINUOUS
10
32.5111769999999964
20
-88.7583279999999917
11
32.4468919999999983
21
-88.7583279999999917
0
LINE
8
BLACK
6
CONTINUOUS
10
32.4468919999999983
20
-88.7583279999999917
11
32.4468919999999983
21
-89.1083280000000002
0
LINE
8
BLACK
6
CONTINUOUS
10
32.4468919999999983
20
-89.1083280000000002
11
32.4440099999999987
21
-89.1375919999999979
0
LINE
8
BLACK
6
CONTINUOUS
10
32.4440099999999987
20
-89.1375919999999979
11
32.4216119999999961
21
-89.1916640000000029
0
LINE
8
BLACK
6
CONTINUOUS
10
32.4216119999999961
20
-89.1916640000000029
11
32.3802279999999953
21
-89.2330479999999966
0
LINE
8
BLACK
6
CONTINUOUS
10
32.3802279999999953
20
-89.2330479999999966
11
32.3261559999999974
21
-89.2554459999999921
0
LINE
8
BLACK
6
CONTINUOUS
10
32.3261559999999974
20
-89.2554459999999921
11
32.267628000000002
21
-89.2554459999999921
0
LINE
8
BLACK
6
CONTINUOUS
10
32.267628000000002
20
-89.2554459999999921
11
32.213555999999997
21
-89.2330479999999966
0
LINE
8
BLACK
6
CONTINUOUS
10
32.213555999999997
20
-89.2330479999999966
11
32.1721719999999962
21
-89.1916640000000029
0
LINE
8
BLACK
6
CONTINUOUS
10
32.1721719999999962
20
-89.1916640000000029
11
32.1497740000000007
21
-89.1375919999999979
0
LINE
8
BLACK
6
CONTINUOUS
10
32.1497740000000007
20
-89.1375919999999979
11
32.1468920000000011
21
-89.1083280000000002
0
LINE
8
BLACK
6
CONTINUOUS
10
32.1468920000000011
20
-89.1083280000000002
11
32.1468920000000011
21
-88.7583279999999917
0
LINE
8
BLACK
6
CONTINUOUS
10
32.1468920000000011
20
-88.7583279999999917
11
31.5826059999999984
21
-88.7583279999999917
0
LINE
8
BLACK
6
CONTINUOUS
10
31.5826059999999984
20
-88.7583279999999917
11
31.5677939999999992
21
-88.7568689999999947
0
LINE
8
BLACK
6
CONTINUOUS
10
31.5677939999999992
20
-88.7568689999999947
11
31.563844999999997
21
-88.7571499999999958
0
LINE
8
BLACK
6
CONTINUOUS
10
31.563844999999997
20
-88.7571499999999958
11
31.5609929999999999
21
-88.7561989999999952
0
LINE
8
BLACK
6
CONTINUOUS
10
31.5609929999999999
20
-88.7561989999999952
11
31.5533419999999971
21
-88.7554459999999921
0
LINE
8
BLACK
6
CONTINUOUS
10
31.5533419999999971
20
-88.7554459999999921
11
31.5311269999999979
21
-88.7462439999999901
0
LINE
8
BLACK
6
CONTINUOUS
10
31.5311269999999979
20
-88.7462439999999901
11
31.5083209999999987
21
-88.7386419999999987
0
LINE
8
BLACK
6
CONTINUOUS
10
31.5083209999999987
20
-88.7386419999999987
11
31.5042489999999979
21
-88.7351099999999917
0
LINE
8
BLACK
6
CONTINUOUS
10
31.5042489999999979
20
-88.7351099999999917
11
31.4992699999999992
21
-88.7330479999999966
0
LINE
8
BLACK
6
CONTINUOUS
10
31.4992699999999992
20
-88.7330479999999966
11
31.4822679999999977
21
-88.7160459999999915
0
LINE
8
BLACK
6
CONTINUOUS
10
31.4822679999999977
20
-88.7160459999999915
11
31.4641069999999985
21
-88.700294999999997
0
LINE
8
BLACK
6
CONTINUOUS
10
31.4641069999999985
20
-88.700294999999997
11
31.4616959999999999
21
-88.6954739999999902
0
LINE
8
BLACK
6
CONTINUOUS
10
31.4616959999999999
20
-88.6954739999999902
11
31.4578859999999985
21
-88.6916640000000029
0
LINE
8
BLACK
6
CONTINUOUS
10
31.4578859999999985
20
-88.6916640000000029
11
31.4486849999999976
21
-88.6694519999999926
0
LINE
8
BLACK
6
CONTINUOUS
10
31.4486849999999976
20
-88.6694519999999926
11
31.4379329999999975
21
-88.6479479999999995
0
LINE
8
BLACK
6
CONTINUOUS
10
31.4379329999999975
20
-88.6479479999999995
11
31.4375499999999981
21
-88.6425720000000013
0
LINE
8
BLACK
6
CONTINUOUS
10
31.4375499999999981
20
-88.6425720000000013
11
31.4354879999999994
21
-88.6375919999999979
0
LINE
8
BLACK
6
CONTINUOUS
10
31.4354879999999994
20
-88.6375919999999979
11
31.4354879999999994
21
-88.6135439999999903
0
LINE
8
BLACK
6
CONTINUOUS
10
31.4354879999999994
20
-88.6135439999999903
11
31.4337839999999993
21
-88.5895670000000024
0
LINE
8
BLACK
6
CONTINUOUS
10
31.4337839999999993
20
-88.5895670000000024
11
31.4354879999999994
21
-88.5820729999999941
0
LINE
8
BLACK
6
CONTINUOUS
10
31.4354879999999994
20
-88.5820729999999941
11
31.4354879999999994
21
-88.5790640000000025
0
LINE
8
BLACK
6
CONTINUOUS
10
31.4354879999999994
20
-88.5790640000000025
11
31.4370049999999992
21
-88.5754009999999994
0
LINE
8
BLACK
6
CONTINUOUS
10
31.4370049999999992
20
-88.5754009999999994
11
31.4403039999999976
21
-88.5608939999999905
0
LINE
8
BLACK
6
CONTINUOUS
10
31.4403039999999976
20
-88.5608939999999905
11
31.7974459999999972
21
-87.4894659999999931
0
LINE
8
BLACK
6
CONTINUOUS
10
31.7974459999999972
20
-87.4894659999999931
11
31.809434999999997
21
-87.4626149999999996
0
LINE
8
BLACK
6
CONTINUOUS
10
31.809434999999997
20
-87.4626149999999996
11
31.8477819999999987
21
-87.4184010000000029
0
LINE
8
BLACK
6
CONTINUOUS
10
31.8477819999999987
20
-87.4184010000000029
11
31.9001289999999997
21
-87.3922269999999912
0
LINE
8
BLACK
6
CONTINUOUS
10
31.9001289999999997
20
-87.3922269999999912
11
31.9585089999999994
21
-87.388077999999993
0
LINE
8
BLACK
6
CONTINUOUS
10
31.9585089999999994
20
-87.388077999999993
11
32.0140339999999952
21
-87.4065859999999901
0
LINE
8
BLACK
6
CONTINUOUS
10
117.3034279999999967
20
-84.6394480000000016
11
117.4483169999999888
21
-84.6994629999999944
0
LINE
8
BLACK
6
CONTINUOUS
10
117.4483169999999888
20
-84.6994629999999944
11
117.5787149999999883
21
-84.7865919999999988
0
LINE
8
BLACK
6
CONTINUOUS
10
117.5787149999999883
20
-84.7865919999999988
11
117.6896079999999927
21
-84.8974850000000032
0
LINE
8
BLACK
6
CONTINUOUS
10
117.6896079999999927
20
-84.8974850000000032
11
117.7767369999999971
21
-85.0278830000000028
0
LINE
8
BLACK
6
CONTINUOUS
10
117.7767369999999971
20
-85.0278830000000028
11
117.8367519999999899
21
-85.1727719999999948
0
LINE
8
BLACK
6
CONTINUOUS
10
117.8367519999999899
20
-85.1727719999999948
11
117.8673479999999927
21
-85.3265859999999918
0
LINE
8
BLACK
6
CONTINUOUS
10
117.8673479999999927
20
-85.3265859999999918
11
117.8673479999999927
21
-85.4834139999999962
0
LINE
8
BLACK
6
CONTINUOUS
10
117.8673479999999927
20
-85.4834139999999962
11
117.8367519999999899
21
-85.6372279999999932
0
LINE
8
BLACK
6
CONTINUOUS
10
117.8367519999999899
20
-85.6372279999999932
11
117.7767369999999971
21
-85.7821169999999995
0
LINE
8
BLACK
6
CONTINUOUS
10
117.7767369999999971
20
-85.7821169999999995
11
117.6896079999999927
21
-85.9125149999999991
0
LINE
8
BLACK
6
CONTINUOUS
10
117.6896079999999927
20
-85.9125149999999991
11
117.5787149999999883
21
-86.0234079999999892
0
LINE
8
BLACK
6
CONTINUOUS
10
117.5787149999999883
20
-86.0234079999999892
11
117.4483169999999888
21
-86.1105369999999937
0
LINE
8
BLACK
6
CONTINUOUS
10
117.4483169999999888
20
-86.1105369999999937
11
117.3034279999999967
21
-86.1705520000000007
0
LINE
8
BLACK
6
CONTINUOUS
10
117.3034279999999967
20
-86.1705520000000007
11
117.1496139999999997
21
-86.2011479999999892
0
LINE
8
BLACK
6
CONTINUOUS
10
117.1496139999999997
20
-86.2011479999999892
11
116.9927859999999953
21
-86.2011479999999892
0
LINE
8
BLACK
6
CONTINUOUS
10
116.9927859999999953
20
-86.2011479999999892
11
116.8389719999999983
21
-86.1705520000000007
0
LINE
8
BLACK
6
CONTINUOUS
10
116.8389719999999983
20
-86.1705520000000007
11
116.694082999999992
21
-86.1105369999999937
0
LINE
8
BLACK
6
CONTINUOUS
10
116.694082999999992
20
-86.1105369999999937
11
116.5636849999999924
21
-86.0234079999999892
0
LINE
8
BLACK
6
CONTINUOUS
10
116.5636849999999924
20
-86.0234079999999892
11
116.4527919999999881
21
-85.9125149999999991
0
LINE
8
BLACK
6
CONTINUOUS
10
116.4527919999999881
20
-85.9125149999999991
11
116.3656629999999979
21
-85.7821169999999995
0
LINE
8
BLACK
6
CONTINUOUS
10
116.3656629999999979
20
-85.7821169999999995
11
116.3056479999999908
21
-85.6372279999999932
0
LINE
8
BLACK
6
CONTINUOUS
10
116.3056479999999908
20
-85.6372279999999932
11
116.2750519999999881
21
-85.4834139999999962
0
LINE
8
BLACK
6
CONTINUOUS
10
116.2750519999999881
20
-85.4834139999999962
11
116.2750519999999881
21
-85.3265859999999918
0
LINE
8
BLACK
6
CONTINUOUS
10
116.2750519999999881
20
-85.3265859999999918
11
116.3056479999999908
21
-85.1727719999999948
0
LINE
8
BLACK
6
CONTINUOUS
10
116.3056479999999908
20
-85.1727719999999948
11
116.3656629999999979
21
-85.0278830000000028
0
LINE
8
BLACK
6
CONTINUOUS
10
116.3656629999999979
20
-85.0278830000000028
11
116.4527919999999881
21
-84.8974850000000032
0
LINE
8
BLACK
6
CONTINUOUS
10
116.4527919999999881
20
-84.8974850000000032
11
116.5636849999999924
21
-84.7865919999999988
0
LINE
8
BLACK
6
CONTINUOUS
10
116.5636849999999924
20
-84.7865919999999988
11
116.694082999999992
21
-84.6994629999999944
0
LINE
8
BLACK
6
CONTINUOUS
10
116.694082999999992
20
-84.6994629999999944
11
116.8389719999999983
21
-84.6394480000000016
0
LINE
8
BLACK
6
CONTINUOUS
10
116.8389719999999983
20
-84.6394480000000016
11
116.9927859999999953
21
-84.6088519999999988
0
LINE
8
BLACK
6
CONTINUOUS
10
116.9927859999999953
20
-84.6088519999999988
11
117.1496139999999997
21
-84.6088519999999988
0
LINE
8
BLACK
6
CONTINUOUS
10
117.1496139999999997
20
-84.6088519999999988
11
117.3034279999999967
21
-84.6394480000000016
0
LINE
8
BLACK
6
CONTINUOUS
10
103.2411789999999883
20
-84.161209999999997
11
103.2952509999999933
21
-84.1836079999999924
0
LINE
8
BLACK
6
CONTINUOUS
10
103.2952509999999933
20
-84.1836079999999924
11
103.3366350000000011
21
-84.2249920000000003
0
LINE
8
BLACK
6
CONTINUOUS
10
103.3366350000000011
20
-84.2249920000000003
11
103.3590329999999966
21
-84.2790639999999911
0
LINE
8
BLACK
6
CONTINUOUS
10
103.3590329999999966
20
-84.2790639999999911
11
103.3590329999999966
21
-84.3375920000000008
0
LINE
8
BLACK
6
CONTINUOUS
10
103.3590329999999966
20
-84.3375920000000008
11
103.3366350000000011
21
-84.3916639999999916
0
LINE
8
BLACK
6
CONTINUOUS
10
103.3366350000000011
20
-84.3916639999999916
11
103.2952509999999933
21
-84.4330479999999994
0
LINE
8
BLACK
6
CONTINUOUS
10
103.2952509999999933
20
-84.4330479999999994
11
103.2411789999999883
21
-84.4554459999999949
0
LINE
8
BLACK
6
CONTINUOUS
10
103.2411789999999883
20
-84.4554459999999949
11
103.2119149999999905
21
-84.4583279999999945
0
LINE
8
BLACK
6
CONTINUOUS
10
103.2119149999999905
20
-84.4583279999999945
11
102.9616099999999932
21
-84.4583279999999945
0
LINE
8
BLACK
6
CONTINUOUS
10
102.9616099999999932
20
-84.4583279999999945
11
102.8721969999999999
21
-84.5030339999999995
0
LINE
8
BLACK
6
CONTINUOUS
10
102.8721969999999999
20
-84.5030339999999995
11
102.8284809999999965
21
-84.546750000000003
0
LINE
8
BLACK
6
CONTINUOUS
10
102.8284809999999965
20
-84.546750000000003
11
102.7082759999999979
21
-84.7270570000000021
0
LINE
8
BLACK
6
CONTINUOUS
10
102.7082759999999979
20
-84.7270570000000021
11
102.7018389999999926
21
-84.7528030000000001
0
LINE
8
BLACK
6
CONTINUOUS
10
102.7018389999999926
20
-84.7528030000000001
11
102.7162620000000004
21
-84.7455929999999995
0
LINE
8
BLACK
6
CONTINUOUS
10
102.7162620000000004
20
-84.7455929999999995
11
102.7437249999999977
21
-84.735083000000003
0
LINE
8
BLACK
6
CONTINUOUS
10
102.7437249999999977
20
-84.735083000000003
11
102.7490999999999985
21
-84.7347010000000012
0
LINE
8
BLACK
6
CONTINUOUS
10
102.7490999999999985
20
-84.7347010000000012
11
102.7540789999999902
21
-84.7326389999999918
0
LINE
8
BLACK
6
CONTINUOUS
10
102.7540789999999902
20
-84.7326389999999918
11
102.7833430000000021
21
-84.7297569999999922
0
LINE
8
BLACK
6
CONTINUOUS
10
102.7833430000000021
20
-84.7297569999999922
11
103.0690570000000008
21
-84.7297569999999922
0
LINE
8
BLACK
6
CONTINUOUS
10
103.0690570000000008
20
-84.7297569999999922
11
103.0983209999999985
21
-84.7326389999999918
0
LINE
8
BLACK
6
CONTINUOUS
10
103.0983209999999985
20
-84.7326389999999918
11
103.1032989999999927
21
-84.7347010000000012
0
LINE
8
BLACK
6
CONTINUOUS
10
103.1032989999999927
20
-84.7347010000000012
11
103.108674999999991
21
-84.735083000000003
0
LINE
8
BLACK
6
CONTINUOUS
10
103.108674999999991
20
-84.735083000000003
11
103.1361379999999883
21
-84.7455929999999995
0
LINE
8
BLACK
6
CONTINUOUS
10
103.1361379999999883
20
-84.7455929999999995
11
103.2789969999999897
21
-84.8170209999999969
0
LINE
8
BLACK
6
CONTINUOUS
10
103.2789969999999897
20
-84.8170209999999969
11
103.2915909999999968
21
-84.8249489999999895
0
LINE
8
BLACK
6
CONTINUOUS
10
103.2915909999999968
20
-84.8249489999999895
11
103.2952509999999933
21
-84.8264649999999989
0
LINE
8
BLACK
6
CONTINUOUS
10
103.2952509999999933
20
-84.8264649999999989
11
103.2993709999999936
21
-84.8298459999999892
0
LINE
8
BLACK
6
CONTINUOUS
10
103.2993709999999936
20
-84.8298459999999892
11
103.3038820000000015
21
-84.8326859999999954
0
LINE
8
BLACK
6
CONTINUOUS
10
103.3038820000000015
20
-84.8326859999999954
11
103.3064759999999893
21
-84.8356769999999898
0
LINE
8
BLACK
6
CONTINUOUS
10
103.3064759999999893
20
-84.8356769999999898
11
103.3179820000000007
21
-84.8451199999999943
0
LINE
8
BLACK
6
CONTINUOUS
10
103.3179820000000007
20
-84.8451199999999943
11
103.389409999999998
21
-84.9165489999999892
0
LINE
8
BLACK
6
CONTINUOUS
10
103.389409999999998
20
-84.9165489999999892
11
103.398848000000001
21
-84.9280490000000015
0
LINE
8
BLACK
6
CONTINUOUS
10
103.398848000000001
20
-84.9280490000000015
11
103.401842000000002
21
-84.9306459999999959
0
LINE
8
BLACK
6
CONTINUOUS
10
103.401842000000002
20
-84.9306459999999959
11
103.404681999999994
21
-84.9351580000000013
0
LINE
8
BLACK
6
CONTINUOUS
10
103.404681999999994
20
-84.9351580000000013
11
103.408063999999996
21
-84.9392789999999991
0
LINE
8
BLACK
6
CONTINUOUS
10
103.408063999999996
20
-84.9392789999999991
11
103.4095789999999937
21
-84.9429379999999981
0
LINE
8
BLACK
6
CONTINUOUS
10
103.4095789999999937
20
-84.9429379999999981
11
103.4175070000000005
21
-84.9555319999999909
0
LINE
8
BLACK
6
CONTINUOUS
10
103.4175070000000005
20
-84.9555319999999909
11
103.4889359999999954
21
-85.0983879999999999
0
LINE
8
BLACK
6
CONTINUOUS
10
103.4889359999999954
20
-85.0983879999999999
11
103.4994449999999944
21
-85.1258519999999947
0
LINE
8
BLACK
6
CONTINUOUS
10
103.4994449999999944
20
-85.1258519999999947
11
103.4998259999999988
21
-85.1312259999999981
0
LINE
8
BLACK
6
CONTINUOUS
10
103.4998259999999988
20
-85.1312259999999981
11
103.5018899999999888
21
-85.1362069999999989
0
LINE
8
BLACK
6
CONTINUOUS
10
103.5018899999999888
20
-85.1362069999999989
11
103.5047719999999885
21
-85.1654709999999966
0
LINE
8
BLACK
6
CONTINUOUS
10
103.5047719999999885
20
-85.1654709999999966
11
103.5047719999999885
21
-85.5226139999999901
0
LINE
8
BLACK
6
CONTINUOUS
10
103.5047719999999885
20
-85.5226139999999901
11
103.5018899999999888
21
-85.5518780000000021
0
LINE
8
BLACK
6
CONTINUOUS
10
103.5018899999999888
20
-85.5518780000000021
11
103.4998259999999988
21
-85.5568579999999912
0
LINE
8
BLACK
6
CONTINUOUS
10
103.4998259999999988
20
-85.5568579999999912
11
103.4994449999999944
21
-85.562232999999992
0
LINE
8
BLACK
6
CONTINUOUS
10
103.4994449999999944
20
-85.562232999999992
11
103.4889359999999954
21
-85.589697000000001
0
LINE
8
BLACK
6
CONTINUOUS
10
103.4889359999999954
20
-85.589697000000001
11
103.4175070000000005
21
-85.7325529999999958
0
LINE
8
BLACK
6
CONTINUOUS
10
103.4175070000000005
20
-85.7325529999999958
11
103.4095789999999937
21
-85.7451459999999912
0
LINE
8
BLACK
6
CONTINUOUS
10
103.4095789999999937
20
-85.7451459999999912
11
103.408063999999996
21
-85.7488060000000019
0
LINE
8
BLACK
6
CONTINUOUS
10
103.408063999999996
20
-85.7488060000000019
11
103.404681999999994
21
-85.7529260000000022
0
LINE
8
BLACK
6
CONTINUOUS
10
103.404681999999994
20
-85.7529260000000022
11
103.401842000000002
21
-85.7574389999999909
0
LINE
8
BLACK
6
CONTINUOUS
10
103.401842000000002
20
-85.7574389999999909
11
103.398848000000001
21
-85.760035000000002
0
LINE
8
BLACK
6
CONTINUOUS
10
103.398848000000001
20
-85.760035000000002
11
103.389409999999998
21
-85.7715359999999976
0
LINE
8
BLACK
6
CONTINUOUS
10
103.389409999999998
20
-85.7715359999999976
11
103.3179820000000007
21
-85.8429649999999924
0
LINE
8
BLACK
6
CONTINUOUS
10
103.3179820000000007
20
-85.8429649999999924
11
103.3064759999999893
21
-85.8524069999999995
0
LINE
8
BLACK
6
CONTINUOUS
10
103.3064759999999893
20
-85.8524069999999995
11
103.3038820000000015
21
-85.8553989999999914
0
LINE
8
BLACK
6
CONTINUOUS
10
103.3038820000000015
20
-85.8553989999999914
11
103.2993709999999936
21
-85.8582380000000001
0
LINE
8
BLACK
6
CONTINUOUS
10
103.2993709999999936
20
-85.8582380000000001
11
103.2952509999999933
21
-85.8616200000000021
0
LINE
8
BLACK
6
CONTINUOUS
10
103.2952509999999933
20
-85.8616200000000021
11
103.2915909999999968
21
-85.8631349999999998
0
LINE
8
BLACK
6
CONTINUOUS
10
103.2915909999999968
20
-85.8631349999999998
11
103.2789969999999897
21
-85.8710639999999898
0
LINE
8
BLACK
6
CONTINUOUS
10
103.2789969999999897
20
-85.8710639999999898
11
103.1361379999999883
21
-85.9424920000000014
0
LINE
8
BLACK
6
CONTINUOUS
10
103.1361379999999883
20
-85.9424920000000014
11
103.108674999999991
21
-85.9530019999999979
0
LINE
8
BLACK
6
CONTINUOUS
10
103.108674999999991
20
-85.9530019999999979
11
103.1032989999999927
21
-85.9533830000000023
0
LINE
8
BLACK
6
CONTINUOUS
10
103.1032989999999927
20
-85.9533830000000023
11
103.0983209999999985
21
-85.9554459999999949
0
LINE
8
BLACK
6
CONTINUOUS
10
103.0983209999999985
20
-85.9554459999999949
11
103.0690570000000008
21
-85.9583279999999945
0
LINE
8
BLACK
6
CONTINUOUS
10
103.0690570000000008
20
-85.9583279999999945
11
102.7833430000000021
21
-85.9583279999999945
0
LINE
8
BLACK
6
CONTINUOUS
10
102.7833430000000021
20
-85.9583279999999945
11
102.7540789999999902
21
-85.9554459999999949
0
LINE
8
BLACK
6
CONTINUOUS
10
102.7540789999999902
20
-85.9554459999999949
11
102.7490999999999985
21
-85.9533830000000023
0
LINE
8
BLACK
6
CONTINUOUS
10
102.7490999999999985
20
-85.9533830000000023
11
102.7437249999999977
21
-85.9530019999999979
0
LINE
8
BLACK
6
CONTINUOUS
10
102.7437249999999977
20
-85.9530019999999979
11
102.7162620000000004
21
-85.9424920000000014
0
LINE
8
BLACK
6
CONTINUOUS
10
102.7162620000000004
20
-85.9424920000000014
11
102.5734039999999965
21
-85.8710639999999898
0
LINE
8
BLACK
6
CONTINUOUS
10
102.5734039999999965
20
-85.8710639999999898
11
102.5608119999999985
21
-85.8631369999999947
0
LINE
8
BLACK
6
CONTINUOUS
10
102.5608119999999985
20
-85.8631369999999947
11
102.5571509999999904
21
-85.8616209999999995
0
LINE
8
BLACK
6
CONTINUOUS
10
102.5571509999999904
20
-85.8616209999999995
11
102.5530279999999976
21
-85.8582370000000026
0
LINE
8
BLACK
6
CONTINUOUS
10
102.5530279999999976
20
-85.8582370000000026
11
102.5485189999999989
21
-85.8553989999999914
0
LINE
8
BLACK
6
CONTINUOUS
10
102.5485189999999989
20
-85.8553989999999914
11
102.5459239999999994
21
-85.8524069999999995
0
LINE
8
BLACK
6
CONTINUOUS
10
102.5459239999999994
20
-85.8524069999999995
11
102.5344199999999972
21
-85.8429659999999899
0
LINE
8
BLACK
6
CONTINUOUS
10
102.5344199999999972
20
-85.8429659999999899
11
102.4629910000000024
21
-85.771536999999995
0
LINE
8
BLACK
6
CONTINUOUS
10
102.4629910000000024
20
-85.771536999999995
11
102.4535509999999903
21
-85.760035000000002
0
LINE
8
BLACK
6
CONTINUOUS
10
102.4535509999999903
20
-85.760035000000002
11
102.4505580000000009
21
-85.7574389999999909
0
LINE
8
BLACK
6
CONTINUOUS
10
102.4505580000000009
20
-85.7574389999999909
11
102.4477169999999973
21
-85.7529249999999905
0
LINE
8
BLACK
6
CONTINUOUS
10
102.4477169999999973
20
-85.7529249999999905
11
102.4443359999999927
21
-85.7488060000000019
0
LINE
8
BLACK
6
CONTINUOUS
10
102.4443359999999927
20
-85.7488060000000019
11
102.4428199999999975
21
-85.7451459999999912
0
LINE
8
BLACK
6
CONTINUOUS
10
102.4428199999999975
20
-85.7451459999999912
11
102.4348930000000024
21
-85.7325529999999958
0
LINE
8
BLACK
6
CONTINUOUS
10
102.4348930000000024
20
-85.7325529999999958
11
102.3634649999999908
21
-85.5896959999999893
0
LINE
8
BLACK
6
CONTINUOUS
10
102.3634649999999908
20
-85.5896959999999893
11
102.3529549999999944
21
-85.5622319999999945
0
LINE
8
BLACK
6
CONTINUOUS
10
102.3529549999999944
20
-85.5622319999999945
11
102.3525729999999925
21
-85.5568559999999962
0
LINE
8
BLACK
6
CONTINUOUS
10
102.3525729999999925
20
-85.5568559999999962
11
102.3505109999999974
21
-85.5518780000000021
0
LINE
8
BLACK
6
CONTINUOUS
10
102.3505109999999974
20
-85.5518780000000021
11
102.3476289999999977
21
-85.5226139999999901
0
LINE
8
BLACK
6
CONTINUOUS
10
102.3476289999999977
20
-85.5226139999999901
11
102.3476289999999977
21
-84.9511849999999953
0
LINE
8
BLACK
6
CONTINUOUS
10
102.3476289999999977
20
-84.9511849999999953
11
102.3481309999999951
21
-84.9460809999999924
0
LINE
8
BLACK
6
CONTINUOUS
10
102.3481309999999951
20
-84.9460809999999924
11
102.3478059999999914
21
-84.9438940000000002
0
LINE
8
BLACK
6
CONTINUOUS
10
102.3478059999999914
20
-84.9438940000000002
11
102.3494249999999965
21
-84.9329429999999945
0
LINE
8
BLACK
6
CONTINUOUS
10
102.3494249999999965
20
-84.9329429999999945
11
102.3505109999999974
21
-84.9219209999999975
0
LINE
8
BLACK
6
CONTINUOUS
10
102.3505109999999974
20
-84.9219209999999975
11
102.3513579999999905
21
-84.9198760000000021
0
LINE
8
BLACK
6
CONTINUOUS
10
102.3513579999999905
20
-84.9198760000000021
11
102.3521080000000012
21
-84.9148050000000012
0
LINE
8
BLACK
6
CONTINUOUS
10
102.3521080000000012
20
-84.9148050000000012
11
102.4235359999999986
21
-84.6290910000000025
0
LINE
8
BLACK
6
CONTINUOUS
10
102.4235359999999986
20
-84.6290910000000025
11
102.4296949999999953
21
-84.6118499999999898
0
LINE
8
BLACK
6
CONTINUOUS
10
102.4296949999999953
20
-84.6118499999999898
11
102.4304149999999964
21
-84.6082129999999921
0
LINE
8
BLACK
6
CONTINUOUS
10
102.4304149999999964
20
-84.6082129999999921
11
102.4321719999999942
21
-84.6049160000000029
0
LINE
8
BLACK
6
CONTINUOUS
10
102.4321719999999942
20
-84.6049160000000029
11
102.4334289999999896
21
-84.6013999999999982
0
LINE
8
BLACK
6
CONTINUOUS
10
102.4334289999999896
20
-84.6013999999999982
11
102.4356349999999907
21
-84.5984210000000019
0
LINE
8
BLACK
6
CONTINUOUS
10
102.4356349999999907
20
-84.5984210000000019
11
102.4442499999999967
21
-84.58226599999999
0
LINE
8
BLACK
6
CONTINUOUS
10
102.4442499999999967
20
-84.58226599999999
11
102.5871080000000006
21
-84.3679800000000029
0
LINE
8
BLACK
6
CONTINUOUS
10
102.5871080000000006
20
-84.3679800000000029
11
102.5871729999999928
21
-84.3678999999999917
0
LINE
8
BLACK
6
CONTINUOUS
10
102.5871729999999928
20
-84.3678999999999917
11
102.5871939999999967
21
-84.36784999999999
0
LINE
8
BLACK
6
CONTINUOUS
10
102.5871939999999967
20
-84.36784999999999
11
102.5964149999999933
21
-84.3566139999999933
0
LINE
8
BLACK
6
CONTINUOUS
10
102.5964149999999933
20
-84.3566139999999933
11
102.6057380000000023
21
-84.3452289999999891
0
LINE
8
BLACK
6
CONTINUOUS
10
102.6057380000000023
20
-84.3452289999999891
11
102.6057839999999999
21
-84.3451979999999963
0
LINE
8
BLACK
6
CONTINUOUS
10
102.6057839999999999
20
-84.3451979999999963
11
102.6058489999999921
21
-84.3451189999999968
0
LINE
8
BLACK
6
CONTINUOUS
10
102.6058489999999921
20
-84.3451189999999968
11
102.6772769999999895
21
-84.2736909999999995
0
LINE
8
BLACK
6
CONTINUOUS
10
102.6772769999999895
20
-84.2736909999999995
11
102.6887789999999967
21
-84.2642499999999899
0
LINE
8
BLACK
6
CONTINUOUS
10
102.6887789999999967
20
-84.2642499999999899
11
102.6913749999999936
21
-84.261257999999998
0
LINE
8
BLACK
6
CONTINUOUS
10
102.6913749999999936
20
-84.261257999999998
11
102.6958839999999924
21
-84.2584189999999893
0
LINE
8
BLACK
6
CONTINUOUS
10
102.6958839999999924
20
-84.2584189999999893
11
102.7000069999999994
21
-84.2550359999999898
0
LINE
8
BLACK
6
CONTINUOUS
10
102.7000069999999994
20
-84.2550359999999898
11
102.7036689999999908
21
-84.2535189999999972
0
LINE
8
BLACK
6
CONTINUOUS
10
102.7036689999999908
20
-84.2535189999999972
11
102.7162609999999887
21
-84.2455929999999995
0
LINE
8
BLACK
6
CONTINUOUS
10
102.7162609999999887
20
-84.2455929999999995
11
102.8591169999999977
21
-84.1741639999999904
0
LINE
8
BLACK
6
CONTINUOUS
10
102.8591169999999977
20
-84.1741639999999904
11
102.8865809999999925
21
-84.1636549999999914
0
LINE
8
BLACK
6
CONTINUOUS
10
102.8865809999999925
20
-84.1636549999999914
11
102.8919549999999958
21
-84.1632729999999896
0
LINE
8
BLACK
6
CONTINUOUS
10
102.8919549999999958
20
-84.1632729999999896
11
102.8969359999999966
21
-84.161209999999997
0
LINE
8
BLACK
6
CONTINUOUS
10
102.8969359999999966
20
-84.161209999999997
11
102.9261999999999944
21
-84.1583279999999974
0
LINE
8
BLACK
6
CONTINUOUS
10
102.9261999999999944
20
-84.1583279999999974
11
103.2119149999999905
21
-84.1583279999999974
0
LINE
8
BLACK
6
CONTINUOUS
10
103.2119149999999905
20
-84.1583279999999974
11
103.2411789999999883
21
-84.161209999999997
0
LINE
8
BLACK
6
CONTINUOUS
10
102.729338999999996
20
-85.0744629999999944
11
102.6923340000000024
21
-85.1114680000000021
0
LINE
8
BLACK
6
CONTINUOUS
10
102.6923340000000024
20
-85.1114680000000021
11
102.6476289999999949
21
-85.2008799999999979
0
LINE
8
BLACK
6
CONTINUOUS
10
102.6476289999999949
20
-85.2008799999999979
11
102.6476289999999949
21
-85.4872039999999913
0
LINE
8
BLACK
6
CONTINUOUS
10
102.6476289999999949
20
-85.4872039999999913
11
102.6923340000000024
21
-85.5766160000000013
0
LINE
8
BLACK
6
CONTINUOUS
10
102.6923340000000024
20
-85.5766160000000013
11
102.729338999999996
21
-85.6136209999999949
0
LINE
8
BLACK
6
CONTINUOUS
10
102.729338999999996
20
-85.6136209999999949
11
102.818753000000001
21
-85.6583279999999974
0
LINE
8
BLACK
6
CONTINUOUS
10
102.818753000000001
20
-85.6583279999999974
11
103.0336479999999995
21
-85.6583279999999974
0
LINE
8
BLACK
6
CONTINUOUS
10
103.0336479999999995
20
-85.6583279999999974
11
103.1230609999999928
21
-85.6136209999999949
0
LINE
8
BLACK
6
CONTINUOUS
10
103.1230609999999928
20
-85.6136209999999949
11
103.1600639999999913
21
-85.5766169999999988
0
LINE
8
BLACK
6
CONTINUOUS
10
103.1600639999999913
20
-85.5766169999999988
11
103.2047719999999913
21
-85.4872029999999938
0
LINE
8
BLACK
6
CONTINUOUS
10
103.2047719999999913
20
-85.4872029999999938
11
103.2047719999999913
21
-85.2008809999999954
0
LINE
8
BLACK
6
CONTINUOUS
10
103.2047719999999913
20
-85.2008809999999954
11
103.1600639999999913
21
-85.1114669999999904
0
LINE
8
BLACK
6
CONTINUOUS
10
103.1600639999999913
20
-85.1114669999999904
11
103.1230609999999928
21
-85.0744629999999944
0
LINE
8
BLACK
6
CONTINUOUS
10
103.1230609999999928
20
-85.0744629999999944
11
103.0336479999999995
21
-85.0297569999999894
0
LINE
8
BLACK
6
CONTINUOUS
10
103.0336479999999995
20
-85.0297569999999894
11
102.818753000000001
21
-85.0297569999999894
0
LINE
8
BLACK
6
CONTINUOUS
10
102.818753000000001
20
-85.0297569999999894
11
102.729338999999996
21
-85.0744629999999944
0
LINE
8
BLACK
6
CONTINUOUS
10
101.6697499999999934
20
-84.161209999999997
11
101.6747299999999967
21
-84.1632729999999896
0
LINE
8
BLACK
6
CONTINUOUS
10
101.6747299999999967
20
-84.1632729999999896
11
101.6801049999999975
21
-84.1636549999999914
0
LINE
8
BLACK
6
CONTINUOUS
10
101.6801049999999975
20
-84.1636549999999914
11
101.7075679999999949
21
-84.1741639999999904
0
LINE
8
BLACK
6
CONTINUOUS
10
101.7075679999999949
20
-84.1741639999999904
11
101.8504250000000013
21
-84.2455929999999995
0
LINE
8
BLACK
6
CONTINUOUS
10
101.8504250000000013
20
-84.2455929999999995
11
101.8630199999999917
21
-84.2535209999999921
0
LINE
8
BLACK
6
CONTINUOUS
10
101.8630199999999917
20
-84.2535209999999921
11
101.8666769999999957
21
-84.2550359999999898
0
LINE
8
BLACK
6
CONTINUOUS
10
101.8666769999999957
20
-84.2550359999999898
11
101.8707939999999894
21
-84.2584149999999994
0
LINE
8
BLACK
6
CONTINUOUS
10
101.8707939999999894
20
-84.2584149999999994
11
101.8753109999999964
21
-84.261257999999998
0
LINE
8
BLACK
6
CONTINUOUS
10
101.8753109999999964
20
-84.261257999999998
11
101.8779079999999908
21
-84.264251999999999
0
LINE
8
BLACK
6
CONTINUOUS
10
101.8779079999999908
20
-84.264251999999999
11
101.8894079999999889
21
-84.273690000000002
0
LINE
8
BLACK
6
CONTINUOUS
10
101.8894079999999889
20
-84.273690000000002
11
101.9608369999999979
21
-84.3451179999999994
0
LINE
8
BLACK
6
CONTINUOUS
10
101.9608369999999979
20
-84.3451179999999994
11
101.9702789999999908
21
-84.356622999999999
0
LINE
8
BLACK
6
CONTINUOUS
10
101.9702789999999908
20
-84.356622999999999
11
101.9732709999999969
21
-84.3592179999999985
0
LINE
8
BLACK
6
CONTINUOUS
10
101.9732709999999969
20
-84.3592179999999985
11
101.9761099999999914
21
-84.3637279999999947
0
LINE
8
BLACK
6
CONTINUOUS
10
101.9761099999999914
20
-84.3637279999999947
11
101.9794919999999934
21
-84.3678489999999925
0
LINE
8
BLACK
6
CONTINUOUS
10
101.9794919999999934
20
-84.3678489999999925
11
101.9810069999999911
21
-84.3715079999999915
0
LINE
8
BLACK
6
CONTINUOUS
10
101.9810069999999911
20
-84.3715079999999915
11
101.9889359999999954
21
-84.3841029999999961
0
LINE
8
BLACK
6
CONTINUOUS
10
101.9889359999999954
20
-84.3841029999999961
11
102.0603639999999928
21
-84.526961
0
LINE
8
BLACK
6
CONTINUOUS
10
102.0603639999999928
20
-84.526961
11
102.0708739999999892
21
-84.5544239999999974
0
LINE
8
BLACK
6
CONTINUOUS
10
102.0708739999999892
20
-84.5544239999999974
11
102.0712549999999936
21
-84.5597989999999982
0
LINE
8
BLACK
6
CONTINUOUS
10
102.0712549999999936
20
-84.5597989999999982
11
102.0733180000000004
21
-84.5647779999999898
0
LINE
8
BLACK
6
CONTINUOUS
10
102.0733180000000004
20
-84.5647779999999898
11
102.0762
21
-84.5940420000000017
0
LINE
8
BLACK
6
CONTINUOUS
10
102.0762
20
-84.5940420000000017
11
102.0762
21
-84.808328000000003
0
LINE
8
BLACK
6
CONTINUOUS
10
102.0762
20
-84.808328000000003
11
102.0733180000000004
21
-84.8375920000000008
0
LINE
8
BLACK
6
CONTINUOUS
10
102.0733180000000004
20
-84.8375920000000008
11
102.0712549999999936
21
-84.8425699999999949
0
LINE
8
BLACK
6
CONTINUOUS
10
102.0712549999999936
20
-84.8425699999999949
11
102.0708739999999892
21
-84.8479459999999932
0
LINE
8
BLACK
6
CONTINUOUS
10
102.0708739999999892
20
-84.8479459999999932
11
102.0603639999999928
21
-84.8754089999999906
0
LINE
8
BLACK
6
CONTINUOUS
10
102.0603639999999928
20
-84.8754089999999906
11
101.9889359999999954
21
-85.0182669999999945
0
LINE
8
BLACK
6
CONTINUOUS
10
101.9889359999999954
20
-85.0182669999999945
11
101.9810090000000002
21
-85.0308579999999949
0
LINE
8
BLACK
6
CONTINUOUS
10
101.9810090000000002
20
-85.0308579999999949
11
101.9794929999999908
21
-85.0345200000000006
0
LINE
8
BLACK
6
CONTINUOUS
10
101.9794929999999908
20
-85.0345200000000006
11
101.9761089999999939
21
-85.0386419999999958
0
LINE
8
BLACK
6
CONTINUOUS
10
101.9761089999999939
20
-85.0386419999999958
11
101.9732709999999969
21
-85.0431519999999921
0
LINE
8
BLACK
6
CONTINUOUS
10
101.9732709999999969
20
-85.0431519999999921
11
101.9702789999999908
21
-85.0457459999999941
0
LINE
8
BLACK
6
CONTINUOUS
10
101.9702789999999908
20
-85.0457459999999941
11
101.9608379999999954
21
-85.0572509999999937
0
LINE
8
BLACK
6
CONTINUOUS
10
101.9608379999999954
20
-85.0572509999999937
11
101.8894090000000006
21
-85.1286800000000028
0
LINE
8
BLACK
6
CONTINUOUS
10
101.8894090000000006
20
-85.1286800000000028
11
101.8779069999999933
21
-85.1381190000000032
0
LINE
8
BLACK
6
CONTINUOUS
10
101.8779069999999933
20
-85.1381190000000032
11
101.8753109999999964
21
-85.1411129999999901
0
LINE
8
BLACK
6
CONTINUOUS
10
101.8753109999999964
20
-85.1411129999999901
11
101.870796999999996
21
-85.1439529999999962
0
LINE
8
BLACK
6
CONTINUOUS
10
101.870796999999996
20
-85.1439529999999962
11
101.8666779999999932
21
-85.1473349999999982
0
LINE
8
BLACK
6
CONTINUOUS
10
101.8666779999999932
20
-85.1473349999999982
11
101.8630179999999967
21
-85.1488499999999959
0
LINE
8
BLACK
6
CONTINUOUS
10
101.8630179999999967
20
-85.1488499999999959
11
101.8504250000000013
21
-85.1567780000000027
0
LINE
8
BLACK
6
CONTINUOUS
10
101.8504250000000013
20
-85.1567780000000027
11
101.7075679999999949
21
-85.2282060000000001
0
LINE
8
BLACK
6
CONTINUOUS
10
101.7075679999999949
20
-85.2282060000000001
11
101.7041329999999988
21
-85.2295199999999937
0
LINE
8
BLACK
6
CONTINUOUS
10
101.7041329999999988
20
-85.2295199999999937
11
102.0490849999999909
21
-85.7223089999999956
0
LINE
8
BLACK
6
CONTINUOUS
10
102.0490849999999909
20
-85.7223089999999956
11
102.0635059999999896
21
-85.7479349999999982
0
LINE
8
BLACK
6
CONTINUOUS
10
102.0635059999999896
20
-85.7479349999999982
11
102.0761649999999889
21
-85.8050769999999972
0
LINE
8
BLACK
6
CONTINUOUS
10
102.0761649999999889
20
-85.8050769999999972
11
102.0659939999999892
21
-85.8627129999999994
0
LINE
8
BLACK
6
CONTINUOUS
10
102.0659939999999892
20
-85.8627129999999994
11
102.0345409999999902
21
-85.9120699999999999
0
LINE
8
BLACK
6
CONTINUOUS
10
102.0345409999999902
20
-85.9120699999999999
11
101.9865929999999992
21
-85.9456339999999983
0
LINE
8
BLACK
6
CONTINUOUS
10
101.9865929999999992
20
-85.9456339999999983
11
101.9294510000000002
21
-85.9582929999999976
0
LINE
8
BLACK
6
CONTINUOUS
10
101.9294510000000002
20
-85.9582929999999976
11
101.871814999999998
21
-85.9481219999999979
0
LINE
8
BLACK
6
CONTINUOUS
10
101.871814999999998
20
-85.9481219999999979
11
101.8224579999999975
21
-85.9166689999999988
0
LINE
8
BLACK
6
CONTINUOUS
10
101.8224579999999975
20
-85.9166689999999988
11
101.8033149999999978
21
-85.8943469999999962
0
LINE
8
BLACK
6
CONTINUOUS
10
101.8033149999999978
20
-85.8943469999999962
11
101.3481019999999972
21
-85.2440419999999932
0
LINE
8
BLACK
6
CONTINUOUS
10
101.3481019999999972
20
-85.2440419999999932
11
101.2190569999999923
21
-85.2440419999999932
0
LINE
8
BLACK
6
CONTINUOUS
10
101.2190569999999923
20
-85.2440419999999932
11
101.2190569999999923
21
-85.808328000000003
0
LINE
8
BLACK
6
CONTINUOUS
10
101.2190569999999923
20
-85.808328000000003
11
101.2161749999999927
21
-85.8375920000000008
0
LINE
8
BLACK
6
CONTINUOUS
10
101.2161749999999927
20
-85.8375920000000008
11
101.1937769999999972
21
-85.8916639999999916
0
LINE
8
BLACK
6
CONTINUOUS
10
101.1937769999999972
20
-85.8916639999999916
11
101.1523929999999893
21
-85.9330479999999994
0
LINE
8
BLACK
6
CONTINUOUS
10
101.1523929999999893
20
-85.9330479999999994
11
101.0983209999999985
21
-85.9554459999999949
0
LINE
8
BLACK
6
CONTINUOUS
10
101.0983209999999985
20
-85.9554459999999949
11
101.0397929999999889
21
-85.9554459999999949
0
LINE
8
BLACK
6
CONTINUOUS
10
101.0397929999999889
20
-85.9554459999999949
11
100.9857209999999981
21
-85.9330479999999994
0
LINE
8
BLACK
6
CONTINUOUS
10
100.9857209999999981
20
-85.9330479999999994
11
100.9443369999999902
21
-85.8916639999999916
0
LINE
8
BLACK
6
CONTINUOUS
10
100.9443369999999902
20
-85.8916639999999916
11
100.9219389999999947
21
-85.8375920000000008
0
LINE
8
BLACK
6
CONTINUOUS
10
100.9219389999999947
20
-85.8375920000000008
11
100.9190569999999951
21
-85.808328000000003
0
LINE
8
BLACK
6
CONTINUOUS
10
100.9190569999999951
20
-85.808328000000003
11
100.9190569999999951
21
-84.308328000000003
0
LINE
8
BLACK
6
CONTINUOUS
10
100.9190569999999951
20
-84.308328000000003
11
100.9219389999999947
21
-84.2790639999999911
0
LINE
8
BLACK
6
CONTINUOUS
10
100.9219389999999947
20
-84.2790639999999911
11
100.9443369999999902
21
-84.2249920000000003
0
LINE
8
BLACK
6
CONTINUOUS
10
100.9443369999999902
20
-84.2249920000000003
11
100.9857209999999981
21
-84.1836079999999924
0
LINE
8
BLACK
6
CONTINUOUS
10
100.9857209999999981
20
-84.1836079999999924
11
101.0397929999999889
21
-84.161209999999997
0
LINE
8
BLACK
6
CONTINUOUS
10
101.0397929999999889
20
-84.161209999999997
11
101.0690570000000008
21
-84.1583279999999974
0
LINE
8
BLACK
6
CONTINUOUS
10
101.0690570000000008
20
-84.1583279999999974
11
101.6404859999999957
21
-84.1583279999999974
0
LINE
8
BLACK
6
CONTINUOUS
10
101.6404859999999957
20
-84.1583279999999974
11
101.6697499999999934
21
-84.161209999999997
0
LINE
8
BLACK
6
CONTINUOUS
10
101.2190569999999923
20
-84.9440419999999961
11
101.6050759999999968
21
-84.9440419999999961
0
LINE
8
BLACK
6
CONTINUOUS
10
101.6050759999999968
20
-84.9440419999999961
11
101.6944879999999927
21
-84.899335999999991
0
LINE
8
BLACK
6
CONTINUOUS
10
101.6944879999999927
20
-84.899335999999991
11
101.7314930000000004
21
-84.8623309999999975
0
LINE
8
BLACK
6
CONTINUOUS
10
101.7314930000000004
20
-84.8623309999999975
11
101.7761999999999887
21
-84.77291799999999
0
LINE
8
BLACK
6
CONTINUOUS
10
101.7761999999999887
20
-84.77291799999999
11
101.7761999999999887
21
-84.6294510000000031
0
LINE
8
BLACK
6
CONTINUOUS
10
101.7761999999999887
20
-84.6294510000000031
11
101.7314939999999979
21
-84.5400389999999931
0
LINE
8
BLACK
6
CONTINUOUS
10
101.7314939999999979
20
-84.5400389999999931
11
101.6944900000000018
21
-84.503034999999997
0
LINE
8
BLACK
6
CONTINUOUS
10
101.6944900000000018
20
-84.503034999999997
11
101.6050759999999968
21
-84.4583279999999945
0
LINE
8
BLACK
6
CONTINUOUS
10
101.6050759999999968
20
-84.4583279999999945
11
101.2190569999999923
21
-84.4583279999999945
0
LINE
8
BLACK
6
CONTINUOUS
10
101.2190569999999923
20
-84.4583279999999945
11
101.2190569999999923
21
-84.9440419999999961
0
LINE
8
BLACK
6
CONTINUOUS
10
102.5745339999999999
20
-82.7469179999999938
11
102.6188810000000018
21
-82.7754189999999994
0
LINE
8
BLACK
6
CONTINUOUS
10
102.6188810000000018
20
-82.7754189999999994
11
102.7911179999999973
21
-82.9476559999999949
0
LINE
8
BLACK
6
CONTINUOUS
10
102.7911179999999973
20
-82.9476559999999949
11
102.7911229999999989
21
-82.9476599999999991
0
LINE
8
BLACK
6
CONTINUOUS
10
102.7911229999999989
20
-82.9476599999999991
11
102.8292039999999901
21
-82.9753269999999929
0
LINE
8
BLACK
6
CONTINUOUS
10
102.8292039999999901
20
-82.9753269999999929
11
102.98856099999999
21
-83.0911059999999964
0
LINE
8
BLACK
6
CONTINUOUS
10
102.98856099999999
20
-83.0911059999999964
11
103.0322419999999966
21
-83.1133619999999951
0
LINE
8
BLACK
6
CONTINUOUS
10
103.0322419999999966
20
-83.1133619999999951
11
103.0386309999999952
21
-83.1166180000000026
0
LINE
8
BLACK
6
CONTINUOUS
10
103.0386309999999952
20
-83.1166180000000026
11
103.0894270000000006
21
-83.1645929999999964
0
LINE
8
BLACK
6
CONTINUOUS
10
103.0894270000000006
20
-83.1645929999999964
11
103.1062219999999883
21
-83.2324139999999915
0
LINE
8
BLACK
6
CONTINUOUS
10
103.1062219999999883
20
-83.2324139999999915
11
103.083683999999991
21
-83.2985489999999942
0
LINE
8
BLACK
6
CONTINUOUS
10
103.083683999999991
20
-83.2985489999999942
11
103.0289689999999894
21
-83.3419999999999987
0
LINE
8
BLACK
6
CONTINUOUS
10
103.0289689999999894
20
-83.3419999999999987
11
102.9823359999999894
21
-83.3511029999999948
0
LINE
8
BLACK
6
CONTINUOUS
10
102.9823359999999894
20
-83.3511029999999948
11
102.080063999999993
21
-83.3511029999999948
0
LINE
8
BLACK
6
CONTINUOUS
10
102.080063999999993
20
-83.3511029999999948
11
102.013024999999999
21
-83.3314179999999993
0
LINE
8
BLACK
6
CONTINUOUS
10
102.013024999999999
20
-83.3314179999999993
11
101.9672699999999992
21
-83.2786139999999904
0
LINE
8
BLACK
6
CONTINUOUS
10
101.9672699999999992
20
-83.2786139999999904
11
101.9573259999999948
21
-83.209456000000003
0
LINE
8
BLACK
6
CONTINUOUS
10
101.9573259999999948
20
-83.209456000000003
11
101.9863509999999991
21
-83.1458999999999975
0
LINE
8
BLACK
6
CONTINUOUS
10
101.9863509999999991
20
-83.1458999999999975
11
102.0237690000000015
21
-83.1166180000000026
0
LINE
8
BLACK
6
CONTINUOUS
10
102.0237690000000015
20
-83.1166180000000026
11
102.0281379999999984
21
-83.1143909999999977
0
LINE
8
BLACK
6
CONTINUOUS
10
102.0281379999999984
20
-83.1143909999999977
11
102.0738389999999924
21
-83.0911059999999964
0
LINE
8
BLACK
6
CONTINUOUS
10
102.0738389999999924
20
-83.0911059999999964
11
102.2712829999999968
21
-82.9476549999999975
0
LINE
8
BLACK
6
CONTINUOUS
10
102.2712829999999968
20
-82.9476549999999975
11
102.4435189999999949
21
-82.7754189999999994
0
LINE
8
BLACK
6
CONTINUOUS
10
102.4435189999999949
20
-82.7754189999999994
11
102.5048419999999965
21
-82.7419340000000005
0
LINE
8
BLACK
6
CONTINUOUS
10
102.5048419999999965
20
-82.7419340000000005
11
102.5745339999999999
21
-82.7469179999999938
0
LINE
8
BLACK
6
CONTINUOUS
10
99.4711999999999961
20
-82.5150000000000006
11
97.9711999999999961
21
-82.5150000000000006
0
LINE
8
BLACK
6
CONTINUOUS
10
97.9711999999999961
20
-82.5150000000000006
11
97.9711999999999961
21
-81.0150000000000006
0
LINE
8
BLACK
6
CONTINUOUS
10
97.9711999999999961
20
-81.0150000000000006
11
99.4711999999999961
21
-81.0150000000000006
0
LINE
8
BLACK
6
CONTINUOUS
10
99.4711999999999961
20
-81.0150000000000006
11
99.4711999999999961
21
-82.5150000000000006
0
LINE
8
BLACK
6
CONTINUOUS
10
101.478913999999989
20
-81.0472949999999912
11
101.6147479999999916
21
-81.10355899999999
0
LINE
8
BLACK
6
CONTINUOUS
10
101.6147479999999916
20
-81.10355899999999
11
101.7369949999999932
21
-81.1852420000000023
0
LINE
8
BLACK
6
CONTINUOUS
10
101.7369949999999932
20
-81.1852420000000023
11
101.8409580000000005
21
-81.2892049999999955
0
LINE
8
BLACK
6
CONTINUOUS
10
101.8409580000000005
20
-81.2892049999999955
11
101.9226409999999987
21
-81.411451999999997
0
LINE
8
BLACK
6
CONTINUOUS
10
101.9226409999999987
20
-81.411451999999997
11
101.9789049999999975
21
-81.5472859999999997
0
LINE
8
BLACK
6
CONTINUOUS
10
101.9789049999999975
20
-81.5472859999999997
11
102.0075889999999958
21
-81.6914869999999951
0
LINE
8
BLACK
6
CONTINUOUS
10
102.0075889999999958
20
-81.6914869999999951
11
102.0075889999999958
21
-81.8385129999999918
0
LINE
8
BLACK
6
CONTINUOUS
10
102.0075889999999958
20
-81.8385129999999918
11
101.9789049999999975
21
-81.9827140000000014
0
LINE
8
BLACK
6
CONTINUOUS
10
101.9789049999999975
20
-81.9827140000000014
11
101.9226409999999987
21
-82.1185479999999899
0
LINE
8
BLACK
6
CONTINUOUS
10
101.9226409999999987
20
-82.1185479999999899
11
101.8409580000000005
21
-82.2407949999999914
0
LINE
8
BLACK
6
CONTINUOUS
10
101.8409580000000005
20
-82.2407949999999914
11
101.7369949999999932
21
-82.3447579999999988
0
LINE
8
BLACK
6
CONTINUOUS
10
101.7369949999999932
20
-82.3447579999999988
11
101.6147479999999916
21
-82.426440999999997
0
LINE
8
BLACK
6
CONTINUOUS
10
101.6147479999999916
20
-82.426440999999997
11
101.478913999999989
21
-82.4827049999999957
0
LINE
8
BLACK
6
CONTINUOUS
10
101.478913999999989
20
-82.4827049999999957
11
101.3347129999999936
21
-82.5113889999999941
0
LINE
8
BLACK
6
CONTINUOUS
10
101.3347129999999936
20
-82.5113889999999941
11
101.1876869999999968
21
-82.5113889999999941
0
LINE
8
BLACK
6
CONTINUOUS
10
101.1876869999999968
20
-82.5113889999999941
11
101.0434860000000015
21
-82.4827049999999957
0
LINE
8
BLACK
6
CONTINUOUS
10
101.0434860000000015
20
-82.4827049999999957
11
100.9076519999999988
21
-82.426440999999997
0
LINE
8
BLACK
6
CONTINUOUS
10
100.9076519999999988
20
-82.426440999999997
11
100.7854049999999972
21
-82.3447579999999988
0
LINE
8
BLACK
6
CONTINUOUS
10
100.7854049999999972
20
-82.3447579999999988
11
100.6814419999999899
21
-82.2407949999999914
0
LINE
8
BLACK
6
CONTINUOUS
10
100.6814419999999899
20
-82.2407949999999914
11
100.5997589999999917
21
-82.1185479999999899
0
LINE
8
BLACK
6
CONTINUOUS
10
100.5997589999999917
20
-82.1185479999999899
11
100.543494999999993
21
-81.9827140000000014
0
LINE
8
BLACK
6
CONTINUOUS
10
100.543494999999993
20
-81.9827140000000014
11
100.5148109999999946
21
-81.8385129999999918
0
LINE
8
BLACK
6
CONTINUOUS
10
100.5148109999999946
20
-81.8385129999999918
11
100.5148109999999946
21
-81.6914869999999951
0
LINE
8
BLACK
6
CONTINUOUS
10
100.5148109999999946
20
-81.6914869999999951
11
100.543494999999993
21
-81.5472859999999997
0
LINE
8
BLACK
6
CONTINUOUS
10
100.543494999999993
20
-81.5472859999999997
11
100.5997589999999917
21
-81.411451999999997
0
LINE
8
BLACK
6
CONTINUOUS
10
100.5997589999999917
20
-81.411451999999997
11
100.6814419999999899
21
-81.2892049999999955
0
LINE
8
BLACK
6
CONTINUOUS
10
100.6814419999999899
20
-81.2892049999999955
11
100.7854049999999972
21
-81.1852420000000023
0
LINE
8
BLACK
6
CONTINUOUS
10
100.7854049999999972
20
-81.1852420000000023
11
100.9076519999999988
21
-81.10355899999999
0
LINE
8
BLACK
6
CONTINUOUS
10
100.9076519999999988
20
-81.10355899999999
11
101.0434860000000015
21
-81.0472949999999912
0
LINE
8
BLACK
6
CONTINUOUS
10
101.0434860000000015
20
-81.0472949999999912
11
101.1876869999999968
21
-81.0186109999999928
0
LINE
8
BLACK
6
CONTINUOUS
10
101.1876869999999968
20
-81.0186109999999928
11
101.3347129999999936
21
-81.0186109999999928
0
LINE
8
BLACK
6
CONTINUOUS
10
101.3347129999999936
20
-81.0186109999999928
11
101.478913999999989
21
-81.0472949999999912
0
LINE
8
BLACK
6
CONTINUOUS
10
104.0189139999999952
20
-81.0472949999999912
11
104.1547479999999979
21
-81.10355899999999
0
LINE
8
BLACK
6
CONTINUOUS
10
104.1547479999999979
20
-81.10355899999999
11
104.2769949999999994
21
-81.1852420000000023
0
LINE
8
BLACK
6
CONTINUOUS
10
104.2769949999999994
20
-81.1852420000000023
11
104.3809579999999926
21
-81.2892049999999955
0
LINE
8
BLACK
6
CONTINUOUS
10
104.3809579999999926
20
-81.2892049999999955
11
104.4626409999999908
21
-81.411451999999997
0
LINE
8
BLACK
6
CONTINUOUS
10
104.4626409999999908
20
-81.411451999999997
11
104.5189049999999895
21
-81.5472859999999997
0
LINE
8
BLACK
6
CONTINUOUS
10
104.5189049999999895
20
-81.5472859999999997
11
104.5475890000000021
21
-81.6914869999999951
0
LINE
8
BLACK
6
CONTINUOUS
10
104.5475890000000021
20
-81.6914869999999951
11
104.5475890000000021
21
-81.8385129999999918
0
LINE
8
BLACK
6
CONTINUOUS
10
104.5475890000000021
20
-81.8385129999999918
11
104.5189049999999895
21
-81.9827140000000014
0
LINE
8
BLACK
6
CONTINUOUS
10
104.5189049999999895
20
-81.9827140000000014
11
104.4626409999999908
21
-82.1185479999999899
0
LINE
8
BLACK
6
CONTINUOUS
10
104.4626409999999908
20
-82.1185479999999899
11
104.3809579999999926
21
-82.2407949999999914
0
LINE
8
BLACK
6
CONTINUOUS
10
104.3809579999999926
20
-82.2407949999999914
11
104.2769949999999994
21
-82.3447579999999988
0
LINE
8
BLACK
6
CONTINUOUS
10
104.2769949999999994
20
-82.3447579999999988
11
104.1547479999999979
21
-82.426440999999997
0
LINE
8
BLACK
6
CONTINUOUS
10
104.1547479999999979
20
-82.426440999999997
11
104.0189139999999952
21
-82.4827049999999957
0
LINE
8
BLACK
6
CONTINUOUS
10
104.0189139999999952
20
-82.4827049999999957
11
103.8747129999999999
21
-82.5113889999999941
0
LINE
8
BLACK
6
CONTINUOUS
10
103.8747129999999999
20
-82.5113889999999941
11
103.7276869999999889
21
-82.5113889999999941
0
LINE
8
BLACK
6
CONTINUOUS
10
103.7276869999999889
20
-82.5113889999999941
11
103.5834859999999935
21
-82.4827049999999957
0
LINE
8
BLACK
6
CONTINUOUS
10
103.5834859999999935
20
-82.4827049999999957
11
103.4476519999999908
21
-82.426440999999997
0
LINE
8
BLACK
6
CONTINUOUS
10
103.4476519999999908
20
-82.426440999999997
11
103.3254049999999893
21
-82.3447579999999988
0
LINE
8
BLACK
6
CONTINUOUS
10
103.3254049999999893
20
-82.3447579999999988
11
103.2214419999999961
21
-82.2407949999999914
0
LINE
8
BLACK
6
CONTINUOUS
10
103.2214419999999961
20
-82.2407949999999914
11
103.139758999999998
21
-82.1185479999999899
0
LINE
8
BLACK
6
CONTINUOUS
10
103.139758999999998
20
-82.1185479999999899
11
103.0834949999999992
21
-81.9827140000000014
0
LINE
8
BLACK
6
CONTINUOUS
10
103.0834949999999992
20
-81.9827140000000014
11
103.0548110000000008
21
-81.8385129999999918
0
LINE
8
BLACK
6
CONTINUOUS
10
103.0548110000000008
20
-81.8385129999999918
11
103.0548110000000008
21
-81.6914869999999951
0
LINE
8
BLACK
6
CONTINUOUS
10
103.0548110000000008
20
-81.6914869999999951
11
103.0834949999999992
21
-81.5472859999999997
0
LINE
8
BLACK
6
CONTINUOUS
10
103.0834949999999992
20
-81.5472859999999997
11
103.139758999999998
21
-81.411451999999997
0
LINE
8
BLACK
6
CONTINUOUS
10
103.139758999999998
20
-81.411451999999997
11
103.2214419999999961
21
-81.2892049999999955
0
LINE
8
BLACK
6
CONTINUOUS
10
103.2214419999999961
20
-81.2892049999999955
11
103.3254049999999893
21
-81.1852420000000023
0
LINE
8
BLACK
6
CONTINUOUS
10
103.3254049999999893
20
-81.1852420000000023
11
103.4476519999999908
21
-81.10355899999999
0
LINE
8
BLACK
6
CONTINUOUS
10
103.4476519999999908
20
-81.10355899999999
11
103.5834859999999935
21
-81.0472949999999912
0
LINE
8
BLACK
6
CONTINUOUS
10
103.5834859999999935
20
-81.0472949999999912
11
103.7276869999999889
21
-81.0186109999999928
0
LINE
8
BLACK
6
CONTINUOUS
10
103.7276869999999889
20
-81.0186109999999928
11
103.8747129999999999
21
-81.0186109999999928
0
LINE
8
BLACK
6
CONTINUOUS
10
103.8747129999999999
20
-81.0186109999999928
11
104.0189139999999952
21
-81.0472949999999912
0
LINE
8
BLACK
6
CONTINUOUS
10
100.719034999999991
20
-76.3412099999999896
11
100.7240149999999943
21
-76.3432729999999964
0
LINE
8
BLACK
6
CONTINUOUS
10
100.7240149999999943
20
-76.3432729999999964
11
100.7293899999999951
21
-76.3436549999999983
0
LINE
8
BLACK
6
CONTINUOUS
10
100.7293899999999951
20
-76.3436549999999983
11
100.7568529999999924
21
-76.3541639999999973
0
LINE
8
BLACK
6
CONTINUOUS
10
100.7568529999999924
20
-76.3541639999999973
11
100.8997099999999989
21
-76.4255929999999921
0
LINE
8
BLACK
6
CONTINUOUS
10
100.8997099999999989
20
-76.4255929999999921
11
100.9123029999999943
21
-76.4335200000000015
0
LINE
8
BLACK
6
CONTINUOUS
10
100.9123029999999943
20
-76.4335200000000015
11
100.9159629999999908
21
-76.4350359999999966
0
LINE
8
BLACK
6
CONTINUOUS
10
100.9159629999999908
20
-76.4350359999999966
11
100.9200819999999936
21
-76.4384170000000012
0
LINE
8
BLACK
6
CONTINUOUS
10
100.9200819999999936
20
-76.4384170000000012
11
100.924595999999994
21
-76.4412579999999906
0
LINE
8
BLACK
6
CONTINUOUS
10
100.924595999999994
20
-76.4412579999999906
11
100.9271919999999909
21
-76.4442509999999942
0
LINE
8
BLACK
6
CONTINUOUS
10
100.9271919999999909
20
-76.4442509999999942
11
100.9386939999999981
21
-76.4536909999999921
0
LINE
8
BLACK
6
CONTINUOUS
10
100.9386939999999981
20
-76.4536909999999921
11
101.0815509999999904
21
-76.5965479999999985
0
LINE
8
BLACK
6
CONTINUOUS
10
101.0815509999999904
20
-76.5965479999999985
11
101.100206
21
-76.6192779999999942
0
LINE
8
BLACK
6
CONTINUOUS
10
101.100206
20
-76.6192779999999942
11
101.1044729999999987
21
-76.6295810000000017
0
LINE
8
BLACK
6
CONTINUOUS
10
101.1044729999999987
20
-76.6295810000000017
11
101.1111129999999889
21
-76.6385420000000011
0
LINE
8
BLACK
6
CONTINUOUS
10
101.1111129999999889
20
-76.6385420000000011
11
101.1210059999999942
21
-76.6662329999999912
0
LINE
8
BLACK
6
CONTINUOUS
10
101.1210059999999942
20
-76.6662329999999912
11
101.192434999999989
21
-76.9519469999999899
0
LINE
8
BLACK
6
CONTINUOUS
10
101.192434999999989
20
-76.9519469999999899
11
101.1931849999999997
21
-76.9570190000000025
0
LINE
8
BLACK
6
CONTINUOUS
10
101.1931849999999997
20
-76.9570190000000025
11
101.1940319999999929
21
-76.9590639999999979
0
LINE
8
BLACK
6
CONTINUOUS
10
101.1940319999999929
20
-76.9590639999999979
11
101.1951169999999962
21
-76.9700830000000025
0
LINE
8
BLACK
6
CONTINUOUS
10
101.1951169999999962
20
-76.9700830000000025
11
101.1967369999999988
21
-76.9810360000000031
0
LINE
8
BLACK
6
CONTINUOUS
10
101.1967369999999988
20
-76.9810360000000031
11
101.1964109999999977
21
-76.9832239999999928
0
LINE
8
BLACK
6
CONTINUOUS
10
101.1964109999999977
20
-76.9832239999999928
11
101.1969139999999925
21
-76.9883279999999957
0
LINE
8
BLACK
6
CONTINUOUS
10
101.1969139999999925
20
-76.9883279999999957
11
101.1969139999999925
21
-77.4883279999999957
0
LINE
8
BLACK
6
CONTINUOUS
10
101.1969139999999925
20
-77.4883279999999957
11
101.1964109999999977
21
-77.4934310000000011
0
LINE
8
BLACK
6
CONTINUOUS
10
101.1964109999999977
20
-77.4934310000000011
11
101.1967369999999988
21
-77.4956200000000024
0
LINE
8
BLACK
6
CONTINUOUS
10
101.1967369999999988
20
-77.4956200000000024
11
101.1951169999999962
21
-77.5065719999999914
0
LINE
8
BLACK
6
CONTINUOUS
10
101.1951169999999962
20
-77.5065719999999914
11
101.1940319999999929
21
-77.5175919999999934
0
LINE
8
BLACK
6
CONTINUOUS
10
101.1940319999999929
20
-77.5175919999999934
11
101.1931849999999997
21
-77.5196359999999913
0
LINE
8
BLACK
6
CONTINUOUS
10
101.1931849999999997
20
-77.5196359999999913
11
101.192434999999989
21
-77.5247090000000014
0
LINE
8
BLACK
6
CONTINUOUS
10
101.192434999999989
20
-77.5247090000000014
11
101.1210059999999942
21
-77.8104230000000001
0
LINE
8
BLACK
6
CONTINUOUS
10
101.1210059999999942
20
-77.8104230000000001
11
101.1111129999999889
21
-77.8381139999999903
0
LINE
8
BLACK
6
CONTINUOUS
10
101.1111129999999889
20
-77.8381139999999903
11
101.1044720000000012
21
-77.8470749999999896
0
LINE
8
BLACK
6
CONTINUOUS
10
101.1044720000000012
20
-77.8470749999999896
11
101.100206
21
-77.8573769999999996
0
LINE
8
BLACK
6
CONTINUOUS
10
101.100206
20
-77.8573769999999996
11
101.0815509999999904
21
-77.8801079999999928
0
LINE
8
BLACK
6
CONTINUOUS
10
101.0815509999999904
20
-77.8801079999999928
11
101.0447589999999991
21
-77.9168990000000008
0
LINE
8
BLACK
6
CONTINUOUS
10
101.0447589999999991
20
-77.9168990000000008
11
101.0643379999999922
21
-77.9364779999999939
0
LINE
8
BLACK
6
CONTINUOUS
10
101.0643379999999922
20
-77.9364779999999939
11
101.1854239999999976
21
-77.9970209999999895
0
LINE
8
BLACK
6
CONTINUOUS
10
101.1854239999999976
20
-77.9970209999999895
11
101.2103099999999927
21
-78.0126860000000022
0
LINE
8
BLACK
6
CONTINUOUS
10
101.2103099999999927
20
-78.0126860000000022
11
101.2486559999999969
21
-78.0569009999999963
0
LINE
8
BLACK
6
CONTINUOUS
10
101.2486559999999969
20
-78.0569009999999963
11
101.267163999999994
21
-78.1124229999999926
0
LINE
8
BLACK
6
CONTINUOUS
10
101.267163999999994
20
-78.1124229999999926
11
101.2630159999999933
21
-78.1708029999999923
0
LINE
8
BLACK
6
CONTINUOUS
10
101.2630159999999933
20
-78.1708029999999923
11
101.2368419999999958
21
-78.2231519999999989
0
LINE
8
BLACK
6
CONTINUOUS
10
101.2368419999999958
20
-78.2231519999999989
11
101.1926270000000017
21
-78.2614990000000006
0
LINE
8
BLACK
6
CONTINUOUS
10
101.1926270000000017
20
-78.2614990000000006
11
101.1371039999999937
21
-78.2800069999999977
0
LINE
8
BLACK
6
CONTINUOUS
10
101.1371039999999937
20
-78.2800069999999977
11
101.078723999999994
21
-78.275858999999997
0
LINE
8
BLACK
6
CONTINUOUS
10
101.078723999999994
20
-78.275858999999997
11
101.0512609999999967
21
-78.2653490000000005
0
LINE
8
BLACK
6
CONTINUOUS
10
101.0512609999999967
20
-78.2653490000000005
11
100.9084029999999927
21
-78.1939210000000031
0
LINE
8
BLACK
6
CONTINUOUS
10
100.9084029999999927
20
-78.1939210000000031
11
100.8958119999999923
21
-78.1859949999999913
0
LINE
8
BLACK
6
CONTINUOUS
10
100.8958119999999923
20
-78.1859949999999913
11
100.8921489999999892
21
-78.1844779999999986
0
LINE
8
BLACK
6
CONTINUOUS
10
100.8921489999999892
20
-78.1844779999999986
11
100.8880229999999898
21
-78.1810919999999925
0
LINE
8
BLACK
6
CONTINUOUS
10
100.8880229999999898
20
-78.1810919999999925
11
100.8835179999999951
21
-78.1782559999999904
0
LINE
8
BLACK
6
CONTINUOUS
10
100.8835179999999951
20
-78.1782559999999904
11
100.8809249999999906
21
-78.1752659999999935
0
LINE
8
BLACK
6
CONTINUOUS
10
100.8809249999999906
20
-78.1752659999999935
11
100.8694189999999935
21
-78.1658230000000032
0
LINE
8
BLACK
6
CONTINUOUS
10
100.8694189999999935
20
-78.1658230000000032
11
100.8030089999999888
21
-78.0994129999999984
0
LINE
8
BLACK
6
CONTINUOUS
10
100.8030089999999888
20
-78.0994129999999984
11
100.7568529999999924
21
-78.1224919999999941
0
LINE
8
BLACK
6
CONTINUOUS
10
100.7568529999999924
20
-78.1224919999999941
11
100.7293889999999976
21
-78.1330019999999905
0
LINE
8
BLACK
6
CONTINUOUS
10
100.7293889999999976
20
-78.1330019999999905
11
100.7240129999999994
21
-78.1333829999999949
0
LINE
8
BLACK
6
CONTINUOUS
10
100.7240129999999994
20
-78.1333829999999949
11
100.719034999999991
21
-78.1354460000000017
0
LINE
8
BLACK
6
CONTINUOUS
10
100.719034999999991
20
-78.1354460000000017
11
100.6897709999999933
21
-78.1383280000000013
0
LINE
8
BLACK
6
CONTINUOUS
10
100.6897709999999933
20
-78.1383280000000013
11
100.4040569999999946
21
-78.1383280000000013
0
LINE
8
BLACK
6
CONTINUOUS
10
100.4040569999999946
20
-78.1383280000000013
11
100.3747929999999968
21
-78.1354460000000017
0
LINE
8
BLACK
6
CONTINUOUS
10
100.3747929999999968
20
-78.1354460000000017
11
100.369813999999991
21
-78.1333829999999949
0
LINE
8
BLACK
6
CONTINUOUS
10
100.369813999999991
20
-78.1333829999999949
11
100.3644389999999902
21
-78.1330019999999905
0
LINE
8
BLACK
6
CONTINUOUS
10
100.3644389999999902
20
-78.1330019999999905
11
100.3369759999999928
21
-78.1224919999999941
0
LINE
8
BLACK
6
CONTINUOUS
10
100.3369759999999928
20
-78.1224919999999941
11
100.1941179999999889
21
-78.0510639999999967
0
LINE
8
BLACK
6
CONTINUOUS
10
100.1941179999999889
20
-78.0510639999999967
11
100.181525999999991
21
-78.0431370000000015
0
LINE
8
BLACK
6
CONTINUOUS
10
100.181525999999991
20
-78.0431370000000015
11
100.1778649999999971
21
-78.0416209999999921
0
LINE
8
BLACK
6
CONTINUOUS
10
100.1778649999999971
20
-78.0416209999999921
11
100.1737419999999901
21
-78.0382369999999952
0
LINE
8
BLACK
6
CONTINUOUS
10
100.1737419999999901
20
-78.0382369999999952
11
100.1692329999999913
21
-78.0353989999999982
0
LINE
8
BLACK
6
CONTINUOUS
10
100.1692329999999913
20
-78.0353989999999982
11
100.1666379999999918
21
-78.0324069999999921
0
LINE
8
BLACK
6
CONTINUOUS
10
100.1666379999999918
20
-78.0324069999999921
11
100.1551339999999897
21
-78.0229659999999967
0
LINE
8
BLACK
6
CONTINUOUS
10
100.1551339999999897
20
-78.0229659999999967
11
100.012276
21
-77.8801079999999928
0
LINE
8
BLACK
6
CONTINUOUS
10
100.012276
20
-77.8801079999999928
11
99.9936209999999903
21
-77.8573769999999996
0
LINE
8
BLACK
6
CONTINUOUS
10
99.9936209999999903
20
-77.8573769999999996
11
99.9893529999999942
21
-77.8470729999999946
0
LINE
8
BLACK
6
CONTINUOUS
10
99.9893529999999942
20
-77.8470729999999946
11
99.9827140000000014
21
-77.8381129999999928
0
LINE
8
BLACK
6
CONTINUOUS
10
99.9827140000000014
20
-77.8381129999999928
11
99.9728209999999962
21
-77.8104220000000026
0
LINE
8
BLACK
6
CONTINUOUS
10
99.9728209999999962
20
-77.8104220000000026
11
99.9013929999999988
21
-77.5247079999999897
0
LINE
8
BLACK
6
CONTINUOUS
10
99.9013929999999988
20
-77.5247079999999897
11
99.9006430000000023
21
-77.5196359999999913
0
LINE
8
BLACK
6
CONTINUOUS
10
99.9006430000000023
20
-77.5196359999999913
11
99.8997959999999949
21
-77.5175919999999934
0
LINE
8
BLACK
6
CONTINUOUS
10
99.8997959999999949
20
-77.5175919999999934
11
99.8987099999999941
21
-77.5065689999999989
0
LINE
8
BLACK
6
CONTINUOUS
10
99.8987099999999941
20
-77.5065689999999989
11
99.897090999999989
21
-77.4956189999999907
0
LINE
8
BLACK
6
CONTINUOUS
10
99.897090999999989
20
-77.4956189999999907
11
99.8974159999999927
21
-77.4934310000000011
0
LINE
8
BLACK
6
CONTINUOUS
10
99.8974159999999927
20
-77.4934310000000011
11
99.8969139999999953
21
-77.4883279999999957
0
LINE
8
BLACK
6
CONTINUOUS
10
99.8969139999999953
20
-77.4883279999999957
11
99.8969139999999953
21
-76.9883279999999957
0
LINE
8
BLACK
6
CONTINUOUS
10
99.8969139999999953
20
-76.9883279999999957
11
99.8974159999999927
21
-76.9832239999999928
0
LINE
8
BLACK
6
CONTINUOUS
10
99.8974159999999927
20
-76.9832239999999928
11
99.897090999999989
21
-76.9810370000000006
0
LINE
8
BLACK
6
CONTINUOUS
10
99.897090999999989
20
-76.9810370000000006
11
99.8987099999999941
21
-76.9700859999999949
0
LINE
8
BLACK
6
CONTINUOUS
10
99.8987099999999941
20
-76.9700859999999949
11
99.8997959999999949
21
-76.9590639999999979
0
LINE
8
BLACK
6
CONTINUOUS
10
99.8997959999999949
20
-76.9590639999999979
11
99.9006430000000023
21
-76.9570190000000025
0
LINE
8
BLACK
6
CONTINUOUS
10
99.9006430000000023
20
-76.9570190000000025
11
99.9013929999999988
21
-76.9519480000000016
0
LINE
8
BLACK
6
CONTINUOUS
10
99.9013929999999988
20
-76.9519480000000016
11
99.9728209999999962
21
-76.6662340000000029
0
LINE
8
BLACK
6
CONTINUOUS
10
99.9728209999999962
20
-76.6662340000000029
11
99.9827140000000014
21
-76.6385429999999985
0
LINE
8
BLACK
6
CONTINUOUS
10
99.9827140000000014
20
-76.6385429999999985
11
99.9893519999999967
21
-76.6295829999999967
0
LINE
8
BLACK
6
CONTINUOUS
10
99.9893519999999967
20
-76.6295829999999967
11
99.9936209999999903
21
-76.6192779999999942
0
LINE
8
BLACK
6
CONTINUOUS
10
99.9936209999999903
20
-76.6192779999999942
11
100.012276
21
-76.5965479999999985
0
LINE
8
BLACK
6
CONTINUOUS
10
100.012276
20
-76.5965479999999985
11
100.1551339999999897
21
-76.4536909999999921
0
LINE
8
BLACK
6
CONTINUOUS
10
100.1551339999999897
20
-76.4536909999999921
11
100.1666349999999994
21
-76.4442519999999917
0
LINE
8
BLACK
6
CONTINUOUS
10
100.1666349999999994
20
-76.4442519999999917
11
100.1692319999999938
21
-76.4412579999999906
0
LINE
8
BLACK
6
CONTINUOUS
10
100.1692319999999938
20
-76.4412579999999906
11
100.1737449999999967
21
-76.4384170000000012
0
LINE
8
BLACK
6
CONTINUOUS
10
100.1737449999999967
20
-76.4384170000000012
11
100.1778649999999971
21
-76.4350359999999966
0
LINE
8
BLACK
6
CONTINUOUS
10
100.1778649999999971
20
-76.4350359999999966
11
100.181523999999996
21
-76.4335200000000015
0
LINE
8
BLACK
6
CONTINUOUS
10
100.181523999999996
20
-76.4335200000000015
11
100.1941179999999889
21
-76.4255929999999921
0
LINE
8
BLACK
6
CONTINUOUS
10
100.1941179999999889
20
-76.4255929999999921
11
100.3369739999999979
21
-76.3541639999999973
0
LINE
8
BLACK
6
CONTINUOUS
10
100.3369739999999979
20
-76.3541639999999973
11
100.3644379999999927
21
-76.3436549999999983
0
LINE
8
BLACK
6
CONTINUOUS
10
100.3644379999999927
20
-76.3436549999999983
11
100.369811999999996
21
-76.3432729999999964
0
LINE
8
BLACK
6
CONTINUOUS
10
100.369811999999996
20
-76.3432729999999964
11
100.3747929999999968
21
-76.3412099999999896
0
LINE
8
BLACK
6
CONTINUOUS
10
100.3747929999999968
20
-76.3412099999999896
11
100.4040569999999946
21
-76.33832799999999
0
LINE
8
BLACK
6
CONTINUOUS
10
100.4040569999999946
20
-76.33832799999999
11
100.6897709999999933
21
-76.33832799999999
0
LINE
8
BLACK
6
CONTINUOUS
10
100.6897709999999933
20
-76.33832799999999
11
100.719034999999991
21
-76.3412099999999896
0
LINE
8
BLACK
6
CONTINUOUS
10
100.3500529999999884
20
-77.7936210000000017
11
100.4394669999999934
21
-77.83832799999999
0
LINE
8
BLACK
6
CONTINUOUS
10
100.4394669999999934
20
-77.83832799999999
11
100.5419239999999945
21
-77.83832799999999
0
LINE
8
BLACK
6
CONTINUOUS
10
100.5419239999999945
20
-77.83832799999999
11
100.5294880000000006
21
-77.8258919999999961
0
LINE
8
BLACK
6
CONTINUOUS
10
100.5294880000000006
20
-77.8258919999999961
11
100.4400749999999931
21
-77.7811849999999936
0
LINE
8
BLACK
6
CONTINUOUS
10
100.4400749999999931
20
-77.7811849999999936
11
100.3376169999999945
21
-77.7811849999999936
0
LINE
8
BLACK
6
CONTINUOUS
10
100.3376169999999945
20
-77.7811849999999936
11
100.3500529999999884
21
-77.7936210000000017
0
LINE
8
BLACK
6
CONTINUOUS
10
100.3500529999999884
20
-76.6830339999999921
11
100.253785999999991
21
-76.7793020000000013
0
LINE
8
BLACK
6
CONTINUOUS
10
100.253785999999991
20
-76.7793020000000013
11
100.1969139999999925
21
-77.0067909999999927
0
LINE
8
BLACK
6
CONTINUOUS
10
100.1969139999999925
20
-77.0067909999999927
11
100.1969139999999925
21
-77.4698640000000012
0
LINE
8
BLACK
6
CONTINUOUS
10
100.1969139999999925
20
-77.4698640000000012
11
100.2147089999999992
21
-77.5410469999999918
0
LINE
8
BLACK
6
CONTINUOUS
10
100.2147089999999992
20
-77.5410469999999918
11
100.249291999999997
21
-77.5064649999999915
0
LINE
8
BLACK
6
CONTINUOUS
10
100.249291999999997
20
-77.5064649999999915
11
100.303364000000002
21
-77.484066999999996
0
LINE
8
BLACK
6
CONTINUOUS
10
100.303364000000002
20
-77.484066999999996
11
100.3326279999999997
21
-77.4811849999999964
0
LINE
8
BLACK
6
CONTINUOUS
10
100.3326279999999997
20
-77.4811849999999964
11
100.4754849999999919
21
-77.4811849999999964
0
LINE
8
BLACK
6
CONTINUOUS
10
100.4754849999999919
20
-77.4811849999999964
11
100.5047489999999897
21
-77.484066999999996
0
LINE
8
BLACK
6
CONTINUOUS
10
100.5047489999999897
20
-77.484066999999996
11
100.509728999999993
21
-77.4861300000000028
0
LINE
8
BLACK
6
CONTINUOUS
10
100.509728999999993
20
-77.4861300000000028
11
100.5151039999999938
21
-77.4865119999999905
0
LINE
8
BLACK
6
CONTINUOUS
10
100.5151039999999938
20
-77.4865119999999905
11
100.5425669999999911
21
-77.4970209999999895
0
LINE
8
BLACK
6
CONTINUOUS
10
100.5425669999999911
20
-77.4970209999999895
11
100.6854239999999976
21
-77.5684499999999986
0
LINE
8
BLACK
6
CONTINUOUS
10
100.6854239999999976
20
-77.5684499999999986
11
100.698016999999993
21
-77.5763769999999937
0
LINE
8
BLACK
6
CONTINUOUS
10
100.698016999999993
20
-77.5763769999999937
11
100.7016769999999894
21
-77.5778930000000031
0
LINE
8
BLACK
6
CONTINUOUS
10
100.7016769999999894
20
-77.5778930000000031
11
100.7057959999999923
21
-77.5812739999999934
0
LINE
8
BLACK
6
CONTINUOUS
10
100.7057959999999923
20
-77.5812739999999934
11
100.7103099999999927
21
-77.5841149999999971
0
LINE
8
BLACK
6
CONTINUOUS
10
100.7103099999999927
20
-77.5841149999999971
11
100.7129059999999896
21
-77.5871080000000006
0
LINE
8
BLACK
6
CONTINUOUS
10
100.7129059999999896
20
-77.5871080000000006
11
100.7244079999999968
21
-77.5965479999999985
0
LINE
8
BLACK
6
CONTINUOUS
10
100.7244079999999968
20
-77.5965479999999985
11
100.8326270000000022
21
-77.7047669999999897
0
LINE
8
BLACK
6
CONTINUOUS
10
100.8326270000000022
20
-77.7047669999999897
11
100.8400400000000019
21
-77.69735399999999
0
LINE
8
BLACK
6
CONTINUOUS
10
100.8400400000000019
20
-77.69735399999999
11
100.8969139999999953
21
-77.4698629999999895
0
LINE
8
BLACK
6
CONTINUOUS
10
100.8969139999999953
20
-77.4698629999999895
11
100.8969139999999953
21
-77.0067919999999901
0
LINE
8
BLACK
6
CONTINUOUS
10
100.8969139999999953
20
-77.0067919999999901
11
100.8400400000000019
21
-76.7793009999999896
0
LINE
8
BLACK
6
CONTINUOUS
10
100.8400400000000019
20
-76.7793009999999896
11
100.7437740000000019
21
-76.6830349999999896
0
LINE
8
BLACK
6
CONTINUOUS
10
100.7437740000000019
20
-76.6830349999999896
11
100.6543609999999944
21
-76.6383280000000013
0
LINE
8
BLACK
6
CONTINUOUS
10
100.6543609999999944
20
-76.6383280000000013
11
100.4394669999999934
21
-76.6383280000000013
0
LINE
8
BLACK
6
CONTINUOUS
10
100.4394669999999934
20
-76.6383280000000013
11
100.3500529999999884
21
-76.6830339999999921
0
LINE
8
BLACK
6
CONTINUOUS
10
102.219034999999991
20
-76.3412099999999896
11
102.2240120000000019
21
-76.3432710000000014
0
LINE
8
BLACK
6
CONTINUOUS
10
102.2240120000000019
20
-76.3432710000000014
11
102.2293899999999951
21
-76.3436540000000008
0
LINE
8
BLACK
6
CONTINUOUS
10
102.2293899999999951
20
-76.3436540000000008
11
102.2568529999999924
21
-76.3541639999999973
0
LINE
8
BLACK
6
CONTINUOUS
10
102.2568529999999924
20
-76.3541639999999973
11
102.3997109999999964
21
-76.4255929999999921
0
LINE
8
BLACK
6
CONTINUOUS
10
102.3997109999999964
20
-76.4255929999999921
11
102.4123039999999918
21
-76.4335200000000015
0
LINE
8
BLACK
6
CONTINUOUS
10
102.4123039999999918
20
-76.4335200000000015
11
102.4159640000000024
21
-76.4350359999999966
0
LINE
8
BLACK
6
CONTINUOUS
10
102.4159640000000024
20
-76.4350359999999966
11
102.4200829999999911
21
-76.4384170000000012
0
LINE
8
BLACK
6
CONTINUOUS
10
102.4200829999999911
20
-76.4384170000000012
11
102.4245969999999915
21
-76.4412579999999906
0
LINE
8
BLACK
6
CONTINUOUS
10
102.4245969999999915
20
-76.4412579999999906
11
102.4271929999999884
21
-76.4442509999999942
0
LINE
8
BLACK
6
CONTINUOUS
10
102.4271929999999884
20
-76.4442509999999942
11
102.4386949999999956
21
-76.4536909999999921
0
LINE
8
BLACK
6
CONTINUOUS
10
102.4386949999999956
20
-76.4536909999999921
11
102.510122999999993
21
-76.5251189999999895
0
LINE
8
BLACK
6
CONTINUOUS
10
102.510122999999993
20
-76.5251189999999895
11
102.5195629999999909
21
-76.5366209999999967
0
LINE
8
BLACK
6
CONTINUOUS
10
102.5195629999999909
20
-76.5366209999999967
11
102.5225559999999945
21
-76.5392169999999936
0
LINE
8
BLACK
6
CONTINUOUS
10
102.5225559999999945
20
-76.5392169999999936
11
102.5253939999999915
21
-76.5437259999999924
0
LINE
8
BLACK
6
CONTINUOUS
10
102.5253939999999915
20
-76.5437259999999924
11
102.5287779999999884
21
-76.5478489999999994
0
LINE
8
BLACK
6
CONTINUOUS
10
102.5287779999999884
20
-76.5478489999999994
11
102.5302939999999978
21
-76.5515109999999908
0
LINE
8
BLACK
6
CONTINUOUS
10
102.5302939999999978
20
-76.5515109999999908
11
102.538220999999993
21
-76.5641030000000029
0
LINE
8
BLACK
6
CONTINUOUS
10
102.538220999999993
20
-76.5641030000000029
11
102.609650000000002
21
-76.7069589999999977
0
LINE
8
BLACK
6
CONTINUOUS
10
102.609650000000002
20
-76.7069589999999977
11
102.620159000000001
21
-76.7344229999999925
0
LINE
8
BLACK
6
CONTINUOUS
10
102.620159000000001
20
-76.7344229999999925
11
102.6205399999999912
21
-76.7397969999999958
0
LINE
8
BLACK
6
CONTINUOUS
10
102.6205399999999912
20
-76.7397969999999958
11
102.6226039999999955
21
-76.7447779999999966
0
LINE
8
BLACK
6
CONTINUOUS
10
102.6226039999999955
20
-76.7447779999999966
11
102.6254859999999951
21
-76.7740419999999943
0
LINE
8
BLACK
6
CONTINUOUS
10
102.6254859999999951
20
-76.7740419999999943
11
102.6254859999999951
21
-76.9168999999999983
0
LINE
8
BLACK
6
CONTINUOUS
10
102.6254859999999951
20
-76.9168999999999983
11
102.6240269999999981
21
-76.9317109999999929
0
LINE
8
BLACK
6
CONTINUOUS
10
102.6240269999999981
20
-76.9317109999999929
11
102.6243079999999992
21
-76.9356609999999961
0
LINE
8
BLACK
6
CONTINUOUS
10
102.6243079999999992
20
-76.9356609999999961
11
102.6231259999999992
21
-76.9408549999999991
0
LINE
8
BLACK
6
CONTINUOUS
10
102.6231259999999992
20
-76.9408549999999991
11
102.6226039999999955
21
-76.946163999999996
0
LINE
8
BLACK
6
CONTINUOUS
10
102.6226039999999955
20
-76.946163999999996
11
102.6210869999999886
21
-76.9498249999999899
0
LINE
8
BLACK
6
CONTINUOUS
10
102.6210869999999886
20
-76.9498249999999899
11
102.6177879999999902
21
-76.9643349999999913
0
LINE
8
BLACK
6
CONTINUOUS
10
102.6177879999999902
20
-76.9643349999999913
11
102.5463589999999954
21
-77.1786199999999951
0
LINE
8
BLACK
6
CONTINUOUS
10
102.5463589999999954
20
-77.1786199999999951
11
102.534370999999993
21
-77.2054699999999912
0
LINE
8
BLACK
6
CONTINUOUS
10
102.534370999999993
20
-77.2054699999999912
11
102.5308409999999952
21
-77.2095389999999924
0
LINE
8
BLACK
6
CONTINUOUS
10
102.5308409999999952
20
-77.2095389999999924
11
102.5287779999999884
21
-77.2145209999999906
0
LINE
8
BLACK
6
CONTINUOUS
10
102.5287779999999884
20
-77.2145209999999906
11
102.510122999999993
21
-77.2372510000000005
0
LINE
8
BLACK
6
CONTINUOUS
10
102.510122999999993
20
-77.2372510000000005
11
101.9090459999999894
21
-77.83832799999999
0
LINE
8
BLACK
6
CONTINUOUS
10
101.9090459999999894
20
-77.83832799999999
11
102.4754859999999894
21
-77.83832799999999
0
LINE
8
BLACK
6
CONTINUOUS
10
102.4754859999999894
20
-77.83832799999999
11
102.5047500000000014
21
-77.8412099999999896
0
LINE
8
BLACK
6
CONTINUOUS
10
102.5047500000000014
20
-77.8412099999999896
11
102.5588219999999922
21
-77.8636079999999993
0
LINE
8
BLACK
6
CONTINUOUS
10
102.5588219999999922
20
-77.8636079999999993
11
102.600206
21
-77.9049919999999929
0
LINE
8
BLACK
6
CONTINUOUS
10
102.600206
20
-77.9049919999999929
11
102.6226039999999955
21
-77.9590639999999979
0
LINE
8
BLACK
6
CONTINUOUS
10
102.6226039999999955
20
-77.9590639999999979
11
102.6226039999999955
21
-78.0175919999999934
0
LINE
8
BLACK
6
CONTINUOUS
10
102.6226039999999955
20
-78.0175919999999934
11
102.600206
21
-78.0716639999999984
0
LINE
8
BLACK
6
CONTINUOUS
10
102.600206
20
-78.0716639999999984
11
102.5588219999999922
21
-78.113047999999992
0
LINE
8
BLACK
6
CONTINUOUS
10
102.5588219999999922
20
-78.113047999999992
11
102.5047500000000014
21
-78.1354460000000017
0
LINE
8
BLACK
6
CONTINUOUS
10
102.5047500000000014
20
-78.1354460000000017
11
102.4754859999999894
21
-78.1383280000000013
0
LINE
8
BLACK
6
CONTINUOUS
10
102.4754859999999894
20
-78.1383280000000013
11
101.546914000000001
21
-78.1383280000000013
0
LINE
8
BLACK
6
CONTINUOUS
10
101.546914000000001
20
-78.1383280000000013
11
101.5176499999999891
21
-78.1354460000000017
0
LINE
8
BLACK
6
CONTINUOUS
10
101.5176499999999891
20
-78.1354460000000017
11
101.4863769999999903
21
-78.1224919999999941
0
LINE
8
BLACK
6
CONTINUOUS
10
101.4863769999999903
20
-78.1224919999999941
11
101.4635789999999957
21
-78.1130489999999895
0
LINE
8
BLACK
6
CONTINUOUS
10
101.4635789999999957
20
-78.1130489999999895
11
101.4221929999999929
21
-78.0716630000000009
0
LINE
8
BLACK
6
CONTINUOUS
10
101.4221929999999929
20
-78.0716630000000009
11
101.4071719999999885
21
-78.0353989999999982
0
LINE
8
BLACK
6
CONTINUOUS
10
101.4071719999999885
20
-78.0353989999999982
11
101.3997959999999949
21
-78.0175919999999934
0
LINE
8
BLACK
6
CONTINUOUS
10
101.3997959999999949
20
-78.0175919999999934
11
101.3997959999999949
21
-77.9590639999999979
0
LINE
8
BLACK
6
CONTINUOUS
10
101.3997959999999949
20
-77.9590639999999979
11
101.4120659999999958
21
-77.929442999999992
0
LINE
8
BLACK
6
CONTINUOUS
10
101.4120659999999958
20
-77.929442999999992
11
101.4221929999999929
21
-77.9049929999999904
0
LINE
8
BLACK
6
CONTINUOUS
10
101.4221929999999929
20
-77.9049929999999904
11
101.4408479999999884
21
-77.8822619999999972
0
LINE
8
BLACK
6
CONTINUOUS
10
101.4408479999999884
20
-77.8822619999999972
11
102.2729519999999894
21
-77.0501569999999987
0
LINE
8
BLACK
6
CONTINUOUS
10
102.2729519999999894
20
-77.0501569999999987
11
102.3254859999999979
21
-76.8925589999999914
0
LINE
8
BLACK
6
CONTINUOUS
10
102.3254859999999979
20
-76.8925589999999914
11
102.3254859999999979
21
-76.8094519999999932
0
LINE
8
BLACK
6
CONTINUOUS
10
102.3254859999999979
20
-76.8094519999999932
11
102.2807789999999954
21
-76.7200389999999999
0
LINE
8
BLACK
6
CONTINUOUS
10
102.2807789999999954
20
-76.7200389999999999
11
102.2437749999999994
21
-76.6830349999999896
0
LINE
8
BLACK
6
CONTINUOUS
10
102.2437749999999994
20
-76.6830349999999896
11
102.1543609999999944
21
-76.6383280000000013
0
LINE
8
BLACK
6
CONTINUOUS
10
102.1543609999999944
20
-76.6383280000000013
11
101.868038999999996
21
-76.6383280000000013
0
LINE
8
BLACK
6
CONTINUOUS
10
101.868038999999996
20
-76.6383280000000013
11
101.778624999999991
21
-76.6830349999999896
0
LINE
8
BLACK
6
CONTINUOUS
10
101.778624999999991
20
-76.6830349999999896
11
101.7244089999999943
21
-76.7372510000000005
0
LINE
8
BLACK
6
CONTINUOUS
10
101.7244089999999943
20
-76.7372510000000005
11
101.7016780000000011
21
-76.755905999999996
0
LINE
8
BLACK
6
CONTINUOUS
10
101.7016780000000011
20
-76.755905999999996
11
101.6476059999999961
21
-76.778302999999994
0
LINE
8
BLACK
6
CONTINUOUS
10
101.6476059999999961
20
-76.778302999999994
11
101.5890799999999956
21
-76.778302999999994
0
LINE
8
BLACK
6
CONTINUOUS
10
101.5890799999999956
20
-76.778302999999994
11
101.5350079999999906
21
-76.755905999999996
0
LINE
8
BLACK
6
CONTINUOUS
10
101.5350079999999906
20
-76.755905999999996
11
101.493622000000002
21
-76.7145199999999932
0
LINE
8
BLACK
6
CONTINUOUS
10
101.493622000000002
20
-76.7145199999999932
11
101.4712249999999898
21
-76.6604480000000024
0
LINE
8
BLACK
6
CONTINUOUS
10
101.4712249999999898
20
-76.6604480000000024
11
101.4712249999999898
21
-76.6019220000000018
0
LINE
8
BLACK
6
CONTINUOUS
10
101.4712249999999898
20
-76.6019220000000018
11
101.493622000000002
21
-76.5478499999999968
0
LINE
8
BLACK
6
CONTINUOUS
10
101.493622000000002
20
-76.5478499999999968
11
101.5122769999999974
21
-76.5251189999999895
0
LINE
8
BLACK
6
CONTINUOUS
10
101.5122769999999974
20
-76.5251189999999895
11
101.5837049999999948
21
-76.4536909999999921
0
LINE
8
BLACK
6
CONTINUOUS
10
101.5837049999999948
20
-76.4536909999999921
11
101.595207000000002
21
-76.4442499999999967
0
LINE
8
BLACK
6
CONTINUOUS
10
101.595207000000002
20
-76.4442499999999967
11
101.597802999999999
21
-76.4412579999999906
0
LINE
8
BLACK
6
CONTINUOUS
10
101.597802999999999
20
-76.4412579999999906
11
101.6023119999999977
21
-76.4384189999999961
0
LINE
8
BLACK
6
CONTINUOUS
10
101.6023119999999977
20
-76.4384189999999961
11
101.6064349999999905
21
-76.4350359999999966
0
LINE
8
BLACK
6
CONTINUOUS
10
101.6064349999999905
20
-76.4350359999999966
11
101.6100969999999961
21
-76.4335189999999898
0
LINE
8
BLACK
6
CONTINUOUS
10
101.6100969999999961
20
-76.4335189999999898
11
101.6226889999999941
21
-76.4255929999999921
0
LINE
8
BLACK
6
CONTINUOUS
10
101.6226889999999941
20
-76.4255929999999921
11
101.765546999999998
21
-76.3541639999999973
0
LINE
8
BLACK
6
CONTINUOUS
10
101.765546999999998
20
-76.3541639999999973
11
101.7930099999999953
21
-76.3436540000000008
0
LINE
8
BLACK
6
CONTINUOUS
10
101.7930099999999953
20
-76.3436540000000008
11
101.7983869999999911
21
-76.3432710000000014
0
LINE
8
BLACK
6
CONTINUOUS
10
101.7983869999999911
20
-76.3432710000000014
11
101.8033649999999994
21
-76.3412099999999896
0
LINE
8
BLACK
6
CONTINUOUS
10
101.8033649999999994
20
-76.3412099999999896
11
101.8326289999999972
21
-76.33832799999999
0
LINE
8
BLACK
6
CONTINUOUS
10
101.8326289999999972
20
-76.33832799999999
11
102.1897709999999933
21
-76.33832799999999
0
LINE
8
BLACK
6
CONTINUOUS
10
102.1897709999999933
20
-76.33832799999999
11
102.219034999999991
21
-76.3412099999999896
0
LINE
8
BLACK
6
CONTINUOUS
10
117.3034279999999967
20
-76.6394480000000016
11
117.4483169999999888
21
-76.6994629999999944
0
LINE
8
BLACK
6
CONTINUOUS
10
117.4483169999999888
20
-76.6994629999999944
11
117.5787149999999883
21
-76.7865919999999988
0
LINE
8
BLACK
6
CONTINUOUS
10
117.5787149999999883
20
-76.7865919999999988
11
117.6896079999999927
21
-76.8974850000000032
0
LINE
8
BLACK
6
CONTINUOUS
10
117.6896079999999927
20
-76.8974850000000032
11
117.7767369999999971
21
-77.0278830000000028
0
LINE
8
BLACK
6
CONTINUOUS
10
117.7767369999999971
20
-77.0278830000000028
11
117.8367519999999899
21
-77.1727719999999948
0
LINE
8
BLACK
6
CONTINUOUS
10
117.8367519999999899
20
-77.1727719999999948
11
117.8673479999999927
21
-77.3265859999999918
0
LINE
8
BLACK
6
CONTINUOUS
10
117.8673479999999927
20
-77.3265859999999918
11
117.8673479999999927
21
-77.4834139999999962
0
LINE
8
BLACK
6
CONTINUOUS
10
117.8673479999999927
20
-77.4834139999999962
11
117.8367519999999899
21
-77.6372279999999932
0
LINE
8
BLACK
6
CONTINUOUS
10
117.8367519999999899
20
-77.6372279999999932
11
117.7767369999999971
21
-77.7821169999999995
0
LINE
8
BLACK
6
CONTINUOUS
10
117.7767369999999971
20
-77.7821169999999995
11
117.6896079999999927
21
-77.9125149999999991
0
LINE
8
BLACK
6
CONTINUOUS
10
117.6896079999999927
20
-77.9125149999999991
11
117.5787149999999883
21
-78.0234080000000034
0
LINE
8
BLACK
6
CONTINUOUS
10
117.5787149999999883
20
-78.0234080000000034
11
117.4483169999999888
21
-78.1105369999999937
0
LINE
8
BLACK
6
CONTINUOUS
10
117.4483169999999888
20
-78.1105369999999937
11
117.3034279999999967
21
-78.1705520000000007
0
LINE
8
BLACK
6
CONTINUOUS
10
117.3034279999999967
20
-78.1705520000000007
11
117.1496139999999997
21
-78.2011480000000034
0
LINE
8
BLACK
6
CONTINUOUS
10
117.1496139999999997
20
-78.2011480000000034
11
116.9927859999999953
21
-78.2011480000000034
0
LINE
8
BLACK
6
CONTINUOUS
10
116.9927859999999953
20
-78.2011480000000034
11
116.8389719999999983
21
-78.1705520000000007
0
LINE
8
BLACK
6
CONTINUOUS
10
116.8389719999999983
20
-78.1705520000000007
11
116.694082999999992
21
-78.1105369999999937
0
LINE
8
BLACK
6
CONTINUOUS
10
116.694082999999992
20
-78.1105369999999937
11
116.5636849999999924
21
-78.0234080000000034
0
LINE
8
BLACK
6
CONTINUOUS
10
116.5636849999999924
20
-78.0234080000000034
11
116.4527919999999881
21
-77.9125149999999991
0
LINE
8
BLACK
6
CONTINUOUS
10
116.4527919999999881
20
-77.9125149999999991
11
116.3656629999999979
21
-77.7821169999999995
0
LINE
8
BLACK
6
CONTINUOUS
10
116.3656629999999979
20
-77.7821169999999995
11
116.3056479999999908
21
-77.6372279999999932
0
LINE
8
BLACK
6
CONTINUOUS
10
116.3056479999999908
20
-77.6372279999999932
11
116.2750519999999881
21
-77.4834139999999962
0
LINE
8
BLACK
6
CONTINUOUS
10
116.2750519999999881
20
-77.4834139999999962
11
116.2750519999999881
21
-77.3265859999999918
0
LINE
8
BLACK
6
CONTINUOUS
10
116.2750519999999881
20
-77.3265859999999918
11
116.3056479999999908
21
-77.1727719999999948
0
LINE
8
BLACK
6
CONTINUOUS
10
116.3056479999999908
20
-77.1727719999999948
11
116.3656629999999979
21
-77.0278830000000028
0
LINE
8
BLACK
6
CONTINUOUS
10
116.3656629999999979
20
-77.0278830000000028
11
116.4527919999999881
21
-76.8974850000000032
0
LINE
8
BLACK
6
CONTINUOUS
10
116.4527919999999881
20
-76.8974850000000032
11
116.5636849999999924
21
-76.7865919999999988
0
LINE
8
BLACK
6
CONTINUOUS
10
116.5636849999999924
20
-76.7865919999999988
11
116.694082999999992
21
-76.6994629999999944
0
LINE
8
BLACK
6
CONTINUOUS
10
116.694082999999992
20
-76.6994629999999944
11
116.8389719999999983
21
-76.6394480000000016
0
LINE
8
BLACK
6
CONTINUOUS
10
116.8389719999999983
20
-76.6394480000000016
11
116.9927859999999953
21
-76.6088519999999988
0
LINE
8
BLACK
6
CONTINUOUS
10
116.9927859999999953
20
-76.6088519999999988
11
117.1496139999999997
21
-76.6088519999999988
0
LINE
8
BLACK
6
CONTINUOUS
10
117.1496139999999997
20
-76.6088519999999988
11
117.3034279999999967
21
-76.6394480000000016
0
LINE
8
BLACK
6
CONTINUOUS
10
117.3034279999999967
20
-68.6394480000000016
11
117.4483169999999888
21
-68.6994629999999944
0
LINE
8
BLACK
6
CONTINUOUS
10
117.4483169999999888
20
-68.6994629999999944
11
117.5787149999999883
21
-68.7865919999999988
0
LINE
8
BLACK
6
CONTINUOUS
10
117.5787149999999883
20
-68.7865919999999988
11
117.6896079999999927
21
-68.8974850000000032
0
LINE
8
BLACK
6
CONTINUOUS
10
117.6896079999999927
20
-68.8974850000000032
11
117.7767369999999971
21
-69.0278830000000028
0
LINE
8
BLACK
6
CONTINUOUS
10
117.7767369999999971
20
-69.0278830000000028
11
117.8367519999999899
21
-69.1727719999999948
0
LINE
8
BLACK
6
CONTINUOUS
10
117.8367519999999899
20
-69.1727719999999948
11
117.8673479999999927
21
-69.3265859999999918
0
LINE
8
BLACK
6
CONTINUOUS
10
117.8673479999999927
20
-69.3265859999999918
11
117.8673479999999927
21
-69.4834139999999962
0
LINE
8
BLACK
6
CONTINUOUS
10
117.8673479999999927
20
-69.4834139999999962
11
117.8367519999999899
21
-69.6372279999999932
0
LINE
8
BLACK
6
CONTINUOUS
10
117.8367519999999899
20
-69.6372279999999932
11
117.7767369999999971
21
-69.7821169999999995
0
LINE
8
BLACK
6
CONTINUOUS
10
117.7767369999999971
20
-69.7821169999999995
11
117.6896079999999927
21
-69.9125149999999991
0
LINE
8
BLACK
6
CONTINUOUS
10
117.6896079999999927
20
-69.9125149999999991
11
117.5787149999999883
21
-70.0234080000000034
0
LINE
8
BLACK
6
CONTINUOUS
10
117.5787149999999883
20
-70.0234080000000034
11
117.4483169999999888
21
-70.1105369999999937
0
LINE
8
BLACK
6
CONTINUOUS
10
117.4483169999999888
20
-70.1105369999999937
11
117.3034279999999967
21
-70.1705520000000007
0
LINE
8
BLACK
6
CONTINUOUS
10
117.3034279999999967
20
-70.1705520000000007
11
117.1496139999999997
21
-70.2011480000000034
0
LINE
8
BLACK
6
CONTINUOUS
10
117.1496139999999997
20
-70.2011480000000034
11
116.9927859999999953
21
-70.2011480000000034
0
LINE
8
BLACK
6
CONTINUOUS
10
116.9927859999999953
20
-70.2011480000000034
11
116.8389719999999983
21
-70.1705520000000007
0
LINE
8
BLACK
6
CONTINUOUS
10
116.8389719999999983
20
-70.1705520000000007
11
116.694082999999992
21
-70.1105369999999937
0
LINE
8
BLACK
6
CONTINUOUS
10
116.694082999999992
20
-70.1105369999999937
11
116.5636849999999924
21
-70.0234080000000034
0
LINE
8
BLACK
6
CONTINUOUS
10
116.5636849999999924
20
-70.0234080000000034
11
116.4527919999999881
21
-69.9125149999999991
0
LINE
8
BLACK
6
CONTINUOUS
10
116.4527919999999881
20
-69.9125149999999991
11
116.3656629999999979
21
-69.7821169999999995
0
LINE
8
BLACK
6
CONTINUOUS
10
116.3656629999999979
20
-69.7821169999999995
11
116.3056479999999908
21
-69.6372279999999932
0
LINE
8
BLACK
6
CONTINUOUS
10
116.3056479999999908
20
-69.6372279999999932
11
116.2750519999999881
21
-69.4834139999999962
0
LINE
8
BLACK
6
CONTINUOUS
10
116.2750519999999881
20
-69.4834139999999962
11
116.2750519999999881
21
-69.3265859999999918
0
LINE
8
BLACK
6
CONTINUOUS
10
116.2750519999999881
20
-69.3265859999999918
11
116.3056479999999908
21
-69.1727719999999948
0
LINE
8
BLACK
6
CONTINUOUS
10
116.3056479999999908
20
-69.1727719999999948
11
116.3656629999999979
21
-69.0278830000000028
0
LINE
8
BLACK
6
CONTINUOUS
10
116.3656629999999979
20
-69.0278830000000028
11
116.4527919999999881
21
-68.8974850000000032
0
LINE
8
BLACK
6
CONTINUOUS
10
116.4527919999999881
20
-68.8974850000000032
11
116.5636849999999924
21
-68.7865919999999988
0
LINE
8
BLACK
6
CONTINUOUS
10
116.5636849999999924
20
-68.7865919999999988
11
116.694082999999992
21
-68.6994629999999944
0
LINE
8
BLACK
6
CONTINUOUS
10
116.694082999999992
20
-68.6994629999999944
11
116.8389719999999983
21
-68.6394480000000016
0
LINE
8
BLACK
6
CONTINUOUS
10
116.8389719999999983
20
-68.6394480000000016
11
116.9927859999999953
21
-68.6088519999999988
0
LINE
8
BLACK
6
CONTINUOUS
10
116.9927859999999953
20
-68.6088519999999988
11
117.1496139999999997
21
-68.6088519999999988
0
LINE
8
BLACK
6
CONTINUOUS
10
117.1496139999999997
20
-68.6088519999999988
11
117.3034279999999967
21
-68.6394480000000016
0
LINE
8
BLACK
6
CONTINUOUS
10
114.3976069999999936
20
-65.2112099999999941
11
114.4516789999999986
21
-65.2336080000000038
0
LINE
8
BLACK
6
CONTINUOUS
10
114.4516789999999986
20
-65.2336080000000038
11
114.4930629999999923
21
-65.2749919999999975
0
LINE
8
BLACK
6
CONTINUOUS
10
114.4930629999999923
20
-65.2749919999999975
11
114.5154609999999877
21
-65.3290640000000025
0
LINE
8
BLACK
6
CONTINUOUS
10
114.5154609999999877
20
-65.3290640000000025
11
114.5154609999999877
21
-65.3875919999999979
0
LINE
8
BLACK
6
CONTINUOUS
10
114.5154609999999877
20
-65.3875919999999979
11
114.4930629999999923
21
-65.4416640000000029
0
LINE
8
BLACK
6
CONTINUOUS
10
114.4930629999999923
20
-65.4416640000000029
11
114.4516789999999986
21
-65.4830479999999966
0
LINE
8
BLACK
6
CONTINUOUS
10
114.4516789999999986
20
-65.4830479999999966
11
114.3976069999999936
21
-65.5054459999999921
0
LINE
8
BLACK
6
CONTINUOUS
10
114.3976069999999936
20
-65.5054459999999921
11
114.3683429999999959
21
-65.5083279999999917
0
LINE
8
BLACK
6
CONTINUOUS
10
114.3683429999999959
20
-65.5083279999999917
11
113.7898059999999987
21
-65.5083279999999917
0
LINE
8
BLACK
6
CONTINUOUS
10
113.7898059999999987
20
-65.5083279999999917
11
113.7621639999999985
21
-65.7847369999999927
0
LINE
8
BLACK
6
CONTINUOUS
10
113.7621639999999985
20
-65.7847369999999927
11
113.7626719999999949
21
-65.7847009999999983
0
LINE
8
BLACK
6
CONTINUOUS
10
113.7626719999999949
20
-65.7847009999999983
11
113.7676510000000007
21
-65.7826390000000032
0
LINE
8
BLACK
6
CONTINUOUS
10
113.7676510000000007
20
-65.7826390000000032
11
113.7969149999999985
21
-65.7797570000000036
0
LINE
8
BLACK
6
CONTINUOUS
10
113.7969149999999985
20
-65.7797570000000036
11
114.1540569999999946
21
-65.7797570000000036
0
LINE
8
BLACK
6
CONTINUOUS
10
114.1540569999999946
20
-65.7797570000000036
11
114.1833209999999923
21
-65.7826390000000032
0
LINE
8
BLACK
6
CONTINUOUS
10
114.1833209999999923
20
-65.7826390000000032
11
114.1882990000000007
21
-65.7847009999999983
0
LINE
8
BLACK
6
CONTINUOUS
10
114.1882990000000007
20
-65.7847009999999983
11
114.1936749999999989
21
-65.7850830000000002
0
LINE
8
BLACK
6
CONTINUOUS
10
114.1936749999999989
20
-65.7850830000000002
11
114.2211379999999963
21
-65.7955929999999967
0
LINE
8
BLACK
6
CONTINUOUS
10
114.2211379999999963
20
-65.7955929999999967
11
114.3639969999999977
21
-65.867020999999994
0
LINE
8
BLACK
6
CONTINUOUS
10
114.3639969999999977
20
-65.867020999999994
11
114.3765909999999906
21
-65.8749490000000009
0
LINE
8
BLACK
6
CONTINUOUS
10
114.3765909999999906
20
-65.8749490000000009
11
114.3802510000000012
21
-65.8764649999999961
0
LINE
8
BLACK
6
CONTINUOUS
10
114.3802510000000012
20
-65.8764649999999961
11
114.3843710000000016
21
-65.8798460000000006
0
LINE
8
BLACK
6
CONTINUOUS
10
114.3843710000000016
20
-65.8798460000000006
11
114.3888819999999953
21
-65.8826859999999925
0
LINE
8
BLACK
6
CONTINUOUS
10
114.3888819999999953
20
-65.8826859999999925
11
114.3914759999999973
21
-65.8856770000000012
0
LINE
8
BLACK
6
CONTINUOUS
10
114.3914759999999973
20
-65.8856770000000012
11
114.4029819999999944
21
-65.8951199999999915
0
LINE
8
BLACK
6
CONTINUOUS
10
114.4029819999999944
20
-65.8951199999999915
11
114.4744099999999918
21
-65.9665490000000005
0
LINE
8
BLACK
6
CONTINUOUS
10
114.4744099999999918
20
-65.9665490000000005
11
114.4838479999999947
21
-65.9780489999999986
0
LINE
8
BLACK
6
CONTINUOUS
10
114.4838479999999947
20
-65.9780489999999986
11
114.4868419999999958
21
-65.980645999999993
0
LINE
8
BLACK
6
CONTINUOUS
10
114.4868419999999958
20
-65.980645999999993
11
114.4896819999999877
21
-65.9851579999999984
0
LINE
8
BLACK
6
CONTINUOUS
10
114.4896819999999877
20
-65.9851579999999984
11
114.4930639999999897
21
-65.9892789999999962
0
LINE
8
BLACK
6
CONTINUOUS
10
114.4930639999999897
20
-65.9892789999999962
11
114.4945790000000017
21
-65.9929379999999952
0
LINE
8
BLACK
6
CONTINUOUS
10
114.4945790000000017
20
-65.9929379999999952
11
114.5025069999999943
21
-66.0055320000000023
0
LINE
8
BLACK
6
CONTINUOUS
10
114.5025069999999943
20
-66.0055320000000023
11
114.5739359999999891
21
-66.1483879999999971
0
LINE
8
BLACK
6
CONTINUOUS
10
114.5739359999999891
20
-66.1483879999999971
11
114.5844449999999881
21
-66.1758519999999919
0
LINE
8
BLACK
6
CONTINUOUS
10
114.5844449999999881
20
-66.1758519999999919
11
114.5848259999999925
21
-66.1812259999999952
0
LINE
8
BLACK
6
CONTINUOUS
10
114.5848259999999925
20
-66.1812259999999952
11
114.5868899999999968
21
-66.186206999999996
0
LINE
8
BLACK
6
CONTINUOUS
10
114.5868899999999968
20
-66.186206999999996
11
114.5897719999999964
21
-66.2154709999999938
0
LINE
8
BLACK
6
CONTINUOUS
10
114.5897719999999964
20
-66.2154709999999938
11
114.5897719999999964
21
-66.5726140000000015
0
LINE
8
BLACK
6
CONTINUOUS
10
114.5897719999999964
20
-66.5726140000000015
11
114.5868899999999968
21
-66.6018779999999992
0
LINE
8
BLACK
6
CONTINUOUS
10
114.5868899999999968
20
-66.6018779999999992
11
114.5848259999999925
21
-66.6068580000000026
0
LINE
8
BLACK
6
CONTINUOUS
10
114.5848259999999925
20
-66.6068580000000026
11
114.5844449999999881
21
-66.6122330000000034
0
LINE
8
BLACK
6
CONTINUOUS
10
114.5844449999999881
20
-66.6122330000000034
11
114.5739359999999891
21
-66.6396969999999982
0
LINE
8
BLACK
6
CONTINUOUS
10
114.5739359999999891
20
-66.6396969999999982
11
114.5025069999999943
21
-66.7825529999999929
0
LINE
8
BLACK
6
CONTINUOUS
10
114.5025069999999943
20
-66.7825529999999929
11
114.4945790000000017
21
-66.7951460000000026
0
LINE
8
BLACK
6
CONTINUOUS
10
114.4945790000000017
20
-66.7951460000000026
11
114.4930639999999897
21
-66.798805999999999
0
LINE
8
BLACK
6
CONTINUOUS
10
114.4930639999999897
20
-66.798805999999999
11
114.4896819999999877
21
-66.8029259999999994
0
LINE
8
BLACK
6
CONTINUOUS
10
114.4896819999999877
20
-66.8029259999999994
11
114.4868419999999958
21
-66.8074390000000022
0
LINE
8
BLACK
6
CONTINUOUS
10
114.4868419999999958
20
-66.8074390000000022
11
114.4838479999999947
21
-66.8100349999999992
0
LINE
8
BLACK
6
CONTINUOUS
10
114.4838479999999947
20
-66.8100349999999992
11
114.4744099999999918
21
-66.8215359999999947
0
LINE
8
BLACK
6
CONTINUOUS
10
114.4744099999999918
20
-66.8215359999999947
11
114.4029819999999944
21
-66.8929650000000038
0
LINE
8
BLACK
6
CONTINUOUS
10
114.4029819999999944
20
-66.8929650000000038
11
114.3914759999999973
21
-66.9024069999999966
0
LINE
8
BLACK
6
CONTINUOUS
10
114.3914759999999973
20
-66.9024069999999966
11
114.3888819999999953
21
-66.9053990000000027
0
LINE
8
BLACK
6
CONTINUOUS
10
114.3888819999999953
20
-66.9053990000000027
11
114.3843710000000016
21
-66.9082379999999972
0
LINE
8
BLACK
6
CONTINUOUS
10
114.3843710000000016
20
-66.9082379999999972
11
114.3802510000000012
21
-66.9116199999999992
0
LINE
8
BLACK
6
CONTINUOUS
10
114.3802510000000012
20
-66.9116199999999992
11
114.3765909999999906
21
-66.9131349999999969
0
LINE
8
BLACK
6
CONTINUOUS
10
114.3765909999999906
20
-66.9131349999999969
11
114.3639969999999977
21
-66.9210640000000012
0
LINE
8
BLACK
6
CONTINUOUS
10
114.3639969999999977
20
-66.9210640000000012
11
114.2211379999999963
21
-66.9924919999999986
0
LINE
8
BLACK
6
CONTINUOUS
10
114.2211379999999963
20
-66.9924919999999986
11
114.1936749999999989
21
-67.0030019999999951
0
LINE
8
BLACK
6
CONTINUOUS
10
114.1936749999999989
20
-67.0030019999999951
11
114.1882990000000007
21
-67.0033829999999995
0
LINE
8
BLACK
6
CONTINUOUS
10
114.1882990000000007
20
-67.0033829999999995
11
114.1833209999999923
21
-67.0054459999999921
0
LINE
8
BLACK
6
CONTINUOUS
10
114.1833209999999923
20
-67.0054459999999921
11
114.1540569999999946
21
-67.0083279999999917
0
LINE
8
BLACK
6
CONTINUOUS
10
114.1540569999999946
20
-67.0083279999999917
11
113.7969149999999985
21
-67.0083279999999917
0
LINE
8
BLACK
6
CONTINUOUS
10
113.7969149999999985
20
-67.0083279999999917
11
113.7676510000000007
21
-67.0054459999999921
0
LINE
8
BLACK
6
CONTINUOUS
10
113.7676510000000007
20
-67.0054459999999921
11
113.7626719999999949
21
-67.0033829999999995
0
LINE
8
BLACK
6
CONTINUOUS
10
113.7626719999999949
20
-67.0033829999999995
11
113.7572969999999941
21
-67.0030019999999951
0
LINE
8
BLACK
6
CONTINUOUS
10
113.7572969999999941
20
-67.0030019999999951
11
113.7298339999999968
21
-66.9924929999999961
0
LINE
8
BLACK
6
CONTINUOUS
10
113.7298339999999968
20
-66.9924929999999961
11
113.5869759999999928
21
-66.9210640000000012
0
LINE
8
BLACK
6
CONTINUOUS
10
113.5869759999999928
20
-66.9210640000000012
11
113.5743789999999933
21
-66.9131349999999969
0
LINE
8
BLACK
6
CONTINUOUS
10
113.5743789999999933
20
-66.9131349999999969
11
113.5707209999999918
21
-66.9116199999999992
0
LINE
8
BLACK
6
CONTINUOUS
10
113.5707209999999918
20
-66.9116199999999992
11
113.5666039999999981
21
-66.9082410000000039
0
LINE
8
BLACK
6
CONTINUOUS
10
113.5666039999999981
20
-66.9082410000000039
11
113.5620899999999978
21
-66.9054000000000002
0
LINE
8
BLACK
6
CONTINUOUS
10
113.5620899999999978
20
-66.9054000000000002
11
113.5594919999999917
21
-66.90240399999999
0
LINE
8
BLACK
6
CONTINUOUS
10
113.5594919999999917
20
-66.90240399999999
11
113.5479899999999986
21
-66.8929650000000038
0
LINE
8
BLACK
6
CONTINUOUS
10
113.5479899999999986
20
-66.8929650000000038
11
113.4765620000000013
21
-66.8215359999999947
0
LINE
8
BLACK
6
CONTINUOUS
10
113.4765620000000013
20
-66.8215359999999947
11
113.4579079999999891
21
-66.7988050000000015
0
LINE
8
BLACK
6
CONTINUOUS
10
113.4579079999999891
20
-66.7988050000000015
11
113.4355109999999911
21
-66.7447329999999965
0
LINE
8
BLACK
6
CONTINUOUS
10
113.4355109999999911
20
-66.7447329999999965
11
113.4355109999999911
21
-66.686206999999996
0
LINE
8
BLACK
6
CONTINUOUS
10
113.4355109999999911
20
-66.686206999999996
11
113.4579090000000008
21
-66.632134999999991
0
LINE
8
BLACK
6
CONTINUOUS
10
113.4579090000000008
20
-66.632134999999991
11
113.4992949999999894
21
-66.5907499999999999
0
LINE
8
BLACK
6
CONTINUOUS
10
113.4992949999999894
20
-66.5907499999999999
11
113.5533669999999944
21
-66.5683530000000019
0
LINE
8
BLACK
6
CONTINUOUS
10
113.5533669999999944
20
-66.5683530000000019
11
113.6118929999999949
21
-66.5683530000000019
0
LINE
8
BLACK
6
CONTINUOUS
10
113.6118929999999949
20
-66.5683530000000019
11
113.6659649999999999
21
-66.5907509999999974
0
LINE
8
BLACK
6
CONTINUOUS
10
113.6659649999999999
20
-66.5907509999999974
11
113.6886959999999931
21
-66.6094059999999928
0
LINE
8
BLACK
6
CONTINUOUS
10
113.6886959999999931
20
-66.6094059999999928
11
113.7429119999999898
21
-66.6636220000000037
0
LINE
8
BLACK
6
CONTINUOUS
10
113.7429119999999898
20
-66.6636220000000037
11
113.8323239999999998
21
-66.7083279999999945
0
LINE
8
BLACK
6
CONTINUOUS
10
113.8323239999999998
20
-66.7083279999999945
11
114.1186479999999932
21
-66.7083279999999945
0
LINE
8
BLACK
6
CONTINUOUS
10
114.1186479999999932
20
-66.7083279999999945
11
114.2080610000000007
21
-66.663620999999992
0
LINE
8
BLACK
6
CONTINUOUS
10
114.2080610000000007
20
-66.663620999999992
11
114.2450639999999993
21
-66.626616999999996
0
LINE
8
BLACK
6
CONTINUOUS
10
114.2450639999999993
20
-66.626616999999996
11
114.2897719999999993
21
-66.537202999999991
0
LINE
8
BLACK
6
CONTINUOUS
10
114.2897719999999993
20
-66.537202999999991
11
114.2897719999999993
21
-66.2508809999999926
0
LINE
8
BLACK
6
CONTINUOUS
10
114.2897719999999993
20
-66.2508809999999926
11
114.2450639999999993
21
-66.1614670000000018
0
LINE
8
BLACK
6
CONTINUOUS
10
114.2450639999999993
20
-66.1614670000000018
11
114.2080610000000007
21
-66.1244629999999916
0
LINE
8
BLACK
6
CONTINUOUS
10
114.2080610000000007
20
-66.1244629999999916
11
114.1186479999999932
21
-66.0797570000000007
0
LINE
8
BLACK
6
CONTINUOUS
10
114.1186479999999932
20
-66.0797570000000007
11
113.8323239999999998
21
-66.0797570000000007
0
LINE
8
BLACK
6
CONTINUOUS
10
113.8323239999999998
20
-66.0797570000000007
11
113.7429119999999898
21
-66.1244619999999941
0
LINE
8
BLACK
6
CONTINUOUS
10
113.7429119999999898
20
-66.1244619999999941
11
113.6886959999999931
21
-66.1786790000000025
0
LINE
8
BLACK
6
CONTINUOUS
10
113.6886959999999931
20
-66.1786790000000025
11
113.6659649999999999
21
-66.1973339999999979
0
LINE
8
BLACK
6
CONTINUOUS
10
113.6659649999999999
20
-66.1973339999999979
11
113.6589850000000013
21
-66.2002250000000032
0
LINE
8
BLACK
6
CONTINUOUS
10
113.6589850000000013
20
-66.2002250000000032
11
113.6531409999999909
21
-66.2050069999999948
0
LINE
8
BLACK
6
CONTINUOUS
10
113.6531409999999909
20
-66.2050069999999948
11
113.6321519999999907
21
-66.2113399999999928
0
LINE
8
BLACK
6
CONTINUOUS
10
113.6321519999999907
20
-66.2113399999999928
11
113.6118929999999949
21
-66.2197319999999934
0
LINE
8
BLACK
6
CONTINUOUS
10
113.6118929999999949
20
-66.2197319999999934
11
113.6043399999999934
21
-66.2197319999999934
0
LINE
8
BLACK
6
CONTINUOUS
10
113.6043399999999934
20
-66.2197319999999934
11
113.597108999999989
21
-66.2219139999999982
0
LINE
8
BLACK
6
CONTINUOUS
10
113.597108999999989
20
-66.2219139999999982
11
113.5752899999999954
21
-66.2197319999999934
0
LINE
8
BLACK
6
CONTINUOUS
10
113.5752899999999954
20
-66.2197319999999934
11
113.5533669999999944
21
-66.2197319999999934
0
LINE
8
BLACK
6
CONTINUOUS
10
113.5533669999999944
20
-66.2197319999999934
11
113.5463889999999907
21
-66.2168410000000023
0
LINE
8
BLACK
6
CONTINUOUS
10
113.5463889999999907
20
-66.2168410000000023
11
113.5388719999999978
21
-66.2160899999999941
0
LINE
8
BLACK
6
CONTINUOUS
10
113.5388719999999978
20
-66.2160899999999941
11
113.5195489999999978
21
-66.2057240000000036
0
LINE
8
BLACK
6
CONTINUOUS
10
113.5195489999999978
20
-66.2057240000000036
11
113.4992949999999894
21
-66.1973349999999954
0
LINE
8
BLACK
6
CONTINUOUS
10
113.4992949999999894
20
-66.1973349999999954
11
113.4939529999999905
21
-66.191993999999994
0
LINE
8
BLACK
6
CONTINUOUS
10
113.4939529999999905
20
-66.191993999999994
11
113.4872969999999981
21
-66.1884230000000002
0
LINE
8
BLACK
6
CONTINUOUS
10
113.4872969999999981
20
-66.1884230000000002
11
113.4734129999999936
21
-66.1714529999999996
0
LINE
8
BLACK
6
CONTINUOUS
10
113.4734129999999936
20
-66.1714529999999996
11
113.4579090000000008
21
-66.15594999999999
0
LINE
8
BLACK
6
CONTINUOUS
10
113.4579090000000008
20
-66.15594999999999
11
113.455016999999998
21
-66.1489699999999914
0
LINE
8
BLACK
6
CONTINUOUS
10
113.455016999999998
20
-66.1489699999999914
11
113.4502359999999896
21
-66.1431259999999952
0
LINE
8
BLACK
6
CONTINUOUS
10
113.4502359999999896
20
-66.1431259999999952
11
113.4439019999999942
21
-66.1221369999999951
0
LINE
8
BLACK
6
CONTINUOUS
10
113.4439019999999942
20
-66.1221369999999951
11
113.4355109999999911
21
-66.1018779999999992
0
LINE
8
BLACK
6
CONTINUOUS
10
113.4355109999999911
20
-66.1018779999999992
11
113.4355109999999911
21
-66.0943249999999978
0
LINE
8
BLACK
6
CONTINUOUS
10
113.4355109999999911
20
-66.0943249999999978
11
113.4333290000000005
21
-66.0870939999999933
0
LINE
8
BLACK
6
CONTINUOUS
10
113.4333290000000005
20
-66.0870939999999933
11
113.4333729999999889
21
-66.0576889999999963
0
LINE
8
BLACK
6
CONTINUOUS
10
113.4333729999999889
20
-66.0576889999999963
11
113.5048010000000005
21
-65.343402999999995
0
LINE
8
BLACK
6
CONTINUOUS
10
113.5048010000000005
20
-65.343402999999995
11
113.5069389999999885
21
-65.332737999999992
0
LINE
8
BLACK
6
CONTINUOUS
10
113.5069389999999885
20
-65.332737999999992
11
113.5069389999999885
21
-65.3290640000000025
0
LINE
8
BLACK
6
CONTINUOUS
10
113.5069389999999885
20
-65.3290640000000025
11
113.5083659999999952
21
-65.3256179999999915
0
LINE
8
BLACK
6
CONTINUOUS
10
113.5083659999999952
20
-65.3256179999999915
11
113.5105810000000019
21
-65.3145710000000008
0
LINE
8
BLACK
6
CONTINUOUS
10
113.5105810000000019
20
-65.3145710000000008
11
113.5209449999999975
21
-65.2952489999999983
0
LINE
8
BLACK
6
CONTINUOUS
10
113.5209449999999975
20
-65.2952489999999983
11
113.5293369999999982
21
-65.2749919999999975
0
LINE
8
BLACK
6
CONTINUOUS
10
113.5293369999999982
20
-65.2749919999999975
11
113.5346769999999879
21
-65.2696509999999961
0
LINE
8
BLACK
6
CONTINUOUS
10
113.5346769999999879
20
-65.2696509999999961
11
113.5382479999999958
21
-65.2629960000000011
0
LINE
8
BLACK
6
CONTINUOUS
10
113.5382479999999958
20
-65.2629960000000011
11
113.5552149999999898
21
-65.2491129999999941
0
LINE
8
BLACK
6
CONTINUOUS
10
113.5552149999999898
20
-65.2491129999999941
11
113.5707209999999918
21
-65.2336080000000038
0
LINE
8
BLACK
6
CONTINUOUS
10
113.5707209999999918
20
-65.2336080000000038
11
113.577699999999993
21
-65.230716000000001
0
LINE
8
BLACK
6
CONTINUOUS
10
113.577699999999993
20
-65.230716000000001
11
113.5835450000000009
21
-65.2259349999999927
0
LINE
8
BLACK
6
CONTINUOUS
10
113.5835450000000009
20
-65.2259349999999927
11
113.6045299999999969
21
-65.2196029999999922
0
LINE
8
BLACK
6
CONTINUOUS
10
113.6045299999999969
20
-65.2196029999999922
11
113.6247929999999968
21
-65.2112099999999941
0
LINE
8
BLACK
6
CONTINUOUS
10
113.6247929999999968
20
-65.2112099999999941
11
113.6360090000000014
21
-65.2101049999999987
0
LINE
8
BLACK
6
CONTINUOUS
10
113.6360090000000014
20
-65.2101049999999987
11
113.6395769999999885
21
-65.209029000000001
0
LINE
8
BLACK
6
CONTINUOUS
10
113.6395769999999885
20
-65.209029000000001
11
113.6432299999999884
21
-65.2093940000000032
0
LINE
8
BLACK
6
CONTINUOUS
10
113.6432299999999884
20
-65.2093940000000032
11
113.6540569999999946
21
-65.2083279999999945
0
LINE
8
BLACK
6
CONTINUOUS
10
113.6540569999999946
20
-65.2083279999999945
11
114.3683429999999959
21
-65.2083279999999945
0
LINE
8
BLACK
6
CONTINUOUS
10
114.3683429999999959
20
-65.2083279999999945
11
114.3976069999999936
21
-65.2112099999999941
0
LINE
8
BLACK
6
CONTINUOUS
10
112.7547500000000014
20
-65.2112099999999941
11
112.7597299999999905
21
-65.2132730000000009
0
LINE
8
BLACK
6
CONTINUOUS
10
112.7597299999999905
20
-65.2132730000000009
11
112.7651049999999913
21
-65.2136550000000028
0
LINE
8
BLACK
6
CONTINUOUS
10
112.7651049999999913
20
-65.2136550000000028
11
112.7925679999999886
21
-65.2241640000000018
0
LINE
8
BLACK
6
CONTINUOUS
10
112.7925679999999886
20
-65.2241640000000018
11
112.9354249999999951
21
-65.2955929999999967
0
LINE
8
BLACK
6
CONTINUOUS
10
112.9354249999999951
20
-65.2955929999999967
11
112.9480199999999996
21
-65.3035210000000035
0
LINE
8
BLACK
6
CONTINUOUS
10
112.9480199999999996
20
-65.3035210000000035
11
112.9516769999999894
21
-65.3050360000000012
0
LINE
8
BLACK
6
CONTINUOUS
10
112.9516769999999894
20
-65.3050360000000012
11
112.9557939999999974
21
-65.3084149999999966
0
LINE
8
BLACK
6
CONTINUOUS
10
112.9557939999999974
20
-65.3084149999999966
11
112.9603109999999901
21
-65.3112579999999951
0
LINE
8
BLACK
6
CONTINUOUS
10
112.9603109999999901
20
-65.3112579999999951
11
112.9629079999999988
21
-65.3142519999999962
0
LINE
8
BLACK
6
CONTINUOUS
10
112.9629079999999988
20
-65.3142519999999962
11
112.9744079999999968
21
-65.3236899999999991
0
LINE
8
BLACK
6
CONTINUOUS
10
112.9744079999999968
20
-65.3236899999999991
11
113.0458369999999917
21
-65.3951179999999965
0
LINE
8
BLACK
6
CONTINUOUS
10
113.0458369999999917
20
-65.3951179999999965
11
113.0552789999999987
21
-65.4066229999999962
0
LINE
8
BLACK
6
CONTINUOUS
10
113.0552789999999987
20
-65.4066229999999962
11
113.0582709999999906
21
-65.4092179999999956
0
LINE
8
BLACK
6
CONTINUOUS
10
113.0582709999999906
20
-65.4092179999999956
11
113.0611099999999993
21
-65.4137279999999919
0
LINE
8
BLACK
6
CONTINUOUS
10
113.0611099999999993
20
-65.4137279999999919
11
113.0644920000000013
21
-65.4178490000000039
0
LINE
8
BLACK
6
CONTINUOUS
10
113.0644920000000013
20
-65.4178490000000039
11
113.066006999999999
21
-65.4215080000000029
0
LINE
8
BLACK
6
CONTINUOUS
10
113.066006999999999
20
-65.4215080000000029
11
113.0739359999999891
21
-65.4341029999999932
0
LINE
8
BLACK
6
CONTINUOUS
10
113.0739359999999891
20
-65.4341029999999932
11
113.1453640000000007
21
-65.5769609999999972
0
LINE
8
BLACK
6
CONTINUOUS
10
113.1453640000000007
20
-65.5769609999999972
11
113.1558739999999972
21
-65.6044239999999945
0
LINE
8
BLACK
6
CONTINUOUS
10
113.1558739999999972
20
-65.6044239999999945
11
113.1562550000000016
21
-65.6097989999999953
0
LINE
8
BLACK
6
CONTINUOUS
10
113.1562550000000016
20
-65.6097989999999953
11
113.1583179999999942
21
-65.6147780000000012
0
LINE
8
BLACK
6
CONTINUOUS
10
113.1583179999999942
20
-65.6147780000000012
11
113.1611999999999938
21
-65.6440419999999989
0
LINE
8
BLACK
6
CONTINUOUS
10
113.1611999999999938
20
-65.6440419999999989
11
113.1611999999999938
21
-65.8583280000000002
0
LINE
8
BLACK
6
CONTINUOUS
10
113.1611999999999938
20
-65.8583280000000002
11
113.1583179999999942
21
-65.8875919999999979
0
LINE
8
BLACK
6
CONTINUOUS
10
113.1583179999999942
20
-65.8875919999999979
11
113.1562550000000016
21
-65.8925699999999921
0
LINE
8
BLACK
6
CONTINUOUS
10
113.1562550000000016
20
-65.8925699999999921
11
113.1558739999999972
21
-65.8979459999999904
0
LINE
8
BLACK
6
CONTINUOUS
10
113.1558739999999972
20
-65.8979459999999904
11
113.1453640000000007
21
-65.9254090000000019
0
LINE
8
BLACK
6
CONTINUOUS
10
113.1453640000000007
20
-65.9254090000000019
11
113.0739359999999891
21
-66.0682669999999916
0
LINE
8
BLACK
6
CONTINUOUS
10
113.0739359999999891
20
-66.0682669999999916
11
113.066008999999994
21
-66.0808579999999921
0
LINE
8
BLACK
6
CONTINUOUS
10
113.066008999999994
20
-66.0808579999999921
11
113.0644929999999988
21
-66.0845199999999977
0
LINE
8
BLACK
6
CONTINUOUS
10
113.0644929999999988
20
-66.0845199999999977
11
113.0611090000000019
21
-66.088641999999993
0
LINE
8
BLACK
6
CONTINUOUS
10
113.0611090000000019
20
-66.088641999999993
11
113.0582709999999906
21
-66.0931520000000035
0
LINE
8
BLACK
6
CONTINUOUS
10
113.0582709999999906
20
-66.0931520000000035
11
113.0552789999999987
21
-66.0957459999999912
0
LINE
8
BLACK
6
CONTINUOUS
10
113.0552789999999987
20
-66.0957459999999912
11
113.0458379999999892
21
-66.1072509999999909
0
LINE
8
BLACK
6
CONTINUOUS
10
113.0458379999999892
20
-66.1072509999999909
11
112.9744089999999943
21
-66.1786799999999999
0
LINE
8
BLACK
6
CONTINUOUS
10
112.9744089999999943
20
-66.1786799999999999
11
112.9629070000000013
21
-66.1881190000000004
0
LINE
8
BLACK
6
CONTINUOUS
10
112.9629070000000013
20
-66.1881190000000004
11
112.9603109999999901
21
-66.1911130000000014
0
LINE
8
BLACK
6
CONTINUOUS
10
112.9603109999999901
20
-66.1911130000000014
11
112.9557969999999898
21
-66.1939529999999934
0
LINE
8
BLACK
6
CONTINUOUS
10
112.9557969999999898
20
-66.1939529999999934
11
112.9516780000000011
21
-66.1973349999999954
0
LINE
8
BLACK
6
CONTINUOUS
10
112.9516780000000011
20
-66.1973349999999954
11
112.9480179999999905
21
-66.1988499999999931
0
LINE
8
BLACK
6
CONTINUOUS
10
112.9480179999999905
20
-66.1988499999999931
11
112.9354249999999951
21
-66.2067779999999999
0
LINE
8
BLACK
6
CONTINUOUS
10
112.9354249999999951
20
-66.2067779999999999
11
112.7925679999999886
21
-66.2782059999999973
0
LINE
8
BLACK
6
CONTINUOUS
10
112.7925679999999886
20
-66.2782059999999973
11
112.7891329999999925
21
-66.2795199999999909
0
LINE
8
BLACK
6
CONTINUOUS
10
112.7891329999999925
20
-66.2795199999999909
11
113.1340849999999989
21
-66.7723089999999928
0
LINE
8
BLACK
6
CONTINUOUS
10
113.1340849999999989
20
-66.7723089999999928
11
113.1485059999999976
21
-66.7979349999999954
0
LINE
8
BLACK
6
CONTINUOUS
10
113.1485059999999976
20
-66.7979349999999954
11
113.1611649999999969
21
-66.8550769999999943
0
LINE
8
BLACK
6
CONTINUOUS
10
113.1611649999999969
20
-66.8550769999999943
11
113.1509939999999972
21
-66.9127129999999966
0
LINE
8
BLACK
6
CONTINUOUS
10
113.1509939999999972
20
-66.9127129999999966
11
113.1195409999999981
21
-66.9620699999999971
0
LINE
8
BLACK
6
CONTINUOUS
10
113.1195409999999981
20
-66.9620699999999971
11
113.0715929999999929
21
-66.9956339999999955
0
LINE
8
BLACK
6
CONTINUOUS
10
113.0715929999999929
20
-66.9956339999999955
11
113.014450999999994
21
-67.0082929999999948
0
LINE
8
BLACK
6
CONTINUOUS
10
113.014450999999994
20
-67.0082929999999948
11
112.9568149999999918
21
-66.9981219999999951
0
LINE
8
BLACK
6
CONTINUOUS
10
112.9568149999999918
20
-66.9981219999999951
11
112.9074579999999912
21
-66.966668999999996
0
LINE
8
BLACK
6
CONTINUOUS
10
112.9074579999999912
20
-66.966668999999996
11
112.8883149999999915
21
-66.9443469999999934
0
LINE
8
BLACK
6
CONTINUOUS
10
112.8883149999999915
20
-66.9443469999999934
11
112.433101999999991
21
-66.2940419999999904
0
LINE
8
BLACK
6
CONTINUOUS
10
112.433101999999991
20
-66.2940419999999904
11
112.3040570000000002
21
-66.2940419999999904
0
LINE
8
BLACK
6
CONTINUOUS
10
112.3040570000000002
20
-66.2940419999999904
11
112.3040570000000002
21
-66.8583280000000002
0
LINE
8
BLACK
6
CONTINUOUS
10
112.3040570000000002
20
-66.8583280000000002
11
112.3011750000000006
21
-66.8875919999999979
0
LINE
8
BLACK
6
CONTINUOUS
10
112.3011750000000006
20
-66.8875919999999979
11
112.2787769999999909
21
-66.9416640000000029
0
LINE
8
BLACK
6
CONTINUOUS
10
112.2787769999999909
20
-66.9416640000000029
11
112.2373929999999973
21
-66.9830479999999966
0
LINE
8
BLACK
6
CONTINUOUS
10
112.2373929999999973
20
-66.9830479999999966
11
112.1833209999999923
21
-67.0054459999999921
0
LINE
8
BLACK
6
CONTINUOUS
10
112.1833209999999923
20
-67.0054459999999921
11
112.1247929999999968
21
-67.0054459999999921
0
LINE
8
BLACK
6
CONTINUOUS
10
112.1247929999999968
20
-67.0054459999999921
11
112.0707209999999918
21
-66.9830479999999966
0
LINE
8
BLACK
6
CONTINUOUS
10
112.0707209999999918
20
-66.9830479999999966
11
112.0293369999999982
21
-66.9416640000000029
0
LINE
8
BLACK
6
CONTINUOUS
10
112.0293369999999982
20
-66.9416640000000029
11
112.0069389999999885
21
-66.8875919999999979
0
LINE
8
BLACK
6
CONTINUOUS
10
112.0069389999999885
20
-66.8875919999999979
11
112.0040569999999889
21
-66.8583280000000002
0
LINE
8
BLACK
6
CONTINUOUS
10
112.0040569999999889
20
-66.8583280000000002
11
112.0040569999999889
21
-65.3583280000000002
0
LINE
8
BLACK
6
CONTINUOUS
10
112.0040569999999889
20
-65.3583280000000002
11
112.0069389999999885
21
-65.3290640000000025
0
LINE
8
BLACK
6
CONTINUOUS
10
112.0069389999999885
20
-65.3290640000000025
11
112.0293369999999982
21
-65.2749919999999975
0
LINE
8
BLACK
6
CONTINUOUS
10
112.0293369999999982
20
-65.2749919999999975
11
112.0707209999999918
21
-65.2336080000000038
0
LINE
8
BLACK
6
CONTINUOUS
10
112.0707209999999918
20
-65.2336080000000038
11
112.1247929999999968
21
-65.2112099999999941
0
LINE
8
BLACK
6
CONTINUOUS
10
112.1247929999999968
20
-65.2112099999999941
11
112.1540569999999946
21
-65.2083279999999945
0
LINE
8
BLACK
6
CONTINUOUS
10
112.1540569999999946
20
-65.2083279999999945
11
112.7254859999999894
21
-65.2083279999999945
0
LINE
8
BLACK
6
CONTINUOUS
10
112.7254859999999894
20
-65.2083279999999945
11
112.7547500000000014
21
-65.2112099999999941
0
LINE
8
BLACK
6
CONTINUOUS
10
112.3040570000000002
20
-65.9940419999999932
11
112.6900759999999906
21
-65.9940419999999932
0
LINE
8
BLACK
6
CONTINUOUS
10
112.6900759999999906
20
-65.9940419999999932
11
112.7794880000000006
21
-65.9493360000000024
0
LINE
8
BLACK
6
CONTINUOUS
10
112.7794880000000006
20
-65.9493360000000024
11
112.8164929999999941
21
-65.9123309999999947
0
LINE
8
BLACK
6
CONTINUOUS
10
112.8164929999999941
20
-65.9123309999999947
11
112.8611999999999966
21
-65.8229180000000014
0
LINE
8
BLACK
6
CONTINUOUS
10
112.8611999999999966
20
-65.8229180000000014
11
112.8611999999999966
21
-65.6794510000000002
0
LINE
8
BLACK
6
CONTINUOUS
10
112.8611999999999966
20
-65.6794510000000002
11
112.8164939999999916
21
-65.5900389999999902
0
LINE
8
BLACK
6
CONTINUOUS
10
112.8164939999999916
20
-65.5900389999999902
11
112.7794899999999956
21
-65.5530349999999942
0
LINE
8
BLACK
6
CONTINUOUS
10
112.7794899999999956
20
-65.5530349999999942
11
112.6900759999999906
21
-65.5083279999999917
0
LINE
8
BLACK
6
CONTINUOUS
10
112.6900759999999906
20
-65.5083279999999917
11
112.3040570000000002
21
-65.5083279999999917
0
LINE
8
BLACK
6
CONTINUOUS
10
112.3040570000000002
20
-65.5083279999999917
11
112.3040570000000002
21
-65.9940419999999932
0
LINE
8
BLACK
6
CONTINUOUS
10
100.719034999999991
20
-60.3412099999999967
11
100.7240149999999943
21
-60.3432729999999964
0
LINE
8
BLACK
6
CONTINUOUS
10
100.7240149999999943
20
-60.3432729999999964
11
100.7293899999999951
21
-60.3436549999999983
0
LINE
8
BLACK
6
CONTINUOUS
10
100.7293899999999951
20
-60.3436549999999983
11
100.7568529999999924
21
-60.3541639999999973
0
LINE
8
BLACK
6
CONTINUOUS
10
100.7568529999999924
20
-60.3541639999999973
11
100.8997099999999989
21
-60.4255929999999992
0
LINE
8
BLACK
6
CONTINUOUS
10
100.8997099999999989
20
-60.4255929999999992
11
100.9123029999999943
21
-60.4335199999999944
0
LINE
8
BLACK
6
CONTINUOUS
10
100.9123029999999943
20
-60.4335199999999944
11
100.9159629999999908
21
-60.4350359999999966
0
LINE
8
BLACK
6
CONTINUOUS
10
100.9159629999999908
20
-60.4350359999999966
11
100.9200819999999936
21
-60.4384169999999941
0
LINE
8
BLACK
6
CONTINUOUS
10
100.9200819999999936
20
-60.4384169999999941
11
100.924595999999994
21
-60.4412579999999977
0
LINE
8
BLACK
6
CONTINUOUS
10
100.924595999999994
20
-60.4412579999999977
11
100.9271919999999909
21
-60.4442509999999942
0
LINE
8
BLACK
6
CONTINUOUS
10
100.9271919999999909
20
-60.4442509999999942
11
100.9386939999999981
21
-60.4536909999999992
0
LINE
8
BLACK
6
CONTINUOUS
10
100.9386939999999981
20
-60.4536909999999992
11
101.0815509999999904
21
-60.5965479999999985
0
LINE
8
BLACK
6
CONTINUOUS
10
101.0815509999999904
20
-60.5965479999999985
11
101.100206
21
-60.6192779999999942
0
LINE
8
BLACK
6
CONTINUOUS
10
101.100206
20
-60.6192779999999942
11
101.1044729999999987
21
-60.6295809999999946
0
LINE
8
BLACK
6
CONTINUOUS
10
101.1044729999999987
20
-60.6295809999999946
11
101.1111129999999889
21
-60.6385419999999939
0
LINE
8
BLACK
6
CONTINUOUS
10
101.1111129999999889
20
-60.6385419999999939
11
101.1210059999999942
21
-60.6662329999999983
0
LINE
8
BLACK
6
CONTINUOUS
10
101.1210059999999942
20
-60.6662329999999983
11
101.192434999999989
21
-60.951946999999997
0
LINE
8
BLACK
6
CONTINUOUS
10
101.192434999999989
20
-60.951946999999997
11
101.1931849999999997
21
-60.9570189999999954
0
LINE
8
BLACK
6
CONTINUOUS
10
101.1931849999999997
20
-60.9570189999999954
11
101.1940319999999929
21
-60.9590639999999979
0
LINE
8
BLACK
6
CONTINUOUS
10
101.1940319999999929
20
-60.9590639999999979
11
101.1951169999999962
21
-60.9700829999999954
0
LINE
8
BLACK
6
CONTINUOUS
10
101.1951169999999962
20
-60.9700829999999954
11
101.1967369999999988
21
-60.981035999999996
0
LINE
8
BLACK
6
CONTINUOUS
10
101.1967369999999988
20
-60.981035999999996
11
101.1964109999999977
21
-60.9832239999999999
0
LINE
8
BLACK
6
CONTINUOUS
10
101.1964109999999977
20
-60.9832239999999999
11
101.1969139999999925
21
-60.9883279999999957
0
LINE
8
BLACK
6
CONTINUOUS
10
101.1969139999999925
20
-60.9883279999999957
11
101.1969139999999925
21
-61.4883279999999957
0
LINE
8
BLACK
6
CONTINUOUS
10
101.1969139999999925
20
-61.4883279999999957
11
101.1964109999999977
21
-61.493430999999994
0
LINE
8
BLACK
6
CONTINUOUS
10
101.1964109999999977
20
-61.493430999999994
11
101.1967369999999988
21
-61.4956199999999953
0
LINE
8
BLACK
6
CONTINUOUS
10
101.1967369999999988
20
-61.4956199999999953
11
101.1951169999999962
21
-61.5065719999999985
0
LINE
8
BLACK
6
CONTINUOUS
10
101.1951169999999962
20
-61.5065719999999985
11
101.1940319999999929
21
-61.5175920000000005
0
LINE
8
BLACK
6
CONTINUOUS
10
101.1940319999999929
20
-61.5175920000000005
11
101.1931849999999997
21
-61.5196359999999984
0
LINE
8
BLACK
6
CONTINUOUS
10
101.1931849999999997
20
-61.5196359999999984
11
101.192434999999989
21
-61.5247089999999943
0
LINE
8
BLACK
6
CONTINUOUS
10
101.192434999999989
20
-61.5247089999999943
11
101.1210059999999942
21
-61.8104230000000001
0
LINE
8
BLACK
6
CONTINUOUS
10
101.1210059999999942
20
-61.8104230000000001
11
101.1111129999999889
21
-61.8381139999999974
0
LINE
8
BLACK
6
CONTINUOUS
10
101.1111129999999889
20
-61.8381139999999974
11
101.1044720000000012
21
-61.8470749999999967
0
LINE
8
BLACK
6
CONTINUOUS
10
101.1044720000000012
20
-61.8470749999999967
11
101.100206
21
-61.8573769999999996
0
LINE
8
BLACK
6
CONTINUOUS
10
101.100206
20
-61.8573769999999996
11
101.0815509999999904
21
-61.8801079999999999
0
LINE
8
BLACK
6
CONTINUOUS
10
101.0815509999999904
20
-61.8801079999999999
11
101.0447589999999991
21
-61.9168989999999937
0
LINE
8
BLACK
6
CONTINUOUS
10
101.0447589999999991
20
-61.9168989999999937
11
101.0643379999999922
21
-61.9364779999999939
0
LINE
8
BLACK
6
CONTINUOUS
10
101.0643379999999922
20
-61.9364779999999939
11
101.1854239999999976
21
-61.9970209999999966
0
LINE
8
BLACK
6
CONTINUOUS
10
101.1854239999999976
20
-61.9970209999999966
11
101.2103099999999927
21
-62.0126859999999951
0
LINE
8
BLACK
6
CONTINUOUS
10
101.2103099999999927
20
-62.0126859999999951
11
101.2486559999999969
21
-62.0569009999999963
0
LINE
8
BLACK
6
CONTINUOUS
10
101.2486559999999969
20
-62.0569009999999963
11
101.267163999999994
21
-62.1124229999999997
0
LINE
8
BLACK
6
CONTINUOUS
10
101.267163999999994
20
-62.1124229999999997
11
101.2630159999999933
21
-62.1708029999999994
0
LINE
8
BLACK
6
CONTINUOUS
10
101.2630159999999933
20
-62.1708029999999994
11
101.2368419999999958
21
-62.2231519999999989
0
LINE
8
BLACK
6
CONTINUOUS
10
101.2368419999999958
20
-62.2231519999999989
11
101.1926270000000017
21
-62.2614990000000006
0
LINE
8
BLACK
6
CONTINUOUS
10
101.1926270000000017
20
-62.2614990000000006
11
101.1371039999999937
21
-62.2800069999999977
0
LINE
8
BLACK
6
CONTINUOUS
10
101.1371039999999937
20
-62.2800069999999977
11
101.078723999999994
21
-62.275858999999997
0
LINE
8
BLACK
6
CONTINUOUS
10
101.078723999999994
20
-62.275858999999997
11
101.0512609999999967
21
-62.2653490000000005
0
LINE
8
BLACK
6
CONTINUOUS
10
101.0512609999999967
20
-62.2653490000000005
11
100.9084029999999927
21
-62.193920999999996
0
LINE
8
BLACK
6
CONTINUOUS
10
100.9084029999999927
20
-62.193920999999996
11
100.8958119999999923
21
-62.1859949999999984
0
LINE
8
BLACK
6
CONTINUOUS
10
100.8958119999999923
20
-62.1859949999999984
11
100.8921489999999892
21
-62.1844779999999986
0
LINE
8
BLACK
6
CONTINUOUS
10
100.8921489999999892
20
-62.1844779999999986
11
100.8880229999999898
21
-62.1810919999999996
0
LINE
8
BLACK
6
CONTINUOUS
10
100.8880229999999898
20
-62.1810919999999996
11
100.8835179999999951
21
-62.1782559999999975
0
LINE
8
BLACK
6
CONTINUOUS
10
100.8835179999999951
20
-62.1782559999999975
11
100.8809249999999906
21
-62.1752660000000006
0
LINE
8
BLACK
6
CONTINUOUS
10
100.8809249999999906
20
-62.1752660000000006
11
100.8694189999999935
21
-62.1658229999999961
0
LINE
8
BLACK
6
CONTINUOUS
10
100.8694189999999935
20
-62.1658229999999961
11
100.8030089999999888
21
-62.0994129999999984
0
LINE
8
BLACK
6
CONTINUOUS
10
100.8030089999999888
20
-62.0994129999999984
11
100.7568529999999924
21
-62.1224919999999941
0
LINE
8
BLACK
6
CONTINUOUS
10
100.7568529999999924
20
-62.1224919999999941
11
100.7293889999999976
21
-62.1330019999999976
0
LINE
8
BLACK
6
CONTINUOUS
10
100.7293889999999976
20
-62.1330019999999976
11
100.7240129999999994
21
-62.1333829999999949
0
LINE
8
BLACK
6
CONTINUOUS
10
100.7240129999999994
20
-62.1333829999999949
11
100.719034999999991
21
-62.1354459999999946
0
LINE
8
BLACK
6
CONTINUOUS
10
100.719034999999991
20
-62.1354459999999946
11
100.6897709999999933
21
-62.1383279999999942
0
LINE
8
BLACK
6
CONTINUOUS
10
100.6897709999999933
20
-62.1383279999999942
11
100.4040569999999946
21
-62.1383279999999942
0
LINE
8
BLACK
6
CONTINUOUS
10
100.4040569999999946
20
-62.1383279999999942
11
100.3747929999999968
21
-62.1354459999999946
0
LINE
8
BLACK
6
CONTINUOUS
10
100.3747929999999968
20
-62.1354459999999946
11
100.369813999999991
21
-62.1333829999999949
0
LINE
8
BLACK
6
CONTINUOUS
10
100.369813999999991
20
-62.1333829999999949
11
100.3644389999999902
21
-62.1330019999999976
0
LINE
8
BLACK
6
CONTINUOUS
10
100.3644389999999902
20
-62.1330019999999976
11
100.3369759999999928
21
-62.1224919999999941
0
LINE
8
BLACK
6
CONTINUOUS
10
100.3369759999999928
20
-62.1224919999999941
11
100.1941179999999889
21
-62.0510639999999967
0
LINE
8
BLACK
6
CONTINUOUS
10
100.1941179999999889
20
-62.0510639999999967
11
100.181525999999991
21
-62.0431369999999944
0
LINE
8
BLACK
6
CONTINUOUS
10
100.181525999999991
20
-62.0431369999999944
11
100.1778649999999971
21
-62.0416209999999992
0
LINE
8
BLACK
6
CONTINUOUS
10
100.1778649999999971
20
-62.0416209999999992
11
100.1737419999999901
21
-62.0382369999999952
0
LINE
8
BLACK
6
CONTINUOUS
10
100.1737419999999901
20
-62.0382369999999952
11
100.1692329999999913
21
-62.0353989999999982
0
LINE
8
BLACK
6
CONTINUOUS
10
100.1692329999999913
20
-62.0353989999999982
11
100.1666379999999918
21
-62.0324069999999992
0
LINE
8
BLACK
6
CONTINUOUS
10
100.1666379999999918
20
-62.0324069999999992
11
100.1551339999999897
21
-62.0229659999999967
0
LINE
8
BLACK
6
CONTINUOUS
10
100.1551339999999897
20
-62.0229659999999967
11
100.012276
21
-61.8801079999999999
0
LINE
8
BLACK
6
CONTINUOUS
10
100.012276
20
-61.8801079999999999
11
99.9936209999999903
21
-61.8573769999999996
0
LINE
8
BLACK
6
CONTINUOUS
10
99.9936209999999903
20
-61.8573769999999996
11
99.9893529999999942
21
-61.8470729999999946
0
LINE
8
BLACK
6
CONTINUOUS
10
99.9893529999999942
20
-61.8470729999999946
11
99.9827140000000014
21
-61.8381129999999999
0
LINE
8
BLACK
6
CONTINUOUS
10
99.9827140000000014
20
-61.8381129999999999
11
99.9728209999999962
21
-61.8104219999999955
0
LINE
8
BLACK
6
CONTINUOUS
10
99.9728209999999962
20
-61.8104219999999955
11
99.9013929999999988
21
-61.5247079999999968
0
LINE
8
BLACK
6
CONTINUOUS
10
99.9013929999999988
20
-61.5247079999999968
11
99.9006430000000023
21
-61.5196359999999984
0
LINE
8
BLACK
6
CONTINUOUS
10
99.9006430000000023
20
-61.5196359999999984
11
99.8997959999999949
21
-61.5175920000000005
0
LINE
8
BLACK
6
CONTINUOUS
10
99.8997959999999949
20
-61.5175920000000005
11
99.8987099999999941
21
-61.5065689999999989
0
LINE
8
BLACK
6
CONTINUOUS
10
99.8987099999999941
20
-61.5065689999999989
11
99.897090999999989
21
-61.4956189999999978
0
LINE
8
BLACK
6
CONTINUOUS
10
99.897090999999989
20
-61.4956189999999978
11
99.8974159999999927
21
-61.493430999999994
0
LINE
8
BLACK
6
CONTINUOUS
10
99.8974159999999927
20
-61.493430999999994
11
99.8969139999999953
21
-61.4883279999999957
0
LINE
8
BLACK
6
CONTINUOUS
10
99.8969139999999953
20
-61.4883279999999957
11
99.8969139999999953
21
-60.9883279999999957
0
LINE
8
BLACK
6
CONTINUOUS
10
99.8969139999999953
20
-60.9883279999999957
11
99.8974159999999927
21
-60.9832239999999999
0
LINE
8
BLACK
6
CONTINUOUS
10
99.8974159999999927
20
-60.9832239999999999
11
99.897090999999989
21
-60.9810370000000006
0
LINE
8
BLACK
6
CONTINUOUS
10
99.897090999999989
20
-60.9810370000000006
11
99.8987099999999941
21
-60.9700859999999949
0
LINE
8
BLACK
6
CONTINUOUS
10
99.8987099999999941
20
-60.9700859999999949
11
99.8997959999999949
21
-60.9590639999999979
0
LINE
8
BLACK
6
CONTINUOUS
10
99.8997959999999949
20
-60.9590639999999979
11
99.9006430000000023
21
-60.9570189999999954
0
LINE
8
BLACK
6
CONTINUOUS
10
99.9006430000000023
20
-60.9570189999999954
11
99.9013929999999988
21
-60.9519479999999945
0
LINE
8
BLACK
6
CONTINUOUS
10
99.9013929999999988
20
-60.9519479999999945
11
99.9728209999999962
21
-60.6662339999999958
0
LINE
8
BLACK
6
CONTINUOUS
10
99.9728209999999962
20
-60.6662339999999958
11
99.9827140000000014
21
-60.6385429999999985
0
LINE
8
BLACK
6
CONTINUOUS
10
99.9827140000000014
20
-60.6385429999999985
11
99.9893519999999967
21
-60.6295829999999967
0
LINE
8
BLACK
6
CONTINUOUS
10
99.9893519999999967
20
-60.6295829999999967
11
99.9936209999999903
21
-60.6192779999999942
0
LINE
8
BLACK
6
CONTINUOUS
10
99.9936209999999903
20
-60.6192779999999942
11
100.012276
21
-60.5965479999999985
0
LINE
8
BLACK
6
CONTINUOUS
10
100.012276
20
-60.5965479999999985
11
100.1551339999999897
21
-60.4536909999999992
0
LINE
8
BLACK
6
CONTINUOUS
10
100.1551339999999897
20
-60.4536909999999992
11
100.1666349999999994
21
-60.4442519999999988
0
LINE
8
BLACK
6
CONTINUOUS
10
100.1666349999999994
20
-60.4442519999999988
11
100.1692319999999938
21
-60.4412579999999977
0
LINE
8
BLACK
6
CONTINUOUS
10
100.1692319999999938
20
-60.4412579999999977
11
100.1737449999999967
21
-60.4384169999999941
0
LINE
8
BLACK
6
CONTINUOUS
10
100.1737449999999967
20
-60.4384169999999941
11
100.1778649999999971
21
-60.4350359999999966
0
LINE
8
BLACK
6
CONTINUOUS
10
100.1778649999999971
20
-60.4350359999999966
11
100.181523999999996
21
-60.4335199999999944
0
LINE
8
BLACK
6
CONTINUOUS
10
100.181523999999996
20
-60.4335199999999944
11
100.1941179999999889
21
-60.4255929999999992
0
LINE
8
BLACK
6
CONTINUOUS
10
100.1941179999999889
20
-60.4255929999999992
11
100.3369739999999979
21
-60.3541639999999973
0
LINE
8
BLACK
6
CONTINUOUS
10
100.3369739999999979
20
-60.3541639999999973
11
100.3644379999999927
21
-60.3436549999999983
0
LINE
8
BLACK
6
CONTINUOUS
10
100.3644379999999927
20
-60.3436549999999983
11
100.369811999999996
21
-60.3432729999999964
0
LINE
8
BLACK
6
CONTINUOUS
10
100.369811999999996
20
-60.3432729999999964
11
100.3747929999999968
21
-60.3412099999999967
0
LINE
8
BLACK
6
CONTINUOUS
10
100.3747929999999968
20
-60.3412099999999967
11
100.4040569999999946
21
-60.3383279999999971
0
LINE
8
BLACK
6
CONTINUOUS
10
100.4040569999999946
20
-60.3383279999999971
11
100.6897709999999933
21
-60.3383279999999971
0
LINE
8
BLACK
6
CONTINUOUS
10
100.6897709999999933
20
-60.3383279999999971
11
100.719034999999991
21
-60.3412099999999967
0
LINE
8
BLACK
6
CONTINUOUS
10
100.3500529999999884
20
-61.7936209999999946
11
100.4394669999999934
21
-61.8383279999999971
0
LINE
8
BLACK
6
CONTINUOUS
10
100.4394669999999934
20
-61.8383279999999971
11
100.5419239999999945
21
-61.8383279999999971
0
LINE
8
BLACK
6
CONTINUOUS
10
100.5419239999999945
20
-61.8383279999999971
11
100.5294880000000006
21
-61.8258919999999961
0
LINE
8
BLACK
6
CONTINUOUS
10
100.5294880000000006
20
-61.8258919999999961
11
100.4400749999999931
21
-61.7811850000000007
0
LINE
8
BLACK
6
CONTINUOUS
10
100.4400749999999931
20
-61.7811850000000007
11
100.3376169999999945
21
-61.7811850000000007
0
LINE
8
BLACK
6
CONTINUOUS
10
100.3376169999999945
20
-61.7811850000000007
11
100.3500529999999884
21
-61.7936209999999946
0
LINE
8
BLACK
6
CONTINUOUS
10
100.3500529999999884
20
-60.6830339999999993
11
100.253785999999991
21
-60.7793019999999942
0
LINE
8
BLACK
6
CONTINUOUS
10
100.253785999999991
20
-60.7793019999999942
11
100.1969139999999925
21
-61.0067909999999998
0
LINE
8
BLACK
6
CONTINUOUS
10
100.1969139999999925
20
-61.0067909999999998
11
100.1969139999999925
21
-61.4698639999999941
0
LINE
8
BLACK
6
CONTINUOUS
10
100.1969139999999925
20
-61.4698639999999941
11
100.2147089999999992
21
-61.5410469999999989
0
LINE
8
BLACK
6
CONTINUOUS
10
100.2147089999999992
20
-61.5410469999999989
11
100.249291999999997
21
-61.5064649999999986
0
LINE
8
BLACK
6
CONTINUOUS
10
100.249291999999997
20
-61.5064649999999986
11
100.303364000000002
21
-61.484066999999996
0
LINE
8
BLACK
6
CONTINUOUS
10
100.303364000000002
20
-61.484066999999996
11
100.3326279999999997
21
-61.4811849999999964
0
LINE
8
BLACK
6
CONTINUOUS
10
100.3326279999999997
20
-61.4811849999999964
11
100.4754849999999919
21
-61.4811849999999964
0
LINE
8
BLACK
6
CONTINUOUS
10
100.4754849999999919
20
-61.4811849999999964
11
100.5047489999999897
21
-61.484066999999996
0
LINE
8
BLACK
6
CONTINUOUS
10
100.5047489999999897
20
-61.484066999999996
11
100.509728999999993
21
-61.4861299999999957
0
LINE
8
BLACK
6
CONTINUOUS
10
100.509728999999993
20
-61.4861299999999957
11
100.5151039999999938
21
-61.4865119999999976
0
LINE
8
BLACK
6
CONTINUOUS
10
100.5151039999999938
20
-61.4865119999999976
11
100.5425669999999911
21
-61.4970209999999966
0
LINE
8
BLACK
6
CONTINUOUS
10
100.5425669999999911
20
-61.4970209999999966
11
100.6854239999999976
21
-61.5684499999999986
0
LINE
8
BLACK
6
CONTINUOUS
10
100.6854239999999976
20
-61.5684499999999986
11
100.698016999999993
21
-61.5763769999999937
0
LINE
8
BLACK
6
CONTINUOUS
10
100.698016999999993
20
-61.5763769999999937
11
100.7016769999999894
21
-61.577892999999996
0
LINE
8
BLACK
6
CONTINUOUS
10
100.7016769999999894
20
-61.577892999999996
11
100.7057959999999923
21
-61.5812740000000005
0
LINE
8
BLACK
6
CONTINUOUS
10
100.7057959999999923
20
-61.5812740000000005
11
100.7103099999999927
21
-61.5841149999999971
0
LINE
8
BLACK
6
CONTINUOUS
10
100.7103099999999927
20
-61.5841149999999971
11
100.7129059999999896
21
-61.5871080000000006
0
LINE
8
BLACK
6
CONTINUOUS
10
100.7129059999999896
20
-61.5871080000000006
11
100.7244079999999968
21
-61.5965479999999985
0
LINE
8
BLACK
6
CONTINUOUS
10
100.7244079999999968
20
-61.5965479999999985
11
100.8326270000000022
21
-61.7047669999999968
0
LINE
8
BLACK
6
CONTINUOUS
10
100.8326270000000022
20
-61.7047669999999968
11
100.8400400000000019
21
-61.6973539999999971
0
LINE
8
BLACK
6
CONTINUOUS
10
100.8400400000000019
20
-61.6973539999999971
11
100.8969139999999953
21
-61.4698629999999966
0
LINE
8
BLACK
6
CONTINUOUS
10
100.8969139999999953
20
-61.4698629999999966
11
100.8969139999999953
21
-61.0067919999999972
0
LINE
8
BLACK
6
CONTINUOUS
10
100.8969139999999953
20
-61.0067919999999972
11
100.8400400000000019
21
-60.7793009999999967
0
LINE
8
BLACK
6
CONTINUOUS
10
100.8400400000000019
20
-60.7793009999999967
11
100.7437740000000019
21
-60.6830349999999967
0
LINE
8
BLACK
6
CONTINUOUS
10
100.7437740000000019
20
-60.6830349999999967
11
100.6543609999999944
21
-60.6383279999999942
0
LINE
8
BLACK
6
CONTINUOUS
10
100.6543609999999944
20
-60.6383279999999942
11
100.4394669999999934
21
-60.6383279999999942
0
LINE
8
BLACK
6
CONTINUOUS
10
100.4394669999999934
20
-60.6383279999999942
11
100.3500529999999884
21
-60.6830339999999993
0
LINE
8
BLACK
6
CONTINUOUS
10
102.0613269999999915
20
-60.3412099999999967
11
102.0761779999999987
21
-60.3412099999999967
0
LINE
8
BLACK
6
CONTINUOUS
10
102.0761779999999987
20
-60.3412099999999967
11
102.0897519999999901
21
-60.3468319999999991
0
LINE
8
BLACK
6
CONTINUOUS
10
102.0897519999999901
20
-60.3468319999999991
11
102.1041709999999938
21
-60.3496849999999938
0
LINE
8
BLACK
6
CONTINUOUS
10
102.1041709999999938
20
-60.3496849999999938
11
102.1165309999999948
21
-60.3579249999999945
0
LINE
8
BLACK
6
CONTINUOUS
10
102.1165309999999948
20
-60.3579249999999945
11
102.1302499999999895
21
-60.3636079999999993
0
LINE
8
BLACK
6
CONTINUOUS
10
102.1302499999999895
20
-60.3636079999999993
11
102.1406389999999931
21
-60.3739969999999957
0
LINE
8
BLACK
6
CONTINUOUS
10
102.1406389999999931
20
-60.3739969999999957
11
102.152869999999993
21
-60.3821510000000004
0
LINE
8
BLACK
6
CONTINUOUS
10
102.152869999999993
20
-60.3821510000000004
11
102.1611350000000016
21
-60.3944929999999971
0
LINE
8
BLACK
6
CONTINUOUS
10
102.1611350000000016
20
-60.3944929999999971
11
102.1716339999999974
21
-60.404992
0
LINE
8
BLACK
6
CONTINUOUS
10
102.1716339999999974
20
-60.404992
11
102.1772569999999973
21
-60.4185680000000005
0
LINE
8
BLACK
6
CONTINUOUS
10
102.1772569999999973
20
-60.4185680000000005
11
102.1854359999999957
21
-60.4307809999999961
0
LINE
8
BLACK
6
CONTINUOUS
10
102.1854359999999957
20
-60.4307809999999961
11
102.1883479999999906
21
-60.445342999999994
0
LINE
8
BLACK
6
CONTINUOUS
10
102.1883479999999906
20
-60.445342999999994
11
102.1940319999999929
21
-60.4590639999999979
0
LINE
8
BLACK
6
CONTINUOUS
10
102.1940319999999929
20
-60.4590639999999979
11
102.1968829999999997
21
-60.4880159999999947
0
LINE
8
BLACK
6
CONTINUOUS
10
102.1968829999999997
20
-60.4880159999999947
11
102.1969139999999925
21
-60.4881699999999967
0
LINE
8
BLACK
6
CONTINUOUS
10
102.1969139999999925
20
-60.4881699999999967
11
102.1969029999999918
21
-60.4882220000000004
0
LINE
8
BLACK
6
CONTINUOUS
10
102.1969029999999918
20
-60.4882220000000004
11
102.1969139999999925
21
-60.4883279999999957
0
LINE
8
BLACK
6
CONTINUOUS
10
102.1969139999999925
20
-60.4883279999999957
11
102.1969139999999925
21
-61.8383279999999971
0
LINE
8
BLACK
6
CONTINUOUS
10
102.1969139999999925
20
-61.8383279999999971
11
102.4754859999999894
21
-61.8383279999999971
0
LINE
8
BLACK
6
CONTINUOUS
10
102.4754859999999894
20
-61.8383279999999971
11
102.5047500000000014
21
-61.8412099999999967
0
LINE
8
BLACK
6
CONTINUOUS
10
102.5047500000000014
20
-61.8412099999999967
11
102.5588219999999922
21
-61.8636079999999993
0
LINE
8
BLACK
6
CONTINUOUS
10
102.5588219999999922
20
-61.8636079999999993
11
102.600206
21
-61.904992
0
LINE
8
BLACK
6
CONTINUOUS
10
102.600206
20
-61.904992
11
102.6226039999999955
21
-61.9590639999999979
0
LINE
8
BLACK
6
CONTINUOUS
10
102.6226039999999955
20
-61.9590639999999979
11
102.6226039999999955
21
-62.0175920000000005
0
LINE
8
BLACK
6
CONTINUOUS
10
102.6226039999999955
20
-62.0175920000000005
11
102.600206
21
-62.0716639999999984
0
LINE
8
BLACK
6
CONTINUOUS
10
102.600206
20
-62.0716639999999984
11
102.5588219999999922
21
-62.1130479999999991
0
LINE
8
BLACK
6
CONTINUOUS
10
102.5588219999999922
20
-62.1130479999999991
11
102.5047500000000014
21
-62.1354459999999946
0
LINE
8
BLACK
6
CONTINUOUS
10
102.5047500000000014
20
-62.1354459999999946
11
102.4754859999999894
21
-62.1383279999999942
0
LINE
8
BLACK
6
CONTINUOUS
10
102.4754859999999894
20
-62.1383279999999942
11
101.6183429999999959
21
-62.1383279999999942
0
LINE
8
BLACK
6
CONTINUOUS
10
101.6183429999999959
20
-62.1383279999999942
11
101.5890789999999981
21
-62.1354459999999946
0
LINE
8
BLACK
6
CONTINUOUS
10
101.5890789999999981
20
-62.1354459999999946
11
101.5350069999999931
21
-62.1130479999999991
0
LINE
8
BLACK
6
CONTINUOUS
10
101.5350069999999931
20
-62.1130479999999991
11
101.4936229999999995
21
-62.0716639999999984
0
LINE
8
BLACK
6
CONTINUOUS
10
101.4936229999999995
20
-62.0716639999999984
11
101.4712249999999898
21
-62.0175920000000005
0
LINE
8
BLACK
6
CONTINUOUS
10
101.4712249999999898
20
-62.0175920000000005
11
101.4712249999999898
21
-61.9590639999999979
0
LINE
8
BLACK
6
CONTINUOUS
10
101.4712249999999898
20
-61.9590639999999979
11
101.4936229999999995
21
-61.904992
0
LINE
8
BLACK
6
CONTINUOUS
10
101.4936229999999995
20
-61.904992
11
101.5350069999999931
21
-61.8636079999999993
0
LINE
8
BLACK
6
CONTINUOUS
10
101.5350069999999931
20
-61.8636079999999993
11
101.5890789999999981
21
-61.8412099999999967
0
LINE
8
BLACK
6
CONTINUOUS
10
101.5890789999999981
20
-61.8412099999999967
11
101.6183429999999959
21
-61.8383279999999971
0
LINE
8
BLACK
6
CONTINUOUS
10
101.6183429999999959
20
-61.8383279999999971
11
101.8969139999999953
21
-61.8383279999999971
0
LINE
8
BLACK
6
CONTINUOUS
10
101.8969139999999953
20
-61.8383279999999971
11
101.8969139999999953
21
-60.9218890000000002
0
LINE
8
BLACK
6
CONTINUOUS
10
101.8969139999999953
20
-60.9218890000000002
11
101.8672660000000008
21
-60.9515369999999947
0
LINE
8
BLACK
6
CONTINUOUS
10
101.8672660000000008
20
-60.9515369999999947
11
101.8557639999999935
21
-60.9609759999999952
0
LINE
8
BLACK
6
CONTINUOUS
10
101.8557639999999935
20
-60.9609759999999952
11
101.8531679999999966
21
-60.9639699999999962
0
LINE
8
BLACK
6
CONTINUOUS
10
101.8531679999999966
20
-60.9639699999999962
11
101.8486539999999962
21
-60.9668099999999953
0
LINE
8
BLACK
6
CONTINUOUS
10
101.8486539999999962
20
-60.9668099999999953
11
101.8445349999999934
21
-60.9701919999999973
0
LINE
8
BLACK
6
CONTINUOUS
10
101.8445349999999934
20
-60.9701919999999973
11
101.8408749999999969
21
-60.971706999999995
0
LINE
8
BLACK
6
CONTINUOUS
10
101.8408749999999969
20
-60.971706999999995
11
101.8282820000000015
21
-60.9796349999999947
0
LINE
8
BLACK
6
CONTINUOUS
10
101.8282820000000015
20
-60.9796349999999947
11
101.6854249999999951
21
-61.0510639999999967
0
LINE
8
BLACK
6
CONTINUOUS
10
101.6854249999999951
20
-61.0510639999999967
11
101.6579619999999977
21
-61.0615729999999957
0
LINE
8
BLACK
6
CONTINUOUS
10
101.6579619999999977
20
-61.0615729999999957
11
101.5995819999999981
21
-61.0657219999999938
0
LINE
8
BLACK
6
CONTINUOUS
10
101.5995819999999981
20
-61.0657219999999938
11
101.5440589999999901
21
-61.0472149999999942
0
LINE
8
BLACK
6
CONTINUOUS
10
101.5440589999999901
20
-61.0472149999999942
11
101.499843999999996
21
-61.0088679999999997
0
LINE
8
BLACK
6
CONTINUOUS
10
101.499843999999996
20
-61.0088679999999997
11
101.4736699999999985
21
-60.9565190000000001
0
LINE
8
BLACK
6
CONTINUOUS
10
101.4736699999999985
20
-60.9565190000000001
11
101.4695210000000003
21
-60.8981390000000005
0
LINE
8
BLACK
6
CONTINUOUS
10
101.4695210000000003
20
-60.8981390000000005
11
101.4880279999999999
21
-60.8426159999999996
0
LINE
8
BLACK
6
CONTINUOUS
10
101.4880279999999999
20
-60.8426159999999996
11
101.5263750000000016
21
-60.7984009999999984
0
LINE
8
BLACK
6
CONTINUOUS
10
101.5263750000000016
20
-60.7984009999999984
11
101.5512609999999967
21
-60.7827359999999999
0
LINE
8
BLACK
6
CONTINUOUS
10
101.5512609999999967
20
-60.7827359999999999
11
101.6723459999999903
21
-60.7221919999999997
0
LINE
8
BLACK
6
CONTINUOUS
10
101.6723459999999903
20
-60.7221919999999997
11
101.7874869999999987
21
-60.6070509999999985
0
LINE
8
BLACK
6
CONTINUOUS
10
101.7874869999999987
20
-60.6070509999999985
11
101.9221069999999969
21
-60.4051229999999961
0
LINE
8
BLACK
6
CONTINUOUS
10
101.9221069999999969
20
-60.4051229999999961
11
101.9221730000000008
21
-60.4050419999999946
0
LINE
8
BLACK
6
CONTINUOUS
10
101.9221730000000008
20
-60.4050419999999946
11
101.9221939999999904
21
-60.404992
0
LINE
8
BLACK
6
CONTINUOUS
10
101.9221939999999904
20
-60.404992
11
101.9223049999999944
21
-60.4048799999999986
0
LINE
8
BLACK
6
CONTINUOUS
10
101.9223049999999944
20
-60.4048799999999986
11
101.9407369999999986
21
-60.3823719999999966
0
LINE
8
BLACK
6
CONTINUOUS
10
101.9407369999999986
20
-60.3823719999999966
11
101.9530790000000025
21
-60.3741059999999976
0
LINE
8
BLACK
6
CONTINUOUS
10
101.9530790000000025
20
-60.3741059999999976
11
101.9635779999999983
21
-60.3636079999999993
0
LINE
8
BLACK
6
CONTINUOUS
10
101.9635779999999983
20
-60.3636079999999993
11
101.9771539999999987
21
-60.3579839999999948
0
LINE
8
BLACK
6
CONTINUOUS
10
101.9771539999999987
20
-60.3579839999999948
11
101.9893670000000014
21
-60.3498059999999938
0
LINE
8
BLACK
6
CONTINUOUS
10
101.9893670000000014
20
-60.3498059999999938
11
102.0039280000000019
21
-60.3468929999999943
0
LINE
8
BLACK
6
CONTINUOUS
10
102.0039280000000019
20
-60.3468929999999943
11
102.0176499999999891
21
-60.3412099999999967
0
LINE
8
BLACK
6
CONTINUOUS
10
102.0176499999999891
20
-60.3412099999999967
11
102.0323470000000015
21
-60.3412099999999967
0
LINE
8
BLACK
6
CONTINUOUS
10
102.0323470000000015
20
-60.3412099999999967
11
102.0467569999999995
21
-60.3383279999999971
0
LINE
8
BLACK
6
CONTINUOUS
10
102.0467569999999995
20
-60.3383279999999971
11
102.0613269999999915
21
-60.3412099999999967
0
LINE
8
BLACK
6
CONTINUOUS
10
117.3034279999999967
20
-60.6394479999999945
11
117.4483169999999888
21
-60.6994629999999944
0
LINE
8
BLACK
6
CONTINUOUS
10
117.4483169999999888
20
-60.6994629999999944
11
117.5787149999999883
21
-60.7865919999999988
0
LINE
8
BLACK
6
CONTINUOUS
10
117.5787149999999883
20
-60.7865919999999988
11
117.6896079999999927
21
-60.8974849999999961
0
LINE
8
BLACK
6
CONTINUOUS
10
117.6896079999999927
20
-60.8974849999999961
11
117.7767369999999971
21
-61.0278829999999957
0
LINE
8
BLACK
6
CONTINUOUS
10
117.7767369999999971
20
-61.0278829999999957
11
117.8367519999999899
21
-61.1727719999999948
0
LINE
8
BLACK
6
CONTINUOUS
10
117.8367519999999899
20
-61.1727719999999948
11
117.8673479999999927
21
-61.3265859999999989
0
LINE
8
BLACK
6
CONTINUOUS
10
117.8673479999999927
20
-61.3265859999999989
11
117.8673479999999927
21
-61.4834139999999962
0
LINE
8
BLACK
6
CONTINUOUS
10
117.8673479999999927
20
-61.4834139999999962
11
117.8367519999999899
21
-61.6372280000000003
0
LINE
8
BLACK
6
CONTINUOUS
10
117.8367519999999899
20
-61.6372280000000003
11
117.7767369999999971
21
-61.7821169999999995
0
LINE
8
BLACK
6
CONTINUOUS
10
117.7767369999999971
20
-61.7821169999999995
11
117.6896079999999927
21
-61.9125149999999991
0
LINE
8
BLACK
6
CONTINUOUS
10
117.6896079999999927
20
-61.9125149999999991
11
117.5787149999999883
21
-62.0234079999999963
0
LINE
8
BLACK
6
CONTINUOUS
10
117.5787149999999883
20
-62.0234079999999963
11
117.4483169999999888
21
-62.1105369999999937
0
LINE
8
BLACK
6
CONTINUOUS
10
117.4483169999999888
20
-62.1105369999999937
11
117.3034279999999967
21
-62.1705520000000007
0
LINE
8
BLACK
6
CONTINUOUS
10
117.3034279999999967
20
-62.1705520000000007
11
117.1496139999999997
21
-62.2011479999999963
0
LINE
8
BLACK
6
CONTINUOUS
10
117.1496139999999997
20
-62.2011479999999963
11
116.9927859999999953
21
-62.2011479999999963
0
LINE
8
BLACK
6
CONTINUOUS
10
116.9927859999999953
20
-62.2011479999999963
11
116.8389719999999983
21
-62.1705520000000007
0
LINE
8
BLACK
6
CONTINUOUS
10
116.8389719999999983
20
-62.1705520000000007
11
116.694082999999992
21
-62.1105369999999937
0
LINE
8
BLACK
6
CONTINUOUS
10
116.694082999999992
20
-62.1105369999999937
11
116.5636849999999924
21
-62.0234079999999963
0
LINE
8
BLACK
6
CONTINUOUS
10
116.5636849999999924
20
-62.0234079999999963
11
116.4527919999999881
21
-61.9125149999999991
0
LINE
8
BLACK
6
CONTINUOUS
10
116.4527919999999881
20
-61.9125149999999991
11
116.3656629999999979
21
-61.7821169999999995
0
LINE
8
BLACK
6
CONTINUOUS
10
116.3656629999999979
20
-61.7821169999999995
11
116.3056479999999908
21
-61.6372280000000003
0
LINE
8
BLACK
6
CONTINUOUS
10
116.3056479999999908
20
-61.6372280000000003
11
116.2750519999999881
21
-61.4834139999999962
0
LINE
8
BLACK
6
CONTINUOUS
10
116.2750519999999881
20
-61.4834139999999962
11
116.2750519999999881
21
-61.3265859999999989
0
LINE
8
BLACK
6
CONTINUOUS
10
116.2750519999999881
20
-61.3265859999999989
11
116.3056479999999908
21
-61.1727719999999948
0
LINE
8
BLACK
6
CONTINUOUS
10
116.3056479999999908
20
-61.1727719999999948
11
116.3656629999999979
21
-61.0278829999999957
0
LINE
8
BLACK
6
CONTINUOUS
10
116.3656629999999979
20
-61.0278829999999957
11
116.4527919999999881
21
-60.8974849999999961
0
LINE
8
BLACK
6
CONTINUOUS
10
116.4527919999999881
20
-60.8974849999999961
11
116.5636849999999924
21
-60.7865919999999988
0
LINE
8
BLACK
6
CONTINUOUS
10
116.5636849999999924
20
-60.7865919999999988
11
116.694082999999992
21
-60.6994629999999944
0
LINE
8
BLACK
6
CONTINUOUS
10
116.694082999999992
20
-60.6994629999999944
11
116.8389719999999983
21
-60.6394479999999945
0
LINE
8
BLACK
6
CONTINUOUS
10
116.8389719999999983
20
-60.6394479999999945
11
116.9927859999999953
21
-60.6088519999999988
0
LINE
8
BLACK
6
CONTINUOUS
10
116.9927859999999953
20
-60.6088519999999988
11
117.1496139999999997
21
-60.6088519999999988
0
LINE
8
BLACK
6
CONTINUOUS
10
117.1496139999999997
20
-60.6088519999999988
11
117.3034279999999967
21
-60.6394479999999945
0
LINE
8
BLACK
6
CONTINUOUS
10
112.7547500000000014
20
-57.2112099999999941
11
112.7597299999999905
21
-57.2132730000000009
0
LINE
8
BLACK
6
CONTINUOUS
10
112.7597299999999905
20
-57.2132730000000009
11
112.7651049999999913
21
-57.2136549999999957
0
LINE
8
BLACK
6
CONTINUOUS
10
112.7651049999999913
20
-57.2136549999999957
11
112.7925679999999886
21
-57.2241639999999947
0
LINE
8
BLACK
6
CONTINUOUS
10
112.7925679999999886
20
-57.2241639999999947
11
112.9354249999999951
21
-57.2955929999999967
0
LINE
8
BLACK
6
CONTINUOUS
10
112.9354249999999951
20
-57.2955929999999967
11
112.9480199999999996
21
-57.3035209999999964
0
LINE
8
BLACK
6
CONTINUOUS
10
112.9480199999999996
20
-57.3035209999999964
11
112.9516769999999894
21
-57.3050359999999941
0
LINE
8
BLACK
6
CONTINUOUS
10
112.9516769999999894
20
-57.3050359999999941
11
112.9557939999999974
21
-57.3084149999999966
0
LINE
8
BLACK
6
CONTINUOUS
10
112.9557939999999974
20
-57.3084149999999966
11
112.9603109999999901
21
-57.3112579999999951
0
LINE
8
BLACK
6
CONTINUOUS
10
112.9603109999999901
20
-57.3112579999999951
11
112.9629079999999988
21
-57.3142519999999962
0
LINE
8
BLACK
6
CONTINUOUS
10
112.9629079999999988
20
-57.3142519999999962
11
112.9744079999999968
21
-57.3236899999999991
0
LINE
8
BLACK
6
CONTINUOUS
10
112.9744079999999968
20
-57.3236899999999991
11
113.0458369999999917
21
-57.3951179999999965
0
LINE
8
BLACK
6
CONTINUOUS
10
113.0458369999999917
20
-57.3951179999999965
11
113.0552789999999987
21
-57.4066229999999962
0
LINE
8
BLACK
6
CONTINUOUS
10
113.0552789999999987
20
-57.4066229999999962
11
113.0582709999999906
21
-57.4092179999999956
0
LINE
8
BLACK
6
CONTINUOUS
10
113.0582709999999906
20
-57.4092179999999956
11
113.0611099999999993
21
-57.413727999999999
0
LINE
8
BLACK
6
CONTINUOUS
10
113.0611099999999993
20
-57.413727999999999
11
113.0644920000000013
21
-57.4178489999999968
0
LINE
8
BLACK
6
CONTINUOUS
10
113.0644920000000013
20
-57.4178489999999968
11
113.066006999999999
21
-57.4215079999999958
0
LINE
8
BLACK
6
CONTINUOUS
10
113.066006999999999
20
-57.4215079999999958
11
113.0739359999999891
21
-57.4341030000000003
0
LINE
8
BLACK
6
CONTINUOUS
10
113.0739359999999891
20
-57.4341030000000003
11
113.1453640000000007
21
-57.5769609999999972
0
LINE
8
BLACK
6
CONTINUOUS
10
113.1453640000000007
20
-57.5769609999999972
11
113.1558739999999972
21
-57.6044239999999945
0
LINE
8
BLACK
6
CONTINUOUS
10
113.1558739999999972
20
-57.6044239999999945
11
113.1562550000000016
21
-57.6097989999999953
0
LINE
8
BLACK
6
CONTINUOUS
10
113.1562550000000016
20
-57.6097989999999953
11
113.1583179999999942
21
-57.6147779999999941
0
LINE
8
BLACK
6
CONTINUOUS
10
113.1583179999999942
20
-57.6147779999999941
11
113.1611999999999938
21
-57.6440419999999989
0
LINE
8
BLACK
6
CONTINUOUS
10
113.1611999999999938
20
-57.6440419999999989
11
113.1611999999999938
21
-57.8583280000000002
0
LINE
8
BLACK
6
CONTINUOUS
10
113.1611999999999938
20
-57.8583280000000002
11
113.1583179999999942
21
-57.8875919999999979
0
LINE
8
BLACK
6
CONTINUOUS
10
113.1583179999999942
20
-57.8875919999999979
11
113.1562550000000016
21
-57.8925699999999992
0
LINE
8
BLACK
6
CONTINUOUS
10
113.1562550000000016
20
-57.8925699999999992
11
113.1558739999999972
21
-57.8979459999999975
0
LINE
8
BLACK
6
CONTINUOUS
10
113.1558739999999972
20
-57.8979459999999975
11
113.1453640000000007
21
-57.9254089999999948
0
LINE
8
BLACK
6
CONTINUOUS
10
113.1453640000000007
20
-57.9254089999999948
11
113.0739359999999891
21
-58.0682669999999987
0
LINE
8
BLACK
6
CONTINUOUS
10
113.0739359999999891
20
-58.0682669999999987
11
113.066008999999994
21
-58.0808579999999992
0
LINE
8
BLACK
6
CONTINUOUS
10
113.066008999999994
20
-58.0808579999999992
11
113.0644929999999988
21
-58.0845199999999977
0
LINE
8
BLACK
6
CONTINUOUS
10
113.0644929999999988
20
-58.0845199999999977
11
113.0611090000000019
21
-58.0886420000000001
0
LINE
8
BLACK
6
CONTINUOUS
10
113.0611090000000019
20
-58.0886420000000001
11
113.0582709999999906
21
-58.0931519999999963
0
LINE
8
BLACK
6
CONTINUOUS
10
113.0582709999999906
20
-58.0931519999999963
11
113.0552789999999987
21
-58.0957459999999983
0
LINE
8
BLACK
6
CONTINUOUS
10
113.0552789999999987
20
-58.0957459999999983
11
113.0458379999999892
21
-58.107250999999998
0
LINE
8
BLACK
6
CONTINUOUS
10
113.0458379999999892
20
-58.107250999999998
11
112.9744089999999943
21
-58.1786799999999999
0
LINE
8
BLACK
6
CONTINUOUS
10
112.9744089999999943
20
-58.1786799999999999
11
112.9629070000000013
21
-58.1881190000000004
0
LINE
8
BLACK
6
CONTINUOUS
10
112.9629070000000013
20
-58.1881190000000004
11
112.9603109999999901
21
-58.1911129999999943
0
LINE
8
BLACK
6
CONTINUOUS
10
112.9603109999999901
20
-58.1911129999999943
11
112.9557969999999898
21
-58.1939530000000005
0
LINE
8
BLACK
6
CONTINUOUS
10
112.9557969999999898
20
-58.1939530000000005
11
112.9516780000000011
21
-58.1973349999999954
0
LINE
8
BLACK
6
CONTINUOUS
10
112.9516780000000011
20
-58.1973349999999954
11
112.9480179999999905
21
-58.1988500000000002
0
LINE
8
BLACK
6
CONTINUOUS
10
112.9480179999999905
20
-58.1988500000000002
11
112.9354249999999951
21
-58.2067779999999999
0
LINE
8
BLACK
6
CONTINUOUS
10
112.9354249999999951
20
-58.2067779999999999
11
112.7925679999999886
21
-58.2782059999999973
0
LINE
8
BLACK
6
CONTINUOUS
10
112.7925679999999886
20
-58.2782059999999973
11
112.7891329999999925
21
-58.279519999999998
0
LINE
8
BLACK
6
CONTINUOUS
10
112.7891329999999925
20
-58.279519999999998
11
113.1340849999999989
21
-58.7723089999999999
0
LINE
8
BLACK
6
CONTINUOUS
10
113.1340849999999989
20
-58.7723089999999999
11
113.1485059999999976
21
-58.7979349999999954
0
LINE
8
BLACK
6
CONTINUOUS
10
113.1485059999999976
20
-58.7979349999999954
11
113.1611649999999969
21
-58.8550769999999943
0
LINE
8
BLACK
6
CONTINUOUS
10
113.1611649999999969
20
-58.8550769999999943
11
113.1509939999999972
21
-58.9127129999999966
0
LINE
8
BLACK
6
CONTINUOUS
10
113.1509939999999972
20
-58.9127129999999966
11
113.1195409999999981
21
-58.9620699999999971
0
LINE
8
BLACK
6
CONTINUOUS
10
113.1195409999999981
20
-58.9620699999999971
11
113.0715929999999929
21
-58.9956339999999955
0
LINE
8
BLACK
6
CONTINUOUS
10
113.0715929999999929
20
-58.9956339999999955
11
113.014450999999994
21
-59.0082929999999948
0
LINE
8
BLACK
6
CONTINUOUS
10
113.014450999999994
20
-59.0082929999999948
11
112.9568149999999918
21
-58.9981219999999951
0
LINE
8
BLACK
6
CONTINUOUS
10
112.9568149999999918
20
-58.9981219999999951
11
112.9074579999999912
21
-58.966668999999996
0
LINE
8
BLACK
6
CONTINUOUS
10
112.9074579999999912
20
-58.966668999999996
11
112.8883149999999915
21
-58.9443470000000005
0
LINE
8
BLACK
6
CONTINUOUS
10
112.8883149999999915
20
-58.9443470000000005
11
112.433101999999991
21
-58.2940419999999975
0
LINE
8
BLACK
6
CONTINUOUS
10
112.433101999999991
20
-58.2940419999999975
11
112.3040570000000002
21
-58.2940419999999975
0
LINE
8
BLACK
6
CONTINUOUS
10
112.3040570000000002
20
-58.2940419999999975
11
112.3040570000000002
21
-58.8583280000000002
0
LINE
8
BLACK
6
CONTINUOUS
10
112.3040570000000002
20
-58.8583280000000002
11
112.3011750000000006
21
-58.8875919999999979
0
LINE
8
BLACK
6
CONTINUOUS
10
112.3011750000000006
20
-58.8875919999999979
11
112.2787769999999909
21
-58.9416639999999958
0
LINE
8
BLACK
6
CONTINUOUS
10
112.2787769999999909
20
-58.9416639999999958
11
112.2373929999999973
21
-58.9830479999999966
0
LINE
8
BLACK
6
CONTINUOUS
10
112.2373929999999973
20
-58.9830479999999966
11
112.1833209999999923
21
-59.0054459999999992
0
LINE
8
BLACK
6
CONTINUOUS
10
112.1833209999999923
20
-59.0054459999999992
11
112.1247929999999968
21
-59.0054459999999992
0
LINE
8
BLACK
6
CONTINUOUS
10
112.1247929999999968
20
-59.0054459999999992
11
112.0707209999999918
21
-58.9830479999999966
0
LINE
8
BLACK
6
CONTINUOUS
10
112.0707209999999918
20
-58.9830479999999966
11
112.0293369999999982
21
-58.9416639999999958
0
LINE
8
BLACK
6
CONTINUOUS
10
112.0293369999999982
20
-58.9416639999999958
11
112.0069389999999885
21
-58.8875919999999979
0
LINE
8
BLACK
6
CONTINUOUS
10
112.0069389999999885
20
-58.8875919999999979
11
112.0040569999999889
21
-58.8583280000000002
0
LINE
8
BLACK
6
CONTINUOUS
10
112.0040569999999889
20
-58.8583280000000002
11
112.0040569999999889
21
-57.3583280000000002
0
LINE
8
BLACK
6
CONTINUOUS
10
112.0040569999999889
20
-57.3583280000000002
11
112.0069389999999885
21
-57.3290639999999954
0
LINE
8
BLACK
6
CONTINUOUS
10
112.0069389999999885
20
-57.3290639999999954
11
112.0293369999999982
21
-57.2749919999999975
0
LINE
8
BLACK
6
CONTINUOUS
10
112.0293369999999982
20
-57.2749919999999975
11
112.0707209999999918
21
-57.2336079999999967
0
LINE
8
BLACK
6
CONTINUOUS
10
112.0707209999999918
20
-57.2336079999999967
11
112.1247929999999968
21
-57.2112099999999941
0
LINE
8
BLACK
6
CONTINUOUS
10
112.1247929999999968
20
-57.2112099999999941
11
112.1540569999999946
21
-57.2083279999999945
0
LINE
8
BLACK
6
CONTINUOUS
10
112.1540569999999946
20
-57.2083279999999945
11
112.7254859999999894
21
-57.2083279999999945
0
LINE
8
BLACK
6
CONTINUOUS
10
112.7254859999999894
20
-57.2083279999999945
11
112.7547500000000014
21
-57.2112099999999941
0
LINE
8
BLACK
6
CONTINUOUS
10
112.3040570000000002
20
-57.9940420000000003
11
112.6900759999999906
21
-57.9940420000000003
0
LINE
8
BLACK
6
CONTINUOUS
10
112.6900759999999906
20
-57.9940420000000003
11
112.7794880000000006
21
-57.9493359999999953
0
LINE
8
BLACK
6
CONTINUOUS
10
112.7794880000000006
20
-57.9493359999999953
11
112.8164929999999941
21
-57.9123309999999947
0
LINE
8
BLACK
6
CONTINUOUS
10
112.8164929999999941
20
-57.9123309999999947
11
112.8611999999999966
21
-57.8229179999999943
0
LINE
8
BLACK
6
CONTINUOUS
10
112.8611999999999966
20
-57.8229179999999943
11
112.8611999999999966
21
-57.6794510000000002
0
LINE
8
BLACK
6
CONTINUOUS
10
112.8611999999999966
20
-57.6794510000000002
11
112.8164939999999916
21
-57.5900389999999973
0
LINE
8
BLACK
6
CONTINUOUS
10
112.8164939999999916
20
-57.5900389999999973
11
112.7794899999999956
21
-57.5530349999999942
0
LINE
8
BLACK
6
CONTINUOUS
10
112.7794899999999956
20
-57.5530349999999942
11
112.6900759999999906
21
-57.5083279999999988
0
LINE
8
BLACK
6
CONTINUOUS
10
112.6900759999999906
20
-57.5083279999999988
11
112.3040570000000002
21
-57.5083279999999988
0
LINE
8
BLACK
6
CONTINUOUS
10
112.3040570000000002
20
-57.5083279999999988
11
112.3040570000000002
21
-57.9940420000000003
0
LINE
8
BLACK
6
CONTINUOUS
10
114.014056999999994
20
-57.1565859999999972
11
114.0582709999999906
21
-57.1949339999999964
0
LINE
8
BLACK
6
CONTINUOUS
10
114.0582709999999906
20
-57.1949339999999964
11
114.0844449999999881
21
-57.2472809999999939
0
LINE
8
BLACK
6
CONTINUOUS
10
114.0844449999999881
20
-57.2472809999999939
11
114.0885940000000005
21
-57.3056610000000006
0
LINE
8
BLACK
6
CONTINUOUS
10
114.0885940000000005
20
-57.3056610000000006
11
114.0820739999999915
21
-57.3343349999999958
0
LINE
8
BLACK
6
CONTINUOUS
10
114.0820739999999915
20
-57.3343349999999958
11
113.7907419999999945
21
-58.2083279999999945
0
LINE
8
BLACK
6
CONTINUOUS
10
113.7907419999999945
20
-58.2083279999999945
11
114.1469149999999928
21
-58.2083279999999945
0
LINE
8
BLACK
6
CONTINUOUS
10
114.1469149999999928
20
-58.2083279999999945
11
114.1469149999999928
21
-57.8583280000000002
0
LINE
8
BLACK
6
CONTINUOUS
10
114.1469149999999928
20
-57.8583280000000002
11
114.1497969999999924
21
-57.8290639999999954
0
LINE
8
BLACK
6
CONTINUOUS
10
114.1497969999999924
20
-57.8290639999999954
11
114.1721949999999879
21
-57.7749919999999975
0
LINE
8
BLACK
6
CONTINUOUS
10
114.1721949999999879
20
-57.7749919999999975
11
114.2135789999999957
21
-57.7336079999999967
0
LINE
8
BLACK
6
CONTINUOUS
10
114.2135789999999957
20
-57.7336079999999967
11
114.2676510000000007
21
-57.7112099999999941
0
LINE
8
BLACK
6
CONTINUOUS
10
114.2676510000000007
20
-57.7112099999999941
11
114.3261789999999962
21
-57.7112099999999941
0
LINE
8
BLACK
6
CONTINUOUS
10
114.3261789999999962
20
-57.7112099999999941
11
114.3802510000000012
21
-57.7336079999999967
0
LINE
8
BLACK
6
CONTINUOUS
10
114.3802510000000012
20
-57.7336079999999967
11
114.4216349999999949
21
-57.7749919999999975
0
LINE
8
BLACK
6
CONTINUOUS
10
114.4216349999999949
20
-57.7749919999999975
11
114.4440329999999904
21
-57.8290639999999954
0
LINE
8
BLACK
6
CONTINUOUS
10
114.4440329999999904
20
-57.8290639999999954
11
114.44691499999999
21
-57.8583280000000002
0
LINE
8
BLACK
6
CONTINUOUS
10
114.44691499999999
20
-57.8583280000000002
11
114.44691499999999
21
-58.2083279999999945
0
LINE
8
BLACK
6
CONTINUOUS
10
114.44691499999999
20
-58.2083279999999945
11
114.5111999999999881
21
-58.2083279999999945
0
LINE
8
BLACK
6
CONTINUOUS
10
114.5111999999999881
20
-58.2083279999999945
11
114.5404640000000001
21
-58.2112099999999941
0
LINE
8
BLACK
6
CONTINUOUS
10
114.5404640000000001
20
-58.2112099999999941
11
114.5945359999999908
21
-58.2336079999999967
0
LINE
8
BLACK
6
CONTINUOUS
10
114.5945359999999908
20
-58.2336079999999967
11
114.6359199999999987
21
-58.2749919999999975
0
LINE
8
BLACK
6
CONTINUOUS
10
114.6359199999999987
20
-58.2749919999999975
11
114.6583179999999942
21
-58.3290639999999954
0
LINE
8
BLACK
6
CONTINUOUS
10
114.6583179999999942
20
-58.3290639999999954
11
114.6583179999999942
21
-58.3875919999999979
0
LINE
8
BLACK
6
CONTINUOUS
10
114.6583179999999942
20
-58.3875919999999979
11
114.6359199999999987
21
-58.4416639999999958
0
LINE
8
BLACK
6
CONTINUOUS
10
114.6359199999999987
20
-58.4416639999999958
11
114.5945359999999908
21
-58.4830479999999966
0
LINE
8
BLACK
6
CONTINUOUS
10
114.5945359999999908
20
-58.4830479999999966
11
114.5404640000000001
21
-58.5054459999999992
0
LINE
8
BLACK
6
CONTINUOUS
10
114.5404640000000001
20
-58.5054459999999992
11
114.5111999999999881
21
-58.5083279999999988
0
LINE
8
BLACK
6
CONTINUOUS
10
114.5111999999999881
20
-58.5083279999999988
11
114.44691499999999
21
-58.5083279999999988
0
LINE
8
BLACK
6
CONTINUOUS
10
114.44691499999999
20
-58.5083279999999988
11
114.44691499999999
21
-58.8583280000000002
0
LINE
8
BLACK
6
CONTINUOUS
10
114.44691499999999
20
-58.8583280000000002
11
114.4440329999999904
21
-58.8875919999999979
0
LINE
8
BLACK
6
CONTINUOUS
10
114.4440329999999904
20
-58.8875919999999979
11
114.4216349999999949
21
-58.9416639999999958
0
LINE
8
BLACK
6
CONTINUOUS
10
114.4216349999999949
20
-58.9416639999999958
11
114.3802510000000012
21
-58.9830479999999966
0
LINE
8
BLACK
6
CONTINUOUS
10
114.3802510000000012
20
-58.9830479999999966
11
114.3261789999999962
21
-59.0054459999999992
0
LINE
8
BLACK
6
CONTINUOUS
10
114.3261789999999962
20
-59.0054459999999992
11
114.2676510000000007
21
-59.0054459999999992
0
LINE
8
BLACK
6
CONTINUOUS
10
114.2676510000000007
20
-59.0054459999999992
11
114.2135789999999957
21
-58.9830479999999966
0
LINE
8
BLACK
6
CONTINUOUS
10
114.2135789999999957
20
-58.9830479999999966
11
114.1721949999999879
21
-58.9416639999999958
0
LINE
8
BLACK
6
CONTINUOUS
10
114.1721949999999879
20
-58.9416639999999958
11
114.1497969999999924
21
-58.8875919999999979
0
LINE
8
BLACK
6
CONTINUOUS
10
114.1497969999999924
20
-58.8875919999999979
11
114.1469149999999928
21
-58.8583280000000002
0
LINE
8
BLACK
6
CONTINUOUS
10
114.1469149999999928
20
-58.8583280000000002
11
114.1469149999999928
21
-58.5083279999999988
0
LINE
8
BLACK
6
CONTINUOUS
10
114.1469149999999928
20
-58.5083279999999988
11
113.5826289999999972
21
-58.5083279999999988
0
LINE
8
BLACK
6
CONTINUOUS
10
113.5826289999999972
20
-58.5083279999999988
11
113.5678169999999909
21
-58.5068689999999947
0
LINE
8
BLACK
6
CONTINUOUS
10
113.5678169999999909
20
-58.5068689999999947
11
113.5638679999999994
21
-58.5071499999999958
0
LINE
8
BLACK
6
CONTINUOUS
10
113.5638679999999994
20
-58.5071499999999958
11
113.5610159999999951
21
-58.5061989999999952
0
LINE
8
BLACK
6
CONTINUOUS
10
113.5610159999999951
20
-58.5061989999999952
11
113.5533649999999994
21
-58.5054459999999992
0
LINE
8
BLACK
6
CONTINUOUS
10
113.5533649999999994
20
-58.5054459999999992
11
113.5311499999999967
21
-58.4962439999999972
0
LINE
8
BLACK
6
CONTINUOUS
10
113.5311499999999967
20
-58.4962439999999972
11
113.5083439999999939
21
-58.4886419999999987
0
LINE
8
BLACK
6
CONTINUOUS
10
113.5083439999999939
20
-58.4886419999999987
11
113.5042720000000003
21
-58.4851099999999988
0
LINE
8
BLACK
6
CONTINUOUS
10
113.5042720000000003
20
-58.4851099999999988
11
113.4992929999999944
21
-58.4830479999999966
0
LINE
8
BLACK
6
CONTINUOUS
10
113.4992929999999944
20
-58.4830479999999966
11
113.4822909999999894
21
-58.4660459999999986
0
LINE
8
BLACK
6
CONTINUOUS
10
113.4822909999999894
20
-58.4660459999999986
11
113.4641299999999973
21
-58.450294999999997
0
LINE
8
BLACK
6
CONTINUOUS
10
113.4641299999999973
20
-58.450294999999997
11
113.461718999999988
21
-58.4454739999999973
0
LINE
8
BLACK
6
CONTINUOUS
10
113.461718999999988
20
-58.4454739999999973
11
113.4579090000000008
21
-58.4416639999999958
0
LINE
8
BLACK
6
CONTINUOUS
10
113.4579090000000008
20
-58.4416639999999958
11
113.4487079999999963
21
-58.4194519999999997
0
LINE
8
BLACK
6
CONTINUOUS
10
113.4487079999999963
20
-58.4194519999999997
11
113.4379559999999998
21
-58.3979479999999995
0
LINE
8
BLACK
6
CONTINUOUS
10
113.4379559999999998
20
-58.3979479999999995
11
113.4375730000000004
21
-58.3925719999999941
0
LINE
8
BLACK
6
CONTINUOUS
10
113.4375730000000004
20
-58.3925719999999941
11
113.4355109999999911
21
-58.3875919999999979
0
LINE
8
BLACK
6
CONTINUOUS
10
113.4355109999999911
20
-58.3875919999999979
11
113.4355109999999911
21
-58.3635439999999974
0
LINE
8
BLACK
6
CONTINUOUS
10
113.4355109999999911
20
-58.3635439999999974
11
113.4338070000000016
21
-58.3395669999999953
0
LINE
8
BLACK
6
CONTINUOUS
10
113.4338070000000016
20
-58.3395669999999953
11
113.4355109999999911
21
-58.3320729999999941
0
LINE
8
BLACK
6
CONTINUOUS
10
113.4355109999999911
20
-58.3320729999999941
11
113.4355109999999911
21
-58.3290639999999954
0
LINE
8
BLACK
6
CONTINUOUS
10
113.4355109999999911
20
-58.3290639999999954
11
113.437027999999998
21
-58.3254009999999994
0
LINE
8
BLACK
6
CONTINUOUS
10
113.437027999999998
20
-58.3254009999999994
11
113.4403269999999964
21
-58.3108939999999976
0
LINE
8
BLACK
6
CONTINUOUS
10
113.4403269999999964
20
-58.3108939999999976
11
113.7974689999999924
21
-57.2394660000000002
0
LINE
8
BLACK
6
CONTINUOUS
10
113.7974689999999924
20
-57.2394660000000002
11
113.8094579999999922
21
-57.2126149999999996
0
LINE
8
BLACK
6
CONTINUOUS
10
113.8094579999999922
20
-57.2126149999999996
11
113.8478049999999939
21
-57.1684009999999958
0
LINE
8
BLACK
6
CONTINUOUS
10
113.8478049999999939
20
-57.1684009999999958
11
113.9001519999999914
21
-57.1422269999999983
0
LINE
8
BLACK
6
CONTINUOUS
10
113.9001519999999914
20
-57.1422269999999983
11
113.9585319999999911
21
-57.1380780000000001
0
LINE
8
BLACK
6
CONTINUOUS
10
113.9585319999999911
20
-57.1380780000000001
11
114.014056999999994
21
-57.1565859999999972
0
LINE
8
BLACK
6
CONTINUOUS
10
123.4425389999999965
20
-20.5201849999999979
11
123.4882939999999962
21
-20.5729889999999997
0
LINE
8
BLACK
6
CONTINUOUS
10
123.4882939999999962
20
-20.5729889999999997
11
123.4994999999999976
21
-20.6244999999999976
0
LINE
8
BLACK
6
CONTINUOUS
10
123.4994999999999976
20
-20.6244999999999976
11
123.4994999999999976
21
-123.3754999999999882
0
LINE
8
BLACK
6
CONTINUOUS
10
123.4994999999999976
20
-123.3754999999999882
11
123.4798149999999879
21
-123.4425389999999965
0
LINE
8
BLACK
6
CONTINUOUS
10
123.4798149999999879
20
-123.4425389999999965
11
123.4270109999999931
21
-123.4882939999999962
0
LINE
8
BLACK
6
CONTINUOUS
10
123.4270109999999931
20
-123.4882939999999962
11
123.3754999999999882
21
-123.4994999999999976
0
LINE
8
BLACK
6
CONTINUOUS
10
123.3754999999999882
20
-123.4994999999999976
11
20.6244999999999976
21
-123.4994999999999976
0
LINE
8
BLACK
6
CONTINUOUS
10
20.6244999999999976
20
-123.4994999999999976
11
20.557461
21
-123.4798149999999879
0
LINE
8
BLACK
6
CONTINUOUS
10
20.557461
20
-123.4798149999999879
11
20.5117060000000002
21
-123.4270109999999931
0
LINE
8
BLACK
6
CONTINUOUS
10
20.5117060000000002
20
-123.4270109999999931
11
20.5004999999999988
21
-123.3754999999999882
0
LINE
8
BLACK
6
CONTINUOUS
10
20.5004999999999988
20
-123.3754999999999882
11
20.5004999999999988
21
-99.2790379999999999
0
LINE
8
BLACK
6
CONTINUOUS
10
20.5004999999999988
20
-99.2790379999999999
11
20.5004999999999988
21
-94.6033949999999919
0
LINE
8
BLACK
6
CONTINUOUS
10
20.5004999999999988
20
-94.6033949999999919
11
20.5004999999999988
21
-90.0655529999999942
0
LINE
8
BLACK
6
CONTINUOUS
10
20.5004999999999988
20
-90.0655529999999942
11
20.5004999999999988
21
-60.319983999999998
0
LINE
8
BLACK
6
CONTINUOUS
10
20.5004999999999988
20
-60.319983999999998
11
20.5004999999999988
21
-20.6244999999999976
0
LINE
8
BLACK
6
CONTINUOUS
10
20.5004999999999988
20
-20.6244999999999976
11
20.5201849999999979
21
-20.557461
0
LINE
8
BLACK
6
CONTINUOUS
10
20.5201849999999979
20
-20.557461
11
20.5729889999999997
21
-20.5117060000000002
0
LINE
8
BLACK
6
CONTINUOUS
10
20.5729889999999997
20
-20.5117060000000002
11
20.6244999999999976
21
-20.5004999999999988
0
LINE
8
BLACK
6
CONTINUOUS
10
20.6244999999999976
20
-20.5004999999999988
11
123.3754999999999882
21
-20.5004999999999988
0
LINE
8
BLACK
6
CONTINUOUS
10
123.3754999999999882
20
-20.5004999999999988
11
123.4425389999999965
21
-20.5201849999999979
0
LINE
8
BLACK
6
CONTINUOUS
10
97.1606999999999914
20
-99.5309609999999907
11
97.2001099999999951
21
-99.7797849999999897
0
LINE
8
BLACK
6
CONTINUOUS
10
97.2001099999999951
20
-99.7797849999999897
11
97.2779599999999931
21
-100.0193829999999906
0
LINE
8
BLACK
6
CONTINUOUS
10
97.2779599999999931
20
-100.0193829999999906
11
97.3923319999999961
21
-100.2438479999999998
0
LINE
8
BLACK
6
CONTINUOUS
10
97.3923319999999961
20
-100.2438479999999998
11
97.5404009999999886
21
-100.4476489999999984
0
LINE
8
BLACK
6
CONTINUOUS
10
97.5404009999999886
20
-100.4476489999999984
11
97.5404049999999927
21
-100.447654
0
LINE
8
BLACK
6
CONTINUOUS
10
97.5404049999999927
20
-100.447654
11
97.7185449999999918
21
-100.6257939999999991
0
LINE
8
BLACK
6
CONTINUOUS
10
97.7185449999999918
20
-100.6257939999999991
11
97.7185499999999934
21
-100.625797999999989
0
LINE
8
BLACK
6
CONTINUOUS
10
97.7185499999999934
20
-100.625797999999989
11
97.8963169999999963
21
-100.7549519999999887
0
LINE
8
BLACK
6
CONTINUOUS
10
97.8963169999999963
20
-100.7549519999999887
11
97.922354999999996
21
-100.7738700000000023
0
LINE
8
BLACK
6
CONTINUOUS
10
97.922354999999996
20
-100.7738700000000023
11
98.0653839999999946
21
-100.8467469999999935
0
LINE
8
BLACK
6
CONTINUOUS
10
98.0653839999999946
20
-100.8467469999999935
11
98.1468160000000012
21
-100.8882389999999987
0
LINE
8
BLACK
6
CONTINUOUS
10
98.1468160000000012
20
-100.8882389999999987
11
98.1468179999999961
21
-100.8882389999999987
0
LINE
8
BLACK
6
CONTINUOUS
10
98.1468179999999961
20
-100.8882389999999987
11
98.1468209999999885
21
-100.8882409999999936
0
LINE
8
BLACK
6
CONTINUOUS
10
98.1468209999999885
20
-100.8882409999999936
11
98.3864149999999995
21
-100.9660899999999941
0
LINE
8
BLACK
6
CONTINUOUS
10
98.3864149999999995
20
-100.9660899999999941
11
98.6352380000000011
21
-101.0054999999999978
0
LINE
8
BLACK
6
CONTINUOUS
10
98.6352380000000011
20
-101.0054999999999978
11
98.6352389999999986
21
-101.0054999999999978
0
LINE
8
BLACK
6
CONTINUOUS
10
98.6352389999999986
20
-101.0054999999999978
11
98.8871609999999919
21
-101.0054999999999978
0
LINE
8
BLACK
6
CONTINUOUS
10
98.8871609999999919
20
-101.0054999999999978
11
98.8871619999999893
21
-101.0054999999999978
0
LINE
8
BLACK
6
CONTINUOUS
10
98.8871619999999893
20
-101.0054999999999978
11
99.1359849999999909
21
-100.9660899999999941
0
LINE
8
BLACK
6
CONTINUOUS
10
99.1359849999999909
20
-100.9660899999999941
11
99.3755790000000019
21
-100.8882409999999936
0
LINE
8
BLACK
6
CONTINUOUS
10
99.3755790000000019
20
-100.8882409999999936
11
99.6000449999999944
21
-100.7738700000000023
0
LINE
8
BLACK
6
CONTINUOUS
10
99.6000449999999944
20
-100.7738700000000023
11
99.8038559999999961
21
-100.6257930000000016
0
LINE
8
BLACK
6
CONTINUOUS
10
99.8038559999999961
20
-100.6257930000000016
11
99.9819929999999886
21
-100.4476559999999949
0
LINE
8
BLACK
6
CONTINUOUS
10
99.9819929999999886
20
-100.4476559999999949
11
100.1300699999999892
21
-100.2438449999999932
0
LINE
8
BLACK
6
CONTINUOUS
10
100.1300699999999892
20
-100.2438449999999932
11
100.2444409999999948
21
-100.0193790000000007
0
LINE
8
BLACK
6
CONTINUOUS
10
100.2444409999999948
20
-100.0193790000000007
11
100.3222899999999953
21
-99.7797849999999897
0
LINE
8
BLACK
6
CONTINUOUS
10
100.3222899999999953
20
-99.7797849999999897
11
100.361699999999999
21
-99.5309620000000024
0
LINE
8
BLACK
6
CONTINUOUS
10
100.361699999999999
20
-99.5309620000000024
11
100.361699999999999
21
-99.2790379999999999
0
LINE
8
BLACK
6
CONTINUOUS
10
100.361699999999999
20
-99.2790379999999999
11
100.3222899999999953
21
-99.0302149999999983
0
LINE
8
BLACK
6
CONTINUOUS
10
100.3222899999999953
20
-99.0302149999999983
11
100.2444409999999948
21
-98.7906210000000016
0
LINE
8
BLACK
6
CONTINUOUS
10
100.2444409999999948
20
-98.7906210000000016
11
100.2444389999999999
21
-98.7906179999999949
0
LINE
8
BLACK
6
CONTINUOUS
10
100.2444389999999999
20
-98.7906179999999949
11
100.2444389999999999
21
-98.790616
0
LINE
8
BLACK
6
CONTINUOUS
10
100.2444389999999999
20
-98.790616
11
100.2029469999999947
21
-98.7091839999999934
0
LINE
8
BLACK
6
CONTINUOUS
10
100.2029469999999947
20
-98.7091839999999934
11
100.1300699999999892
21
-98.5661549999999949
0
LINE
8
BLACK
6
CONTINUOUS
10
100.1300699999999892
20
-98.5661549999999949
11
100.1111519999999899
21
-98.5401169999999951
0
LINE
8
BLACK
6
CONTINUOUS
10
100.1111519999999899
20
-98.5401169999999951
11
99.9819979999999902
21
-98.3623499999999922
0
LINE
8
BLACK
6
CONTINUOUS
10
99.9819979999999902
20
-98.3623499999999922
11
99.9819940000000003
21
-98.3623449999999906
0
LINE
8
BLACK
6
CONTINUOUS
10
99.9819940000000003
20
-98.3623449999999906
11
99.8038540000000012
21
-98.1842049999999915
0
LINE
8
BLACK
6
CONTINUOUS
10
99.8038540000000012
20
-98.1842049999999915
11
99.8038489999999996
21
-98.1842010000000016
0
LINE
8
BLACK
6
CONTINUOUS
10
99.8038489999999996
20
-98.1842010000000016
11
99.600048000000001
21
-98.0361319999999949
0
LINE
8
BLACK
6
CONTINUOUS
10
99.600048000000001
20
-98.0361319999999949
11
99.6000469999999893
21
-98.0361309999999975
0
LINE
8
BLACK
6
CONTINUOUS
10
99.6000469999999893
20
-98.0361309999999975
11
99.6000449999999944
21
-98.03613
0
LINE
8
BLACK
6
CONTINUOUS
10
99.6000449999999944
20
-98.03613
11
99.5299469999999928
21
-98.0004129999999947
0
LINE
8
BLACK
6
CONTINUOUS
10
99.5299469999999928
20
-98.0004129999999947
11
99.3755829999999918
21
-97.9217599999999919
0
LINE
8
BLACK
6
CONTINUOUS
10
99.3755829999999918
20
-97.9217599999999919
11
99.1359849999999909
21
-97.8439099999999939
0
LINE
8
BLACK
6
CONTINUOUS
10
99.1359849999999909
20
-97.8439099999999939
11
98.8871619999999893
21
-97.8044999999999902
0
LINE
8
BLACK
6
CONTINUOUS
10
98.8871619999999893
20
-97.8044999999999902
11
98.6352380000000011
21
-97.8044999999999902
0
LINE
8
BLACK
6
CONTINUOUS
10
98.6352380000000011
20
-97.8044999999999902
11
98.5108259999999945
21
-97.8242049999999921
0
LINE
8
BLACK
6
CONTINUOUS
10
98.5108259999999945
20
-97.8242049999999921
11
98.386414000000002
21
-97.8439099999999939
0
LINE
8
BLACK
6
CONTINUOUS
10
98.386414000000002
20
-97.8439099999999939
11
98.1468160000000012
21
-97.9217599999999919
0
LINE
8
BLACK
6
CONTINUOUS
10
98.1468160000000012
20
-97.9217599999999919
11
97.9223509999999919
21
-98.0361319999999949
0
LINE
8
BLACK
6
CONTINUOUS
10
97.9223509999999919
20
-98.0361319999999949
11
97.7185499999999934
21
-98.1842010000000016
0
LINE
8
BLACK
6
CONTINUOUS
10
97.7185499999999934
20
-98.1842010000000016
11
97.7185449999999918
21
-98.1842049999999915
0
LINE
8
BLACK
6
CONTINUOUS
10
97.7185449999999918
20
-98.1842049999999915
11
97.5404049999999927
21
-98.3623449999999906
0
LINE
8
BLACK
6
CONTINUOUS
10
97.5404049999999927
20
-98.3623449999999906
11
97.5404009999999886
21
-98.3623499999999922
0
LINE
8
BLACK
6
CONTINUOUS
10
97.5404009999999886
20
-98.3623499999999922
11
97.3923319999999961
21
-98.5661509999999907
0
LINE
8
BLACK
6
CONTINUOUS
10
97.3923319999999961
20
-98.5661509999999907
11
97.2779599999999931
21
-98.790616
0
LINE
8
BLACK
6
CONTINUOUS
10
97.2779599999999931
20
-98.790616
11
97.2001099999999951
21
-99.0302140000000009
0
LINE
8
BLACK
6
CONTINUOUS
10
97.2001099999999951
20
-99.0302140000000009
11
97.1606999999999914
21
-99.2790379999999999
0
LINE
8
BLACK
6
CONTINUOUS
10
97.1606999999999914
20
-99.2790379999999999
11
97.1606999999999914
21
-99.5309609999999907
0
LINE
8
BLACK
6
CONTINUOUS
10
102.1606999999999914
20
-99.5309609999999907
11
102.2001099999999951
21
-99.7797849999999897
0
LINE
8
BLACK
6
CONTINUOUS
10
102.2001099999999951
20
-99.7797849999999897
11
102.2779599999999931
21
-100.0193829999999906
0
LINE
8
BLACK
6
CONTINUOUS
10
102.2779599999999931
20
-100.0193829999999906
11
102.3923319999999961
21
-100.2438479999999998
0
LINE
8
BLACK
6
CONTINUOUS
10
102.3923319999999961
20
-100.2438479999999998
11
102.5404009999999886
21
-100.4476489999999984
0
LINE
8
BLACK
6
CONTINUOUS
10
102.5404009999999886
20
-100.4476489999999984
11
102.5404049999999927
21
-100.447654
0
LINE
8
BLACK
6
CONTINUOUS
10
102.5404049999999927
20
-100.447654
11
102.7185449999999918
21
-100.6257939999999991
0
LINE
8
BLACK
6
CONTINUOUS
10
102.7185449999999918
20
-100.6257939999999991
11
102.7185499999999934
21
-100.625797999999989
0
LINE
8
BLACK
6
CONTINUOUS
10
102.7185499999999934
20
-100.625797999999989
11
102.8963169999999963
21
-100.7549519999999887
0
LINE
8
BLACK
6
CONTINUOUS
10
102.8963169999999963
20
-100.7549519999999887
11
102.922354999999996
21
-100.7738700000000023
0
LINE
8
BLACK
6
CONTINUOUS
10
102.922354999999996
20
-100.7738700000000023
11
103.0653839999999946
21
-100.8467469999999935
0
LINE
8
BLACK
6
CONTINUOUS
10
103.0653839999999946
20
-100.8467469999999935
11
103.1468160000000012
21
-100.8882389999999987
0
LINE
8
BLACK
6
CONTINUOUS
10
103.1468160000000012
20
-100.8882389999999987
11
103.1468179999999961
21
-100.8882389999999987
0
LINE
8
BLACK
6
CONTINUOUS
10
103.1468179999999961
20
-100.8882389999999987
11
103.1468209999999885
21
-100.8882409999999936
0
LINE
8
BLACK
6
CONTINUOUS
10
103.1468209999999885
20
-100.8882409999999936
11
103.3864149999999995
21
-100.9660899999999941
0
LINE
8
BLACK
6
CONTINUOUS
10
103.3864149999999995
20
-100.9660899999999941
11
103.6352380000000011
21
-101.0054999999999978
0
LINE
8
BLACK
6
CONTINUOUS
10
103.6352380000000011
20
-101.0054999999999978
11
103.6352389999999986
21
-101.0054999999999978
0
LINE
8
BLACK
6
CONTINUOUS
10
103.6352389999999986
20
-101.0054999999999978
11
103.8871609999999919
21
-101.0054999999999978
0
LINE
8
BLACK
6
CONTINUOUS
10
103.8871609999999919
20
-101.0054999999999978
11
103.8871619999999893
21
-101.0054999999999978
0
LINE
8
BLACK
6
CONTINUOUS
10
103.8871619999999893
20
-101.0054999999999978
11
104.1359849999999909
21
-100.9660899999999941
0
LINE
8
BLACK
6
CONTINUOUS
10
104.1359849999999909
20
-100.9660899999999941
11
104.3755790000000019
21
-100.8882409999999936
0
LINE
8
BLACK
6
CONTINUOUS
10
104.3755790000000019
20
-100.8882409999999936
11
104.6000449999999944
21
-100.7738700000000023
0
LINE
8
BLACK
6
CONTINUOUS
10
104.6000449999999944
20
-100.7738700000000023
11
104.8038559999999961
21
-100.6257930000000016
0
LINE
8
BLACK
6
CONTINUOUS
10
104.8038559999999961
20
-100.6257930000000016
11
104.9819929999999886
21
-100.4476559999999949
0
LINE
8
BLACK
6
CONTINUOUS
10
104.9819929999999886
20
-100.4476559999999949
11
105.1300699999999892
21
-100.2438449999999932
0
LINE
8
BLACK
6
CONTINUOUS
10
105.1300699999999892
20
-100.2438449999999932
11
105.2444409999999948
21
-100.0193790000000007
0
LINE
8
BLACK
6
CONTINUOUS
10
105.2444409999999948
20
-100.0193790000000007
11
105.3222899999999953
21
-99.7797849999999897
0
LINE
8
BLACK
6
CONTINUOUS
10
105.3222899999999953
20
-99.7797849999999897
11
105.361699999999999
21
-99.5309620000000024
0
LINE
8
BLACK
6
CONTINUOUS
10
105.361699999999999
20
-99.5309620000000024
11
105.361699999999999
21
-99.2790379999999999
0
LINE
8
BLACK
6
CONTINUOUS
10
105.361699999999999
20
-99.2790379999999999
11
105.3222899999999953
21
-99.0302149999999983
0
LINE
8
BLACK
6
CONTINUOUS
10
105.3222899999999953
20
-99.0302149999999983
11
105.2444409999999948
21
-98.7906210000000016
0
LINE
8
BLACK
6
CONTINUOUS
10
105.2444409999999948
20
-98.7906210000000016
11
105.2444389999999999
21
-98.7906179999999949
0
LINE
8
BLACK
6
CONTINUOUS
10
105.2444389999999999
20
-98.7906179999999949
11
105.2444389999999999
21
-98.790616
0
LINE
8
BLACK
6
CONTINUOUS
10
105.2444389999999999
20
-98.790616
11
105.2029469999999947
21
-98.7091839999999934
0
LINE
8
BLACK
6
CONTINUOUS
10
105.2029469999999947
20
-98.7091839999999934
11
105.1300699999999892
21
-98.5661549999999949
0
LINE
8
BLACK
6
CONTINUOUS
10
105.1300699999999892
20
-98.5661549999999949
11
105.1111519999999899
21
-98.5401169999999951
0
LINE
8
BLACK
6
CONTINUOUS
10
105.1111519999999899
20
-98.5401169999999951
11
104.9819979999999902
21
-98.3623499999999922
0
LINE
8
BLACK
6
CONTINUOUS
10
104.9819979999999902
20
-98.3623499999999922
11
104.9819940000000003
21
-98.3623449999999906
0
LINE
8
BLACK
6
CONTINUOUS
10
104.9819940000000003
20
-98.3623449999999906
11
104.8038540000000012
21
-98.1842049999999915
0
LINE
8
BLACK
6
CONTINUOUS
10
104.8038540000000012
20
-98.1842049999999915
11
104.8038489999999996
21
-98.1842010000000016
0
LINE
8
BLACK
6
CONTINUOUS
10
104.8038489999999996
20
-98.1842010000000016
11
104.600048000000001
21
-98.0361319999999949
0
LINE
8
BLACK
6
CONTINUOUS
10
104.600048000000001
20
-98.0361319999999949
11
104.6000469999999893
21
-98.0361309999999975
0
LINE
8
BLACK
6
CONTINUOUS
10
104.6000469999999893
20
-98.0361309999999975
11
104.6000449999999944
21
-98.03613
0
LINE
8
BLACK
6
CONTINUOUS
10
104.6000449999999944
20
-98.03613
11
104.5299469999999928
21
-98.0004129999999947
0
LINE
8
BLACK
6
CONTINUOUS
10
104.5299469999999928
20
-98.0004129999999947
11
104.3755829999999918
21
-97.9217599999999919
0
LINE
8
BLACK
6
CONTINUOUS
10
104.3755829999999918
20
-97.9217599999999919
11
104.1359849999999909
21
-97.8439099999999939
0
LINE
8
BLACK
6
CONTINUOUS
10
104.1359849999999909
20
-97.8439099999999939
11
103.8871619999999893
21
-97.8044999999999902
0
LINE
8
BLACK
6
CONTINUOUS
10
103.8871619999999893
20
-97.8044999999999902
11
103.6352380000000011
21
-97.8044999999999902
0
LINE
8
BLACK
6
CONTINUOUS
10
103.6352380000000011
20
-97.8044999999999902
11
103.5108259999999945
21
-97.8242049999999921
0
LINE
8
BLACK
6
CONTINUOUS
10
103.5108259999999945
20
-97.8242049999999921
11
103.386414000000002
21
-97.8439099999999939
0
LINE
8
BLACK
6
CONTINUOUS
10
103.386414000000002
20
-97.8439099999999939
11
103.1468160000000012
21
-97.9217599999999919
0
LINE
8
BLACK
6
CONTINUOUS
10
103.1468160000000012
20
-97.9217599999999919
11
102.9223509999999919
21
-98.0361319999999949
0
LINE
8
BLACK
6
CONTINUOUS
10
102.9223509999999919
20
-98.0361319999999949
11
102.7185499999999934
21
-98.1842010000000016
0
LINE
8
BLACK
6
CONTINUOUS
10
102.7185499999999934
20
-98.1842010000000016
11
102.7185449999999918
21
-98.1842049999999915
0
LINE
8
BLACK
6
CONTINUOUS
10
102.7185449999999918
20
-98.1842049999999915
11
102.5404049999999927
21
-98.3623449999999906
0
LINE
8
BLACK
6
CONTINUOUS
10
102.5404049999999927
20
-98.3623449999999906
11
102.5404009999999886
21
-98.3623499999999922
0
LINE
8
BLACK
6
CONTINUOUS
10
102.5404009999999886
20
-98.3623499999999922
11
102.3923319999999961
21
-98.5661509999999907
0
LINE
8
BLACK
6
CONTINUOUS
10
102.3923319999999961
20
-98.5661509999999907
11
102.2779599999999931
21
-98.790616
0
LINE
8
BLACK
6
CONTINUOUS
10
102.2779599999999931
20
-98.790616
11
102.2001099999999951
21
-99.0302140000000009
0
LINE
8
BLACK
6
CONTINUOUS
10
102.2001099999999951
20
-99.0302140000000009
11
102.1606999999999914
21
-99.2790379999999999
0
LINE
8
BLACK
6
CONTINUOUS
10
102.1606999999999914
20
-99.2790379999999999
11
102.1606999999999914
21
-99.5309609999999907
0
LINE
8
BLACK
6
CONTINUOUS
10
27.093
20
-96.2066039999999987
11
27.108198999999999
21
-96.3609319999999911
0
LINE
8
BLACK
6
CONTINUOUS
10
27.108198999999999
20
-96.3609319999999911
11
27.1382339999999971
21
-96.459943999999993
0
LINE
8
BLACK
6
CONTINUOUS
10
27.1382339999999971
20
-96.459943999999993
11
27.1682679999999976
21
-96.558954
0
LINE
8
BLACK
6
CONTINUOUS
10
27.1682679999999976
20
-96.558954
11
27.2658149999999999
21
-96.7414500000000004
0
LINE
8
BLACK
6
CONTINUOUS
10
27.2658149999999999
20
-96.7414500000000004
11
27.2658169999999984
21
-96.7414519999999953
0
LINE
8
BLACK
6
CONTINUOUS
10
27.2658169999999984
20
-96.7414519999999953
11
27.3970889999999976
21
-96.9014099999999985
0
LINE
8
BLACK
6
CONTINUOUS
10
27.3970889999999976
20
-96.9014099999999985
11
27.4937089999999991
21
-96.9807019999999937
0
LINE
8
BLACK
6
CONTINUOUS
10
27.4937089999999991
20
-96.9807019999999937
11
27.5570500000000003
21
-97.0326850000000007
0
LINE
8
BLACK
6
CONTINUOUS
10
27.5570500000000003
20
-97.0326850000000007
11
27.7395459999999972
21
-97.1302319999999924
0
LINE
8
BLACK
6
CONTINUOUS
10
27.7395459999999972
20
-97.1302319999999924
11
27.9375660000000003
21
-97.1902999999999935
0
LINE
8
BLACK
6
CONTINUOUS
10
27.9375660000000003
20
-97.1902999999999935
11
27.9375649999999993
21
-97.1902999999999935
0
LINE
8
BLACK
6
CONTINUOUS
10
27.9375649999999993
20
-97.1902999999999935
11
27.9761469999999974
21
-97.1940999999999917
0
LINE
8
BLACK
6
CONTINUOUS
10
27.9761469999999974
20
-97.1940999999999917
11
28.0918919999999979
21
-97.2055000000000007
0
LINE
8
BLACK
6
CONTINUOUS
10
28.0918919999999979
20
-97.2055000000000007
11
28.0918949999999974
21
-97.2055000000000007
0
LINE
8
BLACK
6
CONTINUOUS
10
28.0918949999999974
20
-97.2055000000000007
11
29.6951049999999981
21
-97.2055000000000007
0
LINE
8
BLACK
6
CONTINUOUS
10
29.6951049999999981
20
-97.2055000000000007
11
29.6951079999999976
21
-97.2055000000000007
0
LINE
8
BLACK
6
CONTINUOUS
10
29.6951079999999976
20
-97.2055000000000007
11
29.8494339999999987
21
-97.1902999999999935
0
LINE
8
BLACK
6
CONTINUOUS
10
29.8494339999999987
20
-97.1902999999999935
11
30.0474539999999983
21
-97.1302319999999924
0
LINE
8
BLACK
6
CONTINUOUS
10
30.0474539999999983
20
-97.1302319999999924
11
30.2299499999999988
21
-97.0326850000000007
0
LINE
8
BLACK
6
CONTINUOUS
10
30.2299499999999988
20
-97.0326850000000007
11
30.3899099999999969
21
-96.9014099999999985
0
LINE
8
BLACK
6
CONTINUOUS
10
30.3899099999999969
20
-96.9014099999999985
11
30.5211849999999991
21
-96.7414500000000004
0
LINE
8
BLACK
6
CONTINUOUS
10
30.5211849999999991
20
-96.7414500000000004
11
30.6187319999999978
21
-96.558954
0
LINE
8
BLACK
6
CONTINUOUS
10
30.6187319999999978
20
-96.558954
11
30.678799999999999
21
-96.3609340000000003
0
LINE
8
BLACK
6
CONTINUOUS
10
30.678799999999999
20
-96.3609340000000003
11
30.6939999999999991
21
-96.2066079999999886
0
LINE
8
BLACK
6
CONTINUOUS
10
30.6939999999999991
20
-96.2066079999999886
11
30.6939999999999991
21
-95.2869949999999903
0
LINE
8
BLACK
6
CONTINUOUS
10
30.6939999999999991
20
-95.2869949999999903
11
30.6939999999999991
21
-94.6033919999999995
0
LINE
8
BLACK
6
CONTINUOUS
10
30.6939999999999991
20
-94.6033919999999995
11
30.678799999999999
21
-94.449066000000002
0
LINE
8
BLACK
6
CONTINUOUS
10
30.678799999999999
20
-94.449066000000002
11
30.6187319999999978
21
-94.2510460000000023
0
LINE
8
BLACK
6
CONTINUOUS
10
30.6187319999999978
20
-94.2510460000000023
11
30.5211849999999991
21
-94.0685500000000019
0
LINE
8
BLACK
6
CONTINUOUS
10
30.5211849999999991
20
-94.0685500000000019
11
30.4692019999999992
21
-94.0052089999999936
0
LINE
8
BLACK
6
CONTINUOUS
10
30.4692019999999992
20
-94.0052089999999936
11
30.3899099999999969
21
-93.9085889999999921
0
LINE
8
BLACK
6
CONTINUOUS
10
30.3899099999999969
20
-93.9085889999999921
11
30.2414050000000003
21
-93.7867159999999984
0
LINE
8
BLACK
6
CONTINUOUS
10
30.2414050000000003
20
-93.7867159999999984
11
30.2299499999999988
21
-93.7773150000000015
0
LINE
8
BLACK
6
CONTINUOUS
10
30.2299499999999988
20
-93.7773150000000015
11
30.0474539999999983
21
-93.6797679999999957
0
LINE
8
BLACK
6
CONTINUOUS
10
30.0474539999999983
20
-93.6797679999999957
11
29.8494339999999987
21
-93.6196999999999946
0
LINE
8
BLACK
6
CONTINUOUS
10
29.8494339999999987
20
-93.6196999999999946
11
29.8494320000000002
21
-93.6196989999999971
0
LINE
8
BLACK
6
CONTINUOUS
10
29.8494320000000002
20
-93.6196989999999971
11
29.8494339999999987
21
-93.6196989999999971
0
LINE
8
BLACK
6
CONTINUOUS
10
29.8494339999999987
20
-93.6196989999999971
11
29.7303049999999978
21
-93.6079659999999905
0
LINE
8
BLACK
6
CONTINUOUS
10
29.7303049999999978
20
-93.6079659999999905
11
29.6951079999999976
21
-93.6045000000000016
0
LINE
8
BLACK
6
CONTINUOUS
10
29.6951079999999976
20
-93.6045000000000016
11
28.0918919999999979
21
-93.6045000000000016
0
LINE
8
BLACK
6
CONTINUOUS
10
28.0918919999999979
20
-93.6045000000000016
11
28.0537980000000005
21
-93.6082509999999957
0
LINE
8
BLACK
6
CONTINUOUS
10
28.0537980000000005
20
-93.6082509999999957
11
27.9375669999999978
21
-93.6196989999999971
0
LINE
8
BLACK
6
CONTINUOUS
10
27.9375669999999978
20
-93.6196989999999971
11
27.7395429999999976
21
-93.6797689999999932
0
LINE
8
BLACK
6
CONTINUOUS
10
27.7395429999999976
20
-93.6797689999999932
11
27.6293979999999983
21
-93.7386429999999962
0
LINE
8
BLACK
6
CONTINUOUS
10
27.6293979999999983
20
-93.7386429999999962
11
27.5570500000000003
21
-93.7773150000000015
0
LINE
8
BLACK
6
CONTINUOUS
10
27.5570500000000003
20
-93.7773150000000015
11
27.5570479999999982
21
-93.777315999999999
0
LINE
8
BLACK
6
CONTINUOUS
10
27.5570479999999982
20
-93.777315999999999
11
27.5570469999999972
21
-93.7773169999999965
0
LINE
8
BLACK
6
CONTINUOUS
10
27.5570469999999972
20
-93.7773169999999965
11
27.3970889999999976
21
-93.9085889999999921
0
LINE
8
BLACK
6
CONTINUOUS
10
27.3970889999999976
20
-93.9085889999999921
11
27.2658169999999984
21
-94.0685469999999953
0
LINE
8
BLACK
6
CONTINUOUS
10
27.2658169999999984
20
-94.0685469999999953
11
27.1682689999999987
21
-94.2510429999999957
0
LINE
8
BLACK
6
CONTINUOUS
10
27.1682689999999987
20
-94.2510429999999957
11
27.108198999999999
21
-94.4490669999999994
0
LINE
8
BLACK
6
CONTINUOUS
10
27.108198999999999
20
-94.4490669999999994
11
27.093
21
-94.6033949999999919
0
LINE
8
BLACK
6
CONTINUOUS
10
27.093
20
-94.6033949999999919
11
27.093
21
-96.2066039999999987
0
LINE
8
BLACK
6
CONTINUOUS
10
32.0929999999999964
20
-95.5230040000000002
11
32.093001000000001
21
-95.5230200000000025
0
LINE
8
BLACK
6
CONTINUOUS
10
32.093001000000001
20
-95.5230200000000025
11
32.1238060000000019
21
-95.757009999999994
0
LINE
8
BLACK
6
CONTINUOUS
10
32.1238060000000019
20
-95.757009999999994
11
32.1848939999999999
21
-95.9849929999999887
0
LINE
8
BLACK
6
CONTINUOUS
10
32.1848939999999999
20
-95.9849929999999887
11
32.2752139999999983
21
-96.2030449999999888
0
LINE
8
BLACK
6
CONTINUOUS
10
32.2752139999999983
20
-96.2030449999999888
11
32.2752189999999999
21
-96.2030559999999895
0
LINE
8
BLACK
6
CONTINUOUS
10
32.2752189999999999
20
-96.2030559999999895
11
32.3401700000000005
21
-96.3155529999999942
0
LINE
8
BLACK
6
CONTINUOUS
10
32.3401700000000005
20
-96.3155529999999942
11
32.393226999999996
21
-96.4074499999999972
0
LINE
8
BLACK
6
CONTINUOUS
10
32.393226999999996
20
-96.4074499999999972
11
32.3932289999999981
21
-96.4074529999999896
0
LINE
8
BLACK
6
CONTINUOUS
10
32.3932289999999981
20
-96.4074529999999896
11
32.3932299999999955
21
-96.4074540000000013
0
LINE
8
BLACK
6
CONTINUOUS
10
32.3932299999999955
20
-96.4074540000000013
11
32.5369060000000019
21
-96.5946969999999965
0
LINE
8
BLACK
6
CONTINUOUS
10
32.5369060000000019
20
-96.5946969999999965
11
32.5369120000000009
21
-96.594703999999993
0
LINE
8
BLACK
6
CONTINUOUS
10
32.5369120000000009
20
-96.594703999999993
11
32.7037949999999995
21
-96.7615869999999916
0
LINE
8
BLACK
6
CONTINUOUS
10
32.7037949999999995
20
-96.7615869999999916
11
32.7038009999999986
21
-96.7615919999999932
0
LINE
8
BLACK
6
CONTINUOUS
10
32.7038009999999986
20
-96.7615919999999932
11
32.8910499999999999
21
-96.905272999999994
0
LINE
8
BLACK
6
CONTINUOUS
10
32.8910499999999999
20
-96.905272999999994
11
33.0224180000000018
21
-96.981117999999995
0
LINE
8
BLACK
6
CONTINUOUS
10
33.0224180000000018
20
-96.981117999999995
11
33.0954429999999959
21
-97.0232799999999997
0
LINE
8
BLACK
6
CONTINUOUS
10
33.0954429999999959
20
-97.0232799999999997
11
33.0954479999999975
21
-97.0232819999999947
0
LINE
8
BLACK
6
CONTINUOUS
10
33.0954479999999975
20
-97.0232819999999947
11
33.0954509999999971
21
-97.0232839999999896
0
LINE
8
BLACK
6
CONTINUOUS
10
33.0954509999999971
20
-97.0232839999999896
11
33.3135070000000013
21
-97.1136059999999901
0
LINE
8
BLACK
6
CONTINUOUS
10
33.3135070000000013
20
-97.1136059999999901
11
33.541485999999999
21
-97.1746929999999907
0
LINE
8
BLACK
6
CONTINUOUS
10
33.541485999999999
20
-97.1746929999999907
11
33.7754890000000003
21
-97.2055000000000007
0
LINE
8
BLACK
6
CONTINUOUS
10
33.7754890000000003
20
-97.2055000000000007
11
33.7754959999999969
21
-97.2055000000000007
0
LINE
8
BLACK
6
CONTINUOUS
10
33.7754959999999969
20
-97.2055000000000007
11
34.0115039999999951
21
-97.2055000000000007
0
LINE
8
BLACK
6
CONTINUOUS
10
34.0115039999999951
20
-97.2055000000000007
11
34.0115109999999987
21
-97.2055000000000007
0
LINE
8
BLACK
6
CONTINUOUS
10
34.0115109999999987
20
-97.2055000000000007
11
34.245514
21
-97.1746929999999907
0
LINE
8
BLACK
6
CONTINUOUS
10
34.245514
20
-97.1746929999999907
11
34.4734929999999977
21
-97.1136059999999901
0
LINE
8
BLACK
6
CONTINUOUS
10
34.4734929999999977
20
-97.1136059999999901
11
34.691549000000002
21
-97.0232839999999896
0
LINE
8
BLACK
6
CONTINUOUS
10
34.691549000000002
20
-97.0232839999999896
11
34.8959499999999991
21
-96.905272999999994
0
LINE
8
BLACK
6
CONTINUOUS
10
34.8959499999999991
20
-96.905272999999994
11
35.0831990000000005
21
-96.7615919999999932
0
LINE
8
BLACK
6
CONTINUOUS
10
35.0831990000000005
20
-96.7615919999999932
11
35.2500919999999951
21
-96.5946989999999914
0
LINE
8
BLACK
6
CONTINUOUS
10
35.2500919999999951
20
-96.5946989999999914
11
35.3937729999999959
21
-96.4074499999999972
0
LINE
8
BLACK
6
CONTINUOUS
10
35.3937729999999959
20
-96.4074499999999972
11
35.4468299999999985
21
-96.3155529999999942
0
LINE
8
BLACK
6
CONTINUOUS
10
35.4468299999999985
20
-96.3155529999999942
11
35.5117839999999987
21
-96.2030489999999929
0
LINE
8
BLACK
6
CONTINUOUS
10
35.5117839999999987
20
-96.2030489999999929
11
35.6021059999999991
21
-95.9849929999999887
0
LINE
8
BLACK
6
CONTINUOUS
10
35.6021059999999991
20
-95.9849929999999887
11
35.6631929999999997
21
-95.7570139999999981
0
LINE
8
BLACK
6
CONTINUOUS
10
35.6631929999999997
20
-95.7570139999999981
11
35.6939999999999955
21
-95.5230109999999968
0
LINE
8
BLACK
6
CONTINUOUS
10
35.6939999999999955
20
-95.5230109999999968
11
35.6939999999999955
21
-95.2869889999999913
0
LINE
8
BLACK
6
CONTINUOUS
10
35.6939999999999955
20
-95.2869889999999913
11
35.6631929999999997
21
-95.05298599999999
0
LINE
8
BLACK
6
CONTINUOUS
10
35.6631929999999997
20
-95.05298599999999
11
35.6021059999999991
21
-94.8250069999999994
0
LINE
8
BLACK
6
CONTINUOUS
10
35.6021059999999991
20
-94.8250069999999994
11
35.5117839999999987
21
-94.6069509999999951
0
LINE
8
BLACK
6
CONTINUOUS
10
35.5117839999999987
20
-94.6069509999999951
11
35.5117819999999966
21
-94.6069480000000027
0
LINE
8
BLACK
6
CONTINUOUS
10
35.5117819999999966
20
-94.6069480000000027
11
35.5117800000000017
21
-94.6069430000000011
0
LINE
8
BLACK
6
CONTINUOUS
10
35.5117800000000017
20
-94.6069430000000011
11
35.469617999999997
21
-94.5339179999999999
0
LINE
8
BLACK
6
CONTINUOUS
10
35.469617999999997
20
-94.5339179999999999
11
35.3937729999999959
21
-94.4025499999999909
0
LINE
8
BLACK
6
CONTINUOUS
10
35.3937729999999959
20
-94.4025499999999909
11
35.2500919999999951
21
-94.2153009999999966
0
LINE
8
BLACK
6
CONTINUOUS
10
35.2500919999999951
20
-94.2153009999999966
11
35.2500870000000006
21
-94.2152949999999976
0
LINE
8
BLACK
6
CONTINUOUS
10
35.2500870000000006
20
-94.2152949999999976
11
35.0832039999999949
21
-94.048411999999999
0
LINE
8
BLACK
6
CONTINUOUS
10
35.0832039999999949
20
-94.048411999999999
11
35.0831969999999984
21
-94.0484059999999999
0
LINE
8
BLACK
6
CONTINUOUS
10
35.0831969999999984
20
-94.0484059999999999
11
34.8959539999999961
21
-93.9047300000000007
0
LINE
8
BLACK
6
CONTINUOUS
10
34.8959539999999961
20
-93.9047300000000007
11
34.8959529999999987
21
-93.904728999999989
0
LINE
8
BLACK
6
CONTINUOUS
10
34.8959529999999987
20
-93.904728999999989
11
34.8959499999999991
21
-93.9047269999999941
0
LINE
8
BLACK
6
CONTINUOUS
10
34.8959499999999991
20
-93.9047269999999941
11
34.8144569999999973
21
-93.8576769999999954
0
LINE
8
BLACK
6
CONTINUOUS
10
34.8144569999999973
20
-93.8576769999999954
11
34.6915559999999985
21
-93.7867189999999908
0
LINE
8
BLACK
6
CONTINUOUS
10
34.6915559999999985
20
-93.7867189999999908
11
34.6915449999999979
21
-93.7867139999999893
0
LINE
8
BLACK
6
CONTINUOUS
10
34.6915449999999979
20
-93.7867139999999893
11
34.4734929999999977
21
-93.696393999999998
0
LINE
8
BLACK
6
CONTINUOUS
10
34.4734929999999977
20
-93.696393999999998
11
34.2455099999999959
21
-93.6353059999999999
0
LINE
8
BLACK
6
CONTINUOUS
10
34.2455099999999959
20
-93.6353059999999999
11
34.0115199999999973
21
-93.6045009999999991
0
LINE
8
BLACK
6
CONTINUOUS
10
34.0115199999999973
20
-93.6045009999999991
11
34.0115169999999978
21
-93.6045000000000016
0
LINE
8
BLACK
6
CONTINUOUS
10
34.0115169999999978
20
-93.6045000000000016
11
34.0115109999999987
21
-93.6045000000000016
0
LINE
8
BLACK
6
CONTINUOUS
10
34.0115109999999987
20
-93.6045000000000016
11
33.7754890000000003
21
-93.6045000000000016
0
LINE
8
BLACK
6
CONTINUOUS
10
33.7754890000000003
20
-93.6045000000000016
11
33.7754830000000013
21
-93.6045000000000016
0
LINE
8
BLACK
6
CONTINUOUS
10
33.7754830000000013
20
-93.6045000000000016
11
33.7754789999999971
21
-93.6045009999999991
0
LINE
8
BLACK
6
CONTINUOUS
10
33.7754789999999971
20
-93.6045009999999991
11
33.5414889999999986
21
-93.6353059999999999
0
LINE
8
BLACK
6
CONTINUOUS
10
33.5414889999999986
20
-93.6353059999999999
11
33.3135059999999967
21
-93.696393999999998
0
LINE
8
BLACK
6
CONTINUOUS
10
33.3135059999999967
20
-93.696393999999998
11
33.0954539999999966
21
-93.7867139999999893
0
LINE
8
BLACK
6
CONTINUOUS
10
33.0954539999999966
20
-93.7867139999999893
11
33.0954429999999959
21
-93.7867189999999908
0
LINE
8
BLACK
6
CONTINUOUS
10
33.0954429999999959
20
-93.7867189999999908
11
32.8910449999999983
21
-93.9047300000000007
0
LINE
8
BLACK
6
CONTINUOUS
10
32.8910449999999983
20
-93.9047300000000007
11
32.703801999999996
21
-94.0484059999999999
0
LINE
8
BLACK
6
CONTINUOUS
10
32.703801999999996
20
-94.0484059999999999
11
32.7037949999999995
21
-94.048411999999999
0
LINE
8
BLACK
6
CONTINUOUS
10
32.7037949999999995
20
-94.048411999999999
11
32.5369120000000009
21
-94.2152949999999976
0
LINE
8
BLACK
6
CONTINUOUS
10
32.5369120000000009
20
-94.2152949999999976
11
32.5369060000000019
21
-94.2153019999999941
0
LINE
8
BLACK
6
CONTINUOUS
10
32.5369060000000019
20
-94.2153019999999941
11
32.3932299999999955
21
-94.4025449999999893
0
LINE
8
BLACK
6
CONTINUOUS
10
32.3932299999999955
20
-94.4025449999999893
11
32.2752189999999999
21
-94.6069430000000011
0
LINE
8
BLACK
6
CONTINUOUS
10
32.2752189999999999
20
-94.6069430000000011
11
32.2752139999999983
21
-94.6069540000000018
0
LINE
8
BLACK
6
CONTINUOUS
10
32.2752139999999983
20
-94.6069540000000018
11
32.1848939999999999
21
-94.8250060000000019
0
LINE
8
BLACK
6
CONTINUOUS
10
32.1848939999999999
20
-94.8250060000000019
11
32.1238060000000019
21
-95.0529889999999966
0
LINE
8
BLACK
6
CONTINUOUS
10
32.1238060000000019
20
-95.0529889999999966
11
32.093001000000001
21
-95.2869790000000023
0
LINE
8
BLACK
6
CONTINUOUS
10
32.093001000000001
20
-95.2869790000000023
11
32.0929999999999964
21
-95.2869949999999903
0
LINE
8
BLACK
6
CONTINUOUS
10
32.0929999999999964
20
-95.2869949999999903
11
32.0929999999999964
21
-95.5230040000000002
0
LINE
8
BLACK
6
CONTINUOUS
10
103.3969969999999989
20
-96.3155529999999942
11
103.3969969999999989
21
-92.901102999999992
0
LINE
8
BLACK
6
CONTINUOUS
10
103.3969969999999989
20
-92.901102999999992
11
99.1244250000000022
21
-92.901102999999992
0
LINE
8
BLACK
6
CONTINUOUS
10
99.1244250000000022
20
-92.901102999999992
11
99.1244250000000022
21
-96.3155529999999942
0
LINE
8
BLACK
6
CONTINUOUS
10
99.1244250000000022
20
-96.3155529999999942
11
103.3969969999999989
21
-96.3155529999999942
0
LINE
8
BLACK
6
CONTINUOUS
10
99.1985569999999939
20
-43.0038279999999986
11
100.1474419999999981
21
-43.0038279999999986
0
LINE
8
BLACK
6
CONTINUOUS
10
100.1474419999999981
20
-43.0038279999999986
11
100.2144809999999922
21
-43.0235130000000012
0
LINE
8
BLACK
6
CONTINUOUS
10
100.2144809999999922
20
-43.0235130000000012
11
100.2602359999999919
21
-43.076316999999996
0
LINE
8
BLACK
6
CONTINUOUS
10
100.2602359999999919
20
-43.076316999999996
11
100.2701799999999963
21
-43.1454749999999976
0
LINE
8
BLACK
6
CONTINUOUS
10
100.2701799999999963
20
-43.1454749999999976
11
100.241154999999992
21
-43.209030999999996
0
LINE
8
BLACK
6
CONTINUOUS
10
100.241154999999992
20
-43.209030999999996
11
100.1883969999999948
21
-43.2448699999999988
0
LINE
8
BLACK
6
CONTINUOUS
10
100.1883969999999948
20
-43.2448699999999988
11
100.0616769999999889
21
-43.2892109999999946
0
LINE
8
BLACK
6
CONTINUOUS
10
100.0616769999999889
20
-43.2892109999999946
11
99.9089369999999946
21
-43.3851839999999953
0
LINE
8
BLACK
6
CONTINUOUS
10
99.9089369999999946
20
-43.3851839999999953
11
99.7813839999999885
21
-43.5127370000000013
0
LINE
8
BLACK
6
CONTINUOUS
10
99.7813839999999885
20
-43.5127370000000013
11
99.685411000000002
21
-43.6654759999999982
0
LINE
8
BLACK
6
CONTINUOUS
10
99.685411000000002
20
-43.6654759999999982
11
99.6258309999999909
21
-43.8357449999999957
0
LINE
8
BLACK
6
CONTINUOUS
10
99.6258309999999909
20
-43.8357449999999957
11
99.6258299999999934
21
-43.8357499999999973
0
LINE
8
BLACK
6
CONTINUOUS
10
99.6258299999999934
20
-43.8357499999999973
11
99.6106999999999942
21
-43.9700389999999999
0
LINE
8
BLACK
6
CONTINUOUS
10
99.6106999999999942
20
-43.9700389999999999
11
99.6106999999999942
21
-45.7599599999999995
0
LINE
8
BLACK
6
CONTINUOUS
10
99.6106999999999942
20
-45.7599599999999995
11
99.6258299999999934
21
-45.894248999999995
0
LINE
8
BLACK
6
CONTINUOUS
10
99.6258299999999934
20
-45.894248999999995
11
99.6258330000000001
21
-45.8942619999999977
0
LINE
8
BLACK
6
CONTINUOUS
10
99.6258330000000001
20
-45.8942619999999977
11
99.6416789999999963
21
-45.9395449999999954
0
LINE
8
BLACK
6
CONTINUOUS
10
99.6416789999999963
20
-45.9395449999999954
11
99.6452419999999961
21
-46.0093229999999949
0
LINE
8
BLACK
6
CONTINUOUS
10
99.6452419999999961
20
-46.0093229999999949
11
99.6105129999999974
21
-46.0699509999999961
0
LINE
8
BLACK
6
CONTINUOUS
10
99.6105129999999974
20
-46.0699509999999961
11
99.5485199999999963
21
-46.1021789999999996
0
LINE
8
BLACK
6
CONTINUOUS
10
99.5485199999999963
20
-46.1021789999999996
11
99.5246379999999959
21
-46.1044999999999945
0
LINE
8
BLACK
6
CONTINUOUS
10
99.5246379999999959
20
-46.1044999999999945
11
58.0783519999999953
21
-46.1044999999999945
0
LINE
8
BLACK
6
CONTINUOUS
10
58.0783519999999953
20
-46.1044999999999945
11
57.8736479999999958
21
-46.1044999999999945
0
LINE
8
BLACK
6
CONTINUOUS
10
57.8736479999999958
20
-46.1044999999999945
11
57.8471419999999981
21
-46.1086979999999969
0
LINE
8
BLACK
6
CONTINUOUS
10
57.8471419999999981
20
-46.1086979999999969
11
57.6714709999999968
21
-46.1365209999999948
0
LINE
8
BLACK
6
CONTINUOUS
10
57.6714709999999968
20
-46.1365209999999948
11
57.6714649999999978
21
-46.1365229999999968
0
LINE
8
BLACK
6
CONTINUOUS
10
57.6714649999999978
20
-46.1365229999999968
11
57.642085999999999
21
-46.1460689999999971
0
LINE
8
BLACK
6
CONTINUOUS
10
57.642085999999999
20
-46.1460689999999971
11
57.6420829999999995
21
-46.1460689999999971
0
LINE
8
BLACK
6
CONTINUOUS
10
57.6420829999999995
20
-46.1460689999999971
11
57.4767809999999955
21
-46.199779999999997
0
LINE
8
BLACK
6
CONTINUOUS
10
57.4767809999999955
20
-46.199779999999997
11
57.4424700000000001
21
-46.2172610000000006
0
LINE
8
BLACK
6
CONTINUOUS
10
57.4424700000000001
20
-46.2172610000000006
11
57.4424709999999976
21
-46.2172619999999981
0
LINE
8
BLACK
6
CONTINUOUS
10
57.4424709999999976
20
-46.2172619999999981
11
57.2943879999999979
21
-46.2927129999999991
0
LINE
8
BLACK
6
CONTINUOUS
10
57.2943879999999979
20
-46.2927129999999991
11
57.128777999999997
21
-46.4130359999999982
0
LINE
8
BLACK
6
CONTINUOUS
10
57.128777999999997
20
-46.4130359999999982
11
33.095407999999999
21
-70.4464059999999961
0
LINE
8
BLACK
6
CONTINUOUS
10
33.095407999999999
20
-70.4464059999999961
11
33.0340849999999975
21
-70.479890999999995
0
LINE
8
BLACK
6
CONTINUOUS
10
33.0340849999999975
20
-70.479890999999995
11
32.9643930000000012
21
-70.4749070000000017
0
LINE
8
BLACK
6
CONTINUOUS
10
32.9643930000000012
20
-70.4749070000000017
11
32.908459999999998
21
-70.4330350000000038
0
LINE
8
BLACK
6
CONTINUOUS
10
32.908459999999998
20
-70.4330350000000038
11
32.8852539999999962
21
-70.3781230000000022
0
LINE
8
BLACK
6
CONTINUOUS
10
32.8852539999999962
20
-70.3781230000000022
11
32.8710599999999999
21
-70.2885059999999982
0
LINE
8
BLACK
6
CONTINUOUS
10
32.8710599999999999
20
-70.2885059999999982
11
32.8309299999999951
21
-70.164999999999992
0
LINE
8
BLACK
6
CONTINUOUS
10
32.8309299999999951
20
-70.164999999999992
11
32.7907790000000006
21
-70.0414279999999962
0
LINE
8
BLACK
6
CONTINUOUS
10
32.7907790000000006
20
-70.0414279999999962
11
32.7907769999999985
21
-70.0414250000000038
0
LINE
8
BLACK
6
CONTINUOUS
10
32.7907769999999985
20
-70.0414250000000038
11
32.7907769999999985
21
-70.0414229999999947
0
LINE
8
BLACK
6
CONTINUOUS
10
32.7907769999999985
20
-70.0414229999999947
11
32.747987000000002
21
-69.9574449999999928
0
LINE
8
BLACK
6
CONTINUOUS
10
32.747987000000002
20
-69.9574449999999928
11
32.6728340000000017
21
-69.8099490000000031
0
LINE
8
BLACK
6
CONTINUOUS
10
32.6728340000000017
20
-69.8099490000000031
11
32.5201309999999992
21
-69.5997709999999898
0
LINE
8
BLACK
6
CONTINUOUS
10
32.5201309999999992
20
-69.5997709999999898
11
32.4130409999999998
21
-69.4926809999999904
0
LINE
8
BLACK
6
CONTINUOUS
10
32.4130409999999998
20
-69.4926809999999904
11
32.3795560000000009
21
-69.431358000000003
0
LINE
8
BLACK
6
CONTINUOUS
10
32.3795560000000009
20
-69.431358000000003
11
32.3845400000000012
21
-69.3616659999999996
0
LINE
8
BLACK
6
CONTINUOUS
10
32.3845400000000012
20
-69.3616659999999996
11
32.4130409999999998
21
-69.3173189999999977
0
LINE
8
BLACK
6
CONTINUOUS
10
32.4130409999999998
20
-69.3173189999999977
11
32.4513219999999976
21
-69.2790379999999999
0
LINE
8
BLACK
6
CONTINUOUS
10
32.4513219999999976
20
-69.2790379999999999
11
32.5201309999999992
21
-69.2102289999999982
0
LINE
8
BLACK
6
CONTINUOUS
10
32.5201309999999992
20
-69.2102289999999982
11
32.6728340000000017
21
-69.0000509999999991
0
LINE
8
BLACK
6
CONTINUOUS
10
32.6728340000000017
20
-69.0000509999999991
11
32.7907790000000006
21
-68.7685719999999918
0
LINE
8
BLACK
6
CONTINUOUS
10
32.7907790000000006
20
-68.7685719999999918
11
32.8710599999999999
21
-68.5214929999999924
0
LINE
8
BLACK
6
CONTINUOUS
10
32.8710599999999999
20
-68.5214929999999924
11
32.8962659999999971
21
-68.3623439999999931
0
LINE
8
BLACK
6
CONTINUOUS
10
32.8962659999999971
20
-68.3623439999999931
11
32.9116999999999962
21
-68.2649019999999922
0
LINE
8
BLACK
6
CONTINUOUS
10
32.9116999999999962
20
-68.2649019999999922
11
32.9116999999999962
21
-68.0050969999999921
0
LINE
8
BLACK
6
CONTINUOUS
10
32.9116999999999962
20
-68.0050969999999921
11
32.8861699999999999
21
-67.8439099999999939
0
LINE
8
BLACK
6
CONTINUOUS
10
32.8861699999999999
20
-67.8439099999999939
11
32.8710599999999999
21
-67.7485070000000036
0
LINE
8
BLACK
6
CONTINUOUS
10
32.8710599999999999
20
-67.7485070000000036
11
32.7907790000000006
21
-67.50142799999999
0
LINE
8
BLACK
6
CONTINUOUS
10
32.7907790000000006
20
-67.50142799999999
11
32.7907769999999985
21
-67.5014249999999976
0
LINE
8
BLACK
6
CONTINUOUS
10
32.7907769999999985
20
-67.5014249999999976
11
32.7907769999999985
21
-67.5014230000000026
0
LINE
8
BLACK
6
CONTINUOUS
10
32.7907769999999985
20
-67.5014230000000026
11
32.7261209999999991
21
-67.3745299999999929
0
LINE
8
BLACK
6
CONTINUOUS
10
32.7261209999999991
20
-67.3745299999999929
11
32.6728340000000017
21
-67.2699489999999969
0
LINE
8
BLACK
6
CONTINUOUS
10
32.6728340000000017
20
-67.2699489999999969
11
32.6279849999999954
21
-67.2082189999999997
0
LINE
8
BLACK
6
CONTINUOUS
10
32.6279849999999954
20
-67.2082189999999997
11
32.6045060000000007
21
-67.1424159999999972
0
LINE
8
BLACK
6
CONTINUOUS
10
32.6045060000000007
20
-67.1424159999999972
11
32.6203310000000002
21
-67.0743619999999936
0
LINE
8
BLACK
6
CONTINUOUS
10
32.6203310000000002
20
-67.0743619999999936
11
32.6406229999999979
21
-67.0476549999999918
0
LINE
8
BLACK
6
CONTINUOUS
10
32.6406229999999979
20
-67.0476549999999918
11
32.6813649999999996
21
-67.0069129999999973
0
LINE
8
BLACK
6
CONTINUOUS
10
32.6813649999999996
20
-67.0069129999999973
11
32.7410160000000019
21
-66.9472619999999949
0
LINE
8
BLACK
6
CONTINUOUS
10
32.7410160000000019
20
-66.9472619999999949
11
32.8369889999999955
21
-66.7945220000000006
0
LINE
8
BLACK
6
CONTINUOUS
10
32.8369889999999955
20
-66.7945220000000006
11
32.896568000000002
21
-66.6242549999999909
0
LINE
8
BLACK
6
CONTINUOUS
10
32.896568000000002
20
-66.6242549999999909
11
32.9116999999999962
21
-66.4899539999999973
0
LINE
8
BLACK
6
CONTINUOUS
10
32.9116999999999962
20
-66.4899539999999973
11
32.9116999999999962
21
-64.7000460000000004
0
LINE
8
BLACK
6
CONTINUOUS
10
32.9116999999999962
20
-64.7000460000000004
11
32.9057979999999972
21
-64.6476650000000035
0
LINE
8
BLACK
6
CONTINUOUS
10
32.9057979999999972
20
-64.6476650000000035
11
32.8965689999999995
21
-64.5657499999999942
0
LINE
8
BLACK
6
CONTINUOUS
10
32.8965689999999995
20
-64.5657499999999942
11
32.896568000000002
21
-64.5657449999999926
0
LINE
8
BLACK
6
CONTINUOUS
10
32.896568000000002
20
-64.5657449999999926
11
32.8555670000000006
21
-64.4485719999999986
0
LINE
8
BLACK
6
CONTINUOUS
10
32.8555670000000006
20
-64.4485719999999986
11
32.8369889999999955
21
-64.3954779999999971
0
LINE
8
BLACK
6
CONTINUOUS
10
32.8369889999999955
20
-64.3954779999999971
11
32.7410160000000019
21
-64.2427380000000028
0
LINE
8
BLACK
6
CONTINUOUS
10
32.7410160000000019
20
-64.2427380000000028
11
32.6134619999999984
21
-64.1151839999999993
0
LINE
8
BLACK
6
CONTINUOUS
10
32.6134619999999984
20
-64.1151839999999993
11
32.609263999999996
21
-64.1125459999999947
0
LINE
8
BLACK
6
CONTINUOUS
10
32.609263999999996
20
-64.1125459999999947
11
32.4607209999999995
21
-64.0192100000000011
0
LINE
8
BLACK
6
CONTINUOUS
10
32.4607209999999995
20
-64.0192100000000011
11
32.3389329999999973
21
-63.9765949999999961
0
LINE
8
BLACK
6
CONTINUOUS
10
32.3389329999999973
20
-63.9765949999999961
11
32.2821560000000005
21
-63.9358729999999937
0
LINE
8
BLACK
6
CONTINUOUS
10
32.2821560000000005
20
-63.9358729999999937
11
32.2564089999999979
21
-63.8709199999999981
0
LINE
8
BLACK
6
CONTINUOUS
10
32.2564089999999979
20
-63.8709199999999981
11
32.2698649999999958
21
-63.8023589999999956
0
LINE
8
BLACK
6
CONTINUOUS
10
32.2698649999999958
20
-63.8023589999999956
11
32.3182520000000011
21
-63.7519559999999998
0
LINE
8
BLACK
6
CONTINUOUS
10
32.3182520000000011
20
-63.7519559999999998
11
32.3798869999999965
21
-63.7355529999999959
0
LINE
8
BLACK
6
CONTINUOUS
10
32.3798869999999965
20
-63.7355529999999959
11
33.2166999999999959
21
-63.7355529999999959
0
LINE
8
BLACK
6
CONTINUOUS
10
33.2166999999999959
20
-63.7355529999999959
11
33.2166999999999959
21
-60.319983999999998
0
LINE
8
BLACK
6
CONTINUOUS
10
33.2166999999999959
20
-60.319983999999998
11
29.2342709999999997
21
-60.319983999999998
0
LINE
8
BLACK
6
CONTINUOUS
10
29.2342709999999997
20
-60.319983999999998
11
29.2342709999999997
21
-63.7355529999999959
0
LINE
8
BLACK
6
CONTINUOUS
10
29.2342709999999997
20
-63.7355529999999959
11
30.1425129999999974
21
-63.7355529999999959
0
LINE
8
BLACK
6
CONTINUOUS
10
30.1425129999999974
20
-63.7355529999999959
11
30.2095519999999986
21
-63.7552379999999985
0
LINE
8
BLACK
6
CONTINUOUS
10
30.2095519999999986
20
-63.7552379999999985
11
30.2553069999999984
21
-63.8080420000000004
0
LINE
8
BLACK
6
CONTINUOUS
10
30.2553069999999984
20
-63.8080420000000004
11
30.2652509999999992
21
-63.8771999999999949
0
LINE
8
BLACK
6
CONTINUOUS
10
30.2652509999999992
20
-63.8771999999999949
11
30.2362259999999985
21
-63.9407560000000004
0
LINE
8
BLACK
6
CONTINUOUS
10
30.2362259999999985
20
-63.9407560000000004
11
30.1834670000000003
21
-63.9765949999999961
0
LINE
8
BLACK
6
CONTINUOUS
10
30.1834670000000003
20
-63.9765949999999961
11
30.061677999999997
21
-64.0192100000000011
0
LINE
8
BLACK
6
CONTINUOUS
10
30.061677999999997
20
-64.0192100000000011
11
29.9089369999999981
21
-64.1151839999999993
0
LINE
8
BLACK
6
CONTINUOUS
10
29.9089369999999981
20
-64.1151839999999993
11
29.7813839999999992
21
-64.2427369999999911
0
LINE
8
BLACK
6
CONTINUOUS
10
29.7813839999999992
20
-64.2427369999999911
11
29.6854109999999984
21
-64.3954760000000022
0
LINE
8
BLACK
6
CONTINUOUS
10
29.6854109999999984
20
-64.3954760000000022
11
29.625830999999998
21
-64.5657449999999926
0
LINE
8
BLACK
6
CONTINUOUS
10
29.625830999999998
20
-64.5657449999999926
11
29.625829999999997
21
-64.5657499999999942
0
LINE
8
BLACK
6
CONTINUOUS
10
29.625829999999997
20
-64.5657499999999942
11
29.6106999999999978
21
-64.7000390000000039
0
LINE
8
BLACK
6
CONTINUOUS
10
29.6106999999999978
20
-64.7000390000000039
11
29.6106999999999978
21
-66.4899599999999964
0
LINE
8
BLACK
6
CONTINUOUS
10
29.6106999999999978
20
-66.4899599999999964
11
29.625829999999997
21
-66.6242489999999918
0
LINE
8
BLACK
6
CONTINUOUS
10
29.625829999999997
20
-66.6242489999999918
11
29.625830999999998
21
-66.6242539999999934
0
LINE
8
BLACK
6
CONTINUOUS
10
29.625830999999998
20
-66.6242539999999934
11
29.6854109999999984
21
-66.7945229999999981
0
LINE
8
BLACK
6
CONTINUOUS
10
29.6854109999999984
20
-66.7945229999999981
11
29.7813839999999992
21
-66.9472619999999949
0
LINE
8
BLACK
6
CONTINUOUS
10
29.7813839999999992
20
-66.9472619999999949
11
29.8817759999999986
21
-67.0476539999999943
0
LINE
8
BLACK
6
CONTINUOUS
10
29.8817759999999986
20
-67.0476539999999943
11
29.9152609999999974
21
-67.1089769999999959
0
LINE
8
BLACK
6
CONTINUOUS
10
29.9152609999999974
20
-67.1089769999999959
11
29.9102769999999971
21
-67.1786689999999993
0
LINE
8
BLACK
6
CONTINUOUS
10
29.9102769999999971
20
-67.1786689999999993
11
29.8944139999999976
21
-67.2082189999999997
0
LINE
8
BLACK
6
CONTINUOUS
10
29.8944139999999976
20
-67.2082189999999997
11
29.8495670000000004
21
-67.2699459999999902
0
LINE
8
BLACK
6
CONTINUOUS
10
29.8495670000000004
20
-67.2699459999999902
11
29.731621999999998
21
-67.5014230000000026
0
LINE
8
BLACK
6
CONTINUOUS
10
29.731621999999998
20
-67.5014230000000026
11
29.6513399999999976
21
-67.7485059999999919
0
LINE
8
BLACK
6
CONTINUOUS
10
29.6513399999999976
20
-67.7485059999999919
11
29.6106999999999978
21
-68.0050969999999921
0
LINE
8
BLACK
6
CONTINUOUS
10
29.6106999999999978
20
-68.0050969999999921
11
29.6106999999999978
21
-68.2649019999999922
0
LINE
8
BLACK
6
CONTINUOUS
10
29.6106999999999978
20
-68.2649019999999922
11
29.6513399999999976
21
-68.5214929999999924
0
LINE
8
BLACK
6
CONTINUOUS
10
29.6513399999999976
20
-68.5214929999999924
11
29.731621999999998
21
-68.7685759999999959
0
LINE
8
BLACK
6
CONTINUOUS
10
29.731621999999998
20
-68.7685759999999959
11
29.8495679999999979
21
-69.0000539999999916
0
LINE
8
BLACK
6
CONTINUOUS
10
29.8495679999999979
20
-69.0000539999999916
11
30.0022659999999988
21
-69.2102249999999941
0
LINE
8
BLACK
6
CONTINUOUS
10
30.0022659999999988
20
-69.2102249999999941
11
30.0022710000000004
21
-69.2102309999999932
0
LINE
8
BLACK
6
CONTINUOUS
10
30.0022710000000004
20
-69.2102309999999932
11
30.1093589999999978
21
-69.3173189999999977
0
LINE
8
BLACK
6
CONTINUOUS
10
30.1093589999999978
20
-69.3173189999999977
11
30.1428440000000002
21
-69.3786419999999993
0
LINE
8
BLACK
6
CONTINUOUS
10
30.1428440000000002
20
-69.3786419999999993
11
30.1378599999999999
21
-69.4483340000000027
0
LINE
8
BLACK
6
CONTINUOUS
10
30.1378599999999999
20
-69.4483340000000027
11
30.1093589999999978
21
-69.4926809999999904
0
LINE
8
BLACK
6
CONTINUOUS
10
30.1093589999999978
20
-69.4926809999999904
11
30.0022710000000004
21
-69.5997679999999974
0
LINE
8
BLACK
6
CONTINUOUS
10
30.0022710000000004
20
-69.5997679999999974
11
30.0022659999999988
21
-69.5997739999999965
0
LINE
8
BLACK
6
CONTINUOUS
10
30.0022659999999988
20
-69.5997739999999965
11
29.8495679999999979
21
-69.809944999999999
0
LINE
8
BLACK
6
CONTINUOUS
10
29.8495679999999979
20
-69.809944999999999
11
29.731621999999998
21
-70.0414229999999947
0
LINE
8
BLACK
6
CONTINUOUS
10
29.731621999999998
20
-70.0414229999999947
11
29.6513399999999976
21
-70.2885059999999982
0
LINE
8
BLACK
6
CONTINUOUS
10
29.6513399999999976
20
-70.2885059999999982
11
29.6106999999999978
21
-70.5450969999999984
0
LINE
8
BLACK
6
CONTINUOUS
10
29.6106999999999978
20
-70.5450969999999984
11
29.6106999999999978
21
-70.8049019999999985
0
LINE
8
BLACK
6
CONTINUOUS
10
29.6106999999999978
20
-70.8049019999999985
11
29.6513399999999976
21
-71.0614929999999987
0
LINE
8
BLACK
6
CONTINUOUS
10
29.6513399999999976
20
-71.0614929999999987
11
29.731621999999998
21
-71.3085760000000022
0
LINE
8
BLACK
6
CONTINUOUS
10
29.731621999999998
20
-71.3085760000000022
11
29.8495679999999979
21
-71.5400539999999978
0
LINE
8
BLACK
6
CONTINUOUS
10
29.8495679999999979
20
-71.5400539999999978
11
30.0022659999999988
21
-71.7502250000000004
0
LINE
8
BLACK
6
CONTINUOUS
10
30.0022659999999988
20
-71.7502250000000004
11
30.0022710000000004
21
-71.7502309999999994
0
LINE
8
BLACK
6
CONTINUOUS
10
30.0022710000000004
20
-71.7502309999999994
11
30.1093589999999978
21
-71.8573189999999897
0
LINE
8
BLACK
6
CONTINUOUS
10
30.1093589999999978
20
-71.8573189999999897
11
30.1428440000000002
21
-71.9186419999999913
0
LINE
8
BLACK
6
CONTINUOUS
10
30.1428440000000002
20
-71.9186419999999913
11
30.1378599999999999
21
-71.9883339999999947
0
LINE
8
BLACK
6
CONTINUOUS
10
30.1378599999999999
20
-71.9883339999999947
11
30.1093589999999978
21
-72.0326809999999966
0
LINE
8
BLACK
6
CONTINUOUS
10
30.1093589999999978
20
-72.0326809999999966
11
30.0022710000000004
21
-72.1397680000000037
0
LINE
8
BLACK
6
CONTINUOUS
10
30.0022710000000004
20
-72.1397680000000037
11
30.0022659999999988
21
-72.1397740000000027
0
LINE
8
BLACK
6
CONTINUOUS
10
30.0022659999999988
20
-72.1397740000000027
11
29.8495679999999979
21
-72.3499449999999911
0
LINE
8
BLACK
6
CONTINUOUS
10
29.8495679999999979
20
-72.3499449999999911
11
29.731621999999998
21
-72.5814230000000009
0
LINE
8
BLACK
6
CONTINUOUS
10
29.731621999999998
20
-72.5814230000000009
11
29.6513399999999976
21
-72.8285059999999902
0
LINE
8
BLACK
6
CONTINUOUS
10
29.6513399999999976
20
-72.8285059999999902
11
29.6106999999999978
21
-73.0850969999999904
0
LINE
8
BLACK
6
CONTINUOUS
10
29.6106999999999978
20
-73.0850969999999904
11
29.6106999999999978
21
-73.3449019999999905
0
LINE
8
BLACK
6
CONTINUOUS
10
29.6106999999999978
20
-73.3449019999999905
11
29.6513399999999976
21
-73.6014929999999907
0
LINE
8
BLACK
6
CONTINUOUS
10
29.6513399999999976
20
-73.6014929999999907
11
29.731621999999998
21
-73.8485759999999942
0
LINE
8
BLACK
6
CONTINUOUS
10
29.731621999999998
20
-73.8485759999999942
11
29.8495679999999979
21
-74.0800539999999899
0
LINE
8
BLACK
6
CONTINUOUS
10
29.8495679999999979
20
-74.0800539999999899
11
29.8676209999999998
21
-74.1049019999999956
0
LINE
8
BLACK
6
CONTINUOUS
10
29.8676209999999998
20
-74.1049019999999956
11
30.0022689999999983
21
-74.2902289999999965
0
LINE
8
BLACK
6
CONTINUOUS
10
30.0022689999999983
20
-74.2902289999999965
11
30.1859709999999986
21
-74.4739309999999932
0
LINE
8
BLACK
6
CONTINUOUS
10
30.1859709999999986
20
-74.4739309999999932
11
30.3961489999999976
21
-74.6266339999999957
0
LINE
8
BLACK
6
CONTINUOUS
10
30.3961489999999976
20
-74.6266339999999957
11
30.5436449999999979
21
-74.7017869999999959
0
LINE
8
BLACK
6
CONTINUOUS
10
30.5436449999999979
20
-74.7017869999999959
11
30.6276229999999998
21
-74.7445769999999925
0
LINE
8
BLACK
6
CONTINUOUS
10
30.6276229999999998
20
-74.7445769999999925
11
30.6276249999999983
21
-74.7445769999999925
0
LINE
8
BLACK
6
CONTINUOUS
10
30.6276249999999983
20
-74.7445769999999925
11
30.6276279999999979
21
-74.7445790000000017
0
LINE
8
BLACK
6
CONTINUOUS
10
30.6276279999999979
20
-74.7445790000000017
11
30.8747069999999972
21
-74.824860000000001
0
LINE
8
BLACK
6
CONTINUOUS
10
30.8747069999999972
20
-74.824860000000001
11
31.0069059999999972
21
-74.8457969999999904
0
LINE
8
BLACK
6
CONTINUOUS
10
31.0069059999999972
20
-74.8457969999999904
11
31.1312979999999975
21
-74.8654999999999973
0
LINE
8
BLACK
6
CONTINUOUS
10
31.1312979999999975
20
-74.8654999999999973
11
31.1313029999999991
21
-74.8654999999999973
0
LINE
8
BLACK
6
CONTINUOUS
10
31.1313029999999991
20
-74.8654999999999973
11
31.3911020000000001
21
-74.8654999999999973
0
LINE
8
BLACK
6
CONTINUOUS
10
31.3911020000000001
20
-74.8654999999999973
11
31.5044979999999981
21
-74.8475389999999976
0
LINE
8
BLACK
6
CONTINUOUS
10
31.5044979999999981
20
-74.8475389999999976
11
31.6476930000000003
21
-74.824860000000001
0
LINE
8
BLACK
6
CONTINUOUS
10
31.6476930000000003
20
-74.824860000000001
11
31.8947719999999997
21
-74.7445790000000017
0
LINE
8
BLACK
6
CONTINUOUS
10
31.8947719999999997
20
-74.7445790000000017
11
32.1262509999999963
21
-74.6266339999999957
0
LINE
8
BLACK
6
CONTINUOUS
10
32.1262509999999963
20
-74.6266339999999957
11
32.2581580000000017
21
-74.5307959999999952
0
LINE
8
BLACK
6
CONTINUOUS
10
32.2581580000000017
20
-74.5307959999999952
11
32.3116389999999996
21
-74.5086419999999947
0
LINE
8
BLACK
6
CONTINUOUS
10
32.3116389999999996
20
-74.5086419999999947
11
32.4705349999999981
21
-74.4834769999999935
0
LINE
8
BLACK
6
CONTINUOUS
10
32.4705349999999981
20
-74.4834769999999935
11
32.5678759999999983
21
-74.4518479999999983
0
LINE
8
BLACK
6
CONTINUOUS
10
32.5678759999999983
20
-74.4518479999999983
11
32.6652190000000004
21
-74.4202200000000005
0
LINE
8
BLACK
6
CONTINUOUS
10
32.6652190000000004
20
-74.4202200000000005
11
32.7804769999999976
21
-74.3614929999999958
0
LINE
8
BLACK
6
CONTINUOUS
10
32.7804769999999976
20
-74.3614929999999958
11
32.8476110000000006
21
-74.3272869999999983
0
LINE
8
BLACK
6
CONTINUOUS
10
32.8476110000000006
20
-74.3272869999999983
11
33.0132189999999994
21
-74.2069659999999942
0
LINE
8
BLACK
6
CONTINUOUS
10
33.0132189999999994
20
-74.2069659999999942
11
53.4240189999999942
21
-53.7961659999999995
0
LINE
8
BLACK
6
CONTINUOUS
10
53.4240189999999942
20
-53.7961659999999995
11
53.4853419999999957
21
-53.7626810000000006
0
LINE
8
BLACK
6
CONTINUOUS
10
53.4853419999999957
20
-53.7626810000000006
11
53.5550339999999991
21
-53.7676650000000009
0
LINE
8
BLACK
6
CONTINUOUS
10
53.5550339999999991
20
-53.7676650000000009
11
53.6109669999999952
21
-53.8095369999999988
0
LINE
8
BLACK
6
CONTINUOUS
10
53.6109669999999952
20
-53.8095369999999988
11
53.6353839999999948
21
-53.8750009999999975
0
LINE
8
BLACK
6
CONTINUOUS
10
53.6353839999999948
20
-53.8750009999999975
11
53.6356999999999999
21
-53.8838469999999958
0
LINE
8
BLACK
6
CONTINUOUS
10
53.6356999999999999
20
-53.8838469999999958
11
53.6356999999999999
21
-54.5499599999999987
0
LINE
8
BLACK
6
CONTINUOUS
10
53.6356999999999999
20
-54.5499599999999987
11
53.6508299999999991
21
-54.6842489999999941
0
LINE
8
BLACK
6
CONTINUOUS
10
53.6508299999999991
20
-54.6842489999999941
11
53.6508309999999966
21
-54.6842539999999957
0
LINE
8
BLACK
6
CONTINUOUS
10
53.6508309999999966
20
-54.6842539999999957
11
53.7104110000000006
21
-54.8545230000000004
0
LINE
8
BLACK
6
CONTINUOUS
10
53.7104110000000006
20
-54.8545230000000004
11
53.8063839999999942
21
-55.0072619999999972
0
LINE
8
BLACK
6
CONTINUOUS
10
53.8063839999999942
20
-55.0072619999999972
11
53.9067760000000007
21
-55.1076539999999966
0
LINE
8
BLACK
6
CONTINUOUS
10
53.9067760000000007
20
-55.1076539999999966
11
53.9402609999999996
21
-55.1689769999999982
0
LINE
8
BLACK
6
CONTINUOUS
10
53.9402609999999996
20
-55.1689769999999982
11
53.9352769999999992
21
-55.2386689999999945
0
LINE
8
BLACK
6
CONTINUOUS
10
53.9352769999999992
20
-55.2386689999999945
11
53.9194139999999962
21
-55.2682189999999949
0
LINE
8
BLACK
6
CONTINUOUS
10
53.9194139999999962
20
-55.2682189999999949
11
53.874566999999999
21
-55.3299459999999996
0
LINE
8
BLACK
6
CONTINUOUS
10
53.874566999999999
20
-55.3299459999999996
11
53.7566220000000001
21
-55.5614229999999978
0
LINE
8
BLACK
6
CONTINUOUS
10
53.7566220000000001
20
-55.5614229999999978
11
53.6763399999999962
21
-55.8085059999999942
0
LINE
8
BLACK
6
CONTINUOUS
10
53.6763399999999962
20
-55.8085059999999942
11
53.6356999999999999
21
-56.0650969999999944
0
LINE
8
BLACK
6
CONTINUOUS
10
53.6356999999999999
20
-56.0650969999999944
11
53.6356999999999999
21
-56.3249019999999945
0
LINE
8
BLACK
6
CONTINUOUS
10
53.6356999999999999
20
-56.3249019999999945
11
53.6763399999999962
21
-56.5814929999999947
0
LINE
8
BLACK
6
CONTINUOUS
10
53.6763399999999962
20
-56.5814929999999947
11
53.7566220000000001
21
-56.8285759999999982
0
LINE
8
BLACK
6
CONTINUOUS
10
53.7566220000000001
20
-56.8285759999999982
11
53.8745679999999965
21
-57.0600540000000009
0
LINE
8
BLACK
6
CONTINUOUS
10
53.8745679999999965
20
-57.0600540000000009
11
54.0272659999999973
21
-57.2702249999999964
0
LINE
8
BLACK
6
CONTINUOUS
10
54.0272659999999973
20
-57.2702249999999964
11
54.0272709999999989
21
-57.2702309999999954
0
LINE
8
BLACK
6
CONTINUOUS
10
54.0272709999999989
20
-57.2702309999999954
11
54.1343589999999963
21
-57.377319
0
LINE
8
BLACK
6
CONTINUOUS
10
54.1343589999999963
20
-57.377319
11
54.1678439999999952
21
-57.4386419999999944
0
LINE
8
BLACK
6
CONTINUOUS
10
54.1678439999999952
20
-57.4386419999999944
11
54.1628599999999949
21
-57.5083339999999978
0
LINE
8
BLACK
6
CONTINUOUS
10
54.1628599999999949
20
-57.5083339999999978
11
54.1343589999999963
21
-57.5526809999999998
0
LINE
8
BLACK
6
CONTINUOUS
10
54.1343589999999963
20
-57.5526809999999998
11
54.0272709999999989
21
-57.6597679999999997
0
LINE
8
BLACK
6
CONTINUOUS
10
54.0272709999999989
20
-57.6597679999999997
11
54.0272659999999973
21
-57.6597739999999988
0
LINE
8
BLACK
6
CONTINUOUS
10
54.0272659999999973
20
-57.6597739999999988
11
53.8745679999999965
21
-57.8699449999999942
0
LINE
8
BLACK
6
CONTINUOUS
10
53.8745679999999965
20
-57.8699449999999942
11
53.7566220000000001
21
-58.1014229999999969
0
LINE
8
BLACK
6
CONTINUOUS
10
53.7566220000000001
20
-58.1014229999999969
11
53.6763399999999962
21
-58.3485060000000004
0
LINE
8
BLACK
6
CONTINUOUS
10
53.6763399999999962
20
-58.3485060000000004
11
53.6356999999999999
21
-58.6050970000000007
0
LINE
8
BLACK
6
CONTINUOUS
10
53.6356999999999999
20
-58.6050970000000007
11
53.6356999999999999
21
-58.8649020000000007
0
LINE
8
BLACK
6
CONTINUOUS
10
53.6356999999999999
20
-58.8649020000000007
11
53.6763399999999962
21
-59.1214929999999939
0
LINE
8
BLACK
6
CONTINUOUS
10
53.6763399999999962
20
-59.1214929999999939
11
53.7566220000000001
21
-59.3685759999999974
0
LINE
8
BLACK
6
CONTINUOUS
10
53.7566220000000001
20
-59.3685759999999974
11
53.8745679999999965
21
-59.6000540000000001
0
LINE
8
BLACK
6
CONTINUOUS
10
53.8745679999999965
20
-59.6000540000000001
11
54.0272659999999973
21
-59.8102249999999955
0
LINE
8
BLACK
6
CONTINUOUS
10
54.0272659999999973
20
-59.8102249999999955
11
54.0272709999999989
21
-59.8102309999999946
0
LINE
8
BLACK
6
CONTINUOUS
10
54.0272709999999989
20
-59.8102309999999946
11
54.1343589999999963
21
-59.9173189999999991
0
LINE
8
BLACK
6
CONTINUOUS
10
54.1343589999999963
20
-59.9173189999999991
11
54.1678439999999952
21
-59.9786420000000007
0
LINE
8
BLACK
6
CONTINUOUS
10
54.1678439999999952
20
-59.9786420000000007
11
54.1628599999999949
21
-60.048333999999997
0
LINE
8
BLACK
6
CONTINUOUS
10
54.1628599999999949
20
-60.048333999999997
11
54.1343589999999963
21
-60.0926809999999989
0
LINE
8
BLACK
6
CONTINUOUS
10
54.1343589999999963
20
-60.0926809999999989
11
54.0272709999999989
21
-60.1997679999999988
0
LINE
8
BLACK
6
CONTINUOUS
10
54.0272709999999989
20
-60.1997679999999988
11
54.0272659999999973
21
-60.1997739999999979
0
LINE
8
BLACK
6
CONTINUOUS
10
54.0272659999999973
20
-60.1997739999999979
11
53.8745679999999965
21
-60.4099450000000004
0
LINE
8
BLACK
6
CONTINUOUS
10
53.8745679999999965
20
-60.4099450000000004
11
53.7566220000000001
21
-60.6414229999999961
0
LINE
8
BLACK
6
CONTINUOUS
10
53.7566220000000001
20
-60.6414229999999961
11
53.6763399999999962
21
-60.8885059999999996
0
LINE
8
BLACK
6
CONTINUOUS
10
53.6763399999999962
20
-60.8885059999999996
11
53.6356999999999999
21
-61.1450969999999998
0
LINE
8
BLACK
6
CONTINUOUS
10
53.6356999999999999
20
-61.1450969999999998
11
53.6356999999999999
21
-61.4049019999999999
0
LINE
8
BLACK
6
CONTINUOUS
10
53.6356999999999999
20
-61.4049019999999999
11
53.6763399999999962
21
-61.6614930000000001
0
LINE
8
BLACK
6
CONTINUOUS
10
53.6763399999999962
20
-61.6614930000000001
11
53.7566220000000001
21
-61.9085759999999965
0
LINE
8
BLACK
6
CONTINUOUS
10
53.7566220000000001
20
-61.9085759999999965
11
53.8745679999999965
21
-62.1400539999999992
0
LINE
8
BLACK
6
CONTINUOUS
10
53.8745679999999965
20
-62.1400539999999992
11
54.0272659999999973
21
-62.3502249999999947
0
LINE
8
BLACK
6
CONTINUOUS
10
54.0272659999999973
20
-62.3502249999999947
11
54.0272709999999989
21
-62.3502309999999937
0
LINE
8
BLACK
6
CONTINUOUS
10
54.0272709999999989
20
-62.3502309999999937
11
54.1343589999999963
21
-62.4573189999999983
0
LINE
8
BLACK
6
CONTINUOUS
10
54.1343589999999963
20
-62.4573189999999983
11
54.1678439999999952
21
-62.5186419999999998
0
LINE
8
BLACK
6
CONTINUOUS
10
54.1678439999999952
20
-62.5186419999999998
11
54.1628599999999949
21
-62.5883339999999961
0
LINE
8
BLACK
6
CONTINUOUS
10
54.1628599999999949
20
-62.5883339999999961
11
54.1343589999999963
21
-62.6326809999999981
0
LINE
8
BLACK
6
CONTINUOUS
10
54.1343589999999963
20
-62.6326809999999981
11
54.0272709999999989
21
-62.739767999999998
0
LINE
8
BLACK
6
CONTINUOUS
10
54.0272709999999989
20
-62.739767999999998
11
54.0272659999999973
21
-62.739773999999997
0
LINE
8
BLACK
6
CONTINUOUS
10
54.0272659999999973
20
-62.739773999999997
11
53.8745679999999965
21
-62.9499449999999996
0
LINE
8
BLACK
6
CONTINUOUS
10
53.8745679999999965
20
-62.9499449999999996
11
53.7566220000000001
21
-63.1814229999999952
0
LINE
8
BLACK
6
CONTINUOUS
10
53.7566220000000001
20
-63.1814229999999952
11
53.6763399999999962
21
-63.4285059999999987
0
LINE
8
BLACK
6
CONTINUOUS
10
53.6763399999999962
20
-63.4285059999999987
11
53.6356999999999999
21
-63.685096999999999
0
LINE
8
BLACK
6
CONTINUOUS
10
53.6356999999999999
20
-63.685096999999999
11
53.6356999999999999
21
-63.944901999999999
0
LINE
8
BLACK
6
CONTINUOUS
10
53.6356999999999999
20
-63.944901999999999
11
53.6763399999999962
21
-64.2014929999999993
0
LINE
8
BLACK
6
CONTINUOUS
10
53.6763399999999962
20
-64.2014929999999993
11
53.7566220000000001
21
-64.4485760000000028
0
LINE
8
BLACK
6
CONTINUOUS
10
53.7566220000000001
20
-64.4485760000000028
11
53.8159899999999993
21
-64.5650899999999979
0
LINE
8
BLACK
6
CONTINUOUS
10
53.8159899999999993
20
-64.5650899999999979
11
53.8580639999999988
21
-64.6476650000000035
0
LINE
8
BLACK
6
CONTINUOUS
10
53.8580639999999988
20
-64.6476650000000035
11
53.8745679999999965
21
-64.6800539999999984
0
LINE
8
BLACK
6
CONTINUOUS
10
53.8745679999999965
20
-64.6800539999999984
11
54.0272659999999973
21
-64.8902250000000009
0
LINE
8
BLACK
6
CONTINUOUS
10
54.0272659999999973
20
-64.8902250000000009
11
54.0272709999999989
21
-64.890231
0
LINE
8
BLACK
6
CONTINUOUS
10
54.0272709999999989
20
-64.890231
11
54.1343589999999963
21
-64.9973189999999903
0
LINE
8
BLACK
6
CONTINUOUS
10
54.1343589999999963
20
-64.9973189999999903
11
54.1678439999999952
21
-65.0586419999999919
0
LINE
8
BLACK
6
CONTINUOUS
10
54.1678439999999952
20
-65.0586419999999919
11
54.1628599999999949
21
-65.1283339999999953
0
LINE
8
BLACK
6
CONTINUOUS
10
54.1628599999999949
20
-65.1283339999999953
11
54.1343589999999963
21
-65.1726809999999972
0
LINE
8
BLACK
6
CONTINUOUS
10
54.1343589999999963
20
-65.1726809999999972
11
54.0272709999999989
21
-65.27976799999999
0
LINE
8
BLACK
6
CONTINUOUS
10
54.0272709999999989
20
-65.27976799999999
11
54.0272659999999973
21
-65.2797740000000033
0
LINE
8
BLACK
6
CONTINUOUS
10
54.0272659999999973
20
-65.2797740000000033
11
53.8745679999999965
21
-65.4899449999999916
0
LINE
8
BLACK
6
CONTINUOUS
10
53.8745679999999965
20
-65.4899449999999916
11
53.7566220000000001
21
-65.7214230000000015
0
LINE
8
BLACK
6
CONTINUOUS
10
53.7566220000000001
20
-65.7214230000000015
11
53.6763399999999962
21
-65.9685059999999908
0
LINE
8
BLACK
6
CONTINUOUS
10
53.6763399999999962
20
-65.9685059999999908
11
53.6356999999999999
21
-66.225096999999991
0
LINE
8
BLACK
6
CONTINUOUS
10
53.6356999999999999
20
-66.225096999999991
11
53.6356999999999999
21
-66.4849019999999911
0
LINE
8
BLACK
6
CONTINUOUS
10
53.6356999999999999
20
-66.4849019999999911
11
53.6763399999999962
21
-66.7414929999999913
0
LINE
8
BLACK
6
CONTINUOUS
10
53.6763399999999962
20
-66.7414929999999913
11
53.7566220000000001
21
-66.9885759999999948
0
LINE
8
BLACK
6
CONTINUOUS
10
53.7566220000000001
20
-66.9885759999999948
11
53.818677000000001
21
-67.1103629999999924
0
LINE
8
BLACK
6
CONTINUOUS
10
53.818677000000001
20
-67.1103629999999924
11
53.8685369999999963
21
-67.2082189999999997
0
LINE
8
BLACK
6
CONTINUOUS
10
53.8685369999999963
20
-67.2082189999999997
11
53.8745679999999965
21
-67.2200539999999904
0
LINE
8
BLACK
6
CONTINUOUS
10
53.8745679999999965
20
-67.2200539999999904
11
54.0272659999999973
21
-67.430224999999993
0
LINE
8
BLACK
6
CONTINUOUS
10
54.0272659999999973
20
-67.430224999999993
11
54.0272709999999989
21
-67.430230999999992
0
LINE
8
BLACK
6
CONTINUOUS
10
54.0272709999999989
20
-67.430230999999992
11
54.1343589999999963
21
-67.5373189999999965
0
LINE
8
BLACK
6
CONTINUOUS
10
54.1343589999999963
20
-67.5373189999999965
11
54.1678439999999952
21
-67.5986419999999981
0
LINE
8
BLACK
6
CONTINUOUS
10
54.1678439999999952
20
-67.5986419999999981
11
54.1628599999999949
21
-67.6683340000000015
0
LINE
8
BLACK
6
CONTINUOUS
10
54.1628599999999949
20
-67.6683340000000015
11
54.1343589999999963
21
-67.7126810000000035
0
LINE
8
BLACK
6
CONTINUOUS
10
54.1343589999999963
20
-67.7126810000000035
11
54.0272709999999989
21
-67.8197679999999963
0
LINE
8
BLACK
6
CONTINUOUS
10
54.0272709999999989
20
-67.8197679999999963
11
54.0272659999999973
21
-67.8197739999999953
0
LINE
8
BLACK
6
CONTINUOUS
10
54.0272659999999973
20
-67.8197739999999953
11
53.8745679999999965
21
-68.0299449999999979
0
LINE
8
BLACK
6
CONTINUOUS
10
53.8745679999999965
20
-68.0299449999999979
11
53.7566220000000001
21
-68.2614229999999935
0
LINE
8
BLACK
6
CONTINUOUS
10
53.7566220000000001
20
-68.2614229999999935
11
53.6763399999999962
21
-68.508505999999997
0
LINE
8
BLACK
6
CONTINUOUS
10
53.6763399999999962
20
-68.508505999999997
11
53.6356999999999999
21
-68.7650969999999973
0
LINE
8
BLACK
6
CONTINUOUS
10
53.6356999999999999
20
-68.7650969999999973
11
53.6356999999999999
21
-69.0249019999999973
0
LINE
8
BLACK
6
CONTINUOUS
10
53.6356999999999999
20
-69.0249019999999973
11
53.6763399999999962
21
-69.2814929999999976
0
LINE
8
BLACK
6
CONTINUOUS
10
53.6763399999999962
20
-69.2814929999999976
11
53.7566220000000001
21
-69.528576000000001
0
LINE
8
BLACK
6
CONTINUOUS
10
53.7566220000000001
20
-69.528576000000001
11
53.8745679999999965
21
-69.7600539999999967
0
LINE
8
BLACK
6
CONTINUOUS
10
53.8745679999999965
20
-69.7600539999999967
11
54.0272659999999973
21
-69.9702249999999992
0
LINE
8
BLACK
6
CONTINUOUS
10
54.0272659999999973
20
-69.9702249999999992
11
54.0272709999999989
21
-69.9702309999999983
0
LINE
8
BLACK
6
CONTINUOUS
10
54.0272709999999989
20
-69.9702309999999983
11
54.1343589999999963
21
-70.0773190000000028
0
LINE
8
BLACK
6
CONTINUOUS
10
54.1343589999999963
20
-70.0773190000000028
11
54.1678439999999952
21
-70.1386419999999902
0
LINE
8
BLACK
6
CONTINUOUS
10
54.1678439999999952
20
-70.1386419999999902
11
54.1628599999999949
21
-70.2083339999999936
0
LINE
8
BLACK
6
CONTINUOUS
10
54.1628599999999949
20
-70.2083339999999936
11
54.1343589999999963
21
-70.2526809999999955
0
LINE
8
BLACK
6
CONTINUOUS
10
54.1343589999999963
20
-70.2526809999999955
11
54.0272709999999989
21
-70.3597680000000025
0
LINE
8
BLACK
6
CONTINUOUS
10
54.0272709999999989
20
-70.3597680000000025
11
54.0272659999999973
21
-70.3597740000000016
0
LINE
8
BLACK
6
CONTINUOUS
10
54.0272659999999973
20
-70.3597740000000016
11
53.8745679999999965
21
-70.5699449999999899
0
LINE
8
BLACK
6
CONTINUOUS
10
53.8745679999999965
20
-70.5699449999999899
11
53.7566220000000001
21
-70.8014229999999998
0
LINE
8
BLACK
6
CONTINUOUS
10
53.7566220000000001
20
-70.8014229999999998
11
53.6763399999999962
21
-71.0485060000000033
0
LINE
8
BLACK
6
CONTINUOUS
10
53.6763399999999962
20
-71.0485060000000033
11
53.6356999999999999
21
-71.3050970000000035
0
LINE
8
BLACK
6
CONTINUOUS
10
53.6356999999999999
20
-71.3050970000000035
11
53.6356999999999999
21
-71.5649020000000036
0
LINE
8
BLACK
6
CONTINUOUS
10
53.6356999999999999
20
-71.5649020000000036
11
53.6763399999999962
21
-71.8214930000000038
0
LINE
8
BLACK
6
CONTINUOUS
10
53.6763399999999962
20
-71.8214930000000038
11
53.7566220000000001
21
-72.0685759999999931
0
LINE
8
BLACK
6
CONTINUOUS
10
53.7566220000000001
20
-72.0685759999999931
11
53.8745679999999965
21
-72.3000540000000029
0
LINE
8
BLACK
6
CONTINUOUS
10
53.8745679999999965
20
-72.3000540000000029
11
54.0272659999999973
21
-72.5102249999999913
0
LINE
8
BLACK
6
CONTINUOUS
10
54.0272659999999973
20
-72.5102249999999913
11
54.0272709999999989
21
-72.5102309999999903
0
LINE
8
BLACK
6
CONTINUOUS
10
54.0272709999999989
20
-72.5102309999999903
11
54.1343589999999963
21
-72.6173189999999948
0
LINE
8
BLACK
6
CONTINUOUS
10
54.1343589999999963
20
-72.6173189999999948
11
54.1678439999999952
21
-72.6786419999999964
0
LINE
8
BLACK
6
CONTINUOUS
10
54.1678439999999952
20
-72.6786419999999964
11
54.1628599999999949
21
-72.7483339999999998
0
LINE
8
BLACK
6
CONTINUOUS
10
54.1628599999999949
20
-72.7483339999999998
11
54.1343589999999963
21
-72.7926810000000017
0
LINE
8
BLACK
6
CONTINUOUS
10
54.1343589999999963
20
-72.7926810000000017
11
54.0272709999999989
21
-72.8997679999999946
0
LINE
8
BLACK
6
CONTINUOUS
10
54.0272709999999989
20
-72.8997679999999946
11
54.0272659999999973
21
-72.8997739999999936
0
LINE
8
BLACK
6
CONTINUOUS
10
54.0272659999999973
20
-72.8997739999999936
11
53.8745679999999965
21
-73.1099449999999962
0
LINE
8
BLACK
6
CONTINUOUS
10
53.8745679999999965
20
-73.1099449999999962
11
53.7566220000000001
21
-73.3414229999999918
0
LINE
8
BLACK
6
CONTINUOUS
10
53.7566220000000001
20
-73.3414229999999918
11
53.6763399999999962
21
-73.5885059999999953
0
LINE
8
BLACK
6
CONTINUOUS
10
53.6763399999999962
20
-73.5885059999999953
11
53.6356999999999999
21
-73.8450969999999955
0
LINE
8
BLACK
6
CONTINUOUS
10
53.6356999999999999
20
-73.8450969999999955
11
53.6356999999999999
21
-74.1049019999999956
0
LINE
8
BLACK
6
CONTINUOUS
10
53.6356999999999999
20
-74.1049019999999956
11
53.6763399999999962
21
-74.3614929999999958
0
LINE
8
BLACK
6
CONTINUOUS
10
53.6763399999999962
20
-74.3614929999999958
11
53.7566220000000001
21
-74.6085759999999993
0
LINE
8
BLACK
6
CONTINUOUS
10
53.7566220000000001
20
-74.6085759999999993
11
53.8019079999999974
21
-74.6974529999999959
0
LINE
8
BLACK
6
CONTINUOUS
10
53.8019079999999974
20
-74.6974529999999959
11
53.8668249999999986
21
-74.8248590000000036
0
LINE
8
BLACK
6
CONTINUOUS
10
53.8668249999999986
20
-74.8248590000000036
11
53.8745679999999965
21
-74.840053999999995
0
LINE
8
BLACK
6
CONTINUOUS
10
53.8745679999999965
20
-74.840053999999995
11
54.0272659999999973
21
-75.0502249999999975
0
LINE
8
BLACK
6
CONTINUOUS
10
54.0272659999999973
20
-75.0502249999999975
11
54.0272709999999989
21
-75.0502309999999966
0
LINE
8
BLACK
6
CONTINUOUS
10
54.0272709999999989
20
-75.0502309999999966
11
54.1343589999999963
21
-75.1573190000000011
0
LINE
8
BLACK
6
CONTINUOUS
10
54.1343589999999963
20
-75.1573190000000011
11
54.1678439999999952
21
-75.2186420000000027
0
LINE
8
BLACK
6
CONTINUOUS
10
54.1678439999999952
20
-75.2186420000000027
11
54.1628599999999949
21
-75.2883339999999919
0
LINE
8
BLACK
6
CONTINUOUS
10
54.1628599999999949
20
-75.2883339999999919
11
54.1343589999999963
21
-75.3326809999999938
0
LINE
8
BLACK
6
CONTINUOUS
10
54.1343589999999963
20
-75.3326809999999938
11
54.0272709999999989
21
-75.4397680000000008
0
LINE
8
BLACK
6
CONTINUOUS
10
54.0272709999999989
20
-75.4397680000000008
11
54.0272699999999944
21
-75.4397699999999958
0
LINE
8
BLACK
6
CONTINUOUS
10
54.0272699999999944
20
-75.4397699999999958
11
53.8745679999999965
21
-75.6499450000000024
0
LINE
8
BLACK
6
CONTINUOUS
10
53.8745679999999965
20
-75.6499450000000024
11
53.7566220000000001
21
-75.8814229999999981
0
LINE
8
BLACK
6
CONTINUOUS
10
53.7566220000000001
20
-75.8814229999999981
11
53.6763399999999962
21
-76.1285060000000016
0
LINE
8
BLACK
6
CONTINUOUS
10
53.6763399999999962
20
-76.1285060000000016
11
53.6356999999999999
21
-76.3850970000000018
0
LINE
8
BLACK
6
CONTINUOUS
10
53.6356999999999999
20
-76.3850970000000018
11
53.6356999999999999
21
-76.6449020000000019
0
LINE
8
BLACK
6
CONTINUOUS
10
53.6356999999999999
20
-76.6449020000000019
11
53.6763399999999962
21
-76.9014930000000021
0
LINE
8
BLACK
6
CONTINUOUS
10
53.6763399999999962
20
-76.9014930000000021
11
53.7566220000000001
21
-77.1485759999999914
0
LINE
8
BLACK
6
CONTINUOUS
10
53.7566220000000001
20
-77.1485759999999914
11
53.8745679999999965
21
-77.3800540000000012
0
LINE
8
BLACK
6
CONTINUOUS
10
53.8745679999999965
20
-77.3800540000000012
11
54.0272659999999973
21
-77.5902249999999896
0
LINE
8
BLACK
6
CONTINUOUS
10
54.0272659999999973
20
-77.5902249999999896
11
54.0272709999999989
21
-77.5902310000000028
0
LINE
8
BLACK
6
CONTINUOUS
10
54.0272709999999989
20
-77.5902310000000028
11
54.1343589999999963
21
-77.6973189999999931
0
LINE
8
BLACK
6
CONTINUOUS
10
54.1343589999999963
20
-77.6973189999999931
11
54.1678439999999952
21
-77.7586419999999947
0
LINE
8
BLACK
6
CONTINUOUS
10
54.1678439999999952
20
-77.7586419999999947
11
54.1628599999999949
21
-77.8283339999999981
0
LINE
8
BLACK
6
CONTINUOUS
10
54.1628599999999949
20
-77.8283339999999981
11
54.1343589999999963
21
-77.872681
0
LINE
8
BLACK
6
CONTINUOUS
10
54.1343589999999963
20
-77.872681
11
54.0272709999999989
21
-77.9797679999999929
0
LINE
8
BLACK
6
CONTINUOUS
10
54.0272709999999989
20
-77.9797679999999929
11
54.0272659999999973
21
-77.9797739999999919
0
LINE
8
BLACK
6
CONTINUOUS
10
54.0272659999999973
20
-77.9797739999999919
11
53.8745679999999965
21
-78.1899449999999945
0
LINE
8
BLACK
6
CONTINUOUS
10
53.8745679999999965
20
-78.1899449999999945
11
53.7566220000000001
21
-78.4214229999999901
0
LINE
8
BLACK
6
CONTINUOUS
10
53.7566220000000001
20
-78.4214229999999901
11
53.6763399999999962
21
-78.6685059999999936
0
LINE
8
BLACK
6
CONTINUOUS
10
53.6763399999999962
20
-78.6685059999999936
11
53.6356999999999999
21
-78.9250969999999938
0
LINE
8
BLACK
6
CONTINUOUS
10
53.6356999999999999
20
-78.9250969999999938
11
53.6356999999999999
21
-79.1849019999999939
0
LINE
8
BLACK
6
CONTINUOUS
10
53.6356999999999999
20
-79.1849019999999939
11
53.6763399999999962
21
-79.4414929999999941
0
LINE
8
BLACK
6
CONTINUOUS
10
53.6763399999999962
20
-79.4414929999999941
11
53.7566220000000001
21
-79.6885759999999976
0
LINE
8
BLACK
6
CONTINUOUS
10
53.7566220000000001
20
-79.6885759999999976
11
53.8745679999999965
21
-79.9200539999999933
0
LINE
8
BLACK
6
CONTINUOUS
10
53.8745679999999965
20
-79.9200539999999933
11
54.0272659999999973
21
-80.1302249999999958
0
LINE
8
BLACK
6
CONTINUOUS
10
54.0272659999999973
20
-80.1302249999999958
11
54.0272709999999989
21
-80.1302309999999949
0
LINE
8
BLACK
6
CONTINUOUS
10
54.0272709999999989
20
-80.1302309999999949
11
54.1343589999999963
21
-80.2373189999999994
0
LINE
8
BLACK
6
CONTINUOUS
10
54.1343589999999963
20
-80.2373189999999994
11
54.1678439999999952
21
-80.298642000000001
0
LINE
8
BLACK
6
CONTINUOUS
10
54.1678439999999952
20
-80.298642000000001
11
54.1628599999999949
21
-80.3683339999999902
0
LINE
8
BLACK
6
CONTINUOUS
10
54.1628599999999949
20
-80.3683339999999902
11
54.1343589999999963
21
-80.4126809999999921
0
LINE
8
BLACK
6
CONTINUOUS
10
54.1343589999999963
20
-80.4126809999999921
11
54.0272709999999989
21
-80.5197679999999991
0
LINE
8
BLACK
6
CONTINUOUS
10
54.0272709999999989
20
-80.5197679999999991
11
54.0272659999999973
21
-80.5197739999999982
0
LINE
8
BLACK
6
CONTINUOUS
10
54.0272659999999973
20
-80.5197739999999982
11
53.8745679999999965
21
-80.7299450000000007
0
LINE
8
BLACK
6
CONTINUOUS
10
53.8745679999999965
20
-80.7299450000000007
11
53.7566220000000001
21
-80.9614229999999964
0
LINE
8
BLACK
6
CONTINUOUS
10
53.7566220000000001
20
-80.9614229999999964
11
53.6763399999999962
21
-81.2085059999999999
0
LINE
8
BLACK
6
CONTINUOUS
10
53.6763399999999962
20
-81.2085059999999999
11
53.6356999999999999
21
-81.4650970000000001
0
LINE
8
BLACK
6
CONTINUOUS
10
53.6356999999999999
20
-81.4650970000000001
11
53.6356999999999999
21
-81.7249020000000002
0
LINE
8
BLACK
6
CONTINUOUS
10
53.6356999999999999
20
-81.7249020000000002
11
53.6763399999999962
21
-81.9814930000000004
0
LINE
8
BLACK
6
CONTINUOUS
10
53.6763399999999962
20
-81.9814930000000004
11
53.7566220000000001
21
-82.2285759999999897
0
LINE
8
BLACK
6
CONTINUOUS
10
53.7566220000000001
20
-82.2285759999999897
11
53.8745679999999965
21
-82.4600539999999995
0
LINE
8
BLACK
6
CONTINUOUS
10
53.8745679999999965
20
-82.4600539999999995
11
54.0272659999999973
21
-82.6702250000000021
0
LINE
8
BLACK
6
CONTINUOUS
10
54.0272659999999973
20
-82.6702250000000021
11
54.0272709999999989
21
-82.6702310000000011
0
LINE
8
BLACK
6
CONTINUOUS
10
54.0272709999999989
20
-82.6702310000000011
11
54.1343589999999963
21
-82.7773189999999914
0
LINE
8
BLACK
6
CONTINUOUS
10
54.1343589999999963
20
-82.7773189999999914
11
54.1678439999999952
21
-82.838641999999993
0
LINE
8
BLACK
6
CONTINUOUS
10
54.1678439999999952
20
-82.838641999999993
11
54.1628599999999949
21
-82.9083339999999964
0
LINE
8
BLACK
6
CONTINUOUS
10
54.1628599999999949
20
-82.9083339999999964
11
54.1343589999999963
21
-82.9526809999999983
0
LINE
8
BLACK
6
CONTINUOUS
10
54.1343589999999963
20
-82.9526809999999983
11
54.0272709999999989
21
-83.0597679999999912
0
LINE
8
BLACK
6
CONTINUOUS
10
54.0272709999999989
20
-83.0597679999999912
11
54.0272659999999973
21
-83.0597739999999902
0
LINE
8
BLACK
6
CONTINUOUS
10
54.0272659999999973
20
-83.0597739999999902
11
53.8745679999999965
21
-83.2699449999999928
0
LINE
8
BLACK
6
CONTINUOUS
10
53.8745679999999965
20
-83.2699449999999928
11
53.7566220000000001
21
-83.5014230000000026
0
LINE
8
BLACK
6
CONTINUOUS
10
53.7566220000000001
20
-83.5014230000000026
11
53.6763399999999962
21
-83.7485059999999919
0
LINE
8
BLACK
6
CONTINUOUS
10
53.6763399999999962
20
-83.7485059999999919
11
53.6356999999999999
21
-84.0050969999999921
0
LINE
8
BLACK
6
CONTINUOUS
10
53.6356999999999999
20
-84.0050969999999921
11
53.6356999999999999
21
-84.2649019999999922
0
LINE
8
BLACK
6
CONTINUOUS
10
53.6356999999999999
20
-84.2649019999999922
11
53.6763399999999962
21
-84.5214929999999924
0
LINE
8
BLACK
6
CONTINUOUS
10
53.6763399999999962
20
-84.5214929999999924
11
53.7566220000000001
21
-84.7685759999999959
0
LINE
8
BLACK
6
CONTINUOUS
10
53.7566220000000001
20
-84.7685759999999959
11
53.8745679999999965
21
-85.0000539999999916
0
LINE
8
BLACK
6
CONTINUOUS
10
53.8745679999999965
20
-85.0000539999999916
11
54.0272659999999973
21
-85.2102249999999941
0
LINE
8
BLACK
6
CONTINUOUS
10
54.0272659999999973
20
-85.2102249999999941
11
54.0272709999999989
21
-85.2102309999999932
0
LINE
8
BLACK
6
CONTINUOUS
10
54.0272709999999989
20
-85.2102309999999932
11
54.1343589999999963
21
-85.3173189999999977
0
LINE
8
BLACK
6
CONTINUOUS
10
54.1343589999999963
20
-85.3173189999999977
11
54.1678439999999952
21
-85.3786419999999993
0
LINE
8
BLACK
6
CONTINUOUS
10
54.1678439999999952
20
-85.3786419999999993
11
54.1628599999999949
21
-85.4483340000000027
0
LINE
8
BLACK
6
CONTINUOUS
10
54.1628599999999949
20
-85.4483340000000027
11
54.1343589999999963
21
-85.4926809999999904
0
LINE
8
BLACK
6
CONTINUOUS
10
54.1343589999999963
20
-85.4926809999999904
11
54.0272709999999989
21
-85.5997679999999974
0
LINE
8
BLACK
6
CONTINUOUS
10
54.0272709999999989
20
-85.5997679999999974
11
54.0272659999999973
21
-85.5997739999999965
0
LINE
8
BLACK
6
CONTINUOUS
10
54.0272659999999973
20
-85.5997739999999965
11
53.8745679999999965
21
-85.809944999999999
0
LINE
8
BLACK
6
CONTINUOUS
10
53.8745679999999965
20
-85.809944999999999
11
53.7566220000000001
21
-86.0414229999999947
0
LINE
8
BLACK
6
CONTINUOUS
10
53.7566220000000001
20
-86.0414229999999947
11
53.6763399999999962
21
-86.2885059999999982
0
LINE
8
BLACK
6
CONTINUOUS
10
53.6763399999999962
20
-86.2885059999999982
11
53.6356999999999999
21
-86.5450969999999984
0
LINE
8
BLACK
6
CONTINUOUS
10
53.6356999999999999
20
-86.5450969999999984
11
53.6356999999999999
21
-86.8049019999999985
0
LINE
8
BLACK
6
CONTINUOUS
10
53.6356999999999999
20
-86.8049019999999985
11
53.6763399999999962
21
-87.0614929999999987
0
LINE
8
BLACK
6
CONTINUOUS
10
53.6763399999999962
20
-87.0614929999999987
11
53.7566220000000001
21
-87.3085760000000022
0
LINE
8
BLACK
6
CONTINUOUS
10
53.7566220000000001
20
-87.3085760000000022
11
53.8745679999999965
21
-87.5400539999999978
0
LINE
8
BLACK
6
CONTINUOUS
10
53.8745679999999965
20
-87.5400539999999978
11
54.0272659999999973
21
-87.7502250000000004
0
LINE
8
BLACK
6
CONTINUOUS
10
54.0272659999999973
20
-87.7502250000000004
11
54.0272709999999989
21
-87.7502309999999994
0
LINE
8
BLACK
6
CONTINUOUS
10
54.0272709999999989
20
-87.7502309999999994
11
54.1343589999999963
21
-87.8573189999999897
0
LINE
8
BLACK
6
CONTINUOUS
10
54.1343589999999963
20
-87.8573189999999897
11
54.1678439999999952
21
-87.9186419999999913
0
LINE
8
BLACK
6
CONTINUOUS
10
54.1678439999999952
20
-87.9186419999999913
11
54.1628599999999949
21
-87.9883339999999947
0
LINE
8
BLACK
6
CONTINUOUS
10
54.1628599999999949
20
-87.9883339999999947
11
54.1343589999999963
21
-88.0326809999999966
0
LINE
8
BLACK
6
CONTINUOUS
10
54.1343589999999963
20
-88.0326809999999966
11
54.0272709999999989
21
-88.1397679999999895
0
LINE
8
BLACK
6
CONTINUOUS
10
54.0272709999999989
20
-88.1397679999999895
11
54.0272659999999973
21
-88.1397740000000027
0
LINE
8
BLACK
6
CONTINUOUS
10
54.0272659999999973
20
-88.1397740000000027
11
53.8745679999999965
21
-88.3499449999999911
0
LINE
8
BLACK
6
CONTINUOUS
10
53.8745679999999965
20
-88.3499449999999911
11
53.7566220000000001
21
-88.5814230000000009
0
LINE
8
BLACK
6
CONTINUOUS
10
53.7566220000000001
20
-88.5814230000000009
11
53.6763399999999962
21
-88.8285059999999902
0
LINE
8
BLACK
6
CONTINUOUS
10
53.6763399999999962
20
-88.8285059999999902
11
53.6356999999999999
21
-89.0850969999999904
0
LINE
8
BLACK
6
CONTINUOUS
10
53.6356999999999999
20
-89.0850969999999904
11
53.6356999999999999
21
-89.3449019999999905
0
LINE
8
BLACK
6
CONTINUOUS
10
53.6356999999999999
20
-89.3449019999999905
11
53.6763399999999962
21
-89.6014929999999907
0
LINE
8
BLACK
6
CONTINUOUS
10
53.6763399999999962
20
-89.6014929999999907
11
53.7566220000000001
21
-89.8485759999999942
0
LINE
8
BLACK
6
CONTINUOUS
10
53.7566220000000001
20
-89.8485759999999942
11
53.8745679999999965
21
-90.0800539999999899
0
LINE
8
BLACK
6
CONTINUOUS
10
53.8745679999999965
20
-90.0800539999999899
11
54.0272659999999973
21
-90.2902249999999924
0
LINE
8
BLACK
6
CONTINUOUS
10
54.0272659999999973
20
-90.2902249999999924
11
54.0272689999999969
21
-90.2902289999999965
0
LINE
8
BLACK
6
CONTINUOUS
10
54.0272689999999969
20
-90.2902289999999965
11
54.2109710000000007
21
-90.4739309999999932
0
LINE
8
BLACK
6
CONTINUOUS
10
54.2109710000000007
20
-90.4739309999999932
11
54.4211489999999998
21
-90.6266339999999957
0
LINE
8
BLACK
6
CONTINUOUS
10
54.4211489999999998
20
-90.6266339999999957
11
54.4997869999999978
21
-90.6667020000000008
0
LINE
8
BLACK
6
CONTINUOUS
10
54.4997869999999978
20
-90.6667020000000008
11
54.550582999999996
21
-90.7146769999999947
0
LINE
8
BLACK
6
CONTINUOUS
10
54.550582999999996
20
-90.7146769999999947
11
54.5673779999999979
21
-90.7824979999999897
0
LINE
8
BLACK
6
CONTINUOUS
10
54.5673779999999979
20
-90.7824979999999897
11
54.5448409999999981
21
-90.8486329999999924
0
LINE
8
BLACK
6
CONTINUOUS
10
54.5448409999999981
20
-90.8486329999999924
11
54.490124999999999
21
-90.892083999999997
0
LINE
8
BLACK
6
CONTINUOUS
10
54.490124999999999
20
-90.892083999999997
11
54.4434919999999991
21
-90.9011869999999931
0
LINE
8
BLACK
6
CONTINUOUS
10
54.4434919999999991
20
-90.9011869999999931
11
53.2342709999999997
21
-90.9011869999999931
0
LINE
8
BLACK
6
CONTINUOUS
10
53.2342709999999997
20
-90.9011869999999931
11
53.2342709999999997
21
-94.3155529999999942
0
LINE
8
BLACK
6
CONTINUOUS
10
53.2342709999999997
20
-94.3155529999999942
11
57.2184249999999963
21
-94.3155529999999942
0
LINE
8
BLACK
6
CONTINUOUS
10
57.2184249999999963
20
-94.3155529999999942
11
57.2184249999999963
21
-90.9011869999999931
0
LINE
8
BLACK
6
CONTINUOUS
10
57.2184249999999963
20
-90.9011869999999931
11
56.1289079999999956
21
-90.9011869999999931
0
LINE
8
BLACK
6
CONTINUOUS
10
56.1289079999999956
20
-90.9011869999999931
11
56.0618689999999944
21
-90.8815019999999976
0
LINE
8
BLACK
6
CONTINUOUS
10
56.0618689999999944
20
-90.8815019999999976
11
56.0169609999999949
21
-90.8296759999999921
0
LINE
8
BLACK
6
CONTINUOUS
10
56.0169609999999949
20
-90.8296759999999921
11
56.0161139999999946
21
-90.8286980000000028
0
LINE
8
BLACK
6
CONTINUOUS
10
56.0161139999999946
20
-90.8286980000000028
11
56.0061699999999973
21
-90.7595400000000012
0
LINE
8
BLACK
6
CONTINUOUS
10
56.0061699999999973
20
-90.7595400000000012
11
56.0351949999999945
21
-90.6959839999999957
0
LINE
8
BLACK
6
CONTINUOUS
10
56.0351949999999945
20
-90.6959839999999957
11
56.0726129999999969
21
-90.6667020000000008
0
LINE
8
BLACK
6
CONTINUOUS
10
56.0726129999999969
20
-90.6667020000000008
11
56.1512509999999949
21
-90.6266339999999957
0
LINE
8
BLACK
6
CONTINUOUS
10
56.1512509999999949
20
-90.6266339999999957
11
56.361428999999994
21
-90.4739309999999932
0
LINE
8
BLACK
6
CONTINUOUS
10
56.361428999999994
20
-90.4739309999999932
11
56.5451309999999978
21
-90.2902289999999965
0
LINE
8
BLACK
6
CONTINUOUS
10
56.5451309999999978
20
-90.2902289999999965
11
56.6978340000000003
21
-90.0800509999999974
0
LINE
8
BLACK
6
CONTINUOUS
10
56.6978340000000003
20
-90.0800509999999974
11
56.8157789999999991
21
-89.8485719999999901
0
LINE
8
BLACK
6
CONTINUOUS
10
56.8157789999999991
20
-89.8485719999999901
11
56.8960599999999985
21
-89.6014929999999907
0
LINE
8
BLACK
6
CONTINUOUS
10
56.8960599999999985
20
-89.6014929999999907
11
56.9187389999999951
21
-89.4582979999999992
0
LINE
8
BLACK
6
CONTINUOUS
10
56.9187389999999951
20
-89.4582979999999992
11
56.9366999999999948
21
-89.3449019999999905
0
LINE
8
BLACK
6
CONTINUOUS
10
56.9366999999999948
20
-89.3449019999999905
11
56.9366999999999948
21
-89.0850969999999904
0
LINE
8
BLACK
6
CONTINUOUS
10
56.9366999999999948
20
-89.0850969999999904
11
56.9151469999999975
21
-88.9490210000000019
0
LINE
8
BLACK
6
CONTINUOUS
10
56.9151469999999975
20
-88.9490210000000019
11
56.8960599999999985
21
-88.8285070000000019
0
LINE
8
BLACK
6
CONTINUOUS
10
56.8960599999999985
20
-88.8285070000000019
11
56.8157789999999991
21
-88.5814280000000025
0
LINE
8
BLACK
6
CONTINUOUS
10
56.8157789999999991
20
-88.5814280000000025
11
56.8157769999999971
21
-88.5814249999999959
0
LINE
8
BLACK
6
CONTINUOUS
10
56.8157769999999971
20
-88.5814249999999959
11
56.8157769999999971
21
-88.5814230000000009
0
LINE
8
BLACK
6
CONTINUOUS
10
56.8157769999999971
20
-88.5814230000000009
11
56.7729870000000005
21
-88.497444999999999
0
LINE
8
BLACK
6
CONTINUOUS
10
56.7729870000000005
20
-88.497444999999999
11
56.6978340000000003
21
-88.3499489999999952
0
LINE
8
BLACK
6
CONTINUOUS
10
56.6978340000000003
20
-88.3499489999999952
11
56.5451309999999978
21
-88.1397709999999961
0
LINE
8
BLACK
6
CONTINUOUS
10
56.5451309999999978
20
-88.1397709999999961
11
56.4380409999999983
21
-88.0326809999999966
0
LINE
8
BLACK
6
CONTINUOUS
10
56.4380409999999983
20
-88.0326809999999966
11
56.4045559999999995
21
-87.9713579999999951
0
LINE
8
BLACK
6
CONTINUOUS
10
56.4045559999999995
20
-87.9713579999999951
11
56.4095399999999998
21
-87.9016659999999916
0
LINE
8
BLACK
6
CONTINUOUS
10
56.4095399999999998
20
-87.9016659999999916
11
56.4380409999999983
21
-87.8573189999999897
0
LINE
8
BLACK
6
CONTINUOUS
10
56.4380409999999983
20
-87.8573189999999897
11
56.5451309999999978
21
-87.7502289999999903
0
LINE
8
BLACK
6
CONTINUOUS
10
56.5451309999999978
20
-87.7502289999999903
11
56.6978340000000003
21
-87.5400509999999912
0
LINE
8
BLACK
6
CONTINUOUS
10
56.6978340000000003
20
-87.5400509999999912
11
56.8157789999999991
21
-87.3085719999999981
0
LINE
8
BLACK
6
CONTINUOUS
10
56.8157789999999991
20
-87.3085719999999981
11
56.8960599999999985
21
-87.0614929999999987
0
LINE
8
BLACK
6
CONTINUOUS
10
56.8960599999999985
20
-87.0614929999999987
11
56.9293819999999968
21
-86.8511029999999948
0
LINE
8
BLACK
6
CONTINUOUS
10
56.9293819999999968
20
-86.8511029999999948
11
56.9366999999999948
21
-86.8049019999999985
0
LINE
8
BLACK
6
CONTINUOUS
10
56.9366999999999948
20
-86.8049019999999985
11
56.9366999999999948
21
-86.5450969999999984
0
LINE
8
BLACK
6
CONTINUOUS
10
56.9366999999999948
20
-86.5450969999999984
11
56.9151469999999975
21
-86.4090209999999956
0
LINE
8
BLACK
6
CONTINUOUS
10
56.9151469999999975
20
-86.4090209999999956
11
56.8960599999999985
21
-86.2885069999999956
0
LINE
8
BLACK
6
CONTINUOUS
10
56.8960599999999985
20
-86.2885069999999956
11
56.8157789999999991
21
-86.0414279999999962
0
LINE
8
BLACK
6
CONTINUOUS
10
56.8157789999999991
20
-86.0414279999999962
11
56.8157769999999971
21
-86.0414249999999896
0
LINE
8
BLACK
6
CONTINUOUS
10
56.8157769999999971
20
-86.0414249999999896
11
56.8157769999999971
21
-86.0414229999999947
0
LINE
8
BLACK
6
CONTINUOUS
10
56.8157769999999971
20
-86.0414229999999947
11
56.7729870000000005
21
-85.9574449999999928
0
LINE
8
BLACK
6
CONTINUOUS
10
56.7729870000000005
20
-85.9574449999999928
11
56.6978340000000003
21
-85.8099490000000031
0
LINE
8
BLACK
6
CONTINUOUS
10
56.6978340000000003
20
-85.8099490000000031
11
56.5451309999999978
21
-85.5997709999999898
0
LINE
8
BLACK
6
CONTINUOUS
10
56.5451309999999978
20
-85.5997709999999898
11
56.4380409999999983
21
-85.4926809999999904
0
LINE
8
BLACK
6
CONTINUOUS
10
56.4380409999999983
20
-85.4926809999999904
11
56.4045559999999995
21
-85.431358000000003
0
LINE
8
BLACK
6
CONTINUOUS
10
56.4045559999999995
20
-85.431358000000003
11
56.4095399999999998
21
-85.3616659999999996
0
LINE
8
BLACK
6
CONTINUOUS
10
56.4095399999999998
20
-85.3616659999999996
11
56.4380409999999983
21
-85.3173189999999977
0
LINE
8
BLACK
6
CONTINUOUS
10
56.4380409999999983
20
-85.3173189999999977
11
56.4763219999999961
21
-85.2790379999999999
0
LINE
8
BLACK
6
CONTINUOUS
10
56.4763219999999961
20
-85.2790379999999999
11
56.5451309999999978
21
-85.2102289999999982
0
LINE
8
BLACK
6
CONTINUOUS
10
56.5451309999999978
20
-85.2102289999999982
11
56.6978340000000003
21
-85.0000509999999991
0
LINE
8
BLACK
6
CONTINUOUS
10
56.6978340000000003
20
-85.0000509999999991
11
56.8157789999999991
21
-84.7685719999999918
0
LINE
8
BLACK
6
CONTINUOUS
10
56.8157789999999991
20
-84.7685719999999918
11
56.8960599999999985
21
-84.5214929999999924
0
LINE
8
BLACK
6
CONTINUOUS
10
56.8960599999999985
20
-84.5214929999999924
11
56.9212659999999957
21
-84.3623439999999931
0
LINE
8
BLACK
6
CONTINUOUS
10
56.9212659999999957
20
-84.3623439999999931
11
56.9366999999999948
21
-84.2649019999999922
0
LINE
8
BLACK
6
CONTINUOUS
10
56.9366999999999948
20
-84.2649019999999922
11
56.9366999999999948
21
-84.0050969999999921
0
LINE
8
BLACK
6
CONTINUOUS
10
56.9366999999999948
20
-84.0050969999999921
11
56.9049279999999982
21
-83.8044999999999902
0
LINE
8
BLACK
6
CONTINUOUS
10
56.9049279999999982
20
-83.8044999999999902
11
56.8960599999999985
21
-83.7485069999999894
0
LINE
8
BLACK
6
CONTINUOUS
10
56.8960599999999985
20
-83.7485069999999894
11
56.8157789999999991
21
-83.50142799999999
0
LINE
8
BLACK
6
CONTINUOUS
10
56.8157789999999991
20
-83.50142799999999
11
56.8157769999999971
21
-83.5014249999999976
0
LINE
8
BLACK
6
CONTINUOUS
10
56.8157769999999971
20
-83.5014249999999976
11
56.8157769999999971
21
-83.5014230000000026
0
LINE
8
BLACK
6
CONTINUOUS
10
56.8157769999999971
20
-83.5014230000000026
11
56.7391839999999945
21
-83.3511029999999948
0
LINE
8
BLACK
6
CONTINUOUS
10
56.7391839999999945
20
-83.3511029999999948
11
56.6978340000000003
21
-83.2699489999999969
0
LINE
8
BLACK
6
CONTINUOUS
10
56.6978340000000003
20
-83.2699489999999969
11
56.5451309999999978
21
-83.0597709999999978
0
LINE
8
BLACK
6
CONTINUOUS
10
56.5451309999999978
20
-83.0597709999999978
11
56.4380409999999983
21
-82.9526809999999983
0
LINE
8
BLACK
6
CONTINUOUS
10
56.4380409999999983
20
-82.9526809999999983
11
56.4045559999999995
21
-82.8913579999999968
0
LINE
8
BLACK
6
CONTINUOUS
10
56.4045559999999995
20
-82.8913579999999968
11
56.4095399999999998
21
-82.8216659999999933
0
LINE
8
BLACK
6
CONTINUOUS
10
56.4095399999999998
20
-82.8216659999999933
11
56.4380409999999983
21
-82.7773189999999914
0
LINE
8
BLACK
6
CONTINUOUS
10
56.4380409999999983
20
-82.7773189999999914
11
56.4764689999999945
21
-82.7388909999999953
0
LINE
8
BLACK
6
CONTINUOUS
10
56.4764689999999945
20
-82.7388909999999953
11
56.5451309999999978
21
-82.670228999999992
0
LINE
8
BLACK
6
CONTINUOUS
10
56.5451309999999978
20
-82.670228999999992
11
56.6978340000000003
21
-82.4600509999999929
0
LINE
8
BLACK
6
CONTINUOUS
10
56.6978340000000003
20
-82.4600509999999929
11
56.8157789999999991
21
-82.2285719999999998
0
LINE
8
BLACK
6
CONTINUOUS
10
56.8157789999999991
20
-82.2285719999999998
11
56.8960599999999985
21
-81.9814930000000004
0
LINE
8
BLACK
6
CONTINUOUS
10
56.8960599999999985
20
-81.9814930000000004
11
56.9187389999999951
21
-81.8382979999999947
0
LINE
8
BLACK
6
CONTINUOUS
10
56.9187389999999951
20
-81.8382979999999947
11
56.9366999999999948
21
-81.7249020000000002
0
LINE
8
BLACK
6
CONTINUOUS
10
56.9366999999999948
20
-81.7249020000000002
11
56.9366999999999948
21
-81.4650970000000001
0
LINE
8
BLACK
6
CONTINUOUS
10
56.9366999999999948
20
-81.4650970000000001
11
56.9151469999999975
21
-81.3290209999999973
0
LINE
8
BLACK
6
CONTINUOUS
10
56.9151469999999975
20
-81.3290209999999973
11
56.8960599999999985
21
-81.2085069999999973
0
LINE
8
BLACK
6
CONTINUOUS
10
56.8960599999999985
20
-81.2085069999999973
11
56.8157789999999991
21
-80.961427999999998
0
LINE
8
BLACK
6
CONTINUOUS
10
56.8157789999999991
20
-80.961427999999998
11
56.8157769999999971
21
-80.9614249999999913
0
LINE
8
BLACK
6
CONTINUOUS
10
56.8157769999999971
20
-80.9614249999999913
11
56.8157769999999971
21
-80.9614229999999964
0
LINE
8
BLACK
6
CONTINUOUS
10
56.8157769999999971
20
-80.9614229999999964
11
56.7718109999999996
21
-80.8751369999999952
0
LINE
8
BLACK
6
CONTINUOUS
10
56.7718109999999996
20
-80.8751369999999952
11
56.6978340000000003
21
-80.7299489999999906
0
LINE
8
BLACK
6
CONTINUOUS
10
56.6978340000000003
20
-80.7299489999999906
11
56.5451309999999978
21
-80.5197709999999915
0
LINE
8
BLACK
6
CONTINUOUS
10
56.5451309999999978
20
-80.5197709999999915
11
56.4380409999999983
21
-80.4126809999999921
0
LINE
8
BLACK
6
CONTINUOUS
10
56.4380409999999983
20
-80.4126809999999921
11
56.4045559999999995
21
-80.3513579999999905
0
LINE
8
BLACK
6
CONTINUOUS
10
56.4045559999999995
20
-80.3513579999999905
11
56.4095399999999998
21
-80.2816660000000013
0
LINE
8
BLACK
6
CONTINUOUS
10
56.4095399999999998
20
-80.2816660000000013
11
56.4380409999999983
21
-80.2373189999999994
0
LINE
8
BLACK
6
CONTINUOUS
10
56.4380409999999983
20
-80.2373189999999994
11
56.4608599999999967
21
-80.214500000000001
0
LINE
8
BLACK
6
CONTINUOUS
10
56.4608599999999967
20
-80.214500000000001
11
56.5451309999999978
21
-80.1302289999999999
0
LINE
8
BLACK
6
CONTINUOUS
10
56.5451309999999978
20
-80.1302289999999999
11
56.6978340000000003
21
-79.9200510000000008
0
LINE
8
BLACK
6
CONTINUOUS
10
56.6978340000000003
20
-79.9200510000000008
11
56.8157789999999991
21
-79.6885719999999935
0
LINE
8
BLACK
6
CONTINUOUS
10
56.8157789999999991
20
-79.6885719999999935
11
56.8960599999999985
21
-79.4414929999999941
0
LINE
8
BLACK
6
CONTINUOUS
10
56.8960599999999985
20
-79.4414929999999941
11
56.9187389999999951
21
-79.2982980000000026
0
LINE
8
BLACK
6
CONTINUOUS
10
56.9187389999999951
20
-79.2982980000000026
11
56.9366999999999948
21
-79.1849019999999939
0
LINE
8
BLACK
6
CONTINUOUS
10
56.9366999999999948
20
-79.1849019999999939
11
56.9366999999999948
21
-78.9250969999999938
0
LINE
8
BLACK
6
CONTINUOUS
10
56.9366999999999948
20
-78.9250969999999938
11
56.9151469999999975
21
-78.7890209999999911
0
LINE
8
BLACK
6
CONTINUOUS
10
56.9151469999999975
20
-78.7890209999999911
11
56.8960599999999985
21
-78.6685069999999911
0
LINE
8
BLACK
6
CONTINUOUS
10
56.8960599999999985
20
-78.6685069999999911
11
56.8157789999999991
21
-78.4214279999999917
0
LINE
8
BLACK
6
CONTINUOUS
10
56.8157789999999991
20
-78.4214279999999917
11
56.8157769999999971
21
-78.4214249999999993
0
LINE
8
BLACK
6
CONTINUOUS
10
56.8157769999999971
20
-78.4214249999999993
11
56.8157769999999971
21
-78.4214229999999901
0
LINE
8
BLACK
6
CONTINUOUS
10
56.8157769999999971
20
-78.4214229999999901
11
56.7729870000000005
21
-78.3374450000000024
0
LINE
8
BLACK
6
CONTINUOUS
10
56.7729870000000005
20
-78.3374450000000024
11
56.6978340000000003
21
-78.1899489999999986
0
LINE
8
BLACK
6
CONTINUOUS
10
56.6978340000000003
20
-78.1899489999999986
11
56.5451309999999978
21
-77.9797709999999995
0
LINE
8
BLACK
6
CONTINUOUS
10
56.5451309999999978
20
-77.9797709999999995
11
56.4380409999999983
21
-77.872681
0
LINE
8
BLACK
6
CONTINUOUS
10
56.4380409999999983
20
-77.872681
11
56.4045559999999995
21
-77.8113579999999985
0
LINE
8
BLACK
6
CONTINUOUS
10
56.4045559999999995
20
-77.8113579999999985
11
56.4095399999999998
21
-77.7416659999999951
0
LINE
8
BLACK
6
CONTINUOUS
10
56.4095399999999998
20
-77.7416659999999951
11
56.4380409999999983
21
-77.6973189999999931
0
LINE
8
BLACK
6
CONTINUOUS
10
56.4380409999999983
20
-77.6973189999999931
11
56.4704619999999977
21
-77.6648979999999938
0
LINE
8
BLACK
6
CONTINUOUS
10
56.4704619999999977
20
-77.6648979999999938
11
56.5451309999999978
21
-77.5902289999999937
0
LINE
8
BLACK
6
CONTINUOUS
10
56.5451309999999978
20
-77.5902289999999937
11
56.6978340000000003
21
-77.3800509999999946
0
LINE
8
BLACK
6
CONTINUOUS
10
56.6978340000000003
20
-77.3800509999999946
11
56.8157789999999991
21
-77.1485720000000015
0
LINE
8
BLACK
6
CONTINUOUS
10
56.8157789999999991
20
-77.1485720000000015
11
56.8960599999999985
21
-76.9014930000000021
0
LINE
8
BLACK
6
CONTINUOUS
10
56.8960599999999985
20
-76.9014930000000021
11
56.9187389999999951
21
-76.7582979999999964
0
LINE
8
BLACK
6
CONTINUOUS
10
56.9187389999999951
20
-76.7582979999999964
11
56.9366999999999948
21
-76.6449020000000019
0
LINE
8
BLACK
6
CONTINUOUS
10
56.9366999999999948
20
-76.6449020000000019
11
56.9366999999999948
21
-76.3850970000000018
0
LINE
8
BLACK
6
CONTINUOUS
10
56.9366999999999948
20
-76.3850970000000018
11
56.9151469999999975
21
-76.249020999999999
0
LINE
8
BLACK
6
CONTINUOUS
10
56.9151469999999975
20
-76.249020999999999
11
56.8960599999999985
21
-76.128506999999999
0
LINE
8
BLACK
6
CONTINUOUS
10
56.8960599999999985
20
-76.128506999999999
11
56.8157789999999991
21
-75.8814279999999997
0
LINE
8
BLACK
6
CONTINUOUS
10
56.8157789999999991
20
-75.8814279999999997
11
56.8157769999999971
21
-75.881424999999993
0
LINE
8
BLACK
6
CONTINUOUS
10
56.8157769999999971
20
-75.881424999999993
11
56.8157769999999971
21
-75.8814229999999981
0
LINE
8
BLACK
6
CONTINUOUS
10
56.8157769999999971
20
-75.8814229999999981
11
56.7675219999999996
21
-75.7867189999999908
0
LINE
8
BLACK
6
CONTINUOUS
10
56.7675219999999996
20
-75.7867189999999908
11
56.6978340000000003
21
-75.6499489999999923
0
LINE
8
BLACK
6
CONTINUOUS
10
56.6978340000000003
20
-75.6499489999999923
11
56.5451309999999978
21
-75.4397709999999933
0
LINE
8
BLACK
6
CONTINUOUS
10
56.5451309999999978
20
-75.4397709999999933
11
56.4380409999999983
21
-75.3326809999999938
0
LINE
8
BLACK
6
CONTINUOUS
10
56.4380409999999983
20
-75.3326809999999938
11
56.4045559999999995
21
-75.2713579999999922
0
LINE
8
BLACK
6
CONTINUOUS
10
56.4045559999999995
20
-75.2713579999999922
11
56.4095399999999998
21
-75.201666000000003
0
LINE
8
BLACK
6
CONTINUOUS
10
56.4095399999999998
20
-75.201666000000003
11
56.4380409999999983
21
-75.1573190000000011
0
LINE
8
BLACK
6
CONTINUOUS
10
56.4380409999999983
20
-75.1573190000000011
11
56.5451309999999978
21
-75.0502290000000016
0
LINE
8
BLACK
6
CONTINUOUS
10
56.5451309999999978
20
-75.0502290000000016
11
56.6978340000000003
21
-74.8400510000000025
0
LINE
8
BLACK
6
CONTINUOUS
10
56.6978340000000003
20
-74.8400510000000025
11
56.8157789999999991
21
-74.6085719999999952
0
LINE
8
BLACK
6
CONTINUOUS
10
56.8157789999999991
20
-74.6085719999999952
11
56.8960599999999985
21
-74.3614929999999958
0
LINE
8
BLACK
6
CONTINUOUS
10
56.8960599999999985
20
-74.3614929999999958
11
56.9205349999999939
21
-74.2069630000000018
0
LINE
8
BLACK
6
CONTINUOUS
10
56.9205349999999939
20
-74.2069630000000018
11
56.9366999999999948
21
-74.1049019999999956
0
LINE
8
BLACK
6
CONTINUOUS
10
56.9366999999999948
20
-74.1049019999999956
11
56.9366999999999948
21
-73.8450969999999955
0
LINE
8
BLACK
6
CONTINUOUS
10
56.9366999999999948
20
-73.8450969999999955
11
56.9151469999999975
21
-73.7090209999999928
0
LINE
8
BLACK
6
CONTINUOUS
10
56.9151469999999975
20
-73.7090209999999928
11
56.8960599999999985
21
-73.5885069999999928
0
LINE
8
BLACK
6
CONTINUOUS
10
56.8960599999999985
20
-73.5885069999999928
11
56.8157789999999991
21
-73.3414279999999934
0
LINE
8
BLACK
6
CONTINUOUS
10
56.8157789999999991
20
-73.3414279999999934
11
56.8157769999999971
21
-73.341425000000001
0
LINE
8
BLACK
6
CONTINUOUS
10
56.8157769999999971
20
-73.341425000000001
11
56.8157769999999971
21
-73.3414229999999918
0
LINE
8
BLACK
6
CONTINUOUS
10
56.8157769999999971
20
-73.3414229999999918
11
56.7729870000000005
21
-73.2574449999999899
0
LINE
8
BLACK
6
CONTINUOUS
10
56.7729870000000005
20
-73.2574449999999899
11
56.6978340000000003
21
-73.1099490000000003
0
LINE
8
BLACK
6
CONTINUOUS
10
56.6978340000000003
20
-73.1099490000000003
11
56.5451309999999978
21
-72.8997710000000012
0
LINE
8
BLACK
6
CONTINUOUS
10
56.5451309999999978
20
-72.8997710000000012
11
56.4380409999999983
21
-72.7926810000000017
0
LINE
8
BLACK
6
CONTINUOUS
10
56.4380409999999983
20
-72.7926810000000017
11
56.4045559999999995
21
-72.7313580000000002
0
LINE
8
BLACK
6
CONTINUOUS
10
56.4045559999999995
20
-72.7313580000000002
11
56.4095399999999998
21
-72.6616659999999968
0
LINE
8
BLACK
6
CONTINUOUS
10
56.4095399999999998
20
-72.6616659999999968
11
56.4380409999999983
21
-72.6173189999999948
0
LINE
8
BLACK
6
CONTINUOUS
10
56.4380409999999983
20
-72.6173189999999948
11
56.4739369999999994
21
-72.5814230000000009
0
LINE
8
BLACK
6
CONTINUOUS
10
56.4739369999999994
20
-72.5814230000000009
11
56.5451309999999978
21
-72.5102289999999954
0
LINE
8
BLACK
6
CONTINUOUS
10
56.5451309999999978
20
-72.5102289999999954
11
56.6978340000000003
21
-72.3000509999999963
0
LINE
8
BLACK
6
CONTINUOUS
10
56.6978340000000003
20
-72.3000509999999963
11
56.8157789999999991
21
-72.0685720000000032
0
LINE
8
BLACK
6
CONTINUOUS
10
56.8157789999999991
20
-72.0685720000000032
11
56.8960599999999985
21
-71.8214930000000038
0
LINE
8
BLACK
6
CONTINUOUS
10
56.8960599999999985
20
-71.8214930000000038
11
56.9187389999999951
21
-71.6782979999999981
0
LINE
8
BLACK
6
CONTINUOUS
10
56.9187389999999951
20
-71.6782979999999981
11
56.9366999999999948
21
-71.5649020000000036
0
LINE
8
BLACK
6
CONTINUOUS
10
56.9366999999999948
20
-71.5649020000000036
11
56.9366999999999948
21
-71.3050970000000035
0
LINE
8
BLACK
6
CONTINUOUS
10
56.9366999999999948
20
-71.3050970000000035
11
56.9151469999999975
21
-71.1690210000000008
0
LINE
8
BLACK
6
CONTINUOUS
10
56.9151469999999975
20
-71.1690210000000008
11
56.8960599999999985
21
-71.0485070000000007
0
LINE
8
BLACK
6
CONTINUOUS
10
56.8960599999999985
20
-71.0485070000000007
11
56.8157789999999991
21
-70.8014280000000014
0
LINE
8
BLACK
6
CONTINUOUS
10
56.8157789999999991
20
-70.8014280000000014
11
56.8157769999999971
21
-70.8014249999999947
0
LINE
8
BLACK
6
CONTINUOUS
10
56.8157769999999971
20
-70.8014249999999947
11
56.8157769999999971
21
-70.8014229999999998
0
LINE
8
BLACK
6
CONTINUOUS
10
56.8157769999999971
20
-70.8014229999999998
11
56.7729870000000005
21
-70.7174449999999979
0
LINE
8
BLACK
6
CONTINUOUS
10
56.7729870000000005
20
-70.7174449999999979
11
56.6978340000000003
21
-70.569948999999994
0
LINE
8
BLACK
6
CONTINUOUS
10
56.6978340000000003
20
-70.569948999999994
11
56.5451309999999978
21
-70.359770999999995
0
LINE
8
BLACK
6
CONTINUOUS
10
56.5451309999999978
20
-70.359770999999995
11
56.4380409999999983
21
-70.2526809999999955
0
LINE
8
BLACK
6
CONTINUOUS
10
56.4380409999999983
20
-70.2526809999999955
11
56.4045559999999995
21
-70.1913579999999939
0
LINE
8
BLACK
6
CONTINUOUS
10
56.4045559999999995
20
-70.1913579999999939
11
56.4095399999999998
21
-70.1216659999999905
0
LINE
8
BLACK
6
CONTINUOUS
10
56.4095399999999998
20
-70.1216659999999905
11
56.4380409999999983
21
-70.0773190000000028
0
LINE
8
BLACK
6
CONTINUOUS
10
56.4380409999999983
20
-70.0773190000000028
11
56.4739369999999994
21
-70.0414229999999947
0
LINE
8
BLACK
6
CONTINUOUS
10
56.4739369999999994
20
-70.0414229999999947
11
56.5451309999999978
21
-69.9702290000000033
0
LINE
8
BLACK
6
CONTINUOUS
10
56.5451309999999978
20
-69.9702290000000033
11
56.6978340000000003
21
-69.76005099999999
0
LINE
8
BLACK
6
CONTINUOUS
10
56.6978340000000003
20
-69.76005099999999
11
56.8157789999999991
21
-69.5285719999999969
0
LINE
8
BLACK
6
CONTINUOUS
10
56.8157789999999991
20
-69.5285719999999969
11
56.8960599999999985
21
-69.2814929999999976
0
LINE
8
BLACK
6
CONTINUOUS
10
56.8960599999999985
20
-69.2814929999999976
11
56.9358579999999961
21
-69.0302149999999983
0
LINE
8
BLACK
6
CONTINUOUS
10
56.9358579999999961
20
-69.0302149999999983
11
56.9366999999999948
21
-69.0249019999999973
0
LINE
8
BLACK
6
CONTINUOUS
10
56.9366999999999948
20
-69.0249019999999973
11
56.9366999999999948
21
-68.7650969999999973
0
LINE
8
BLACK
6
CONTINUOUS
10
56.9366999999999948
20
-68.7650969999999973
11
56.9051899999999975
21
-68.5661549999999949
0
LINE
8
BLACK
6
CONTINUOUS
10
56.9051899999999975
20
-68.5661549999999949
11
56.8960599999999985
21
-68.5085069999999945
0
LINE
8
BLACK
6
CONTINUOUS
10
56.8960599999999985
20
-68.5085069999999945
11
56.8157789999999991
21
-68.2614279999999951
0
LINE
8
BLACK
6
CONTINUOUS
10
56.8157789999999991
20
-68.2614279999999951
11
56.8157769999999971
21
-68.2614250000000027
0
LINE
8
BLACK
6
CONTINUOUS
10
56.8157769999999971
20
-68.2614250000000027
11
56.8157769999999971
21
-68.2614229999999935
0
LINE
8
BLACK
6
CONTINUOUS
10
56.8157769999999971
20
-68.2614229999999935
11
56.7729870000000005
21
-68.1774449999999916
0
LINE
8
BLACK
6
CONTINUOUS
10
56.7729870000000005
20
-68.1774449999999916
11
56.6978340000000003
21
-68.029949000000002
0
LINE
8
BLACK
6
CONTINUOUS
10
56.6978340000000003
20
-68.029949000000002
11
56.5451309999999978
21
-67.8197710000000029
0
LINE
8
BLACK
6
CONTINUOUS
10
56.5451309999999978
20
-67.8197710000000029
11
56.4380409999999983
21
-67.7126810000000035
0
LINE
8
BLACK
6
CONTINUOUS
10
56.4380409999999983
20
-67.7126810000000035
11
56.4045559999999995
21
-67.6513580000000019
0
LINE
8
BLACK
6
CONTINUOUS
10
56.4045559999999995
20
-67.6513580000000019
11
56.4095399999999998
21
-67.5816659999999985
0
LINE
8
BLACK
6
CONTINUOUS
10
56.4095399999999998
20
-67.5816659999999985
11
56.4380409999999983
21
-67.5373189999999965
0
LINE
8
BLACK
6
CONTINUOUS
10
56.4380409999999983
20
-67.5373189999999965
11
56.4739369999999994
21
-67.5014230000000026
0
LINE
8
BLACK
6
CONTINUOUS
10
56.4739369999999994
20
-67.5014230000000026
11
56.5451309999999978
21
-67.4302289999999971
0
LINE
8
BLACK
6
CONTINUOUS
10
56.5451309999999978
20
-67.4302289999999971
11
56.6978340000000003
21
-67.220050999999998
0
LINE
8
BLACK
6
CONTINUOUS
10
56.6978340000000003
20
-67.220050999999998
11
56.8157789999999991
21
-66.9885719999999907
0
LINE
8
BLACK
6
CONTINUOUS
10
56.8157789999999991
20
-66.9885719999999907
11
56.8960599999999985
21
-66.7414929999999913
0
LINE
8
BLACK
6
CONTINUOUS
10
56.8960599999999985
20
-66.7414929999999913
11
56.9220109999999977
21
-66.5776419999999973
0
LINE
8
BLACK
6
CONTINUOUS
10
56.9220109999999977
20
-66.5776419999999973
11
56.9366999999999948
21
-66.4849019999999911
0
LINE
8
BLACK
6
CONTINUOUS
10
56.9366999999999948
20
-66.4849019999999911
11
56.9366999999999948
21
-66.225096999999991
0
LINE
8
BLACK
6
CONTINUOUS
10
56.9366999999999948
20
-66.225096999999991
11
56.9151469999999975
21
-66.0890210000000025
0
LINE
8
BLACK
6
CONTINUOUS
10
56.9151469999999975
20
-66.0890210000000025
11
56.8960599999999985
21
-65.9685070000000024
0
LINE
8
BLACK
6
CONTINUOUS
10
56.8960599999999985
20
-65.9685070000000024
11
56.8157789999999991
21
-65.7214280000000031
0
LINE
8
BLACK
6
CONTINUOUS
10
56.8157789999999991
20
-65.7214280000000031
11
56.8157769999999971
21
-65.7214249999999964
0
LINE
8
BLACK
6
CONTINUOUS
10
56.8157769999999971
20
-65.7214249999999964
11
56.8157769999999971
21
-65.7214230000000015
0
LINE
8
BLACK
6
CONTINUOUS
10
56.8157769999999971
20
-65.7214230000000015
11
56.7729870000000005
21
-65.6374449999999996
0
LINE
8
BLACK
6
CONTINUOUS
10
56.7729870000000005
20
-65.6374449999999996
11
56.6978340000000003
21
-65.4899489999999957
0
LINE
8
BLACK
6
CONTINUOUS
10
56.6978340000000003
20
-65.4899489999999957
11
56.5451309999999978
21
-65.2797709999999967
0
LINE
8
BLACK
6
CONTINUOUS
10
56.5451309999999978
20
-65.2797709999999967
11
56.4380409999999983
21
-65.1726809999999972
0
LINE
8
BLACK
6
CONTINUOUS
10
56.4380409999999983
20
-65.1726809999999972
11
56.4045559999999995
21
-65.1113579999999956
0
LINE
8
BLACK
6
CONTINUOUS
10
56.4045559999999995
20
-65.1113579999999956
11
56.4095399999999998
21
-65.0416659999999922
0
LINE
8
BLACK
6
CONTINUOUS
10
56.4095399999999998
20
-65.0416659999999922
11
56.4380409999999983
21
-64.9973189999999903
0
LINE
8
BLACK
6
CONTINUOUS
10
56.4380409999999983
20
-64.9973189999999903
11
56.4830029999999965
21
-64.9523569999999921
0
LINE
8
BLACK
6
CONTINUOUS
10
56.4830029999999965
20
-64.9523569999999921
11
56.5451309999999978
21
-64.8902289999999908
0
LINE
8
BLACK
6
CONTINUOUS
10
56.5451309999999978
20
-64.8902289999999908
11
56.6978340000000003
21
-64.6800509999999917
0
LINE
8
BLACK
6
CONTINUOUS
10
56.6978340000000003
20
-64.6800509999999917
11
56.8157789999999991
21
-64.4485719999999986
0
LINE
8
BLACK
6
CONTINUOUS
10
56.8157789999999991
20
-64.4485719999999986
11
56.8960599999999985
21
-64.2014929999999993
0
LINE
8
BLACK
6
CONTINUOUS
10
56.8960599999999985
20
-64.2014929999999993
11
56.9316800000000001
21
-63.9765949999999961
0
LINE
8
BLACK
6
CONTINUOUS
10
56.9316800000000001
20
-63.9765949999999961
11
56.9366999999999948
21
-63.944901999999999
0
LINE
8
BLACK
6
CONTINUOUS
10
56.9366999999999948
20
-63.944901999999999
11
56.9366999999999948
21
-63.685096999999999
0
LINE
8
BLACK
6
CONTINUOUS
10
56.9366999999999948
20
-63.685096999999999
11
56.9151469999999975
21
-63.5490209999999962
0
LINE
8
BLACK
6
CONTINUOUS
10
56.9151469999999975
20
-63.5490209999999962
11
56.8960599999999985
21
-63.4285069999999962
0
LINE
8
BLACK
6
CONTINUOUS
10
56.8960599999999985
20
-63.4285069999999962
11
56.8157789999999991
21
-63.1814279999999968
0
LINE
8
BLACK
6
CONTINUOUS
10
56.8157789999999991
20
-63.1814279999999968
11
56.8157769999999971
21
-63.1814249999999973
0
LINE
8
BLACK
6
CONTINUOUS
10
56.8157769999999971
20
-63.1814249999999973
11
56.8157769999999971
21
-63.1814229999999952
0
LINE
8
BLACK
6
CONTINUOUS
10
56.8157769999999971
20
-63.1814229999999952
11
56.7683839999999975
21
-63.0884099999999961
0
LINE
8
BLACK
6
CONTINUOUS
10
56.7683839999999975
20
-63.0884099999999961
11
56.6978340000000003
21
-62.9499489999999966
0
LINE
8
BLACK
6
CONTINUOUS
10
56.6978340000000003
20
-62.9499489999999966
11
56.5451309999999978
21
-62.7397709999999975
0
LINE
8
BLACK
6
CONTINUOUS
10
56.5451309999999978
20
-62.7397709999999975
11
56.4380409999999983
21
-62.6326809999999981
0
LINE
8
BLACK
6
CONTINUOUS
10
56.4380409999999983
20
-62.6326809999999981
11
56.4045559999999995
21
-62.5713579999999965
0
LINE
8
BLACK
6
CONTINUOUS
10
56.4045559999999995
20
-62.5713579999999965
11
56.4095399999999998
21
-62.5016660000000002
0
LINE
8
BLACK
6
CONTINUOUS
10
56.4095399999999998
20
-62.5016660000000002
11
56.4380409999999983
21
-62.4573189999999983
0
LINE
8
BLACK
6
CONTINUOUS
10
56.4380409999999983
20
-62.4573189999999983
11
56.4477109999999982
21
-62.4476489999999984
0
LINE
8
BLACK
6
CONTINUOUS
10
56.4477109999999982
20
-62.4476489999999984
11
56.5451309999999978
21
-62.3502289999999988
0
LINE
8
BLACK
6
CONTINUOUS
10
56.5451309999999978
20
-62.3502289999999988
11
56.6978340000000003
21
-62.1400509999999997
0
LINE
8
BLACK
6
CONTINUOUS
10
56.6978340000000003
20
-62.1400509999999997
11
56.8157789999999991
21
-61.9085719999999995
0
LINE
8
BLACK
6
CONTINUOUS
10
56.8157789999999991
20
-61.9085719999999995
11
56.8960599999999985
21
-61.6614930000000001
0
LINE
8
BLACK
6
CONTINUOUS
10
56.8960599999999985
20
-61.6614930000000001
11
56.9187389999999951
21
-61.5182979999999944
0
LINE
8
BLACK
6
CONTINUOUS
10
56.9187389999999951
20
-61.5182979999999944
11
56.9366999999999948
21
-61.4049019999999999
0
LINE
8
BLACK
6
CONTINUOUS
10
56.9366999999999948
20
-61.4049019999999999
11
56.9366999999999948
21
-61.1450969999999998
0
LINE
8
BLACK
6
CONTINUOUS
10
56.9366999999999948
20
-61.1450969999999998
11
56.9151469999999975
21
-61.0090209999999971
0
LINE
8
BLACK
6
CONTINUOUS
10
56.9151469999999975
20
-61.0090209999999971
11
56.8960599999999985
21
-60.888506999999997
0
LINE
8
BLACK
6
CONTINUOUS
10
56.8960599999999985
20
-60.888506999999997
11
56.8157789999999991
21
-60.6414279999999977
0
LINE
8
BLACK
6
CONTINUOUS
10
56.8157789999999991
20
-60.6414279999999977
11
56.8157769999999971
21
-60.6414249999999981
0
LINE
8
BLACK
6
CONTINUOUS
10
56.8157769999999971
20
-60.6414249999999981
11
56.8157769999999971
21
-60.6414229999999961
0
LINE
8
BLACK
6
CONTINUOUS
10
56.8157769999999971
20
-60.6414229999999961
11
56.7729870000000005
21
-60.5574449999999942
0
LINE
8
BLACK
6
CONTINUOUS
10
56.7729870000000005
20
-60.5574449999999942
11
56.6978340000000003
21
-60.4099489999999975
0
LINE
8
BLACK
6
CONTINUOUS
10
56.6978340000000003
20
-60.4099489999999975
11
56.5451309999999978
21
-60.1997709999999984
0
LINE
8
BLACK
6
CONTINUOUS
10
56.5451309999999978
20
-60.1997709999999984
11
56.4380409999999983
21
-60.0926809999999989
0
LINE
8
BLACK
6
CONTINUOUS
10
56.4380409999999983
20
-60.0926809999999989
11
56.4045559999999995
21
-60.0313579999999973
0
LINE
8
BLACK
6
CONTINUOUS
10
56.4045559999999995
20
-60.0313579999999973
11
56.4095399999999998
21
-59.9616659999999939
0
LINE
8
BLACK
6
CONTINUOUS
10
56.4095399999999998
20
-59.9616659999999939
11
56.4380409999999983
21
-59.9173189999999991
0
LINE
8
BLACK
6
CONTINUOUS
10
56.4380409999999983
20
-59.9173189999999991
11
56.5451309999999978
21
-59.8102289999999996
0
LINE
8
BLACK
6
CONTINUOUS
10
56.5451309999999978
20
-59.8102289999999996
11
56.6978340000000003
21
-59.6000510000000006
0
LINE
8
BLACK
6
CONTINUOUS
10
56.6978340000000003
20
-59.6000510000000006
11
56.8157789999999991
21
-59.3685720000000003
0
LINE
8
BLACK
6
CONTINUOUS
10
56.8157789999999991
20
-59.3685720000000003
11
56.8960599999999985
21
-59.1214929999999939
0
LINE
8
BLACK
6
CONTINUOUS
10
56.8960599999999985
20
-59.1214929999999939
11
56.9187389999999951
21
-58.9782979999999952
0
LINE
8
BLACK
6
CONTINUOUS
10
56.9187389999999951
20
-58.9782979999999952
11
56.9366999999999948
21
-58.8649020000000007
0
LINE
8
BLACK
6
CONTINUOUS
10
56.9366999999999948
20
-58.8649020000000007
11
56.9366999999999948
21
-58.6050970000000007
0
LINE
8
BLACK
6
CONTINUOUS
10
56.9366999999999948
20
-58.6050970000000007
11
56.9151469999999975
21
-58.4690209999999979
0
LINE
8
BLACK
6
CONTINUOUS
10
56.9151469999999975
20
-58.4690209999999979
11
56.8960599999999985
21
-58.3485069999999979
0
LINE
8
BLACK
6
CONTINUOUS
10
56.8960599999999985
20
-58.3485069999999979
11
56.8157789999999991
21
-58.1014279999999985
0
LINE
8
BLACK
6
CONTINUOUS
10
56.8157789999999991
20
-58.1014279999999985
11
56.8157769999999971
21
-58.101424999999999
0
LINE
8
BLACK
6
CONTINUOUS
10
56.8157769999999971
20
-58.101424999999999
11
56.8157769999999971
21
-58.1014229999999969
0
LINE
8
BLACK
6
CONTINUOUS
10
56.8157769999999971
20
-58.1014229999999969
11
56.7729870000000005
21
-58.017444999999995
0
LINE
8
BLACK
6
CONTINUOUS
10
56.7729870000000005
20
-58.017444999999995
11
56.6978340000000003
21
-57.8699489999999983
0
LINE
8
BLACK
6
CONTINUOUS
10
56.6978340000000003
20
-57.8699489999999983
11
56.5451309999999978
21
-57.6597709999999992
0
LINE
8
BLACK
6
CONTINUOUS
10
56.5451309999999978
20
-57.6597709999999992
11
56.4380409999999983
21
-57.5526809999999998
0
LINE
8
BLACK
6
CONTINUOUS
10
56.4380409999999983
20
-57.5526809999999998
11
56.4045559999999995
21
-57.4913579999999982
0
LINE
8
BLACK
6
CONTINUOUS
10
56.4045559999999995
20
-57.4913579999999982
11
56.4095399999999998
21
-57.4216659999999948
0
LINE
8
BLACK
6
CONTINUOUS
10
56.4095399999999998
20
-57.4216659999999948
11
56.4380409999999983
21
-57.377319
0
LINE
8
BLACK
6
CONTINUOUS
10
56.4380409999999983
20
-57.377319
11
56.5451309999999978
21
-57.2702290000000005
0
LINE
8
BLACK
6
CONTINUOUS
10
56.5451309999999978
20
-57.2702290000000005
11
56.6978340000000003
21
-57.0600509999999943
0
LINE
8
BLACK
6
CONTINUOUS
10
56.6978340000000003
20
-57.0600509999999943
11
56.8157789999999991
21
-56.8285719999999941
0
LINE
8
BLACK
6
CONTINUOUS
10
56.8157789999999991
20
-56.8285719999999941
11
56.8960599999999985
21
-56.5814929999999947
0
LINE
8
BLACK
6
CONTINUOUS
10
56.8960599999999985
20
-56.5814929999999947
11
56.9187389999999951
21
-56.4382979999999961
0
LINE
8
BLACK
6
CONTINUOUS
10
56.9187389999999951
20
-56.4382979999999961
11
56.9366999999999948
21
-56.3249019999999945
0
LINE
8
BLACK
6
CONTINUOUS
10
56.9366999999999948
20
-56.3249019999999945
11
56.9366999999999948
21
-56.0650969999999944
0
LINE
8
BLACK
6
CONTINUOUS
10
56.9366999999999948
20
-56.0650969999999944
11
56.9151469999999975
21
-55.9290209999999988
0
LINE
8
BLACK
6
CONTINUOUS
10
56.9151469999999975
20
-55.9290209999999988
11
56.8960599999999985
21
-55.8085069999999988
0
LINE
8
BLACK
6
CONTINUOUS
10
56.8960599999999985
20
-55.8085069999999988
11
56.8157789999999991
21
-55.5614279999999994
0
LINE
8
BLACK
6
CONTINUOUS
10
56.8157789999999991
20
-55.5614279999999994
11
56.8157769999999971
21
-55.5614249999999998
0
LINE
8
BLACK
6
CONTINUOUS
10
56.8157769999999971
20
-55.5614249999999998
11
56.8157769999999971
21
-55.5614229999999978
0
LINE
8
BLACK
6
CONTINUOUS
10
56.8157769999999971
20
-55.5614229999999978
11
56.6978329999999957
21
-55.3299479999999946
0
LINE
8
BLACK
6
CONTINUOUS
10
56.6978329999999957
20
-55.3299479999999946
11
56.6978319999999982
21
-55.3299459999999996
0
LINE
8
BLACK
6
CONTINUOUS
10
56.6978319999999982
20
-55.3299459999999996
11
56.6529849999999939
21
-55.2682189999999949
0
LINE
8
BLACK
6
CONTINUOUS
10
56.6529849999999939
20
-55.2682189999999949
11
56.6295059999999992
21
-55.2024159999999995
0
LINE
8
BLACK
6
CONTINUOUS
10
56.6295059999999992
20
-55.2024159999999995
11
56.6453309999999988
21
-55.1343619999999959
0
LINE
8
BLACK
6
CONTINUOUS
10
56.6453309999999988
20
-55.1343619999999959
11
56.6656229999999965
21
-55.1076549999999941
0
LINE
8
BLACK
6
CONTINUOUS
10
56.6656229999999965
20
-55.1076549999999941
11
56.665623999999994
21
-55.1076539999999966
0
LINE
8
BLACK
6
CONTINUOUS
10
56.665623999999994
20
-55.1076539999999966
11
56.7660160000000005
21
-55.0072619999999972
0
LINE
8
BLACK
6
CONTINUOUS
10
56.7660160000000005
20
-55.0072619999999972
11
56.8619889999999941
21
-54.8545219999999958
0
LINE
8
BLACK
6
CONTINUOUS
10
56.8619889999999941
20
-54.8545219999999958
11
56.9215680000000006
21
-54.6842550000000003
0
LINE
8
BLACK
6
CONTINUOUS
10
56.9215680000000006
20
-54.6842550000000003
11
56.9366999999999948
21
-54.5499539999999996
0
LINE
8
BLACK
6
CONTINUOUS
10
56.9366999999999948
20
-54.5499539999999996
11
56.9366999999999948
21
-52.7600459999999956
0
LINE
8
BLACK
6
CONTINUOUS
10
56.9366999999999948
20
-52.7600459999999956
11
56.9215680000000006
21
-52.6257449999999949
0
LINE
8
BLACK
6
CONTINUOUS
10
56.9215680000000006
20
-52.6257449999999949
11
56.8619889999999941
21
-52.4554779999999994
0
LINE
8
BLACK
6
CONTINUOUS
10
56.8619889999999941
20
-52.4554779999999994
11
56.7660160000000005
21
-52.302737999999998
0
LINE
8
BLACK
6
CONTINUOUS
10
56.7660160000000005
20
-52.302737999999998
11
56.638461999999997
21
-52.1751839999999945
0
LINE
8
BLACK
6
CONTINUOUS
10
56.638461999999997
20
-52.1751839999999945
11
56.4857230000000001
21
-52.0792110000000008
0
LINE
8
BLACK
6
CONTINUOUS
10
56.4857230000000001
20
-52.0792110000000008
11
56.3154539999999955
21
-52.0196309999999968
0
LINE
8
BLACK
6
CONTINUOUS
10
56.3154539999999955
20
-52.0196309999999968
11
56.315449000000001
21
-52.0196299999999994
0
LINE
8
BLACK
6
CONTINUOUS
10
56.315449000000001
20
-52.0196299999999994
11
56.1811599999999984
21
-52.0045000000000002
0
LINE
8
BLACK
6
CONTINUOUS
10
56.1811599999999984
20
-52.0045000000000002
11
56.1811539999999994
21
-52.0045000000000002
0
LINE
8
BLACK
6
CONTINUOUS
10
56.1811539999999994
20
-52.0045000000000002
11
55.5150469999999956
21
-52.0045000000000002
0
LINE
8
BLACK
6
CONTINUOUS
10
55.5150469999999956
20
-52.0045000000000002
11
55.4480079999999944
21
-51.9848149999999976
0
LINE
8
BLACK
6
CONTINUOUS
10
55.4480079999999944
20
-51.9848149999999976
11
55.4022529999999946
21
-51.9320109999999957
0
LINE
8
BLACK
6
CONTINUOUS
10
55.4022529999999946
20
-51.9320109999999957
11
55.3923089999999974
21
-51.8628530000000012
0
LINE
8
BLACK
6
CONTINUOUS
10
55.3923089999999974
20
-51.8628530000000012
11
55.4213339999999945
21
-51.7992969999999957
0
LINE
8
BLACK
6
CONTINUOUS
10
55.4213339999999945
20
-51.7992969999999957
11
55.4273659999999992
21
-51.7928189999999944
0
LINE
8
BLACK
6
CONTINUOUS
10
55.4273659999999992
20
-51.7928189999999944
11
58.4783659999999941
21
-48.7418189999999996
0
LINE
8
BLACK
6
CONTINUOUS
10
58.4783659999999941
20
-48.7418189999999996
11
58.5396889999999956
21
-48.7083340000000007
0
LINE
8
BLACK
6
CONTINUOUS
10
58.5396889999999956
20
-48.7083340000000007
11
58.5660469999999975
21
-48.7055000000000007
0
LINE
8
BLACK
6
CONTINUOUS
10
58.5660469999999975
20
-48.7055000000000007
11
99.8782549999999958
21
-48.7055000000000007
0
LINE
8
BLACK
6
CONTINUOUS
10
99.8782549999999958
20
-48.7055000000000007
11
99.9452939999999899
21
-48.7251849999999962
0
LINE
8
BLACK
6
CONTINUOUS
10
99.9452939999999899
20
-48.7251849999999962
11
99.9910489999999896
21
-48.777988999999998
0
LINE
8
BLACK
6
CONTINUOUS
10
99.9910489999999896
20
-48.777988999999998
11
100.000992999999994
21
-48.8471469999999997
0
LINE
8
BLACK
6
CONTINUOUS
10
100.000992999999994
20
-48.8471469999999997
11
99.9785729999999973
21
-48.9023849999999953
0
LINE
8
BLACK
6
CONTINUOUS
10
99.9785729999999973
20
-48.9023849999999953
11
99.8495679999999908
21
-49.079944999999995
0
LINE
8
BLACK
6
CONTINUOUS
10
99.8495679999999908
20
-49.079944999999995
11
99.7316220000000015
21
-49.3114229999999978
0
LINE
8
BLACK
6
CONTINUOUS
10
99.7316220000000015
20
-49.3114229999999978
11
99.6513399999999905
21
-49.5585060000000013
0
LINE
8
BLACK
6
CONTINUOUS
10
99.6513399999999905
20
-49.5585060000000013
11
99.6106999999999942
21
-49.8150969999999944
0
LINE
8
BLACK
6
CONTINUOUS
10
99.6106999999999942
20
-49.8150969999999944
11
99.6106999999999942
21
-50.0749019999999945
0
LINE
8
BLACK
6
CONTINUOUS
10
99.6106999999999942
20
-50.0749019999999945
11
99.6513399999999905
21
-50.3314929999999947
0
LINE
8
BLACK
6
CONTINUOUS
10
99.6513399999999905
20
-50.3314929999999947
11
99.7316220000000015
21
-50.5785759999999982
0
LINE
8
BLACK
6
CONTINUOUS
10
99.7316220000000015
20
-50.5785759999999982
11
99.8127339999999919
21
-50.7377639999999985
0
LINE
8
BLACK
6
CONTINUOUS
10
99.8127339999999919
20
-50.7377639999999985
11
99.8495659999999958
21
-50.8100509999999943
0
LINE
8
BLACK
6
CONTINUOUS
10
99.8495659999999958
20
-50.8100509999999943
11
100.0022689999999983
21
-51.0202290000000005
0
LINE
8
BLACK
6
CONTINUOUS
10
100.0022689999999983
20
-51.0202290000000005
11
100.185970999999995
21
-51.2039309999999972
0
LINE
8
BLACK
6
CONTINUOUS
10
100.185970999999995
20
-51.2039309999999972
11
100.3961489999999941
21
-51.3566339999999997
0
LINE
8
BLACK
6
CONTINUOUS
10
100.3961489999999941
20
-51.3566339999999997
11
100.6276280000000014
21
-51.4745789999999985
0
LINE
8
BLACK
6
CONTINUOUS
10
100.6276280000000014
20
-51.4745789999999985
11
100.8747070000000008
21
-51.5548599999999979
0
LINE
8
BLACK
6
CONTINUOUS
10
100.8747070000000008
20
-51.5548599999999979
11
101.0216599999999971
21
-51.5781339999999986
0
LINE
8
BLACK
6
CONTINUOUS
10
101.0216599999999971
20
-51.5781339999999986
11
101.0847909999999956
21
-51.6080609999999993
0
LINE
8
BLACK
6
CONTINUOUS
10
101.0847909999999956
20
-51.6080609999999993
11
101.0899399999999986
21
-51.6129249999999971
0
LINE
8
BLACK
6
CONTINUOUS
10
101.0899399999999986
20
-51.6129249999999971
11
108.1143809999999945
21
-58.6373660000000001
0
LINE
8
BLACK
6
CONTINUOUS
10
108.1143809999999945
20
-58.6373660000000001
11
108.1478659999999934
21
-58.6986889999999946
0
LINE
8
BLACK
6
CONTINUOUS
10
108.1478659999999934
20
-58.6986889999999946
11
108.1507000000000005
21
-58.7250469999999964
0
LINE
8
BLACK
6
CONTINUOUS
10
108.1507000000000005
20
-58.7250469999999964
11
108.1507000000000005
21
-60.4317609999999945
0
LINE
8
BLACK
6
CONTINUOUS
10
108.1507000000000005
20
-60.4317609999999945
11
108.1310149999999908
21
-60.4987999999999957
0
LINE
8
BLACK
6
CONTINUOUS
10
108.1310149999999908
20
-60.4987999999999957
11
108.1270179999999925
21
-60.5046459999999939
0
LINE
8
BLACK
6
CONTINUOUS
10
108.1270179999999925
20
-60.5046459999999939
11
108.0823319999999939
21
-60.5661509999999979
0
LINE
8
BLACK
6
CONTINUOUS
10
108.0823319999999939
20
-60.5661509999999979
11
107.9679599999999908
21
-60.7906179999999949
0
LINE
8
BLACK
6
CONTINUOUS
10
107.9679599999999908
20
-60.7906179999999949
11
107.8901089999999954
21
-61.0302170000000004
0
LINE
8
BLACK
6
CONTINUOUS
10
107.8901089999999954
20
-61.0302170000000004
11
107.8782149999999973
21
-61.1053089999999983
0
LINE
8
BLACK
6
CONTINUOUS
10
107.8782149999999973
20
-61.1053089999999983
11
107.84828499999999
21
-61.1684429999999963
0
LINE
8
BLACK
6
CONTINUOUS
10
107.84828499999999
20
-61.1684429999999963
11
107.8434230000000014
21
-61.1735899999999972
0
LINE
8
BLACK
6
CONTINUOUS
10
107.8434230000000014
20
-61.1735899999999972
11
106.3417359999999974
21
-62.6752779999999987
0
LINE
8
BLACK
6
CONTINUOUS
10
106.3417359999999974
20
-62.6752779999999987
11
106.2214159999999907
21
-62.8408839999999955
0
LINE
8
BLACK
6
CONTINUOUS
10
106.2214159999999907
20
-62.8408839999999955
11
106.2214139999999958
21
-62.8408869999999951
0
LINE
8
BLACK
6
CONTINUOUS
10
106.2214139999999958
20
-62.8408869999999951
11
106.1990089999999896
21
-62.8848599999999962
0
LINE
8
BLACK
6
CONTINUOUS
10
106.1990089999999896
20
-62.8848599999999962
11
106.1284809999999936
21
-63.0232759999999956
0
LINE
8
BLACK
6
CONTINUOUS
10
106.1284809999999936
20
-63.0232759999999956
11
106.0652219999999915
21
-63.2179649999999995
0
LINE
8
BLACK
6
CONTINUOUS
10
106.0652219999999915
20
-63.2179649999999995
11
106.0331999999999937
21
-63.4201479999999975
0
LINE
8
BLACK
6
CONTINUOUS
10
106.0331999999999937
20
-63.4201479999999975
11
106.0331999999999937
21
-75.3898549999999972
0
LINE
8
BLACK
6
CONTINUOUS
10
106.0331999999999937
20
-75.3898549999999972
11
106.0411059999999992
21
-75.4397699999999958
0
LINE
8
BLACK
6
CONTINUOUS
10
106.0411059999999992
20
-75.4397699999999958
11
106.0411059999999992
21
-75.4397709999999933
0
LINE
8
BLACK
6
CONTINUOUS
10
106.0411059999999992
20
-75.4397709999999933
11
106.0652219999999915
21
-75.5920299999999941
0
LINE
8
BLACK
6
CONTINUOUS
10
106.0652219999999915
20
-75.5920299999999941
11
106.0652219999999915
21
-75.5920309999999915
0
LINE
8
BLACK
6
CONTINUOUS
10
106.0652219999999915
20
-75.5920309999999915
11
106.0652229999999889
21
-75.5920339999999982
0
LINE
8
BLACK
6
CONTINUOUS
10
106.0652229999999889
20
-75.5920339999999982
11
106.1284799999999962
21
-75.7867189999999908
0
LINE
8
BLACK
6
CONTINUOUS
10
106.1284799999999962
20
-75.7867189999999908
11
106.1749459999999914
21
-75.8779139999999899
0
LINE
8
BLACK
6
CONTINUOUS
10
106.1749459999999914
20
-75.8779139999999899
11
106.2214129999999983
21
-75.9691109999999981
0
LINE
8
BLACK
6
CONTINUOUS
10
106.2214129999999983
20
-75.9691109999999981
11
106.3417339999999882
21
-76.1347189999999898
0
LINE
8
BLACK
6
CONTINUOUS
10
106.3417339999999882
20
-76.1347189999999898
11
106.3417359999999974
21
-76.134720999999999
0
LINE
8
BLACK
6
CONTINUOUS
10
106.3417359999999974
20
-76.134720999999999
11
107.8434230000000014
21
-77.636408000000003
0
LINE
8
BLACK
6
CONTINUOUS
10
107.8434230000000014
20
-77.636408000000003
11
107.8769080000000002
21
-77.6977309999999903
0
LINE
8
BLACK
6
CONTINUOUS
10
107.8769080000000002
20
-77.6977309999999903
11
107.8782149999999973
21
-77.7046890000000019
0
LINE
8
BLACK
6
CONTINUOUS
10
107.8782149999999973
20
-77.7046890000000019
11
107.8901089999999954
21
-77.7797829999999948
0
LINE
8
BLACK
6
CONTINUOUS
10
107.8901089999999954
20
-77.7797829999999948
11
107.9679599999999908
21
-78.0193809999999957
0
LINE
8
BLACK
6
CONTINUOUS
10
107.9679599999999908
20
-78.0193809999999957
11
108.0823319999999939
21
-78.2438479999999998
0
LINE
8
BLACK
6
CONTINUOUS
10
108.0823319999999939
20
-78.2438479999999998
11
108.2304010000000005
21
-78.4476489999999984
0
LINE
8
BLACK
6
CONTINUOUS
10
108.2304010000000005
20
-78.4476489999999984
11
108.2304049999999904
21
-78.447654
0
LINE
8
BLACK
6
CONTINUOUS
10
108.2304049999999904
20
-78.447654
11
108.4085449999999895
21
-78.6257939999999991
0
LINE
8
BLACK
6
CONTINUOUS
10
108.4085449999999895
20
-78.6257939999999991
11
108.4085499999999911
21
-78.6257980000000032
0
LINE
8
BLACK
6
CONTINUOUS
10
108.4085499999999911
20
-78.6257980000000032
11
108.586316999999994
21
-78.754952000000003
0
LINE
8
BLACK
6
CONTINUOUS
10
108.586316999999994
20
-78.754952000000003
11
108.6123549999999938
21
-78.7738700000000023
0
LINE
8
BLACK
6
CONTINUOUS
10
108.6123549999999938
20
-78.7738700000000023
11
108.7553839999999923
21
-78.8467469999999935
0
LINE
8
BLACK
6
CONTINUOUS
10
108.7553839999999923
20
-78.8467469999999935
11
108.8368159999999989
21
-78.8882389999999987
0
LINE
8
BLACK
6
CONTINUOUS
10
108.8368159999999989
20
-78.8882389999999987
11
108.8368179999999938
21
-78.8882389999999987
0
LINE
8
BLACK
6
CONTINUOUS
10
108.8368179999999938
20
-78.8882389999999987
11
108.8368210000000005
21
-78.8882409999999936
0
LINE
8
BLACK
6
CONTINUOUS
10
108.8368210000000005
20
-78.8882409999999936
11
109.0764149999999972
21
-78.9660899999999941
0
LINE
8
BLACK
6
CONTINUOUS
10
109.0764149999999972
20
-78.9660899999999941
11
109.3252379999999988
21
-79.0054999999999978
0
LINE
8
BLACK
6
CONTINUOUS
10
109.3252379999999988
20
-79.0054999999999978
11
109.3252389999999963
21
-79.0054999999999978
0
LINE
8
BLACK
6
CONTINUOUS
10
109.3252389999999963
20
-79.0054999999999978
11
109.5771609999999896
21
-79.0054999999999978
0
LINE
8
BLACK
6
CONTINUOUS
10
109.5771609999999896
20
-79.0054999999999978
11
109.5771620000000013
21
-79.0054999999999978
0
LINE
8
BLACK
6
CONTINUOUS
10
109.5771620000000013
20
-79.0054999999999978
11
109.8259849999999886
21
-78.9660899999999941
0
LINE
8
BLACK
6
CONTINUOUS
10
109.8259849999999886
20
-78.9660899999999941
11
110.0655789999999996
21
-78.8882409999999936
0
LINE
8
BLACK
6
CONTINUOUS
10
110.0655789999999996
20
-78.8882409999999936
11
110.1135039999999918
21
-78.8638210000000015
0
LINE
8
BLACK
6
CONTINUOUS
10
110.1135039999999918
20
-78.8638210000000015
11
110.1821729999999917
21
-78.8509249999999895
0
LINE
8
BLACK
6
CONTINUOUS
10
110.1821729999999917
20
-78.8509249999999895
11
110.2469139999999896
21
-78.8772009999999995
0
LINE
8
BLACK
6
CONTINUOUS
10
110.2469139999999896
20
-78.8772009999999995
11
110.2871710000000007
21
-78.9343069999999898
0
LINE
8
BLACK
6
CONTINUOUS
10
110.2871710000000007
20
-78.9343069999999898
11
110.2937999999999903
21
-78.9743059999999986
0
LINE
8
BLACK
6
CONTINUOUS
10
110.2937999999999903
20
-78.9743059999999986
11
110.2937999999999903
21
-82.6718520000000012
0
LINE
8
BLACK
6
CONTINUOUS
10
110.2937999999999903
20
-82.6718520000000012
11
110.2741149999999948
21
-82.7388909999999953
0
LINE
8
BLACK
6
CONTINUOUS
10
110.2741149999999948
20
-82.7388909999999953
11
110.2574809999999985
21
-82.7595329999999905
0
LINE
8
BLACK
6
CONTINUOUS
10
110.2574809999999985
20
-82.7595329999999905
11
109.219789999999989
21
-83.7972230000000025
0
LINE
8
BLACK
6
CONTINUOUS
10
109.219789999999989
20
-83.7972230000000025
11
109.1584670000000017
21
-83.8307080000000013
0
LINE
8
BLACK
6
CONTINUOUS
10
109.1584670000000017
20
-83.8307080000000013
11
109.1515089999999901
21
-83.8320149999999984
0
LINE
8
BLACK
6
CONTINUOUS
10
109.1515089999999901
20
-83.8320149999999984
11
109.0764169999999922
21
-83.8439089999999965
0
LINE
8
BLACK
6
CONTINUOUS
10
109.0764169999999922
20
-83.8439089999999965
11
108.8368179999999938
21
-83.9217599999999919
0
LINE
8
BLACK
6
CONTINUOUS
10
108.8368179999999938
20
-83.9217599999999919
11
108.6123509999999897
21
-84.0361319999999949
0
LINE
8
BLACK
6
CONTINUOUS
10
108.6123509999999897
20
-84.0361319999999949
11
108.4085499999999911
21
-84.1842010000000016
0
LINE
8
BLACK
6
CONTINUOUS
10
108.4085499999999911
20
-84.1842010000000016
11
108.4085449999999895
21
-84.1842049999999915
0
LINE
8
BLACK
6
CONTINUOUS
10
108.4085449999999895
20
-84.1842049999999915
11
108.2304049999999904
21
-84.3623449999999906
0
LINE
8
BLACK
6
CONTINUOUS
10
108.2304049999999904
20
-84.3623449999999906
11
108.2304010000000005
21
-84.3623499999999922
0
LINE
8
BLACK
6
CONTINUOUS
10
108.2304010000000005
20
-84.3623499999999922
11
108.0823319999999939
21
-84.5661509999999907
0
LINE
8
BLACK
6
CONTINUOUS
10
108.0823319999999939
20
-84.5661509999999907
11
107.9679599999999908
21
-84.790616
0
LINE
8
BLACK
6
CONTINUOUS
10
107.9679599999999908
20
-84.790616
11
107.8901099999999929
21
-85.0302140000000009
0
LINE
8
BLACK
6
CONTINUOUS
10
107.8901099999999929
20
-85.0302140000000009
11
107.8506999999999891
21
-85.2790379999999999
0
LINE
8
BLACK
6
CONTINUOUS
10
107.8506999999999891
20
-85.2790379999999999
11
107.8506999999999891
21
-85.5309609999999907
0
LINE
8
BLACK
6
CONTINUOUS
10
107.8506999999999891
20
-85.5309609999999907
11
107.8901099999999929
21
-85.7797849999999897
0
LINE
8
BLACK
6
CONTINUOUS
10
107.8901099999999929
20
-85.7797849999999897
11
107.9679599999999908
21
-86.0193829999999906
0
LINE
8
BLACK
6
CONTINUOUS
10
107.9679599999999908
20
-86.0193829999999906
11
108.0823319999999939
21
-86.2438479999999998
0
LINE
8
BLACK
6
CONTINUOUS
10
108.0823319999999939
20
-86.2438479999999998
11
108.2304010000000005
21
-86.4476489999999984
0
LINE
8
BLACK
6
CONTINUOUS
10
108.2304010000000005
20
-86.4476489999999984
11
108.2304049999999904
21
-86.447654
0
LINE
8
BLACK
6
CONTINUOUS
10
108.2304049999999904
20
-86.447654
11
108.4085449999999895
21
-86.6257939999999991
0
LINE
8
BLACK
6
CONTINUOUS
10
108.4085449999999895
20
-86.6257939999999991
11
108.4085499999999911
21
-86.6257980000000032
0
LINE
8
BLACK
6
CONTINUOUS
10
108.4085499999999911
20
-86.6257980000000032
11
108.509886999999992
21
-86.6994229999999959
0
LINE
8
BLACK
6
CONTINUOUS
10
108.509886999999992
20
-86.6994229999999959
11
108.6123549999999938
21
-86.7738700000000023
0
LINE
8
BLACK
6
CONTINUOUS
10
108.6123549999999938
20
-86.7738700000000023
11
108.7553839999999923
21
-86.8467469999999935
0
LINE
8
BLACK
6
CONTINUOUS
10
108.7553839999999923
20
-86.8467469999999935
11
108.8368159999999989
21
-86.8882389999999987
0
LINE
8
BLACK
6
CONTINUOUS
10
108.8368159999999989
20
-86.8882389999999987
11
108.8368179999999938
21
-86.8882389999999987
0
LINE
8
BLACK
6
CONTINUOUS
10
108.8368179999999938
20
-86.8882389999999987
11
108.8368210000000005
21
-86.8882409999999936
0
LINE
8
BLACK
6
CONTINUOUS
10
108.8368210000000005
20
-86.8882409999999936
11
109.0764149999999972
21
-86.9660899999999941
0
LINE
8
BLACK
6
CONTINUOUS
10
109.0764149999999972
20
-86.9660899999999941
11
109.3252379999999988
21
-87.0054999999999978
0
LINE
8
BLACK
6
CONTINUOUS
10
109.3252379999999988
20
-87.0054999999999978
11
109.3252389999999963
21
-87.0054999999999978
0
LINE
8
BLACK
6
CONTINUOUS
10
109.3252389999999963
20
-87.0054999999999978
11
109.5771609999999896
21
-87.0054999999999978
0
LINE
8
BLACK
6
CONTINUOUS
10
109.5771609999999896
20
-87.0054999999999978
11
109.5771620000000013
21
-87.0054999999999978
0
LINE
8
BLACK
6
CONTINUOUS
10
109.5771620000000013
20
-87.0054999999999978
11
109.8259849999999886
21
-86.9660899999999941
0
LINE
8
BLACK
6
CONTINUOUS
10
109.8259849999999886
20
-86.9660899999999941
11
110.0655789999999996
21
-86.8882409999999936
0
LINE
8
BLACK
6
CONTINUOUS
10
110.0655789999999996
20
-86.8882409999999936
11
110.2900449999999921
21
-86.7738700000000023
0
LINE
8
BLACK
6
CONTINUOUS
10
110.2900449999999921
20
-86.7738700000000023
11
110.3387469999999979
21
-86.7384849999999972
0
LINE
8
BLACK
6
CONTINUOUS
10
110.3387469999999979
20
-86.7384849999999972
11
110.3925139999999914
21
-86.6994229999999959
0
LINE
8
BLACK
6
CONTINUOUS
10
110.3925139999999914
20
-86.6994229999999959
11
110.4938489999999973
21
-86.6257980000000032
0
LINE
8
BLACK
6
CONTINUOUS
10
110.4938489999999973
20
-86.6257980000000032
11
110.4938469999999882
21
-86.6257980000000032
0
LINE
8
BLACK
6
CONTINUOUS
10
110.4938469999999882
20
-86.6257980000000032
11
110.4938559999999939
21
-86.6257930000000016
0
LINE
8
BLACK
6
CONTINUOUS
10
110.4938559999999939
20
-86.6257930000000016
11
110.6719930000000005
21
-86.4476559999999949
0
LINE
8
BLACK
6
CONTINUOUS
10
110.6719930000000005
20
-86.4476559999999949
11
110.8200700000000012
21
-86.2438449999999932
0
LINE
8
BLACK
6
CONTINUOUS
10
110.8200700000000012
20
-86.2438449999999932
11
110.9344409999999925
21
-86.0193790000000007
0
LINE
8
BLACK
6
CONTINUOUS
10
110.9344409999999925
20
-86.0193790000000007
11
111.012289999999993
21
-85.7797849999999897
0
LINE
8
BLACK
6
CONTINUOUS
10
111.012289999999993
20
-85.7797849999999897
11
111.0241839999999911
21
-85.7046869999999927
0
LINE
8
BLACK
6
CONTINUOUS
10
111.0241839999999911
20
-85.7046869999999927
11
111.0541109999999918
21
-85.6415569999999917
0
LINE
8
BLACK
6
CONTINUOUS
10
111.0541109999999918
20
-85.6415569999999917
11
111.0589569999999924
21
-85.6364260000000002
0
LINE
8
BLACK
6
CONTINUOUS
10
111.0589569999999924
20
-85.6364260000000002
11
111.4163449999999926
21
-85.2790379999999999
0
LINE
8
BLACK
6
CONTINUOUS
10
111.4163449999999926
20
-85.2790379999999999
11
112.5862659999999948
21
-84.1091189999999926
0
LINE
8
BLACK
6
CONTINUOUS
10
112.5862659999999948
20
-84.1091189999999926
11
112.706586999999999
21
-83.9435110000000009
0
LINE
8
BLACK
6
CONTINUOUS
10
112.706586999999999
20
-83.9435110000000009
11
112.7774159999999881
21
-83.8044999999999902
0
LINE
8
BLACK
6
CONTINUOUS
10
112.7774159999999881
20
-83.8044999999999902
11
112.7995200000000011
21
-83.7611189999999937
0
LINE
8
BLACK
6
CONTINUOUS
10
112.7995200000000011
20
-83.7611189999999937
11
112.8311479999999989
21
-83.6637759999999986
0
LINE
8
BLACK
6
CONTINUOUS
10
112.8311479999999989
20
-83.6637759999999986
11
112.8627769999999941
21
-83.5664349999999985
0
LINE
8
BLACK
6
CONTINUOUS
10
112.8627769999999941
20
-83.5664349999999985
11
112.8947999999999894
21
-83.3642519999999934
0
LINE
8
BLACK
6
CONTINUOUS
10
112.8947999999999894
20
-83.3642519999999934
11
112.8947999999999894
21
-83.1595480000000009
0
LINE
8
BLACK
6
CONTINUOUS
10
112.8947999999999894
20
-83.1595480000000009
11
112.8947999999999894
21
-77.2790379999999999
0
LINE
8
BLACK
6
CONTINUOUS
10
112.8947999999999894
20
-77.2790379999999999
11
112.8947999999999894
21
-71.4457479999999947
0
LINE
8
BLACK
6
CONTINUOUS
10
112.8947999999999894
20
-71.4457479999999947
11
112.8947999999999894
21
-71.4457429999999931
0
LINE
8
BLACK
6
CONTINUOUS
10
112.8947999999999894
20
-71.4457429999999931
11
112.8806819999999931
21
-71.3566110000000009
0
LINE
8
BLACK
6
CONTINUOUS
10
112.8806819999999931
20
-71.3566110000000009
11
112.8806819999999931
21
-71.3566100000000034
0
LINE
8
BLACK
6
CONTINUOUS
10
112.8806819999999931
20
-71.3566100000000034
11
112.8627769999999941
21
-71.2435679999999962
0
LINE
8
BLACK
6
CONTINUOUS
10
112.8627769999999941
20
-71.2435679999999962
11
112.8627769999999941
21
-71.2435650000000038
0
LINE
8
BLACK
6
CONTINUOUS
10
112.8627769999999941
20
-71.2435650000000038
11
112.7995200000000011
21
-71.0488819999999919
0
LINE
8
BLACK
6
CONTINUOUS
10
112.7995200000000011
20
-71.0488819999999919
11
112.7995200000000011
21
-71.0488809999999944
0
LINE
8
BLACK
6
CONTINUOUS
10
112.7995200000000011
20
-71.0488809999999944
11
112.7176699999999983
21
-70.8882409999999936
0
LINE
8
BLACK
6
CONTINUOUS
10
112.7176699999999983
20
-70.8882409999999936
11
112.706586999999999
21
-70.8664890000000014
0
LINE
8
BLACK
6
CONTINUOUS
10
112.706586999999999
20
-70.8664890000000014
11
112.5862659999999948
21
-70.7008809999999954
0
LINE
8
BLACK
6
CONTINUOUS
10
112.5862659999999948
20
-70.7008809999999954
11
111.1644229999999993
21
-69.2790379999999999
0
LINE
8
BLACK
6
CONTINUOUS
10
111.1644229999999993
20
-69.2790379999999999
11
111.0589749999999896
21
-69.1735899999999901
0
LINE
8
BLACK
6
CONTINUOUS
10
111.0589749999999896
20
-69.1735899999999901
11
111.0254899999999907
21
-69.1122670000000028
0
LINE
8
BLACK
6
CONTINUOUS
10
111.0254899999999907
20
-69.1122670000000028
11
111.0241829999999936
21
-69.1053059999999988
0
LINE
8
BLACK
6
CONTINUOUS
10
111.0241829999999936
20
-69.1053059999999988
11
111.012289999999993
21
-69.0302140000000009
0
LINE
8
BLACK
6
CONTINUOUS
10
111.012289999999993
20
-69.0302140000000009
11
110.9344389999999976
21
-68.790616
0
LINE
8
BLACK
6
CONTINUOUS
10
110.9344389999999976
20
-68.790616
11
110.8929469999999924
21
-68.7091839999999934
0
LINE
8
BLACK
6
CONTINUOUS
10
110.8929469999999924
20
-68.7091839999999934
11
110.8200700000000012
21
-68.5661549999999949
0
LINE
8
BLACK
6
CONTINUOUS
10
110.8200700000000012
20
-68.5661549999999949
11
110.7781859999999909
21
-68.508505999999997
0
LINE
8
BLACK
6
CONTINUOUS
10
110.7781859999999909
20
-68.508505999999997
11
110.6719980000000021
21
-68.3623499999999922
0
LINE
8
BLACK
6
CONTINUOUS
10
110.6719980000000021
20
-68.3623499999999922
11
110.671993999999998
21
-68.3623449999999906
0
LINE
8
BLACK
6
CONTINUOUS
10
110.671993999999998
20
-68.3623449999999906
11
110.4938539999999989
21
-68.1842049999999915
0
LINE
8
BLACK
6
CONTINUOUS
10
110.4938539999999989
20
-68.1842049999999915
11
110.4938489999999973
21
-68.1842010000000016
0
LINE
8
BLACK
6
CONTINUOUS
10
110.4938489999999973
20
-68.1842010000000016
11
110.2900479999999988
21
-68.0361319999999949
0
LINE
8
BLACK
6
CONTINUOUS
10
110.2900479999999988
20
-68.0361319999999949
11
110.2900470000000013
21
-68.0361309999999975
0
LINE
8
BLACK
6
CONTINUOUS
10
110.2900470000000013
20
-68.0361309999999975
11
110.2900449999999921
21
-68.03613
0
LINE
8
BLACK
6
CONTINUOUS
10
110.2900449999999921
20
-68.03613
11
110.2199469999999906
21
-68.0004129999999947
0
LINE
8
BLACK
6
CONTINUOUS
10
110.2199469999999906
20
-68.0004129999999947
11
110.0655829999999895
21
-67.9217599999999919
0
LINE
8
BLACK
6
CONTINUOUS
10
110.0655829999999895
20
-67.9217599999999919
11
109.8259849999999886
21
-67.8439099999999939
0
LINE
8
BLACK
6
CONTINUOUS
10
109.8259849999999886
20
-67.8439099999999939
11
109.6735970000000009
21
-67.8197739999999953
0
LINE
8
BLACK
6
CONTINUOUS
10
109.6735970000000009
20
-67.8197739999999953
11
109.6539049999999946
21
-67.8166549999999972
0
LINE
8
BLACK
6
CONTINUOUS
10
109.6539049999999946
20
-67.8166549999999972
11
109.5771620000000013
21
-67.8044999999999902
0
LINE
8
BLACK
6
CONTINUOUS
10
109.5771620000000013
20
-67.8044999999999902
11
109.3252379999999988
21
-67.8044999999999902
0
LINE
8
BLACK
6
CONTINUOUS
10
109.3252379999999988
20
-67.8044999999999902
11
109.2288029999999992
21
-67.8197739999999953
0
LINE
8
BLACK
6
CONTINUOUS
10
109.2288029999999992
20
-67.8197739999999953
11
109.0764139999999998
21
-67.8439099999999939
0
LINE
8
BLACK
6
CONTINUOUS
10
109.0764139999999998
20
-67.8439099999999939
11
108.965249
21
-67.8800289999999933
0
LINE
8
BLACK
6
CONTINUOUS
10
108.965249
20
-67.8800289999999933
11
108.8368210000000005
21
-67.9217589999999944
0
LINE
8
BLACK
6
CONTINUOUS
10
108.8368210000000005
20
-67.9217589999999944
11
108.8368179999999938
21
-67.9217599999999919
0
LINE
8
BLACK
6
CONTINUOUS
10
108.8368179999999938
20
-67.9217599999999919
11
108.8368159999999989
21
-67.9217610000000036
0
LINE
8
BLACK
6
CONTINUOUS
10
108.8368159999999989
20
-67.9217610000000036
11
108.8144929999999988
21
-67.9331349999999929
0
LINE
8
BLACK
6
CONTINUOUS
10
108.8144929999999988
20
-67.9331349999999929
11
108.7458239999999989
21
-67.9460299999999933
0
LINE
8
BLACK
6
CONTINUOUS
10
108.7458239999999989
20
-67.9460299999999933
11
108.6810839999999985
21
-67.9197520000000026
0
LINE
8
BLACK
6
CONTINUOUS
10
108.6810839999999985
20
-67.9197520000000026
11
108.6408279999999991
21
-67.8626450000000006
0
LINE
8
BLACK
6
CONTINUOUS
10
108.6408279999999991
20
-67.8626450000000006
11
108.6341999999999928
21
-67.8226489999999984
0
LINE
8
BLACK
6
CONTINUOUS
10
108.6341999999999928
20
-67.8226489999999984
11
108.6341999999999928
21
-64.1125459999999947
0
LINE
8
BLACK
6
CONTINUOUS
10
108.6341999999999928
20
-64.1125459999999947
11
108.6538849999999883
21
-64.0455070000000006
0
LINE
8
BLACK
6
CONTINUOUS
10
108.6538849999999883
20
-64.0455070000000006
11
108.6705139999999972
21
-64.0248689999999954
0
LINE
8
BLACK
6
CONTINUOUS
10
108.6705139999999972
20
-64.0248689999999954
11
109.6826099999999968
21
-63.0127729999999957
0
LINE
8
BLACK
6
CONTINUOUS
10
109.6826099999999968
20
-63.0127729999999957
11
109.7439309999999892
21
-62.9792899999999989
0
LINE
8
BLACK
6
CONTINUOUS
10
109.7439309999999892
20
-62.9792899999999989
11
109.7508449999999982
21
-62.9779899999999984
0
LINE
8
BLACK
6
CONTINUOUS
10
109.7508449999999982
20
-62.9779899999999984
11
109.8259849999999886
21
-62.9660899999999941
0
LINE
8
BLACK
6
CONTINUOUS
10
109.8259849999999886
20
-62.9660899999999941
11
110.0655789999999996
21
-62.8882409999999936
0
LINE
8
BLACK
6
CONTINUOUS
10
110.0655789999999996
20
-62.8882409999999936
11
110.2900449999999921
21
-62.7738699999999952
0
LINE
8
BLACK
6
CONTINUOUS
10
110.2900449999999921
20
-62.7738699999999952
11
110.4938559999999939
21
-62.6257929999999945
0
LINE
8
BLACK
6
CONTINUOUS
10
110.4938559999999939
20
-62.6257929999999945
11
110.6719930000000005
21
-62.4476559999999949
0
LINE
8
BLACK
6
CONTINUOUS
10
110.6719930000000005
20
-62.4476559999999949
11
110.8200700000000012
21
-62.2438450000000003
0
LINE
8
BLACK
6
CONTINUOUS
10
110.8200700000000012
20
-62.2438450000000003
11
110.9344409999999925
21
-62.0193790000000007
0
LINE
8
BLACK
6
CONTINUOUS
10
110.9344409999999925
20
-62.0193790000000007
11
111.012289999999993
21
-61.7797849999999968
0
LINE
8
BLACK
6
CONTINUOUS
10
111.012289999999993
20
-61.7797849999999968
11
111.0516999999999967
21
-61.5309619999999953
0
LINE
8
BLACK
6
CONTINUOUS
10
111.0516999999999967
20
-61.5309619999999953
11
111.0516999999999967
21
-61.2790379999999999
0
LINE
8
BLACK
6
CONTINUOUS
10
111.0516999999999967
20
-61.2790379999999999
11
111.012289999999993
21
-61.0302149999999983
0
LINE
8
BLACK
6
CONTINUOUS
10
111.012289999999993
20
-61.0302149999999983
11
110.9344409999999925
21
-60.7906209999999945
0
LINE
8
BLACK
6
CONTINUOUS
10
110.9344409999999925
20
-60.7906209999999945
11
110.9344389999999976
21
-60.7906179999999949
0
LINE
8
BLACK
6
CONTINUOUS
10
110.9344389999999976
20
-60.7906179999999949
11
110.9344389999999976
21
-60.790616
0
LINE
8
BLACK
6
CONTINUOUS
10
110.9344389999999976
20
-60.790616
11
110.8584230000000019
21
-60.6414279999999977
0
LINE
8
BLACK
6
CONTINUOUS
10
110.8584230000000019
20
-60.6414279999999977
11
110.8200700000000012
21
-60.5661549999999949
0
LINE
8
BLACK
6
CONTINUOUS
10
110.8200700000000012
20
-60.5661549999999949
11
110.813445999999999
21
-60.5570379999999986
0
LINE
8
BLACK
6
CONTINUOUS
10
110.813445999999999
20
-60.5570379999999986
11
110.7753819999999934
21
-60.5046459999999939
0
LINE
8
BLACK
6
CONTINUOUS
10
110.7753819999999934
20
-60.5046459999999939
11
110.7519020000000012
21
-60.438839999999999
0
LINE
8
BLACK
6
CONTINUOUS
10
110.7519020000000012
20
-60.438839999999999
11
110.7516999999999996
21
-60.4317609999999945
0
LINE
8
BLACK
6
CONTINUOUS
10
110.7516999999999996
20
-60.4317609999999945
11
110.7516999999999996
21
-59.8166549999999972
0
LINE
8
BLACK
6
CONTINUOUS
10
110.7516999999999996
20
-59.8166549999999972
11
110.7516999999999996
21
-58.0326479999999947
0
LINE
8
BLACK
6
CONTINUOUS
10
110.7516999999999996
20
-58.0326479999999947
11
110.7196769999999901
21
-57.8304649999999967
0
LINE
8
BLACK
6
CONTINUOUS
10
110.7196769999999901
20
-57.8304649999999967
11
110.656417999999988
21
-57.6357759999999999
0
LINE
8
BLACK
6
CONTINUOUS
10
110.656417999999988
20
-57.6357759999999999
11
110.5637629999999945
21
-57.4539309999999972
0
LINE
8
BLACK
6
CONTINUOUS
10
110.5637629999999945
20
-57.4539309999999972
11
110.5637729999999976
21
-57.4539249999999981
0
LINE
8
BLACK
6
CONTINUOUS
10
110.5637729999999976
20
-57.4539249999999981
11
110.5637419999999906
21
-57.4538899999999941
0
LINE
8
BLACK
6
CONTINUOUS
10
110.5637419999999906
20
-57.4538899999999941
11
110.563486999999995
21
-57.4533889999999943
0
LINE
8
BLACK
6
CONTINUOUS
10
110.563486999999995
20
-57.4533889999999943
11
110.4431659999999908
21
-57.2877809999999954
0
LINE
8
BLACK
6
CONTINUOUS
10
110.4431659999999908
20
-57.2877809999999954
11
102.9291249999999991
21
-49.7737399999999965
0
LINE
8
BLACK
6
CONTINUOUS
10
102.9291249999999991
20
-49.7737399999999965
11
102.8956400000000002
21
-49.712416999999995
0
LINE
8
BLACK
6
CONTINUOUS
10
102.8956400000000002
20
-49.712416999999995
11
102.8943399999999997
21
-49.7055019999999956
0
LINE
8
BLACK
6
CONTINUOUS
10
102.8943399999999997
20
-49.7055019999999956
11
102.8710599999999999
21
-49.5585069999999988
0
LINE
8
BLACK
6
CONTINUOUS
10
102.8710599999999999
20
-49.5585069999999988
11
102.7907790000000006
21
-49.3114279999999994
0
LINE
8
BLACK
6
CONTINUOUS
10
102.7907790000000006
20
-49.3114279999999994
11
102.6728339999999946
21
-49.0799489999999992
0
LINE
8
BLACK
6
CONTINUOUS
10
102.6728339999999946
20
-49.0799489999999992
11
102.5201309999999921
21
-48.8697710000000001
0
LINE
8
BLACK
6
CONTINUOUS
10
102.5201309999999921
20
-48.8697710000000001
11
102.4130409999999927
21
-48.7626810000000006
0
LINE
8
BLACK
6
CONTINUOUS
10
102.4130409999999927
20
-48.7626810000000006
11
102.3795559999999938
21
-48.701357999999999
0
LINE
8
BLACK
6
CONTINUOUS
10
102.3795559999999938
20
-48.701357999999999
11
102.3845400000000012
21
-48.6316659999999956
0
LINE
8
BLACK
6
CONTINUOUS
10
102.3845400000000012
20
-48.6316659999999956
11
102.4130409999999927
21
-48.5873190000000008
0
LINE
8
BLACK
6
CONTINUOUS
10
102.4130409999999927
20
-48.5873190000000008
11
102.5201309999999921
21
-48.4802290000000013
0
LINE
8
BLACK
6
CONTINUOUS
10
102.5201309999999921
20
-48.4802290000000013
11
102.6728339999999946
21
-48.2700509999999952
0
LINE
8
BLACK
6
CONTINUOUS
10
102.6728339999999946
20
-48.2700509999999952
11
102.7907790000000006
21
-48.0385719999999949
0
LINE
8
BLACK
6
CONTINUOUS
10
102.7907790000000006
20
-48.0385719999999949
11
102.8710599999999999
21
-47.7914929999999956
0
LINE
8
BLACK
6
CONTINUOUS
10
102.8710599999999999
20
-47.7914929999999956
11
102.8937389999999965
21
-47.6482979999999969
0
LINE
8
BLACK
6
CONTINUOUS
10
102.8937389999999965
20
-47.6482979999999969
11
102.9116999999999962
21
-47.5349019999999953
0
LINE
8
BLACK
6
CONTINUOUS
10
102.9116999999999962
20
-47.5349019999999953
11
102.9116999999999962
21
-47.2750969999999953
0
LINE
8
BLACK
6
CONTINUOUS
10
102.9116999999999962
20
-47.2750969999999953
11
102.8901469999999989
21
-47.1390209999999996
0
LINE
8
BLACK
6
CONTINUOUS
10
102.8901469999999989
20
-47.1390209999999996
11
102.8710599999999999
21
-47.0185069999999996
0
LINE
8
BLACK
6
CONTINUOUS
10
102.8710599999999999
20
-47.0185069999999996
11
102.7907790000000006
21
-46.7714280000000002
0
LINE
8
BLACK
6
CONTINUOUS
10
102.7907790000000006
20
-46.7714280000000002
11
102.7907769999999914
21
-46.7714250000000007
0
LINE
8
BLACK
6
CONTINUOUS
10
102.7907769999999914
20
-46.7714250000000007
11
102.7907769999999914
21
-46.7714229999999986
0
LINE
8
BLACK
6
CONTINUOUS
10
102.7907769999999914
20
-46.7714229999999986
11
102.6728329999999971
21
-46.5399479999999954
0
LINE
8
BLACK
6
CONTINUOUS
10
102.6728329999999971
20
-46.5399479999999954
11
102.6279849999999954
21
-46.4782200000000003
0
LINE
8
BLACK
6
CONTINUOUS
10
102.6279849999999954
20
-46.4782200000000003
11
102.6045060000000007
21
-46.4124160000000003
0
LINE
8
BLACK
6
CONTINUOUS
10
102.6045060000000007
20
-46.4124160000000003
11
102.6203309999999931
21
-46.3443619999999967
0
LINE
8
BLACK
6
CONTINUOUS
10
102.6203309999999931
20
-46.3443619999999967
11
102.6406229999999908
21
-46.3176549999999949
0
LINE
8
BLACK
6
CONTINUOUS
10
102.6406229999999908
20
-46.3176549999999949
11
102.6655650000000009
21
-46.2927129999999991
0
LINE
8
BLACK
6
CONTINUOUS
10
102.6655650000000009
20
-46.2927129999999991
11
102.7410160000000019
21
-46.2172619999999981
0
LINE
8
BLACK
6
CONTINUOUS
10
102.7410160000000019
20
-46.2172619999999981
11
102.8369889999999884
21
-46.0645219999999966
0
LINE
8
BLACK
6
CONTINUOUS
10
102.8369889999999884
20
-46.0645219999999966
11
102.896568000000002
21
-45.8942550000000011
0
LINE
8
BLACK
6
CONTINUOUS
10
102.896568000000002
20
-45.8942550000000011
11
102.9116999999999962
21
-45.7599540000000005
0
LINE
8
BLACK
6
CONTINUOUS
10
102.9116999999999962
20
-45.7599540000000005
11
102.9116999999999962
21
-43.9700459999999964
0
LINE
8
BLACK
6
CONTINUOUS
10
102.9116999999999962
20
-43.9700459999999964
11
102.896568000000002
21
-43.8357449999999957
0
LINE
8
BLACK
6
CONTINUOUS
10
102.896568000000002
20
-43.8357449999999957
11
102.8369889999999884
21
-43.6654780000000002
0
LINE
8
BLACK
6
CONTINUOUS
10
102.8369889999999884
20
-43.6654780000000002
11
102.7410160000000019
21
-43.5127379999999988
0
LINE
8
BLACK
6
CONTINUOUS
10
102.7410160000000019
20
-43.5127379999999988
11
102.6134619999999984
21
-43.3851839999999953
0
LINE
8
BLACK
6
CONTINUOUS
10
102.6134619999999984
20
-43.3851839999999953
11
102.4607219999999899
21
-43.2892109999999946
0
LINE
8
BLACK
6
CONTINUOUS
10
102.4607219999999899
20
-43.2892109999999946
11
102.3340029999999956
21
-43.2448699999999988
0
LINE
8
BLACK
6
CONTINUOUS
10
102.3340029999999956
20
-43.2448699999999988
11
102.2772269999999963
21
-43.2041479999999964
0
LINE
8
BLACK
6
CONTINUOUS
10
102.2772269999999963
20
-43.2041479999999964
11
102.2514800000000008
21
-43.1391950000000008
0
LINE
8
BLACK
6
CONTINUOUS
10
102.2514800000000008
20
-43.1391950000000008
11
102.2649359999999916
21
-43.0706330000000008
0
LINE
8
BLACK
6
CONTINUOUS
10
102.2649359999999916
20
-43.0706330000000008
11
102.3133239999999944
21
-43.0202309999999954
0
LINE
8
BLACK
6
CONTINUOUS
10
102.3133239999999944
20
-43.0202309999999954
11
102.3749579999999924
21
-43.0038279999999986
0
LINE
8
BLACK
6
CONTINUOUS
10
102.3749579999999924
20
-43.0038279999999986
11
103.3952719999999914
21
-43.0038279999999986
0
LINE
8
BLACK
6
CONTINUOUS
10
103.3952719999999914
20
-43.0038279999999986
11
103.3952719999999914
21
-39.5899840000000012
0
LINE
8
BLACK
6
CONTINUOUS
10
103.3952719999999914
20
-39.5899840000000012
11
99.1985569999999939
21
-39.5899840000000012
0
LINE
8
BLACK
6
CONTINUOUS
10
99.1985569999999939
20
-39.5899840000000012
11
99.1985569999999939
21
-43.0038279999999986
0
LINE
8
BLACK
6
CONTINUOUS
10
81.6342709999999983
20
-94.3155529999999942
11
85.6881279999999919
21
-94.3155529999999942
0
LINE
8
BLACK
6
CONTINUOUS
10
85.6881279999999919
20
-94.3155529999999942
11
85.6881279999999919
21
-90.8296759999999921
0
LINE
8
BLACK
6
CONTINUOUS
10
85.6881279999999919
20
-90.8296759999999921
11
84.6534209999999945
21
-90.8296759999999921
0
LINE
8
BLACK
6
CONTINUOUS
10
84.6534209999999945
20
-90.8296759999999921
11
84.5863820000000004
21
-90.8099909999999966
0
LINE
8
BLACK
6
CONTINUOUS
10
84.5863820000000004
20
-90.8099909999999966
11
84.5406270000000006
21
-90.7571870000000018
0
LINE
8
BLACK
6
CONTINUOUS
10
84.5406270000000006
20
-90.7571870000000018
11
84.5306829999999962
21
-90.6880290000000002
0
LINE
8
BLACK
6
CONTINUOUS
10
84.5306829999999962
20
-90.6880290000000002
11
84.5597080000000005
21
-90.6244729999999947
0
LINE
8
BLACK
6
CONTINUOUS
10
84.5597080000000005
20
-90.6244729999999947
11
84.5805349999999976
21
-90.6053579999999954
0
LINE
8
BLACK
6
CONTINUOUS
10
84.5805349999999976
20
-90.6053579999999954
11
84.5846260000000001
21
-90.6023849999999982
0
LINE
8
BLACK
6
CONTINUOUS
10
84.5846260000000001
20
-90.6023849999999982
11
84.7614289999999926
21
-90.4739309999999932
0
LINE
8
BLACK
6
CONTINUOUS
10
84.7614289999999926
20
-90.4739309999999932
11
84.9451309999999893
21
-90.2902289999999965
0
LINE
8
BLACK
6
CONTINUOUS
10
84.9451309999999893
20
-90.2902289999999965
11
84.9622579999999914
21
-90.2666550000000001
0
LINE
8
BLACK
6
CONTINUOUS
10
84.9622579999999914
20
-90.2666550000000001
11
85.0978339999999918
21
-90.0800509999999974
0
LINE
8
BLACK
6
CONTINUOUS
10
85.0978339999999918
20
-90.0800509999999974
11
85.2157789999999977
21
-89.8485719999999901
0
LINE
8
BLACK
6
CONTINUOUS
10
85.2157789999999977
20
-89.8485719999999901
11
85.2960599999999971
21
-89.6014929999999907
0
LINE
8
BLACK
6
CONTINUOUS
10
85.2960599999999971
20
-89.6014929999999907
11
85.3187389999999937
21
-89.4582979999999992
0
LINE
8
BLACK
6
CONTINUOUS
10
85.3187389999999937
20
-89.4582979999999992
11
85.3366999999999933
21
-89.3449019999999905
0
LINE
8
BLACK
6
CONTINUOUS
10
85.3366999999999933
20
-89.3449019999999905
11
85.3366999999999933
21
-89.0850969999999904
0
LINE
8
BLACK
6
CONTINUOUS
10
85.3366999999999933
20
-89.0850969999999904
11
85.3151469999999961
21
-88.9490210000000019
0
LINE
8
BLACK
6
CONTINUOUS
10
85.3151469999999961
20
-88.9490210000000019
11
85.2960599999999971
21
-88.8285070000000019
0
LINE
8
BLACK
6
CONTINUOUS
10
85.2960599999999971
20
-88.8285070000000019
11
85.2157789999999977
21
-88.5814280000000025
0
LINE
8
BLACK
6
CONTINUOUS
10
85.2157789999999977
20
-88.5814280000000025
11
85.2157770000000028
21
-88.5814249999999959
0
LINE
8
BLACK
6
CONTINUOUS
10
85.2157770000000028
20
-88.5814249999999959
11
85.2157770000000028
21
-88.5814230000000009
0
LINE
8
BLACK
6
CONTINUOUS
10
85.2157770000000028
20
-88.5814230000000009
11
85.172986999999992
21
-88.497444999999999
0
LINE
8
BLACK
6
CONTINUOUS
10
85.172986999999992
20
-88.497444999999999
11
85.0978339999999918
21
-88.3499489999999952
0
LINE
8
BLACK
6
CONTINUOUS
10
85.0978339999999918
20
-88.3499489999999952
11
84.9451309999999893
21
-88.1397709999999961
0
LINE
8
BLACK
6
CONTINUOUS
10
84.9451309999999893
20
-88.1397709999999961
11
84.8380409999999898
21
-88.0326809999999966
0
LINE
8
BLACK
6
CONTINUOUS
10
84.8380409999999898
20
-88.0326809999999966
11
84.8045559999999909
21
-87.9713579999999951
0
LINE
8
BLACK
6
CONTINUOUS
10
84.8045559999999909
20
-87.9713579999999951
11
84.8095399999999984
21
-87.9016659999999916
0
LINE
8
BLACK
6
CONTINUOUS
10
84.8095399999999984
20
-87.9016659999999916
11
84.8380409999999898
21
-87.8573189999999897
0
LINE
8
BLACK
6
CONTINUOUS
10
84.8380409999999898
20
-87.8573189999999897
11
84.9451309999999893
21
-87.7502289999999903
0
LINE
8
BLACK
6
CONTINUOUS
10
84.9451309999999893
20
-87.7502289999999903
11
85.0978339999999918
21
-87.5400509999999912
0
LINE
8
BLACK
6
CONTINUOUS
10
85.0978339999999918
20
-87.5400509999999912
11
85.2157789999999977
21
-87.3085719999999981
0
LINE
8
BLACK
6
CONTINUOUS
10
85.2157789999999977
20
-87.3085719999999981
11
85.2960599999999971
21
-87.0614929999999987
0
LINE
8
BLACK
6
CONTINUOUS
10
85.2960599999999971
20
-87.0614929999999987
11
85.3293819999999954
21
-86.8511029999999948
0
LINE
8
BLACK
6
CONTINUOUS
10
85.3293819999999954
20
-86.8511029999999948
11
85.3366999999999933
21
-86.8049019999999985
0
LINE
8
BLACK
6
CONTINUOUS
10
85.3366999999999933
20
-86.8049019999999985
11
85.3366999999999933
21
-86.5450969999999984
0
LINE
8
BLACK
6
CONTINUOUS
10
85.3366999999999933
20
-86.5450969999999984
11
85.3151469999999961
21
-86.4090209999999956
0
LINE
8
BLACK
6
CONTINUOUS
10
85.3151469999999961
20
-86.4090209999999956
11
85.2960599999999971
21
-86.2885069999999956
0
LINE
8
BLACK
6
CONTINUOUS
10
85.2960599999999971
20
-86.2885069999999956
11
85.2157789999999977
21
-86.0414279999999962
0
LINE
8
BLACK
6
CONTINUOUS
10
85.2157789999999977
20
-86.0414279999999962
11
85.2157770000000028
21
-86.0414249999999896
0
LINE
8
BLACK
6
CONTINUOUS
10
85.2157770000000028
20
-86.0414249999999896
11
85.2157770000000028
21
-86.0414229999999947
0
LINE
8
BLACK
6
CONTINUOUS
10
85.2157770000000028
20
-86.0414229999999947
11
85.172986999999992
21
-85.9574449999999928
0
LINE
8
BLACK
6
CONTINUOUS
10
85.172986999999992
20
-85.9574449999999928
11
85.0978339999999918
21
-85.8099490000000031
0
LINE
8
BLACK
6
CONTINUOUS
10
85.0978339999999918
20
-85.8099490000000031
11
85.075918999999999
21
-85.7797849999999897
0
LINE
8
BLACK
6
CONTINUOUS
10
85.075918999999999
20
-85.7797849999999897
11
84.9688269999999903
21
-85.6323849999999993
0
LINE
8
BLACK
6
CONTINUOUS
10
84.9688269999999903
20
-85.6323849999999993
11
84.9453469999999982
21
-85.5665789999999902
0
LINE
8
BLACK
6
CONTINUOUS
10
84.9453469999999982
20
-85.5665789999999902
11
84.9611730000000023
21
-85.4985250000000008
0
LINE
8
BLACK
6
CONTINUOUS
10
84.9611730000000023
20
-85.4985250000000008
11
85.0112779999999901
21
-85.4498299999999915
0
LINE
8
BLACK
6
CONTINUOUS
10
85.0112779999999901
20
-85.4498299999999915
11
85.0691449999999918
21
-85.4354999999999905
0
LINE
8
BLACK
6
CONTINUOUS
10
85.0691449999999918
20
-85.4354999999999905
11
85.9293509999999969
21
-85.4354999999999905
0
LINE
8
BLACK
6
CONTINUOUS
10
85.9293509999999969
20
-85.4354999999999905
11
85.9293519999999944
21
-85.4354999999999905
0
LINE
8
BLACK
6
CONTINUOUS
10
85.9293519999999944
20
-85.4354999999999905
11
86.1315349999999995
21
-85.4034769999999952
0
LINE
8
BLACK
6
CONTINUOUS
10
86.1315349999999995
20
-85.4034769999999952
11
86.2288759999999996
21
-85.371848
0
LINE
8
BLACK
6
CONTINUOUS
10
86.2288759999999996
20
-85.371848
11
86.3262189999999947
21
-85.3402200000000022
0
LINE
8
BLACK
6
CONTINUOUS
10
86.3262189999999947
20
-85.3402200000000022
11
86.4174139999999937
21
-85.2937529999999953
0
LINE
8
BLACK
6
CONTINUOUS
10
86.4174139999999937
20
-85.2937529999999953
11
86.5086110000000019
21
-85.247287
0
LINE
8
BLACK
6
CONTINUOUS
10
86.5086110000000019
20
-85.247287
11
86.6742189999999937
21
-85.1269659999999959
0
LINE
8
BLACK
6
CONTINUOUS
10
86.6742189999999937
20
-85.1269659999999959
11
90.8311459999999897
21
-80.9700389999999999
0
LINE
8
BLACK
6
CONTINUOUS
10
90.8311459999999897
20
-80.9700389999999999
11
92.7127749999999935
21
-79.0884099999999961
0
LINE
8
BLACK
6
CONTINUOUS
10
92.7127749999999935
20
-79.0884099999999961
11
104.7931659999999994
21
-67.0080189999999902
0
LINE
8
BLACK
6
CONTINUOUS
10
104.7931659999999994
20
-67.0080189999999902
11
104.8749150000000014
21
-66.8954999999999984
0
LINE
8
BLACK
6
CONTINUOUS
10
104.8749150000000014
20
-66.8954999999999984
11
104.8996759999999995
21
-66.8614180000000005
0
LINE
8
BLACK
6
CONTINUOUS
10
104.8996759999999995
20
-66.8614180000000005
11
104.9123069999999984
21
-66.8466299999999904
0
LINE
8
BLACK
6
CONTINUOUS
10
104.9123069999999984
20
-66.8466299999999904
11
104.9838499999999897
21
-66.7750879999999967
0
LINE
8
BLACK
6
CONTINUOUS
10
104.9838499999999897
20
-66.7750879999999967
11
104.9838499999999897
21
-66.7750869999999992
0
LINE
8
BLACK
6
CONTINUOUS
10
104.9838499999999897
20
-66.7750869999999992
11
104.9838549999999913
21
-66.7750829999999951
0
LINE
8
BLACK
6
CONTINUOUS
10
104.9838549999999913
20
-66.7750829999999951
11
105.1273059999999901
21
-66.5776389999999907
0
LINE
8
BLACK
6
CONTINUOUS
10
105.1273059999999901
20
-66.5776389999999907
11
105.2381039999999928
21
-66.3601850000000013
0
LINE
8
BLACK
6
CONTINUOUS
10
105.2381039999999928
20
-66.3601850000000013
11
105.3135209999999944
21
-66.128075999999993
0
LINE
8
BLACK
6
CONTINUOUS
10
105.3135209999999944
20
-66.128075999999993
11
105.3516999999999939
21
-65.8870270000000033
0
LINE
8
BLACK
6
CONTINUOUS
10
105.3516999999999939
20
-65.8870270000000033
11
105.3516999999999939
21
-65.6429729999999978
0
LINE
8
BLACK
6
CONTINUOUS
10
105.3516999999999939
20
-65.6429729999999978
11
105.3135209999999944
21
-65.401923999999994
0
LINE
8
BLACK
6
CONTINUOUS
10
105.3135209999999944
20
-65.401923999999994
11
105.2381039999999928
21
-65.1698149999999998
0
LINE
8
BLACK
6
CONTINUOUS
10
105.2381039999999928
20
-65.1698149999999998
11
105.1273059999999901
21
-64.9523609999999962
0
LINE
8
BLACK
6
CONTINUOUS
10
105.1273059999999901
20
-64.9523609999999962
11
105.0711999999999904
21
-64.8751369999999952
0
LINE
8
BLACK
6
CONTINUOUS
10
105.0711999999999904
20
-64.8751369999999952
11
104.9838599999999929
21
-64.7549229999999909
0
LINE
8
BLACK
6
CONTINUOUS
10
104.9838599999999929
20
-64.7549229999999909
11
104.9838559999999887
21
-64.7549180000000035
0
LINE
8
BLACK
6
CONTINUOUS
10
104.9838559999999887
20
-64.7549180000000035
11
104.8112809999999939
21
-64.5823429999999945
0
LINE
8
BLACK
6
CONTINUOUS
10
104.8112809999999939
20
-64.5823429999999945
11
104.8112759999999923
21
-64.5823389999999904
0
LINE
8
BLACK
6
CONTINUOUS
10
104.8112759999999923
20
-64.5823389999999904
11
104.6138419999999911
21
-64.4388959999999997
0
LINE
8
BLACK
6
CONTINUOUS
10
104.6138419999999911
20
-64.4388959999999997
11
104.6138409999999936
21
-64.4388950000000023
0
LINE
8
BLACK
6
CONTINUOUS
10
104.6138409999999936
20
-64.4388950000000023
11
104.6138389999999987
21
-64.4388939999999906
0
LINE
8
BLACK
6
CONTINUOUS
10
104.6138389999999987
20
-64.4388939999999906
11
104.3963849999999951
21
-64.3280960000000022
0
LINE
8
BLACK
6
CONTINUOUS
10
104.3963849999999951
20
-64.3280960000000022
11
104.164276000000001
21
-64.2526790000000005
0
LINE
8
BLACK
6
CONTINUOUS
10
104.164276000000001
20
-64.2526790000000005
11
104.1642739999999918
21
-64.2526780000000031
0
LINE
8
BLACK
6
CONTINUOUS
10
104.1642739999999918
20
-64.2526780000000031
11
104.1642719999999969
21
-64.2526780000000031
0
LINE
8
BLACK
6
CONTINUOUS
10
104.1642719999999969
20
-64.2526780000000031
11
103.9959690000000023
21
-64.2260210000000029
0
LINE
8
BLACK
6
CONTINUOUS
10
103.9959690000000023
20
-64.2260210000000029
11
103.9232269999999971
21
-64.214500000000001
0
LINE
8
BLACK
6
CONTINUOUS
10
103.9232269999999971
20
-64.214500000000001
11
103.6791729999999916
21
-64.214500000000001
0
LINE
8
BLACK
6
CONTINUOUS
10
103.6791729999999916
20
-64.214500000000001
11
103.6232929999999897
21
-64.2233499999999964
0
LINE
8
BLACK
6
CONTINUOUS
10
103.6232929999999897
20
-64.2233499999999964
11
103.4381269999999944
21
-64.2526780000000031
0
LINE
8
BLACK
6
CONTINUOUS
10
103.4381269999999944
20
-64.2526780000000031
11
103.2060120000000012
21
-64.3280969999999996
0
LINE
8
BLACK
6
CONTINUOUS
10
103.2060120000000012
20
-64.3280969999999996
11
102.9885570000000001
21
-64.4388959999999997
0
LINE
8
BLACK
6
CONTINUOUS
10
102.9885570000000001
20
-64.4388959999999997
11
102.7911229999999989
21
-64.5823389999999904
0
LINE
8
BLACK
6
CONTINUOUS
10
102.7911229999999989
20
-64.5823389999999904
11
102.7911179999999973
21
-64.5823429999999945
0
LINE
8
BLACK
6
CONTINUOUS
10
102.7911179999999973
20
-64.5823429999999945
11
102.6188810000000018
21
-64.7545810000000017
0
LINE
8
BLACK
6
CONTINUOUS
10
102.6188810000000018
20
-64.7545810000000017
11
102.5575580000000002
21
-64.7880660000000006
0
LINE
8
BLACK
6
CONTINUOUS
10
102.5575580000000002
20
-64.7880660000000006
11
102.4878659999999968
21
-64.7830819999999932
0
LINE
8
BLACK
6
CONTINUOUS
10
102.4878659999999968
20
-64.7830819999999932
11
102.4435189999999949
21
-64.7545810000000017
0
LINE
8
BLACK
6
CONTINUOUS
10
102.4435189999999949
20
-64.7545810000000017
11
102.2712810000000019
21
-64.5823429999999945
0
LINE
8
BLACK
6
CONTINUOUS
10
102.2712810000000019
20
-64.5823429999999945
11
102.2712760000000003
21
-64.5823389999999904
0
LINE
8
BLACK
6
CONTINUOUS
10
102.2712760000000003
20
-64.5823389999999904
11
102.0738419999999991
21
-64.4388959999999997
0
LINE
8
BLACK
6
CONTINUOUS
10
102.0738419999999991
20
-64.4388959999999997
11
102.0738410000000016
21
-64.4388950000000023
0
LINE
8
BLACK
6
CONTINUOUS
10
102.0738410000000016
20
-64.4388950000000023
11
102.0738389999999924
21
-64.4388939999999906
0
LINE
8
BLACK
6
CONTINUOUS
10
102.0738389999999924
20
-64.4388939999999906
11
101.8563849999999888
21
-64.3280960000000022
0
LINE
8
BLACK
6
CONTINUOUS
10
101.8563849999999888
20
-64.3280960000000022
11
101.6242759999999947
21
-64.2526790000000005
0
LINE
8
BLACK
6
CONTINUOUS
10
101.6242759999999947
20
-64.2526790000000005
11
101.6242739999999998
21
-64.2526780000000031
0
LINE
8
BLACK
6
CONTINUOUS
10
101.6242739999999998
20
-64.2526780000000031
11
101.6242719999999906
21
-64.2526780000000031
0
LINE
8
BLACK
6
CONTINUOUS
10
101.6242719999999906
20
-64.2526780000000031
11
101.4559689999999961
21
-64.2260210000000029
0
LINE
8
BLACK
6
CONTINUOUS
10
101.4559689999999961
20
-64.2260210000000029
11
101.3832269999999909
21
-64.214500000000001
0
LINE
8
BLACK
6
CONTINUOUS
10
101.3832269999999909
20
-64.214500000000001
11
101.1391729999999995
21
-64.214500000000001
0
LINE
8
BLACK
6
CONTINUOUS
10
101.1391729999999995
20
-64.214500000000001
11
101.0832929999999976
21
-64.2233499999999964
0
LINE
8
BLACK
6
CONTINUOUS
10
101.0832929999999976
20
-64.2233499999999964
11
100.8981270000000023
21
-64.2526780000000031
0
LINE
8
BLACK
6
CONTINUOUS
10
100.8981270000000023
20
-64.2526780000000031
11
100.6660119999999949
21
-64.3280969999999996
0
LINE
8
BLACK
6
CONTINUOUS
10
100.6660119999999949
20
-64.3280969999999996
11
100.448560999999998
21
-64.4388929999999931
0
LINE
8
BLACK
6
CONTINUOUS
10
100.448560999999998
20
-64.4388929999999931
11
100.2853989999999982
21
-64.5574369999999931
0
LINE
8
BLACK
6
CONTINUOUS
10
100.2853989999999982
20
-64.5574369999999931
11
100.2195919999999916
21
-64.580916000000002
0
LINE
8
BLACK
6
CONTINUOUS
10
100.2195919999999916
20
-64.580916000000002
11
100.1515389999999996
21
-64.5650899999999979
0
LINE
8
BLACK
6
CONTINUOUS
10
100.1515389999999996
20
-64.5650899999999979
11
100.1075209999999913
21
-64.5230909999999938
0
LINE
8
BLACK
6
CONTINUOUS
10
100.1075209999999913
20
-64.5230909999999938
11
100.1010160000000013
21
-64.5127379999999988
0
LINE
8
BLACK
6
CONTINUOUS
10
100.1010160000000013
20
-64.5127379999999988
11
99.9734619999999978
21
-64.3851839999999953
0
LINE
8
BLACK
6
CONTINUOUS
10
99.9734619999999978
20
-64.3851839999999953
11
99.8826090000000022
21
-64.3280969999999996
0
LINE
8
BLACK
6
CONTINUOUS
10
99.8826090000000022
20
-64.3280969999999996
11
99.820723000000001
21
-64.2892109999999946
0
LINE
8
BLACK
6
CONTINUOUS
10
99.820723000000001
20
-64.2892109999999946
11
99.6504539999999963
21
-64.2296309999999977
0
LINE
8
BLACK
6
CONTINUOUS
10
99.6504539999999963
20
-64.2296309999999977
11
99.6504489999999947
21
-64.2296300000000002
0
LINE
8
BLACK
6
CONTINUOUS
10
99.6504489999999947
20
-64.2296300000000002
11
99.5161599999999993
21
-64.214500000000001
0
LINE
8
BLACK
6
CONTINUOUS
10
99.5161599999999993
20
-64.214500000000001
11
99.5161540000000002
21
-64.214500000000001
0
LINE
8
BLACK
6
CONTINUOUS
10
99.5161540000000002
20
-64.214500000000001
11
97.9262459999999919
21
-64.214500000000001
0
LINE
8
BLACK
6
CONTINUOUS
10
97.9262459999999919
20
-64.214500000000001
11
97.9262389999999954
21
-64.214500000000001
0
LINE
8
BLACK
6
CONTINUOUS
10
97.9262389999999954
20
-64.214500000000001
11
97.7919499999999999
21
-64.2296300000000002
0
LINE
8
BLACK
6
CONTINUOUS
10
97.7919499999999999
20
-64.2296300000000002
11
97.7919449999999983
21
-64.2296309999999977
0
LINE
8
BLACK
6
CONTINUOUS
10
97.7919449999999983
20
-64.2296309999999977
11
97.6216759999999937
21
-64.2892109999999946
0
LINE
8
BLACK
6
CONTINUOUS
10
97.6216759999999937
20
-64.2892109999999946
11
97.4689369999999968
21
-64.3851839999999953
0
LINE
8
BLACK
6
CONTINUOUS
10
97.4689369999999968
20
-64.3851839999999953
11
97.3413839999999908
21
-64.5127370000000013
0
LINE
8
BLACK
6
CONTINUOUS
10
97.3413839999999908
20
-64.5127370000000013
11
97.2454109999999901
21
-64.6654759999999982
0
LINE
8
BLACK
6
CONTINUOUS
10
97.2454109999999901
20
-64.6654759999999982
11
97.1858309999999932
21
-64.8357450000000028
0
LINE
8
BLACK
6
CONTINUOUS
10
97.1858309999999932
20
-64.8357450000000028
11
97.1858299999999957
21
-64.8357499999999902
0
LINE
8
BLACK
6
CONTINUOUS
10
97.1858299999999957
20
-64.8357499999999902
11
97.1706999999999965
21
-64.9700389999999999
0
LINE
8
BLACK
6
CONTINUOUS
10
97.1706999999999965
20
-64.9700389999999999
11
97.1706999999999965
21
-66.5599600000000038
0
LINE
8
BLACK
6
CONTINUOUS
10
97.1706999999999965
20
-66.5599600000000038
11
97.1858299999999957
21
-66.6942489999999992
0
LINE
8
BLACK
6
CONTINUOUS
10
97.1858299999999957
20
-66.6942489999999992
11
97.1858309999999932
21
-66.6942540000000008
0
LINE
8
BLACK
6
CONTINUOUS
10
97.1858309999999932
20
-66.6942540000000008
11
97.2454109999999901
21
-66.8645229999999913
0
LINE
8
BLACK
6
CONTINUOUS
10
97.2454109999999901
20
-66.8645229999999913
11
97.2648769999999985
21
-66.8955019999999934
0
LINE
8
BLACK
6
CONTINUOUS
10
97.2648769999999985
20
-66.8955019999999934
11
97.3413839999999908
21
-67.0172620000000023
0
LINE
8
BLACK
6
CONTINUOUS
10
97.3413839999999908
20
-67.0172620000000023
11
97.4689379999999943
21
-67.1448159999999916
0
LINE
8
BLACK
6
CONTINUOUS
10
97.4689379999999943
20
-67.1448159999999916
11
97.5228149999999943
21
-67.1786689999999993
0
LINE
8
BLACK
6
CONTINUOUS
10
97.5228149999999943
20
-67.1786689999999993
11
97.5642819999999915
21
-67.2047249999999963
0
LINE
8
BLACK
6
CONTINUOUS
10
97.5642819999999915
20
-67.2047249999999963
11
97.6216779999999886
21
-67.2407889999999924
0
LINE
8
BLACK
6
CONTINUOUS
10
97.6216779999999886
20
-67.2407889999999924
11
97.7919449999999983
21
-67.3003679999999918
0
LINE
8
BLACK
6
CONTINUOUS
10
97.7919449999999983
20
-67.3003679999999918
11
97.7919499999999999
21
-67.3003690000000034
0
LINE
8
BLACK
6
CONTINUOUS
10
97.7919499999999999
20
-67.3003690000000034
11
97.8824460000000016
21
-67.3105649999999969
0
LINE
8
BLACK
6
CONTINUOUS
10
97.8824460000000016
20
-67.3105649999999969
11
97.9262399999999928
21
-67.3154990000000026
0
LINE
8
BLACK
6
CONTINUOUS
10
97.9262399999999928
20
-67.3154990000000026
11
97.9262429999999995
21
-67.3155000000000001
0
LINE
8
BLACK
6
CONTINUOUS
10
97.9262429999999995
20
-67.3155000000000001
11
97.9262459999999919
21
-67.3155000000000001
0
LINE
8
BLACK
6
CONTINUOUS
10
97.9262459999999919
20
-67.3155000000000001
11
99.5161569999999926
21
-67.3155000000000001
0
LINE
8
BLACK
6
CONTINUOUS
10
99.5161569999999926
20
-67.3155000000000001
11
99.5161579999999901
21
-67.3154990000000026
0
LINE
8
BLACK
6
CONTINUOUS
10
99.5161579999999901
20
-67.3154990000000026
11
99.5833039999999983
21
-67.307934000000003
0
LINE
8
BLACK
6
CONTINUOUS
10
99.5833039999999983
20
-67.307934000000003
11
99.6504489999999947
21
-67.3003690000000034
0
LINE
8
BLACK
6
CONTINUOUS
10
99.6504489999999947
20
-67.3003690000000034
11
99.6504520000000014
21
-67.3003679999999918
0
LINE
8
BLACK
6
CONTINUOUS
10
99.6504520000000014
20
-67.3003679999999918
11
99.6504549999999938
21
-67.3003679999999918
0
LINE
8
BLACK
6
CONTINUOUS
10
99.6504549999999938
20
-67.3003679999999918
11
99.8207219999999893
21
-67.2407889999999924
0
LINE
8
BLACK
6
CONTINUOUS
10
99.8207219999999893
20
-67.2407889999999924
11
99.9734619999999978
21
-67.1448159999999916
0
LINE
8
BLACK
6
CONTINUOUS
10
99.9734619999999978
20
-67.1448159999999916
11
100.1010160000000013
21
-67.0172620000000023
0
LINE
8
BLACK
6
CONTINUOUS
10
100.1010160000000013
20
-67.0172620000000023
11
100.1075189999999964
21
-67.0069110000000023
0
LINE
8
BLACK
6
CONTINUOUS
10
100.1075189999999964
20
-67.0069110000000023
11
100.1598499999999916
21
-66.9606199999999916
0
LINE
8
BLACK
6
CONTINUOUS
10
100.1598499999999916
20
-66.9606199999999916
11
100.2289030000000025
21
-66.9499689999999958
0
LINE
8
BLACK
6
CONTINUOUS
10
100.2289030000000025
20
-66.9499689999999958
11
100.2853989999999982
21
-66.9725629999999938
0
LINE
8
BLACK
6
CONTINUOUS
10
100.2853989999999982
20
-66.9725629999999938
11
100.4255149999999901
21
-67.0743619999999936
0
LINE
8
BLACK
6
CONTINUOUS
10
100.4255149999999901
20
-67.0743619999999936
11
100.448560999999998
21
-67.0911059999999964
0
LINE
8
BLACK
6
CONTINUOUS
10
100.448560999999998
20
-67.0911059999999964
11
100.5925790000000006
21
-67.1644859999999966
0
LINE
8
BLACK
6
CONTINUOUS
10
100.5925790000000006
20
-67.1644859999999966
11
100.6660159999999991
21
-67.2019049999999964
0
LINE
8
BLACK
6
CONTINUOUS
10
100.6660159999999991
20
-67.2019049999999964
11
100.6705079999999981
21
-67.20376499999999
0
LINE
8
BLACK
6
CONTINUOUS
10
100.6705079999999981
20
-67.20376499999999
11
100.670109999999994
21
-67.2047249999999963
0
LINE
8
BLACK
6
CONTINUOUS
10
100.670109999999994
20
-67.2047249999999963
11
100.7236319999999949
21
-67.2413239999999917
0
LINE
8
BLACK
6
CONTINUOUS
10
100.7236319999999949
20
-67.2413239999999917
11
100.7508279999999985
21
-67.3056839999999994
0
LINE
8
BLACK
6
CONTINUOUS
10
100.7508279999999985
20
-67.3056839999999994
11
100.7389119999999991
21
-67.3745299999999929
0
LINE
8
BLACK
6
CONTINUOUS
10
100.7389119999999991
20
-67.3745299999999929
11
100.7153169999999989
21
-67.4074959999999948
0
LINE
8
BLACK
6
CONTINUOUS
10
100.7153169999999989
20
-67.4074959999999948
11
85.3246340000000032
21
-82.7981809999999996
0
LINE
8
BLACK
6
CONTINUOUS
10
85.3246340000000032
20
-82.7981809999999996
11
85.2977059999999909
21
-82.8128839999999968
0
LINE
8
BLACK
6
CONTINUOUS
10
85.2977059999999909
20
-82.8128839999999968
11
85.2718879999999899
21
-82.8294769999999971
0
LINE
8
BLACK
6
CONTINUOUS
10
85.2718879999999899
20
-82.8294769999999971
11
85.2656869999999998
21
-82.8303679999999929
0
LINE
8
BLACK
6
CONTINUOUS
10
85.2656869999999998
20
-82.8303679999999929
11
85.2633110000000016
21
-82.8316659999999985
0
LINE
8
BLACK
6
CONTINUOUS
10
85.2633110000000016
20
-82.8316659999999985
11
85.2369529999999997
21
-82.8344999999999914
0
LINE
8
BLACK
6
CONTINUOUS
10
85.2369529999999997
20
-82.8344999999999914
11
85.0691449999999918
21
-82.8344999999999914
0
LINE
8
BLACK
6
CONTINUOUS
10
85.0691449999999918
20
-82.8344999999999914
11
85.0021059999999977
21
-82.8148149999999958
0
LINE
8
BLACK
6
CONTINUOUS
10
85.0021059999999977
20
-82.8148149999999958
11
84.956350999999998
21
-82.7620110000000011
0
LINE
8
BLACK
6
CONTINUOUS
10
84.956350999999998
20
-82.7620110000000011
11
84.9464069999999936
21
-82.6928529999999995
0
LINE
8
BLACK
6
CONTINUOUS
10
84.9464069999999936
20
-82.6928529999999995
11
84.9688269999999903
21
-82.6376149999999967
0
LINE
8
BLACK
6
CONTINUOUS
10
84.9688269999999903
20
-82.6376149999999967
11
85.0252499999999998
21
-82.5599539999999905
0
LINE
8
BLACK
6
CONTINUOUS
10
85.0252499999999998
20
-82.5599539999999905
11
85.0978339999999918
21
-82.4600509999999929
0
LINE
8
BLACK
6
CONTINUOUS
10
85.0978339999999918
20
-82.4600509999999929
11
85.2157789999999977
21
-82.2285719999999998
0
LINE
8
BLACK
6
CONTINUOUS
10
85.2157789999999977
20
-82.2285719999999998
11
85.2960599999999971
21
-81.9814930000000004
0
LINE
8
BLACK
6
CONTINUOUS
10
85.2960599999999971
20
-81.9814930000000004
11
85.3187389999999937
21
-81.8382979999999947
0
LINE
8
BLACK
6
CONTINUOUS
10
85.3187389999999937
20
-81.8382979999999947
11
85.3366999999999933
21
-81.7249020000000002
0
LINE
8
BLACK
6
CONTINUOUS
10
85.3366999999999933
20
-81.7249020000000002
11
85.3366999999999933
21
-81.4650970000000001
0
LINE
8
BLACK
6
CONTINUOUS
10
85.3366999999999933
20
-81.4650970000000001
11
85.3151469999999961
21
-81.3290209999999973
0
LINE
8
BLACK
6
CONTINUOUS
10
85.3151469999999961
20
-81.3290209999999973
11
85.2960599999999971
21
-81.2085069999999973
0
LINE
8
BLACK
6
CONTINUOUS
10
85.2960599999999971
20
-81.2085069999999973
11
85.2157789999999977
21
-80.961427999999998
0
LINE
8
BLACK
6
CONTINUOUS
10
85.2157789999999977
20
-80.961427999999998
11
85.2157770000000028
21
-80.9614249999999913
0
LINE
8
BLACK
6
CONTINUOUS
10
85.2157770000000028
20
-80.9614249999999913
11
85.2157770000000028
21
-80.9614229999999964
0
LINE
8
BLACK
6
CONTINUOUS
10
85.2157770000000028
20
-80.9614229999999964
11
85.1718109999999911
21
-80.8751369999999952
0
LINE
8
BLACK
6
CONTINUOUS
10
85.1718109999999911
20
-80.8751369999999952
11
85.0978339999999918
21
-80.7299489999999906
0
LINE
8
BLACK
6
CONTINUOUS
10
85.0978339999999918
20
-80.7299489999999906
11
84.9451309999999893
21
-80.5197709999999915
0
LINE
8
BLACK
6
CONTINUOUS
10
84.9451309999999893
20
-80.5197709999999915
11
84.8380409999999898
21
-80.4126809999999921
0
LINE
8
BLACK
6
CONTINUOUS
10
84.8380409999999898
20
-80.4126809999999921
11
84.8045559999999909
21
-80.3513579999999905
0
LINE
8
BLACK
6
CONTINUOUS
10
84.8045559999999909
20
-80.3513579999999905
11
84.8095399999999984
21
-80.2816660000000013
0
LINE
8
BLACK
6
CONTINUOUS
10
84.8095399999999984
20
-80.2816660000000013
11
84.8380409999999898
21
-80.2373189999999994
0
LINE
8
BLACK
6
CONTINUOUS
10
84.8380409999999898
20
-80.2373189999999994
11
84.8608600000000024
21
-80.214500000000001
0
LINE
8
BLACK
6
CONTINUOUS
10
84.8608600000000024
20
-80.214500000000001
11
84.9451309999999893
21
-80.1302289999999999
0
LINE
8
BLACK
6
CONTINUOUS
10
84.9451309999999893
20
-80.1302289999999999
11
85.0978339999999918
21
-79.9200510000000008
0
LINE
8
BLACK
6
CONTINUOUS
10
85.0978339999999918
20
-79.9200510000000008
11
85.2157789999999977
21
-79.6885719999999935
0
LINE
8
BLACK
6
CONTINUOUS
10
85.2157789999999977
20
-79.6885719999999935
11
85.2960599999999971
21
-79.4414929999999941
0
LINE
8
BLACK
6
CONTINUOUS
10
85.2960599999999971
20
-79.4414929999999941
11
85.3187389999999937
21
-79.2982980000000026
0
LINE
8
BLACK
6
CONTINUOUS
10
85.3187389999999937
20
-79.2982980000000026
11
85.3366999999999933
21
-79.1849019999999939
0
LINE
8
BLACK
6
CONTINUOUS
10
85.3366999999999933
20
-79.1849019999999939
11
85.3366999999999933
21
-78.9250969999999938
0
LINE
8
BLACK
6
CONTINUOUS
10
85.3366999999999933
20
-78.9250969999999938
11
85.3151469999999961
21
-78.7890209999999911
0
LINE
8
BLACK
6
CONTINUOUS
10
85.3151469999999961
20
-78.7890209999999911
11
85.2960599999999971
21
-78.6685069999999911
0
LINE
8
BLACK
6
CONTINUOUS
10
85.2960599999999971
20
-78.6685069999999911
11
85.2157789999999977
21
-78.4214279999999917
0
LINE
8
BLACK
6
CONTINUOUS
10
85.2157789999999977
20
-78.4214279999999917
11
85.2157770000000028
21
-78.4214249999999993
0
LINE
8
BLACK
6
CONTINUOUS
10
85.2157770000000028
20
-78.4214249999999993
11
85.2157770000000028
21
-78.4214229999999901
0
LINE
8
BLACK
6
CONTINUOUS
10
85.2157770000000028
20
-78.4214229999999901
11
85.172986999999992
21
-78.3374450000000024
0
LINE
8
BLACK
6
CONTINUOUS
10
85.172986999999992
20
-78.3374450000000024
11
85.0978339999999918
21
-78.1899489999999986
0
LINE
8
BLACK
6
CONTINUOUS
10
85.0978339999999918
20
-78.1899489999999986
11
84.9451309999999893
21
-77.9797709999999995
0
LINE
8
BLACK
6
CONTINUOUS
10
84.9451309999999893
20
-77.9797709999999995
11
84.8380409999999898
21
-77.872681
0
LINE
8
BLACK
6
CONTINUOUS
10
84.8380409999999898
20
-77.872681
11
84.8045559999999909
21
-77.8113579999999985
0
LINE
8
BLACK
6
CONTINUOUS
10
84.8045559999999909
20
-77.8113579999999985
11
84.8095399999999984
21
-77.7416659999999951
0
LINE
8
BLACK
6
CONTINUOUS
10
84.8095399999999984
20
-77.7416659999999951
11
84.8380409999999898
21
-77.6973189999999931
0
LINE
8
BLACK
6
CONTINUOUS
10
84.8380409999999898
20
-77.6973189999999931
11
84.8704619999999892
21
-77.6648979999999938
0
LINE
8
BLACK
6
CONTINUOUS
10
84.8704619999999892
20
-77.6648979999999938
11
84.9451309999999893
21
-77.5902289999999937
0
LINE
8
BLACK
6
CONTINUOUS
10
84.9451309999999893
20
-77.5902289999999937
11
85.0978339999999918
21
-77.3800509999999946
0
LINE
8
BLACK
6
CONTINUOUS
10
85.0978339999999918
20
-77.3800509999999946
11
85.2157789999999977
21
-77.1485720000000015
0
LINE
8
BLACK
6
CONTINUOUS
10
85.2157789999999977
20
-77.1485720000000015
11
85.2960599999999971
21
-76.9014930000000021
0
LINE
8
BLACK
6
CONTINUOUS
10
85.2960599999999971
20
-76.9014930000000021
11
85.3187389999999937
21
-76.7582979999999964
0
LINE
8
BLACK
6
CONTINUOUS
10
85.3187389999999937
20
-76.7582979999999964
11
85.3366999999999933
21
-76.6449020000000019
0
LINE
8
BLACK
6
CONTINUOUS
10
85.3366999999999933
20
-76.6449020000000019
11
85.3366999999999933
21
-76.3850970000000018
0
LINE
8
BLACK
6
CONTINUOUS
10
85.3366999999999933
20
-76.3850970000000018
11
85.3151469999999961
21
-76.249020999999999
0
LINE
8
BLACK
6
CONTINUOUS
10
85.3151469999999961
20
-76.249020999999999
11
85.2960599999999971
21
-76.128506999999999
0
LINE
8
BLACK
6
CONTINUOUS
10
85.2960599999999971
20
-76.128506999999999
11
85.2157789999999977
21
-75.8814279999999997
0
LINE
8
BLACK
6
CONTINUOUS
10
85.2157789999999977
20
-75.8814279999999997
11
85.2157770000000028
21
-75.881424999999993
0
LINE
8
BLACK
6
CONTINUOUS
10
85.2157770000000028
20
-75.881424999999993
11
85.2157770000000028
21
-75.8814229999999981
0
LINE
8
BLACK
6
CONTINUOUS
10
85.2157770000000028
20
-75.8814229999999981
11
85.1675219999999911
21
-75.7867189999999908
0
LINE
8
BLACK
6
CONTINUOUS
10
85.1675219999999911
20
-75.7867189999999908
11
85.0978339999999918
21
-75.6499489999999923
0
LINE
8
BLACK
6
CONTINUOUS
10
85.0978339999999918
20
-75.6499489999999923
11
84.9451309999999893
21
-75.4397709999999933
0
LINE
8
BLACK
6
CONTINUOUS
10
84.9451309999999893
20
-75.4397709999999933
11
84.8380409999999898
21
-75.3326809999999938
0
LINE
8
BLACK
6
CONTINUOUS
10
84.8380409999999898
20
-75.3326809999999938
11
84.8045559999999909
21
-75.2713579999999922
0
LINE
8
BLACK
6
CONTINUOUS
10
84.8045559999999909
20
-75.2713579999999922
11
84.8095399999999984
21
-75.201666000000003
0
LINE
8
BLACK
6
CONTINUOUS
10
84.8095399999999984
20
-75.201666000000003
11
84.8380409999999898
21
-75.1573190000000011
0
LINE
8
BLACK
6
CONTINUOUS
10
84.8380409999999898
20
-75.1573190000000011
11
84.9451309999999893
21
-75.0502290000000016
0
LINE
8
BLACK
6
CONTINUOUS
10
84.9451309999999893
20
-75.0502290000000016
11
85.0978339999999918
21
-74.8400510000000025
0
LINE
8
BLACK
6
CONTINUOUS
10
85.0978339999999918
20
-74.8400510000000025
11
85.2157789999999977
21
-74.6085719999999952
0
LINE
8
BLACK
6
CONTINUOUS
10
85.2157789999999977
20
-74.6085719999999952
11
85.2960599999999971
21
-74.3614929999999958
0
LINE
8
BLACK
6
CONTINUOUS
10
85.2960599999999971
20
-74.3614929999999958
11
85.3205349999999925
21
-74.2069630000000018
0
LINE
8
BLACK
6
CONTINUOUS
10
85.3205349999999925
20
-74.2069630000000018
11
85.3366999999999933
21
-74.1049019999999956
0
LINE
8
BLACK
6
CONTINUOUS
10
85.3366999999999933
20
-74.1049019999999956
11
85.3366999999999933
21
-73.8450969999999955
0
LINE
8
BLACK
6
CONTINUOUS
10
85.3366999999999933
20
-73.8450969999999955
11
85.3151469999999961
21
-73.7090209999999928
0
LINE
8
BLACK
6
CONTINUOUS
10
85.3151469999999961
20
-73.7090209999999928
11
85.2960599999999971
21
-73.5885069999999928
0
LINE
8
BLACK
6
CONTINUOUS
10
85.2960599999999971
20
-73.5885069999999928
11
85.2157789999999977
21
-73.3414279999999934
0
LINE
8
BLACK
6
CONTINUOUS
10
85.2157789999999977
20
-73.3414279999999934
11
85.2157770000000028
21
-73.341425000000001
0
LINE
8
BLACK
6
CONTINUOUS
10
85.2157770000000028
20
-73.341425000000001
11
85.2157770000000028
21
-73.3414229999999918
0
LINE
8
BLACK
6
CONTINUOUS
10
85.2157770000000028
20
-73.3414229999999918
11
85.172986999999992
21
-73.2574449999999899
0
LINE
8
BLACK
6
CONTINUOUS
10
85.172986999999992
20
-73.2574449999999899
11
85.0978339999999918
21
-73.1099490000000003
0
LINE
8
BLACK
6
CONTINUOUS
10
85.0978339999999918
20
-73.1099490000000003
11
84.9451309999999893
21
-72.8997710000000012
0
LINE
8
BLACK
6
CONTINUOUS
10
84.9451309999999893
20
-72.8997710000000012
11
84.8380409999999898
21
-72.7926810000000017
0
LINE
8
BLACK
6
CONTINUOUS
10
84.8380409999999898
20
-72.7926810000000017
11
84.8045559999999909
21
-72.7313580000000002
0
LINE
8
BLACK
6
CONTINUOUS
10
84.8045559999999909
20
-72.7313580000000002
11
84.8095399999999984
21
-72.6616659999999968
0
LINE
8
BLACK
6
CONTINUOUS
10
84.8095399999999984
20
-72.6616659999999968
11
84.8380409999999898
21
-72.6173189999999948
0
LINE
8
BLACK
6
CONTINUOUS
10
84.8380409999999898
20
-72.6173189999999948
11
84.873936999999998
21
-72.5814230000000009
0
LINE
8
BLACK
6
CONTINUOUS
10
84.873936999999998
20
-72.5814230000000009
11
84.9451309999999893
21
-72.5102289999999954
0
LINE
8
BLACK
6
CONTINUOUS
10
84.9451309999999893
20
-72.5102289999999954
11
85.0978339999999918
21
-72.3000509999999963
0
LINE
8
BLACK
6
CONTINUOUS
10
85.0978339999999918
20
-72.3000509999999963
11
85.2157789999999977
21
-72.0685720000000032
0
LINE
8
BLACK
6
CONTINUOUS
10
85.2157789999999977
20
-72.0685720000000032
11
85.2960599999999971
21
-71.8214930000000038
0
LINE
8
BLACK
6
CONTINUOUS
10
85.2960599999999971
20
-71.8214930000000038
11
85.3187389999999937
21
-71.6782979999999981
0
LINE
8
BLACK
6
CONTINUOUS
10
85.3187389999999937
20
-71.6782979999999981
11
85.3366999999999933
21
-71.5649020000000036
0
LINE
8
BLACK
6
CONTINUOUS
10
85.3366999999999933
20
-71.5649020000000036
11
85.3366999999999933
21
-71.3050970000000035
0
LINE
8
BLACK
6
CONTINUOUS
10
85.3366999999999933
20
-71.3050970000000035
11
85.3151469999999961
21
-71.1690210000000008
0
LINE
8
BLACK
6
CONTINUOUS
10
85.3151469999999961
20
-71.1690210000000008
11
85.2960599999999971
21
-71.0485070000000007
0
LINE
8
BLACK
6
CONTINUOUS
10
85.2960599999999971
20
-71.0485070000000007
11
85.2157789999999977
21
-70.8014280000000014
0
LINE
8
BLACK
6
CONTINUOUS
10
85.2157789999999977
20
-70.8014280000000014
11
85.2157770000000028
21
-70.8014249999999947
0
LINE
8
BLACK
6
CONTINUOUS
10
85.2157770000000028
20
-70.8014249999999947
11
85.2157770000000028
21
-70.8014229999999998
0
LINE
8
BLACK
6
CONTINUOUS
10
85.2157770000000028
20
-70.8014229999999998
11
85.172986999999992
21
-70.7174449999999979
0
LINE
8
BLACK
6
CONTINUOUS
10
85.172986999999992
20
-70.7174449999999979
11
85.0978339999999918
21
-70.569948999999994
0
LINE
8
BLACK
6
CONTINUOUS
10
85.0978339999999918
20
-70.569948999999994
11
84.9451309999999893
21
-70.359770999999995
0
LINE
8
BLACK
6
CONTINUOUS
10
84.9451309999999893
20
-70.359770999999995
11
84.8380409999999898
21
-70.2526809999999955
0
LINE
8
BLACK
6
CONTINUOUS
10
84.8380409999999898
20
-70.2526809999999955
11
84.8045559999999909
21
-70.1913579999999939
0
LINE
8
BLACK
6
CONTINUOUS
10
84.8045559999999909
20
-70.1913579999999939
11
84.8095399999999984
21
-70.1216659999999905
0
LINE
8
BLACK
6
CONTINUOUS
10
84.8095399999999984
20
-70.1216659999999905
11
84.8380409999999898
21
-70.0773190000000028
0
LINE
8
BLACK
6
CONTINUOUS
10
84.8380409999999898
20
-70.0773190000000028
11
84.873936999999998
21
-70.0414229999999947
0
LINE
8
BLACK
6
CONTINUOUS
10
84.873936999999998
20
-70.0414229999999947
11
84.9451309999999893
21
-69.9702290000000033
0
LINE
8
BLACK
6
CONTINUOUS
10
84.9451309999999893
20
-69.9702290000000033
11
85.0978339999999918
21
-69.76005099999999
0
LINE
8
BLACK
6
CONTINUOUS
10
85.0978339999999918
20
-69.76005099999999
11
85.2157789999999977
21
-69.5285719999999969
0
LINE
8
BLACK
6
CONTINUOUS
10
85.2157789999999977
20
-69.5285719999999969
11
85.2960599999999971
21
-69.2814929999999976
0
LINE
8
BLACK
6
CONTINUOUS
10
85.2960599999999971
20
-69.2814929999999976
11
85.3358580000000018
21
-69.0302149999999983
0
LINE
8
BLACK
6
CONTINUOUS
10
85.3358580000000018
20
-69.0302149999999983
11
85.3366999999999933
21
-69.0249019999999973
0
LINE
8
BLACK
6
CONTINUOUS
10
85.3366999999999933
20
-69.0249019999999973
11
85.3366999999999933
21
-68.7650969999999973
0
LINE
8
BLACK
6
CONTINUOUS
10
85.3366999999999933
20
-68.7650969999999973
11
85.3051899999999961
21
-68.5661549999999949
0
LINE
8
BLACK
6
CONTINUOUS
10
85.3051899999999961
20
-68.5661549999999949
11
85.2960599999999971
21
-68.5085069999999945
0
LINE
8
BLACK
6
CONTINUOUS
10
85.2960599999999971
20
-68.5085069999999945
11
85.2157789999999977
21
-68.2614279999999951
0
LINE
8
BLACK
6
CONTINUOUS
10
85.2157789999999977
20
-68.2614279999999951
11
85.2157770000000028
21
-68.2614250000000027
0
LINE
8
BLACK
6
CONTINUOUS
10
85.2157770000000028
20
-68.2614250000000027
11
85.2157770000000028
21
-68.2614229999999935
0
LINE
8
BLACK
6
CONTINUOUS
10
85.2157770000000028
20
-68.2614229999999935
11
85.172986999999992
21
-68.1774449999999916
0
LINE
8
BLACK
6
CONTINUOUS
10
85.172986999999992
20
-68.1774449999999916
11
85.0978339999999918
21
-68.029949000000002
0
LINE
8
BLACK
6
CONTINUOUS
10
85.0978339999999918
20
-68.029949000000002
11
84.9451309999999893
21
-67.8197710000000029
0
LINE
8
BLACK
6
CONTINUOUS
10
84.9451309999999893
20
-67.8197710000000029
11
84.8380409999999898
21
-67.7126810000000035
0
LINE
8
BLACK
6
CONTINUOUS
10
84.8380409999999898
20
-67.7126810000000035
11
84.8045559999999909
21
-67.6513580000000019
0
LINE
8
BLACK
6
CONTINUOUS
10
84.8045559999999909
20
-67.6513580000000019
11
84.8095399999999984
21
-67.5816659999999985
0
LINE
8
BLACK
6
CONTINUOUS
10
84.8095399999999984
20
-67.5816659999999985
11
84.8380409999999898
21
-67.5373189999999965
0
LINE
8
BLACK
6
CONTINUOUS
10
84.8380409999999898
20
-67.5373189999999965
11
84.873936999999998
21
-67.5014230000000026
0
LINE
8
BLACK
6
CONTINUOUS
10
84.873936999999998
20
-67.5014230000000026
11
84.9451309999999893
21
-67.4302289999999971
0
LINE
8
BLACK
6
CONTINUOUS
10
84.9451309999999893
20
-67.4302289999999971
11
85.0978339999999918
21
-67.220050999999998
0
LINE
8
BLACK
6
CONTINUOUS
10
85.0978339999999918
20
-67.220050999999998
11
85.2157789999999977
21
-66.9885719999999907
0
LINE
8
BLACK
6
CONTINUOUS
10
85.2157789999999977
20
-66.9885719999999907
11
85.2960599999999971
21
-66.7414929999999913
0
LINE
8
BLACK
6
CONTINUOUS
10
85.2960599999999971
20
-66.7414929999999913
11
85.3220109999999892
21
-66.5776419999999973
0
LINE
8
BLACK
6
CONTINUOUS
10
85.3220109999999892
20
-66.5776419999999973
11
85.3366999999999933
21
-66.4849019999999911
0
LINE
8
BLACK
6
CONTINUOUS
10
85.3366999999999933
20
-66.4849019999999911
11
85.3366999999999933
21
-66.225096999999991
0
LINE
8
BLACK
6
CONTINUOUS
10
85.3366999999999933
20
-66.225096999999991
11
85.3151469999999961
21
-66.0890210000000025
0
LINE
8
BLACK
6
CONTINUOUS
10
85.3151469999999961
20
-66.0890210000000025
11
85.2960599999999971
21
-65.9685070000000024
0
LINE
8
BLACK
6
CONTINUOUS
10
85.2960599999999971
20
-65.9685070000000024
11
85.2157789999999977
21
-65.7214280000000031
0
LINE
8
BLACK
6
CONTINUOUS
10
85.2157789999999977
20
-65.7214280000000031
11
85.2157770000000028
21
-65.7214249999999964
0
LINE
8
BLACK
6
CONTINUOUS
10
85.2157770000000028
20
-65.7214249999999964
11
85.2157770000000028
21
-65.7214230000000015
0
LINE
8
BLACK
6
CONTINUOUS
10
85.2157770000000028
20
-65.7214230000000015
11
85.172986999999992
21
-65.6374449999999996
0
LINE
8
BLACK
6
CONTINUOUS
10
85.172986999999992
20
-65.6374449999999996
11
85.0978339999999918
21
-65.4899489999999957
0
LINE
8
BLACK
6
CONTINUOUS
10
85.0978339999999918
20
-65.4899489999999957
11
84.9451309999999893
21
-65.2797709999999967
0
LINE
8
BLACK
6
CONTINUOUS
10
84.9451309999999893
20
-65.2797709999999967
11
84.8380409999999898
21
-65.1726809999999972
0
LINE
8
BLACK
6
CONTINUOUS
10
84.8380409999999898
20
-65.1726809999999972
11
84.8045559999999909
21
-65.1113579999999956
0
LINE
8
BLACK
6
CONTINUOUS
10
84.8045559999999909
20
-65.1113579999999956
11
84.8095399999999984
21
-65.0416659999999922
0
LINE
8
BLACK
6
CONTINUOUS
10
84.8095399999999984
20
-65.0416659999999922
11
84.8380409999999898
21
-64.9973189999999903
0
LINE
8
BLACK
6
CONTINUOUS
10
84.8380409999999898
20
-64.9973189999999903
11
84.8830030000000022
21
-64.9523569999999921
0
LINE
8
BLACK
6
CONTINUOUS
10
84.8830030000000022
20
-64.9523569999999921
11
84.9451309999999893
21
-64.8902289999999908
0
LINE
8
BLACK
6
CONTINUOUS
10
84.9451309999999893
20
-64.8902289999999908
11
85.0978339999999918
21
-64.6800509999999917
0
LINE
8
BLACK
6
CONTINUOUS
10
85.0978339999999918
20
-64.6800509999999917
11
85.2157789999999977
21
-64.4485719999999986
0
LINE
8
BLACK
6
CONTINUOUS
10
85.2157789999999977
20
-64.4485719999999986
11
85.2960599999999971
21
-64.2014929999999993
0
LINE
8
BLACK
6
CONTINUOUS
10
85.2960599999999971
20
-64.2014929999999993
11
85.3316799999999915
21
-63.9765949999999961
0
LINE
8
BLACK
6
CONTINUOUS
10
85.3316799999999915
20
-63.9765949999999961
11
85.3366999999999933
21
-63.944901999999999
0
LINE
8
BLACK
6
CONTINUOUS
10
85.3366999999999933
20
-63.944901999999999
11
85.3366999999999933
21
-63.685096999999999
0
LINE
8
BLACK
6
CONTINUOUS
10
85.3366999999999933
20
-63.685096999999999
11
85.3151469999999961
21
-63.5490209999999962
0
LINE
8
BLACK
6
CONTINUOUS
10
85.3151469999999961
20
-63.5490209999999962
11
85.2960599999999971
21
-63.4285069999999962
0
LINE
8
BLACK
6
CONTINUOUS
10
85.2960599999999971
20
-63.4285069999999962
11
85.2157789999999977
21
-63.1814279999999968
0
LINE
8
BLACK
6
CONTINUOUS
10
85.2157789999999977
20
-63.1814279999999968
11
85.2157770000000028
21
-63.1814249999999973
0
LINE
8
BLACK
6
CONTINUOUS
10
85.2157770000000028
20
-63.1814249999999973
11
85.2157770000000028
21
-63.1814229999999952
0
LINE
8
BLACK
6
CONTINUOUS
10
85.2157770000000028
20
-63.1814229999999952
11
85.1683840000000032
21
-63.0884099999999961
0
LINE
8
BLACK
6
CONTINUOUS
10
85.1683840000000032
20
-63.0884099999999961
11
85.0978339999999918
21
-62.9499489999999966
0
LINE
8
BLACK
6
CONTINUOUS
10
85.0978339999999918
20
-62.9499489999999966
11
84.9451309999999893
21
-62.7397709999999975
0
LINE
8
BLACK
6
CONTINUOUS
10
84.9451309999999893
20
-62.7397709999999975
11
84.8380409999999898
21
-62.6326809999999981
0
LINE
8
BLACK
6
CONTINUOUS
10
84.8380409999999898
20
-62.6326809999999981
11
84.8045559999999909
21
-62.5713579999999965
0
LINE
8
BLACK
6
CONTINUOUS
10
84.8045559999999909
20
-62.5713579999999965
11
84.8095399999999984
21
-62.5016660000000002
0
LINE
8
BLACK
6
CONTINUOUS
10
84.8095399999999984
20
-62.5016660000000002
11
84.8380409999999898
21
-62.4573189999999983
0
LINE
8
BLACK
6
CONTINUOUS
10
84.8380409999999898
20
-62.4573189999999983
11
84.8477109999999897
21
-62.4476489999999984
0
LINE
8
BLACK
6
CONTINUOUS
10
84.8477109999999897
20
-62.4476489999999984
11
84.9451309999999893
21
-62.3502289999999988
0
LINE
8
BLACK
6
CONTINUOUS
10
84.9451309999999893
20
-62.3502289999999988
11
85.0978339999999918
21
-62.1400509999999997
0
LINE
8
BLACK
6
CONTINUOUS
10
85.0978339999999918
20
-62.1400509999999997
11
85.2157789999999977
21
-61.9085719999999995
0
LINE
8
BLACK
6
CONTINUOUS
10
85.2157789999999977
20
-61.9085719999999995
11
85.2960599999999971
21
-61.6614930000000001
0
LINE
8
BLACK
6
CONTINUOUS
10
85.2960599999999971
20
-61.6614930000000001
11
85.3187389999999937
21
-61.5182979999999944
0
LINE
8
BLACK
6
CONTINUOUS
10
85.3187389999999937
20
-61.5182979999999944
11
85.3366999999999933
21
-61.4049019999999999
0
LINE
8
BLACK
6
CONTINUOUS
10
85.3366999999999933
20
-61.4049019999999999
11
85.3366999999999933
21
-61.1450969999999998
0
LINE
8
BLACK
6
CONTINUOUS
10
85.3366999999999933
20
-61.1450969999999998
11
85.3151469999999961
21
-61.0090209999999971
0
LINE
8
BLACK
6
CONTINUOUS
10
85.3151469999999961
20
-61.0090209999999971
11
85.2960599999999971
21
-60.888506999999997
0
LINE
8
BLACK
6
CONTINUOUS
10
85.2960599999999971
20
-60.888506999999997
11
85.2157789999999977
21
-60.6414279999999977
0
LINE
8
BLACK
6
CONTINUOUS
10
85.2157789999999977
20
-60.6414279999999977
11
85.2157770000000028
21
-60.6414249999999981
0
LINE
8
BLACK
6
CONTINUOUS
10
85.2157770000000028
20
-60.6414249999999981
11
85.2157770000000028
21
-60.6414229999999961
0
LINE
8
BLACK
6
CONTINUOUS
10
85.2157770000000028
20
-60.6414229999999961
11
85.172986999999992
21
-60.5574449999999942
0
LINE
8
BLACK
6
CONTINUOUS
10
85.172986999999992
20
-60.5574449999999942
11
85.0978339999999918
21
-60.4099489999999975
0
LINE
8
BLACK
6
CONTINUOUS
10
85.0978339999999918
20
-60.4099489999999975
11
84.9451309999999893
21
-60.1997709999999984
0
LINE
8
BLACK
6
CONTINUOUS
10
84.9451309999999893
20
-60.1997709999999984
11
84.8380409999999898
21
-60.0926809999999989
0
LINE
8
BLACK
6
CONTINUOUS
10
84.8380409999999898
20
-60.0926809999999989
11
84.8045559999999909
21
-60.0313579999999973
0
LINE
8
BLACK
6
CONTINUOUS
10
84.8045559999999909
20
-60.0313579999999973
11
84.8095399999999984
21
-59.9616659999999939
0
LINE
8
BLACK
6
CONTINUOUS
10
84.8095399999999984
20
-59.9616659999999939
11
84.8380409999999898
21
-59.9173189999999991
0
LINE
8
BLACK
6
CONTINUOUS
10
84.8380409999999898
20
-59.9173189999999991
11
84.9451309999999893
21
-59.8102289999999996
0
LINE
8
BLACK
6
CONTINUOUS
10
84.9451309999999893
20
-59.8102289999999996
11
85.0978339999999918
21
-59.6000510000000006
0
LINE
8
BLACK
6
CONTINUOUS
10
85.0978339999999918
20
-59.6000510000000006
11
85.2157789999999977
21
-59.3685720000000003
0
LINE
8
BLACK
6
CONTINUOUS
10
85.2157789999999977
20
-59.3685720000000003
11
85.2960599999999971
21
-59.1214929999999939
0
LINE
8
BLACK
6
CONTINUOUS
10
85.2960599999999971
20
-59.1214929999999939
11
85.3187389999999937
21
-58.9782979999999952
0
LINE
8
BLACK
6
CONTINUOUS
10
85.3187389999999937
20
-58.9782979999999952
11
85.3366999999999933
21
-58.8649020000000007
0
LINE
8
BLACK
6
CONTINUOUS
10
85.3366999999999933
20
-58.8649020000000007
11
85.3366999999999933
21
-58.6050970000000007
0
LINE
8
BLACK
6
CONTINUOUS
10
85.3366999999999933
20
-58.6050970000000007
11
85.3151469999999961
21
-58.4690209999999979
0
LINE
8
BLACK
6
CONTINUOUS
10
85.3151469999999961
20
-58.4690209999999979
11
85.2960599999999971
21
-58.3485069999999979
0
LINE
8
BLACK
6
CONTINUOUS
10
85.2960599999999971
20
-58.3485069999999979
11
85.2157789999999977
21
-58.1014279999999985
0
LINE
8
BLACK
6
CONTINUOUS
10
85.2157789999999977
20
-58.1014279999999985
11
85.2157770000000028
21
-58.101424999999999
0
LINE
8
BLACK
6
CONTINUOUS
10
85.2157770000000028
20
-58.101424999999999
11
85.2157770000000028
21
-58.1014229999999969
0
LINE
8
BLACK
6
CONTINUOUS
10
85.2157770000000028
20
-58.1014229999999969
11
85.172986999999992
21
-58.017444999999995
0
LINE
8
BLACK
6
CONTINUOUS
10
85.172986999999992
20
-58.017444999999995
11
85.0978339999999918
21
-57.8699489999999983
0
LINE
8
BLACK
6
CONTINUOUS
10
85.0978339999999918
20
-57.8699489999999983
11
84.9451309999999893
21
-57.6597709999999992
0
LINE
8
BLACK
6
CONTINUOUS
10
84.9451309999999893
20
-57.6597709999999992
11
84.8380409999999898
21
-57.5526809999999998
0
LINE
8
BLACK
6
CONTINUOUS
10
84.8380409999999898
20
-57.5526809999999998
11
84.8045559999999909
21
-57.4913579999999982
0
LINE
8
BLACK
6
CONTINUOUS
10
84.8045559999999909
20
-57.4913579999999982
11
84.8095399999999984
21
-57.4216659999999948
0
LINE
8
BLACK
6
CONTINUOUS
10
84.8095399999999984
20
-57.4216659999999948
11
84.8380409999999898
21
-57.377319
0
LINE
8
BLACK
6
CONTINUOUS
10
84.8380409999999898
20
-57.377319
11
84.9451309999999893
21
-57.2702290000000005
0
LINE
8
BLACK
6
CONTINUOUS
10
84.9451309999999893
20
-57.2702290000000005
11
85.0978339999999918
21
-57.0600509999999943
0
LINE
8
BLACK
6
CONTINUOUS
10
85.0978339999999918
20
-57.0600509999999943
11
85.2157789999999977
21
-56.8285719999999941
0
LINE
8
BLACK
6
CONTINUOUS
10
85.2157789999999977
20
-56.8285719999999941
11
85.2960599999999971
21
-56.5814929999999947
0
LINE
8
BLACK
6
CONTINUOUS
10
85.2960599999999971
20
-56.5814929999999947
11
85.3187389999999937
21
-56.4382979999999961
0
LINE
8
BLACK
6
CONTINUOUS
10
85.3187389999999937
20
-56.4382979999999961
11
85.3366999999999933
21
-56.3249019999999945
0
LINE
8
BLACK
6
CONTINUOUS
10
85.3366999999999933
20
-56.3249019999999945
11
85.3366999999999933
21
-56.0650969999999944
0
LINE
8
BLACK
6
CONTINUOUS
10
85.3366999999999933
20
-56.0650969999999944
11
85.3151469999999961
21
-55.9290209999999988
0
LINE
8
BLACK
6
CONTINUOUS
10
85.3151469999999961
20
-55.9290209999999988
11
85.2960599999999971
21
-55.8085069999999988
0
LINE
8
BLACK
6
CONTINUOUS
10
85.2960599999999971
20
-55.8085069999999988
11
85.2157789999999977
21
-55.5614279999999994
0
LINE
8
BLACK
6
CONTINUOUS
10
85.2157789999999977
20
-55.5614279999999994
11
85.2157770000000028
21
-55.5614249999999998
0
LINE
8
BLACK
6
CONTINUOUS
10
85.2157770000000028
20
-55.5614249999999998
11
85.2157770000000028
21
-55.5614229999999978
0
LINE
8
BLACK
6
CONTINUOUS
10
85.2157770000000028
20
-55.5614229999999978
11
85.0978329999999943
21
-55.3299479999999946
0
LINE
8
BLACK
6
CONTINUOUS
10
85.0978329999999943
20
-55.3299479999999946
11
85.0978319999999968
21
-55.3299459999999996
0
LINE
8
BLACK
6
CONTINUOUS
10
85.0978319999999968
20
-55.3299459999999996
11
85.0529849999999925
21
-55.2682189999999949
0
LINE
8
BLACK
6
CONTINUOUS
10
85.0529849999999925
20
-55.2682189999999949
11
85.0295059999999978
21
-55.2024159999999995
0
LINE
8
BLACK
6
CONTINUOUS
10
85.0295059999999978
20
-55.2024159999999995
11
85.0453309999999902
21
-55.1343619999999959
0
LINE
8
BLACK
6
CONTINUOUS
10
85.0453309999999902
20
-55.1343619999999959
11
85.0656230000000022
21
-55.1076549999999941
0
LINE
8
BLACK
6
CONTINUOUS
10
85.0656230000000022
20
-55.1076549999999941
11
85.0656239999999997
21
-55.1076539999999966
0
LINE
8
BLACK
6
CONTINUOUS
10
85.0656239999999997
20
-55.1076539999999966
11
85.1660159999999991
21
-55.0072619999999972
0
LINE
8
BLACK
6
CONTINUOUS
10
85.1660159999999991
20
-55.0072619999999972
11
85.2619889999999998
21
-54.8545219999999958
0
LINE
8
BLACK
6
CONTINUOUS
10
85.2619889999999998
20
-54.8545219999999958
11
85.3215679999999992
21
-54.6842550000000003
0
LINE
8
BLACK
6
CONTINUOUS
10
85.3215679999999992
20
-54.6842550000000003
11
85.3366999999999933
21
-54.5499539999999996
0
LINE
8
BLACK
6
CONTINUOUS
10
85.3366999999999933
20
-54.5499539999999996
11
85.3366999999999933
21
-52.7600459999999956
0
LINE
8
BLACK
6
CONTINUOUS
10
85.3366999999999933
20
-52.7600459999999956
11
85.3215679999999992
21
-52.6257449999999949
0
LINE
8
BLACK
6
CONTINUOUS
10
85.3215679999999992
20
-52.6257449999999949
11
85.2619889999999998
21
-52.4554779999999994
0
LINE
8
BLACK
6
CONTINUOUS
10
85.2619889999999998
20
-52.4554779999999994
11
85.1660159999999991
21
-52.302737999999998
0
LINE
8
BLACK
6
CONTINUOUS
10
85.1660159999999991
20
-52.302737999999998
11
85.0384619999999956
21
-52.1751839999999945
0
LINE
8
BLACK
6
CONTINUOUS
10
85.0384619999999956
20
-52.1751839999999945
11
84.8857229999999987
21
-52.0792110000000008
0
LINE
8
BLACK
6
CONTINUOUS
10
84.8857229999999987
20
-52.0792110000000008
11
84.715453999999994
21
-52.0196309999999968
0
LINE
8
BLACK
6
CONTINUOUS
10
84.715453999999994
20
-52.0196309999999968
11
84.7154489999999925
21
-52.0196299999999994
0
LINE
8
BLACK
6
CONTINUOUS
10
84.7154489999999925
20
-52.0196299999999994
11
84.581159999999997
21
-52.0045000000000002
0
LINE
8
BLACK
6
CONTINUOUS
10
84.581159999999997
20
-52.0045000000000002
11
84.5811539999999979
21
-52.0045000000000002
0
LINE
8
BLACK
6
CONTINUOUS
10
84.5811539999999979
20
-52.0045000000000002
11
82.791246000000001
21
-52.0045000000000002
0
LINE
8
BLACK
6
CONTINUOUS
10
82.791246000000001
20
-52.0045000000000002
11
82.7912389999999903
21
-52.0045000000000002
0
LINE
8
BLACK
6
CONTINUOUS
10
82.7912389999999903
20
-52.0045000000000002
11
82.6569499999999948
21
-52.0196299999999994
0
LINE
8
BLACK
6
CONTINUOUS
10
82.6569499999999948
20
-52.0196299999999994
11
82.6569449999999932
21
-52.0196309999999968
0
LINE
8
BLACK
6
CONTINUOUS
10
82.6569449999999932
20
-52.0196309999999968
11
82.4866760000000028
21
-52.0792110000000008
0
LINE
8
BLACK
6
CONTINUOUS
10
82.4866760000000028
20
-52.0792110000000008
11
82.3339369999999917
21
-52.1751839999999945
0
LINE
8
BLACK
6
CONTINUOUS
10
82.3339369999999917
20
-52.1751839999999945
11
82.2063839999999999
21
-52.3027370000000005
0
LINE
8
BLACK
6
CONTINUOUS
10
82.2063839999999999
20
-52.3027370000000005
11
82.1104109999999991
21
-52.4554759999999973
0
LINE
8
BLACK
6
CONTINUOUS
10
82.1104109999999991
20
-52.4554759999999973
11
82.0508310000000023
21
-52.6257449999999949
0
LINE
8
BLACK
6
CONTINUOUS
10
82.0508310000000023
20
-52.6257449999999949
11
82.0508299999999906
21
-52.6257499999999965
0
LINE
8
BLACK
6
CONTINUOUS
10
82.0508299999999906
20
-52.6257499999999965
11
82.0356999999999914
21
-52.760038999999999
0
LINE
8
BLACK
6
CONTINUOUS
10
82.0356999999999914
20
-52.760038999999999
11
82.0356999999999914
21
-54.5499599999999987
0
LINE
8
BLACK
6
CONTINUOUS
10
82.0356999999999914
20
-54.5499599999999987
11
82.0508299999999906
21
-54.6842489999999941
0
LINE
8
BLACK
6
CONTINUOUS
10
82.0508299999999906
20
-54.6842489999999941
11
82.0508310000000023
21
-54.6842539999999957
0
LINE
8
BLACK
6
CONTINUOUS
10
82.0508310000000023
20
-54.6842539999999957
11
82.1104109999999991
21
-54.8545230000000004
0
LINE
8
BLACK
6
CONTINUOUS
10
82.1104109999999991
20
-54.8545230000000004
11
82.2063839999999999
21
-55.0072619999999972
0
LINE
8
BLACK
6
CONTINUOUS
10
82.2063839999999999
20
-55.0072619999999972
11
82.3067759999999993
21
-55.1076539999999966
0
LINE
8
BLACK
6
CONTINUOUS
10
82.3067759999999993
20
-55.1076539999999966
11
82.3402609999999981
21
-55.1689769999999982
0
LINE
8
BLACK
6
CONTINUOUS
10
82.3402609999999981
20
-55.1689769999999982
11
82.3352769999999907
21
-55.2386689999999945
0
LINE
8
BLACK
6
CONTINUOUS
10
82.3352769999999907
20
-55.2386689999999945
11
82.3194139999999948
21
-55.2682189999999949
0
LINE
8
BLACK
6
CONTINUOUS
10
82.3194139999999948
20
-55.2682189999999949
11
82.2745669999999905
21
-55.3299459999999996
0
LINE
8
BLACK
6
CONTINUOUS
10
82.2745669999999905
20
-55.3299459999999996
11
82.1566219999999987
21
-55.5614229999999978
0
LINE
8
BLACK
6
CONTINUOUS
10
82.1566219999999987
20
-55.5614229999999978
11
82.0763400000000019
21
-55.8085059999999942
0
LINE
8
BLACK
6
CONTINUOUS
10
82.0763400000000019
20
-55.8085059999999942
11
82.0356999999999914
21
-56.0650969999999944
0
LINE
8
BLACK
6
CONTINUOUS
10
82.0356999999999914
20
-56.0650969999999944
11
82.0356999999999914
21
-56.3249019999999945
0
LINE
8
BLACK
6
CONTINUOUS
10
82.0356999999999914
20
-56.3249019999999945
11
82.0763400000000019
21
-56.5814929999999947
0
LINE
8
BLACK
6
CONTINUOUS
10
82.0763400000000019
20
-56.5814929999999947
11
82.1566219999999987
21
-56.8285759999999982
0
LINE
8
BLACK
6
CONTINUOUS
10
82.1566219999999987
20
-56.8285759999999982
11
82.2745680000000021
21
-57.0600540000000009
0
LINE
8
BLACK
6
CONTINUOUS
10
82.2745680000000021
20
-57.0600540000000009
11
82.427266000000003
21
-57.2702249999999964
0
LINE
8
BLACK
6
CONTINUOUS
10
82.427266000000003
20
-57.2702249999999964
11
82.4272709999999904
21
-57.2702309999999954
0
LINE
8
BLACK
6
CONTINUOUS
10
82.4272709999999904
20
-57.2702309999999954
11
82.5343589999999949
21
-57.377319
0
LINE
8
BLACK
6
CONTINUOUS
10
82.5343589999999949
20
-57.377319
11
82.5678439999999938
21
-57.4386419999999944
0
LINE
8
BLACK
6
CONTINUOUS
10
82.5678439999999938
20
-57.4386419999999944
11
82.5628600000000006
21
-57.5083339999999978
0
LINE
8
BLACK
6
CONTINUOUS
10
82.5628600000000006
20
-57.5083339999999978
11
82.5343589999999949
21
-57.5526809999999998
0
LINE
8
BLACK
6
CONTINUOUS
10
82.5343589999999949
20
-57.5526809999999998
11
82.4272709999999904
21
-57.6597679999999997
0
LINE
8
BLACK
6
CONTINUOUS
10
82.4272709999999904
20
-57.6597679999999997
11
82.427266000000003
21
-57.6597739999999988
0
LINE
8
BLACK
6
CONTINUOUS
10
82.427266000000003
20
-57.6597739999999988
11
82.2745680000000021
21
-57.8699449999999942
0
LINE
8
BLACK
6
CONTINUOUS
10
82.2745680000000021
20
-57.8699449999999942
11
82.1566219999999987
21
-58.1014229999999969
0
LINE
8
BLACK
6
CONTINUOUS
10
82.1566219999999987
20
-58.1014229999999969
11
82.0763400000000019
21
-58.3485060000000004
0
LINE
8
BLACK
6
CONTINUOUS
10
82.0763400000000019
20
-58.3485060000000004
11
82.0356999999999914
21
-58.6050970000000007
0
LINE
8
BLACK
6
CONTINUOUS
10
82.0356999999999914
20
-58.6050970000000007
11
82.0356999999999914
21
-58.8649020000000007
0
LINE
8
BLACK
6
CONTINUOUS
10
82.0356999999999914
20
-58.8649020000000007
11
82.0763400000000019
21
-59.1214929999999939
0
LINE
8
BLACK
6
CONTINUOUS
10
82.0763400000000019
20
-59.1214929999999939
11
82.1566219999999987
21
-59.3685759999999974
0
LINE
8
BLACK
6
CONTINUOUS
10
82.1566219999999987
20
-59.3685759999999974
11
82.2745680000000021
21
-59.6000540000000001
0
LINE
8
BLACK
6
CONTINUOUS
10
82.2745680000000021
20
-59.6000540000000001
11
82.427266000000003
21
-59.8102249999999955
0
LINE
8
BLACK
6
CONTINUOUS
10
82.427266000000003
20
-59.8102249999999955
11
82.4272709999999904
21
-59.8102309999999946
0
LINE
8
BLACK
6
CONTINUOUS
10
82.4272709999999904
20
-59.8102309999999946
11
82.5343589999999949
21
-59.9173189999999991
0
LINE
8
BLACK
6
CONTINUOUS
10
82.5343589999999949
20
-59.9173189999999991
11
82.5678439999999938
21
-59.9786420000000007
0
LINE
8
BLACK
6
CONTINUOUS
10
82.5678439999999938
20
-59.9786420000000007
11
82.5628600000000006
21
-60.048333999999997
0
LINE
8
BLACK
6
CONTINUOUS
10
82.5628600000000006
20
-60.048333999999997
11
82.5343589999999949
21
-60.0926809999999989
0
LINE
8
BLACK
6
CONTINUOUS
10
82.5343589999999949
20
-60.0926809999999989
11
82.4272709999999904
21
-60.1997679999999988
0
LINE
8
BLACK
6
CONTINUOUS
10
82.4272709999999904
20
-60.1997679999999988
11
82.427266000000003
21
-60.1997739999999979
0
LINE
8
BLACK
6
CONTINUOUS
10
82.427266000000003
20
-60.1997739999999979
11
82.2745680000000021
21
-60.4099450000000004
0
LINE
8
BLACK
6
CONTINUOUS
10
82.2745680000000021
20
-60.4099450000000004
11
82.1566219999999987
21
-60.6414229999999961
0
LINE
8
BLACK
6
CONTINUOUS
10
82.1566219999999987
20
-60.6414229999999961
11
82.0763400000000019
21
-60.8885059999999996
0
LINE
8
BLACK
6
CONTINUOUS
10
82.0763400000000019
20
-60.8885059999999996
11
82.0356999999999914
21
-61.1450969999999998
0
LINE
8
BLACK
6
CONTINUOUS
10
82.0356999999999914
20
-61.1450969999999998
11
82.0356999999999914
21
-61.4049019999999999
0
LINE
8
BLACK
6
CONTINUOUS
10
82.0356999999999914
20
-61.4049019999999999
11
82.0763400000000019
21
-61.6614930000000001
0
LINE
8
BLACK
6
CONTINUOUS
10
82.0763400000000019
20
-61.6614930000000001
11
82.1566219999999987
21
-61.9085759999999965
0
LINE
8
BLACK
6
CONTINUOUS
10
82.1566219999999987
20
-61.9085759999999965
11
82.2745680000000021
21
-62.1400539999999992
0
LINE
8
BLACK
6
CONTINUOUS
10
82.2745680000000021
20
-62.1400539999999992
11
82.427266000000003
21
-62.3502249999999947
0
LINE
8
BLACK
6
CONTINUOUS
10
82.427266000000003
20
-62.3502249999999947
11
82.4272709999999904
21
-62.3502309999999937
0
LINE
8
BLACK
6
CONTINUOUS
10
82.4272709999999904
20
-62.3502309999999937
11
82.5343589999999949
21
-62.4573189999999983
0
LINE
8
BLACK
6
CONTINUOUS
10
82.5343589999999949
20
-62.4573189999999983
11
82.5678439999999938
21
-62.5186419999999998
0
LINE
8
BLACK
6
CONTINUOUS
10
82.5678439999999938
20
-62.5186419999999998
11
82.5628600000000006
21
-62.5883339999999961
0
LINE
8
BLACK
6
CONTINUOUS
10
82.5628600000000006
20
-62.5883339999999961
11
82.5343589999999949
21
-62.6326809999999981
0
LINE
8
BLACK
6
CONTINUOUS
10
82.5343589999999949
20
-62.6326809999999981
11
82.4272709999999904
21
-62.739767999999998
0
LINE
8
BLACK
6
CONTINUOUS
10
82.4272709999999904
20
-62.739767999999998
11
82.427266000000003
21
-62.739773999999997
0
LINE
8
BLACK
6
CONTINUOUS
10
82.427266000000003
20
-62.739773999999997
11
82.2745680000000021
21
-62.9499449999999996
0
LINE
8
BLACK
6
CONTINUOUS
10
82.2745680000000021
20
-62.9499449999999996
11
82.1566219999999987
21
-63.1814229999999952
0
LINE
8
BLACK
6
CONTINUOUS
10
82.1566219999999987
20
-63.1814229999999952
11
82.0763400000000019
21
-63.4285059999999987
0
LINE
8
BLACK
6
CONTINUOUS
10
82.0763400000000019
20
-63.4285059999999987
11
82.0356999999999914
21
-63.685096999999999
0
LINE
8
BLACK
6
CONTINUOUS
10
82.0356999999999914
20
-63.685096999999999
11
82.0356999999999914
21
-63.944901999999999
0
LINE
8
BLACK
6
CONTINUOUS
10
82.0356999999999914
20
-63.944901999999999
11
82.0763400000000019
21
-64.2014929999999993
0
LINE
8
BLACK
6
CONTINUOUS
10
82.0763400000000019
20
-64.2014929999999993
11
82.1566219999999987
21
-64.4485760000000028
0
LINE
8
BLACK
6
CONTINUOUS
10
82.1566219999999987
20
-64.4485760000000028
11
82.2159899999999908
21
-64.5650899999999979
0
LINE
8
BLACK
6
CONTINUOUS
10
82.2159899999999908
20
-64.5650899999999979
11
82.2580639999999903
21
-64.6476650000000035
0
LINE
8
BLACK
6
CONTINUOUS
10
82.2580639999999903
20
-64.6476650000000035
11
82.2745680000000021
21
-64.6800539999999984
0
LINE
8
BLACK
6
CONTINUOUS
10
82.2745680000000021
20
-64.6800539999999984
11
82.427266000000003
21
-64.8902250000000009
0
LINE
8
BLACK
6
CONTINUOUS
10
82.427266000000003
20
-64.8902250000000009
11
82.4272709999999904
21
-64.890231
0
LINE
8
BLACK
6
CONTINUOUS
10
82.4272709999999904
20
-64.890231
11
82.5343589999999949
21
-64.9973189999999903
0
LINE
8
BLACK
6
CONTINUOUS
10
82.5343589999999949
20
-64.9973189999999903
11
82.5678439999999938
21
-65.0586419999999919
0
LINE
8
BLACK
6
CONTINUOUS
10
82.5678439999999938
20
-65.0586419999999919
11
82.5628600000000006
21
-65.1283339999999953
0
LINE
8
BLACK
6
CONTINUOUS
10
82.5628600000000006
20
-65.1283339999999953
11
82.5343589999999949
21
-65.1726809999999972
0
LINE
8
BLACK
6
CONTINUOUS
10
82.5343589999999949
20
-65.1726809999999972
11
82.4272709999999904
21
-65.27976799999999
0
LINE
8
BLACK
6
CONTINUOUS
10
82.4272709999999904
20
-65.27976799999999
11
82.427266000000003
21
-65.2797740000000033
0
LINE
8
BLACK
6
CONTINUOUS
10
82.427266000000003
20
-65.2797740000000033
11
82.2745680000000021
21
-65.4899449999999916
0
LINE
8
BLACK
6
CONTINUOUS
10
82.2745680000000021
20
-65.4899449999999916
11
82.1566219999999987
21
-65.7214230000000015
0
LINE
8
BLACK
6
CONTINUOUS
10
82.1566219999999987
20
-65.7214230000000015
11
82.0763400000000019
21
-65.9685059999999908
0
LINE
8
BLACK
6
CONTINUOUS
10
82.0763400000000019
20
-65.9685059999999908
11
82.0356999999999914
21
-66.225096999999991
0
LINE
8
BLACK
6
CONTINUOUS
10
82.0356999999999914
20
-66.225096999999991
11
82.0356999999999914
21
-66.4849019999999911
0
LINE
8
BLACK
6
CONTINUOUS
10
82.0356999999999914
20
-66.4849019999999911
11
82.0763400000000019
21
-66.7414929999999913
0
LINE
8
BLACK
6
CONTINUOUS
10
82.0763400000000019
20
-66.7414929999999913
11
82.1566219999999987
21
-66.9885759999999948
0
LINE
8
BLACK
6
CONTINUOUS
10
82.1566219999999987
20
-66.9885759999999948
11
82.2186769999999996
21
-67.1103629999999924
0
LINE
8
BLACK
6
CONTINUOUS
10
82.2186769999999996
20
-67.1103629999999924
11
82.2685369999999949
21
-67.2082189999999997
0
LINE
8
BLACK
6
CONTINUOUS
10
82.2685369999999949
20
-67.2082189999999997
11
82.2745680000000021
21
-67.2200539999999904
0
LINE
8
BLACK
6
CONTINUOUS
10
82.2745680000000021
20
-67.2200539999999904
11
82.427266000000003
21
-67.430224999999993
0
LINE
8
BLACK
6
CONTINUOUS
10
82.427266000000003
20
-67.430224999999993
11
82.4272709999999904
21
-67.430230999999992
0
LINE
8
BLACK
6
CONTINUOUS
10
82.4272709999999904
20
-67.430230999999992
11
82.5343589999999949
21
-67.5373189999999965
0
LINE
8
BLACK
6
CONTINUOUS
10
82.5343589999999949
20
-67.5373189999999965
11
82.5678439999999938
21
-67.5986419999999981
0
LINE
8
BLACK
6
CONTINUOUS
10
82.5678439999999938
20
-67.5986419999999981
11
82.5628600000000006
21
-67.6683340000000015
0
LINE
8
BLACK
6
CONTINUOUS
10
82.5628600000000006
20
-67.6683340000000015
11
82.5343589999999949
21
-67.7126810000000035
0
LINE
8
BLACK
6
CONTINUOUS
10
82.5343589999999949
20
-67.7126810000000035
11
82.4272709999999904
21
-67.8197679999999963
0
LINE
8
BLACK
6
CONTINUOUS
10
82.4272709999999904
20
-67.8197679999999963
11
82.427266000000003
21
-67.8197739999999953
0
LINE
8
BLACK
6
CONTINUOUS
10
82.427266000000003
20
-67.8197739999999953
11
82.2745680000000021
21
-68.0299449999999979
0
LINE
8
BLACK
6
CONTINUOUS
10
82.2745680000000021
20
-68.0299449999999979
11
82.1566219999999987
21
-68.2614229999999935
0
LINE
8
BLACK
6
CONTINUOUS
10
82.1566219999999987
20
-68.2614229999999935
11
82.0763400000000019
21
-68.508505999999997
0
LINE
8
BLACK
6
CONTINUOUS
10
82.0763400000000019
20
-68.508505999999997
11
82.0356999999999914
21
-68.7650969999999973
0
LINE
8
BLACK
6
CONTINUOUS
10
82.0356999999999914
20
-68.7650969999999973
11
82.0356999999999914
21
-69.0249019999999973
0
LINE
8
BLACK
6
CONTINUOUS
10
82.0356999999999914
20
-69.0249019999999973
11
82.0763400000000019
21
-69.2814929999999976
0
LINE
8
BLACK
6
CONTINUOUS
10
82.0763400000000019
20
-69.2814929999999976
11
82.1566219999999987
21
-69.528576000000001
0
LINE
8
BLACK
6
CONTINUOUS
10
82.1566219999999987
20
-69.528576000000001
11
82.2745680000000021
21
-69.7600539999999967
0
LINE
8
BLACK
6
CONTINUOUS
10
82.2745680000000021
20
-69.7600539999999967
11
82.427266000000003
21
-69.9702249999999992
0
LINE
8
BLACK
6
CONTINUOUS
10
82.427266000000003
20
-69.9702249999999992
11
82.4272709999999904
21
-69.9702309999999983
0
LINE
8
BLACK
6
CONTINUOUS
10
82.4272709999999904
20
-69.9702309999999983
11
82.5343589999999949
21
-70.0773190000000028
0
LINE
8
BLACK
6
CONTINUOUS
10
82.5343589999999949
20
-70.0773190000000028
11
82.5678439999999938
21
-70.1386419999999902
0
LINE
8
BLACK
6
CONTINUOUS
10
82.5678439999999938
20
-70.1386419999999902
11
82.5628600000000006
21
-70.2083339999999936
0
LINE
8
BLACK
6
CONTINUOUS
10
82.5628600000000006
20
-70.2083339999999936
11
82.5343589999999949
21
-70.2526809999999955
0
LINE
8
BLACK
6
CONTINUOUS
10
82.5343589999999949
20
-70.2526809999999955
11
82.4272709999999904
21
-70.3597680000000025
0
LINE
8
BLACK
6
CONTINUOUS
10
82.4272709999999904
20
-70.3597680000000025
11
82.427266000000003
21
-70.3597740000000016
0
LINE
8
BLACK
6
CONTINUOUS
10
82.427266000000003
20
-70.3597740000000016
11
82.2745680000000021
21
-70.5699449999999899
0
LINE
8
BLACK
6
CONTINUOUS
10
82.2745680000000021
20
-70.5699449999999899
11
82.1566219999999987
21
-70.8014229999999998
0
LINE
8
BLACK
6
CONTINUOUS
10
82.1566219999999987
20
-70.8014229999999998
11
82.0763400000000019
21
-71.0485060000000033
0
LINE
8
BLACK
6
CONTINUOUS
10
82.0763400000000019
20
-71.0485060000000033
11
82.0356999999999914
21
-71.3050970000000035
0
LINE
8
BLACK
6
CONTINUOUS
10
82.0356999999999914
20
-71.3050970000000035
11
82.0356999999999914
21
-71.5649020000000036
0
LINE
8
BLACK
6
CONTINUOUS
10
82.0356999999999914
20
-71.5649020000000036
11
82.0763400000000019
21
-71.8214930000000038
0
LINE
8
BLACK
6
CONTINUOUS
10
82.0763400000000019
20
-71.8214930000000038
11
82.1566219999999987
21
-72.0685759999999931
0
LINE
8
BLACK
6
CONTINUOUS
10
82.1566219999999987
20
-72.0685759999999931
11
82.2745680000000021
21
-72.3000540000000029
0
LINE
8
BLACK
6
CONTINUOUS
10
82.2745680000000021
20
-72.3000540000000029
11
82.427266000000003
21
-72.5102249999999913
0
LINE
8
BLACK
6
CONTINUOUS
10
82.427266000000003
20
-72.5102249999999913
11
82.4272709999999904
21
-72.5102309999999903
0
LINE
8
BLACK
6
CONTINUOUS
10
82.4272709999999904
20
-72.5102309999999903
11
82.5343589999999949
21
-72.6173189999999948
0
LINE
8
BLACK
6
CONTINUOUS
10
82.5343589999999949
20
-72.6173189999999948
11
82.5678439999999938
21
-72.6786419999999964
0
LINE
8
BLACK
6
CONTINUOUS
10
82.5678439999999938
20
-72.6786419999999964
11
82.5628600000000006
21
-72.7483339999999998
0
LINE
8
BLACK
6
CONTINUOUS
10
82.5628600000000006
20
-72.7483339999999998
11
82.5343589999999949
21
-72.7926810000000017
0
LINE
8
BLACK
6
CONTINUOUS
10
82.5343589999999949
20
-72.7926810000000017
11
82.4272709999999904
21
-72.8997679999999946
0
LINE
8
BLACK
6
CONTINUOUS
10
82.4272709999999904
20
-72.8997679999999946
11
82.427266000000003
21
-72.8997739999999936
0
LINE
8
BLACK
6
CONTINUOUS
10
82.427266000000003
20
-72.8997739999999936
11
82.2745680000000021
21
-73.1099449999999962
0
LINE
8
BLACK
6
CONTINUOUS
10
82.2745680000000021
20
-73.1099449999999962
11
82.1566219999999987
21
-73.3414229999999918
0
LINE
8
BLACK
6
CONTINUOUS
10
82.1566219999999987
20
-73.3414229999999918
11
82.0763400000000019
21
-73.5885059999999953
0
LINE
8
BLACK
6
CONTINUOUS
10
82.0763400000000019
20
-73.5885059999999953
11
82.0356999999999914
21
-73.8450969999999955
0
LINE
8
BLACK
6
CONTINUOUS
10
82.0356999999999914
20
-73.8450969999999955
11
82.0356999999999914
21
-74.1049019999999956
0
LINE
8
BLACK
6
CONTINUOUS
10
82.0356999999999914
20
-74.1049019999999956
11
82.0763400000000019
21
-74.3614929999999958
0
LINE
8
BLACK
6
CONTINUOUS
10
82.0763400000000019
20
-74.3614929999999958
11
82.1566219999999987
21
-74.6085759999999993
0
LINE
8
BLACK
6
CONTINUOUS
10
82.1566219999999987
20
-74.6085759999999993
11
82.2019080000000031
21
-74.6974529999999959
0
LINE
8
BLACK
6
CONTINUOUS
10
82.2019080000000031
20
-74.6974529999999959
11
82.2668249999999972
21
-74.8248590000000036
0
LINE
8
BLACK
6
CONTINUOUS
10
82.2668249999999972
20
-74.8248590000000036
11
82.2745680000000021
21
-74.840053999999995
0
LINE
8
BLACK
6
CONTINUOUS
10
82.2745680000000021
20
-74.840053999999995
11
82.427266000000003
21
-75.0502249999999975
0
LINE
8
BLACK
6
CONTINUOUS
10
82.427266000000003
20
-75.0502249999999975
11
82.4272709999999904
21
-75.0502309999999966
0
LINE
8
BLACK
6
CONTINUOUS
10
82.4272709999999904
20
-75.0502309999999966
11
82.5343589999999949
21
-75.1573190000000011
0
LINE
8
BLACK
6
CONTINUOUS
10
82.5343589999999949
20
-75.1573190000000011
11
82.5678439999999938
21
-75.2186420000000027
0
LINE
8
BLACK
6
CONTINUOUS
10
82.5678439999999938
20
-75.2186420000000027
11
82.5628600000000006
21
-75.2883339999999919
0
LINE
8
BLACK
6
CONTINUOUS
10
82.5628600000000006
20
-75.2883339999999919
11
82.5343589999999949
21
-75.3326809999999938
0
LINE
8
BLACK
6
CONTINUOUS
10
82.5343589999999949
20
-75.3326809999999938
11
82.4272709999999904
21
-75.4397680000000008
0
LINE
8
BLACK
6
CONTINUOUS
10
82.4272709999999904
20
-75.4397680000000008
11
82.4272699999999929
21
-75.4397699999999958
0
LINE
8
BLACK
6
CONTINUOUS
10
82.4272699999999929
20
-75.4397699999999958
11
82.2745680000000021
21
-75.6499450000000024
0
LINE
8
BLACK
6
CONTINUOUS
10
82.2745680000000021
20
-75.6499450000000024
11
82.1566219999999987
21
-75.8814229999999981
0
LINE
8
BLACK
6
CONTINUOUS
10
82.1566219999999987
20
-75.8814229999999981
11
82.0763400000000019
21
-76.1285060000000016
0
LINE
8
BLACK
6
CONTINUOUS
10
82.0763400000000019
20
-76.1285060000000016
11
82.0356999999999914
21
-76.3850970000000018
0
LINE
8
BLACK
6
CONTINUOUS
10
82.0356999999999914
20
-76.3850970000000018
11
82.0356999999999914
21
-76.6449020000000019
0
LINE
8
BLACK
6
CONTINUOUS
10
82.0356999999999914
20
-76.6449020000000019
11
82.0763400000000019
21
-76.9014930000000021
0
LINE
8
BLACK
6
CONTINUOUS
10
82.0763400000000019
20
-76.9014930000000021
11
82.1566219999999987
21
-77.1485759999999914
0
LINE
8
BLACK
6
CONTINUOUS
10
82.1566219999999987
20
-77.1485759999999914
11
82.2745680000000021
21
-77.3800540000000012
0
LINE
8
BLACK
6
CONTINUOUS
10
82.2745680000000021
20
-77.3800540000000012
11
82.427266000000003
21
-77.5902249999999896
0
LINE
8
BLACK
6
CONTINUOUS
10
82.427266000000003
20
-77.5902249999999896
11
82.4272709999999904
21
-77.5902310000000028
0
LINE
8
BLACK
6
CONTINUOUS
10
82.4272709999999904
20
-77.5902310000000028
11
82.5343589999999949
21
-77.6973189999999931
0
LINE
8
BLACK
6
CONTINUOUS
10
82.5343589999999949
20
-77.6973189999999931
11
82.5678439999999938
21
-77.7586419999999947
0
LINE
8
BLACK
6
CONTINUOUS
10
82.5678439999999938
20
-77.7586419999999947
11
82.5628600000000006
21
-77.8283339999999981
0
LINE
8
BLACK
6
CONTINUOUS
10
82.5628600000000006
20
-77.8283339999999981
11
82.5343589999999949
21
-77.872681
0
LINE
8
BLACK
6
CONTINUOUS
10
82.5343589999999949
20
-77.872681
11
82.4272709999999904
21
-77.9797679999999929
0
LINE
8
BLACK
6
CONTINUOUS
10
82.4272709999999904
20
-77.9797679999999929
11
82.427266000000003
21
-77.9797739999999919
0
LINE
8
BLACK
6
CONTINUOUS
10
82.427266000000003
20
-77.9797739999999919
11
82.2745680000000021
21
-78.1899449999999945
0
LINE
8
BLACK
6
CONTINUOUS
10
82.2745680000000021
20
-78.1899449999999945
11
82.1566219999999987
21
-78.4214229999999901
0
LINE
8
BLACK
6
CONTINUOUS
10
82.1566219999999987
20
-78.4214229999999901
11
82.0763400000000019
21
-78.6685059999999936
0
LINE
8
BLACK
6
CONTINUOUS
10
82.0763400000000019
20
-78.6685059999999936
11
82.0356999999999914
21
-78.9250969999999938
0
LINE
8
BLACK
6
CONTINUOUS
10
82.0356999999999914
20
-78.9250969999999938
11
82.0356999999999914
21
-79.1849019999999939
0
LINE
8
BLACK
6
CONTINUOUS
10
82.0356999999999914
20
-79.1849019999999939
11
82.0763400000000019
21
-79.4414929999999941
0
LINE
8
BLACK
6
CONTINUOUS
10
82.0763400000000019
20
-79.4414929999999941
11
82.1566219999999987
21
-79.6885759999999976
0
LINE
8
BLACK
6
CONTINUOUS
10
82.1566219999999987
20
-79.6885759999999976
11
82.2745680000000021
21
-79.9200539999999933
0
LINE
8
BLACK
6
CONTINUOUS
10
82.2745680000000021
20
-79.9200539999999933
11
82.427266000000003
21
-80.1302249999999958
0
LINE
8
BLACK
6
CONTINUOUS
10
82.427266000000003
20
-80.1302249999999958
11
82.4272709999999904
21
-80.1302309999999949
0
LINE
8
BLACK
6
CONTINUOUS
10
82.4272709999999904
20
-80.1302309999999949
11
82.5343589999999949
21
-80.2373189999999994
0
LINE
8
BLACK
6
CONTINUOUS
10
82.5343589999999949
20
-80.2373189999999994
11
82.5678439999999938
21
-80.298642000000001
0
LINE
8
BLACK
6
CONTINUOUS
10
82.5678439999999938
20
-80.298642000000001
11
82.5628600000000006
21
-80.3683339999999902
0
LINE
8
BLACK
6
CONTINUOUS
10
82.5628600000000006
20
-80.3683339999999902
11
82.5343589999999949
21
-80.4126809999999921
0
LINE
8
BLACK
6
CONTINUOUS
10
82.5343589999999949
20
-80.4126809999999921
11
82.4272709999999904
21
-80.5197679999999991
0
LINE
8
BLACK
6
CONTINUOUS
10
82.4272709999999904
20
-80.5197679999999991
11
82.427266000000003
21
-80.5197739999999982
0
LINE
8
BLACK
6
CONTINUOUS
10
82.427266000000003
20
-80.5197739999999982
11
82.2745680000000021
21
-80.7299450000000007
0
LINE
8
BLACK
6
CONTINUOUS
10
82.2745680000000021
20
-80.7299450000000007
11
82.1566219999999987
21
-80.9614229999999964
0
LINE
8
BLACK
6
CONTINUOUS
10
82.1566219999999987
20
-80.9614229999999964
11
82.0763400000000019
21
-81.2085059999999999
0
LINE
8
BLACK
6
CONTINUOUS
10
82.0763400000000019
20
-81.2085059999999999
11
82.0356999999999914
21
-81.4650970000000001
0
LINE
8
BLACK
6
CONTINUOUS
10
82.0356999999999914
20
-81.4650970000000001
11
82.0356999999999914
21
-81.7249020000000002
0
LINE
8
BLACK
6
CONTINUOUS
10
82.0356999999999914
20
-81.7249020000000002
11
82.0763400000000019
21
-81.9814930000000004
0
LINE
8
BLACK
6
CONTINUOUS
10
82.0763400000000019
20
-81.9814930000000004
11
82.1566219999999987
21
-82.2285759999999897
0
LINE
8
BLACK
6
CONTINUOUS
10
82.1566219999999987
20
-82.2285759999999897
11
82.2745680000000021
21
-82.4600539999999995
0
LINE
8
BLACK
6
CONTINUOUS
10
82.2745680000000021
20
-82.4600539999999995
11
82.427266000000003
21
-82.6702250000000021
0
LINE
8
BLACK
6
CONTINUOUS
10
82.427266000000003
20
-82.6702250000000021
11
82.4272709999999904
21
-82.6702310000000011
0
LINE
8
BLACK
6
CONTINUOUS
10
82.4272709999999904
20
-82.6702310000000011
11
82.5343589999999949
21
-82.7773189999999914
0
LINE
8
BLACK
6
CONTINUOUS
10
82.5343589999999949
20
-82.7773189999999914
11
82.5678439999999938
21
-82.838641999999993
0
LINE
8
BLACK
6
CONTINUOUS
10
82.5678439999999938
20
-82.838641999999993
11
82.5628600000000006
21
-82.9083339999999964
0
LINE
8
BLACK
6
CONTINUOUS
10
82.5628600000000006
20
-82.9083339999999964
11
82.5343589999999949
21
-82.9526809999999983
0
LINE
8
BLACK
6
CONTINUOUS
10
82.5343589999999949
20
-82.9526809999999983
11
82.4272709999999904
21
-83.0597679999999912
0
LINE
8
BLACK
6
CONTINUOUS
10
82.4272709999999904
20
-83.0597679999999912
11
82.427266000000003
21
-83.0597739999999902
0
LINE
8
BLACK
6
CONTINUOUS
10
82.427266000000003
20
-83.0597739999999902
11
82.2745680000000021
21
-83.2699449999999928
0
LINE
8
BLACK
6
CONTINUOUS
10
82.2745680000000021
20
-83.2699449999999928
11
82.1566219999999987
21
-83.5014230000000026
0
LINE
8
BLACK
6
CONTINUOUS
10
82.1566219999999987
20
-83.5014230000000026
11
82.0763400000000019
21
-83.7485059999999919
0
LINE
8
BLACK
6
CONTINUOUS
10
82.0763400000000019
20
-83.7485059999999919
11
82.0356999999999914
21
-84.0050969999999921
0
LINE
8
BLACK
6
CONTINUOUS
10
82.0356999999999914
20
-84.0050969999999921
11
82.0356999999999914
21
-84.2649019999999922
0
LINE
8
BLACK
6
CONTINUOUS
10
82.0356999999999914
20
-84.2649019999999922
11
82.0763400000000019
21
-84.5214929999999924
0
LINE
8
BLACK
6
CONTINUOUS
10
82.0763400000000019
20
-84.5214929999999924
11
82.1566219999999987
21
-84.7685759999999959
0
LINE
8
BLACK
6
CONTINUOUS
10
82.1566219999999987
20
-84.7685759999999959
11
82.2745680000000021
21
-85.0000539999999916
0
LINE
8
BLACK
6
CONTINUOUS
10
82.2745680000000021
20
-85.0000539999999916
11
82.427266000000003
21
-85.2102249999999941
0
LINE
8
BLACK
6
CONTINUOUS
10
82.427266000000003
20
-85.2102249999999941
11
82.4272709999999904
21
-85.2102309999999932
0
LINE
8
BLACK
6
CONTINUOUS
10
82.4272709999999904
20
-85.2102309999999932
11
82.5343589999999949
21
-85.3173189999999977
0
LINE
8
BLACK
6
CONTINUOUS
10
82.5343589999999949
20
-85.3173189999999977
11
82.5678439999999938
21
-85.3786419999999993
0
LINE
8
BLACK
6
CONTINUOUS
10
82.5678439999999938
20
-85.3786419999999993
11
82.5628600000000006
21
-85.4483340000000027
0
LINE
8
BLACK
6
CONTINUOUS
10
82.5628600000000006
20
-85.4483340000000027
11
82.5343589999999949
21
-85.4926809999999904
0
LINE
8
BLACK
6
CONTINUOUS
10
82.5343589999999949
20
-85.4926809999999904
11
82.4272709999999904
21
-85.5997679999999974
0
LINE
8
BLACK
6
CONTINUOUS
10
82.4272709999999904
20
-85.5997679999999974
11
82.427266000000003
21
-85.5997739999999965
0
LINE
8
BLACK
6
CONTINUOUS
10
82.427266000000003
20
-85.5997739999999965
11
82.2745680000000021
21
-85.809944999999999
0
LINE
8
BLACK
6
CONTINUOUS
10
82.2745680000000021
20
-85.809944999999999
11
82.1566219999999987
21
-86.0414229999999947
0
LINE
8
BLACK
6
CONTINUOUS
10
82.1566219999999987
20
-86.0414229999999947
11
82.0763400000000019
21
-86.2885059999999982
0
LINE
8
BLACK
6
CONTINUOUS
10
82.0763400000000019
20
-86.2885059999999982
11
82.0356999999999914
21
-86.5450969999999984
0
LINE
8
BLACK
6
CONTINUOUS
10
82.0356999999999914
20
-86.5450969999999984
11
82.0356999999999914
21
-86.8049019999999985
0
LINE
8
BLACK
6
CONTINUOUS
10
82.0356999999999914
20
-86.8049019999999985
11
82.0763400000000019
21
-87.0614929999999987
0
LINE
8
BLACK
6
CONTINUOUS
10
82.0763400000000019
20
-87.0614929999999987
11
82.1566219999999987
21
-87.3085760000000022
0
LINE
8
BLACK
6
CONTINUOUS
10
82.1566219999999987
20
-87.3085760000000022
11
82.2745680000000021
21
-87.5400539999999978
0
LINE
8
BLACK
6
CONTINUOUS
10
82.2745680000000021
20
-87.5400539999999978
11
82.427266000000003
21
-87.7502250000000004
0
LINE
8
BLACK
6
CONTINUOUS
10
82.427266000000003
20
-87.7502250000000004
11
82.4272709999999904
21
-87.7502309999999994
0
LINE
8
BLACK
6
CONTINUOUS
10
82.4272709999999904
20
-87.7502309999999994
11
82.5343589999999949
21
-87.8573189999999897
0
LINE
8
BLACK
6
CONTINUOUS
10
82.5343589999999949
20
-87.8573189999999897
11
82.5678439999999938
21
-87.9186419999999913
0
LINE
8
BLACK
6
CONTINUOUS
10
82.5678439999999938
20
-87.9186419999999913
11
82.5628600000000006
21
-87.9883339999999947
0
LINE
8
BLACK
6
CONTINUOUS
10
82.5628600000000006
20
-87.9883339999999947
11
82.5343589999999949
21
-88.0326809999999966
0
LINE
8
BLACK
6
CONTINUOUS
10
82.5343589999999949
20
-88.0326809999999966
11
82.4272709999999904
21
-88.1397679999999895
0
LINE
8
BLACK
6
CONTINUOUS
10
82.4272709999999904
20
-88.1397679999999895
11
82.427266000000003
21
-88.1397740000000027
0
LINE
8
BLACK
6
CONTINUOUS
10
82.427266000000003
20
-88.1397740000000027
11
82.2745680000000021
21
-88.3499449999999911
0
LINE
8
BLACK
6
CONTINUOUS
10
82.2745680000000021
20
-88.3499449999999911
11
82.1566219999999987
21
-88.5814230000000009
0
LINE
8
BLACK
6
CONTINUOUS
10
82.1566219999999987
20
-88.5814230000000009
11
82.0763400000000019
21
-88.8285059999999902
0
LINE
8
BLACK
6
CONTINUOUS
10
82.0763400000000019
20
-88.8285059999999902
11
82.0356999999999914
21
-89.0850969999999904
0
LINE
8
BLACK
6
CONTINUOUS
10
82.0356999999999914
20
-89.0850969999999904
11
82.0356999999999914
21
-89.3449019999999905
0
LINE
8
BLACK
6
CONTINUOUS
10
82.0356999999999914
20
-89.3449019999999905
11
82.0763400000000019
21
-89.6014929999999907
0
LINE
8
BLACK
6
CONTINUOUS
10
82.0763400000000019
20
-89.6014929999999907
11
82.1566219999999987
21
-89.8485759999999942
0
LINE
8
BLACK
6
CONTINUOUS
10
82.1566219999999987
20
-89.8485759999999942
11
82.2745680000000021
21
-90.0800539999999899
0
LINE
8
BLACK
6
CONTINUOUS
10
82.2745680000000021
20
-90.0800539999999899
11
82.427266000000003
21
-90.2902249999999924
0
LINE
8
BLACK
6
CONTINUOUS
10
82.427266000000003
20
-90.2902249999999924
11
82.4272689999999955
21
-90.2902289999999965
0
LINE
8
BLACK
6
CONTINUOUS
10
82.4272689999999955
20
-90.2902289999999965
11
82.6109709999999922
21
-90.4739309999999932
0
LINE
8
BLACK
6
CONTINUOUS
10
82.6109709999999922
20
-90.4739309999999932
11
82.7843009999999992
21
-90.5998620000000017
0
LINE
8
BLACK
6
CONTINUOUS
10
82.7843009999999992
20
-90.5998620000000017
11
82.7918650000000014
21
-90.6053579999999954
0
LINE
8
BLACK
6
CONTINUOUS
10
82.7918650000000014
20
-90.6053579999999954
11
82.8345300000000009
21
-90.6606879999999933
0
LINE
8
BLACK
6
CONTINUOUS
10
82.8345300000000009
20
-90.6606879999999933
11
82.8405089999999973
21
-90.7303009999999972
0
LINE
8
BLACK
6
CONTINUOUS
10
82.8405089999999973
20
-90.7303009999999972
11
82.807902999999996
21
-90.7920960000000008
0
LINE
8
BLACK
6
CONTINUOUS
10
82.807902999999996
20
-90.7920960000000008
11
82.7470639999999946
21
-90.8264539999999982
0
LINE
8
BLACK
6
CONTINUOUS
10
82.7470639999999946
20
-90.8264539999999982
11
82.7189789999999903
21
-90.8296759999999921
0
LINE
8
BLACK
6
CONTINUOUS
10
82.7189789999999903
20
-90.8296759999999921
11
81.6342709999999983
21
-90.8296759999999921
0
LINE
8
BLACK
6
CONTINUOUS
10
81.6342709999999983
20
-90.8296759999999921
11
81.6342709999999983
21
-94.3155529999999942
0
LINE
8
BLACK
6
CONTINUOUS
10
115.4670529999999928
20
-90.2666550000000001
11
115.4670529999999928
21
-86.8511029999999948
0
LINE
8
BLACK
6
CONTINUOUS
10
115.4670529999999928
20
-86.8511029999999948
11
111.1985569999999939
21
-86.8511029999999948
0
LINE
8
BLACK
6
CONTINUOUS
10
111.1985569999999939
20
-86.8511029999999948
11
111.1985569999999939
21
-90.2666550000000001
0
LINE
8
BLACK
6
CONTINUOUS
10
111.1985569999999939
20
-90.2666550000000001
11
115.4670529999999928
21
-90.2666550000000001
0
LINE
8
BLACK
6
CONTINUOUS
10
33.4666769999999971
20
-90.0655529999999942
11
33.4666769999999971
21
-86.5796759999999921
0
LINE
8
BLACK
6
CONTINUOUS
10
33.4666769999999971
20
-86.5796759999999921
11
29.1244019999999999
21
-86.5796759999999921
0
LINE
8
BLACK
6
CONTINUOUS
10
29.1244019999999999
20
-86.5796759999999921
11
29.1244019999999999
21
-90.0655529999999942
0
LINE
8
BLACK
6
CONTINUOUS
10
29.1244019999999999
20
-90.0655529999999942
11
33.4666769999999971
21
-90.0655529999999942
0
LINE
8
BLACK
6
CONTINUOUS
10
115.4706999999999937
20
-85.5309609999999907
11
115.5101099999999974
21
-85.7797849999999897
0
LINE
8
BLACK
6
CONTINUOUS
10
115.5101099999999974
20
-85.7797849999999897
11
115.5879599999999954
21
-86.0193829999999906
0
LINE
8
BLACK
6
CONTINUOUS
10
115.5879599999999954
20
-86.0193829999999906
11
115.7023319999999984
21
-86.2438479999999998
0
LINE
8
BLACK
6
CONTINUOUS
10
115.7023319999999984
20
-86.2438479999999998
11
115.8504009999999909
21
-86.4476489999999984
0
LINE
8
BLACK
6
CONTINUOUS
10
115.8504009999999909
20
-86.4476489999999984
11
115.850404999999995
21
-86.447654
0
LINE
8
BLACK
6
CONTINUOUS
10
115.850404999999995
20
-86.447654
11
116.028544999999994
21
-86.6257939999999991
0
LINE
8
BLACK
6
CONTINUOUS
10
116.028544999999994
20
-86.6257939999999991
11
116.0285499999999956
21
-86.6257980000000032
0
LINE
8
BLACK
6
CONTINUOUS
10
116.0285499999999956
20
-86.6257980000000032
11
116.1298869999999965
21
-86.6994229999999959
0
LINE
8
BLACK
6
CONTINUOUS
10
116.1298869999999965
20
-86.6994229999999959
11
116.2323549999999983
21
-86.7738700000000023
0
LINE
8
BLACK
6
CONTINUOUS
10
116.2323549999999983
20
-86.7738700000000023
11
116.3753839999999968
21
-86.8467469999999935
0
LINE
8
BLACK
6
CONTINUOUS
10
116.3753839999999968
20
-86.8467469999999935
11
116.4568159999999892
21
-86.8882389999999987
0
LINE
8
BLACK
6
CONTINUOUS
10
116.4568159999999892
20
-86.8882389999999987
11
116.4568179999999984
21
-86.8882389999999987
0
LINE
8
BLACK
6
CONTINUOUS
10
116.4568179999999984
20
-86.8882389999999987
11
116.4568209999999908
21
-86.8882409999999936
0
LINE
8
BLACK
6
CONTINUOUS
10
116.4568209999999908
20
-86.8882409999999936
11
116.6964150000000018
21
-86.9660899999999941
0
LINE
8
BLACK
6
CONTINUOUS
10
116.6964150000000018
20
-86.9660899999999941
11
116.9452379999999891
21
-87.0054999999999978
0
LINE
8
BLACK
6
CONTINUOUS
10
116.9452379999999891
20
-87.0054999999999978
11
116.9452390000000008
21
-87.0054999999999978
0
LINE
8
BLACK
6
CONTINUOUS
10
116.9452390000000008
20
-87.0054999999999978
11
117.1971609999999941
21
-87.0054999999999978
0
LINE
8
BLACK
6
CONTINUOUS
10
117.1971609999999941
20
-87.0054999999999978
11
117.1971619999999916
21
-87.0054999999999978
0
LINE
8
BLACK
6
CONTINUOUS
10
117.1971619999999916
20
-87.0054999999999978
11
117.4459849999999932
21
-86.9660899999999941
0
LINE
8
BLACK
6
CONTINUOUS
10
117.4459849999999932
20
-86.9660899999999941
11
117.6855789999999899
21
-86.8882409999999936
0
LINE
8
BLACK
6
CONTINUOUS
10
117.6855789999999899
20
-86.8882409999999936
11
117.9100449999999967
21
-86.7738700000000023
0
LINE
8
BLACK
6
CONTINUOUS
10
117.9100449999999967
20
-86.7738700000000023
11
118.1138559999999984
21
-86.6257930000000016
0
LINE
8
BLACK
6
CONTINUOUS
10
118.1138559999999984
20
-86.6257930000000016
11
118.2919929999999908
21
-86.4476559999999949
0
LINE
8
BLACK
6
CONTINUOUS
10
118.2919929999999908
20
-86.4476559999999949
11
118.4400699999999915
21
-86.2438449999999932
0
LINE
8
BLACK
6
CONTINUOUS
10
118.4400699999999915
20
-86.2438449999999932
11
118.5544409999999971
21
-86.0193790000000007
0
LINE
8
BLACK
6
CONTINUOUS
10
118.5544409999999971
20
-86.0193790000000007
11
118.6322899999999976
21
-85.7797849999999897
0
LINE
8
BLACK
6
CONTINUOUS
10
118.6322899999999976
20
-85.7797849999999897
11
118.6717000000000013
21
-85.5309620000000024
0
LINE
8
BLACK
6
CONTINUOUS
10
118.6717000000000013
20
-85.5309620000000024
11
118.6717000000000013
21
-85.2790379999999999
0
LINE
8
BLACK
6
CONTINUOUS
10
118.6717000000000013
20
-85.2790379999999999
11
118.6322899999999976
21
-85.0302149999999983
0
LINE
8
BLACK
6
CONTINUOUS
10
118.6322899999999976
20
-85.0302149999999983
11
118.5544409999999971
21
-84.7906210000000016
0
LINE
8
BLACK
6
CONTINUOUS
10
118.5544409999999971
20
-84.7906210000000016
11
118.5544389999999879
21
-84.7906179999999949
0
LINE
8
BLACK
6
CONTINUOUS
10
118.5544389999999879
20
-84.7906179999999949
11
118.5544389999999879
21
-84.790616
0
LINE
8
BLACK
6
CONTINUOUS
10
118.5544389999999879
20
-84.790616
11
118.5129469999999969
21
-84.7091839999999934
0
LINE
8
BLACK
6
CONTINUOUS
10
118.5129469999999969
20
-84.7091839999999934
11
118.4400699999999915
21
-84.5661549999999949
0
LINE
8
BLACK
6
CONTINUOUS
10
118.4400699999999915
20
-84.5661549999999949
11
118.4076209999999918
21
-84.5214929999999924
0
LINE
8
BLACK
6
CONTINUOUS
10
118.4076209999999918
20
-84.5214929999999924
11
118.2919979999999924
21
-84.3623499999999922
0
LINE
8
BLACK
6
CONTINUOUS
10
118.2919979999999924
20
-84.3623499999999922
11
118.2919939999999883
21
-84.3623449999999906
0
LINE
8
BLACK
6
CONTINUOUS
10
118.2919939999999883
20
-84.3623449999999906
11
118.1138539999999892
21
-84.1842049999999915
0
LINE
8
BLACK
6
CONTINUOUS
10
118.1138539999999892
20
-84.1842049999999915
11
118.1138489999999877
21
-84.1842010000000016
0
LINE
8
BLACK
6
CONTINUOUS
10
118.1138489999999877
20
-84.1842010000000016
11
117.9100479999999891
21
-84.0361319999999949
0
LINE
8
BLACK
6
CONTINUOUS
10
117.9100479999999891
20
-84.0361319999999949
11
117.9100469999999916
21
-84.0361309999999975
0
LINE
8
BLACK
6
CONTINUOUS
10
117.9100469999999916
20
-84.0361309999999975
11
117.9100449999999967
21
-84.03613
0
LINE
8
BLACK
6
CONTINUOUS
10
117.9100449999999967
20
-84.03613
11
117.8399469999999951
21
-84.0004129999999947
0
LINE
8
BLACK
6
CONTINUOUS
10
117.8399469999999951
20
-84.0004129999999947
11
117.6855829999999941
21
-83.9217599999999919
0
LINE
8
BLACK
6
CONTINUOUS
10
117.6855829999999941
20
-83.9217599999999919
11
117.4459849999999932
21
-83.8439099999999939
0
LINE
8
BLACK
6
CONTINUOUS
10
117.4459849999999932
20
-83.8439099999999939
11
117.4459789999999941
21
-83.8439089999999965
0
LINE
8
BLACK
6
CONTINUOUS
10
117.4459789999999941
20
-83.8439089999999965
11
117.1971619999999916
21
-83.8044999999999902
0
LINE
8
BLACK
6
CONTINUOUS
10
117.1971619999999916
20
-83.8044999999999902
11
116.9452379999999891
21
-83.8044999999999902
0
LINE
8
BLACK
6
CONTINUOUS
10
116.9452379999999891
20
-83.8044999999999902
11
116.8208259999999967
21
-83.8242049999999921
0
LINE
8
BLACK
6
CONTINUOUS
10
116.8208259999999967
20
-83.8242049999999921
11
116.6964139999999901
21
-83.8439099999999939
0
LINE
8
BLACK
6
CONTINUOUS
10
116.6964139999999901
20
-83.8439099999999939
11
116.4568159999999892
21
-83.9217599999999919
0
LINE
8
BLACK
6
CONTINUOUS
10
116.4568159999999892
20
-83.9217599999999919
11
116.2323509999999942
21
-84.0361319999999949
0
LINE
8
BLACK
6
CONTINUOUS
10
116.2323509999999942
20
-84.0361319999999949
11
116.0285499999999956
21
-84.1842010000000016
0
LINE
8
BLACK
6
CONTINUOUS
10
116.0285499999999956
20
-84.1842010000000016
11
116.028544999999994
21
-84.1842049999999915
0
LINE
8
BLACK
6
CONTINUOUS
10
116.028544999999994
20
-84.1842049999999915
11
115.850404999999995
21
-84.3623449999999906
0
LINE
8
BLACK
6
CONTINUOUS
10
115.850404999999995
20
-84.3623449999999906
11
115.8504009999999909
21
-84.3623499999999922
0
LINE
8
BLACK
6
CONTINUOUS
10
115.8504009999999909
20
-84.3623499999999922
11
115.7023319999999984
21
-84.5661509999999907
0
LINE
8
BLACK
6
CONTINUOUS
10
115.7023319999999984
20
-84.5661509999999907
11
115.5879599999999954
21
-84.790616
0
LINE
8
BLACK
6
CONTINUOUS
10
115.5879599999999954
20
-84.790616
11
115.5101099999999974
21
-85.0302140000000009
0
LINE
8
BLACK
6
CONTINUOUS
10
115.5101099999999974
20
-85.0302140000000009
11
115.4706999999999937
21
-85.2790379999999999
0
LINE
8
BLACK
6
CONTINUOUS
10
115.4706999999999937
20
-85.2790379999999999
11
115.4706999999999937
21
-85.5309609999999907
0
LINE
8
BLACK
6
CONTINUOUS
10
97.1706999999999965
20
-82.5599599999999896
11
97.1858299999999957
21
-82.6942489999999992
0
LINE
8
BLACK
6
CONTINUOUS
10
97.1858299999999957
20
-82.6942489999999992
11
97.1858309999999932
21
-82.6942540000000008
0
LINE
8
BLACK
6
CONTINUOUS
10
97.1858309999999932
20
-82.6942540000000008
11
97.2454109999999901
21
-82.8645229999999913
0
LINE
8
BLACK
6
CONTINUOUS
10
97.2454109999999901
20
-82.8645229999999913
11
97.3045079999999984
21
-82.9585749999999962
0
LINE
8
BLACK
6
CONTINUOUS
10
97.3045079999999984
20
-82.9585749999999962
11
97.3413839999999908
21
-83.0172620000000023
0
LINE
8
BLACK
6
CONTINUOUS
10
97.3413839999999908
20
-83.0172620000000023
11
97.4689379999999943
21
-83.1448159999999916
0
LINE
8
BLACK
6
CONTINUOUS
10
97.4689379999999943
20
-83.1448159999999916
11
97.6216779999999886
21
-83.2407889999999924
0
LINE
8
BLACK
6
CONTINUOUS
10
97.6216779999999886
20
-83.2407889999999924
11
97.7297760000000011
21
-83.2786139999999904
0
LINE
8
BLACK
6
CONTINUOUS
10
97.7297760000000011
20
-83.2786139999999904
11
97.7919449999999983
21
-83.3003679999999918
0
LINE
8
BLACK
6
CONTINUOUS
10
97.7919449999999983
20
-83.3003679999999918
11
97.7919499999999999
21
-83.3003689999999892
0
LINE
8
BLACK
6
CONTINUOUS
10
97.7919499999999999
20
-83.3003689999999892
11
97.8824460000000016
21
-83.3105649999999969
0
LINE
8
BLACK
6
CONTINUOUS
10
97.8824460000000016
20
-83.3105649999999969
11
97.9262399999999928
21
-83.3154990000000026
0
LINE
8
BLACK
6
CONTINUOUS
10
97.9262399999999928
20
-83.3154990000000026
11
97.9262429999999995
21
-83.3155000000000001
0
LINE
8
BLACK
6
CONTINUOUS
10
97.9262429999999995
20
-83.3155000000000001
11
97.9262459999999919
21
-83.3155000000000001
0
LINE
8
BLACK
6
CONTINUOUS
10
97.9262459999999919
20
-83.3155000000000001
11
99.5161569999999926
21
-83.3155000000000001
0
LINE
8
BLACK
6
CONTINUOUS
10
99.5161569999999926
20
-83.3155000000000001
11
99.5161579999999901
21
-83.3154990000000026
0
LINE
8
BLACK
6
CONTINUOUS
10
99.5161579999999901
20
-83.3154990000000026
11
99.5833039999999983
21
-83.307934000000003
0
LINE
8
BLACK
6
CONTINUOUS
10
99.5833039999999983
20
-83.307934000000003
11
99.6504489999999947
21
-83.3003689999999892
0
LINE
8
BLACK
6
CONTINUOUS
10
99.6504489999999947
20
-83.3003689999999892
11
99.6504520000000014
21
-83.3003679999999918
0
LINE
8
BLACK
6
CONTINUOUS
10
99.6504520000000014
20
-83.3003679999999918
11
99.6504549999999938
21
-83.3003679999999918
0
LINE
8
BLACK
6
CONTINUOUS
10
99.6504549999999938
20
-83.3003679999999918
11
99.8207219999999893
21
-83.2407889999999924
0
LINE
8
BLACK
6
CONTINUOUS
10
99.8207219999999893
20
-83.2407889999999924
11
99.9734619999999978
21
-83.1448159999999916
0
LINE
8
BLACK
6
CONTINUOUS
10
99.9734619999999978
20
-83.1448159999999916
11
100.1010160000000013
21
-83.0172620000000023
0
LINE
8
BLACK
6
CONTINUOUS
10
100.1010160000000013
20
-83.0172620000000023
11
100.1145839999999936
21
-82.9956669999999974
0
LINE
8
BLACK
6
CONTINUOUS
10
100.1145839999999936
20
-82.9956669999999974
11
100.1238599999999934
21
-82.9861829999999969
0
LINE
8
BLACK
6
CONTINUOUS
10
100.1238599999999934
20
-82.9861829999999969
11
100.1432239999999894
21
-82.9753269999999929
0
LINE
8
BLACK
6
CONTINUOUS
10
100.1432239999999894
20
-82.9753269999999929
11
100.1598499999999916
21
-82.9606199999999916
0
LINE
8
BLACK
6
CONTINUOUS
10
100.1598499999999916
20
-82.9606199999999916
11
100.1731049999999925
21
-82.9585749999999962
0
LINE
8
BLACK
6
CONTINUOUS
10
100.1731049999999925
20
-82.9585749999999962
11
100.1848059999999947
21
-82.9520160000000004
0
LINE
8
BLACK
6
CONTINUOUS
10
100.1848059999999947
20
-82.9520160000000004
11
100.2069649999999967
21
-82.9533519999999953
0
LINE
8
BLACK
6
CONTINUOUS
10
100.2069649999999967
20
-82.9533519999999953
11
100.2289030000000025
21
-82.9499689999999958
0
LINE
8
BLACK
6
CONTINUOUS
10
100.2289030000000025
20
-82.9499689999999958
11
100.2427629999999965
21
-82.9555119999999988
0
LINE
8
BLACK
6
CONTINUOUS
10
100.2427629999999965
20
-82.9555119999999988
11
100.2545489999999972
21
-82.9562229999999943
0
LINE
8
BLACK
6
CONTINUOUS
10
100.2545489999999972
20
-82.9562229999999943
11
100.2666249999999906
21
-82.9650549999999924
0
LINE
8
BLACK
6
CONTINUOUS
10
100.2666249999999906
20
-82.9650549999999924
11
100.2853989999999982
21
-82.9725629999999938
0
LINE
8
BLACK
6
CONTINUOUS
10
100.2853989999999982
20
-82.9725629999999938
11
100.3041459999999887
21
-82.9861829999999969
0
LINE
8
BLACK
6
CONTINUOUS
10
100.3041459999999887
20
-82.9861829999999969
11
100.448560999999998
21
-83.0911059999999964
0
LINE
8
BLACK
6
CONTINUOUS
10
100.448560999999998
20
-83.0911059999999964
11
100.4922419999999903
21
-83.1133619999999951
0
LINE
8
BLACK
6
CONTINUOUS
10
100.4922419999999903
20
-83.1133619999999951
11
100.4986309999999889
21
-83.1166180000000026
0
LINE
8
BLACK
6
CONTINUOUS
10
100.4986309999999889
20
-83.1166180000000026
11
100.5494269999999943
21
-83.1645929999999964
0
LINE
8
BLACK
6
CONTINUOUS
10
100.5494269999999943
20
-83.1645929999999964
11
100.5662219999999962
21
-83.2324139999999915
0
LINE
8
BLACK
6
CONTINUOUS
10
100.5662219999999962
20
-83.2324139999999915
11
100.5436839999999989
21
-83.2985489999999942
0
LINE
8
BLACK
6
CONTINUOUS
10
100.5436839999999989
20
-83.2985489999999942
11
100.4889689999999973
21
-83.3419999999999987
0
LINE
8
BLACK
6
CONTINUOUS
10
100.4889689999999973
20
-83.3419999999999987
11
100.4423359999999974
21
-83.3511029999999948
0
LINE
8
BLACK
6
CONTINUOUS
10
100.4423359999999974
20
-83.3511029999999948
11
100.1135570000000001
21
-83.3511029999999948
0
LINE
8
BLACK
6
CONTINUOUS
10
100.1135570000000001
20
-83.3511029999999948
11
100.1135570000000001
21
-86.7666550000000001
0
LINE
8
BLACK
6
CONTINUOUS
10
100.1135570000000001
20
-86.7666550000000001
11
104.311996999999991
21
-86.7666550000000001
0
LINE
8
BLACK
6
CONTINUOUS
10
104.311996999999991
20
-86.7666550000000001
11
104.311996999999991
21
-83.3194139999999948
0
LINE
8
BLACK
6
CONTINUOUS
10
104.311996999999991
20
-83.3194139999999948
11
104.3316820000000007
21
-83.2523750000000007
0
LINE
8
BLACK
6
CONTINUOUS
10
104.3316820000000007
20
-83.2523750000000007
11
104.3844859999999954
21
-83.2066200000000009
0
LINE
8
BLACK
6
CONTINUOUS
10
104.3844859999999954
20
-83.2066200000000009
11
104.3930319999999909
21
-83.2032919999999905
0
LINE
8
BLACK
6
CONTINUOUS
10
104.3930319999999909
20
-83.2032919999999905
11
104.3963830000000002
21
-83.2019049999999964
0
LINE
8
BLACK
6
CONTINUOUS
10
104.3963830000000002
20
-83.2019049999999964
11
104.3963849999999951
21
-83.201903999999999
0
LINE
8
BLACK
6
CONTINUOUS
10
104.3963849999999951
20
-83.201903999999999
11
104.6138389999999987
21
-83.0911059999999964
0
LINE
8
BLACK
6
CONTINUOUS
10
104.6138389999999987
20
-83.0911059999999964
11
104.8112829999999889
21
-82.9476549999999975
0
LINE
8
BLACK
6
CONTINUOUS
10
104.8112829999999889
20
-82.9476549999999975
11
104.9838549999999913
21
-82.7750829999999951
0
LINE
8
BLACK
6
CONTINUOUS
10
104.9838549999999913
20
-82.7750829999999951
11
105.1273059999999901
21
-82.5776389999999907
0
LINE
8
BLACK
6
CONTINUOUS
10
105.1273059999999901
20
-82.5776389999999907
11
105.2381039999999928
21
-82.3601850000000013
0
LINE
8
BLACK
6
CONTINUOUS
10
105.2381039999999928
20
-82.3601850000000013
11
105.3135209999999944
21
-82.128075999999993
0
LINE
8
BLACK
6
CONTINUOUS
10
105.3135209999999944
20
-82.128075999999993
11
105.3516999999999939
21
-81.8870270000000033
0
LINE
8
BLACK
6
CONTINUOUS
10
105.3516999999999939
20
-81.8870270000000033
11
105.3516999999999939
21
-81.6429729999999978
0
LINE
8
BLACK
6
CONTINUOUS
10
105.3516999999999939
20
-81.6429729999999978
11
105.3135209999999944
21
-81.401923999999994
0
LINE
8
BLACK
6
CONTINUOUS
10
105.3135209999999944
20
-81.401923999999994
11
105.2381039999999928
21
-81.1698149999999998
0
LINE
8
BLACK
6
CONTINUOUS
10
105.2381039999999928
20
-81.1698149999999998
11
105.1273059999999901
21
-80.9523609999999962
0
LINE
8
BLACK
6
CONTINUOUS
10
105.1273059999999901
20
-80.9523609999999962
11
105.1089789999999908
21
-80.9271359999999902
0
LINE
8
BLACK
6
CONTINUOUS
10
105.1089789999999908
20
-80.9271359999999902
11
104.9838599999999929
21
-80.7549229999999909
0
LINE
8
BLACK
6
CONTINUOUS
10
104.9838599999999929
20
-80.7549229999999909
11
104.9838559999999887
21
-80.7549179999999893
0
LINE
8
BLACK
6
CONTINUOUS
10
104.9838559999999887
20
-80.7549179999999893
11
104.8112809999999939
21
-80.5823429999999945
0
LINE
8
BLACK
6
CONTINUOUS
10
104.8112809999999939
20
-80.5823429999999945
11
104.8112759999999923
21
-80.5823389999999904
0
LINE
8
BLACK
6
CONTINUOUS
10
104.8112759999999923
20
-80.5823389999999904
11
104.6138419999999911
21
-80.4388959999999997
0
LINE
8
BLACK
6
CONTINUOUS
10
104.6138419999999911
20
-80.4388959999999997
11
104.6138409999999936
21
-80.4388950000000023
0
LINE
8
BLACK
6
CONTINUOUS
10
104.6138409999999936
20
-80.4388950000000023
11
104.6138389999999987
21
-80.4388939999999906
0
LINE
8
BLACK
6
CONTINUOUS
10
104.6138389999999987
20
-80.4388939999999906
11
104.3963849999999951
21
-80.3280960000000022
0
LINE
8
BLACK
6
CONTINUOUS
10
104.3963849999999951
20
-80.3280960000000022
11
104.164276000000001
21
-80.2526790000000005
0
LINE
8
BLACK
6
CONTINUOUS
10
104.164276000000001
20
-80.2526790000000005
11
104.1642739999999918
21
-80.2526780000000031
0
LINE
8
BLACK
6
CONTINUOUS
10
104.1642739999999918
20
-80.2526780000000031
11
104.1642719999999969
21
-80.2526780000000031
0
LINE
8
BLACK
6
CONTINUOUS
10
104.1642719999999969
20
-80.2526780000000031
11
103.9959690000000023
21
-80.2260210000000029
0
LINE
8
BLACK
6
CONTINUOUS
10
103.9959690000000023
20
-80.2260210000000029
11
103.9232269999999971
21
-80.214500000000001
0
LINE
8
BLACK
6
CONTINUOUS
10
103.9232269999999971
20
-80.214500000000001
11
103.6791729999999916
21
-80.214500000000001
0
LINE
8
BLACK
6
CONTINUOUS
10
103.6791729999999916
20
-80.214500000000001
11
103.6232929999999897
21
-80.2233499999999964
0
LINE
8
BLACK
6
CONTINUOUS
10
103.6232929999999897
20
-80.2233499999999964
11
103.4381269999999944
21
-80.2526780000000031
0
LINE
8
BLACK
6
CONTINUOUS
10
103.4381269999999944
20
-80.2526780000000031
11
103.438124000000002
21
-80.2526790000000005
0
LINE
8
BLACK
6
CONTINUOUS
10
103.438124000000002
20
-80.2526790000000005
11
103.2155439999999942
21
-80.3250000000000028
0
LINE
8
BLACK
6
CONTINUOUS
10
103.2155439999999942
20
-80.3250000000000028
11
103.2060120000000012
21
-80.3280969999999996
0
LINE
8
BLACK
6
CONTINUOUS
10
103.2060120000000012
20
-80.3280969999999996
11
102.9885570000000001
21
-80.4388959999999997
0
LINE
8
BLACK
6
CONTINUOUS
10
102.9885570000000001
20
-80.4388959999999997
11
102.7911229999999989
21
-80.5823389999999904
0
LINE
8
BLACK
6
CONTINUOUS
10
102.7911229999999989
20
-80.5823389999999904
11
102.7911179999999973
21
-80.5823429999999945
0
LINE
8
BLACK
6
CONTINUOUS
10
102.7911179999999973
20
-80.5823429999999945
11
102.6188810000000018
21
-80.7545810000000017
0
LINE
8
BLACK
6
CONTINUOUS
10
102.6188810000000018
20
-80.7545810000000017
11
102.5575580000000002
21
-80.7880660000000006
0
LINE
8
BLACK
6
CONTINUOUS
10
102.5575580000000002
20
-80.7880660000000006
11
102.4878659999999968
21
-80.7830819999999932
0
LINE
8
BLACK
6
CONTINUOUS
10
102.4878659999999968
20
-80.7830819999999932
11
102.4435189999999949
21
-80.7545810000000017
0
LINE
8
BLACK
6
CONTINUOUS
10
102.4435189999999949
20
-80.7545810000000017
11
102.2712810000000019
21
-80.5823429999999945
0
LINE
8
BLACK
6
CONTINUOUS
10
102.2712810000000019
20
-80.5823429999999945
11
102.2712760000000003
21
-80.5823389999999904
0
LINE
8
BLACK
6
CONTINUOUS
10
102.2712760000000003
20
-80.5823389999999904
11
102.0738419999999991
21
-80.4388959999999997
0
LINE
8
BLACK
6
CONTINUOUS
10
102.0738419999999991
20
-80.4388959999999997
11
102.0738410000000016
21
-80.4388950000000023
0
LINE
8
BLACK
6
CONTINUOUS
10
102.0738410000000016
20
-80.4388950000000023
11
102.0738389999999924
21
-80.4388939999999906
0
LINE
8
BLACK
6
CONTINUOUS
10
102.0738389999999924
20
-80.4388939999999906
11
101.8563849999999888
21
-80.3280960000000022
0
LINE
8
BLACK
6
CONTINUOUS
10
101.8563849999999888
20
-80.3280960000000022
11
101.6242759999999947
21
-80.2526790000000005
0
LINE
8
BLACK
6
CONTINUOUS
10
101.6242759999999947
20
-80.2526790000000005
11
101.6242739999999998
21
-80.2526780000000031
0
LINE
8
BLACK
6
CONTINUOUS
10
101.6242739999999998
20
-80.2526780000000031
11
101.6242719999999906
21
-80.2526780000000031
0
LINE
8
BLACK
6
CONTINUOUS
10
101.6242719999999906
20
-80.2526780000000031
11
101.4559689999999961
21
-80.2260210000000029
0
LINE
8
BLACK
6
CONTINUOUS
10
101.4559689999999961
20
-80.2260210000000029
11
101.3832269999999909
21
-80.214500000000001
0
LINE
8
BLACK
6
CONTINUOUS
10
101.3832269999999909
20
-80.214500000000001
11
101.1391729999999995
21
-80.214500000000001
0
LINE
8
BLACK
6
CONTINUOUS
10
101.1391729999999995
20
-80.214500000000001
11
101.0832929999999976
21
-80.2233499999999964
0
LINE
8
BLACK
6
CONTINUOUS
10
101.0832929999999976
20
-80.2233499999999964
11
100.8981270000000023
21
-80.2526780000000031
0
LINE
8
BLACK
6
CONTINUOUS
10
100.8981270000000023
20
-80.2526780000000031
11
100.8981239999999957
21
-80.2526790000000005
0
LINE
8
BLACK
6
CONTINUOUS
10
100.8981239999999957
20
-80.2526790000000005
11
100.6755440000000021
21
-80.3250000000000028
0
LINE
8
BLACK
6
CONTINUOUS
10
100.6755440000000021
20
-80.3250000000000028
11
100.6660119999999949
21
-80.3280969999999996
0
LINE
8
BLACK
6
CONTINUOUS
10
100.6660119999999949
20
-80.3280969999999996
11
100.448560999999998
21
-80.4388929999999931
0
LINE
8
BLACK
6
CONTINUOUS
10
100.448560999999998
20
-80.4388929999999931
11
100.2853989999999982
21
-80.5574369999999931
0
LINE
8
BLACK
6
CONTINUOUS
10
100.2853989999999982
20
-80.5574369999999931
11
100.2195919999999916
21
-80.580916000000002
0
LINE
8
BLACK
6
CONTINUOUS
10
100.2195919999999916
20
-80.580916000000002
11
100.1515389999999996
21
-80.5650899999999979
0
LINE
8
BLACK
6
CONTINUOUS
10
100.1515389999999996
20
-80.5650899999999979
11
100.1075209999999913
21
-80.5230909999999938
0
LINE
8
BLACK
6
CONTINUOUS
10
100.1075209999999913
20
-80.5230909999999938
11
100.1010160000000013
21
-80.5127379999999988
0
LINE
8
BLACK
6
CONTINUOUS
10
100.1010160000000013
20
-80.5127379999999988
11
99.9734619999999978
21
-80.3851839999999953
0
LINE
8
BLACK
6
CONTINUOUS
10
99.9734619999999978
20
-80.3851839999999953
11
99.820723000000001
21
-80.2892109999999946
0
LINE
8
BLACK
6
CONTINUOUS
10
99.820723000000001
20
-80.2892109999999946
11
99.6504539999999963
21
-80.2296309999999977
0
LINE
8
BLACK
6
CONTINUOUS
10
99.6504539999999963
20
-80.2296309999999977
11
99.6504489999999947
21
-80.2296300000000002
0
LINE
8
BLACK
6
CONTINUOUS
10
99.6504489999999947
20
-80.2296300000000002
11
99.5161599999999993
21
-80.214500000000001
0
LINE
8
BLACK
6
CONTINUOUS
10
99.5161599999999993
20
-80.214500000000001
11
99.5161540000000002
21
-80.214500000000001
0
LINE
8
BLACK
6
CONTINUOUS
10
99.5161540000000002
20
-80.214500000000001
11
97.9262459999999919
21
-80.214500000000001
0
LINE
8
BLACK
6
CONTINUOUS
10
97.9262459999999919
20
-80.214500000000001
11
97.9262389999999954
21
-80.214500000000001
0
LINE
8
BLACK
6
CONTINUOUS
10
97.9262389999999954
20
-80.214500000000001
11
97.7919499999999999
21
-80.2296300000000002
0
LINE
8
BLACK
6
CONTINUOUS
10
97.7919499999999999
20
-80.2296300000000002
11
97.7919449999999983
21
-80.2296309999999977
0
LINE
8
BLACK
6
CONTINUOUS
10
97.7919449999999983
20
-80.2296309999999977
11
97.6216759999999937
21
-80.2892109999999946
0
LINE
8
BLACK
6
CONTINUOUS
10
97.6216759999999937
20
-80.2892109999999946
11
97.4689369999999968
21
-80.3851839999999953
0
LINE
8
BLACK
6
CONTINUOUS
10
97.4689369999999968
20
-80.3851839999999953
11
97.3413839999999908
21
-80.5127370000000013
0
LINE
8
BLACK
6
CONTINUOUS
10
97.3413839999999908
20
-80.5127370000000013
11
97.2454109999999901
21
-80.6654759999999982
0
LINE
8
BLACK
6
CONTINUOUS
10
97.2454109999999901
20
-80.6654759999999982
11
97.1858309999999932
21
-80.8357450000000028
0
LINE
8
BLACK
6
CONTINUOUS
10
97.1858309999999932
20
-80.8357450000000028
11
97.1858299999999957
21
-80.8357499999999902
0
LINE
8
BLACK
6
CONTINUOUS
10
97.1858299999999957
20
-80.8357499999999902
11
97.1706999999999965
21
-80.9700389999999999
0
LINE
8
BLACK
6
CONTINUOUS
10
97.1706999999999965
20
-80.9700389999999999
11
97.1706999999999965
21
-82.5599599999999896
0
LINE
8
BLACK
6
CONTINUOUS
10
103.4327109999999976
20
-79.0884099999999961
11
103.4327109999999976
21
-75.5311030000000017
0
LINE
8
BLACK
6
CONTINUOUS
10
103.4327109999999976
20
-75.5311030000000017
11
99.0887099999999919
21
-75.5311030000000017
0
LINE
8
BLACK
6
CONTINUOUS
10
99.0887099999999919
20
-75.5311030000000017
11
99.0887099999999919
21
-79.0884099999999961
0
LINE
8
BLACK
6
CONTINUOUS
10
99.0887099999999919
20
-79.0884099999999961
11
103.4327109999999976
21
-79.0884099999999961
0
LINE
8
BLACK
6
CONTINUOUS
10
115.4706999999999937
20
-77.5309620000000024
11
115.5067609999999974
21
-77.7586419999999947
0
LINE
8
BLACK
6
CONTINUOUS
10
115.5067609999999974
20
-77.7586419999999947
11
115.5101099999999974
21
-77.7797849999999897
0
LINE
8
BLACK
6
CONTINUOUS
10
115.5101099999999974
20
-77.7797849999999897
11
115.5879599999999954
21
-78.0193829999999906
0
LINE
8
BLACK
6
CONTINUOUS
10
115.5879599999999954
20
-78.0193829999999906
11
115.7023319999999984
21
-78.2438479999999998
0
LINE
8
BLACK
6
CONTINUOUS
10
115.7023319999999984
20
-78.2438479999999998
11
115.8504009999999909
21
-78.4476489999999984
0
LINE
8
BLACK
6
CONTINUOUS
10
115.8504009999999909
20
-78.4476489999999984
11
115.850404999999995
21
-78.447654
0
LINE
8
BLACK
6
CONTINUOUS
10
115.850404999999995
20
-78.447654
11
116.028544999999994
21
-78.6257939999999991
0
LINE
8
BLACK
6
CONTINUOUS
10
116.028544999999994
20
-78.6257939999999991
11
116.0285499999999956
21
-78.6257980000000032
0
LINE
8
BLACK
6
CONTINUOUS
10
116.0285499999999956
20
-78.6257980000000032
11
116.2063169999999985
21
-78.754952000000003
0
LINE
8
BLACK
6
CONTINUOUS
10
116.2063169999999985
20
-78.754952000000003
11
116.2323549999999983
21
-78.7738700000000023
0
LINE
8
BLACK
6
CONTINUOUS
10
116.2323549999999983
20
-78.7738700000000023
11
116.3753839999999968
21
-78.8467469999999935
0
LINE
8
BLACK
6
CONTINUOUS
10
116.3753839999999968
20
-78.8467469999999935
11
116.4568159999999892
21
-78.8882389999999987
0
LINE
8
BLACK
6
CONTINUOUS
10
116.4568159999999892
20
-78.8882389999999987
11
116.4568179999999984
21
-78.8882389999999987
0
LINE
8
BLACK
6
CONTINUOUS
10
116.4568179999999984
20
-78.8882389999999987
11
116.4568209999999908
21
-78.8882409999999936
0
LINE
8
BLACK
6
CONTINUOUS
10
116.4568209999999908
20
-78.8882409999999936
11
116.6964150000000018
21
-78.9660899999999941
0
LINE
8
BLACK
6
CONTINUOUS
10
116.6964150000000018
20
-78.9660899999999941
11
116.9452379999999891
21
-79.0054999999999978
0
LINE
8
BLACK
6
CONTINUOUS
10
116.9452379999999891
20
-79.0054999999999978
11
116.9452390000000008
21
-79.0054999999999978
0
LINE
8
BLACK
6
CONTINUOUS
10
116.9452390000000008
20
-79.0054999999999978
11
117.1971609999999941
21
-79.0054999999999978
0
LINE
8
BLACK
6
CONTINUOUS
10
117.1971609999999941
20
-79.0054999999999978
11
117.1971619999999916
21
-79.0054999999999978
0
LINE
8
BLACK
6
CONTINUOUS
10
117.1971619999999916
20
-79.0054999999999978
11
117.4459849999999932
21
-78.9660899999999941
0
LINE
8
BLACK
6
CONTINUOUS
10
117.4459849999999932
20
-78.9660899999999941
11
117.6855789999999899
21
-78.8882409999999936
0
LINE
8
BLACK
6
CONTINUOUS
10
117.6855789999999899
20
-78.8882409999999936
11
117.9100449999999967
21
-78.7738700000000023
0
LINE
8
BLACK
6
CONTINUOUS
10
117.9100449999999967
20
-78.7738700000000023
11
118.1138559999999984
21
-78.6257930000000016
0
LINE
8
BLACK
6
CONTINUOUS
10
118.1138559999999984
20
-78.6257930000000016
11
118.2919929999999908
21
-78.4476559999999949
0
LINE
8
BLACK
6
CONTINUOUS
10
118.2919929999999908
20
-78.4476559999999949
11
118.4400699999999915
21
-78.2438449999999932
0
LINE
8
BLACK
6
CONTINUOUS
10
118.4400699999999915
20
-78.2438449999999932
11
118.5544409999999971
21
-78.0193790000000007
0
LINE
8
BLACK
6
CONTINUOUS
10
118.5544409999999971
20
-78.0193790000000007
11
118.6322899999999976
21
-77.7797849999999897
0
LINE
8
BLACK
6
CONTINUOUS
10
118.6322899999999976
20
-77.7797849999999897
11
118.6717000000000013
21
-77.5309620000000024
0
LINE
8
BLACK
6
CONTINUOUS
10
118.6717000000000013
20
-77.5309620000000024
11
118.6717000000000013
21
-77.2790379999999999
0
LINE
8
BLACK
6
CONTINUOUS
10
118.6717000000000013
20
-77.2790379999999999
11
118.6322899999999976
21
-77.0302149999999983
0
LINE
8
BLACK
6
CONTINUOUS
10
118.6322899999999976
20
-77.0302149999999983
11
118.5544409999999971
21
-76.7906210000000016
0
LINE
8
BLACK
6
CONTINUOUS
10
118.5544409999999971
20
-76.7906210000000016
11
118.5544389999999879
21
-76.7906179999999949
0
LINE
8
BLACK
6
CONTINUOUS
10
118.5544389999999879
20
-76.7906179999999949
11
118.5544389999999879
21
-76.790616
0
LINE
8
BLACK
6
CONTINUOUS
10
118.5544389999999879
20
-76.790616
11
118.5129469999999969
21
-76.7091839999999934
0
LINE
8
BLACK
6
CONTINUOUS
10
118.5129469999999969
20
-76.7091839999999934
11
118.4400699999999915
21
-76.5661549999999949
0
LINE
8
BLACK
6
CONTINUOUS
10
118.4400699999999915
20
-76.5661549999999949
11
118.4211519999999922
21
-76.5401169999999951
0
LINE
8
BLACK
6
CONTINUOUS
10
118.4211519999999922
20
-76.5401169999999951
11
118.2919979999999924
21
-76.3623499999999922
0
LINE
8
BLACK
6
CONTINUOUS
10
118.2919979999999924
20
-76.3623499999999922
11
118.2919939999999883
21
-76.3623449999999906
0
LINE
8
BLACK
6
CONTINUOUS
10
118.2919939999999883
20
-76.3623449999999906
11
118.1138539999999892
21
-76.1842049999999915
0
LINE
8
BLACK
6
CONTINUOUS
10
118.1138539999999892
20
-76.1842049999999915
11
118.1138489999999877
21
-76.1842010000000016
0
LINE
8
BLACK
6
CONTINUOUS
10
118.1138489999999877
20
-76.1842010000000016
11
117.9100479999999891
21
-76.0361319999999949
0
LINE
8
BLACK
6
CONTINUOUS
10
117.9100479999999891
20
-76.0361319999999949
11
117.9100469999999916
21
-76.0361309999999975
0
LINE
8
BLACK
6
CONTINUOUS
10
117.9100469999999916
20
-76.0361309999999975
11
117.9100449999999967
21
-76.03613
0
LINE
8
BLACK
6
CONTINUOUS
10
117.9100449999999967
20
-76.03613
11
117.7785129999999896
21
-75.9691109999999981
0
LINE
8
BLACK
6
CONTINUOUS
10
117.7785129999999896
20
-75.9691109999999981
11
117.6855829999999941
21
-75.9217599999999919
0
LINE
8
BLACK
6
CONTINUOUS
10
117.6855829999999941
20
-75.9217599999999919
11
117.4459849999999932
21
-75.8439099999999939
0
LINE
8
BLACK
6
CONTINUOUS
10
117.4459849999999932
20
-75.8439099999999939
11
117.3941049999999962
21
-75.835692999999992
0
LINE
8
BLACK
6
CONTINUOUS
10
117.3941049999999962
20
-75.835692999999992
11
117.1971619999999916
21
-75.8044999999999902
0
LINE
8
BLACK
6
CONTINUOUS
10
117.1971619999999916
20
-75.8044999999999902
11
116.9452379999999891
21
-75.8044999999999902
0
LINE
8
BLACK
6
CONTINUOUS
10
116.9452379999999891
20
-75.8044999999999902
11
116.8208259999999967
21
-75.8242049999999921
0
LINE
8
BLACK
6
CONTINUOUS
10
116.8208259999999967
20
-75.8242049999999921
11
116.6964139999999901
21
-75.8439099999999939
0
LINE
8
BLACK
6
CONTINUOUS
10
116.6964139999999901
20
-75.8439099999999939
11
116.4568159999999892
21
-75.9217599999999919
0
LINE
8
BLACK
6
CONTINUOUS
10
116.4568159999999892
20
-75.9217599999999919
11
116.2323509999999942
21
-76.0361319999999949
0
LINE
8
BLACK
6
CONTINUOUS
10
116.2323509999999942
20
-76.0361319999999949
11
116.0285499999999956
21
-76.1842010000000016
0
LINE
8
BLACK
6
CONTINUOUS
10
116.0285499999999956
20
-76.1842010000000016
11
116.028544999999994
21
-76.1842049999999915
0
LINE
8
BLACK
6
CONTINUOUS
10
116.028544999999994
20
-76.1842049999999915
11
115.850404999999995
21
-76.3623449999999906
0
LINE
8
BLACK
6
CONTINUOUS
10
115.850404999999995
20
-76.3623449999999906
11
115.8504009999999909
21
-76.3623499999999922
0
LINE
8
BLACK
6
CONTINUOUS
10
115.8504009999999909
20
-76.3623499999999922
11
115.7023319999999984
21
-76.5661509999999907
0
LINE
8
BLACK
6
CONTINUOUS
10
115.7023319999999984
20
-76.5661509999999907
11
115.5879599999999954
21
-76.790616
0
LINE
8
BLACK
6
CONTINUOUS
10
115.5879599999999954
20
-76.790616
11
115.5519339999999886
21
-76.9014930000000021
0
LINE
8
BLACK
6
CONTINUOUS
10
115.5519339999999886
20
-76.9014930000000021
11
115.5101099999999974
21
-77.0302149999999983
0
LINE
8
BLACK
6
CONTINUOUS
10
115.5101099999999974
20
-77.0302149999999983
11
115.4706999999999937
21
-77.2790379999999999
0
LINE
8
BLACK
6
CONTINUOUS
10
115.4706999999999937
20
-77.2790379999999999
11
115.4706999999999937
21
-77.5309620000000024
0
LINE
8
BLACK
6
CONTINUOUS
10
115.4706999999999937
20
-69.5309609999999907
11
115.5101099999999974
21
-69.7797850000000039
0
LINE
8
BLACK
6
CONTINUOUS
10
115.5101099999999974
20
-69.7797850000000039
11
115.5879599999999954
21
-70.0193829999999906
0
LINE
8
BLACK
6
CONTINUOUS
10
115.5879599999999954
20
-70.0193829999999906
11
115.7023319999999984
21
-70.2438479999999998
0
LINE
8
BLACK
6
CONTINUOUS
10
115.7023319999999984
20
-70.2438479999999998
11
115.8504009999999909
21
-70.4476489999999984
0
LINE
8
BLACK
6
CONTINUOUS
10
115.8504009999999909
20
-70.4476489999999984
11
115.850404999999995
21
-70.447654
0
LINE
8
BLACK
6
CONTINUOUS
10
115.850404999999995
20
-70.447654
11
116.028544999999994
21
-70.6257939999999991
0
LINE
8
BLACK
6
CONTINUOUS
10
116.028544999999994
20
-70.6257939999999991
11
116.0285499999999956
21
-70.6257980000000032
0
LINE
8
BLACK
6
CONTINUOUS
10
116.0285499999999956
20
-70.6257980000000032
11
116.1318899999999985
21
-70.700878000000003
0
LINE
8
BLACK
6
CONTINUOUS
10
116.1318899999999985
20
-70.700878000000003
11
116.2323549999999983
21
-70.7738700000000023
0
LINE
8
BLACK
6
CONTINUOUS
10
116.2323549999999983
20
-70.7738700000000023
11
116.3753839999999968
21
-70.8467469999999935
0
LINE
8
BLACK
6
CONTINUOUS
10
116.3753839999999968
20
-70.8467469999999935
11
116.4568159999999892
21
-70.8882389999999987
0
LINE
8
BLACK
6
CONTINUOUS
10
116.4568159999999892
20
-70.8882389999999987
11
116.4568179999999984
21
-70.8882389999999987
0
LINE
8
BLACK
6
CONTINUOUS
10
116.4568179999999984
20
-70.8882389999999987
11
116.4568209999999908
21
-70.8882409999999936
0
LINE
8
BLACK
6
CONTINUOUS
10
116.4568209999999908
20
-70.8882409999999936
11
116.6964150000000018
21
-70.9660899999999941
0
LINE
8
BLACK
6
CONTINUOUS
10
116.6964150000000018
20
-70.9660899999999941
11
116.9452379999999891
21
-71.0054999999999978
0
LINE
8
BLACK
6
CONTINUOUS
10
116.9452379999999891
20
-71.0054999999999978
11
116.9452390000000008
21
-71.0054999999999978
0
LINE
8
BLACK
6
CONTINUOUS
10
116.9452390000000008
20
-71.0054999999999978
11
117.1971609999999941
21
-71.0054999999999978
0
LINE
8
BLACK
6
CONTINUOUS
10
117.1971609999999941
20
-71.0054999999999978
11
117.1971619999999916
21
-71.0054999999999978
0
LINE
8
BLACK
6
CONTINUOUS
10
117.1971619999999916
20
-71.0054999999999978
11
117.4459849999999932
21
-70.9660899999999941
0
LINE
8
BLACK
6
CONTINUOUS
10
117.4459849999999932
20
-70.9660899999999941
11
117.6855789999999899
21
-70.8882409999999936
0
LINE
8
BLACK
6
CONTINUOUS
10
117.6855789999999899
20
-70.8882409999999936
11
117.9100449999999967
21
-70.7738700000000023
0
LINE
8
BLACK
6
CONTINUOUS
10
117.9100449999999967
20
-70.7738700000000023
11
118.1138559999999984
21
-70.6257930000000016
0
LINE
8
BLACK
6
CONTINUOUS
10
118.1138559999999984
20
-70.6257930000000016
11
118.2919929999999908
21
-70.4476559999999949
0
LINE
8
BLACK
6
CONTINUOUS
10
118.2919929999999908
20
-70.4476559999999949
11
118.4400699999999915
21
-70.2438449999999932
0
LINE
8
BLACK
6
CONTINUOUS
10
118.4400699999999915
20
-70.2438449999999932
11
118.5544409999999971
21
-70.0193790000000007
0
LINE
8
BLACK
6
CONTINUOUS
10
118.5544409999999971
20
-70.0193790000000007
11
118.6322899999999976
21
-69.7797850000000039
0
LINE
8
BLACK
6
CONTINUOUS
10
118.6322899999999976
20
-69.7797850000000039
11
118.6717000000000013
21
-69.5309620000000024
0
LINE
8
BLACK
6
CONTINUOUS
10
118.6717000000000013
20
-69.5309620000000024
11
118.6717000000000013
21
-69.2790379999999999
0
LINE
8
BLACK
6
CONTINUOUS
10
118.6717000000000013
20
-69.2790379999999999
11
118.6322899999999976
21
-69.0302149999999983
0
LINE
8
BLACK
6
CONTINUOUS
10
118.6322899999999976
20
-69.0302149999999983
11
118.5544409999999971
21
-68.7906210000000016
0
LINE
8
BLACK
6
CONTINUOUS
10
118.5544409999999971
20
-68.7906210000000016
11
118.5544389999999879
21
-68.7906179999999949
0
LINE
8
BLACK
6
CONTINUOUS
10
118.5544389999999879
20
-68.7906179999999949
11
118.5544389999999879
21
-68.790616
0
LINE
8
BLACK
6
CONTINUOUS
10
118.5544389999999879
20
-68.790616
11
118.5129469999999969
21
-68.7091839999999934
0
LINE
8
BLACK
6
CONTINUOUS
10
118.5129469999999969
20
-68.7091839999999934
11
118.4400699999999915
21
-68.5661549999999949
0
LINE
8
BLACK
6
CONTINUOUS
10
118.4400699999999915
20
-68.5661549999999949
11
118.3981859999999955
21
-68.508505999999997
0
LINE
8
BLACK
6
CONTINUOUS
10
118.3981859999999955
20
-68.508505999999997
11
118.2919979999999924
21
-68.3623499999999922
0
LINE
8
BLACK
6
CONTINUOUS
10
118.2919979999999924
20
-68.3623499999999922
11
118.2919939999999883
21
-68.3623449999999906
0
LINE
8
BLACK
6
CONTINUOUS
10
118.2919939999999883
20
-68.3623449999999906
11
118.1138539999999892
21
-68.1842049999999915
0
LINE
8
BLACK
6
CONTINUOUS
10
118.1138539999999892
20
-68.1842049999999915
11
118.1138489999999877
21
-68.1842010000000016
0
LINE
8
BLACK
6
CONTINUOUS
10
118.1138489999999877
20
-68.1842010000000016
11
117.9100479999999891
21
-68.0361319999999949
0
LINE
8
BLACK
6
CONTINUOUS
10
117.9100479999999891
20
-68.0361319999999949
11
117.9100469999999916
21
-68.0361309999999975
0
LINE
8
BLACK
6
CONTINUOUS
10
117.9100469999999916
20
-68.0361309999999975
11
117.9100449999999967
21
-68.03613
0
LINE
8
BLACK
6
CONTINUOUS
10
117.9100449999999967
20
-68.03613
11
117.8399469999999951
21
-68.0004129999999947
0
LINE
8
BLACK
6
CONTINUOUS
10
117.8399469999999951
20
-68.0004129999999947
11
117.6855829999999941
21
-67.9217599999999919
0
LINE
8
BLACK
6
CONTINUOUS
10
117.6855829999999941
20
-67.9217599999999919
11
117.4459849999999932
21
-67.8439099999999939
0
LINE
8
BLACK
6
CONTINUOUS
10
117.4459849999999932
20
-67.8439099999999939
11
117.2935969999999912
21
-67.8197739999999953
0
LINE
8
BLACK
6
CONTINUOUS
10
117.2935969999999912
20
-67.8197739999999953
11
117.1971619999999916
21
-67.8044999999999902
0
LINE
8
BLACK
6
CONTINUOUS
10
117.1971619999999916
20
-67.8044999999999902
11
116.9452379999999891
21
-67.8044999999999902
0
LINE
8
BLACK
6
CONTINUOUS
10
116.9452379999999891
20
-67.8044999999999902
11
116.8488029999999895
21
-67.8197739999999953
0
LINE
8
BLACK
6
CONTINUOUS
10
116.8488029999999895
20
-67.8197739999999953
11
116.6964139999999901
21
-67.8439099999999939
0
LINE
8
BLACK
6
CONTINUOUS
10
116.6964139999999901
20
-67.8439099999999939
11
116.4568159999999892
21
-67.9217599999999919
0
LINE
8
BLACK
6
CONTINUOUS
10
116.4568159999999892
20
-67.9217599999999919
11
116.2323509999999942
21
-68.0361319999999949
0
LINE
8
BLACK
6
CONTINUOUS
10
116.2323509999999942
20
-68.0361319999999949
11
116.0285499999999956
21
-68.1842010000000016
0
LINE
8
BLACK
6
CONTINUOUS
10
116.0285499999999956
20
-68.1842010000000016
11
116.028544999999994
21
-68.1842049999999915
0
LINE
8
BLACK
6
CONTINUOUS
10
116.028544999999994
20
-68.1842049999999915
11
115.850404999999995
21
-68.3623449999999906
0
LINE
8
BLACK
6
CONTINUOUS
10
115.850404999999995
20
-68.3623449999999906
11
115.8504009999999909
21
-68.3623499999999922
0
LINE
8
BLACK
6
CONTINUOUS
10
115.8504009999999909
20
-68.3623499999999922
11
115.7023319999999984
21
-68.5661509999999907
0
LINE
8
BLACK
6
CONTINUOUS
10
115.7023319999999984
20
-68.5661509999999907
11
115.5879599999999954
21
-68.790616
0
LINE
8
BLACK
6
CONTINUOUS
10
115.5879599999999954
20
-68.790616
11
115.5101099999999974
21
-69.0302140000000009
0
LINE
8
BLACK
6
CONTINUOUS
10
115.5101099999999974
20
-69.0302140000000009
11
115.4706999999999937
21
-69.2790379999999999
0
LINE
8
BLACK
6
CONTINUOUS
10
115.4706999999999937
20
-69.2790379999999999
11
115.4706999999999937
21
-69.5309609999999907
0
LINE
8
BLACK
6
CONTINUOUS
10
115.3969969999999989
20
-67.8166549999999972
11
115.3969969999999989
21
-64.400628999999995
0
LINE
8
BLACK
6
CONTINUOUS
10
115.3969969999999989
20
-64.400628999999995
11
111.1985569999999939
21
-64.400628999999995
0
LINE
8
BLACK
6
CONTINUOUS
10
111.1985569999999939
20
-64.400628999999995
11
111.1985569999999939
21
-67.8166549999999972
0
LINE
8
BLACK
6
CONTINUOUS
10
111.1985569999999939
20
-67.8166549999999972
11
115.3969969999999989
21
-67.8166549999999972
0
LINE
8
BLACK
6
CONTINUOUS
10
103.4309859999999901
20
-63.0884099999999961
11
103.4309859999999901
21
-59.5299839999999989
0
LINE
8
BLACK
6
CONTINUOUS
10
103.4309859999999901
20
-59.5299839999999989
11
99.0887099999999919
21
-59.5299839999999989
0
LINE
8
BLACK
6
CONTINUOUS
10
99.0887099999999919
20
-59.5299839999999989
11
99.0887099999999919
21
-63.0884099999999961
0
LINE
8
BLACK
6
CONTINUOUS
10
99.0887099999999919
20
-63.0884099999999961
11
103.4309859999999901
21
-63.0884099999999961
0
LINE
8
BLACK
6
CONTINUOUS
10
115.4706999999999937
20
-61.5309609999999978
11
115.5101099999999974
21
-61.7797849999999968
0
LINE
8
BLACK
6
CONTINUOUS
10
115.5101099999999974
20
-61.7797849999999968
11
115.5879599999999954
21
-62.0193829999999977
0
LINE
8
BLACK
6
CONTINUOUS
10
115.5879599999999954
20
-62.0193829999999977
11
115.7023319999999984
21
-62.2438479999999998
0
LINE
8
BLACK
6
CONTINUOUS
10
115.7023319999999984
20
-62.2438479999999998
11
115.8504009999999909
21
-62.4476489999999984
0
LINE
8
BLACK
6
CONTINUOUS
10
115.8504009999999909
20
-62.4476489999999984
11
115.850404999999995
21
-62.447654
0
LINE
8
BLACK
6
CONTINUOUS
10
115.850404999999995
20
-62.447654
11
116.028544999999994
21
-62.6257939999999991
0
LINE
8
BLACK
6
CONTINUOUS
10
116.028544999999994
20
-62.6257939999999991
11
116.0285499999999956
21
-62.6257979999999961
0
LINE
8
BLACK
6
CONTINUOUS
10
116.0285499999999956
20
-62.6257979999999961
11
116.1854219999999884
21
-62.7397709999999975
0
LINE
8
BLACK
6
CONTINUOUS
10
116.1854219999999884
20
-62.7397709999999975
11
116.2323549999999983
21
-62.7738699999999952
0
LINE
8
BLACK
6
CONTINUOUS
10
116.2323549999999983
20
-62.7738699999999952
11
116.3753839999999968
21
-62.8467470000000006
0
LINE
8
BLACK
6
CONTINUOUS
10
116.3753839999999968
20
-62.8467470000000006
11
116.4568159999999892
21
-62.8882389999999987
0
LINE
8
BLACK
6
CONTINUOUS
10
116.4568159999999892
20
-62.8882389999999987
11
116.4568179999999984
21
-62.8882389999999987
0
LINE
8
BLACK
6
CONTINUOUS
10
116.4568179999999984
20
-62.8882389999999987
11
116.4568209999999908
21
-62.8882409999999936
0
LINE
8
BLACK
6
CONTINUOUS
10
116.4568209999999908
20
-62.8882409999999936
11
116.6964150000000018
21
-62.9660899999999941
0
LINE
8
BLACK
6
CONTINUOUS
10
116.6964150000000018
20
-62.9660899999999941
11
116.9452379999999891
21
-63.0054999999999978
0
LINE
8
BLACK
6
CONTINUOUS
10
116.9452379999999891
20
-63.0054999999999978
11
116.9452390000000008
21
-63.0054999999999978
0
LINE
8
BLACK
6
CONTINUOUS
10
116.9452390000000008
20
-63.0054999999999978
11
117.1971609999999941
21
-63.0054999999999978
0
LINE
8
BLACK
6
CONTINUOUS
10
117.1971609999999941
20
-63.0054999999999978
11
117.1971619999999916
21
-63.0054999999999978
0
LINE
8
BLACK
6
CONTINUOUS
10
117.1971619999999916
20
-63.0054999999999978
11
117.4459849999999932
21
-62.9660899999999941
0
LINE
8
BLACK
6
CONTINUOUS
10
117.4459849999999932
20
-62.9660899999999941
11
117.6855789999999899
21
-62.8882409999999936
0
LINE
8
BLACK
6
CONTINUOUS
10
117.6855789999999899
20
-62.8882409999999936
11
117.9100449999999967
21
-62.7738699999999952
0
LINE
8
BLACK
6
CONTINUOUS
10
117.9100449999999967
20
-62.7738699999999952
11
118.1138559999999984
21
-62.6257929999999945
0
LINE
8
BLACK
6
CONTINUOUS
10
118.1138559999999984
20
-62.6257929999999945
11
118.2919929999999908
21
-62.4476559999999949
0
LINE
8
BLACK
6
CONTINUOUS
10
118.2919929999999908
20
-62.4476559999999949
11
118.4400699999999915
21
-62.2438450000000003
0
LINE
8
BLACK
6
CONTINUOUS
10
118.4400699999999915
20
-62.2438450000000003
11
118.5544409999999971
21
-62.0193790000000007
0
LINE
8
BLACK
6
CONTINUOUS
10
118.5544409999999971
20
-62.0193790000000007
11
118.6322899999999976
21
-61.7797849999999968
0
LINE
8
BLACK
6
CONTINUOUS
10
118.6322899999999976
20
-61.7797849999999968
11
118.6717000000000013
21
-61.5309619999999953
0
LINE
8
BLACK
6
CONTINUOUS
10
118.6717000000000013
20
-61.5309619999999953
11
118.6717000000000013
21
-61.2790379999999999
0
LINE
8
BLACK
6
CONTINUOUS
10
118.6717000000000013
20
-61.2790379999999999
11
118.6322899999999976
21
-61.0302149999999983
0
LINE
8
BLACK
6
CONTINUOUS
10
118.6322899999999976
20
-61.0302149999999983
11
118.5544409999999971
21
-60.7906209999999945
0
LINE
8
BLACK
6
CONTINUOUS
10
118.5544409999999971
20
-60.7906209999999945
11
118.5544389999999879
21
-60.7906179999999949
0
LINE
8
BLACK
6
CONTINUOUS
10
118.5544389999999879
20
-60.7906179999999949
11
118.5544389999999879
21
-60.790616
0
LINE
8
BLACK
6
CONTINUOUS
10
118.5544389999999879
20
-60.790616
11
118.4784229999999923
21
-60.6414279999999977
0
LINE
8
BLACK
6
CONTINUOUS
10
118.4784229999999923
20
-60.6414279999999977
11
118.4400699999999915
21
-60.5661549999999949
0
LINE
8
BLACK
6
CONTINUOUS
10
118.4400699999999915
20
-60.5661549999999949
11
118.3716999999999899
21
-60.4720510000000004
0
LINE
8
BLACK
6
CONTINUOUS
10
118.3716999999999899
20
-60.4720510000000004
11
118.2919979999999924
21
-60.3623499999999993
0
LINE
8
BLACK
6
CONTINUOUS
10
118.2919979999999924
20
-60.3623499999999993
11
118.2919939999999883
21
-60.3623449999999977
0
LINE
8
BLACK
6
CONTINUOUS
10
118.2919939999999883
20
-60.3623449999999977
11
118.1138539999999892
21
-60.1842049999999986
0
LINE
8
BLACK
6
CONTINUOUS
10
118.1138539999999892
20
-60.1842049999999986
11
118.1138489999999877
21
-60.1842009999999945
0
LINE
8
BLACK
6
CONTINUOUS
10
118.1138489999999877
20
-60.1842009999999945
11
117.9100479999999891
21
-60.0361319999999949
0
LINE
8
BLACK
6
CONTINUOUS
10
117.9100479999999891
20
-60.0361319999999949
11
117.9100469999999916
21
-60.0361309999999975
0
LINE
8
BLACK
6
CONTINUOUS
10
117.9100469999999916
20
-60.0361309999999975
11
117.9100449999999967
21
-60.03613
0
LINE
8
BLACK
6
CONTINUOUS
10
117.9100449999999967
20
-60.03613
11
117.8272249999999985
21
-59.9939309999999963
0
LINE
8
BLACK
6
CONTINUOUS
10
117.8272249999999985
20
-59.9939309999999963
11
117.6855829999999941
21
-59.921759999999999
0
LINE
8
BLACK
6
CONTINUOUS
10
117.6855829999999941
20
-59.921759999999999
11
117.4459849999999932
21
-59.8439099999999939
0
LINE
8
BLACK
6
CONTINUOUS
10
117.4459849999999932
20
-59.8439099999999939
11
117.1971619999999916
21
-59.8044999999999973
0
LINE
8
BLACK
6
CONTINUOUS
10
117.1971619999999916
20
-59.8044999999999973
11
116.9452379999999891
21
-59.8044999999999973
0
LINE
8
BLACK
6
CONTINUOUS
10
116.9452379999999891
20
-59.8044999999999973
11
116.8684949999999958
21
-59.8166549999999972
0
LINE
8
BLACK
6
CONTINUOUS
10
116.8684949999999958
20
-59.8166549999999972
11
116.6964139999999901
21
-59.8439099999999939
0
LINE
8
BLACK
6
CONTINUOUS
10
116.6964139999999901
20
-59.8439099999999939
11
116.4568159999999892
21
-59.921759999999999
0
LINE
8
BLACK
6
CONTINUOUS
10
116.4568159999999892
20
-59.921759999999999
11
116.2323509999999942
21
-60.0361319999999949
0
LINE
8
BLACK
6
CONTINUOUS
10
116.2323509999999942
20
-60.0361319999999949
11
116.0285499999999956
21
-60.1842009999999945
0
LINE
8
BLACK
6
CONTINUOUS
10
116.0285499999999956
20
-60.1842009999999945
11
116.028544999999994
21
-60.1842049999999986
0
LINE
8
BLACK
6
CONTINUOUS
10
116.028544999999994
20
-60.1842049999999986
11
115.850404999999995
21
-60.3623449999999977
0
LINE
8
BLACK
6
CONTINUOUS
10
115.850404999999995
20
-60.3623449999999977
11
115.8504009999999909
21
-60.3623499999999993
0
LINE
8
BLACK
6
CONTINUOUS
10
115.8504009999999909
20
-60.3623499999999993
11
115.7023319999999984
21
-60.5661509999999979
0
LINE
8
BLACK
6
CONTINUOUS
10
115.7023319999999984
20
-60.5661509999999979
11
115.5879599999999954
21
-60.790616
0
LINE
8
BLACK
6
CONTINUOUS
10
115.5879599999999954
20
-60.790616
11
115.5101099999999974
21
-61.0302139999999937
0
LINE
8
BLACK
6
CONTINUOUS
10
115.5101099999999974
20
-61.0302139999999937
11
115.4706999999999937
21
-61.2790379999999999
0
LINE
8
BLACK
6
CONTINUOUS
10
115.4706999999999937
20
-61.2790379999999999
11
115.4706999999999937
21
-61.5309609999999978
0
LINE
8
BLACK
6
CONTINUOUS
10
115.4666999999999888
20
-59.8166549999999972
11
115.4666999999999888
21
-56.3296759999999992
0
LINE
8
BLACK
6
CONTINUOUS
10
115.4666999999999888
20
-56.3296759999999992
11
111.1985569999999939
21
-56.3296759999999992
0
LINE
8
BLACK
6
CONTINUOUS
10
111.1985569999999939
20
-56.3296759999999992
11
111.1985569999999939
21
-59.8166549999999972
0
LINE
8
BLACK
6
CONTINUOUS
10
111.1985569999999939
20
-59.8166549999999972
11
115.4666999999999888
21
-59.8166549999999972
0
CIRCLE
8
BLACK
10
109.4512
20
-77.4050000000000011
40
0.175
0
CIRCLE
8
BLACK
10
117.0711999999999904
20
-77.4050000000000011
40
0.175
0
CIRCLE
8
BLACK
10
98.7612000000000023
20
-99.4050000000000011
40
0.175
0
CIRCLE
8
BLACK
10
103.7612000000000023
20
-99.4050000000000011
40
0.175
0
CIRCLE
8
BLACK
10
109.4512
20
-85.4050000000000011
40
0.175
0
CIRCLE
8
BLACK
10
117.0711999999999904
20
-85.4050000000000011
40
0.175
0
CIRCLE
8
BLACK
10
31.2611999999999988
20
-65.5949999999999989
40
0.175
0
CIRCLE
8
BLACK
10
31.2611999999999988
20
-68.1349999999999909
40
0.175
0
CIRCLE
8
BLACK
10
31.2611999999999988
20
-70.6749999999999972
40
0.175
0
CIRCLE
8
BLACK
10
31.2611999999999988
20
-73.2150000000000034
40
0.175
0
CIRCLE
8
BLACK
10
109.4512
20
-61.404999999999994
40
0.175
0
CIRCLE
8
BLACK
10
117.0711999999999904
20
-61.404999999999994
40
0.175
0
CIRCLE
8
BLACK
10
55.2862000000000009
20
-53.654999999999994
40
0.175
0
CIRCLE
8
BLACK
10
55.2862000000000009
20
-56.1950000000000003
40
0.175
0
CIRCLE
8
BLACK
10
55.2862000000000009
20
-58.7349999999999994
40
0.175
0
CIRCLE
8
BLACK
10
55.2862000000000009
20
-61.2749999999999986
40
0.175
0
CIRCLE
8
BLACK
10
55.2862000000000009
20
-63.8149999999999977
40
0.175
0
CIRCLE
8
BLACK
10
55.2862000000000009
20
-66.355000000000004
40
0.175
0
CIRCLE
8
BLACK
10
55.2862000000000009
20
-68.894999999999996
40
0.175
0
CIRCLE
8
BLACK
10
55.2862000000000009
20
-71.4350000000000023
40
0.175
0
CIRCLE
8
BLACK
10
55.2862000000000009
20
-73.9749999999999943
40
0.175
0
CIRCLE
8
BLACK
10
55.2862000000000009
20
-76.5150000000000006
40
0.175
0
CIRCLE
8
BLACK
10
55.2862000000000009
20
-79.0549999999999926
40
0.175
0
CIRCLE
8
BLACK
10
55.2862000000000009
20
-81.5949999999999989
40
0.175
0
CIRCLE
8
BLACK
10
55.2862000000000009
20
-84.1349999999999909
40
0.175
0
CIRCLE
8
BLACK
10
55.2862000000000009
20
-86.6749999999999972
40
0.175
0
CIRCLE
8
BLACK
10
55.2862000000000009
20
-89.2149999999999892
40
0.175
0
CIRCLE
8
BLACK
10
83.6861999999999995
20
-53.654999999999994
40
0.175
0
CIRCLE
8
BLACK
10
83.6861999999999995
20
-56.1950000000000003
40
0.175
0
CIRCLE
8
BLACK
10
83.6861999999999995
20
-58.7349999999999994
40
0.175
0
CIRCLE
8
BLACK
10
83.6861999999999995
20
-61.2749999999999986
40
0.175
0
CIRCLE
8
BLACK
10
83.6861999999999995
20
-63.8149999999999977
40
0.175
0
CIRCLE
8
BLACK
10
83.6861999999999995
20
-66.355000000000004
40
0.175
0
CIRCLE
8
BLACK
10
83.6861999999999995
20
-68.894999999999996
40
0.175
0
CIRCLE
8
BLACK
10
83.6861999999999995
20
-71.4350000000000023
40
0.175
0
CIRCLE
8
BLACK
10
83.6861999999999995
20
-73.9749999999999943
40
0.175
0
CIRCLE
8
BLACK
10
83.6861999999999995
20
-76.5150000000000006
40
0.175
0
CIRCLE
8
BLACK
10
83.6861999999999995
20
-79.0549999999999926
40
0.175
0
CIRCLE
8
BLACK
10
83.6861999999999995
20
-81.5949999999999989
40
0.175
0
CIRCLE
8
BLACK
10
83.6861999999999995
20
-84.1349999999999909
40
0.175
0
CIRCLE
8
BLACK
10
83.6861999999999995
20
-86.6749999999999972
40
0.175
0
CIRCLE
8
BLACK
10
83.6861999999999995
20
-89.2149999999999892
40
0.175
0
CIRCLE
8
BLACK
10
101.2612000000000023
20
-44.8649999999999949
40
0.175
0
CIRCLE
8
BLACK
10
101.2612000000000023
20
-47.4050000000000011
40
0.175
0
CIRCLE
8
BLACK
10
101.2612000000000023
20
-49.9450000000000003
40
0.175
0
CIRCLE
8
BLACK
10
98.7211999999999961
20
-81.7650000000000006
40
0.175
0
CIRCLE
8
BLACK
10
101.2612000000000023
20
-81.7650000000000006
40
0.175
0
CIRCLE
8
BLACK
10
103.8011999999999944
20
-81.7650000000000006
40
0.175
0
CIRCLE
8
BLACK
10
28.8934999999999995
20
-95.4050000000000011
40
0.175
0
CIRCLE
8
BLACK
10
33.893499999999996
20
-95.4050000000000011
40
0.175
0
CIRCLE
8
BLACK
10
98.7211999999999961
20
-65.7650000000000006
40
0.175
0
CIRCLE
8
BLACK
10
101.2612000000000023
20
-65.7650000000000006
40
0.175
0
CIRCLE
8
BLACK
10
103.8011999999999944
20
-65.7650000000000006
40
0.175
0
CIRCLE
8
BLACK
10
109.4512
20
-69.4050000000000011
40
0.175
0
CIRCLE
8
BLACK
10
117.0711999999999904
20
-69.4050000000000011
40
0.175
0
LINE
8
WHITE
6
CONTINUOUS
10
20.
20
-20.
11
124.
21
-20.
0
LINE
8
WHITE
6
CONTINUOUS
10
124.
20
-20.
11
124.
21
-124.
0
LINE
8
WHITE
6
CONTINUOUS
10
124.
20
-124.
11
20.
21
-124.
0
LINE
8
WHITE
6
CONTINUOUS
10
20.
20
-124.
11
20.
21
-20.
0
CIRCLE
8
WHITE
10
109.4512
20
-77.4050000000000011
40
0.175
0
CIRCLE
8
WHITE
10
117.0711999999999904
20
-77.4050000000000011
40
0.175
0
CIRCLE
8
WHITE
10
98.7612000000000023
20
-99.4050000000000011
40
0.175
0
CIRCLE
8
WHITE
10
103.7612000000000023
20
-99.4050000000000011
40
0.175
0
CIRCLE
8
WHITE
10
109.4512
20
-85.4050000000000011
40
0.175
0
CIRCLE
8
WHITE
10
117.0711999999999904
20
-85.4050000000000011
40
0.175
0
CIRCLE
8
WHITE
10
31.2611999999999988
20
-65.5949999999999989
40
0.175
0
CIRCLE
8
WHITE
10
31.2611999999999988
20
-68.1349999999999909
40
0.175
0
CIRCLE
8
WHITE
10
31.2611999999999988
20
-70.6749999999999972
40
0.175
0
CIRCLE
8
WHITE
10
31.2611999999999988
20
-73.2150000000000034
40
0.175
0
CIRCLE
8
WHITE
10
109.4512
20
-61.404999999999994
40
0.175
0
CIRCLE
8
WHITE
10
117.0711999999999904
20
-61.404999999999994
40
0.175
0
CIRCLE
8
WHITE
10
55.2862000000000009
20
-53.654999999999994
40
0.175
0
CIRCLE
8
WHITE
10
55.2862000000000009
20
-56.1950000000000003
40
0.175
0
CIRCLE
8
WHITE
10
55.2862000000000009
20
-58.7349999999999994
40
0.175
0
CIRCLE
8
WHITE
10
55.2862000000000009
20
-61.2749999999999986
40
0.175
0
CIRCLE
8
WHITE
10
55.2862000000000009
20
-63.8149999999999977
40
0.175
0
CIRCLE
8
WHITE
10
55.2862000000000009
20
-66.355000000000004
40
0.175
0
CIRCLE
8
WHITE
10
55.2862000000000009
20
-68.894999999999996
40
0.175
0
CIRCLE
8
WHITE
10
55.2862000000000009
20
-71.4350000000000023
40
0.175
0
CIRCLE
8
WHITE
10
55.2862000000000009
20
-73.9749999999999943
40
0.175
0
CIRCLE
8
WHITE
10
55.2862000000000009
20
-76.5150000000000006
40
0.175
0
CIRCLE
8
WHITE
10
55.2862000000000009
20
-79.0549999999999926
40
0.175
0
CIRCLE
8
WHITE
10
55.2862000000000009
20
-81.5949999999999989
40
0.175
0
CIRCLE
8
WHITE
10
55.2862000000000009
20
-84.1349999999999909
40
0.175
0
CIRCLE
8
WHITE
10
55.2862000000000009
20
-86.6749999999999972
40
0.175
0
CIRCLE
8
WHITE
10
55.2862000000000009
20
-89.2149999999999892
40
0.175
0
CIRCLE
8
WHITE
10
83.6861999999999995
20
-53.654999999999994
40
0.175
0
CIRCLE
8
WHITE
10
83.6861999999999995
20
-56.1950000000000003
40
0.175
0
CIRCLE
8
WHITE
10
83.6861999999999995
20
-58.7349999999999994
40
0.175
0
CIRCLE
8
WHITE
10
83.6861999999999995
20
-61.2749999999999986
40
0.175
0
CIRCLE
8
WHITE
10
83.6861999999999995
20
-63.8149999999999977
40
0.175
0
CIRCLE
8
WHITE
10
83.6861999999999995
20
-66.355000000000004
40
0.175
0
CIRCLE
8
WHITE
10
83.6861999999999995
20
-68.894999999999996
40
0.175
0
CIRCLE
8
WHITE
10
83.6861999999999995
20
-71.4350000000000023
40
0.175
0
CIRCLE
8
WHITE
10
83.6861999999999995
20
-73.9749999999999943
40
0.175
0
CIRCLE
8
WHITE
10
83.6861999999999995
20
-76.5150000000000006
40
0.175
0
CIRCLE
8
WHITE
10
83.6861999999999995
20
-79.0549999999999926
40
0.175
0
CIRCLE
8
WHITE
10
83.6861999999999995
20
-81.5949999999999989
40
0.175
0
CIRCLE
8
WHITE
10
83.6861999999999995
20
-84.1349999999999909
40
0.175
0
CIRCLE
8
WHITE
10
83.6861999999999995
20
-86.6749999999999972
40
0.175
0
CIRCLE
8
WHITE
10
83.6861999999999995
20
-89.2149999999999892
40
0.175
0
CIRCLE
8
WHITE
10
101.2612000000000023
20
-44.8649999999999949
40
0.175
0
CIRCLE
8
WHITE
10
101.2612000000000023
20
-47.4050000000000011
40
0.175
0
CIRCLE
8
WHITE
10
101.2612000000000023
20
-49.9450000000000003
40
0.175
0
CIRCLE
8
WHITE
10
98.7211999999999961
20
-81.7650000000000006
40
0.175
0
CIRCLE
8
WHITE
10
101.2612000000000023
20
-81.7650000000000006
40
0.175
0
CIRCLE
8
WHITE
10
103.8011999999999944
20
-81.7650000000000006
40
0.175
0
CIRCLE
8
WHITE
10
28.8934999999999995
20
-95.4050000000000011
40
0.175
0
CIRCLE
8
WHITE
10
33.893499999999996
20
-95.4050000000000011
40
0.175
0
CIRCLE
8
WHITE
10
98.7211999999999961
20
-65.7650000000000006
40
0.175
0
CIRCLE
8
WHITE
10
101.2612000000000023
20
-65.7650000000000006
40
0.175
0
CIRCLE
8
WHITE
10
103.8011999999999944
20
-65.7650000000000006
40
0.175
0
CIRCLE
8
WHITE
10
109.4512
20
-69.4050000000000011
40
0.175
0
CIRCLE
8
WHITE
10
117.0711999999999904
20
-69.4050000000000011
40
0.175
  0
ENDSEC
  0
EOF
