  0
SECTION
  2
HEADER
  9
$ACADVER
  1
AC1018
  9
$HANDSEED
  5
FFFFFFFF
  9
$ANGBASE
  50
0.0
  9
$ANGDIR
  70
1
  9
$MEASUREMENT
  70
1
  9
$INSUNITS
  70
4
  0
ENDSEC
  0
SECTION
  2
TABLES
  0
TABLE
  2
APPID
  5
1
330
0
100
AcDbSymbolTable
 70
1
  0
APPID
  5
2
330
1
100
AcDbSymbolTableRecord
100
AcDbRegAppTableRecord
  2
ACAD
 70
0
  0
ENDTAB
  0
TABLE
  2
LTYPE
  5
3
330
0
100
AcDbSymbolTable
 70
6
  0
LTYPE
  5
4
330
3
100
AcDbSymbolTableRecord
100
AcDbLinetypeTableRecord
  2
ByBlock
 70
0
  3

 72
65
 73
0
 40
0
  0
LTYPE
  5
5
330
3
100
AcDbSymbolTableRecord
100
AcDbLinetypeTableRecord
  2
ByLayer
 70
0
  3

 72
65
 73
0
 40
0
  0
LTYPE
  5
6
330
3
100
AcDbSymbolTableRecord
100
AcDbLinetypeTableRecord
  2
CONTINUOUS
 70
0
  3
Solid line
 72
65
 73
0
 40
0
  0
LTYPE
  5
7
330
3
100
AcDbSymbolTableRecord
100
AcDbLinetypeTableRecord
  2
DASHDOT
 70
0
  3
Dash Dot ____ _ ____ _
 72
65
 73
4
 40
2
 49
1.25
 74
0
 49
-0.25
 74
0
 49
0.25
 74
0
 49
-0.25
 74
0
  0
LTYPE
  5
8
330
3
100
AcDbSymbolTableRecord
100
AcDbLinetypeTableRecord
  2
DASHED
 70
0
  3
Dashed __ __ __ __ __
 72
65
 73
2
 40
0.75
 49
0.5
 74
0
 49
-0.25
 74
0
  0
LTYPE
  5
9
330
3
100
AcDbSymbolTableRecord
100
AcDbLinetypeTableRecord
  2
DOTTED
 70
0
  3
Dotted .  .  .  .
 72
65
 73
2
 40
0.2
 49
0.0
 74
0
 49
-0.2
 74
0
  0
ENDTAB
  0
TABLE
  2
STYLE
  5
A
330
0
100
AcDbSymbolTable
 70
4
  0
STYLE
  5
B
330
A
100
AcDbSymbolTableRecord
100
AcDbTextStyleTableRecord
  2
KICAD
 70
0
 40
0
 41
1
 42
1
 50
0
 71
0
  3
isocp.shx
  0
STYLE
  5
C
330
A
100
AcDbSymbolTableRecord
100
AcDbTextStyleTableRecord
  2
KICADB
 70
0
 40
0
 41
1
 42
1
 50
0
 71
0
  3
isocp.shx
  0
STYLE
  5
D
330
A
100
AcDbSymbolTableRecord
100
AcDbTextStyleTableRecord
  2
KICADI
 70
0
 40
0
 41
1
 42
1
 50
15
 71
0
  3
isocp.shx
  0
STYLE
  5
E
330
A
100
AcDbSymbolTableRecord
100
AcDbTextStyleTableRecord
  2
KICADBI
 70
0
 40
0
 41
1
 42
1
 50
15
 71
0
  3
isocp.shx
  0
ENDTAB
  0
TABLE
  2
LAYER
  5
F
330
0
100
AcDbSymbolTable
 70
3
  0
LAYER
  5
12
330
F
100
AcDbSymbolTableRecord
100
AcDbLayerTableRecord
  2
0
 70
0
 62
7
  6
CONTINUOUS
390
10
  0
LAYER
  5
13
330
F
100
AcDbSymbolTableRecord
100
AcDbLayerTableRecord
  2
F.Silkscreen
 70
0
 62
41
420
15920545
  6
CONTINUOUS
390
10
  0
LAYER
  5
14
330
F
100
AcDbSymbolTableRecord
100
AcDbLayerTableRecord
  2
Edge.Cuts
 70
0
 62
254
420
13685453
  6
CONTINUOUS
390
10
  0
ENDTAB
  0
TABLE
  2
VPORT
  5
15
330
0
100
AcDbSymbolTable
 70
0
  0
ENDTAB
  0
TABLE
  2
VIEW
  5
16
330
0
100
AcDbSymbolTable
 70
0
  0
ENDTAB
  0
TABLE
  2
UCS
  5
17
330
0
100
AcDbSymbolTable
 70
0
  0
ENDTAB
  0
TABLE
  2
DIMSTYLE
  5
18
330
0
100
AcDbSymbolTable
 70
1
100
AcDbDimStyleTable
 71
0
  0
DIMSTYLE
105
19
330
18
100
AcDbSymbolTableRecord
100
AcDbDimStyleTableRecord
  2
Standard
 70
0
  0
ENDTAB
  0
TABLE
  2
BLOCK_RECORD
  5
1A
330
0
100
AcDbSymbolTable
 70
3
  0
BLOCK_RECORD
  5
1B
330
1A
100
AcDbSymbolTableRecord
100
AcDbBlockTableRecord
  2
*Model_Space
340
1E
 70
0
280
1
281
0
  0
BLOCK_RECORD
  5
1C
330
1A
100
AcDbSymbolTableRecord
100
AcDbBlockTableRecord
  2
*Paper_Space
340
1F
 70
0
280
1
281
0
  0
BLOCK_RECORD
  5
1D
330
1A
100
AcDbSymbolTableRecord
100
AcDbBlockTableRecord
  2
*Paper_Space0
340
20
 70
0
280
1
281
0
  0
ENDTAB
  0
ENDSEC
  0
SECTION
  2
BLOCKS
  0
BLOCK
  5
24
330
1B
100
AcDbEntity
  8
0
100
AcDbBlockBegin
  2
*Model_Space
 70
0
 10
0.0
 20
0.0
 30
0.0
  3
*Model_Space
  1

  0
ENDBLK
  5
23
330
1B
100
AcDbEntity
  8
0
100
AcDbBlockEnd
  0
BLOCK
  5
26
330
1C
100
AcDbEntity
 67
1
  8
0
100
AcDbBlockBegin
  2
*Paper_Space
 70
0
 10
0.0
 20
0.0
 30
0.0
  3
*Paper_Space
  1

  0
ENDBLK
  5
25
330
1C
100
AcDbEntity
 67
1
  8
0
100
AcDbBlockEnd
  0
BLOCK
  5
28
330
1D
100
AcDbEntity
 67
1
  8
0
100
AcDbBlockBegin
  2
*Paper_Space0
 70
0
 10
0.0
 20
0.0
 30
0.0
  3
*Paper_Space0
  1

  0
ENDBLK
  5
27
330
1D
100
AcDbEntity
 67
1
  8
0
100
AcDbBlockEnd
  0
ENDSEC
  0
SECTION
  2
ENTITIES
  0
LINE
  5
29
330
1B
100
AcDbEntity
  8
F.Silkscreen
  6
CONTINUOUS
100
AcDbLine
 10
138.9380950000000041
 20
-122.2548189999999977
 30
0
 11
138.9380950000000041
 21
-123.0643419999999963
 31
0
  0
LINE
  5
2A
330
1B
100
AcDbEntity
  8
F.Silkscreen
  6
CONTINUOUS
100
AcDbLine
 10
138.9380950000000041
 20
-123.0643419999999963
 30
0
 11
138.9857140000000015
 21
-123.1595799999999912
 31
0
  0
LINE
  5
2B
330
1B
100
AcDbEntity
  8
F.Silkscreen
  6
CONTINUOUS
100
AcDbLine
 10
138.9857140000000015
 20
-123.1595799999999912
 30
0
 11
139.0333329999999989
 21
-123.2072000000000003
 31
0
  0
LINE
  5
2C
330
1B
100
AcDbEntity
  8
F.Silkscreen
  6
CONTINUOUS
100
AcDbLine
 10
139.0333329999999989
 20
-123.2072000000000003
 30
0
 11
139.1285709999999938
 21
-123.2548189999999977
 31
0
  0
LINE
  5
2D
330
1B
100
AcDbEntity
  8
F.Silkscreen
  6
CONTINUOUS
100
AcDbLine
 10
139.1285709999999938
 20
-123.2548189999999977
 30
0
 11
139.3190469999999834
 21
-123.2548189999999977
 31
0
  0
LINE
  5
2E
330
1B
100
AcDbEntity
  8
F.Silkscreen
  6
CONTINUOUS
100
AcDbLine
 10
139.3190469999999834
 20
-123.2548189999999977
 30
0
 11
139.4142850000000067
 21
-123.2072000000000003
 31
0
  0
LINE
  5
2F
330
1B
100
AcDbEntity
  8
F.Silkscreen
  6
CONTINUOUS
100
AcDbLine
 10
139.4142850000000067
 20
-123.2072000000000003
 30
0
 11
139.4619040000000041
 21
-123.1595799999999912
 31
0
  0
LINE
  5
30
330
1B
100
AcDbEntity
  8
F.Silkscreen
  6
CONTINUOUS
100
AcDbLine
 10
139.4619040000000041
 20
-123.1595799999999912
 30
0
 11
139.5095230000000015
 21
-123.0643419999999963
 31
0
  0
LINE
  5
31
330
1B
100
AcDbEntity
  8
F.Silkscreen
  6
CONTINUOUS
100
AcDbLine
 10
139.5095230000000015
 20
-123.0643419999999963
 30
0
 11
139.5095230000000015
 21
-122.2548189999999977
 31
0
  0
LINE
  5
32
330
1B
100
AcDbEntity
  8
F.Silkscreen
  6
CONTINUOUS
100
AcDbLine
 10
139.9380950000000041
 20
-122.3500569999999925
 30
0
 11
139.9857140000000015
 21
-122.3024379999999951
 31
0
  0
LINE
  5
33
330
1B
100
AcDbEntity
  8
F.Silkscreen
  6
CONTINUOUS
100
AcDbLine
 10
139.9857140000000015
 20
-122.3024379999999951
 30
0
 11
140.0809519999999964
 21
-122.2548189999999977
 31
0
  0
LINE
  5
34
330
1B
100
AcDbEntity
  8
F.Silkscreen
  6
CONTINUOUS
100
AcDbLine
 10
140.0809519999999964
 20
-122.2548189999999977
 30
0
 11
140.3190469999999834
 21
-122.2548189999999977
 31
0
  0
LINE
  5
35
330
1B
100
AcDbEntity
  8
F.Silkscreen
  6
CONTINUOUS
100
AcDbLine
 10
140.3190469999999834
 20
-122.2548189999999977
 30
0
 11
140.4142850000000067
 21
-122.3024379999999951
 31
0
  0
LINE
  5
36
330
1B
100
AcDbEntity
  8
F.Silkscreen
  6
CONTINUOUS
100
AcDbLine
 10
140.4142850000000067
 20
-122.3024379999999951
 30
0
 11
140.4619040000000041
 21
-122.3500569999999925
 31
0
  0
LINE
  5
37
330
1B
100
AcDbEntity
  8
F.Silkscreen
  6
CONTINUOUS
100
AcDbLine
 10
140.4619040000000041
 20
-122.3500569999999925
 30
0
 11
140.5095230000000015
 21
-122.4452950000000016
 31
0
  0
LINE
  5
38
330
1B
100
AcDbEntity
  8
F.Silkscreen
  6
CONTINUOUS
100
AcDbLine
 10
140.5095230000000015
 20
-122.4452950000000016
 30
0
 11
140.5095230000000015
 21
-122.5405329999999964
 31
0
  0
LINE
  5
39
330
1B
100
AcDbEntity
  8
F.Silkscreen
  6
CONTINUOUS
100
AcDbLine
 10
140.5095230000000015
 20
-122.5405329999999964
 30
0
 11
140.4619040000000041
 21
-122.6833899999999886
 31
0
  0
LINE
  5
3A
330
1B
100
AcDbEntity
  8
F.Silkscreen
  6
CONTINUOUS
100
AcDbLine
 10
140.4619040000000041
 20
-122.6833899999999886
 30
0
 11
139.8904760000000067
 21
-123.2548189999999977
 31
0
  0
LINE
  5
3B
330
1B
100
AcDbEntity
  8
F.Silkscreen
  6
CONTINUOUS
100
AcDbLine
 10
139.8904760000000067
 20
-123.2548189999999977
 30
0
 11
140.5095230000000015
 21
-123.2548189999999977
 31
0
  0
LINE
  5
3C
330
1B
100
AcDbEntity
  8
F.Silkscreen
  6
CONTINUOUS
100
AcDbLine
 10
145.6895800000000065
 20
-117.2351799999999997
 30
0
 11
145.7372000000000014
 21
-117.2827989999999971
 31
0
  0
LINE
  5
3D
330
1B
100
AcDbEntity
  8
F.Silkscreen
  6
CONTINUOUS
100
AcDbLine
 10
145.7372000000000014
 20
-117.2827989999999971
 30
0
 11
145.7848189999999988
 21
-117.4256559999999894
 31
0
  0
LINE
  5
3E
330
1B
100
AcDbEntity
  8
F.Silkscreen
  6
CONTINUOUS
100
AcDbLine
 10
145.7848189999999988
 20
-117.4256559999999894
 30
0
 11
145.7848189999999988
 21
-117.5208939999999984
 31
0
  0
LINE
  5
3F
330
1B
100
AcDbEntity
  8
F.Silkscreen
  6
CONTINUOUS
100
AcDbLine
 10
145.7848189999999988
 20
-117.5208939999999984
 30
0
 11
145.7372000000000014
 21
-117.6637509999999907
 31
0
  0
LINE
  5
40
330
1B
100
AcDbEntity
  8
F.Silkscreen
  6
CONTINUOUS
100
AcDbLine
 10
145.7372000000000014
 20
-117.6637509999999907
 30
0
 11
145.6419609999999807
 21
-117.7589889999999997
 31
0
  0
LINE
  5
41
330
1B
100
AcDbEntity
  8
F.Silkscreen
  6
CONTINUOUS
100
AcDbLine
 10
145.6419609999999807
 20
-117.7589889999999997
 30
0
 11
145.5467229999999859
 21
-117.8066079999999971
 31
0
  0
LINE
  5
42
330
1B
100
AcDbEntity
  8
F.Silkscreen
  6
CONTINUOUS
100
AcDbLine
 10
145.5467229999999859
 20
-117.8066079999999971
 30
0
 11
145.3562469999999962
 21
-117.8542269999999945
 31
0
  0
LINE
  5
43
330
1B
100
AcDbEntity
  8
F.Silkscreen
  6
CONTINUOUS
100
AcDbLine
 10
145.3562469999999962
 20
-117.8542269999999945
 30
0
 11
145.213390000000004
 21
-117.8542269999999945
 31
0
  0
LINE
  5
44
330
1B
100
AcDbEntity
  8
F.Silkscreen
  6
CONTINUOUS
100
AcDbLine
 10
145.213390000000004
 20
-117.8542269999999945
 30
0
 11
145.0229139999999859
 21
-117.8066079999999971
 31
0
  0
LINE
  5
45
330
1B
100
AcDbEntity
  8
F.Silkscreen
  6
CONTINUOUS
100
AcDbLine
 10
145.0229139999999859
 20
-117.8066079999999971
 30
0
 11
144.9276759999999911
 21
-117.7589889999999997
 31
0
  0
LINE
  5
46
330
1B
100
AcDbEntity
  8
F.Silkscreen
  6
CONTINUOUS
100
AcDbLine
 10
144.9276759999999911
 20
-117.7589889999999997
 30
0
 11
144.8324379999999962
 21
-117.6637509999999907
 31
0
  0
LINE
  5
47
330
1B
100
AcDbEntity
  8
F.Silkscreen
  6
CONTINUOUS
100
AcDbLine
 10
144.8324379999999962
 20
-117.6637509999999907
 30
0
 11
144.7848189999999988
 21
-117.5208939999999984
 31
0
  0
LINE
  5
48
330
1B
100
AcDbEntity
  8
F.Silkscreen
  6
CONTINUOUS
100
AcDbLine
 10
144.7848189999999988
 20
-117.5208939999999984
 30
0
 11
144.7848189999999988
 21
-117.4256559999999894
 31
0
  0
LINE
  5
49
330
1B
100
AcDbEntity
  8
F.Silkscreen
  6
CONTINUOUS
100
AcDbLine
 10
144.7848189999999988
 20
-117.4256559999999894
 30
0
 11
144.8324379999999962
 21
-117.2827989999999971
 31
0
  0
LINE
  5
4A
330
1B
100
AcDbEntity
  8
F.Silkscreen
  6
CONTINUOUS
100
AcDbLine
 10
144.8324379999999962
 20
-117.2827989999999971
 30
0
 11
144.8800569999999936
 21
-117.2351799999999997
 31
0
  0
LINE
  5
4B
330
1B
100
AcDbEntity
  8
F.Silkscreen
  6
CONTINUOUS
100
AcDbLine
 10
145.7848189999999988
 20
-116.2827989999999971
 30
0
 11
145.7848189999999988
 21
-116.8542269999999945
 31
0
  0
LINE
  5
4C
330
1B
100
AcDbEntity
  8
F.Silkscreen
  6
CONTINUOUS
100
AcDbLine
 10
145.7848189999999988
 20
-116.5685129999999958
 30
0
 11
144.7848189999999988
 21
-116.5685129999999958
 31
0
  0
LINE
  5
4D
330
1B
100
AcDbEntity
  8
F.Silkscreen
  6
CONTINUOUS
100
AcDbLine
 10
144.7848189999999988
 20
-116.5685129999999958
 30
0
 11
144.9276759999999911
 21
-116.6637509999999907
 31
0
  0
LINE
  5
4E
330
1B
100
AcDbEntity
  8
F.Silkscreen
  6
CONTINUOUS
100
AcDbLine
 10
144.9276759999999911
 20
-116.6637509999999907
 30
0
 11
145.0229139999999859
 21
-116.7589889999999997
 31
0
  0
LINE
  5
4F
330
1B
100
AcDbEntity
  8
F.Silkscreen
  6
CONTINUOUS
100
AcDbLine
 10
145.0229139999999859
 20
-116.7589889999999997
 30
0
 11
145.0705329999999833
 21
-116.8542269999999945
 31
0
  0
LINE
  5
50
330
1B
100
AcDbEntity
  8
F.Silkscreen
  6
CONTINUOUS
100
AcDbLine
 10
145.7848189999999988
 20
-115.3304179999999945
 30
0
 11
145.7848189999999988
 21
-115.9018459999999919
 31
0
  0
LINE
  5
51
330
1B
100
AcDbEntity
  8
F.Silkscreen
  6
CONTINUOUS
100
AcDbLine
 10
145.7848189999999988
 20
-115.6161319999999932
 30
0
 11
144.7848189999999988
 21
-115.6161319999999932
 31
0
  0
LINE
  5
52
330
1B
100
AcDbEntity
  8
F.Silkscreen
  6
CONTINUOUS
100
AcDbLine
 10
144.7848189999999988
 20
-115.6161319999999932
 30
0
 11
144.9276759999999911
 21
-115.7113699999999881
 31
0
  0
LINE
  5
53
330
1B
100
AcDbEntity
  8
F.Silkscreen
  6
CONTINUOUS
100
AcDbLine
 10
144.9276759999999911
 20
-115.7113699999999881
 30
0
 11
145.0229139999999859
 21
-115.8066079999999971
 31
0
  0
LINE
  5
54
330
1B
100
AcDbEntity
  8
F.Silkscreen
  6
CONTINUOUS
100
AcDbLine
 10
145.0229139999999859
 20
-115.8066079999999971
 30
0
 11
145.0705329999999833
 21
-115.9018459999999919
 31
0
  0
LINE
  5
55
330
1B
100
AcDbEntity
  8
F.Silkscreen
  6
CONTINUOUS
100
AcDbLine
 10
160.1592530000000068
 20
-116.9095799999999912
 30
0
 11
160.1116339999999809
 21
-116.9572000000000003
 31
0
  0
LINE
  5
56
330
1B
100
AcDbEntity
  8
F.Silkscreen
  6
CONTINUOUS
100
AcDbLine
 10
160.1116339999999809
 20
-116.9572000000000003
 30
0
 11
159.9687769999999887
 21
-117.0048189999999977
 31
0
  0
LINE
  5
57
330
1B
100
AcDbEntity
  8
F.Silkscreen
  6
CONTINUOUS
100
AcDbLine
 10
159.9687769999999887
 20
-117.0048189999999977
 30
0
 11
159.8735389999999938
 21
-117.0048189999999977
 31
0
  0
LINE
  5
58
330
1B
100
AcDbEntity
  8
F.Silkscreen
  6
CONTINUOUS
100
AcDbLine
 10
159.8735389999999938
 20
-117.0048189999999977
 30
0
 11
159.7306820000000016
 21
-116.9572000000000003
 31
0
  0
LINE
  5
59
330
1B
100
AcDbEntity
  8
F.Silkscreen
  6
CONTINUOUS
100
AcDbLine
 10
159.7306820000000016
 20
-116.9572000000000003
 30
0
 11
159.6354440000000068
 21
-116.8619609999999938
 31
0
  0
LINE
  5
5A
330
1B
100
AcDbEntity
  8
F.Silkscreen
  6
CONTINUOUS
100
AcDbLine
 10
159.6354440000000068
 20
-116.8619609999999938
 30
0
 11
159.5878249999999809
 21
-116.7667229999999989
 31
0
  0
LINE
  5
5B
330
1B
100
AcDbEntity
  8
F.Silkscreen
  6
CONTINUOUS
100
AcDbLine
 10
159.5878249999999809
 20
-116.7667229999999989
 30
0
 11
159.5402059999999835
 21
-116.5762469999999951
 31
0
  0
LINE
  5
5C
330
1B
100
AcDbEntity
  8
F.Silkscreen
  6
CONTINUOUS
100
AcDbLine
 10
159.5402059999999835
 20
-116.5762469999999951
 30
0
 11
159.5402059999999835
 21
-116.4333899999999886
 31
0
  0
LINE
  5
5D
330
1B
100
AcDbEntity
  8
F.Silkscreen
  6
CONTINUOUS
100
AcDbLine
 10
159.5402059999999835
 20
-116.4333899999999886
 30
0
 11
159.5878249999999809
 21
-116.242913999999999
 31
0
  0
LINE
  5
5E
330
1B
100
AcDbEntity
  8
F.Silkscreen
  6
CONTINUOUS
100
AcDbLine
 10
159.5878249999999809
 20
-116.242913999999999
 30
0
 11
159.6354440000000068
 21
-116.1476759999999899
 31
0
  0
LINE
  5
5F
330
1B
100
AcDbEntity
  8
F.Silkscreen
  6
CONTINUOUS
100
AcDbLine
 10
159.6354440000000068
 20
-116.1476759999999899
 30
0
 11
159.7306820000000016
 21
-116.0524379999999951
 31
0
  0
LINE
  5
60
330
1B
100
AcDbEntity
  8
F.Silkscreen
  6
CONTINUOUS
100
AcDbLine
 10
159.7306820000000016
 20
-116.0524379999999951
 30
0
 11
159.8735389999999938
 21
-116.0048189999999977
 31
0
  0
LINE
  5
61
330
1B
100
AcDbEntity
  8
F.Silkscreen
  6
CONTINUOUS
100
AcDbLine
 10
159.8735389999999938
 20
-116.0048189999999977
 30
0
 11
159.9687769999999887
 21
-116.0048189999999977
 31
0
  0
LINE
  5
62
330
1B
100
AcDbEntity
  8
F.Silkscreen
  6
CONTINUOUS
100
AcDbLine
 10
159.9687769999999887
 20
-116.0048189999999977
 30
0
 11
160.1116339999999809
 21
-116.0524379999999951
 31
0
  0
LINE
  5
63
330
1B
100
AcDbEntity
  8
F.Silkscreen
  6
CONTINUOUS
100
AcDbLine
 10
160.1116339999999809
 20
-116.0524379999999951
 30
0
 11
160.1592530000000068
 21
-116.1000569999999925
 31
0
  0
LINE
  5
64
330
1B
100
AcDbEntity
  8
F.Silkscreen
  6
CONTINUOUS
100
AcDbLine
 10
160.3497299999999939
 20
-117.1000569999999925
 30
0
 11
161.1116339999999809
 21
-117.1000569999999925
 31
0
  0
LINE
  5
65
330
1B
100
AcDbEntity
  8
F.Silkscreen
  6
CONTINUOUS
100
AcDbLine
 10
161.4925869999999861
 20
-117.0048189999999977
 30
0
 11
161.3973489999999913
 21
-116.9572000000000003
 31
0
  0
LINE
  5
66
330
1B
100
AcDbEntity
  8
F.Silkscreen
  6
CONTINUOUS
100
AcDbLine
 10
161.3973489999999913
 20
-116.9572000000000003
 30
0
 11
161.3497299999999939
 21
-116.9095799999999912
 31
0
  0
LINE
  5
67
330
1B
100
AcDbEntity
  8
F.Silkscreen
  6
CONTINUOUS
100
AcDbLine
 10
161.3497299999999939
 20
-116.9095799999999912
 30
0
 11
161.3021109999999965
 21
-116.8143419999999963
 31
0
  0
LINE
  5
68
330
1B
100
AcDbEntity
  8
F.Silkscreen
  6
CONTINUOUS
100
AcDbLine
 10
161.3021109999999965
 20
-116.8143419999999963
 30
0
 11
161.3021109999999965
 21
-116.5286279999999977
 31
0
  0
LINE
  5
69
330
1B
100
AcDbEntity
  8
F.Silkscreen
  6
CONTINUOUS
100
AcDbLine
 10
161.3021109999999965
 20
-116.5286279999999977
 30
0
 11
161.3497299999999939
 21
-116.4333899999999886
 31
0
  0
LINE
  5
6A
330
1B
100
AcDbEntity
  8
F.Silkscreen
  6
CONTINUOUS
100
AcDbLine
 10
161.3497299999999939
 20
-116.4333899999999886
 30
0
 11
161.3973489999999913
 21
-116.3857709999999912
 31
0
  0
LINE
  5
6B
330
1B
100
AcDbEntity
  8
F.Silkscreen
  6
CONTINUOUS
100
AcDbLine
 10
161.3973489999999913
 20
-116.3857709999999912
 30
0
 11
161.4925869999999861
 21
-116.3381519999999938
 31
0
  0
LINE
  5
6C
330
1B
100
AcDbEntity
  8
F.Silkscreen
  6
CONTINUOUS
100
AcDbLine
 10
161.4925869999999861
 20
-116.3381519999999938
 30
0
 11
161.6354440000000068
 21
-116.3381519999999938
 31
0
  0
LINE
  5
6D
330
1B
100
AcDbEntity
  8
F.Silkscreen
  6
CONTINUOUS
100
AcDbLine
 10
161.6354440000000068
 20
-116.3381519999999938
 30
0
 11
161.7306820000000016
 21
-116.3857709999999912
 31
0
  0
LINE
  5
6E
330
1B
100
AcDbEntity
  8
F.Silkscreen
  6
CONTINUOUS
100
AcDbLine
 10
161.7306820000000016
 20
-116.3857709999999912
 30
0
 11
161.778300999999999
 21
-116.4333899999999886
 31
0
  0
LINE
  5
6F
330
1B
100
AcDbEntity
  8
F.Silkscreen
  6
CONTINUOUS
100
AcDbLine
 10
161.778300999999999
 20
-116.4333899999999886
 30
0
 11
161.8259199999999964
 21
-116.5286279999999977
 31
0
  0
LINE
  5
70
330
1B
100
AcDbEntity
  8
F.Silkscreen
  6
CONTINUOUS
100
AcDbLine
 10
161.8259199999999964
 20
-116.5286279999999977
 30
0
 11
161.8259199999999964
 21
-116.8143419999999963
 31
0
  0
LINE
  5
71
330
1B
100
AcDbEntity
  8
F.Silkscreen
  6
CONTINUOUS
100
AcDbLine
 10
161.8259199999999964
 20
-116.8143419999999963
 30
0
 11
161.778300999999999
 21
-116.9095799999999912
 31
0
  0
LINE
  5
72
330
1B
100
AcDbEntity
  8
F.Silkscreen
  6
CONTINUOUS
100
AcDbLine
 10
161.778300999999999
 20
-116.9095799999999912
 30
0
 11
161.7306820000000016
 21
-116.9572000000000003
 31
0
  0
LINE
  5
73
330
1B
100
AcDbEntity
  8
F.Silkscreen
  6
CONTINUOUS
100
AcDbLine
 10
161.7306820000000016
 20
-116.9572000000000003
 30
0
 11
161.6354440000000068
 21
-117.0048189999999977
 31
0
  0
LINE
  5
74
330
1B
100
AcDbEntity
  8
F.Silkscreen
  6
CONTINUOUS
100
AcDbLine
 10
161.6354440000000068
 20
-117.0048189999999977
 30
0
 11
161.4925869999999861
 21
-117.0048189999999977
 31
0
  0
LINE
  5
75
330
1B
100
AcDbEntity
  8
F.Silkscreen
  6
CONTINUOUS
100
AcDbLine
 10
162.6830630000000042
 20
-116.3381519999999938
 30
0
 11
162.6830630000000042
 21
-117.0048189999999977
 31
0
  0
LINE
  5
76
330
1B
100
AcDbEntity
  8
F.Silkscreen
  6
CONTINUOUS
100
AcDbLine
 10
162.2544919999999991
 20
-116.3381519999999938
 30
0
 11
162.2544919999999991
 21
-116.8619609999999938
 31
0
  0
LINE
  5
77
330
1B
100
AcDbEntity
  8
F.Silkscreen
  6
CONTINUOUS
100
AcDbLine
 10
162.2544919999999991
 20
-116.8619609999999938
 30
0
 11
162.3021109999999965
 21
-116.9572000000000003
 31
0
  0
LINE
  5
78
330
1B
100
AcDbEntity
  8
F.Silkscreen
  6
CONTINUOUS
100
AcDbLine
 10
162.3021109999999965
 20
-116.9572000000000003
 30
0
 11
162.3973489999999913
 21
-117.0048189999999977
 31
0
  0
LINE
  5
79
330
1B
100
AcDbEntity
  8
F.Silkscreen
  6
CONTINUOUS
100
AcDbLine
 10
162.3973489999999913
 20
-117.0048189999999977
 30
0
 11
162.5402059999999835
 21
-117.0048189999999977
 31
0
  0
LINE
  5
7A
330
1B
100
AcDbEntity
  8
F.Silkscreen
  6
CONTINUOUS
100
AcDbLine
 10
162.5402059999999835
 20
-117.0048189999999977
 30
0
 11
162.6354440000000068
 21
-116.9572000000000003
 31
0
  0
LINE
  5
7B
330
1B
100
AcDbEntity
  8
F.Silkscreen
  6
CONTINUOUS
100
AcDbLine
 10
162.6354440000000068
 20
-116.9572000000000003
 30
0
 11
162.6830630000000042
 21
-116.9095799999999912
 31
0
  0
LINE
  5
7C
330
1B
100
AcDbEntity
  8
F.Silkscreen
  6
CONTINUOUS
100
AcDbLine
 10
163.0163969999999836
 20
-116.3381519999999938
 30
0
 11
163.3973489999999913
 21
-116.3381519999999938
 31
0
  0
LINE
  5
7D
330
1B
100
AcDbEntity
  8
F.Silkscreen
  6
CONTINUOUS
100
AcDbLine
 10
163.1592540000000042
 20
-116.0048189999999977
 30
0
 11
163.1592540000000042
 21
-116.8619609999999938
 31
0
  0
LINE
  5
7E
330
1B
100
AcDbEntity
  8
F.Silkscreen
  6
CONTINUOUS
100
AcDbLine
 10
163.1592540000000042
 20
-116.8619609999999938
 30
0
 11
163.2068730000000016
 21
-116.9572000000000003
 31
0
  0
LINE
  5
7F
330
1B
100
AcDbEntity
  8
F.Silkscreen
  6
CONTINUOUS
100
AcDbLine
 10
163.2068730000000016
 20
-116.9572000000000003
 30
0
 11
163.3021109999999965
 21
-117.0048189999999977
 31
0
  0
LINE
  5
80
330
1B
100
AcDbEntity
  8
F.Silkscreen
  6
CONTINUOUS
100
AcDbLine
 10
163.3021109999999965
 20
-117.0048189999999977
 30
0
 11
163.3973489999999913
 21
-117.0048189999999977
 31
0
  0
LINE
  5
81
330
1B
100
AcDbEntity
  8
F.Silkscreen
  6
CONTINUOUS
100
AcDbLine
 10
164.2544919999999991
 20
-117.0048189999999977
 30
0
 11
163.6830640000000017
 21
-117.0048189999999977
 31
0
  0
LINE
  5
82
330
1B
100
AcDbEntity
  8
F.Silkscreen
  6
CONTINUOUS
100
AcDbLine
 10
163.9687779999999862
 20
-117.0048189999999977
 30
0
 11
163.9687779999999862
 21
-116.0048189999999977
 31
0
  0
LINE
  5
83
330
1B
100
AcDbEntity
  8
F.Silkscreen
  6
CONTINUOUS
100
AcDbLine
 10
163.9687779999999862
 20
-116.0048189999999977
 30
0
 11
163.8735399999999913
 21
-116.1476759999999899
 31
0
  0
LINE
  5
84
330
1B
100
AcDbEntity
  8
F.Silkscreen
  6
CONTINUOUS
100
AcDbLine
 10
163.8735399999999913
 20
-116.1476759999999899
 30
0
 11
163.7783019999999965
 21
-116.242913999999999
 31
0
  0
LINE
  5
85
330
1B
100
AcDbEntity
  8
F.Silkscreen
  6
CONTINUOUS
100
AcDbLine
 10
163.7783019999999965
 20
-116.242913999999999
 30
0
 11
163.6830640000000017
 21
-116.2905329999999964
 31
0
  0
LINE
  5
86
330
1B
100
AcDbEntity
  8
F.Silkscreen
  6
CONTINUOUS
100
AcDbLine
 10
130.1333329999999933
 20
-93.2848189999999988
 30
0
 11
129.7999999999999829
 21
-92.8086279999999988
 31
0
  0
LINE
  5
87
330
1B
100
AcDbEntity
  8
F.Silkscreen
  6
CONTINUOUS
100
AcDbLine
 10
129.5619049999999959
 20
-93.2848189999999988
 30
0
 11
129.5619049999999959
 21
-92.2848189999999988
 31
0
  0
LINE
  5
88
330
1B
100
AcDbEntity
  8
F.Silkscreen
  6
CONTINUOUS
100
AcDbLine
 10
129.5619049999999959
 20
-92.2848189999999988
 30
0
 11
129.9428570000000036
 21
-92.2848189999999988
 31
0
  0
LINE
  5
89
330
1B
100
AcDbEntity
  8
F.Silkscreen
  6
CONTINUOUS
100
AcDbLine
 10
129.9428570000000036
 20
-92.2848189999999988
 30
0
 11
130.0380949999999984
 21
-92.3324379999999962
 31
0
  0
LINE
  5
8A
330
1B
100
AcDbEntity
  8
F.Silkscreen
  6
CONTINUOUS
100
AcDbLine
 10
130.0380949999999984
 20
-92.3324379999999962
 30
0
 11
130.0857139999999958
 21
-92.3800569999999936
 31
0
  0
LINE
  5
8B
330
1B
100
AcDbEntity
  8
F.Silkscreen
  6
CONTINUOUS
100
AcDbLine
 10
130.0857139999999958
 20
-92.3800569999999936
 30
0
 11
130.1333329999999933
 21
-92.4752950000000027
 31
0
  0
LINE
  5
8C
330
1B
100
AcDbEntity
  8
F.Silkscreen
  6
CONTINUOUS
100
AcDbLine
 10
130.1333329999999933
 20
-92.4752950000000027
 30
0
 11
130.1333329999999933
 21
-92.6181519999999949
 31
0
  0
LINE
  5
8D
330
1B
100
AcDbEntity
  8
F.Silkscreen
  6
CONTINUOUS
100
AcDbLine
 10
130.1333329999999933
 20
-92.6181519999999949
 30
0
 11
130.0857139999999958
 21
-92.7133899999999898
 31
0
  0
LINE
  5
8E
330
1B
100
AcDbEntity
  8
F.Silkscreen
  6
CONTINUOUS
100
AcDbLine
 10
130.0857139999999958
 20
-92.7133899999999898
 30
0
 11
130.0380949999999984
 21
-92.7610090000000014
 31
0
  0
LINE
  5
8F
330
1B
100
AcDbEntity
  8
F.Silkscreen
  6
CONTINUOUS
100
AcDbLine
 10
130.0380949999999984
 20
-92.7610090000000014
 30
0
 11
129.9428570000000036
 21
-92.8086279999999988
 31
0
  0
LINE
  5
90
330
1B
100
AcDbEntity
  8
F.Silkscreen
  6
CONTINUOUS
100
AcDbLine
 10
129.9428570000000036
 20
-92.8086279999999988
 30
0
 11
129.5619049999999959
 21
-92.8086279999999988
 31
0
  0
LINE
  5
91
330
1B
100
AcDbEntity
  8
F.Silkscreen
  6
CONTINUOUS
100
AcDbLine
 10
130.4666670000000011
 20
-92.2848189999999988
 30
0
 11
131.0857139999999958
 21
-92.2848189999999988
 31
0
  0
LINE
  5
92
330
1B
100
AcDbEntity
  8
F.Silkscreen
  6
CONTINUOUS
100
AcDbLine
 10
131.0857139999999958
 20
-92.2848189999999988
 30
0
 11
130.7523809999999855
 21
-92.6657709999999923
 31
0
  0
LINE
  5
93
330
1B
100
AcDbEntity
  8
F.Silkscreen
  6
CONTINUOUS
100
AcDbLine
 10
130.7523809999999855
 20
-92.6657709999999923
 30
0
 11
130.8952380000000062
 21
-92.6657709999999923
 31
0
  0
LINE
  5
94
330
1B
100
AcDbEntity
  8
F.Silkscreen
  6
CONTINUOUS
100
AcDbLine
 10
130.8952380000000062
 20
-92.6657709999999923
 30
0
 11
130.990476000000001
 21
-92.7133899999999898
 31
0
  0
LINE
  5
95
330
1B
100
AcDbEntity
  8
F.Silkscreen
  6
CONTINUOUS
100
AcDbLine
 10
130.990476000000001
 20
-92.7133899999999898
 30
0
 11
131.0380949999999984
 21
-92.7610090000000014
 31
0
  0
LINE
  5
96
330
1B
100
AcDbEntity
  8
F.Silkscreen
  6
CONTINUOUS
100
AcDbLine
 10
131.0380949999999984
 20
-92.7610090000000014
 30
0
 11
131.0857139999999958
 21
-92.8562469999999962
 31
0
  0
LINE
  5
97
330
1B
100
AcDbEntity
  8
F.Silkscreen
  6
CONTINUOUS
100
AcDbLine
 10
131.0857139999999958
 20
-92.8562469999999962
 30
0
 11
131.0857139999999958
 21
-93.0943419999999975
 31
0
  0
LINE
  5
98
330
1B
100
AcDbEntity
  8
F.Silkscreen
  6
CONTINUOUS
100
AcDbLine
 10
131.0857139999999958
 20
-93.0943419999999975
 30
0
 11
131.0380949999999984
 21
-93.1895799999999923
 31
0
  0
LINE
  5
99
330
1B
100
AcDbEntity
  8
F.Silkscreen
  6
CONTINUOUS
100
AcDbLine
 10
131.0380949999999984
 20
-93.1895799999999923
 30
0
 11
130.990476000000001
 21
-93.2372000000000014
 31
0
  0
LINE
  5
9A
330
1B
100
AcDbEntity
  8
F.Silkscreen
  6
CONTINUOUS
100
AcDbLine
 10
130.990476000000001
 20
-93.2372000000000014
 30
0
 11
130.8952380000000062
 21
-93.2848189999999988
 31
0
  0
LINE
  5
9B
330
1B
100
AcDbEntity
  8
F.Silkscreen
  6
CONTINUOUS
100
AcDbLine
 10
130.8952380000000062
 20
-93.2848189999999988
 30
0
 11
130.6095239999999933
 21
-93.2848189999999988
 31
0
  0
LINE
  5
9C
330
1B
100
AcDbEntity
  8
F.Silkscreen
  6
CONTINUOUS
100
AcDbLine
 10
130.6095239999999933
 20
-93.2848189999999988
 30
0
 11
130.5142859999999985
 21
-93.2372000000000014
 31
0
  0
LINE
  5
9D
330
1B
100
AcDbEntity
  8
F.Silkscreen
  6
CONTINUOUS
100
AcDbLine
 10
130.5142859999999985
 20
-93.2372000000000014
 30
0
 11
130.4666670000000011
 21
-93.1895799999999923
 31
0
  0
LINE
  5
9E
330
1B
100
AcDbEntity
  8
F.Silkscreen
  6
CONTINUOUS
100
AcDbLine
 10
160.0095799999999997
 20
-120.1428569999999922
 30
0
 11
160.0571999999999946
 21
-120.1904759999999897
 31
0
  0
LINE
  5
9F
330
1B
100
AcDbEntity
  8
F.Silkscreen
  6
CONTINUOUS
100
AcDbLine
 10
160.0571999999999946
 20
-120.1904759999999897
 30
0
 11
160.104818999999992
 21
-120.3333329999999961
 31
0
  0
LINE
  5
A0
330
1B
100
AcDbEntity
  8
F.Silkscreen
  6
CONTINUOUS
100
AcDbLine
 10
160.104818999999992
 20
-120.3333329999999961
 30
0
 11
160.104818999999992
 21
-120.4285709999999909
 31
0
  0
LINE
  5
A1
330
1B
100
AcDbEntity
  8
F.Silkscreen
  6
CONTINUOUS
100
AcDbLine
 10
160.104818999999992
 20
-120.4285709999999909
 30
0
 11
160.0571999999999946
 21
-120.5714279999999974
 31
0
  0
LINE
  5
A2
330
1B
100
AcDbEntity
  8
F.Silkscreen
  6
CONTINUOUS
100
AcDbLine
 10
160.0571999999999946
 20
-120.5714279999999974
 30
0
 11
159.9619610000000023
 21
-120.6666659999999922
 31
0
  0
LINE
  5
A3
330
1B
100
AcDbEntity
  8
F.Silkscreen
  6
CONTINUOUS
100
AcDbLine
 10
159.9619610000000023
 20
-120.6666659999999922
 30
0
 11
159.866722999999979
 21
-120.7142849999999896
 31
0
  0
LINE
  5
A4
330
1B
100
AcDbEntity
  8
F.Silkscreen
  6
CONTINUOUS
100
AcDbLine
 10
159.866722999999979
 20
-120.7142849999999896
 30
0
 11
159.6762469999999894
 21
-120.7619040000000012
 31
0
  0
LINE
  5
A5
330
1B
100
AcDbEntity
  8
F.Silkscreen
  6
CONTINUOUS
100
AcDbLine
 10
159.6762469999999894
 20
-120.7619040000000012
 30
0
 11
159.5333899999999971
 21
-120.7619040000000012
 31
0
  0
LINE
  5
A6
330
1B
100
AcDbEntity
  8
F.Silkscreen
  6
CONTINUOUS
100
AcDbLine
 10
159.5333899999999971
 20
-120.7619040000000012
 30
0
 11
159.3429139999999791
 21
-120.7142849999999896
 31
0
  0
LINE
  5
A7
330
1B
100
AcDbEntity
  8
F.Silkscreen
  6
CONTINUOUS
100
AcDbLine
 10
159.3429139999999791
 20
-120.7142849999999896
 30
0
 11
159.2476759999999842
 21
-120.6666659999999922
 31
0
  0
LINE
  5
A8
330
1B
100
AcDbEntity
  8
F.Silkscreen
  6
CONTINUOUS
100
AcDbLine
 10
159.2476759999999842
 20
-120.6666659999999922
 30
0
 11
159.1524379999999894
 21
-120.5714279999999974
 31
0
  0
LINE
  5
A9
330
1B
100
AcDbEntity
  8
F.Silkscreen
  6
CONTINUOUS
100
AcDbLine
 10
159.1524379999999894
 20
-120.5714279999999974
 30
0
 11
159.104818999999992
 21
-120.4285709999999909
 31
0
  0
LINE
  5
AA
330
1B
100
AcDbEntity
  8
F.Silkscreen
  6
CONTINUOUS
100
AcDbLine
 10
159.104818999999992
 20
-120.4285709999999909
 30
0
 11
159.104818999999992
 21
-120.3333329999999961
 31
0
  0
LINE
  5
AB
330
1B
100
AcDbEntity
  8
F.Silkscreen
  6
CONTINUOUS
100
AcDbLine
 10
159.104818999999992
 20
-120.3333329999999961
 30
0
 11
159.1524379999999894
 21
-120.1904759999999897
 31
0
  0
LINE
  5
AC
330
1B
100
AcDbEntity
  8
F.Silkscreen
  6
CONTINUOUS
100
AcDbLine
 10
159.1524379999999894
 20
-120.1904759999999897
 30
0
 11
159.2000569999999868
 21
-120.1428569999999922
 31
0
  0
LINE
  5
AD
330
1B
100
AcDbEntity
  8
F.Silkscreen
  6
CONTINUOUS
100
AcDbLine
 10
160.104818999999992
 20
-119.1904759999999897
 30
0
 11
160.104818999999992
 21
-119.7619040000000012
 31
0
  0
LINE
  5
AE
330
1B
100
AcDbEntity
  8
F.Silkscreen
  6
CONTINUOUS
100
AcDbLine
 10
160.104818999999992
 20
-119.4761899999999883
 30
0
 11
159.104818999999992
 21
-119.4761899999999883
 31
0
  0
LINE
  5
AF
330
1B
100
AcDbEntity
  8
F.Silkscreen
  6
CONTINUOUS
100
AcDbLine
 10
159.104818999999992
 20
-119.4761899999999883
 30
0
 11
159.2476759999999842
 21
-119.5714279999999974
 31
0
  0
LINE
  5
B0
330
1B
100
AcDbEntity
  8
F.Silkscreen
  6
CONTINUOUS
100
AcDbLine
 10
159.2476759999999842
 20
-119.5714279999999974
 30
0
 11
159.3429139999999791
 21
-119.6666659999999922
 31
0
  0
LINE
  5
B1
330
1B
100
AcDbEntity
  8
F.Silkscreen
  6
CONTINUOUS
100
AcDbLine
 10
159.3429139999999791
 20
-119.6666659999999922
 30
0
 11
159.3905330000000049
 21
-119.7619040000000012
 31
0
  0
LINE
  5
B2
330
1B
100
AcDbEntity
  8
F.Silkscreen
  6
CONTINUOUS
100
AcDbLine
 10
159.104818999999992
 20
-118.5714279999999974
 30
0
 11
159.104818999999992
 21
-118.4761899999999883
 31
0
  0
LINE
  5
B3
330
1B
100
AcDbEntity
  8
F.Silkscreen
  6
CONTINUOUS
100
AcDbLine
 10
159.104818999999992
 20
-118.4761899999999883
 30
0
 11
159.1524379999999894
 21
-118.3809519999999935
 31
0
  0
LINE
  5
B4
330
1B
100
AcDbEntity
  8
F.Silkscreen
  6
CONTINUOUS
100
AcDbLine
 10
159.1524379999999894
 20
-118.3809519999999935
 30
0
 11
159.2000569999999868
 21
-118.3333329999999961
 31
0
  0
LINE
  5
B5
330
1B
100
AcDbEntity
  8
F.Silkscreen
  6
CONTINUOUS
100
AcDbLine
 10
159.2000569999999868
 20
-118.3333329999999961
 30
0
 11
159.2952949999999817
 21
-118.2857139999999987
 31
0
  0
LINE
  5
B6
330
1B
100
AcDbEntity
  8
F.Silkscreen
  6
CONTINUOUS
100
AcDbLine
 10
159.2952949999999817
 20
-118.2857139999999987
 30
0
 11
159.4857709999999997
 21
-118.2380950000000013
 31
0
  0
LINE
  5
B7
330
1B
100
AcDbEntity
  8
F.Silkscreen
  6
CONTINUOUS
100
AcDbLine
 10
159.4857709999999997
 20
-118.2380950000000013
 30
0
 11
159.7238659999999868
 21
-118.2380950000000013
 31
0
  0
LINE
  5
B8
330
1B
100
AcDbEntity
  8
F.Silkscreen
  6
CONTINUOUS
100
AcDbLine
 10
159.7238659999999868
 20
-118.2380950000000013
 30
0
 11
159.9143420000000049
 21
-118.2857139999999987
 31
0
  0
LINE
  5
B9
330
1B
100
AcDbEntity
  8
F.Silkscreen
  6
CONTINUOUS
100
AcDbLine
 10
159.9143420000000049
 20
-118.2857139999999987
 30
0
 11
160.0095799999999997
 21
-118.3333329999999961
 31
0
  0
LINE
  5
BA
330
1B
100
AcDbEntity
  8
F.Silkscreen
  6
CONTINUOUS
100
AcDbLine
 10
160.0095799999999997
 20
-118.3333329999999961
 30
0
 11
160.0571999999999946
 21
-118.3809519999999935
 31
0
  0
LINE
  5
BB
330
1B
100
AcDbEntity
  8
F.Silkscreen
  6
CONTINUOUS
100
AcDbLine
 10
160.0571999999999946
 20
-118.3809519999999935
 30
0
 11
160.104818999999992
 21
-118.4761899999999883
 31
0
  0
LINE
  5
BC
330
1B
100
AcDbEntity
  8
F.Silkscreen
  6
CONTINUOUS
100
AcDbLine
 10
160.104818999999992
 20
-118.4761899999999883
 30
0
 11
160.104818999999992
 21
-118.5714279999999974
 31
0
  0
LINE
  5
BD
330
1B
100
AcDbEntity
  8
F.Silkscreen
  6
CONTINUOUS
100
AcDbLine
 10
160.104818999999992
 20
-118.5714279999999974
 30
0
 11
160.0571999999999946
 21
-118.6666659999999922
 31
0
  0
LINE
  5
BE
330
1B
100
AcDbEntity
  8
F.Silkscreen
  6
CONTINUOUS
100
AcDbLine
 10
160.0571999999999946
 20
-118.6666659999999922
 30
0
 11
160.0095799999999997
 21
-118.7142849999999896
 31
0
  0
LINE
  5
BF
330
1B
100
AcDbEntity
  8
F.Silkscreen
  6
CONTINUOUS
100
AcDbLine
 10
160.0095799999999997
 20
-118.7142849999999896
 30
0
 11
159.9143420000000049
 21
-118.7619040000000012
 31
0
  0
LINE
  5
C0
330
1B
100
AcDbEntity
  8
F.Silkscreen
  6
CONTINUOUS
100
AcDbLine
 10
159.9143420000000049
 20
-118.7619040000000012
 30
0
 11
159.7238659999999868
 21
-118.8095229999999987
 31
0
  0
LINE
  5
C1
330
1B
100
AcDbEntity
  8
F.Silkscreen
  6
CONTINUOUS
100
AcDbLine
 10
159.7238659999999868
 20
-118.8095229999999987
 30
0
 11
159.4857709999999997
 21
-118.8095229999999987
 31
0
  0
LINE
  5
C2
330
1B
100
AcDbEntity
  8
F.Silkscreen
  6
CONTINUOUS
100
AcDbLine
 10
159.4857709999999997
 20
-118.8095229999999987
 30
0
 11
159.2952949999999817
 21
-118.7619040000000012
 31
0
  0
LINE
  5
C3
330
1B
100
AcDbEntity
  8
F.Silkscreen
  6
CONTINUOUS
100
AcDbLine
 10
159.2952949999999817
 20
-118.7619040000000012
 30
0
 11
159.2000569999999868
 21
-118.7142849999999896
 31
0
  0
LINE
  5
C4
330
1B
100
AcDbEntity
  8
F.Silkscreen
  6
CONTINUOUS
100
AcDbLine
 10
159.2000569999999868
 20
-118.7142849999999896
 30
0
 11
159.1524379999999894
 21
-118.6666659999999922
 31
0
  0
LINE
  5
C5
330
1B
100
AcDbEntity
  8
F.Silkscreen
  6
CONTINUOUS
100
AcDbLine
 10
159.1524379999999894
 20
-118.6666659999999922
 30
0
 11
159.104818999999992
 21
-118.5714279999999974
 31
0
  0
LINE
  5
C6
330
1B
100
AcDbEntity
  8
F.Silkscreen
  6
CONTINUOUS
100
AcDbLine
 10
147.0595799999999826
 20
-93.2328569999999957
 30
0
 11
147.107200000000006
 21
-93.2804759999999931
 31
0
  0
LINE
  5
C7
330
1B
100
AcDbEntity
  8
F.Silkscreen
  6
CONTINUOUS
100
AcDbLine
 10
147.107200000000006
 20
-93.2804759999999931
 30
0
 11
147.1548190000000034
 21
-93.4233329999999995
 31
0
  0
LINE
  5
C8
330
1B
100
AcDbEntity
  8
F.Silkscreen
  6
CONTINUOUS
100
AcDbLine
 10
147.1548190000000034
 20
-93.4233329999999995
 30
0
 11
147.1548190000000034
 21
-93.5185709999999943
 31
0
  0
LINE
  5
C9
330
1B
100
AcDbEntity
  8
F.Silkscreen
  6
CONTINUOUS
100
AcDbLine
 10
147.1548190000000034
 20
-93.5185709999999943
 30
0
 11
147.107200000000006
 21
-93.6614280000000008
 31
0
  0
LINE
  5
CA
330
1B
100
AcDbEntity
  8
F.Silkscreen
  6
CONTINUOUS
100
AcDbLine
 10
147.107200000000006
 20
-93.6614280000000008
 30
0
 11
147.0119609999999852
 21
-93.7566659999999956
 31
0
  0
LINE
  5
CB
330
1B
100
AcDbEntity
  8
F.Silkscreen
  6
CONTINUOUS
100
AcDbLine
 10
147.0119609999999852
 20
-93.7566659999999956
 30
0
 11
146.9167229999999904
 21
-93.804284999999993
 31
0
  0
LINE
  5
CC
330
1B
100
AcDbEntity
  8
F.Silkscreen
  6
CONTINUOUS
100
AcDbLine
 10
146.9167229999999904
 20
-93.804284999999993
 30
0
 11
146.7262470000000008
 21
-93.8519039999999904
 31
0
  0
LINE
  5
CD
330
1B
100
AcDbEntity
  8
F.Silkscreen
  6
CONTINUOUS
100
AcDbLine
 10
146.7262470000000008
 20
-93.8519039999999904
 30
0
 11
146.5833899999999801
 21
-93.8519039999999904
 31
0
  0
LINE
  5
CE
330
1B
100
AcDbEntity
  8
F.Silkscreen
  6
CONTINUOUS
100
AcDbLine
 10
146.5833899999999801
 20
-93.8519039999999904
 30
0
 11
146.3929139999999904
 21
-93.804284999999993
 31
0
  0
LINE
  5
CF
330
1B
100
AcDbEntity
  8
F.Silkscreen
  6
CONTINUOUS
100
AcDbLine
 10
146.3929139999999904
 20
-93.804284999999993
 30
0
 11
146.2976759999999956
 21
-93.7566659999999956
 31
0
  0
LINE
  5
D0
330
1B
100
AcDbEntity
  8
F.Silkscreen
  6
CONTINUOUS
100
AcDbLine
 10
146.2976759999999956
 20
-93.7566659999999956
 30
0
 11
146.2024380000000008
 21
-93.6614280000000008
 31
0
  0
LINE
  5
D1
330
1B
100
AcDbEntity
  8
F.Silkscreen
  6
CONTINUOUS
100
AcDbLine
 10
146.2024380000000008
 20
-93.6614280000000008
 30
0
 11
146.1548190000000034
 21
-93.5185709999999943
 31
0
  0
LINE
  5
D2
330
1B
100
AcDbEntity
  8
F.Silkscreen
  6
CONTINUOUS
100
AcDbLine
 10
146.1548190000000034
 20
-93.5185709999999943
 30
0
 11
146.1548190000000034
 21
-93.4233329999999995
 31
0
  0
LINE
  5
D3
330
1B
100
AcDbEntity
  8
F.Silkscreen
  6
CONTINUOUS
100
AcDbLine
 10
146.1548190000000034
 20
-93.4233329999999995
 30
0
 11
146.2024380000000008
 21
-93.2804759999999931
 31
0
  0
LINE
  5
D4
330
1B
100
AcDbEntity
  8
F.Silkscreen
  6
CONTINUOUS
100
AcDbLine
 10
146.2024380000000008
 20
-93.2804759999999931
 30
0
 11
146.2500569999999982
 21
-93.2328569999999957
 31
0
  0
LINE
  5
D5
330
1B
100
AcDbEntity
  8
F.Silkscreen
  6
CONTINUOUS
100
AcDbLine
 10
147.1548190000000034
 20
-92.2804759999999931
 30
0
 11
147.1548190000000034
 21
-92.8519039999999904
 31
0
  0
LINE
  5
D6
330
1B
100
AcDbEntity
  8
F.Silkscreen
  6
CONTINUOUS
100
AcDbLine
 10
147.1548190000000034
 20
-92.5661899999999918
 30
0
 11
146.1548190000000034
 21
-92.5661899999999918
 31
0
  0
LINE
  5
D7
330
1B
100
AcDbEntity
  8
F.Silkscreen
  6
CONTINUOUS
100
AcDbLine
 10
146.1548190000000034
 20
-92.5661899999999918
 30
0
 11
146.2976759999999956
 21
-92.6614280000000008
 31
0
  0
LINE
  5
D8
330
1B
100
AcDbEntity
  8
F.Silkscreen
  6
CONTINUOUS
100
AcDbLine
 10
146.2976759999999956
 20
-92.6614280000000008
 30
0
 11
146.3929139999999904
 21
-92.7566659999999956
 31
0
  0
LINE
  5
D9
330
1B
100
AcDbEntity
  8
F.Silkscreen
  6
CONTINUOUS
100
AcDbLine
 10
146.3929139999999904
 20
-92.7566659999999956
 30
0
 11
146.4405329999999879
 21
-92.8519039999999904
 31
0
  0
LINE
  5
DA
330
1B
100
AcDbEntity
  8
F.Silkscreen
  6
CONTINUOUS
100
AcDbLine
 10
146.4881519999999853
 20
-91.4233329999999995
 30
0
 11
147.1548190000000034
 21
-91.4233329999999995
 31
0
  0
LINE
  5
DB
330
1B
100
AcDbEntity
  8
F.Silkscreen
  6
CONTINUOUS
100
AcDbLine
 10
146.107200000000006
 20
-91.6614280000000008
 30
0
 11
146.8214849999999956
 21
-91.8995230000000021
 31
0
  0
LINE
  5
DC
330
1B
100
AcDbEntity
  8
F.Silkscreen
  6
CONTINUOUS
100
AcDbLine
 10
146.8214849999999956
 20
-91.8995230000000021
 30
0
 11
146.8214849999999956
 21
-91.2804759999999931
 31
0
  0
LINE
  5
DD
330
1B
100
AcDbEntity
  8
F.Silkscreen
  6
CONTINUOUS
100
AcDbLine
 10
150.823332999999991
 20
-61.6248189999999951
 30
0
 11
150.4899999999999807
 21
-61.1486279999999951
 31
0
  0
LINE
  5
DE
330
1B
100
AcDbEntity
  8
F.Silkscreen
  6
CONTINUOUS
100
AcDbLine
 10
150.2519049999999936
 20
-61.6248189999999951
 30
0
 11
150.2519049999999936
 21
-60.6248189999999951
 31
0
  0
LINE
  5
DF
330
1B
100
AcDbEntity
  8
F.Silkscreen
  6
CONTINUOUS
100
AcDbLine
 10
150.2519049999999936
 20
-60.6248189999999951
 30
0
 11
150.6328570000000013
 21
-60.6248189999999951
 31
0
  0
LINE
  5
E0
330
1B
100
AcDbEntity
  8
F.Silkscreen
  6
CONTINUOUS
100
AcDbLine
 10
150.6328570000000013
 20
-60.6248189999999951
 30
0
 11
150.7280949999999962
 21
-60.6724379999999996
 31
0
  0
LINE
  5
E1
330
1B
100
AcDbEntity
  8
F.Silkscreen
  6
CONTINUOUS
100
AcDbLine
 10
150.7280949999999962
 20
-60.6724379999999996
 30
0
 11
150.7757139999999936
 21
-60.7200569999999971
 31
0
  0
LINE
  5
E2
330
1B
100
AcDbEntity
  8
F.Silkscreen
  6
CONTINUOUS
100
AcDbLine
 10
150.7757139999999936
 20
-60.7200569999999971
 30
0
 11
150.823332999999991
 21
-60.815294999999999
 31
0
  0
LINE
  5
E3
330
1B
100
AcDbEntity
  8
F.Silkscreen
  6
CONTINUOUS
100
AcDbLine
 10
150.823332999999991
 20
-60.815294999999999
 30
0
 11
150.823332999999991
 21
-60.9581519999999983
 31
0
  0
LINE
  5
E4
330
1B
100
AcDbEntity
  8
F.Silkscreen
  6
CONTINUOUS
100
AcDbLine
 10
150.823332999999991
 20
-60.9581519999999983
 30
0
 11
150.7757139999999936
 21
-61.0533900000000003
 31
0
  0
LINE
  5
E5
330
1B
100
AcDbEntity
  8
F.Silkscreen
  6
CONTINUOUS
100
AcDbLine
 10
150.7757139999999936
 20
-61.0533900000000003
 30
0
 11
150.7280949999999962
 21
-61.1010089999999977
 31
0
  0
LINE
  5
E6
330
1B
100
AcDbEntity
  8
F.Silkscreen
  6
CONTINUOUS
100
AcDbLine
 10
150.7280949999999962
 20
-61.1010089999999977
 30
0
 11
150.6328570000000013
 21
-61.1486279999999951
 31
0
  0
LINE
  5
E7
330
1B
100
AcDbEntity
  8
F.Silkscreen
  6
CONTINUOUS
100
AcDbLine
 10
150.6328570000000013
 20
-61.1486279999999951
 30
0
 11
150.2519049999999936
 21
-61.1486279999999951
 31
0
  0
LINE
  5
E8
330
1B
100
AcDbEntity
  8
F.Silkscreen
  6
CONTINUOUS
100
AcDbLine
 10
151.1566669999999988
 20
-60.6248189999999951
 30
0
 11
151.823332999999991
 21
-60.6248189999999951
 31
0
  0
LINE
  5
E9
330
1B
100
AcDbEntity
  8
F.Silkscreen
  6
CONTINUOUS
100
AcDbLine
 10
151.823332999999991
 20
-60.6248189999999951
 30
0
 11
151.3947619999999858
 21
-61.6248189999999951
 31
0
  0
LINE
  5
EA
330
1B
100
AcDbEntity
  8
F.Silkscreen
  6
CONTINUOUS
100
AcDbLine
 10
100.861904999999993
 20
-114.7548189999999977
 30
0
 11
100.861904999999993
 21
-113.7548189999999977
 31
0
  0
LINE
  5
EB
330
1B
100
AcDbEntity
  8
F.Silkscreen
  6
CONTINUOUS
100
AcDbLine
 10
100.861904999999993
 20
-113.7548189999999977
 30
0
 11
101.0999999999999943
 21
-113.7548189999999977
 31
0
  0
LINE
  5
EC
330
1B
100
AcDbEntity
  8
F.Silkscreen
  6
CONTINUOUS
100
AcDbLine
 10
101.0999999999999943
 20
-113.7548189999999977
 30
0
 11
101.2428570000000008
 21
-113.8024379999999951
 31
0
  0
LINE
  5
ED
330
1B
100
AcDbEntity
  8
F.Silkscreen
  6
CONTINUOUS
100
AcDbLine
 10
101.2428570000000008
 20
-113.8024379999999951
 30
0
 11
101.3380949999999956
 21
-113.8976759999999899
 31
0
  0
LINE
  5
EE
330
1B
100
AcDbEntity
  8
F.Silkscreen
  6
CONTINUOUS
100
AcDbLine
 10
101.3380949999999956
 20
-113.8976759999999899
 30
0
 11
101.385713999999993
 21
-113.992913999999999
 31
0
  0
LINE
  5
EF
330
1B
100
AcDbEntity
  8
F.Silkscreen
  6
CONTINUOUS
100
AcDbLine
 10
101.385713999999993
 20
-113.992913999999999
 30
0
 11
101.4333329999999904
 21
-114.1833899999999886
 31
0
  0
LINE
  5
F0
330
1B
100
AcDbEntity
  8
F.Silkscreen
  6
CONTINUOUS
100
AcDbLine
 10
101.4333329999999904
 20
-114.1833899999999886
 30
0
 11
101.4333329999999904
 21
-114.3262469999999951
 31
0
  0
LINE
  5
F1
330
1B
100
AcDbEntity
  8
F.Silkscreen
  6
CONTINUOUS
100
AcDbLine
 10
101.4333329999999904
 20
-114.3262469999999951
 30
0
 11
101.385713999999993
 21
-114.5167229999999989
 31
0
  0
LINE
  5
F2
330
1B
100
AcDbEntity
  8
F.Silkscreen
  6
CONTINUOUS
100
AcDbLine
 10
101.385713999999993
 20
-114.5167229999999989
 30
0
 11
101.3380949999999956
 21
-114.6119609999999938
 31
0
  0
LINE
  5
F3
330
1B
100
AcDbEntity
  8
F.Silkscreen
  6
CONTINUOUS
100
AcDbLine
 10
101.3380949999999956
 20
-114.6119609999999938
 30
0
 11
101.2428570000000008
 21
-114.7072000000000003
 31
0
  0
LINE
  5
F4
330
1B
100
AcDbEntity
  8
F.Silkscreen
  6
CONTINUOUS
100
AcDbLine
 10
101.2428570000000008
 20
-114.7072000000000003
 30
0
 11
101.0999999999999943
 21
-114.7548189999999977
 31
0
  0
LINE
  5
F5
330
1B
100
AcDbEntity
  8
F.Silkscreen
  6
CONTINUOUS
100
AcDbLine
 10
101.0999999999999943
 20
-114.7548189999999977
 30
0
 11
100.861904999999993
 21
-114.7548189999999977
 31
0
  0
LINE
  5
F6
330
1B
100
AcDbEntity
  8
F.Silkscreen
  6
CONTINUOUS
100
AcDbLine
 10
102.385713999999993
 20
-114.7548189999999977
 30
0
 11
101.8142859999999956
 21
-114.7548189999999977
 31
0
  0
LINE
  5
F7
330
1B
100
AcDbEntity
  8
F.Silkscreen
  6
CONTINUOUS
100
AcDbLine
 10
102.0999999999999943
 20
-114.7548189999999977
 30
0
 11
102.0999999999999943
 21
-113.7548189999999977
 31
0
  0
LINE
  5
F8
330
1B
100
AcDbEntity
  8
F.Silkscreen
  6
CONTINUOUS
100
AcDbLine
 10
102.0999999999999943
 20
-113.7548189999999977
 30
0
 11
102.0047619999999995
 21
-113.8976759999999899
 31
0
  0
LINE
  5
F9
330
1B
100
AcDbEntity
  8
F.Silkscreen
  6
CONTINUOUS
100
AcDbLine
 10
102.0047619999999995
 20
-113.8976759999999899
 30
0
 11
101.9095239999999905
 21
-113.992913999999999
 31
0
  0
LINE
  5
FA
330
1B
100
AcDbEntity
  8
F.Silkscreen
  6
CONTINUOUS
100
AcDbLine
 10
101.9095239999999905
 20
-113.992913999999999
 30
0
 11
101.8142859999999956
 21
-114.0405329999999964
 31
0
  0
LINE
  5
FB
330
1B
100
AcDbEntity
  8
F.Silkscreen
  6
CONTINUOUS
100
AcDbLine
 10
158.0833329999999819
 20
-84.0548189999999948
 30
0
 11
157.6071429999999793
 21
-84.0548189999999948
 31
0
  0
LINE
  5
FC
330
1B
100
AcDbEntity
  8
F.Silkscreen
  6
CONTINUOUS
100
AcDbLine
 10
157.6071429999999793
 20
-84.0548189999999948
 30
0
 11
157.6071429999999793
 21
-83.0548189999999948
 31
0
  0
LINE
  5
FD
330
1B
100
AcDbEntity
  8
F.Silkscreen
  6
CONTINUOUS
100
AcDbLine
 10
158.4166669999999897
 20
-84.0548189999999948
 30
0
 11
158.4166669999999897
 21
-83.0548189999999948
 31
0
  0
LINE
  5
FE
330
1B
100
AcDbEntity
  8
F.Silkscreen
  6
CONTINUOUS
100
AcDbLine
 10
158.9880949999999871
 20
-84.0548189999999948
 30
0
 11
158.5595239999999819
 21
-83.48339
 31
0
  0
LINE
  5
FF
330
1B
100
AcDbEntity
  8
F.Silkscreen
  6
CONTINUOUS
100
AcDbLine
 10
158.9880949999999871
 20
-83.0548189999999948
 30
0
 11
158.4166669999999897
 21
-83.6262469999999922
 31
0
  0
LINE
  5
100
330
1B
100
AcDbEntity
  8
F.Silkscreen
  6
CONTINUOUS
100
AcDbLine
 10
159.9404759999999897
 20
-84.0548189999999948
 30
0
 11
159.3690479999999923
 21
-84.0548189999999948
 31
0
  0
LINE
  5
101
330
1B
100
AcDbEntity
  8
F.Silkscreen
  6
CONTINUOUS
100
AcDbLine
 10
159.6547620000000052
 20
-84.0548189999999948
 30
0
 11
159.6547620000000052
 21
-83.0548189999999948
 31
0
  0
LINE
  5
102
330
1B
100
AcDbEntity
  8
F.Silkscreen
  6
CONTINUOUS
100
AcDbLine
 10
159.6547620000000052
 20
-83.0548189999999948
 30
0
 11
159.5595239999999819
 21
-83.1976760000000013
 31
0
  0
LINE
  5
103
330
1B
100
AcDbEntity
  8
F.Silkscreen
  6
CONTINUOUS
100
AcDbLine
 10
159.5595239999999819
 20
-83.1976760000000013
 30
0
 11
159.4642859999999871
 21
-83.2929139999999961
 31
0
  0
LINE
  5
104
330
1B
100
AcDbEntity
  8
F.Silkscreen
  6
CONTINUOUS
100
AcDbLine
 10
159.4642859999999871
 20
-83.2929139999999961
 30
0
 11
159.3690479999999923
 21
-83.3405329999999935
 31
0
  0
LINE
  5
105
330
1B
100
AcDbEntity
  8
F.Silkscreen
  6
CONTINUOUS
100
AcDbLine
 10
149.5098189999999931
 20
-59.1333330000000004
 30
0
 11
150.2241039999999828
 21
-59.1333330000000004
 31
0
  0
LINE
  5
106
330
1B
100
AcDbEntity
  8
F.Silkscreen
  6
CONTINUOUS
100
AcDbLine
 10
150.2241039999999828
 20
-59.1333330000000004
 30
0
 11
150.3669610000000034
 21
-59.1809519999999978
 31
0
  0
LINE
  5
107
330
1B
100
AcDbEntity
  8
F.Silkscreen
  6
CONTINUOUS
100
AcDbLine
 10
150.3669610000000034
 20
-59.1809519999999978
 30
0
 11
150.4621999999999957
 21
-59.2761899999999997
 31
0
  0
LINE
  5
108
330
1B
100
AcDbEntity
  8
F.Silkscreen
  6
CONTINUOUS
100
AcDbLine
 10
150.4621999999999957
 20
-59.2761899999999997
 30
0
 11
150.5098189999999931
 21
-59.4190469999999991
 31
0
  0
LINE
  5
109
330
1B
100
AcDbEntity
  8
F.Silkscreen
  6
CONTINUOUS
100
AcDbLine
 10
150.5098189999999931
 20
-59.4190469999999991
 30
0
 11
150.5098189999999931
 21
-59.5142849999999939
 31
0
  0
LINE
  5
10A
330
1B
100
AcDbEntity
  8
F.Silkscreen
  6
CONTINUOUS
100
AcDbLine
 10
150.5098189999999931
 20
-58.6571420000000003
 30
0
 11
149.5098189999999931
 21
-58.6571420000000003
 31
0
  0
LINE
  5
10B
330
1B
100
AcDbEntity
  8
F.Silkscreen
  6
CONTINUOUS
100
AcDbLine
 10
149.5098189999999931
 20
-58.6571420000000003
 30
0
 11
149.5098189999999931
 21
-58.2761899999999997
 31
0
  0
LINE
  5
10C
330
1B
100
AcDbEntity
  8
F.Silkscreen
  6
CONTINUOUS
100
AcDbLine
 10
149.5098189999999931
 20
-58.2761899999999997
 30
0
 11
149.5574379999999906
 21
-58.1809519999999978
 31
0
  0
LINE
  5
10D
330
1B
100
AcDbEntity
  8
F.Silkscreen
  6
CONTINUOUS
100
AcDbLine
 10
149.5574379999999906
 20
-58.1809519999999978
 30
0
 11
149.605056999999988
 21
-58.1333330000000004
 31
0
  0
LINE
  5
10E
330
1B
100
AcDbEntity
  8
F.Silkscreen
  6
CONTINUOUS
100
AcDbLine
 10
149.605056999999988
 20
-58.1333330000000004
 30
0
 11
149.7002949999999828
 21
-58.0857139999999958
 31
0
  0
LINE
  5
10F
330
1B
100
AcDbEntity
  8
F.Silkscreen
  6
CONTINUOUS
100
AcDbLine
 10
149.7002949999999828
 20
-58.0857139999999958
 30
0
 11
149.8431520000000035
 21
-58.0857139999999958
 31
0
  0
LINE
  5
110
330
1B
100
AcDbEntity
  8
F.Silkscreen
  6
CONTINUOUS
100
AcDbLine
 10
149.8431520000000035
 20
-58.0857139999999958
 30
0
 11
149.9383899999999983
 21
-58.1333330000000004
 31
0
  0
LINE
  5
111
330
1B
100
AcDbEntity
  8
F.Silkscreen
  6
CONTINUOUS
100
AcDbLine
 10
149.9383899999999983
 20
-58.1333330000000004
 30
0
 11
149.9860089999999957
 21
-58.1809519999999978
 31
0
  0
LINE
  5
112
330
1B
100
AcDbEntity
  8
F.Silkscreen
  6
CONTINUOUS
100
AcDbLine
 10
149.9860089999999957
 20
-58.1809519999999978
 30
0
 11
150.0336279999999931
 21
-58.2761899999999997
 31
0
  0
LINE
  5
113
330
1B
100
AcDbEntity
  8
F.Silkscreen
  6
CONTINUOUS
100
AcDbLine
 10
150.0336279999999931
 20
-58.2761899999999997
 30
0
 11
150.0336279999999931
 21
-58.6571420000000003
 31
0
  0
LINE
  5
114
330
1B
100
AcDbEntity
  8
F.Silkscreen
  6
CONTINUOUS
100
AcDbLine
 10
149.5098189999999931
 20
-57.7523799999999952
 30
0
 11
149.5098189999999931
 21
-57.1333330000000004
 31
0
  0
LINE
  5
115
330
1B
100
AcDbEntity
  8
F.Silkscreen
  6
CONTINUOUS
100
AcDbLine
 10
149.5098189999999931
 20
-57.1333330000000004
 30
0
 11
149.8907710000000009
 21
-57.4666659999999965
 31
0
  0
LINE
  5
116
330
1B
100
AcDbEntity
  8
F.Silkscreen
  6
CONTINUOUS
100
AcDbLine
 10
149.8907710000000009
 20
-57.4666659999999965
 30
0
 11
149.8907710000000009
 21
-57.3238089999999971
 31
0
  0
LINE
  5
117
330
1B
100
AcDbEntity
  8
F.Silkscreen
  6
CONTINUOUS
100
AcDbLine
 10
149.8907710000000009
 20
-57.3238089999999971
 30
0
 11
149.9383899999999983
 21
-57.2285709999999952
 31
0
  0
LINE
  5
118
330
1B
100
AcDbEntity
  8
F.Silkscreen
  6
CONTINUOUS
100
AcDbLine
 10
149.9383899999999983
 20
-57.2285709999999952
 30
0
 11
149.9860089999999957
 21
-57.1809519999999978
 31
0
  0
LINE
  5
119
330
1B
100
AcDbEntity
  8
F.Silkscreen
  6
CONTINUOUS
100
AcDbLine
 10
149.9860089999999957
 20
-57.1809519999999978
 30
0
 11
150.0812469999999905
 21
-57.1333330000000004
 31
0
  0
LINE
  5
11A
330
1B
100
AcDbEntity
  8
F.Silkscreen
  6
CONTINUOUS
100
AcDbLine
 10
150.0812469999999905
 20
-57.1333330000000004
 30
0
 11
150.319342000000006
 21
-57.1333330000000004
 31
0
  0
LINE
  5
11B
330
1B
100
AcDbEntity
  8
F.Silkscreen
  6
CONTINUOUS
100
AcDbLine
 10
150.319342000000006
 20
-57.1333330000000004
 30
0
 11
150.4145800000000008
 21
-57.1809519999999978
 31
0
  0
LINE
  5
11C
330
1B
100
AcDbEntity
  8
F.Silkscreen
  6
CONTINUOUS
100
AcDbLine
 10
150.4145800000000008
 20
-57.1809519999999978
 30
0
 11
150.4621999999999957
 21
-57.2285709999999952
 31
0
  0
LINE
  5
11D
330
1B
100
AcDbEntity
  8
F.Silkscreen
  6
CONTINUOUS
100
AcDbLine
 10
150.4621999999999957
 20
-57.2285709999999952
 30
0
 11
150.5098189999999931
 21
-57.3238089999999971
 31
0
  0
LINE
  5
11E
330
1B
100
AcDbEntity
  8
F.Silkscreen
  6
CONTINUOUS
100
AcDbLine
 10
150.5098189999999931
 20
-57.3238089999999971
 30
0
 11
150.5098189999999931
 21
-57.6095229999999958
 31
0
  0
LINE
  5
11F
330
1B
100
AcDbEntity
  8
F.Silkscreen
  6
CONTINUOUS
100
AcDbLine
 10
150.5098189999999931
 20
-57.6095229999999958
 30
0
 11
150.4621999999999957
 21
-57.7047609999999978
 31
0
  0
LINE
  5
120
330
1B
100
AcDbEntity
  8
F.Silkscreen
  6
CONTINUOUS
100
AcDbLine
 10
150.4621999999999957
 20
-57.7047609999999978
 30
0
 11
150.4145800000000008
 21
-57.7523799999999952
 31
0
  0
LINE
  5
121
330
1B
100
AcDbEntity
  8
F.Silkscreen
  6
CONTINUOUS
100
AcDbLine
 10
119.3095799999999969
 20
-126.5688089999999875
 30
0
 11
119.3571999999999917
 21
-126.6164279999999991
 31
0
  0
LINE
  5
122
330
1B
100
AcDbEntity
  8
F.Silkscreen
  6
CONTINUOUS
100
AcDbLine
 10
119.3571999999999917
 20
-126.6164279999999991
 30
0
 11
119.4048189999999892
 21
-126.7592849999999913
 31
0
  0
LINE
  5
123
330
1B
100
AcDbEntity
  8
F.Silkscreen
  6
CONTINUOUS
100
AcDbLine
 10
119.4048189999999892
 20
-126.7592849999999913
 30
0
 11
119.4048189999999892
 21
-126.8545230000000004
 31
0
  0
LINE
  5
124
330
1B
100
AcDbEntity
  8
F.Silkscreen
  6
CONTINUOUS
100
AcDbLine
 10
119.4048189999999892
 20
-126.8545230000000004
 30
0
 11
119.3571999999999917
 21
-126.9973799999999926
 31
0
  0
LINE
  5
125
330
1B
100
AcDbEntity
  8
F.Silkscreen
  6
CONTINUOUS
100
AcDbLine
 10
119.3571999999999917
 20
-126.9973799999999926
 30
0
 11
119.2619609999999994
 21
-127.0926179999999874
 31
0
  0
LINE
  5
126
330
1B
100
AcDbEntity
  8
F.Silkscreen
  6
CONTINUOUS
100
AcDbLine
 10
119.2619609999999994
 20
-127.0926179999999874
 30
0
 11
119.1667229999999904
 21
-127.1402369999999991
 31
0
  0
LINE
  5
127
330
1B
100
AcDbEntity
  8
F.Silkscreen
  6
CONTINUOUS
100
AcDbLine
 10
119.1667229999999904
 20
-127.1402369999999991
 30
0
 11
118.9762470000000008
 21
-127.1878559999999965
 31
0
  0
LINE
  5
128
330
1B
100
AcDbEntity
  8
F.Silkscreen
  6
CONTINUOUS
100
AcDbLine
 10
118.9762470000000008
 20
-127.1878559999999965
 30
0
 11
118.8333899999999943
 21
-127.1878559999999965
 31
0
  0
LINE
  5
129
330
1B
100
AcDbEntity
  8
F.Silkscreen
  6
CONTINUOUS
100
AcDbLine
 10
118.8333899999999943
 20
-127.1878559999999965
 30
0
 11
118.6429139999999904
 21
-127.1402369999999991
 31
0
  0
LINE
  5
12A
330
1B
100
AcDbEntity
  8
F.Silkscreen
  6
CONTINUOUS
100
AcDbLine
 10
118.6429139999999904
 20
-127.1402369999999991
 30
0
 11
118.5476759999999956
 21
-127.0926179999999874
 31
0
  0
LINE
  5
12B
330
1B
100
AcDbEntity
  8
F.Silkscreen
  6
CONTINUOUS
100
AcDbLine
 10
118.5476759999999956
 20
-127.0926179999999874
 30
0
 11
118.4524380000000008
 21
-126.9973799999999926
 31
0
  0
LINE
  5
12C
330
1B
100
AcDbEntity
  8
F.Silkscreen
  6
CONTINUOUS
100
AcDbLine
 10
118.4524380000000008
 20
-126.9973799999999926
 30
0
 11
118.4048189999999892
 21
-126.8545230000000004
 31
0
  0
LINE
  5
12D
330
1B
100
AcDbEntity
  8
F.Silkscreen
  6
CONTINUOUS
100
AcDbLine
 10
118.4048189999999892
 20
-126.8545230000000004
 30
0
 11
118.4048189999999892
 21
-126.7592849999999913
 31
0
  0
LINE
  5
12E
330
1B
100
AcDbEntity
  8
F.Silkscreen
  6
CONTINUOUS
100
AcDbLine
 10
118.4048189999999892
 20
-126.7592849999999913
 30
0
 11
118.4524380000000008
 21
-126.6164279999999991
 31
0
  0
LINE
  5
12F
330
1B
100
AcDbEntity
  8
F.Silkscreen
  6
CONTINUOUS
100
AcDbLine
 10
118.4524380000000008
 20
-126.6164279999999991
 30
0
 11
118.5000569999999982
 21
-126.5688089999999875
 31
0
  0
LINE
  5
130
330
1B
100
AcDbEntity
  8
F.Silkscreen
  6
CONTINUOUS
100
AcDbLine
 10
119.4048189999999892
 20
-125.6164279999999991
 30
0
 11
119.4048189999999892
 21
-126.1878559999999965
 31
0
  0
LINE
  5
131
330
1B
100
AcDbEntity
  8
F.Silkscreen
  6
CONTINUOUS
100
AcDbLine
 10
119.4048189999999892
 20
-125.9021419999999978
 30
0
 11
118.4048189999999892
 21
-125.9021419999999978
 31
0
  0
LINE
  5
132
330
1B
100
AcDbEntity
  8
F.Silkscreen
  6
CONTINUOUS
100
AcDbLine
 10
118.4048189999999892
 20
-125.9021419999999978
 30
0
 11
118.5476759999999956
 21
-125.9973799999999926
 31
0
  0
LINE
  5
133
330
1B
100
AcDbEntity
  8
F.Silkscreen
  6
CONTINUOUS
100
AcDbLine
 10
118.5476759999999956
 20
-125.9973799999999926
 30
0
 11
118.6429139999999904
 21
-126.0926179999999874
 31
0
  0
LINE
  5
134
330
1B
100
AcDbEntity
  8
F.Silkscreen
  6
CONTINUOUS
100
AcDbLine
 10
118.6429139999999904
 20
-126.0926179999999874
 30
0
 11
118.6905329999999879
 21
-126.1878559999999965
 31
0
  0
LINE
  5
135
330
1B
100
AcDbEntity
  8
F.Silkscreen
  6
CONTINUOUS
100
AcDbLine
 10
119.5000569999999982
 20
-125.4259519999999952
 30
0
 11
119.5000569999999982
 21
-124.6640469999999965
 31
0
  0
LINE
  5
136
330
1B
100
AcDbEntity
  8
F.Silkscreen
  6
CONTINUOUS
100
AcDbLine
 10
118.4048189999999892
 20
-124.5211889999999926
 30
0
 11
118.4048189999999892
 21
-123.9021419999999978
 31
0
  0
LINE
  5
137
330
1B
100
AcDbEntity
  8
F.Silkscreen
  6
CONTINUOUS
100
AcDbLine
 10
118.4048189999999892
 20
-123.9021419999999978
 30
0
 11
118.7857709999999969
 21
-124.2354749999999939
 31
0
  0
LINE
  5
138
330
1B
100
AcDbEntity
  8
F.Silkscreen
  6
CONTINUOUS
100
AcDbLine
 10
118.7857709999999969
 20
-124.2354749999999939
 30
0
 11
118.7857709999999969
 21
-124.0926179999999874
 31
0
  0
LINE
  5
139
330
1B
100
AcDbEntity
  8
F.Silkscreen
  6
CONTINUOUS
100
AcDbLine
 10
118.7857709999999969
 20
-124.0926179999999874
 30
0
 11
118.8333899999999943
 21
-123.9973799999999926
 31
0
  0
LINE
  5
13A
330
1B
100
AcDbEntity
  8
F.Silkscreen
  6
CONTINUOUS
100
AcDbLine
 10
118.8333899999999943
 20
-123.9973799999999926
 30
0
 11
118.8810089999999917
 21
-123.9497609999999952
 31
0
  0
LINE
  5
13B
330
1B
100
AcDbEntity
  8
F.Silkscreen
  6
CONTINUOUS
100
AcDbLine
 10
118.8810089999999917
 20
-123.9497609999999952
 30
0
 11
118.9762470000000008
 21
-123.9021419999999978
 31
0
  0
LINE
  5
13C
330
1B
100
AcDbEntity
  8
F.Silkscreen
  6
CONTINUOUS
100
AcDbLine
 10
118.9762470000000008
 20
-123.9021419999999978
 30
0
 11
119.2143419999999878
 21
-123.9021419999999978
 31
0
  0
LINE
  5
13D
330
1B
100
AcDbEntity
  8
F.Silkscreen
  6
CONTINUOUS
100
AcDbLine
 10
119.2143419999999878
 20
-123.9021419999999978
 30
0
 11
119.3095799999999969
 21
-123.9497609999999952
 31
0
  0
LINE
  5
13E
330
1B
100
AcDbEntity
  8
F.Silkscreen
  6
CONTINUOUS
100
AcDbLine
 10
119.3095799999999969
 20
-123.9497609999999952
 30
0
 11
119.3571999999999917
 21
-123.9973799999999926
 31
0
  0
LINE
  5
13F
330
1B
100
AcDbEntity
  8
F.Silkscreen
  6
CONTINUOUS
100
AcDbLine
 10
119.3571999999999917
 20
-123.9973799999999926
 30
0
 11
119.4048189999999892
 21
-124.0926179999999874
 31
0
  0
LINE
  5
140
330
1B
100
AcDbEntity
  8
F.Silkscreen
  6
CONTINUOUS
100
AcDbLine
 10
119.4048189999999892
 20
-124.0926179999999874
 30
0
 11
119.4048189999999892
 21
-124.3783320000000003
 31
0
  0
LINE
  5
141
330
1B
100
AcDbEntity
  8
F.Silkscreen
  6
CONTINUOUS
100
AcDbLine
 10
119.4048189999999892
 20
-124.3783320000000003
 30
0
 11
119.3571999999999917
 21
-124.4735699999999952
 31
0
  0
LINE
  5
142
330
1B
100
AcDbEntity
  8
F.Silkscreen
  6
CONTINUOUS
100
AcDbLine
 10
119.3571999999999917
 20
-124.4735699999999952
 30
0
 11
119.3095799999999969
 21
-124.5211889999999926
 31
0
  0
LINE
  5
143
330
1B
100
AcDbEntity
  8
F.Silkscreen
  6
CONTINUOUS
100
AcDbLine
 10
109.5866659999999939
 20
-54.4548190000000005
 30
0
 11
109.5866659999999939
 21
-55.1691039999999973
 31
0
  0
LINE
  5
144
330
1B
100
AcDbEntity
  8
F.Silkscreen
  6
CONTINUOUS
100
AcDbLine
 10
109.5866659999999939
 20
-55.1691039999999973
 30
0
 11
109.5390469999999965
 21
-55.3119609999999966
 31
0
  0
LINE
  5
145
330
1B
100
AcDbEntity
  8
F.Silkscreen
  6
CONTINUOUS
100
AcDbLine
 10
109.5390469999999965
 20
-55.3119609999999966
 30
0
 11
109.4438090000000017
 21
-55.407199999999996
 31
0
  0
LINE
  5
146
330
1B
100
AcDbEntity
  8
F.Silkscreen
  6
CONTINUOUS
100
AcDbLine
 10
109.4438090000000017
 20
-55.407199999999996
 30
0
 11
109.3009519999999952
 21
-55.4548190000000005
 31
0
  0
LINE
  5
147
330
1B
100
AcDbEntity
  8
F.Silkscreen
  6
CONTINUOUS
100
AcDbLine
 10
109.3009519999999952
 20
-55.4548190000000005
 30
0
 11
109.2057140000000004
 21
-55.4548190000000005
 31
0
  0
LINE
  5
148
330
1B
100
AcDbEntity
  8
F.Silkscreen
  6
CONTINUOUS
100
AcDbLine
 10
110.5866659999999939
 20
-55.4548190000000005
 30
0
 11
110.0152379999999965
 21
-55.4548190000000005
 31
0
  0
LINE
  5
149
330
1B
100
AcDbEntity
  8
F.Silkscreen
  6
CONTINUOUS
100
AcDbLine
 10
110.3009519999999952
 20
-55.4548190000000005
 30
0
 11
110.3009519999999952
 21
-54.4548190000000005
 31
0
  0
LINE
  5
14A
330
1B
100
AcDbEntity
  8
F.Silkscreen
  6
CONTINUOUS
100
AcDbLine
 10
110.3009519999999952
 20
-54.4548190000000005
 30
0
 11
110.2057140000000004
 21
-54.5976759999999999
 31
0
  0
LINE
  5
14B
330
1B
100
AcDbEntity
  8
F.Silkscreen
  6
CONTINUOUS
100
AcDbLine
 10
110.2057140000000004
 20
-54.5976759999999999
 30
0
 11
110.1104759999999914
 21
-54.6929139999999947
 31
0
  0
LINE
  5
14C
330
1B
100
AcDbEntity
  8
F.Silkscreen
  6
CONTINUOUS
100
AcDbLine
 10
110.1104759999999914
 20
-54.6929139999999947
 30
0
 11
110.0152379999999965
 21
-54.7405329999999992
 31
0
  0
LINE
  5
14D
330
1B
100
AcDbEntity
  8
F.Silkscreen
  6
CONTINUOUS
100
AcDbLine
 10
146.0166659999999865
 20
-41.2248189999999965
 30
0
 11
146.0166659999999865
 21
-41.9391040000000004
 31
0
  0
LINE
  5
14E
330
1B
100
AcDbEntity
  8
F.Silkscreen
  6
CONTINUOUS
100
AcDbLine
 10
146.0166659999999865
 20
-41.9391040000000004
 30
0
 11
145.9690469999999891
 21
-42.0819609999999997
 31
0
  0
LINE
  5
14F
330
1B
100
AcDbEntity
  8
F.Silkscreen
  6
CONTINUOUS
100
AcDbLine
 10
145.9690469999999891
 20
-42.0819609999999997
 30
0
 11
145.8738089999999943
 21
-42.1771999999999991
 31
0
  0
LINE
  5
150
330
1B
100
AcDbEntity
  8
F.Silkscreen
  6
CONTINUOUS
100
AcDbLine
 10
145.8738089999999943
 20
-42.1771999999999991
 30
0
 11
145.730952000000002
 21
-42.2248189999999965
 31
0
  0
LINE
  5
151
330
1B
100
AcDbEntity
  8
F.Silkscreen
  6
CONTINUOUS
100
AcDbLine
 10
145.730952000000002
 20
-42.2248189999999965
 30
0
 11
145.6357140000000072
 21
-42.2248189999999965
 31
0
  0
LINE
  5
152
330
1B
100
AcDbEntity
  8
F.Silkscreen
  6
CONTINUOUS
100
AcDbLine
 10
146.3976189999999917
 20
-41.2248189999999965
 30
0
 11
147.0166659999999865
 21
-41.2248189999999965
 31
0
  0
LINE
  5
153
330
1B
100
AcDbEntity
  8
F.Silkscreen
  6
CONTINUOUS
100
AcDbLine
 10
147.0166659999999865
 20
-41.2248189999999965
 30
0
 11
146.6833330000000046
 21
-41.6057709999999972
 31
0
  0
LINE
  5
154
330
1B
100
AcDbEntity
  8
F.Silkscreen
  6
CONTINUOUS
100
AcDbLine
 10
146.6833330000000046
 20
-41.6057709999999972
 30
0
 11
146.8261899999999969
 21
-41.6057709999999972
 31
0
  0
LINE
  5
155
330
1B
100
AcDbEntity
  8
F.Silkscreen
  6
CONTINUOUS
100
AcDbLine
 10
146.8261899999999969
 20
-41.6057709999999972
 30
0
 11
146.9214279999999917
 21
-41.6533899999999946
 31
0
  0
LINE
  5
156
330
1B
100
AcDbEntity
  8
F.Silkscreen
  6
CONTINUOUS
100
AcDbLine
 10
146.9214279999999917
 20
-41.6533899999999946
 30
0
 11
146.9690469999999891
 21
-41.7010089999999991
 31
0
  0
LINE
  5
157
330
1B
100
AcDbEntity
  8
F.Silkscreen
  6
CONTINUOUS
100
AcDbLine
 10
146.9690469999999891
 20
-41.7010089999999991
 30
0
 11
147.0166659999999865
 21
-41.796247000000001
 31
0
  0
LINE
  5
158
330
1B
100
AcDbEntity
  8
F.Silkscreen
  6
CONTINUOUS
100
AcDbLine
 10
147.0166659999999865
 20
-41.796247000000001
 30
0
 11
147.0166659999999865
 21
-42.0343419999999952
 31
0
  0
LINE
  5
159
330
1B
100
AcDbEntity
  8
F.Silkscreen
  6
CONTINUOUS
100
AcDbLine
 10
147.0166659999999865
 20
-42.0343419999999952
 30
0
 11
146.9690469999999891
 21
-42.1295799999999971
 31
0
  0
LINE
  5
15A
330
1B
100
AcDbEntity
  8
F.Silkscreen
  6
CONTINUOUS
100
AcDbLine
 10
146.9690469999999891
 20
-42.1295799999999971
 30
0
 11
146.9214279999999917
 21
-42.1771999999999991
 31
0
  0
LINE
  5
15B
330
1B
100
AcDbEntity
  8
F.Silkscreen
  6
CONTINUOUS
100
AcDbLine
 10
146.9214279999999917
 20
-42.1771999999999991
 30
0
 11
146.8261899999999969
 21
-42.2248189999999965
 31
0
  0
LINE
  5
15C
330
1B
100
AcDbEntity
  8
F.Silkscreen
  6
CONTINUOUS
100
AcDbLine
 10
146.8261899999999969
 20
-42.2248189999999965
 30
0
 11
146.540475999999984
 21
-42.2248189999999965
 31
0
  0
LINE
  5
15D
330
1B
100
AcDbEntity
  8
F.Silkscreen
  6
CONTINUOUS
100
AcDbLine
 10
146.540475999999984
 20
-42.2248189999999965
 30
0
 11
146.4452379999999891
 21
-42.1771999999999991
 31
0
  0
LINE
  5
15E
330
1B
100
AcDbEntity
  8
F.Silkscreen
  6
CONTINUOUS
100
AcDbLine
 10
146.4452379999999891
 20
-42.1771999999999991
 30
0
 11
146.3976189999999917
 21
-42.1295799999999971
 31
0
  0
LINE
  5
15F
330
1B
100
AcDbEntity
  8
F.Silkscreen
  6
CONTINUOUS
100
AcDbLine
 10
165.1248190000000022
 20
-96.4766659999999945
 30
0
 11
164.6486280000000022
 21
-96.8099989999999906
 31
0
  0
LINE
  5
160
330
1B
100
AcDbEntity
  8
F.Silkscreen
  6
CONTINUOUS
100
AcDbLine
 10
165.1248190000000022
 20
-97.0480939999999919
 30
0
 11
164.1248190000000022
 21
-97.0480939999999919
 31
0
  0
LINE
  5
161
330
1B
100
AcDbEntity
  8
F.Silkscreen
  6
CONTINUOUS
100
AcDbLine
 10
164.1248190000000022
 20
-97.0480939999999919
 30
0
 11
164.1248190000000022
 21
-96.6671419999999983
 31
0
  0
LINE
  5
162
330
1B
100
AcDbEntity
  8
F.Silkscreen
  6
CONTINUOUS
100
AcDbLine
 10
164.1248190000000022
 20
-96.6671419999999983
 30
0
 11
164.1724379999999996
 21
-96.5719039999999893
 31
0
  0
LINE
  5
163
330
1B
100
AcDbEntity
  8
F.Silkscreen
  6
CONTINUOUS
100
AcDbLine
 10
164.1724379999999996
 20
-96.5719039999999893
 30
0
 11
164.2200569999999971
 21
-96.5242849999999919
 31
0
  0
LINE
  5
164
330
1B
100
AcDbEntity
  8
F.Silkscreen
  6
CONTINUOUS
100
AcDbLine
 10
164.2200569999999971
 20
-96.5242849999999919
 30
0
 11
164.3152949999999919
 21
-96.4766659999999945
 31
0
  0
LINE
  5
165
330
1B
100
AcDbEntity
  8
F.Silkscreen
  6
CONTINUOUS
100
AcDbLine
 10
164.3152949999999919
 20
-96.4766659999999945
 30
0
 11
164.4581519999999841
 21
-96.4766659999999945
 31
0
  0
LINE
  5
166
330
1B
100
AcDbEntity
  8
F.Silkscreen
  6
CONTINUOUS
100
AcDbLine
 10
164.4581519999999841
 20
-96.4766659999999945
 30
0
 11
164.553389999999979
 21
-96.5242849999999919
 31
0
  0
LINE
  5
167
330
1B
100
AcDbEntity
  8
F.Silkscreen
  6
CONTINUOUS
100
AcDbLine
 10
164.553389999999979
 20
-96.5242849999999919
 30
0
 11
164.6010090000000048
 21
-96.5719039999999893
 31
0
  0
LINE
  5
168
330
1B
100
AcDbEntity
  8
F.Silkscreen
  6
CONTINUOUS
100
AcDbLine
 10
164.6010090000000048
 20
-96.5719039999999893
 30
0
 11
164.6486280000000022
 21
-96.6671419999999983
 31
0
  0
LINE
  5
169
330
1B
100
AcDbEntity
  8
F.Silkscreen
  6
CONTINUOUS
100
AcDbLine
 10
164.6486280000000022
 20
-96.6671419999999983
 30
0
 11
164.6486280000000022
 21
-97.0480939999999919
 31
0
  0
LINE
  5
16A
330
1B
100
AcDbEntity
  8
F.Silkscreen
  6
CONTINUOUS
100
AcDbLine
 10
165.1248190000000022
 20
-96.0004749999999945
 30
0
 11
165.1248190000000022
 21
-95.8099989999999906
 31
0
  0
LINE
  5
16B
330
1B
100
AcDbEntity
  8
F.Silkscreen
  6
CONTINUOUS
100
AcDbLine
 10
165.1248190000000022
 20
-95.8099989999999906
 30
0
 11
165.0772000000000048
 21
-95.7147609999999958
 31
0
  0
LINE
  5
16C
330
1B
100
AcDbEntity
  8
F.Silkscreen
  6
CONTINUOUS
100
AcDbLine
 10
165.0772000000000048
 20
-95.7147609999999958
 30
0
 11
165.0295799999999815
 21
-95.6671419999999983
 31
0
  0
LINE
  5
16D
330
1B
100
AcDbEntity
  8
F.Silkscreen
  6
CONTINUOUS
100
AcDbLine
 10
165.0295799999999815
 20
-95.6671419999999983
 30
0
 11
164.8867229999999893
 21
-95.5719039999999893
 31
0
  0
LINE
  5
16E
330
1B
100
AcDbEntity
  8
F.Silkscreen
  6
CONTINUOUS
100
AcDbLine
 10
164.8867229999999893
 20
-95.5719039999999893
 30
0
 11
164.6962469999999996
 21
-95.5242849999999919
 31
0
  0
LINE
  5
16F
330
1B
100
AcDbEntity
  8
F.Silkscreen
  6
CONTINUOUS
100
AcDbLine
 10
164.6962469999999996
 20
-95.5242849999999919
 30
0
 11
164.3152949999999919
 21
-95.5242849999999919
 31
0
  0
LINE
  5
170
330
1B
100
AcDbEntity
  8
F.Silkscreen
  6
CONTINUOUS
100
AcDbLine
 10
164.3152949999999919
 20
-95.5242849999999919
 30
0
 11
164.2200569999999971
 21
-95.5719039999999893
 31
0
  0
LINE
  5
171
330
1B
100
AcDbEntity
  8
F.Silkscreen
  6
CONTINUOUS
100
AcDbLine
 10
164.2200569999999971
 20
-95.5719039999999893
 30
0
 11
164.1724379999999996
 21
-95.6195230000000009
 31
0
  0
LINE
  5
172
330
1B
100
AcDbEntity
  8
F.Silkscreen
  6
CONTINUOUS
100
AcDbLine
 10
164.1724379999999996
 20
-95.6195230000000009
 30
0
 11
164.1248190000000022
 21
-95.7147609999999958
 31
0
  0
LINE
  5
173
330
1B
100
AcDbEntity
  8
F.Silkscreen
  6
CONTINUOUS
100
AcDbLine
 10
164.1248190000000022
 20
-95.7147609999999958
 30
0
 11
164.1248190000000022
 21
-95.9052369999999996
 31
0
  0
LINE
  5
174
330
1B
100
AcDbEntity
  8
F.Silkscreen
  6
CONTINUOUS
100
AcDbLine
 10
164.1248190000000022
 20
-95.9052369999999996
 30
0
 11
164.1724379999999996
 21
-96.0004749999999945
 31
0
  0
LINE
  5
175
330
1B
100
AcDbEntity
  8
F.Silkscreen
  6
CONTINUOUS
100
AcDbLine
 10
164.1724379999999996
 20
-96.0004749999999945
 30
0
 11
164.2200569999999971
 21
-96.0480939999999919
 31
0
  0
LINE
  5
176
330
1B
100
AcDbEntity
  8
F.Silkscreen
  6
CONTINUOUS
100
AcDbLine
 10
164.2200569999999971
 20
-96.0480939999999919
 30
0
 11
164.3152949999999919
 21
-96.0957129999999893
 31
0
  0
LINE
  5
177
330
1B
100
AcDbEntity
  8
F.Silkscreen
  6
CONTINUOUS
100
AcDbLine
 10
164.3152949999999919
 20
-96.0957129999999893
 30
0
 11
164.553389999999979
 21
-96.0957129999999893
 31
0
  0
LINE
  5
178
330
1B
100
AcDbEntity
  8
F.Silkscreen
  6
CONTINUOUS
100
AcDbLine
 10
164.553389999999979
 20
-96.0957129999999893
 30
0
 11
164.6486280000000022
 21
-96.0480939999999919
 31
0
  0
LINE
  5
179
330
1B
100
AcDbEntity
  8
F.Silkscreen
  6
CONTINUOUS
100
AcDbLine
 10
164.6486280000000022
 20
-96.0480939999999919
 30
0
 11
164.6962469999999996
 21
-96.0004749999999945
 31
0
  0
LINE
  5
17A
330
1B
100
AcDbEntity
  8
F.Silkscreen
  6
CONTINUOUS
100
AcDbLine
 10
164.6962469999999996
 20
-96.0004749999999945
 30
0
 11
164.743865999999997
 21
-95.9052369999999996
 31
0
  0
LINE
  5
17B
330
1B
100
AcDbEntity
  8
F.Silkscreen
  6
CONTINUOUS
100
AcDbLine
 10
164.743865999999997
 20
-95.9052369999999996
 30
0
 11
164.743865999999997
 21
-95.7147609999999958
 31
0
  0
LINE
  5
17C
330
1B
100
AcDbEntity
  8
F.Silkscreen
  6
CONTINUOUS
100
AcDbLine
 10
164.743865999999997
 20
-95.7147609999999958
 30
0
 11
164.6962469999999996
 21
-95.6195230000000009
 31
0
  0
LINE
  5
17D
330
1B
100
AcDbEntity
  8
F.Silkscreen
  6
CONTINUOUS
100
AcDbLine
 10
164.6962469999999996
 20
-95.6195230000000009
 30
0
 11
164.6486280000000022
 21
-95.5719039999999893
 31
0
  0
LINE
  5
17E
330
1B
100
AcDbEntity
  8
F.Silkscreen
  6
CONTINUOUS
100
AcDbLine
 10
164.6486280000000022
 20
-95.5719039999999893
 30
0
 11
164.553389999999979
 21
-95.5242849999999919
 31
0
  0
LINE
  5
17F
330
1B
100
AcDbEntity
  8
F.Silkscreen
  6
CONTINUOUS
100
AcDbLine
 10
146.9595799999999883
 20
-97.2328569999999957
 30
0
 11
147.0071999999999832
 21
-97.2804759999999931
 31
0
  0
LINE
  5
180
330
1B
100
AcDbEntity
  8
F.Silkscreen
  6
CONTINUOUS
100
AcDbLine
 10
147.0071999999999832
 20
-97.2804759999999931
 30
0
 11
147.0548189999999806
 21
-97.4233329999999995
 31
0
  0
LINE
  5
181
330
1B
100
AcDbEntity
  8
F.Silkscreen
  6
CONTINUOUS
100
AcDbLine
 10
147.0548189999999806
 20
-97.4233329999999995
 30
0
 11
147.0548189999999806
 21
-97.5185709999999943
 31
0
  0
LINE
  5
182
330
1B
100
AcDbEntity
  8
F.Silkscreen
  6
CONTINUOUS
100
AcDbLine
 10
147.0548189999999806
 20
-97.5185709999999943
 30
0
 11
147.0071999999999832
 21
-97.6614280000000008
 31
0
  0
LINE
  5
183
330
1B
100
AcDbEntity
  8
F.Silkscreen
  6
CONTINUOUS
100
AcDbLine
 10
147.0071999999999832
 20
-97.6614280000000008
 30
0
 11
146.9119609999999909
 21
-97.7566659999999956
 31
0
  0
LINE
  5
184
330
1B
100
AcDbEntity
  8
F.Silkscreen
  6
CONTINUOUS
100
AcDbLine
 10
146.9119609999999909
 20
-97.7566659999999956
 30
0
 11
146.8167229999999961
 21
-97.804284999999993
 31
0
  0
LINE
  5
185
330
1B
100
AcDbEntity
  8
F.Silkscreen
  6
CONTINUOUS
100
AcDbLine
 10
146.8167229999999961
 20
-97.804284999999993
 30
0
 11
146.6262470000000064
 21
-97.8519039999999904
 31
0
  0
LINE
  5
186
330
1B
100
AcDbEntity
  8
F.Silkscreen
  6
CONTINUOUS
100
AcDbLine
 10
146.6262470000000064
 20
-97.8519039999999904
 30
0
 11
146.4833899999999858
 21
-97.8519039999999904
 31
0
  0
LINE
  5
187
330
1B
100
AcDbEntity
  8
F.Silkscreen
  6
CONTINUOUS
100
AcDbLine
 10
146.4833899999999858
 20
-97.8519039999999904
 30
0
 11
146.2929139999999961
 21
-97.804284999999993
 31
0
  0
LINE
  5
188
330
1B
100
AcDbEntity
  8
F.Silkscreen
  6
CONTINUOUS
100
AcDbLine
 10
146.2929139999999961
 20
-97.804284999999993
 30
0
 11
146.1976760000000013
 21
-97.7566659999999956
 31
0
  0
LINE
  5
189
330
1B
100
AcDbEntity
  8
F.Silkscreen
  6
CONTINUOUS
100
AcDbLine
 10
146.1976760000000013
 20
-97.7566659999999956
 30
0
 11
146.1024380000000065
 21
-97.6614280000000008
 31
0
  0
LINE
  5
18A
330
1B
100
AcDbEntity
  8
F.Silkscreen
  6
CONTINUOUS
100
AcDbLine
 10
146.1024380000000065
 20
-97.6614280000000008
 30
0
 11
146.0548189999999806
 21
-97.5185709999999943
 31
0
  0
LINE
  5
18B
330
1B
100
AcDbEntity
  8
F.Silkscreen
  6
CONTINUOUS
100
AcDbLine
 10
146.0548189999999806
 20
-97.5185709999999943
 30
0
 11
146.0548189999999806
 21
-97.4233329999999995
 31
0
  0
LINE
  5
18C
330
1B
100
AcDbEntity
  8
F.Silkscreen
  6
CONTINUOUS
100
AcDbLine
 10
146.0548189999999806
 20
-97.4233329999999995
 30
0
 11
146.1024380000000065
 21
-97.2804759999999931
 31
0
  0
LINE
  5
18D
330
1B
100
AcDbEntity
  8
F.Silkscreen
  6
CONTINUOUS
100
AcDbLine
 10
146.1024380000000065
 20
-97.2804759999999931
 30
0
 11
146.1500570000000039
 21
-97.2328569999999957
 31
0
  0
LINE
  5
18E
330
1B
100
AcDbEntity
  8
F.Silkscreen
  6
CONTINUOUS
100
AcDbLine
 10
147.0548189999999806
 20
-96.2804759999999931
 30
0
 11
147.0548189999999806
 21
-96.8519039999999904
 31
0
  0
LINE
  5
18F
330
1B
100
AcDbEntity
  8
F.Silkscreen
  6
CONTINUOUS
100
AcDbLine
 10
147.0548189999999806
 20
-96.5661899999999918
 30
0
 11
146.0548189999999806
 21
-96.5661899999999918
 31
0
  0
LINE
  5
190
330
1B
100
AcDbEntity
  8
F.Silkscreen
  6
CONTINUOUS
100
AcDbLine
 10
146.0548189999999806
 20
-96.5661899999999918
 30
0
 11
146.1976760000000013
 21
-96.6614280000000008
 31
0
  0
LINE
  5
191
330
1B
100
AcDbEntity
  8
F.Silkscreen
  6
CONTINUOUS
100
AcDbLine
 10
146.1976760000000013
 20
-96.6614280000000008
 30
0
 11
146.2929139999999961
 21
-96.7566659999999956
 31
0
  0
LINE
  5
192
330
1B
100
AcDbEntity
  8
F.Silkscreen
  6
CONTINUOUS
100
AcDbLine
 10
146.2929139999999961
 20
-96.7566659999999956
 30
0
 11
146.3405329999999935
 21
-96.8519039999999904
 31
0
  0
LINE
  5
193
330
1B
100
AcDbEntity
  8
F.Silkscreen
  6
CONTINUOUS
100
AcDbLine
 10
146.1500570000000039
 20
-95.8995230000000021
 30
0
 11
146.1024380000000065
 21
-95.8519039999999904
 31
0
  0
LINE
  5
194
330
1B
100
AcDbEntity
  8
F.Silkscreen
  6
CONTINUOUS
100
AcDbLine
 10
146.1024380000000065
 20
-95.8519039999999904
 30
0
 11
146.0548189999999806
 21
-95.7566659999999956
 31
0
  0
LINE
  5
195
330
1B
100
AcDbEntity
  8
F.Silkscreen
  6
CONTINUOUS
100
AcDbLine
 10
146.0548189999999806
 20
-95.7566659999999956
 30
0
 11
146.0548189999999806
 21
-95.5185709999999943
 31
0
  0
LINE
  5
196
330
1B
100
AcDbEntity
  8
F.Silkscreen
  6
CONTINUOUS
100
AcDbLine
 10
146.0548189999999806
 20
-95.5185709999999943
 30
0
 11
146.1024380000000065
 21
-95.4233329999999995
 31
0
  0
LINE
  5
197
330
1B
100
AcDbEntity
  8
F.Silkscreen
  6
CONTINUOUS
100
AcDbLine
 10
146.1024380000000065
 20
-95.4233329999999995
 30
0
 11
146.1500570000000039
 21
-95.3757140000000021
 31
0
  0
LINE
  5
198
330
1B
100
AcDbEntity
  8
F.Silkscreen
  6
CONTINUOUS
100
AcDbLine
 10
146.1500570000000039
 20
-95.3757140000000021
 30
0
 11
146.2452949999999987
 21
-95.3280949999999905
 31
0
  0
LINE
  5
199
330
1B
100
AcDbEntity
  8
F.Silkscreen
  6
CONTINUOUS
100
AcDbLine
 10
146.2452949999999987
 20
-95.3280949999999905
 30
0
 11
146.3405329999999935
 21
-95.3280949999999905
 31
0
  0
LINE
  5
19A
330
1B
100
AcDbEntity
  8
F.Silkscreen
  6
CONTINUOUS
100
AcDbLine
 10
146.3405329999999935
 20
-95.3280949999999905
 30
0
 11
146.4833899999999858
 21
-95.3757140000000021
 31
0
  0
LINE
  5
19B
330
1B
100
AcDbEntity
  8
F.Silkscreen
  6
CONTINUOUS
100
AcDbLine
 10
146.4833899999999858
 20
-95.3757140000000021
 30
0
 11
147.0548189999999806
 21
-95.9471419999999995
 31
0
  0
LINE
  5
19C
330
1B
100
AcDbEntity
  8
F.Silkscreen
  6
CONTINUOUS
100
AcDbLine
 10
147.0548189999999806
 20
-95.9471419999999995
 30
0
 11
147.0548189999999806
 21
-95.3280949999999905
 31
0
  0
LINE
  5
19D
330
1B
100
AcDbEntity
  8
F.Silkscreen
  6
CONTINUOUS
100
AcDbLine
 10
100.7095800000000025
 20
-82.1238089999999943
 30
0
 11
100.7571999999999974
 21
-82.1714279999999917
 31
0
  0
LINE
  5
19E
330
1B
100
AcDbEntity
  8
F.Silkscreen
  6
CONTINUOUS
100
AcDbLine
 10
100.7571999999999974
 20
-82.1714279999999917
 30
0
 11
100.8048189999999948
 21
-82.3142849999999981
 31
0
  0
LINE
  5
19F
330
1B
100
AcDbEntity
  8
F.Silkscreen
  6
CONTINUOUS
100
AcDbLine
 10
100.8048189999999948
 20
-82.3142849999999981
 30
0
 11
100.8048189999999948
 21
-82.409522999999993
 31
0
  0
LINE
  5
1A0
330
1B
100
AcDbEntity
  8
F.Silkscreen
  6
CONTINUOUS
100
AcDbLine
 10
100.8048189999999948
 20
-82.409522999999993
 30
0
 11
100.7571999999999974
 21
-82.5523799999999994
 31
0
  0
LINE
  5
1A1
330
1B
100
AcDbEntity
  8
F.Silkscreen
  6
CONTINUOUS
100
AcDbLine
 10
100.7571999999999974
 20
-82.5523799999999994
 30
0
 11
100.6619609999999909
 21
-82.6476179999999943
 31
0
  0
LINE
  5
1A2
330
1B
100
AcDbEntity
  8
F.Silkscreen
  6
CONTINUOUS
100
AcDbLine
 10
100.6619609999999909
 20
-82.6476179999999943
 30
0
 11
100.5667229999999961
 21
-82.6952369999999917
 31
0
  0
LINE
  5
1A3
330
1B
100
AcDbEntity
  8
F.Silkscreen
  6
CONTINUOUS
100
AcDbLine
 10
100.5667229999999961
 20
-82.6952369999999917
 30
0
 11
100.3762469999999922
 21
-82.7428560000000033
 31
0
  0
LINE
  5
1A4
330
1B
100
AcDbEntity
  8
F.Silkscreen
  6
CONTINUOUS
100
AcDbLine
 10
100.3762469999999922
 20
-82.7428560000000033
 30
0
 11
100.23339
 21
-82.7428560000000033
 31
0
  0
LINE
  5
1A5
330
1B
100
AcDbEntity
  8
F.Silkscreen
  6
CONTINUOUS
100
AcDbLine
 10
100.23339
 20
-82.7428560000000033
 30
0
 11
100.0429139999999961
 21
-82.6952369999999917
 31
0
  0
LINE
  5
1A6
330
1B
100
AcDbEntity
  8
F.Silkscreen
  6
CONTINUOUS
100
AcDbLine
 10
100.0429139999999961
 20
-82.6952369999999917
 30
0
 11
99.9476760000000013
 21
-82.6476179999999943
 31
0
  0
LINE
  5
1A7
330
1B
100
AcDbEntity
  8
F.Silkscreen
  6
CONTINUOUS
100
AcDbLine
 10
99.9476760000000013
 20
-82.6476179999999943
 30
0
 11
99.8524379999999923
 21
-82.5523799999999994
 31
0
  0
LINE
  5
1A8
330
1B
100
AcDbEntity
  8
F.Silkscreen
  6
CONTINUOUS
100
AcDbLine
 10
99.8524379999999923
 20
-82.5523799999999994
 30
0
 11
99.8048189999999948
 21
-82.409522999999993
 31
0
  0
LINE
  5
1A9
330
1B
100
AcDbEntity
  8
F.Silkscreen
  6
CONTINUOUS
100
AcDbLine
 10
99.8048189999999948
 20
-82.409522999999993
 30
0
 11
99.8048189999999948
 21
-82.3142849999999981
 31
0
  0
LINE
  5
1AA
330
1B
100
AcDbEntity
  8
F.Silkscreen
  6
CONTINUOUS
100
AcDbLine
 10
99.8048189999999948
 20
-82.3142849999999981
 30
0
 11
99.8524379999999923
 21
-82.1714279999999917
 31
0
  0
LINE
  5
1AB
330
1B
100
AcDbEntity
  8
F.Silkscreen
  6
CONTINUOUS
100
AcDbLine
 10
99.8524379999999923
 20
-82.1714279999999917
 30
0
 11
99.9000569999999897
 21
-82.1238089999999943
 31
0
  0
LINE
  5
1AC
330
1B
100
AcDbEntity
  8
F.Silkscreen
  6
CONTINUOUS
100
AcDbLine
 10
99.9000569999999897
 20
-81.7428560000000033
 30
0
 11
99.8524379999999923
 21
-81.6952369999999917
 31
0
  0
LINE
  5
1AD
330
1B
100
AcDbEntity
  8
F.Silkscreen
  6
CONTINUOUS
100
AcDbLine
 10
99.8524379999999923
 20
-81.6952369999999917
 30
0
 11
99.8048189999999948
 21
-81.5999989999999968
 31
0
  0
LINE
  5
1AE
330
1B
100
AcDbEntity
  8
F.Silkscreen
  6
CONTINUOUS
100
AcDbLine
 10
99.8048189999999948
 20
-81.5999989999999968
 30
0
 11
99.8048189999999948
 21
-81.3619039999999956
 31
0
  0
LINE
  5
1AF
330
1B
100
AcDbEntity
  8
F.Silkscreen
  6
CONTINUOUS
100
AcDbLine
 10
99.8048189999999948
 20
-81.3619039999999956
 30
0
 11
99.8524379999999923
 21
-81.2666660000000007
 31
0
  0
LINE
  5
1B0
330
1B
100
AcDbEntity
  8
F.Silkscreen
  6
CONTINUOUS
100
AcDbLine
 10
99.8524379999999923
 20
-81.2666660000000007
 30
0
 11
99.9000569999999897
 21
-81.2190470000000033
 31
0
  0
LINE
  5
1B1
330
1B
100
AcDbEntity
  8
F.Silkscreen
  6
CONTINUOUS
100
AcDbLine
 10
99.9000569999999897
 20
-81.2190470000000033
 30
0
 11
99.9952949999999987
 21
-81.1714279999999917
 31
0
  0
LINE
  5
1B2
330
1B
100
AcDbEntity
  8
F.Silkscreen
  6
CONTINUOUS
100
AcDbLine
 10
99.9952949999999987
 20
-81.1714279999999917
 30
0
 11
100.0905329999999935
 21
-81.1714279999999917
 31
0
  0
LINE
  5
1B3
330
1B
100
AcDbEntity
  8
F.Silkscreen
  6
CONTINUOUS
100
AcDbLine
 10
100.0905329999999935
 20
-81.1714279999999917
 30
0
 11
100.23339
 21
-81.2190470000000033
 31
0
  0
LINE
  5
1B4
330
1B
100
AcDbEntity
  8
F.Silkscreen
  6
CONTINUOUS
100
AcDbLine
 10
100.23339
 20
-81.2190470000000033
 30
0
 11
100.8048189999999948
 21
-81.7904750000000007
 31
0
  0
LINE
  5
1B5
330
1B
100
AcDbEntity
  8
F.Silkscreen
  6
CONTINUOUS
100
AcDbLine
 10
100.8048189999999948
 20
-81.7904750000000007
 30
0
 11
100.8048189999999948
 21
-81.1714279999999917
 31
0
  0
LINE
  5
1B6
330
1B
100
AcDbEntity
  8
F.Silkscreen
  6
CONTINUOUS
100
AcDbLine
 10
100.9000569999999897
 20
-80.980952000000002
 30
0
 11
100.9000569999999897
 21
-80.2190470000000033
 31
0
  0
LINE
  5
1B7
330
1B
100
AcDbEntity
  8
F.Silkscreen
  6
CONTINUOUS
100
AcDbLine
 10
100.8048189999999948
 20
-79.4571419999999904
 30
0
 11
100.8048189999999948
 21
-80.028570000000002
 31
0
  0
LINE
  5
1B8
330
1B
100
AcDbEntity
  8
F.Silkscreen
  6
CONTINUOUS
100
AcDbLine
 10
100.8048189999999948
 20
-79.7428560000000033
 30
0
 11
99.8048189999999948
 21
-79.7428560000000033
 31
0
  0
LINE
  5
1B9
330
1B
100
AcDbEntity
  8
F.Silkscreen
  6
CONTINUOUS
100
AcDbLine
 10
99.8048189999999948
 20
-79.7428560000000033
 30
0
 11
99.9476760000000013
 21
-79.8380939999999981
 31
0
  0
LINE
  5
1BA
330
1B
100
AcDbEntity
  8
F.Silkscreen
  6
CONTINUOUS
100
AcDbLine
 10
99.9476760000000013
 20
-79.8380939999999981
 30
0
 11
100.0429139999999961
 21
-79.9333319999999929
 31
0
  0
LINE
  5
1BB
330
1B
100
AcDbEntity
  8
F.Silkscreen
  6
CONTINUOUS
100
AcDbLine
 10
100.0429139999999961
 20
-79.9333319999999929
 30
0
 11
100.0905329999999935
 21
-80.028570000000002
 31
0
  0
LINE
  5
1BC
330
1B
100
AcDbEntity
  8
F.Silkscreen
  6
CONTINUOUS
100
AcDbLine
 10
170.5931300000000022
 20
-122.3048189999999948
 30
0
 11
170.5931300000000022
 21
-123.0191039999999987
 31
0
  0
LINE
  5
1BD
330
1B
100
AcDbEntity
  8
F.Silkscreen
  6
CONTINUOUS
100
AcDbLine
 10
170.5931300000000022
 20
-123.0191039999999987
 30
0
 11
170.5455110000000047
 21
-123.1619609999999909
 31
0
  0
LINE
  5
1BE
330
1B
100
AcDbEntity
  8
F.Silkscreen
  6
CONTINUOUS
100
AcDbLine
 10
170.5455110000000047
 20
-123.1619609999999909
 30
0
 11
170.4502729999999815
 21
-123.2571999999999974
 31
0
  0
LINE
  5
1BF
330
1B
100
AcDbEntity
  8
F.Silkscreen
  6
CONTINUOUS
100
AcDbLine
 10
170.4502729999999815
 20
-123.2571999999999974
 30
0
 11
170.3074159999999893
 21
-123.3048189999999948
 31
0
  0
LINE
  5
1C0
330
1B
100
AcDbEntity
  8
F.Silkscreen
  6
CONTINUOUS
100
AcDbLine
 10
170.3074159999999893
 20
-123.3048189999999948
 30
0
 11
170.2121779999999944
 21
-123.3048189999999948
 31
0
  0
LINE
  5
1C1
330
1B
100
AcDbEntity
  8
F.Silkscreen
  6
CONTINUOUS
100
AcDbLine
 10
171.4978919999999789
 20
-122.3048189999999948
 30
0
 11
171.3074159999999893
 21
-122.3048189999999948
 31
0
  0
LINE
  5
1C2
330
1B
100
AcDbEntity
  8
F.Silkscreen
  6
CONTINUOUS
100
AcDbLine
 10
171.3074159999999893
 20
-122.3048189999999948
 30
0
 11
171.2121779999999944
 21
-122.3524379999999923
 31
0
  0
LINE
  5
1C3
330
1B
100
AcDbEntity
  8
F.Silkscreen
  6
CONTINUOUS
100
AcDbLine
 10
171.2121779999999944
 20
-122.3524379999999923
 30
0
 11
171.164558999999997
 21
-122.4000569999999897
 31
0
  0
LINE
  5
1C4
330
1B
100
AcDbEntity
  8
F.Silkscreen
  6
CONTINUOUS
100
AcDbLine
 10
171.164558999999997
 20
-122.4000569999999897
 30
0
 11
171.0693210000000022
 21
-122.5429139999999961
 31
0
  0
LINE
  5
1C5
330
1B
100
AcDbEntity
  8
F.Silkscreen
  6
CONTINUOUS
100
AcDbLine
 10
171.0693210000000022
 20
-122.5429139999999961
 30
0
 11
171.0217020000000048
 21
-122.73339
 31
0
  0
LINE
  5
1C6
330
1B
100
AcDbEntity
  8
F.Silkscreen
  6
CONTINUOUS
100
AcDbLine
 10
171.0217020000000048
 20
-122.73339
 30
0
 11
171.0217020000000048
 21
-123.1143419999999935
 31
0
  0
LINE
  5
1C7
330
1B
100
AcDbEntity
  8
F.Silkscreen
  6
CONTINUOUS
100
AcDbLine
 10
171.0217020000000048
 20
-123.1143419999999935
 30
0
 11
171.0693210000000022
 21
-123.2095799999999883
 31
0
  0
LINE
  5
1C8
330
1B
100
AcDbEntity
  8
F.Silkscreen
  6
CONTINUOUS
100
AcDbLine
 10
171.0693210000000022
 20
-123.2095799999999883
 30
0
 11
171.1169399999999996
 21
-123.2571999999999974
 31
0
  0
LINE
  5
1C9
330
1B
100
AcDbEntity
  8
F.Silkscreen
  6
CONTINUOUS
100
AcDbLine
 10
171.1169399999999996
 20
-123.2571999999999974
 30
0
 11
171.2121779999999944
 21
-123.3048189999999948
 31
0
  0
LINE
  5
1CA
330
1B
100
AcDbEntity
  8
F.Silkscreen
  6
CONTINUOUS
100
AcDbLine
 10
171.2121779999999944
 20
-123.3048189999999948
 30
0
 11
171.4026539999999841
 21
-123.3048189999999948
 31
0
  0
LINE
  5
1CB
330
1B
100
AcDbEntity
  8
F.Silkscreen
  6
CONTINUOUS
100
AcDbLine
 10
171.4026539999999841
 20
-123.3048189999999948
 30
0
 11
171.4978919999999789
 21
-123.2571999999999974
 31
0
  0
LINE
  5
1CC
330
1B
100
AcDbEntity
  8
F.Silkscreen
  6
CONTINUOUS
100
AcDbLine
 10
171.4978919999999789
 20
-123.2571999999999974
 30
0
 11
171.5455110000000047
 21
-123.2095799999999883
 31
0
  0
LINE
  5
1CD
330
1B
100
AcDbEntity
  8
F.Silkscreen
  6
CONTINUOUS
100
AcDbLine
 10
171.5455110000000047
 20
-123.2095799999999883
 30
0
 11
171.5931300000000022
 21
-123.1143419999999935
 31
0
  0
LINE
  5
1CE
330
1B
100
AcDbEntity
  8
F.Silkscreen
  6
CONTINUOUS
100
AcDbLine
 10
171.5931300000000022
 20
-123.1143419999999935
 30
0
 11
171.5931300000000022
 21
-122.8762469999999922
 31
0
  0
LINE
  5
1CF
330
1B
100
AcDbEntity
  8
F.Silkscreen
  6
CONTINUOUS
100
AcDbLine
 10
171.5931300000000022
 20
-122.8762469999999922
 30
0
 11
171.5455110000000047
 21
-122.7810089999999974
 31
0
  0
LINE
  5
1D0
330
1B
100
AcDbEntity
  8
F.Silkscreen
  6
CONTINUOUS
100
AcDbLine
 10
171.5455110000000047
 20
-122.7810089999999974
 30
0
 11
171.4978919999999789
 21
-122.73339
 31
0
  0
LINE
  5
1D1
330
1B
100
AcDbEntity
  8
F.Silkscreen
  6
CONTINUOUS
100
AcDbLine
 10
171.4978919999999789
 20
-122.73339
 30
0
 11
171.4026539999999841
 21
-122.6857709999999884
 31
0
  0
LINE
  5
1D2
330
1B
100
AcDbEntity
  8
F.Silkscreen
  6
CONTINUOUS
100
AcDbLine
 10
171.4026539999999841
 20
-122.6857709999999884
 30
0
 11
171.2121779999999944
 21
-122.6857709999999884
 31
0
  0
LINE
  5
1D3
330
1B
100
AcDbEntity
  8
F.Silkscreen
  6
CONTINUOUS
100
AcDbLine
 10
171.2121779999999944
 20
-122.6857709999999884
 30
0
 11
171.1169399999999996
 21
-122.73339
 31
0
  0
LINE
  5
1D4
330
1B
100
AcDbEntity
  8
F.Silkscreen
  6
CONTINUOUS
100
AcDbLine
 10
171.1169399999999996
 20
-122.73339
 30
0
 11
171.0693210000000022
 21
-122.7810089999999974
 31
0
  0
LINE
  5
1D5
330
1B
100
AcDbEntity
  8
F.Silkscreen
  6
CONTINUOUS
100
AcDbLine
 10
171.0693210000000022
 20
-122.7810089999999974
 30
0
 11
171.0217020000000048
 21
-122.8762469999999922
 31
0
  0
LINE
  5
1D6
330
1B
100
AcDbEntity
  8
F.Silkscreen
  6
CONTINUOUS
100
AcDbLine
 10
132.4766659999999945
 20
-122.3048189999999948
 30
0
 11
132.4766659999999945
 21
-123.0191039999999987
 31
0
  0
LINE
  5
1D7
330
1B
100
AcDbEntity
  8
F.Silkscreen
  6
CONTINUOUS
100
AcDbLine
 10
132.4766659999999945
 20
-123.0191039999999987
 30
0
 11
132.4290469999999971
 21
-123.1619609999999909
 31
0
  0
LINE
  5
1D8
330
1B
100
AcDbEntity
  8
F.Silkscreen
  6
CONTINUOUS
100
AcDbLine
 10
132.4290469999999971
 20
-123.1619609999999909
 30
0
 11
132.3338090000000022
 21
-123.2571999999999974
 31
0
  0
LINE
  5
1D9
330
1B
100
AcDbEntity
  8
F.Silkscreen
  6
CONTINUOUS
100
AcDbLine
 10
132.3338090000000022
 20
-123.2571999999999974
 30
0
 11
132.1909519999999816
 21
-123.3048189999999948
 31
0
  0
LINE
  5
1DA
330
1B
100
AcDbEntity
  8
F.Silkscreen
  6
CONTINUOUS
100
AcDbLine
 10
132.1909519999999816
 20
-123.3048189999999948
 30
0
 11
132.0957139999999868
 21
-123.3048189999999948
 31
0
  0
LINE
  5
1DB
330
1B
100
AcDbEntity
  8
F.Silkscreen
  6
CONTINUOUS
100
AcDbLine
 10
133.4290469999999971
 20
-122.3048189999999948
 30
0
 11
132.9528569999999945
 21
-122.3048189999999948
 31
0
  0
LINE
  5
1DC
330
1B
100
AcDbEntity
  8
F.Silkscreen
  6
CONTINUOUS
100
AcDbLine
 10
132.9528569999999945
 20
-122.3048189999999948
 30
0
 11
132.9052379999999971
 21
-122.7810089999999974
 31
0
  0
LINE
  5
1DD
330
1B
100
AcDbEntity
  8
F.Silkscreen
  6
CONTINUOUS
100
AcDbLine
 10
132.9052379999999971
 20
-122.7810089999999974
 30
0
 11
132.9528569999999945
 21
-122.73339
 31
0
  0
LINE
  5
1DE
330
1B
100
AcDbEntity
  8
F.Silkscreen
  6
CONTINUOUS
100
AcDbLine
 10
132.9528569999999945
 20
-122.73339
 30
0
 11
133.0480949999999893
 21
-122.6857709999999884
 31
0
  0
LINE
  5
1DF
330
1B
100
AcDbEntity
  8
F.Silkscreen
  6
CONTINUOUS
100
AcDbLine
 10
133.0480949999999893
 20
-122.6857709999999884
 30
0
 11
133.2861900000000048
 21
-122.6857709999999884
 31
0
  0
LINE
  5
1E0
330
1B
100
AcDbEntity
  8
F.Silkscreen
  6
CONTINUOUS
100
AcDbLine
 10
133.2861900000000048
 20
-122.6857709999999884
 30
0
 11
133.3814279999999997
 21
-122.73339
 31
0
  0
LINE
  5
1E1
330
1B
100
AcDbEntity
  8
F.Silkscreen
  6
CONTINUOUS
100
AcDbLine
 10
133.3814279999999997
 20
-122.73339
 30
0
 11
133.4290469999999971
 21
-122.7810089999999974
 31
0
  0
LINE
  5
1E2
330
1B
100
AcDbEntity
  8
F.Silkscreen
  6
CONTINUOUS
100
AcDbLine
 10
133.4290469999999971
 20
-122.7810089999999974
 30
0
 11
133.4766659999999945
 21
-122.8762469999999922
 31
0
  0
LINE
  5
1E3
330
1B
100
AcDbEntity
  8
F.Silkscreen
  6
CONTINUOUS
100
AcDbLine
 10
133.4766659999999945
 20
-122.8762469999999922
 30
0
 11
133.4766659999999945
 21
-123.1143419999999935
 31
0
  0
LINE
  5
1E4
330
1B
100
AcDbEntity
  8
F.Silkscreen
  6
CONTINUOUS
100
AcDbLine
 10
133.4766659999999945
 20
-123.1143419999999935
 30
0
 11
133.4290469999999971
 21
-123.2095799999999883
 31
0
  0
LINE
  5
1E5
330
1B
100
AcDbEntity
  8
F.Silkscreen
  6
CONTINUOUS
100
AcDbLine
 10
133.4290469999999971
 20
-123.2095799999999883
 30
0
 11
133.3814279999999997
 21
-123.2571999999999974
 31
0
  0
LINE
  5
1E6
330
1B
100
AcDbEntity
  8
F.Silkscreen
  6
CONTINUOUS
100
AcDbLine
 10
133.3814279999999997
 20
-123.2571999999999974
 30
0
 11
133.2861900000000048
 21
-123.3048189999999948
 31
0
  0
LINE
  5
1E7
330
1B
100
AcDbEntity
  8
F.Silkscreen
  6
CONTINUOUS
100
AcDbLine
 10
133.2861900000000048
 20
-123.3048189999999948
 30
0
 11
133.0480949999999893
 21
-123.3048189999999948
 31
0
  0
LINE
  5
1E8
330
1B
100
AcDbEntity
  8
F.Silkscreen
  6
CONTINUOUS
100
AcDbLine
 10
133.0480949999999893
 20
-123.3048189999999948
 30
0
 11
132.9528569999999945
 21
-123.2571999999999974
 31
0
  0
LINE
  5
1E9
330
1B
100
AcDbEntity
  8
F.Silkscreen
  6
CONTINUOUS
100
AcDbLine
 10
132.9528569999999945
 20
-123.2571999999999974
 30
0
 11
132.9052379999999971
 21
-123.2095799999999883
 31
0
  0
LINE
  5
1EA
330
1B
100
AcDbEntity
  8
F.Silkscreen
  6
CONTINUOUS
100
AcDbLine
 10
156.2848189999999988
 20
-91.5566659999999928
 30
0
 11
155.8086279999999988
 21
-91.8899989999999889
 31
0
  0
LINE
  5
1EB
330
1B
100
AcDbEntity
  8
F.Silkscreen
  6
CONTINUOUS
100
AcDbLine
 10
156.2848189999999988
 20
-92.1280939999999902
 30
0
 11
155.2848189999999988
 21
-92.1280939999999902
 31
0
  0
LINE
  5
1EC
330
1B
100
AcDbEntity
  8
F.Silkscreen
  6
CONTINUOUS
100
AcDbLine
 10
155.2848189999999988
 20
-92.1280939999999902
 30
0
 11
155.2848189999999988
 21
-91.7471419999999966
 31
0
  0
LINE
  5
1ED
330
1B
100
AcDbEntity
  8
F.Silkscreen
  6
CONTINUOUS
100
AcDbLine
 10
155.2848189999999988
 20
-91.7471419999999966
 30
0
 11
155.3324379999999962
 21
-91.6519040000000018
 31
0
  0
LINE
  5
1EE
330
1B
100
AcDbEntity
  8
F.Silkscreen
  6
CONTINUOUS
100
AcDbLine
 10
155.3324379999999962
 20
-91.6519040000000018
 30
0
 11
155.3800569999999936
 21
-91.6042849999999902
 31
0
  0
LINE
  5
1EF
330
1B
100
AcDbEntity
  8
F.Silkscreen
  6
CONTINUOUS
100
AcDbLine
 10
155.3800569999999936
 20
-91.6042849999999902
 30
0
 11
155.4752949999999885
 21
-91.5566659999999928
 31
0
  0
LINE
  5
1F0
330
1B
100
AcDbEntity
  8
F.Silkscreen
  6
CONTINUOUS
100
AcDbLine
 10
155.4752949999999885
 20
-91.5566659999999928
 30
0
 11
155.6181519999999807
 21
-91.5566659999999928
 31
0
  0
LINE
  5
1F1
330
1B
100
AcDbEntity
  8
F.Silkscreen
  6
CONTINUOUS
100
AcDbLine
 10
155.6181519999999807
 20
-91.5566659999999928
 30
0
 11
155.713390000000004
 21
-91.6042849999999902
 31
0
  0
LINE
  5
1F2
330
1B
100
AcDbEntity
  8
F.Silkscreen
  6
CONTINUOUS
100
AcDbLine
 10
155.713390000000004
 20
-91.6042849999999902
 30
0
 11
155.7610090000000014
 21
-91.6519040000000018
 31
0
  0
LINE
  5
1F3
330
1B
100
AcDbEntity
  8
F.Silkscreen
  6
CONTINUOUS
100
AcDbLine
 10
155.7610090000000014
 20
-91.6519040000000018
 30
0
 11
155.8086279999999988
 21
-91.7471419999999966
 31
0
  0
LINE
  5
1F4
330
1B
100
AcDbEntity
  8
F.Silkscreen
  6
CONTINUOUS
100
AcDbLine
 10
155.8086279999999988
 20
-91.7471419999999966
 30
0
 11
155.8086279999999988
 21
-92.1280939999999902
 31
0
  0
LINE
  5
1F5
330
1B
100
AcDbEntity
  8
F.Silkscreen
  6
CONTINUOUS
100
AcDbLine
 10
155.713390000000004
 20
-90.9852369999999979
 30
0
 11
155.6657710000000066
 21
-91.0804749999999927
 31
0
  0
LINE
  5
1F6
330
1B
100
AcDbEntity
  8
F.Silkscreen
  6
CONTINUOUS
100
AcDbLine
 10
155.6657710000000066
 20
-91.0804749999999927
 30
0
 11
155.6181519999999807
 21
-91.1280939999999902
 31
0
  0
LINE
  5
1F7
330
1B
100
AcDbEntity
  8
F.Silkscreen
  6
CONTINUOUS
100
AcDbLine
 10
155.6181519999999807
 20
-91.1280939999999902
 30
0
 11
155.5229139999999859
 21
-91.1757130000000018
 31
0
  0
LINE
  5
1F8
330
1B
100
AcDbEntity
  8
F.Silkscreen
  6
CONTINUOUS
100
AcDbLine
 10
155.5229139999999859
 20
-91.1757130000000018
 30
0
 11
155.4752949999999885
 21
-91.1757130000000018
 31
0
  0
LINE
  5
1F9
330
1B
100
AcDbEntity
  8
F.Silkscreen
  6
CONTINUOUS
100
AcDbLine
 10
155.4752949999999885
 20
-91.1757130000000018
 30
0
 11
155.3800569999999936
 21
-91.1280939999999902
 31
0
  0
LINE
  5
1FA
330
1B
100
AcDbEntity
  8
F.Silkscreen
  6
CONTINUOUS
100
AcDbLine
 10
155.3800569999999936
 20
-91.1280939999999902
 30
0
 11
155.3324379999999962
 21
-91.0804749999999927
 31
0
  0
LINE
  5
1FB
330
1B
100
AcDbEntity
  8
F.Silkscreen
  6
CONTINUOUS
100
AcDbLine
 10
155.3324379999999962
 20
-91.0804749999999927
 30
0
 11
155.2848189999999988
 21
-90.9852369999999979
 31
0
  0
LINE
  5
1FC
330
1B
100
AcDbEntity
  8
F.Silkscreen
  6
CONTINUOUS
100
AcDbLine
 10
155.2848189999999988
 20
-90.9852369999999979
 30
0
 11
155.2848189999999988
 21
-90.7947609999999941
 31
0
  0
LINE
  5
1FD
330
1B
100
AcDbEntity
  8
F.Silkscreen
  6
CONTINUOUS
100
AcDbLine
 10
155.2848189999999988
 20
-90.7947609999999941
 30
0
 11
155.3324379999999962
 21
-90.6995229999999992
 31
0
  0
LINE
  5
1FE
330
1B
100
AcDbEntity
  8
F.Silkscreen
  6
CONTINUOUS
100
AcDbLine
 10
155.3324379999999962
 20
-90.6995229999999992
 30
0
 11
155.3800569999999936
 21
-90.6519040000000018
 31
0
  0
LINE
  5
1FF
330
1B
100
AcDbEntity
  8
F.Silkscreen
  6
CONTINUOUS
100
AcDbLine
 10
155.3800569999999936
 20
-90.6519040000000018
 30
0
 11
155.4752949999999885
 21
-90.6042849999999902
 31
0
  0
LINE
  5
200
330
1B
100
AcDbEntity
  8
F.Silkscreen
  6
CONTINUOUS
100
AcDbLine
 10
155.4752949999999885
 20
-90.6042849999999902
 30
0
 11
155.5229139999999859
 21
-90.6042849999999902
 31
0
  0
LINE
  5
201
330
1B
100
AcDbEntity
  8
F.Silkscreen
  6
CONTINUOUS
100
AcDbLine
 10
155.5229139999999859
 20
-90.6042849999999902
 30
0
 11
155.6181519999999807
 21
-90.6519040000000018
 31
0
  0
LINE
  5
202
330
1B
100
AcDbEntity
  8
F.Silkscreen
  6
CONTINUOUS
100
AcDbLine
 10
155.6181519999999807
 20
-90.6519040000000018
 30
0
 11
155.6657710000000066
 21
-90.6995229999999992
 31
0
  0
LINE
  5
203
330
1B
100
AcDbEntity
  8
F.Silkscreen
  6
CONTINUOUS
100
AcDbLine
 10
155.6657710000000066
 20
-90.6995229999999992
 30
0
 11
155.713390000000004
 21
-90.7947609999999941
 31
0
  0
LINE
  5
204
330
1B
100
AcDbEntity
  8
F.Silkscreen
  6
CONTINUOUS
100
AcDbLine
 10
155.713390000000004
 20
-90.7947609999999941
 30
0
 11
155.713390000000004
 21
-90.9852369999999979
 31
0
  0
LINE
  5
205
330
1B
100
AcDbEntity
  8
F.Silkscreen
  6
CONTINUOUS
100
AcDbLine
 10
155.713390000000004
 20
-90.9852369999999979
 30
0
 11
155.7610090000000014
 21
-91.0804749999999927
 31
0
  0
LINE
  5
206
330
1B
100
AcDbEntity
  8
F.Silkscreen
  6
CONTINUOUS
100
AcDbLine
 10
155.7610090000000014
 20
-91.0804749999999927
 30
0
 11
155.8086279999999988
 21
-91.1280939999999902
 31
0
  0
LINE
  5
207
330
1B
100
AcDbEntity
  8
F.Silkscreen
  6
CONTINUOUS
100
AcDbLine
 10
155.8086279999999988
 20
-91.1280939999999902
 30
0
 11
155.9038659999999936
 21
-91.1757130000000018
 31
0
  0
LINE
  5
208
330
1B
100
AcDbEntity
  8
F.Silkscreen
  6
CONTINUOUS
100
AcDbLine
 10
155.9038659999999936
 20
-91.1757130000000018
 30
0
 11
156.0943419999999833
 21
-91.1757130000000018
 31
0
  0
LINE
  5
209
330
1B
100
AcDbEntity
  8
F.Silkscreen
  6
CONTINUOUS
100
AcDbLine
 10
156.0943419999999833
 20
-91.1757130000000018
 30
0
 11
156.1895800000000065
 21
-91.1280939999999902
 31
0
  0
LINE
  5
20A
330
1B
100
AcDbEntity
  8
F.Silkscreen
  6
CONTINUOUS
100
AcDbLine
 10
156.1895800000000065
 20
-91.1280939999999902
 30
0
 11
156.2372000000000014
 21
-91.0804749999999927
 31
0
  0
LINE
  5
20B
330
1B
100
AcDbEntity
  8
F.Silkscreen
  6
CONTINUOUS
100
AcDbLine
 10
156.2372000000000014
 20
-91.0804749999999927
 30
0
 11
156.2848189999999988
 21
-90.9852369999999979
 31
0
  0
LINE
  5
20C
330
1B
100
AcDbEntity
  8
F.Silkscreen
  6
CONTINUOUS
100
AcDbLine
 10
156.2848189999999988
 20
-90.9852369999999979
 30
0
 11
156.2848189999999988
 21
-90.7947609999999941
 31
0
  0
LINE
  5
20D
330
1B
100
AcDbEntity
  8
F.Silkscreen
  6
CONTINUOUS
100
AcDbLine
 10
156.2848189999999988
 20
-90.7947609999999941
 30
0
 11
156.2372000000000014
 21
-90.6995229999999992
 31
0
  0
LINE
  5
20E
330
1B
100
AcDbEntity
  8
F.Silkscreen
  6
CONTINUOUS
100
AcDbLine
 10
156.2372000000000014
 20
-90.6995229999999992
 30
0
 11
156.1895800000000065
 21
-90.6519040000000018
 31
0
  0
LINE
  5
20F
330
1B
100
AcDbEntity
  8
F.Silkscreen
  6
CONTINUOUS
100
AcDbLine
 10
156.1895800000000065
 20
-90.6519040000000018
 30
0
 11
156.0943419999999833
 21
-90.6042849999999902
 31
0
  0
LINE
  5
210
330
1B
100
AcDbEntity
  8
F.Silkscreen
  6
CONTINUOUS
100
AcDbLine
 10
156.0943419999999833
 20
-90.6042849999999902
 30
0
 11
155.9038659999999936
 21
-90.6042849999999902
 31
0
  0
LINE
  5
211
330
1B
100
AcDbEntity
  8
F.Silkscreen
  6
CONTINUOUS
100
AcDbLine
 10
155.9038659999999936
 20
-90.6042849999999902
 30
0
 11
155.8086279999999988
 21
-90.6519040000000018
 31
0
  0
LINE
  5
212
330
1B
100
AcDbEntity
  8
F.Silkscreen
  6
CONTINUOUS
100
AcDbLine
 10
155.8086279999999988
 20
-90.6519040000000018
 30
0
 11
155.7610090000000014
 21
-90.6995229999999992
 31
0
  0
LINE
  5
213
330
1B
100
AcDbEntity
  8
F.Silkscreen
  6
CONTINUOUS
100
AcDbLine
 10
155.7610090000000014
 20
-90.6995229999999992
 30
0
 11
155.713390000000004
 21
-90.7947609999999941
 31
0
  0
LINE
  5
214
330
1B
100
AcDbEntity
  8
F.Silkscreen
  6
CONTINUOUS
100
AcDbLine
 10
119.5866659999999939
 20
-51.9548190000000005
 30
0
 11
119.5866659999999939
 21
-52.6691039999999973
 31
0
  0
LINE
  5
215
330
1B
100
AcDbEntity
  8
F.Silkscreen
  6
CONTINUOUS
100
AcDbLine
 10
119.5866659999999939
 20
-52.6691039999999973
 30
0
 11
119.5390469999999965
 21
-52.8119609999999966
 31
0
  0
LINE
  5
216
330
1B
100
AcDbEntity
  8
F.Silkscreen
  6
CONTINUOUS
100
AcDbLine
 10
119.5390469999999965
 20
-52.8119609999999966
 30
0
 11
119.4438090000000017
 21
-52.907199999999996
 31
0
  0
LINE
  5
217
330
1B
100
AcDbEntity
  8
F.Silkscreen
  6
CONTINUOUS
100
AcDbLine
 10
119.4438090000000017
 20
-52.907199999999996
 30
0
 11
119.3009519999999952
 21
-52.9548190000000005
 31
0
  0
LINE
  5
218
330
1B
100
AcDbEntity
  8
F.Silkscreen
  6
CONTINUOUS
100
AcDbLine
 10
119.3009519999999952
 20
-52.9548190000000005
 30
0
 11
119.2057140000000004
 21
-52.9548190000000005
 31
0
  0
LINE
  5
219
330
1B
100
AcDbEntity
  8
F.Silkscreen
  6
CONTINUOUS
100
AcDbLine
 10
120.0152379999999965
 20
-52.0500569999999954
 30
0
 11
120.0628569999999939
 21
-52.0024379999999979
 31
0
  0
LINE
  5
21A
330
1B
100
AcDbEntity
  8
F.Silkscreen
  6
CONTINUOUS
100
AcDbLine
 10
120.0628569999999939
 20
-52.0024379999999979
 30
0
 11
120.1580949999999888
 21
-51.9548190000000005
 31
0
  0
LINE
  5
21B
330
1B
100
AcDbEntity
  8
F.Silkscreen
  6
CONTINUOUS
100
AcDbLine
 10
120.1580949999999888
 20
-51.9548190000000005
 30
0
 11
120.3961899999999901
 21
-51.9548190000000005
 31
0
  0
LINE
  5
21C
330
1B
100
AcDbEntity
  8
F.Silkscreen
  6
CONTINUOUS
100
AcDbLine
 10
120.3961899999999901
 20
-51.9548190000000005
 30
0
 11
120.4914279999999991
 21
-52.0024379999999979
 31
0
  0
LINE
  5
21D
330
1B
100
AcDbEntity
  8
F.Silkscreen
  6
CONTINUOUS
100
AcDbLine
 10
120.4914279999999991
 20
-52.0024379999999979
 30
0
 11
120.5390469999999965
 21
-52.0500569999999954
 31
0
  0
LINE
  5
21E
330
1B
100
AcDbEntity
  8
F.Silkscreen
  6
CONTINUOUS
100
AcDbLine
 10
120.5390469999999965
 20
-52.0500569999999954
 30
0
 11
120.5866659999999939
 21
-52.1452949999999973
 31
0
  0
LINE
  5
21F
330
1B
100
AcDbEntity
  8
F.Silkscreen
  6
CONTINUOUS
100
AcDbLine
 10
120.5866659999999939
 20
-52.1452949999999973
 30
0
 11
120.5866659999999939
 21
-52.2405329999999992
 31
0
  0
LINE
  5
220
330
1B
100
AcDbEntity
  8
F.Silkscreen
  6
CONTINUOUS
100
AcDbLine
 10
120.5866659999999939
 20
-52.2405329999999992
 30
0
 11
120.5390469999999965
 21
-52.3833899999999986
 31
0
  0
LINE
  5
221
330
1B
100
AcDbEntity
  8
F.Silkscreen
  6
CONTINUOUS
100
AcDbLine
 10
120.5390469999999965
 20
-52.3833899999999986
 30
0
 11
119.9676189999999991
 21
-52.9548190000000005
 31
0
  0
LINE
  5
222
330
1B
100
AcDbEntity
  8
F.Silkscreen
  6
CONTINUOUS
100
AcDbLine
 10
119.9676189999999991
 20
-52.9548190000000005
 30
0
 11
120.5866659999999939
 21
-52.9548190000000005
 31
0
  0
LINE
  5
223
330
1B
100
AcDbEntity
  8
F.Silkscreen
  6
CONTINUOUS
100
AcDbLine
 10
131.1595800000000054
 20
-80.3928569999999922
 30
0
 11
131.2072000000000003
 21
-80.4404759999999897
 31
0
  0
LINE
  5
224
330
1B
100
AcDbEntity
  8
F.Silkscreen
  6
CONTINUOUS
100
AcDbLine
 10
131.2072000000000003
 20
-80.4404759999999897
 30
0
 11
131.2548189999999977
 21
-80.5833329999999961
 31
0
  0
LINE
  5
225
330
1B
100
AcDbEntity
  8
F.Silkscreen
  6
CONTINUOUS
100
AcDbLine
 10
131.2548189999999977
 20
-80.5833329999999961
 30
0
 11
131.2548189999999977
 21
-80.6785709999999909
 31
0
  0
LINE
  5
226
330
1B
100
AcDbEntity
  8
F.Silkscreen
  6
CONTINUOUS
100
AcDbLine
 10
131.2548189999999977
 20
-80.6785709999999909
 30
0
 11
131.2072000000000003
 21
-80.8214279999999974
 31
0
  0
LINE
  5
227
330
1B
100
AcDbEntity
  8
F.Silkscreen
  6
CONTINUOUS
100
AcDbLine
 10
131.2072000000000003
 20
-80.8214279999999974
 30
0
 11
131.111961000000008
 21
-80.9166659999999922
 31
0
  0
LINE
  5
228
330
1B
100
AcDbEntity
  8
F.Silkscreen
  6
CONTINUOUS
100
AcDbLine
 10
131.111961000000008
 20
-80.9166659999999922
 30
0
 11
131.0167229999999847
 21
-80.9642849999999896
 31
0
  0
LINE
  5
229
330
1B
100
AcDbEntity
  8
F.Silkscreen
  6
CONTINUOUS
100
AcDbLine
 10
131.0167229999999847
 20
-80.9642849999999896
 30
0
 11
130.8262469999999951
 21
-81.0119040000000012
 31
0
  0
LINE
  5
22A
330
1B
100
AcDbEntity
  8
F.Silkscreen
  6
CONTINUOUS
100
AcDbLine
 10
130.8262469999999951
 20
-81.0119040000000012
 30
0
 11
130.6833900000000028
 21
-81.0119040000000012
 31
0
  0
LINE
  5
22B
330
1B
100
AcDbEntity
  8
F.Silkscreen
  6
CONTINUOUS
100
AcDbLine
 10
130.6833900000000028
 20
-81.0119040000000012
 30
0
 11
130.4929139999999848
 21
-80.9642849999999896
 31
0
  0
LINE
  5
22C
330
1B
100
AcDbEntity
  8
F.Silkscreen
  6
CONTINUOUS
100
AcDbLine
 10
130.4929139999999848
 20
-80.9642849999999896
 30
0
 11
130.3976759999999899
 21
-80.9166659999999922
 31
0
  0
LINE
  5
22D
330
1B
100
AcDbEntity
  8
F.Silkscreen
  6
CONTINUOUS
100
AcDbLine
 10
130.3976759999999899
 20
-80.9166659999999922
 30
0
 11
130.3024379999999951
 21
-80.8214279999999974
 31
0
  0
LINE
  5
22E
330
1B
100
AcDbEntity
  8
F.Silkscreen
  6
CONTINUOUS
100
AcDbLine
 10
130.3024379999999951
 20
-80.8214279999999974
 30
0
 11
130.2548189999999977
 21
-80.6785709999999909
 31
0
  0
LINE
  5
22F
330
1B
100
AcDbEntity
  8
F.Silkscreen
  6
CONTINUOUS
100
AcDbLine
 10
130.2548189999999977
 20
-80.6785709999999909
 30
0
 11
130.2548189999999977
 21
-80.5833329999999961
 31
0
  0
LINE
  5
230
330
1B
100
AcDbEntity
  8
F.Silkscreen
  6
CONTINUOUS
100
AcDbLine
 10
130.2548189999999977
 20
-80.5833329999999961
 30
0
 11
130.3024379999999951
 21
-80.4404759999999897
 31
0
  0
LINE
  5
231
330
1B
100
AcDbEntity
  8
F.Silkscreen
  6
CONTINUOUS
100
AcDbLine
 10
130.3024379999999951
 20
-80.4404759999999897
 30
0
 11
130.3500569999999925
 21
-80.3928569999999922
 31
0
  0
LINE
  5
232
330
1B
100
AcDbEntity
  8
F.Silkscreen
  6
CONTINUOUS
100
AcDbLine
 10
131.2548189999999977
 20
-79.4404759999999897
 30
0
 11
131.2548189999999977
 21
-80.0119040000000012
 31
0
  0
LINE
  5
233
330
1B
100
AcDbEntity
  8
F.Silkscreen
  6
CONTINUOUS
100
AcDbLine
 10
131.2548189999999977
 20
-79.7261900000000026
 30
0
 11
130.2548189999999977
 21
-79.7261900000000026
 31
0
  0
LINE
  5
234
330
1B
100
AcDbEntity
  8
F.Silkscreen
  6
CONTINUOUS
100
AcDbLine
 10
130.2548189999999977
 20
-79.7261900000000026
 30
0
 11
130.3976759999999899
 21
-79.8214279999999974
 31
0
  0
LINE
  5
235
330
1B
100
AcDbEntity
  8
F.Silkscreen
  6
CONTINUOUS
100
AcDbLine
 10
130.3976759999999899
 20
-79.8214279999999974
 30
0
 11
130.4929139999999848
 21
-79.9166659999999922
 31
0
  0
LINE
  5
236
330
1B
100
AcDbEntity
  8
F.Silkscreen
  6
CONTINUOUS
100
AcDbLine
 10
130.4929139999999848
 20
-79.9166659999999922
 30
0
 11
130.5405329999999822
 21
-80.0119040000000012
 31
0
  0
LINE
  5
237
330
1B
100
AcDbEntity
  8
F.Silkscreen
  6
CONTINUOUS
100
AcDbLine
 10
130.2548189999999977
 20
-78.5357139999999987
 30
0
 11
130.2548189999999977
 21
-79.0119040000000012
 31
0
  0
LINE
  5
238
330
1B
100
AcDbEntity
  8
F.Silkscreen
  6
CONTINUOUS
100
AcDbLine
 10
130.2548189999999977
 20
-79.0119040000000012
 30
0
 11
130.7310090000000002
 21
-79.0595229999999987
 31
0
  0
LINE
  5
239
330
1B
100
AcDbEntity
  8
F.Silkscreen
  6
CONTINUOUS
100
AcDbLine
 10
130.7310090000000002
 20
-79.0595229999999987
 30
0
 11
130.6833900000000028
 21
-79.0119040000000012
 31
0
  0
LINE
  5
23A
330
1B
100
AcDbEntity
  8
F.Silkscreen
  6
CONTINUOUS
100
AcDbLine
 10
130.6833900000000028
 20
-79.0119040000000012
 30
0
 11
130.6357710000000054
 21
-78.9166659999999922
 31
0
  0
LINE
  5
23B
330
1B
100
AcDbEntity
  8
F.Silkscreen
  6
CONTINUOUS
100
AcDbLine
 10
130.6357710000000054
 20
-78.9166659999999922
 30
0
 11
130.6357710000000054
 21
-78.6785709999999909
 31
0
  0
LINE
  5
23C
330
1B
100
AcDbEntity
  8
F.Silkscreen
  6
CONTINUOUS
100
AcDbLine
 10
130.6357710000000054
 20
-78.6785709999999909
 30
0
 11
130.6833900000000028
 21
-78.5833329999999961
 31
0
  0
LINE
  5
23D
330
1B
100
AcDbEntity
  8
F.Silkscreen
  6
CONTINUOUS
100
AcDbLine
 10
130.6833900000000028
 20
-78.5833329999999961
 30
0
 11
130.7310090000000002
 21
-78.5357139999999987
 31
0
  0
LINE
  5
23E
330
1B
100
AcDbEntity
  8
F.Silkscreen
  6
CONTINUOUS
100
AcDbLine
 10
130.7310090000000002
 20
-78.5357139999999987
 30
0
 11
130.8262469999999951
 21
-78.4880950000000013
 31
0
  0
LINE
  5
23F
330
1B
100
AcDbEntity
  8
F.Silkscreen
  6
CONTINUOUS
100
AcDbLine
 10
130.8262469999999951
 20
-78.4880950000000013
 30
0
 11
131.0643419999999821
 21
-78.4880950000000013
 31
0
  0
LINE
  5
240
330
1B
100
AcDbEntity
  8
F.Silkscreen
  6
CONTINUOUS
100
AcDbLine
 10
131.0643419999999821
 20
-78.4880950000000013
 30
0
 11
131.1595800000000054
 21
-78.5357139999999987
 31
0
  0
LINE
  5
241
330
1B
100
AcDbEntity
  8
F.Silkscreen
  6
CONTINUOUS
100
AcDbLine
 10
131.1595800000000054
 20
-78.5357139999999987
 30
0
 11
131.2072000000000003
 21
-78.5833329999999961
 31
0
  0
LINE
  5
242
330
1B
100
AcDbEntity
  8
F.Silkscreen
  6
CONTINUOUS
100
AcDbLine
 10
131.2072000000000003
 20
-78.5833329999999961
 30
0
 11
131.2548189999999977
 21
-78.6785709999999909
 31
0
  0
LINE
  5
243
330
1B
100
AcDbEntity
  8
F.Silkscreen
  6
CONTINUOUS
100
AcDbLine
 10
131.2548189999999977
 20
-78.6785709999999909
 30
0
 11
131.2548189999999977
 21
-78.9166659999999922
 31
0
  0
LINE
  5
244
330
1B
100
AcDbEntity
  8
F.Silkscreen
  6
CONTINUOUS
100
AcDbLine
 10
131.2548189999999977
 20
-78.9166659999999922
 30
0
 11
131.2072000000000003
 21
-79.0119040000000012
 31
0
  0
LINE
  5
245
330
1B
100
AcDbEntity
  8
F.Silkscreen
  6
CONTINUOUS
100
AcDbLine
 10
131.2072000000000003
 20
-79.0119040000000012
 30
0
 11
131.1595800000000054
 21
-79.0595229999999987
 31
0
  0
LINE
  5
246
330
1B
100
AcDbEntity
  8
F.Silkscreen
  6
CONTINUOUS
100
AcDbLine
 10
149.323332999999991
 20
-76.2248189999999965
 30
0
 11
148.9899999999999807
 21
-75.7486279999999965
 31
0
  0
LINE
  5
247
330
1B
100
AcDbEntity
  8
F.Silkscreen
  6
CONTINUOUS
100
AcDbLine
 10
148.7519049999999936
 20
-76.2248189999999965
 30
0
 11
148.7519049999999936
 21
-75.2248189999999965
 31
0
  0
LINE
  5
248
330
1B
100
AcDbEntity
  8
F.Silkscreen
  6
CONTINUOUS
100
AcDbLine
 10
148.7519049999999936
 20
-75.2248189999999965
 30
0
 11
149.1328570000000013
 21
-75.2248189999999965
 31
0
  0
LINE
  5
249
330
1B
100
AcDbEntity
  8
F.Silkscreen
  6
CONTINUOUS
100
AcDbLine
 10
149.1328570000000013
 20
-75.2248189999999965
 30
0
 11
149.2280949999999962
 21
-75.272437999999994
 31
0
  0
LINE
  5
24A
330
1B
100
AcDbEntity
  8
F.Silkscreen
  6
CONTINUOUS
100
AcDbLine
 10
149.2280949999999962
 20
-75.272437999999994
 30
0
 11
149.2757139999999936
 21
-75.3200569999999914
 31
0
  0
LINE
  5
24B
330
1B
100
AcDbEntity
  8
F.Silkscreen
  6
CONTINUOUS
100
AcDbLine
 10
149.2757139999999936
 20
-75.3200569999999914
 30
0
 11
149.323332999999991
 21
-75.4152950000000004
 31
0
  0
LINE
  5
24C
330
1B
100
AcDbEntity
  8
F.Silkscreen
  6
CONTINUOUS
100
AcDbLine
 10
149.323332999999991
 20
-75.4152950000000004
 30
0
 11
149.323332999999991
 21
-75.5581519999999927
 31
0
  0
LINE
  5
24D
330
1B
100
AcDbEntity
  8
F.Silkscreen
  6
CONTINUOUS
100
AcDbLine
 10
149.323332999999991
 20
-75.5581519999999927
 30
0
 11
149.2757139999999936
 21
-75.6533900000000017
 31
0
  0
LINE
  5
24E
330
1B
100
AcDbEntity
  8
F.Silkscreen
  6
CONTINUOUS
100
AcDbLine
 10
149.2757139999999936
 20
-75.6533900000000017
 30
0
 11
149.2280949999999962
 21
-75.7010089999999991
 31
0
  0
LINE
  5
24F
330
1B
100
AcDbEntity
  8
F.Silkscreen
  6
CONTINUOUS
100
AcDbLine
 10
149.2280949999999962
 20
-75.7010089999999991
 30
0
 11
149.1328570000000013
 21
-75.7486279999999965
 31
0
  0
LINE
  5
250
330
1B
100
AcDbEntity
  8
F.Silkscreen
  6
CONTINUOUS
100
AcDbLine
 10
149.1328570000000013
 20
-75.7486279999999965
 30
0
 11
148.7519049999999936
 21
-75.7486279999999965
 31
0
  0
LINE
  5
251
330
1B
100
AcDbEntity
  8
F.Silkscreen
  6
CONTINUOUS
100
AcDbLine
 10
150.1804759999999987
 20
-75.2248189999999965
 30
0
 11
149.9899999999999807
 21
-75.2248189999999965
 31
0
  0
LINE
  5
252
330
1B
100
AcDbEntity
  8
F.Silkscreen
  6
CONTINUOUS
100
AcDbLine
 10
149.9899999999999807
 20
-75.2248189999999965
 30
0
 11
149.8947619999999858
 21
-75.272437999999994
 31
0
  0
LINE
  5
253
330
1B
100
AcDbEntity
  8
F.Silkscreen
  6
CONTINUOUS
100
AcDbLine
 10
149.8947619999999858
 20
-75.272437999999994
 30
0
 11
149.8471429999999884
 21
-75.3200569999999914
 31
0
  0
LINE
  5
254
330
1B
100
AcDbEntity
  8
F.Silkscreen
  6
CONTINUOUS
100
AcDbLine
 10
149.8471429999999884
 20
-75.3200569999999914
 30
0
 11
149.7519049999999936
 21
-75.4629139999999978
 31
0
  0
LINE
  5
255
330
1B
100
AcDbEntity
  8
F.Silkscreen
  6
CONTINUOUS
100
AcDbLine
 10
149.7519049999999936
 20
-75.4629139999999978
 30
0
 11
149.7042859999999962
 21
-75.6533900000000017
 31
0
  0
LINE
  5
256
330
1B
100
AcDbEntity
  8
F.Silkscreen
  6
CONTINUOUS
100
AcDbLine
 10
149.7042859999999962
 20
-75.6533900000000017
 30
0
 11
149.7042859999999962
 21
-76.0343419999999952
 31
0
  0
LINE
  5
257
330
1B
100
AcDbEntity
  8
F.Silkscreen
  6
CONTINUOUS
100
AcDbLine
 10
149.7042859999999962
 20
-76.0343419999999952
 30
0
 11
149.7519049999999936
 21
-76.12957999999999
 31
0
  0
LINE
  5
258
330
1B
100
AcDbEntity
  8
F.Silkscreen
  6
CONTINUOUS
100
AcDbLine
 10
149.7519049999999936
 20
-76.12957999999999
 30
0
 11
149.799523999999991
 21
-76.1771999999999991
 31
0
  0
LINE
  5
259
330
1B
100
AcDbEntity
  8
F.Silkscreen
  6
CONTINUOUS
100
AcDbLine
 10
149.799523999999991
 20
-76.1771999999999991
 30
0
 11
149.8947619999999858
 21
-76.2248189999999965
 31
0
  0
LINE
  5
25A
330
1B
100
AcDbEntity
  8
F.Silkscreen
  6
CONTINUOUS
100
AcDbLine
 10
149.8947619999999858
 20
-76.2248189999999965
 30
0
 11
150.0852380000000039
 21
-76.2248189999999965
 31
0
  0
LINE
  5
25B
330
1B
100
AcDbEntity
  8
F.Silkscreen
  6
CONTINUOUS
100
AcDbLine
 10
150.0852380000000039
 20
-76.2248189999999965
 30
0
 11
150.1804759999999987
 21
-76.1771999999999991
 31
0
  0
LINE
  5
25C
330
1B
100
AcDbEntity
  8
F.Silkscreen
  6
CONTINUOUS
100
AcDbLine
 10
150.1804759999999987
 20
-76.1771999999999991
 30
0
 11
150.2280949999999962
 21
-76.12957999999999
 31
0
  0
LINE
  5
25D
330
1B
100
AcDbEntity
  8
F.Silkscreen
  6
CONTINUOUS
100
AcDbLine
 10
150.2280949999999962
 20
-76.12957999999999
 30
0
 11
150.2757139999999936
 21
-76.0343419999999952
 31
0
  0
LINE
  5
25E
330
1B
100
AcDbEntity
  8
F.Silkscreen
  6
CONTINUOUS
100
AcDbLine
 10
150.2757139999999936
 20
-76.0343419999999952
 30
0
 11
150.2757139999999936
 21
-75.7962469999999939
 31
0
  0
LINE
  5
25F
330
1B
100
AcDbEntity
  8
F.Silkscreen
  6
CONTINUOUS
100
AcDbLine
 10
150.2757139999999936
 20
-75.7962469999999939
 30
0
 11
150.2280949999999962
 21
-75.7010089999999991
 31
0
  0
LINE
  5
260
330
1B
100
AcDbEntity
  8
F.Silkscreen
  6
CONTINUOUS
100
AcDbLine
 10
150.2280949999999962
 20
-75.7010089999999991
 30
0
 11
150.1804759999999987
 21
-75.6533900000000017
 31
0
  0
LINE
  5
261
330
1B
100
AcDbEntity
  8
F.Silkscreen
  6
CONTINUOUS
100
AcDbLine
 10
150.1804759999999987
 20
-75.6533900000000017
 30
0
 11
150.0852380000000039
 21
-75.6057709999999901
 31
0
  0
LINE
  5
262
330
1B
100
AcDbEntity
  8
F.Silkscreen
  6
CONTINUOUS
100
AcDbLine
 10
150.0852380000000039
 20
-75.6057709999999901
 30
0
 11
149.8947619999999858
 21
-75.6057709999999901
 31
0
  0
LINE
  5
263
330
1B
100
AcDbEntity
  8
F.Silkscreen
  6
CONTINUOUS
100
AcDbLine
 10
149.8947619999999858
 20
-75.6057709999999901
 30
0
 11
149.799523999999991
 21
-75.6533900000000017
 31
0
  0
LINE
  5
264
330
1B
100
AcDbEntity
  8
F.Silkscreen
  6
CONTINUOUS
100
AcDbLine
 10
149.799523999999991
 20
-75.6533900000000017
 30
0
 11
149.7519049999999936
 21
-75.7010089999999991
 31
0
  0
LINE
  5
265
330
1B
100
AcDbEntity
  8
F.Silkscreen
  6
CONTINUOUS
100
AcDbLine
 10
149.7519049999999936
 20
-75.7010089999999991
 30
0
 11
149.7042859999999962
 21
-75.7962469999999939
 31
0
  0
LINE
  5
266
330
1B
100
AcDbEntity
  8
F.Silkscreen
  6
CONTINUOUS
100
AcDbLine
 10
110.5095799999999997
 20
-129.0688089999999875
 30
0
 11
110.5571999999999946
 21
-129.1164279999999849
 31
0
  0
LINE
  5
267
330
1B
100
AcDbEntity
  8
F.Silkscreen
  6
CONTINUOUS
100
AcDbLine
 10
110.5571999999999946
 20
-129.1164279999999849
 30
0
 11
110.604818999999992
 21
-129.2592850000000055
 31
0
  0
LINE
  5
268
330
1B
100
AcDbEntity
  8
F.Silkscreen
  6
CONTINUOUS
100
AcDbLine
 10
110.604818999999992
 20
-129.2592850000000055
 30
0
 11
110.604818999999992
 21
-129.3545230000000004
 31
0
  0
LINE
  5
269
330
1B
100
AcDbEntity
  8
F.Silkscreen
  6
CONTINUOUS
100
AcDbLine
 10
110.604818999999992
 20
-129.3545230000000004
 30
0
 11
110.5571999999999946
 21
-129.4973799999999926
 31
0
  0
LINE
  5
26A
330
1B
100
AcDbEntity
  8
F.Silkscreen
  6
CONTINUOUS
100
AcDbLine
 10
110.5571999999999946
 20
-129.4973799999999926
 30
0
 11
110.4619609999999881
 21
-129.5926179999999874
 31
0
  0
LINE
  5
26B
330
1B
100
AcDbEntity
  8
F.Silkscreen
  6
CONTINUOUS
100
AcDbLine
 10
110.4619609999999881
 20
-129.5926179999999874
 30
0
 11
110.3667229999999932
 21
-129.6402369999999848
 31
0
  0
LINE
  5
26C
330
1B
100
AcDbEntity
  8
F.Silkscreen
  6
CONTINUOUS
100
AcDbLine
 10
110.3667229999999932
 20
-129.6402369999999848
 30
0
 11
110.1762469999999894
 21
-129.6878559999999823
 31
0
  0
LINE
  5
26D
330
1B
100
AcDbEntity
  8
F.Silkscreen
  6
CONTINUOUS
100
AcDbLine
 10
110.1762469999999894
 20
-129.6878559999999823
 30
0
 11
110.0333899999999971
 21
-129.6878559999999823
 31
0
  0
LINE
  5
26E
330
1B
100
AcDbEntity
  8
F.Silkscreen
  6
CONTINUOUS
100
AcDbLine
 10
110.0333899999999971
 20
-129.6878559999999823
 30
0
 11
109.8429139999999933
 21
-129.6402369999999848
 31
0
  0
LINE
  5
26F
330
1B
100
AcDbEntity
  8
F.Silkscreen
  6
CONTINUOUS
100
AcDbLine
 10
109.8429139999999933
 20
-129.6402369999999848
 30
0
 11
109.7476759999999985
 21
-129.5926179999999874
 31
0
  0
LINE
  5
270
330
1B
100
AcDbEntity
  8
F.Silkscreen
  6
CONTINUOUS
100
AcDbLine
 10
109.7476759999999985
 20
-129.5926179999999874
 30
0
 11
109.6524379999999894
 21
-129.4973799999999926
 31
0
  0
LINE
  5
271
330
1B
100
AcDbEntity
  8
F.Silkscreen
  6
CONTINUOUS
100
AcDbLine
 10
109.6524379999999894
 20
-129.4973799999999926
 30
0
 11
109.604818999999992
 21
-129.3545230000000004
 31
0
  0
LINE
  5
272
330
1B
100
AcDbEntity
  8
F.Silkscreen
  6
CONTINUOUS
100
AcDbLine
 10
109.604818999999992
 20
-129.3545230000000004
 30
0
 11
109.604818999999992
 21
-129.2592850000000055
 31
0
  0
LINE
  5
273
330
1B
100
AcDbEntity
  8
F.Silkscreen
  6
CONTINUOUS
100
AcDbLine
 10
109.604818999999992
 20
-129.2592850000000055
 30
0
 11
109.6524379999999894
 21
-129.1164279999999849
 31
0
  0
LINE
  5
274
330
1B
100
AcDbEntity
  8
F.Silkscreen
  6
CONTINUOUS
100
AcDbLine
 10
109.6524379999999894
 20
-129.1164279999999849
 30
0
 11
109.700057000000001
 21
-129.0688089999999875
 31
0
  0
LINE
  5
275
330
1B
100
AcDbEntity
  8
F.Silkscreen
  6
CONTINUOUS
100
AcDbLine
 10
110.604818999999992
 20
-128.1164279999999849
 30
0
 11
110.604818999999992
 21
-128.6878559999999823
 31
0
  0
LINE
  5
276
330
1B
100
AcDbEntity
  8
F.Silkscreen
  6
CONTINUOUS
100
AcDbLine
 10
110.604818999999992
 20
-128.4021419999999978
 30
0
 11
109.604818999999992
 21
-128.4021419999999978
 31
0
  0
LINE
  5
277
330
1B
100
AcDbEntity
  8
F.Silkscreen
  6
CONTINUOUS
100
AcDbLine
 10
109.604818999999992
 20
-128.4021419999999978
 30
0
 11
109.7476759999999985
 21
-128.4973799999999926
 31
0
  0
LINE
  5
278
330
1B
100
AcDbEntity
  8
F.Silkscreen
  6
CONTINUOUS
100
AcDbLine
 10
109.7476759999999985
 20
-128.4973799999999926
 30
0
 11
109.8429139999999933
 21
-128.5926179999999874
 31
0
  0
LINE
  5
279
330
1B
100
AcDbEntity
  8
F.Silkscreen
  6
CONTINUOUS
100
AcDbLine
 10
109.8429139999999933
 20
-128.5926179999999874
 30
0
 11
109.8905329999999907
 21
-128.6878559999999823
 31
0
  0
LINE
  5
27A
330
1B
100
AcDbEntity
  8
F.Silkscreen
  6
CONTINUOUS
100
AcDbLine
 10
110.700057000000001
 20
-127.9259519999999952
 30
0
 11
110.700057000000001
 21
-127.1640469999999965
 31
0
  0
LINE
  5
27B
330
1B
100
AcDbEntity
  8
F.Silkscreen
  6
CONTINUOUS
100
AcDbLine
 10
110.604818999999992
 20
-126.4021419999999978
 30
0
 11
110.604818999999992
 21
-126.9735699999999952
 31
0
  0
LINE
  5
27C
330
1B
100
AcDbEntity
  8
F.Silkscreen
  6
CONTINUOUS
100
AcDbLine
 10
110.604818999999992
 20
-126.6878559999999965
 30
0
 11
109.604818999999992
 21
-126.6878559999999965
 31
0
  0
LINE
  5
27D
330
1B
100
AcDbEntity
  8
F.Silkscreen
  6
CONTINUOUS
100
AcDbLine
 10
109.604818999999992
 20
-126.6878559999999965
 30
0
 11
109.7476759999999985
 21
-126.7830939999999913
 31
0
  0
LINE
  5
27E
330
1B
100
AcDbEntity
  8
F.Silkscreen
  6
CONTINUOUS
100
AcDbLine
 10
109.7476759999999985
 20
-126.7830939999999913
 30
0
 11
109.8429139999999933
 21
-126.8783320000000003
 31
0
  0
LINE
  5
27F
330
1B
100
AcDbEntity
  8
F.Silkscreen
  6
CONTINUOUS
100
AcDbLine
 10
109.8429139999999933
 20
-126.8783320000000003
 30
0
 11
109.8905329999999907
 21
-126.9735699999999952
 31
0
  0
LINE
  5
280
330
1B
100
AcDbEntity
  8
F.Silkscreen
  6
CONTINUOUS
100
AcDbLine
 10
121.6848189999999903
 20
-68.023809
 30
0
 11
121.2086279999999903
 21
-68.3571419999999961
 31
0
  0
LINE
  5
281
330
1B
100
AcDbEntity
  8
F.Silkscreen
  6
CONTINUOUS
100
AcDbLine
 10
121.6848189999999903
 20
-68.5952369999999974
 30
0
 11
120.6848189999999903
 21
-68.5952369999999974
 31
0
  0
LINE
  5
282
330
1B
100
AcDbEntity
  8
F.Silkscreen
  6
CONTINUOUS
100
AcDbLine
 10
120.6848189999999903
 20
-68.5952369999999974
 30
0
 11
120.6848189999999903
 21
-68.2142850000000038
 31
0
  0
LINE
  5
283
330
1B
100
AcDbEntity
  8
F.Silkscreen
  6
CONTINUOUS
100
AcDbLine
 10
120.6848189999999903
 20
-68.2142850000000038
 30
0
 11
120.7324379999999877
 21
-68.1190469999999948
 31
0
  0
LINE
  5
284
330
1B
100
AcDbEntity
  8
F.Silkscreen
  6
CONTINUOUS
100
AcDbLine
 10
120.7324379999999877
 20
-68.1190469999999948
 30
0
 11
120.7800569999999993
 21
-68.0714279999999974
 31
0
  0
LINE
  5
285
330
1B
100
AcDbEntity
  8
F.Silkscreen
  6
CONTINUOUS
100
AcDbLine
 10
120.7800569999999993
 20
-68.0714279999999974
 30
0
 11
120.8752949999999942
 21
-68.023809
 31
0
  0
LINE
  5
286
330
1B
100
AcDbEntity
  8
F.Silkscreen
  6
CONTINUOUS
100
AcDbLine
 10
120.8752949999999942
 20
-68.023809
 30
0
 11
121.0181520000000006
 21
-68.023809
 31
0
  0
LINE
  5
287
330
1B
100
AcDbEntity
  8
F.Silkscreen
  6
CONTINUOUS
100
AcDbLine
 10
121.0181520000000006
 20
-68.023809
 30
0
 11
121.1133899999999954
 21
-68.0714279999999974
 31
0
  0
LINE
  5
288
330
1B
100
AcDbEntity
  8
F.Silkscreen
  6
CONTINUOUS
100
AcDbLine
 10
121.1133899999999954
 20
-68.0714279999999974
 30
0
 11
121.1610089999999929
 21
-68.1190469999999948
 31
0
  0
LINE
  5
289
330
1B
100
AcDbEntity
  8
F.Silkscreen
  6
CONTINUOUS
100
AcDbLine
 10
121.1610089999999929
 20
-68.1190469999999948
 30
0
 11
121.2086279999999903
 21
-68.2142850000000038
 31
0
  0
LINE
  5
28A
330
1B
100
AcDbEntity
  8
F.Silkscreen
  6
CONTINUOUS
100
AcDbLine
 10
121.2086279999999903
 20
-68.2142850000000038
 30
0
 11
121.2086279999999903
 21
-68.5952369999999974
 31
0
  0
LINE
  5
28B
330
1B
100
AcDbEntity
  8
F.Silkscreen
  6
CONTINUOUS
100
AcDbLine
 10
121.6848189999999903
 20
-67.0714279999999974
 30
0
 11
121.6848189999999903
 21
-67.6428559999999948
 31
0
  0
LINE
  5
28C
330
1B
100
AcDbEntity
  8
F.Silkscreen
  6
CONTINUOUS
100
AcDbLine
 10
121.6848189999999903
 20
-67.3571419999999961
 30
0
 11
120.6848189999999903
 21
-67.3571419999999961
 31
0
  0
LINE
  5
28D
330
1B
100
AcDbEntity
  8
F.Silkscreen
  6
CONTINUOUS
100
AcDbLine
 10
120.6848189999999903
 20
-67.3571419999999961
 30
0
 11
120.8276759999999967
 21
-67.4523799999999909
 31
0
  0
LINE
  5
28E
330
1B
100
AcDbEntity
  8
F.Silkscreen
  6
CONTINUOUS
100
AcDbLine
 10
120.8276759999999967
 20
-67.4523799999999909
 30
0
 11
120.9229139999999916
 21
-67.5476179999999999
 31
0
  0
LINE
  5
28F
330
1B
100
AcDbEntity
  8
F.Silkscreen
  6
CONTINUOUS
100
AcDbLine
 10
120.9229139999999916
 20
-67.5476179999999999
 30
0
 11
120.970532999999989
 21
-67.6428559999999948
 31
0
  0
LINE
  5
290
330
1B
100
AcDbEntity
  8
F.Silkscreen
  6
CONTINUOUS
100
AcDbLine
 10
121.7800569999999993
 20
-66.8809519999999935
 30
0
 11
121.7800569999999993
 21
-66.1190469999999948
 31
0
  0
LINE
  5
291
330
1B
100
AcDbEntity
  8
F.Silkscreen
  6
CONTINUOUS
100
AcDbLine
 10
120.7800569999999993
 20
-65.9285699999999935
 30
0
 11
120.7324379999999877
 21
-65.880950999999996
 31
0
  0
LINE
  5
292
330
1B
100
AcDbEntity
  8
F.Silkscreen
  6
CONTINUOUS
100
AcDbLine
 10
120.7324379999999877
 20
-65.880950999999996
 30
0
 11
120.6848189999999903
 21
-65.7857130000000012
 31
0
  0
LINE
  5
293
330
1B
100
AcDbEntity
  8
F.Silkscreen
  6
CONTINUOUS
100
AcDbLine
 10
120.6848189999999903
 20
-65.7857130000000012
 30
0
 11
120.6848189999999903
 21
-65.5476179999999999
 31
0
  0
LINE
  5
294
330
1B
100
AcDbEntity
  8
F.Silkscreen
  6
CONTINUOUS
100
AcDbLine
 10
120.6848189999999903
 20
-65.5476179999999999
 30
0
 11
120.7324379999999877
 21
-65.4523799999999909
 31
0
  0
LINE
  5
295
330
1B
100
AcDbEntity
  8
F.Silkscreen
  6
CONTINUOUS
100
AcDbLine
 10
120.7324379999999877
 20
-65.4523799999999909
 30
0
 11
120.7800569999999993
 21
-65.4047609999999935
 31
0
  0
LINE
  5
296
330
1B
100
AcDbEntity
  8
F.Silkscreen
  6
CONTINUOUS
100
AcDbLine
 10
120.7800569999999993
 20
-65.4047609999999935
 30
0
 11
120.8752949999999942
 21
-65.3571419999999961
 31
0
  0
LINE
  5
297
330
1B
100
AcDbEntity
  8
F.Silkscreen
  6
CONTINUOUS
100
AcDbLine
 10
120.8752949999999942
 20
-65.3571419999999961
 30
0
 11
120.970532999999989
 21
-65.3571419999999961
 31
0
  0
LINE
  5
298
330
1B
100
AcDbEntity
  8
F.Silkscreen
  6
CONTINUOUS
100
AcDbLine
 10
120.970532999999989
 20
-65.3571419999999961
 30
0
 11
121.1133899999999954
 21
-65.4047609999999935
 31
0
  0
LINE
  5
299
330
1B
100
AcDbEntity
  8
F.Silkscreen
  6
CONTINUOUS
100
AcDbLine
 10
121.1133899999999954
 20
-65.4047609999999935
 30
0
 11
121.6848189999999903
 21
-65.9761889999999909
 31
0
  0
LINE
  5
29A
330
1B
100
AcDbEntity
  8
F.Silkscreen
  6
CONTINUOUS
100
AcDbLine
 10
121.6848189999999903
 20
-65.9761889999999909
 30
0
 11
121.6848189999999903
 21
-65.3571419999999961
 31
0
  0
LINE
  5
29B
330
1B
100
AcDbEntity
  8
F.Silkscreen
  6
CONTINUOUS
100
AcDbLine
 10
100.7095800000000025
 20
-105.7238089999999886
 30
0
 11
100.7571999999999974
 21
-105.7714280000000002
 31
0
  0
LINE
  5
29C
330
1B
100
AcDbEntity
  8
F.Silkscreen
  6
CONTINUOUS
100
AcDbLine
 10
100.7571999999999974
 20
-105.7714280000000002
 30
0
 11
100.8048189999999948
 21
-105.9142849999999925
 31
0
  0
LINE
  5
29D
330
1B
100
AcDbEntity
  8
F.Silkscreen
  6
CONTINUOUS
100
AcDbLine
 10
100.8048189999999948
 20
-105.9142849999999925
 30
0
 11
100.8048189999999948
 21
-106.0095230000000015
 31
0
  0
LINE
  5
29E
330
1B
100
AcDbEntity
  8
F.Silkscreen
  6
CONTINUOUS
100
AcDbLine
 10
100.8048189999999948
 20
-106.0095230000000015
 30
0
 11
100.7571999999999974
 21
-106.1523799999999937
 31
0
  0
LINE
  5
29F
330
1B
100
AcDbEntity
  8
F.Silkscreen
  6
CONTINUOUS
100
AcDbLine
 10
100.7571999999999974
 20
-106.1523799999999937
 30
0
 11
100.6619609999999909
 21
-106.2476179999999886
 31
0
  0
LINE
  5
2A0
330
1B
100
AcDbEntity
  8
F.Silkscreen
  6
CONTINUOUS
100
AcDbLine
 10
100.6619609999999909
 20
-106.2476179999999886
 30
0
 11
100.5667229999999961
 21
-106.2952370000000002
 31
0
  0
LINE
  5
2A1
330
1B
100
AcDbEntity
  8
F.Silkscreen
  6
CONTINUOUS
100
AcDbLine
 10
100.5667229999999961
 20
-106.2952370000000002
 30
0
 11
100.3762469999999922
 21
-106.3428559999999976
 31
0
  0
LINE
  5
2A2
330
1B
100
AcDbEntity
  8
F.Silkscreen
  6
CONTINUOUS
100
AcDbLine
 10
100.3762469999999922
 20
-106.3428559999999976
 30
0
 11
100.23339
 21
-106.3428559999999976
 31
0
  0
LINE
  5
2A3
330
1B
100
AcDbEntity
  8
F.Silkscreen
  6
CONTINUOUS
100
AcDbLine
 10
100.23339
 20
-106.3428559999999976
 30
0
 11
100.0429139999999961
 21
-106.2952370000000002
 31
0
  0
LINE
  5
2A4
330
1B
100
AcDbEntity
  8
F.Silkscreen
  6
CONTINUOUS
100
AcDbLine
 10
100.0429139999999961
 20
-106.2952370000000002
 30
0
 11
99.9476760000000013
 21
-106.2476179999999886
 31
0
  0
LINE
  5
2A5
330
1B
100
AcDbEntity
  8
F.Silkscreen
  6
CONTINUOUS
100
AcDbLine
 10
99.9476760000000013
 20
-106.2476179999999886
 30
0
 11
99.8524379999999923
 21
-106.1523799999999937
 31
0
  0
LINE
  5
2A6
330
1B
100
AcDbEntity
  8
F.Silkscreen
  6
CONTINUOUS
100
AcDbLine
 10
99.8524379999999923
 20
-106.1523799999999937
 30
0
 11
99.8048189999999948
 21
-106.0095230000000015
 31
0
  0
LINE
  5
2A7
330
1B
100
AcDbEntity
  8
F.Silkscreen
  6
CONTINUOUS
100
AcDbLine
 10
99.8048189999999948
 20
-106.0095230000000015
 30
0
 11
99.8048189999999948
 21
-105.9142849999999925
 31
0
  0
LINE
  5
2A8
330
1B
100
AcDbEntity
  8
F.Silkscreen
  6
CONTINUOUS
100
AcDbLine
 10
99.8048189999999948
 20
-105.9142849999999925
 30
0
 11
99.8524379999999923
 21
-105.7714280000000002
 31
0
  0
LINE
  5
2A9
330
1B
100
AcDbEntity
  8
F.Silkscreen
  6
CONTINUOUS
100
AcDbLine
 10
99.8524379999999923
 20
-105.7714280000000002
 30
0
 11
99.9000569999999897
 21
-105.7238089999999886
 31
0
  0
LINE
  5
2AA
330
1B
100
AcDbEntity
  8
F.Silkscreen
  6
CONTINUOUS
100
AcDbLine
 10
99.9000569999999897
 20
-105.3428559999999976
 30
0
 11
99.8524379999999923
 21
-105.2952370000000002
 31
0
  0
LINE
  5
2AB
330
1B
100
AcDbEntity
  8
F.Silkscreen
  6
CONTINUOUS
100
AcDbLine
 10
99.8524379999999923
 20
-105.2952370000000002
 30
0
 11
99.8048189999999948
 21
-105.1999989999999912
 31
0
  0
LINE
  5
2AC
330
1B
100
AcDbEntity
  8
F.Silkscreen
  6
CONTINUOUS
100
AcDbLine
 10
99.8048189999999948
 20
-105.1999989999999912
 30
0
 11
99.8048189999999948
 21
-104.9619039999999899
 31
0
  0
LINE
  5
2AD
330
1B
100
AcDbEntity
  8
F.Silkscreen
  6
CONTINUOUS
100
AcDbLine
 10
99.8048189999999948
 20
-104.9619039999999899
 30
0
 11
99.8524379999999923
 21
-104.8666659999999951
 31
0
  0
LINE
  5
2AE
330
1B
100
AcDbEntity
  8
F.Silkscreen
  6
CONTINUOUS
100
AcDbLine
 10
99.8524379999999923
 20
-104.8666659999999951
 30
0
 11
99.9000569999999897
 21
-104.8190469999999976
 31
0
  0
LINE
  5
2AF
330
1B
100
AcDbEntity
  8
F.Silkscreen
  6
CONTINUOUS
100
AcDbLine
 10
99.9000569999999897
 20
-104.8190469999999976
 30
0
 11
99.9952949999999987
 21
-104.7714280000000002
 31
0
  0
LINE
  5
2B0
330
1B
100
AcDbEntity
  8
F.Silkscreen
  6
CONTINUOUS
100
AcDbLine
 10
99.9952949999999987
 20
-104.7714280000000002
 30
0
 11
100.0905329999999935
 21
-104.7714280000000002
 31
0
  0
LINE
  5
2B1
330
1B
100
AcDbEntity
  8
F.Silkscreen
  6
CONTINUOUS
100
AcDbLine
 10
100.0905329999999935
 20
-104.7714280000000002
 30
0
 11
100.23339
 21
-104.8190469999999976
 31
0
  0
LINE
  5
2B2
330
1B
100
AcDbEntity
  8
F.Silkscreen
  6
CONTINUOUS
100
AcDbLine
 10
100.23339
 20
-104.8190469999999976
 30
0
 11
100.8048189999999948
 21
-105.390474999999995
 31
0
  0
LINE
  5
2B3
330
1B
100
AcDbEntity
  8
F.Silkscreen
  6
CONTINUOUS
100
AcDbLine
 10
100.8048189999999948
 20
-105.390474999999995
 30
0
 11
100.8048189999999948
 21
-104.7714280000000002
 31
0
  0
LINE
  5
2B4
330
1B
100
AcDbEntity
  8
F.Silkscreen
  6
CONTINUOUS
100
AcDbLine
 10
100.9000569999999897
 20
-104.5809519999999964
 30
0
 11
100.9000569999999897
 21
-103.8190469999999976
 31
0
  0
LINE
  5
2B5
330
1B
100
AcDbEntity
  8
F.Silkscreen
  6
CONTINUOUS
100
AcDbLine
 10
99.8048189999999948
 20
-103.6761889999999937
 30
0
 11
99.8048189999999948
 21
-103.0571419999999989
 31
0
  0
LINE
  5
2B6
330
1B
100
AcDbEntity
  8
F.Silkscreen
  6
CONTINUOUS
100
AcDbLine
 10
99.8048189999999948
 20
-103.0571419999999989
 30
0
 11
100.1857709999999884
 21
-103.390474999999995
 31
0
  0
LINE
  5
2B7
330
1B
100
AcDbEntity
  8
F.Silkscreen
  6
CONTINUOUS
100
AcDbLine
 10
100.1857709999999884
 20
-103.390474999999995
 30
0
 11
100.1857709999999884
 21
-103.2476179999999886
 31
0
  0
LINE
  5
2B8
330
1B
100
AcDbEntity
  8
F.Silkscreen
  6
CONTINUOUS
100
AcDbLine
 10
100.1857709999999884
 20
-103.2476179999999886
 30
0
 11
100.23339
 21
-103.1523799999999937
 31
0
  0
LINE
  5
2B9
330
1B
100
AcDbEntity
  8
F.Silkscreen
  6
CONTINUOUS
100
AcDbLine
 10
100.23339
 20
-103.1523799999999937
 30
0
 11
100.2810089999999974
 21
-103.1047609999999963
 31
0
  0
LINE
  5
2BA
330
1B
100
AcDbEntity
  8
F.Silkscreen
  6
CONTINUOUS
100
AcDbLine
 10
100.2810089999999974
 20
-103.1047609999999963
 30
0
 11
100.3762469999999922
 21
-103.0571419999999989
 31
0
  0
LINE
  5
2BB
330
1B
100
AcDbEntity
  8
F.Silkscreen
  6
CONTINUOUS
100
AcDbLine
 10
100.3762469999999922
 20
-103.0571419999999989
 30
0
 11
100.6143419999999935
 21
-103.0571419999999989
 31
0
  0
LINE
  5
2BC
330
1B
100
AcDbEntity
  8
F.Silkscreen
  6
CONTINUOUS
100
AcDbLine
 10
100.6143419999999935
 20
-103.0571419999999989
 30
0
 11
100.7095800000000025
 21
-103.1047609999999963
 31
0
  0
LINE
  5
2BD
330
1B
100
AcDbEntity
  8
F.Silkscreen
  6
CONTINUOUS
100
AcDbLine
 10
100.7095800000000025
 20
-103.1047609999999963
 30
0
 11
100.7571999999999974
 21
-103.1523799999999937
 31
0
  0
LINE
  5
2BE
330
1B
100
AcDbEntity
  8
F.Silkscreen
  6
CONTINUOUS
100
AcDbLine
 10
100.7571999999999974
 20
-103.1523799999999937
 30
0
 11
100.8048189999999948
 21
-103.2476179999999886
 31
0
  0
LINE
  5
2BF
330
1B
100
AcDbEntity
  8
F.Silkscreen
  6
CONTINUOUS
100
AcDbLine
 10
100.8048189999999948
 20
-103.2476179999999886
 30
0
 11
100.8048189999999948
 21
-103.5333320000000015
 31
0
  0
LINE
  5
2C0
330
1B
100
AcDbEntity
  8
F.Silkscreen
  6
CONTINUOUS
100
AcDbLine
 10
100.8048189999999948
 20
-103.5333320000000015
 30
0
 11
100.7571999999999974
 21
-103.6285699999999963
 31
0
  0
LINE
  5
2C1
330
1B
100
AcDbEntity
  8
F.Silkscreen
  6
CONTINUOUS
100
AcDbLine
 10
100.7571999999999974
 20
-103.6285699999999963
 30
0
 11
100.7095800000000025
 21
-103.6761889999999937
 31
0
  0
LINE
  5
2C2
330
1B
100
AcDbEntity
  8
F.Silkscreen
  6
CONTINUOUS
100
AcDbLine
 10
149.4571420000000046
 20
-107.1595799999999912
 30
0
 11
149.4095230000000072
 21
-107.2072000000000003
 31
0
  0
LINE
  5
2C3
330
1B
100
AcDbEntity
  8
F.Silkscreen
  6
CONTINUOUS
100
AcDbLine
 10
149.4095230000000072
 20
-107.2072000000000003
 30
0
 11
149.2666659999999865
 21
-107.2548189999999977
 31
0
  0
LINE
  5
2C4
330
1B
100
AcDbEntity
  8
F.Silkscreen
  6
CONTINUOUS
100
AcDbLine
 10
149.2666659999999865
 20
-107.2548189999999977
 30
0
 11
149.1714279999999917
 21
-107.2548189999999977
 31
0
  0
LINE
  5
2C5
330
1B
100
AcDbEntity
  8
F.Silkscreen
  6
CONTINUOUS
100
AcDbLine
 10
149.1714279999999917
 20
-107.2548189999999977
 30
0
 11
149.0285709999999995
 21
-107.2072000000000003
 31
0
  0
LINE
  5
2C6
330
1B
100
AcDbEntity
  8
F.Silkscreen
  6
CONTINUOUS
100
AcDbLine
 10
149.0285709999999995
 20
-107.2072000000000003
 30
0
 11
148.9333330000000046
 21
-107.1119609999999938
 31
0
  0
LINE
  5
2C7
330
1B
100
AcDbEntity
  8
F.Silkscreen
  6
CONTINUOUS
100
AcDbLine
 10
148.9333330000000046
 20
-107.1119609999999938
 30
0
 11
148.8857140000000072
 21
-107.0167229999999989
 31
0
  0
LINE
  5
2C8
330
1B
100
AcDbEntity
  8
F.Silkscreen
  6
CONTINUOUS
100
AcDbLine
 10
148.8857140000000072
 20
-107.0167229999999989
 30
0
 11
148.8380949999999814
 21
-106.8262469999999951
 31
0
  0
LINE
  5
2C9
330
1B
100
AcDbEntity
  8
F.Silkscreen
  6
CONTINUOUS
100
AcDbLine
 10
148.8380949999999814
 20
-106.8262469999999951
 30
0
 11
148.8380949999999814
 21
-106.6833899999999886
 31
0
  0
LINE
  5
2CA
330
1B
100
AcDbEntity
  8
F.Silkscreen
  6
CONTINUOUS
100
AcDbLine
 10
148.8380949999999814
 20
-106.6833899999999886
 30
0
 11
148.8857140000000072
 21
-106.492913999999999
 31
0
  0
LINE
  5
2CB
330
1B
100
AcDbEntity
  8
F.Silkscreen
  6
CONTINUOUS
100
AcDbLine
 10
148.8857140000000072
 20
-106.492913999999999
 30
0
 11
148.9333330000000046
 21
-106.3976759999999899
 31
0
  0
LINE
  5
2CC
330
1B
100
AcDbEntity
  8
F.Silkscreen
  6
CONTINUOUS
100
AcDbLine
 10
148.9333330000000046
 20
-106.3976759999999899
 30
0
 11
149.0285709999999995
 21
-106.3024379999999951
 31
0
  0
LINE
  5
2CD
330
1B
100
AcDbEntity
  8
F.Silkscreen
  6
CONTINUOUS
100
AcDbLine
 10
149.0285709999999995
 20
-106.3024379999999951
 30
0
 11
149.1714279999999917
 21
-106.2548189999999977
 31
0
  0
LINE
  5
2CE
330
1B
100
AcDbEntity
  8
F.Silkscreen
  6
CONTINUOUS
100
AcDbLine
 10
149.1714279999999917
 20
-106.2548189999999977
 30
0
 11
149.2666659999999865
 21
-106.2548189999999977
 31
0
  0
LINE
  5
2CF
330
1B
100
AcDbEntity
  8
F.Silkscreen
  6
CONTINUOUS
100
AcDbLine
 10
149.2666659999999865
 20
-106.2548189999999977
 30
0
 11
149.4095230000000072
 21
-106.3024379999999951
 31
0
  0
LINE
  5
2D0
330
1B
100
AcDbEntity
  8
F.Silkscreen
  6
CONTINUOUS
100
AcDbLine
 10
149.4095230000000072
 20
-106.3024379999999951
 30
0
 11
149.4571420000000046
 21
-106.3500569999999925
 31
0
  0
LINE
  5
2D1
330
1B
100
AcDbEntity
  8
F.Silkscreen
  6
CONTINUOUS
100
AcDbLine
 10
150.4095230000000072
 20
-107.2548189999999977
 30
0
 11
149.8380949999999814
 21
-107.2548189999999977
 31
0
  0
LINE
  5
2D2
330
1B
100
AcDbEntity
  8
F.Silkscreen
  6
CONTINUOUS
100
AcDbLine
 10
150.1238089999999943
 20
-107.2548189999999977
 30
0
 11
150.1238089999999943
 21
-106.2548189999999977
 31
0
  0
LINE
  5
2D3
330
1B
100
AcDbEntity
  8
F.Silkscreen
  6
CONTINUOUS
100
AcDbLine
 10
150.1238089999999943
 20
-106.2548189999999977
 30
0
 11
150.0285709999999995
 21
-106.3976759999999899
 31
0
  0
LINE
  5
2D4
330
1B
100
AcDbEntity
  8
F.Silkscreen
  6
CONTINUOUS
100
AcDbLine
 10
150.0285709999999995
 20
-106.3976759999999899
 30
0
 11
149.9333330000000046
 21
-106.492913999999999
 31
0
  0
LINE
  5
2D5
330
1B
100
AcDbEntity
  8
F.Silkscreen
  6
CONTINUOUS
100
AcDbLine
 10
149.9333330000000046
 20
-106.492913999999999
 30
0
 11
149.8380949999999814
 21
-106.5405329999999964
 31
0
  0
LINE
  5
2D6
330
1B
100
AcDbEntity
  8
F.Silkscreen
  6
CONTINUOUS
100
AcDbLine
 10
150.7428569999999866
 20
-106.2548189999999977
 30
0
 11
151.3619039999999814
 21
-106.2548189999999977
 31
0
  0
LINE
  5
2D7
330
1B
100
AcDbEntity
  8
F.Silkscreen
  6
CONTINUOUS
100
AcDbLine
 10
151.3619039999999814
 20
-106.2548189999999977
 30
0
 11
151.0285709999999995
 21
-106.6357709999999912
 31
0
  0
LINE
  5
2D8
330
1B
100
AcDbEntity
  8
F.Silkscreen
  6
CONTINUOUS
100
AcDbLine
 10
151.0285709999999995
 20
-106.6357709999999912
 30
0
 11
151.1714279999999917
 21
-106.6357709999999912
 31
0
  0
LINE
  5
2D9
330
1B
100
AcDbEntity
  8
F.Silkscreen
  6
CONTINUOUS
100
AcDbLine
 10
151.1714279999999917
 20
-106.6357709999999912
 30
0
 11
151.2666659999999865
 21
-106.6833899999999886
 31
0
  0
LINE
  5
2DA
330
1B
100
AcDbEntity
  8
F.Silkscreen
  6
CONTINUOUS
100
AcDbLine
 10
151.2666659999999865
 20
-106.6833899999999886
 30
0
 11
151.3142849999999839
 21
-106.7310090000000002
 31
0
  0
LINE
  5
2DB
330
1B
100
AcDbEntity
  8
F.Silkscreen
  6
CONTINUOUS
100
AcDbLine
 10
151.3142849999999839
 20
-106.7310090000000002
 30
0
 11
151.3619039999999814
 21
-106.8262469999999951
 31
0
  0
LINE
  5
2DC
330
1B
100
AcDbEntity
  8
F.Silkscreen
  6
CONTINUOUS
100
AcDbLine
 10
151.3619039999999814
 20
-106.8262469999999951
 30
0
 11
151.3619039999999814
 21
-107.0643419999999963
 31
0
  0
LINE
  5
2DD
330
1B
100
AcDbEntity
  8
F.Silkscreen
  6
CONTINUOUS
100
AcDbLine
 10
151.3619039999999814
 20
-107.0643419999999963
 30
0
 11
151.3142849999999839
 21
-107.1595799999999912
 31
0
  0
LINE
  5
2DE
330
1B
100
AcDbEntity
  8
F.Silkscreen
  6
CONTINUOUS
100
AcDbLine
 10
151.3142849999999839
 20
-107.1595799999999912
 30
0
 11
151.2666659999999865
 21
-107.2072000000000003
 31
0
  0
LINE
  5
2DF
330
1B
100
AcDbEntity
  8
F.Silkscreen
  6
CONTINUOUS
100
AcDbLine
 10
151.2666659999999865
 20
-107.2072000000000003
 30
0
 11
151.1714279999999917
 21
-107.2548189999999977
 31
0
  0
LINE
  5
2E0
330
1B
100
AcDbEntity
  8
F.Silkscreen
  6
CONTINUOUS
100
AcDbLine
 10
151.1714279999999917
 20
-107.2548189999999977
 30
0
 11
150.8857140000000072
 21
-107.2548189999999977
 31
0
  0
LINE
  5
2E1
330
1B
100
AcDbEntity
  8
F.Silkscreen
  6
CONTINUOUS
100
AcDbLine
 10
150.8857140000000072
 20
-107.2548189999999977
 30
0
 11
150.790475999999984
 21
-107.2072000000000003
 31
0
  0
LINE
  5
2E2
330
1B
100
AcDbEntity
  8
F.Silkscreen
  6
CONTINUOUS
100
AcDbLine
 10
150.790475999999984
 20
-107.2072000000000003
 30
0
 11
150.7428569999999866
 21
-107.1595799999999912
 31
0
  0
LINE
  5
2E3
330
1B
100
AcDbEntity
  8
F.Silkscreen
  6
CONTINUOUS
100
AcDbLine
 10
150.3248189999999909
 20
-127.5328569999999928
 30
0
 11
149.8486279999999908
 21
-127.8661899999999889
 31
0
  0
LINE
  5
2E4
330
1B
100
AcDbEntity
  8
F.Silkscreen
  6
CONTINUOUS
100
AcDbLine
 10
150.3248189999999909
 20
-128.1042850000000044
 30
0
 11
149.3248189999999909
 21
-128.1042850000000044
 31
0
  0
LINE
  5
2E5
330
1B
100
AcDbEntity
  8
F.Silkscreen
  6
CONTINUOUS
100
AcDbLine
 10
149.3248189999999909
 20
-128.1042850000000044
 30
0
 11
149.3248189999999909
 21
-127.7233329999999967
 31
0
  0
LINE
  5
2E6
330
1B
100
AcDbEntity
  8
F.Silkscreen
  6
CONTINUOUS
100
AcDbLine
 10
149.3248189999999909
 20
-127.7233329999999967
 30
0
 11
149.3724379999999883
 21
-127.6280949999999876
 31
0
  0
LINE
  5
2E7
330
1B
100
AcDbEntity
  8
F.Silkscreen
  6
CONTINUOUS
100
AcDbLine
 10
149.3724379999999883
 20
-127.6280949999999876
 30
0
 11
149.4200569999999857
 21
-127.5804759999999902
 31
0
  0
LINE
  5
2E8
330
1B
100
AcDbEntity
  8
F.Silkscreen
  6
CONTINUOUS
100
AcDbLine
 10
149.4200569999999857
 20
-127.5804759999999902
 30
0
 11
149.5152949999999805
 21
-127.5328569999999928
 31
0
  0
LINE
  5
2E9
330
1B
100
AcDbEntity
  8
F.Silkscreen
  6
CONTINUOUS
100
AcDbLine
 10
149.5152949999999805
 20
-127.5328569999999928
 30
0
 11
149.6581520000000012
 21
-127.5328569999999928
 31
0
  0
LINE
  5
2EA
330
1B
100
AcDbEntity
  8
F.Silkscreen
  6
CONTINUOUS
100
AcDbLine
 10
149.6581520000000012
 20
-127.5328569999999928
 30
0
 11
149.753389999999996
 21
-127.5804759999999902
 31
0
  0
LINE
  5
2EB
330
1B
100
AcDbEntity
  8
F.Silkscreen
  6
CONTINUOUS
100
AcDbLine
 10
149.753389999999996
 20
-127.5804759999999902
 30
0
 11
149.8010089999999934
 21
-127.6280949999999876
 31
0
  0
LINE
  5
2EC
330
1B
100
AcDbEntity
  8
F.Silkscreen
  6
CONTINUOUS
100
AcDbLine
 10
149.8010089999999934
 20
-127.6280949999999876
 30
0
 11
149.8486279999999908
 21
-127.7233329999999967
 31
0
  0
LINE
  5
2ED
330
1B
100
AcDbEntity
  8
F.Silkscreen
  6
CONTINUOUS
100
AcDbLine
 10
149.8486279999999908
 20
-127.7233329999999967
 30
0
 11
149.8486279999999908
 21
-128.1042850000000044
 31
0
  0
LINE
  5
2EE
330
1B
100
AcDbEntity
  8
F.Silkscreen
  6
CONTINUOUS
100
AcDbLine
 10
150.3248189999999909
 20
-126.5804759999999902
 30
0
 11
150.3248189999999909
 21
-127.1519039999999876
 31
0
  0
LINE
  5
2EF
330
1B
100
AcDbEntity
  8
F.Silkscreen
  6
CONTINUOUS
100
AcDbLine
 10
150.3248189999999909
 20
-126.8661899999999889
 30
0
 11
149.3248189999999909
 21
-126.8661899999999889
 31
0
  0
LINE
  5
2F0
330
1B
100
AcDbEntity
  8
F.Silkscreen
  6
CONTINUOUS
100
AcDbLine
 10
149.3248189999999909
 20
-126.8661899999999889
 30
0
 11
149.4676759999999831
 21
-126.961427999999998
 31
0
  0
LINE
  5
2F1
330
1B
100
AcDbEntity
  8
F.Silkscreen
  6
CONTINUOUS
100
AcDbLine
 10
149.4676759999999831
 20
-126.961427999999998
 30
0
 11
149.5629140000000064
 21
-127.0566659999999928
 31
0
  0
LINE
  5
2F2
330
1B
100
AcDbEntity
  8
F.Silkscreen
  6
CONTINUOUS
100
AcDbLine
 10
149.5629140000000064
 20
-127.0566659999999928
 30
0
 11
149.6105330000000038
 21
-127.1519039999999876
 31
0
  0
LINE
  5
2F3
330
1B
100
AcDbEntity
  8
F.Silkscreen
  6
CONTINUOUS
100
AcDbLine
 10
149.3248189999999909
 20
-125.961427999999998
 30
0
 11
149.3248189999999909
 21
-125.8661899999999889
 31
0
  0
LINE
  5
2F4
330
1B
100
AcDbEntity
  8
F.Silkscreen
  6
CONTINUOUS
100
AcDbLine
 10
149.3248189999999909
 20
-125.8661899999999889
 30
0
 11
149.3724379999999883
 21
-125.7709519999999941
 31
0
  0
LINE
  5
2F5
330
1B
100
AcDbEntity
  8
F.Silkscreen
  6
CONTINUOUS
100
AcDbLine
 10
149.3724379999999883
 20
-125.7709519999999941
 30
0
 11
149.4200569999999857
 21
-125.7233329999999967
 31
0
  0
LINE
  5
2F6
330
1B
100
AcDbEntity
  8
F.Silkscreen
  6
CONTINUOUS
100
AcDbLine
 10
149.4200569999999857
 20
-125.7233329999999967
 30
0
 11
149.5152949999999805
 21
-125.6757139999999993
 31
0
  0
LINE
  5
2F7
330
1B
100
AcDbEntity
  8
F.Silkscreen
  6
CONTINUOUS
100
AcDbLine
 10
149.5152949999999805
 20
-125.6757139999999993
 30
0
 11
149.7057709999999986
 21
-125.6280949999999876
 31
0
  0
LINE
  5
2F8
330
1B
100
AcDbEntity
  8
F.Silkscreen
  6
CONTINUOUS
100
AcDbLine
 10
149.7057709999999986
 20
-125.6280949999999876
 30
0
 11
149.9438659999999857
 21
-125.6280949999999876
 31
0
  0
LINE
  5
2F9
330
1B
100
AcDbEntity
  8
F.Silkscreen
  6
CONTINUOUS
100
AcDbLine
 10
149.9438659999999857
 20
-125.6280949999999876
 30
0
 11
150.1343420000000037
 21
-125.6757139999999993
 31
0
  0
LINE
  5
2FA
330
1B
100
AcDbEntity
  8
F.Silkscreen
  6
CONTINUOUS
100
AcDbLine
 10
150.1343420000000037
 20
-125.6757139999999993
 30
0
 11
150.2295799999999986
 21
-125.7233329999999967
 31
0
  0
LINE
  5
2FB
330
1B
100
AcDbEntity
  8
F.Silkscreen
  6
CONTINUOUS
100
AcDbLine
 10
150.2295799999999986
 20
-125.7233329999999967
 30
0
 11
150.2771999999999935
 21
-125.7709519999999941
 31
0
  0
LINE
  5
2FC
330
1B
100
AcDbEntity
  8
F.Silkscreen
  6
CONTINUOUS
100
AcDbLine
 10
150.2771999999999935
 20
-125.7709519999999941
 30
0
 11
150.3248189999999909
 21
-125.8661899999999889
 31
0
  0
LINE
  5
2FD
330
1B
100
AcDbEntity
  8
F.Silkscreen
  6
CONTINUOUS
100
AcDbLine
 10
150.3248189999999909
 20
-125.8661899999999889
 30
0
 11
150.3248189999999909
 21
-125.961427999999998
 31
0
  0
LINE
  5
2FE
330
1B
100
AcDbEntity
  8
F.Silkscreen
  6
CONTINUOUS
100
AcDbLine
 10
150.3248189999999909
 20
-125.961427999999998
 30
0
 11
150.2771999999999935
 21
-126.0566659999999928
 31
0
  0
LINE
  5
2FF
330
1B
100
AcDbEntity
  8
F.Silkscreen
  6
CONTINUOUS
100
AcDbLine
 10
150.2771999999999935
 20
-126.0566659999999928
 30
0
 11
150.2295799999999986
 21
-126.1042849999999902
 31
0
  0
LINE
  5
300
330
1B
100
AcDbEntity
  8
F.Silkscreen
  6
CONTINUOUS
100
AcDbLine
 10
150.2295799999999986
 20
-126.1042849999999902
 30
0
 11
150.1343420000000037
 21
-126.1519039999999876
 31
0
  0
LINE
  5
301
330
1B
100
AcDbEntity
  8
F.Silkscreen
  6
CONTINUOUS
100
AcDbLine
 10
150.1343420000000037
 20
-126.1519039999999876
 30
0
 11
149.9438659999999857
 21
-126.1995229999999992
 31
0
  0
LINE
  5
302
330
1B
100
AcDbEntity
  8
F.Silkscreen
  6
CONTINUOUS
100
AcDbLine
 10
149.9438659999999857
 20
-126.1995229999999992
 30
0
 11
149.7057709999999986
 21
-126.1995229999999992
 31
0
  0
LINE
  5
303
330
1B
100
AcDbEntity
  8
F.Silkscreen
  6
CONTINUOUS
100
AcDbLine
 10
149.7057709999999986
 20
-126.1995229999999992
 30
0
 11
149.5152949999999805
 21
-126.1519039999999876
 31
0
  0
LINE
  5
304
330
1B
100
AcDbEntity
  8
F.Silkscreen
  6
CONTINUOUS
100
AcDbLine
 10
149.5152949999999805
 20
-126.1519039999999876
 30
0
 11
149.4200569999999857
 21
-126.1042849999999902
 31
0
  0
LINE
  5
305
330
1B
100
AcDbEntity
  8
F.Silkscreen
  6
CONTINUOUS
100
AcDbLine
 10
149.4200569999999857
 20
-126.1042849999999902
 30
0
 11
149.3724379999999883
 21
-126.0566659999999928
 31
0
  0
LINE
  5
306
330
1B
100
AcDbEntity
  8
F.Silkscreen
  6
CONTINUOUS
100
AcDbLine
 10
149.3724379999999883
 20
-126.0566659999999928
 30
0
 11
149.3248189999999909
 21
-125.961427999999998
 31
0
  0
LINE
  5
307
330
1B
100
AcDbEntity
  8
F.Silkscreen
  6
CONTINUOUS
100
AcDbLine
 10
112.3848189999999931
 20
-92.1666659999999922
 30
0
 11
111.9086279999999931
 21
-92.4999990000000025
 31
0
  0
LINE
  5
308
330
1B
100
AcDbEntity
  8
F.Silkscreen
  6
CONTINUOUS
100
AcDbLine
 10
112.3848189999999931
 20
-92.7380939999999896
 30
0
 11
111.3848189999999931
 21
-92.7380939999999896
 31
0
  0
LINE
  5
309
330
1B
100
AcDbEntity
  8
F.Silkscreen
  6
CONTINUOUS
100
AcDbLine
 10
111.3848189999999931
 20
-92.7380939999999896
 30
0
 11
111.3848189999999931
 21
-92.3571419999999961
 31
0
  0
LINE
  5
30A
330
1B
100
AcDbEntity
  8
F.Silkscreen
  6
CONTINUOUS
100
AcDbLine
 10
111.3848189999999931
 20
-92.3571419999999961
 30
0
 11
111.4324379999999906
 21
-92.2619040000000012
 31
0
  0
LINE
  5
30B
330
1B
100
AcDbEntity
  8
F.Silkscreen
  6
CONTINUOUS
100
AcDbLine
 10
111.4324379999999906
 20
-92.2619040000000012
 30
0
 11
111.480056999999988
 21
-92.2142849999999896
 31
0
  0
LINE
  5
30C
330
1B
100
AcDbEntity
  8
F.Silkscreen
  6
CONTINUOUS
100
AcDbLine
 10
111.480056999999988
 20
-92.2142849999999896
 30
0
 11
111.575294999999997
 21
-92.1666659999999922
 31
0
  0
LINE
  5
30D
330
1B
100
AcDbEntity
  8
F.Silkscreen
  6
CONTINUOUS
100
AcDbLine
 10
111.575294999999997
 20
-92.1666659999999922
 30
0
 11
111.7181519999999892
 21
-92.1666659999999922
 31
0
  0
LINE
  5
30E
330
1B
100
AcDbEntity
  8
F.Silkscreen
  6
CONTINUOUS
100
AcDbLine
 10
111.7181519999999892
 20
-92.1666659999999922
 30
0
 11
111.8133899999999983
 21
-92.2142849999999896
 31
0
  0
LINE
  5
30F
330
1B
100
AcDbEntity
  8
F.Silkscreen
  6
CONTINUOUS
100
AcDbLine
 10
111.8133899999999983
 20
-92.2142849999999896
 30
0
 11
111.8610089999999957
 21
-92.2619040000000012
 31
0
  0
LINE
  5
310
330
1B
100
AcDbEntity
  8
F.Silkscreen
  6
CONTINUOUS
100
AcDbLine
 10
111.8610089999999957
 20
-92.2619040000000012
 30
0
 11
111.9086279999999931
 21
-92.3571419999999961
 31
0
  0
LINE
  5
311
330
1B
100
AcDbEntity
  8
F.Silkscreen
  6
CONTINUOUS
100
AcDbLine
 10
111.9086279999999931
 20
-92.3571419999999961
 30
0
 11
111.9086279999999931
 21
-92.7380939999999896
 31
0
  0
LINE
  5
312
330
1B
100
AcDbEntity
  8
F.Silkscreen
  6
CONTINUOUS
100
AcDbLine
 10
111.480056999999988
 20
-91.7857130000000012
 30
0
 11
111.4324379999999906
 21
-91.7380939999999896
 31
0
  0
LINE
  5
313
330
1B
100
AcDbEntity
  8
F.Silkscreen
  6
CONTINUOUS
100
AcDbLine
 10
111.4324379999999906
 20
-91.7380939999999896
 30
0
 11
111.3848189999999931
 21
-91.6428559999999948
 31
0
  0
LINE
  5
314
330
1B
100
AcDbEntity
  8
F.Silkscreen
  6
CONTINUOUS
100
AcDbLine
 10
111.3848189999999931
 20
-91.6428559999999948
 30
0
 11
111.3848189999999931
 21
-91.4047609999999935
 31
0
  0
LINE
  5
315
330
1B
100
AcDbEntity
  8
F.Silkscreen
  6
CONTINUOUS
100
AcDbLine
 10
111.3848189999999931
 20
-91.4047609999999935
 30
0
 11
111.4324379999999906
 21
-91.3095229999999987
 31
0
  0
LINE
  5
316
330
1B
100
AcDbEntity
  8
F.Silkscreen
  6
CONTINUOUS
100
AcDbLine
 10
111.4324379999999906
 20
-91.3095229999999987
 30
0
 11
111.480056999999988
 21
-91.2619040000000012
 31
0
  0
LINE
  5
317
330
1B
100
AcDbEntity
  8
F.Silkscreen
  6
CONTINUOUS
100
AcDbLine
 10
111.480056999999988
 20
-91.2619040000000012
 30
0
 11
111.575294999999997
 21
-91.2142849999999896
 31
0
  0
LINE
  5
318
330
1B
100
AcDbEntity
  8
F.Silkscreen
  6
CONTINUOUS
100
AcDbLine
 10
111.575294999999997
 20
-91.2142849999999896
 30
0
 11
111.6705329999999918
 21
-91.2142849999999896
 31
0
  0
LINE
  5
319
330
1B
100
AcDbEntity
  8
F.Silkscreen
  6
CONTINUOUS
100
AcDbLine
 10
111.6705329999999918
 20
-91.2142849999999896
 30
0
 11
111.8133899999999983
 21
-91.2619040000000012
 31
0
  0
LINE
  5
31A
330
1B
100
AcDbEntity
  8
F.Silkscreen
  6
CONTINUOUS
100
AcDbLine
 10
111.8133899999999983
 20
-91.2619040000000012
 30
0
 11
112.3848189999999931
 21
-91.8333319999999986
 31
0
  0
LINE
  5
31B
330
1B
100
AcDbEntity
  8
F.Silkscreen
  6
CONTINUOUS
100
AcDbLine
 10
112.3848189999999931
 20
-91.8333319999999986
 30
0
 11
112.3848189999999931
 21
-91.2142849999999896
 31
0
  0
LINE
  5
31C
330
1B
100
AcDbEntity
  8
F.Silkscreen
  6
CONTINUOUS
100
AcDbLine
 10
99.7095800000000025
 20
-93.8238089999999971
 30
0
 11
99.7571999999999974
 21
-93.8714279999999945
 31
0
  0
LINE
  5
31D
330
1B
100
AcDbEntity
  8
F.Silkscreen
  6
CONTINUOUS
100
AcDbLine
 10
99.7571999999999974
 20
-93.8714279999999945
 30
0
 11
99.8048189999999948
 21
-94.014285000000001
 31
0
  0
LINE
  5
31E
330
1B
100
AcDbEntity
  8
F.Silkscreen
  6
CONTINUOUS
100
AcDbLine
 10
99.8048189999999948
 20
-94.014285000000001
 30
0
 11
99.8048189999999948
 21
-94.1095229999999958
 31
0
  0
LINE
  5
31F
330
1B
100
AcDbEntity
  8
F.Silkscreen
  6
CONTINUOUS
100
AcDbLine
 10
99.8048189999999948
 20
-94.1095229999999958
 30
0
 11
99.7571999999999974
 21
-94.2523800000000023
 31
0
  0
LINE
  5
320
330
1B
100
AcDbEntity
  8
F.Silkscreen
  6
CONTINUOUS
100
AcDbLine
 10
99.7571999999999974
 20
-94.2523800000000023
 30
0
 11
99.6619609999999909
 21
-94.3476179999999971
 31
0
  0
LINE
  5
321
330
1B
100
AcDbEntity
  8
F.Silkscreen
  6
CONTINUOUS
100
AcDbLine
 10
99.6619609999999909
 20
-94.3476179999999971
 30
0
 11
99.5667229999999961
 21
-94.3952369999999945
 31
0
  0
LINE
  5
322
330
1B
100
AcDbEntity
  8
F.Silkscreen
  6
CONTINUOUS
100
AcDbLine
 10
99.5667229999999961
 20
-94.3952369999999945
 30
0
 11
99.3762469999999922
 21
-94.4428559999999919
 31
0
  0
LINE
  5
323
330
1B
100
AcDbEntity
  8
F.Silkscreen
  6
CONTINUOUS
100
AcDbLine
 10
99.3762469999999922
 20
-94.4428559999999919
 30
0
 11
99.23339
 21
-94.4428559999999919
 31
0
  0
LINE
  5
324
330
1B
100
AcDbEntity
  8
F.Silkscreen
  6
CONTINUOUS
100
AcDbLine
 10
99.23339
 20
-94.4428559999999919
 30
0
 11
99.0429139999999961
 21
-94.3952369999999945
 31
0
  0
LINE
  5
325
330
1B
100
AcDbEntity
  8
F.Silkscreen
  6
CONTINUOUS
100
AcDbLine
 10
99.0429139999999961
 20
-94.3952369999999945
 30
0
 11
98.9476760000000013
 21
-94.3476179999999971
 31
0
  0
LINE
  5
326
330
1B
100
AcDbEntity
  8
F.Silkscreen
  6
CONTINUOUS
100
AcDbLine
 10
98.9476760000000013
 20
-94.3476179999999971
 30
0
 11
98.8524379999999923
 21
-94.2523800000000023
 31
0
  0
LINE
  5
327
330
1B
100
AcDbEntity
  8
F.Silkscreen
  6
CONTINUOUS
100
AcDbLine
 10
98.8524379999999923
 20
-94.2523800000000023
 30
0
 11
98.8048189999999948
 21
-94.1095229999999958
 31
0
  0
LINE
  5
328
330
1B
100
AcDbEntity
  8
F.Silkscreen
  6
CONTINUOUS
100
AcDbLine
 10
98.8048189999999948
 20
-94.1095229999999958
 30
0
 11
98.8048189999999948
 21
-94.014285000000001
 31
0
  0
LINE
  5
329
330
1B
100
AcDbEntity
  8
F.Silkscreen
  6
CONTINUOUS
100
AcDbLine
 10
98.8048189999999948
 20
-94.014285000000001
 30
0
 11
98.8524379999999923
 21
-93.8714279999999945
 31
0
  0
LINE
  5
32A
330
1B
100
AcDbEntity
  8
F.Silkscreen
  6
CONTINUOUS
100
AcDbLine
 10
98.8524379999999923
 20
-93.8714279999999945
 30
0
 11
98.9000569999999897
 21
-93.8238089999999971
 31
0
  0
LINE
  5
32B
330
1B
100
AcDbEntity
  8
F.Silkscreen
  6
CONTINUOUS
100
AcDbLine
 10
98.9000569999999897
 20
-93.4428559999999919
 30
0
 11
98.8524379999999923
 21
-93.3952369999999945
 31
0
  0
LINE
  5
32C
330
1B
100
AcDbEntity
  8
F.Silkscreen
  6
CONTINUOUS
100
AcDbLine
 10
98.8524379999999923
 20
-93.3952369999999945
 30
0
 11
98.8048189999999948
 21
-93.2999989999999997
 31
0
  0
LINE
  5
32D
330
1B
100
AcDbEntity
  8
F.Silkscreen
  6
CONTINUOUS
100
AcDbLine
 10
98.8048189999999948
 20
-93.2999989999999997
 30
0
 11
98.8048189999999948
 21
-93.0619039999999984
 31
0
  0
LINE
  5
32E
330
1B
100
AcDbEntity
  8
F.Silkscreen
  6
CONTINUOUS
100
AcDbLine
 10
98.8048189999999948
 20
-93.0619039999999984
 30
0
 11
98.8524379999999923
 21
-92.9666659999999894
 31
0
  0
LINE
  5
32F
330
1B
100
AcDbEntity
  8
F.Silkscreen
  6
CONTINUOUS
100
AcDbLine
 10
98.8524379999999923
 20
-92.9666659999999894
 30
0
 11
98.9000569999999897
 21
-92.919046999999992
 31
0
  0
LINE
  5
330
330
1B
100
AcDbEntity
  8
F.Silkscreen
  6
CONTINUOUS
100
AcDbLine
 10
98.9000569999999897
 20
-92.919046999999992
 30
0
 11
98.9952949999999987
 21
-92.8714279999999945
 31
0
  0
LINE
  5
331
330
1B
100
AcDbEntity
  8
F.Silkscreen
  6
CONTINUOUS
100
AcDbLine
 10
98.9952949999999987
 20
-92.8714279999999945
 30
0
 11
99.0905329999999935
 21
-92.8714279999999945
 31
0
  0
LINE
  5
332
330
1B
100
AcDbEntity
  8
F.Silkscreen
  6
CONTINUOUS
100
AcDbLine
 10
99.0905329999999935
 20
-92.8714279999999945
 30
0
 11
99.23339
 21
-92.919046999999992
 31
0
  0
LINE
  5
333
330
1B
100
AcDbEntity
  8
F.Silkscreen
  6
CONTINUOUS
100
AcDbLine
 10
99.23339
 20
-92.919046999999992
 30
0
 11
99.8048189999999948
 21
-93.4904749999999893
 31
0
  0
LINE
  5
334
330
1B
100
AcDbEntity
  8
F.Silkscreen
  6
CONTINUOUS
100
AcDbLine
 10
99.8048189999999948
 20
-93.4904749999999893
 30
0
 11
99.8048189999999948
 21
-92.8714279999999945
 31
0
  0
LINE
  5
335
330
1B
100
AcDbEntity
  8
F.Silkscreen
  6
CONTINUOUS
100
AcDbLine
 10
99.9000569999999897
 20
-92.6809519999999907
 30
0
 11
99.9000569999999897
 21
-91.919046999999992
 31
0
  0
LINE
  5
336
330
1B
100
AcDbEntity
  8
F.Silkscreen
  6
CONTINUOUS
100
AcDbLine
 10
98.9000569999999897
 20
-91.7285699999999906
 30
0
 11
98.8524379999999923
 21
-91.6809509999999932
 31
0
  0
LINE
  5
337
330
1B
100
AcDbEntity
  8
F.Silkscreen
  6
CONTINUOUS
100
AcDbLine
 10
98.8524379999999923
 20
-91.6809509999999932
 30
0
 11
98.8048189999999948
 21
-91.5857129999999984
 31
0
  0
LINE
  5
338
330
1B
100
AcDbEntity
  8
F.Silkscreen
  6
CONTINUOUS
100
AcDbLine
 10
98.8048189999999948
 20
-91.5857129999999984
 30
0
 11
98.8048189999999948
 21
-91.3476179999999971
 31
0
  0
LINE
  5
339
330
1B
100
AcDbEntity
  8
F.Silkscreen
  6
CONTINUOUS
100
AcDbLine
 10
98.8048189999999948
 20
-91.3476179999999971
 30
0
 11
98.8524379999999923
 21
-91.2523800000000023
 31
0
  0
LINE
  5
33A
330
1B
100
AcDbEntity
  8
F.Silkscreen
  6
CONTINUOUS
100
AcDbLine
 10
98.8524379999999923
 20
-91.2523800000000023
 30
0
 11
98.9000569999999897
 21
-91.2047609999999906
 31
0
  0
LINE
  5
33B
330
1B
100
AcDbEntity
  8
F.Silkscreen
  6
CONTINUOUS
100
AcDbLine
 10
98.9000569999999897
 20
-91.2047609999999906
 30
0
 11
98.9952949999999987
 21
-91.1571419999999932
 31
0
  0
LINE
  5
33C
330
1B
100
AcDbEntity
  8
F.Silkscreen
  6
CONTINUOUS
100
AcDbLine
 10
98.9952949999999987
 20
-91.1571419999999932
 30
0
 11
99.0905329999999935
 21
-91.1571419999999932
 31
0
  0
LINE
  5
33D
330
1B
100
AcDbEntity
  8
F.Silkscreen
  6
CONTINUOUS
100
AcDbLine
 10
99.0905329999999935
 20
-91.1571419999999932
 30
0
 11
99.23339
 21
-91.2047609999999906
 31
0
  0
LINE
  5
33E
330
1B
100
AcDbEntity
  8
F.Silkscreen
  6
CONTINUOUS
100
AcDbLine
 10
99.23339
 20
-91.2047609999999906
 30
0
 11
99.8048189999999948
 21
-91.7761890000000022
 31
0
  0
LINE
  5
33F
330
1B
100
AcDbEntity
  8
F.Silkscreen
  6
CONTINUOUS
100
AcDbLine
 10
99.8048189999999948
 20
-91.7761890000000022
 30
0
 11
99.8048189999999948
 21
-91.1571419999999932
 31
0
  0
LINE
  5
340
330
1B
100
AcDbEntity
  8
F.Silkscreen
  6
CONTINUOUS
100
AcDbLine
 10
110.084818999999996
 20
-68.
 30
0
 11
109.608627999999996
 21
-68.3333329999999961
 31
0
  0
LINE
  5
341
330
1B
100
AcDbEntity
  8
F.Silkscreen
  6
CONTINUOUS
100
AcDbLine
 10
110.084818999999996
 20
-68.5714279999999974
 30
0
 11
109.084818999999996
 21
-68.5714279999999974
 31
0
  0
LINE
  5
342
330
1B
100
AcDbEntity
  8
F.Silkscreen
  6
CONTINUOUS
100
AcDbLine
 10
109.084818999999996
 20
-68.5714279999999974
 30
0
 11
109.084818999999996
 21
-68.1904760000000039
 31
0
  0
LINE
  5
343
330
1B
100
AcDbEntity
  8
F.Silkscreen
  6
CONTINUOUS
100
AcDbLine
 10
109.084818999999996
 20
-68.1904760000000039
 30
0
 11
109.1324379999999934
 21
-68.0952379999999948
 31
0
  0
LINE
  5
344
330
1B
100
AcDbEntity
  8
F.Silkscreen
  6
CONTINUOUS
100
AcDbLine
 10
109.1324379999999934
 20
-68.0952379999999948
 30
0
 11
109.1800569999999908
 21
-68.0476189999999974
 31
0
  0
LINE
  5
345
330
1B
100
AcDbEntity
  8
F.Silkscreen
  6
CONTINUOUS
100
AcDbLine
 10
109.1800569999999908
 20
-68.0476189999999974
 30
0
 11
109.2752949999999998
 21
-68.
 31
0
  0
LINE
  5
346
330
1B
100
AcDbEntity
  8
F.Silkscreen
  6
CONTINUOUS
100
AcDbLine
 10
109.2752949999999998
 20
-68.
 30
0
 11
109.4181519999999921
 21
-68.
 31
0
  0
LINE
  5
347
330
1B
100
AcDbEntity
  8
F.Silkscreen
  6
CONTINUOUS
100
AcDbLine
 10
109.4181519999999921
 20
-68.
 30
0
 11
109.5133900000000011
 21
-68.0476189999999974
 31
0
  0
LINE
  5
348
330
1B
100
AcDbEntity
  8
F.Silkscreen
  6
CONTINUOUS
100
AcDbLine
 10
109.5133900000000011
 20
-68.0476189999999974
 30
0
 11
109.5610089999999985
 21
-68.0952379999999948
 31
0
  0
LINE
  5
349
330
1B
100
AcDbEntity
  8
F.Silkscreen
  6
CONTINUOUS
100
AcDbLine
 10
109.5610089999999985
 20
-68.0952379999999948
 30
0
 11
109.608627999999996
 21
-68.1904760000000039
 31
0
  0
LINE
  5
34A
330
1B
100
AcDbEntity
  8
F.Silkscreen
  6
CONTINUOUS
100
AcDbLine
 10
109.608627999999996
 20
-68.1904760000000039
 30
0
 11
109.608627999999996
 21
-68.5714279999999974
 31
0
  0
LINE
  5
34B
330
1B
100
AcDbEntity
  8
F.Silkscreen
  6
CONTINUOUS
100
AcDbLine
 10
110.1800569999999908
 20
-67.8095239999999961
 30
0
 11
110.1800569999999908
 21
-67.0476189999999974
 31
0
  0
LINE
  5
34C
330
1B
100
AcDbEntity
  8
F.Silkscreen
  6
CONTINUOUS
100
AcDbLine
 10
110.084818999999996
 20
-66.8095229999999987
 30
0
 11
109.084818999999996
 21
-66.8095229999999987
 31
0
  0
LINE
  5
34D
330
1B
100
AcDbEntity
  8
F.Silkscreen
  6
CONTINUOUS
100
AcDbLine
 10
109.4657709999999895
 20
-66.8095229999999987
 30
0
 11
109.4181519999999921
 21
-66.7142850000000038
 31
0
  0
LINE
  5
34E
330
1B
100
AcDbEntity
  8
F.Silkscreen
  6
CONTINUOUS
100
AcDbLine
 10
109.4181519999999921
 20
-66.7142850000000038
 30
0
 11
109.4181519999999921
 21
-66.523809
 31
0
  0
LINE
  5
34F
330
1B
100
AcDbEntity
  8
F.Silkscreen
  6
CONTINUOUS
100
AcDbLine
 10
109.4181519999999921
 20
-66.523809
 30
0
 11
109.4657709999999895
 21
-66.4285709999999909
 31
0
  0
LINE
  5
350
330
1B
100
AcDbEntity
  8
F.Silkscreen
  6
CONTINUOUS
100
AcDbLine
 10
109.4657709999999895
 20
-66.4285709999999909
 30
0
 11
109.5133900000000011
 21
-66.3809519999999935
 31
0
  0
LINE
  5
351
330
1B
100
AcDbEntity
  8
F.Silkscreen
  6
CONTINUOUS
100
AcDbLine
 10
109.5133900000000011
 20
-66.3809519999999935
 30
0
 11
109.608627999999996
 21
-66.3333329999999961
 31
0
  0
LINE
  5
352
330
1B
100
AcDbEntity
  8
F.Silkscreen
  6
CONTINUOUS
100
AcDbLine
 10
109.608627999999996
 20
-66.3333329999999961
 30
0
 11
109.8943419999999946
 21
-66.3333329999999961
 31
0
  0
LINE
  5
353
330
1B
100
AcDbEntity
  8
F.Silkscreen
  6
CONTINUOUS
100
AcDbLine
 10
109.8943419999999946
 20
-66.3333329999999961
 30
0
 11
109.9895799999999895
 21
-66.3809519999999935
 31
0
  0
LINE
  5
354
330
1B
100
AcDbEntity
  8
F.Silkscreen
  6
CONTINUOUS
100
AcDbLine
 10
109.9895799999999895
 20
-66.3809519999999935
 30
0
 11
110.0371999999999986
 21
-66.4285709999999909
 31
0
  0
LINE
  5
355
330
1B
100
AcDbEntity
  8
F.Silkscreen
  6
CONTINUOUS
100
AcDbLine
 10
110.0371999999999986
 20
-66.4285709999999909
 30
0
 11
110.084818999999996
 21
-66.523809
 31
0
  0
LINE
  5
356
330
1B
100
AcDbEntity
  8
F.Silkscreen
  6
CONTINUOUS
100
AcDbLine
 10
110.084818999999996
 20
-66.523809
 30
0
 11
110.084818999999996
 21
-66.7142850000000038
 31
0
  0
LINE
  5
357
330
1B
100
AcDbEntity
  8
F.Silkscreen
  6
CONTINUOUS
100
AcDbLine
 10
110.084818999999996
 20
-66.7142850000000038
 30
0
 11
110.0371999999999986
 21
-66.8095229999999987
 31
0
  0
LINE
  5
358
330
1B
100
AcDbEntity
  8
F.Silkscreen
  6
CONTINUOUS
100
AcDbLine
 10
110.084818999999996
 20
-65.3809519999999935
 30
0
 11
110.084818999999996
 21
-65.9523799999999909
 31
0
  0
LINE
  5
359
330
1B
100
AcDbEntity
  8
F.Silkscreen
  6
CONTINUOUS
100
AcDbLine
 10
110.084818999999996
 20
-65.6666659999999922
 30
0
 11
109.084818999999996
 21
-65.6666659999999922
 31
0
  0
LINE
  5
35A
330
1B
100
AcDbEntity
  8
F.Silkscreen
  6
CONTINUOUS
100
AcDbLine
 10
109.084818999999996
 20
-65.6666659999999922
 30
0
 11
109.2276759999999882
 21
-65.7619040000000012
 31
0
  0
LINE
  5
35B
330
1B
100
AcDbEntity
  8
F.Silkscreen
  6
CONTINUOUS
100
AcDbLine
 10
109.2276759999999882
 20
-65.7619040000000012
 30
0
 11
109.3229139999999973
 21
-65.8571419999999961
 31
0
  0
LINE
  5
35C
330
1B
100
AcDbEntity
  8
F.Silkscreen
  6
CONTINUOUS
100
AcDbLine
 10
109.3229139999999973
 20
-65.8571419999999961
 30
0
 11
109.3705329999999947
 21
-65.9523799999999909
 31
0
  0
LINE
  5
35D
330
1B
100
AcDbEntity
  8
F.Silkscreen
  6
CONTINUOUS
100
AcDbLine
 10
110.084818999999996
 20
-73.023809
 30
0
 11
109.608627999999996
 21
-73.3571419999999961
 31
0
  0
LINE
  5
35E
330
1B
100
AcDbEntity
  8
F.Silkscreen
  6
CONTINUOUS
100
AcDbLine
 10
110.084818999999996
 20
-73.5952369999999974
 30
0
 11
109.084818999999996
 21
-73.5952369999999974
 31
0
  0
LINE
  5
35F
330
1B
100
AcDbEntity
  8
F.Silkscreen
  6
CONTINUOUS
100
AcDbLine
 10
109.084818999999996
 20
-73.5952369999999974
 30
0
 11
109.084818999999996
 21
-73.2142849999999896
 31
0
  0
LINE
  5
360
330
1B
100
AcDbEntity
  8
F.Silkscreen
  6
CONTINUOUS
100
AcDbLine
 10
109.084818999999996
 20
-73.2142849999999896
 30
0
 11
109.1324379999999934
 21
-73.1190469999999948
 31
0
  0
LINE
  5
361
330
1B
100
AcDbEntity
  8
F.Silkscreen
  6
CONTINUOUS
100
AcDbLine
 10
109.1324379999999934
 20
-73.1190469999999948
 30
0
 11
109.1800569999999908
 21
-73.0714279999999974
 31
0
  0
LINE
  5
362
330
1B
100
AcDbEntity
  8
F.Silkscreen
  6
CONTINUOUS
100
AcDbLine
 10
109.1800569999999908
 20
-73.0714279999999974
 30
0
 11
109.2752949999999998
 21
-73.023809
 31
0
  0
LINE
  5
363
330
1B
100
AcDbEntity
  8
F.Silkscreen
  6
CONTINUOUS
100
AcDbLine
 10
109.2752949999999998
 20
-73.023809
 30
0
 11
109.4181519999999921
 21
-73.023809
 31
0
  0
LINE
  5
364
330
1B
100
AcDbEntity
  8
F.Silkscreen
  6
CONTINUOUS
100
AcDbLine
 10
109.4181519999999921
 20
-73.023809
 30
0
 11
109.5133900000000011
 21
-73.0714279999999974
 31
0
  0
LINE
  5
365
330
1B
100
AcDbEntity
  8
F.Silkscreen
  6
CONTINUOUS
100
AcDbLine
 10
109.5133900000000011
 20
-73.0714279999999974
 30
0
 11
109.5610089999999985
 21
-73.1190469999999948
 31
0
  0
LINE
  5
366
330
1B
100
AcDbEntity
  8
F.Silkscreen
  6
CONTINUOUS
100
AcDbLine
 10
109.5610089999999985
 20
-73.1190469999999948
 30
0
 11
109.608627999999996
 21
-73.2142849999999896
 31
0
  0
LINE
  5
367
330
1B
100
AcDbEntity
  8
F.Silkscreen
  6
CONTINUOUS
100
AcDbLine
 10
109.608627999999996
 20
-73.2142849999999896
 30
0
 11
109.608627999999996
 21
-73.5952369999999974
 31
0
  0
LINE
  5
368
330
1B
100
AcDbEntity
  8
F.Silkscreen
  6
CONTINUOUS
100
AcDbLine
 10
110.084818999999996
 20
-72.0714279999999974
 30
0
 11
110.084818999999996
 21
-72.6428559999999948
 31
0
  0
LINE
  5
369
330
1B
100
AcDbEntity
  8
F.Silkscreen
  6
CONTINUOUS
100
AcDbLine
 10
110.084818999999996
 20
-72.3571419999999961
 30
0
 11
109.084818999999996
 21
-72.3571419999999961
 31
0
  0
LINE
  5
36A
330
1B
100
AcDbEntity
  8
F.Silkscreen
  6
CONTINUOUS
100
AcDbLine
 10
109.084818999999996
 20
-72.3571419999999961
 30
0
 11
109.2276759999999882
 21
-72.4523799999999909
 31
0
  0
LINE
  5
36B
330
1B
100
AcDbEntity
  8
F.Silkscreen
  6
CONTINUOUS
100
AcDbLine
 10
109.2276759999999882
 20
-72.4523799999999909
 30
0
 11
109.3229139999999973
 21
-72.5476179999999999
 31
0
  0
LINE
  5
36C
330
1B
100
AcDbEntity
  8
F.Silkscreen
  6
CONTINUOUS
100
AcDbLine
 10
109.3229139999999973
 20
-72.5476179999999999
 30
0
 11
109.3705329999999947
 21
-72.6428559999999948
 31
0
  0
LINE
  5
36D
330
1B
100
AcDbEntity
  8
F.Silkscreen
  6
CONTINUOUS
100
AcDbLine
 10
110.1800569999999908
 20
-71.8809519999999935
 30
0
 11
110.1800569999999908
 21
-71.1190469999999948
 31
0
  0
LINE
  5
36E
330
1B
100
AcDbEntity
  8
F.Silkscreen
  6
CONTINUOUS
100
AcDbLine
 10
110.084818999999996
 20
-70.3571419999999961
 30
0
 11
110.084818999999996
 21
-70.9285699999999935
 31
0
  0
LINE
  5
36F
330
1B
100
AcDbEntity
  8
F.Silkscreen
  6
CONTINUOUS
100
AcDbLine
 10
110.084818999999996
 20
-70.6428559999999948
 30
0
 11
109.084818999999996
 21
-70.6428559999999948
 31
0
  0
LINE
  5
370
330
1B
100
AcDbEntity
  8
F.Silkscreen
  6
CONTINUOUS
100
AcDbLine
 10
109.084818999999996
 20
-70.6428559999999948
 30
0
 11
109.2276759999999882
 21
-70.7380940000000038
 31
0
  0
LINE
  5
371
330
1B
100
AcDbEntity
  8
F.Silkscreen
  6
CONTINUOUS
100
AcDbLine
 10
109.2276759999999882
 20
-70.7380940000000038
 30
0
 11
109.3229139999999973
 21
-70.8333319999999986
 31
0
  0
LINE
  5
372
330
1B
100
AcDbEntity
  8
F.Silkscreen
  6
CONTINUOUS
100
AcDbLine
 10
109.3229139999999973
 20
-70.8333319999999986
 30
0
 11
109.3705329999999947
 21
-70.9285699999999935
 31
0
  0
LINE
  5
373
330
1B
100
AcDbEntity
  8
F.Silkscreen
  6
CONTINUOUS
100
AcDbLine
 10
150.5248189999999795
 20
-132.032857000000007
 30
0
 11
150.0486279999999795
 21
-132.3661899999999889
 31
0
  0
LINE
  5
374
330
1B
100
AcDbEntity
  8
F.Silkscreen
  6
CONTINUOUS
100
AcDbLine
 10
150.5248189999999795
 20
-132.6042850000000044
 30
0
 11
149.5248189999999795
 21
-132.6042850000000044
 31
0
  0
LINE
  5
375
330
1B
100
AcDbEntity
  8
F.Silkscreen
  6
CONTINUOUS
100
AcDbLine
 10
149.5248189999999795
 20
-132.6042850000000044
 30
0
 11
149.5248189999999795
 21
-132.2233329999999967
 31
0
  0
LINE
  5
376
330
1B
100
AcDbEntity
  8
F.Silkscreen
  6
CONTINUOUS
100
AcDbLine
 10
149.5248189999999795
 20
-132.2233329999999967
 30
0
 11
149.5724380000000053
 21
-132.1280950000000018
 31
0
  0
LINE
  5
377
330
1B
100
AcDbEntity
  8
F.Silkscreen
  6
CONTINUOUS
100
AcDbLine
 10
149.5724380000000053
 20
-132.1280950000000018
 30
0
 11
149.6200570000000027
 21
-132.0804760000000044
 31
0
  0
LINE
  5
378
330
1B
100
AcDbEntity
  8
F.Silkscreen
  6
CONTINUOUS
100
AcDbLine
 10
149.6200570000000027
 20
-132.0804760000000044
 30
0
 11
149.7152949999999976
 21
-132.032857000000007
 31
0
  0
LINE
  5
379
330
1B
100
AcDbEntity
  8
F.Silkscreen
  6
CONTINUOUS
100
AcDbLine
 10
149.7152949999999976
 20
-132.032857000000007
 30
0
 11
149.8581519999999898
 21
-132.032857000000007
 31
0
  0
LINE
  5
37A
330
1B
100
AcDbEntity
  8
F.Silkscreen
  6
CONTINUOUS
100
AcDbLine
 10
149.8581519999999898
 20
-132.032857000000007
 30
0
 11
149.9533899999999846
 21
-132.0804760000000044
 31
0
  0
LINE
  5
37B
330
1B
100
AcDbEntity
  8
F.Silkscreen
  6
CONTINUOUS
100
AcDbLine
 10
149.9533899999999846
 20
-132.0804760000000044
 30
0
 11
150.0010089999999821
 21
-132.1280950000000018
 31
0
  0
LINE
  5
37C
330
1B
100
AcDbEntity
  8
F.Silkscreen
  6
CONTINUOUS
100
AcDbLine
 10
150.0010089999999821
 20
-132.1280950000000018
 30
0
 11
150.0486279999999795
 21
-132.2233329999999967
 31
0
  0
LINE
  5
37D
330
1B
100
AcDbEntity
  8
F.Silkscreen
  6
CONTINUOUS
100
AcDbLine
 10
150.0486279999999795
 20
-132.2233329999999967
 30
0
 11
150.0486279999999795
 21
-132.6042850000000044
 31
0
  0
LINE
  5
37E
330
1B
100
AcDbEntity
  8
F.Silkscreen
  6
CONTINUOUS
100
AcDbLine
 10
150.5248189999999795
 20
-131.0804760000000044
 30
0
 11
150.5248189999999795
 21
-131.6519040000000018
 31
0
  0
LINE
  5
37F
330
1B
100
AcDbEntity
  8
F.Silkscreen
  6
CONTINUOUS
100
AcDbLine
 10
150.5248189999999795
 20
-131.3661899999999889
 30
0
 11
149.5248189999999795
 21
-131.3661899999999889
 31
0
  0
LINE
  5
380
330
1B
100
AcDbEntity
  8
F.Silkscreen
  6
CONTINUOUS
100
AcDbLine
 10
149.5248189999999795
 20
-131.3661899999999889
 30
0
 11
149.6676760000000002
 21
-131.4614279999999837
 31
0
  0
LINE
  5
381
330
1B
100
AcDbEntity
  8
F.Silkscreen
  6
CONTINUOUS
100
AcDbLine
 10
149.6676760000000002
 20
-131.4614279999999837
 30
0
 11
149.762913999999995
 21
-131.556666000000007
 31
0
  0
LINE
  5
382
330
1B
100
AcDbEntity
  8
F.Silkscreen
  6
CONTINUOUS
100
AcDbLine
 10
149.762913999999995
 20
-131.556666000000007
 30
0
 11
149.8105329999999924
 21
-131.6519040000000018
 31
0
  0
LINE
  5
383
330
1B
100
AcDbEntity
  8
F.Silkscreen
  6
CONTINUOUS
100
AcDbLine
 10
150.5248189999999795
 20
-130.1280950000000018
 30
0
 11
150.5248189999999795
 21
-130.6995229999999992
 31
0
  0
LINE
  5
384
330
1B
100
AcDbEntity
  8
F.Silkscreen
  6
CONTINUOUS
100
AcDbLine
 10
150.5248189999999795
 20
-130.4138089999999863
 30
0
 11
149.5248189999999795
 21
-130.4138089999999863
 31
0
  0
LINE
  5
385
330
1B
100
AcDbEntity
  8
F.Silkscreen
  6
CONTINUOUS
100
AcDbLine
 10
149.5248189999999795
 20
-130.4138089999999863
 30
0
 11
149.6676760000000002
 21
-130.5090469999999812
 31
0
  0
LINE
  5
386
330
1B
100
AcDbEntity
  8
F.Silkscreen
  6
CONTINUOUS
100
AcDbLine
 10
149.6676760000000002
 20
-130.5090469999999812
 30
0
 11
149.762913999999995
 21
-130.6042850000000044
 31
0
  0
LINE
  5
387
330
1B
100
AcDbEntity
  8
F.Silkscreen
  6
CONTINUOUS
100
AcDbLine
 10
149.762913999999995
 20
-130.6042850000000044
 30
0
 11
149.8105329999999924
 21
-130.6995229999999992
 31
0
  0
LINE
  5
388
330
1B
100
AcDbEntity
  8
F.Silkscreen
  6
CONTINUOUS
100
AcDbLine
 10
110.109579999999994
 20
-63.0380949999999984
 30
0
 11
110.1571999999999889
 21
-63.0857139999999958
 31
0
  0
LINE
  5
389
330
1B
100
AcDbEntity
  8
F.Silkscreen
  6
CONTINUOUS
100
AcDbLine
 10
110.1571999999999889
 20
-63.0857139999999958
 30
0
 11
110.2048190000000005
 21
-63.2285709999999952
 31
0
  0
LINE
  5
38A
330
1B
100
AcDbEntity
  8
F.Silkscreen
  6
CONTINUOUS
100
AcDbLine
 10
110.2048190000000005
 20
-63.2285709999999952
 30
0
 11
110.2048190000000005
 21
-63.3238089999999971
 31
0
  0
LINE
  5
38B
330
1B
100
AcDbEntity
  8
F.Silkscreen
  6
CONTINUOUS
100
AcDbLine
 10
110.2048190000000005
 20
-63.3238089999999971
 30
0
 11
110.1571999999999889
 21
-63.4666659999999965
 31
0
  0
LINE
  5
38C
330
1B
100
AcDbEntity
  8
F.Silkscreen
  6
CONTINUOUS
100
AcDbLine
 10
110.1571999999999889
 20
-63.4666659999999965
 30
0
 11
110.0619609999999966
 21
-63.5619039999999984
 31
0
  0
LINE
  5
38D
330
1B
100
AcDbEntity
  8
F.Silkscreen
  6
CONTINUOUS
100
AcDbLine
 10
110.0619609999999966
 20
-63.5619039999999984
 30
0
 11
109.9667230000000018
 21
-63.6095229999999958
 31
0
  0
LINE
  5
38E
330
1B
100
AcDbEntity
  8
F.Silkscreen
  6
CONTINUOUS
100
AcDbLine
 10
109.9667230000000018
 20
-63.6095229999999958
 30
0
 11
109.7762469999999979
 21
-63.6571420000000003
 31
0
  0
LINE
  5
38F
330
1B
100
AcDbEntity
  8
F.Silkscreen
  6
CONTINUOUS
100
AcDbLine
 10
109.7762469999999979
 20
-63.6571420000000003
 30
0
 11
109.6333899999999915
 21
-63.6571420000000003
 31
0
  0
LINE
  5
390
330
1B
100
AcDbEntity
  8
F.Silkscreen
  6
CONTINUOUS
100
AcDbLine
 10
109.6333899999999915
 20
-63.6571420000000003
 30
0
 11
109.4429140000000018
 21
-63.6095229999999958
 31
0
  0
LINE
  5
391
330
1B
100
AcDbEntity
  8
F.Silkscreen
  6
CONTINUOUS
100
AcDbLine
 10
109.4429140000000018
 20
-63.6095229999999958
 30
0
 11
109.3476759999999928
 21
-63.5619039999999984
 31
0
  0
LINE
  5
392
330
1B
100
AcDbEntity
  8
F.Silkscreen
  6
CONTINUOUS
100
AcDbLine
 10
109.3476759999999928
 20
-63.5619039999999984
 30
0
 11
109.2524379999999979
 21
-63.4666659999999965
 31
0
  0
LINE
  5
393
330
1B
100
AcDbEntity
  8
F.Silkscreen
  6
CONTINUOUS
100
AcDbLine
 10
109.2524379999999979
 20
-63.4666659999999965
 30
0
 11
109.2048190000000005
 21
-63.3238089999999971
 31
0
  0
LINE
  5
394
330
1B
100
AcDbEntity
  8
F.Silkscreen
  6
CONTINUOUS
100
AcDbLine
 10
109.2048190000000005
 20
-63.3238089999999971
 30
0
 11
109.2048190000000005
 21
-63.2285709999999952
 31
0
  0
LINE
  5
395
330
1B
100
AcDbEntity
  8
F.Silkscreen
  6
CONTINUOUS
100
AcDbLine
 10
109.2048190000000005
 20
-63.2285709999999952
 30
0
 11
109.2524379999999979
 21
-63.0857139999999958
 31
0
  0
LINE
  5
396
330
1B
100
AcDbEntity
  8
F.Silkscreen
  6
CONTINUOUS
100
AcDbLine
 10
109.2524379999999979
 20
-63.0857139999999958
 30
0
 11
109.3000569999999954
 21
-63.0380949999999984
 31
0
  0
LINE
  5
397
330
1B
100
AcDbEntity
  8
F.Silkscreen
  6
CONTINUOUS
100
AcDbLine
 10
110.3000569999999954
 20
-62.8476189999999946
 30
0
 11
110.3000569999999954
 21
-62.0857139999999958
 31
0
  0
LINE
  5
398
330
1B
100
AcDbEntity
  8
F.Silkscreen
  6
CONTINUOUS
100
AcDbLine
 10
110.2048190000000005
 20
-61.8476179999999971
 30
0
 11
109.5381519999999966
 21
-61.8476179999999971
 31
0
  0
LINE
  5
399
330
1B
100
AcDbEntity
  8
F.Silkscreen
  6
CONTINUOUS
100
AcDbLine
 10
109.2048190000000005
 20
-61.8476179999999971
 30
0
 11
109.2524379999999979
 21
-61.8952369999999945
 31
0
  0
LINE
  5
39A
330
1B
100
AcDbEntity
  8
F.Silkscreen
  6
CONTINUOUS
100
AcDbLine
 10
109.2524379999999979
 20
-61.8952369999999945
 30
0
 11
109.3000569999999954
 21
-61.8476179999999971
 31
0
  0
LINE
  5
39B
330
1B
100
AcDbEntity
  8
F.Silkscreen
  6
CONTINUOUS
100
AcDbLine
 10
109.3000569999999954
 20
-61.8476179999999971
 30
0
 11
109.2524379999999979
 21
-61.7999989999999997
 31
0
  0
LINE
  5
39C
330
1B
100
AcDbEntity
  8
F.Silkscreen
  6
CONTINUOUS
100
AcDbLine
 10
109.2524379999999979
 20
-61.7999989999999997
 30
0
 11
109.2048190000000005
 21
-61.8476179999999971
 31
0
  0
LINE
  5
39D
330
1B
100
AcDbEntity
  8
F.Silkscreen
  6
CONTINUOUS
100
AcDbLine
 10
109.2048190000000005
 20
-61.8476179999999971
 30
0
 11
109.3000569999999954
 21
-61.8476179999999971
 31
0
  0
LINE
  5
39E
330
1B
100
AcDbEntity
  8
F.Silkscreen
  6
CONTINUOUS
100
AcDbLine
 10
109.5381519999999966
 20
-61.3714279999999945
 30
0
 11
110.2048190000000005
 21
-61.3714279999999945
 31
0
  0
LINE
  5
39F
330
1B
100
AcDbEntity
  8
F.Silkscreen
  6
CONTINUOUS
100
AcDbLine
 10
109.6333899999999915
 20
-61.3714279999999945
 30
0
 11
109.585770999999994
 21
-61.3238089999999971
 31
0
  0
LINE
  5
3A0
330
1B
100
AcDbEntity
  8
F.Silkscreen
  6
CONTINUOUS
100
AcDbLine
 10
109.585770999999994
 20
-61.3238089999999971
 30
0
 11
109.5381519999999966
 21
-61.2285709999999952
 31
0
  0
LINE
  5
3A1
330
1B
100
AcDbEntity
  8
F.Silkscreen
  6
CONTINUOUS
100
AcDbLine
 10
109.5381519999999966
 20
-61.2285709999999952
 30
0
 11
109.5381519999999966
 21
-61.0857139999999958
 31
0
  0
LINE
  5
3A2
330
1B
100
AcDbEntity
  8
F.Silkscreen
  6
CONTINUOUS
100
AcDbLine
 10
109.5381519999999966
 20
-61.0857139999999958
 30
0
 11
109.585770999999994
 21
-60.9904759999999939
 31
0
  0
LINE
  5
3A3
330
1B
100
AcDbEntity
  8
F.Silkscreen
  6
CONTINUOUS
100
AcDbLine
 10
109.585770999999994
 20
-60.9904759999999939
 30
0
 11
109.6810089999999889
 21
-60.9428569999999965
 31
0
  0
LINE
  5
3A4
330
1B
100
AcDbEntity
  8
F.Silkscreen
  6
CONTINUOUS
100
AcDbLine
 10
109.6810089999999889
 20
-60.9428569999999965
 30
0
 11
110.2048190000000005
 21
-60.9428569999999965
 31
0
  0
LINE
  5
3A5
330
1B
100
AcDbEntity
  8
F.Silkscreen
  6
CONTINUOUS
100
AcDbLine
 10
110.2048190000000005
 20
-59.9428569999999965
 30
0
 11
110.2048190000000005
 21
-60.5142849999999939
 31
0
  0
LINE
  5
3A6
330
1B
100
AcDbEntity
  8
F.Silkscreen
  6
CONTINUOUS
100
AcDbLine
 10
110.2048190000000005
 20
-60.2285709999999952
 30
0
 11
109.2048190000000005
 21
-60.2285709999999952
 31
0
  0
LINE
  5
3A7
330
1B
100
AcDbEntity
  8
F.Silkscreen
  6
CONTINUOUS
100
AcDbLine
 10
109.2048190000000005
 20
-60.2285709999999952
 30
0
 11
109.3476759999999928
 21
-60.3238089999999971
 31
0
  0
LINE
  5
3A8
330
1B
100
AcDbEntity
  8
F.Silkscreen
  6
CONTINUOUS
100
AcDbLine
 10
109.3476759999999928
 20
-60.3238089999999971
 30
0
 11
109.4429140000000018
 21
-60.4190469999999991
 31
0
  0
LINE
  5
3A9
330
1B
100
AcDbEntity
  8
F.Silkscreen
  6
CONTINUOUS
100
AcDbLine
 10
109.4429140000000018
 20
-60.4190469999999991
 30
0
 11
109.4905329999999992
 21
-60.5142849999999939
 31
0
  0
LINE
  5
3AA
330
1B
100
AcDbEntity
  8
F.Silkscreen
  6
CONTINUOUS
100
AcDbLine
 10
122.7211899999999929
 20
-110.609579999999994
 30
0
 11
122.6735709999999955
 21
-110.6571999999999889
 31
0
  0
LINE
  5
3AB
330
1B
100
AcDbEntity
  8
F.Silkscreen
  6
CONTINUOUS
100
AcDbLine
 10
122.6735709999999955
 20
-110.6571999999999889
 30
0
 11
122.530713999999989
 21
-110.7048190000000005
 31
0
  0
LINE
  5
3AC
330
1B
100
AcDbEntity
  8
F.Silkscreen
  6
CONTINUOUS
100
AcDbLine
 10
122.530713999999989
 20
-110.7048190000000005
 30
0
 11
122.4354759999999942
 21
-110.7048190000000005
 31
0
  0
LINE
  5
3AD
330
1B
100
AcDbEntity
  8
F.Silkscreen
  6
CONTINUOUS
100
AcDbLine
 10
122.4354759999999942
 20
-110.7048190000000005
 30
0
 11
122.2926189999999878
 21
-110.6571999999999889
 31
0
  0
LINE
  5
3AE
330
1B
100
AcDbEntity
  8
F.Silkscreen
  6
CONTINUOUS
100
AcDbLine
 10
122.2926189999999878
 20
-110.6571999999999889
 30
0
 11
122.1973809999999929
 21
-110.5619609999999966
 31
0
  0
LINE
  5
3AF
330
1B
100
AcDbEntity
  8
F.Silkscreen
  6
CONTINUOUS
100
AcDbLine
 10
122.1973809999999929
 20
-110.5619609999999966
 30
0
 11
122.1497619999999955
 21
-110.4667230000000018
 31
0
  0
LINE
  5
3B0
330
1B
100
AcDbEntity
  8
F.Silkscreen
  6
CONTINUOUS
100
AcDbLine
 10
122.1497619999999955
 20
-110.4667230000000018
 30
0
 11
122.1021429999999981
 21
-110.2762469999999979
 31
0
  0
LINE
  5
3B1
330
1B
100
AcDbEntity
  8
F.Silkscreen
  6
CONTINUOUS
100
AcDbLine
 10
122.1021429999999981
 20
-110.2762469999999979
 30
0
 11
122.1021429999999981
 21
-110.1333899999999915
 31
0
  0
LINE
  5
3B2
330
1B
100
AcDbEntity
  8
F.Silkscreen
  6
CONTINUOUS
100
AcDbLine
 10
122.1021429999999981
 20
-110.1333899999999915
 30
0
 11
122.1497619999999955
 21
-109.9429140000000018
 31
0
  0
LINE
  5
3B3
330
1B
100
AcDbEntity
  8
F.Silkscreen
  6
CONTINUOUS
100
AcDbLine
 10
122.1497619999999955
 20
-109.9429140000000018
 30
0
 11
122.1973809999999929
 21
-109.8476759999999928
 31
0
  0
LINE
  5
3B4
330
1B
100
AcDbEntity
  8
F.Silkscreen
  6
CONTINUOUS
100
AcDbLine
 10
122.1973809999999929
 20
-109.8476759999999928
 30
0
 11
122.2926189999999878
 21
-109.7524379999999979
 31
0
  0
LINE
  5
3B5
330
1B
100
AcDbEntity
  8
F.Silkscreen
  6
CONTINUOUS
100
AcDbLine
 10
122.2926189999999878
 20
-109.7524379999999979
 30
0
 11
122.4354759999999942
 21
-109.7048190000000005
 31
0
  0
LINE
  5
3B6
330
1B
100
AcDbEntity
  8
F.Silkscreen
  6
CONTINUOUS
100
AcDbLine
 10
122.4354759999999942
 20
-109.7048190000000005
 30
0
 11
122.530713999999989
 21
-109.7048190000000005
 31
0
  0
LINE
  5
3B7
330
1B
100
AcDbEntity
  8
F.Silkscreen
  6
CONTINUOUS
100
AcDbLine
 10
122.530713999999989
 20
-109.7048190000000005
 30
0
 11
122.6735709999999955
 21
-109.7524379999999979
 31
0
  0
LINE
  5
3B8
330
1B
100
AcDbEntity
  8
F.Silkscreen
  6
CONTINUOUS
100
AcDbLine
 10
122.6735709999999955
 20
-109.7524379999999979
 30
0
 11
122.7211899999999929
 21
-109.8000569999999954
 31
0
  0
LINE
  5
3B9
330
1B
100
AcDbEntity
  8
F.Silkscreen
  6
CONTINUOUS
100
AcDbLine
 10
123.6735709999999955
 20
-110.7048190000000005
 30
0
 11
123.1021429999999981
 21
-110.7048190000000005
 31
0
  0
LINE
  5
3BA
330
1B
100
AcDbEntity
  8
F.Silkscreen
  6
CONTINUOUS
100
AcDbLine
 10
123.3878569999999968
 20
-110.7048190000000005
 30
0
 11
123.3878569999999968
 21
-109.7048190000000005
 31
0
  0
LINE
  5
3BB
330
1B
100
AcDbEntity
  8
F.Silkscreen
  6
CONTINUOUS
100
AcDbLine
 10
123.3878569999999968
 20
-109.7048190000000005
 30
0
 11
123.2926189999999878
 21
-109.8476759999999928
 31
0
  0
LINE
  5
3BC
330
1B
100
AcDbEntity
  8
F.Silkscreen
  6
CONTINUOUS
100
AcDbLine
 10
123.2926189999999878
 20
-109.8476759999999928
 30
0
 11
123.1973809999999929
 21
-109.9429140000000018
 31
0
  0
LINE
  5
3BD
330
1B
100
AcDbEntity
  8
F.Silkscreen
  6
CONTINUOUS
100
AcDbLine
 10
123.1973809999999929
 20
-109.9429140000000018
 30
0
 11
123.1021429999999981
 21
-109.9905329999999992
 31
0
  0
LINE
  5
3BE
330
1B
100
AcDbEntity
  8
F.Silkscreen
  6
CONTINUOUS
100
AcDbLine
 10
123.8640479999999968
 20
-110.8000569999999954
 30
0
 11
124.6259519999999981
 21
-110.8000569999999954
 31
0
  0
LINE
  5
3BF
330
1B
100
AcDbEntity
  8
F.Silkscreen
  6
CONTINUOUS
100
AcDbLine
 10
124.8164289999999994
 20
-109.8000569999999954
 30
0
 11
124.8640479999999968
 21
-109.7524379999999979
 31
0
  0
LINE
  5
3C0
330
1B
100
AcDbEntity
  8
F.Silkscreen
  6
CONTINUOUS
100
AcDbLine
 10
124.8640479999999968
 20
-109.7524379999999979
 30
0
 11
124.9592859999999916
 21
-109.7048190000000005
 31
0
  0
LINE
  5
3C1
330
1B
100
AcDbEntity
  8
F.Silkscreen
  6
CONTINUOUS
100
AcDbLine
 10
124.9592859999999916
 20
-109.7048190000000005
 30
0
 11
125.1973809999999929
 21
-109.7048190000000005
 31
0
  0
LINE
  5
3C2
330
1B
100
AcDbEntity
  8
F.Silkscreen
  6
CONTINUOUS
100
AcDbLine
 10
125.1973809999999929
 20
-109.7048190000000005
 30
0
 11
125.2926189999999878
 21
-109.7524379999999979
 31
0
  0
LINE
  5
3C3
330
1B
100
AcDbEntity
  8
F.Silkscreen
  6
CONTINUOUS
100
AcDbLine
 10
125.2926189999999878
 20
-109.7524379999999979
 30
0
 11
125.3402379999999994
 21
-109.8000569999999954
 31
0
  0
LINE
  5
3C4
330
1B
100
AcDbEntity
  8
F.Silkscreen
  6
CONTINUOUS
100
AcDbLine
 10
125.3402379999999994
 20
-109.8000569999999954
 30
0
 11
125.3878569999999968
 21
-109.8952949999999902
 31
0
  0
LINE
  5
3C5
330
1B
100
AcDbEntity
  8
F.Silkscreen
  6
CONTINUOUS
100
AcDbLine
 10
125.3878569999999968
 20
-109.8952949999999902
 30
0
 11
125.3878569999999968
 21
-109.9905329999999992
 31
0
  0
LINE
  5
3C6
330
1B
100
AcDbEntity
  8
F.Silkscreen
  6
CONTINUOUS
100
AcDbLine
 10
125.3878569999999968
 20
-109.9905329999999992
 30
0
 11
125.3402379999999994
 21
-110.1333899999999915
 31
0
  0
LINE
  5
3C7
330
1B
100
AcDbEntity
  8
F.Silkscreen
  6
CONTINUOUS
100
AcDbLine
 10
125.3402379999999994
 20
-110.1333899999999915
 30
0
 11
124.7688099999999878
 21
-110.7048190000000005
 31
0
  0
LINE
  5
3C8
330
1B
100
AcDbEntity
  8
F.Silkscreen
  6
CONTINUOUS
100
AcDbLine
 10
124.7688099999999878
 20
-110.7048190000000005
 30
0
 11
125.3878569999999968
 21
-110.7048190000000005
 31
0
  0
LINE
  5
3C9
330
1B
100
AcDbEntity
  8
F.Silkscreen
  6
CONTINUOUS
100
AcDbLine
 10
111.7248189999999965
 20
-115.3333329999999961
 30
0
 11
112.4391040000000004
 21
-115.3333329999999961
 31
0
  0
LINE
  5
3CA
330
1B
100
AcDbEntity
  8
F.Silkscreen
  6
CONTINUOUS
100
AcDbLine
 10
112.4391040000000004
 20
-115.3333329999999961
 30
0
 11
112.5819609999999926
 21
-115.3809519999999935
 31
0
  0
LINE
  5
3CB
330
1B
100
AcDbEntity
  8
F.Silkscreen
  6
CONTINUOUS
100
AcDbLine
 10
112.5819609999999926
 20
-115.3809519999999935
 30
0
 11
112.6771999999999991
 21
-115.4761899999999883
 31
0
  0
LINE
  5
3CC
330
1B
100
AcDbEntity
  8
F.Silkscreen
  6
CONTINUOUS
100
AcDbLine
 10
112.6771999999999991
 20
-115.4761899999999883
 30
0
 11
112.7248189999999965
 21
-115.6190469999999948
 31
0
  0
LINE
  5
3CD
330
1B
100
AcDbEntity
  8
F.Silkscreen
  6
CONTINUOUS
100
AcDbLine
 10
112.7248189999999965
 20
-115.6190469999999948
 30
0
 11
112.7248189999999965
 21
-115.7142849999999896
 31
0
  0
LINE
  5
3CE
330
1B
100
AcDbEntity
  8
F.Silkscreen
  6
CONTINUOUS
100
AcDbLine
 10
112.7248189999999965
 20
-114.8571419999999961
 30
0
 11
111.7248189999999965
 21
-114.8571419999999961
 31
0
  0
LINE
  5
3CF
330
1B
100
AcDbEntity
  8
F.Silkscreen
  6
CONTINUOUS
100
AcDbLine
 10
111.7248189999999965
 20
-114.8571419999999961
 30
0
 11
111.7248189999999965
 21
-114.4761899999999883
 31
0
  0
LINE
  5
3D0
330
1B
100
AcDbEntity
  8
F.Silkscreen
  6
CONTINUOUS
100
AcDbLine
 10
111.7248189999999965
 20
-114.4761899999999883
 30
0
 11
111.772437999999994
 21
-114.3809519999999935
 31
0
  0
LINE
  5
3D1
330
1B
100
AcDbEntity
  8
F.Silkscreen
  6
CONTINUOUS
100
AcDbLine
 10
111.772437999999994
 20
-114.3809519999999935
 30
0
 11
111.8200569999999914
 21
-114.3333329999999961
 31
0
  0
LINE
  5
3D2
330
1B
100
AcDbEntity
  8
F.Silkscreen
  6
CONTINUOUS
100
AcDbLine
 10
111.8200569999999914
 20
-114.3333329999999961
 30
0
 11
111.9152950000000004
 21
-114.2857139999999987
 31
0
  0
LINE
  5
3D3
330
1B
100
AcDbEntity
  8
F.Silkscreen
  6
CONTINUOUS
100
AcDbLine
 10
111.9152950000000004
 20
-114.2857139999999987
 30
0
 11
112.0581519999999927
 21
-114.2857139999999987
 31
0
  0
LINE
  5
3D4
330
1B
100
AcDbEntity
  8
F.Silkscreen
  6
CONTINUOUS
100
AcDbLine
 10
112.0581519999999927
 20
-114.2857139999999987
 30
0
 11
112.1533900000000017
 21
-114.3333329999999961
 31
0
  0
LINE
  5
3D5
330
1B
100
AcDbEntity
  8
F.Silkscreen
  6
CONTINUOUS
100
AcDbLine
 10
112.1533900000000017
 20
-114.3333329999999961
 30
0
 11
112.2010089999999991
 21
-114.3809519999999935
 31
0
  0
LINE
  5
3D6
330
1B
100
AcDbEntity
  8
F.Silkscreen
  6
CONTINUOUS
100
AcDbLine
 10
112.2010089999999991
 20
-114.3809519999999935
 30
0
 11
112.2486279999999965
 21
-114.4761899999999883
 31
0
  0
LINE
  5
3D7
330
1B
100
AcDbEntity
  8
F.Silkscreen
  6
CONTINUOUS
100
AcDbLine
 10
112.2486279999999965
 20
-114.4761899999999883
 30
0
 11
112.2486279999999965
 21
-114.8571419999999961
 31
0
  0
LINE
  5
3D8
330
1B
100
AcDbEntity
  8
F.Silkscreen
  6
CONTINUOUS
100
AcDbLine
 10
112.7248189999999965
 20
-113.3333329999999961
 30
0
 11
112.7248189999999965
 21
-113.9047609999999935
 31
0
  0
LINE
  5
3D9
330
1B
100
AcDbEntity
  8
F.Silkscreen
  6
CONTINUOUS
100
AcDbLine
 10
112.7248189999999965
 20
-113.6190469999999948
 30
0
 11
111.7248189999999965
 21
-113.6190469999999948
 31
0
  0
LINE
  5
3DA
330
1B
100
AcDbEntity
  8
F.Silkscreen
  6
CONTINUOUS
100
AcDbLine
 10
111.7248189999999965
 20
-113.6190469999999948
 30
0
 11
111.8676759999999888
 21
-113.7142849999999896
 31
0
  0
LINE
  5
3DB
330
1B
100
AcDbEntity
  8
F.Silkscreen
  6
CONTINUOUS
100
AcDbLine
 10
111.8676759999999888
 20
-113.7142849999999896
 30
0
 11
111.9629139999999978
 21
-113.8095229999999987
 31
0
  0
LINE
  5
3DC
330
1B
100
AcDbEntity
  8
F.Silkscreen
  6
CONTINUOUS
100
AcDbLine
 10
111.9629139999999978
 20
-113.8095229999999987
 30
0
 11
112.0105329999999952
 21
-113.9047609999999935
 31
0
  0
LINE
  5
3DD
330
1B
100
AcDbEntity
  8
F.Silkscreen
  6
CONTINUOUS
100
AcDbLine
 10
136.8848189999999931
 20
-92.0666659999999979
 30
0
 11
136.4086279999999931
 21
-92.399998999999994
 31
0
  0
LINE
  5
3DE
330
1B
100
AcDbEntity
  8
F.Silkscreen
  6
CONTINUOUS
100
AcDbLine
 10
136.8848189999999931
 20
-92.6380939999999953
 30
0
 11
135.8848189999999931
 21
-92.6380939999999953
 31
0
  0
LINE
  5
3DF
330
1B
100
AcDbEntity
  8
F.Silkscreen
  6
CONTINUOUS
100
AcDbLine
 10
135.8848189999999931
 20
-92.6380939999999953
 30
0
 11
135.8848189999999931
 21
-92.2571420000000018
 31
0
  0
LINE
  5
3E0
330
1B
100
AcDbEntity
  8
F.Silkscreen
  6
CONTINUOUS
100
AcDbLine
 10
135.8848189999999931
 20
-92.2571420000000018
 30
0
 11
135.9324379999999906
 21
-92.1619039999999927
 31
0
  0
LINE
  5
3E1
330
1B
100
AcDbEntity
  8
F.Silkscreen
  6
CONTINUOUS
100
AcDbLine
 10
135.9324379999999906
 20
-92.1619039999999927
 30
0
 11
135.980056999999988
 21
-92.1142849999999953
 31
0
  0
LINE
  5
3E2
330
1B
100
AcDbEntity
  8
F.Silkscreen
  6
CONTINUOUS
100
AcDbLine
 10
135.980056999999988
 20
-92.1142849999999953
 30
0
 11
136.0752949999999828
 21
-92.0666659999999979
 31
0
  0
LINE
  5
3E3
330
1B
100
AcDbEntity
  8
F.Silkscreen
  6
CONTINUOUS
100
AcDbLine
 10
136.0752949999999828
 20
-92.0666659999999979
 30
0
 11
136.2181520000000035
 21
-92.0666659999999979
 31
0
  0
LINE
  5
3E4
330
1B
100
AcDbEntity
  8
F.Silkscreen
  6
CONTINUOUS
100
AcDbLine
 10
136.2181520000000035
 20
-92.0666659999999979
 30
0
 11
136.3133899999999983
 21
-92.1142849999999953
 31
0
  0
LINE
  5
3E5
330
1B
100
AcDbEntity
  8
F.Silkscreen
  6
CONTINUOUS
100
AcDbLine
 10
136.3133899999999983
 20
-92.1142849999999953
 30
0
 11
136.3610089999999957
 21
-92.1619039999999927
 31
0
  0
LINE
  5
3E6
330
1B
100
AcDbEntity
  8
F.Silkscreen
  6
CONTINUOUS
100
AcDbLine
 10
136.3610089999999957
 20
-92.1619039999999927
 30
0
 11
136.4086279999999931
 21
-92.2571420000000018
 31
0
  0
LINE
  5
3E7
330
1B
100
AcDbEntity
  8
F.Silkscreen
  6
CONTINUOUS
100
AcDbLine
 10
136.4086279999999931
 20
-92.2571420000000018
 30
0
 11
136.4086279999999931
 21
-92.6380939999999953
 31
0
  0
LINE
  5
3E8
330
1B
100
AcDbEntity
  8
F.Silkscreen
  6
CONTINUOUS
100
AcDbLine
 10
136.2181520000000035
 20
-91.2095229999999901
 30
0
 11
136.8848189999999931
 21
-91.2095229999999901
 31
0
  0
LINE
  5
3E9
330
1B
100
AcDbEntity
  8
F.Silkscreen
  6
CONTINUOUS
100
AcDbLine
 10
135.8371999999999957
 20
-91.4476179999999914
 30
0
 11
136.5514849999999853
 21
-91.6857129999999927
 31
0
  0
LINE
  5
3EA
330
1B
100
AcDbEntity
  8
F.Silkscreen
  6
CONTINUOUS
100
AcDbLine
 10
136.5514849999999853
 20
-91.6857129999999927
 30
0
 11
136.5514849999999853
 21
-91.0666659999999979
 31
0
  0
LINE
  5
3EB
330
1B
100
AcDbEntity
  8
F.Silkscreen
  6
CONTINUOUS
100
AcDbLine
 10
118.0048189999999977
 20
-92.7619040000000012
 30
0
 11
118.8143419999999963
 21
-92.7619040000000012
 31
0
  0
LINE
  5
3EC
330
1B
100
AcDbEntity
  8
F.Silkscreen
  6
CONTINUOUS
100
AcDbLine
 10
118.8143419999999963
 20
-92.7619040000000012
 30
0
 11
118.9095799999999912
 21
-92.7142849999999896
 31
0
  0
LINE
  5
3ED
330
1B
100
AcDbEntity
  8
F.Silkscreen
  6
CONTINUOUS
100
AcDbLine
 10
118.9095799999999912
 20
-92.7142849999999896
 30
0
 11
118.9572000000000003
 21
-92.6666659999999922
 31
0
  0
LINE
  5
3EE
330
1B
100
AcDbEntity
  8
F.Silkscreen
  6
CONTINUOUS
100
AcDbLine
 10
118.9572000000000003
 20
-92.6666659999999922
 30
0
 11
119.0048189999999977
 21
-92.5714279999999974
 31
0
  0
LINE
  5
3EF
330
1B
100
AcDbEntity
  8
F.Silkscreen
  6
CONTINUOUS
100
AcDbLine
 10
119.0048189999999977
 20
-92.5714279999999974
 30
0
 11
119.0048189999999977
 21
-92.3809519999999935
 31
0
  0
LINE
  5
3F0
330
1B
100
AcDbEntity
  8
F.Silkscreen
  6
CONTINUOUS
100
AcDbLine
 10
119.0048189999999977
 20
-92.3809519999999935
 30
0
 11
118.9572000000000003
 21
-92.2857139999999987
 31
0
  0
LINE
  5
3F1
330
1B
100
AcDbEntity
  8
F.Silkscreen
  6
CONTINUOUS
100
AcDbLine
 10
118.9572000000000003
 20
-92.2857139999999987
 30
0
 11
118.9095799999999912
 21
-92.2380950000000013
 31
0
  0
LINE
  5
3F2
330
1B
100
AcDbEntity
  8
F.Silkscreen
  6
CONTINUOUS
100
AcDbLine
 10
118.9095799999999912
 20
-92.2380950000000013
 30
0
 11
118.8143419999999963
 21
-92.1904759999999897
 31
0
  0
LINE
  5
3F3
330
1B
100
AcDbEntity
  8
F.Silkscreen
  6
CONTINUOUS
100
AcDbLine
 10
118.8143419999999963
 20
-92.1904759999999897
 30
0
 11
118.0048189999999977
 21
-92.1904759999999897
 31
0
  0
LINE
  5
3F4
330
1B
100
AcDbEntity
  8
F.Silkscreen
  6
CONTINUOUS
100
AcDbLine
 10
119.0048189999999977
 20
-91.1904759999999897
 30
0
 11
119.0048189999999977
 21
-91.7619040000000012
 31
0
  0
LINE
  5
3F5
330
1B
100
AcDbEntity
  8
F.Silkscreen
  6
CONTINUOUS
100
AcDbLine
 10
119.0048189999999977
 20
-91.4761900000000026
 30
0
 11
118.0048189999999977
 21
-91.4761900000000026
 31
0
  0
LINE
  5
3F6
330
1B
100
AcDbEntity
  8
F.Silkscreen
  6
CONTINUOUS
100
AcDbLine
 10
118.0048189999999977
 20
-91.4761900000000026
 30
0
 11
118.1476759999999899
 21
-91.5714279999999974
 31
0
  0
LINE
  5
3F7
330
1B
100
AcDbEntity
  8
F.Silkscreen
  6
CONTINUOUS
100
AcDbLine
 10
118.1476759999999899
 20
-91.5714279999999974
 30
0
 11
118.242913999999999
 21
-91.6666659999999922
 31
0
  0
LINE
  5
3F8
330
1B
100
AcDbEntity
  8
F.Silkscreen
  6
CONTINUOUS
100
AcDbLine
 10
118.242913999999999
 20
-91.6666659999999922
 30
0
 11
118.2905329999999964
 21
-91.7619040000000012
 31
0
  0
LINE
  5
3F9
330
1B
100
AcDbEntity
  8
F.Silkscreen
  6
CONTINUOUS
100
AcDbLine
 10
91.2619049999999987
 20
-114.7548189999999977
 30
0
 11
91.2619049999999987
 21
-113.7548189999999977
 31
0
  0
LINE
  5
3FA
330
1B
100
AcDbEntity
  8
F.Silkscreen
  6
CONTINUOUS
100
AcDbLine
 10
91.2619049999999987
 20
-113.7548189999999977
 30
0
 11
91.5
 21
-113.7548189999999977
 31
0
  0
LINE
  5
3FB
330
1B
100
AcDbEntity
  8
F.Silkscreen
  6
CONTINUOUS
100
AcDbLine
 10
91.5
 20
-113.7548189999999977
 30
0
 11
91.6428569999999922
 21
-113.8024379999999951
 31
0
  0
LINE
  5
3FC
330
1B
100
AcDbEntity
  8
F.Silkscreen
  6
CONTINUOUS
100
AcDbLine
 10
91.6428569999999922
 20
-113.8024379999999951
 30
0
 11
91.7380950000000013
 21
-113.8976759999999899
 31
0
  0
LINE
  5
3FD
330
1B
100
AcDbEntity
  8
F.Silkscreen
  6
CONTINUOUS
100
AcDbLine
 10
91.7380950000000013
 20
-113.8976759999999899
 30
0
 11
91.7857139999999987
 21
-113.992913999999999
 31
0
  0
LINE
  5
3FE
330
1B
100
AcDbEntity
  8
F.Silkscreen
  6
CONTINUOUS
100
AcDbLine
 10
91.7857139999999987
 20
-113.992913999999999
 30
0
 11
91.8333329999999961
 21
-114.1833899999999886
 31
0
  0
LINE
  5
3FF
330
1B
100
AcDbEntity
  8
F.Silkscreen
  6
CONTINUOUS
100
AcDbLine
 10
91.8333329999999961
 20
-114.1833899999999886
 30
0
 11
91.8333329999999961
 21
-114.3262469999999951
 31
0
  0
LINE
  5
400
330
1B
100
AcDbEntity
  8
F.Silkscreen
  6
CONTINUOUS
100
AcDbLine
 10
91.8333329999999961
 20
-114.3262469999999951
 30
0
 11
91.7857139999999987
 21
-114.5167229999999989
 31
0
  0
LINE
  5
401
330
1B
100
AcDbEntity
  8
F.Silkscreen
  6
CONTINUOUS
100
AcDbLine
 10
91.7857139999999987
 20
-114.5167229999999989
 30
0
 11
91.7380950000000013
 21
-114.6119609999999938
 31
0
  0
LINE
  5
402
330
1B
100
AcDbEntity
  8
F.Silkscreen
  6
CONTINUOUS
100
AcDbLine
 10
91.7380950000000013
 20
-114.6119609999999938
 30
0
 11
91.6428569999999922
 21
-114.7072000000000003
 31
0
  0
LINE
  5
403
330
1B
100
AcDbEntity
  8
F.Silkscreen
  6
CONTINUOUS
100
AcDbLine
 10
91.6428569999999922
 20
-114.7072000000000003
 30
0
 11
91.5
 21
-114.7548189999999977
 31
0
  0
LINE
  5
404
330
1B
100
AcDbEntity
  8
F.Silkscreen
  6
CONTINUOUS
100
AcDbLine
 10
91.5
 20
-114.7548189999999977
 30
0
 11
91.2619049999999987
 21
-114.7548189999999977
 31
0
  0
LINE
  5
405
330
1B
100
AcDbEntity
  8
F.Silkscreen
  6
CONTINUOUS
100
AcDbLine
 10
92.2142860000000013
 20
-113.8500569999999925
 30
0
 11
92.2619049999999987
 21
-113.8024379999999951
 31
0
  0
LINE
  5
406
330
1B
100
AcDbEntity
  8
F.Silkscreen
  6
CONTINUOUS
100
AcDbLine
 10
92.2619049999999987
 20
-113.8024379999999951
 30
0
 11
92.3571429999999935
 21
-113.7548189999999977
 31
0
  0
LINE
  5
407
330
1B
100
AcDbEntity
  8
F.Silkscreen
  6
CONTINUOUS
100
AcDbLine
 10
92.3571429999999935
 20
-113.7548189999999977
 30
0
 11
92.5952379999999948
 21
-113.7548189999999977
 31
0
  0
LINE
  5
408
330
1B
100
AcDbEntity
  8
F.Silkscreen
  6
CONTINUOUS
100
AcDbLine
 10
92.5952379999999948
 20
-113.7548189999999977
 30
0
 11
92.6904759999999897
 21
-113.8024379999999951
 31
0
  0
LINE
  5
409
330
1B
100
AcDbEntity
  8
F.Silkscreen
  6
CONTINUOUS
100
AcDbLine
 10
92.6904759999999897
 20
-113.8024379999999951
 30
0
 11
92.7380950000000013
 21
-113.8500569999999925
 31
0
  0
LINE
  5
40A
330
1B
100
AcDbEntity
  8
F.Silkscreen
  6
CONTINUOUS
100
AcDbLine
 10
92.7380950000000013
 20
-113.8500569999999925
 30
0
 11
92.7857139999999987
 21
-113.9452950000000016
 31
0
  0
LINE
  5
40B
330
1B
100
AcDbEntity
  8
F.Silkscreen
  6
CONTINUOUS
100
AcDbLine
 10
92.7857139999999987
 20
-113.9452950000000016
 30
0
 11
92.7857139999999987
 21
-114.0405329999999964
 31
0
  0
LINE
  5
40C
330
1B
100
AcDbEntity
  8
F.Silkscreen
  6
CONTINUOUS
100
AcDbLine
 10
92.7857139999999987
 20
-114.0405329999999964
 30
0
 11
92.7380950000000013
 21
-114.1833899999999886
 31
0
  0
LINE
  5
40D
330
1B
100
AcDbEntity
  8
F.Silkscreen
  6
CONTINUOUS
100
AcDbLine
 10
92.7380950000000013
 20
-114.1833899999999886
 30
0
 11
92.1666669999999897
 21
-114.7548189999999977
 31
0
  0
LINE
  5
40E
330
1B
100
AcDbEntity
  8
F.Silkscreen
  6
CONTINUOUS
100
AcDbLine
 10
92.1666669999999897
 20
-114.7548189999999977
 30
0
 11
92.7857139999999987
 21
-114.7548189999999977
 31
0
  0
LINE
  5
40F
330
1B
100
AcDbEntity
  8
F.Silkscreen
  6
CONTINUOUS
100
AcDbLine
 10
125.5248189999999937
 20
-68.0099999999999909
 30
0
 11
125.0486279999999937
 21
-68.3433330000000012
 31
0
  0
LINE
  5
410
330
1B
100
AcDbEntity
  8
F.Silkscreen
  6
CONTINUOUS
100
AcDbLine
 10
125.5248189999999937
 20
-68.5814280000000025
 30
0
 11
124.5248189999999937
 21
-68.5814280000000025
 31
0
  0
LINE
  5
411
330
1B
100
AcDbEntity
  8
F.Silkscreen
  6
CONTINUOUS
100
AcDbLine
 10
124.5248189999999937
 20
-68.5814280000000025
 30
0
 11
124.5248189999999937
 21
-68.2004759999999948
 31
0
  0
LINE
  5
412
330
1B
100
AcDbEntity
  8
F.Silkscreen
  6
CONTINUOUS
100
AcDbLine
 10
124.5248189999999937
 20
-68.2004759999999948
 30
0
 11
124.5724379999999911
 21
-68.1052379999999999
 31
0
  0
LINE
  5
413
330
1B
100
AcDbEntity
  8
F.Silkscreen
  6
CONTINUOUS
100
AcDbLine
 10
124.5724379999999911
 20
-68.1052379999999999
 30
0
 11
124.6200569999999885
 21
-68.0576190000000025
 31
0
  0
LINE
  5
414
330
1B
100
AcDbEntity
  8
F.Silkscreen
  6
CONTINUOUS
100
AcDbLine
 10
124.6200569999999885
 20
-68.0576190000000025
 30
0
 11
124.7152949999999976
 21
-68.0099999999999909
 31
0
  0
LINE
  5
415
330
1B
100
AcDbEntity
  8
F.Silkscreen
  6
CONTINUOUS
100
AcDbLine
 10
124.7152949999999976
 20
-68.0099999999999909
 30
0
 11
124.8581519999999898
 21
-68.0099999999999909
 31
0
  0
LINE
  5
416
330
1B
100
AcDbEntity
  8
F.Silkscreen
  6
CONTINUOUS
100
AcDbLine
 10
124.8581519999999898
 20
-68.0099999999999909
 30
0
 11
124.9533899999999988
 21
-68.0576190000000025
 31
0
  0
LINE
  5
417
330
1B
100
AcDbEntity
  8
F.Silkscreen
  6
CONTINUOUS
100
AcDbLine
 10
124.9533899999999988
 20
-68.0576190000000025
 30
0
 11
125.0010089999999963
 21
-68.1052379999999999
 31
0
  0
LINE
  5
418
330
1B
100
AcDbEntity
  8
F.Silkscreen
  6
CONTINUOUS
100
AcDbLine
 10
125.0010089999999963
 20
-68.1052379999999999
 30
0
 11
125.0486279999999937
 21
-68.2004759999999948
 31
0
  0
LINE
  5
419
330
1B
100
AcDbEntity
  8
F.Silkscreen
  6
CONTINUOUS
100
AcDbLine
 10
125.0486279999999937
 20
-68.2004759999999948
 30
0
 11
125.0486279999999937
 21
-68.5814280000000025
 31
0
  0
LINE
  5
41A
330
1B
100
AcDbEntity
  8
F.Silkscreen
  6
CONTINUOUS
100
AcDbLine
 10
125.6200569999999885
 20
-67.8195240000000013
 30
0
 11
125.6200569999999885
 21
-67.0576190000000025
 31
0
  0
LINE
  5
41B
330
1B
100
AcDbEntity
  8
F.Silkscreen
  6
CONTINUOUS
100
AcDbLine
 10
125.5248189999999937
 20
-66.8195230000000038
 30
0
 11
124.5248189999999937
 21
-66.8195230000000038
 31
0
  0
LINE
  5
41C
330
1B
100
AcDbEntity
  8
F.Silkscreen
  6
CONTINUOUS
100
AcDbLine
 10
124.9057710000000014
 20
-66.8195230000000038
 30
0
 11
124.8581519999999898
 21
-66.7242849999999947
 31
0
  0
LINE
  5
41D
330
1B
100
AcDbEntity
  8
F.Silkscreen
  6
CONTINUOUS
100
AcDbLine
 10
124.8581519999999898
 20
-66.7242849999999947
 30
0
 11
124.8581519999999898
 21
-66.5338089999999909
 31
0
  0
LINE
  5
41E
330
1B
100
AcDbEntity
  8
F.Silkscreen
  6
CONTINUOUS
100
AcDbLine
 10
124.8581519999999898
 20
-66.5338089999999909
 30
0
 11
124.9057710000000014
 21
-66.438570999999996
 31
0
  0
LINE
  5
41F
330
1B
100
AcDbEntity
  8
F.Silkscreen
  6
CONTINUOUS
100
AcDbLine
 10
124.9057710000000014
 20
-66.438570999999996
 30
0
 11
124.9533899999999988
 21
-66.3909519999999986
 31
0
  0
LINE
  5
420
330
1B
100
AcDbEntity
  8
F.Silkscreen
  6
CONTINUOUS
100
AcDbLine
 10
124.9533899999999988
 20
-66.3909519999999986
 30
0
 11
125.0486279999999937
 21
-66.3433330000000012
 31
0
  0
LINE
  5
421
330
1B
100
AcDbEntity
  8
F.Silkscreen
  6
CONTINUOUS
100
AcDbLine
 10
125.0486279999999937
 20
-66.3433330000000012
 30
0
 11
125.3343419999999924
 21
-66.3433330000000012
 31
0
  0
LINE
  5
422
330
1B
100
AcDbEntity
  8
F.Silkscreen
  6
CONTINUOUS
100
AcDbLine
 10
125.3343419999999924
 20
-66.3433330000000012
 30
0
 11
125.4295800000000014
 21
-66.3909519999999986
 31
0
  0
LINE
  5
423
330
1B
100
AcDbEntity
  8
F.Silkscreen
  6
CONTINUOUS
100
AcDbLine
 10
125.4295800000000014
 20
-66.3909519999999986
 30
0
 11
125.4771999999999963
 21
-66.438570999999996
 31
0
  0
LINE
  5
424
330
1B
100
AcDbEntity
  8
F.Silkscreen
  6
CONTINUOUS
100
AcDbLine
 10
125.4771999999999963
 20
-66.438570999999996
 30
0
 11
125.5248189999999937
 21
-66.5338089999999909
 31
0
  0
LINE
  5
425
330
1B
100
AcDbEntity
  8
F.Silkscreen
  6
CONTINUOUS
100
AcDbLine
 10
125.5248189999999937
 20
-66.5338089999999909
 30
0
 11
125.5248189999999937
 21
-66.7242849999999947
 31
0
  0
LINE
  5
426
330
1B
100
AcDbEntity
  8
F.Silkscreen
  6
CONTINUOUS
100
AcDbLine
 10
125.5248189999999937
 20
-66.7242849999999947
 30
0
 11
125.4771999999999963
 21
-66.8195230000000038
 31
0
  0
LINE
  5
427
330
1B
100
AcDbEntity
  8
F.Silkscreen
  6
CONTINUOUS
100
AcDbLine
 10
124.6200569999999885
 20
-65.962379999999996
 30
0
 11
124.5724379999999911
 21
-65.9147609999999986
 31
0
  0
LINE
  5
428
330
1B
100
AcDbEntity
  8
F.Silkscreen
  6
CONTINUOUS
100
AcDbLine
 10
124.5724379999999911
 20
-65.9147609999999986
 30
0
 11
124.5248189999999937
 21
-65.8195230000000038
 31
0
  0
LINE
  5
429
330
1B
100
AcDbEntity
  8
F.Silkscreen
  6
CONTINUOUS
100
AcDbLine
 10
124.5248189999999937
 20
-65.8195230000000038
 30
0
 11
124.5248189999999937
 21
-65.5814280000000025
 31
0
  0
LINE
  5
42A
330
1B
100
AcDbEntity
  8
F.Silkscreen
  6
CONTINUOUS
100
AcDbLine
 10
124.5248189999999937
 20
-65.5814280000000025
 30
0
 11
124.5724379999999911
 21
-65.4861899999999935
 31
0
  0
LINE
  5
42B
330
1B
100
AcDbEntity
  8
F.Silkscreen
  6
CONTINUOUS
100
AcDbLine
 10
124.5724379999999911
 20
-65.4861899999999935
 30
0
 11
124.6200569999999885
 21
-65.438570999999996
 31
0
  0
LINE
  5
42C
330
1B
100
AcDbEntity
  8
F.Silkscreen
  6
CONTINUOUS
100
AcDbLine
 10
124.6200569999999885
 20
-65.438570999999996
 30
0
 11
124.7152949999999976
 21
-65.3909519999999986
 31
0
  0
LINE
  5
42D
330
1B
100
AcDbEntity
  8
F.Silkscreen
  6
CONTINUOUS
100
AcDbLine
 10
124.7152949999999976
 20
-65.3909519999999986
 30
0
 11
124.8105329999999924
 21
-65.3909519999999986
 31
0
  0
LINE
  5
42E
330
1B
100
AcDbEntity
  8
F.Silkscreen
  6
CONTINUOUS
100
AcDbLine
 10
124.8105329999999924
 20
-65.3909519999999986
 30
0
 11
124.9533899999999988
 21
-65.438570999999996
 31
0
  0
LINE
  5
42F
330
1B
100
AcDbEntity
  8
F.Silkscreen
  6
CONTINUOUS
100
AcDbLine
 10
124.9533899999999988
 20
-65.438570999999996
 30
0
 11
125.5248189999999937
 21
-66.0099989999999934
 31
0
  0
LINE
  5
430
330
1B
100
AcDbEntity
  8
F.Silkscreen
  6
CONTINUOUS
100
AcDbLine
 10
125.5248189999999937
 20
-66.0099989999999934
 30
0
 11
125.5248189999999937
 21
-65.3909519999999986
 31
0
  0
LINE
  5
431
330
1B
100
AcDbEntity
  8
F.Silkscreen
  6
CONTINUOUS
100
AcDbLine
 10
167.5266660000000059
 20
-51.9348189999999974
 30
0
 11
167.5266660000000059
 21
-52.6491039999999941
 31
0
  0
LINE
  5
432
330
1B
100
AcDbEntity
  8
F.Silkscreen
  6
CONTINUOUS
100
AcDbLine
 10
167.5266660000000059
 20
-52.6491039999999941
 30
0
 11
167.47904699999998
 21
-52.7919610000000006
 31
0
  0
LINE
  5
433
330
1B
100
AcDbEntity
  8
F.Silkscreen
  6
CONTINUOUS
100
AcDbLine
 10
167.47904699999998
 20
-52.7919610000000006
 30
0
 11
167.3838089999999852
 21
-52.8872
 31
0
  0
LINE
  5
434
330
1B
100
AcDbEntity
  8
F.Silkscreen
  6
CONTINUOUS
100
AcDbLine
 10
167.3838089999999852
 20
-52.8872
 30
0
 11
167.2409519999999929
 21
-52.9348189999999974
 31
0
  0
LINE
  5
435
330
1B
100
AcDbEntity
  8
F.Silkscreen
  6
CONTINUOUS
100
AcDbLine
 10
167.2409519999999929
 20
-52.9348189999999974
 30
0
 11
167.1457139999999981
 21
-52.9348189999999974
 31
0
  0
LINE
  5
436
330
1B
100
AcDbEntity
  8
F.Silkscreen
  6
CONTINUOUS
100
AcDbLine
 10
168.4314279999999826
 20
-52.2681520000000006
 30
0
 11
168.4314279999999826
 21
-52.9348189999999974
 31
0
  0
LINE
  5
437
330
1B
100
AcDbEntity
  8
F.Silkscreen
  6
CONTINUOUS
100
AcDbLine
 10
168.1933329999999955
 20
-51.8872
 30
0
 11
167.95523799999998
 21
-52.6014849999999967
 31
0
  0
LINE
  5
438
330
1B
100
AcDbEntity
  8
F.Silkscreen
  6
CONTINUOUS
100
AcDbLine
 10
167.95523799999998
 20
-52.6014849999999967
 30
0
 11
168.5742850000000033
 21
-52.6014849999999967
 31
0
  0
LINE
  5
439
330
1B
100
AcDbEntity
  8
F.Silkscreen
  6
CONTINUOUS
100
AcDbLine
 10
144.823332999999991
 20
-76.3248189999999909
 30
0
 11
144.4899999999999807
 21
-75.8486279999999908
 31
0
  0
LINE
  5
43A
330
1B
100
AcDbEntity
  8
F.Silkscreen
  6
CONTINUOUS
100
AcDbLine
 10
144.2519049999999936
 20
-76.3248189999999909
 30
0
 11
144.2519049999999936
 21
-75.3248189999999909
 31
0
  0
LINE
  5
43B
330
1B
100
AcDbEntity
  8
F.Silkscreen
  6
CONTINUOUS
100
AcDbLine
 10
144.2519049999999936
 20
-75.3248189999999909
 30
0
 11
144.6328570000000013
 21
-75.3248189999999909
 31
0
  0
LINE
  5
43C
330
1B
100
AcDbEntity
  8
F.Silkscreen
  6
CONTINUOUS
100
AcDbLine
 10
144.6328570000000013
 20
-75.3248189999999909
 30
0
 11
144.7280949999999962
 21
-75.3724380000000025
 31
0
  0
LINE
  5
43D
330
1B
100
AcDbEntity
  8
F.Silkscreen
  6
CONTINUOUS
100
AcDbLine
 10
144.7280949999999962
 20
-75.3724380000000025
 30
0
 11
144.7757139999999936
 21
-75.4200569999999999
 31
0
  0
LINE
  5
43E
330
1B
100
AcDbEntity
  8
F.Silkscreen
  6
CONTINUOUS
100
AcDbLine
 10
144.7757139999999936
 20
-75.4200569999999999
 30
0
 11
144.823332999999991
 21
-75.5152949999999947
 31
0
  0
LINE
  5
43F
330
1B
100
AcDbEntity
  8
F.Silkscreen
  6
CONTINUOUS
100
AcDbLine
 10
144.823332999999991
 20
-75.5152949999999947
 30
0
 11
144.823332999999991
 21
-75.6581520000000012
 31
0
  0
LINE
  5
440
330
1B
100
AcDbEntity
  8
F.Silkscreen
  6
CONTINUOUS
100
AcDbLine
 10
144.823332999999991
 20
-75.6581520000000012
 30
0
 11
144.7757139999999936
 21
-75.753389999999996
 31
0
  0
LINE
  5
441
330
1B
100
AcDbEntity
  8
F.Silkscreen
  6
CONTINUOUS
100
AcDbLine
 10
144.7757139999999936
 20
-75.753389999999996
 30
0
 11
144.7280949999999962
 21
-75.8010089999999934
 31
0
  0
LINE
  5
442
330
1B
100
AcDbEntity
  8
F.Silkscreen
  6
CONTINUOUS
100
AcDbLine
 10
144.7280949999999962
 20
-75.8010089999999934
 30
0
 11
144.6328570000000013
 21
-75.8486279999999908
 31
0
  0
LINE
  5
443
330
1B
100
AcDbEntity
  8
F.Silkscreen
  6
CONTINUOUS
100
AcDbLine
 10
144.6328570000000013
 20
-75.8486279999999908
 30
0
 11
144.2519049999999936
 21
-75.8486279999999908
 31
0
  0
LINE
  5
444
330
1B
100
AcDbEntity
  8
F.Silkscreen
  6
CONTINUOUS
100
AcDbLine
 10
145.7280949999999962
 20
-75.3248189999999909
 30
0
 11
145.2519049999999936
 21
-75.3248189999999909
 31
0
  0
LINE
  5
445
330
1B
100
AcDbEntity
  8
F.Silkscreen
  6
CONTINUOUS
100
AcDbLine
 10
145.2519049999999936
 20
-75.3248189999999909
 30
0
 11
145.2042859999999962
 21
-75.8010089999999934
 31
0
  0
LINE
  5
446
330
1B
100
AcDbEntity
  8
F.Silkscreen
  6
CONTINUOUS
100
AcDbLine
 10
145.2042859999999962
 20
-75.8010089999999934
 30
0
 11
145.2519049999999936
 21
-75.753389999999996
 31
0
  0
LINE
  5
447
330
1B
100
AcDbEntity
  8
F.Silkscreen
  6
CONTINUOUS
100
AcDbLine
 10
145.2519049999999936
 20
-75.753389999999996
 30
0
 11
145.3471429999999884
 21
-75.7057709999999986
 31
0
  0
LINE
  5
448
330
1B
100
AcDbEntity
  8
F.Silkscreen
  6
CONTINUOUS
100
AcDbLine
 10
145.3471429999999884
 20
-75.7057709999999986
 30
0
 11
145.5852380000000039
 21
-75.7057709999999986
 31
0
  0
LINE
  5
449
330
1B
100
AcDbEntity
  8
F.Silkscreen
  6
CONTINUOUS
100
AcDbLine
 10
145.5852380000000039
 20
-75.7057709999999986
 30
0
 11
145.6804759999999987
 21
-75.753389999999996
 31
0
  0
LINE
  5
44A
330
1B
100
AcDbEntity
  8
F.Silkscreen
  6
CONTINUOUS
100
AcDbLine
 10
145.6804759999999987
 20
-75.753389999999996
 30
0
 11
145.7280949999999962
 21
-75.8010089999999934
 31
0
  0
LINE
  5
44B
330
1B
100
AcDbEntity
  8
F.Silkscreen
  6
CONTINUOUS
100
AcDbLine
 10
145.7280949999999962
 20
-75.8010089999999934
 30
0
 11
145.7757139999999936
 21
-75.8962470000000025
 31
0
  0
LINE
  5
44C
330
1B
100
AcDbEntity
  8
F.Silkscreen
  6
CONTINUOUS
100
AcDbLine
 10
145.7757139999999936
 20
-75.8962470000000025
 30
0
 11
145.7757139999999936
 21
-76.1343419999999895
 31
0
  0
LINE
  5
44D
330
1B
100
AcDbEntity
  8
F.Silkscreen
  6
CONTINUOUS
100
AcDbLine
 10
145.7757139999999936
 20
-76.1343419999999895
 30
0
 11
145.7280949999999962
 21
-76.2295799999999986
 31
0
  0
LINE
  5
44E
330
1B
100
AcDbEntity
  8
F.Silkscreen
  6
CONTINUOUS
100
AcDbLine
 10
145.7280949999999962
 20
-76.2295799999999986
 30
0
 11
145.6804759999999987
 21
-76.2771999999999935
 31
0
  0
LINE
  5
44F
330
1B
100
AcDbEntity
  8
F.Silkscreen
  6
CONTINUOUS
100
AcDbLine
 10
145.6804759999999987
 20
-76.2771999999999935
 30
0
 11
145.5852380000000039
 21
-76.3248189999999909
 31
0
  0
LINE
  5
450
330
1B
100
AcDbEntity
  8
F.Silkscreen
  6
CONTINUOUS
100
AcDbLine
 10
145.5852380000000039
 20
-76.3248189999999909
 30
0
 11
145.3471429999999884
 21
-76.3248189999999909
 31
0
  0
LINE
  5
451
330
1B
100
AcDbEntity
  8
F.Silkscreen
  6
CONTINUOUS
100
AcDbLine
 10
145.3471429999999884
 20
-76.3248189999999909
 30
0
 11
145.2519049999999936
 21
-76.2771999999999935
 31
0
  0
LINE
  5
452
330
1B
100
AcDbEntity
  8
F.Silkscreen
  6
CONTINUOUS
100
AcDbLine
 10
145.2519049999999936
 20
-76.2771999999999935
 30
0
 11
145.2042859999999962
 21
-76.2295799999999986
 31
0
  0
LINE
  5
453
330
1B
100
AcDbEntity
  8
F.Silkscreen
  6
CONTINUOUS
100
AcDbLine
 10
104.1666659999999922
 20
-89.7248189999999965
 30
0
 11
104.1666659999999922
 21
-90.4391040000000004
 31
0
  0
LINE
  5
454
330
1B
100
AcDbEntity
  8
F.Silkscreen
  6
CONTINUOUS
100
AcDbLine
 10
104.1666659999999922
 20
-90.4391040000000004
 30
0
 11
104.1190469999999948
 21
-90.5819609999999926
 31
0
  0
LINE
  5
455
330
1B
100
AcDbEntity
  8
F.Silkscreen
  6
CONTINUOUS
100
AcDbLine
 10
104.1190469999999948
 20
-90.5819609999999926
 30
0
 11
104.023809
 21
-90.6771999999999991
 31
0
  0
LINE
  5
456
330
1B
100
AcDbEntity
  8
F.Silkscreen
  6
CONTINUOUS
100
AcDbLine
 10
104.023809
 20
-90.6771999999999991
 30
0
 11
103.8809519999999935
 21
-90.7248189999999965
 31
0
  0
LINE
  5
457
330
1B
100
AcDbEntity
  8
F.Silkscreen
  6
CONTINUOUS
100
AcDbLine
 10
103.8809519999999935
 20
-90.7248189999999965
 30
0
 11
103.7857139999999987
 21
-90.7248189999999965
 31
0
  0
LINE
  5
458
330
1B
100
AcDbEntity
  8
F.Silkscreen
  6
CONTINUOUS
100
AcDbLine
 10
104.6428569999999922
 20
-90.7248189999999965
 30
0
 11
104.6428569999999922
 21
-89.7248189999999965
 31
0
  0
LINE
  5
459
330
1B
100
AcDbEntity
  8
F.Silkscreen
  6
CONTINUOUS
100
AcDbLine
 10
104.6428569999999922
 20
-89.7248189999999965
 30
0
 11
105.023809
 21
-89.7248189999999965
 31
0
  0
LINE
  5
45A
330
1B
100
AcDbEntity
  8
F.Silkscreen
  6
CONTINUOUS
100
AcDbLine
 10
105.023809
 20
-89.7248189999999965
 30
0
 11
105.1190469999999948
 21
-89.772437999999994
 31
0
  0
LINE
  5
45B
330
1B
100
AcDbEntity
  8
F.Silkscreen
  6
CONTINUOUS
100
AcDbLine
 10
105.1190469999999948
 20
-89.772437999999994
 30
0
 11
105.1666659999999922
 21
-89.8200569999999914
 31
0
  0
LINE
  5
45C
330
1B
100
AcDbEntity
  8
F.Silkscreen
  6
CONTINUOUS
100
AcDbLine
 10
105.1666659999999922
 20
-89.8200569999999914
 30
0
 11
105.2142849999999896
 21
-89.9152950000000004
 31
0
  0
LINE
  5
45D
330
1B
100
AcDbEntity
  8
F.Silkscreen
  6
CONTINUOUS
100
AcDbLine
 10
105.2142849999999896
 20
-89.9152950000000004
 30
0
 11
105.2142849999999896
 21
-90.0581519999999927
 31
0
  0
LINE
  5
45E
330
1B
100
AcDbEntity
  8
F.Silkscreen
  6
CONTINUOUS
100
AcDbLine
 10
105.2142849999999896
 20
-90.0581519999999927
 30
0
 11
105.1666659999999922
 21
-90.1533900000000017
 31
0
  0
LINE
  5
45F
330
1B
100
AcDbEntity
  8
F.Silkscreen
  6
CONTINUOUS
100
AcDbLine
 10
105.1666659999999922
 20
-90.1533900000000017
 30
0
 11
105.1190469999999948
 21
-90.2010089999999991
 31
0
  0
LINE
  5
460
330
1B
100
AcDbEntity
  8
F.Silkscreen
  6
CONTINUOUS
100
AcDbLine
 10
105.1190469999999948
 20
-90.2010089999999991
 30
0
 11
105.023809
 21
-90.2486279999999965
 31
0
  0
LINE
  5
461
330
1B
100
AcDbEntity
  8
F.Silkscreen
  6
CONTINUOUS
100
AcDbLine
 10
105.023809
 20
-90.2486279999999965
 30
0
 11
104.6428569999999922
 21
-90.2486279999999965
 31
0
  0
LINE
  5
462
330
1B
100
AcDbEntity
  8
F.Silkscreen
  6
CONTINUOUS
100
AcDbLine
 10
105.5952379999999948
 20
-89.8200569999999914
 30
0
 11
105.6428569999999922
 21
-89.772437999999994
 31
0
  0
LINE
  5
463
330
1B
100
AcDbEntity
  8
F.Silkscreen
  6
CONTINUOUS
100
AcDbLine
 10
105.6428569999999922
 20
-89.772437999999994
 30
0
 11
105.7380950000000013
 21
-89.7248189999999965
 31
0
  0
LINE
  5
464
330
1B
100
AcDbEntity
  8
F.Silkscreen
  6
CONTINUOUS
100
AcDbLine
 10
105.7380950000000013
 20
-89.7248189999999965
 30
0
 11
105.9761899999999883
 21
-89.7248189999999965
 31
0
  0
LINE
  5
465
330
1B
100
AcDbEntity
  8
F.Silkscreen
  6
CONTINUOUS
100
AcDbLine
 10
105.9761899999999883
 20
-89.7248189999999965
 30
0
 11
106.0714279999999974
 21
-89.772437999999994
 31
0
  0
LINE
  5
466
330
1B
100
AcDbEntity
  8
F.Silkscreen
  6
CONTINUOUS
100
AcDbLine
 10
106.0714279999999974
 20
-89.772437999999994
 30
0
 11
106.1190469999999948
 21
-89.8200569999999914
 31
0
  0
LINE
  5
467
330
1B
100
AcDbEntity
  8
F.Silkscreen
  6
CONTINUOUS
100
AcDbLine
 10
106.1190469999999948
 20
-89.8200569999999914
 30
0
 11
106.1666659999999922
 21
-89.9152950000000004
 31
0
  0
LINE
  5
468
330
1B
100
AcDbEntity
  8
F.Silkscreen
  6
CONTINUOUS
100
AcDbLine
 10
106.1666659999999922
 20
-89.9152950000000004
 30
0
 11
106.1666659999999922
 21
-90.0105329999999952
 31
0
  0
LINE
  5
469
330
1B
100
AcDbEntity
  8
F.Silkscreen
  6
CONTINUOUS
100
AcDbLine
 10
106.1666659999999922
 20
-90.0105329999999952
 30
0
 11
106.1190469999999948
 21
-90.1533900000000017
 31
0
  0
LINE
  5
46A
330
1B
100
AcDbEntity
  8
F.Silkscreen
  6
CONTINUOUS
100
AcDbLine
 10
106.1190469999999948
 20
-90.1533900000000017
 30
0
 11
105.5476189999999974
 21
-90.7248189999999965
 31
0
  0
LINE
  5
46B
330
1B
100
AcDbEntity
  8
F.Silkscreen
  6
CONTINUOUS
100
AcDbLine
 10
105.5476189999999974
 20
-90.7248189999999965
 30
0
 11
106.1666659999999922
 21
-90.7248189999999965
 31
0
  0
LINE
  5
46C
330
1B
100
AcDbEntity
  8
F.Silkscreen
  6
CONTINUOUS
100
AcDbLine
 10
139.109579999999994
 20
-62.7380949999999942
 30
0
 11
139.1571999999999889
 21
-62.7857139999999987
 31
0
  0
LINE
  5
46D
330
1B
100
AcDbEntity
  8
F.Silkscreen
  6
CONTINUOUS
100
AcDbLine
 10
139.1571999999999889
 20
-62.7857139999999987
 30
0
 11
139.2048189999999863
 21
-62.928570999999998
 31
0
  0
LINE
  5
46E
330
1B
100
AcDbEntity
  8
F.Silkscreen
  6
CONTINUOUS
100
AcDbLine
 10
139.2048189999999863
 20
-62.928570999999998
 30
0
 11
139.2048189999999863
 21
-63.023809
 31
0
  0
LINE
  5
46F
330
1B
100
AcDbEntity
  8
F.Silkscreen
  6
CONTINUOUS
100
AcDbLine
 10
139.2048189999999863
 20
-63.023809
 30
0
 11
139.1571999999999889
 21
-63.1666659999999993
 31
0
  0
LINE
  5
470
330
1B
100
AcDbEntity
  8
F.Silkscreen
  6
CONTINUOUS
100
AcDbLine
 10
139.1571999999999889
 20
-63.1666659999999993
 30
0
 11
139.0619609999999966
 21
-63.2619039999999941
 31
0
  0
LINE
  5
471
330
1B
100
AcDbEntity
  8
F.Silkscreen
  6
CONTINUOUS
100
AcDbLine
 10
139.0619609999999966
 20
-63.2619039999999941
 30
0
 11
138.9667230000000018
 21
-63.3095229999999987
 31
0
  0
LINE
  5
472
330
1B
100
AcDbEntity
  8
F.Silkscreen
  6
CONTINUOUS
100
AcDbLine
 10
138.9667230000000018
 20
-63.3095229999999987
 30
0
 11
138.7762469999999837
 21
-63.3571419999999961
 31
0
  0
LINE
  5
473
330
1B
100
AcDbEntity
  8
F.Silkscreen
  6
CONTINUOUS
100
AcDbLine
 10
138.7762469999999837
 20
-63.3571419999999961
 30
0
 11
138.6333899999999915
 21
-63.3571419999999961
 31
0
  0
LINE
  5
474
330
1B
100
AcDbEntity
  8
F.Silkscreen
  6
CONTINUOUS
100
AcDbLine
 10
138.6333899999999915
 20
-63.3571419999999961
 30
0
 11
138.4429140000000018
 21
-63.3095229999999987
 31
0
  0
LINE
  5
475
330
1B
100
AcDbEntity
  8
F.Silkscreen
  6
CONTINUOUS
100
AcDbLine
 10
138.4429140000000018
 20
-63.3095229999999987
 30
0
 11
138.347676000000007
 21
-63.2619039999999941
 31
0
  0
LINE
  5
476
330
1B
100
AcDbEntity
  8
F.Silkscreen
  6
CONTINUOUS
100
AcDbLine
 10
138.347676000000007
 20
-63.2619039999999941
 30
0
 11
138.2524379999999837
 21
-63.1666659999999993
 31
0
  0
LINE
  5
477
330
1B
100
AcDbEntity
  8
F.Silkscreen
  6
CONTINUOUS
100
AcDbLine
 10
138.2524379999999837
 20
-63.1666659999999993
 30
0
 11
138.2048189999999863
 21
-63.023809
 31
0
  0
LINE
  5
478
330
1B
100
AcDbEntity
  8
F.Silkscreen
  6
CONTINUOUS
100
AcDbLine
 10
138.2048189999999863
 20
-63.023809
 30
0
 11
138.2048189999999863
 21
-62.928570999999998
 31
0
  0
LINE
  5
479
330
1B
100
AcDbEntity
  8
F.Silkscreen
  6
CONTINUOUS
100
AcDbLine
 10
138.2048189999999863
 20
-62.928570999999998
 30
0
 11
138.2524379999999837
 21
-62.7857139999999987
 31
0
  0
LINE
  5
47A
330
1B
100
AcDbEntity
  8
F.Silkscreen
  6
CONTINUOUS
100
AcDbLine
 10
138.2524379999999837
 20
-62.7857139999999987
 30
0
 11
138.3000569999999811
 21
-62.7380949999999942
 31
0
  0
LINE
  5
47B
330
1B
100
AcDbEntity
  8
F.Silkscreen
  6
CONTINUOUS
100
AcDbLine
 10
139.3000569999999811
 20
-62.5476189999999974
 30
0
 11
139.3000569999999811
 21
-61.7857139999999987
 31
0
  0
LINE
  5
47C
330
1B
100
AcDbEntity
  8
F.Silkscreen
  6
CONTINUOUS
100
AcDbLine
 10
139.2048189999999863
 20
-61.5476179999999999
 30
0
 11
138.5381519999999966
 21
-61.5476179999999999
 31
0
  0
LINE
  5
47D
330
1B
100
AcDbEntity
  8
F.Silkscreen
  6
CONTINUOUS
100
AcDbLine
 10
138.2048189999999863
 20
-61.5476179999999999
 30
0
 11
138.2524379999999837
 21
-61.5952369999999974
 31
0
  0
LINE
  5
47E
330
1B
100
AcDbEntity
  8
F.Silkscreen
  6
CONTINUOUS
100
AcDbLine
 10
138.2524379999999837
 20
-61.5952369999999974
 30
0
 11
138.3000569999999811
 21
-61.5476179999999999
 31
0
  0
LINE
  5
47F
330
1B
100
AcDbEntity
  8
F.Silkscreen
  6
CONTINUOUS
100
AcDbLine
 10
138.3000569999999811
 20
-61.5476179999999999
 30
0
 11
138.2524379999999837
 21
-61.4999989999999954
 31
0
  0
LINE
  5
480
330
1B
100
AcDbEntity
  8
F.Silkscreen
  6
CONTINUOUS
100
AcDbLine
 10
138.2524379999999837
 20
-61.4999989999999954
 30
0
 11
138.2048189999999863
 21
-61.5476179999999999
 31
0
  0
LINE
  5
481
330
1B
100
AcDbEntity
  8
F.Silkscreen
  6
CONTINUOUS
100
AcDbLine
 10
138.2048189999999863
 20
-61.5476179999999999
 30
0
 11
138.3000569999999811
 21
-61.5476179999999999
 31
0
  0
LINE
  5
482
330
1B
100
AcDbEntity
  8
F.Silkscreen
  6
CONTINUOUS
100
AcDbLine
 10
138.5381519999999966
 20
-61.0714279999999974
 30
0
 11
139.2048189999999863
 21
-61.0714279999999974
 31
0
  0
LINE
  5
483
330
1B
100
AcDbEntity
  8
F.Silkscreen
  6
CONTINUOUS
100
AcDbLine
 10
138.6333899999999915
 20
-61.0714279999999974
 30
0
 11
138.585770999999994
 21
-61.023809
 31
0
  0
LINE
  5
484
330
1B
100
AcDbEntity
  8
F.Silkscreen
  6
CONTINUOUS
100
AcDbLine
 10
138.585770999999994
 20
-61.023809
 30
0
 11
138.5381519999999966
 21
-60.928570999999998
 31
0
  0
LINE
  5
485
330
1B
100
AcDbEntity
  8
F.Silkscreen
  6
CONTINUOUS
100
AcDbLine
 10
138.5381519999999966
 20
-60.928570999999998
 30
0
 11
138.5381519999999966
 21
-60.7857139999999987
 31
0
  0
LINE
  5
486
330
1B
100
AcDbEntity
  8
F.Silkscreen
  6
CONTINUOUS
100
AcDbLine
 10
138.5381519999999966
 20
-60.7857139999999987
 30
0
 11
138.585770999999994
 21
-60.6904759999999968
 31
0
  0
LINE
  5
487
330
1B
100
AcDbEntity
  8
F.Silkscreen
  6
CONTINUOUS
100
AcDbLine
 10
138.585770999999994
 20
-60.6904759999999968
 30
0
 11
138.6810089999999889
 21
-60.6428569999999993
 31
0
  0
LINE
  5
488
330
1B
100
AcDbEntity
  8
F.Silkscreen
  6
CONTINUOUS
100
AcDbLine
 10
138.6810089999999889
 20
-60.6428569999999993
 30
0
 11
139.2048189999999863
 21
-60.6428569999999993
 31
0
  0
LINE
  5
489
330
1B
100
AcDbEntity
  8
F.Silkscreen
  6
CONTINUOUS
100
AcDbLine
 10
138.3000569999999811
 20
-60.2142849999999967
 30
0
 11
138.2524379999999837
 21
-60.1666659999999993
 31
0
  0
LINE
  5
48A
330
1B
100
AcDbEntity
  8
F.Silkscreen
  6
CONTINUOUS
100
AcDbLine
 10
138.2524379999999837
 20
-60.1666659999999993
 30
0
 11
138.2048189999999863
 21
-60.0714279999999974
 31
0
  0
LINE
  5
48B
330
1B
100
AcDbEntity
  8
F.Silkscreen
  6
CONTINUOUS
100
AcDbLine
 10
138.2048189999999863
 20
-60.0714279999999974
 30
0
 11
138.2048189999999863
 21
-59.8333329999999961
 31
0
  0
LINE
  5
48C
330
1B
100
AcDbEntity
  8
F.Silkscreen
  6
CONTINUOUS
100
AcDbLine
 10
138.2048189999999863
 20
-59.8333329999999961
 30
0
 11
138.2524379999999837
 21
-59.7380949999999942
 31
0
  0
LINE
  5
48D
330
1B
100
AcDbEntity
  8
F.Silkscreen
  6
CONTINUOUS
100
AcDbLine
 10
138.2524379999999837
 20
-59.7380949999999942
 30
0
 11
138.3000569999999811
 21
-59.6904759999999968
 31
0
  0
LINE
  5
48E
330
1B
100
AcDbEntity
  8
F.Silkscreen
  6
CONTINUOUS
100
AcDbLine
 10
138.3000569999999811
 20
-59.6904759999999968
 30
0
 11
138.3952950000000044
 21
-59.6428569999999993
 31
0
  0
LINE
  5
48F
330
1B
100
AcDbEntity
  8
F.Silkscreen
  6
CONTINUOUS
100
AcDbLine
 10
138.3952950000000044
 20
-59.6428569999999993
 30
0
 11
138.4905329999999992
 21
-59.6428569999999993
 31
0
  0
LINE
  5
490
330
1B
100
AcDbEntity
  8
F.Silkscreen
  6
CONTINUOUS
100
AcDbLine
 10
138.4905329999999992
 20
-59.6428569999999993
 30
0
 11
138.6333899999999915
 21
-59.6904759999999968
 31
0
  0
LINE
  5
491
330
1B
100
AcDbEntity
  8
F.Silkscreen
  6
CONTINUOUS
100
AcDbLine
 10
138.6333899999999915
 20
-59.6904759999999968
 30
0
 11
139.2048189999999863
 21
-60.2619039999999941
 31
0
  0
LINE
  5
492
330
1B
100
AcDbEntity
  8
F.Silkscreen
  6
CONTINUOUS
100
AcDbLine
 10
139.2048189999999863
 20
-60.2619039999999941
 30
0
 11
139.2048189999999863
 21
-59.6428569999999993
 31
0
  0
LINE
  5
493
330
1B
100
AcDbEntity
  8
F.Silkscreen
  6
CONTINUOUS
100
AcDbLine
 10
96.8666659999999951
 20
-121.874818999999988
 30
0
 11
96.8666659999999951
 21
-122.5891039999999919
 31
0
  0
LINE
  5
494
330
1B
100
AcDbEntity
  8
F.Silkscreen
  6
CONTINUOUS
100
AcDbLine
 10
96.8666659999999951
 20
-122.5891039999999919
 30
0
 11
96.8190469999999976
 21
-122.7319609999999983
 31
0
  0
LINE
  5
495
330
1B
100
AcDbEntity
  8
F.Silkscreen
  6
CONTINUOUS
100
AcDbLine
 10
96.8190469999999976
 20
-122.7319609999999983
 30
0
 11
96.7238089999999886
 21
-122.8271999999999906
 31
0
  0
LINE
  5
496
330
1B
100
AcDbEntity
  8
F.Silkscreen
  6
CONTINUOUS
100
AcDbLine
 10
96.7238089999999886
 20
-122.8271999999999906
 30
0
 11
96.5809519999999964
 21
-122.874818999999988
 31
0
  0
LINE
  5
497
330
1B
100
AcDbEntity
  8
F.Silkscreen
  6
CONTINUOUS
100
AcDbLine
 10
96.5809519999999964
 20
-122.874818999999988
 30
0
 11
96.4857140000000015
 21
-122.874818999999988
 31
0
  0
LINE
  5
498
330
1B
100
AcDbEntity
  8
F.Silkscreen
  6
CONTINUOUS
100
AcDbLine
 10
97.2476190000000003
 20
-121.874818999999988
 30
0
 11
97.9142849999999925
 21
-121.874818999999988
 31
0
  0
LINE
  5
499
330
1B
100
AcDbEntity
  8
F.Silkscreen
  6
CONTINUOUS
100
AcDbLine
 10
97.9142849999999925
 20
-121.874818999999988
 30
0
 11
97.4857140000000015
 21
-122.874818999999988
 31
0
  0
LINE
  5
49A
330
1B
100
AcDbEntity
  8
F.Silkscreen
  6
CONTINUOUS
100
AcDbLine
 10
134.5900000000000034
 20
-116.5899999999999892
 30
0
 11
144.8100000000000023
 21
-116.5899999999999892
 31
0
  0
LINE
  5
49B
330
1B
100
AcDbEntity
  8
F.Silkscreen
  6
CONTINUOUS
100
AcDbLine
 10
134.5900000000000034
 20
-121.2099999999999937
 30
0
 11
134.5900000000000034
 21
-116.5899999999999892
 31
0
  0
LINE
  5
49C
330
1B
100
AcDbEntity
  8
F.Silkscreen
  6
CONTINUOUS
100
AcDbLine
 10
137.8499999999999943
 20
-121.2099999999999937
 30
0
 11
137.8499999999999943
 21
-119.8299999999999983
 31
0
  0
LINE
  5
49D
330
1B
100
AcDbEntity
  8
F.Silkscreen
  6
CONTINUOUS
100
AcDbLine
 10
141.5499999999999829
 20
-121.2099999999999937
 30
0
 11
141.5499999999999829
 21
-119.8299999999999983
 31
0
  0
LINE
  5
49E
330
1B
100
AcDbEntity
  8
F.Silkscreen
  6
CONTINUOUS
100
AcDbLine
 10
144.8100000000000023
 20
-116.5899999999999892
 30
0
 11
144.8100000000000023
 21
-121.2099999999999937
 31
0
  0
LINE
  5
49F
330
1B
100
AcDbEntity
  8
F.Silkscreen
  6
CONTINUOUS
100
AcDbLine
 10
144.8100000000000023
 20
-119.8299999999999983
 30
0
 11
134.5900000000000034
 21
-119.8299999999999983
 31
0
  0
LINE
  5
4A0
330
1B
100
AcDbEntity
  8
F.Silkscreen
  6
CONTINUOUS
100
AcDbLine
 10
144.8100000000000023
 20
-121.2099999999999937
 30
0
 11
134.5900000000000034
 21
-121.2099999999999937
 31
0
  0
LINE
  5
4A1
330
1B
100
AcDbEntity
  8
F.Silkscreen
  6
CONTINUOUS
100
AcDbLine
 10
138.7599999999999909
 20
-110.4123230000000007
 30
0
 11
135.0829999999999984
 21
-110.4123230000000007
 31
0
  0
LINE
  5
4A2
330
1B
100
AcDbEntity
  8
F.Silkscreen
  6
CONTINUOUS
100
AcDbLine
 10
138.7599999999999909
 20
-110.4523229999999927
 30
0
 11
135.0929999999999893
 21
-110.4523229999999927
 31
0
  0
LINE
  5
4A3
330
1B
100
AcDbEntity
  8
F.Silkscreen
  6
CONTINUOUS
100
AcDbLine
 10
138.7599999999999909
 20
-110.492322999999999
 30
0
 11
135.103999999999985
 21
-110.492322999999999
 31
0
  0
LINE
  5
4A4
330
1B
100
AcDbEntity
  8
F.Silkscreen
  6
CONTINUOUS
100
AcDbLine
 10
138.7599999999999909
 20
-110.532322999999991
 30
0
 11
135.1149999999999807
 21
-110.532322999999991
 31
0
  0
LINE
  5
4A5
330
1B
100
AcDbEntity
  8
F.Silkscreen
  6
CONTINUOUS
100
AcDbLine
 10
138.7599999999999909
 20
-110.5723229999999973
 30
0
 11
135.1269999999999811
 21
-110.5723229999999973
 31
0
  0
LINE
  5
4A6
330
1B
100
AcDbEntity
  8
F.Silkscreen
  6
CONTINUOUS
100
AcDbLine
 10
138.7599999999999909
 20
-110.6123229999999893
 30
0
 11
135.1389999999999816
 21
-110.6123229999999893
 31
0
  0
LINE
  5
4A7
330
1B
100
AcDbEntity
  8
F.Silkscreen
  6
CONTINUOUS
100
AcDbLine
 10
138.7599999999999909
 20
-110.6523229999999955
 30
0
 11
135.150999999999982
 21
-110.6523229999999955
 31
0
  0
LINE
  5
4A8
330
1B
100
AcDbEntity
  8
F.Silkscreen
  6
CONTINUOUS
100
AcDbLine
 10
138.7599999999999909
 20
-110.6923230000000018
 30
0
 11
135.1629999999999825
 21
-110.6923230000000018
 31
0
  0
LINE
  5
4A9
330
1B
100
AcDbEntity
  8
F.Silkscreen
  6
CONTINUOUS
100
AcDbLine
 10
138.7599999999999909
 20
-110.7323229999999938
 30
0
 11
135.1759999999999877
 21
-110.7323229999999938
 31
0
  0
LINE
  5
4AA
330
1B
100
AcDbEntity
  8
F.Silkscreen
  6
CONTINUOUS
100
AcDbLine
 10
138.7599999999999909
 20
-110.7723230000000001
 30
0
 11
135.1899999999999977
 21
-110.7723230000000001
 31
0
  0
LINE
  5
4AB
330
1B
100
AcDbEntity
  8
F.Silkscreen
  6
CONTINUOUS
100
AcDbLine
 10
138.7599999999999909
 20
-110.8123229999999921
 30
0
 11
135.203000000000003
 21
-110.8123229999999921
 31
0
  0
LINE
  5
4AC
330
1B
100
AcDbEntity
  8
F.Silkscreen
  6
CONTINUOUS
100
AcDbLine
 10
138.7599999999999909
 20
-110.8523229999999984
 30
0
 11
135.2179999999999893
 21
-110.8523229999999984
 31
0
  0
LINE
  5
4AD
330
1B
100
AcDbEntity
  8
F.Silkscreen
  6
CONTINUOUS
100
AcDbLine
 10
138.7599999999999909
 20
-110.8923229999999904
 30
0
 11
135.2319999999999993
 21
-110.8923229999999904
 31
0
  0
LINE
  5
4AE
330
1B
100
AcDbEntity
  8
F.Silkscreen
  6
CONTINUOUS
100
AcDbLine
 10
138.7599999999999909
 20
-110.9323229999999967
 30
0
 11
135.2469999999999857
 21
-110.9323229999999967
 31
0
  0
LINE
  5
4AF
330
1B
100
AcDbEntity
  8
F.Silkscreen
  6
CONTINUOUS
100
AcDbLine
 10
138.7599999999999909
 20
-110.9723229999999887
 30
0
 11
135.2620000000000005
 21
-110.9723229999999887
 31
0
  0
LINE
  5
4B0
330
1B
100
AcDbEntity
  8
F.Silkscreen
  6
CONTINUOUS
100
AcDbLine
 10
138.7599999999999909
 20
-111.012322999999995
 30
0
 11
135.2779999999999916
 21
-111.012322999999995
 31
0
  0
LINE
  5
4B1
330
1B
100
AcDbEntity
  8
F.Silkscreen
  6
CONTINUOUS
100
AcDbLine
 10
138.7599999999999909
 20
-111.0523230000000012
 30
0
 11
135.2939999999999827
 21
-111.0523230000000012
 31
0
  0
LINE
  5
4B2
330
1B
100
AcDbEntity
  8
F.Silkscreen
  6
CONTINUOUS
100
AcDbLine
 10
138.7599999999999909
 20
-111.0923229999999933
 30
0
 11
135.3100000000000023
 21
-111.0923229999999933
 31
0
  0
LINE
  5
4B3
330
1B
100
AcDbEntity
  8
F.Silkscreen
  6
CONTINUOUS
100
AcDbLine
 10
138.7599999999999909
 20
-111.1323229999999995
 30
0
 11
135.3269999999999982
 21
-111.1323229999999995
 31
0
  0
LINE
  5
4B4
330
1B
100
AcDbEntity
  8
F.Silkscreen
  6
CONTINUOUS
100
AcDbLine
 10
138.7599999999999909
 20
-111.1723229999999916
 30
0
 11
135.3439999999999941
 21
-111.1723229999999916
 31
0
  0
LINE
  5
4B5
330
1B
100
AcDbEntity
  8
F.Silkscreen
  6
CONTINUOUS
100
AcDbLine
 10
138.7599999999999909
 20
-111.2123229999999978
 30
0
 11
135.3619999999999948
 21
-111.2123229999999978
 31
0
  0
LINE
  5
4B6
330
1B
100
AcDbEntity
  8
F.Silkscreen
  6
CONTINUOUS
100
AcDbLine
 10
138.7599999999999909
 20
-111.2523229999999899
 30
0
 11
135.3799999999999955
 21
-111.2523229999999899
 31
0
  0
LINE
  5
4B7
330
1B
100
AcDbEntity
  8
F.Silkscreen
  6
CONTINUOUS
100
AcDbLine
 10
138.7599999999999909
 20
-111.2923229999999961
 30
0
 11
135.3979999999999961
 21
-111.2923229999999961
 31
0
  0
LINE
  5
4B8
330
1B
100
AcDbEntity
  8
F.Silkscreen
  6
CONTINUOUS
100
AcDbLine
 10
138.7599999999999909
 20
-111.3323229999999882
 30
0
 11
135.4170000000000016
 21
-111.3323229999999882
 31
0
  0
LINE
  5
4B9
330
1B
100
AcDbEntity
  8
F.Silkscreen
  6
CONTINUOUS
100
AcDbLine
 10
138.7599999999999909
 20
-111.3723229999999944
 30
0
 11
135.436000000000007
 21
-111.3723229999999944
 31
0
  0
LINE
  5
4BA
330
1B
100
AcDbEntity
  8
F.Silkscreen
  6
CONTINUOUS
100
AcDbLine
 10
138.7599999999999909
 20
-111.4123230000000007
 30
0
 11
135.4559999999999889
 21
-111.4123230000000007
 31
0
  0
LINE
  5
4BB
330
1B
100
AcDbEntity
  8
F.Silkscreen
  6
CONTINUOUS
100
AcDbLine
 10
138.7599999999999909
 20
-111.4523229999999927
 30
0
 11
135.4759999999999991
 21
-111.4523229999999927
 31
0
  0
LINE
  5
4BC
330
1B
100
AcDbEntity
  8
F.Silkscreen
  6
CONTINUOUS
100
AcDbLine
 10
138.7599999999999909
 20
-111.492322999999999
 30
0
 11
135.4959999999999809
 21
-111.492322999999999
 31
0
  0
LINE
  5
4BD
330
1B
100
AcDbEntity
  8
F.Silkscreen
  6
CONTINUOUS
100
AcDbLine
 10
138.7599999999999909
 20
-111.532322999999991
 30
0
 11
135.5169999999999959
 21
-111.532322999999991
 31
0
  0
LINE
  5
4BE
330
1B
100
AcDbEntity
  8
F.Silkscreen
  6
CONTINUOUS
100
AcDbLine
 10
138.7599999999999909
 20
-111.5723229999999973
 30
0
 11
135.5389999999999873
 21
-111.5723229999999973
 31
0
  0
LINE
  5
4BF
330
1B
100
AcDbEntity
  8
F.Silkscreen
  6
CONTINUOUS
100
AcDbLine
 10
138.7599999999999909
 20
-111.6123229999999893
 30
0
 11
135.561000000000007
 21
-111.6123229999999893
 31
0
  0
LINE
  5
4C0
330
1B
100
AcDbEntity
  8
F.Silkscreen
  6
CONTINUOUS
100
AcDbLine
 10
138.7599999999999909
 20
-111.6523229999999955
 30
0
 11
135.5829999999999984
 21
-111.6523229999999955
 31
0
  0
LINE
  5
4C1
330
1B
100
AcDbEntity
  8
F.Silkscreen
  6
CONTINUOUS
100
AcDbLine
 10
138.7599999999999909
 20
-111.6923230000000018
 30
0
 11
135.6059999999999945
 21
-111.6923230000000018
 31
0
  0
LINE
  5
4C2
330
1B
100
AcDbEntity
  8
F.Silkscreen
  6
CONTINUOUS
100
AcDbLine
 10
138.7599999999999909
 20
-111.7323229999999938
 30
0
 11
135.6289999999999907
 21
-111.7323229999999938
 31
0
  0
LINE
  5
4C3
330
1B
100
AcDbEntity
  8
F.Silkscreen
  6
CONTINUOUS
100
AcDbLine
 10
138.7599999999999909
 20
-111.7723230000000001
 30
0
 11
135.6529999999999916
 21
-111.7723230000000001
 31
0
  0
LINE
  5
4C4
330
1B
100
AcDbEntity
  8
F.Silkscreen
  6
CONTINUOUS
100
AcDbLine
 10
138.7599999999999909
 20
-111.8123229999999921
 30
0
 11
135.6769999999999925
 21
-111.8123229999999921
 31
0
  0
LINE
  5
4C5
330
1B
100
AcDbEntity
  8
F.Silkscreen
  6
CONTINUOUS
100
AcDbLine
 10
138.7599999999999909
 20
-111.8523229999999984
 30
0
 11
135.7019999999999982
 21
-111.8523229999999984
 31
0
  0
LINE
  5
4C6
330
1B
100
AcDbEntity
  8
F.Silkscreen
  6
CONTINUOUS
100
AcDbLine
 10
138.7599999999999909
 20
-111.8923229999999904
 30
0
 11
135.7279999999999802
 21
-111.8923229999999904
 31
0
  0
LINE
  5
4C7
330
1B
100
AcDbEntity
  8
F.Silkscreen
  6
CONTINUOUS
100
AcDbLine
 10
138.7599999999999909
 20
-111.9323229999999967
 30
0
 11
135.7529999999999859
 21
-111.9323229999999967
 31
0
  0
LINE
  5
4C8
330
1B
100
AcDbEntity
  8
F.Silkscreen
  6
CONTINUOUS
100
AcDbLine
 10
138.7599999999999909
 20
-111.9723229999999887
 30
0
 11
135.7800000000000011
 21
-111.9723229999999887
 31
0
  0
LINE
  5
4C9
330
1B
100
AcDbEntity
  8
F.Silkscreen
  6
CONTINUOUS
100
AcDbLine
 10
138.7599999999999909
 20
-112.012322999999995
 30
0
 11
135.8069999999999879
 21
-112.012322999999995
 31
0
  0
LINE
  5
4CA
330
1B
100
AcDbEntity
  8
F.Silkscreen
  6
CONTINUOUS
100
AcDbLine
 10
138.7599999999999909
 20
-112.0523230000000012
 30
0
 11
135.8340000000000032
 21
-112.0523230000000012
 31
0
  0
LINE
  5
4CB
330
1B
100
AcDbEntity
  8
F.Silkscreen
  6
CONTINUOUS
100
AcDbLine
 10
138.7599999999999909
 20
-112.0923229999999933
 30
0
 11
135.8619999999999948
 21
-112.0923229999999933
 31
0
  0
LINE
  5
4CC
330
1B
100
AcDbEntity
  8
F.Silkscreen
  6
CONTINUOUS
100
AcDbLine
 10
138.7599999999999909
 20
-112.1323229999999995
 30
0
 11
135.8909999999999911
 21
-112.1323229999999995
 31
0
  0
LINE
  5
4CD
330
1B
100
AcDbEntity
  8
F.Silkscreen
  6
CONTINUOUS
100
AcDbLine
 10
138.7599999999999909
 20
-112.1723229999999916
 30
0
 11
135.9199999999999875
 21
-112.1723229999999916
 31
0
  0
LINE
  5
4CE
330
1B
100
AcDbEntity
  8
F.Silkscreen
  6
CONTINUOUS
100
AcDbLine
 10
138.7599999999999909
 20
-112.2123229999999978
 30
0
 11
135.9499999999999886
 21
-112.2123229999999978
 31
0
  0
LINE
  5
4CF
330
1B
100
AcDbEntity
  8
F.Silkscreen
  6
CONTINUOUS
100
AcDbLine
 10
138.7599999999999909
 20
-112.2523229999999899
 30
0
 11
135.9799999999999898
 21
-112.2523229999999899
 31
0
  0
LINE
  5
4D0
330
1B
100
AcDbEntity
  8
F.Silkscreen
  6
CONTINUOUS
100
AcDbLine
 10
138.7599999999999909
 20
-112.2923229999999961
 30
0
 11
136.0120000000000005
 21
-112.2923229999999961
 31
0
  0
LINE
  5
4D1
330
1B
100
AcDbEntity
  8
F.Silkscreen
  6
CONTINUOUS
100
AcDbLine
 10
138.7599999999999909
 20
-112.3323229999999882
 30
0
 11
136.0430000000000064
 21
-112.3323229999999882
 31
0
  0
LINE
  5
4D2
330
1B
100
AcDbEntity
  8
F.Silkscreen
  6
CONTINUOUS
100
AcDbLine
 10
138.7599999999999909
 20
-112.3723229999999944
 30
0
 11
136.0759999999999934
 21
-112.3723229999999944
 31
0
  0
LINE
  5
4D3
330
1B
100
AcDbEntity
  8
F.Silkscreen
  6
CONTINUOUS
100
AcDbLine
 10
138.7599999999999909
 20
-112.4123230000000007
 30
0
 11
136.1089999999999804
 21
-112.4123230000000007
 31
0
  0
LINE
  5
4D4
330
1B
100
AcDbEntity
  8
F.Silkscreen
  6
CONTINUOUS
100
AcDbLine
 10
138.7599999999999909
 20
-112.4523229999999927
 30
0
 11
136.1419999999999959
 21
-112.4523229999999927
 31
0
  0
LINE
  5
4D5
330
1B
100
AcDbEntity
  8
F.Silkscreen
  6
CONTINUOUS
100
AcDbLine
 10
138.7599999999999909
 20
-112.492322999999999
 30
0
 11
136.1769999999999925
 21
-112.492322999999999
 31
0
  0
LINE
  5
4D6
330
1B
100
AcDbEntity
  8
F.Silkscreen
  6
CONTINUOUS
100
AcDbLine
 10
138.7599999999999909
 20
-112.532322999999991
 30
0
 11
136.2119999999999891
 21
-112.532322999999991
 31
0
  0
LINE
  5
4D7
330
1B
100
AcDbEntity
  8
F.Silkscreen
  6
CONTINUOUS
100
AcDbLine
 10
138.7599999999999909
 20
-112.5723229999999973
 30
0
 11
136.2479999999999905
 21
-112.5723229999999973
 31
0
  0
LINE
  5
4D8
330
1B
100
AcDbEntity
  8
F.Silkscreen
  6
CONTINUOUS
100
AcDbLine
 10
138.7599999999999909
 20
-112.6123229999999893
 30
0
 11
136.2839999999999918
 21
-112.6123229999999893
 31
0
  0
LINE
  5
4D9
330
1B
100
AcDbEntity
  8
F.Silkscreen
  6
CONTINUOUS
100
AcDbLine
 10
138.7599999999999909
 20
-112.6523229999999955
 30
0
 11
136.3220000000000027
 21
-112.6523229999999955
 31
0
  0
LINE
  5
4DA
330
1B
100
AcDbEntity
  8
F.Silkscreen
  6
CONTINUOUS
100
AcDbLine
 10
138.7599999999999909
 20
-112.6923230000000018
 30
0
 11
136.3599999999999852
 21
-112.6923230000000018
 31
0
  0
LINE
  5
4DB
330
1B
100
AcDbEntity
  8
F.Silkscreen
  6
CONTINUOUS
100
AcDbLine
 10
138.7599999999999909
 20
-112.7323229999999938
 30
0
 11
136.3990000000000009
 21
-112.7323229999999938
 31
0
  0
LINE
  5
4DC
330
1B
100
AcDbEntity
  8
F.Silkscreen
  6
CONTINUOUS
100
AcDbLine
 10
138.7599999999999909
 20
-112.7723230000000001
 30
0
 11
136.438999999999993
 21
-112.7723230000000001
 31
0
  0
LINE
  5
4DD
330
1B
100
AcDbEntity
  8
F.Silkscreen
  6
CONTINUOUS
100
AcDbLine
 10
138.7599999999999909
 20
-112.8123229999999921
 30
0
 11
136.4799999999999898
 21
-112.8123229999999921
 31
0
  0
LINE
  5
4DE
330
1B
100
AcDbEntity
  8
F.Silkscreen
  6
CONTINUOUS
100
AcDbLine
 10
138.7599999999999909
 20
-112.8523229999999984
 30
0
 11
136.5219999999999914
 21
-112.8523229999999984
 31
0
  0
LINE
  5
4DF
330
1B
100
AcDbEntity
  8
F.Silkscreen
  6
CONTINUOUS
100
AcDbLine
 10
140.5989999999999895
 20
-114.2123229999999978
 30
0
 11
139.400999999999982
 21
-114.2123229999999978
 31
0
  0
LINE
  5
4E0
330
1B
100
AcDbEntity
  8
F.Silkscreen
  6
CONTINUOUS
100
AcDbLine
 10
140.8619999999999948
 20
-114.1723229999999916
 30
0
 11
139.1380000000000052
 21
-114.1723229999999916
 31
0
  0
LINE
  5
4E1
330
1B
100
AcDbEntity
  8
F.Silkscreen
  6
CONTINUOUS
100
AcDbLine
 10
141.0619999999999834
 20
-114.1323229999999995
 30
0
 11
138.9379999999999882
 21
-114.1323229999999995
 31
0
  0
LINE
  5
4E2
330
1B
100
AcDbEntity
  8
F.Silkscreen
  6
CONTINUOUS
100
AcDbLine
 10
141.2299999999999898
 20
-114.0923229999999933
 30
0
 11
138.7699999999999818
 21
-114.0923229999999933
 31
0
  0
LINE
  5
4E3
330
1B
100
AcDbEntity
  8
F.Silkscreen
  6
CONTINUOUS
100
AcDbLine
 10
141.3769999999999811
 20
-114.0523230000000012
 30
0
 11
138.6229999999999905
 21
-114.0523230000000012
 31
0
  0
LINE
  5
4E4
330
1B
100
AcDbEntity
  8
F.Silkscreen
  6
CONTINUOUS
100
AcDbLine
 10
141.5089999999999861
 20
-114.012322999999995
 30
0
 11
138.4909999999999854
 21
-114.012322999999995
 31
0
  0
LINE
  5
4E5
330
1B
100
AcDbEntity
  8
F.Silkscreen
  6
CONTINUOUS
100
AcDbLine
 10
141.6299999999999955
 20
-113.9723229999999887
 30
0
 11
138.3700000000000045
 21
-113.9723229999999887
 31
0
  0
LINE
  5
4E6
330
1B
100
AcDbEntity
  8
F.Silkscreen
  6
CONTINUOUS
100
AcDbLine
 10
141.7419999999999902
 20
-113.9323229999999967
 30
0
 11
138.2579999999999814
 21
-113.9323229999999967
 31
0
  0
LINE
  5
4E7
330
1B
100
AcDbEntity
  8
F.Silkscreen
  6
CONTINUOUS
100
AcDbLine
 10
141.8460000000000036
 20
-113.8923229999999904
 30
0
 11
138.1539999999999964
 21
-113.8923229999999904
 31
0
  0
LINE
  5
4E8
330
1B
100
AcDbEntity
  8
F.Silkscreen
  6
CONTINUOUS
100
AcDbLine
 10
141.9439999999999884
 20
-113.8523229999999984
 30
0
 11
138.0559999999999832
 21
-113.8523229999999984
 31
0
  0
LINE
  5
4E9
330
1B
100
AcDbEntity
  8
F.Silkscreen
  6
CONTINUOUS
100
AcDbLine
 10
142.0370000000000061
 20
-113.8123229999999921
 30
0
 11
137.9629999999999939
 21
-113.8123229999999921
 31
0
  0
LINE
  5
4EA
330
1B
100
AcDbEntity
  8
F.Silkscreen
  6
CONTINUOUS
100
AcDbLine
 10
142.1239999999999952
 20
-113.7723230000000001
 30
0
 11
137.8760000000000048
 21
-113.7723230000000001
 31
0
  0
LINE
  5
4EB
330
1B
100
AcDbEntity
  8
F.Silkscreen
  6
CONTINUOUS
100
AcDbLine
 10
142.2079999999999984
 20
-113.7323229999999938
 30
0
 11
137.7920000000000016
 21
-113.7323229999999938
 31
0
  0
LINE
  5
4EC
330
1B
100
AcDbEntity
  8
F.Silkscreen
  6
CONTINUOUS
100
AcDbLine
 10
142.2879999999999825
 20
-113.6923230000000018
 30
0
 11
137.7119999999999891
 21
-113.6923230000000018
 31
0
  0
LINE
  5
4ED
330
1B
100
AcDbEntity
  8
F.Silkscreen
  6
CONTINUOUS
100
AcDbLine
 10
142.3649999999999807
 20
-113.6523229999999955
 30
0
 11
137.6349999999999909
 21
-113.6523229999999955
 31
0
  0
LINE
  5
4EE
330
1B
100
AcDbEntity
  8
F.Silkscreen
  6
CONTINUOUS
100
AcDbLine
 10
142.438999999999993
 20
-113.6123229999999893
 30
0
 11
137.561000000000007
 21
-113.6123229999999893
 31
0
  0
LINE
  5
4EF
330
1B
100
AcDbEntity
  8
F.Silkscreen
  6
CONTINUOUS
100
AcDbLine
 10
142.5099999999999909
 20
-113.5723229999999973
 30
0
 11
137.4899999999999807
 21
-113.5723229999999973
 31
0
  0
LINE
  5
4F0
330
1B
100
AcDbEntity
  8
F.Silkscreen
  6
CONTINUOUS
100
AcDbLine
 10
142.578000000000003
 20
-113.532322999999991
 30
0
 11
137.421999999999997
 21
-113.532322999999991
 31
0
  0
LINE
  5
4F1
330
1B
100
AcDbEntity
  8
F.Silkscreen
  6
CONTINUOUS
100
AcDbLine
 10
142.6440000000000055
 20
-113.492322999999999
 30
0
 11
137.3559999999999945
 21
-113.492322999999999
 31
0
  0
LINE
  5
4F2
330
1B
100
AcDbEntity
  8
F.Silkscreen
  6
CONTINUOUS
100
AcDbLine
 10
142.7079999999999984
 20
-113.4523229999999927
 30
0
 11
137.2920000000000016
 21
-113.4523229999999927
 31
0
  0
LINE
  5
4F3
330
1B
100
AcDbEntity
  8
F.Silkscreen
  6
CONTINUOUS
100
AcDbLine
 10
142.7699999999999818
 20
-113.4123230000000007
 30
0
 11
137.2299999999999898
 21
-113.4123230000000007
 31
0
  0
LINE
  5
4F4
330
1B
100
AcDbEntity
  8
F.Silkscreen
  6
CONTINUOUS
100
AcDbLine
 10
142.8299999999999841
 20
-113.3723229999999944
 30
0
 11
137.1699999999999875
 21
-113.3723229999999944
 31
0
  0
LINE
  5
4F5
330
1B
100
AcDbEntity
  8
F.Silkscreen
  6
CONTINUOUS
100
AcDbLine
 10
142.875
 20
-103.6526769999999971
 30
0
 11
142.875
 21
-104.6526769999999971
 31
0
  0
LINE
  5
4F6
330
1B
100
AcDbEntity
  8
F.Silkscreen
  6
CONTINUOUS
100
AcDbLine
 10
142.8880000000000052
 20
-113.3323229999999882
 30
0
 11
137.1119999999999948
 21
-113.3323229999999882
 31
0
  0
LINE
  5
4F7
330
1B
100
AcDbEntity
  8
F.Silkscreen
  6
CONTINUOUS
100
AcDbLine
 10
142.9449999999999932
 20
-113.2923229999999961
 30
0
 11
137.0550000000000068
 21
-113.2923229999999961
 31
0
  0
LINE
  5
4F8
330
1B
100
AcDbEntity
  8
F.Silkscreen
  6
CONTINUOUS
100
AcDbLine
 10
143.
 20
-113.2523229999999899
 30
0
 11
137.
 21
-113.2523229999999899
 31
0
  0
LINE
  5
4F9
330
1B
100
AcDbEntity
  8
F.Silkscreen
  6
CONTINUOUS
100
AcDbLine
 10
143.0529999999999973
 20
-113.2123229999999978
 30
0
 11
136.9470000000000027
 21
-113.2123229999999978
 31
0
  0
LINE
  5
4FA
330
1B
100
AcDbEntity
  8
F.Silkscreen
  6
CONTINUOUS
100
AcDbLine
 10
143.1049999999999898
 20
-113.1723229999999916
 30
0
 11
136.8949999999999818
 21
-113.1723229999999916
 31
0
  0
LINE
  5
4FB
330
1B
100
AcDbEntity
  8
F.Silkscreen
  6
CONTINUOUS
100
AcDbLine
 10
143.1560000000000059
 20
-113.1323229999999995
 30
0
 11
136.8439999999999941
 21
-113.1323229999999995
 31
0
  0
LINE
  5
4FC
330
1B
100
AcDbEntity
  8
F.Silkscreen
  6
CONTINUOUS
100
AcDbLine
 10
143.2049999999999841
 20
-113.0923229999999933
 30
0
 11
136.7949999999999875
 21
-113.0923229999999933
 31
0
  0
LINE
  5
4FD
330
1B
100
AcDbEntity
  8
F.Silkscreen
  6
CONTINUOUS
100
AcDbLine
 10
143.2539999999999907
 20
-113.0523230000000012
 30
0
 11
136.7459999999999809
 21
-113.0523230000000012
 31
0
  0
LINE
  5
4FE
330
1B
100
AcDbEntity
  8
F.Silkscreen
  6
CONTINUOUS
100
AcDbLine
 10
143.3009999999999877
 20
-113.012322999999995
 30
0
 11
136.6989999999999839
 21
-113.012322999999995
 31
0
  0
LINE
  5
4FF
330
1B
100
AcDbEntity
  8
F.Silkscreen
  6
CONTINUOUS
100
AcDbLine
 10
143.34699999999998
 20
-112.9723229999999887
 30
0
 11
136.6529999999999916
 21
-112.9723229999999887
 31
0
  0
LINE
  5
500
330
1B
100
AcDbEntity
  8
F.Silkscreen
  6
CONTINUOUS
100
AcDbLine
 10
143.375
 20
-104.1526769999999971
 30
0
 11
142.375
 21
-104.1526769999999971
 31
0
  0
LINE
  5
501
330
1B
100
AcDbEntity
  8
F.Silkscreen
  6
CONTINUOUS
100
AcDbLine
 10
143.3909999999999911
 20
-112.9323229999999967
 30
0
 11
136.6089999999999804
 21
-112.9323229999999967
 31
0
  0
LINE
  5
502
330
1B
100
AcDbEntity
  8
F.Silkscreen
  6
CONTINUOUS
100
AcDbLine
 10
143.4350000000000023
 20
-112.8923229999999904
 30
0
 11
136.5649999999999977
 21
-112.8923229999999904
 31
0
  0
LINE
  5
503
330
1B
100
AcDbEntity
  8
F.Silkscreen
  6
CONTINUOUS
100
AcDbLine
 10
143.4779999999999802
 20
-112.8523229999999984
 30
0
 11
141.2399999999999807
 21
-112.8523229999999984
 31
0
  0
LINE
  5
504
330
1B
100
AcDbEntity
  8
F.Silkscreen
  6
CONTINUOUS
100
AcDbLine
 10
143.5199999999999818
 20
-112.8123229999999921
 30
0
 11
141.2399999999999807
 21
-112.8123229999999921
 31
0
  0
LINE
  5
505
330
1B
100
AcDbEntity
  8
F.Silkscreen
  6
CONTINUOUS
100
AcDbLine
 10
143.561000000000007
 20
-112.7723230000000001
 30
0
 11
141.2399999999999807
 21
-112.7723230000000001
 31
0
  0
LINE
  5
506
330
1B
100
AcDbEntity
  8
F.Silkscreen
  6
CONTINUOUS
100
AcDbLine
 10
143.6009999999999991
 20
-112.7323229999999938
 30
0
 11
141.2399999999999807
 21
-112.7323229999999938
 31
0
  0
LINE
  5
507
330
1B
100
AcDbEntity
  8
F.Silkscreen
  6
CONTINUOUS
100
AcDbLine
 10
143.6399999999999864
 20
-112.6923230000000018
 30
0
 11
141.2399999999999807
 21
-112.6923230000000018
 31
0
  0
LINE
  5
508
330
1B
100
AcDbEntity
  8
F.Silkscreen
  6
CONTINUOUS
100
AcDbLine
 10
143.6779999999999973
 20
-112.6523229999999955
 30
0
 11
141.2399999999999807
 21
-112.6523229999999955
 31
0
  0
LINE
  5
509
330
1B
100
AcDbEntity
  8
F.Silkscreen
  6
CONTINUOUS
100
AcDbLine
 10
143.7159999999999798
 20
-112.6123229999999893
 30
0
 11
141.2399999999999807
 21
-112.6123229999999893
 31
0
  0
LINE
  5
50A
330
1B
100
AcDbEntity
  8
F.Silkscreen
  6
CONTINUOUS
100
AcDbLine
 10
143.7519999999999811
 20
-112.5723229999999973
 30
0
 11
141.2399999999999807
 21
-112.5723229999999973
 31
0
  0
LINE
  5
50B
330
1B
100
AcDbEntity
  8
F.Silkscreen
  6
CONTINUOUS
100
AcDbLine
 10
143.7879999999999825
 20
-112.532322999999991
 30
0
 11
141.2399999999999807
 21
-112.532322999999991
 31
0
  0
LINE
  5
50C
330
1B
100
AcDbEntity
  8
F.Silkscreen
  6
CONTINUOUS
100
AcDbLine
 10
143.8230000000000075
 20
-112.492322999999999
 30
0
 11
141.2399999999999807
 21
-112.492322999999999
 31
0
  0
LINE
  5
50D
330
1B
100
AcDbEntity
  8
F.Silkscreen
  6
CONTINUOUS
100
AcDbLine
 10
143.8580000000000041
 20
-112.4523229999999927
 30
0
 11
141.2399999999999807
 21
-112.4523229999999927
 31
0
  0
LINE
  5
50E
330
1B
100
AcDbEntity
  8
F.Silkscreen
  6
CONTINUOUS
100
AcDbLine
 10
143.8909999999999911
 20
-112.4123230000000007
 30
0
 11
141.2399999999999807
 21
-112.4123230000000007
 31
0
  0
LINE
  5
50F
330
1B
100
AcDbEntity
  8
F.Silkscreen
  6
CONTINUOUS
100
AcDbLine
 10
143.9240000000000066
 20
-112.3723229999999944
 30
0
 11
141.2399999999999807
 21
-112.3723229999999944
 31
0
  0
LINE
  5
510
330
1B
100
AcDbEntity
  8
F.Silkscreen
  6
CONTINUOUS
100
AcDbLine
 10
143.9569999999999936
 20
-112.3323229999999882
 30
0
 11
141.2399999999999807
 21
-112.3323229999999882
 31
0
  0
LINE
  5
511
330
1B
100
AcDbEntity
  8
F.Silkscreen
  6
CONTINUOUS
100
AcDbLine
 10
143.9879999999999995
 20
-112.2923229999999961
 30
0
 11
141.2399999999999807
 21
-112.2923229999999961
 31
0
  0
LINE
  5
512
330
1B
100
AcDbEntity
  8
F.Silkscreen
  6
CONTINUOUS
100
AcDbLine
 10
144.0199999999999818
 20
-112.2523229999999899
 30
0
 11
141.2399999999999807
 21
-112.2523229999999899
 31
0
  0
LINE
  5
513
330
1B
100
AcDbEntity
  8
F.Silkscreen
  6
CONTINUOUS
100
AcDbLine
 10
144.0499999999999829
 20
-112.2123229999999978
 30
0
 11
141.2399999999999807
 21
-112.2123229999999978
 31
0
  0
LINE
  5
514
330
1B
100
AcDbEntity
  8
F.Silkscreen
  6
CONTINUOUS
100
AcDbLine
 10
144.0799999999999841
 20
-112.1723229999999916
 30
0
 11
141.2399999999999807
 21
-112.1723229999999916
 31
0
  0
LINE
  5
515
330
1B
100
AcDbEntity
  8
F.Silkscreen
  6
CONTINUOUS
100
AcDbLine
 10
144.1089999999999804
 20
-112.1323229999999995
 30
0
 11
141.2399999999999807
 21
-112.1323229999999995
 31
0
  0
LINE
  5
516
330
1B
100
AcDbEntity
  8
F.Silkscreen
  6
CONTINUOUS
100
AcDbLine
 10
144.1380000000000052
 20
-112.0923229999999933
 30
0
 11
141.2399999999999807
 21
-112.0923229999999933
 31
0
  0
LINE
  5
517
330
1B
100
AcDbEntity
  8
F.Silkscreen
  6
CONTINUOUS
100
AcDbLine
 10
144.1659999999999968
 20
-112.0523230000000012
 30
0
 11
141.2399999999999807
 21
-112.0523230000000012
 31
0
  0
LINE
  5
518
330
1B
100
AcDbEntity
  8
F.Silkscreen
  6
CONTINUOUS
100
AcDbLine
 10
144.1929999999999836
 20
-112.012322999999995
 30
0
 11
141.2399999999999807
 21
-112.012322999999995
 31
0
  0
LINE
  5
519
330
1B
100
AcDbEntity
  8
F.Silkscreen
  6
CONTINUOUS
100
AcDbLine
 10
144.2199999999999989
 20
-111.9723229999999887
 30
0
 11
141.2399999999999807
 21
-111.9723229999999887
 31
0
  0
LINE
  5
51A
330
1B
100
AcDbEntity
  8
F.Silkscreen
  6
CONTINUOUS
100
AcDbLine
 10
144.2469999999999857
 20
-111.9323229999999967
 30
0
 11
141.2399999999999807
 21
-111.9323229999999967
 31
0
  0
LINE
  5
51B
330
1B
100
AcDbEntity
  8
F.Silkscreen
  6
CONTINUOUS
100
AcDbLine
 10
144.2719999999999914
 20
-111.8923229999999904
 30
0
 11
141.2399999999999807
 21
-111.8923229999999904
 31
0
  0
LINE
  5
51C
330
1B
100
AcDbEntity
  8
F.Silkscreen
  6
CONTINUOUS
100
AcDbLine
 10
144.2980000000000018
 20
-111.8523229999999984
 30
0
 11
141.2399999999999807
 21
-111.8523229999999984
 31
0
  0
LINE
  5
51D
330
1B
100
AcDbEntity
  8
F.Silkscreen
  6
CONTINUOUS
100
AcDbLine
 10
144.3230000000000075
 20
-111.8123229999999921
 30
0
 11
141.2399999999999807
 21
-111.8123229999999921
 31
0
  0
LINE
  5
51E
330
1B
100
AcDbEntity
  8
F.Silkscreen
  6
CONTINUOUS
100
AcDbLine
 10
144.34699999999998
 20
-111.7723230000000001
 30
0
 11
141.2399999999999807
 21
-111.7723230000000001
 31
0
  0
LINE
  5
51F
330
1B
100
AcDbEntity
  8
F.Silkscreen
  6
CONTINUOUS
100
AcDbLine
 10
144.3709999999999809
 20
-111.7323229999999938
 30
0
 11
141.2399999999999807
 21
-111.7323229999999938
 31
0
  0
LINE
  5
520
330
1B
100
AcDbEntity
  8
F.Silkscreen
  6
CONTINUOUS
100
AcDbLine
 10
144.3940000000000055
 20
-111.6923230000000018
 30
0
 11
141.2399999999999807
 21
-111.6923230000000018
 31
0
  0
LINE
  5
521
330
1B
100
AcDbEntity
  8
F.Silkscreen
  6
CONTINUOUS
100
AcDbLine
 10
144.4170000000000016
 20
-111.6523229999999955
 30
0
 11
141.2399999999999807
 21
-111.6523229999999955
 31
0
  0
LINE
  5
522
330
1B
100
AcDbEntity
  8
F.Silkscreen
  6
CONTINUOUS
100
AcDbLine
 10
144.438999999999993
 20
-111.6123229999999893
 30
0
 11
141.2399999999999807
 21
-111.6123229999999893
 31
0
  0
LINE
  5
523
330
1B
100
AcDbEntity
  8
F.Silkscreen
  6
CONTINUOUS
100
AcDbLine
 10
144.4609999999999843
 20
-111.5723229999999973
 30
0
 11
141.2399999999999807
 21
-111.5723229999999973
 31
0
  0
LINE
  5
524
330
1B
100
AcDbEntity
  8
F.Silkscreen
  6
CONTINUOUS
100
AcDbLine
 10
144.4830000000000041
 20
-111.532322999999991
 30
0
 11
141.2399999999999807
 21
-111.532322999999991
 31
0
  0
LINE
  5
525
330
1B
100
AcDbEntity
  8
F.Silkscreen
  6
CONTINUOUS
100
AcDbLine
 10
144.5039999999999907
 20
-111.492322999999999
 30
0
 11
141.2399999999999807
 21
-111.492322999999999
 31
0
  0
LINE
  5
526
330
1B
100
AcDbEntity
  8
F.Silkscreen
  6
CONTINUOUS
100
AcDbLine
 10
144.5240000000000009
 20
-111.4523229999999927
 30
0
 11
141.2399999999999807
 21
-111.4523229999999927
 31
0
  0
LINE
  5
527
330
1B
100
AcDbEntity
  8
F.Silkscreen
  6
CONTINUOUS
100
AcDbLine
 10
144.5439999999999827
 20
-111.4123230000000007
 30
0
 11
141.2399999999999807
 21
-111.4123230000000007
 31
0
  0
LINE
  5
528
330
1B
100
AcDbEntity
  8
F.Silkscreen
  6
CONTINUOUS
100
AcDbLine
 10
144.563999999999993
 20
-111.3723229999999944
 30
0
 11
141.2399999999999807
 21
-111.3723229999999944
 31
0
  0
LINE
  5
529
330
1B
100
AcDbEntity
  8
F.Silkscreen
  6
CONTINUOUS
100
AcDbLine
 10
144.5829999999999984
 20
-111.3323229999999882
 30
0
 11
141.2399999999999807
 21
-111.3323229999999882
 31
0
  0
LINE
  5
52A
330
1B
100
AcDbEntity
  8
F.Silkscreen
  6
CONTINUOUS
100
AcDbLine
 10
144.6020000000000039
 20
-111.2923229999999961
 30
0
 11
141.2399999999999807
 21
-111.2923229999999961
 31
0
  0
LINE
  5
52B
330
1B
100
AcDbEntity
  8
F.Silkscreen
  6
CONTINUOUS
100
AcDbLine
 10
144.6200000000000045
 20
-111.2523229999999899
 30
0
 11
141.2399999999999807
 21
-111.2523229999999899
 31
0
  0
LINE
  5
52C
330
1B
100
AcDbEntity
  8
F.Silkscreen
  6
CONTINUOUS
100
AcDbLine
 10
144.6380000000000052
 20
-111.2123229999999978
 30
0
 11
141.2399999999999807
 21
-111.2123229999999978
 31
0
  0
LINE
  5
52D
330
1B
100
AcDbEntity
  8
F.Silkscreen
  6
CONTINUOUS
100
AcDbLine
 10
144.6560000000000059
 20
-111.1723229999999916
 30
0
 11
141.2399999999999807
 21
-111.1723229999999916
 31
0
  0
LINE
  5
52E
330
1B
100
AcDbEntity
  8
F.Silkscreen
  6
CONTINUOUS
100
AcDbLine
 10
144.6730000000000018
 20
-111.1323229999999995
 30
0
 11
141.2399999999999807
 21
-111.1323229999999995
 31
0
  0
LINE
  5
52F
330
1B
100
AcDbEntity
  8
F.Silkscreen
  6
CONTINUOUS
100
AcDbLine
 10
144.6899999999999977
 20
-111.0923229999999933
 30
0
 11
141.2399999999999807
 21
-111.0923229999999933
 31
0
  0
LINE
  5
530
330
1B
100
AcDbEntity
  8
F.Silkscreen
  6
CONTINUOUS
100
AcDbLine
 10
144.7059999999999889
 20
-111.0523230000000012
 30
0
 11
141.2399999999999807
 21
-111.0523230000000012
 31
0
  0
LINE
  5
531
330
1B
100
AcDbEntity
  8
F.Silkscreen
  6
CONTINUOUS
100
AcDbLine
 10
144.72199999999998
 20
-111.012322999999995
 30
0
 11
141.2399999999999807
 21
-111.012322999999995
 31
0
  0
LINE
  5
532
330
1B
100
AcDbEntity
  8
F.Silkscreen
  6
CONTINUOUS
100
AcDbLine
 10
144.7379999999999995
 20
-110.9723229999999887
 30
0
 11
141.2399999999999807
 21
-110.9723229999999887
 31
0
  0
LINE
  5
533
330
1B
100
AcDbEntity
  8
F.Silkscreen
  6
CONTINUOUS
100
AcDbLine
 10
144.7529999999999859
 20
-110.9323229999999967
 30
0
 11
141.2399999999999807
 21
-110.9323229999999967
 31
0
  0
LINE
  5
534
330
1B
100
AcDbEntity
  8
F.Silkscreen
  6
CONTINUOUS
100
AcDbLine
 10
144.7680000000000007
 20
-110.8923229999999904
 30
0
 11
141.2399999999999807
 21
-110.8923229999999904
 31
0
  0
LINE
  5
535
330
1B
100
AcDbEntity
  8
F.Silkscreen
  6
CONTINUOUS
100
AcDbLine
 10
144.7819999999999823
 20
-110.8523229999999984
 30
0
 11
141.2399999999999807
 21
-110.8523229999999984
 31
0
  0
LINE
  5
536
330
1B
100
AcDbEntity
  8
F.Silkscreen
  6
CONTINUOUS
100
AcDbLine
 10
144.796999999999997
 20
-110.8123229999999921
 30
0
 11
141.2399999999999807
 21
-110.8123229999999921
 31
0
  0
LINE
  5
537
330
1B
100
AcDbEntity
  8
F.Silkscreen
  6
CONTINUOUS
100
AcDbLine
 10
144.8100000000000023
 20
-110.7723230000000001
 30
0
 11
141.2399999999999807
 21
-110.7723230000000001
 31
0
  0
LINE
  5
538
330
1B
100
AcDbEntity
  8
F.Silkscreen
  6
CONTINUOUS
100
AcDbLine
 10
144.8239999999999839
 20
-110.7323229999999938
 30
0
 11
141.2399999999999807
 21
-110.7323229999999938
 31
0
  0
LINE
  5
539
330
1B
100
AcDbEntity
  8
F.Silkscreen
  6
CONTINUOUS
100
AcDbLine
 10
144.8369999999999891
 20
-110.6923230000000018
 30
0
 11
141.2399999999999807
 21
-110.6923230000000018
 31
0
  0
LINE
  5
53A
330
1B
100
AcDbEntity
  8
F.Silkscreen
  6
CONTINUOUS
100
AcDbLine
 10
144.8489999999999895
 20
-110.6523229999999955
 30
0
 11
141.2399999999999807
 21
-110.6523229999999955
 31
0
  0
LINE
  5
53B
330
1B
100
AcDbEntity
  8
F.Silkscreen
  6
CONTINUOUS
100
AcDbLine
 10
144.86099999999999
 20
-110.6123229999999893
 30
0
 11
141.2399999999999807
 21
-110.6123229999999893
 31
0
  0
LINE
  5
53C
330
1B
100
AcDbEntity
  8
F.Silkscreen
  6
CONTINUOUS
100
AcDbLine
 10
144.8729999999999905
 20
-110.5723229999999973
 30
0
 11
141.2399999999999807
 21
-110.5723229999999973
 31
0
  0
LINE
  5
53D
330
1B
100
AcDbEntity
  8
F.Silkscreen
  6
CONTINUOUS
100
AcDbLine
 10
144.8849999999999909
 20
-110.532322999999991
 30
0
 11
141.2399999999999807
 21
-110.532322999999991
 31
0
  0
LINE
  5
53E
330
1B
100
AcDbEntity
  8
F.Silkscreen
  6
CONTINUOUS
100
AcDbLine
 10
144.8959999999999866
 20
-110.492322999999999
 30
0
 11
141.2399999999999807
 21
-110.492322999999999
 31
0
  0
LINE
  5
53F
330
1B
100
AcDbEntity
  8
F.Silkscreen
  6
CONTINUOUS
100
AcDbLine
 10
144.9069999999999823
 20
-110.4523229999999927
 30
0
 11
141.2399999999999807
 21
-110.4523229999999927
 31
0
  0
LINE
  5
540
330
1B
100
AcDbEntity
  8
F.Silkscreen
  6
CONTINUOUS
100
AcDbLine
 10
144.9170000000000016
 20
-110.4123230000000007
 30
0
 11
141.2399999999999807
 21
-110.4123230000000007
 31
0
  0
LINE
  5
541
330
1B
100
AcDbEntity
  8
F.Silkscreen
  6
CONTINUOUS
100
AcDbLine
 10
144.9279999999999973
 20
-110.3723229999999944
 30
0
 11
135.0720000000000027
 21
-110.3723229999999944
 31
0
  0
LINE
  5
542
330
1B
100
AcDbEntity
  8
F.Silkscreen
  6
CONTINUOUS
100
AcDbLine
 10
144.9369999999999834
 20
-110.3323229999999882
 30
0
 11
135.0629999999999882
 21
-110.3323229999999882
 31
0
  0
LINE
  5
543
330
1B
100
AcDbEntity
  8
F.Silkscreen
  6
CONTINUOUS
100
AcDbLine
 10
144.9470000000000027
 20
-110.2923229999999961
 30
0
 11
135.0529999999999973
 21
-110.2923229999999961
 31
0
  0
LINE
  5
544
330
1B
100
AcDbEntity
  8
F.Silkscreen
  6
CONTINUOUS
100
AcDbLine
 10
144.9559999999999889
 20
-110.2523229999999899
 30
0
 11
135.0439999999999827
 21
-110.2523229999999899
 31
0
  0
LINE
  5
545
330
1B
100
AcDbEntity
  8
F.Silkscreen
  6
CONTINUOUS
100
AcDbLine
 10
144.9650000000000034
 20
-110.2123229999999978
 30
0
 11
135.0349999999999966
 21
-110.2123229999999978
 31
0
  0
LINE
  5
546
330
1B
100
AcDbEntity
  8
F.Silkscreen
  6
CONTINUOUS
100
AcDbLine
 10
144.9729999999999848
 20
-110.1723229999999916
 30
0
 11
135.0269999999999868
 21
-110.1723229999999916
 31
0
  0
LINE
  5
547
330
1B
100
AcDbEntity
  8
F.Silkscreen
  6
CONTINUOUS
100
AcDbLine
 10
144.9809999999999945
 20
-110.1323229999999995
 30
0
 11
135.0190000000000055
 21
-110.1323229999999995
 31
0
  0
LINE
  5
548
330
1B
100
AcDbEntity
  8
F.Silkscreen
  6
CONTINUOUS
100
AcDbLine
 10
144.9890000000000043
 20
-110.0923229999999933
 30
0
 11
135.0109999999999957
 21
-110.0923229999999933
 31
0
  0
LINE
  5
549
330
1B
100
AcDbEntity
  8
F.Silkscreen
  6
CONTINUOUS
100
AcDbLine
 10
144.9969999999999857
 20
-110.0523230000000012
 30
0
 11
135.0029999999999859
 21
-110.0523230000000012
 31
0
  0
LINE
  5
54A
330
1B
100
AcDbEntity
  8
F.Silkscreen
  6
CONTINUOUS
100
AcDbLine
 10
145.0039999999999907
 20
-110.012322999999995
 30
0
 11
134.9959999999999809
 21
-110.012322999999995
 31
0
  0
LINE
  5
54B
330
1B
100
AcDbEntity
  8
F.Silkscreen
  6
CONTINUOUS
100
AcDbLine
 10
145.0109999999999957
 20
-109.9723229999999887
 30
0
 11
134.9890000000000043
 21
-109.9723229999999887
 31
0
  0
LINE
  5
54C
330
1B
100
AcDbEntity
  8
F.Silkscreen
  6
CONTINUOUS
100
AcDbLine
 10
145.0169999999999959
 20
-109.9323229999999967
 30
0
 11
134.9830000000000041
 21
-109.9323229999999967
 31
0
  0
LINE
  5
54D
330
1B
100
AcDbEntity
  8
F.Silkscreen
  6
CONTINUOUS
100
AcDbLine
 10
145.0229999999999961
 20
-109.8923229999999904
 30
0
 11
134.9770000000000039
 21
-109.8923229999999904
 31
0
  0
LINE
  5
54E
330
1B
100
AcDbEntity
  8
F.Silkscreen
  6
CONTINUOUS
100
AcDbLine
 10
145.0289999999999964
 20
-109.8523229999999984
 30
0
 11
134.9710000000000036
 21
-109.8523229999999984
 31
0
  0
LINE
  5
54F
330
1B
100
AcDbEntity
  8
F.Silkscreen
  6
CONTINUOUS
100
AcDbLine
 10
145.0349999999999966
 20
-109.8123229999999921
 30
0
 11
134.9650000000000034
 21
-109.8123229999999921
 31
0
  0
LINE
  5
550
330
1B
100
AcDbEntity
  8
F.Silkscreen
  6
CONTINUOUS
100
AcDbLine
 10
145.039999999999992
 20
-109.7723230000000001
 30
0
 11
134.960000000000008
 21
-109.7723230000000001
 31
0
  0
LINE
  5
551
330
1B
100
AcDbEntity
  8
F.Silkscreen
  6
CONTINUOUS
100
AcDbLine
 10
145.0449999999999875
 20
-109.7323229999999938
 30
0
 11
134.9549999999999841
 21
-109.7323229999999938
 31
0
  0
LINE
  5
552
330
1B
100
AcDbEntity
  8
F.Silkscreen
  6
CONTINUOUS
100
AcDbLine
 10
145.0490000000000066
 20
-109.6923230000000018
 30
0
 11
134.9509999999999934
 21
-109.6923230000000018
 31
0
  0
LINE
  5
553
330
1B
100
AcDbEntity
  8
F.Silkscreen
  6
CONTINUOUS
100
AcDbLine
 10
145.054000000000002
 20
-109.6523229999999955
 30
0
 11
134.945999999999998
 21
-109.6523229999999955
 31
0
  0
LINE
  5
554
330
1B
100
AcDbEntity
  8
F.Silkscreen
  6
CONTINUOUS
100
AcDbLine
 10
145.0569999999999879
 20
-109.6123229999999893
 30
0
 11
134.9429999999999836
 21
-109.6123229999999893
 31
0
  0
LINE
  5
555
330
1B
100
AcDbEntity
  8
F.Silkscreen
  6
CONTINUOUS
100
AcDbLine
 10
145.061000000000007
 20
-109.5723229999999973
 30
0
 11
134.938999999999993
 21
-109.5723229999999973
 31
0
  0
LINE
  5
556
330
1B
100
AcDbEntity
  8
F.Silkscreen
  6
CONTINUOUS
100
AcDbLine
 10
145.063999999999993
 20
-109.532322999999991
 30
0
 11
134.936000000000007
 21
-109.532322999999991
 31
0
  0
LINE
  5
557
330
1B
100
AcDbEntity
  8
F.Silkscreen
  6
CONTINUOUS
100
AcDbLine
 10
145.0670000000000073
 20
-109.492322999999999
 30
0
 11
134.9329999999999927
 21
-109.492322999999999
 31
0
  0
LINE
  5
558
330
1B
100
AcDbEntity
  8
F.Silkscreen
  6
CONTINUOUS
100
AcDbLine
 10
145.0699999999999932
 20
-109.4523229999999927
 30
0
 11
134.9300000000000068
 21
-109.4523229999999927
 31
0
  0
LINE
  5
559
330
1B
100
AcDbEntity
  8
F.Silkscreen
  6
CONTINUOUS
100
AcDbLine
 10
145.0720000000000027
 20
-109.4123230000000007
 30
0
 11
134.9279999999999973
 21
-109.4123230000000007
 31
0
  0
LINE
  5
55A
330
1B
100
AcDbEntity
  8
F.Silkscreen
  6
CONTINUOUS
100
AcDbLine
 10
145.0739999999999839
 20
-109.3723229999999944
 30
0
 11
134.9259999999999877
 21
-109.3723229999999944
 31
0
  0
LINE
  5
55B
330
1B
100
AcDbEntity
  8
F.Silkscreen
  6
CONTINUOUS
100
AcDbLine
 10
145.0759999999999934
 20
-109.3323229999999882
 30
0
 11
134.9240000000000066
 21
-109.3323229999999882
 31
0
  0
LINE
  5
55C
330
1B
100
AcDbEntity
  8
F.Silkscreen
  6
CONTINUOUS
100
AcDbLine
 10
145.0769999999999982
 20
-109.2923229999999961
 30
0
 11
134.9230000000000018
 21
-109.2923229999999961
 31
0
  0
LINE
  5
55D
330
1B
100
AcDbEntity
  8
F.Silkscreen
  6
CONTINUOUS
100
AcDbLine
 10
145.0789999999999793
 20
-109.2123229999999978
 30
0
 11
134.9209999999999923
 21
-109.2123229999999978
 31
0
  0
LINE
  5
55E
330
1B
100
AcDbEntity
  8
F.Silkscreen
  6
CONTINUOUS
100
AcDbLine
 10
145.0789999999999793
 20
-109.2523229999999899
 30
0
 11
134.9209999999999923
 21
-109.2523229999999899
 31
0
  0
LINE
  5
55F
330
1B
100
AcDbEntity
  8
F.Silkscreen
  6
CONTINUOUS
100
AcDbLine
 10
145.0799999999999841
 20
-109.1323229999999995
 30
0
 11
134.9199999999999875
 21
-109.1323229999999995
 31
0
  0
LINE
  5
560
330
1B
100
AcDbEntity
  8
F.Silkscreen
  6
CONTINUOUS
100
AcDbLine
 10
145.0799999999999841
 20
-109.1723229999999916
 30
0
 11
134.9199999999999875
 21
-109.1723229999999916
 31
0
  0
CIRCLE
  5
561
330
1B
100
AcDbEntity
  8
F.Silkscreen
100
AcDbCircle
 10
140.
 20
-109.1323229999999995
 30
0
 40
5.1200000000000001
  0
LINE
  5
562
330
1B
100
AcDbEntity
  8
F.Silkscreen
  6
CONTINUOUS
100
AcDbLine
 10
151.4876509999999996
 20
-125.4849999999999994
 30
0
 11
152.2876509999999826
 21
-125.4849999999999994
 31
0
  0
LINE
  5
563
330
1B
100
AcDbEntity
  8
F.Silkscreen
  6
CONTINUOUS
100
AcDbLine
 10
151.8876510000000053
 20
-125.0849999999999937
 30
0
 11
151.8876510000000053
 21
-125.8849999999999909
 31
0
  0
LINE
  5
564
330
1B
100
AcDbEntity
  8
F.Silkscreen
  6
CONTINUOUS
100
AcDbLine
 10
155.8973489999999913
 20
-123.7199999999999989
 30
0
 11
155.8973489999999913
 21
-131.8799999999999955
 31
0
  0
LINE
  5
565
330
1B
100
AcDbEntity
  8
F.Silkscreen
  6
CONTINUOUS
100
AcDbLine
 10
155.9373489999999833
 20
-123.7199999999999989
 30
0
 11
155.9373489999999833
 21
-131.8799999999999955
 31
0
  0
LINE
  5
566
330
1B
100
AcDbEntity
  8
F.Silkscreen
  6
CONTINUOUS
100
AcDbLine
 10
155.9773490000000038
 20
-123.7209999999999894
 30
0
 11
155.9773490000000038
 21
-131.8789999999999907
 31
0
  0
LINE
  5
567
330
1B
100
AcDbEntity
  8
F.Silkscreen
  6
CONTINUOUS
100
AcDbLine
 10
156.0173489999999958
 20
-123.7219999999999942
 30
0
 11
156.0173489999999958
 21
-131.8779999999999859
 31
0
  0
LINE
  5
568
330
1B
100
AcDbEntity
  8
F.Silkscreen
  6
CONTINUOUS
100
AcDbLine
 10
156.0573489999999879
 20
-123.722999999999999
 30
0
 11
156.0573489999999879
 21
-131.8769999999999811
 31
0
  0
LINE
  5
569
330
1B
100
AcDbEntity
  8
F.Silkscreen
  6
CONTINUOUS
100
AcDbLine
 10
156.0973489999999799
 20
-123.7249999999999943
 30
0
 11
156.0973489999999799
 21
-131.875
 31
0
  0
LINE
  5
56A
330
1B
100
AcDbEntity
  8
F.Silkscreen
  6
CONTINUOUS
100
AcDbLine
 10
156.1373490000000004
 20
-123.7269999999999897
 30
0
 11
156.1373490000000004
 21
-131.8729999999999905
 31
0
  0
LINE
  5
56B
330
1B
100
AcDbEntity
  8
F.Silkscreen
  6
CONTINUOUS
100
AcDbLine
 10
156.1773489999999924
 20
-123.7299999999999898
 30
0
 11
156.1773489999999924
 21
-131.8700000000000045
 31
0
  0
LINE
  5
56C
330
1B
100
AcDbEntity
  8
F.Silkscreen
  6
CONTINUOUS
100
AcDbLine
 10
156.2173489999999845
 20
-123.7319999999999993
 30
0
 11
156.2173489999999845
 21
-131.867999999999995
 31
0
  0
LINE
  5
56D
330
1B
100
AcDbEntity
  8
F.Silkscreen
  6
CONTINUOUS
100
AcDbLine
 10
156.2573490000000049
 20
-123.73599999999999
 30
0
 11
156.2573490000000049
 21
-131.8640000000000043
 31
0
  0
LINE
  5
56E
330
1B
100
AcDbEntity
  8
F.Silkscreen
  6
CONTINUOUS
100
AcDbLine
 10
156.297348999999997
 20
-123.7389999999999901
 30
0
 11
156.297348999999997
 21
-131.86099999999999
 31
0
  0
LINE
  5
56F
330
1B
100
AcDbEntity
  8
F.Silkscreen
  6
CONTINUOUS
100
AcDbLine
 10
156.337348999999989
 20
-123.7439999999999998
 30
0
 11
156.337348999999989
 21
-131.8559999999999945
 31
0
  0
LINE
  5
570
330
1B
100
AcDbEntity
  8
F.Silkscreen
  6
CONTINUOUS
100
AcDbLine
 10
156.3773489999999811
 20
-123.7479999999999905
 30
0
 11
156.3773489999999811
 21
-131.8520000000000039
 31
0
  0
LINE
  5
571
330
1B
100
AcDbEntity
  8
F.Silkscreen
  6
CONTINUOUS
100
AcDbLine
 10
156.4173490000000015
 20
-123.7530000000000001
 30
0
 11
156.4173490000000015
 21
-131.84699999999998
 31
0
  0
LINE
  5
572
330
1B
100
AcDbEntity
  8
F.Silkscreen
  6
CONTINUOUS
100
AcDbLine
 10
156.4573489999999936
 20
-123.7579999999999956
 30
0
 11
156.4573489999999936
 21
-131.8419999999999845
 31
0
  0
LINE
  5
573
330
1B
100
AcDbEntity
  8
F.Silkscreen
  6
CONTINUOUS
100
AcDbLine
 10
156.4973489999999856
 20
-123.7639999999999958
 30
0
 11
156.4973489999999856
 21
-131.8359999999999843
 31
0
  0
LINE
  5
574
330
1B
100
AcDbEntity
  8
F.Silkscreen
  6
CONTINUOUS
100
AcDbLine
 10
156.5373490000000061
 20
-123.769999999999996
 30
0
 11
156.5373490000000061
 21
-131.8299999999999841
 31
0
  0
LINE
  5
575
330
1B
100
AcDbEntity
  8
F.Silkscreen
  6
CONTINUOUS
100
AcDbLine
 10
156.5773489999999981
 20
-123.777000000000001
 30
0
 11
156.5773489999999981
 21
-131.8230000000000075
 31
0
  0
LINE
  5
576
330
1B
100
AcDbEntity
  8
F.Silkscreen
  6
CONTINUOUS
100
AcDbLine
 10
156.6173489999999902
 20
-123.7830000000000013
 30
0
 11
156.6173489999999902
 21
-126.7599999999999909
 31
0
  0
LINE
  5
577
330
1B
100
AcDbEntity
  8
F.Silkscreen
  6
CONTINUOUS
100
AcDbLine
 10
156.6173489999999902
 20
-128.8400000000000034
 30
0
 11
156.6173489999999902
 21
-131.8170000000000073
 31
0
  0
LINE
  5
578
330
1B
100
AcDbEntity
  8
F.Silkscreen
  6
CONTINUOUS
100
AcDbLine
 10
156.6573489999999822
 20
-123.7909999999999968
 30
0
 11
156.6573489999999822
 21
-126.7599999999999909
 31
0
  0
LINE
  5
579
330
1B
100
AcDbEntity
  8
F.Silkscreen
  6
CONTINUOUS
100
AcDbLine
 10
156.6573489999999822
 20
-128.8400000000000034
 30
0
 11
156.6573489999999822
 21
-131.8089999999999975
 31
0
  0
LINE
  5
57A
330
1B
100
AcDbEntity
  8
F.Silkscreen
  6
CONTINUOUS
100
AcDbLine
 10
156.6973490000000027
 20
-123.7979999999999876
 30
0
 11
156.6973490000000027
 21
-126.7599999999999909
 31
0
  0
LINE
  5
57B
330
1B
100
AcDbEntity
  8
F.Silkscreen
  6
CONTINUOUS
100
AcDbLine
 10
156.6973490000000027
 20
-128.8400000000000034
 30
0
 11
156.6973490000000027
 21
-131.8019999999999925
 31
0
  0
LINE
  5
57C
330
1B
100
AcDbEntity
  8
F.Silkscreen
  6
CONTINUOUS
100
AcDbLine
 10
156.7373489999999947
 20
-123.8069999999999879
 30
0
 11
156.7373489999999947
 21
-126.7599999999999909
 31
0
  0
LINE
  5
57D
330
1B
100
AcDbEntity
  8
F.Silkscreen
  6
CONTINUOUS
100
AcDbLine
 10
156.7373489999999947
 20
-128.8400000000000034
 30
0
 11
156.7373489999999947
 21
-131.7930000000000064
 31
0
  0
LINE
  5
57E
330
1B
100
AcDbEntity
  8
F.Silkscreen
  6
CONTINUOUS
100
AcDbLine
 10
156.7773489999999867
 20
-123.8149999999999977
 30
0
 11
156.7773489999999867
 21
-126.7599999999999909
 31
0
  0
LINE
  5
57F
330
1B
100
AcDbEntity
  8
F.Silkscreen
  6
CONTINUOUS
100
AcDbLine
 10
156.7773489999999867
 20
-128.8400000000000034
 30
0
 11
156.7773489999999867
 21
-131.7849999999999966
 31
0
  0
LINE
  5
580
330
1B
100
AcDbEntity
  8
F.Silkscreen
  6
CONTINUOUS
100
AcDbLine
 10
156.8173489999999788
 20
-123.8239999999999981
 30
0
 11
156.8173489999999788
 21
-126.7599999999999909
 31
0
  0
LINE
  5
581
330
1B
100
AcDbEntity
  8
F.Silkscreen
  6
CONTINUOUS
100
AcDbLine
 10
156.8173489999999788
 20
-128.8400000000000034
 30
0
 11
156.8173489999999788
 21
-131.775999999999982
 31
0
  0
LINE
  5
582
330
1B
100
AcDbEntity
  8
F.Silkscreen
  6
CONTINUOUS
100
AcDbLine
 10
156.8573489999999993
 20
-123.8329999999999984
 30
0
 11
156.8573489999999993
 21
-126.7599999999999909
 31
0
  0
LINE
  5
583
330
1B
100
AcDbEntity
  8
F.Silkscreen
  6
CONTINUOUS
100
AcDbLine
 10
156.8573489999999993
 20
-128.8400000000000034
 30
0
 11
156.8573489999999993
 21
-131.7669999999999959
 31
0
  0
LINE
  5
584
330
1B
100
AcDbEntity
  8
F.Silkscreen
  6
CONTINUOUS
100
AcDbLine
 10
156.8973489999999913
 20
-123.8429999999999893
 30
0
 11
156.8973489999999913
 21
-126.7599999999999909
 31
0
  0
LINE
  5
585
330
1B
100
AcDbEntity
  8
F.Silkscreen
  6
CONTINUOUS
100
AcDbLine
 10
156.8973489999999913
 20
-128.8400000000000034
 30
0
 11
156.8973489999999913
 21
-131.757000000000005
 31
0
  0
LINE
  5
586
330
1B
100
AcDbEntity
  8
F.Silkscreen
  6
CONTINUOUS
100
AcDbLine
 10
156.9373489999999833
 20
-123.8529999999999944
 30
0
 11
156.9373489999999833
 21
-126.7599999999999909
 31
0
  0
LINE
  5
587
330
1B
100
AcDbEntity
  8
F.Silkscreen
  6
CONTINUOUS
100
AcDbLine
 10
156.9373489999999833
 20
-128.8400000000000034
 30
0
 11
156.9373489999999833
 21
-131.7469999999999857
 31
0
  0
LINE
  5
588
330
1B
100
AcDbEntity
  8
F.Silkscreen
  6
CONTINUOUS
100
AcDbLine
 10
156.9773490000000038
 20
-123.8639999999999901
 30
0
 11
156.9773490000000038
 21
-126.7599999999999909
 31
0
  0
LINE
  5
589
330
1B
100
AcDbEntity
  8
F.Silkscreen
  6
CONTINUOUS
100
AcDbLine
 10
156.9773490000000038
 20
-128.8400000000000034
 30
0
 11
156.9773490000000038
 21
-131.73599999999999
 31
0
  0
LINE
  5
58A
330
1B
100
AcDbEntity
  8
F.Silkscreen
  6
CONTINUOUS
100
AcDbLine
 10
157.0173489999999958
 20
-123.875
 30
0
 11
157.0173489999999958
 21
-126.7599999999999909
 31
0
  0
LINE
  5
58B
330
1B
100
AcDbEntity
  8
F.Silkscreen
  6
CONTINUOUS
100
AcDbLine
 10
157.0173489999999958
 20
-128.8400000000000034
 30
0
 11
157.0173489999999958
 21
-131.7249999999999943
 31
0
  0
LINE
  5
58C
330
1B
100
AcDbEntity
  8
F.Silkscreen
  6
CONTINUOUS
100
AcDbLine
 10
157.0573489999999879
 20
-123.8870000000000005
 30
0
 11
157.0573489999999879
 21
-126.7599999999999909
 31
0
  0
LINE
  5
58D
330
1B
100
AcDbEntity
  8
F.Silkscreen
  6
CONTINUOUS
100
AcDbLine
 10
157.0573489999999879
 20
-128.8400000000000034
 30
0
 11
157.0573489999999879
 21
-131.7129999999999939
 31
0
  0
LINE
  5
58E
330
1B
100
AcDbEntity
  8
F.Silkscreen
  6
CONTINUOUS
100
AcDbLine
 10
157.0973489999999799
 20
-123.8990000000000009
 30
0
 11
157.0973489999999799
 21
-126.7599999999999909
 31
0
  0
LINE
  5
58F
330
1B
100
AcDbEntity
  8
F.Silkscreen
  6
CONTINUOUS
100
AcDbLine
 10
157.0973489999999799
 20
-128.8400000000000034
 30
0
 11
157.0973489999999799
 21
-131.7009999999999934
 31
0
  0
LINE
  5
590
330
1B
100
AcDbEntity
  8
F.Silkscreen
  6
CONTINUOUS
100
AcDbLine
 10
157.1373490000000004
 20
-123.9110000000000014
 30
0
 11
157.1373490000000004
 21
-126.7599999999999909
 31
0
  0
LINE
  5
591
330
1B
100
AcDbEntity
  8
F.Silkscreen
  6
CONTINUOUS
100
AcDbLine
 10
157.1373490000000004
 20
-128.8400000000000034
 30
0
 11
157.1373490000000004
 21
-131.688999999999993
 31
0
  0
LINE
  5
592
330
1B
100
AcDbEntity
  8
F.Silkscreen
  6
CONTINUOUS
100
AcDbLine
 10
157.1773489999999924
 20
-123.9239999999999924
 30
0
 11
157.1773489999999924
 21
-126.7599999999999909
 31
0
  0
LINE
  5
593
330
1B
100
AcDbEntity
  8
F.Silkscreen
  6
CONTINUOUS
100
AcDbLine
 10
157.1773489999999924
 20
-128.8400000000000034
 30
0
 11
157.1773489999999924
 21
-131.6759999999999877
 31
0
  0
LINE
  5
594
330
1B
100
AcDbEntity
  8
F.Silkscreen
  6
CONTINUOUS
100
AcDbLine
 10
157.2173489999999845
 20
-123.9369999999999976
 30
0
 11
157.2173489999999845
 21
-126.7599999999999909
 31
0
  0
LINE
  5
595
330
1B
100
AcDbEntity
  8
F.Silkscreen
  6
CONTINUOUS
100
AcDbLine
 10
157.2173489999999845
 20
-128.8400000000000034
 30
0
 11
157.2173489999999845
 21
-131.6629999999999825
 31
0
  0
LINE
  5
596
330
1B
100
AcDbEntity
  8
F.Silkscreen
  6
CONTINUOUS
100
AcDbLine
 10
157.2573490000000049
 20
-123.9509999999999934
 30
0
 11
157.2573490000000049
 21
-126.7599999999999909
 31
0
  0
LINE
  5
597
330
1B
100
AcDbEntity
  8
F.Silkscreen
  6
CONTINUOUS
100
AcDbLine
 10
157.2573490000000049
 20
-128.8400000000000034
 30
0
 11
157.2573490000000049
 21
-131.6490000000000009
 31
0
  0
LINE
  5
598
330
1B
100
AcDbEntity
  8
F.Silkscreen
  6
CONTINUOUS
100
AcDbLine
 10
157.297348999999997
 20
-123.9649999999999892
 30
0
 11
157.297348999999997
 21
-126.7599999999999909
 31
0
  0
LINE
  5
599
330
1B
100
AcDbEntity
  8
F.Silkscreen
  6
CONTINUOUS
100
AcDbLine
 10
157.297348999999997
 20
-128.8400000000000034
 30
0
 11
157.297348999999997
 21
-131.6349999999999909
 31
0
  0
LINE
  5
59A
330
1B
100
AcDbEntity
  8
F.Silkscreen
  6
CONTINUOUS
100
AcDbLine
 10
157.337348999999989
 20
-123.9799999999999898
 30
0
 11
157.337348999999989
 21
-126.7599999999999909
 31
0
  0
LINE
  5
59B
330
1B
100
AcDbEntity
  8
F.Silkscreen
  6
CONTINUOUS
100
AcDbLine
 10
157.337348999999989
 20
-128.8400000000000034
 30
0
 11
157.337348999999989
 21
-131.6200000000000045
 31
0
  0
LINE
  5
59C
330
1B
100
AcDbEntity
  8
F.Silkscreen
  6
CONTINUOUS
100
AcDbLine
 10
157.3773489999999811
 20
-123.9949999999999903
 30
0
 11
157.3773489999999811
 21
-126.7599999999999909
 31
0
  0
LINE
  5
59D
330
1B
100
AcDbEntity
  8
F.Silkscreen
  6
CONTINUOUS
100
AcDbLine
 10
157.3773489999999811
 20
-128.8400000000000034
 30
0
 11
157.3773489999999811
 21
-131.6049999999999898
 31
0
  0
LINE
  5
59E
330
1B
100
AcDbEntity
  8
F.Silkscreen
  6
CONTINUOUS
100
AcDbLine
 10
157.4173490000000015
 20
-124.0109999999999957
 30
0
 11
157.4173490000000015
 21
-126.7599999999999909
 31
0
  0
LINE
  5
59F
330
1B
100
AcDbEntity
  8
F.Silkscreen
  6
CONTINUOUS
100
AcDbLine
 10
157.4173490000000015
 20
-128.8400000000000034
 30
0
 11
157.4173490000000015
 21
-131.5889999999999986
 31
0
  0
LINE
  5
5A0
330
1B
100
AcDbEntity
  8
F.Silkscreen
  6
CONTINUOUS
100
AcDbLine
 10
157.4573489999999936
 20
-124.027000000000001
 30
0
 11
157.4573489999999936
 21
-126.7599999999999909
 31
0
  0
LINE
  5
5A1
330
1B
100
AcDbEntity
  8
F.Silkscreen
  6
CONTINUOUS
100
AcDbLine
 10
157.4573489999999936
 20
-128.8400000000000034
 30
0
 11
157.4573489999999936
 21
-131.5730000000000075
 31
0
  0
LINE
  5
5A2
330
1B
100
AcDbEntity
  8
F.Silkscreen
  6
CONTINUOUS
100
AcDbLine
 10
157.4973489999999856
 20
-124.0429999999999922
 30
0
 11
157.4973489999999856
 21
-126.7599999999999909
 31
0
  0
LINE
  5
5A3
330
1B
100
AcDbEntity
  8
F.Silkscreen
  6
CONTINUOUS
100
AcDbLine
 10
157.4973489999999856
 20
-128.8400000000000034
 30
0
 11
157.4973489999999856
 21
-131.5569999999999879
 31
0
  0
LINE
  5
5A4
330
1B
100
AcDbEntity
  8
F.Silkscreen
  6
CONTINUOUS
100
AcDbLine
 10
157.5373490000000061
 20
-124.0599999999999881
 30
0
 11
157.5373490000000061
 21
-126.7599999999999909
 31
0
  0
LINE
  5
5A5
330
1B
100
AcDbEntity
  8
F.Silkscreen
  6
CONTINUOUS
100
AcDbLine
 10
157.5373490000000061
 20
-128.8400000000000034
 30
0
 11
157.5373490000000061
 21
-131.539999999999992
 31
0
  0
LINE
  5
5A6
330
1B
100
AcDbEntity
  8
F.Silkscreen
  6
CONTINUOUS
100
AcDbLine
 10
157.5773489999999981
 20
-124.0779999999999887
 30
0
 11
157.5773489999999981
 21
-126.7599999999999909
 31
0
  0
LINE
  5
5A7
330
1B
100
AcDbEntity
  8
F.Silkscreen
  6
CONTINUOUS
100
AcDbLine
 10
157.5773489999999981
 20
-128.8400000000000034
 30
0
 11
157.5773489999999981
 21
-131.5219999999999914
 31
0
  0
LINE
  5
5A8
330
1B
100
AcDbEntity
  8
F.Silkscreen
  6
CONTINUOUS
100
AcDbLine
 10
157.6173489999999902
 20
-124.0959999999999894
 30
0
 11
157.6173489999999902
 21
-126.7599999999999909
 31
0
  0
LINE
  5
5A9
330
1B
100
AcDbEntity
  8
F.Silkscreen
  6
CONTINUOUS
100
AcDbLine
 10
157.6173489999999902
 20
-128.8400000000000034
 30
0
 11
157.6173489999999902
 21
-131.5039999999999907
 31
0
  0
LINE
  5
5AA
330
1B
100
AcDbEntity
  8
F.Silkscreen
  6
CONTINUOUS
100
AcDbLine
 10
157.6573489999999822
 20
-124.1149999999999949
 30
0
 11
157.6573489999999822
 21
-126.7599999999999909
 31
0
  0
LINE
  5
5AB
330
1B
100
AcDbEntity
  8
F.Silkscreen
  6
CONTINUOUS
100
AcDbLine
 10
157.6573489999999822
 20
-128.8400000000000034
 30
0
 11
157.6573489999999822
 21
-131.4849999999999852
 31
0
  0
LINE
  5
5AC
330
1B
100
AcDbEntity
  8
F.Silkscreen
  6
CONTINUOUS
100
AcDbLine
 10
157.6973490000000027
 20
-124.1340000000000003
 30
0
 11
157.6973490000000027
 21
-126.7599999999999909
 31
0
  0
LINE
  5
5AD
330
1B
100
AcDbEntity
  8
F.Silkscreen
  6
CONTINUOUS
100
AcDbLine
 10
157.6973490000000027
 20
-128.8400000000000034
 30
0
 11
157.6973490000000027
 21
-131.4660000000000082
 31
0
  0
LINE
  5
5AE
330
1B
100
AcDbEntity
  8
F.Silkscreen
  6
CONTINUOUS
100
AcDbLine
 10
157.7373489999999947
 20
-124.1539999999999964
 30
0
 11
157.7373489999999947
 21
-126.7599999999999909
 31
0
  0
LINE
  5
5AF
330
1B
100
AcDbEntity
  8
F.Silkscreen
  6
CONTINUOUS
100
AcDbLine
 10
157.7373489999999947
 20
-128.8400000000000034
 30
0
 11
157.7373489999999947
 21
-131.445999999999998
 31
0
  0
LINE
  5
5B0
330
1B
100
AcDbEntity
  8
F.Silkscreen
  6
CONTINUOUS
100
AcDbLine
 10
157.7773489999999867
 20
-124.1739999999999924
 30
0
 11
157.7773489999999867
 21
-126.7599999999999909
 31
0
  0
LINE
  5
5B1
330
1B
100
AcDbEntity
  8
F.Silkscreen
  6
CONTINUOUS
100
AcDbLine
 10
157.7773489999999867
 20
-128.8400000000000034
 30
0
 11
157.7773489999999867
 21
-131.4259999999999877
 31
0
  0
LINE
  5
5B2
330
1B
100
AcDbEntity
  8
F.Silkscreen
  6
CONTINUOUS
100
AcDbLine
 10
157.8173489999999788
 20
-124.1949999999999932
 30
0
 11
157.8173489999999788
 21
-126.7599999999999909
 31
0
  0
LINE
  5
5B3
330
1B
100
AcDbEntity
  8
F.Silkscreen
  6
CONTINUOUS
100
AcDbLine
 10
157.8173489999999788
 20
-128.8400000000000034
 30
0
 11
157.8173489999999788
 21
-131.4050000000000011
 31
0
  0
LINE
  5
5B4
330
1B
100
AcDbEntity
  8
F.Silkscreen
  6
CONTINUOUS
100
AcDbLine
 10
157.8573489999999993
 20
-124.215999999999994
 30
0
 11
157.8573489999999993
 21
-126.7599999999999909
 31
0
  0
LINE
  5
5B5
330
1B
100
AcDbEntity
  8
F.Silkscreen
  6
CONTINUOUS
100
AcDbLine
 10
157.8573489999999993
 20
-128.8400000000000034
 30
0
 11
157.8573489999999993
 21
-131.3839999999999861
 31
0
  0
LINE
  5
5B6
330
1B
100
AcDbEntity
  8
F.Silkscreen
  6
CONTINUOUS
100
AcDbLine
 10
157.8973489999999913
 20
-124.2379999999999995
 30
0
 11
157.8973489999999913
 21
-126.7599999999999909
 31
0
  0
LINE
  5
5B7
330
1B
100
AcDbEntity
  8
F.Silkscreen
  6
CONTINUOUS
100
AcDbLine
 10
157.8973489999999913
 20
-128.8400000000000034
 30
0
 11
157.8973489999999913
 21
-131.3619999999999948
 31
0
  0
LINE
  5
5B8
330
1B
100
AcDbEntity
  8
F.Silkscreen
  6
CONTINUOUS
100
AcDbLine
 10
157.9373489999999833
 20
-124.2609999999999957
 30
0
 11
157.9373489999999833
 21
-126.7599999999999909
 31
0
  0
LINE
  5
5B9
330
1B
100
AcDbEntity
  8
F.Silkscreen
  6
CONTINUOUS
100
AcDbLine
 10
157.9373489999999833
 20
-128.8400000000000034
 30
0
 11
157.9373489999999833
 21
-131.3389999999999986
 31
0
  0
LINE
  5
5BA
330
1B
100
AcDbEntity
  8
F.Silkscreen
  6
CONTINUOUS
100
AcDbLine
 10
157.9773490000000038
 20
-124.2839999999999918
 30
0
 11
157.9773490000000038
 21
-126.7599999999999909
 31
0
  0
LINE
  5
5BB
330
1B
100
AcDbEntity
  8
F.Silkscreen
  6
CONTINUOUS
100
AcDbLine
 10
157.9773490000000038
 20
-128.8400000000000034
 30
0
 11
157.9773490000000038
 21
-131.3160000000000025
 31
0
  0
LINE
  5
5BC
330
1B
100
AcDbEntity
  8
F.Silkscreen
  6
CONTINUOUS
100
AcDbLine
 10
158.0173489999999958
 20
-124.3069999999999879
 30
0
 11
158.0173489999999958
 21
-126.7599999999999909
 31
0
  0
LINE
  5
5BD
330
1B
100
AcDbEntity
  8
F.Silkscreen
  6
CONTINUOUS
100
AcDbLine
 10
158.0173489999999958
 20
-128.8400000000000034
 30
0
 11
158.0173489999999958
 21
-131.2930000000000064
 31
0
  0
LINE
  5
5BE
330
1B
100
AcDbEntity
  8
F.Silkscreen
  6
CONTINUOUS
100
AcDbLine
 10
158.0573489999999879
 20
-124.3319999999999936
 30
0
 11
158.0573489999999879
 21
-126.7599999999999909
 31
0
  0
LINE
  5
5BF
330
1B
100
AcDbEntity
  8
F.Silkscreen
  6
CONTINUOUS
100
AcDbLine
 10
158.0573489999999879
 20
-128.8400000000000034
 30
0
 11
158.0573489999999879
 21
-131.2680000000000007
 31
0
  0
LINE
  5
5C0
330
1B
100
AcDbEntity
  8
F.Silkscreen
  6
CONTINUOUS
100
AcDbLine
 10
158.0973489999999799
 20
-124.3569999999999993
 30
0
 11
158.0973489999999799
 21
-126.7599999999999909
 31
0
  0
LINE
  5
5C1
330
1B
100
AcDbEntity
  8
F.Silkscreen
  6
CONTINUOUS
100
AcDbLine
 10
158.0973489999999799
 20
-128.8400000000000034
 30
0
 11
158.0973489999999799
 21
-131.242999999999995
 31
0
  0
LINE
  5
5C2
330
1B
100
AcDbEntity
  8
F.Silkscreen
  6
CONTINUOUS
100
AcDbLine
 10
158.1373490000000004
 20
-124.3819999999999908
 30
0
 11
158.1373490000000004
 21
-126.7599999999999909
 31
0
  0
LINE
  5
5C3
330
1B
100
AcDbEntity
  8
F.Silkscreen
  6
CONTINUOUS
100
AcDbLine
 10
158.1373490000000004
 20
-128.8400000000000034
 30
0
 11
158.1373490000000004
 21
-131.2179999999999893
 31
0
  0
LINE
  5
5C4
330
1B
100
AcDbEntity
  8
F.Silkscreen
  6
CONTINUOUS
100
AcDbLine
 10
158.1773489999999924
 20
-124.4080000000000013
 30
0
 11
158.1773489999999924
 21
-126.7599999999999909
 31
0
  0
LINE
  5
5C5
330
1B
100
AcDbEntity
  8
F.Silkscreen
  6
CONTINUOUS
100
AcDbLine
 10
158.1773489999999924
 20
-128.8400000000000034
 30
0
 11
158.1773489999999924
 21
-131.1920000000000073
 31
0
  0
LINE
  5
5C6
330
1B
100
AcDbEntity
  8
F.Silkscreen
  6
CONTINUOUS
100
AcDbLine
 10
158.2173489999999845
 20
-124.4349999999999881
 30
0
 11
158.2173489999999845
 21
-126.7599999999999909
 31
0
  0
LINE
  5
5C7
330
1B
100
AcDbEntity
  8
F.Silkscreen
  6
CONTINUOUS
100
AcDbLine
 10
158.2173489999999845
 20
-128.8400000000000034
 30
0
 11
158.2173489999999845
 21
-131.164999999999992
 31
0
  0
LINE
  5
5C8
330
1B
100
AcDbEntity
  8
F.Silkscreen
  6
CONTINUOUS
100
AcDbLine
 10
158.2573490000000049
 20
-124.4629999999999939
 30
0
 11
158.2573490000000049
 21
-126.7599999999999909
 31
0
  0
LINE
  5
5C9
330
1B
100
AcDbEntity
  8
F.Silkscreen
  6
CONTINUOUS
100
AcDbLine
 10
158.2573490000000049
 20
-128.8400000000000034
 30
0
 11
158.2573490000000049
 21
-131.1370000000000005
 31
0
  0
LINE
  5
5CA
330
1B
100
AcDbEntity
  8
F.Silkscreen
  6
CONTINUOUS
100
AcDbLine
 10
158.297348999999997
 20
-124.4909999999999997
 30
0
 11
158.297348999999997
 21
-126.7599999999999909
 31
0
  0
LINE
  5
5CB
330
1B
100
AcDbEntity
  8
F.Silkscreen
  6
CONTINUOUS
100
AcDbLine
 10
158.297348999999997
 20
-128.8400000000000034
 30
0
 11
158.297348999999997
 21
-131.1089999999999804
 31
0
  0
LINE
  5
5CC
330
1B
100
AcDbEntity
  8
F.Silkscreen
  6
CONTINUOUS
100
AcDbLine
 10
158.337348999999989
 20
-124.519999999999996
 30
0
 11
158.337348999999989
 21
-126.7599999999999909
 31
0
  0
LINE
  5
5CD
330
1B
100
AcDbEntity
  8
F.Silkscreen
  6
CONTINUOUS
100
AcDbLine
 10
158.337348999999989
 20
-128.8400000000000034
 30
0
 11
158.337348999999989
 21
-131.0799999999999841
 31
0
  0
LINE
  5
5CE
330
1B
100
AcDbEntity
  8
F.Silkscreen
  6
CONTINUOUS
100
AcDbLine
 10
158.3773489999999811
 20
-124.5499999999999972
 30
0
 11
158.3773489999999811
 21
-126.7599999999999909
 31
0
  0
LINE
  5
5CF
330
1B
100
AcDbEntity
  8
F.Silkscreen
  6
CONTINUOUS
100
AcDbLine
 10
158.3773489999999811
 20
-128.8400000000000034
 30
0
 11
158.3773489999999811
 21
-131.0499999999999829
 31
0
  0
LINE
  5
5D0
330
1B
100
AcDbEntity
  8
F.Silkscreen
  6
CONTINUOUS
100
AcDbLine
 10
158.4173490000000015
 20
-124.5809999999999889
 30
0
 11
158.4173490000000015
 21
-126.7599999999999909
 31
0
  0
LINE
  5
5D1
330
1B
100
AcDbEntity
  8
F.Silkscreen
  6
CONTINUOUS
100
AcDbLine
 10
158.4173490000000015
 20
-128.8400000000000034
 30
0
 11
158.4173490000000015
 21
-131.0190000000000055
 31
0
  0
LINE
  5
5D2
330
1B
100
AcDbEntity
  8
F.Silkscreen
  6
CONTINUOUS
100
AcDbLine
 10
158.4573489999999936
 20
-124.6119999999999948
 30
0
 11
158.4573489999999936
 21
-126.7599999999999909
 31
0
  0
LINE
  5
5D3
330
1B
100
AcDbEntity
  8
F.Silkscreen
  6
CONTINUOUS
100
AcDbLine
 10
158.4573489999999936
 20
-128.8400000000000034
 30
0
 11
158.4573489999999936
 21
-130.9879999999999995
 31
0
  0
LINE
  5
5D4
330
1B
100
AcDbEntity
  8
F.Silkscreen
  6
CONTINUOUS
100
AcDbLine
 10
158.4973489999999856
 20
-124.6439999999999912
 30
0
 11
158.4973489999999856
 21
-126.7599999999999909
 31
0
  0
LINE
  5
5D5
330
1B
100
AcDbEntity
  8
F.Silkscreen
  6
CONTINUOUS
100
AcDbLine
 10
158.4973489999999856
 20
-128.8400000000000034
 30
0
 11
158.4973489999999856
 21
-130.9559999999999889
 31
0
  0
LINE
  5
5D6
330
1B
100
AcDbEntity
  8
F.Silkscreen
  6
CONTINUOUS
100
AcDbLine
 10
158.5373490000000061
 20
-124.6769999999999925
 30
0
 11
158.5373490000000061
 21
-126.7599999999999909
 31
0
  0
LINE
  5
5D7
330
1B
100
AcDbEntity
  8
F.Silkscreen
  6
CONTINUOUS
100
AcDbLine
 10
158.5373490000000061
 20
-128.8400000000000034
 30
0
 11
158.5373490000000061
 21
-130.9230000000000018
 31
0
  0
LINE
  5
5D8
330
1B
100
AcDbEntity
  8
F.Silkscreen
  6
CONTINUOUS
100
AcDbLine
 10
158.5773489999999981
 20
-124.7109999999999985
 30
0
 11
158.5773489999999981
 21
-126.7599999999999909
 31
0
  0
LINE
  5
5D9
330
1B
100
AcDbEntity
  8
F.Silkscreen
  6
CONTINUOUS
100
AcDbLine
 10
158.5773489999999981
 20
-128.8400000000000034
 30
0
 11
158.5773489999999981
 21
-130.8889999999999816
 31
0
  0
LINE
  5
5DA
330
1B
100
AcDbEntity
  8
F.Silkscreen
  6
CONTINUOUS
100
AcDbLine
 10
158.6173489999999902
 20
-124.7449999999999903
 30
0
 11
158.6173489999999902
 21
-126.7599999999999909
 31
0
  0
LINE
  5
5DB
330
1B
100
AcDbEntity
  8
F.Silkscreen
  6
CONTINUOUS
100
AcDbLine
 10
158.6173489999999902
 20
-128.8400000000000034
 30
0
 11
158.6173489999999902
 21
-130.8549999999999898
 31
0
  0
LINE
  5
5DC
330
1B
100
AcDbEntity
  8
F.Silkscreen
  6
CONTINUOUS
100
AcDbLine
 10
158.6573489999999822
 20
-124.7809999999999917
 30
0
 11
158.6573489999999822
 21
-126.7599999999999909
 31
0
  0
LINE
  5
5DD
330
1B
100
AcDbEntity
  8
F.Silkscreen
  6
CONTINUOUS
100
AcDbLine
 10
158.6573489999999822
 20
-128.8400000000000034
 30
0
 11
158.6573489999999822
 21
-130.8189999999999884
 31
0
  0
LINE
  5
5DE
330
1B
100
AcDbEntity
  8
F.Silkscreen
  6
CONTINUOUS
100
AcDbLine
 10
158.6973490000000027
 20
-124.8179999999999978
 30
0
 11
158.6973490000000027
 21
-130.7819999999999823
 31
0
  0
LINE
  5
5DF
330
1B
100
AcDbEntity
  8
F.Silkscreen
  6
CONTINUOUS
100
AcDbLine
 10
158.7373489999999947
 20
-124.8549999999999898
 30
0
 11
158.7373489999999947
 21
-130.7450000000000045
 31
0
  0
LINE
  5
5E0
330
1B
100
AcDbEntity
  8
F.Silkscreen
  6
CONTINUOUS
100
AcDbLine
 10
158.7773489999999867
 20
-124.8939999999999912
 30
0
 11
158.7773489999999867
 21
-130.7059999999999889
 31
0
  0
LINE
  5
5E1
330
1B
100
AcDbEntity
  8
F.Silkscreen
  6
CONTINUOUS
100
AcDbLine
 10
158.8173489999999788
 20
-124.9329999999999927
 30
0
 11
158.8173489999999788
 21
-130.6670000000000016
 31
0
  0
LINE
  5
5E2
330
1B
100
AcDbEntity
  8
F.Silkscreen
  6
CONTINUOUS
100
AcDbLine
 10
158.8573489999999993
 20
-124.9739999999999895
 30
0
 11
158.8573489999999993
 21
-130.6260000000000048
 31
0
  0
LINE
  5
5E3
330
1B
100
AcDbEntity
  8
F.Silkscreen
  6
CONTINUOUS
100
AcDbLine
 10
158.8973489999999913
 20
-125.0159999999999911
 30
0
 11
158.8973489999999913
 21
-130.5840000000000032
 31
0
  0
LINE
  5
5E4
330
1B
100
AcDbEntity
  8
F.Silkscreen
  6
CONTINUOUS
100
AcDbLine
 10
158.9373489999999833
 20
-125.0589999999999975
 30
0
 11
158.9373489999999833
 21
-130.5409999999999968
 31
0
  0
LINE
  5
5E5
330
1B
100
AcDbEntity
  8
F.Silkscreen
  6
CONTINUOUS
100
AcDbLine
 10
158.9773490000000038
 20
-125.1039999999999992
 30
0
 11
158.9773490000000038
 21
-130.4959999999999809
 31
0
  0
LINE
  5
5E6
330
1B
100
AcDbEntity
  8
F.Silkscreen
  6
CONTINUOUS
100
AcDbLine
 10
159.0173489999999958
 20
-125.1490000000000009
 30
0
 11
159.0173489999999958
 21
-130.4509999999999934
 31
0
  0
LINE
  5
5E7
330
1B
100
AcDbEntity
  8
F.Silkscreen
  6
CONTINUOUS
100
AcDbLine
 10
159.0573489999999879
 20
-125.195999999999998
 30
0
 11
159.0573489999999879
 21
-130.4039999999999964
 31
0
  0
LINE
  5
5E8
330
1B
100
AcDbEntity
  8
F.Silkscreen
  6
CONTINUOUS
100
AcDbLine
 10
159.0973489999999799
 20
-125.2449999999999903
 30
0
 11
159.0973489999999799
 21
-130.3549999999999898
 31
0
  0
LINE
  5
5E9
330
1B
100
AcDbEntity
  8
F.Silkscreen
  6
CONTINUOUS
100
AcDbLine
 10
159.1373490000000004
 20
-125.2949999999999875
 30
0
 11
159.1373490000000004
 21
-130.3050000000000068
 31
0
  0
LINE
  5
5EA
330
1B
100
AcDbEntity
  8
F.Silkscreen
  6
CONTINUOUS
100
AcDbLine
 10
159.1773489999999924
 20
-125.3469999999999942
 30
0
 11
159.1773489999999924
 21
-130.2529999999999859
 31
0
  0
LINE
  5
5EB
330
1B
100
AcDbEntity
  8
F.Silkscreen
  6
CONTINUOUS
100
AcDbLine
 10
159.2173489999999845
 20
-125.3999999999999915
 30
0
 11
159.2173489999999845
 21
-130.1999999999999886
 31
0
  0
LINE
  5
5EC
330
1B
100
AcDbEntity
  8
F.Silkscreen
  6
CONTINUOUS
100
AcDbLine
 10
159.2573490000000049
 20
-125.4559999999999889
 30
0
 11
159.2573490000000049
 21
-130.1440000000000055
 31
0
  0
LINE
  5
5ED
330
1B
100
AcDbEntity
  8
F.Silkscreen
  6
CONTINUOUS
100
AcDbLine
 10
159.297348999999997
 20
-125.512999999999991
 30
0
 11
159.297348999999997
 21
-130.0869999999999891
 31
0
  0
LINE
  5
5EE
330
1B
100
AcDbEntity
  8
F.Silkscreen
  6
CONTINUOUS
100
AcDbLine
 10
159.337348999999989
 20
-125.5729999999999933
 30
0
 11
159.337348999999989
 21
-130.0269999999999868
 31
0
  0
LINE
  5
5EF
330
1B
100
AcDbEntity
  8
F.Silkscreen
  6
CONTINUOUS
100
AcDbLine
 10
159.3773489999999811
 20
-125.6349999999999909
 30
0
 11
159.3773489999999811
 21
-129.9650000000000034
 31
0
  0
LINE
  5
5F0
330
1B
100
AcDbEntity
  8
F.Silkscreen
  6
CONTINUOUS
100
AcDbLine
 10
159.4173490000000015
 20
-125.6989999999999981
 30
0
 11
159.4173490000000015
 21
-129.900999999999982
 31
0
  0
LINE
  5
5F1
330
1B
100
AcDbEntity
  8
F.Silkscreen
  6
CONTINUOUS
100
AcDbLine
 10
159.4573489999999936
 20
-125.7659999999999911
 30
0
 11
159.4573489999999936
 21
-129.8340000000000032
 31
0
  0
LINE
  5
5F2
330
1B
100
AcDbEntity
  8
F.Silkscreen
  6
CONTINUOUS
100
AcDbLine
 10
159.4973489999999856
 20
-125.8359999999999985
 30
0
 11
159.4973489999999856
 21
-129.7639999999999816
 31
0
  0
LINE
  5
5F3
330
1B
100
AcDbEntity
  8
F.Silkscreen
  6
CONTINUOUS
100
AcDbLine
 10
159.5373490000000061
 20
-125.9099999999999966
 30
0
 11
159.5373490000000061
 21
-129.6899999999999977
 31
0
  0
LINE
  5
5F4
330
1B
100
AcDbEntity
  8
F.Silkscreen
  6
CONTINUOUS
100
AcDbLine
 10
159.5773489999999981
 20
-125.9869999999999948
 30
0
 11
159.5773489999999981
 21
-129.6129999999999995
 31
0
  0
LINE
  5
5F5
330
1B
100
AcDbEntity
  8
F.Silkscreen
  6
CONTINUOUS
100
AcDbLine
 10
159.6173489999999902
 20
-126.0689999999999884
 30
0
 11
159.6173489999999902
 21
-129.5310000000000059
 31
0
  0
LINE
  5
5F6
330
1B
100
AcDbEntity
  8
F.Silkscreen
  6
CONTINUOUS
100
AcDbLine
 10
159.6573489999999822
 20
-126.1559999999999917
 30
0
 11
159.6573489999999822
 21
-129.4439999999999884
 31
0
  0
LINE
  5
5F7
330
1B
100
AcDbEntity
  8
F.Silkscreen
  6
CONTINUOUS
100
AcDbLine
 10
159.6973490000000027
 20
-126.2479999999999905
 30
0
 11
159.6973490000000027
 21
-129.3520000000000039
 31
0
  0
LINE
  5
5F8
330
1B
100
AcDbEntity
  8
F.Silkscreen
  6
CONTINUOUS
100
AcDbLine
 10
159.7373489999999947
 20
-126.3469999999999942
 30
0
 11
159.7373489999999947
 21
-129.2529999999999859
 31
0
  0
LINE
  5
5F9
330
1B
100
AcDbEntity
  8
F.Silkscreen
  6
CONTINUOUS
100
AcDbLine
 10
159.7773489999999867
 20
-126.4539999999999935
 30
0
 11
159.7773489999999867
 21
-129.1459999999999866
 31
0
  0
LINE
  5
5FA
330
1B
100
AcDbEntity
  8
F.Silkscreen
  6
CONTINUOUS
100
AcDbLine
 10
159.8173489999999788
 20
-126.5719999999999885
 30
0
 11
159.8173489999999788
 21
-129.0279999999999916
 31
0
  0
LINE
  5
5FB
330
1B
100
AcDbEntity
  8
F.Silkscreen
  6
CONTINUOUS
100
AcDbLine
 10
159.8573489999999993
 20
-126.7029999999999887
 30
0
 11
159.8573489999999993
 21
-128.8969999999999914
 31
0
  0
LINE
  5
5FC
330
1B
100
AcDbEntity
  8
F.Silkscreen
  6
CONTINUOUS
100
AcDbLine
 10
159.8973489999999913
 20
-126.8529999999999944
 30
0
 11
159.8973489999999913
 21
-128.7469999999999857
 31
0
  0
LINE
  5
5FD
330
1B
100
AcDbEntity
  8
F.Silkscreen
  6
CONTINUOUS
100
AcDbLine
 10
159.9373489999999833
 20
-127.0319999999999965
 30
0
 11
159.9373489999999833
 21
-128.5679999999999836
 31
0
  0
LINE
  5
5FE
330
1B
100
AcDbEntity
  8
F.Silkscreen
  6
CONTINUOUS
100
AcDbLine
 10
159.9773490000000038
 20
-127.2669999999999959
 30
0
 11
159.9773490000000038
 21
-128.3329999999999984
 31
0
  0
CIRCLE
  5
5FF
330
1B
100
AcDbEntity
  8
F.Silkscreen
100
AcDbCircle
 10
155.8973489999999913
 20
-127.7999999999999972
 30
0
 40
4.1200000000000001
  0
LINE
  5
600
330
1B
100
AcDbEntity
  8
F.Silkscreen
  6
CONTINUOUS
100
AcDbLine
 10
127.0300000000000011
 20
-98.3299999999999983
 30
0
 11
133.5699999999999932
 21
-98.3299999999999983
 31
0
  0
LINE
  5
601
330
1B
100
AcDbEntity
  8
F.Silkscreen
  6
CONTINUOUS
100
AcDbLine
 10
127.0300000000000011
 20
-98.6599999999999966
 30
0
 11
127.0300000000000011
 21
-98.3299999999999983
 31
0
  0
LINE
  5
602
330
1B
100
AcDbEntity
  8
F.Silkscreen
  6
CONTINUOUS
100
AcDbLine
 10
127.0300000000000011
 20
-100.7399999999999949
 30
0
 11
127.0300000000000011
 21
-101.0699999999999932
 31
0
  0
LINE
  5
603
330
1B
100
AcDbEntity
  8
F.Silkscreen
  6
CONTINUOUS
100
AcDbLine
 10
127.0300000000000011
 20
-101.0699999999999932
 30
0
 11
133.5699999999999932
 21
-101.0699999999999932
 31
0
  0
LINE
  5
604
330
1B
100
AcDbEntity
  8
F.Silkscreen
  6
CONTINUOUS
100
AcDbLine
 10
133.5699999999999932
 20
-98.3299999999999983
 30
0
 11
133.5699999999999932
 21
-98.6599999999999966
 31
0
  0
LINE
  5
605
330
1B
100
AcDbEntity
  8
F.Silkscreen
  6
CONTINUOUS
100
AcDbLine
 10
133.5699999999999932
 20
-101.0699999999999932
 30
0
 11
133.5699999999999932
 21
-100.7399999999999949
 31
0
  0
LINE
  5
606
330
1B
100
AcDbEntity
  8
F.Silkscreen
  6
CONTINUOUS
100
AcDbLine
 10
150.1599999999999966
 20
-118.7800000000000011
 30
0
 11
146.4830000000000041
 21
-118.7800000000000011
 31
0
  0
LINE
  5
607
330
1B
100
AcDbEntity
  8
F.Silkscreen
  6
CONTINUOUS
100
AcDbLine
 10
150.1599999999999966
 20
-118.8199999999999932
 30
0
 11
146.492999999999995
 21
-118.8199999999999932
 31
0
  0
LINE
  5
608
330
1B
100
AcDbEntity
  8
F.Silkscreen
  6
CONTINUOUS
100
AcDbLine
 10
150.1599999999999966
 20
-118.8599999999999994
 30
0
 11
146.5039999999999907
 21
-118.8599999999999994
 31
0
  0
LINE
  5
609
330
1B
100
AcDbEntity
  8
F.Silkscreen
  6
CONTINUOUS
100
AcDbLine
 10
150.1599999999999966
 20
-118.8999999999999915
 30
0
 11
146.5149999999999864
 21
-118.8999999999999915
 31
0
  0
LINE
  5
60A
330
1B
100
AcDbEntity
  8
F.Silkscreen
  6
CONTINUOUS
100
AcDbLine
 10
150.1599999999999966
 20
-118.9399999999999977
 30
0
 11
146.5269999999999868
 21
-118.9399999999999977
 31
0
  0
LINE
  5
60B
330
1B
100
AcDbEntity
  8
F.Silkscreen
  6
CONTINUOUS
100
AcDbLine
 10
150.1599999999999966
 20
-118.9799999999999898
 30
0
 11
146.5389999999999873
 21
-118.9799999999999898
 31
0
  0
LINE
  5
60C
330
1B
100
AcDbEntity
  8
F.Silkscreen
  6
CONTINUOUS
100
AcDbLine
 10
150.1599999999999966
 20
-119.019999999999996
 30
0
 11
146.5509999999999877
 21
-119.019999999999996
 31
0
  0
LINE
  5
60D
330
1B
100
AcDbEntity
  8
F.Silkscreen
  6
CONTINUOUS
100
AcDbLine
 10
150.1599999999999966
 20
-119.0599999999999881
 30
0
 11
146.5629999999999882
 21
-119.0599999999999881
 31
0
  0
LINE
  5
60E
330
1B
100
AcDbEntity
  8
F.Silkscreen
  6
CONTINUOUS
100
AcDbLine
 10
150.1599999999999966
 20
-119.0999999999999943
 30
0
 11
146.5759999999999934
 21
-119.0999999999999943
 31
0
  0
LINE
  5
60F
330
1B
100
AcDbEntity
  8
F.Silkscreen
  6
CONTINUOUS
100
AcDbLine
 10
150.1599999999999966
 20
-119.1400000000000006
 30
0
 11
146.5900000000000034
 21
-119.1400000000000006
 31
0
  0
LINE
  5
610
330
1B
100
AcDbEntity
  8
F.Silkscreen
  6
CONTINUOUS
100
AcDbLine
 10
150.1599999999999966
 20
-119.1799999999999926
 30
0
 11
146.6029999999999802
 21
-119.1799999999999926
 31
0
  0
LINE
  5
611
330
1B
100
AcDbEntity
  8
F.Silkscreen
  6
CONTINUOUS
100
AcDbLine
 10
150.1599999999999966
 20
-119.2199999999999989
 30
0
 11
146.617999999999995
 21
-119.2199999999999989
 31
0
  0
LINE
  5
612
330
1B
100
AcDbEntity
  8
F.Silkscreen
  6
CONTINUOUS
100
AcDbLine
 10
150.1599999999999966
 20
-119.2599999999999909
 30
0
 11
146.632000000000005
 21
-119.2599999999999909
 31
0
  0
LINE
  5
613
330
1B
100
AcDbEntity
  8
F.Silkscreen
  6
CONTINUOUS
100
AcDbLine
 10
150.1599999999999966
 20
-119.2999999999999972
 30
0
 11
146.6469999999999914
 21
-119.2999999999999972
 31
0
  0
LINE
  5
614
330
1B
100
AcDbEntity
  8
F.Silkscreen
  6
CONTINUOUS
100
AcDbLine
 10
150.1599999999999966
 20
-119.3399999999999892
 30
0
 11
146.6620000000000061
 21
-119.3399999999999892
 31
0
  0
LINE
  5
615
330
1B
100
AcDbEntity
  8
F.Silkscreen
  6
CONTINUOUS
100
AcDbLine
 10
150.1599999999999966
 20
-119.3799999999999955
 30
0
 11
146.6779999999999973
 21
-119.3799999999999955
 31
0
  0
LINE
  5
616
330
1B
100
AcDbEntity
  8
F.Silkscreen
  6
CONTINUOUS
100
AcDbLine
 10
150.1599999999999966
 20
-119.4199999999999875
 30
0
 11
146.6939999999999884
 21
-119.4199999999999875
 31
0
  0
LINE
  5
617
330
1B
100
AcDbEntity
  8
F.Silkscreen
  6
CONTINUOUS
100
AcDbLine
 10
150.1599999999999966
 20
-119.4599999999999937
 30
0
 11
146.7099999999999795
 21
-119.4599999999999937
 31
0
  0
LINE
  5
618
330
1B
100
AcDbEntity
  8
F.Silkscreen
  6
CONTINUOUS
100
AcDbLine
 10
150.1599999999999966
 20
-119.5
 30
0
 11
146.7270000000000039
 21
-119.5
 31
0
  0
LINE
  5
619
330
1B
100
AcDbEntity
  8
F.Silkscreen
  6
CONTINUOUS
100
AcDbLine
 10
150.1599999999999966
 20
-119.539999999999992
 30
0
 11
146.7439999999999998
 21
-119.539999999999992
 31
0
  0
LINE
  5
61A
330
1B
100
AcDbEntity
  8
F.Silkscreen
  6
CONTINUOUS
100
AcDbLine
 10
150.1599999999999966
 20
-119.5799999999999983
 30
0
 11
146.7620000000000005
 21
-119.5799999999999983
 31
0
  0
LINE
  5
61B
330
1B
100
AcDbEntity
  8
F.Silkscreen
  6
CONTINUOUS
100
AcDbLine
 10
150.1599999999999966
 20
-119.6199999999999903
 30
0
 11
146.7800000000000011
 21
-119.6199999999999903
 31
0
  0
LINE
  5
61C
330
1B
100
AcDbEntity
  8
F.Silkscreen
  6
CONTINUOUS
100
AcDbLine
 10
150.1599999999999966
 20
-119.6599999999999966
 30
0
 11
146.7980000000000018
 21
-119.6599999999999966
 31
0
  0
LINE
  5
61D
330
1B
100
AcDbEntity
  8
F.Silkscreen
  6
CONTINUOUS
100
AcDbLine
 10
150.1599999999999966
 20
-119.6999999999999886
 30
0
 11
146.8170000000000073
 21
-119.6999999999999886
 31
0
  0
LINE
  5
61E
330
1B
100
AcDbEntity
  8
F.Silkscreen
  6
CONTINUOUS
100
AcDbLine
 10
150.1599999999999966
 20
-119.7399999999999949
 30
0
 11
146.8359999999999843
 21
-119.7399999999999949
 31
0
  0
LINE
  5
61F
330
1B
100
AcDbEntity
  8
F.Silkscreen
  6
CONTINUOUS
100
AcDbLine
 10
150.1599999999999966
 20
-119.7800000000000011
 30
0
 11
146.8559999999999945
 21
-119.7800000000000011
 31
0
  0
LINE
  5
620
330
1B
100
AcDbEntity
  8
F.Silkscreen
  6
CONTINUOUS
100
AcDbLine
 10
150.1599999999999966
 20
-119.8199999999999932
 30
0
 11
146.8760000000000048
 21
-119.8199999999999932
 31
0
  0
LINE
  5
621
330
1B
100
AcDbEntity
  8
F.Silkscreen
  6
CONTINUOUS
100
AcDbLine
 10
150.1599999999999966
 20
-119.8599999999999994
 30
0
 11
146.8959999999999866
 21
-119.8599999999999994
 31
0
  0
LINE
  5
622
330
1B
100
AcDbEntity
  8
F.Silkscreen
  6
CONTINUOUS
100
AcDbLine
 10
150.1599999999999966
 20
-119.8999999999999915
 30
0
 11
146.9170000000000016
 21
-119.8999999999999915
 31
0
  0
LINE
  5
623
330
1B
100
AcDbEntity
  8
F.Silkscreen
  6
CONTINUOUS
100
AcDbLine
 10
150.1599999999999966
 20
-119.9399999999999977
 30
0
 11
146.938999999999993
 21
-119.9399999999999977
 31
0
  0
LINE
  5
624
330
1B
100
AcDbEntity
  8
F.Silkscreen
  6
CONTINUOUS
100
AcDbLine
 10
150.1599999999999966
 20
-119.9799999999999898
 30
0
 11
146.9609999999999843
 21
-119.9799999999999898
 31
0
  0
LINE
  5
625
330
1B
100
AcDbEntity
  8
F.Silkscreen
  6
CONTINUOUS
100
AcDbLine
 10
150.1599999999999966
 20
-120.019999999999996
 30
0
 11
146.9830000000000041
 21
-120.019999999999996
 31
0
  0
LINE
  5
626
330
1B
100
AcDbEntity
  8
F.Silkscreen
  6
CONTINUOUS
100
AcDbLine
 10
150.1599999999999966
 20
-120.0599999999999881
 30
0
 11
147.0060000000000002
 21
-120.0599999999999881
 31
0
  0
LINE
  5
627
330
1B
100
AcDbEntity
  8
F.Silkscreen
  6
CONTINUOUS
100
AcDbLine
 10
150.1599999999999966
 20
-120.0999999999999943
 30
0
 11
147.0289999999999964
 21
-120.0999999999999943
 31
0
  0
LINE
  5
628
330
1B
100
AcDbEntity
  8
F.Silkscreen
  6
CONTINUOUS
100
AcDbLine
 10
150.1599999999999966
 20
-120.1400000000000006
 30
0
 11
147.0529999999999973
 21
-120.1400000000000006
 31
0
  0
LINE
  5
629
330
1B
100
AcDbEntity
  8
F.Silkscreen
  6
CONTINUOUS
100
AcDbLine
 10
150.1599999999999966
 20
-120.1799999999999926
 30
0
 11
147.0769999999999982
 21
-120.1799999999999926
 31
0
  0
LINE
  5
62A
330
1B
100
AcDbEntity
  8
F.Silkscreen
  6
CONTINUOUS
100
AcDbLine
 10
150.1599999999999966
 20
-120.2199999999999989
 30
0
 11
147.1020000000000039
 21
-120.2199999999999989
 31
0
  0
LINE
  5
62B
330
1B
100
AcDbEntity
  8
F.Silkscreen
  6
CONTINUOUS
100
AcDbLine
 10
150.1599999999999966
 20
-120.2599999999999909
 30
0
 11
147.1279999999999859
 21
-120.2599999999999909
 31
0
  0
LINE
  5
62C
330
1B
100
AcDbEntity
  8
F.Silkscreen
  6
CONTINUOUS
100
AcDbLine
 10
150.1599999999999966
 20
-120.2999999999999972
 30
0
 11
147.1529999999999916
 21
-120.2999999999999972
 31
0
  0
LINE
  5
62D
330
1B
100
AcDbEntity
  8
F.Silkscreen
  6
CONTINUOUS
100
AcDbLine
 10
150.1599999999999966
 20
-120.3399999999999892
 30
0
 11
147.1800000000000068
 21
-120.3399999999999892
 31
0
  0
LINE
  5
62E
330
1B
100
AcDbEntity
  8
F.Silkscreen
  6
CONTINUOUS
100
AcDbLine
 10
150.1599999999999966
 20
-120.3799999999999955
 30
0
 11
147.2069999999999936
 21
-120.3799999999999955
 31
0
  0
LINE
  5
62F
330
1B
100
AcDbEntity
  8
F.Silkscreen
  6
CONTINUOUS
100
AcDbLine
 10
150.1599999999999966
 20
-120.4199999999999875
 30
0
 11
147.2339999999999804
 21
-120.4199999999999875
 31
0
  0
LINE
  5
630
330
1B
100
AcDbEntity
  8
F.Silkscreen
  6
CONTINUOUS
100
AcDbLine
 10
150.1599999999999966
 20
-120.4599999999999937
 30
0
 11
147.2620000000000005
 21
-120.4599999999999937
 31
0
  0
LINE
  5
631
330
1B
100
AcDbEntity
  8
F.Silkscreen
  6
CONTINUOUS
100
AcDbLine
 10
150.1599999999999966
 20
-120.5
 30
0
 11
147.2909999999999968
 21
-120.5
 31
0
  0
LINE
  5
632
330
1B
100
AcDbEntity
  8
F.Silkscreen
  6
CONTINUOUS
100
AcDbLine
 10
150.1599999999999966
 20
-120.539999999999992
 30
0
 11
147.3199999999999932
 21
-120.539999999999992
 31
0
  0
LINE
  5
633
330
1B
100
AcDbEntity
  8
F.Silkscreen
  6
CONTINUOUS
100
AcDbLine
 10
150.1599999999999966
 20
-120.5799999999999983
 30
0
 11
147.3499999999999943
 21
-120.5799999999999983
 31
0
  0
LINE
  5
634
330
1B
100
AcDbEntity
  8
F.Silkscreen
  6
CONTINUOUS
100
AcDbLine
 10
150.1599999999999966
 20
-120.6199999999999903
 30
0
 11
147.3799999999999955
 21
-120.6199999999999903
 31
0
  0
LINE
  5
635
330
1B
100
AcDbEntity
  8
F.Silkscreen
  6
CONTINUOUS
100
AcDbLine
 10
150.1599999999999966
 20
-120.6599999999999966
 30
0
 11
147.4120000000000061
 21
-120.6599999999999966
 31
0
  0
LINE
  5
636
330
1B
100
AcDbEntity
  8
F.Silkscreen
  6
CONTINUOUS
100
AcDbLine
 10
150.1599999999999966
 20
-120.6999999999999886
 30
0
 11
147.4429999999999836
 21
-120.6999999999999886
 31
0
  0
LINE
  5
637
330
1B
100
AcDbEntity
  8
F.Silkscreen
  6
CONTINUOUS
100
AcDbLine
 10
150.1599999999999966
 20
-120.7399999999999949
 30
0
 11
147.4759999999999991
 21
-120.7399999999999949
 31
0
  0
LINE
  5
638
330
1B
100
AcDbEntity
  8
F.Silkscreen
  6
CONTINUOUS
100
AcDbLine
 10
150.1599999999999966
 20
-120.7800000000000011
 30
0
 11
147.5089999999999861
 21
-120.7800000000000011
 31
0
  0
LINE
  5
639
330
1B
100
AcDbEntity
  8
F.Silkscreen
  6
CONTINUOUS
100
AcDbLine
 10
150.1599999999999966
 20
-120.8199999999999932
 30
0
 11
147.5420000000000016
 21
-120.8199999999999932
 31
0
  0
LINE
  5
63A
330
1B
100
AcDbEntity
  8
F.Silkscreen
  6
CONTINUOUS
100
AcDbLine
 10
150.1599999999999966
 20
-120.8599999999999994
 30
0
 11
147.5769999999999982
 21
-120.8599999999999994
 31
0
  0
LINE
  5
63B
330
1B
100
AcDbEntity
  8
F.Silkscreen
  6
CONTINUOUS
100
AcDbLine
 10
150.1599999999999966
 20
-120.8999999999999915
 30
0
 11
147.6119999999999948
 21
-120.8999999999999915
 31
0
  0
LINE
  5
63C
330
1B
100
AcDbEntity
  8
F.Silkscreen
  6
CONTINUOUS
100
AcDbLine
 10
150.1599999999999966
 20
-120.9399999999999977
 30
0
 11
147.6479999999999961
 21
-120.9399999999999977
 31
0
  0
LINE
  5
63D
330
1B
100
AcDbEntity
  8
F.Silkscreen
  6
CONTINUOUS
100
AcDbLine
 10
150.1599999999999966
 20
-120.9799999999999898
 30
0
 11
147.6839999999999975
 21
-120.9799999999999898
 31
0
  0
LINE
  5
63E
330
1B
100
AcDbEntity
  8
F.Silkscreen
  6
CONTINUOUS
100
AcDbLine
 10
150.1599999999999966
 20
-121.019999999999996
 30
0
 11
147.72199999999998
 21
-121.019999999999996
 31
0
  0
LINE
  5
63F
330
1B
100
AcDbEntity
  8
F.Silkscreen
  6
CONTINUOUS
100
AcDbLine
 10
150.1599999999999966
 20
-121.0599999999999881
 30
0
 11
147.7599999999999909
 21
-121.0599999999999881
 31
0
  0
LINE
  5
640
330
1B
100
AcDbEntity
  8
F.Silkscreen
  6
CONTINUOUS
100
AcDbLine
 10
150.1599999999999966
 20
-121.0999999999999943
 30
0
 11
147.7990000000000066
 21
-121.0999999999999943
 31
0
  0
LINE
  5
641
330
1B
100
AcDbEntity
  8
F.Silkscreen
  6
CONTINUOUS
100
AcDbLine
 10
150.1599999999999966
 20
-121.1400000000000006
 30
0
 11
147.8389999999999986
 21
-121.1400000000000006
 31
0
  0
LINE
  5
642
330
1B
100
AcDbEntity
  8
F.Silkscreen
  6
CONTINUOUS
100
AcDbLine
 10
150.1599999999999966
 20
-121.1799999999999926
 30
0
 11
147.8799999999999955
 21
-121.1799999999999926
 31
0
  0
LINE
  5
643
330
1B
100
AcDbEntity
  8
F.Silkscreen
  6
CONTINUOUS
100
AcDbLine
 10
150.1599999999999966
 20
-121.2199999999999989
 30
0
 11
147.921999999999997
 21
-121.2199999999999989
 31
0
  0
LINE
  5
644
330
1B
100
AcDbEntity
  8
F.Silkscreen
  6
CONTINUOUS
100
AcDbLine
 10
151.9989999999999952
 20
-122.5799999999999983
 30
0
 11
150.8009999999999877
 21
-122.5799999999999983
 31
0
  0
LINE
  5
645
330
1B
100
AcDbEntity
  8
F.Silkscreen
  6
CONTINUOUS
100
AcDbLine
 10
152.2620000000000005
 20
-122.539999999999992
 30
0
 11
150.5379999999999825
 21
-122.539999999999992
 31
0
  0
LINE
  5
646
330
1B
100
AcDbEntity
  8
F.Silkscreen
  6
CONTINUOUS
100
AcDbLine
 10
152.4619999999999891
 20
-122.5
 30
0
 11
150.3379999999999939
 21
-122.5
 31
0
  0
LINE
  5
647
330
1B
100
AcDbEntity
  8
F.Silkscreen
  6
CONTINUOUS
100
AcDbLine
 10
152.6299999999999955
 20
-122.4599999999999937
 30
0
 11
150.1699999999999875
 21
-122.4599999999999937
 31
0
  0
LINE
  5
648
330
1B
100
AcDbEntity
  8
F.Silkscreen
  6
CONTINUOUS
100
AcDbLine
 10
152.7769999999999868
 20
-122.4199999999999875
 30
0
 11
150.0229999999999961
 21
-122.4199999999999875
 31
0
  0
LINE
  5
649
330
1B
100
AcDbEntity
  8
F.Silkscreen
  6
CONTINUOUS
100
AcDbLine
 10
152.9089999999999918
 20
-122.3799999999999955
 30
0
 11
149.8909999999999911
 21
-122.3799999999999955
 31
0
  0
LINE
  5
64A
330
1B
100
AcDbEntity
  8
F.Silkscreen
  6
CONTINUOUS
100
AcDbLine
 10
153.0300000000000011
 20
-122.3399999999999892
 30
0
 11
149.7699999999999818
 21
-122.3399999999999892
 31
0
  0
LINE
  5
64B
330
1B
100
AcDbEntity
  8
F.Silkscreen
  6
CONTINUOUS
100
AcDbLine
 10
153.1419999999999959
 20
-122.2999999999999972
 30
0
 11
149.657999999999987
 21
-122.2999999999999972
 31
0
  0
LINE
  5
64C
330
1B
100
AcDbEntity
  8
F.Silkscreen
  6
CONTINUOUS
100
AcDbLine
 10
153.2459999999999809
 20
-122.2599999999999909
 30
0
 11
149.554000000000002
 21
-122.2599999999999909
 31
0
  0
LINE
  5
64D
330
1B
100
AcDbEntity
  8
F.Silkscreen
  6
CONTINUOUS
100
AcDbLine
 10
153.3439999999999941
 20
-122.2199999999999989
 30
0
 11
149.4559999999999889
 21
-122.2199999999999989
 31
0
  0
LINE
  5
64E
330
1B
100
AcDbEntity
  8
F.Silkscreen
  6
CONTINUOUS
100
AcDbLine
 10
153.4369999999999834
 20
-122.1799999999999926
 30
0
 11
149.3629999999999995
 21
-122.1799999999999926
 31
0
  0
LINE
  5
64F
330
1B
100
AcDbEntity
  8
F.Silkscreen
  6
CONTINUOUS
100
AcDbLine
 10
153.5240000000000009
 20
-122.1400000000000006
 30
0
 11
149.275999999999982
 21
-122.1400000000000006
 31
0
  0
LINE
  5
650
330
1B
100
AcDbEntity
  8
F.Silkscreen
  6
CONTINUOUS
100
AcDbLine
 10
153.6080000000000041
 20
-122.0999999999999943
 30
0
 11
149.1920000000000073
 21
-122.0999999999999943
 31
0
  0
LINE
  5
651
330
1B
100
AcDbEntity
  8
F.Silkscreen
  6
CONTINUOUS
100
AcDbLine
 10
153.6879999999999882
 20
-122.0599999999999881
 30
0
 11
149.1119999999999948
 21
-122.0599999999999881
 31
0
  0
LINE
  5
652
330
1B
100
AcDbEntity
  8
F.Silkscreen
  6
CONTINUOUS
100
AcDbLine
 10
153.7649999999999864
 20
-122.019999999999996
 30
0
 11
149.0349999999999966
 21
-122.019999999999996
 31
0
  0
LINE
  5
653
330
1B
100
AcDbEntity
  8
F.Silkscreen
  6
CONTINUOUS
100
AcDbLine
 10
153.8389999999999986
 20
-121.9799999999999898
 30
0
 11
148.9609999999999843
 21
-121.9799999999999898
 31
0
  0
LINE
  5
654
330
1B
100
AcDbEntity
  8
F.Silkscreen
  6
CONTINUOUS
100
AcDbLine
 10
153.9099999999999966
 20
-121.9399999999999977
 30
0
 11
148.8899999999999864
 21
-121.9399999999999977
 31
0
  0
LINE
  5
655
330
1B
100
AcDbEntity
  8
F.Silkscreen
  6
CONTINUOUS
100
AcDbLine
 10
153.9779999999999802
 20
-121.8999999999999915
 30
0
 11
148.8220000000000027
 21
-121.8999999999999915
 31
0
  0
LINE
  5
656
330
1B
100
AcDbEntity
  8
F.Silkscreen
  6
CONTINUOUS
100
AcDbLine
 10
154.0439999999999827
 20
-121.8599999999999994
 30
0
 11
148.7560000000000002
 21
-121.8599999999999994
 31
0
  0
LINE
  5
657
330
1B
100
AcDbEntity
  8
F.Silkscreen
  6
CONTINUOUS
100
AcDbLine
 10
154.1080000000000041
 20
-121.8199999999999932
 30
0
 11
148.6920000000000073
 21
-121.8199999999999932
 31
0
  0
LINE
  5
658
330
1B
100
AcDbEntity
  8
F.Silkscreen
  6
CONTINUOUS
100
AcDbLine
 10
154.1699999999999875
 20
-121.7800000000000011
 30
0
 11
148.6299999999999955
 21
-121.7800000000000011
 31
0
  0
LINE
  5
659
330
1B
100
AcDbEntity
  8
F.Silkscreen
  6
CONTINUOUS
100
AcDbLine
 10
154.2299999999999898
 20
-121.7399999999999949
 30
0
 11
148.5699999999999932
 21
-121.7399999999999949
 31
0
  0
LINE
  5
65A
330
1B
100
AcDbEntity
  8
F.Silkscreen
  6
CONTINUOUS
100
AcDbLine
 10
154.2750000000000057
 20
-112.0203539999999975
 30
0
 11
154.2750000000000057
 21
-113.0203539999999975
 31
0
  0
LINE
  5
65B
330
1B
100
AcDbEntity
  8
F.Silkscreen
  6
CONTINUOUS
100
AcDbLine
 10
154.2879999999999825
 20
-121.6999999999999886
 30
0
 11
148.5120000000000005
 21
-121.6999999999999886
 31
0
  0
LINE
  5
65C
330
1B
100
AcDbEntity
  8
F.Silkscreen
  6
CONTINUOUS
100
AcDbLine
 10
154.3449999999999989
 20
-121.6599999999999966
 30
0
 11
148.4549999999999841
 21
-121.6599999999999966
 31
0
  0
LINE
  5
65D
330
1B
100
AcDbEntity
  8
F.Silkscreen
  6
CONTINUOUS
100
AcDbLine
 10
154.4000000000000057
 20
-121.6199999999999903
 30
0
 11
148.4000000000000057
 21
-121.6199999999999903
 31
0
  0
LINE
  5
65E
330
1B
100
AcDbEntity
  8
F.Silkscreen
  6
CONTINUOUS
100
AcDbLine
 10
154.453000000000003
 20
-121.5799999999999983
 30
0
 11
148.34699999999998
 21
-121.5799999999999983
 31
0
  0
LINE
  5
65F
330
1B
100
AcDbEntity
  8
F.Silkscreen
  6
CONTINUOUS
100
AcDbLine
 10
154.5049999999999955
 20
-121.539999999999992
 30
0
 11
148.2949999999999875
 21
-121.539999999999992
 31
0
  0
LINE
  5
660
330
1B
100
AcDbEntity
  8
F.Silkscreen
  6
CONTINUOUS
100
AcDbLine
 10
154.5559999999999832
 20
-121.5
 30
0
 11
148.2439999999999998
 21
-121.5
 31
0
  0
LINE
  5
661
330
1B
100
AcDbEntity
  8
F.Silkscreen
  6
CONTINUOUS
100
AcDbLine
 10
154.6049999999999898
 20
-121.4599999999999937
 30
0
 11
148.1949999999999932
 21
-121.4599999999999937
 31
0
  0
LINE
  5
662
330
1B
100
AcDbEntity
  8
F.Silkscreen
  6
CONTINUOUS
100
AcDbLine
 10
154.6539999999999964
 20
-121.4199999999999875
 30
0
 11
148.1459999999999866
 21
-121.4199999999999875
 31
0
  0
LINE
  5
663
330
1B
100
AcDbEntity
  8
F.Silkscreen
  6
CONTINUOUS
100
AcDbLine
 10
154.7009999999999934
 20
-121.3799999999999955
 30
0
 11
148.0989999999999895
 21
-121.3799999999999955
 31
0
  0
LINE
  5
664
330
1B
100
AcDbEntity
  8
F.Silkscreen
  6
CONTINUOUS
100
AcDbLine
 10
154.7469999999999857
 20
-121.3399999999999892
 30
0
 11
148.0529999999999973
 21
-121.3399999999999892
 31
0
  0
LINE
  5
665
330
1B
100
AcDbEntity
  8
F.Silkscreen
  6
CONTINUOUS
100
AcDbLine
 10
154.7750000000000057
 20
-112.5203539999999975
 30
0
 11
153.7750000000000057
 21
-112.5203539999999975
 31
0
  0
LINE
  5
666
330
1B
100
AcDbEntity
  8
F.Silkscreen
  6
CONTINUOUS
100
AcDbLine
 10
154.7909999999999968
 20
-121.2999999999999972
 30
0
 11
148.0089999999999861
 21
-121.2999999999999972
 31
0
  0
LINE
  5
667
330
1B
100
AcDbEntity
  8
F.Silkscreen
  6
CONTINUOUS
100
AcDbLine
 10
154.8349999999999795
 20
-121.2599999999999909
 30
0
 11
147.9650000000000034
 21
-121.2599999999999909
 31
0
  0
LINE
  5
668
330
1B
100
AcDbEntity
  8
F.Silkscreen
  6
CONTINUOUS
100
AcDbLine
 10
154.8779999999999859
 20
-121.2199999999999989
 30
0
 11
152.6399999999999864
 21
-121.2199999999999989
 31
0
  0
LINE
  5
669
330
1B
100
AcDbEntity
  8
F.Silkscreen
  6
CONTINUOUS
100
AcDbLine
 10
154.9199999999999875
 20
-121.1799999999999926
 30
0
 11
152.6399999999999864
 21
-121.1799999999999926
 31
0
  0
LINE
  5
66A
330
1B
100
AcDbEntity
  8
F.Silkscreen
  6
CONTINUOUS
100
AcDbLine
 10
154.9609999999999843
 20
-121.1400000000000006
 30
0
 11
152.6399999999999864
 21
-121.1400000000000006
 31
0
  0
LINE
  5
66B
330
1B
100
AcDbEntity
  8
F.Silkscreen
  6
CONTINUOUS
100
AcDbLine
 10
155.0010000000000048
 20
-121.0999999999999943
 30
0
 11
152.6399999999999864
 21
-121.0999999999999943
 31
0
  0
LINE
  5
66C
330
1B
100
AcDbEntity
  8
F.Silkscreen
  6
CONTINUOUS
100
AcDbLine
 10
155.039999999999992
 20
-121.0599999999999881
 30
0
 11
152.6399999999999864
 21
-121.0599999999999881
 31
0
  0
LINE
  5
66D
330
1B
100
AcDbEntity
  8
F.Silkscreen
  6
CONTINUOUS
100
AcDbLine
 10
155.078000000000003
 20
-121.019999999999996
 30
0
 11
152.6399999999999864
 21
-121.019999999999996
 31
0
  0
LINE
  5
66E
330
1B
100
AcDbEntity
  8
F.Silkscreen
  6
CONTINUOUS
100
AcDbLine
 10
155.1159999999999854
 20
-120.9799999999999898
 30
0
 11
152.6399999999999864
 21
-120.9799999999999898
 31
0
  0
LINE
  5
66F
330
1B
100
AcDbEntity
  8
F.Silkscreen
  6
CONTINUOUS
100
AcDbLine
 10
155.1519999999999868
 20
-120.9399999999999977
 30
0
 11
152.6399999999999864
 21
-120.9399999999999977
 31
0
  0
LINE
  5
670
330
1B
100
AcDbEntity
  8
F.Silkscreen
  6
CONTINUOUS
100
AcDbLine
 10
155.1879999999999882
 20
-120.8999999999999915
 30
0
 11
152.6399999999999864
 21
-120.8999999999999915
 31
0
  0
LINE
  5
671
330
1B
100
AcDbEntity
  8
F.Silkscreen
  6
CONTINUOUS
100
AcDbLine
 10
155.2229999999999848
 20
-120.8599999999999994
 30
0
 11
152.6399999999999864
 21
-120.8599999999999994
 31
0
  0
LINE
  5
672
330
1B
100
AcDbEntity
  8
F.Silkscreen
  6
CONTINUOUS
100
AcDbLine
 10
155.2579999999999814
 20
-120.8199999999999932
 30
0
 11
152.6399999999999864
 21
-120.8199999999999932
 31
0
  0
LINE
  5
673
330
1B
100
AcDbEntity
  8
F.Silkscreen
  6
CONTINUOUS
100
AcDbLine
 10
155.2909999999999968
 20
-120.7800000000000011
 30
0
 11
152.6399999999999864
 21
-120.7800000000000011
 31
0
  0
LINE
  5
674
330
1B
100
AcDbEntity
  8
F.Silkscreen
  6
CONTINUOUS
100
AcDbLine
 10
155.3239999999999839
 20
-120.7399999999999949
 30
0
 11
152.6399999999999864
 21
-120.7399999999999949
 31
0
  0
LINE
  5
675
330
1B
100
AcDbEntity
  8
F.Silkscreen
  6
CONTINUOUS
100
AcDbLine
 10
155.3569999999999993
 20
-120.6999999999999886
 30
0
 11
152.6399999999999864
 21
-120.6999999999999886
 31
0
  0
LINE
  5
676
330
1B
100
AcDbEntity
  8
F.Silkscreen
  6
CONTINUOUS
100
AcDbLine
 10
155.3880000000000052
 20
-120.6599999999999966
 30
0
 11
152.6399999999999864
 21
-120.6599999999999966
 31
0
  0
LINE
  5
677
330
1B
100
AcDbEntity
  8
F.Silkscreen
  6
CONTINUOUS
100
AcDbLine
 10
155.4199999999999875
 20
-120.6199999999999903
 30
0
 11
152.6399999999999864
 21
-120.6199999999999903
 31
0
  0
LINE
  5
678
330
1B
100
AcDbEntity
  8
F.Silkscreen
  6
CONTINUOUS
100
AcDbLine
 10
155.4499999999999886
 20
-120.5799999999999983
 30
0
 11
152.6399999999999864
 21
-120.5799999999999983
 31
0
  0
LINE
  5
679
330
1B
100
AcDbEntity
  8
F.Silkscreen
  6
CONTINUOUS
100
AcDbLine
 10
155.4799999999999898
 20
-120.539999999999992
 30
0
 11
152.6399999999999864
 21
-120.539999999999992
 31
0
  0
LINE
  5
67A
330
1B
100
AcDbEntity
  8
F.Silkscreen
  6
CONTINUOUS
100
AcDbLine
 10
155.5089999999999861
 20
-120.5
 30
0
 11
152.6399999999999864
 21
-120.5
 31
0
  0
LINE
  5
67B
330
1B
100
AcDbEntity
  8
F.Silkscreen
  6
CONTINUOUS
100
AcDbLine
 10
155.5379999999999825
 20
-120.4599999999999937
 30
0
 11
152.6399999999999864
 21
-120.4599999999999937
 31
0
  0
LINE
  5
67C
330
1B
100
AcDbEntity
  8
F.Silkscreen
  6
CONTINUOUS
100
AcDbLine
 10
155.5660000000000025
 20
-120.4199999999999875
 30
0
 11
152.6399999999999864
 21
-120.4199999999999875
 31
0
  0
LINE
  5
67D
330
1B
100
AcDbEntity
  8
F.Silkscreen
  6
CONTINUOUS
100
AcDbLine
 10
155.5929999999999893
 20
-120.3799999999999955
 30
0
 11
152.6399999999999864
 21
-120.3799999999999955
 31
0
  0
LINE
  5
67E
330
1B
100
AcDbEntity
  8
F.Silkscreen
  6
CONTINUOUS
100
AcDbLine
 10
155.6200000000000045
 20
-120.3399999999999892
 30
0
 11
152.6399999999999864
 21
-120.3399999999999892
 31
0
  0
LINE
  5
67F
330
1B
100
AcDbEntity
  8
F.Silkscreen
  6
CONTINUOUS
100
AcDbLine
 10
155.6469999999999914
 20
-120.2999999999999972
 30
0
 11
152.6399999999999864
 21
-120.2999999999999972
 31
0
  0
LINE
  5
680
330
1B
100
AcDbEntity
  8
F.Silkscreen
  6
CONTINUOUS
100
AcDbLine
 10
155.671999999999997
 20
-120.2599999999999909
 30
0
 11
152.6399999999999864
 21
-120.2599999999999909
 31
0
  0
LINE
  5
681
330
1B
100
AcDbEntity
  8
F.Silkscreen
  6
CONTINUOUS
100
AcDbLine
 10
155.6979999999999791
 20
-120.2199999999999989
 30
0
 11
152.6399999999999864
 21
-120.2199999999999989
 31
0
  0
LINE
  5
682
330
1B
100
AcDbEntity
  8
F.Silkscreen
  6
CONTINUOUS
100
AcDbLine
 10
155.7229999999999848
 20
-120.1799999999999926
 30
0
 11
152.6399999999999864
 21
-120.1799999999999926
 31
0
  0
LINE
  5
683
330
1B
100
AcDbEntity
  8
F.Silkscreen
  6
CONTINUOUS
100
AcDbLine
 10
155.7469999999999857
 20
-120.1400000000000006
 30
0
 11
152.6399999999999864
 21
-120.1400000000000006
 31
0
  0
LINE
  5
684
330
1B
100
AcDbEntity
  8
F.Silkscreen
  6
CONTINUOUS
100
AcDbLine
 10
155.7709999999999866
 20
-120.0999999999999943
 30
0
 11
152.6399999999999864
 21
-120.0999999999999943
 31
0
  0
LINE
  5
685
330
1B
100
AcDbEntity
  8
F.Silkscreen
  6
CONTINUOUS
100
AcDbLine
 10
155.7939999999999827
 20
-120.0599999999999881
 30
0
 11
152.6399999999999864
 21
-120.0599999999999881
 31
0
  0
LINE
  5
686
330
1B
100
AcDbEntity
  8
F.Silkscreen
  6
CONTINUOUS
100
AcDbLine
 10
155.8169999999999789
 20
-120.019999999999996
 30
0
 11
152.6399999999999864
 21
-120.019999999999996
 31
0
  0
LINE
  5
687
330
1B
100
AcDbEntity
  8
F.Silkscreen
  6
CONTINUOUS
100
AcDbLine
 10
155.8389999999999986
 20
-119.9799999999999898
 30
0
 11
152.6399999999999864
 21
-119.9799999999999898
 31
0
  0
LINE
  5
688
330
1B
100
AcDbEntity
  8
F.Silkscreen
  6
CONTINUOUS
100
AcDbLine
 10
155.86099999999999
 20
-119.9399999999999977
 30
0
 11
152.6399999999999864
 21
-119.9399999999999977
 31
0
  0
LINE
  5
689
330
1B
100
AcDbEntity
  8
F.Silkscreen
  6
CONTINUOUS
100
AcDbLine
 10
155.8829999999999814
 20
-119.8999999999999915
 30
0
 11
152.6399999999999864
 21
-119.8999999999999915
 31
0
  0
LINE
  5
68A
330
1B
100
AcDbEntity
  8
F.Silkscreen
  6
CONTINUOUS
100
AcDbLine
 10
155.9039999999999964
 20
-119.8599999999999994
 30
0
 11
152.6399999999999864
 21
-119.8599999999999994
 31
0
  0
LINE
  5
68B
330
1B
100
AcDbEntity
  8
F.Silkscreen
  6
CONTINUOUS
100
AcDbLine
 10
155.9240000000000066
 20
-119.8199999999999932
 30
0
 11
152.6399999999999864
 21
-119.8199999999999932
 31
0
  0
LINE
  5
68C
330
1B
100
AcDbEntity
  8
F.Silkscreen
  6
CONTINUOUS
100
AcDbLine
 10
155.9439999999999884
 20
-119.7800000000000011
 30
0
 11
152.6399999999999864
 21
-119.7800000000000011
 31
0
  0
LINE
  5
68D
330
1B
100
AcDbEntity
  8
F.Silkscreen
  6
CONTINUOUS
100
AcDbLine
 10
155.9639999999999986
 20
-119.7399999999999949
 30
0
 11
152.6399999999999864
 21
-119.7399999999999949
 31
0
  0
LINE
  5
68E
330
1B
100
AcDbEntity
  8
F.Silkscreen
  6
CONTINUOUS
100
AcDbLine
 10
155.9830000000000041
 20
-119.6999999999999886
 30
0
 11
152.6399999999999864
 21
-119.6999999999999886
 31
0
  0
LINE
  5
68F
330
1B
100
AcDbEntity
  8
F.Silkscreen
  6
CONTINUOUS
100
AcDbLine
 10
156.0019999999999811
 20
-119.6599999999999966
 30
0
 11
152.6399999999999864
 21
-119.6599999999999966
 31
0
  0
LINE
  5
690
330
1B
100
AcDbEntity
  8
F.Silkscreen
  6
CONTINUOUS
100
AcDbLine
 10
156.0199999999999818
 20
-119.6199999999999903
 30
0
 11
152.6399999999999864
 21
-119.6199999999999903
 31
0
  0
LINE
  5
691
330
1B
100
AcDbEntity
  8
F.Silkscreen
  6
CONTINUOUS
100
AcDbLine
 10
156.0379999999999825
 20
-119.5799999999999983
 30
0
 11
152.6399999999999864
 21
-119.5799999999999983
 31
0
  0
LINE
  5
692
330
1B
100
AcDbEntity
  8
F.Silkscreen
  6
CONTINUOUS
100
AcDbLine
 10
156.0559999999999832
 20
-119.539999999999992
 30
0
 11
152.6399999999999864
 21
-119.539999999999992
 31
0
  0
LINE
  5
693
330
1B
100
AcDbEntity
  8
F.Silkscreen
  6
CONTINUOUS
100
AcDbLine
 10
156.0729999999999791
 20
-119.5
 30
0
 11
152.6399999999999864
 21
-119.5
 31
0
  0
LINE
  5
694
330
1B
100
AcDbEntity
  8
F.Silkscreen
  6
CONTINUOUS
100
AcDbLine
 10
156.0900000000000034
 20
-119.4599999999999937
 30
0
 11
152.6399999999999864
 21
-119.4599999999999937
 31
0
  0
LINE
  5
695
330
1B
100
AcDbEntity
  8
F.Silkscreen
  6
CONTINUOUS
100
AcDbLine
 10
156.1059999999999945
 20
-119.4199999999999875
 30
0
 11
152.6399999999999864
 21
-119.4199999999999875
 31
0
  0
LINE
  5
696
330
1B
100
AcDbEntity
  8
F.Silkscreen
  6
CONTINUOUS
100
AcDbLine
 10
156.1219999999999857
 20
-119.3799999999999955
 30
0
 11
152.6399999999999864
 21
-119.3799999999999955
 31
0
  0
LINE
  5
697
330
1B
100
AcDbEntity
  8
F.Silkscreen
  6
CONTINUOUS
100
AcDbLine
 10
156.1380000000000052
 20
-119.3399999999999892
 30
0
 11
152.6399999999999864
 21
-119.3399999999999892
 31
0
  0
LINE
  5
698
330
1B
100
AcDbEntity
  8
F.Silkscreen
  6
CONTINUOUS
100
AcDbLine
 10
156.1529999999999916
 20
-119.2999999999999972
 30
0
 11
152.6399999999999864
 21
-119.2999999999999972
 31
0
  0
LINE
  5
699
330
1B
100
AcDbEntity
  8
F.Silkscreen
  6
CONTINUOUS
100
AcDbLine
 10
156.1680000000000064
 20
-119.2599999999999909
 30
0
 11
152.6399999999999864
 21
-119.2599999999999909
 31
0
  0
LINE
  5
69A
330
1B
100
AcDbEntity
  8
F.Silkscreen
  6
CONTINUOUS
100
AcDbLine
 10
156.1819999999999879
 20
-119.2199999999999989
 30
0
 11
152.6399999999999864
 21
-119.2199999999999989
 31
0
  0
LINE
  5
69B
330
1B
100
AcDbEntity
  8
F.Silkscreen
  6
CONTINUOUS
100
AcDbLine
 10
156.1970000000000027
 20
-119.1799999999999926
 30
0
 11
152.6399999999999864
 21
-119.1799999999999926
 31
0
  0
LINE
  5
69C
330
1B
100
AcDbEntity
  8
F.Silkscreen
  6
CONTINUOUS
100
AcDbLine
 10
156.2099999999999795
 20
-119.1400000000000006
 30
0
 11
152.6399999999999864
 21
-119.1400000000000006
 31
0
  0
LINE
  5
69D
330
1B
100
AcDbEntity
  8
F.Silkscreen
  6
CONTINUOUS
100
AcDbLine
 10
156.2239999999999895
 20
-119.0999999999999943
 30
0
 11
152.6399999999999864
 21
-119.0999999999999943
 31
0
  0
LINE
  5
69E
330
1B
100
AcDbEntity
  8
F.Silkscreen
  6
CONTINUOUS
100
AcDbLine
 10
156.2369999999999948
 20
-119.0599999999999881
 30
0
 11
152.6399999999999864
 21
-119.0599999999999881
 31
0
  0
LINE
  5
69F
330
1B
100
AcDbEntity
  8
F.Silkscreen
  6
CONTINUOUS
100
AcDbLine
 10
156.2489999999999952
 20
-119.019999999999996
 30
0
 11
152.6399999999999864
 21
-119.019999999999996
 31
0
  0
LINE
  5
6A0
330
1B
100
AcDbEntity
  8
F.Silkscreen
  6
CONTINUOUS
100
AcDbLine
 10
156.2609999999999957
 20
-118.9799999999999898
 30
0
 11
152.6399999999999864
 21
-118.9799999999999898
 31
0
  0
LINE
  5
6A1
330
1B
100
AcDbEntity
  8
F.Silkscreen
  6
CONTINUOUS
100
AcDbLine
 10
156.2729999999999961
 20
-118.9399999999999977
 30
0
 11
152.6399999999999864
 21
-118.9399999999999977
 31
0
  0
LINE
  5
6A2
330
1B
100
AcDbEntity
  8
F.Silkscreen
  6
CONTINUOUS
100
AcDbLine
 10
156.2849999999999966
 20
-118.8999999999999915
 30
0
 11
152.6399999999999864
 21
-118.8999999999999915
 31
0
  0
LINE
  5
6A3
330
1B
100
AcDbEntity
  8
F.Silkscreen
  6
CONTINUOUS
100
AcDbLine
 10
156.2959999999999923
 20
-118.8599999999999994
 30
0
 11
152.6399999999999864
 21
-118.8599999999999994
 31
0
  0
LINE
  5
6A4
330
1B
100
AcDbEntity
  8
F.Silkscreen
  6
CONTINUOUS
100
AcDbLine
 10
156.3069999999999879
 20
-118.8199999999999932
 30
0
 11
152.6399999999999864
 21
-118.8199999999999932
 31
0
  0
LINE
  5
6A5
330
1B
100
AcDbEntity
  8
F.Silkscreen
  6
CONTINUOUS
100
AcDbLine
 10
156.3169999999999789
 20
-118.7800000000000011
 30
0
 11
152.6399999999999864
 21
-118.7800000000000011
 31
0
  0
LINE
  5
6A6
330
1B
100
AcDbEntity
  8
F.Silkscreen
  6
CONTINUOUS
100
AcDbLine
 10
156.328000000000003
 20
-118.7399999999999949
 30
0
 11
146.47199999999998
 21
-118.7399999999999949
 31
0
  0
LINE
  5
6A7
330
1B
100
AcDbEntity
  8
F.Silkscreen
  6
CONTINUOUS
100
AcDbLine
 10
156.3369999999999891
 20
-118.6999999999999886
 30
0
 11
146.4629999999999939
 21
-118.6999999999999886
 31
0
  0
LINE
  5
6A8
330
1B
100
AcDbEntity
  8
F.Silkscreen
  6
CONTINUOUS
100
AcDbLine
 10
156.34699999999998
 20
-118.6599999999999966
 30
0
 11
146.453000000000003
 21
-118.6599999999999966
 31
0
  0
LINE
  5
6A9
330
1B
100
AcDbEntity
  8
F.Silkscreen
  6
CONTINUOUS
100
AcDbLine
 10
156.3559999999999945
 20
-118.6199999999999903
 30
0
 11
146.4439999999999884
 21
-118.6199999999999903
 31
0
  0
LINE
  5
6AA
330
1B
100
AcDbEntity
  8
F.Silkscreen
  6
CONTINUOUS
100
AcDbLine
 10
156.3649999999999807
 20
-118.5799999999999983
 30
0
 11
146.4350000000000023
 21
-118.5799999999999983
 31
0
  0
LINE
  5
6AB
330
1B
100
AcDbEntity
  8
F.Silkscreen
  6
CONTINUOUS
100
AcDbLine
 10
156.3729999999999905
 20
-118.539999999999992
 30
0
 11
146.4269999999999925
 21
-118.539999999999992
 31
0
  0
LINE
  5
6AC
330
1B
100
AcDbEntity
  8
F.Silkscreen
  6
CONTINUOUS
100
AcDbLine
 10
156.3810000000000002
 20
-118.5
 30
0
 11
146.4189999999999827
 21
-118.5
 31
0
  0
LINE
  5
6AD
330
1B
100
AcDbEntity
  8
F.Silkscreen
  6
CONTINUOUS
100
AcDbLine
 10
156.3889999999999816
 20
-118.4599999999999937
 30
0
 11
146.4110000000000014
 21
-118.4599999999999937
 31
0
  0
LINE
  5
6AE
330
1B
100
AcDbEntity
  8
F.Silkscreen
  6
CONTINUOUS
100
AcDbLine
 10
156.3969999999999914
 20
-118.4200000000000017
 30
0
 11
146.4029999999999916
 21
-118.4200000000000017
 31
0
  0
LINE
  5
6AF
330
1B
100
AcDbEntity
  8
F.Silkscreen
  6
CONTINUOUS
100
AcDbLine
 10
156.4039999999999964
 20
-118.3799999999999955
 30
0
 11
146.3959999999999866
 21
-118.3799999999999955
 31
0
  0
LINE
  5
6B0
330
1B
100
AcDbEntity
  8
F.Silkscreen
  6
CONTINUOUS
100
AcDbLine
 10
156.4110000000000014
 20
-118.3399999999999892
 30
0
 11
146.3889999999999816
 21
-118.3399999999999892
 31
0
  0
LINE
  5
6B1
330
1B
100
AcDbEntity
  8
F.Silkscreen
  6
CONTINUOUS
100
AcDbLine
 10
156.4170000000000016
 20
-118.2999999999999972
 30
0
 11
146.3829999999999814
 21
-118.2999999999999972
 31
0
  0
LINE
  5
6B2
330
1B
100
AcDbEntity
  8
F.Silkscreen
  6
CONTINUOUS
100
AcDbLine
 10
156.4230000000000018
 20
-118.2599999999999909
 30
0
 11
146.3769999999999811
 21
-118.2599999999999909
 31
0
  0
LINE
  5
6B3
330
1B
100
AcDbEntity
  8
F.Silkscreen
  6
CONTINUOUS
100
AcDbLine
 10
156.429000000000002
 20
-118.2199999999999989
 30
0
 11
146.3709999999999809
 21
-118.2199999999999989
 31
0
  0
LINE
  5
6B4
330
1B
100
AcDbEntity
  8
F.Silkscreen
  6
CONTINUOUS
100
AcDbLine
 10
156.4350000000000023
 20
-118.1799999999999926
 30
0
 11
146.3649999999999807
 21
-118.1799999999999926
 31
0
  0
LINE
  5
6B5
330
1B
100
AcDbEntity
  8
F.Silkscreen
  6
CONTINUOUS
100
AcDbLine
 10
156.4399999999999977
 20
-118.1400000000000006
 30
0
 11
146.3599999999999852
 21
-118.1400000000000006
 31
0
  0
LINE
  5
6B6
330
1B
100
AcDbEntity
  8
F.Silkscreen
  6
CONTINUOUS
100
AcDbLine
 10
156.4449999999999932
 20
-118.0999999999999943
 30
0
 11
146.3549999999999898
 21
-118.0999999999999943
 31
0
  0
LINE
  5
6B7
330
1B
100
AcDbEntity
  8
F.Silkscreen
  6
CONTINUOUS
100
AcDbLine
 10
156.4489999999999839
 20
-118.0599999999999881
 30
0
 11
146.3509999999999991
 21
-118.0599999999999881
 31
0
  0
LINE
  5
6B8
330
1B
100
AcDbEntity
  8
F.Silkscreen
  6
CONTINUOUS
100
AcDbLine
 10
156.4539999999999793
 20
-118.019999999999996
 30
0
 11
146.3460000000000036
 21
-118.019999999999996
 31
0
  0
LINE
  5
6B9
330
1B
100
AcDbEntity
  8
F.Silkscreen
  6
CONTINUOUS
100
AcDbLine
 10
156.4569999999999936
 20
-117.9799999999999898
 30
0
 11
146.3429999999999893
 21
-117.9799999999999898
 31
0
  0
LINE
  5
6BA
330
1B
100
AcDbEntity
  8
F.Silkscreen
  6
CONTINUOUS
100
AcDbLine
 10
156.4609999999999843
 20
-117.9399999999999977
 30
0
 11
146.3389999999999986
 21
-117.9399999999999977
 31
0
  0
LINE
  5
6BB
330
1B
100
AcDbEntity
  8
F.Silkscreen
  6
CONTINUOUS
100
AcDbLine
 10
156.4639999999999986
 20
-117.8999999999999915
 30
0
 11
146.3359999999999843
 21
-117.8999999999999915
 31
0
  0
LINE
  5
6BC
330
1B
100
AcDbEntity
  8
F.Silkscreen
  6
CONTINUOUS
100
AcDbLine
 10
156.4669999999999845
 20
-117.8599999999999994
 30
0
 11
146.3329999999999984
 21
-117.8599999999999994
 31
0
  0
LINE
  5
6BD
330
1B
100
AcDbEntity
  8
F.Silkscreen
  6
CONTINUOUS
100
AcDbLine
 10
156.4699999999999989
 20
-117.8199999999999932
 30
0
 11
146.3299999999999841
 21
-117.8199999999999932
 31
0
  0
LINE
  5
6BE
330
1B
100
AcDbEntity
  8
F.Silkscreen
  6
CONTINUOUS
100
AcDbLine
 10
156.47199999999998
 20
-117.7800000000000011
 30
0
 11
146.328000000000003
 21
-117.7800000000000011
 31
0
  0
LINE
  5
6BF
330
1B
100
AcDbEntity
  8
F.Silkscreen
  6
CONTINUOUS
100
AcDbLine
 10
156.4739999999999895
 20
-117.7399999999999949
 30
0
 11
146.3259999999999934
 21
-117.7399999999999949
 31
0
  0
LINE
  5
6C0
330
1B
100
AcDbEntity
  8
F.Silkscreen
  6
CONTINUOUS
100
AcDbLine
 10
156.4759999999999991
 20
-117.6999999999999886
 30
0
 11
146.3239999999999839
 21
-117.6999999999999886
 31
0
  0
LINE
  5
6C1
330
1B
100
AcDbEntity
  8
F.Silkscreen
  6
CONTINUOUS
100
AcDbLine
 10
156.4770000000000039
 20
-117.6599999999999966
 30
0
 11
146.3230000000000075
 21
-117.6599999999999966
 31
0
  0
LINE
  5
6C2
330
1B
100
AcDbEntity
  8
F.Silkscreen
  6
CONTINUOUS
100
AcDbLine
 10
156.478999999999985
 20
-117.5799999999999983
 30
0
 11
146.320999999999998
 21
-117.5799999999999983
 31
0
  0
LINE
  5
6C3
330
1B
100
AcDbEntity
  8
F.Silkscreen
  6
CONTINUOUS
100
AcDbLine
 10
156.478999999999985
 20
-117.6199999999999903
 30
0
 11
146.320999999999998
 21
-117.6199999999999903
 31
0
  0
LINE
  5
6C4
330
1B
100
AcDbEntity
  8
F.Silkscreen
  6
CONTINUOUS
100
AcDbLine
 10
156.4799999999999898
 20
-117.5
 30
0
 11
146.3199999999999932
 21
-117.5
 31
0
  0
LINE
  5
6C5
330
1B
100
AcDbEntity
  8
F.Silkscreen
  6
CONTINUOUS
100
AcDbLine
 10
156.4799999999999898
 20
-117.539999999999992
 30
0
 11
146.3199999999999932
 21
-117.539999999999992
 31
0
  0
CIRCLE
  5
6C6
330
1B
100
AcDbEntity
  8
F.Silkscreen
100
AcDbCircle
 10
151.4000000000000057
 20
-117.5
 30
0
 40
5.1200000000000001
  0
LINE
  5
6C7
330
1B
100
AcDbEntity
  8
F.Silkscreen
  6
CONTINUOUS
100
AcDbLine
 10
151.8299999999999841
 20
-93.9699999999999989
 30
0
 11
152.1670000000000016
 21
-93.9699999999999989
 31
0
  0
LINE
  5
6C8
330
1B
100
AcDbEntity
  8
F.Silkscreen
  6
CONTINUOUS
100
AcDbLine
 10
151.8299999999999841
 20
-99.2099999999999937
 30
0
 11
151.8299999999999841
 21
-93.9699999999999989
 31
0
  0
LINE
  5
6C9
330
1B
100
AcDbEntity
  8
F.Silkscreen
  6
CONTINUOUS
100
AcDbLine
 10
152.1670000000000016
 20
-99.2099999999999937
 30
0
 11
151.8299999999999841
 21
-99.2099999999999937
 31
0
  0
LINE
  5
6CA
330
1B
100
AcDbEntity
  8
F.Silkscreen
  6
CONTINUOUS
100
AcDbLine
 10
154.2330000000000041
 20
-93.9699999999999989
 30
0
 11
154.5699999999999932
 21
-93.9699999999999989
 31
0
  0
LINE
  5
6CB
330
1B
100
AcDbEntity
  8
F.Silkscreen
  6
CONTINUOUS
100
AcDbLine
 10
154.5699999999999932
 20
-93.9699999999999989
 30
0
 11
154.5699999999999932
 21
-99.2099999999999937
 31
0
  0
LINE
  5
6CC
330
1B
100
AcDbEntity
  8
F.Silkscreen
  6
CONTINUOUS
100
AcDbLine
 10
154.5699999999999932
 20
-99.2099999999999937
 30
0
 11
154.2330000000000041
 21
-99.2099999999999937
 31
0
  0
LINE
  5
6CD
330
1B
100
AcDbEntity
  8
F.Silkscreen
  6
CONTINUOUS
100
AcDbLine
 10
141.7199999999999989
 20
-63.4299999999999997
 30
0
 11
141.7199999999999989
 21
-63.759999999999998
 31
0
  0
LINE
  5
6CE
330
1B
100
AcDbEntity
  8
F.Silkscreen
  6
CONTINUOUS
100
AcDbLine
 10
141.7199999999999989
 20
-66.1700000000000017
 30
0
 11
141.7199999999999989
 21
-65.8400000000000034
 31
0
  0
LINE
  5
6CF
330
1B
100
AcDbEntity
  8
F.Silkscreen
  6
CONTINUOUS
100
AcDbLine
 10
148.2599999999999909
 20
-63.4299999999999997
 30
0
 11
141.7199999999999989
 21
-63.4299999999999997
 31
0
  0
LINE
  5
6D0
330
1B
100
AcDbEntity
  8
F.Silkscreen
  6
CONTINUOUS
100
AcDbLine
 10
148.2599999999999909
 20
-63.759999999999998
 30
0
 11
148.2599999999999909
 21
-63.4299999999999997
 31
0
  0
LINE
  5
6D1
330
1B
100
AcDbEntity
  8
F.Silkscreen
  6
CONTINUOUS
100
AcDbLine
 10
148.2599999999999909
 20
-65.8400000000000034
 30
0
 11
148.2599999999999909
 21
-66.1700000000000017
 31
0
  0
LINE
  5
6D2
330
1B
100
AcDbEntity
  8
F.Silkscreen
  6
CONTINUOUS
100
AcDbLine
 10
148.2599999999999909
 20
-66.1700000000000017
 30
0
 11
141.7199999999999989
 21
-66.1700000000000017
 31
0
  0
LINE
  5
6D3
330
1B
100
AcDbEntity
  8
F.Silkscreen
  6
CONTINUOUS
100
AcDbLine
 10
100.2999999999999972
 20
-116.
 30
0
 11
100.2999999999999972
 21
-119.
 31
0
  0
CIRCLE
  5
6D4
330
1B
100
AcDbEntity
  8
F.Silkscreen
100
AcDbCircle
 10
101.5999999999999943
 20
-117.5
 30
0
 40
1.5
  0
LINE
  5
6D5
330
1B
100
AcDbEntity
  8
F.Silkscreen
  6
CONTINUOUS
100
AcDbLine
 10
142.2549999999999955
 20
-58.4199999999999946
 30
0
 11
142.2549999999999955
 21
-61.1799999999999997
 31
0
  0
LINE
  5
6D6
330
1B
100
AcDbEntity
  8
F.Silkscreen
  6
CONTINUOUS
100
AcDbLine
 10
144.9050000000000011
 20
-58.4199999999999946
 30
0
 11
142.2549999999999955
 21
-58.4199999999999946
 31
0
  0
LINE
  5
6D7
330
1B
100
AcDbEntity
  8
F.Silkscreen
  6
CONTINUOUS
100
AcDbLine
 10
144.9050000000000011
 20
-58.4199999999999946
 30
0
 11
144.9050000000000011
 21
-61.1799999999999997
 31
0
  0
LINE
  5
6D8
330
1B
100
AcDbEntity
  8
F.Silkscreen
  6
CONTINUOUS
100
AcDbLine
 10
144.9050000000000011
 20
-61.1799999999999997
 30
0
 11
142.2549999999999955
 21
-61.1799999999999997
 31
0
  0
LINE
  5
6D9
330
1B
100
AcDbEntity
  8
F.Silkscreen
  6
CONTINUOUS
100
AcDbLine
 10
146.1749999999999829
 20
-58.4199999999999946
 30
0
 11
147.5550000000000068
 21
-58.4199999999999946
 31
0
  0
LINE
  5
6DA
330
1B
100
AcDbEntity
  8
F.Silkscreen
  6
CONTINUOUS
100
AcDbLine
 10
147.5550000000000068
 20
-58.4199999999999946
 30
0
 11
147.5550000000000068
 21
-59.7999999999999972
 31
0
  0
LINE
  5
6DB
330
1B
100
AcDbEntity
  8
F.Silkscreen
  6
CONTINUOUS
100
AcDbLine
 10
117.5799999999999983
 20
-119.9249999999999972
 30
0
 11
118.9649999999999892
 21
-119.9249999999999972
 31
0
  0
LINE
  5
6DC
330
1B
100
AcDbEntity
  8
F.Silkscreen
  6
CONTINUOUS
100
AcDbLine
 10
117.5799999999999983
 20
-131.164999999999992
 30
0
 11
117.5799999999999983
 21
-119.9249999999999972
 31
0
  0
LINE
  5
6DD
330
1B
100
AcDbEntity
  8
F.Silkscreen
  6
CONTINUOUS
100
AcDbLine
 10
118.9649999999999892
 20
-131.164999999999992
 30
0
 11
117.5799999999999983
 21
-131.164999999999992
 31
0
  0
LINE
  5
6DE
330
1B
100
AcDbEntity
  8
F.Silkscreen
  6
CONTINUOUS
100
AcDbLine
 10
120.6349999999999909
 20
-119.9249999999999972
 30
0
 11
122.019999999999996
 21
-119.9249999999999972
 31
0
  0
LINE
  5
6DF
330
1B
100
AcDbEntity
  8
F.Silkscreen
  6
CONTINUOUS
100
AcDbLine
 10
122.019999999999996
 20
-119.9249999999999972
 30
0
 11
122.019999999999996
 21
-131.164999999999992
 31
0
  0
LINE
  5
6E0
330
1B
100
AcDbEntity
  8
F.Silkscreen
  6
CONTINUOUS
100
AcDbLine
 10
122.019999999999996
 20
-131.164999999999992
 30
0
 11
120.6349999999999909
 21
-131.164999999999992
 31
0
  0
LINE
  5
6E1
330
1B
100
AcDbEntity
  8
F.Silkscreen
  6
CONTINUOUS
100
AcDbLine
 10
101.8399999999999892
 20
-43.1099999999999994
 30
0
 11
101.8399999999999892
 21
-50.7299999999999969
 31
0
  0
LINE
  5
6E2
330
1B
100
AcDbEntity
  8
F.Silkscreen
  6
CONTINUOUS
100
AcDbLine
 10
101.8399999999999892
 20
-44.3799999999999955
 30
0
 11
112.
 21
-44.3799999999999955
 31
0
  0
LINE
  5
6E3
330
1B
100
AcDbEntity
  8
F.Silkscreen
  6
CONTINUOUS
100
AcDbLine
 10
101.8399999999999892
 20
-50.7299999999999969
 30
0
 11
112.
 21
-50.7299999999999969
 31
0
  0
LINE
  5
6E4
330
1B
100
AcDbEntity
  8
F.Silkscreen
  6
CONTINUOUS
100
AcDbLine
 10
112.
 20
-43.1099999999999994
 30
0
 11
101.8399999999999892
 21
-43.1099999999999994
 31
0
  0
LINE
  5
6E5
330
1B
100
AcDbEntity
  8
F.Silkscreen
  6
CONTINUOUS
100
AcDbLine
 10
112.
 20
-50.7299999999999969
 30
0
 11
112.
 21
-43.1099999999999994
 31
0
  0
LINE
  5
6E6
330
1B
100
AcDbEntity
  8
F.Silkscreen
  6
CONTINUOUS
100
AcDbLine
 10
138.7599999999999909
 20
-43.1099999999999994
 30
0
 11
154.
 21
-43.1099999999999994
 31
0
  0
LINE
  5
6E7
330
1B
100
AcDbEntity
  8
F.Silkscreen
  6
CONTINUOUS
100
AcDbLine
 10
138.7599999999999909
 20
-49.4600000000000009
 30
0
 11
154.
 21
-49.4600000000000009
 31
0
  0
LINE
  5
6E8
330
1B
100
AcDbEntity
  8
F.Silkscreen
  6
CONTINUOUS
100
AcDbLine
 10
138.7599999999999909
 20
-50.7299999999999969
 30
0
 11
138.7599999999999909
 21
-43.1099999999999994
 31
0
  0
LINE
  5
6E9
330
1B
100
AcDbEntity
  8
F.Silkscreen
  6
CONTINUOUS
100
AcDbLine
 10
138.7599999999999909
 20
-50.7299999999999969
 30
0
 11
154.
 21
-50.7299999999999969
 31
0
  0
LINE
  5
6EA
330
1B
100
AcDbEntity
  8
F.Silkscreen
  6
CONTINUOUS
100
AcDbLine
 10
154.
 20
-50.7299999999999969
 30
0
 11
154.
 21
-43.1099999999999994
 31
0
  0
LINE
  5
6EB
330
1B
100
AcDbEntity
  8
F.Silkscreen
  6
CONTINUOUS
100
AcDbLine
 10
160.4300000000000068
 20
-93.039999999999992
 30
0
 11
160.4300000000000068
 21
-99.5799999999999983
 31
0
  0
LINE
  5
6EC
330
1B
100
AcDbEntity
  8
F.Silkscreen
  6
CONTINUOUS
100
AcDbLine
 10
160.4300000000000068
 20
-99.5799999999999983
 30
0
 11
160.7599999999999909
 21
-99.5799999999999983
 31
0
  0
LINE
  5
6ED
330
1B
100
AcDbEntity
  8
F.Silkscreen
  6
CONTINUOUS
100
AcDbLine
 10
160.7599999999999909
 20
-93.039999999999992
 30
0
 11
160.4300000000000068
 21
-93.039999999999992
 31
0
  0
LINE
  5
6EE
330
1B
100
AcDbEntity
  8
F.Silkscreen
  6
CONTINUOUS
100
AcDbLine
 10
162.8400000000000034
 20
-93.039999999999992
 30
0
 11
163.1699999999999875
 21
-93.039999999999992
 31
0
  0
LINE
  5
6EF
330
1B
100
AcDbEntity
  8
F.Silkscreen
  6
CONTINUOUS
100
AcDbLine
 10
163.1699999999999875
 20
-93.039999999999992
 30
0
 11
163.1699999999999875
 21
-99.5799999999999983
 31
0
  0
LINE
  5
6F0
330
1B
100
AcDbEntity
  8
F.Silkscreen
  6
CONTINUOUS
100
AcDbLine
 10
163.1699999999999875
 20
-99.5799999999999983
 30
0
 11
162.8400000000000034
 21
-99.5799999999999983
 31
0
  0
LINE
  5
6F1
330
1B
100
AcDbEntity
  8
F.Silkscreen
  6
CONTINUOUS
100
AcDbLine
 10
148.2299999999999898
 20
-93.9699999999999989
 30
0
 11
148.5670000000000073
 21
-93.9699999999999989
 31
0
  0
LINE
  5
6F2
330
1B
100
AcDbEntity
  8
F.Silkscreen
  6
CONTINUOUS
100
AcDbLine
 10
148.2299999999999898
 20
-99.2099999999999937
 30
0
 11
148.2299999999999898
 21
-93.9699999999999989
 31
0
  0
LINE
  5
6F3
330
1B
100
AcDbEntity
  8
F.Silkscreen
  6
CONTINUOUS
100
AcDbLine
 10
148.5670000000000073
 20
-99.2099999999999937
 30
0
 11
148.2299999999999898
 21
-99.2099999999999937
 31
0
  0
LINE
  5
6F4
330
1B
100
AcDbEntity
  8
F.Silkscreen
  6
CONTINUOUS
100
AcDbLine
 10
150.6329999999999814
 20
-93.9699999999999989
 30
0
 11
150.9699999999999989
 21
-93.9699999999999989
 31
0
  0
LINE
  5
6F5
330
1B
100
AcDbEntity
  8
F.Silkscreen
  6
CONTINUOUS
100
AcDbLine
 10
150.9699999999999989
 20
-93.9699999999999989
 30
0
 11
150.9699999999999989
 21
-99.2099999999999937
 31
0
  0
LINE
  5
6F6
330
1B
100
AcDbEntity
  8
F.Silkscreen
  6
CONTINUOUS
100
AcDbLine
 10
150.9699999999999989
 20
-99.2099999999999937
 30
0
 11
150.6329999999999814
 21
-99.2099999999999937
 31
0
  0
LINE
  5
6F7
330
1B
100
AcDbEntity
  8
F.Silkscreen
  6
CONTINUOUS
100
AcDbLine
 10
92.7299999999999898
 20
-77.3799999999999955
 30
0
 11
98.4699999999999989
 21
-77.3799999999999955
 31
0
  0
LINE
  5
6F8
330
1B
100
AcDbEntity
  8
F.Silkscreen
  6
CONTINUOUS
100
AcDbLine
 10
92.7299999999999898
 20
-84.8199999999999932
 30
0
 11
92.7299999999999898
 21
-77.3799999999999955
 31
0
  0
LINE
  5
6F9
330
1B
100
AcDbEntity
  8
F.Silkscreen
  6
CONTINUOUS
100
AcDbLine
 10
98.4699999999999989
 20
-77.3799999999999955
 30
0
 11
98.4699999999999989
 21
-84.8199999999999932
 31
0
  0
LINE
  5
6FA
330
1B
100
AcDbEntity
  8
F.Silkscreen
  6
CONTINUOUS
100
AcDbLine
 10
98.4699999999999989
 20
-84.8199999999999932
 30
0
 11
92.7299999999999898
 21
-84.8199999999999932
 31
0
  0
LINE
  5
6FB
330
1B
100
AcDbEntity
  8
F.Silkscreen
  6
CONTINUOUS
100
AcDbLine
 10
163.3364640000000065
 20
-124.1899999999999977
 30
0
 11
178.5764639999999872
 21
-124.1899999999999977
 31
0
  0
LINE
  5
6FC
330
1B
100
AcDbEntity
  8
F.Silkscreen
  6
CONTINUOUS
100
AcDbLine
 10
163.3364640000000065
 20
-130.539999999999992
 30
0
 11
178.5764639999999872
 21
-130.539999999999992
 31
0
  0
LINE
  5
6FD
330
1B
100
AcDbEntity
  8
F.Silkscreen
  6
CONTINUOUS
100
AcDbLine
 10
163.3364640000000065
 20
-131.8100000000000023
 30
0
 11
163.3364640000000065
 21
-124.1899999999999977
 31
0
  0
LINE
  5
6FE
330
1B
100
AcDbEntity
  8
F.Silkscreen
  6
CONTINUOUS
100
AcDbLine
 10
163.3364640000000065
 20
-131.8100000000000023
 30
0
 11
178.5764639999999872
 21
-131.8100000000000023
 31
0
  0
LINE
  5
6FF
330
1B
100
AcDbEntity
  8
F.Silkscreen
  6
CONTINUOUS
100
AcDbLine
 10
178.5764639999999872
 20
-131.8100000000000023
 30
0
 11
178.5764639999999872
 21
-124.1899999999999977
 31
0
  0
LINE
  5
700
330
1B
100
AcDbEntity
  8
F.Silkscreen
  6
CONTINUOUS
100
AcDbLine
 10
125.2199999999999989
 20
-124.1899999999999977
 30
0
 11
140.4599999999999795
 21
-124.1899999999999977
 31
0
  0
LINE
  5
701
330
1B
100
AcDbEntity
  8
F.Silkscreen
  6
CONTINUOUS
100
AcDbLine
 10
125.2199999999999989
 20
-130.539999999999992
 30
0
 11
140.4599999999999795
 21
-130.539999999999992
 31
0
  0
LINE
  5
702
330
1B
100
AcDbEntity
  8
F.Silkscreen
  6
CONTINUOUS
100
AcDbLine
 10
125.2199999999999989
 20
-131.8100000000000023
 30
0
 11
125.2199999999999989
 21
-124.1899999999999977
 31
0
  0
LINE
  5
703
330
1B
100
AcDbEntity
  8
F.Silkscreen
  6
CONTINUOUS
100
AcDbLine
 10
125.2199999999999989
 20
-131.8100000000000023
 30
0
 11
140.4599999999999795
 21
-131.8100000000000023
 31
0
  0
LINE
  5
704
330
1B
100
AcDbEntity
  8
F.Silkscreen
  6
CONTINUOUS
100
AcDbLine
 10
140.4599999999999795
 20
-131.8100000000000023
 30
0
 11
140.4599999999999795
 21
-124.1899999999999977
 31
0
  0
LINE
  5
705
330
1B
100
AcDbEntity
  8
F.Silkscreen
  6
CONTINUOUS
100
AcDbLine
 10
156.8299999999999841
 20
-93.1199999999999903
 30
0
 11
157.1599999999999966
 21
-93.1199999999999903
 31
0
  0
LINE
  5
706
330
1B
100
AcDbEntity
  8
F.Silkscreen
  6
CONTINUOUS
100
AcDbLine
 10
156.8299999999999841
 20
-99.6599999999999966
 30
0
 11
156.8299999999999841
 21
-93.1199999999999903
 31
0
  0
LINE
  5
707
330
1B
100
AcDbEntity
  8
F.Silkscreen
  6
CONTINUOUS
100
AcDbLine
 10
157.1599999999999966
 20
-99.6599999999999966
 30
0
 11
156.8299999999999841
 21
-99.6599999999999966
 31
0
  0
LINE
  5
708
330
1B
100
AcDbEntity
  8
F.Silkscreen
  6
CONTINUOUS
100
AcDbLine
 10
159.2399999999999807
 20
-99.6599999999999966
 30
0
 11
159.5699999999999932
 21
-99.6599999999999966
 31
0
  0
LINE
  5
709
330
1B
100
AcDbEntity
  8
F.Silkscreen
  6
CONTINUOUS
100
AcDbLine
 10
159.5699999999999932
 20
-93.1199999999999903
 30
0
 11
159.2399999999999807
 21
-93.1199999999999903
 31
0
  0
LINE
  5
70A
330
1B
100
AcDbEntity
  8
F.Silkscreen
  6
CONTINUOUS
100
AcDbLine
 10
159.5699999999999932
 20
-99.6599999999999966
 30
0
 11
159.5699999999999932
 21
-93.1199999999999903
 31
0
  0
LINE
  5
70B
330
1B
100
AcDbEntity
  8
F.Silkscreen
  6
CONTINUOUS
100
AcDbLine
 10
114.8399999999999892
 20
-43.1099999999999994
 30
0
 11
114.8399999999999892
 21
-50.7299999999999969
 31
0
  0
LINE
  5
70C
330
1B
100
AcDbEntity
  8
F.Silkscreen
  6
CONTINUOUS
100
AcDbLine
 10
114.8399999999999892
 20
-44.3799999999999955
 30
0
 11
125.
 21
-44.3799999999999955
 31
0
  0
LINE
  5
70D
330
1B
100
AcDbEntity
  8
F.Silkscreen
  6
CONTINUOUS
100
AcDbLine
 10
114.8399999999999892
 20
-50.7299999999999969
 30
0
 11
125.
 21
-50.7299999999999969
 31
0
  0
LINE
  5
70E
330
1B
100
AcDbEntity
  8
F.Silkscreen
  6
CONTINUOUS
100
AcDbLine
 10
125.
 20
-43.1099999999999994
 30
0
 11
114.8399999999999892
 21
-43.1099999999999994
 31
0
  0
LINE
  5
70F
330
1B
100
AcDbEntity
  8
F.Silkscreen
  6
CONTINUOUS
100
AcDbLine
 10
125.
 20
-50.7299999999999969
 30
0
 11
125.
 21
-43.1099999999999994
 31
0
  0
LINE
  5
710
330
1B
100
AcDbEntity
  8
F.Silkscreen
  6
CONTINUOUS
100
AcDbLine
 10
132.2199999999999989
 20
-80.5989999999999895
 30
0
 11
132.2199999999999989
 21
-79.4009999999999962
 31
0
  0
LINE
  5
711
330
1B
100
AcDbEntity
  8
F.Silkscreen
  6
CONTINUOUS
100
AcDbLine
 10
132.2599999999999909
 20
-80.8619999999999948
 30
0
 11
132.2599999999999909
 21
-79.137999999999991
 31
0
  0
LINE
  5
712
330
1B
100
AcDbEntity
  8
F.Silkscreen
  6
CONTINUOUS
100
AcDbLine
 10
132.2999999999999829
 20
-81.0619999999999976
 30
0
 11
132.2999999999999829
 21
-78.9380000000000024
 31
0
  0
LINE
  5
713
330
1B
100
AcDbEntity
  8
F.Silkscreen
  6
CONTINUOUS
100
AcDbLine
 10
132.3400000000000034
 20
-81.2299999999999898
 30
0
 11
132.3400000000000034
 21
-78.769999999999996
 31
0
  0
LINE
  5
714
330
1B
100
AcDbEntity
  8
F.Silkscreen
  6
CONTINUOUS
100
AcDbLine
 10
132.3799999999999955
 20
-81.3769999999999953
 30
0
 11
132.3799999999999955
 21
-78.6229999999999905
 31
0
  0
LINE
  5
715
330
1B
100
AcDbEntity
  8
F.Silkscreen
  6
CONTINUOUS
100
AcDbLine
 10
132.4199999999999875
 20
-81.5090000000000003
 30
0
 11
132.4199999999999875
 21
-78.4909999999999997
 31
0
  0
LINE
  5
716
330
1B
100
AcDbEntity
  8
F.Silkscreen
  6
CONTINUOUS
100
AcDbLine
 10
132.460000000000008
 20
-81.6299999999999955
 30
0
 11
132.460000000000008
 21
-78.3699999999999903
 31
0
  0
LINE
  5
717
330
1B
100
AcDbEntity
  8
F.Silkscreen
  6
CONTINUOUS
100
AcDbLine
 10
132.5
 20
-81.7419999999999902
 30
0
 11
132.5
 21
-78.2579999999999956
 31
0
  0
LINE
  5
718
330
1B
100
AcDbEntity
  8
F.Silkscreen
  6
CONTINUOUS
100
AcDbLine
 10
132.539999999999992
 20
-81.8459999999999894
 30
0
 11
132.539999999999992
 21
-78.1539999999999964
 31
0
  0
LINE
  5
719
330
1B
100
AcDbEntity
  8
F.Silkscreen
  6
CONTINUOUS
100
AcDbLine
 10
132.5799999999999841
 20
-81.9440000000000026
 30
0
 11
132.5799999999999841
 21
-78.0559999999999974
 31
0
  0
LINE
  5
71A
330
1B
100
AcDbEntity
  8
F.Silkscreen
  6
CONTINUOUS
100
AcDbLine
 10
132.6200000000000045
 20
-82.0369999999999919
 30
0
 11
132.6200000000000045
 21
-77.9629999999999939
 31
0
  0
LINE
  5
71B
330
1B
100
AcDbEntity
  8
F.Silkscreen
  6
CONTINUOUS
100
AcDbLine
 10
132.6599999999999966
 20
-82.1239999999999952
 30
0
 11
132.6599999999999966
 21
-77.8759999999999906
 31
0
  0
LINE
  5
71C
330
1B
100
AcDbEntity
  8
F.Silkscreen
  6
CONTINUOUS
100
AcDbLine
 10
132.6999999999999886
 20
-82.2079999999999984
 30
0
 11
132.6999999999999886
 21
-77.7920000000000016
 31
0
  0
LINE
  5
71D
330
1B
100
AcDbEntity
  8
F.Silkscreen
  6
CONTINUOUS
100
AcDbLine
 10
132.7399999999999807
 20
-82.2879999999999967
 30
0
 11
132.7399999999999807
 21
-77.7120000000000033
 31
0
  0
LINE
  5
71E
330
1B
100
AcDbEntity
  8
F.Silkscreen
  6
CONTINUOUS
100
AcDbLine
 10
132.7800000000000011
 20
-82.3649999999999949
 30
0
 11
132.7800000000000011
 21
-77.6349999999999909
 31
0
  0
LINE
  5
71F
330
1B
100
AcDbEntity
  8
F.Silkscreen
  6
CONTINUOUS
100
AcDbLine
 10
132.8199999999999932
 20
-82.438999999999993
 30
0
 11
132.8199999999999932
 21
-77.5609999999999928
 31
0
  0
LINE
  5
720
330
1B
100
AcDbEntity
  8
F.Silkscreen
  6
CONTINUOUS
100
AcDbLine
 10
132.8599999999999852
 20
-82.5099999999999909
 30
0
 11
132.8599999999999852
 21
-77.4899999999999949
 31
0
  0
LINE
  5
721
330
1B
100
AcDbEntity
  8
F.Silkscreen
  6
CONTINUOUS
100
AcDbLine
 10
132.9000000000000057
 20
-82.578000000000003
 30
0
 11
132.9000000000000057
 21
-77.421999999999997
 31
0
  0
LINE
  5
722
330
1B
100
AcDbEntity
  8
F.Silkscreen
  6
CONTINUOUS
100
AcDbLine
 10
132.9399999999999977
 20
-82.6439999999999912
 30
0
 11
132.9399999999999977
 21
-77.3559999999999945
 31
0
  0
LINE
  5
723
330
1B
100
AcDbEntity
  8
F.Silkscreen
  6
CONTINUOUS
100
AcDbLine
 10
132.9799999999999898
 20
-82.7079999999999984
 30
0
 11
132.9799999999999898
 21
-77.2920000000000016
 31
0
  0
LINE
  5
724
330
1B
100
AcDbEntity
  8
F.Silkscreen
  6
CONTINUOUS
100
AcDbLine
 10
133.0199999999999818
 20
-82.769999999999996
 30
0
 11
133.0199999999999818
 21
-77.2299999999999898
 31
0
  0
LINE
  5
725
330
1B
100
AcDbEntity
  8
F.Silkscreen
  6
CONTINUOUS
100
AcDbLine
 10
133.0600000000000023
 20
-82.8299999999999983
 30
0
 11
133.0600000000000023
 21
-77.1700000000000017
 31
0
  0
LINE
  5
726
330
1B
100
AcDbEntity
  8
F.Silkscreen
  6
CONTINUOUS
100
AcDbLine
 10
133.0999999999999943
 20
-82.887999999999991
 30
0
 11
133.0999999999999943
 21
-77.1119999999999948
 31
0
  0
LINE
  5
727
330
1B
100
AcDbEntity
  8
F.Silkscreen
  6
CONTINUOUS
100
AcDbLine
 10
133.1399999999999864
 20
-82.9449999999999932
 30
0
 11
133.1399999999999864
 21
-77.0549999999999926
 31
0
  0
LINE
  5
728
330
1B
100
AcDbEntity
  8
F.Silkscreen
  6
CONTINUOUS
100
AcDbLine
 10
133.1800000000000068
 20
-83.
 30
0
 11
133.1800000000000068
 21
-77.
 31
0
  0
LINE
  5
729
330
1B
100
AcDbEntity
  8
F.Silkscreen
  6
CONTINUOUS
100
AcDbLine
 10
133.2199999999999989
 20
-83.0529999999999973
 30
0
 11
133.2199999999999989
 21
-76.9470000000000027
 31
0
  0
LINE
  5
72A
330
1B
100
AcDbEntity
  8
F.Silkscreen
  6
CONTINUOUS
100
AcDbLine
 10
133.2599999999999909
 20
-83.1049999999999898
 30
0
 11
133.2599999999999909
 21
-76.894999999999996
 31
0
  0
LINE
  5
72B
330
1B
100
AcDbEntity
  8
F.Silkscreen
  6
CONTINUOUS
100
AcDbLine
 10
133.2999999999999829
 20
-83.1559999999999917
 30
0
 11
133.2999999999999829
 21
-76.8439999999999941
 31
0
  0
LINE
  5
72C
330
1B
100
AcDbEntity
  8
F.Silkscreen
  6
CONTINUOUS
100
AcDbLine
 10
133.3400000000000034
 20
-83.2049999999999983
 30
0
 11
133.3400000000000034
 21
-76.7950000000000017
 31
0
  0
LINE
  5
72D
330
1B
100
AcDbEntity
  8
F.Silkscreen
  6
CONTINUOUS
100
AcDbLine
 10
133.3799999999999955
 20
-83.2539999999999907
 30
0
 11
133.3799999999999955
 21
-76.7459999999999951
 31
0
  0
LINE
  5
72E
330
1B
100
AcDbEntity
  8
F.Silkscreen
  6
CONTINUOUS
100
AcDbLine
 10
133.4199999999999875
 20
-83.3010000000000019
 30
0
 11
133.4199999999999875
 21
-76.6989999999999981
 31
0
  0
LINE
  5
72F
330
1B
100
AcDbEntity
  8
F.Silkscreen
  6
CONTINUOUS
100
AcDbLine
 10
133.460000000000008
 20
-83.3469999999999942
 30
0
 11
133.460000000000008
 21
-76.6529999999999916
 31
0
  0
LINE
  5
730
330
1B
100
AcDbEntity
  8
F.Silkscreen
  6
CONTINUOUS
100
AcDbLine
 10
133.5
 20
-83.3909999999999911
 30
0
 11
133.5
 21
-76.6089999999999947
 31
0
  0
LINE
  5
731
330
1B
100
AcDbEntity
  8
F.Silkscreen
  6
CONTINUOUS
100
AcDbLine
 10
133.539999999999992
 20
-83.4350000000000023
 30
0
 11
133.539999999999992
 21
-76.5649999999999977
 31
0
  0
LINE
  5
732
330
1B
100
AcDbEntity
  8
F.Silkscreen
  6
CONTINUOUS
100
AcDbLine
 10
133.5799999999999841
 20
-78.7599999999999909
 30
0
 11
133.5799999999999841
 21
-76.5219999999999914
 31
0
  0
LINE
  5
733
330
1B
100
AcDbEntity
  8
F.Silkscreen
  6
CONTINUOUS
100
AcDbLine
 10
133.5799999999999841
 20
-83.4779999999999944
 30
0
 11
133.5799999999999841
 21
-81.2399999999999949
 31
0
  0
LINE
  5
734
330
1B
100
AcDbEntity
  8
F.Silkscreen
  6
CONTINUOUS
100
AcDbLine
 10
133.6200000000000045
 20
-78.7599999999999909
 30
0
 11
133.6200000000000045
 21
-76.4799999999999898
 31
0
  0
LINE
  5
735
330
1B
100
AcDbEntity
  8
F.Silkscreen
  6
CONTINUOUS
100
AcDbLine
 10
133.6200000000000045
 20
-83.519999999999996
 30
0
 11
133.6200000000000045
 21
-81.2399999999999949
 31
0
  0
LINE
  5
736
330
1B
100
AcDbEntity
  8
F.Silkscreen
  6
CONTINUOUS
100
AcDbLine
 10
133.6599999999999966
 20
-78.7599999999999909
 30
0
 11
133.6599999999999966
 21
-76.438999999999993
 31
0
  0
LINE
  5
737
330
1B
100
AcDbEntity
  8
F.Silkscreen
  6
CONTINUOUS
100
AcDbLine
 10
133.6599999999999966
 20
-83.5609999999999928
 30
0
 11
133.6599999999999966
 21
-81.2399999999999949
 31
0
  0
LINE
  5
738
330
1B
100
AcDbEntity
  8
F.Silkscreen
  6
CONTINUOUS
100
AcDbLine
 10
133.6999999999999886
 20
-78.7599999999999909
 30
0
 11
133.6999999999999886
 21
-76.3990000000000009
 31
0
  0
LINE
  5
739
330
1B
100
AcDbEntity
  8
F.Silkscreen
  6
CONTINUOUS
100
AcDbLine
 10
133.6999999999999886
 20
-83.6009999999999991
 30
0
 11
133.6999999999999886
 21
-81.2399999999999949
 31
0
  0
LINE
  5
73A
330
1B
100
AcDbEntity
  8
F.Silkscreen
  6
CONTINUOUS
100
AcDbLine
 10
133.7399999999999807
 20
-78.7599999999999909
 30
0
 11
133.7399999999999807
 21
-76.3599999999999994
 31
0
  0
LINE
  5
73B
330
1B
100
AcDbEntity
  8
F.Silkscreen
  6
CONTINUOUS
100
AcDbLine
 10
133.7399999999999807
 20
-83.6400000000000006
 30
0
 11
133.7399999999999807
 21
-81.2399999999999949
 31
0
  0
LINE
  5
73C
330
1B
100
AcDbEntity
  8
F.Silkscreen
  6
CONTINUOUS
100
AcDbLine
 10
133.7800000000000011
 20
-78.7599999999999909
 30
0
 11
133.7800000000000011
 21
-76.3220000000000027
 31
0
  0
LINE
  5
73D
330
1B
100
AcDbEntity
  8
F.Silkscreen
  6
CONTINUOUS
100
AcDbLine
 10
133.7800000000000011
 20
-83.6779999999999973
 30
0
 11
133.7800000000000011
 21
-81.2399999999999949
 31
0
  0
LINE
  5
73E
330
1B
100
AcDbEntity
  8
F.Silkscreen
  6
CONTINUOUS
100
AcDbLine
 10
133.8199999999999932
 20
-78.7599999999999909
 30
0
 11
133.8199999999999932
 21
-76.2839999999999918
 31
0
  0
LINE
  5
73F
330
1B
100
AcDbEntity
  8
F.Silkscreen
  6
CONTINUOUS
100
AcDbLine
 10
133.8199999999999932
 20
-83.715999999999994
 30
0
 11
133.8199999999999932
 21
-81.2399999999999949
 31
0
  0
LINE
  5
740
330
1B
100
AcDbEntity
  8
F.Silkscreen
  6
CONTINUOUS
100
AcDbLine
 10
133.8599999999999852
 20
-78.7599999999999909
 30
0
 11
133.8599999999999852
 21
-76.2479999999999905
 31
0
  0
LINE
  5
741
330
1B
100
AcDbEntity
  8
F.Silkscreen
  6
CONTINUOUS
100
AcDbLine
 10
133.8599999999999852
 20
-83.7519999999999953
 30
0
 11
133.8599999999999852
 21
-81.2399999999999949
 31
0
  0
LINE
  5
742
330
1B
100
AcDbEntity
  8
F.Silkscreen
  6
CONTINUOUS
100
AcDbLine
 10
133.9000000000000057
 20
-78.7599999999999909
 30
0
 11
133.9000000000000057
 21
-76.2120000000000033
 31
0
  0
LINE
  5
743
330
1B
100
AcDbEntity
  8
F.Silkscreen
  6
CONTINUOUS
100
AcDbLine
 10
133.9000000000000057
 20
-83.7879999999999967
 30
0
 11
133.9000000000000057
 21
-81.2399999999999949
 31
0
  0
LINE
  5
744
330
1B
100
AcDbEntity
  8
F.Silkscreen
  6
CONTINUOUS
100
AcDbLine
 10
133.9399999999999977
 20
-78.7599999999999909
 30
0
 11
133.9399999999999977
 21
-76.1769999999999925
 31
0
  0
LINE
  5
745
330
1B
100
AcDbEntity
  8
F.Silkscreen
  6
CONTINUOUS
100
AcDbLine
 10
133.9399999999999977
 20
-83.8229999999999933
 30
0
 11
133.9399999999999977
 21
-81.2399999999999949
 31
0
  0
LINE
  5
746
330
1B
100
AcDbEntity
  8
F.Silkscreen
  6
CONTINUOUS
100
AcDbLine
 10
133.9799999999999898
 20
-78.7599999999999909
 30
0
 11
133.9799999999999898
 21
-76.1419999999999959
 31
0
  0
LINE
  5
747
330
1B
100
AcDbEntity
  8
F.Silkscreen
  6
CONTINUOUS
100
AcDbLine
 10
133.9799999999999898
 20
-83.8579999999999899
 30
0
 11
133.9799999999999898
 21
-81.2399999999999949
 31
0
  0
LINE
  5
748
330
1B
100
AcDbEntity
  8
F.Silkscreen
  6
CONTINUOUS
100
AcDbLine
 10
134.0199999999999818
 20
-78.7599999999999909
 30
0
 11
134.0199999999999818
 21
-76.1089999999999947
 31
0
  0
LINE
  5
749
330
1B
100
AcDbEntity
  8
F.Silkscreen
  6
CONTINUOUS
100
AcDbLine
 10
134.0199999999999818
 20
-83.8909999999999911
 30
0
 11
134.0199999999999818
 21
-81.2399999999999949
 31
0
  0
LINE
  5
74A
330
1B
100
AcDbEntity
  8
F.Silkscreen
  6
CONTINUOUS
100
AcDbLine
 10
134.0600000000000023
 20
-78.7599999999999909
 30
0
 11
134.0600000000000023
 21
-76.0759999999999934
 31
0
  0
LINE
  5
74B
330
1B
100
AcDbEntity
  8
F.Silkscreen
  6
CONTINUOUS
100
AcDbLine
 10
134.0600000000000023
 20
-83.9239999999999924
 30
0
 11
134.0600000000000023
 21
-81.2399999999999949
 31
0
  0
LINE
  5
74C
330
1B
100
AcDbEntity
  8
F.Silkscreen
  6
CONTINUOUS
100
AcDbLine
 10
134.0999999999999943
 20
-78.7599999999999909
 30
0
 11
134.0999999999999943
 21
-76.0429999999999922
 31
0
  0
LINE
  5
74D
330
1B
100
AcDbEntity
  8
F.Silkscreen
  6
CONTINUOUS
100
AcDbLine
 10
134.0999999999999943
 20
-83.9569999999999936
 30
0
 11
134.0999999999999943
 21
-81.2399999999999949
 31
0
  0
LINE
  5
74E
330
1B
100
AcDbEntity
  8
F.Silkscreen
  6
CONTINUOUS
100
AcDbLine
 10
134.1399999999999864
 20
-78.7599999999999909
 30
0
 11
134.1399999999999864
 21
-76.0120000000000005
 31
0
  0
LINE
  5
74F
330
1B
100
AcDbEntity
  8
F.Silkscreen
  6
CONTINUOUS
100
AcDbLine
 10
134.1399999999999864
 20
-83.9879999999999995
 30
0
 11
134.1399999999999864
 21
-81.2399999999999949
 31
0
  0
LINE
  5
750
330
1B
100
AcDbEntity
  8
F.Silkscreen
  6
CONTINUOUS
100
AcDbLine
 10
134.1800000000000068
 20
-78.7599999999999909
 30
0
 11
134.1800000000000068
 21
-75.9799999999999898
 31
0
  0
LINE
  5
751
330
1B
100
AcDbEntity
  8
F.Silkscreen
  6
CONTINUOUS
100
AcDbLine
 10
134.1800000000000068
 20
-84.019999999999996
 30
0
 11
134.1800000000000068
 21
-81.2399999999999949
 31
0
  0
LINE
  5
752
330
1B
100
AcDbEntity
  8
F.Silkscreen
  6
CONTINUOUS
100
AcDbLine
 10
134.2199999999999989
 20
-78.7599999999999909
 30
0
 11
134.2199999999999989
 21
-75.9500000000000028
 31
0
  0
LINE
  5
753
330
1B
100
AcDbEntity
  8
F.Silkscreen
  6
CONTINUOUS
100
AcDbLine
 10
134.2199999999999989
 20
-84.0499999999999972
 30
0
 11
134.2199999999999989
 21
-81.2399999999999949
 31
0
  0
LINE
  5
754
330
1B
100
AcDbEntity
  8
F.Silkscreen
  6
CONTINUOUS
100
AcDbLine
 10
134.2599999999999909
 20
-78.7599999999999909
 30
0
 11
134.2599999999999909
 21
-75.9200000000000017
 31
0
  0
LINE
  5
755
330
1B
100
AcDbEntity
  8
F.Silkscreen
  6
CONTINUOUS
100
AcDbLine
 10
134.2599999999999909
 20
-84.0799999999999983
 30
0
 11
134.2599999999999909
 21
-81.2399999999999949
 31
0
  0
LINE
  5
756
330
1B
100
AcDbEntity
  8
F.Silkscreen
  6
CONTINUOUS
100
AcDbLine
 10
134.2999999999999829
 20
-78.7599999999999909
 30
0
 11
134.2999999999999829
 21
-75.8909999999999911
 31
0
  0
LINE
  5
757
330
1B
100
AcDbEntity
  8
F.Silkscreen
  6
CONTINUOUS
100
AcDbLine
 10
134.2999999999999829
 20
-84.1089999999999947
 30
0
 11
134.2999999999999829
 21
-81.2399999999999949
 31
0
  0
LINE
  5
758
330
1B
100
AcDbEntity
  8
F.Silkscreen
  6
CONTINUOUS
100
AcDbLine
 10
134.3400000000000034
 20
-78.7599999999999909
 30
0
 11
134.3400000000000034
 21
-75.8619999999999948
 31
0
  0
LINE
  5
759
330
1B
100
AcDbEntity
  8
F.Silkscreen
  6
CONTINUOUS
100
AcDbLine
 10
134.3400000000000034
 20
-84.137999999999991
 30
0
 11
134.3400000000000034
 21
-81.2399999999999949
 31
0
  0
LINE
  5
75A
330
1B
100
AcDbEntity
  8
F.Silkscreen
  6
CONTINUOUS
100
AcDbLine
 10
134.3799999999999955
 20
-78.7599999999999909
 30
0
 11
134.3799999999999955
 21
-75.8340000000000032
 31
0
  0
LINE
  5
75B
330
1B
100
AcDbEntity
  8
F.Silkscreen
  6
CONTINUOUS
100
AcDbLine
 10
134.3799999999999955
 20
-84.1659999999999968
 30
0
 11
134.3799999999999955
 21
-81.2399999999999949
 31
0
  0
LINE
  5
75C
330
1B
100
AcDbEntity
  8
F.Silkscreen
  6
CONTINUOUS
100
AcDbLine
 10
134.4199999999999875
 20
-78.7599999999999909
 30
0
 11
134.4199999999999875
 21
-75.8070000000000022
 31
0
  0
LINE
  5
75D
330
1B
100
AcDbEntity
  8
F.Silkscreen
  6
CONTINUOUS
100
AcDbLine
 10
134.4199999999999875
 20
-84.1929999999999978
 30
0
 11
134.4199999999999875
 21
-81.2399999999999949
 31
0
  0
LINE
  5
75E
330
1B
100
AcDbEntity
  8
F.Silkscreen
  6
CONTINUOUS
100
AcDbLine
 10
134.460000000000008
 20
-78.7599999999999909
 30
0
 11
134.460000000000008
 21
-75.7800000000000011
 31
0
  0
LINE
  5
75F
330
1B
100
AcDbEntity
  8
F.Silkscreen
  6
CONTINUOUS
100
AcDbLine
 10
134.460000000000008
 20
-84.2199999999999989
 30
0
 11
134.460000000000008
 21
-81.2399999999999949
 31
0
  0
LINE
  5
760
330
1B
100
AcDbEntity
  8
F.Silkscreen
  6
CONTINUOUS
100
AcDbLine
 10
134.5
 20
-78.7599999999999909
 30
0
 11
134.5
 21
-75.7530000000000001
 31
0
  0
LINE
  5
761
330
1B
100
AcDbEntity
  8
F.Silkscreen
  6
CONTINUOUS
100
AcDbLine
 10
134.5
 20
-84.2469999999999999
 30
0
 11
134.5
 21
-81.2399999999999949
 31
0
  0
LINE
  5
762
330
1B
100
AcDbEntity
  8
F.Silkscreen
  6
CONTINUOUS
100
AcDbLine
 10
134.539999999999992
 20
-78.7599999999999909
 30
0
 11
134.539999999999992
 21
-75.7279999999999944
 31
0
  0
LINE
  5
763
330
1B
100
AcDbEntity
  8
F.Silkscreen
  6
CONTINUOUS
100
AcDbLine
 10
134.539999999999992
 20
-84.2719999999999914
 30
0
 11
134.539999999999992
 21
-81.2399999999999949
 31
0
  0
LINE
  5
764
330
1B
100
AcDbEntity
  8
F.Silkscreen
  6
CONTINUOUS
100
AcDbLine
 10
134.5799999999999841
 20
-78.7599999999999909
 30
0
 11
134.5799999999999841
 21
-75.7019999999999982
 31
0
  0
LINE
  5
765
330
1B
100
AcDbEntity
  8
F.Silkscreen
  6
CONTINUOUS
100
AcDbLine
 10
134.5799999999999841
 20
-84.2980000000000018
 30
0
 11
134.5799999999999841
 21
-81.2399999999999949
 31
0
  0
LINE
  5
766
330
1B
100
AcDbEntity
  8
F.Silkscreen
  6
CONTINUOUS
100
AcDbLine
 10
134.6200000000000045
 20
-78.7599999999999909
 30
0
 11
134.6200000000000045
 21
-75.6769999999999925
 31
0
  0
LINE
  5
767
330
1B
100
AcDbEntity
  8
F.Silkscreen
  6
CONTINUOUS
100
AcDbLine
 10
134.6200000000000045
 20
-84.3229999999999933
 30
0
 11
134.6200000000000045
 21
-81.2399999999999949
 31
0
  0
LINE
  5
768
330
1B
100
AcDbEntity
  8
F.Silkscreen
  6
CONTINUOUS
100
AcDbLine
 10
134.6599999999999966
 20
-78.7599999999999909
 30
0
 11
134.6599999999999966
 21
-75.6529999999999916
 31
0
  0
LINE
  5
769
330
1B
100
AcDbEntity
  8
F.Silkscreen
  6
CONTINUOUS
100
AcDbLine
 10
134.6599999999999966
 20
-84.3469999999999942
 30
0
 11
134.6599999999999966
 21
-81.2399999999999949
 31
0
  0
LINE
  5
76A
330
1B
100
AcDbEntity
  8
F.Silkscreen
  6
CONTINUOUS
100
AcDbLine
 10
134.6999999999999886
 20
-78.7599999999999909
 30
0
 11
134.6999999999999886
 21
-75.6289999999999907
 31
0
  0
LINE
  5
76B
330
1B
100
AcDbEntity
  8
F.Silkscreen
  6
CONTINUOUS
100
AcDbLine
 10
134.6999999999999886
 20
-84.3709999999999951
 30
0
 11
134.6999999999999886
 21
-81.2399999999999949
 31
0
  0
LINE
  5
76C
330
1B
100
AcDbEntity
  8
F.Silkscreen
  6
CONTINUOUS
100
AcDbLine
 10
134.7399999999999807
 20
-78.7599999999999909
 30
0
 11
134.7399999999999807
 21
-75.6059999999999945
 31
0
  0
LINE
  5
76D
330
1B
100
AcDbEntity
  8
F.Silkscreen
  6
CONTINUOUS
100
AcDbLine
 10
134.7399999999999807
 20
-84.3939999999999912
 30
0
 11
134.7399999999999807
 21
-81.2399999999999949
 31
0
  0
LINE
  5
76E
330
1B
100
AcDbEntity
  8
F.Silkscreen
  6
CONTINUOUS
100
AcDbLine
 10
134.7800000000000011
 20
-78.7599999999999909
 30
0
 11
134.7800000000000011
 21
-75.5829999999999984
 31
0
  0
LINE
  5
76F
330
1B
100
AcDbEntity
  8
F.Silkscreen
  6
CONTINUOUS
100
AcDbLine
 10
134.7800000000000011
 20
-84.4170000000000016
 30
0
 11
134.7800000000000011
 21
-81.2399999999999949
 31
0
  0
LINE
  5
770
330
1B
100
AcDbEntity
  8
F.Silkscreen
  6
CONTINUOUS
100
AcDbLine
 10
134.8199999999999932
 20
-78.7599999999999909
 30
0
 11
134.8199999999999932
 21
-75.5609999999999928
 31
0
  0
LINE
  5
771
330
1B
100
AcDbEntity
  8
F.Silkscreen
  6
CONTINUOUS
100
AcDbLine
 10
134.8199999999999932
 20
-84.438999999999993
 30
0
 11
134.8199999999999932
 21
-81.2399999999999949
 31
0
  0
LINE
  5
772
330
1B
100
AcDbEntity
  8
F.Silkscreen
  6
CONTINUOUS
100
AcDbLine
 10
134.8599999999999852
 20
-78.7599999999999909
 30
0
 11
134.8599999999999852
 21
-75.5390000000000015
 31
0
  0
LINE
  5
773
330
1B
100
AcDbEntity
  8
F.Silkscreen
  6
CONTINUOUS
100
AcDbLine
 10
134.8599999999999852
 20
-84.4609999999999985
 30
0
 11
134.8599999999999852
 21
-81.2399999999999949
 31
0
  0
LINE
  5
774
330
1B
100
AcDbEntity
  8
F.Silkscreen
  6
CONTINUOUS
100
AcDbLine
 10
134.9000000000000057
 20
-78.7599999999999909
 30
0
 11
134.9000000000000057
 21
-75.5169999999999959
 31
0
  0
LINE
  5
775
330
1B
100
AcDbEntity
  8
F.Silkscreen
  6
CONTINUOUS
100
AcDbLine
 10
134.9000000000000057
 20
-84.4829999999999899
 30
0
 11
134.9000000000000057
 21
-81.2399999999999949
 31
0
  0
LINE
  5
776
330
1B
100
AcDbEntity
  8
F.Silkscreen
  6
CONTINUOUS
100
AcDbLine
 10
134.9399999999999977
 20
-78.7599999999999909
 30
0
 11
134.9399999999999977
 21
-75.4959999999999951
 31
0
  0
LINE
  5
777
330
1B
100
AcDbEntity
  8
F.Silkscreen
  6
CONTINUOUS
100
AcDbLine
 10
134.9399999999999977
 20
-84.5039999999999907
 30
0
 11
134.9399999999999977
 21
-81.2399999999999949
 31
0
  0
LINE
  5
778
330
1B
100
AcDbEntity
  8
F.Silkscreen
  6
CONTINUOUS
100
AcDbLine
 10
134.9799999999999898
 20
-78.7599999999999909
 30
0
 11
134.9799999999999898
 21
-75.4759999999999991
 31
0
  0
LINE
  5
779
330
1B
100
AcDbEntity
  8
F.Silkscreen
  6
CONTINUOUS
100
AcDbLine
 10
134.9799999999999898
 20
-84.5240000000000009
 30
0
 11
134.9799999999999898
 21
-81.2399999999999949
 31
0
  0
LINE
  5
77A
330
1B
100
AcDbEntity
  8
F.Silkscreen
  6
CONTINUOUS
100
AcDbLine
 10
135.0199999999999818
 20
-78.7599999999999909
 30
0
 11
135.0199999999999818
 21
-75.4560000000000031
 31
0
  0
LINE
  5
77B
330
1B
100
AcDbEntity
  8
F.Silkscreen
  6
CONTINUOUS
100
AcDbLine
 10
135.0199999999999818
 20
-84.5439999999999969
 30
0
 11
135.0199999999999818
 21
-81.2399999999999949
 31
0
  0
LINE
  5
77C
330
1B
100
AcDbEntity
  8
F.Silkscreen
  6
CONTINUOUS
100
AcDbLine
 10
135.0600000000000023
 20
-78.7599999999999909
 30
0
 11
135.0600000000000023
 21
-75.4359999999999928
 31
0
  0
LINE
  5
77D
330
1B
100
AcDbEntity
  8
F.Silkscreen
  6
CONTINUOUS
100
AcDbLine
 10
135.0600000000000023
 20
-84.563999999999993
 30
0
 11
135.0600000000000023
 21
-81.2399999999999949
 31
0
  0
LINE
  5
77E
330
1B
100
AcDbEntity
  8
F.Silkscreen
  6
CONTINUOUS
100
AcDbLine
 10
135.0999999999999943
 20
-78.7599999999999909
 30
0
 11
135.0999999999999943
 21
-75.4170000000000016
 31
0
  0
LINE
  5
77F
330
1B
100
AcDbEntity
  8
F.Silkscreen
  6
CONTINUOUS
100
AcDbLine
 10
135.0999999999999943
 20
-84.5829999999999984
 30
0
 11
135.0999999999999943
 21
-81.2399999999999949
 31
0
  0
LINE
  5
780
330
1B
100
AcDbEntity
  8
F.Silkscreen
  6
CONTINUOUS
100
AcDbLine
 10
135.1399999999999864
 20
-78.7599999999999909
 30
0
 11
135.1399999999999864
 21
-75.3979999999999961
 31
0
  0
LINE
  5
781
330
1B
100
AcDbEntity
  8
F.Silkscreen
  6
CONTINUOUS
100
AcDbLine
 10
135.1399999999999864
 20
-84.6019999999999897
 30
0
 11
135.1399999999999864
 21
-81.2399999999999949
 31
0
  0
LINE
  5
782
330
1B
100
AcDbEntity
  8
F.Silkscreen
  6
CONTINUOUS
100
AcDbLine
 10
135.1800000000000068
 20
-78.7599999999999909
 30
0
 11
135.1800000000000068
 21
-75.3799999999999955
 31
0
  0
LINE
  5
783
330
1B
100
AcDbEntity
  8
F.Silkscreen
  6
CONTINUOUS
100
AcDbLine
 10
135.1800000000000068
 20
-84.6199999999999903
 30
0
 11
135.1800000000000068
 21
-81.2399999999999949
 31
0
  0
LINE
  5
784
330
1B
100
AcDbEntity
  8
F.Silkscreen
  6
CONTINUOUS
100
AcDbLine
 10
135.2199999999999989
 20
-78.7599999999999909
 30
0
 11
135.2199999999999989
 21
-75.3619999999999948
 31
0
  0
LINE
  5
785
330
1B
100
AcDbEntity
  8
F.Silkscreen
  6
CONTINUOUS
100
AcDbLine
 10
135.2199999999999989
 20
-84.637999999999991
 30
0
 11
135.2199999999999989
 21
-81.2399999999999949
 31
0
  0
LINE
  5
786
330
1B
100
AcDbEntity
  8
F.Silkscreen
  6
CONTINUOUS
100
AcDbLine
 10
135.2599999999999909
 20
-78.7599999999999909
 30
0
 11
135.2599999999999909
 21
-75.3439999999999941
 31
0
  0
LINE
  5
787
330
1B
100
AcDbEntity
  8
F.Silkscreen
  6
CONTINUOUS
100
AcDbLine
 10
135.2599999999999909
 20
-84.6559999999999917
 30
0
 11
135.2599999999999909
 21
-81.2399999999999949
 31
0
  0
LINE
  5
788
330
1B
100
AcDbEntity
  8
F.Silkscreen
  6
CONTINUOUS
100
AcDbLine
 10
135.2999999999999829
 20
-78.7599999999999909
 30
0
 11
135.2999999999999829
 21
-75.3269999999999982
 31
0
  0
LINE
  5
789
330
1B
100
AcDbEntity
  8
F.Silkscreen
  6
CONTINUOUS
100
AcDbLine
 10
135.2999999999999829
 20
-84.6730000000000018
 30
0
 11
135.2999999999999829
 21
-81.2399999999999949
 31
0
  0
LINE
  5
78A
330
1B
100
AcDbEntity
  8
F.Silkscreen
  6
CONTINUOUS
100
AcDbLine
 10
135.3400000000000034
 20
-78.7599999999999909
 30
0
 11
135.3400000000000034
 21
-75.3100000000000023
 31
0
  0
LINE
  5
78B
330
1B
100
AcDbEntity
  8
F.Silkscreen
  6
CONTINUOUS
100
AcDbLine
 10
135.3400000000000034
 20
-84.6899999999999977
 30
0
 11
135.3400000000000034
 21
-81.2399999999999949
 31
0
  0
LINE
  5
78C
330
1B
100
AcDbEntity
  8
F.Silkscreen
  6
CONTINUOUS
100
AcDbLine
 10
135.3799999999999955
 20
-78.7599999999999909
 30
0
 11
135.3799999999999955
 21
-75.2939999999999969
 31
0
  0
LINE
  5
78D
330
1B
100
AcDbEntity
  8
F.Silkscreen
  6
CONTINUOUS
100
AcDbLine
 10
135.3799999999999955
 20
-84.7060000000000031
 30
0
 11
135.3799999999999955
 21
-81.2399999999999949
 31
0
  0
LINE
  5
78E
330
1B
100
AcDbEntity
  8
F.Silkscreen
  6
CONTINUOUS
100
AcDbLine
 10
135.4199999999999875
 20
-78.7599999999999909
 30
0
 11
135.4199999999999875
 21
-75.2779999999999916
 31
0
  0
LINE
  5
78F
330
1B
100
AcDbEntity
  8
F.Silkscreen
  6
CONTINUOUS
100
AcDbLine
 10
135.4199999999999875
 20
-84.7219999999999942
 30
0
 11
135.4199999999999875
 21
-81.2399999999999949
 31
0
  0
LINE
  5
790
330
1B
100
AcDbEntity
  8
F.Silkscreen
  6
CONTINUOUS
100
AcDbLine
 10
135.460000000000008
 20
-78.7599999999999909
 30
0
 11
135.460000000000008
 21
-75.2620000000000005
 31
0
  0
LINE
  5
791
330
1B
100
AcDbEntity
  8
F.Silkscreen
  6
CONTINUOUS
100
AcDbLine
 10
135.460000000000008
 20
-84.7379999999999995
 30
0
 11
135.460000000000008
 21
-81.2399999999999949
 31
0
  0
LINE
  5
792
330
1B
100
AcDbEntity
  8
F.Silkscreen
  6
CONTINUOUS
100
AcDbLine
 10
135.5
 20
-78.7599999999999909
 30
0
 11
135.5
 21
-75.2469999999999999
 31
0
  0
LINE
  5
793
330
1B
100
AcDbEntity
  8
F.Silkscreen
  6
CONTINUOUS
100
AcDbLine
 10
135.5
 20
-84.7530000000000001
 30
0
 11
135.5
 21
-81.2399999999999949
 31
0
  0
LINE
  5
794
330
1B
100
AcDbEntity
  8
F.Silkscreen
  6
CONTINUOUS
100
AcDbLine
 10
135.539999999999992
 20
-78.7599999999999909
 30
0
 11
135.539999999999992
 21
-75.2319999999999993
 31
0
  0
LINE
  5
795
330
1B
100
AcDbEntity
  8
F.Silkscreen
  6
CONTINUOUS
100
AcDbLine
 10
135.539999999999992
 20
-84.7680000000000007
 30
0
 11
135.539999999999992
 21
-81.2399999999999949
 31
0
  0
LINE
  5
796
330
1B
100
AcDbEntity
  8
F.Silkscreen
  6
CONTINUOUS
100
AcDbLine
 10
135.5799999999999841
 20
-78.7599999999999909
 30
0
 11
135.5799999999999841
 21
-75.2180000000000035
 31
0
  0
LINE
  5
797
330
1B
100
AcDbEntity
  8
F.Silkscreen
  6
CONTINUOUS
100
AcDbLine
 10
135.5799999999999841
 20
-84.7819999999999965
 30
0
 11
135.5799999999999841
 21
-81.2399999999999949
 31
0
  0
LINE
  5
798
330
1B
100
AcDbEntity
  8
F.Silkscreen
  6
CONTINUOUS
100
AcDbLine
 10
135.6200000000000045
 20
-78.7599999999999909
 30
0
 11
135.6200000000000045
 21
-75.203000000000003
 31
0
  0
LINE
  5
799
330
1B
100
AcDbEntity
  8
F.Silkscreen
  6
CONTINUOUS
100
AcDbLine
 10
135.6200000000000045
 20
-84.796999999999997
 30
0
 11
135.6200000000000045
 21
-81.2399999999999949
 31
0
  0
LINE
  5
79A
330
1B
100
AcDbEntity
  8
F.Silkscreen
  6
CONTINUOUS
100
AcDbLine
 10
135.6599999999999966
 20
-78.7599999999999909
 30
0
 11
135.6599999999999966
 21
-75.1899999999999977
 31
0
  0
LINE
  5
79B
330
1B
100
AcDbEntity
  8
F.Silkscreen
  6
CONTINUOUS
100
AcDbLine
 10
135.6599999999999966
 20
-84.8100000000000023
 30
0
 11
135.6599999999999966
 21
-81.2399999999999949
 31
0
  0
LINE
  5
79C
330
1B
100
AcDbEntity
  8
F.Silkscreen
  6
CONTINUOUS
100
AcDbLine
 10
135.6999999999999886
 20
-78.7599999999999909
 30
0
 11
135.6999999999999886
 21
-75.1760000000000019
 31
0
  0
LINE
  5
79D
330
1B
100
AcDbEntity
  8
F.Silkscreen
  6
CONTINUOUS
100
AcDbLine
 10
135.6999999999999886
 20
-84.8239999999999981
 30
0
 11
135.6999999999999886
 21
-81.2399999999999949
 31
0
  0
LINE
  5
79E
330
1B
100
AcDbEntity
  8
F.Silkscreen
  6
CONTINUOUS
100
AcDbLine
 10
135.7399999999999807
 20
-78.7599999999999909
 30
0
 11
135.7399999999999807
 21
-75.1629999999999967
 31
0
  0
LINE
  5
79F
330
1B
100
AcDbEntity
  8
F.Silkscreen
  6
CONTINUOUS
100
AcDbLine
 10
135.7399999999999807
 20
-84.8369999999999891
 30
0
 11
135.7399999999999807
 21
-81.2399999999999949
 31
0
  0
LINE
  5
7A0
330
1B
100
AcDbEntity
  8
F.Silkscreen
  6
CONTINUOUS
100
AcDbLine
 10
135.7800000000000011
 20
-78.7599999999999909
 30
0
 11
135.7800000000000011
 21
-75.1509999999999962
 31
0
  0
LINE
  5
7A1
330
1B
100
AcDbEntity
  8
F.Silkscreen
  6
CONTINUOUS
100
AcDbLine
 10
135.7800000000000011
 20
-84.8489999999999895
 30
0
 11
135.7800000000000011
 21
-81.2399999999999949
 31
0
  0
LINE
  5
7A2
330
1B
100
AcDbEntity
  8
F.Silkscreen
  6
CONTINUOUS
100
AcDbLine
 10
135.8199999999999932
 20
-78.7599999999999909
 30
0
 11
135.8199999999999932
 21
-75.1389999999999958
 31
0
  0
LINE
  5
7A3
330
1B
100
AcDbEntity
  8
F.Silkscreen
  6
CONTINUOUS
100
AcDbLine
 10
135.8199999999999932
 20
-84.86099999999999
 30
0
 11
135.8199999999999932
 21
-81.2399999999999949
 31
0
  0
LINE
  5
7A4
330
1B
100
AcDbEntity
  8
F.Silkscreen
  6
CONTINUOUS
100
AcDbLine
 10
135.8599999999999852
 20
-78.7599999999999909
 30
0
 11
135.8599999999999852
 21
-75.1269999999999953
 31
0
  0
LINE
  5
7A5
330
1B
100
AcDbEntity
  8
F.Silkscreen
  6
CONTINUOUS
100
AcDbLine
 10
135.8599999999999852
 20
-84.8729999999999905
 30
0
 11
135.8599999999999852
 21
-81.2399999999999949
 31
0
  0
LINE
  5
7A6
330
1B
100
AcDbEntity
  8
F.Silkscreen
  6
CONTINUOUS
100
AcDbLine
 10
135.9000000000000057
 20
-78.7599999999999909
 30
0
 11
135.9000000000000057
 21
-75.1149999999999949
 31
0
  0
LINE
  5
7A7
330
1B
100
AcDbEntity
  8
F.Silkscreen
  6
CONTINUOUS
100
AcDbLine
 10
135.9000000000000057
 20
-84.8849999999999909
 30
0
 11
135.9000000000000057
 21
-81.2399999999999949
 31
0
  0
LINE
  5
7A8
330
1B
100
AcDbEntity
  8
F.Silkscreen
  6
CONTINUOUS
100
AcDbLine
 10
135.9399999999999977
 20
-78.7599999999999909
 30
0
 11
135.9399999999999977
 21
-75.1039999999999992
 31
0
  0
LINE
  5
7A9
330
1B
100
AcDbEntity
  8
F.Silkscreen
  6
CONTINUOUS
100
AcDbLine
 10
135.9399999999999977
 20
-84.8960000000000008
 30
0
 11
135.9399999999999977
 21
-81.2399999999999949
 31
0
  0
LINE
  5
7AA
330
1B
100
AcDbEntity
  8
F.Silkscreen
  6
CONTINUOUS
100
AcDbLine
 10
135.9799999999999898
 20
-78.7599999999999909
 30
0
 11
135.9799999999999898
 21
-75.0930000000000035
 31
0
  0
LINE
  5
7AB
330
1B
100
AcDbEntity
  8
F.Silkscreen
  6
CONTINUOUS
100
AcDbLine
 10
135.9799999999999898
 20
-84.9069999999999965
 30
0
 11
135.9799999999999898
 21
-81.2399999999999949
 31
0
  0
LINE
  5
7AC
330
1B
100
AcDbEntity
  8
F.Silkscreen
  6
CONTINUOUS
100
AcDbLine
 10
136.0199999999999818
 20
-78.7599999999999909
 30
0
 11
136.0199999999999818
 21
-75.0829999999999984
 31
0
  0
LINE
  5
7AD
330
1B
100
AcDbEntity
  8
F.Silkscreen
  6
CONTINUOUS
100
AcDbLine
 10
136.0199999999999818
 20
-84.9170000000000016
 30
0
 11
136.0199999999999818
 21
-81.2399999999999949
 31
0
  0
LINE
  5
7AE
330
1B
100
AcDbEntity
  8
F.Silkscreen
  6
CONTINUOUS
100
AcDbLine
 10
136.0600000000000023
 20
-84.9279999999999973
 30
0
 11
136.0600000000000023
 21
-75.0720000000000027
 31
0
  0
LINE
  5
7AF
330
1B
100
AcDbEntity
  8
F.Silkscreen
  6
CONTINUOUS
100
AcDbLine
 10
136.0999999999999943
 20
-84.9369999999999976
 30
0
 11
136.0999999999999943
 21
-75.0630000000000024
 31
0
  0
LINE
  5
7B0
330
1B
100
AcDbEntity
  8
F.Silkscreen
  6
CONTINUOUS
100
AcDbLine
 10
136.1399999999999864
 20
-84.9470000000000027
 30
0
 11
136.1399999999999864
 21
-75.0529999999999973
 31
0
  0
LINE
  5
7B1
330
1B
100
AcDbEntity
  8
F.Silkscreen
  6
CONTINUOUS
100
AcDbLine
 10
136.1800000000000068
 20
-84.9560000000000031
 30
0
 11
136.1800000000000068
 21
-75.0439999999999969
 31
0
  0
LINE
  5
7B2
330
1B
100
AcDbEntity
  8
F.Silkscreen
  6
CONTINUOUS
100
AcDbLine
 10
136.2199999999999989
 20
-84.9649999999999892
 30
0
 11
136.2199999999999989
 21
-75.0349999999999966
 31
0
  0
LINE
  5
7B3
330
1B
100
AcDbEntity
  8
F.Silkscreen
  6
CONTINUOUS
100
AcDbLine
 10
136.2599999999999909
 20
-84.972999999999999
 30
0
 11
136.2599999999999909
 21
-75.027000000000001
 31
0
  0
LINE
  5
7B4
330
1B
100
AcDbEntity
  8
F.Silkscreen
  6
CONTINUOUS
100
AcDbLine
 10
136.2999999999999829
 20
-84.9809999999999945
 30
0
 11
136.2999999999999829
 21
-75.0189999999999912
 31
0
  0
LINE
  5
7B5
330
1B
100
AcDbEntity
  8
F.Silkscreen
  6
CONTINUOUS
100
AcDbLine
 10
136.3400000000000034
 20
-84.9889999999999901
 30
0
 11
136.3400000000000034
 21
-75.0109999999999957
 31
0
  0
LINE
  5
7B6
330
1B
100
AcDbEntity
  8
F.Silkscreen
  6
CONTINUOUS
100
AcDbLine
 10
136.3799999999999955
 20
-84.9969999999999999
 30
0
 11
136.3799999999999955
 21
-75.0030000000000001
 31
0
  0
LINE
  5
7B7
330
1B
100
AcDbEntity
  8
F.Silkscreen
  6
CONTINUOUS
100
AcDbLine
 10
136.4199999999999875
 20
-85.0039999999999907
 30
0
 11
136.4199999999999875
 21
-74.9959999999999951
 31
0
  0
LINE
  5
7B8
330
1B
100
AcDbEntity
  8
F.Silkscreen
  6
CONTINUOUS
100
AcDbLine
 10
136.460000000000008
 20
-85.0109999999999957
 30
0
 11
136.460000000000008
 21
-74.9889999999999901
 31
0
  0
LINE
  5
7B9
330
1B
100
AcDbEntity
  8
F.Silkscreen
  6
CONTINUOUS
100
AcDbLine
 10
136.5
 20
-85.0169999999999959
 30
0
 11
136.5
 21
-74.9829999999999899
 31
0
  0
LINE
  5
7BA
330
1B
100
AcDbEntity
  8
F.Silkscreen
  6
CONTINUOUS
100
AcDbLine
 10
136.539999999999992
 20
-85.0229999999999961
 30
0
 11
136.539999999999992
 21
-74.9769999999999897
 31
0
  0
LINE
  5
7BB
330
1B
100
AcDbEntity
  8
F.Silkscreen
  6
CONTINUOUS
100
AcDbLine
 10
136.5799999999999841
 20
-85.0289999999999964
 30
0
 11
136.5799999999999841
 21
-74.9710000000000036
 31
0
  0
LINE
  5
7BC
330
1B
100
AcDbEntity
  8
F.Silkscreen
  6
CONTINUOUS
100
AcDbLine
 10
136.6200000000000045
 20
-85.0349999999999966
 30
0
 11
136.6200000000000045
 21
-74.9650000000000034
 31
0
  0
LINE
  5
7BD
330
1B
100
AcDbEntity
  8
F.Silkscreen
  6
CONTINUOUS
100
AcDbLine
 10
136.6599999999999966
 20
-85.039999999999992
 30
0
 11
136.6599999999999966
 21
-74.9599999999999937
 31
0
  0
LINE
  5
7BE
330
1B
100
AcDbEntity
  8
F.Silkscreen
  6
CONTINUOUS
100
AcDbLine
 10
136.6999999999999886
 20
-85.0450000000000017
 30
0
 11
136.6999999999999886
 21
-74.9549999999999983
 31
0
  0
LINE
  5
7BF
330
1B
100
AcDbEntity
  8
F.Silkscreen
  6
CONTINUOUS
100
AcDbLine
 10
136.7399999999999807
 20
-85.0489999999999924
 30
0
 11
136.7399999999999807
 21
-74.9509999999999934
 31
0
  0
LINE
  5
7C0
330
1B
100
AcDbEntity
  8
F.Silkscreen
  6
CONTINUOUS
100
AcDbLine
 10
136.7800000000000011
 20
-85.054000000000002
 30
0
 11
136.7800000000000011
 21
-74.945999999999998
 31
0
  0
LINE
  5
7C1
330
1B
100
AcDbEntity
  8
F.Silkscreen
  6
CONTINUOUS
100
AcDbLine
 10
136.8199999999999932
 20
-85.0570000000000022
 30
0
 11
136.8199999999999932
 21
-74.9429999999999978
 31
0
  0
LINE
  5
7C2
330
1B
100
AcDbEntity
  8
F.Silkscreen
  6
CONTINUOUS
100
AcDbLine
 10
136.8599999999999852
 20
-85.0609999999999928
 30
0
 11
136.8599999999999852
 21
-74.938999999999993
 31
0
  0
LINE
  5
7C3
330
1B
100
AcDbEntity
  8
F.Silkscreen
  6
CONTINUOUS
100
AcDbLine
 10
136.9000000000000057
 20
-85.063999999999993
 30
0
 11
136.9000000000000057
 21
-74.9359999999999928
 31
0
  0
LINE
  5
7C4
330
1B
100
AcDbEntity
  8
F.Silkscreen
  6
CONTINUOUS
100
AcDbLine
 10
136.9399999999999977
 20
-85.0669999999999931
 30
0
 11
136.9399999999999977
 21
-74.9329999999999927
 31
0
  0
LINE
  5
7C5
330
1B
100
AcDbEntity
  8
F.Silkscreen
  6
CONTINUOUS
100
AcDbLine
 10
136.9799999999999898
 20
-85.0699999999999932
 30
0
 11
136.9799999999999898
 21
-74.9299999999999926
 31
0
  0
LINE
  5
7C6
330
1B
100
AcDbEntity
  8
F.Silkscreen
  6
CONTINUOUS
100
AcDbLine
 10
137.0199999999999818
 20
-85.0720000000000027
 30
0
 11
137.0199999999999818
 21
-74.9279999999999973
 31
0
  0
LINE
  5
7C7
330
1B
100
AcDbEntity
  8
F.Silkscreen
  6
CONTINUOUS
100
AcDbLine
 10
137.0600000000000023
 20
-85.0739999999999981
 30
0
 11
137.0600000000000023
 21
-74.9260000000000019
 31
0
  0
LINE
  5
7C8
330
1B
100
AcDbEntity
  8
F.Silkscreen
  6
CONTINUOUS
100
AcDbLine
 10
137.0999999999999943
 20
-85.0759999999999934
 30
0
 11
137.0999999999999943
 21
-74.9239999999999924
 31
0
  0
LINE
  5
7C9
330
1B
100
AcDbEntity
  8
F.Silkscreen
  6
CONTINUOUS
100
AcDbLine
 10
137.1399999999999864
 20
-85.0769999999999982
 30
0
 11
137.1399999999999864
 21
-74.9230000000000018
 31
0
  0
LINE
  5
7CA
330
1B
100
AcDbEntity
  8
F.Silkscreen
  6
CONTINUOUS
100
AcDbLine
 10
137.1800000000000068
 20
-85.0789999999999935
 30
0
 11
137.1800000000000068
 21
-74.9209999999999923
 31
0
  0
LINE
  5
7CB
330
1B
100
AcDbEntity
  8
F.Silkscreen
  6
CONTINUOUS
100
AcDbLine
 10
137.2199999999999989
 20
-85.0789999999999935
 30
0
 11
137.2199999999999989
 21
-74.9209999999999923
 31
0
  0
LINE
  5
7CC
330
1B
100
AcDbEntity
  8
F.Silkscreen
  6
CONTINUOUS
100
AcDbLine
 10
137.2599999999999909
 20
-85.0799999999999983
 30
0
 11
137.2599999999999909
 21
-74.9200000000000017
 31
0
  0
LINE
  5
7CD
330
1B
100
AcDbEntity
  8
F.Silkscreen
  6
CONTINUOUS
100
AcDbLine
 10
137.2999999999999829
 20
-85.0799999999999983
 30
0
 11
137.2999999999999829
 21
-74.9200000000000017
 31
0
  0
LINE
  5
7CE
330
1B
100
AcDbEntity
  8
F.Silkscreen
  6
CONTINUOUS
100
AcDbLine
 10
142.2796459999999854
 20
-83.375
 30
0
 11
142.2796459999999854
 21
-82.375
 31
0
  0
LINE
  5
7CF
330
1B
100
AcDbEntity
  8
F.Silkscreen
  6
CONTINUOUS
100
AcDbLine
 10
142.7796459999999854
 20
-82.875
 30
0
 11
141.7796459999999854
 21
-82.875
 31
0
  0
CIRCLE
  5
7D0
330
1B
100
AcDbEntity
  8
F.Silkscreen
100
AcDbCircle
 10
137.2999999999999829
 20
-80.
 30
0
 40
5.1200000000000001
  0
LINE
  5
7D1
330
1B
100
AcDbEntity
  8
F.Silkscreen
  6
CONTINUOUS
100
AcDbLine
 10
141.7199999999999989
 20
-67.5300000000000011
 30
0
 11
141.7199999999999989
 21
-67.8599999999999994
 31
0
  0
LINE
  5
7D2
330
1B
100
AcDbEntity
  8
F.Silkscreen
  6
CONTINUOUS
100
AcDbLine
 10
141.7199999999999989
 20
-70.269999999999996
 30
0
 11
141.7199999999999989
 21
-69.9399999999999977
 31
0
  0
LINE
  5
7D3
330
1B
100
AcDbEntity
  8
F.Silkscreen
  6
CONTINUOUS
100
AcDbLine
 10
148.2599999999999909
 20
-67.5300000000000011
 30
0
 11
141.7199999999999989
 21
-67.5300000000000011
 31
0
  0
LINE
  5
7D4
330
1B
100
AcDbEntity
  8
F.Silkscreen
  6
CONTINUOUS
100
AcDbLine
 10
148.2599999999999909
 20
-67.8599999999999994
 30
0
 11
148.2599999999999909
 21
-67.5300000000000011
 31
0
  0
LINE
  5
7D5
330
1B
100
AcDbEntity
  8
F.Silkscreen
  6
CONTINUOUS
100
AcDbLine
 10
148.2599999999999909
 20
-69.9399999999999977
 30
0
 11
148.2599999999999909
 21
-70.269999999999996
 31
0
  0
LINE
  5
7D6
330
1B
100
AcDbEntity
  8
F.Silkscreen
  6
CONTINUOUS
100
AcDbLine
 10
148.2599999999999909
 20
-70.269999999999996
 30
0
 11
141.7199999999999989
 21
-70.269999999999996
 31
0
  0
LINE
  5
7D7
330
1B
100
AcDbEntity
  8
F.Silkscreen
  6
CONTINUOUS
100
AcDbLine
 10
111.7800000000000011
 20
-124.3249999999999886
 30
0
 11
115.019999999999996
 21
-124.3249999999999886
 31
0
  0
LINE
  5
7D8
330
1B
100
AcDbEntity
  8
F.Silkscreen
  6
CONTINUOUS
100
AcDbLine
 10
111.7800000000000011
 20
-131.7649999999999864
 30
0
 11
111.7800000000000011
 21
-124.3249999999999886
 31
0
  0
LINE
  5
7D9
330
1B
100
AcDbEntity
  8
F.Silkscreen
  6
CONTINUOUS
100
AcDbLine
 10
115.019999999999996
 20
-124.3249999999999886
 30
0
 11
115.019999999999996
 21
-131.7649999999999864
 31
0
  0
LINE
  5
7DA
330
1B
100
AcDbEntity
  8
F.Silkscreen
  6
CONTINUOUS
100
AcDbLine
 10
115.019999999999996
 20
-131.7649999999999864
 30
0
 11
111.7800000000000011
 21
-131.7649999999999864
 31
0
  0
LINE
  5
7DB
330
1B
100
AcDbEntity
  8
F.Silkscreen
  6
CONTINUOUS
100
AcDbLine
 10
123.7299999999999898
 20
-63.7299999999999969
 30
0
 11
124.0599999999999881
 21
-63.7299999999999969
 31
0
  0
LINE
  5
7DC
330
1B
100
AcDbEntity
  8
F.Silkscreen
  6
CONTINUOUS
100
AcDbLine
 10
123.7299999999999898
 20
-70.269999999999996
 30
0
 11
123.7299999999999898
 21
-63.7299999999999969
 31
0
  0
LINE
  5
7DD
330
1B
100
AcDbEntity
  8
F.Silkscreen
  6
CONTINUOUS
100
AcDbLine
 10
124.0599999999999881
 20
-70.269999999999996
 30
0
 11
123.7299999999999898
 21
-70.269999999999996
 31
0
  0
LINE
  5
7DE
330
1B
100
AcDbEntity
  8
F.Silkscreen
  6
CONTINUOUS
100
AcDbLine
 10
126.1400000000000006
 20
-70.269999999999996
 30
0
 11
126.4699999999999989
 21
-70.269999999999996
 31
0
  0
LINE
  5
7DF
330
1B
100
AcDbEntity
  8
F.Silkscreen
  6
CONTINUOUS
100
AcDbLine
 10
126.4699999999999989
 20
-63.7299999999999969
 30
0
 11
126.1400000000000006
 21
-63.7299999999999969
 31
0
  0
LINE
  5
7E0
330
1B
100
AcDbEntity
  8
F.Silkscreen
  6
CONTINUOUS
100
AcDbLine
 10
126.4699999999999989
 20
-70.269999999999996
 30
0
 11
126.4699999999999989
 21
-63.7299999999999969
 31
0
  0
LINE
  5
7E1
330
1B
100
AcDbEntity
  8
F.Silkscreen
  6
CONTINUOUS
100
AcDbLine
 10
92.7299999999999898
 20
-100.9799999999999898
 30
0
 11
98.4699999999999989
 21
-100.9799999999999898
 31
0
  0
LINE
  5
7E2
330
1B
100
AcDbEntity
  8
F.Silkscreen
  6
CONTINUOUS
100
AcDbLine
 10
92.7299999999999898
 20
-108.4200000000000017
 30
0
 11
92.7299999999999898
 21
-100.9799999999999898
 31
0
  0
LINE
  5
7E3
330
1B
100
AcDbEntity
  8
F.Silkscreen
  6
CONTINUOUS
100
AcDbLine
 10
98.4699999999999989
 20
-100.9799999999999898
 30
0
 11
98.4699999999999989
 21
-108.4200000000000017
 31
0
  0
LINE
  5
7E4
330
1B
100
AcDbEntity
  8
F.Silkscreen
  6
CONTINUOUS
100
AcDbLine
 10
98.4699999999999989
 20
-108.4200000000000017
 30
0
 11
92.7299999999999898
 21
-108.4200000000000017
 31
0
  0
LINE
  5
7E5
330
1B
100
AcDbEntity
  8
F.Silkscreen
  6
CONTINUOUS
100
AcDbLine
 10
147.4799999999999898
 20
-108.4299999999999926
 30
0
 11
152.7199999999999989
 21
-108.4299999999999926
 31
0
  0
LINE
  5
7E6
330
1B
100
AcDbEntity
  8
F.Silkscreen
  6
CONTINUOUS
100
AcDbLine
 10
147.4799999999999898
 20
-108.7669999999999959
 30
0
 11
147.4799999999999898
 21
-108.4299999999999926
 31
0
  0
LINE
  5
7E7
330
1B
100
AcDbEntity
  8
F.Silkscreen
  6
CONTINUOUS
100
AcDbLine
 10
147.4799999999999898
 20
-111.1700000000000017
 30
0
 11
147.4799999999999898
 21
-110.8329999999999984
 31
0
  0
LINE
  5
7E8
330
1B
100
AcDbEntity
  8
F.Silkscreen
  6
CONTINUOUS
100
AcDbLine
 10
152.7199999999999989
 20
-108.4299999999999926
 30
0
 11
152.7199999999999989
 21
-108.7669999999999959
 31
0
  0
LINE
  5
7E9
330
1B
100
AcDbEntity
  8
F.Silkscreen
  6
CONTINUOUS
100
AcDbLine
 10
152.7199999999999989
 20
-110.8329999999999984
 30
0
 11
152.7199999999999989
 21
-111.1700000000000017
 31
0
  0
LINE
  5
7EA
330
1B
100
AcDbEntity
  8
F.Silkscreen
  6
CONTINUOUS
100
AcDbLine
 10
152.7199999999999989
 20
-111.1700000000000017
 30
0
 11
147.4799999999999898
 21
-111.1700000000000017
 31
0
  0
LINE
  5
7EB
330
1B
100
AcDbEntity
  8
F.Silkscreen
  6
CONTINUOUS
100
AcDbLine
 10
145.6299999999999955
 20
-123.6199999999999903
 30
0
 11
145.6299999999999955
 21
-130.1599999999999966
 31
0
  0
LINE
  5
7EC
330
1B
100
AcDbEntity
  8
F.Silkscreen
  6
CONTINUOUS
100
AcDbLine
 10
145.6299999999999955
 20
-130.1599999999999966
 30
0
 11
145.9599999999999795
 21
-130.1599999999999966
 31
0
  0
LINE
  5
7ED
330
1B
100
AcDbEntity
  8
F.Silkscreen
  6
CONTINUOUS
100
AcDbLine
 10
145.9599999999999795
 20
-123.6199999999999903
 30
0
 11
145.6299999999999955
 21
-123.6199999999999903
 31
0
  0
LINE
  5
7EE
330
1B
100
AcDbEntity
  8
F.Silkscreen
  6
CONTINUOUS
100
AcDbLine
 10
148.039999999999992
 20
-123.6199999999999903
 30
0
 11
148.3700000000000045
 21
-123.6199999999999903
 31
0
  0
LINE
  5
7EF
330
1B
100
AcDbEntity
  8
F.Silkscreen
  6
CONTINUOUS
100
AcDbLine
 10
148.3700000000000045
 20
-123.6199999999999903
 30
0
 11
148.3700000000000045
 21
-130.1599999999999966
 31
0
  0
LINE
  5
7F0
330
1B
100
AcDbEntity
  8
F.Silkscreen
  6
CONTINUOUS
100
AcDbLine
 10
148.3700000000000045
 20
-130.1599999999999966
 30
0
 11
148.039999999999992
 21
-130.1599999999999966
 31
0
  0
LINE
  5
7F1
330
1B
100
AcDbEntity
  8
F.Silkscreen
  6
CONTINUOUS
100
AcDbLine
 10
113.4299999999999926
 20
-88.7299999999999898
 30
0
 11
113.7599999999999909
 21
-88.7299999999999898
 31
0
  0
LINE
  5
7F2
330
1B
100
AcDbEntity
  8
F.Silkscreen
  6
CONTINUOUS
100
AcDbLine
 10
113.4299999999999926
 20
-95.269999999999996
 30
0
 11
113.4299999999999926
 21
-88.7299999999999898
 31
0
  0
LINE
  5
7F3
330
1B
100
AcDbEntity
  8
F.Silkscreen
  6
CONTINUOUS
100
AcDbLine
 10
113.7599999999999909
 20
-95.269999999999996
 30
0
 11
113.4299999999999926
 21
-95.269999999999996
 31
0
  0
LINE
  5
7F4
330
1B
100
AcDbEntity
  8
F.Silkscreen
  6
CONTINUOUS
100
AcDbLine
 10
115.8399999999999892
 20
-95.269999999999996
 30
0
 11
116.1700000000000017
 21
-95.269999999999996
 31
0
  0
LINE
  5
7F5
330
1B
100
AcDbEntity
  8
F.Silkscreen
  6
CONTINUOUS
100
AcDbLine
 10
116.1700000000000017
 20
-88.7299999999999898
 30
0
 11
115.8399999999999892
 21
-88.7299999999999898
 31
0
  0
LINE
  5
7F6
330
1B
100
AcDbEntity
  8
F.Silkscreen
  6
CONTINUOUS
100
AcDbLine
 10
116.1700000000000017
 20
-95.269999999999996
 30
0
 11
116.1700000000000017
 21
-88.7299999999999898
 31
0
  0
LINE
  5
7F7
330
1B
100
AcDbEntity
  8
F.Silkscreen
  6
CONTINUOUS
100
AcDbLine
 10
93.4799999999999898
 20
-86.1799999999999926
 30
0
 11
97.7199999999999989
 21
-86.1799999999999926
 31
0
  0
LINE
  5
7F8
330
1B
100
AcDbEntity
  8
F.Silkscreen
  6
CONTINUOUS
100
AcDbLine
 10
93.4799999999999898
 20
-99.4200000000000017
 30
0
 11
93.4799999999999898
 21
-86.1799999999999926
 31
0
  0
LINE
  5
7F9
330
1B
100
AcDbEntity
  8
F.Silkscreen
  6
CONTINUOUS
100
AcDbLine
 10
97.7199999999999989
 20
-86.1799999999999926
 30
0
 11
97.7199999999999989
 21
-99.4200000000000017
 31
0
  0
LINE
  5
7FA
330
1B
100
AcDbEntity
  8
F.Silkscreen
  6
CONTINUOUS
100
AcDbLine
 10
97.7199999999999989
 20
-99.4200000000000017
 30
0
 11
93.4799999999999898
 21
-99.4200000000000017
 31
0
  0
LINE
  5
7FB
330
1B
100
AcDbEntity
  8
F.Silkscreen
  6
CONTINUOUS
100
AcDbLine
 10
111.1299999999999955
 20
-63.7299999999999969
 30
0
 11
111.4599999999999937
 21
-63.7299999999999969
 31
0
  0
LINE
  5
7FC
330
1B
100
AcDbEntity
  8
F.Silkscreen
  6
CONTINUOUS
100
AcDbLine
 10
111.1299999999999955
 20
-70.269999999999996
 30
0
 11
111.1299999999999955
 21
-63.7299999999999969
 31
0
  0
LINE
  5
7FD
330
1B
100
AcDbEntity
  8
F.Silkscreen
  6
CONTINUOUS
100
AcDbLine
 10
111.4599999999999937
 20
-70.269999999999996
 30
0
 11
111.1299999999999955
 21
-70.269999999999996
 31
0
  0
LINE
  5
7FE
330
1B
100
AcDbEntity
  8
F.Silkscreen
  6
CONTINUOUS
100
AcDbLine
 10
113.539999999999992
 20
-70.269999999999996
 30
0
 11
113.8699999999999903
 21
-70.269999999999996
 31
0
  0
LINE
  5
7FF
330
1B
100
AcDbEntity
  8
F.Silkscreen
  6
CONTINUOUS
100
AcDbLine
 10
113.8699999999999903
 20
-63.7299999999999969
 30
0
 11
113.539999999999992
 21
-63.7299999999999969
 31
0
  0
LINE
  5
800
330
1B
100
AcDbEntity
  8
F.Silkscreen
  6
CONTINUOUS
100
AcDbLine
 10
113.8699999999999903
 20
-70.269999999999996
 30
0
 11
113.8699999999999903
 21
-63.7299999999999969
 31
0
  0
LINE
  5
801
330
1B
100
AcDbEntity
  8
F.Silkscreen
  6
CONTINUOUS
100
AcDbLine
 10
115.6299999999999955
 20
-63.7299999999999969
 30
0
 11
115.9599999999999937
 21
-63.7299999999999969
 31
0
  0
LINE
  5
802
330
1B
100
AcDbEntity
  8
F.Silkscreen
  6
CONTINUOUS
100
AcDbLine
 10
115.6299999999999955
 20
-70.269999999999996
 30
0
 11
115.6299999999999955
 21
-63.7299999999999969
 31
0
  0
LINE
  5
803
330
1B
100
AcDbEntity
  8
F.Silkscreen
  6
CONTINUOUS
100
AcDbLine
 10
115.9599999999999937
 20
-70.269999999999996
 30
0
 11
115.6299999999999955
 21
-70.269999999999996
 31
0
  0
LINE
  5
804
330
1B
100
AcDbEntity
  8
F.Silkscreen
  6
CONTINUOUS
100
AcDbLine
 10
118.039999999999992
 20
-70.269999999999996
 30
0
 11
118.3699999999999903
 21
-70.269999999999996
 31
0
  0
LINE
  5
805
330
1B
100
AcDbEntity
  8
F.Silkscreen
  6
CONTINUOUS
100
AcDbLine
 10
118.3699999999999903
 20
-63.7299999999999969
 30
0
 11
118.039999999999992
 21
-63.7299999999999969
 31
0
  0
LINE
  5
806
330
1B
100
AcDbEntity
  8
F.Silkscreen
  6
CONTINUOUS
100
AcDbLine
 10
118.3699999999999903
 20
-70.269999999999996
 30
0
 11
118.3699999999999903
 21
-63.7299999999999969
 31
0
  0
LINE
  5
807
330
1B
100
AcDbEntity
  8
F.Silkscreen
  6
CONTINUOUS
100
AcDbLine
 10
141.8299999999999841
 20
-123.6199999999999903
 30
0
 11
141.8299999999999841
 21
-130.1599999999999966
 31
0
  0
LINE
  5
808
330
1B
100
AcDbEntity
  8
F.Silkscreen
  6
CONTINUOUS
100
AcDbLine
 10
141.8299999999999841
 20
-130.1599999999999966
 30
0
 11
142.1599999999999966
 21
-130.1599999999999966
 31
0
  0
LINE
  5
809
330
1B
100
AcDbEntity
  8
F.Silkscreen
  6
CONTINUOUS
100
AcDbLine
 10
142.1599999999999966
 20
-123.6199999999999903
 30
0
 11
141.8299999999999841
 21
-123.6199999999999903
 31
0
  0
LINE
  5
80A
330
1B
100
AcDbEntity
  8
F.Silkscreen
  6
CONTINUOUS
100
AcDbLine
 10
144.2399999999999807
 20
-123.6199999999999903
 30
0
 11
144.5699999999999932
 21
-123.6199999999999903
 31
0
  0
LINE
  5
80B
330
1B
100
AcDbEntity
  8
F.Silkscreen
  6
CONTINUOUS
100
AcDbLine
 10
144.5699999999999932
 20
-123.6199999999999903
 30
0
 11
144.5699999999999932
 21
-130.1599999999999966
 31
0
  0
LINE
  5
80C
330
1B
100
AcDbEntity
  8
F.Silkscreen
  6
CONTINUOUS
100
AcDbLine
 10
144.5699999999999932
 20
-130.1599999999999966
 30
0
 11
144.2399999999999807
 21
-130.1599999999999966
 31
0
  0
LINE
  5
80D
330
1B
100
AcDbEntity
  8
F.Silkscreen
  6
CONTINUOUS
100
AcDbLine
 10
98.8799999999999955
 20
-52.6799999999999997
 30
0
 11
108.1199999999999903
 21
-52.6799999999999997
 31
0
  0
LINE
  5
80E
330
1B
100
AcDbEntity
  8
F.Silkscreen
  6
CONTINUOUS
100
AcDbLine
 10
98.8799999999999955
 20
-70.9200000000000017
 30
0
 11
98.8799999999999955
 21
-52.6799999999999997
 31
0
  0
LINE
  5
80F
330
1B
100
AcDbEntity
  8
F.Silkscreen
  6
CONTINUOUS
100
AcDbLine
 10
108.1199999999999903
 20
-52.6799999999999997
 30
0
 11
108.1199999999999903
 21
-70.9200000000000017
 31
0
  0
LINE
  5
810
330
1B
100
AcDbEntity
  8
F.Silkscreen
  6
CONTINUOUS
100
AcDbLine
 10
108.1199999999999903
 20
-70.9200000000000017
 30
0
 11
98.8799999999999955
 21
-70.9200000000000017
 31
0
  0
LINE
  5
811
330
1B
100
AcDbEntity
  8
F.Silkscreen
  6
CONTINUOUS
100
AcDbLine
 10
114.625
 20
-101.3799999999999955
 30
0
 11
132.8649999999999807
 21
-101.3799999999999955
 31
0
  0
LINE
  5
812
330
1B
100
AcDbEntity
  8
F.Silkscreen
  6
CONTINUOUS
100
AcDbLine
 10
114.625
 20
-108.6199999999999903
 30
0
 11
114.625
 21
-101.3799999999999955
 31
0
  0
LINE
  5
813
330
1B
100
AcDbEntity
  8
F.Silkscreen
  6
CONTINUOUS
100
AcDbLine
 10
132.8649999999999807
 20
-101.3799999999999955
 30
0
 11
132.8649999999999807
 21
-108.6199999999999903
 31
0
  0
LINE
  5
814
330
1B
100
AcDbEntity
  8
F.Silkscreen
  6
CONTINUOUS
100
AcDbLine
 10
132.8649999999999807
 20
-108.6199999999999903
 30
0
 11
114.625
 21
-108.6199999999999903
 31
0
  0
LINE
  5
815
330
1B
100
AcDbEntity
  8
F.Silkscreen
  6
CONTINUOUS
100
AcDbLine
 10
113.769999999999996
 20
-115.8799999999999955
 30
0
 11
113.769999999999996
 21
-114.5
 31
0
  0
LINE
  5
816
330
1B
100
AcDbEntity
  8
F.Silkscreen
  6
CONTINUOUS
100
AcDbLine
 10
115.1499999999999915
 20
-115.8799999999999955
 30
0
 11
113.769999999999996
 21
-115.8799999999999955
 31
0
  0
LINE
  5
817
330
1B
100
AcDbEntity
  8
F.Silkscreen
  6
CONTINUOUS
100
AcDbLine
 10
116.4200000000000017
 20
-113.1199999999999903
 30
0
 11
129.2299999999999898
 21
-113.1199999999999903
 31
0
  0
LINE
  5
818
330
1B
100
AcDbEntity
  8
F.Silkscreen
  6
CONTINUOUS
100
AcDbLine
 10
116.4200000000000017
 20
-115.8799999999999955
 30
0
 11
116.4200000000000017
 21
-113.1199999999999903
 31
0
  0
LINE
  5
819
330
1B
100
AcDbEntity
  8
F.Silkscreen
  6
CONTINUOUS
100
AcDbLine
 10
116.4200000000000017
 20
-115.8799999999999955
 30
0
 11
129.2299999999999898
 21
-115.8799999999999955
 31
0
  0
LINE
  5
81A
330
1B
100
AcDbEntity
  8
F.Silkscreen
  6
CONTINUOUS
100
AcDbLine
 10
129.2299999999999898
 20
-115.8799999999999955
 30
0
 11
129.2299999999999898
 21
-113.1199999999999903
 31
0
  0
LINE
  5
81B
330
1B
100
AcDbEntity
  8
F.Silkscreen
  6
CONTINUOUS
100
AcDbLine
 10
140.4300000000000068
 20
-88.6299999999999955
 30
0
 11
140.7599999999999909
 21
-88.6299999999999955
 31
0
  0
LINE
  5
81C
330
1B
100
AcDbEntity
  8
F.Silkscreen
  6
CONTINUOUS
100
AcDbLine
 10
140.4300000000000068
 20
-95.1700000000000017
 30
0
 11
140.4300000000000068
 21
-88.6299999999999955
 31
0
  0
LINE
  5
81D
330
1B
100
AcDbEntity
  8
F.Silkscreen
  6
CONTINUOUS
100
AcDbLine
 10
140.7599999999999909
 20
-95.1700000000000017
 30
0
 11
140.4300000000000068
 21
-95.1700000000000017
 31
0
  0
LINE
  5
81E
330
1B
100
AcDbEntity
  8
F.Silkscreen
  6
CONTINUOUS
100
AcDbLine
 10
142.8400000000000034
 20
-95.1700000000000017
 30
0
 11
143.1699999999999875
 21
-95.1700000000000017
 31
0
  0
LINE
  5
81F
330
1B
100
AcDbEntity
  8
F.Silkscreen
  6
CONTINUOUS
100
AcDbLine
 10
143.1699999999999875
 20
-88.6299999999999955
 30
0
 11
142.8400000000000034
 21
-88.6299999999999955
 31
0
  0
LINE
  5
820
330
1B
100
AcDbEntity
  8
F.Silkscreen
  6
CONTINUOUS
100
AcDbLine
 10
143.1699999999999875
 20
-95.1700000000000017
 30
0
 11
143.1699999999999875
 21
-88.6299999999999955
 31
0
  0
LINE
  5
821
330
1B
100
AcDbEntity
  8
F.Silkscreen
  6
CONTINUOUS
100
AcDbLine
 10
120.0499999999999972
 20
-89.75
 30
0
 11
120.0499999999999972
 21
-91.
 31
0
  0
LINE
  5
822
330
1B
100
AcDbEntity
  8
F.Silkscreen
  6
CONTINUOUS
100
AcDbLine
 10
120.0499999999999972
 20
-93.
 30
0
 11
120.0499999999999972
 21
-94.25
 31
0
  0
LINE
  5
823
330
1B
100
AcDbEntity
  8
F.Silkscreen
  6
CONTINUOUS
100
AcDbLine
 10
120.0499999999999972
 20
-94.25
 30
0
 11
137.9499999999999886
 21
-94.25
 31
0
  0
LINE
  5
824
330
1B
100
AcDbEntity
  8
F.Silkscreen
  6
CONTINUOUS
100
AcDbLine
 10
137.9499999999999886
 20
-89.75
 30
0
 11
120.0499999999999972
 21
-89.75
 31
0
  0
LINE
  5
825
330
1B
100
AcDbEntity
  8
F.Silkscreen
  6
CONTINUOUS
100
AcDbLine
 10
137.9499999999999886
 20
-94.25
 30
0
 11
137.9499999999999886
 21
-89.75
 31
0
  0
ARC
  5
826
330
1B
100
AcDbEntity
  8
F.Silkscreen
100
AcDbCircle
 10
120.0499999999999972
 20
-92.
 30
0
 40
1.
100
AcDbArc
 50
-90.00000000
 51
90.00000000
  0
LINE
  5
827
330
1B
100
AcDbEntity
  8
F.Silkscreen
  6
CONTINUOUS
100
AcDbLine
 10
90.7000000000000028
 20
-116.
 30
0
 11
90.7000000000000028
 21
-119.
 31
0
  0
CIRCLE
  5
828
330
1B
100
AcDbEntity
  8
F.Silkscreen
100
AcDbCircle
 10
92.
 20
-117.5
 30
0
 40
1.5
  0
LINE
  5
829
330
1B
100
AcDbEntity
  8
F.Silkscreen
  6
CONTINUOUS
100
AcDbLine
 10
119.8299999999999983
 20
-63.7399999999999949
 30
0
 11
119.8299999999999983
 21
-70.2800000000000011
 31
0
  0
LINE
  5
82A
330
1B
100
AcDbEntity
  8
F.Silkscreen
  6
CONTINUOUS
100
AcDbLine
 10
119.8299999999999983
 20
-70.2800000000000011
 30
0
 11
120.1599999999999966
 21
-70.2800000000000011
 31
0
  0
LINE
  5
82B
330
1B
100
AcDbEntity
  8
F.Silkscreen
  6
CONTINUOUS
100
AcDbLine
 10
120.1599999999999966
 20
-63.7399999999999949
 30
0
 11
119.8299999999999983
 21
-63.7399999999999949
 31
0
  0
LINE
  5
82C
330
1B
100
AcDbEntity
  8
F.Silkscreen
  6
CONTINUOUS
100
AcDbLine
 10
122.2399999999999949
 20
-63.7399999999999949
 30
0
 11
122.5699999999999932
 21
-63.7399999999999949
 31
0
  0
LINE
  5
82D
330
1B
100
AcDbEntity
  8
F.Silkscreen
  6
CONTINUOUS
100
AcDbLine
 10
122.5699999999999932
 20
-63.7399999999999949
 30
0
 11
122.5699999999999932
 21
-70.2800000000000011
 31
0
  0
LINE
  5
82E
330
1B
100
AcDbEntity
  8
F.Silkscreen
  6
CONTINUOUS
100
AcDbLine
 10
122.5699999999999932
 20
-70.2800000000000011
 30
0
 11
122.2399999999999949
 21
-70.2800000000000011
 31
0
  0
LINE
  5
82F
330
1B
100
AcDbEntity
  8
F.Silkscreen
  6
CONTINUOUS
100
AcDbLine
 10
162.7800000000000011
 20
-43.0899999999999963
 30
0
 11
162.7800000000000011
 21
-50.7100000000000009
 31
0
  0
LINE
  5
830
330
1B
100
AcDbEntity
  8
F.Silkscreen
  6
CONTINUOUS
100
AcDbLine
 10
162.7800000000000011
 20
-44.3599999999999994
 30
0
 11
172.9399999999999977
 21
-44.3599999999999994
 31
0
  0
LINE
  5
831
330
1B
100
AcDbEntity
  8
F.Silkscreen
  6
CONTINUOUS
100
AcDbLine
 10
162.7800000000000011
 20
-50.7100000000000009
 30
0
 11
172.9399999999999977
 21
-50.7100000000000009
 31
0
  0
LINE
  5
832
330
1B
100
AcDbEntity
  8
F.Silkscreen
  6
CONTINUOUS
100
AcDbLine
 10
172.9399999999999977
 20
-43.0899999999999963
 30
0
 11
162.7800000000000011
 21
-43.0899999999999963
 31
0
  0
LINE
  5
833
330
1B
100
AcDbEntity
  8
F.Silkscreen
  6
CONTINUOUS
100
AcDbLine
 10
172.9399999999999977
 20
-50.7100000000000009
 30
0
 11
172.9399999999999977
 21
-43.0899999999999963
 31
0
  0
LINE
  5
834
330
1B
100
AcDbEntity
  8
F.Silkscreen
  6
CONTINUOUS
100
AcDbLine
 10
141.7199999999999989
 20
-71.6299999999999955
 30
0
 11
141.7199999999999989
 21
-71.9599999999999937
 31
0
  0
LINE
  5
835
330
1B
100
AcDbEntity
  8
F.Silkscreen
  6
CONTINUOUS
100
AcDbLine
 10
141.7199999999999989
 20
-74.3699999999999903
 30
0
 11
141.7199999999999989
 21
-74.039999999999992
 31
0
  0
LINE
  5
836
330
1B
100
AcDbEntity
  8
F.Silkscreen
  6
CONTINUOUS
100
AcDbLine
 10
148.2599999999999909
 20
-71.6299999999999955
 30
0
 11
141.7199999999999989
 21
-71.6299999999999955
 31
0
  0
LINE
  5
837
330
1B
100
AcDbEntity
  8
F.Silkscreen
  6
CONTINUOUS
100
AcDbLine
 10
148.2599999999999909
 20
-71.9599999999999937
 30
0
 11
148.2599999999999909
 21
-71.6299999999999955
 31
0
  0
LINE
  5
838
330
1B
100
AcDbEntity
  8
F.Silkscreen
  6
CONTINUOUS
100
AcDbLine
 10
148.2599999999999909
 20
-74.039999999999992
 30
0
 11
148.2599999999999909
 21
-74.3699999999999903
 31
0
  0
LINE
  5
839
330
1B
100
AcDbEntity
  8
F.Silkscreen
  6
CONTINUOUS
100
AcDbLine
 10
148.2599999999999909
 20
-74.3699999999999903
 30
0
 11
141.7199999999999989
 21
-74.3699999999999903
 31
0
  0
LINE
  5
83A
330
1B
100
AcDbEntity
  8
F.Silkscreen
  6
CONTINUOUS
100
AcDbLine
 10
103.6199999999999903
 20
-91.769999999999996
 30
0
 11
105.
 21
-91.769999999999996
 31
0
  0
LINE
  5
83B
330
1B
100
AcDbEntity
  8
F.Silkscreen
  6
CONTINUOUS
100
AcDbLine
 10
103.6199999999999903
 20
-93.1499999999999915
 30
0
 11
103.6199999999999903
 21
-91.769999999999996
 31
0
  0
LINE
  5
83C
330
1B
100
AcDbEntity
  8
F.Silkscreen
  6
CONTINUOUS
100
AcDbLine
 10
103.6199999999999903
 20
-94.4200000000000017
 30
0
 11
103.6199999999999903
 21
-107.2299999999999898
 31
0
  0
LINE
  5
83D
330
1B
100
AcDbEntity
  8
F.Silkscreen
  6
CONTINUOUS
100
AcDbLine
 10
103.6199999999999903
 20
-94.4200000000000017
 30
0
 11
106.3799999999999955
 21
-94.4200000000000017
 31
0
  0
LINE
  5
83E
330
1B
100
AcDbEntity
  8
F.Silkscreen
  6
CONTINUOUS
100
AcDbLine
 10
103.6199999999999903
 20
-107.2299999999999898
 30
0
 11
106.3799999999999955
 21
-107.2299999999999898
 31
0
  0
LINE
  5
83F
330
1B
100
AcDbEntity
  8
F.Silkscreen
  6
CONTINUOUS
100
AcDbLine
 10
106.3799999999999955
 20
-94.4200000000000017
 30
0
 11
106.3799999999999955
 21
-107.2299999999999898
 31
0
  0
LINE
  5
840
330
1B
100
AcDbEntity
  8
F.Silkscreen
  6
CONTINUOUS
100
AcDbLine
 10
127.8799999999999955
 20
-52.3799999999999955
 30
0
 11
137.1200000000000045
 21
-52.3799999999999955
 31
0
  0
LINE
  5
841
330
1B
100
AcDbEntity
  8
F.Silkscreen
  6
CONTINUOUS
100
AcDbLine
 10
127.8799999999999955
 20
-70.6199999999999903
 30
0
 11
127.8799999999999955
 21
-52.3799999999999955
 31
0
  0
LINE
  5
842
330
1B
100
AcDbEntity
  8
F.Silkscreen
  6
CONTINUOUS
100
AcDbLine
 10
137.1200000000000045
 20
-52.3799999999999955
 30
0
 11
137.1200000000000045
 21
-70.6199999999999903
 31
0
  0
LINE
  5
843
330
1B
100
AcDbEntity
  8
F.Silkscreen
  6
CONTINUOUS
100
AcDbLine
 10
137.1200000000000045
 20
-70.6199999999999903
 30
0
 11
127.8799999999999955
 21
-70.6199999999999903
 31
0
  0
LINE
  5
844
330
1B
100
AcDbEntity
  8
F.Silkscreen
  6
CONTINUOUS
100
AcDbLine
 10
92.1199999999999903
 20
-124.1899999999999977
 30
0
 11
92.1199999999999903
 21
-131.8100000000000023
 31
0
  0
LINE
  5
845
330
1B
100
AcDbEntity
  8
F.Silkscreen
  6
CONTINUOUS
100
AcDbLine
 10
92.1199999999999903
 20
-131.8100000000000023
 30
0
 11
102.2800000000000011
 21
-131.8100000000000023
 31
0
  0
LINE
  5
846
330
1B
100
AcDbEntity
  8
F.Silkscreen
  6
CONTINUOUS
100
AcDbLine
 10
102.2800000000000011
 20
-124.1899999999999977
 30
0
 11
92.1199999999999903
 21
-124.1899999999999977
 31
0
  0
LINE
  5
847
330
1B
100
AcDbEntity
  8
F.Silkscreen
  6
CONTINUOUS
100
AcDbLine
 10
102.2800000000000011
 20
-130.539999999999992
 30
0
 11
92.1199999999999903
 21
-130.539999999999992
 31
0
  0
LINE
  5
848
330
1B
100
AcDbEntity
  8
F.Silkscreen
  6
CONTINUOUS
100
AcDbLine
 10
102.2800000000000011
 20
-131.8100000000000023
 30
0
 11
102.2800000000000011
 21
-124.1899999999999977
 31
0
  0
ARC
  5
849
330
1B
100
AcDbEntity
  8
Edge.Cuts
100
AcDbCircle
 10
87.
 20
-40.
 30
0
 40
4.
100
AcDbArc
 50
90.00000000
 51
180.00000000
  0
LINE
  5
84A
330
1B
100
AcDbEntity
  8
Edge.Cuts
  6
CONTINUOUS
100
AcDbLine
 10
83.
 20
-136.
 30
0
 11
83.
 21
-40.
 31
0
  0
LINE
  5
84B
330
1B
100
AcDbEntity
  8
Edge.Cuts
  6
CONTINUOUS
100
AcDbLine
 10
87.
 20
-36.
 30
0
 11
180.
 21
-36.
 31
0
  0
ARC
  5
84C
330
1B
100
AcDbEntity
  8
Edge.Cuts
100
AcDbCircle
 10
87.
 20
-136.
 30
0
 40
4.
100
AcDbArc
 50
-180.00000000
 51
-90.00000000
  0
ARC
  5
84D
330
1B
100
AcDbEntity
  8
Edge.Cuts
100
AcDbCircle
 10
180.
 20
-40.
 30
0
 40
4.
100
AcDbArc
 50
0.00000000
 51
90.00000000
  0
LINE
  5
84E
330
1B
100
AcDbEntity
  8
Edge.Cuts
  6
CONTINUOUS
100
AcDbLine
 10
180.
 20
-140.
 30
0
 11
87.
 21
-140.
 31
0
  0
LINE
  5
84F
330
1B
100
AcDbEntity
  8
Edge.Cuts
  6
CONTINUOUS
100
AcDbLine
 10
184.
 20
-40.
 30
0
 11
184.
 21
-136.
 31
0
  0
ARC
  5
850
330
1B
100
AcDbEntity
  8
Edge.Cuts
100
AcDbCircle
 10
180.
 20
-136.
 30
0
 40
4.
100
AcDbArc
 50
-90.00000000
 51
-0.00000000
  0
ENDSEC
  0
SECTION
  2
OBJECTS
  0
DICTIONARY
  5
21
330
0
100
AcDbDictionary
281
1
  3
ACAD_GROUP
350
851
  3
ACAD_LAYOUT
350
22
  3
ACAD_PLOTSTYLENAME
350
11
  0
DICTIONARY
  5
851
330
21
100
AcDbDictionary
281
1
  0
ACDBDICTIONARYWDFLT
  5
11
330
21
100
AcDbDictionary
281
1
  3
Normal
350
10
100
AcDbDictionaryWithDefault
340
10
  0
ACDBPLACEHOLDER
  5
10
330
11
  0
DICTIONARY
  5
22
330
21
100
AcDbDictionary
281
1
  3
Model
350
1E
  3
Layout1
350
1F
  3
Layout2
350
20
  0
LAYOUT
  5
1E
330
22
100
AcDbPlotSettings
  1

  2
none_device
  4
A3
  6

 40
0.0
 41
0.0
 42
0.0
 43
0.0
 44
420.0
 45
297.0
 46
0.0
 47
0.0
 48
0.0
 49
0.0
140
0.0
141
0.0
142
1.0
143
1.0
 70
1024
 72
1
 73
0
 74
5
  7

 75
16
 76
0
 77
2
 78
300
147
1.0
148
0.0
149
0.0
100
AcDbLayout
  1
Model
 70
1
 71
0
 10
0.0
 20
0.0
 11
420.0
 21
297.0
 12
0.0
 22
0.0
 32
0.0
 14
1e+20
 24
1e+20
 34
1e+20
 15
-1e+20
 25
-1e+20
 35
-1e+20
146
0.0
 13
0.0
 23
0.0
 33
0.0
 16
1.0
 26
0.0
 36
0.0
 17
0.0
 27
1.0
 37
0.0
 76
0
330
1B
  0
LAYOUT
  5
1F
330
22
100
AcDbPlotSettings
  1

  2
none_device
  4
A3
  6

 40
0.0
 41
0.0
 42
0.0
 43
0.0
 44
420.0
 45
297.0
 46
0.0
 47
0.0
 48
0.0
 49
0.0
140
0.0
141
0.0
142
1.0
143
1.0
 70
0
 72
1
 73
0
 74
5
  7

 75
16
 76
0
 77
2
 78
300
147
1.0
148
0.0
149
0.0
100
AcDbLayout
  1
Layout1
 70
1
 71
1
 10
0.0
 20
0.0
 11
420.0
 21
297.0
 12
0.0
 22
0.0
 32
0.0
 14
1e+20
 24
1e+20
 34
1e+20
 15
-1e+20
 25
-1e+20
 35
-1e+20
146
0.0
 13
0.0
 23
0.0
 33
0.0
 16
1.0
 26
0.0
 36
0.0
 17
0.0
 27
1.0
 37
0.0
 76
0
330
1C
  0
LAYOUT
  5
20
330
22
100
AcDbPlotSettings
  1

  2
none_device
  4
A3
  6

 40
0.0
 41
0.0
 42
0.0
 43
0.0
 44
420.0
 45
297.0
 46
0.0
 47
0.0
 48
0.0
 49
0.0
140
0.0
141
0.0
142
1.0
143
1.0
 70
0
 72
1
 73
0
 74
5
  7

 75
16
 76
0
 77
2
 78
300
147
1.0
148
0.0
149
0.0
100
AcDbLayout
  1
Layout2
 70
1
 71
2
 10
0.0
 20
0.0
 11
420.0
 21
297.0
 12
0.0
 22
0.0
 32
0.0
 14
1e+20
 24
1e+20
 34
1e+20
 15
-1e+20
 25
-1e+20
 35
-1e+20
146
0.0
 13
0.0
 23
0.0
 33
0.0
 16
1.0
 26
0.0
 36
0.0
 17
0.0
 27
1.0
 37
0.0
 76
0
330
1D
  0
ENDSEC
  0
EOF
