  0
SECTION
  2
HEADER
  9
$ACADVER
  1
AC1018
  9
$HANDSEED
  5
FFFFFFFF
  9
$ANGBASE
  50
0.0
  9
$ANGDIR
  70
1
  9
$MEASUREMENT
  70
1
  9
$INSUNITS
  70
4
  0
ENDSEC
  0
SECTION
  2
TABLES
  0
TABLE
  2
APPID
  5
1
330
0
100
AcDbSymbolTable
 70
1
  0
APPID
  5
2
330
1
100
AcDbSymbolTableRecord
100
AcDbRegAppTableRecord
  2
ACAD
 70
0
  0
ENDTAB
  0
TABLE
  2
LTYPE
  5
3
330
0
100
AcDbSymbolTable
 70
6
  0
LTYPE
  5
4
330
3
100
AcDbSymbolTableRecord
100
AcDbLinetypeTableRecord
  2
ByBlock
 70
0
  3

 72
65
 73
0
 40
0
  0
LTYPE
  5
5
330
3
100
AcDbSymbolTableRecord
100
AcDbLinetypeTableRecord
  2
ByLayer
 70
0
  3

 72
65
 73
0
 40
0
  0
LTYPE
  5
6
330
3
100
AcDbSymbolTableRecord
100
AcDbLinetypeTableRecord
  2
CONTINUOUS
 70
0
  3
Solid line
 72
65
 73
0
 40
0
  0
LTYPE
  5
7
330
3
100
AcDbSymbolTableRecord
100
AcDbLinetypeTableRecord
  2
DASHDOT
 70
0
  3
Dash Dot ____ _ ____ _
 72
65
 73
4
 40
2
 49
1.25
 74
0
 49
-0.25
 74
0
 49
0.25
 74
0
 49
-0.25
 74
0
  0
LTYPE
  5
8
330
3
100
AcDbSymbolTableRecord
100
AcDbLinetypeTableRecord
  2
DASHED
 70
0
  3
Dashed __ __ __ __ __
 72
65
 73
2
 40
0.75
 49
0.5
 74
0
 49
-0.25
 74
0
  0
LTYPE
  5
9
330
3
100
AcDbSymbolTableRecord
100
AcDbLinetypeTableRecord
  2
DOTTED
 70
0
  3
Dotted .  .  .  .
 72
65
 73
2
 40
0.2
 49
0.0
 74
0
 49
-0.2
 74
0
  0
ENDTAB
  0
TABLE
  2
STYLE
  5
A
330
0
100
AcDbSymbolTable
 70
4
  0
STYLE
  5
B
330
A
100
AcDbSymbolTableRecord
100
AcDbTextStyleTableRecord
  2
KICAD
 70
0
 40
0
 41
1
 42
1
 50
0
 71
0
  3
isocp.shx
  0
STYLE
  5
C
330
A
100
AcDbSymbolTableRecord
100
AcDbTextStyleTableRecord
  2
KICADB
 70
0
 40
0
 41
1
 42
1
 50
0
 71
0
  3
isocp.shx
  0
STYLE
  5
D
330
A
100
AcDbSymbolTableRecord
100
AcDbTextStyleTableRecord
  2
KICADI
 70
0
 40
0
 41
1
 42
1
 50
15
 71
0
  3
isocp.shx
  0
STYLE
  5
E
330
A
100
AcDbSymbolTableRecord
100
AcDbTextStyleTableRecord
  2
KICADBI
 70
0
 40
0
 41
1
 42
1
 50
15
 71
0
  3
isocp.shx
  0
ENDTAB
  0
TABLE
  2
LAYER
  5
F
330
0
100
AcDbSymbolTable
 70
3
  0
LAYER
  5
12
330
F
100
AcDbSymbolTableRecord
100
AcDbLayerTableRecord
  2
0
 70
0
 62
7
  6
CONTINUOUS
390
10
  0
LAYER
  5
13
330
F
100
AcDbSymbolTableRecord
100
AcDbLayerTableRecord
  2
F.Cu
 70
0
 62
13
420
13120564
  6
CONTINUOUS
390
10
  0
LAYER
  5
14
330
F
100
AcDbSymbolTableRecord
100
AcDbLayerTableRecord
  2
Edge.Cuts
 70
0
 62
254
420
13685453
  6
CONTINUOUS
390
10
  0
ENDTAB
  0
TABLE
  2
VPORT
  5
15
330
0
100
AcDbSymbolTable
 70
0
  0
ENDTAB
  0
TABLE
  2
VIEW
  5
16
330
0
100
AcDbSymbolTable
 70
0
  0
ENDTAB
  0
TABLE
  2
UCS
  5
17
330
0
100
AcDbSymbolTable
 70
0
  0
ENDTAB
  0
TABLE
  2
DIMSTYLE
  5
18
330
0
100
AcDbSymbolTable
 70
1
100
AcDbDimStyleTable
 71
0
  0
DIMSTYLE
105
19
330
18
100
AcDbSymbolTableRecord
100
AcDbDimStyleTableRecord
  2
Standard
 70
0
  0
ENDTAB
  0
TABLE
  2
BLOCK_RECORD
  5
1A
330
0
100
AcDbSymbolTable
 70
3
  0
BLOCK_RECORD
  5
1B
330
1A
100
AcDbSymbolTableRecord
100
AcDbBlockTableRecord
  2
*Model_Space
340
1E
 70
0
280
1
281
0
  0
BLOCK_RECORD
  5
1C
330
1A
100
AcDbSymbolTableRecord
100
AcDbBlockTableRecord
  2
*Paper_Space
340
1F
 70
0
280
1
281
0
  0
BLOCK_RECORD
  5
1D
330
1A
100
AcDbSymbolTableRecord
100
AcDbBlockTableRecord
  2
*Paper_Space0
340
20
 70
0
280
1
281
0
  0
ENDTAB
  0
ENDSEC
  0
SECTION
  2
BLOCKS
  0
BLOCK
  5
24
330
1B
100
AcDbEntity
  8
0
100
AcDbBlockBegin
  2
*Model_Space
 70
0
 10
0.0
 20
0.0
 30
0.0
  3
*Model_Space
  1

  0
ENDBLK
  5
23
330
1B
100
AcDbEntity
  8
0
100
AcDbBlockEnd
  0
BLOCK
  5
26
330
1C
100
AcDbEntity
 67
1
  8
0
100
AcDbBlockBegin
  2
*Paper_Space
 70
0
 10
0.0
 20
0.0
 30
0.0
  3
*Paper_Space
  1

  0
ENDBLK
  5
25
330
1C
100
AcDbEntity
 67
1
  8
0
100
AcDbBlockEnd
  0
BLOCK
  5
28
330
1D
100
AcDbEntity
 67
1
  8
0
100
AcDbBlockBegin
  2
*Paper_Space0
 70
0
 10
0.0
 20
0.0
 30
0.0
  3
*Paper_Space0
  1

  0
ENDBLK
  5
27
330
1D
100
AcDbEntity
 67
1
  8
0
100
AcDbBlockEnd
  0
ENDSEC
  0
SECTION
  2
ENTITIES
  0
LINE
  5
29
330
1B
100
AcDbEntity
  8
F.Cu
  6
CONTINUOUS
100
AcDbLine
 10
194.2322279999999921
 20
-131.0444479999999885
 30
0
 11
194.3771169999999984
 21
-131.1044629999999813
 31
0
  0
LINE
  5
2A
330
1B
100
AcDbEntity
  8
F.Cu
  6
CONTINUOUS
100
AcDbLine
 10
194.3771169999999984
 20
-131.1044629999999813
 30
0
 11
194.5075149999999837
 21
-131.1915919999999858
 31
0
  0
LINE
  5
2B
330
1B
100
AcDbEntity
  8
F.Cu
  6
CONTINUOUS
100
AcDbLine
 10
194.5075149999999837
 20
-131.1915919999999858
 30
0
 11
194.6184079999999881
 21
-131.3024849999999901
 31
0
  0
LINE
  5
2C
330
1B
100
AcDbEntity
  8
F.Cu
  6
CONTINUOUS
100
AcDbLine
 10
194.6184079999999881
 20
-131.3024849999999901
 30
0
 11
194.7055369999999925
 21
-131.4328830000000039
 31
0
  0
LINE
  5
2D
330
1B
100
AcDbEntity
  8
F.Cu
  6
CONTINUOUS
100
AcDbLine
 10
194.7055369999999925
 20
-131.4328830000000039
 30
0
 11
194.7655519999999854
 21
-131.5777719999999817
 31
0
  0
LINE
  5
2E
330
1B
100
AcDbEntity
  8
F.Cu
  6
CONTINUOUS
100
AcDbLine
 10
194.7655519999999854
 20
-131.5777719999999817
 30
0
 11
194.7961479999999881
 21
-131.731585999999993
 31
0
  0
LINE
  5
2F
330
1B
100
AcDbEntity
  8
F.Cu
  6
CONTINUOUS
100
AcDbLine
 10
194.7961479999999881
 20
-131.731585999999993
 30
0
 11
194.7961479999999881
 21
-131.8884139999999832
 31
0
  0
LINE
  5
30
330
1B
100
AcDbEntity
  8
F.Cu
  6
CONTINUOUS
100
AcDbLine
 10
194.7961479999999881
 20
-131.8884139999999832
 30
0
 11
194.7655519999999854
 21
-132.0422279999999944
 31
0
  0
LINE
  5
31
330
1B
100
AcDbEntity
  8
F.Cu
  6
CONTINUOUS
100
AcDbLine
 10
194.7655519999999854
 20
-132.0422279999999944
 30
0
 11
194.7055369999999925
 21
-132.1871170000000006
 31
0
  0
LINE
  5
32
330
1B
100
AcDbEntity
  8
F.Cu
  6
CONTINUOUS
100
AcDbLine
 10
194.7055369999999925
 20
-132.1871170000000006
 30
0
 11
194.6184079999999881
 21
-132.317514999999986
 31
0
  0
LINE
  5
33
330
1B
100
AcDbEntity
  8
F.Cu
  6
CONTINUOUS
100
AcDbLine
 10
194.6184079999999881
 20
-132.317514999999986
 30
0
 11
194.5075149999999837
 21
-132.4284079999999904
 31
0
  0
LINE
  5
34
330
1B
100
AcDbEntity
  8
F.Cu
  6
CONTINUOUS
100
AcDbLine
 10
194.5075149999999837
 20
-132.4284079999999904
 30
0
 11
194.3771169999999984
 21
-132.5155369999999948
 31
0
  0
LINE
  5
35
330
1B
100
AcDbEntity
  8
F.Cu
  6
CONTINUOUS
100
AcDbLine
 10
194.3771169999999984
 20
-132.5155369999999948
 30
0
 11
194.2322279999999921
 21
-132.5755519999999876
 31
0
  0
LINE
  5
36
330
1B
100
AcDbEntity
  8
F.Cu
  6
CONTINUOUS
100
AcDbLine
 10
194.2322279999999921
 20
-132.5755519999999876
 30
0
 11
194.0784139999999809
 21
-132.6061479999999904
 31
0
  0
LINE
  5
37
330
1B
100
AcDbEntity
  8
F.Cu
  6
CONTINUOUS
100
AcDbLine
 10
194.0784139999999809
 20
-132.6061479999999904
 30
0
 11
193.9215859999999907
 21
-132.6061479999999904
 31
0
  0
LINE
  5
38
330
1B
100
AcDbEntity
  8
F.Cu
  6
CONTINUOUS
100
AcDbLine
 10
193.9215859999999907
 20
-132.6061479999999904
 30
0
 11
193.7677719999999795
 21
-132.5755519999999876
 31
0
  0
LINE
  5
39
330
1B
100
AcDbEntity
  8
F.Cu
  6
CONTINUOUS
100
AcDbLine
 10
193.7677719999999795
 20
-132.5755519999999876
 30
0
 11
193.6228830000000016
 21
-132.5155369999999948
 31
0
  0
LINE
  5
3A
330
1B
100
AcDbEntity
  8
F.Cu
  6
CONTINUOUS
100
AcDbLine
 10
193.6228830000000016
 20
-132.5155369999999948
 30
0
 11
193.4924849999999878
 21
-132.4284079999999904
 31
0
  0
LINE
  5
3B
330
1B
100
AcDbEntity
  8
F.Cu
  6
CONTINUOUS
100
AcDbLine
 10
193.4924849999999878
 20
-132.4284079999999904
 30
0
 11
193.3815919999999835
 21
-132.317514999999986
 31
0
  0
LINE
  5
3C
330
1B
100
AcDbEntity
  8
F.Cu
  6
CONTINUOUS
100
AcDbLine
 10
193.3815919999999835
 20
-132.317514999999986
 30
0
 11
193.294462999999979
 21
-132.1871170000000006
 31
0
  0
LINE
  5
3D
330
1B
100
AcDbEntity
  8
F.Cu
  6
CONTINUOUS
100
AcDbLine
 10
193.294462999999979
 20
-132.1871170000000006
 30
0
 11
193.2344479999999862
 21
-132.0422279999999944
 31
0
  0
LINE
  5
3E
330
1B
100
AcDbEntity
  8
F.Cu
  6
CONTINUOUS
100
AcDbLine
 10
193.2344479999999862
 20
-132.0422279999999944
 30
0
 11
193.2038519999999835
 21
-131.8884139999999832
 31
0
  0
LINE
  5
3F
330
1B
100
AcDbEntity
  8
F.Cu
  6
CONTINUOUS
100
AcDbLine
 10
193.2038519999999835
 20
-131.8884139999999832
 30
0
 11
193.2038519999999835
 21
-131.731585999999993
 31
0
  0
LINE
  5
40
330
1B
100
AcDbEntity
  8
F.Cu
  6
CONTINUOUS
100
AcDbLine
 10
193.2038519999999835
 20
-131.731585999999993
 30
0
 11
193.2344479999999862
 21
-131.5777719999999817
 31
0
  0
LINE
  5
41
330
1B
100
AcDbEntity
  8
F.Cu
  6
CONTINUOUS
100
AcDbLine
 10
193.2344479999999862
 20
-131.5777719999999817
 30
0
 11
193.294462999999979
 21
-131.4328830000000039
 31
0
  0
LINE
  5
42
330
1B
100
AcDbEntity
  8
F.Cu
  6
CONTINUOUS
100
AcDbLine
 10
193.294462999999979
 20
-131.4328830000000039
 30
0
 11
193.3815919999999835
 21
-131.3024849999999901
 31
0
  0
LINE
  5
43
330
1B
100
AcDbEntity
  8
F.Cu
  6
CONTINUOUS
100
AcDbLine
 10
193.3815919999999835
 20
-131.3024849999999901
 30
0
 11
193.4924849999999878
 21
-131.1915919999999858
 31
0
  0
LINE
  5
44
330
1B
100
AcDbEntity
  8
F.Cu
  6
CONTINUOUS
100
AcDbLine
 10
193.4924849999999878
 20
-131.1915919999999858
 30
0
 11
193.6228830000000016
 21
-131.1044629999999813
 31
0
  0
LINE
  5
45
330
1B
100
AcDbEntity
  8
F.Cu
  6
CONTINUOUS
100
AcDbLine
 10
193.6228830000000016
 20
-131.1044629999999813
 30
0
 11
193.7677719999999795
 21
-131.0444479999999885
 31
0
  0
LINE
  5
46
330
1B
100
AcDbEntity
  8
F.Cu
  6
CONTINUOUS
100
AcDbLine
 10
193.7677719999999795
 20
-131.0444479999999885
 30
0
 11
193.9215859999999907
 21
-131.0138519999999858
 31
0
  0
LINE
  5
47
330
1B
100
AcDbEntity
  8
F.Cu
  6
CONTINUOUS
100
AcDbLine
 10
193.9215859999999907
 20
-131.0138519999999858
 30
0
 11
194.0784139999999809
 21
-131.0138519999999858
 31
0
  0
LINE
  5
48
330
1B
100
AcDbEntity
  8
F.Cu
  6
CONTINUOUS
100
AcDbLine
 10
194.0784139999999809
 20
-131.0138519999999858
 30
0
 11
194.2322279999999921
 21
-131.0444479999999885
 31
0
  0
LINE
  5
49
330
1B
100
AcDbEntity
  8
F.Cu
  6
CONTINUOUS
100
AcDbLine
 10
183.9499999999999886
 20
-131.8899999999999864
 30
0
 11
181.9499999999999886
 21
-131.8899999999999864
 31
0
  0
LINE
  5
4A
330
1B
100
AcDbEntity
  8
F.Cu
  6
CONTINUOUS
100
AcDbLine
 10
181.9499999999999886
 20
-131.8899999999999864
 30
0
 11
181.9499999999999886
 21
-130.1899999999999977
 31
0
  0
LINE
  5
4B
330
1B
100
AcDbEntity
  8
F.Cu
  6
CONTINUOUS
100
AcDbLine
 10
181.9499999999999886
 20
-130.1899999999999977
 30
0
 11
183.9499999999999886
 21
-130.1899999999999977
 31
0
  0
LINE
  5
4C
330
1B
100
AcDbEntity
  8
F.Cu
  6
CONTINUOUS
100
AcDbLine
 10
183.9499999999999886
 20
-130.1899999999999977
 30
0
 11
183.9499999999999886
 21
-131.8899999999999864
 31
0
  0
LINE
  5
4D
330
1B
100
AcDbEntity
  8
F.Cu
  6
CONTINUOUS
100
AcDbLine
 10
115.7902849999999972
 20
-128.7880600000000015
 30
0
 11
115.9713969999999961
 21
-128.863078999999999
 31
0
  0
LINE
  5
4E
330
1B
100
AcDbEntity
  8
F.Cu
  6
CONTINUOUS
100
AcDbLine
 10
115.9713969999999961
 20
-128.863078999999999
 30
0
 11
116.1343929999999887
 21
-128.9719900000000052
 31
0
  0
LINE
  5
4F
330
1B
100
AcDbEntity
  8
F.Cu
  6
CONTINUOUS
100
AcDbLine
 10
116.1343929999999887
 20
-128.9719900000000052
 30
0
 11
116.2730099999999993
 21
-129.1106069999999875
 31
0
  0
LINE
  5
50
330
1B
100
AcDbEntity
  8
F.Cu
  6
CONTINUOUS
100
AcDbLine
 10
116.2730099999999993
 20
-129.1106069999999875
 30
0
 11
116.3819209999999913
 21
-129.2736029999999801
 31
0
  0
LINE
  5
51
330
1B
100
AcDbEntity
  8
F.Cu
  6
CONTINUOUS
100
AcDbLine
 10
116.3819209999999913
 20
-129.2736029999999801
 30
0
 11
116.4569399999999888
 21
-129.4547149999999931
 31
0
  0
LINE
  5
52
330
1B
100
AcDbEntity
  8
F.Cu
  6
CONTINUOUS
100
AcDbLine
 10
116.4569399999999888
 20
-129.4547149999999931
 30
0
 11
116.4951849999999922
 21
-129.6469830000000059
 31
0
  0
LINE
  5
53
330
1B
100
AcDbEntity
  8
F.Cu
  6
CONTINUOUS
100
AcDbLine
 10
116.4951849999999922
 20
-129.6469830000000059
 30
0
 11
116.4951849999999922
 21
-129.8430170000000032
 31
0
  0
LINE
  5
54
330
1B
100
AcDbEntity
  8
F.Cu
  6
CONTINUOUS
100
AcDbLine
 10
116.4951849999999922
 20
-129.8430170000000032
 30
0
 11
116.4569399999999888
 21
-130.0352849999999876
 31
0
  0
LINE
  5
55
330
1B
100
AcDbEntity
  8
F.Cu
  6
CONTINUOUS
100
AcDbLine
 10
116.4569399999999888
 20
-130.0352849999999876
 30
0
 11
116.3819209999999913
 21
-130.2163970000000006
 31
0
  0
LINE
  5
56
330
1B
100
AcDbEntity
  8
F.Cu
  6
CONTINUOUS
100
AcDbLine
 10
116.3819209999999913
 20
-130.2163970000000006
 30
0
 11
116.2730099999999993
 21
-130.3793929999999932
 31
0
  0
LINE
  5
57
330
1B
100
AcDbEntity
  8
F.Cu
  6
CONTINUOUS
100
AcDbLine
 10
116.2730099999999993
 20
-130.3793929999999932
 30
0
 11
116.1343929999999887
 21
-130.5180100000000039
 31
0
  0
LINE
  5
58
330
1B
100
AcDbEntity
  8
F.Cu
  6
CONTINUOUS
100
AcDbLine
 10
116.1343929999999887
 20
-130.5180100000000039
 30
0
 11
115.9713969999999961
 21
-130.6269209999999816
 31
0
  0
LINE
  5
59
330
1B
100
AcDbEntity
  8
F.Cu
  6
CONTINUOUS
100
AcDbLine
 10
115.9713969999999961
 20
-130.6269209999999816
 30
0
 11
115.7902849999999972
 21
-130.7019400000000076
 31
0
  0
LINE
  5
5A
330
1B
100
AcDbEntity
  8
F.Cu
  6
CONTINUOUS
100
AcDbLine
 10
115.7902849999999972
 20
-130.7019400000000076
 30
0
 11
115.5980169999999987
 21
-130.7401849999999968
 31
0
  0
LINE
  5
5B
330
1B
100
AcDbEntity
  8
F.Cu
  6
CONTINUOUS
100
AcDbLine
 10
115.5980169999999987
 20
-130.7401849999999968
 30
0
 11
115.4019830000000013
 21
-130.7401849999999968
 31
0
  0
LINE
  5
5C
330
1B
100
AcDbEntity
  8
F.Cu
  6
CONTINUOUS
100
AcDbLine
 10
115.4019830000000013
 20
-130.7401849999999968
 30
0
 11
115.2097149999999885
 21
-130.7019400000000076
 31
0
  0
LINE
  5
5D
330
1B
100
AcDbEntity
  8
F.Cu
  6
CONTINUOUS
100
AcDbLine
 10
115.2097149999999885
 20
-130.7019400000000076
 30
0
 11
115.0286029999999897
 21
-130.6269209999999816
 31
0
  0
LINE
  5
5E
330
1B
100
AcDbEntity
  8
F.Cu
  6
CONTINUOUS
100
AcDbLine
 10
115.0286029999999897
 20
-130.6269209999999816
 30
0
 11
114.8656069999999971
 21
-130.5180100000000039
 31
0
  0
LINE
  5
5F
330
1B
100
AcDbEntity
  8
F.Cu
  6
CONTINUOUS
100
AcDbLine
 10
114.8656069999999971
 20
-130.5180100000000039
 30
0
 11
114.7269900000000007
 21
-130.3793929999999932
 31
0
  0
LINE
  5
60
330
1B
100
AcDbEntity
  8
F.Cu
  6
CONTINUOUS
100
AcDbLine
 10
114.7269900000000007
 20
-130.3793929999999932
 30
0
 11
114.6180789999999945
 21
-130.2163970000000006
 31
0
  0
LINE
  5
61
330
1B
100
AcDbEntity
  8
F.Cu
  6
CONTINUOUS
100
AcDbLine
 10
114.6180789999999945
 20
-130.2163970000000006
 30
0
 11
114.543059999999997
 21
-130.0352849999999876
 31
0
  0
LINE
  5
62
330
1B
100
AcDbEntity
  8
F.Cu
  6
CONTINUOUS
100
AcDbLine
 10
114.543059999999997
 20
-130.0352849999999876
 30
0
 11
114.5048149999999936
 21
-129.8430170000000032
 31
0
  0
LINE
  5
63
330
1B
100
AcDbEntity
  8
F.Cu
  6
CONTINUOUS
100
AcDbLine
 10
114.5048149999999936
 20
-129.8430170000000032
 30
0
 11
114.5048149999999936
 21
-129.6469830000000059
 31
0
  0
LINE
  5
64
330
1B
100
AcDbEntity
  8
F.Cu
  6
CONTINUOUS
100
AcDbLine
 10
114.5048149999999936
 20
-129.6469830000000059
 30
0
 11
114.543059999999997
 21
-129.4547149999999931
 31
0
  0
LINE
  5
65
330
1B
100
AcDbEntity
  8
F.Cu
  6
CONTINUOUS
100
AcDbLine
 10
114.543059999999997
 20
-129.4547149999999931
 30
0
 11
114.6180789999999945
 21
-129.2736029999999801
 31
0
  0
LINE
  5
66
330
1B
100
AcDbEntity
  8
F.Cu
  6
CONTINUOUS
100
AcDbLine
 10
114.6180789999999945
 20
-129.2736029999999801
 30
0
 11
114.7269900000000007
 21
-129.1106069999999875
 31
0
  0
LINE
  5
67
330
1B
100
AcDbEntity
  8
F.Cu
  6
CONTINUOUS
100
AcDbLine
 10
114.7269900000000007
 20
-129.1106069999999875
 30
0
 11
114.8656069999999971
 21
-128.9719900000000052
 31
0
  0
LINE
  5
68
330
1B
100
AcDbEntity
  8
F.Cu
  6
CONTINUOUS
100
AcDbLine
 10
114.8656069999999971
 20
-128.9719900000000052
 30
0
 11
115.0286029999999897
 21
-128.863078999999999
 31
0
  0
LINE
  5
69
330
1B
100
AcDbEntity
  8
F.Cu
  6
CONTINUOUS
100
AcDbLine
 10
115.0286029999999897
 20
-128.863078999999999
 30
0
 11
115.2097149999999885
 21
-128.7880600000000015
 31
0
  0
LINE
  5
6A
330
1B
100
AcDbEntity
  8
F.Cu
  6
CONTINUOUS
100
AcDbLine
 10
115.2097149999999885
 20
-128.7880600000000015
 30
0
 11
115.4019830000000013
 21
-128.7498149999999839
 31
0
  0
LINE
  5
6B
330
1B
100
AcDbEntity
  8
F.Cu
  6
CONTINUOUS
100
AcDbLine
 10
115.4019830000000013
 20
-128.7498149999999839
 30
0
 11
115.5980169999999987
 21
-128.7498149999999839
 31
0
  0
LINE
  5
6C
330
1B
100
AcDbEntity
  8
F.Cu
  6
CONTINUOUS
100
AcDbLine
 10
115.5980169999999987
 20
-128.7498149999999839
 30
0
 11
115.7902849999999972
 21
-128.7880600000000015
 31
0
  0
LINE
  5
6D
330
1B
100
AcDbEntity
  8
F.Cu
  6
CONTINUOUS
100
AcDbLine
 10
129.2599999999999909
 20
-129.5
 30
0
 11
126.2599999999999909
 21
-129.5
 31
0
  0
LINE
  5
6E
330
1B
100
AcDbEntity
  8
F.Cu
  6
CONTINUOUS
100
AcDbLine
 10
126.2599999999999909
 20
-129.5
 30
0
 11
126.2599999999999909
 21
-126.5
 31
0
  0
LINE
  5
6F
330
1B
100
AcDbEntity
  8
F.Cu
  6
CONTINUOUS
100
AcDbLine
 10
126.2599999999999909
 20
-126.5
 30
0
 11
129.2599999999999909
 21
-126.5
 31
0
  0
LINE
  5
70
330
1B
100
AcDbEntity
  8
F.Cu
  6
CONTINUOUS
100
AcDbLine
 10
129.2599999999999909
 20
-126.5
 30
0
 11
129.2599999999999909
 21
-129.5
 31
0
  0
LINE
  5
71
330
1B
100
AcDbEntity
  8
F.Cu
  6
CONTINUOUS
100
AcDbLine
 10
150.3400000000000034
 20
-129.5
 30
0
 11
147.3400000000000034
 21
-129.5
 31
0
  0
LINE
  5
72
330
1B
100
AcDbEntity
  8
F.Cu
  6
CONTINUOUS
100
AcDbLine
 10
147.3400000000000034
 20
-129.5
 30
0
 11
147.3400000000000034
 21
-126.5
 31
0
  0
LINE
  5
73
330
1B
100
AcDbEntity
  8
F.Cu
  6
CONTINUOUS
100
AcDbLine
 10
147.3400000000000034
 20
-126.5
 30
0
 11
150.3400000000000034
 21
-126.5
 31
0
  0
LINE
  5
74
330
1B
100
AcDbEntity
  8
F.Cu
  6
CONTINUOUS
100
AcDbLine
 10
150.3400000000000034
 20
-126.5
 30
0
 11
150.3400000000000034
 21
-129.5
 31
0
  0
LINE
  5
75
330
1B
100
AcDbEntity
  8
F.Cu
  6
CONTINUOUS
100
AcDbLine
 10
133.1901679999999999
 20
-126.541444999999996
 30
0
 11
133.414024999999981
 21
-126.6141809999999879
 31
0
  0
LINE
  5
76
330
1B
100
AcDbEntity
  8
F.Cu
  6
CONTINUOUS
100
AcDbLine
 10
133.414024999999981
 20
-126.6141809999999879
 30
0
 11
133.6237480000000062
 21
-126.7210399999999879
 31
0
  0
LINE
  5
77
330
1B
100
AcDbEntity
  8
F.Cu
  6
CONTINUOUS
100
AcDbLine
 10
133.6237480000000062
 20
-126.7210399999999879
 30
0
 11
133.814171999999985
 21
-126.859390999999988
 31
0
  0
LINE
  5
78
330
1B
100
AcDbEntity
  8
F.Cu
  6
CONTINUOUS
100
AcDbLine
 10
133.814171999999985
 20
-126.859390999999988
 30
0
 11
133.980608999999987
 21
-127.02582799999999
 31
0
  0
LINE
  5
79
330
1B
100
AcDbEntity
  8
F.Cu
  6
CONTINUOUS
100
AcDbLine
 10
133.980608999999987
 20
-127.02582799999999
 30
0
 11
134.1189599999999871
 21
-127.2162519999999972
 31
0
  0
LINE
  5
7A
330
1B
100
AcDbEntity
  8
F.Cu
  6
CONTINUOUS
100
AcDbLine
 10
134.1189599999999871
 20
-127.2162519999999972
 30
0
 11
134.2258190000000013
 21
-127.425974999999994
 31
0
  0
LINE
  5
7B
330
1B
100
AcDbEntity
  8
F.Cu
  6
CONTINUOUS
100
AcDbLine
 10
134.2258190000000013
 20
-127.425974999999994
 30
0
 11
134.2985549999999932
 21
-127.6498319999999893
 31
0
  0
LINE
  5
7C
330
1B
100
AcDbEntity
  8
F.Cu
  6
CONTINUOUS
100
AcDbLine
 10
134.2985549999999932
 20
-127.6498319999999893
 30
0
 11
134.3353759999999966
 21
-127.8823109999999872
 31
0
  0
LINE
  5
7D
330
1B
100
AcDbEntity
  8
F.Cu
  6
CONTINUOUS
100
AcDbLine
 10
134.3353759999999966
 20
-127.8823109999999872
 30
0
 11
134.3353759999999966
 21
-128.1176889999999844
 31
0
  0
LINE
  5
7E
330
1B
100
AcDbEntity
  8
F.Cu
  6
CONTINUOUS
100
AcDbLine
 10
134.3353759999999966
 20
-128.1176889999999844
 30
0
 11
134.2985549999999932
 21
-128.3501679999999965
 31
0
  0
LINE
  5
7F
330
1B
100
AcDbEntity
  8
F.Cu
  6
CONTINUOUS
100
AcDbLine
 10
134.2985549999999932
 20
-128.3501679999999965
 30
0
 11
134.2258190000000013
 21
-128.574025000000006
 31
0
  0
LINE
  5
80
330
1B
100
AcDbEntity
  8
F.Cu
  6
CONTINUOUS
100
AcDbLine
 10
134.2258190000000013
 20
-128.574025000000006
 30
0
 11
134.1189599999999871
 21
-128.7837480000000028
 31
0
  0
LINE
  5
81
330
1B
100
AcDbEntity
  8
F.Cu
  6
CONTINUOUS
100
AcDbLine
 10
134.1189599999999871
 20
-128.7837480000000028
 30
0
 11
133.980608999999987
 21
-128.9741719999999816
 31
0
  0
LINE
  5
82
330
1B
100
AcDbEntity
  8
F.Cu
  6
CONTINUOUS
100
AcDbLine
 10
133.980608999999987
 20
-128.9741719999999816
 30
0
 11
133.814171999999985
 21
-129.1406089999999836
 31
0
  0
LINE
  5
83
330
1B
100
AcDbEntity
  8
F.Cu
  6
CONTINUOUS
100
AcDbLine
 10
133.814171999999985
 20
-129.1406089999999836
 30
0
 11
133.6237480000000062
 21
-129.2789599999999837
 31
0
  0
LINE
  5
84
330
1B
100
AcDbEntity
  8
F.Cu
  6
CONTINUOUS
100
AcDbLine
 10
133.6237480000000062
 20
-129.2789599999999837
 30
0
 11
133.414024999999981
 21
-129.3858189999999979
 31
0
  0
LINE
  5
85
330
1B
100
AcDbEntity
  8
F.Cu
  6
CONTINUOUS
100
AcDbLine
 10
133.414024999999981
 20
-129.3858189999999979
 30
0
 11
133.1901679999999999
 21
-129.4585549999999898
 31
0
  0
LINE
  5
86
330
1B
100
AcDbEntity
  8
F.Cu
  6
CONTINUOUS
100
AcDbLine
 10
133.1901679999999999
 20
-129.4585549999999898
 30
0
 11
132.9576889999999878
 21
-129.4953759999999932
 31
0
  0
LINE
  5
87
330
1B
100
AcDbEntity
  8
F.Cu
  6
CONTINUOUS
100
AcDbLine
 10
132.9576889999999878
 20
-129.4953759999999932
 30
0
 11
132.7223109999999906
 21
-129.4953759999999932
 31
0
  0
LINE
  5
88
330
1B
100
AcDbEntity
  8
F.Cu
  6
CONTINUOUS
100
AcDbLine
 10
132.7223109999999906
 20
-129.4953759999999932
 30
0
 11
132.4898320000000069
 21
-129.4585549999999898
 31
0
  0
LINE
  5
89
330
1B
100
AcDbEntity
  8
F.Cu
  6
CONTINUOUS
100
AcDbLine
 10
132.4898320000000069
 20
-129.4585549999999898
 30
0
 11
132.2659749999999974
 21
-129.3858189999999979
 31
0
  0
LINE
  5
8A
330
1B
100
AcDbEntity
  8
F.Cu
  6
CONTINUOUS
100
AcDbLine
 10
132.2659749999999974
 20
-129.3858189999999979
 30
0
 11
132.0562520000000006
 21
-129.2789599999999837
 31
0
  0
LINE
  5
8B
330
1B
100
AcDbEntity
  8
F.Cu
  6
CONTINUOUS
100
AcDbLine
 10
132.0562520000000006
 20
-129.2789599999999837
 30
0
 11
131.8658279999999934
 21
-129.1406089999999836
 31
0
  0
LINE
  5
8C
330
1B
100
AcDbEntity
  8
F.Cu
  6
CONTINUOUS
100
AcDbLine
 10
131.8658279999999934
 20
-129.1406089999999836
 30
0
 11
131.6993909999999914
 21
-128.9741719999999816
 31
0
  0
LINE
  5
8D
330
1B
100
AcDbEntity
  8
F.Cu
  6
CONTINUOUS
100
AcDbLine
 10
131.6993909999999914
 20
-128.9741719999999816
 30
0
 11
131.5610399999999913
 21
-128.7837480000000028
 31
0
  0
LINE
  5
8E
330
1B
100
AcDbEntity
  8
F.Cu
  6
CONTINUOUS
100
AcDbLine
 10
131.5610399999999913
 20
-128.7837480000000028
 30
0
 11
131.4541810000000055
 21
-128.574025000000006
 31
0
  0
LINE
  5
8F
330
1B
100
AcDbEntity
  8
F.Cu
  6
CONTINUOUS
100
AcDbLine
 10
131.4541810000000055
 20
-128.574025000000006
 30
0
 11
131.3814449999999852
 21
-128.3501679999999965
 31
0
  0
LINE
  5
90
330
1B
100
AcDbEntity
  8
F.Cu
  6
CONTINUOUS
100
AcDbLine
 10
131.3814449999999852
 20
-128.3501679999999965
 30
0
 11
131.3446239999999818
 21
-128.1176889999999844
 31
0
  0
LINE
  5
91
330
1B
100
AcDbEntity
  8
F.Cu
  6
CONTINUOUS
100
AcDbLine
 10
131.3446239999999818
 20
-128.1176889999999844
 30
0
 11
131.3446239999999818
 21
-127.8823109999999872
 31
0
  0
LINE
  5
92
330
1B
100
AcDbEntity
  8
F.Cu
  6
CONTINUOUS
100
AcDbLine
 10
131.3446239999999818
 20
-127.8823109999999872
 30
0
 11
131.3814449999999852
 21
-127.6498319999999893
 31
0
  0
LINE
  5
93
330
1B
100
AcDbEntity
  8
F.Cu
  6
CONTINUOUS
100
AcDbLine
 10
131.3814449999999852
 20
-127.6498319999999893
 30
0
 11
131.4541810000000055
 21
-127.425974999999994
 31
0
  0
LINE
  5
94
330
1B
100
AcDbEntity
  8
F.Cu
  6
CONTINUOUS
100
AcDbLine
 10
131.4541810000000055
 20
-127.425974999999994
 30
0
 11
131.5610399999999913
 21
-127.2162519999999972
 31
0
  0
LINE
  5
95
330
1B
100
AcDbEntity
  8
F.Cu
  6
CONTINUOUS
100
AcDbLine
 10
131.5610399999999913
 20
-127.2162519999999972
 30
0
 11
131.6993909999999914
 21
-127.02582799999999
 31
0
  0
LINE
  5
96
330
1B
100
AcDbEntity
  8
F.Cu
  6
CONTINUOUS
100
AcDbLine
 10
131.6993909999999914
 20
-127.02582799999999
 30
0
 11
131.8658279999999934
 21
-126.859390999999988
 31
0
  0
LINE
  5
97
330
1B
100
AcDbEntity
  8
F.Cu
  6
CONTINUOUS
100
AcDbLine
 10
131.8658279999999934
 20
-126.859390999999988
 30
0
 11
132.0562520000000006
 21
-126.7210399999999879
 31
0
  0
LINE
  5
98
330
1B
100
AcDbEntity
  8
F.Cu
  6
CONTINUOUS
100
AcDbLine
 10
132.0562520000000006
 20
-126.7210399999999879
 30
0
 11
132.2659749999999974
 21
-126.6141809999999879
 31
0
  0
LINE
  5
99
330
1B
100
AcDbEntity
  8
F.Cu
  6
CONTINUOUS
100
AcDbLine
 10
132.2659749999999974
 20
-126.6141809999999879
 30
0
 11
132.4898320000000069
 21
-126.541444999999996
 31
0
  0
LINE
  5
9A
330
1B
100
AcDbEntity
  8
F.Cu
  6
CONTINUOUS
100
AcDbLine
 10
132.4898320000000069
 20
-126.541444999999996
 30
0
 11
132.7223109999999906
 21
-126.5046239999999926
 31
0
  0
LINE
  5
9B
330
1B
100
AcDbEntity
  8
F.Cu
  6
CONTINUOUS
100
AcDbLine
 10
132.7223109999999906
 20
-126.5046239999999926
 30
0
 11
132.9576889999999878
 21
-126.5046239999999926
 31
0
  0
LINE
  5
9C
330
1B
100
AcDbEntity
  8
F.Cu
  6
CONTINUOUS
100
AcDbLine
 10
132.9576889999999878
 20
-126.5046239999999926
 30
0
 11
133.1901679999999999
 21
-126.541444999999996
 31
0
  0
LINE
  5
9D
330
1B
100
AcDbEntity
  8
F.Cu
  6
CONTINUOUS
100
AcDbLine
 10
138.270167999999984
 20
-126.541444999999996
 30
0
 11
138.4940249999999935
 21
-126.6141809999999879
 31
0
  0
LINE
  5
9E
330
1B
100
AcDbEntity
  8
F.Cu
  6
CONTINUOUS
100
AcDbLine
 10
138.4940249999999935
 20
-126.6141809999999879
 30
0
 11
138.7037479999999903
 21
-126.7210399999999879
 31
0
  0
LINE
  5
9F
330
1B
100
AcDbEntity
  8
F.Cu
  6
CONTINUOUS
100
AcDbLine
 10
138.7037479999999903
 20
-126.7210399999999879
 30
0
 11
138.8941719999999975
 21
-126.859390999999988
 31
0
  0
LINE
  5
A0
330
1B
100
AcDbEntity
  8
F.Cu
  6
CONTINUOUS
100
AcDbLine
 10
138.8941719999999975
 20
-126.859390999999988
 30
0
 11
139.0606089999999995
 21
-127.02582799999999
 31
0
  0
LINE
  5
A1
330
1B
100
AcDbEntity
  8
F.Cu
  6
CONTINUOUS
100
AcDbLine
 10
139.0606089999999995
 20
-127.02582799999999
 30
0
 11
139.1989599999999996
 21
-127.2162519999999972
 31
0
  0
LINE
  5
A2
330
1B
100
AcDbEntity
  8
F.Cu
  6
CONTINUOUS
100
AcDbLine
 10
139.1989599999999996
 20
-127.2162519999999972
 30
0
 11
139.3058189999999854
 21
-127.425974999999994
 31
0
  0
LINE
  5
A3
330
1B
100
AcDbEntity
  8
F.Cu
  6
CONTINUOUS
100
AcDbLine
 10
139.3058189999999854
 20
-127.425974999999994
 30
0
 11
139.3785550000000057
 21
-127.6498319999999893
 31
0
  0
LINE
  5
A4
330
1B
100
AcDbEntity
  8
F.Cu
  6
CONTINUOUS
100
AcDbLine
 10
139.3785550000000057
 20
-127.6498319999999893
 30
0
 11
139.4153759999999806
 21
-127.8823109999999872
 31
0
  0
LINE
  5
A5
330
1B
100
AcDbEntity
  8
F.Cu
  6
CONTINUOUS
100
AcDbLine
 10
139.4153759999999806
 20
-127.8823109999999872
 30
0
 11
139.4153759999999806
 21
-128.1176889999999844
 31
0
  0
LINE
  5
A6
330
1B
100
AcDbEntity
  8
F.Cu
  6
CONTINUOUS
100
AcDbLine
 10
139.4153759999999806
 20
-128.1176889999999844
 30
0
 11
139.3785550000000057
 21
-128.3501679999999965
 31
0
  0
LINE
  5
A7
330
1B
100
AcDbEntity
  8
F.Cu
  6
CONTINUOUS
100
AcDbLine
 10
139.3785550000000057
 20
-128.3501679999999965
 30
0
 11
139.3058189999999854
 21
-128.574025000000006
 31
0
  0
LINE
  5
A8
330
1B
100
AcDbEntity
  8
F.Cu
  6
CONTINUOUS
100
AcDbLine
 10
139.3058189999999854
 20
-128.574025000000006
 30
0
 11
139.1989599999999996
 21
-128.7837480000000028
 31
0
  0
LINE
  5
A9
330
1B
100
AcDbEntity
  8
F.Cu
  6
CONTINUOUS
100
AcDbLine
 10
139.1989599999999996
 20
-128.7837480000000028
 30
0
 11
139.0606089999999995
 21
-128.9741719999999816
 31
0
  0
LINE
  5
AA
330
1B
100
AcDbEntity
  8
F.Cu
  6
CONTINUOUS
100
AcDbLine
 10
139.0606089999999995
 20
-128.9741719999999816
 30
0
 11
138.8941719999999975
 21
-129.1406089999999836
 31
0
  0
LINE
  5
AB
330
1B
100
AcDbEntity
  8
F.Cu
  6
CONTINUOUS
100
AcDbLine
 10
138.8941719999999975
 20
-129.1406089999999836
 30
0
 11
138.7037479999999903
 21
-129.2789599999999837
 31
0
  0
LINE
  5
AC
330
1B
100
AcDbEntity
  8
F.Cu
  6
CONTINUOUS
100
AcDbLine
 10
138.7037479999999903
 20
-129.2789599999999837
 30
0
 11
138.4940249999999935
 21
-129.3858189999999979
 31
0
  0
LINE
  5
AD
330
1B
100
AcDbEntity
  8
F.Cu
  6
CONTINUOUS
100
AcDbLine
 10
138.4940249999999935
 20
-129.3858189999999979
 30
0
 11
138.270167999999984
 21
-129.4585549999999898
 31
0
  0
LINE
  5
AE
330
1B
100
AcDbEntity
  8
F.Cu
  6
CONTINUOUS
100
AcDbLine
 10
138.270167999999984
 20
-129.4585549999999898
 30
0
 11
138.0376890000000003
 21
-129.4953759999999932
 31
0
  0
LINE
  5
AF
330
1B
100
AcDbEntity
  8
F.Cu
  6
CONTINUOUS
100
AcDbLine
 10
138.0376890000000003
 20
-129.4953759999999932
 30
0
 11
137.8023110000000031
 21
-129.4953759999999932
 31
0
  0
LINE
  5
B0
330
1B
100
AcDbEntity
  8
F.Cu
  6
CONTINUOUS
100
AcDbLine
 10
137.8023110000000031
 20
-129.4953759999999932
 30
0
 11
137.569831999999991
 21
-129.4585549999999898
 31
0
  0
LINE
  5
B1
330
1B
100
AcDbEntity
  8
F.Cu
  6
CONTINUOUS
100
AcDbLine
 10
137.569831999999991
 20
-129.4585549999999898
 30
0
 11
137.3459749999999815
 21
-129.3858189999999979
 31
0
  0
LINE
  5
B2
330
1B
100
AcDbEntity
  8
F.Cu
  6
CONTINUOUS
100
AcDbLine
 10
137.3459749999999815
 20
-129.3858189999999979
 30
0
 11
137.1362519999999847
 21
-129.2789599999999837
 31
0
  0
LINE
  5
B3
330
1B
100
AcDbEntity
  8
F.Cu
  6
CONTINUOUS
100
AcDbLine
 10
137.1362519999999847
 20
-129.2789599999999837
 30
0
 11
136.9458280000000059
 21
-129.1406089999999836
 31
0
  0
LINE
  5
B4
330
1B
100
AcDbEntity
  8
F.Cu
  6
CONTINUOUS
100
AcDbLine
 10
136.9458280000000059
 20
-129.1406089999999836
 30
0
 11
136.7793910000000039
 21
-128.9741719999999816
 31
0
  0
LINE
  5
B5
330
1B
100
AcDbEntity
  8
F.Cu
  6
CONTINUOUS
100
AcDbLine
 10
136.7793910000000039
 20
-128.9741719999999816
 30
0
 11
136.6410400000000038
 21
-128.7837480000000028
 31
0
  0
LINE
  5
B6
330
1B
100
AcDbEntity
  8
F.Cu
  6
CONTINUOUS
100
AcDbLine
 10
136.6410400000000038
 20
-128.7837480000000028
 30
0
 11
136.5341809999999896
 21
-128.574025000000006
 31
0
  0
LINE
  5
B7
330
1B
100
AcDbEntity
  8
F.Cu
  6
CONTINUOUS
100
AcDbLine
 10
136.5341809999999896
 20
-128.574025000000006
 30
0
 11
136.4614449999999977
 21
-128.3501679999999965
 31
0
  0
LINE
  5
B8
330
1B
100
AcDbEntity
  8
F.Cu
  6
CONTINUOUS
100
AcDbLine
 10
136.4614449999999977
 20
-128.3501679999999965
 30
0
 11
136.4246239999999943
 21
-128.1176889999999844
 31
0
  0
LINE
  5
B9
330
1B
100
AcDbEntity
  8
F.Cu
  6
CONTINUOUS
100
AcDbLine
 10
136.4246239999999943
 20
-128.1176889999999844
 30
0
 11
136.4246239999999943
 21
-127.8823109999999872
 31
0
  0
LINE
  5
BA
330
1B
100
AcDbEntity
  8
F.Cu
  6
CONTINUOUS
100
AcDbLine
 10
136.4246239999999943
 20
-127.8823109999999872
 30
0
 11
136.4614449999999977
 21
-127.6498319999999893
 31
0
  0
LINE
  5
BB
330
1B
100
AcDbEntity
  8
F.Cu
  6
CONTINUOUS
100
AcDbLine
 10
136.4614449999999977
 20
-127.6498319999999893
 30
0
 11
136.5341809999999896
 21
-127.425974999999994
 31
0
  0
LINE
  5
BC
330
1B
100
AcDbEntity
  8
F.Cu
  6
CONTINUOUS
100
AcDbLine
 10
136.5341809999999896
 20
-127.425974999999994
 30
0
 11
136.6410400000000038
 21
-127.2162519999999972
 31
0
  0
LINE
  5
BD
330
1B
100
AcDbEntity
  8
F.Cu
  6
CONTINUOUS
100
AcDbLine
 10
136.6410400000000038
 20
-127.2162519999999972
 30
0
 11
136.7793910000000039
 21
-127.02582799999999
 31
0
  0
LINE
  5
BE
330
1B
100
AcDbEntity
  8
F.Cu
  6
CONTINUOUS
100
AcDbLine
 10
136.7793910000000039
 20
-127.02582799999999
 30
0
 11
136.9458280000000059
 21
-126.859390999999988
 31
0
  0
LINE
  5
BF
330
1B
100
AcDbEntity
  8
F.Cu
  6
CONTINUOUS
100
AcDbLine
 10
136.9458280000000059
 20
-126.859390999999988
 30
0
 11
137.1362519999999847
 21
-126.7210399999999879
 31
0
  0
LINE
  5
C0
330
1B
100
AcDbEntity
  8
F.Cu
  6
CONTINUOUS
100
AcDbLine
 10
137.1362519999999847
 20
-126.7210399999999879
 30
0
 11
137.3459749999999815
 21
-126.6141809999999879
 31
0
  0
LINE
  5
C1
330
1B
100
AcDbEntity
  8
F.Cu
  6
CONTINUOUS
100
AcDbLine
 10
137.3459749999999815
 20
-126.6141809999999879
 30
0
 11
137.569831999999991
 21
-126.541444999999996
 31
0
  0
LINE
  5
C2
330
1B
100
AcDbEntity
  8
F.Cu
  6
CONTINUOUS
100
AcDbLine
 10
137.569831999999991
 20
-126.541444999999996
 30
0
 11
137.8023110000000031
 21
-126.5046239999999926
 31
0
  0
LINE
  5
C3
330
1B
100
AcDbEntity
  8
F.Cu
  6
CONTINUOUS
100
AcDbLine
 10
137.8023110000000031
 20
-126.5046239999999926
 30
0
 11
138.0376890000000003
 21
-126.5046239999999926
 31
0
  0
LINE
  5
C4
330
1B
100
AcDbEntity
  8
F.Cu
  6
CONTINUOUS
100
AcDbLine
 10
138.0376890000000003
 20
-126.5046239999999926
 30
0
 11
138.270167999999984
 21
-126.541444999999996
 31
0
  0
LINE
  5
C5
330
1B
100
AcDbEntity
  8
F.Cu
  6
CONTINUOUS
100
AcDbLine
 10
154.270167999999984
 20
-126.541444999999996
 30
0
 11
154.4940249999999935
 21
-126.6141809999999879
 31
0
  0
LINE
  5
C6
330
1B
100
AcDbEntity
  8
F.Cu
  6
CONTINUOUS
100
AcDbLine
 10
154.4940249999999935
 20
-126.6141809999999879
 30
0
 11
154.7037479999999903
 21
-126.7210399999999879
 31
0
  0
LINE
  5
C7
330
1B
100
AcDbEntity
  8
F.Cu
  6
CONTINUOUS
100
AcDbLine
 10
154.7037479999999903
 20
-126.7210399999999879
 30
0
 11
154.8941719999999975
 21
-126.859390999999988
 31
0
  0
LINE
  5
C8
330
1B
100
AcDbEntity
  8
F.Cu
  6
CONTINUOUS
100
AcDbLine
 10
154.8941719999999975
 20
-126.859390999999988
 30
0
 11
155.0606089999999995
 21
-127.02582799999999
 31
0
  0
LINE
  5
C9
330
1B
100
AcDbEntity
  8
F.Cu
  6
CONTINUOUS
100
AcDbLine
 10
155.0606089999999995
 20
-127.02582799999999
 30
0
 11
155.1989599999999996
 21
-127.2162519999999972
 31
0
  0
LINE
  5
CA
330
1B
100
AcDbEntity
  8
F.Cu
  6
CONTINUOUS
100
AcDbLine
 10
155.1989599999999996
 20
-127.2162519999999972
 30
0
 11
155.3058189999999854
 21
-127.425974999999994
 31
0
  0
LINE
  5
CB
330
1B
100
AcDbEntity
  8
F.Cu
  6
CONTINUOUS
100
AcDbLine
 10
155.3058189999999854
 20
-127.425974999999994
 30
0
 11
155.3785550000000057
 21
-127.6498319999999893
 31
0
  0
LINE
  5
CC
330
1B
100
AcDbEntity
  8
F.Cu
  6
CONTINUOUS
100
AcDbLine
 10
155.3785550000000057
 20
-127.6498319999999893
 30
0
 11
155.4153759999999806
 21
-127.8823109999999872
 31
0
  0
LINE
  5
CD
330
1B
100
AcDbEntity
  8
F.Cu
  6
CONTINUOUS
100
AcDbLine
 10
155.4153759999999806
 20
-127.8823109999999872
 30
0
 11
155.4153759999999806
 21
-128.1176889999999844
 31
0
  0
LINE
  5
CE
330
1B
100
AcDbEntity
  8
F.Cu
  6
CONTINUOUS
100
AcDbLine
 10
155.4153759999999806
 20
-128.1176889999999844
 30
0
 11
155.3785550000000057
 21
-128.3501679999999965
 31
0
  0
LINE
  5
CF
330
1B
100
AcDbEntity
  8
F.Cu
  6
CONTINUOUS
100
AcDbLine
 10
155.3785550000000057
 20
-128.3501679999999965
 30
0
 11
155.3058189999999854
 21
-128.574025000000006
 31
0
  0
LINE
  5
D0
330
1B
100
AcDbEntity
  8
F.Cu
  6
CONTINUOUS
100
AcDbLine
 10
155.3058189999999854
 20
-128.574025000000006
 30
0
 11
155.1989599999999996
 21
-128.7837480000000028
 31
0
  0
LINE
  5
D1
330
1B
100
AcDbEntity
  8
F.Cu
  6
CONTINUOUS
100
AcDbLine
 10
155.1989599999999996
 20
-128.7837480000000028
 30
0
 11
155.0606089999999995
 21
-128.9741719999999816
 31
0
  0
LINE
  5
D2
330
1B
100
AcDbEntity
  8
F.Cu
  6
CONTINUOUS
100
AcDbLine
 10
155.0606089999999995
 20
-128.9741719999999816
 30
0
 11
154.8941719999999975
 21
-129.1406089999999836
 31
0
  0
LINE
  5
D3
330
1B
100
AcDbEntity
  8
F.Cu
  6
CONTINUOUS
100
AcDbLine
 10
154.8941719999999975
 20
-129.1406089999999836
 30
0
 11
154.7037479999999903
 21
-129.2789599999999837
 31
0
  0
LINE
  5
D4
330
1B
100
AcDbEntity
  8
F.Cu
  6
CONTINUOUS
100
AcDbLine
 10
154.7037479999999903
 20
-129.2789599999999837
 30
0
 11
154.4940249999999935
 21
-129.3858189999999979
 31
0
  0
LINE
  5
D5
330
1B
100
AcDbEntity
  8
F.Cu
  6
CONTINUOUS
100
AcDbLine
 10
154.4940249999999935
 20
-129.3858189999999979
 30
0
 11
154.270167999999984
 21
-129.4585549999999898
 31
0
  0
LINE
  5
D6
330
1B
100
AcDbEntity
  8
F.Cu
  6
CONTINUOUS
100
AcDbLine
 10
154.270167999999984
 20
-129.4585549999999898
 30
0
 11
154.0376890000000003
 21
-129.4953759999999932
 31
0
  0
LINE
  5
D7
330
1B
100
AcDbEntity
  8
F.Cu
  6
CONTINUOUS
100
AcDbLine
 10
154.0376890000000003
 20
-129.4953759999999932
 30
0
 11
153.8023110000000031
 21
-129.4953759999999932
 31
0
  0
LINE
  5
D8
330
1B
100
AcDbEntity
  8
F.Cu
  6
CONTINUOUS
100
AcDbLine
 10
153.8023110000000031
 20
-129.4953759999999932
 30
0
 11
153.569831999999991
 21
-129.4585549999999898
 31
0
  0
LINE
  5
D9
330
1B
100
AcDbEntity
  8
F.Cu
  6
CONTINUOUS
100
AcDbLine
 10
153.569831999999991
 20
-129.4585549999999898
 30
0
 11
153.3459749999999815
 21
-129.3858189999999979
 31
0
  0
LINE
  5
DA
330
1B
100
AcDbEntity
  8
F.Cu
  6
CONTINUOUS
100
AcDbLine
 10
153.3459749999999815
 20
-129.3858189999999979
 30
0
 11
153.1362519999999847
 21
-129.2789599999999837
 31
0
  0
LINE
  5
DB
330
1B
100
AcDbEntity
  8
F.Cu
  6
CONTINUOUS
100
AcDbLine
 10
153.1362519999999847
 20
-129.2789599999999837
 30
0
 11
152.9458280000000059
 21
-129.1406089999999836
 31
0
  0
LINE
  5
DC
330
1B
100
AcDbEntity
  8
F.Cu
  6
CONTINUOUS
100
AcDbLine
 10
152.9458280000000059
 20
-129.1406089999999836
 30
0
 11
152.7793910000000039
 21
-128.9741719999999816
 31
0
  0
LINE
  5
DD
330
1B
100
AcDbEntity
  8
F.Cu
  6
CONTINUOUS
100
AcDbLine
 10
152.7793910000000039
 20
-128.9741719999999816
 30
0
 11
152.6410400000000038
 21
-128.7837480000000028
 31
0
  0
LINE
  5
DE
330
1B
100
AcDbEntity
  8
F.Cu
  6
CONTINUOUS
100
AcDbLine
 10
152.6410400000000038
 20
-128.7837480000000028
 30
0
 11
152.5341809999999896
 21
-128.574025000000006
 31
0
  0
LINE
  5
DF
330
1B
100
AcDbEntity
  8
F.Cu
  6
CONTINUOUS
100
AcDbLine
 10
152.5341809999999896
 20
-128.574025000000006
 30
0
 11
152.4614449999999977
 21
-128.3501679999999965
 31
0
  0
LINE
  5
E0
330
1B
100
AcDbEntity
  8
F.Cu
  6
CONTINUOUS
100
AcDbLine
 10
152.4614449999999977
 20
-128.3501679999999965
 30
0
 11
152.4246239999999943
 21
-128.1176889999999844
 31
0
  0
LINE
  5
E1
330
1B
100
AcDbEntity
  8
F.Cu
  6
CONTINUOUS
100
AcDbLine
 10
152.4246239999999943
 20
-128.1176889999999844
 30
0
 11
152.4246239999999943
 21
-127.8823109999999872
 31
0
  0
LINE
  5
E2
330
1B
100
AcDbEntity
  8
F.Cu
  6
CONTINUOUS
100
AcDbLine
 10
152.4246239999999943
 20
-127.8823109999999872
 30
0
 11
152.4614449999999977
 21
-127.6498319999999893
 31
0
  0
LINE
  5
E3
330
1B
100
AcDbEntity
  8
F.Cu
  6
CONTINUOUS
100
AcDbLine
 10
152.4614449999999977
 20
-127.6498319999999893
 30
0
 11
152.5341809999999896
 21
-127.425974999999994
 31
0
  0
LINE
  5
E4
330
1B
100
AcDbEntity
  8
F.Cu
  6
CONTINUOUS
100
AcDbLine
 10
152.5341809999999896
 20
-127.425974999999994
 30
0
 11
152.6410400000000038
 21
-127.2162519999999972
 31
0
  0
LINE
  5
E5
330
1B
100
AcDbEntity
  8
F.Cu
  6
CONTINUOUS
100
AcDbLine
 10
152.6410400000000038
 20
-127.2162519999999972
 30
0
 11
152.7793910000000039
 21
-127.02582799999999
 31
0
  0
LINE
  5
E6
330
1B
100
AcDbEntity
  8
F.Cu
  6
CONTINUOUS
100
AcDbLine
 10
152.7793910000000039
 20
-127.02582799999999
 30
0
 11
152.9458280000000059
 21
-126.859390999999988
 31
0
  0
LINE
  5
E7
330
1B
100
AcDbEntity
  8
F.Cu
  6
CONTINUOUS
100
AcDbLine
 10
152.9458280000000059
 20
-126.859390999999988
 30
0
 11
153.1362519999999847
 21
-126.7210399999999879
 31
0
  0
LINE
  5
E8
330
1B
100
AcDbEntity
  8
F.Cu
  6
CONTINUOUS
100
AcDbLine
 10
153.1362519999999847
 20
-126.7210399999999879
 30
0
 11
153.3459749999999815
 21
-126.6141809999999879
 31
0
  0
LINE
  5
E9
330
1B
100
AcDbEntity
  8
F.Cu
  6
CONTINUOUS
100
AcDbLine
 10
153.3459749999999815
 20
-126.6141809999999879
 30
0
 11
153.569831999999991
 21
-126.541444999999996
 31
0
  0
LINE
  5
EA
330
1B
100
AcDbEntity
  8
F.Cu
  6
CONTINUOUS
100
AcDbLine
 10
153.569831999999991
 20
-126.541444999999996
 30
0
 11
153.8023110000000031
 21
-126.5046239999999926
 31
0
  0
LINE
  5
EB
330
1B
100
AcDbEntity
  8
F.Cu
  6
CONTINUOUS
100
AcDbLine
 10
153.8023110000000031
 20
-126.5046239999999926
 30
0
 11
154.0376890000000003
 21
-126.5046239999999926
 31
0
  0
LINE
  5
EC
330
1B
100
AcDbEntity
  8
F.Cu
  6
CONTINUOUS
100
AcDbLine
 10
154.0376890000000003
 20
-126.5046239999999926
 30
0
 11
154.270167999999984
 21
-126.541444999999996
 31
0
  0
LINE
  5
ED
330
1B
100
AcDbEntity
  8
F.Cu
  6
CONTINUOUS
100
AcDbLine
 10
159.3501679999999965
 20
-126.541444999999996
 30
0
 11
159.574025000000006
 21
-126.6141809999999879
 31
0
  0
LINE
  5
EE
330
1B
100
AcDbEntity
  8
F.Cu
  6
CONTINUOUS
100
AcDbLine
 10
159.574025000000006
 20
-126.6141809999999879
 30
0
 11
159.7837480000000028
 21
-126.7210399999999879
 31
0
  0
LINE
  5
EF
330
1B
100
AcDbEntity
  8
F.Cu
  6
CONTINUOUS
100
AcDbLine
 10
159.7837480000000028
 20
-126.7210399999999879
 30
0
 11
159.9741719999999816
 21
-126.859390999999988
 31
0
  0
LINE
  5
F0
330
1B
100
AcDbEntity
  8
F.Cu
  6
CONTINUOUS
100
AcDbLine
 10
159.9741719999999816
 20
-126.859390999999988
 30
0
 11
160.1406089999999836
 21
-127.02582799999999
 31
0
  0
LINE
  5
F1
330
1B
100
AcDbEntity
  8
F.Cu
  6
CONTINUOUS
100
AcDbLine
 10
160.1406089999999836
 20
-127.02582799999999
 30
0
 11
160.2789599999999837
 21
-127.2162519999999972
 31
0
  0
LINE
  5
F2
330
1B
100
AcDbEntity
  8
F.Cu
  6
CONTINUOUS
100
AcDbLine
 10
160.2789599999999837
 20
-127.2162519999999972
 30
0
 11
160.3858189999999979
 21
-127.425974999999994
 31
0
  0
LINE
  5
F3
330
1B
100
AcDbEntity
  8
F.Cu
  6
CONTINUOUS
100
AcDbLine
 10
160.3858189999999979
 20
-127.425974999999994
 30
0
 11
160.4585549999999898
 21
-127.6498319999999893
 31
0
  0
LINE
  5
F4
330
1B
100
AcDbEntity
  8
F.Cu
  6
CONTINUOUS
100
AcDbLine
 10
160.4585549999999898
 20
-127.6498319999999893
 30
0
 11
160.4953759999999932
 21
-127.8823109999999872
 31
0
  0
LINE
  5
F5
330
1B
100
AcDbEntity
  8
F.Cu
  6
CONTINUOUS
100
AcDbLine
 10
160.4953759999999932
 20
-127.8823109999999872
 30
0
 11
160.4953759999999932
 21
-128.1176889999999844
 31
0
  0
LINE
  5
F6
330
1B
100
AcDbEntity
  8
F.Cu
  6
CONTINUOUS
100
AcDbLine
 10
160.4953759999999932
 20
-128.1176889999999844
 30
0
 11
160.4585549999999898
 21
-128.3501679999999965
 31
0
  0
LINE
  5
F7
330
1B
100
AcDbEntity
  8
F.Cu
  6
CONTINUOUS
100
AcDbLine
 10
160.4585549999999898
 20
-128.3501679999999965
 30
0
 11
160.3858189999999979
 21
-128.574025000000006
 31
0
  0
LINE
  5
F8
330
1B
100
AcDbEntity
  8
F.Cu
  6
CONTINUOUS
100
AcDbLine
 10
160.3858189999999979
 20
-128.574025000000006
 30
0
 11
160.2789599999999837
 21
-128.7837480000000028
 31
0
  0
LINE
  5
F9
330
1B
100
AcDbEntity
  8
F.Cu
  6
CONTINUOUS
100
AcDbLine
 10
160.2789599999999837
 20
-128.7837480000000028
 30
0
 11
160.1406089999999836
 21
-128.9741719999999816
 31
0
  0
LINE
  5
FA
330
1B
100
AcDbEntity
  8
F.Cu
  6
CONTINUOUS
100
AcDbLine
 10
160.1406089999999836
 20
-128.9741719999999816
 30
0
 11
159.9741719999999816
 21
-129.1406089999999836
 31
0
  0
LINE
  5
FB
330
1B
100
AcDbEntity
  8
F.Cu
  6
CONTINUOUS
100
AcDbLine
 10
159.9741719999999816
 20
-129.1406089999999836
 30
0
 11
159.7837480000000028
 21
-129.2789599999999837
 31
0
  0
LINE
  5
FC
330
1B
100
AcDbEntity
  8
F.Cu
  6
CONTINUOUS
100
AcDbLine
 10
159.7837480000000028
 20
-129.2789599999999837
 30
0
 11
159.574025000000006
 21
-129.3858189999999979
 31
0
  0
LINE
  5
FD
330
1B
100
AcDbEntity
  8
F.Cu
  6
CONTINUOUS
100
AcDbLine
 10
159.574025000000006
 20
-129.3858189999999979
 30
0
 11
159.3501679999999965
 21
-129.4585549999999898
 31
0
  0
LINE
  5
FE
330
1B
100
AcDbEntity
  8
F.Cu
  6
CONTINUOUS
100
AcDbLine
 10
159.3501679999999965
 20
-129.4585549999999898
 30
0
 11
159.1176889999999844
 21
-129.4953759999999932
 31
0
  0
LINE
  5
FF
330
1B
100
AcDbEntity
  8
F.Cu
  6
CONTINUOUS
100
AcDbLine
 10
159.1176889999999844
 20
-129.4953759999999932
 30
0
 11
158.8823109999999872
 21
-129.4953759999999932
 31
0
  0
LINE
  5
100
330
1B
100
AcDbEntity
  8
F.Cu
  6
CONTINUOUS
100
AcDbLine
 10
158.8823109999999872
 20
-129.4953759999999932
 30
0
 11
158.6498320000000035
 21
-129.4585549999999898
 31
0
  0
LINE
  5
101
330
1B
100
AcDbEntity
  8
F.Cu
  6
CONTINUOUS
100
AcDbLine
 10
158.6498320000000035
 20
-129.4585549999999898
 30
0
 11
158.425974999999994
 21
-129.3858189999999979
 31
0
  0
LINE
  5
102
330
1B
100
AcDbEntity
  8
F.Cu
  6
CONTINUOUS
100
AcDbLine
 10
158.425974999999994
 20
-129.3858189999999979
 30
0
 11
158.2162519999999972
 21
-129.2789599999999837
 31
0
  0
LINE
  5
103
330
1B
100
AcDbEntity
  8
F.Cu
  6
CONTINUOUS
100
AcDbLine
 10
158.2162519999999972
 20
-129.2789599999999837
 30
0
 11
158.02582799999999
 21
-129.1406089999999836
 31
0
  0
LINE
  5
104
330
1B
100
AcDbEntity
  8
F.Cu
  6
CONTINUOUS
100
AcDbLine
 10
158.02582799999999
 20
-129.1406089999999836
 30
0
 11
157.859390999999988
 21
-128.9741719999999816
 31
0
  0
LINE
  5
105
330
1B
100
AcDbEntity
  8
F.Cu
  6
CONTINUOUS
100
AcDbLine
 10
157.859390999999988
 20
-128.9741719999999816
 30
0
 11
157.7210399999999879
 21
-128.7837480000000028
 31
0
  0
LINE
  5
106
330
1B
100
AcDbEntity
  8
F.Cu
  6
CONTINUOUS
100
AcDbLine
 10
157.7210399999999879
 20
-128.7837480000000028
 30
0
 11
157.6141810000000021
 21
-128.574025000000006
 31
0
  0
LINE
  5
107
330
1B
100
AcDbEntity
  8
F.Cu
  6
CONTINUOUS
100
AcDbLine
 10
157.6141810000000021
 20
-128.574025000000006
 30
0
 11
157.5414449999999817
 21
-128.3501679999999965
 31
0
  0
LINE
  5
108
330
1B
100
AcDbEntity
  8
F.Cu
  6
CONTINUOUS
100
AcDbLine
 10
157.5414449999999817
 20
-128.3501679999999965
 30
0
 11
157.5046240000000068
 21
-128.1176889999999844
 31
0
  0
LINE
  5
109
330
1B
100
AcDbEntity
  8
F.Cu
  6
CONTINUOUS
100
AcDbLine
 10
157.5046240000000068
 20
-128.1176889999999844
 30
0
 11
157.5046240000000068
 21
-127.8823109999999872
 31
0
  0
LINE
  5
10A
330
1B
100
AcDbEntity
  8
F.Cu
  6
CONTINUOUS
100
AcDbLine
 10
157.5046240000000068
 20
-127.8823109999999872
 30
0
 11
157.5414449999999817
 21
-127.6498319999999893
 31
0
  0
LINE
  5
10B
330
1B
100
AcDbEntity
  8
F.Cu
  6
CONTINUOUS
100
AcDbLine
 10
157.5414449999999817
 20
-127.6498319999999893
 30
0
 11
157.6141810000000021
 21
-127.425974999999994
 31
0
  0
LINE
  5
10C
330
1B
100
AcDbEntity
  8
F.Cu
  6
CONTINUOUS
100
AcDbLine
 10
157.6141810000000021
 20
-127.425974999999994
 30
0
 11
157.7210399999999879
 21
-127.2162519999999972
 31
0
  0
LINE
  5
10D
330
1B
100
AcDbEntity
  8
F.Cu
  6
CONTINUOUS
100
AcDbLine
 10
157.7210399999999879
 20
-127.2162519999999972
 30
0
 11
157.859390999999988
 21
-127.02582799999999
 31
0
  0
LINE
  5
10E
330
1B
100
AcDbEntity
  8
F.Cu
  6
CONTINUOUS
100
AcDbLine
 10
157.859390999999988
 20
-127.02582799999999
 30
0
 11
158.02582799999999
 21
-126.859390999999988
 31
0
  0
LINE
  5
10F
330
1B
100
AcDbEntity
  8
F.Cu
  6
CONTINUOUS
100
AcDbLine
 10
158.02582799999999
 20
-126.859390999999988
 30
0
 11
158.2162519999999972
 21
-126.7210399999999879
 31
0
  0
LINE
  5
110
330
1B
100
AcDbEntity
  8
F.Cu
  6
CONTINUOUS
100
AcDbLine
 10
158.2162519999999972
 20
-126.7210399999999879
 30
0
 11
158.425974999999994
 21
-126.6141809999999879
 31
0
  0
LINE
  5
111
330
1B
100
AcDbEntity
  8
F.Cu
  6
CONTINUOUS
100
AcDbLine
 10
158.425974999999994
 20
-126.6141809999999879
 30
0
 11
158.6498320000000035
 21
-126.541444999999996
 31
0
  0
LINE
  5
112
330
1B
100
AcDbEntity
  8
F.Cu
  6
CONTINUOUS
100
AcDbLine
 10
158.6498320000000035
 20
-126.541444999999996
 30
0
 11
158.8823109999999872
 21
-126.5046239999999926
 31
0
  0
LINE
  5
113
330
1B
100
AcDbEntity
  8
F.Cu
  6
CONTINUOUS
100
AcDbLine
 10
158.8823109999999872
 20
-126.5046239999999926
 30
0
 11
159.1176889999999844
 21
-126.5046239999999926
 31
0
  0
LINE
  5
114
330
1B
100
AcDbEntity
  8
F.Cu
  6
CONTINUOUS
100
AcDbLine
 10
159.1176889999999844
 20
-126.5046239999999926
 30
0
 11
159.3501679999999965
 21
-126.541444999999996
 31
0
  0
LINE
  5
115
330
1B
100
AcDbEntity
  8
F.Cu
  6
CONTINUOUS
100
AcDbLine
 10
183.1833149999999932
 20
-127.6540929999999889
 30
0
 11
183.3467419999999777
 21
-127.686600999999996
 31
0
  0
LINE
  5
116
330
1B
100
AcDbEntity
  8
F.Cu
  6
CONTINUOUS
100
AcDbLine
 10
183.3467419999999777
 20
-127.686600999999996
 30
0
 11
183.5006869999999992
 21
-127.7503669999999971
 31
0
  0
LINE
  5
117
330
1B
100
AcDbEntity
  8
F.Cu
  6
CONTINUOUS
100
AcDbLine
 10
183.5006869999999992
 20
-127.7503669999999971
 30
0
 11
183.6392339999999876
 21
-127.8429409999999962
 31
0
  0
LINE
  5
118
330
1B
100
AcDbEntity
  8
F.Cu
  6
CONTINUOUS
100
AcDbLine
 10
183.6392339999999876
 20
-127.8429409999999962
 30
0
 11
183.7570589999999982
 21
-127.9607659999999925
 31
0
  0
LINE
  5
119
330
1B
100
AcDbEntity
  8
F.Cu
  6
CONTINUOUS
100
AcDbLine
 10
183.7570589999999982
 20
-127.9607659999999925
 30
0
 11
183.849632999999983
 21
-128.0993129999999951
 31
0
  0
LINE
  5
11A
330
1B
100
AcDbEntity
  8
F.Cu
  6
CONTINUOUS
100
AcDbLine
 10
183.849632999999983
 20
-128.0993129999999951
 30
0
 11
183.9133989999999983
 21
-128.2532579999999882
 31
0
  0
LINE
  5
11B
330
1B
100
AcDbEntity
  8
F.Cu
  6
CONTINUOUS
100
AcDbLine
 10
183.9133989999999983
 20
-128.2532579999999882
 30
0
 11
183.9459070000000054
 21
-128.4166850000000011
 31
0
  0
LINE
  5
11C
330
1B
100
AcDbEntity
  8
F.Cu
  6
CONTINUOUS
100
AcDbLine
 10
183.9459070000000054
 20
-128.4166850000000011
 30
0
 11
183.9459070000000054
 21
-128.5833149999999989
 31
0
  0
LINE
  5
11D
330
1B
100
AcDbEntity
  8
F.Cu
  6
CONTINUOUS
100
AcDbLine
 10
183.9459070000000054
 20
-128.5833149999999989
 30
0
 11
183.9133989999999983
 21
-128.7467419999999834
 31
0
  0
LINE
  5
11E
330
1B
100
AcDbEntity
  8
F.Cu
  6
CONTINUOUS
100
AcDbLine
 10
183.9133989999999983
 20
-128.7467419999999834
 30
0
 11
183.849632999999983
 21
-128.9006870000000049
 31
0
  0
LINE
  5
11F
330
1B
100
AcDbEntity
  8
F.Cu
  6
CONTINUOUS
100
AcDbLine
 10
183.849632999999983
 20
-128.9006870000000049
 30
0
 11
183.7570589999999982
 21
-129.0392339999999933
 31
0
  0
LINE
  5
120
330
1B
100
AcDbEntity
  8
F.Cu
  6
CONTINUOUS
100
AcDbLine
 10
183.7570589999999982
 20
-129.0392339999999933
 30
0
 11
183.6392339999999876
 21
-129.1570590000000038
 31
0
  0
LINE
  5
121
330
1B
100
AcDbEntity
  8
F.Cu
  6
CONTINUOUS
100
AcDbLine
 10
183.6392339999999876
 20
-129.1570590000000038
 30
0
 11
183.5006869999999992
 21
-129.2496329999999887
 31
0
  0
LINE
  5
122
330
1B
100
AcDbEntity
  8
F.Cu
  6
CONTINUOUS
100
AcDbLine
 10
183.5006869999999992
 20
-129.2496329999999887
 30
0
 11
183.3467419999999777
 21
-129.313399000000004
 31
0
  0
LINE
  5
123
330
1B
100
AcDbEntity
  8
F.Cu
  6
CONTINUOUS
100
AcDbLine
 10
183.3467419999999777
 20
-129.313399000000004
 30
0
 11
183.1833149999999932
 21
-129.3459069999999826
 31
0
  0
LINE
  5
124
330
1B
100
AcDbEntity
  8
F.Cu
  6
CONTINUOUS
100
AcDbLine
 10
183.1833149999999932
 20
-129.3459069999999826
 30
0
 11
183.0999999999999943
 21
-129.3499999999999943
 31
0
  0
LINE
  5
125
330
1B
100
AcDbEntity
  8
F.Cu
  6
CONTINUOUS
100
AcDbLine
 10
183.0999999999999943
 20
-129.3499999999999943
 30
0
 11
182.7999999999999829
 21
-129.3499999999999943
 31
0
  0
LINE
  5
126
330
1B
100
AcDbEntity
  8
F.Cu
  6
CONTINUOUS
100
AcDbLine
 10
182.7999999999999829
 20
-129.3499999999999943
 30
0
 11
182.716684999999984
 21
-129.3459069999999826
 31
0
  0
LINE
  5
127
330
1B
100
AcDbEntity
  8
F.Cu
  6
CONTINUOUS
100
AcDbLine
 10
182.716684999999984
 20
-129.3459069999999826
 30
0
 11
182.5532579999999996
 21
-129.313399000000004
 31
0
  0
LINE
  5
128
330
1B
100
AcDbEntity
  8
F.Cu
  6
CONTINUOUS
100
AcDbLine
 10
182.5532579999999996
 20
-129.313399000000004
 30
0
 11
182.399312999999978
 21
-129.2496329999999887
 31
0
  0
LINE
  5
129
330
1B
100
AcDbEntity
  8
F.Cu
  6
CONTINUOUS
100
AcDbLine
 10
182.399312999999978
 20
-129.2496329999999887
 30
0
 11
182.2607659999999896
 21
-129.1570590000000038
 31
0
  0
LINE
  5
12A
330
1B
100
AcDbEntity
  8
F.Cu
  6
CONTINUOUS
100
AcDbLine
 10
182.2607659999999896
 20
-129.1570590000000038
 30
0
 11
182.1429409999999791
 21
-129.0392339999999933
 31
0
  0
LINE
  5
12B
330
1B
100
AcDbEntity
  8
F.Cu
  6
CONTINUOUS
100
AcDbLine
 10
182.1429409999999791
 20
-129.0392339999999933
 30
0
 11
182.0503669999999943
 21
-128.9006870000000049
 31
0
  0
LINE
  5
12C
330
1B
100
AcDbEntity
  8
F.Cu
  6
CONTINUOUS
100
AcDbLine
 10
182.0503669999999943
 20
-128.9006870000000049
 30
0
 11
181.986600999999979
 21
-128.7467419999999834
 31
0
  0
LINE
  5
12D
330
1B
100
AcDbEntity
  8
F.Cu
  6
CONTINUOUS
100
AcDbLine
 10
181.986600999999979
 20
-128.7467419999999834
 30
0
 11
181.9540930000000003
 21
-128.5833149999999989
 31
0
  0
LINE
  5
12E
330
1B
100
AcDbEntity
  8
F.Cu
  6
CONTINUOUS
100
AcDbLine
 10
181.9540930000000003
 20
-128.5833149999999989
 30
0
 11
181.9540930000000003
 21
-128.4166850000000011
 31
0
  0
LINE
  5
12F
330
1B
100
AcDbEntity
  8
F.Cu
  6
CONTINUOUS
100
AcDbLine
 10
181.9540930000000003
 20
-128.4166850000000011
 30
0
 11
181.986600999999979
 21
-128.2532579999999882
 31
0
  0
LINE
  5
130
330
1B
100
AcDbEntity
  8
F.Cu
  6
CONTINUOUS
100
AcDbLine
 10
181.986600999999979
 20
-128.2532579999999882
 30
0
 11
182.0503669999999943
 21
-128.0993129999999951
 31
0
  0
LINE
  5
131
330
1B
100
AcDbEntity
  8
F.Cu
  6
CONTINUOUS
100
AcDbLine
 10
182.0503669999999943
 20
-128.0993129999999951
 30
0
 11
182.1429409999999791
 21
-127.9607659999999925
 31
0
  0
LINE
  5
132
330
1B
100
AcDbEntity
  8
F.Cu
  6
CONTINUOUS
100
AcDbLine
 10
182.1429409999999791
 20
-127.9607659999999925
 30
0
 11
182.2607659999999896
 21
-127.8429409999999962
 31
0
  0
LINE
  5
133
330
1B
100
AcDbEntity
  8
F.Cu
  6
CONTINUOUS
100
AcDbLine
 10
182.2607659999999896
 20
-127.8429409999999962
 30
0
 11
182.399312999999978
 21
-127.7503669999999971
 31
0
  0
LINE
  5
134
330
1B
100
AcDbEntity
  8
F.Cu
  6
CONTINUOUS
100
AcDbLine
 10
182.399312999999978
 20
-127.7503669999999971
 30
0
 11
182.5532579999999996
 21
-127.686600999999996
 31
0
  0
LINE
  5
135
330
1B
100
AcDbEntity
  8
F.Cu
  6
CONTINUOUS
100
AcDbLine
 10
182.5532579999999996
 20
-127.686600999999996
 30
0
 11
182.716684999999984
 21
-127.6540929999999889
 31
0
  0
LINE
  5
136
330
1B
100
AcDbEntity
  8
F.Cu
  6
CONTINUOUS
100
AcDbLine
 10
182.716684999999984
 20
-127.6540929999999889
 30
0
 11
182.7999999999999829
 21
-127.6499999999999915
 31
0
  0
LINE
  5
137
330
1B
100
AcDbEntity
  8
F.Cu
  6
CONTINUOUS
100
AcDbLine
 10
182.7999999999999829
 20
-127.6499999999999915
 30
0
 11
183.0999999999999943
 21
-127.6499999999999915
 31
0
  0
LINE
  5
138
330
1B
100
AcDbEntity
  8
F.Cu
  6
CONTINUOUS
100
AcDbLine
 10
183.0999999999999943
 20
-127.6499999999999915
 30
0
 11
183.1833149999999932
 21
-127.6540929999999889
 31
0
  0
LINE
  5
139
330
1B
100
AcDbEntity
  8
F.Cu
  6
CONTINUOUS
100
AcDbLine
 10
170.7983710000000031
 20
-127.2190299999999894
 30
0
 11
170.8794769999999801
 21
-127.2732229999999873
 31
0
  0
LINE
  5
13A
330
1B
100
AcDbEntity
  8
F.Cu
  6
CONTINUOUS
100
AcDbLine
 10
170.8794769999999801
 20
-127.2732229999999873
 30
0
 11
170.9336700000000064
 21
-127.3543289999999928
 31
0
  0
LINE
  5
13B
330
1B
100
AcDbEntity
  8
F.Cu
  6
CONTINUOUS
100
AcDbLine
 10
170.9336700000000064
 20
-127.3543289999999928
 30
0
 11
170.952699999999993
 21
-127.4499999999999886
 31
0
  0
LINE
  5
13C
330
1B
100
AcDbEntity
  8
F.Cu
  6
CONTINUOUS
100
AcDbLine
 10
170.952699999999993
 20
-127.4499999999999886
 30
0
 11
170.952699999999993
 21
-128.5499999999999829
 31
0
  0
LINE
  5
13D
330
1B
100
AcDbEntity
  8
F.Cu
  6
CONTINUOUS
100
AcDbLine
 10
170.952699999999993
 20
-128.5499999999999829
 30
0
 11
170.9336700000000064
 21
-128.645670999999993
 31
0
  0
LINE
  5
13E
330
1B
100
AcDbEntity
  8
F.Cu
  6
CONTINUOUS
100
AcDbLine
 10
170.9336700000000064
 20
-128.645670999999993
 30
0
 11
170.8794769999999801
 21
-128.7267769999999985
 31
0
  0
LINE
  5
13F
330
1B
100
AcDbEntity
  8
F.Cu
  6
CONTINUOUS
100
AcDbLine
 10
170.8794769999999801
 20
-128.7267769999999985
 30
0
 11
170.7983710000000031
 21
-128.7809699999999964
 31
0
  0
LINE
  5
140
330
1B
100
AcDbEntity
  8
F.Cu
  6
CONTINUOUS
100
AcDbLine
 10
170.7983710000000031
 20
-128.7809699999999964
 30
0
 11
170.702699999999993
 21
-128.7999999999999829
 31
0
  0
LINE
  5
141
330
1B
100
AcDbEntity
  8
F.Cu
  6
CONTINUOUS
100
AcDbLine
 10
170.702699999999993
 20
-128.7999999999999829
 30
0
 11
169.6026999999999987
 21
-128.7999999999999829
 31
0
  0
LINE
  5
142
330
1B
100
AcDbEntity
  8
F.Cu
  6
CONTINUOUS
100
AcDbLine
 10
169.6026999999999987
 20
-128.7999999999999829
 30
0
 11
169.5070289999999886
 21
-128.7809699999999964
 31
0
  0
LINE
  5
143
330
1B
100
AcDbEntity
  8
F.Cu
  6
CONTINUOUS
100
AcDbLine
 10
169.5070289999999886
 20
-128.7809699999999964
 30
0
 11
169.4259229999999832
 21
-128.7267769999999985
 31
0
  0
LINE
  5
144
330
1B
100
AcDbEntity
  8
F.Cu
  6
CONTINUOUS
100
AcDbLine
 10
169.4259229999999832
 20
-128.7267769999999985
 30
0
 11
169.3717299999999852
 21
-128.645670999999993
 31
0
  0
LINE
  5
145
330
1B
100
AcDbEntity
  8
F.Cu
  6
CONTINUOUS
100
AcDbLine
 10
169.3717299999999852
 20
-128.645670999999993
 30
0
 11
169.3526999999999987
 21
-128.5499999999999829
 31
0
  0
LINE
  5
146
330
1B
100
AcDbEntity
  8
F.Cu
  6
CONTINUOUS
100
AcDbLine
 10
169.3526999999999987
 20
-128.5499999999999829
 30
0
 11
169.3526999999999987
 21
-127.4499999999999886
 31
0
  0
LINE
  5
147
330
1B
100
AcDbEntity
  8
F.Cu
  6
CONTINUOUS
100
AcDbLine
 10
169.3526999999999987
 20
-127.4499999999999886
 30
0
 11
169.3717299999999852
 21
-127.3543289999999928
 31
0
  0
LINE
  5
148
330
1B
100
AcDbEntity
  8
F.Cu
  6
CONTINUOUS
100
AcDbLine
 10
169.3717299999999852
 20
-127.3543289999999928
 30
0
 11
169.4259229999999832
 21
-127.2732229999999873
 31
0
  0
LINE
  5
149
330
1B
100
AcDbEntity
  8
F.Cu
  6
CONTINUOUS
100
AcDbLine
 10
169.4259229999999832
 20
-127.2732229999999873
 30
0
 11
169.5070289999999886
 21
-127.2190299999999894
 31
0
  0
LINE
  5
14A
330
1B
100
AcDbEntity
  8
F.Cu
  6
CONTINUOUS
100
AcDbLine
 10
169.5070289999999886
 20
-127.2190299999999894
 30
0
 11
169.6026999999999987
 21
-127.1999999999999886
 31
0
  0
LINE
  5
14B
330
1B
100
AcDbEntity
  8
F.Cu
  6
CONTINUOUS
100
AcDbLine
 10
169.6026999999999987
 20
-127.1999999999999886
 30
0
 11
170.702699999999993
 21
-127.1999999999999886
 31
0
  0
LINE
  5
14C
330
1B
100
AcDbEntity
  8
F.Cu
  6
CONTINUOUS
100
AcDbLine
 10
170.702699999999993
 20
-127.1999999999999886
 30
0
 11
170.7983710000000031
 21
-127.2190299999999894
 31
0
  0
LINE
  5
14D
330
1B
100
AcDbEntity
  8
F.Cu
  6
CONTINUOUS
100
AcDbLine
 10
166.8849280000000022
 20
-127.2344480000000004
 30
0
 11
167.02981699999998
 21
-127.2944629999999933
 31
0
  0
LINE
  5
14E
330
1B
100
AcDbEntity
  8
F.Cu
  6
CONTINUOUS
100
AcDbLine
 10
167.02981699999998
 20
-127.2944629999999933
 30
0
 11
167.1602149999999938
 21
-127.3815919999999977
 31
0
  0
LINE
  5
14F
330
1B
100
AcDbEntity
  8
F.Cu
  6
CONTINUOUS
100
AcDbLine
 10
167.1602149999999938
 20
-127.3815919999999977
 30
0
 11
167.2711079999999981
 21
-127.4924849999999878
 31
0
  0
LINE
  5
150
330
1B
100
AcDbEntity
  8
F.Cu
  6
CONTINUOUS
100
AcDbLine
 10
167.2711079999999981
 20
-127.4924849999999878
 30
0
 11
167.3582370000000026
 21
-127.6228829999999874
 31
0
  0
LINE
  5
151
330
1B
100
AcDbEntity
  8
F.Cu
  6
CONTINUOUS
100
AcDbLine
 10
167.3582370000000026
 20
-127.6228829999999874
 30
0
 11
167.4182519999999954
 21
-127.7677719999999937
 31
0
  0
LINE
  5
152
330
1B
100
AcDbEntity
  8
F.Cu
  6
CONTINUOUS
100
AcDbLine
 10
167.4182519999999954
 20
-127.7677719999999937
 30
0
 11
167.4488479999999981
 21
-127.9215859999999907
 31
0
  0
LINE
  5
153
330
1B
100
AcDbEntity
  8
F.Cu
  6
CONTINUOUS
100
AcDbLine
 10
167.4488479999999981
 20
-127.9215859999999907
 30
0
 11
167.4488479999999981
 21
-128.0784139999999809
 31
0
  0
LINE
  5
154
330
1B
100
AcDbEntity
  8
F.Cu
  6
CONTINUOUS
100
AcDbLine
 10
167.4488479999999981
 20
-128.0784139999999809
 30
0
 11
167.4182519999999954
 21
-128.2322279999999921
 31
0
  0
LINE
  5
155
330
1B
100
AcDbEntity
  8
F.Cu
  6
CONTINUOUS
100
AcDbLine
 10
167.4182519999999954
 20
-128.2322279999999921
 30
0
 11
167.3582370000000026
 21
-128.3771169999999984
 31
0
  0
LINE
  5
156
330
1B
100
AcDbEntity
  8
F.Cu
  6
CONTINUOUS
100
AcDbLine
 10
167.3582370000000026
 20
-128.3771169999999984
 30
0
 11
167.2711079999999981
 21
-128.5075149999999837
 31
0
  0
LINE
  5
157
330
1B
100
AcDbEntity
  8
F.Cu
  6
CONTINUOUS
100
AcDbLine
 10
167.2711079999999981
 20
-128.5075149999999837
 30
0
 11
167.1602149999999938
 21
-128.6184079999999881
 31
0
  0
LINE
  5
158
330
1B
100
AcDbEntity
  8
F.Cu
  6
CONTINUOUS
100
AcDbLine
 10
167.1602149999999938
 20
-128.6184079999999881
 30
0
 11
167.02981699999998
 21
-128.7055369999999925
 31
0
  0
LINE
  5
159
330
1B
100
AcDbEntity
  8
F.Cu
  6
CONTINUOUS
100
AcDbLine
 10
167.02981699999998
 20
-128.7055369999999925
 30
0
 11
166.8849280000000022
 21
-128.7655519999999854
 31
0
  0
LINE
  5
15A
330
1B
100
AcDbEntity
  8
F.Cu
  6
CONTINUOUS
100
AcDbLine
 10
166.8849280000000022
 20
-128.7655519999999854
 30
0
 11
166.7311139999999909
 21
-128.7961479999999881
 31
0
  0
LINE
  5
15B
330
1B
100
AcDbEntity
  8
F.Cu
  6
CONTINUOUS
100
AcDbLine
 10
166.7311139999999909
 20
-128.7961479999999881
 30
0
 11
166.5742860000000007
 21
-128.7961479999999881
 31
0
  0
LINE
  5
15C
330
1B
100
AcDbEntity
  8
F.Cu
  6
CONTINUOUS
100
AcDbLine
 10
166.5742860000000007
 20
-128.7961479999999881
 30
0
 11
166.4204719999999895
 21
-128.7655519999999854
 31
0
  0
LINE
  5
15D
330
1B
100
AcDbEntity
  8
F.Cu
  6
CONTINUOUS
100
AcDbLine
 10
166.4204719999999895
 20
-128.7655519999999854
 30
0
 11
166.2755829999999833
 21
-128.7055369999999925
 31
0
  0
LINE
  5
15E
330
1B
100
AcDbEntity
  8
F.Cu
  6
CONTINUOUS
100
AcDbLine
 10
166.2755829999999833
 20
-128.7055369999999925
 30
0
 11
166.1451849999999979
 21
-128.6184079999999881
 31
0
  0
LINE
  5
15F
330
1B
100
AcDbEntity
  8
F.Cu
  6
CONTINUOUS
100
AcDbLine
 10
166.1451849999999979
 20
-128.6184079999999881
 30
0
 11
166.0342919999999935
 21
-128.5075149999999837
 31
0
  0
LINE
  5
160
330
1B
100
AcDbEntity
  8
F.Cu
  6
CONTINUOUS
100
AcDbLine
 10
166.0342919999999935
 20
-128.5075149999999837
 30
0
 11
165.9471629999999891
 21
-128.3771169999999984
 31
0
  0
LINE
  5
161
330
1B
100
AcDbEntity
  8
F.Cu
  6
CONTINUOUS
100
AcDbLine
 10
165.9471629999999891
 20
-128.3771169999999984
 30
0
 11
165.8871479999999963
 21
-128.2322279999999921
 31
0
  0
LINE
  5
162
330
1B
100
AcDbEntity
  8
F.Cu
  6
CONTINUOUS
100
AcDbLine
 10
165.8871479999999963
 20
-128.2322279999999921
 30
0
 11
165.8565519999999935
 21
-128.0784139999999809
 31
0
  0
LINE
  5
163
330
1B
100
AcDbEntity
  8
F.Cu
  6
CONTINUOUS
100
AcDbLine
 10
165.8565519999999935
 20
-128.0784139999999809
 30
0
 11
165.8565519999999935
 21
-127.9215859999999907
 31
0
  0
LINE
  5
164
330
1B
100
AcDbEntity
  8
F.Cu
  6
CONTINUOUS
100
AcDbLine
 10
165.8565519999999935
 20
-127.9215859999999907
 30
0
 11
165.8871479999999963
 21
-127.7677719999999937
 31
0
  0
LINE
  5
165
330
1B
100
AcDbEntity
  8
F.Cu
  6
CONTINUOUS
100
AcDbLine
 10
165.8871479999999963
 20
-127.7677719999999937
 30
0
 11
165.9471629999999891
 21
-127.6228829999999874
 31
0
  0
LINE
  5
166
330
1B
100
AcDbEntity
  8
F.Cu
  6
CONTINUOUS
100
AcDbLine
 10
165.9471629999999891
 20
-127.6228829999999874
 30
0
 11
166.0342919999999935
 21
-127.4924849999999878
 31
0
  0
LINE
  5
167
330
1B
100
AcDbEntity
  8
F.Cu
  6
CONTINUOUS
100
AcDbLine
 10
166.0342919999999935
 20
-127.4924849999999878
 30
0
 11
166.1451849999999979
 21
-127.3815919999999977
 31
0
  0
LINE
  5
168
330
1B
100
AcDbEntity
  8
F.Cu
  6
CONTINUOUS
100
AcDbLine
 10
166.1451849999999979
 20
-127.3815919999999977
 30
0
 11
166.2755829999999833
 21
-127.2944629999999933
 31
0
  0
LINE
  5
169
330
1B
100
AcDbEntity
  8
F.Cu
  6
CONTINUOUS
100
AcDbLine
 10
166.2755829999999833
 20
-127.2944629999999933
 30
0
 11
166.4204719999999895
 21
-127.2344480000000004
 31
0
  0
LINE
  5
16A
330
1B
100
AcDbEntity
  8
F.Cu
  6
CONTINUOUS
100
AcDbLine
 10
166.4204719999999895
 20
-127.2344480000000004
 30
0
 11
166.5742860000000007
 21
-127.2038519999999977
 31
0
  0
LINE
  5
16B
330
1B
100
AcDbEntity
  8
F.Cu
  6
CONTINUOUS
100
AcDbLine
 10
166.5742860000000007
 20
-127.2038519999999977
 30
0
 11
166.7311139999999909
 21
-127.2038519999999977
 31
0
  0
LINE
  5
16C
330
1B
100
AcDbEntity
  8
F.Cu
  6
CONTINUOUS
100
AcDbLine
 10
166.7311139999999909
 20
-127.2038519999999977
 30
0
 11
166.8849280000000022
 21
-127.2344480000000004
 31
0
  0
LINE
  5
16D
330
1B
100
AcDbEntity
  8
F.Cu
  6
CONTINUOUS
100
AcDbLine
 10
183.1833149999999932
 20
-125.1140929999999969
 30
0
 11
183.3467419999999777
 21
-125.1466009999999898
 31
0
  0
LINE
  5
16E
330
1B
100
AcDbEntity
  8
F.Cu
  6
CONTINUOUS
100
AcDbLine
 10
183.3467419999999777
 20
-125.1466009999999898
 30
0
 11
183.5006869999999992
 21
-125.2103669999999909
 31
0
  0
LINE
  5
16F
330
1B
100
AcDbEntity
  8
F.Cu
  6
CONTINUOUS
100
AcDbLine
 10
183.5006869999999992
 20
-125.2103669999999909
 30
0
 11
183.6392339999999876
 21
-125.3029409999999899
 31
0
  0
LINE
  5
170
330
1B
100
AcDbEntity
  8
F.Cu
  6
CONTINUOUS
100
AcDbLine
 10
183.6392339999999876
 20
-125.3029409999999899
 30
0
 11
183.7570589999999982
 21
-125.4207660000000004
 31
0
  0
LINE
  5
171
330
1B
100
AcDbEntity
  8
F.Cu
  6
CONTINUOUS
100
AcDbLine
 10
183.7570589999999982
 20
-125.4207660000000004
 30
0
 11
183.849632999999983
 21
-125.5593129999999888
 31
0
  0
LINE
  5
172
330
1B
100
AcDbEntity
  8
F.Cu
  6
CONTINUOUS
100
AcDbLine
 10
183.849632999999983
 20
-125.5593129999999888
 30
0
 11
183.9133989999999983
 21
-125.7132579999999962
 31
0
  0
LINE
  5
173
330
1B
100
AcDbEntity
  8
F.Cu
  6
CONTINUOUS
100
AcDbLine
 10
183.9133989999999983
 20
-125.7132579999999962
 30
0
 11
183.9459070000000054
 21
-125.8766849999999948
 31
0
  0
LINE
  5
174
330
1B
100
AcDbEntity
  8
F.Cu
  6
CONTINUOUS
100
AcDbLine
 10
183.9459070000000054
 20
-125.8766849999999948
 30
0
 11
183.9459070000000054
 21
-126.0433149999999927
 31
0
  0
LINE
  5
175
330
1B
100
AcDbEntity
  8
F.Cu
  6
CONTINUOUS
100
AcDbLine
 10
183.9459070000000054
 20
-126.0433149999999927
 30
0
 11
183.9133989999999983
 21
-126.2067419999999913
 31
0
  0
LINE
  5
176
330
1B
100
AcDbEntity
  8
F.Cu
  6
CONTINUOUS
100
AcDbLine
 10
183.9133989999999983
 20
-126.2067419999999913
 30
0
 11
183.849632999999983
 21
-126.3606869999999986
 31
0
  0
LINE
  5
177
330
1B
100
AcDbEntity
  8
F.Cu
  6
CONTINUOUS
100
AcDbLine
 10
183.849632999999983
 20
-126.3606869999999986
 30
0
 11
183.7570589999999982
 21
-126.4992340000000013
 31
0
  0
LINE
  5
178
330
1B
100
AcDbEntity
  8
F.Cu
  6
CONTINUOUS
100
AcDbLine
 10
183.7570589999999982
 20
-126.4992340000000013
 30
0
 11
183.6392339999999876
 21
-126.6170589999999976
 31
0
  0
LINE
  5
179
330
1B
100
AcDbEntity
  8
F.Cu
  6
CONTINUOUS
100
AcDbLine
 10
183.6392339999999876
 20
-126.6170589999999976
 30
0
 11
183.5006869999999992
 21
-126.7096329999999966
 31
0
  0
LINE
  5
17A
330
1B
100
AcDbEntity
  8
F.Cu
  6
CONTINUOUS
100
AcDbLine
 10
183.5006869999999992
 20
-126.7096329999999966
 30
0
 11
183.3467419999999777
 21
-126.7733989999999977
 31
0
  0
LINE
  5
17B
330
1B
100
AcDbEntity
  8
F.Cu
  6
CONTINUOUS
100
AcDbLine
 10
183.3467419999999777
 20
-126.7733989999999977
 30
0
 11
183.1833149999999932
 21
-126.8059069999999906
 31
0
  0
LINE
  5
17C
330
1B
100
AcDbEntity
  8
F.Cu
  6
CONTINUOUS
100
AcDbLine
 10
183.1833149999999932
 20
-126.8059069999999906
 30
0
 11
183.0999999999999943
 21
-126.8099999999999881
 31
0
  0
LINE
  5
17D
330
1B
100
AcDbEntity
  8
F.Cu
  6
CONTINUOUS
100
AcDbLine
 10
183.0999999999999943
 20
-126.8099999999999881
 30
0
 11
182.7999999999999829
 21
-126.8099999999999881
 31
0
  0
LINE
  5
17E
330
1B
100
AcDbEntity
  8
F.Cu
  6
CONTINUOUS
100
AcDbLine
 10
182.7999999999999829
 20
-126.8099999999999881
 30
0
 11
182.716684999999984
 21
-126.8059069999999906
 31
0
  0
LINE
  5
17F
330
1B
100
AcDbEntity
  8
F.Cu
  6
CONTINUOUS
100
AcDbLine
 10
182.716684999999984
 20
-126.8059069999999906
 30
0
 11
182.5532579999999996
 21
-126.7733989999999977
 31
0
  0
LINE
  5
180
330
1B
100
AcDbEntity
  8
F.Cu
  6
CONTINUOUS
100
AcDbLine
 10
182.5532579999999996
 20
-126.7733989999999977
 30
0
 11
182.399312999999978
 21
-126.7096329999999966
 31
0
  0
LINE
  5
181
330
1B
100
AcDbEntity
  8
F.Cu
  6
CONTINUOUS
100
AcDbLine
 10
182.399312999999978
 20
-126.7096329999999966
 30
0
 11
182.2607659999999896
 21
-126.6170589999999976
 31
0
  0
LINE
  5
182
330
1B
100
AcDbEntity
  8
F.Cu
  6
CONTINUOUS
100
AcDbLine
 10
182.2607659999999896
 20
-126.6170589999999976
 30
0
 11
182.1429409999999791
 21
-126.4992340000000013
 31
0
  0
LINE
  5
183
330
1B
100
AcDbEntity
  8
F.Cu
  6
CONTINUOUS
100
AcDbLine
 10
182.1429409999999791
 20
-126.4992340000000013
 30
0
 11
182.0503669999999943
 21
-126.3606869999999986
 31
0
  0
LINE
  5
184
330
1B
100
AcDbEntity
  8
F.Cu
  6
CONTINUOUS
100
AcDbLine
 10
182.0503669999999943
 20
-126.3606869999999986
 30
0
 11
181.986600999999979
 21
-126.2067419999999913
 31
0
  0
LINE
  5
185
330
1B
100
AcDbEntity
  8
F.Cu
  6
CONTINUOUS
100
AcDbLine
 10
181.986600999999979
 20
-126.2067419999999913
 30
0
 11
181.9540930000000003
 21
-126.0433149999999927
 31
0
  0
LINE
  5
186
330
1B
100
AcDbEntity
  8
F.Cu
  6
CONTINUOUS
100
AcDbLine
 10
181.9540930000000003
 20
-126.0433149999999927
 30
0
 11
181.9540930000000003
 21
-125.8766849999999948
 31
0
  0
LINE
  5
187
330
1B
100
AcDbEntity
  8
F.Cu
  6
CONTINUOUS
100
AcDbLine
 10
181.9540930000000003
 20
-125.8766849999999948
 30
0
 11
181.986600999999979
 21
-125.7132579999999962
 31
0
  0
LINE
  5
188
330
1B
100
AcDbEntity
  8
F.Cu
  6
CONTINUOUS
100
AcDbLine
 10
181.986600999999979
 20
-125.7132579999999962
 30
0
 11
182.0503669999999943
 21
-125.5593129999999888
 31
0
  0
LINE
  5
189
330
1B
100
AcDbEntity
  8
F.Cu
  6
CONTINUOUS
100
AcDbLine
 10
182.0503669999999943
 20
-125.5593129999999888
 30
0
 11
182.1429409999999791
 21
-125.4207660000000004
 31
0
  0
LINE
  5
18A
330
1B
100
AcDbEntity
  8
F.Cu
  6
CONTINUOUS
100
AcDbLine
 10
182.1429409999999791
 20
-125.4207660000000004
 30
0
 11
182.2607659999999896
 21
-125.3029409999999899
 31
0
  0
LINE
  5
18B
330
1B
100
AcDbEntity
  8
F.Cu
  6
CONTINUOUS
100
AcDbLine
 10
182.2607659999999896
 20
-125.3029409999999899
 30
0
 11
182.399312999999978
 21
-125.2103669999999909
 31
0
  0
LINE
  5
18C
330
1B
100
AcDbEntity
  8
F.Cu
  6
CONTINUOUS
100
AcDbLine
 10
182.399312999999978
 20
-125.2103669999999909
 30
0
 11
182.5532579999999996
 21
-125.1466009999999898
 31
0
  0
LINE
  5
18D
330
1B
100
AcDbEntity
  8
F.Cu
  6
CONTINUOUS
100
AcDbLine
 10
182.5532579999999996
 20
-125.1466009999999898
 30
0
 11
182.716684999999984
 21
-125.1140929999999969
 31
0
  0
LINE
  5
18E
330
1B
100
AcDbEntity
  8
F.Cu
  6
CONTINUOUS
100
AcDbLine
 10
182.716684999999984
 20
-125.1140929999999969
 30
0
 11
182.7999999999999829
 21
-125.1099999999999994
 31
0
  0
LINE
  5
18F
330
1B
100
AcDbEntity
  8
F.Cu
  6
CONTINUOUS
100
AcDbLine
 10
182.7999999999999829
 20
-125.1099999999999994
 30
0
 11
183.0999999999999943
 21
-125.1099999999999994
 31
0
  0
LINE
  5
190
330
1B
100
AcDbEntity
  8
F.Cu
  6
CONTINUOUS
100
AcDbLine
 10
183.0999999999999943
 20
-125.1099999999999994
 30
0
 11
183.1833149999999932
 21
-125.1140929999999969
 31
0
  0
LINE
  5
191
330
1B
100
AcDbEntity
  8
F.Cu
  6
CONTINUOUS
100
AcDbLine
 10
194.2322279999999921
 20
-123.4244479999999982
 30
0
 11
194.3771169999999984
 21
-123.484462999999991
 31
0
  0
LINE
  5
192
330
1B
100
AcDbEntity
  8
F.Cu
  6
CONTINUOUS
100
AcDbLine
 10
194.3771169999999984
 20
-123.484462999999991
 30
0
 11
194.5075149999999837
 21
-123.5715919999999954
 31
0
  0
LINE
  5
193
330
1B
100
AcDbEntity
  8
F.Cu
  6
CONTINUOUS
100
AcDbLine
 10
194.5075149999999837
 20
-123.5715919999999954
 30
0
 11
194.6184079999999881
 21
-123.6824849999999998
 31
0
  0
LINE
  5
194
330
1B
100
AcDbEntity
  8
F.Cu
  6
CONTINUOUS
100
AcDbLine
 10
194.6184079999999881
 20
-123.6824849999999998
 30
0
 11
194.7055369999999925
 21
-123.8128829999999994
 31
0
  0
LINE
  5
195
330
1B
100
AcDbEntity
  8
F.Cu
  6
CONTINUOUS
100
AcDbLine
 10
194.7055369999999925
 20
-123.8128829999999994
 30
0
 11
194.7655519999999854
 21
-123.9577719999999914
 31
0
  0
LINE
  5
196
330
1B
100
AcDbEntity
  8
F.Cu
  6
CONTINUOUS
100
AcDbLine
 10
194.7655519999999854
 20
-123.9577719999999914
 30
0
 11
194.7961479999999881
 21
-124.1115859999999884
 31
0
  0
LINE
  5
197
330
1B
100
AcDbEntity
  8
F.Cu
  6
CONTINUOUS
100
AcDbLine
 10
194.7961479999999881
 20
-124.1115859999999884
 30
0
 11
194.7961479999999881
 21
-124.2684139999999928
 31
0
  0
LINE
  5
198
330
1B
100
AcDbEntity
  8
F.Cu
  6
CONTINUOUS
100
AcDbLine
 10
194.7961479999999881
 20
-124.2684139999999928
 30
0
 11
194.7655519999999854
 21
-124.4222279999999898
 31
0
  0
LINE
  5
199
330
1B
100
AcDbEntity
  8
F.Cu
  6
CONTINUOUS
100
AcDbLine
 10
194.7655519999999854
 20
-124.4222279999999898
 30
0
 11
194.7055369999999925
 21
-124.5671169999999961
 31
0
  0
LINE
  5
19A
330
1B
100
AcDbEntity
  8
F.Cu
  6
CONTINUOUS
100
AcDbLine
 10
194.7055369999999925
 20
-124.5671169999999961
 30
0
 11
194.6184079999999881
 21
-124.6975149999999957
 31
0
  0
LINE
  5
19B
330
1B
100
AcDbEntity
  8
F.Cu
  6
CONTINUOUS
100
AcDbLine
 10
194.6184079999999881
 20
-124.6975149999999957
 30
0
 11
194.5075149999999837
 21
-124.808408
 31
0
  0
LINE
  5
19C
330
1B
100
AcDbEntity
  8
F.Cu
  6
CONTINUOUS
100
AcDbLine
 10
194.5075149999999837
 20
-124.808408
 30
0
 11
194.3771169999999984
 21
-124.8955369999999903
 31
0
  0
LINE
  5
19D
330
1B
100
AcDbEntity
  8
F.Cu
  6
CONTINUOUS
100
AcDbLine
 10
194.3771169999999984
 20
-124.8955369999999903
 30
0
 11
194.2322279999999921
 21
-124.9555519999999973
 31
0
  0
LINE
  5
19E
330
1B
100
AcDbEntity
  8
F.Cu
  6
CONTINUOUS
100
AcDbLine
 10
194.2322279999999921
 20
-124.9555519999999973
 30
0
 11
194.0784139999999809
 21
-124.986148
 31
0
  0
LINE
  5
19F
330
1B
100
AcDbEntity
  8
F.Cu
  6
CONTINUOUS
100
AcDbLine
 10
194.0784139999999809
 20
-124.986148
 30
0
 11
193.9215859999999907
 21
-124.986148
 31
0
  0
LINE
  5
1A0
330
1B
100
AcDbEntity
  8
F.Cu
  6
CONTINUOUS
100
AcDbLine
 10
193.9215859999999907
 20
-124.986148
 30
0
 11
193.7677719999999795
 21
-124.9555519999999973
 31
0
  0
LINE
  5
1A1
330
1B
100
AcDbEntity
  8
F.Cu
  6
CONTINUOUS
100
AcDbLine
 10
193.7677719999999795
 20
-124.9555519999999973
 30
0
 11
193.6228830000000016
 21
-124.8955369999999903
 31
0
  0
LINE
  5
1A2
330
1B
100
AcDbEntity
  8
F.Cu
  6
CONTINUOUS
100
AcDbLine
 10
193.6228830000000016
 20
-124.8955369999999903
 30
0
 11
193.4924849999999878
 21
-124.808408
 31
0
  0
LINE
  5
1A3
330
1B
100
AcDbEntity
  8
F.Cu
  6
CONTINUOUS
100
AcDbLine
 10
193.4924849999999878
 20
-124.808408
 30
0
 11
193.3815919999999835
 21
-124.6975149999999957
 31
0
  0
LINE
  5
1A4
330
1B
100
AcDbEntity
  8
F.Cu
  6
CONTINUOUS
100
AcDbLine
 10
193.3815919999999835
 20
-124.6975149999999957
 30
0
 11
193.294462999999979
 21
-124.5671169999999961
 31
0
  0
LINE
  5
1A5
330
1B
100
AcDbEntity
  8
F.Cu
  6
CONTINUOUS
100
AcDbLine
 10
193.294462999999979
 20
-124.5671169999999961
 30
0
 11
193.2344479999999862
 21
-124.4222279999999898
 31
0
  0
LINE
  5
1A6
330
1B
100
AcDbEntity
  8
F.Cu
  6
CONTINUOUS
100
AcDbLine
 10
193.2344479999999862
 20
-124.4222279999999898
 30
0
 11
193.2038519999999835
 21
-124.2684139999999928
 31
0
  0
LINE
  5
1A7
330
1B
100
AcDbEntity
  8
F.Cu
  6
CONTINUOUS
100
AcDbLine
 10
193.2038519999999835
 20
-124.2684139999999928
 30
0
 11
193.2038519999999835
 21
-124.1115859999999884
 31
0
  0
LINE
  5
1A8
330
1B
100
AcDbEntity
  8
F.Cu
  6
CONTINUOUS
100
AcDbLine
 10
193.2038519999999835
 20
-124.1115859999999884
 30
0
 11
193.2344479999999862
 21
-123.9577719999999914
 31
0
  0
LINE
  5
1A9
330
1B
100
AcDbEntity
  8
F.Cu
  6
CONTINUOUS
100
AcDbLine
 10
193.2344479999999862
 20
-123.9577719999999914
 30
0
 11
193.294462999999979
 21
-123.8128829999999994
 31
0
  0
LINE
  5
1AA
330
1B
100
AcDbEntity
  8
F.Cu
  6
CONTINUOUS
100
AcDbLine
 10
193.294462999999979
 20
-123.8128829999999994
 30
0
 11
193.3815919999999835
 21
-123.6824849999999998
 31
0
  0
LINE
  5
1AB
330
1B
100
AcDbEntity
  8
F.Cu
  6
CONTINUOUS
100
AcDbLine
 10
193.3815919999999835
 20
-123.6824849999999998
 30
0
 11
193.4924849999999878
 21
-123.5715919999999954
 31
0
  0
LINE
  5
1AC
330
1B
100
AcDbEntity
  8
F.Cu
  6
CONTINUOUS
100
AcDbLine
 10
193.4924849999999878
 20
-123.5715919999999954
 30
0
 11
193.6228830000000016
 21
-123.484462999999991
 31
0
  0
LINE
  5
1AD
330
1B
100
AcDbEntity
  8
F.Cu
  6
CONTINUOUS
100
AcDbLine
 10
193.6228830000000016
 20
-123.484462999999991
 30
0
 11
193.7677719999999795
 21
-123.4244479999999982
 31
0
  0
LINE
  5
1AE
330
1B
100
AcDbEntity
  8
F.Cu
  6
CONTINUOUS
100
AcDbLine
 10
193.7677719999999795
 20
-123.4244479999999982
 30
0
 11
193.9215859999999907
 21
-123.3938519999999954
 31
0
  0
LINE
  5
1AF
330
1B
100
AcDbEntity
  8
F.Cu
  6
CONTINUOUS
100
AcDbLine
 10
193.9215859999999907
 20
-123.3938519999999954
 30
0
 11
194.0784139999999809
 21
-123.3938519999999954
 31
0
  0
LINE
  5
1B0
330
1B
100
AcDbEntity
  8
F.Cu
  6
CONTINUOUS
100
AcDbLine
 10
194.0784139999999809
 20
-123.3938519999999954
 30
0
 11
194.2322279999999921
 21
-123.4244479999999982
 31
0
  0
LINE
  5
1B1
330
1B
100
AcDbEntity
  8
F.Cu
  6
CONTINUOUS
100
AcDbLine
 10
115.7902849999999972
 20
-121.2880600000000015
 30
0
 11
115.9713969999999961
 21
-121.363078999999999
 31
0
  0
LINE
  5
1B2
330
1B
100
AcDbEntity
  8
F.Cu
  6
CONTINUOUS
100
AcDbLine
 10
115.9713969999999961
 20
-121.363078999999999
 30
0
 11
116.1343929999999887
 21
-121.471989999999991
 31
0
  0
LINE
  5
1B3
330
1B
100
AcDbEntity
  8
F.Cu
  6
CONTINUOUS
100
AcDbLine
 10
116.1343929999999887
 20
-121.471989999999991
 30
0
 11
116.2730099999999993
 21
-121.6106069999999875
 31
0
  0
LINE
  5
1B4
330
1B
100
AcDbEntity
  8
F.Cu
  6
CONTINUOUS
100
AcDbLine
 10
116.2730099999999993
 20
-121.6106069999999875
 30
0
 11
116.3819209999999913
 21
-121.7736029999999943
 31
0
  0
LINE
  5
1B5
330
1B
100
AcDbEntity
  8
F.Cu
  6
CONTINUOUS
100
AcDbLine
 10
116.3819209999999913
 20
-121.7736029999999943
 30
0
 11
116.4569399999999888
 21
-121.9547149999999931
 31
0
  0
LINE
  5
1B6
330
1B
100
AcDbEntity
  8
F.Cu
  6
CONTINUOUS
100
AcDbLine
 10
116.4569399999999888
 20
-121.9547149999999931
 30
0
 11
116.4951849999999922
 21
-122.1469829999999916
 31
0
  0
LINE
  5
1B7
330
1B
100
AcDbEntity
  8
F.Cu
  6
CONTINUOUS
100
AcDbLine
 10
116.4951849999999922
 20
-122.1469829999999916
 30
0
 11
116.4951849999999922
 21
-122.343016999999989
 31
0
  0
LINE
  5
1B8
330
1B
100
AcDbEntity
  8
F.Cu
  6
CONTINUOUS
100
AcDbLine
 10
116.4951849999999922
 20
-122.343016999999989
 30
0
 11
116.4569399999999888
 21
-122.5352849999999876
 31
0
  0
LINE
  5
1B9
330
1B
100
AcDbEntity
  8
F.Cu
  6
CONTINUOUS
100
AcDbLine
 10
116.4569399999999888
 20
-122.5352849999999876
 30
0
 11
116.3819209999999913
 21
-122.7163970000000006
 31
0
  0
LINE
  5
1BA
330
1B
100
AcDbEntity
  8
F.Cu
  6
CONTINUOUS
100
AcDbLine
 10
116.3819209999999913
 20
-122.7163970000000006
 30
0
 11
116.2730099999999993
 21
-122.8793929999999932
 31
0
  0
LINE
  5
1BB
330
1B
100
AcDbEntity
  8
F.Cu
  6
CONTINUOUS
100
AcDbLine
 10
116.2730099999999993
 20
-122.8793929999999932
 30
0
 11
116.1343929999999887
 21
-123.0180099999999896
 31
0
  0
LINE
  5
1BC
330
1B
100
AcDbEntity
  8
F.Cu
  6
CONTINUOUS
100
AcDbLine
 10
116.1343929999999887
 20
-123.0180099999999896
 30
0
 11
115.9713969999999961
 21
-123.1269209999999958
 31
0
  0
LINE
  5
1BD
330
1B
100
AcDbEntity
  8
F.Cu
  6
CONTINUOUS
100
AcDbLine
 10
115.9713969999999961
 20
-123.1269209999999958
 30
0
 11
115.7902849999999972
 21
-123.2019399999999933
 31
0
  0
LINE
  5
1BE
330
1B
100
AcDbEntity
  8
F.Cu
  6
CONTINUOUS
100
AcDbLine
 10
115.7902849999999972
 20
-123.2019399999999933
 30
0
 11
115.5980169999999987
 21
-123.2401849999999968
 31
0
  0
LINE
  5
1BF
330
1B
100
AcDbEntity
  8
F.Cu
  6
CONTINUOUS
100
AcDbLine
 10
115.5980169999999987
 20
-123.2401849999999968
 30
0
 11
115.4019830000000013
 21
-123.2401849999999968
 31
0
  0
LINE
  5
1C0
330
1B
100
AcDbEntity
  8
F.Cu
  6
CONTINUOUS
100
AcDbLine
 10
115.4019830000000013
 20
-123.2401849999999968
 30
0
 11
115.2097149999999885
 21
-123.2019399999999933
 31
0
  0
LINE
  5
1C1
330
1B
100
AcDbEntity
  8
F.Cu
  6
CONTINUOUS
100
AcDbLine
 10
115.2097149999999885
 20
-123.2019399999999933
 30
0
 11
115.0286029999999897
 21
-123.1269209999999958
 31
0
  0
LINE
  5
1C2
330
1B
100
AcDbEntity
  8
F.Cu
  6
CONTINUOUS
100
AcDbLine
 10
115.0286029999999897
 20
-123.1269209999999958
 30
0
 11
114.8656069999999971
 21
-123.0180099999999896
 31
0
  0
LINE
  5
1C3
330
1B
100
AcDbEntity
  8
F.Cu
  6
CONTINUOUS
100
AcDbLine
 10
114.8656069999999971
 20
-123.0180099999999896
 30
0
 11
114.7269900000000007
 21
-122.8793929999999932
 31
0
  0
LINE
  5
1C4
330
1B
100
AcDbEntity
  8
F.Cu
  6
CONTINUOUS
100
AcDbLine
 10
114.7269900000000007
 20
-122.8793929999999932
 30
0
 11
114.6180789999999945
 21
-122.7163970000000006
 31
0
  0
LINE
  5
1C5
330
1B
100
AcDbEntity
  8
F.Cu
  6
CONTINUOUS
100
AcDbLine
 10
114.6180789999999945
 20
-122.7163970000000006
 30
0
 11
114.543059999999997
 21
-122.5352849999999876
 31
0
  0
LINE
  5
1C6
330
1B
100
AcDbEntity
  8
F.Cu
  6
CONTINUOUS
100
AcDbLine
 10
114.543059999999997
 20
-122.5352849999999876
 30
0
 11
114.5048149999999936
 21
-122.343016999999989
 31
0
  0
LINE
  5
1C7
330
1B
100
AcDbEntity
  8
F.Cu
  6
CONTINUOUS
100
AcDbLine
 10
114.5048149999999936
 20
-122.343016999999989
 30
0
 11
114.5048149999999936
 21
-122.1469829999999916
 31
0
  0
LINE
  5
1C8
330
1B
100
AcDbEntity
  8
F.Cu
  6
CONTINUOUS
100
AcDbLine
 10
114.5048149999999936
 20
-122.1469829999999916
 30
0
 11
114.543059999999997
 21
-121.9547149999999931
 31
0
  0
LINE
  5
1C9
330
1B
100
AcDbEntity
  8
F.Cu
  6
CONTINUOUS
100
AcDbLine
 10
114.543059999999997
 20
-121.9547149999999931
 30
0
 11
114.6180789999999945
 21
-121.7736029999999943
 31
0
  0
LINE
  5
1CA
330
1B
100
AcDbEntity
  8
F.Cu
  6
CONTINUOUS
100
AcDbLine
 10
114.6180789999999945
 20
-121.7736029999999943
 30
0
 11
114.7269900000000007
 21
-121.6106069999999875
 31
0
  0
LINE
  5
1CB
330
1B
100
AcDbEntity
  8
F.Cu
  6
CONTINUOUS
100
AcDbLine
 10
114.7269900000000007
 20
-121.6106069999999875
 30
0
 11
114.8656069999999971
 21
-121.471989999999991
 31
0
  0
LINE
  5
1CC
330
1B
100
AcDbEntity
  8
F.Cu
  6
CONTINUOUS
100
AcDbLine
 10
114.8656069999999971
 20
-121.471989999999991
 30
0
 11
115.0286029999999897
 21
-121.363078999999999
 31
0
  0
LINE
  5
1CD
330
1B
100
AcDbEntity
  8
F.Cu
  6
CONTINUOUS
100
AcDbLine
 10
115.0286029999999897
 20
-121.363078999999999
 30
0
 11
115.2097149999999885
 21
-121.2880600000000015
 31
0
  0
LINE
  5
1CE
330
1B
100
AcDbEntity
  8
F.Cu
  6
CONTINUOUS
100
AcDbLine
 10
115.2097149999999885
 20
-121.2880600000000015
 30
0
 11
115.4019830000000013
 21
-121.2498149999999981
 31
0
  0
LINE
  5
1CF
330
1B
100
AcDbEntity
  8
F.Cu
  6
CONTINUOUS
100
AcDbLine
 10
115.4019830000000013
 20
-121.2498149999999981
 30
0
 11
115.5980169999999987
 21
-121.2498149999999981
 31
0
  0
LINE
  5
1D0
330
1B
100
AcDbEntity
  8
F.Cu
  6
CONTINUOUS
100
AcDbLine
 10
115.5980169999999987
 20
-121.2498149999999981
 30
0
 11
115.7902849999999972
 21
-121.2880600000000015
 31
0
  0
LINE
  5
1D1
330
1B
100
AcDbEntity
  8
F.Cu
  6
CONTINUOUS
100
AcDbLine
 10
178.7322279999999921
 20
-118.7344480000000004
 30
0
 11
178.8771169999999984
 21
-118.7944629999999933
 31
0
  0
LINE
  5
1D2
330
1B
100
AcDbEntity
  8
F.Cu
  6
CONTINUOUS
100
AcDbLine
 10
178.8771169999999984
 20
-118.7944629999999933
 30
0
 11
179.0075149999999837
 21
-118.8815919999999977
 31
0
  0
LINE
  5
1D3
330
1B
100
AcDbEntity
  8
F.Cu
  6
CONTINUOUS
100
AcDbLine
 10
179.0075149999999837
 20
-118.8815919999999977
 30
0
 11
179.1184079999999881
 21
-118.9924849999999878
 31
0
  0
LINE
  5
1D4
330
1B
100
AcDbEntity
  8
F.Cu
  6
CONTINUOUS
100
AcDbLine
 10
179.1184079999999881
 20
-118.9924849999999878
 30
0
 11
179.2055369999999925
 21
-119.1228830000000016
 31
0
  0
LINE
  5
1D5
330
1B
100
AcDbEntity
  8
F.Cu
  6
CONTINUOUS
100
AcDbLine
 10
179.2055369999999925
 20
-119.1228830000000016
 30
0
 11
179.2655519999999854
 21
-119.2677719999999937
 31
0
  0
LINE
  5
1D6
330
1B
100
AcDbEntity
  8
F.Cu
  6
CONTINUOUS
100
AcDbLine
 10
179.2655519999999854
 20
-119.2677719999999937
 30
0
 11
179.2961479999999881
 21
-119.4215859999999907
 31
0
  0
LINE
  5
1D7
330
1B
100
AcDbEntity
  8
F.Cu
  6
CONTINUOUS
100
AcDbLine
 10
179.2961479999999881
 20
-119.4215859999999907
 30
0
 11
179.2961479999999881
 21
-119.5784139999999951
 31
0
  0
LINE
  5
1D8
330
1B
100
AcDbEntity
  8
F.Cu
  6
CONTINUOUS
100
AcDbLine
 10
179.2961479999999881
 20
-119.5784139999999951
 30
0
 11
179.2655519999999854
 21
-119.7322279999999921
 31
0
  0
LINE
  5
1D9
330
1B
100
AcDbEntity
  8
F.Cu
  6
CONTINUOUS
100
AcDbLine
 10
179.2655519999999854
 20
-119.7322279999999921
 30
0
 11
179.2055369999999925
 21
-119.8771169999999984
 31
0
  0
LINE
  5
1DA
330
1B
100
AcDbEntity
  8
F.Cu
  6
CONTINUOUS
100
AcDbLine
 10
179.2055369999999925
 20
-119.8771169999999984
 30
0
 11
179.1184079999999881
 21
-120.0075149999999979
 31
0
  0
LINE
  5
1DB
330
1B
100
AcDbEntity
  8
F.Cu
  6
CONTINUOUS
100
AcDbLine
 10
179.1184079999999881
 20
-120.0075149999999979
 30
0
 11
179.0075149999999837
 21
-120.1184079999999881
 31
0
  0
LINE
  5
1DC
330
1B
100
AcDbEntity
  8
F.Cu
  6
CONTINUOUS
100
AcDbLine
 10
179.0075149999999837
 20
-120.1184079999999881
 30
0
 11
178.8771169999999984
 21
-120.2055369999999925
 31
0
  0
LINE
  5
1DD
330
1B
100
AcDbEntity
  8
F.Cu
  6
CONTINUOUS
100
AcDbLine
 10
178.8771169999999984
 20
-120.2055369999999925
 30
0
 11
178.7322279999999921
 21
-120.2655519999999996
 31
0
  0
LINE
  5
1DE
330
1B
100
AcDbEntity
  8
F.Cu
  6
CONTINUOUS
100
AcDbLine
 10
178.7322279999999921
 20
-120.2655519999999996
 30
0
 11
178.5784139999999809
 21
-120.2961479999999881
 31
0
  0
LINE
  5
1DF
330
1B
100
AcDbEntity
  8
F.Cu
  6
CONTINUOUS
100
AcDbLine
 10
178.5784139999999809
 20
-120.2961479999999881
 30
0
 11
178.4215859999999907
 21
-120.2961479999999881
 31
0
  0
LINE
  5
1E0
330
1B
100
AcDbEntity
  8
F.Cu
  6
CONTINUOUS
100
AcDbLine
 10
178.4215859999999907
 20
-120.2961479999999881
 30
0
 11
178.2677719999999795
 21
-120.2655519999999996
 31
0
  0
LINE
  5
1E1
330
1B
100
AcDbEntity
  8
F.Cu
  6
CONTINUOUS
100
AcDbLine
 10
178.2677719999999795
 20
-120.2655519999999996
 30
0
 11
178.1228830000000016
 21
-120.2055369999999925
 31
0
  0
LINE
  5
1E2
330
1B
100
AcDbEntity
  8
F.Cu
  6
CONTINUOUS
100
AcDbLine
 10
178.1228830000000016
 20
-120.2055369999999925
 30
0
 11
177.9924849999999878
 21
-120.1184079999999881
 31
0
  0
LINE
  5
1E3
330
1B
100
AcDbEntity
  8
F.Cu
  6
CONTINUOUS
100
AcDbLine
 10
177.9924849999999878
 20
-120.1184079999999881
 30
0
 11
177.8815919999999835
 21
-120.0075149999999979
 31
0
  0
LINE
  5
1E4
330
1B
100
AcDbEntity
  8
F.Cu
  6
CONTINUOUS
100
AcDbLine
 10
177.8815919999999835
 20
-120.0075149999999979
 30
0
 11
177.794462999999979
 21
-119.8771169999999984
 31
0
  0
LINE
  5
1E5
330
1B
100
AcDbEntity
  8
F.Cu
  6
CONTINUOUS
100
AcDbLine
 10
177.794462999999979
 20
-119.8771169999999984
 30
0
 11
177.7344479999999862
 21
-119.7322279999999921
 31
0
  0
LINE
  5
1E6
330
1B
100
AcDbEntity
  8
F.Cu
  6
CONTINUOUS
100
AcDbLine
 10
177.7344479999999862
 20
-119.7322279999999921
 30
0
 11
177.7038519999999835
 21
-119.5784139999999951
 31
0
  0
LINE
  5
1E7
330
1B
100
AcDbEntity
  8
F.Cu
  6
CONTINUOUS
100
AcDbLine
 10
177.7038519999999835
 20
-119.5784139999999951
 30
0
 11
177.7038519999999835
 21
-119.4215859999999907
 31
0
  0
LINE
  5
1E8
330
1B
100
AcDbEntity
  8
F.Cu
  6
CONTINUOUS
100
AcDbLine
 10
177.7038519999999835
 20
-119.4215859999999907
 30
0
 11
177.7344479999999862
 21
-119.2677719999999937
 31
0
  0
LINE
  5
1E9
330
1B
100
AcDbEntity
  8
F.Cu
  6
CONTINUOUS
100
AcDbLine
 10
177.7344479999999862
 20
-119.2677719999999937
 30
0
 11
177.794462999999979
 21
-119.1228830000000016
 31
0
  0
LINE
  5
1EA
330
1B
100
AcDbEntity
  8
F.Cu
  6
CONTINUOUS
100
AcDbLine
 10
177.794462999999979
 20
-119.1228830000000016
 30
0
 11
177.8815919999999835
 21
-118.9924849999999878
 31
0
  0
LINE
  5
1EB
330
1B
100
AcDbEntity
  8
F.Cu
  6
CONTINUOUS
100
AcDbLine
 10
177.8815919999999835
 20
-118.9924849999999878
 30
0
 11
177.9924849999999878
 21
-118.8815919999999977
 31
0
  0
LINE
  5
1EC
330
1B
100
AcDbEntity
  8
F.Cu
  6
CONTINUOUS
100
AcDbLine
 10
177.9924849999999878
 20
-118.8815919999999977
 30
0
 11
178.1228830000000016
 21
-118.7944629999999933
 31
0
  0
LINE
  5
1ED
330
1B
100
AcDbEntity
  8
F.Cu
  6
CONTINUOUS
100
AcDbLine
 10
178.1228830000000016
 20
-118.7944629999999933
 30
0
 11
178.2677719999999795
 21
-118.7344480000000004
 31
0
  0
LINE
  5
1EE
330
1B
100
AcDbEntity
  8
F.Cu
  6
CONTINUOUS
100
AcDbLine
 10
178.2677719999999795
 20
-118.7344480000000004
 30
0
 11
178.4215859999999907
 21
-118.7038519999999977
 31
0
  0
LINE
  5
1EF
330
1B
100
AcDbEntity
  8
F.Cu
  6
CONTINUOUS
100
AcDbLine
 10
178.4215859999999907
 20
-118.7038519999999977
 30
0
 11
178.5784139999999809
 21
-118.7038519999999977
 31
0
  0
LINE
  5
1F0
330
1B
100
AcDbEntity
  8
F.Cu
  6
CONTINUOUS
100
AcDbLine
 10
178.5784139999999809
 20
-118.7038519999999977
 30
0
 11
178.7322279999999921
 21
-118.7344480000000004
 31
0
  0
LINE
  5
1F1
330
1B
100
AcDbEntity
  8
F.Cu
  6
CONTINUOUS
100
AcDbLine
 10
183.7322279999999921
 20
-118.7344480000000004
 30
0
 11
183.8771169999999984
 21
-118.7944629999999933
 31
0
  0
LINE
  5
1F2
330
1B
100
AcDbEntity
  8
F.Cu
  6
CONTINUOUS
100
AcDbLine
 10
183.8771169999999984
 20
-118.7944629999999933
 30
0
 11
184.0075149999999837
 21
-118.8815919999999977
 31
0
  0
LINE
  5
1F3
330
1B
100
AcDbEntity
  8
F.Cu
  6
CONTINUOUS
100
AcDbLine
 10
184.0075149999999837
 20
-118.8815919999999977
 30
0
 11
184.1184079999999881
 21
-118.9924849999999878
 31
0
  0
LINE
  5
1F4
330
1B
100
AcDbEntity
  8
F.Cu
  6
CONTINUOUS
100
AcDbLine
 10
184.1184079999999881
 20
-118.9924849999999878
 30
0
 11
184.2055369999999925
 21
-119.1228830000000016
 31
0
  0
LINE
  5
1F5
330
1B
100
AcDbEntity
  8
F.Cu
  6
CONTINUOUS
100
AcDbLine
 10
184.2055369999999925
 20
-119.1228830000000016
 30
0
 11
184.2655519999999854
 21
-119.2677719999999937
 31
0
  0
LINE
  5
1F6
330
1B
100
AcDbEntity
  8
F.Cu
  6
CONTINUOUS
100
AcDbLine
 10
184.2655519999999854
 20
-119.2677719999999937
 30
0
 11
184.2961479999999881
 21
-119.4215859999999907
 31
0
  0
LINE
  5
1F7
330
1B
100
AcDbEntity
  8
F.Cu
  6
CONTINUOUS
100
AcDbLine
 10
184.2961479999999881
 20
-119.4215859999999907
 30
0
 11
184.2961479999999881
 21
-119.5784139999999951
 31
0
  0
LINE
  5
1F8
330
1B
100
AcDbEntity
  8
F.Cu
  6
CONTINUOUS
100
AcDbLine
 10
184.2961479999999881
 20
-119.5784139999999951
 30
0
 11
184.2655519999999854
 21
-119.7322279999999921
 31
0
  0
LINE
  5
1F9
330
1B
100
AcDbEntity
  8
F.Cu
  6
CONTINUOUS
100
AcDbLine
 10
184.2655519999999854
 20
-119.7322279999999921
 30
0
 11
184.2055369999999925
 21
-119.8771169999999984
 31
0
  0
LINE
  5
1FA
330
1B
100
AcDbEntity
  8
F.Cu
  6
CONTINUOUS
100
AcDbLine
 10
184.2055369999999925
 20
-119.8771169999999984
 30
0
 11
184.1184079999999881
 21
-120.0075149999999979
 31
0
  0
LINE
  5
1FB
330
1B
100
AcDbEntity
  8
F.Cu
  6
CONTINUOUS
100
AcDbLine
 10
184.1184079999999881
 20
-120.0075149999999979
 30
0
 11
184.0075149999999837
 21
-120.1184079999999881
 31
0
  0
LINE
  5
1FC
330
1B
100
AcDbEntity
  8
F.Cu
  6
CONTINUOUS
100
AcDbLine
 10
184.0075149999999837
 20
-120.1184079999999881
 30
0
 11
183.8771169999999984
 21
-120.2055369999999925
 31
0
  0
LINE
  5
1FD
330
1B
100
AcDbEntity
  8
F.Cu
  6
CONTINUOUS
100
AcDbLine
 10
183.8771169999999984
 20
-120.2055369999999925
 30
0
 11
183.7322279999999921
 21
-120.2655519999999996
 31
0
  0
LINE
  5
1FE
330
1B
100
AcDbEntity
  8
F.Cu
  6
CONTINUOUS
100
AcDbLine
 10
183.7322279999999921
 20
-120.2655519999999996
 30
0
 11
183.5784139999999809
 21
-120.2961479999999881
 31
0
  0
LINE
  5
1FF
330
1B
100
AcDbEntity
  8
F.Cu
  6
CONTINUOUS
100
AcDbLine
 10
183.5784139999999809
 20
-120.2961479999999881
 30
0
 11
183.4215859999999907
 21
-120.2961479999999881
 31
0
  0
LINE
  5
200
330
1B
100
AcDbEntity
  8
F.Cu
  6
CONTINUOUS
100
AcDbLine
 10
183.4215859999999907
 20
-120.2961479999999881
 30
0
 11
183.2677719999999795
 21
-120.2655519999999996
 31
0
  0
LINE
  5
201
330
1B
100
AcDbEntity
  8
F.Cu
  6
CONTINUOUS
100
AcDbLine
 10
183.2677719999999795
 20
-120.2655519999999996
 30
0
 11
183.1228830000000016
 21
-120.2055369999999925
 31
0
  0
LINE
  5
202
330
1B
100
AcDbEntity
  8
F.Cu
  6
CONTINUOUS
100
AcDbLine
 10
183.1228830000000016
 20
-120.2055369999999925
 30
0
 11
182.9924849999999878
 21
-120.1184079999999881
 31
0
  0
LINE
  5
203
330
1B
100
AcDbEntity
  8
F.Cu
  6
CONTINUOUS
100
AcDbLine
 10
182.9924849999999878
 20
-120.1184079999999881
 30
0
 11
182.8815919999999835
 21
-120.0075149999999979
 31
0
  0
LINE
  5
204
330
1B
100
AcDbEntity
  8
F.Cu
  6
CONTINUOUS
100
AcDbLine
 10
182.8815919999999835
 20
-120.0075149999999979
 30
0
 11
182.794462999999979
 21
-119.8771169999999984
 31
0
  0
LINE
  5
205
330
1B
100
AcDbEntity
  8
F.Cu
  6
CONTINUOUS
100
AcDbLine
 10
182.794462999999979
 20
-119.8771169999999984
 30
0
 11
182.7344479999999862
 21
-119.7322279999999921
 31
0
  0
LINE
  5
206
330
1B
100
AcDbEntity
  8
F.Cu
  6
CONTINUOUS
100
AcDbLine
 10
182.7344479999999862
 20
-119.7322279999999921
 30
0
 11
182.7038519999999835
 21
-119.5784139999999951
 31
0
  0
LINE
  5
207
330
1B
100
AcDbEntity
  8
F.Cu
  6
CONTINUOUS
100
AcDbLine
 10
182.7038519999999835
 20
-119.5784139999999951
 30
0
 11
182.7038519999999835
 21
-119.4215859999999907
 31
0
  0
LINE
  5
208
330
1B
100
AcDbEntity
  8
F.Cu
  6
CONTINUOUS
100
AcDbLine
 10
182.7038519999999835
 20
-119.4215859999999907
 30
0
 11
182.7344479999999862
 21
-119.2677719999999937
 31
0
  0
LINE
  5
209
330
1B
100
AcDbEntity
  8
F.Cu
  6
CONTINUOUS
100
AcDbLine
 10
182.7344479999999862
 20
-119.2677719999999937
 30
0
 11
182.794462999999979
 21
-119.1228830000000016
 31
0
  0
LINE
  5
20A
330
1B
100
AcDbEntity
  8
F.Cu
  6
CONTINUOUS
100
AcDbLine
 10
182.794462999999979
 20
-119.1228830000000016
 30
0
 11
182.8815919999999835
 21
-118.9924849999999878
 31
0
  0
LINE
  5
20B
330
1B
100
AcDbEntity
  8
F.Cu
  6
CONTINUOUS
100
AcDbLine
 10
182.8815919999999835
 20
-118.9924849999999878
 30
0
 11
182.9924849999999878
 21
-118.8815919999999977
 31
0
  0
LINE
  5
20C
330
1B
100
AcDbEntity
  8
F.Cu
  6
CONTINUOUS
100
AcDbLine
 10
182.9924849999999878
 20
-118.8815919999999977
 30
0
 11
183.1228830000000016
 21
-118.7944629999999933
 31
0
  0
LINE
  5
20D
330
1B
100
AcDbEntity
  8
F.Cu
  6
CONTINUOUS
100
AcDbLine
 10
183.1228830000000016
 20
-118.7944629999999933
 30
0
 11
183.2677719999999795
 21
-118.7344480000000004
 31
0
  0
LINE
  5
20E
330
1B
100
AcDbEntity
  8
F.Cu
  6
CONTINUOUS
100
AcDbLine
 10
183.2677719999999795
 20
-118.7344480000000004
 30
0
 11
183.4215859999999907
 21
-118.7038519999999977
 31
0
  0
LINE
  5
20F
330
1B
100
AcDbEntity
  8
F.Cu
  6
CONTINUOUS
100
AcDbLine
 10
183.4215859999999907
 20
-118.7038519999999977
 30
0
 11
183.5784139999999809
 21
-118.7038519999999977
 31
0
  0
LINE
  5
210
330
1B
100
AcDbEntity
  8
F.Cu
  6
CONTINUOUS
100
AcDbLine
 10
183.5784139999999809
 20
-118.7038519999999977
 30
0
 11
183.7322279999999921
 21
-118.7344480000000004
 31
0
  0
LINE
  5
211
330
1B
100
AcDbEntity
  8
F.Cu
  6
CONTINUOUS
100
AcDbLine
 10
192.2322279999999921
 20
-118.2344480000000004
 30
0
 11
192.3771169999999984
 21
-118.2944629999999933
 31
0
  0
LINE
  5
212
330
1B
100
AcDbEntity
  8
F.Cu
  6
CONTINUOUS
100
AcDbLine
 10
192.3771169999999984
 20
-118.2944629999999933
 30
0
 11
192.5075149999999837
 21
-118.3815919999999977
 31
0
  0
LINE
  5
213
330
1B
100
AcDbEntity
  8
F.Cu
  6
CONTINUOUS
100
AcDbLine
 10
192.5075149999999837
 20
-118.3815919999999977
 30
0
 11
192.6184079999999881
 21
-118.4924849999999878
 31
0
  0
LINE
  5
214
330
1B
100
AcDbEntity
  8
F.Cu
  6
CONTINUOUS
100
AcDbLine
 10
192.6184079999999881
 20
-118.4924849999999878
 30
0
 11
192.7055369999999925
 21
-118.6228830000000016
 31
0
  0
LINE
  5
215
330
1B
100
AcDbEntity
  8
F.Cu
  6
CONTINUOUS
100
AcDbLine
 10
192.7055369999999925
 20
-118.6228830000000016
 30
0
 11
192.7655519999999854
 21
-118.7677719999999937
 31
0
  0
LINE
  5
216
330
1B
100
AcDbEntity
  8
F.Cu
  6
CONTINUOUS
100
AcDbLine
 10
192.7655519999999854
 20
-118.7677719999999937
 30
0
 11
192.7961479999999881
 21
-118.9215859999999907
 31
0
  0
LINE
  5
217
330
1B
100
AcDbEntity
  8
F.Cu
  6
CONTINUOUS
100
AcDbLine
 10
192.7961479999999881
 20
-118.9215859999999907
 30
0
 11
192.7961479999999881
 21
-119.0784139999999951
 31
0
  0
LINE
  5
218
330
1B
100
AcDbEntity
  8
F.Cu
  6
CONTINUOUS
100
AcDbLine
 10
192.7961479999999881
 20
-119.0784139999999951
 30
0
 11
192.7655519999999854
 21
-119.2322279999999921
 31
0
  0
LINE
  5
219
330
1B
100
AcDbEntity
  8
F.Cu
  6
CONTINUOUS
100
AcDbLine
 10
192.7655519999999854
 20
-119.2322279999999921
 30
0
 11
192.7055369999999925
 21
-119.3771169999999984
 31
0
  0
LINE
  5
21A
330
1B
100
AcDbEntity
  8
F.Cu
  6
CONTINUOUS
100
AcDbLine
 10
192.7055369999999925
 20
-119.3771169999999984
 30
0
 11
192.6184079999999881
 21
-119.5075149999999979
 31
0
  0
LINE
  5
21B
330
1B
100
AcDbEntity
  8
F.Cu
  6
CONTINUOUS
100
AcDbLine
 10
192.6184079999999881
 20
-119.5075149999999979
 30
0
 11
192.5075149999999837
 21
-119.6184079999999881
 31
0
  0
LINE
  5
21C
330
1B
100
AcDbEntity
  8
F.Cu
  6
CONTINUOUS
100
AcDbLine
 10
192.5075149999999837
 20
-119.6184079999999881
 30
0
 11
192.3771169999999984
 21
-119.7055369999999925
 31
0
  0
LINE
  5
21D
330
1B
100
AcDbEntity
  8
F.Cu
  6
CONTINUOUS
100
AcDbLine
 10
192.3771169999999984
 20
-119.7055369999999925
 30
0
 11
192.2322279999999921
 21
-119.7655519999999996
 31
0
  0
LINE
  5
21E
330
1B
100
AcDbEntity
  8
F.Cu
  6
CONTINUOUS
100
AcDbLine
 10
192.2322279999999921
 20
-119.7655519999999996
 30
0
 11
192.0784139999999809
 21
-119.7961479999999881
 31
0
  0
LINE
  5
21F
330
1B
100
AcDbEntity
  8
F.Cu
  6
CONTINUOUS
100
AcDbLine
 10
192.0784139999999809
 20
-119.7961479999999881
 30
0
 11
191.9215859999999907
 21
-119.7961479999999881
 31
0
  0
LINE
  5
220
330
1B
100
AcDbEntity
  8
F.Cu
  6
CONTINUOUS
100
AcDbLine
 10
191.9215859999999907
 20
-119.7961479999999881
 30
0
 11
191.7677719999999795
 21
-119.7655519999999996
 31
0
  0
LINE
  5
221
330
1B
100
AcDbEntity
  8
F.Cu
  6
CONTINUOUS
100
AcDbLine
 10
191.7677719999999795
 20
-119.7655519999999996
 30
0
 11
191.6228830000000016
 21
-119.7055369999999925
 31
0
  0
LINE
  5
222
330
1B
100
AcDbEntity
  8
F.Cu
  6
CONTINUOUS
100
AcDbLine
 10
191.6228830000000016
 20
-119.7055369999999925
 30
0
 11
191.4924849999999878
 21
-119.6184079999999881
 31
0
  0
LINE
  5
223
330
1B
100
AcDbEntity
  8
F.Cu
  6
CONTINUOUS
100
AcDbLine
 10
191.4924849999999878
 20
-119.6184079999999881
 30
0
 11
191.3815919999999835
 21
-119.5075149999999979
 31
0
  0
LINE
  5
224
330
1B
100
AcDbEntity
  8
F.Cu
  6
CONTINUOUS
100
AcDbLine
 10
191.3815919999999835
 20
-119.5075149999999979
 30
0
 11
191.294462999999979
 21
-119.3771169999999984
 31
0
  0
LINE
  5
225
330
1B
100
AcDbEntity
  8
F.Cu
  6
CONTINUOUS
100
AcDbLine
 10
191.294462999999979
 20
-119.3771169999999984
 30
0
 11
191.2344479999999862
 21
-119.2322279999999921
 31
0
  0
LINE
  5
226
330
1B
100
AcDbEntity
  8
F.Cu
  6
CONTINUOUS
100
AcDbLine
 10
191.2344479999999862
 20
-119.2322279999999921
 30
0
 11
191.2038519999999835
 21
-119.0784139999999951
 31
0
  0
LINE
  5
227
330
1B
100
AcDbEntity
  8
F.Cu
  6
CONTINUOUS
100
AcDbLine
 10
191.2038519999999835
 20
-119.0784139999999951
 30
0
 11
191.2038519999999835
 21
-118.9215859999999907
 31
0
  0
LINE
  5
228
330
1B
100
AcDbEntity
  8
F.Cu
  6
CONTINUOUS
100
AcDbLine
 10
191.2038519999999835
 20
-118.9215859999999907
 30
0
 11
191.2344479999999862
 21
-118.7677719999999937
 31
0
  0
LINE
  5
229
330
1B
100
AcDbEntity
  8
F.Cu
  6
CONTINUOUS
100
AcDbLine
 10
191.2344479999999862
 20
-118.7677719999999937
 30
0
 11
191.294462999999979
 21
-118.6228830000000016
 31
0
  0
LINE
  5
22A
330
1B
100
AcDbEntity
  8
F.Cu
  6
CONTINUOUS
100
AcDbLine
 10
191.294462999999979
 20
-118.6228830000000016
 30
0
 11
191.3815919999999835
 21
-118.4924849999999878
 31
0
  0
LINE
  5
22B
330
1B
100
AcDbEntity
  8
F.Cu
  6
CONTINUOUS
100
AcDbLine
 10
191.3815919999999835
 20
-118.4924849999999878
 30
0
 11
191.4924849999999878
 21
-118.3815919999999977
 31
0
  0
LINE
  5
22C
330
1B
100
AcDbEntity
  8
F.Cu
  6
CONTINUOUS
100
AcDbLine
 10
191.4924849999999878
 20
-118.3815919999999977
 30
0
 11
191.6228830000000016
 21
-118.2944629999999933
 31
0
  0
LINE
  5
22D
330
1B
100
AcDbEntity
  8
F.Cu
  6
CONTINUOUS
100
AcDbLine
 10
191.6228830000000016
 20
-118.2944629999999933
 30
0
 11
191.7677719999999795
 21
-118.2344480000000004
 31
0
  0
LINE
  5
22E
330
1B
100
AcDbEntity
  8
F.Cu
  6
CONTINUOUS
100
AcDbLine
 10
191.7677719999999795
 20
-118.2344480000000004
 30
0
 11
191.9215859999999907
 21
-118.2038519999999977
 31
0
  0
LINE
  5
22F
330
1B
100
AcDbEntity
  8
F.Cu
  6
CONTINUOUS
100
AcDbLine
 10
191.9215859999999907
 20
-118.2038519999999977
 30
0
 11
192.0784139999999809
 21
-118.2038519999999977
 31
0
  0
LINE
  5
230
330
1B
100
AcDbEntity
  8
F.Cu
  6
CONTINUOUS
100
AcDbLine
 10
192.0784139999999809
 20
-118.2038519999999977
 30
0
 11
192.2322279999999921
 21
-118.2344480000000004
 31
0
  0
LINE
  5
231
330
1B
100
AcDbEntity
  8
F.Cu
  6
CONTINUOUS
100
AcDbLine
 10
116.
 20
-115.3499999999999943
 30
0
 11
114.2999999999999972
 21
-115.3499999999999943
 31
0
  0
LINE
  5
232
330
1B
100
AcDbEntity
  8
F.Cu
  6
CONTINUOUS
100
AcDbLine
 10
114.2999999999999972
 20
-115.3499999999999943
 30
0
 11
114.2999999999999972
 21
-113.6499999999999915
 31
0
  0
LINE
  5
233
330
1B
100
AcDbEntity
  8
F.Cu
  6
CONTINUOUS
100
AcDbLine
 10
114.2999999999999972
 20
-113.6499999999999915
 30
0
 11
116.
 21
-113.6499999999999915
 31
0
  0
LINE
  5
234
330
1B
100
AcDbEntity
  8
F.Cu
  6
CONTINUOUS
100
AcDbLine
 10
116.
 20
-113.6499999999999915
 30
0
 11
116.
 21
-115.3499999999999943
 31
0
  0
LINE
  5
235
330
1B
100
AcDbEntity
  8
F.Cu
  6
CONTINUOUS
100
AcDbLine
 10
117.9367419999999953
 20
-113.686600999999996
 30
0
 11
118.0906869999999884
 21
-113.7503669999999971
 31
0
  0
LINE
  5
236
330
1B
100
AcDbEntity
  8
F.Cu
  6
CONTINUOUS
100
AcDbLine
 10
118.0906869999999884
 20
-113.7503669999999971
 30
0
 11
118.2292339999999911
 21
-113.8429409999999962
 31
0
  0
LINE
  5
237
330
1B
100
AcDbEntity
  8
F.Cu
  6
CONTINUOUS
100
AcDbLine
 10
118.2292339999999911
 20
-113.8429409999999962
 30
0
 11
118.3470590000000016
 21
-113.9607659999999925
 31
0
  0
LINE
  5
238
330
1B
100
AcDbEntity
  8
F.Cu
  6
CONTINUOUS
100
AcDbLine
 10
118.3470590000000016
 20
-113.9607659999999925
 30
0
 11
118.4396330000000006
 21
-114.0993129999999951
 31
0
  0
LINE
  5
239
330
1B
100
AcDbEntity
  8
F.Cu
  6
CONTINUOUS
100
AcDbLine
 10
118.4396330000000006
 20
-114.0993129999999951
 30
0
 11
118.5033990000000017
 21
-114.2532579999999882
 31
0
  0
LINE
  5
23A
330
1B
100
AcDbEntity
  8
F.Cu
  6
CONTINUOUS
100
AcDbLine
 10
118.5033990000000017
 20
-114.2532579999999882
 30
0
 11
118.5359069999999946
 21
-114.4166850000000011
 31
0
  0
LINE
  5
23B
330
1B
100
AcDbEntity
  8
F.Cu
  6
CONTINUOUS
100
AcDbLine
 10
118.5359069999999946
 20
-114.4166850000000011
 30
0
 11
118.5359069999999946
 21
-114.5833149999999989
 31
0
  0
LINE
  5
23C
330
1B
100
AcDbEntity
  8
F.Cu
  6
CONTINUOUS
100
AcDbLine
 10
118.5359069999999946
 20
-114.5833149999999989
 30
0
 11
118.5033990000000017
 21
-114.7467419999999976
 31
0
  0
LINE
  5
23D
330
1B
100
AcDbEntity
  8
F.Cu
  6
CONTINUOUS
100
AcDbLine
 10
118.5033990000000017
 20
-114.7467419999999976
 30
0
 11
118.4396330000000006
 21
-114.9006869999999907
 31
0
  0
LINE
  5
23E
330
1B
100
AcDbEntity
  8
F.Cu
  6
CONTINUOUS
100
AcDbLine
 10
118.4396330000000006
 20
-114.9006869999999907
 30
0
 11
118.3470590000000016
 21
-115.0392339999999933
 31
0
  0
LINE
  5
23F
330
1B
100
AcDbEntity
  8
F.Cu
  6
CONTINUOUS
100
AcDbLine
 10
118.3470590000000016
 20
-115.0392339999999933
 30
0
 11
118.2292339999999911
 21
-115.1570589999999896
 31
0
  0
LINE
  5
240
330
1B
100
AcDbEntity
  8
F.Cu
  6
CONTINUOUS
100
AcDbLine
 10
118.2292339999999911
 20
-115.1570589999999896
 30
0
 11
118.0906869999999884
 21
-115.2496329999999887
 31
0
  0
LINE
  5
241
330
1B
100
AcDbEntity
  8
F.Cu
  6
CONTINUOUS
100
AcDbLine
 10
118.0906869999999884
 20
-115.2496329999999887
 30
0
 11
117.9367419999999953
 21
-115.3133989999999898
 31
0
  0
LINE
  5
242
330
1B
100
AcDbEntity
  8
F.Cu
  6
CONTINUOUS
100
AcDbLine
 10
117.9367419999999953
 20
-115.3133989999999898
 30
0
 11
117.7733149999999966
 21
-115.3459069999999969
 31
0
  0
LINE
  5
243
330
1B
100
AcDbEntity
  8
F.Cu
  6
CONTINUOUS
100
AcDbLine
 10
117.7733149999999966
 20
-115.3459069999999969
 30
0
 11
117.6066849999999988
 21
-115.3459069999999969
 31
0
  0
LINE
  5
244
330
1B
100
AcDbEntity
  8
F.Cu
  6
CONTINUOUS
100
AcDbLine
 10
117.6066849999999988
 20
-115.3459069999999969
 30
0
 11
117.4432580000000002
 21
-115.3133989999999898
 31
0
  0
LINE
  5
245
330
1B
100
AcDbEntity
  8
F.Cu
  6
CONTINUOUS
100
AcDbLine
 10
117.4432580000000002
 20
-115.3133989999999898
 30
0
 11
117.2893129999999928
 21
-115.2496329999999887
 31
0
  0
LINE
  5
246
330
1B
100
AcDbEntity
  8
F.Cu
  6
CONTINUOUS
100
AcDbLine
 10
117.2893129999999928
 20
-115.2496329999999887
 30
0
 11
117.1507659999999902
 21
-115.1570589999999896
 31
0
  0
LINE
  5
247
330
1B
100
AcDbEntity
  8
F.Cu
  6
CONTINUOUS
100
AcDbLine
 10
117.1507659999999902
 20
-115.1570589999999896
 30
0
 11
117.0329409999999939
 21
-115.0392339999999933
 31
0
  0
LINE
  5
248
330
1B
100
AcDbEntity
  8
F.Cu
  6
CONTINUOUS
100
AcDbLine
 10
117.0329409999999939
 20
-115.0392339999999933
 30
0
 11
116.9403669999999948
 21
-114.9006869999999907
 31
0
  0
LINE
  5
249
330
1B
100
AcDbEntity
  8
F.Cu
  6
CONTINUOUS
100
AcDbLine
 10
116.9403669999999948
 20
-114.9006869999999907
 30
0
 11
116.8766009999999937
 21
-114.7467419999999976
 31
0
  0
LINE
  5
24A
330
1B
100
AcDbEntity
  8
F.Cu
  6
CONTINUOUS
100
AcDbLine
 10
116.8766009999999937
 20
-114.7467419999999976
 30
0
 11
116.8440930000000009
 21
-114.5833149999999989
 31
0
  0
LINE
  5
24B
330
1B
100
AcDbEntity
  8
F.Cu
  6
CONTINUOUS
100
AcDbLine
 10
116.8440930000000009
 20
-114.5833149999999989
 30
0
 11
116.8440930000000009
 21
-114.4166850000000011
 31
0
  0
LINE
  5
24C
330
1B
100
AcDbEntity
  8
F.Cu
  6
CONTINUOUS
100
AcDbLine
 10
116.8440930000000009
 20
-114.4166850000000011
 30
0
 11
116.8766009999999937
 21
-114.2532579999999882
 31
0
  0
LINE
  5
24D
330
1B
100
AcDbEntity
  8
F.Cu
  6
CONTINUOUS
100
AcDbLine
 10
116.8766009999999937
 20
-114.2532579999999882
 30
0
 11
116.9403669999999948
 21
-114.0993129999999951
 31
0
  0
LINE
  5
24E
330
1B
100
AcDbEntity
  8
F.Cu
  6
CONTINUOUS
100
AcDbLine
 10
116.9403669999999948
 20
-114.0993129999999951
 30
0
 11
117.0329409999999939
 21
-113.9607659999999925
 31
0
  0
LINE
  5
24F
330
1B
100
AcDbEntity
  8
F.Cu
  6
CONTINUOUS
100
AcDbLine
 10
117.0329409999999939
 20
-113.9607659999999925
 30
0
 11
117.1507659999999902
 21
-113.8429409999999962
 31
0
  0
LINE
  5
250
330
1B
100
AcDbEntity
  8
F.Cu
  6
CONTINUOUS
100
AcDbLine
 10
117.1507659999999902
 20
-113.8429409999999962
 30
0
 11
117.2893129999999928
 21
-113.7503669999999971
 31
0
  0
LINE
  5
251
330
1B
100
AcDbEntity
  8
F.Cu
  6
CONTINUOUS
100
AcDbLine
 10
117.2893129999999928
 20
-113.7503669999999971
 30
0
 11
117.4432580000000002
 21
-113.686600999999996
 31
0
  0
LINE
  5
252
330
1B
100
AcDbEntity
  8
F.Cu
  6
CONTINUOUS
100
AcDbLine
 10
117.4432580000000002
 20
-113.686600999999996
 30
0
 11
117.6066849999999988
 21
-113.6540929999999889
 31
0
  0
LINE
  5
253
330
1B
100
AcDbEntity
  8
F.Cu
  6
CONTINUOUS
100
AcDbLine
 10
117.6066849999999988
 20
-113.6540929999999889
 30
0
 11
117.7733149999999966
 21
-113.6540929999999889
 31
0
  0
LINE
  5
254
330
1B
100
AcDbEntity
  8
F.Cu
  6
CONTINUOUS
100
AcDbLine
 10
117.7733149999999966
 20
-113.6540929999999889
 30
0
 11
117.9367419999999953
 21
-113.686600999999996
 31
0
  0
LINE
  5
255
330
1B
100
AcDbEntity
  8
F.Cu
  6
CONTINUOUS
100
AcDbLine
 10
120.4767420000000016
 20
-113.686600999999996
 30
0
 11
120.6306869999999947
 21
-113.7503669999999971
 31
0
  0
LINE
  5
256
330
1B
100
AcDbEntity
  8
F.Cu
  6
CONTINUOUS
100
AcDbLine
 10
120.6306869999999947
 20
-113.7503669999999971
 30
0
 11
120.7692339999999973
 21
-113.8429409999999962
 31
0
  0
LINE
  5
257
330
1B
100
AcDbEntity
  8
F.Cu
  6
CONTINUOUS
100
AcDbLine
 10
120.7692339999999973
 20
-113.8429409999999962
 30
0
 11
120.8870589999999936
 21
-113.9607659999999925
 31
0
  0
LINE
  5
258
330
1B
100
AcDbEntity
  8
F.Cu
  6
CONTINUOUS
100
AcDbLine
 10
120.8870589999999936
 20
-113.9607659999999925
 30
0
 11
120.9796329999999926
 21
-114.0993129999999951
 31
0
  0
LINE
  5
259
330
1B
100
AcDbEntity
  8
F.Cu
  6
CONTINUOUS
100
AcDbLine
 10
120.9796329999999926
 20
-114.0993129999999951
 30
0
 11
121.0433989999999937
 21
-114.2532579999999882
 31
0
  0
LINE
  5
25A
330
1B
100
AcDbEntity
  8
F.Cu
  6
CONTINUOUS
100
AcDbLine
 10
121.0433989999999937
 20
-114.2532579999999882
 30
0
 11
121.0759070000000008
 21
-114.4166850000000011
 31
0
  0
LINE
  5
25B
330
1B
100
AcDbEntity
  8
F.Cu
  6
CONTINUOUS
100
AcDbLine
 10
121.0759070000000008
 20
-114.4166850000000011
 30
0
 11
121.0759070000000008
 21
-114.5833149999999989
 31
0
  0
LINE
  5
25C
330
1B
100
AcDbEntity
  8
F.Cu
  6
CONTINUOUS
100
AcDbLine
 10
121.0759070000000008
 20
-114.5833149999999989
 30
0
 11
121.0433989999999937
 21
-114.7467419999999976
 31
0
  0
LINE
  5
25D
330
1B
100
AcDbEntity
  8
F.Cu
  6
CONTINUOUS
100
AcDbLine
 10
121.0433989999999937
 20
-114.7467419999999976
 30
0
 11
120.9796329999999926
 21
-114.9006869999999907
 31
0
  0
LINE
  5
25E
330
1B
100
AcDbEntity
  8
F.Cu
  6
CONTINUOUS
100
AcDbLine
 10
120.9796329999999926
 20
-114.9006869999999907
 30
0
 11
120.8870589999999936
 21
-115.0392339999999933
 31
0
  0
LINE
  5
25F
330
1B
100
AcDbEntity
  8
F.Cu
  6
CONTINUOUS
100
AcDbLine
 10
120.8870589999999936
 20
-115.0392339999999933
 30
0
 11
120.7692339999999973
 21
-115.1570589999999896
 31
0
  0
LINE
  5
260
330
1B
100
AcDbEntity
  8
F.Cu
  6
CONTINUOUS
100
AcDbLine
 10
120.7692339999999973
 20
-115.1570589999999896
 30
0
 11
120.6306869999999947
 21
-115.2496329999999887
 31
0
  0
LINE
  5
261
330
1B
100
AcDbEntity
  8
F.Cu
  6
CONTINUOUS
100
AcDbLine
 10
120.6306869999999947
 20
-115.2496329999999887
 30
0
 11
120.4767420000000016
 21
-115.3133989999999898
 31
0
  0
LINE
  5
262
330
1B
100
AcDbEntity
  8
F.Cu
  6
CONTINUOUS
100
AcDbLine
 10
120.4767420000000016
 20
-115.3133989999999898
 30
0
 11
120.3133149999999887
 21
-115.3459069999999969
 31
0
  0
LINE
  5
263
330
1B
100
AcDbEntity
  8
F.Cu
  6
CONTINUOUS
100
AcDbLine
 10
120.3133149999999887
 20
-115.3459069999999969
 30
0
 11
120.1466849999999909
 21
-115.3459069999999969
 31
0
  0
LINE
  5
264
330
1B
100
AcDbEntity
  8
F.Cu
  6
CONTINUOUS
100
AcDbLine
 10
120.1466849999999909
 20
-115.3459069999999969
 30
0
 11
119.9832579999999922
 21
-115.3133989999999898
 31
0
  0
LINE
  5
265
330
1B
100
AcDbEntity
  8
F.Cu
  6
CONTINUOUS
100
AcDbLine
 10
119.9832579999999922
 20
-115.3133989999999898
 30
0
 11
119.8293129999999991
 21
-115.2496329999999887
 31
0
  0
LINE
  5
266
330
1B
100
AcDbEntity
  8
F.Cu
  6
CONTINUOUS
100
AcDbLine
 10
119.8293129999999991
 20
-115.2496329999999887
 30
0
 11
119.6907659999999964
 21
-115.1570589999999896
 31
0
  0
LINE
  5
267
330
1B
100
AcDbEntity
  8
F.Cu
  6
CONTINUOUS
100
AcDbLine
 10
119.6907659999999964
 20
-115.1570589999999896
 30
0
 11
119.5729410000000001
 21
-115.0392339999999933
 31
0
  0
LINE
  5
268
330
1B
100
AcDbEntity
  8
F.Cu
  6
CONTINUOUS
100
AcDbLine
 10
119.5729410000000001
 20
-115.0392339999999933
 30
0
 11
119.4803670000000011
 21
-114.9006869999999907
 31
0
  0
LINE
  5
269
330
1B
100
AcDbEntity
  8
F.Cu
  6
CONTINUOUS
100
AcDbLine
 10
119.4803670000000011
 20
-114.9006869999999907
 30
0
 11
119.416601
 21
-114.7467419999999976
 31
0
  0
LINE
  5
26A
330
1B
100
AcDbEntity
  8
F.Cu
  6
CONTINUOUS
100
AcDbLine
 10
119.416601
 20
-114.7467419999999976
 30
0
 11
119.3840929999999929
 21
-114.5833149999999989
 31
0
  0
LINE
  5
26B
330
1B
100
AcDbEntity
  8
F.Cu
  6
CONTINUOUS
100
AcDbLine
 10
119.3840929999999929
 20
-114.5833149999999989
 30
0
 11
119.3840929999999929
 21
-114.4166850000000011
 31
0
  0
LINE
  5
26C
330
1B
100
AcDbEntity
  8
F.Cu
  6
CONTINUOUS
100
AcDbLine
 10
119.3840929999999929
 20
-114.4166850000000011
 30
0
 11
119.416601
 21
-114.2532579999999882
 31
0
  0
LINE
  5
26D
330
1B
100
AcDbEntity
  8
F.Cu
  6
CONTINUOUS
100
AcDbLine
 10
119.416601
 20
-114.2532579999999882
 30
0
 11
119.4803670000000011
 21
-114.0993129999999951
 31
0
  0
LINE
  5
26E
330
1B
100
AcDbEntity
  8
F.Cu
  6
CONTINUOUS
100
AcDbLine
 10
119.4803670000000011
 20
-114.0993129999999951
 30
0
 11
119.5729410000000001
 21
-113.9607659999999925
 31
0
  0
LINE
  5
26F
330
1B
100
AcDbEntity
  8
F.Cu
  6
CONTINUOUS
100
AcDbLine
 10
119.5729410000000001
 20
-113.9607659999999925
 30
0
 11
119.6907659999999964
 21
-113.8429409999999962
 31
0
  0
LINE
  5
270
330
1B
100
AcDbEntity
  8
F.Cu
  6
CONTINUOUS
100
AcDbLine
 10
119.6907659999999964
 20
-113.8429409999999962
 30
0
 11
119.8293129999999991
 21
-113.7503669999999971
 31
0
  0
LINE
  5
271
330
1B
100
AcDbEntity
  8
F.Cu
  6
CONTINUOUS
100
AcDbLine
 10
119.8293129999999991
 20
-113.7503669999999971
 30
0
 11
119.9832579999999922
 21
-113.686600999999996
 31
0
  0
LINE
  5
272
330
1B
100
AcDbEntity
  8
F.Cu
  6
CONTINUOUS
100
AcDbLine
 10
119.9832579999999922
 20
-113.686600999999996
 30
0
 11
120.1466849999999909
 21
-113.6540929999999889
 31
0
  0
LINE
  5
273
330
1B
100
AcDbEntity
  8
F.Cu
  6
CONTINUOUS
100
AcDbLine
 10
120.1466849999999909
 20
-113.6540929999999889
 30
0
 11
120.3133149999999887
 21
-113.6540929999999889
 31
0
  0
LINE
  5
274
330
1B
100
AcDbEntity
  8
F.Cu
  6
CONTINUOUS
100
AcDbLine
 10
120.3133149999999887
 20
-113.6540929999999889
 30
0
 11
120.4767420000000016
 21
-113.686600999999996
 31
0
  0
LINE
  5
275
330
1B
100
AcDbEntity
  8
F.Cu
  6
CONTINUOUS
100
AcDbLine
 10
123.0167419999999936
 20
-113.686600999999996
 30
0
 11
123.1706870000000009
 21
-113.7503669999999971
 31
0
  0
LINE
  5
276
330
1B
100
AcDbEntity
  8
F.Cu
  6
CONTINUOUS
100
AcDbLine
 10
123.1706870000000009
 20
-113.7503669999999971
 30
0
 11
123.3092339999999894
 21
-113.8429409999999962
 31
0
  0
LINE
  5
277
330
1B
100
AcDbEntity
  8
F.Cu
  6
CONTINUOUS
100
AcDbLine
 10
123.3092339999999894
 20
-113.8429409999999962
 30
0
 11
123.4270589999999999
 21
-113.9607659999999925
 31
0
  0
LINE
  5
278
330
1B
100
AcDbEntity
  8
F.Cu
  6
CONTINUOUS
100
AcDbLine
 10
123.4270589999999999
 20
-113.9607659999999925
 30
0
 11
123.5196329999999989
 21
-114.0993129999999951
 31
0
  0
LINE
  5
279
330
1B
100
AcDbEntity
  8
F.Cu
  6
CONTINUOUS
100
AcDbLine
 10
123.5196329999999989
 20
-114.0993129999999951
 30
0
 11
123.583399
 21
-114.2532579999999882
 31
0
  0
LINE
  5
27A
330
1B
100
AcDbEntity
  8
F.Cu
  6
CONTINUOUS
100
AcDbLine
 10
123.583399
 20
-114.2532579999999882
 30
0
 11
123.6159069999999929
 21
-114.4166850000000011
 31
0
  0
LINE
  5
27B
330
1B
100
AcDbEntity
  8
F.Cu
  6
CONTINUOUS
100
AcDbLine
 10
123.6159069999999929
 20
-114.4166850000000011
 30
0
 11
123.6159069999999929
 21
-114.5833149999999989
 31
0
  0
LINE
  5
27C
330
1B
100
AcDbEntity
  8
F.Cu
  6
CONTINUOUS
100
AcDbLine
 10
123.6159069999999929
 20
-114.5833149999999989
 30
0
 11
123.583399
 21
-114.7467419999999976
 31
0
  0
LINE
  5
27D
330
1B
100
AcDbEntity
  8
F.Cu
  6
CONTINUOUS
100
AcDbLine
 10
123.583399
 20
-114.7467419999999976
 30
0
 11
123.5196329999999989
 21
-114.9006869999999907
 31
0
  0
LINE
  5
27E
330
1B
100
AcDbEntity
  8
F.Cu
  6
CONTINUOUS
100
AcDbLine
 10
123.5196329999999989
 20
-114.9006869999999907
 30
0
 11
123.4270589999999999
 21
-115.0392339999999933
 31
0
  0
LINE
  5
27F
330
1B
100
AcDbEntity
  8
F.Cu
  6
CONTINUOUS
100
AcDbLine
 10
123.4270589999999999
 20
-115.0392339999999933
 30
0
 11
123.3092339999999894
 21
-115.1570589999999896
 31
0
  0
LINE
  5
280
330
1B
100
AcDbEntity
  8
F.Cu
  6
CONTINUOUS
100
AcDbLine
 10
123.3092339999999894
 20
-115.1570589999999896
 30
0
 11
123.1706870000000009
 21
-115.2496329999999887
 31
0
  0
LINE
  5
281
330
1B
100
AcDbEntity
  8
F.Cu
  6
CONTINUOUS
100
AcDbLine
 10
123.1706870000000009
 20
-115.2496329999999887
 30
0
 11
123.0167419999999936
 21
-115.3133989999999898
 31
0
  0
LINE
  5
282
330
1B
100
AcDbEntity
  8
F.Cu
  6
CONTINUOUS
100
AcDbLine
 10
123.0167419999999936
 20
-115.3133989999999898
 30
0
 11
122.8533149999999949
 21
-115.3459069999999969
 31
0
  0
LINE
  5
283
330
1B
100
AcDbEntity
  8
F.Cu
  6
CONTINUOUS
100
AcDbLine
 10
122.8533149999999949
 20
-115.3459069999999969
 30
0
 11
122.6866849999999971
 21
-115.3459069999999969
 31
0
  0
LINE
  5
284
330
1B
100
AcDbEntity
  8
F.Cu
  6
CONTINUOUS
100
AcDbLine
 10
122.6866849999999971
 20
-115.3459069999999969
 30
0
 11
122.5232579999999984
 21
-115.3133989999999898
 31
0
  0
LINE
  5
285
330
1B
100
AcDbEntity
  8
F.Cu
  6
CONTINUOUS
100
AcDbLine
 10
122.5232579999999984
 20
-115.3133989999999898
 30
0
 11
122.3693129999999911
 21
-115.2496329999999887
 31
0
  0
LINE
  5
286
330
1B
100
AcDbEntity
  8
F.Cu
  6
CONTINUOUS
100
AcDbLine
 10
122.3693129999999911
 20
-115.2496329999999887
 30
0
 11
122.2307659999999885
 21
-115.1570589999999896
 31
0
  0
LINE
  5
287
330
1B
100
AcDbEntity
  8
F.Cu
  6
CONTINUOUS
100
AcDbLine
 10
122.2307659999999885
 20
-115.1570589999999896
 30
0
 11
122.1129409999999922
 21
-115.0392339999999933
 31
0
  0
LINE
  5
288
330
1B
100
AcDbEntity
  8
F.Cu
  6
CONTINUOUS
100
AcDbLine
 10
122.1129409999999922
 20
-115.0392339999999933
 30
0
 11
122.0203669999999931
 21
-114.9006869999999907
 31
0
  0
LINE
  5
289
330
1B
100
AcDbEntity
  8
F.Cu
  6
CONTINUOUS
100
AcDbLine
 10
122.0203669999999931
 20
-114.9006869999999907
 30
0
 11
121.956600999999992
 21
-114.7467419999999976
 31
0
  0
LINE
  5
28A
330
1B
100
AcDbEntity
  8
F.Cu
  6
CONTINUOUS
100
AcDbLine
 10
121.956600999999992
 20
-114.7467419999999976
 30
0
 11
121.9240929999999992
 21
-114.5833149999999989
 31
0
  0
LINE
  5
28B
330
1B
100
AcDbEntity
  8
F.Cu
  6
CONTINUOUS
100
AcDbLine
 10
121.9240929999999992
 20
-114.5833149999999989
 30
0
 11
121.9240929999999992
 21
-114.4166850000000011
 31
0
  0
LINE
  5
28C
330
1B
100
AcDbEntity
  8
F.Cu
  6
CONTINUOUS
100
AcDbLine
 10
121.9240929999999992
 20
-114.4166850000000011
 30
0
 11
121.956600999999992
 21
-114.2532579999999882
 31
0
  0
LINE
  5
28D
330
1B
100
AcDbEntity
  8
F.Cu
  6
CONTINUOUS
100
AcDbLine
 10
121.956600999999992
 20
-114.2532579999999882
 30
0
 11
122.0203669999999931
 21
-114.0993129999999951
 31
0
  0
LINE
  5
28E
330
1B
100
AcDbEntity
  8
F.Cu
  6
CONTINUOUS
100
AcDbLine
 10
122.0203669999999931
 20
-114.0993129999999951
 30
0
 11
122.1129409999999922
 21
-113.9607659999999925
 31
0
  0
LINE
  5
28F
330
1B
100
AcDbEntity
  8
F.Cu
  6
CONTINUOUS
100
AcDbLine
 10
122.1129409999999922
 20
-113.9607659999999925
 30
0
 11
122.2307659999999885
 21
-113.8429409999999962
 31
0
  0
LINE
  5
290
330
1B
100
AcDbEntity
  8
F.Cu
  6
CONTINUOUS
100
AcDbLine
 10
122.2307659999999885
 20
-113.8429409999999962
 30
0
 11
122.3693129999999911
 21
-113.7503669999999971
 31
0
  0
LINE
  5
291
330
1B
100
AcDbEntity
  8
F.Cu
  6
CONTINUOUS
100
AcDbLine
 10
122.3693129999999911
 20
-113.7503669999999971
 30
0
 11
122.5232579999999984
 21
-113.686600999999996
 31
0
  0
LINE
  5
292
330
1B
100
AcDbEntity
  8
F.Cu
  6
CONTINUOUS
100
AcDbLine
 10
122.5232579999999984
 20
-113.686600999999996
 30
0
 11
122.6866849999999971
 21
-113.6540929999999889
 31
0
  0
LINE
  5
293
330
1B
100
AcDbEntity
  8
F.Cu
  6
CONTINUOUS
100
AcDbLine
 10
122.6866849999999971
 20
-113.6540929999999889
 30
0
 11
122.8533149999999949
 21
-113.6540929999999889
 31
0
  0
LINE
  5
294
330
1B
100
AcDbEntity
  8
F.Cu
  6
CONTINUOUS
100
AcDbLine
 10
122.8533149999999949
 20
-113.6540929999999889
 30
0
 11
123.0167419999999936
 21
-113.686600999999996
 31
0
  0
LINE
  5
295
330
1B
100
AcDbEntity
  8
F.Cu
  6
CONTINUOUS
100
AcDbLine
 10
125.5567419999999998
 20
-113.686600999999996
 30
0
 11
125.710686999999993
 21
-113.7503669999999971
 31
0
  0
LINE
  5
296
330
1B
100
AcDbEntity
  8
F.Cu
  6
CONTINUOUS
100
AcDbLine
 10
125.710686999999993
 20
-113.7503669999999971
 30
0
 11
125.8492339999999956
 21
-113.8429409999999962
 31
0
  0
LINE
  5
297
330
1B
100
AcDbEntity
  8
F.Cu
  6
CONTINUOUS
100
AcDbLine
 10
125.8492339999999956
 20
-113.8429409999999962
 30
0
 11
125.9670589999999919
 21
-113.9607659999999925
 31
0
  0
LINE
  5
298
330
1B
100
AcDbEntity
  8
F.Cu
  6
CONTINUOUS
100
AcDbLine
 10
125.9670589999999919
 20
-113.9607659999999925
 30
0
 11
126.0596329999999909
 21
-114.0993129999999951
 31
0
  0
LINE
  5
299
330
1B
100
AcDbEntity
  8
F.Cu
  6
CONTINUOUS
100
AcDbLine
 10
126.0596329999999909
 20
-114.0993129999999951
 30
0
 11
126.123398999999992
 21
-114.2532579999999882
 31
0
  0
LINE
  5
29A
330
1B
100
AcDbEntity
  8
F.Cu
  6
CONTINUOUS
100
AcDbLine
 10
126.123398999999992
 20
-114.2532579999999882
 30
0
 11
126.1559069999999991
 21
-114.4166850000000011
 31
0
  0
LINE
  5
29B
330
1B
100
AcDbEntity
  8
F.Cu
  6
CONTINUOUS
100
AcDbLine
 10
126.1559069999999991
 20
-114.4166850000000011
 30
0
 11
126.1559069999999991
 21
-114.5833149999999989
 31
0
  0
LINE
  5
29C
330
1B
100
AcDbEntity
  8
F.Cu
  6
CONTINUOUS
100
AcDbLine
 10
126.1559069999999991
 20
-114.5833149999999989
 30
0
 11
126.123398999999992
 21
-114.7467419999999976
 31
0
  0
LINE
  5
29D
330
1B
100
AcDbEntity
  8
F.Cu
  6
CONTINUOUS
100
AcDbLine
 10
126.123398999999992
 20
-114.7467419999999976
 30
0
 11
126.0596329999999909
 21
-114.9006869999999907
 31
0
  0
LINE
  5
29E
330
1B
100
AcDbEntity
  8
F.Cu
  6
CONTINUOUS
100
AcDbLine
 10
126.0596329999999909
 20
-114.9006869999999907
 30
0
 11
125.9670589999999919
 21
-115.0392339999999933
 31
0
  0
LINE
  5
29F
330
1B
100
AcDbEntity
  8
F.Cu
  6
CONTINUOUS
100
AcDbLine
 10
125.9670589999999919
 20
-115.0392339999999933
 30
0
 11
125.8492339999999956
 21
-115.1570589999999896
 31
0
  0
LINE
  5
2A0
330
1B
100
AcDbEntity
  8
F.Cu
  6
CONTINUOUS
100
AcDbLine
 10
125.8492339999999956
 20
-115.1570589999999896
 30
0
 11
125.710686999999993
 21
-115.2496329999999887
 31
0
  0
LINE
  5
2A1
330
1B
100
AcDbEntity
  8
F.Cu
  6
CONTINUOUS
100
AcDbLine
 10
125.710686999999993
 20
-115.2496329999999887
 30
0
 11
125.5567419999999998
 21
-115.3133989999999898
 31
0
  0
LINE
  5
2A2
330
1B
100
AcDbEntity
  8
F.Cu
  6
CONTINUOUS
100
AcDbLine
 10
125.5567419999999998
 20
-115.3133989999999898
 30
0
 11
125.3933150000000012
 21
-115.3459069999999969
 31
0
  0
LINE
  5
2A3
330
1B
100
AcDbEntity
  8
F.Cu
  6
CONTINUOUS
100
AcDbLine
 10
125.3933150000000012
 20
-115.3459069999999969
 30
0
 11
125.2266849999999891
 21
-115.3459069999999969
 31
0
  0
LINE
  5
2A4
330
1B
100
AcDbEntity
  8
F.Cu
  6
CONTINUOUS
100
AcDbLine
 10
125.2266849999999891
 20
-115.3459069999999969
 30
0
 11
125.0632579999999905
 21
-115.3133989999999898
 31
0
  0
LINE
  5
2A5
330
1B
100
AcDbEntity
  8
F.Cu
  6
CONTINUOUS
100
AcDbLine
 10
125.0632579999999905
 20
-115.3133989999999898
 30
0
 11
124.9093129999999974
 21
-115.2496329999999887
 31
0
  0
LINE
  5
2A6
330
1B
100
AcDbEntity
  8
F.Cu
  6
CONTINUOUS
100
AcDbLine
 10
124.9093129999999974
 20
-115.2496329999999887
 30
0
 11
124.7707659999999947
 21
-115.1570589999999896
 31
0
  0
LINE
  5
2A7
330
1B
100
AcDbEntity
  8
F.Cu
  6
CONTINUOUS
100
AcDbLine
 10
124.7707659999999947
 20
-115.1570589999999896
 30
0
 11
124.6529409999999984
 21
-115.0392339999999933
 31
0
  0
LINE
  5
2A8
330
1B
100
AcDbEntity
  8
F.Cu
  6
CONTINUOUS
100
AcDbLine
 10
124.6529409999999984
 20
-115.0392339999999933
 30
0
 11
124.5603669999999994
 21
-114.9006869999999907
 31
0
  0
LINE
  5
2A9
330
1B
100
AcDbEntity
  8
F.Cu
  6
CONTINUOUS
100
AcDbLine
 10
124.5603669999999994
 20
-114.9006869999999907
 30
0
 11
124.4966009999999983
 21
-114.7467419999999976
 31
0
  0
LINE
  5
2AA
330
1B
100
AcDbEntity
  8
F.Cu
  6
CONTINUOUS
100
AcDbLine
 10
124.4966009999999983
 20
-114.7467419999999976
 30
0
 11
124.4640929999999912
 21
-114.5833149999999989
 31
0
  0
LINE
  5
2AB
330
1B
100
AcDbEntity
  8
F.Cu
  6
CONTINUOUS
100
AcDbLine
 10
124.4640929999999912
 20
-114.5833149999999989
 30
0
 11
124.4640929999999912
 21
-114.4166850000000011
 31
0
  0
LINE
  5
2AC
330
1B
100
AcDbEntity
  8
F.Cu
  6
CONTINUOUS
100
AcDbLine
 10
124.4640929999999912
 20
-114.4166850000000011
 30
0
 11
124.4966009999999983
 21
-114.2532579999999882
 31
0
  0
LINE
  5
2AD
330
1B
100
AcDbEntity
  8
F.Cu
  6
CONTINUOUS
100
AcDbLine
 10
124.4966009999999983
 20
-114.2532579999999882
 30
0
 11
124.5603669999999994
 21
-114.0993129999999951
 31
0
  0
LINE
  5
2AE
330
1B
100
AcDbEntity
  8
F.Cu
  6
CONTINUOUS
100
AcDbLine
 10
124.5603669999999994
 20
-114.0993129999999951
 30
0
 11
124.6529409999999984
 21
-113.9607659999999925
 31
0
  0
LINE
  5
2AF
330
1B
100
AcDbEntity
  8
F.Cu
  6
CONTINUOUS
100
AcDbLine
 10
124.6529409999999984
 20
-113.9607659999999925
 30
0
 11
124.7707659999999947
 21
-113.8429409999999962
 31
0
  0
LINE
  5
2B0
330
1B
100
AcDbEntity
  8
F.Cu
  6
CONTINUOUS
100
AcDbLine
 10
124.7707659999999947
 20
-113.8429409999999962
 30
0
 11
124.9093129999999974
 21
-113.7503669999999971
 31
0
  0
LINE
  5
2B1
330
1B
100
AcDbEntity
  8
F.Cu
  6
CONTINUOUS
100
AcDbLine
 10
124.9093129999999974
 20
-113.7503669999999971
 30
0
 11
125.0632579999999905
 21
-113.686600999999996
 31
0
  0
LINE
  5
2B2
330
1B
100
AcDbEntity
  8
F.Cu
  6
CONTINUOUS
100
AcDbLine
 10
125.0632579999999905
 20
-113.686600999999996
 30
0
 11
125.2266849999999891
 21
-113.6540929999999889
 31
0
  0
LINE
  5
2B3
330
1B
100
AcDbEntity
  8
F.Cu
  6
CONTINUOUS
100
AcDbLine
 10
125.2266849999999891
 20
-113.6540929999999889
 30
0
 11
125.3933150000000012
 21
-113.6540929999999889
 31
0
  0
LINE
  5
2B4
330
1B
100
AcDbEntity
  8
F.Cu
  6
CONTINUOUS
100
AcDbLine
 10
125.3933150000000012
 20
-113.6540929999999889
 30
0
 11
125.5567419999999998
 21
-113.686600999999996
 31
0
  0
LINE
  5
2B5
330
1B
100
AcDbEntity
  8
F.Cu
  6
CONTINUOUS
100
AcDbLine
 10
128.0967420000000061
 20
-113.686600999999996
 30
0
 11
128.2506869999999992
 21
-113.7503669999999971
 31
0
  0
LINE
  5
2B6
330
1B
100
AcDbEntity
  8
F.Cu
  6
CONTINUOUS
100
AcDbLine
 10
128.2506869999999992
 20
-113.7503669999999971
 30
0
 11
128.3892339999999876
 21
-113.8429409999999962
 31
0
  0
LINE
  5
2B7
330
1B
100
AcDbEntity
  8
F.Cu
  6
CONTINUOUS
100
AcDbLine
 10
128.3892339999999876
 20
-113.8429409999999962
 30
0
 11
128.5070589999999982
 21
-113.9607659999999925
 31
0
  0
LINE
  5
2B8
330
1B
100
AcDbEntity
  8
F.Cu
  6
CONTINUOUS
100
AcDbLine
 10
128.5070589999999982
 20
-113.9607659999999925
 30
0
 11
128.599632999999983
 21
-114.0993129999999951
 31
0
  0
LINE
  5
2B9
330
1B
100
AcDbEntity
  8
F.Cu
  6
CONTINUOUS
100
AcDbLine
 10
128.599632999999983
 20
-114.0993129999999951
 30
0
 11
128.6633989999999983
 21
-114.2532579999999882
 31
0
  0
LINE
  5
2BA
330
1B
100
AcDbEntity
  8
F.Cu
  6
CONTINUOUS
100
AcDbLine
 10
128.6633989999999983
 20
-114.2532579999999882
 30
0
 11
128.6959070000000054
 21
-114.4166850000000011
 31
0
  0
LINE
  5
2BB
330
1B
100
AcDbEntity
  8
F.Cu
  6
CONTINUOUS
100
AcDbLine
 10
128.6959070000000054
 20
-114.4166850000000011
 30
0
 11
128.6959070000000054
 21
-114.5833149999999989
 31
0
  0
LINE
  5
2BC
330
1B
100
AcDbEntity
  8
F.Cu
  6
CONTINUOUS
100
AcDbLine
 10
128.6959070000000054
 20
-114.5833149999999989
 30
0
 11
128.6633989999999983
 21
-114.7467419999999976
 31
0
  0
LINE
  5
2BD
330
1B
100
AcDbEntity
  8
F.Cu
  6
CONTINUOUS
100
AcDbLine
 10
128.6633989999999983
 20
-114.7467419999999976
 30
0
 11
128.599632999999983
 21
-114.9006869999999907
 31
0
  0
LINE
  5
2BE
330
1B
100
AcDbEntity
  8
F.Cu
  6
CONTINUOUS
100
AcDbLine
 10
128.599632999999983
 20
-114.9006869999999907
 30
0
 11
128.5070589999999982
 21
-115.0392339999999933
 31
0
  0
LINE
  5
2BF
330
1B
100
AcDbEntity
  8
F.Cu
  6
CONTINUOUS
100
AcDbLine
 10
128.5070589999999982
 20
-115.0392339999999933
 30
0
 11
128.3892339999999876
 21
-115.1570589999999896
 31
0
  0
LINE
  5
2C0
330
1B
100
AcDbEntity
  8
F.Cu
  6
CONTINUOUS
100
AcDbLine
 10
128.3892339999999876
 20
-115.1570589999999896
 30
0
 11
128.2506869999999992
 21
-115.2496329999999887
 31
0
  0
LINE
  5
2C1
330
1B
100
AcDbEntity
  8
F.Cu
  6
CONTINUOUS
100
AcDbLine
 10
128.2506869999999992
 20
-115.2496329999999887
 30
0
 11
128.0967420000000061
 21
-115.3133989999999898
 31
0
  0
LINE
  5
2C2
330
1B
100
AcDbEntity
  8
F.Cu
  6
CONTINUOUS
100
AcDbLine
 10
128.0967420000000061
 20
-115.3133989999999898
 30
0
 11
127.9333149999999932
 21
-115.3459069999999969
 31
0
  0
LINE
  5
2C3
330
1B
100
AcDbEntity
  8
F.Cu
  6
CONTINUOUS
100
AcDbLine
 10
127.9333149999999932
 20
-115.3459069999999969
 30
0
 11
127.7666849999999954
 21
-115.3459069999999969
 31
0
  0
LINE
  5
2C4
330
1B
100
AcDbEntity
  8
F.Cu
  6
CONTINUOUS
100
AcDbLine
 10
127.7666849999999954
 20
-115.3459069999999969
 30
0
 11
127.6032579999999967
 21
-115.3133989999999898
 31
0
  0
LINE
  5
2C5
330
1B
100
AcDbEntity
  8
F.Cu
  6
CONTINUOUS
100
AcDbLine
 10
127.6032579999999967
 20
-115.3133989999999898
 30
0
 11
127.4493129999999894
 21
-115.2496329999999887
 31
0
  0
LINE
  5
2C6
330
1B
100
AcDbEntity
  8
F.Cu
  6
CONTINUOUS
100
AcDbLine
 10
127.4493129999999894
 20
-115.2496329999999887
 30
0
 11
127.310766000000001
 21
-115.1570589999999896
 31
0
  0
LINE
  5
2C7
330
1B
100
AcDbEntity
  8
F.Cu
  6
CONTINUOUS
100
AcDbLine
 10
127.310766000000001
 20
-115.1570589999999896
 30
0
 11
127.1929409999999905
 21
-115.0392339999999933
 31
0
  0
LINE
  5
2C8
330
1B
100
AcDbEntity
  8
F.Cu
  6
CONTINUOUS
100
AcDbLine
 10
127.1929409999999905
 20
-115.0392339999999933
 30
0
 11
127.1003669999999914
 21
-114.9006869999999907
 31
0
  0
LINE
  5
2C9
330
1B
100
AcDbEntity
  8
F.Cu
  6
CONTINUOUS
100
AcDbLine
 10
127.1003669999999914
 20
-114.9006869999999907
 30
0
 11
127.0366009999999903
 21
-114.7467419999999976
 31
0
  0
LINE
  5
2CA
330
1B
100
AcDbEntity
  8
F.Cu
  6
CONTINUOUS
100
AcDbLine
 10
127.0366009999999903
 20
-114.7467419999999976
 30
0
 11
127.0040929999999975
 21
-114.5833149999999989
 31
0
  0
LINE
  5
2CB
330
1B
100
AcDbEntity
  8
F.Cu
  6
CONTINUOUS
100
AcDbLine
 10
127.0040929999999975
 20
-114.5833149999999989
 30
0
 11
127.0040929999999975
 21
-114.4166850000000011
 31
0
  0
LINE
  5
2CC
330
1B
100
AcDbEntity
  8
F.Cu
  6
CONTINUOUS
100
AcDbLine
 10
127.0040929999999975
 20
-114.4166850000000011
 30
0
 11
127.0366009999999903
 21
-114.2532579999999882
 31
0
  0
LINE
  5
2CD
330
1B
100
AcDbEntity
  8
F.Cu
  6
CONTINUOUS
100
AcDbLine
 10
127.0366009999999903
 20
-114.2532579999999882
 30
0
 11
127.1003669999999914
 21
-114.0993129999999951
 31
0
  0
LINE
  5
2CE
330
1B
100
AcDbEntity
  8
F.Cu
  6
CONTINUOUS
100
AcDbLine
 10
127.1003669999999914
 20
-114.0993129999999951
 30
0
 11
127.1929409999999905
 21
-113.9607659999999925
 31
0
  0
LINE
  5
2CF
330
1B
100
AcDbEntity
  8
F.Cu
  6
CONTINUOUS
100
AcDbLine
 10
127.1929409999999905
 20
-113.9607659999999925
 30
0
 11
127.310766000000001
 21
-113.8429409999999962
 31
0
  0
LINE
  5
2D0
330
1B
100
AcDbEntity
  8
F.Cu
  6
CONTINUOUS
100
AcDbLine
 10
127.310766000000001
 20
-113.8429409999999962
 30
0
 11
127.4493129999999894
 21
-113.7503669999999971
 31
0
  0
LINE
  5
2D1
330
1B
100
AcDbEntity
  8
F.Cu
  6
CONTINUOUS
100
AcDbLine
 10
127.4493129999999894
 20
-113.7503669999999971
 30
0
 11
127.6032579999999967
 21
-113.686600999999996
 31
0
  0
LINE
  5
2D2
330
1B
100
AcDbEntity
  8
F.Cu
  6
CONTINUOUS
100
AcDbLine
 10
127.6032579999999967
 20
-113.686600999999996
 30
0
 11
127.7666849999999954
 21
-113.6540929999999889
 31
0
  0
LINE
  5
2D3
330
1B
100
AcDbEntity
  8
F.Cu
  6
CONTINUOUS
100
AcDbLine
 10
127.7666849999999954
 20
-113.6540929999999889
 30
0
 11
127.9333149999999932
 21
-113.6540929999999889
 31
0
  0
LINE
  5
2D4
330
1B
100
AcDbEntity
  8
F.Cu
  6
CONTINUOUS
100
AcDbLine
 10
127.9333149999999932
 20
-113.6540929999999889
 30
0
 11
128.0967420000000061
 21
-113.686600999999996
 31
0
  0
LINE
  5
2D5
330
1B
100
AcDbEntity
  8
F.Cu
  6
CONTINUOUS
100
AcDbLine
 10
192.2322279999999921
 20
-113.2344480000000004
 30
0
 11
192.3771169999999984
 21
-113.2944629999999933
 31
0
  0
LINE
  5
2D6
330
1B
100
AcDbEntity
  8
F.Cu
  6
CONTINUOUS
100
AcDbLine
 10
192.3771169999999984
 20
-113.2944629999999933
 30
0
 11
192.5075149999999837
 21
-113.3815919999999977
 31
0
  0
LINE
  5
2D7
330
1B
100
AcDbEntity
  8
F.Cu
  6
CONTINUOUS
100
AcDbLine
 10
192.5075149999999837
 20
-113.3815919999999977
 30
0
 11
192.6184079999999881
 21
-113.4924849999999878
 31
0
  0
LINE
  5
2D8
330
1B
100
AcDbEntity
  8
F.Cu
  6
CONTINUOUS
100
AcDbLine
 10
192.6184079999999881
 20
-113.4924849999999878
 30
0
 11
192.7055369999999925
 21
-113.6228830000000016
 31
0
  0
LINE
  5
2D9
330
1B
100
AcDbEntity
  8
F.Cu
  6
CONTINUOUS
100
AcDbLine
 10
192.7055369999999925
 20
-113.6228830000000016
 30
0
 11
192.7655519999999854
 21
-113.7677719999999937
 31
0
  0
LINE
  5
2DA
330
1B
100
AcDbEntity
  8
F.Cu
  6
CONTINUOUS
100
AcDbLine
 10
192.7655519999999854
 20
-113.7677719999999937
 30
0
 11
192.7961479999999881
 21
-113.9215859999999907
 31
0
  0
LINE
  5
2DB
330
1B
100
AcDbEntity
  8
F.Cu
  6
CONTINUOUS
100
AcDbLine
 10
192.7961479999999881
 20
-113.9215859999999907
 30
0
 11
192.7961479999999881
 21
-114.0784139999999951
 31
0
  0
LINE
  5
2DC
330
1B
100
AcDbEntity
  8
F.Cu
  6
CONTINUOUS
100
AcDbLine
 10
192.7961479999999881
 20
-114.0784139999999951
 30
0
 11
192.7655519999999854
 21
-114.2322279999999921
 31
0
  0
LINE
  5
2DD
330
1B
100
AcDbEntity
  8
F.Cu
  6
CONTINUOUS
100
AcDbLine
 10
192.7655519999999854
 20
-114.2322279999999921
 30
0
 11
192.7055369999999925
 21
-114.3771169999999984
 31
0
  0
LINE
  5
2DE
330
1B
100
AcDbEntity
  8
F.Cu
  6
CONTINUOUS
100
AcDbLine
 10
192.7055369999999925
 20
-114.3771169999999984
 30
0
 11
192.6184079999999881
 21
-114.5075149999999979
 31
0
  0
LINE
  5
2DF
330
1B
100
AcDbEntity
  8
F.Cu
  6
CONTINUOUS
100
AcDbLine
 10
192.6184079999999881
 20
-114.5075149999999979
 30
0
 11
192.5075149999999837
 21
-114.6184079999999881
 31
0
  0
LINE
  5
2E0
330
1B
100
AcDbEntity
  8
F.Cu
  6
CONTINUOUS
100
AcDbLine
 10
192.5075149999999837
 20
-114.6184079999999881
 30
0
 11
192.3771169999999984
 21
-114.7055369999999925
 31
0
  0
LINE
  5
2E1
330
1B
100
AcDbEntity
  8
F.Cu
  6
CONTINUOUS
100
AcDbLine
 10
192.3771169999999984
 20
-114.7055369999999925
 30
0
 11
192.2322279999999921
 21
-114.7655519999999996
 31
0
  0
LINE
  5
2E2
330
1B
100
AcDbEntity
  8
F.Cu
  6
CONTINUOUS
100
AcDbLine
 10
192.2322279999999921
 20
-114.7655519999999996
 30
0
 11
192.0784139999999809
 21
-114.7961479999999881
 31
0
  0
LINE
  5
2E3
330
1B
100
AcDbEntity
  8
F.Cu
  6
CONTINUOUS
100
AcDbLine
 10
192.0784139999999809
 20
-114.7961479999999881
 30
0
 11
191.9215859999999907
 21
-114.7961479999999881
 31
0
  0
LINE
  5
2E4
330
1B
100
AcDbEntity
  8
F.Cu
  6
CONTINUOUS
100
AcDbLine
 10
191.9215859999999907
 20
-114.7961479999999881
 30
0
 11
191.7677719999999795
 21
-114.7655519999999996
 31
0
  0
LINE
  5
2E5
330
1B
100
AcDbEntity
  8
F.Cu
  6
CONTINUOUS
100
AcDbLine
 10
191.7677719999999795
 20
-114.7655519999999996
 30
0
 11
191.6228830000000016
 21
-114.7055369999999925
 31
0
  0
LINE
  5
2E6
330
1B
100
AcDbEntity
  8
F.Cu
  6
CONTINUOUS
100
AcDbLine
 10
191.6228830000000016
 20
-114.7055369999999925
 30
0
 11
191.4924849999999878
 21
-114.6184079999999881
 31
0
  0
LINE
  5
2E7
330
1B
100
AcDbEntity
  8
F.Cu
  6
CONTINUOUS
100
AcDbLine
 10
191.4924849999999878
 20
-114.6184079999999881
 30
0
 11
191.3815919999999835
 21
-114.5075149999999979
 31
0
  0
LINE
  5
2E8
330
1B
100
AcDbEntity
  8
F.Cu
  6
CONTINUOUS
100
AcDbLine
 10
191.3815919999999835
 20
-114.5075149999999979
 30
0
 11
191.294462999999979
 21
-114.3771169999999984
 31
0
  0
LINE
  5
2E9
330
1B
100
AcDbEntity
  8
F.Cu
  6
CONTINUOUS
100
AcDbLine
 10
191.294462999999979
 20
-114.3771169999999984
 30
0
 11
191.2344479999999862
 21
-114.2322279999999921
 31
0
  0
LINE
  5
2EA
330
1B
100
AcDbEntity
  8
F.Cu
  6
CONTINUOUS
100
AcDbLine
 10
191.2344479999999862
 20
-114.2322279999999921
 30
0
 11
191.2038519999999835
 21
-114.0784139999999951
 31
0
  0
LINE
  5
2EB
330
1B
100
AcDbEntity
  8
F.Cu
  6
CONTINUOUS
100
AcDbLine
 10
191.2038519999999835
 20
-114.0784139999999951
 30
0
 11
191.2038519999999835
 21
-113.9215859999999907
 31
0
  0
LINE
  5
2EC
330
1B
100
AcDbEntity
  8
F.Cu
  6
CONTINUOUS
100
AcDbLine
 10
191.2038519999999835
 20
-113.9215859999999907
 30
0
 11
191.2344479999999862
 21
-113.7677719999999937
 31
0
  0
LINE
  5
2ED
330
1B
100
AcDbEntity
  8
F.Cu
  6
CONTINUOUS
100
AcDbLine
 10
191.2344479999999862
 20
-113.7677719999999937
 30
0
 11
191.294462999999979
 21
-113.6228830000000016
 31
0
  0
LINE
  5
2EE
330
1B
100
AcDbEntity
  8
F.Cu
  6
CONTINUOUS
100
AcDbLine
 10
191.294462999999979
 20
-113.6228830000000016
 30
0
 11
191.3815919999999835
 21
-113.4924849999999878
 31
0
  0
LINE
  5
2EF
330
1B
100
AcDbEntity
  8
F.Cu
  6
CONTINUOUS
100
AcDbLine
 10
191.3815919999999835
 20
-113.4924849999999878
 30
0
 11
191.4924849999999878
 21
-113.3815919999999977
 31
0
  0
LINE
  5
2F0
330
1B
100
AcDbEntity
  8
F.Cu
  6
CONTINUOUS
100
AcDbLine
 10
191.4924849999999878
 20
-113.3815919999999977
 30
0
 11
191.6228830000000016
 21
-113.2944629999999933
 31
0
  0
LINE
  5
2F1
330
1B
100
AcDbEntity
  8
F.Cu
  6
CONTINUOUS
100
AcDbLine
 10
191.6228830000000016
 20
-113.2944629999999933
 30
0
 11
191.7677719999999795
 21
-113.2344480000000004
 31
0
  0
LINE
  5
2F2
330
1B
100
AcDbEntity
  8
F.Cu
  6
CONTINUOUS
100
AcDbLine
 10
191.7677719999999795
 20
-113.2344480000000004
 30
0
 11
191.9215859999999907
 21
-113.2038519999999977
 31
0
  0
LINE
  5
2F3
330
1B
100
AcDbEntity
  8
F.Cu
  6
CONTINUOUS
100
AcDbLine
 10
191.9215859999999907
 20
-113.2038519999999977
 30
0
 11
192.0784139999999809
 21
-113.2038519999999977
 31
0
  0
LINE
  5
2F4
330
1B
100
AcDbEntity
  8
F.Cu
  6
CONTINUOUS
100
AcDbLine
 10
192.0784139999999809
 20
-113.2038519999999977
 30
0
 11
192.2322279999999921
 21
-113.2344480000000004
 31
0
  0
LINE
  5
2F5
330
1B
100
AcDbEntity
  8
F.Cu
  6
CONTINUOUS
100
AcDbLine
 10
171.8456709999999816
 20
-112.38673
 30
0
 11
171.9267769999999871
 21
-112.440922999999998
 31
0
  0
LINE
  5
2F6
330
1B
100
AcDbEntity
  8
F.Cu
  6
CONTINUOUS
100
AcDbLine
 10
171.9267769999999871
 20
-112.440922999999998
 30
0
 11
171.980969999999985
 21
-112.5220289999999892
 31
0
  0
LINE
  5
2F7
330
1B
100
AcDbEntity
  8
F.Cu
  6
CONTINUOUS
100
AcDbLine
 10
171.980969999999985
 20
-112.5220289999999892
 30
0
 11
172.
 21
-112.6176999999999992
 31
0
  0
LINE
  5
2F8
330
1B
100
AcDbEntity
  8
F.Cu
  6
CONTINUOUS
100
AcDbLine
 10
172.
 20
-112.6176999999999992
 30
0
 11
172.
 21
-114.1176999999999992
 31
0
  0
LINE
  5
2F9
330
1B
100
AcDbEntity
  8
F.Cu
  6
CONTINUOUS
100
AcDbLine
 10
172.
 20
-114.1176999999999992
 30
0
 11
171.980969999999985
 21
-114.2133709999999951
 31
0
  0
LINE
  5
2FA
330
1B
100
AcDbEntity
  8
F.Cu
  6
CONTINUOUS
100
AcDbLine
 10
171.980969999999985
 20
-114.2133709999999951
 30
0
 11
171.9267769999999871
 21
-114.2944770000000005
 31
0
  0
LINE
  5
2FB
330
1B
100
AcDbEntity
  8
F.Cu
  6
CONTINUOUS
100
AcDbLine
 10
171.9267769999999871
 20
-114.2944770000000005
 30
0
 11
171.8456709999999816
 21
-114.3486699999999985
 31
0
  0
LINE
  5
2FC
330
1B
100
AcDbEntity
  8
F.Cu
  6
CONTINUOUS
100
AcDbLine
 10
171.8456709999999816
 20
-114.3486699999999985
 30
0
 11
171.75
 21
-114.3676999999999992
 31
0
  0
LINE
  5
2FD
330
1B
100
AcDbEntity
  8
F.Cu
  6
CONTINUOUS
100
AcDbLine
 10
171.75
 20
-114.3676999999999992
 30
0
 11
170.25
 21
-114.3676999999999992
 31
0
  0
LINE
  5
2FE
330
1B
100
AcDbEntity
  8
F.Cu
  6
CONTINUOUS
100
AcDbLine
 10
170.25
 20
-114.3676999999999992
 30
0
 11
170.1543289999999899
 21
-114.3486699999999985
 31
0
  0
LINE
  5
2FF
330
1B
100
AcDbEntity
  8
F.Cu
  6
CONTINUOUS
100
AcDbLine
 10
170.1543289999999899
 20
-114.3486699999999985
 30
0
 11
170.0732229999999845
 21
-114.2944770000000005
 31
0
  0
LINE
  5
300
330
1B
100
AcDbEntity
  8
F.Cu
  6
CONTINUOUS
100
AcDbLine
 10
170.0732229999999845
 20
-114.2944770000000005
 30
0
 11
170.0190299999999866
 21
-114.2133709999999951
 31
0
  0
LINE
  5
301
330
1B
100
AcDbEntity
  8
F.Cu
  6
CONTINUOUS
100
AcDbLine
 10
170.0190299999999866
 20
-114.2133709999999951
 30
0
 11
170.
 21
-114.1176999999999992
 31
0
  0
LINE
  5
302
330
1B
100
AcDbEntity
  8
F.Cu
  6
CONTINUOUS
100
AcDbLine
 10
170.
 20
-114.1176999999999992
 30
0
 11
170.
 21
-112.6176999999999992
 31
0
  0
LINE
  5
303
330
1B
100
AcDbEntity
  8
F.Cu
  6
CONTINUOUS
100
AcDbLine
 10
170.
 20
-112.6176999999999992
 30
0
 11
170.0190299999999866
 21
-112.5220289999999892
 31
0
  0
LINE
  5
304
330
1B
100
AcDbEntity
  8
F.Cu
  6
CONTINUOUS
100
AcDbLine
 10
170.0190299999999866
 20
-112.5220289999999892
 30
0
 11
170.0732229999999845
 21
-112.440922999999998
 31
0
  0
LINE
  5
305
330
1B
100
AcDbEntity
  8
F.Cu
  6
CONTINUOUS
100
AcDbLine
 10
170.0732229999999845
 20
-112.440922999999998
 30
0
 11
170.1543289999999899
 21
-112.38673
 31
0
  0
LINE
  5
306
330
1B
100
AcDbEntity
  8
F.Cu
  6
CONTINUOUS
100
AcDbLine
 10
170.1543289999999899
 20
-112.38673
 30
0
 11
170.25
 21
-112.3676999999999992
 31
0
  0
LINE
  5
307
330
1B
100
AcDbEntity
  8
F.Cu
  6
CONTINUOUS
100
AcDbLine
 10
170.25
 20
-112.3676999999999992
 30
0
 11
171.75
 21
-112.3676999999999992
 31
0
  0
LINE
  5
308
330
1B
100
AcDbEntity
  8
F.Cu
  6
CONTINUOUS
100
AcDbLine
 10
171.75
 20
-112.3676999999999992
 30
0
 11
171.8456709999999816
 21
-112.38673
 31
0
  0
LINE
  5
309
330
1B
100
AcDbEntity
  8
F.Cu
  6
CONTINUOUS
100
AcDbLine
 10
171.290284999999983
 20
-107.4107599999999962
 30
0
 11
171.4713969999999961
 21
-107.4857789999999937
 31
0
  0
LINE
  5
30A
330
1B
100
AcDbEntity
  8
F.Cu
  6
CONTINUOUS
100
AcDbLine
 10
171.4713969999999961
 20
-107.4857789999999937
 30
0
 11
171.6343929999999887
 21
-107.5946899999999999
 31
0
  0
LINE
  5
30B
330
1B
100
AcDbEntity
  8
F.Cu
  6
CONTINUOUS
100
AcDbLine
 10
171.6343929999999887
 20
-107.5946899999999999
 30
0
 11
171.7730099999999993
 21
-107.7333069999999964
 31
0
  0
LINE
  5
30C
330
1B
100
AcDbEntity
  8
F.Cu
  6
CONTINUOUS
100
AcDbLine
 10
171.7730099999999993
 20
-107.7333069999999964
 30
0
 11
171.8819210000000055
 21
-107.896302999999989
 31
0
  0
LINE
  5
30D
330
1B
100
AcDbEntity
  8
F.Cu
  6
CONTINUOUS
100
AcDbLine
 10
171.8819210000000055
 20
-107.896302999999989
 30
0
 11
171.956940000000003
 21
-108.077415000000002
 31
0
  0
LINE
  5
30E
330
1B
100
AcDbEntity
  8
F.Cu
  6
CONTINUOUS
100
AcDbLine
 10
171.956940000000003
 20
-108.077415000000002
 30
0
 11
171.9951849999999922
 21
-108.2696830000000006
 31
0
  0
LINE
  5
30F
330
1B
100
AcDbEntity
  8
F.Cu
  6
CONTINUOUS
100
AcDbLine
 10
171.9951849999999922
 20
-108.2696830000000006
 30
0
 11
171.9951849999999922
 21
-108.4657169999999979
 31
0
  0
LINE
  5
310
330
1B
100
AcDbEntity
  8
F.Cu
  6
CONTINUOUS
100
AcDbLine
 10
171.9951849999999922
 20
-108.4657169999999979
 30
0
 11
171.956940000000003
 21
-108.6579849999999965
 31
0
  0
LINE
  5
311
330
1B
100
AcDbEntity
  8
F.Cu
  6
CONTINUOUS
100
AcDbLine
 10
171.956940000000003
 20
-108.6579849999999965
 30
0
 11
171.8819210000000055
 21
-108.8390969999999953
 31
0
  0
LINE
  5
312
330
1B
100
AcDbEntity
  8
F.Cu
  6
CONTINUOUS
100
AcDbLine
 10
171.8819210000000055
 20
-108.8390969999999953
 30
0
 11
171.7730099999999993
 21
-109.0020930000000021
 31
0
  0
LINE
  5
313
330
1B
100
AcDbEntity
  8
F.Cu
  6
CONTINUOUS
100
AcDbLine
 10
171.7730099999999993
 20
-109.0020930000000021
 30
0
 11
171.6343929999999887
 21
-109.1407099999999986
 31
0
  0
LINE
  5
314
330
1B
100
AcDbEntity
  8
F.Cu
  6
CONTINUOUS
100
AcDbLine
 10
171.6343929999999887
 20
-109.1407099999999986
 30
0
 11
171.4713969999999961
 21
-109.2496209999999905
 31
0
  0
LINE
  5
315
330
1B
100
AcDbEntity
  8
F.Cu
  6
CONTINUOUS
100
AcDbLine
 10
171.4713969999999961
 20
-109.2496209999999905
 30
0
 11
171.290284999999983
 21
-109.324639999999988
 31
0
  0
LINE
  5
316
330
1B
100
AcDbEntity
  8
F.Cu
  6
CONTINUOUS
100
AcDbLine
 10
171.290284999999983
 20
-109.324639999999988
 30
0
 11
171.0980169999999987
 21
-109.3628849999999915
 31
0
  0
LINE
  5
317
330
1B
100
AcDbEntity
  8
F.Cu
  6
CONTINUOUS
100
AcDbLine
 10
171.0980169999999987
 20
-109.3628849999999915
 30
0
 11
170.9019830000000013
 21
-109.3628849999999915
 31
0
  0
LINE
  5
318
330
1B
100
AcDbEntity
  8
F.Cu
  6
CONTINUOUS
100
AcDbLine
 10
170.9019830000000013
 20
-109.3628849999999915
 30
0
 11
170.7097149999999885
 21
-109.324639999999988
 31
0
  0
LINE
  5
319
330
1B
100
AcDbEntity
  8
F.Cu
  6
CONTINUOUS
100
AcDbLine
 10
170.7097149999999885
 20
-109.324639999999988
 30
0
 11
170.5286030000000039
 21
-109.2496209999999905
 31
0
  0
LINE
  5
31A
330
1B
100
AcDbEntity
  8
F.Cu
  6
CONTINUOUS
100
AcDbLine
 10
170.5286030000000039
 20
-109.2496209999999905
 30
0
 11
170.3656069999999829
 21
-109.1407099999999986
 31
0
  0
LINE
  5
31B
330
1B
100
AcDbEntity
  8
F.Cu
  6
CONTINUOUS
100
AcDbLine
 10
170.3656069999999829
 20
-109.1407099999999986
 30
0
 11
170.2269900000000007
 21
-109.0020930000000021
 31
0
  0
LINE
  5
31C
330
1B
100
AcDbEntity
  8
F.Cu
  6
CONTINUOUS
100
AcDbLine
 10
170.2269900000000007
 20
-109.0020930000000021
 30
0
 11
170.1180789999999945
 21
-108.8390969999999953
 31
0
  0
LINE
  5
31D
330
1B
100
AcDbEntity
  8
F.Cu
  6
CONTINUOUS
100
AcDbLine
 10
170.1180789999999945
 20
-108.8390969999999953
 30
0
 11
170.043059999999997
 21
-108.6579849999999965
 31
0
  0
LINE
  5
31E
330
1B
100
AcDbEntity
  8
F.Cu
  6
CONTINUOUS
100
AcDbLine
 10
170.043059999999997
 20
-108.6579849999999965
 30
0
 11
170.0048149999999794
 21
-108.4657169999999979
 31
0
  0
LINE
  5
31F
330
1B
100
AcDbEntity
  8
F.Cu
  6
CONTINUOUS
100
AcDbLine
 10
170.0048149999999794
 20
-108.4657169999999979
 30
0
 11
170.0048149999999794
 21
-108.2696830000000006
 31
0
  0
LINE
  5
320
330
1B
100
AcDbEntity
  8
F.Cu
  6
CONTINUOUS
100
AcDbLine
 10
170.0048149999999794
 20
-108.2696830000000006
 30
0
 11
170.043059999999997
 21
-108.077415000000002
 31
0
  0
LINE
  5
321
330
1B
100
AcDbEntity
  8
F.Cu
  6
CONTINUOUS
100
AcDbLine
 10
170.043059999999997
 20
-108.077415000000002
 30
0
 11
170.1180789999999945
 21
-107.896302999999989
 31
0
  0
LINE
  5
322
330
1B
100
AcDbEntity
  8
F.Cu
  6
CONTINUOUS
100
AcDbLine
 10
170.1180789999999945
 20
-107.896302999999989
 30
0
 11
170.2269900000000007
 21
-107.7333069999999964
 31
0
  0
LINE
  5
323
330
1B
100
AcDbEntity
  8
F.Cu
  6
CONTINUOUS
100
AcDbLine
 10
170.2269900000000007
 20
-107.7333069999999964
 30
0
 11
170.3656069999999829
 21
-107.5946899999999999
 31
0
  0
LINE
  5
324
330
1B
100
AcDbEntity
  8
F.Cu
  6
CONTINUOUS
100
AcDbLine
 10
170.3656069999999829
 20
-107.5946899999999999
 30
0
 11
170.5286030000000039
 21
-107.4857789999999937
 31
0
  0
LINE
  5
325
330
1B
100
AcDbEntity
  8
F.Cu
  6
CONTINUOUS
100
AcDbLine
 10
170.5286030000000039
 20
-107.4857789999999937
 30
0
 11
170.7097149999999885
 21
-107.4107599999999962
 31
0
  0
LINE
  5
326
330
1B
100
AcDbEntity
  8
F.Cu
  6
CONTINUOUS
100
AcDbLine
 10
170.7097149999999885
 20
-107.4107599999999962
 30
0
 11
170.9019830000000013
 21
-107.3725149999999928
 31
0
  0
LINE
  5
327
330
1B
100
AcDbEntity
  8
F.Cu
  6
CONTINUOUS
100
AcDbLine
 10
170.9019830000000013
 20
-107.3725149999999928
 30
0
 11
171.0980169999999987
 21
-107.3725149999999928
 31
0
  0
LINE
  5
328
330
1B
100
AcDbEntity
  8
F.Cu
  6
CONTINUOUS
100
AcDbLine
 10
171.0980169999999987
 20
-107.3725149999999928
 30
0
 11
171.290284999999983
 21
-107.4107599999999962
 31
0
  0
LINE
  5
329
330
1B
100
AcDbEntity
  8
F.Cu
  6
CONTINUOUS
100
AcDbLine
 10
193.8456709999999816
 20
-104.88673
 30
0
 11
193.9267769999999871
 21
-104.940922999999998
 31
0
  0
LINE
  5
32A
330
1B
100
AcDbEntity
  8
F.Cu
  6
CONTINUOUS
100
AcDbLine
 10
193.9267769999999871
 20
-104.940922999999998
 30
0
 11
193.980969999999985
 21
-105.0220289999999892
 31
0
  0
LINE
  5
32B
330
1B
100
AcDbEntity
  8
F.Cu
  6
CONTINUOUS
100
AcDbLine
 10
193.980969999999985
 20
-105.0220289999999892
 30
0
 11
194.
 21
-105.1176999999999992
 31
0
  0
LINE
  5
32C
330
1B
100
AcDbEntity
  8
F.Cu
  6
CONTINUOUS
100
AcDbLine
 10
194.
 20
-105.1176999999999992
 30
0
 11
194.
 21
-106.6176999999999992
 31
0
  0
LINE
  5
32D
330
1B
100
AcDbEntity
  8
F.Cu
  6
CONTINUOUS
100
AcDbLine
 10
194.
 20
-106.6176999999999992
 30
0
 11
193.980969999999985
 21
-106.7133709999999951
 31
0
  0
LINE
  5
32E
330
1B
100
AcDbEntity
  8
F.Cu
  6
CONTINUOUS
100
AcDbLine
 10
193.980969999999985
 20
-106.7133709999999951
 30
0
 11
193.9267769999999871
 21
-106.7944770000000005
 31
0
  0
LINE
  5
32F
330
1B
100
AcDbEntity
  8
F.Cu
  6
CONTINUOUS
100
AcDbLine
 10
193.9267769999999871
 20
-106.7944770000000005
 30
0
 11
193.8456709999999816
 21
-106.8486699999999985
 31
0
  0
LINE
  5
330
330
1B
100
AcDbEntity
  8
F.Cu
  6
CONTINUOUS
100
AcDbLine
 10
193.8456709999999816
 20
-106.8486699999999985
 30
0
 11
193.75
 21
-106.8676999999999992
 31
0
  0
LINE
  5
331
330
1B
100
AcDbEntity
  8
F.Cu
  6
CONTINUOUS
100
AcDbLine
 10
193.75
 20
-106.8676999999999992
 30
0
 11
192.25
 21
-106.8676999999999992
 31
0
  0
LINE
  5
332
330
1B
100
AcDbEntity
  8
F.Cu
  6
CONTINUOUS
100
AcDbLine
 10
192.25
 20
-106.8676999999999992
 30
0
 11
192.1543289999999899
 21
-106.8486699999999985
 31
0
  0
LINE
  5
333
330
1B
100
AcDbEntity
  8
F.Cu
  6
CONTINUOUS
100
AcDbLine
 10
192.1543289999999899
 20
-106.8486699999999985
 30
0
 11
192.0732229999999845
 21
-106.7944770000000005
 31
0
  0
LINE
  5
334
330
1B
100
AcDbEntity
  8
F.Cu
  6
CONTINUOUS
100
AcDbLine
 10
192.0732229999999845
 20
-106.7944770000000005
 30
0
 11
192.0190299999999866
 21
-106.7133709999999951
 31
0
  0
LINE
  5
335
330
1B
100
AcDbEntity
  8
F.Cu
  6
CONTINUOUS
100
AcDbLine
 10
192.0190299999999866
 20
-106.7133709999999951
 30
0
 11
192.
 21
-106.6176999999999992
 31
0
  0
LINE
  5
336
330
1B
100
AcDbEntity
  8
F.Cu
  6
CONTINUOUS
100
AcDbLine
 10
192.
 20
-106.6176999999999992
 30
0
 11
192.
 21
-105.1176999999999992
 31
0
  0
LINE
  5
337
330
1B
100
AcDbEntity
  8
F.Cu
  6
CONTINUOUS
100
AcDbLine
 10
192.
 20
-105.1176999999999992
 30
0
 11
192.0190299999999866
 21
-105.0220289999999892
 31
0
  0
LINE
  5
338
330
1B
100
AcDbEntity
  8
F.Cu
  6
CONTINUOUS
100
AcDbLine
 10
192.0190299999999866
 20
-105.0220289999999892
 30
0
 11
192.0732229999999845
 21
-104.940922999999998
 31
0
  0
LINE
  5
339
330
1B
100
AcDbEntity
  8
F.Cu
  6
CONTINUOUS
100
AcDbLine
 10
192.0732229999999845
 20
-104.940922999999998
 30
0
 11
192.1543289999999899
 21
-104.88673
 31
0
  0
LINE
  5
33A
330
1B
100
AcDbEntity
  8
F.Cu
  6
CONTINUOUS
100
AcDbLine
 10
192.1543289999999899
 20
-104.88673
 30
0
 11
192.25
 21
-104.8676999999999992
 31
0
  0
LINE
  5
33B
330
1B
100
AcDbEntity
  8
F.Cu
  6
CONTINUOUS
100
AcDbLine
 10
192.25
 20
-104.8676999999999992
 30
0
 11
193.75
 21
-104.8676999999999992
 31
0
  0
LINE
  5
33C
330
1B
100
AcDbEntity
  8
F.Cu
  6
CONTINUOUS
100
AcDbLine
 10
193.75
 20
-104.8676999999999992
 30
0
 11
193.8456709999999816
 21
-104.88673
 31
0
  0
LINE
  5
33D
330
1B
100
AcDbEntity
  8
F.Cu
  6
CONTINUOUS
100
AcDbLine
 10
105.2467419999999976
 20
-105.0366009999999903
 30
0
 11
105.4006869999999907
 21
-105.1003669999999914
 31
0
  0
LINE
  5
33E
330
1B
100
AcDbEntity
  8
F.Cu
  6
CONTINUOUS
100
AcDbLine
 10
105.4006869999999907
 20
-105.1003669999999914
 30
0
 11
105.5392339999999933
 21
-105.1929409999999905
 31
0
  0
LINE
  5
33F
330
1B
100
AcDbEntity
  8
F.Cu
  6
CONTINUOUS
100
AcDbLine
 10
105.5392339999999933
 20
-105.1929409999999905
 30
0
 11
105.6570589999999896
 21
-105.310766000000001
 31
0
  0
LINE
  5
340
330
1B
100
AcDbEntity
  8
F.Cu
  6
CONTINUOUS
100
AcDbLine
 10
105.6570589999999896
 20
-105.310766000000001
 30
0
 11
105.7496329999999887
 21
-105.4493129999999894
 31
0
  0
LINE
  5
341
330
1B
100
AcDbEntity
  8
F.Cu
  6
CONTINUOUS
100
AcDbLine
 10
105.7496329999999887
 20
-105.4493129999999894
 30
0
 11
105.8133989999999898
 21
-105.6032579999999967
 31
0
  0
LINE
  5
342
330
1B
100
AcDbEntity
  8
F.Cu
  6
CONTINUOUS
100
AcDbLine
 10
105.8133989999999898
 20
-105.6032579999999967
 30
0
 11
105.8459069999999969
 21
-105.7666849999999954
 31
0
  0
LINE
  5
343
330
1B
100
AcDbEntity
  8
F.Cu
  6
CONTINUOUS
100
AcDbLine
 10
105.8459069999999969
 20
-105.7666849999999954
 30
0
 11
105.8459069999999969
 21
-105.9333149999999932
 31
0
  0
LINE
  5
344
330
1B
100
AcDbEntity
  8
F.Cu
  6
CONTINUOUS
100
AcDbLine
 10
105.8459069999999969
 20
-105.9333149999999932
 30
0
 11
105.8133989999999898
 21
-106.0967419999999919
 31
0
  0
LINE
  5
345
330
1B
100
AcDbEntity
  8
F.Cu
  6
CONTINUOUS
100
AcDbLine
 10
105.8133989999999898
 20
-106.0967419999999919
 30
0
 11
105.7496329999999887
 21
-106.2506869999999992
 31
0
  0
LINE
  5
346
330
1B
100
AcDbEntity
  8
F.Cu
  6
CONTINUOUS
100
AcDbLine
 10
105.7496329999999887
 20
-106.2506869999999992
 30
0
 11
105.6570589999999896
 21
-106.3892340000000019
 31
0
  0
LINE
  5
347
330
1B
100
AcDbEntity
  8
F.Cu
  6
CONTINUOUS
100
AcDbLine
 10
105.6570589999999896
 20
-106.3892340000000019
 30
0
 11
105.5392339999999933
 21
-106.5070589999999982
 31
0
  0
LINE
  5
348
330
1B
100
AcDbEntity
  8
F.Cu
  6
CONTINUOUS
100
AcDbLine
 10
105.5392339999999933
 20
-106.5070589999999982
 30
0
 11
105.4006869999999907
 21
-106.5996329999999972
 31
0
  0
LINE
  5
349
330
1B
100
AcDbEntity
  8
F.Cu
  6
CONTINUOUS
100
AcDbLine
 10
105.4006869999999907
 20
-106.5996329999999972
 30
0
 11
105.2467419999999976
 21
-106.6633989999999983
 31
0
  0
LINE
  5
34A
330
1B
100
AcDbEntity
  8
F.Cu
  6
CONTINUOUS
100
AcDbLine
 10
105.2467419999999976
 20
-106.6633989999999983
 30
0
 11
105.0833149999999989
 21
-106.6959069999999912
 31
0
  0
LINE
  5
34B
330
1B
100
AcDbEntity
  8
F.Cu
  6
CONTINUOUS
100
AcDbLine
 10
105.0833149999999989
 20
-106.6959069999999912
 30
0
 11
104.9166850000000011
 21
-106.6959069999999912
 31
0
  0
LINE
  5
34C
330
1B
100
AcDbEntity
  8
F.Cu
  6
CONTINUOUS
100
AcDbLine
 10
104.9166850000000011
 20
-106.6959069999999912
 30
0
 11
104.7532579999999882
 21
-106.6633989999999983
 31
0
  0
LINE
  5
34D
330
1B
100
AcDbEntity
  8
F.Cu
  6
CONTINUOUS
100
AcDbLine
 10
104.7532579999999882
 20
-106.6633989999999983
 30
0
 11
104.5993129999999951
 21
-106.5996329999999972
 31
0
  0
LINE
  5
34E
330
1B
100
AcDbEntity
  8
F.Cu
  6
CONTINUOUS
100
AcDbLine
 10
104.5993129999999951
 20
-106.5996329999999972
 30
0
 11
104.4607659999999925
 21
-106.5070589999999982
 31
0
  0
LINE
  5
34F
330
1B
100
AcDbEntity
  8
F.Cu
  6
CONTINUOUS
100
AcDbLine
 10
104.4607659999999925
 20
-106.5070589999999982
 30
0
 11
104.3429409999999962
 21
-106.3892340000000019
 31
0
  0
LINE
  5
350
330
1B
100
AcDbEntity
  8
F.Cu
  6
CONTINUOUS
100
AcDbLine
 10
104.3429409999999962
 20
-106.3892340000000019
 30
0
 11
104.2503669999999971
 21
-106.2506869999999992
 31
0
  0
LINE
  5
351
330
1B
100
AcDbEntity
  8
F.Cu
  6
CONTINUOUS
100
AcDbLine
 10
104.2503669999999971
 20
-106.2506869999999992
 30
0
 11
104.186600999999996
 21
-106.0967419999999919
 31
0
  0
LINE
  5
352
330
1B
100
AcDbEntity
  8
F.Cu
  6
CONTINUOUS
100
AcDbLine
 10
104.186600999999996
 20
-106.0967419999999919
 30
0
 11
104.1540929999999889
 21
-105.9333149999999932
 31
0
  0
LINE
  5
353
330
1B
100
AcDbEntity
  8
F.Cu
  6
CONTINUOUS
100
AcDbLine
 10
104.1540929999999889
 20
-105.9333149999999932
 30
0
 11
104.1540929999999889
 21
-105.7666849999999954
 31
0
  0
LINE
  5
354
330
1B
100
AcDbEntity
  8
F.Cu
  6
CONTINUOUS
100
AcDbLine
 10
104.1540929999999889
 20
-105.7666849999999954
 30
0
 11
104.186600999999996
 21
-105.6032579999999967
 31
0
  0
LINE
  5
355
330
1B
100
AcDbEntity
  8
F.Cu
  6
CONTINUOUS
100
AcDbLine
 10
104.186600999999996
 20
-105.6032579999999967
 30
0
 11
104.2503669999999971
 21
-105.4493129999999894
 31
0
  0
LINE
  5
356
330
1B
100
AcDbEntity
  8
F.Cu
  6
CONTINUOUS
100
AcDbLine
 10
104.2503669999999971
 20
-105.4493129999999894
 30
0
 11
104.3429409999999962
 21
-105.310766000000001
 31
0
  0
LINE
  5
357
330
1B
100
AcDbEntity
  8
F.Cu
  6
CONTINUOUS
100
AcDbLine
 10
104.3429409999999962
 20
-105.310766000000001
 30
0
 11
104.4607659999999925
 21
-105.1929409999999905
 31
0
  0
LINE
  5
358
330
1B
100
AcDbEntity
  8
F.Cu
  6
CONTINUOUS
100
AcDbLine
 10
104.4607659999999925
 20
-105.1929409999999905
 30
0
 11
104.5993129999999951
 21
-105.1003669999999914
 31
0
  0
LINE
  5
359
330
1B
100
AcDbEntity
  8
F.Cu
  6
CONTINUOUS
100
AcDbLine
 10
104.5993129999999951
 20
-105.1003669999999914
 30
0
 11
104.7532579999999882
 21
-105.0366009999999903
 31
0
  0
LINE
  5
35A
330
1B
100
AcDbEntity
  8
F.Cu
  6
CONTINUOUS
100
AcDbLine
 10
104.7532579999999882
 20
-105.0366009999999903
 30
0
 11
104.9166850000000011
 21
-105.0040929999999975
 31
0
  0
LINE
  5
35B
330
1B
100
AcDbEntity
  8
F.Cu
  6
CONTINUOUS
100
AcDbLine
 10
104.9166850000000011
 20
-105.0040929999999975
 30
0
 11
105.0833149999999989
 21
-105.0040929999999975
 31
0
  0
LINE
  5
35C
330
1B
100
AcDbEntity
  8
F.Cu
  6
CONTINUOUS
100
AcDbLine
 10
105.0833149999999989
 20
-105.0040929999999975
 30
0
 11
105.2467419999999976
 21
-105.0366009999999903
 31
0
  0
LINE
  5
35D
330
1B
100
AcDbEntity
  8
F.Cu
  6
CONTINUOUS
100
AcDbLine
 10
124.0352849999999876
 20
-104.043059999999997
 30
0
 11
124.2163970000000006
 21
-104.1180789999999945
 31
0
  0
LINE
  5
35E
330
1B
100
AcDbEntity
  8
F.Cu
  6
CONTINUOUS
100
AcDbLine
 10
124.2163970000000006
 20
-104.1180789999999945
 30
0
 11
124.3793929999999932
 21
-104.2269900000000007
 31
0
  0
LINE
  5
35F
330
1B
100
AcDbEntity
  8
F.Cu
  6
CONTINUOUS
100
AcDbLine
 10
124.3793929999999932
 20
-104.2269900000000007
 30
0
 11
124.5180099999999896
 21
-104.3656069999999971
 31
0
  0
LINE
  5
360
330
1B
100
AcDbEntity
  8
F.Cu
  6
CONTINUOUS
100
AcDbLine
 10
124.5180099999999896
 20
-104.3656069999999971
 30
0
 11
124.6269209999999958
 21
-104.5286029999999897
 31
0
  0
LINE
  5
361
330
1B
100
AcDbEntity
  8
F.Cu
  6
CONTINUOUS
100
AcDbLine
 10
124.6269209999999958
 20
-104.5286029999999897
 30
0
 11
124.7019399999999933
 21
-104.7097149999999885
 31
0
  0
LINE
  5
362
330
1B
100
AcDbEntity
  8
F.Cu
  6
CONTINUOUS
100
AcDbLine
 10
124.7019399999999933
 20
-104.7097149999999885
 30
0
 11
124.7401849999999968
 21
-104.9019830000000013
 31
0
  0
LINE
  5
363
330
1B
100
AcDbEntity
  8
F.Cu
  6
CONTINUOUS
100
AcDbLine
 10
124.7401849999999968
 20
-104.9019830000000013
 30
0
 11
124.7401849999999968
 21
-105.0980169999999987
 31
0
  0
LINE
  5
364
330
1B
100
AcDbEntity
  8
F.Cu
  6
CONTINUOUS
100
AcDbLine
 10
124.7401849999999968
 20
-105.0980169999999987
 30
0
 11
124.7019399999999933
 21
-105.2902849999999972
 31
0
  0
LINE
  5
365
330
1B
100
AcDbEntity
  8
F.Cu
  6
CONTINUOUS
100
AcDbLine
 10
124.7019399999999933
 20
-105.2902849999999972
 30
0
 11
124.6269209999999958
 21
-105.4713969999999961
 31
0
  0
LINE
  5
366
330
1B
100
AcDbEntity
  8
F.Cu
  6
CONTINUOUS
100
AcDbLine
 10
124.6269209999999958
 20
-105.4713969999999961
 30
0
 11
124.5180099999999896
 21
-105.6343929999999887
 31
0
  0
LINE
  5
367
330
1B
100
AcDbEntity
  8
F.Cu
  6
CONTINUOUS
100
AcDbLine
 10
124.5180099999999896
 20
-105.6343929999999887
 30
0
 11
124.3793929999999932
 21
-105.7730099999999993
 31
0
  0
LINE
  5
368
330
1B
100
AcDbEntity
  8
F.Cu
  6
CONTINUOUS
100
AcDbLine
 10
124.3793929999999932
 20
-105.7730099999999993
 30
0
 11
124.2163970000000006
 21
-105.8819209999999913
 31
0
  0
LINE
  5
369
330
1B
100
AcDbEntity
  8
F.Cu
  6
CONTINUOUS
100
AcDbLine
 10
124.2163970000000006
 20
-105.8819209999999913
 30
0
 11
124.0352849999999876
 21
-105.9569399999999888
 31
0
  0
LINE
  5
36A
330
1B
100
AcDbEntity
  8
F.Cu
  6
CONTINUOUS
100
AcDbLine
 10
124.0352849999999876
 20
-105.9569399999999888
 30
0
 11
123.843016999999989
 21
-105.9951849999999922
 31
0
  0
LINE
  5
36B
330
1B
100
AcDbEntity
  8
F.Cu
  6
CONTINUOUS
100
AcDbLine
 10
123.843016999999989
 20
-105.9951849999999922
 30
0
 11
123.6469829999999916
 21
-105.9951849999999922
 31
0
  0
LINE
  5
36C
330
1B
100
AcDbEntity
  8
F.Cu
  6
CONTINUOUS
100
AcDbLine
 10
123.6469829999999916
 20
-105.9951849999999922
 30
0
 11
123.4547149999999931
 21
-105.9569399999999888
 31
0
  0
LINE
  5
36D
330
1B
100
AcDbEntity
  8
F.Cu
  6
CONTINUOUS
100
AcDbLine
 10
123.4547149999999931
 20
-105.9569399999999888
 30
0
 11
123.2736029999999943
 21
-105.8819209999999913
 31
0
  0
LINE
  5
36E
330
1B
100
AcDbEntity
  8
F.Cu
  6
CONTINUOUS
100
AcDbLine
 10
123.2736029999999943
 20
-105.8819209999999913
 30
0
 11
123.1106069999999875
 21
-105.7730099999999993
 31
0
  0
LINE
  5
36F
330
1B
100
AcDbEntity
  8
F.Cu
  6
CONTINUOUS
100
AcDbLine
 10
123.1106069999999875
 20
-105.7730099999999993
 30
0
 11
122.971989999999991
 21
-105.6343929999999887
 31
0
  0
LINE
  5
370
330
1B
100
AcDbEntity
  8
F.Cu
  6
CONTINUOUS
100
AcDbLine
 10
122.971989999999991
 20
-105.6343929999999887
 30
0
 11
122.863078999999999
 21
-105.4713969999999961
 31
0
  0
LINE
  5
371
330
1B
100
AcDbEntity
  8
F.Cu
  6
CONTINUOUS
100
AcDbLine
 10
122.863078999999999
 20
-105.4713969999999961
 30
0
 11
122.7880600000000015
 21
-105.2902849999999972
 31
0
  0
LINE
  5
372
330
1B
100
AcDbEntity
  8
F.Cu
  6
CONTINUOUS
100
AcDbLine
 10
122.7880600000000015
 20
-105.2902849999999972
 30
0
 11
122.7498149999999981
 21
-105.0980169999999987
 31
0
  0
LINE
  5
373
330
1B
100
AcDbEntity
  8
F.Cu
  6
CONTINUOUS
100
AcDbLine
 10
122.7498149999999981
 20
-105.0980169999999987
 30
0
 11
122.7498149999999981
 21
-104.9019830000000013
 31
0
  0
LINE
  5
374
330
1B
100
AcDbEntity
  8
F.Cu
  6
CONTINUOUS
100
AcDbLine
 10
122.7498149999999981
 20
-104.9019830000000013
 30
0
 11
122.7880600000000015
 21
-104.7097149999999885
 31
0
  0
LINE
  5
375
330
1B
100
AcDbEntity
  8
F.Cu
  6
CONTINUOUS
100
AcDbLine
 10
122.7880600000000015
 20
-104.7097149999999885
 30
0
 11
122.863078999999999
 21
-104.5286029999999897
 31
0
  0
LINE
  5
376
330
1B
100
AcDbEntity
  8
F.Cu
  6
CONTINUOUS
100
AcDbLine
 10
122.863078999999999
 20
-104.5286029999999897
 30
0
 11
122.971989999999991
 21
-104.3656069999999971
 31
0
  0
LINE
  5
377
330
1B
100
AcDbEntity
  8
F.Cu
  6
CONTINUOUS
100
AcDbLine
 10
122.971989999999991
 20
-104.3656069999999971
 30
0
 11
123.1106069999999875
 21
-104.2269900000000007
 31
0
  0
LINE
  5
378
330
1B
100
AcDbEntity
  8
F.Cu
  6
CONTINUOUS
100
AcDbLine
 10
123.1106069999999875
 20
-104.2269900000000007
 30
0
 11
123.2736029999999943
 21
-104.1180789999999945
 31
0
  0
LINE
  5
379
330
1B
100
AcDbEntity
  8
F.Cu
  6
CONTINUOUS
100
AcDbLine
 10
123.2736029999999943
 20
-104.1180789999999945
 30
0
 11
123.4547149999999931
 21
-104.043059999999997
 31
0
  0
LINE
  5
37A
330
1B
100
AcDbEntity
  8
F.Cu
  6
CONTINUOUS
100
AcDbLine
 10
123.4547149999999931
 20
-104.043059999999997
 30
0
 11
123.6469829999999916
 21
-104.0048149999999936
 31
0
  0
LINE
  5
37B
330
1B
100
AcDbEntity
  8
F.Cu
  6
CONTINUOUS
100
AcDbLine
 10
123.6469829999999916
 20
-104.0048149999999936
 30
0
 11
123.843016999999989
 21
-104.0048149999999936
 31
0
  0
LINE
  5
37C
330
1B
100
AcDbEntity
  8
F.Cu
  6
CONTINUOUS
100
AcDbLine
 10
123.843016999999989
 20
-104.0048149999999936
 30
0
 11
124.0352849999999876
 21
-104.043059999999997
 31
0
  0
LINE
  5
37D
330
1B
100
AcDbEntity
  8
F.Cu
  6
CONTINUOUS
100
AcDbLine
 10
131.5352849999999876
 20
-104.043059999999997
 30
0
 11
131.7163970000000006
 21
-104.1180789999999945
 31
0
  0
LINE
  5
37E
330
1B
100
AcDbEntity
  8
F.Cu
  6
CONTINUOUS
100
AcDbLine
 10
131.7163970000000006
 20
-104.1180789999999945
 30
0
 11
131.8793929999999932
 21
-104.2269900000000007
 31
0
  0
LINE
  5
37F
330
1B
100
AcDbEntity
  8
F.Cu
  6
CONTINUOUS
100
AcDbLine
 10
131.8793929999999932
 20
-104.2269900000000007
 30
0
 11
132.0180100000000039
 21
-104.3656069999999971
 31
0
  0
LINE
  5
380
330
1B
100
AcDbEntity
  8
F.Cu
  6
CONTINUOUS
100
AcDbLine
 10
132.0180100000000039
 20
-104.3656069999999971
 30
0
 11
132.1269209999999816
 21
-104.5286029999999897
 31
0
  0
LINE
  5
381
330
1B
100
AcDbEntity
  8
F.Cu
  6
CONTINUOUS
100
AcDbLine
 10
132.1269209999999816
 20
-104.5286029999999897
 30
0
 11
132.2019400000000076
 21
-104.7097149999999885
 31
0
  0
LINE
  5
382
330
1B
100
AcDbEntity
  8
F.Cu
  6
CONTINUOUS
100
AcDbLine
 10
132.2019400000000076
 20
-104.7097149999999885
 30
0
 11
132.2401849999999968
 21
-104.9019830000000013
 31
0
  0
LINE
  5
383
330
1B
100
AcDbEntity
  8
F.Cu
  6
CONTINUOUS
100
AcDbLine
 10
132.2401849999999968
 20
-104.9019830000000013
 30
0
 11
132.2401849999999968
 21
-105.0980169999999987
 31
0
  0
LINE
  5
384
330
1B
100
AcDbEntity
  8
F.Cu
  6
CONTINUOUS
100
AcDbLine
 10
132.2401849999999968
 20
-105.0980169999999987
 30
0
 11
132.2019400000000076
 21
-105.2902849999999972
 31
0
  0
LINE
  5
385
330
1B
100
AcDbEntity
  8
F.Cu
  6
CONTINUOUS
100
AcDbLine
 10
132.2019400000000076
 20
-105.2902849999999972
 30
0
 11
132.1269209999999816
 21
-105.4713969999999961
 31
0
  0
LINE
  5
386
330
1B
100
AcDbEntity
  8
F.Cu
  6
CONTINUOUS
100
AcDbLine
 10
132.1269209999999816
 20
-105.4713969999999961
 30
0
 11
132.0180100000000039
 21
-105.6343929999999887
 31
0
  0
LINE
  5
387
330
1B
100
AcDbEntity
  8
F.Cu
  6
CONTINUOUS
100
AcDbLine
 10
132.0180100000000039
 20
-105.6343929999999887
 30
0
 11
131.8793929999999932
 21
-105.7730099999999993
 31
0
  0
LINE
  5
388
330
1B
100
AcDbEntity
  8
F.Cu
  6
CONTINUOUS
100
AcDbLine
 10
131.8793929999999932
 20
-105.7730099999999993
 30
0
 11
131.7163970000000006
 21
-105.8819209999999913
 31
0
  0
LINE
  5
389
330
1B
100
AcDbEntity
  8
F.Cu
  6
CONTINUOUS
100
AcDbLine
 10
131.7163970000000006
 20
-105.8819209999999913
 30
0
 11
131.5352849999999876
 21
-105.9569399999999888
 31
0
  0
LINE
  5
38A
330
1B
100
AcDbEntity
  8
F.Cu
  6
CONTINUOUS
100
AcDbLine
 10
131.5352849999999876
 20
-105.9569399999999888
 30
0
 11
131.3430170000000032
 21
-105.9951849999999922
 31
0
  0
LINE
  5
38B
330
1B
100
AcDbEntity
  8
F.Cu
  6
CONTINUOUS
100
AcDbLine
 10
131.3430170000000032
 20
-105.9951849999999922
 30
0
 11
131.1469830000000059
 21
-105.9951849999999922
 31
0
  0
LINE
  5
38C
330
1B
100
AcDbEntity
  8
F.Cu
  6
CONTINUOUS
100
AcDbLine
 10
131.1469830000000059
 20
-105.9951849999999922
 30
0
 11
130.9547149999999931
 21
-105.9569399999999888
 31
0
  0
LINE
  5
38D
330
1B
100
AcDbEntity
  8
F.Cu
  6
CONTINUOUS
100
AcDbLine
 10
130.9547149999999931
 20
-105.9569399999999888
 30
0
 11
130.7736029999999801
 21
-105.8819209999999913
 31
0
  0
LINE
  5
38E
330
1B
100
AcDbEntity
  8
F.Cu
  6
CONTINUOUS
100
AcDbLine
 10
130.7736029999999801
 20
-105.8819209999999913
 30
0
 11
130.6106069999999875
 21
-105.7730099999999993
 31
0
  0
LINE
  5
38F
330
1B
100
AcDbEntity
  8
F.Cu
  6
CONTINUOUS
100
AcDbLine
 10
130.6106069999999875
 20
-105.7730099999999993
 30
0
 11
130.4719900000000052
 21
-105.6343929999999887
 31
0
  0
LINE
  5
390
330
1B
100
AcDbEntity
  8
F.Cu
  6
CONTINUOUS
100
AcDbLine
 10
130.4719900000000052
 20
-105.6343929999999887
 30
0
 11
130.363078999999999
 21
-105.4713969999999961
 31
0
  0
LINE
  5
391
330
1B
100
AcDbEntity
  8
F.Cu
  6
CONTINUOUS
100
AcDbLine
 10
130.363078999999999
 20
-105.4713969999999961
 30
0
 11
130.2880600000000015
 21
-105.2902849999999972
 31
0
  0
LINE
  5
392
330
1B
100
AcDbEntity
  8
F.Cu
  6
CONTINUOUS
100
AcDbLine
 10
130.2880600000000015
 20
-105.2902849999999972
 30
0
 11
130.2498149999999839
 21
-105.0980169999999987
 31
0
  0
LINE
  5
393
330
1B
100
AcDbEntity
  8
F.Cu
  6
CONTINUOUS
100
AcDbLine
 10
130.2498149999999839
 20
-105.0980169999999987
 30
0
 11
130.2498149999999839
 21
-104.9019830000000013
 31
0
  0
LINE
  5
394
330
1B
100
AcDbEntity
  8
F.Cu
  6
CONTINUOUS
100
AcDbLine
 10
130.2498149999999839
 20
-104.9019830000000013
 30
0
 11
130.2880600000000015
 21
-104.7097149999999885
 31
0
  0
LINE
  5
395
330
1B
100
AcDbEntity
  8
F.Cu
  6
CONTINUOUS
100
AcDbLine
 10
130.2880600000000015
 20
-104.7097149999999885
 30
0
 11
130.363078999999999
 21
-104.5286029999999897
 31
0
  0
LINE
  5
396
330
1B
100
AcDbEntity
  8
F.Cu
  6
CONTINUOUS
100
AcDbLine
 10
130.363078999999999
 20
-104.5286029999999897
 30
0
 11
130.4719900000000052
 21
-104.3656069999999971
 31
0
  0
LINE
  5
397
330
1B
100
AcDbEntity
  8
F.Cu
  6
CONTINUOUS
100
AcDbLine
 10
130.4719900000000052
 20
-104.3656069999999971
 30
0
 11
130.6106069999999875
 21
-104.2269900000000007
 31
0
  0
LINE
  5
398
330
1B
100
AcDbEntity
  8
F.Cu
  6
CONTINUOUS
100
AcDbLine
 10
130.6106069999999875
 20
-104.2269900000000007
 30
0
 11
130.7736029999999801
 21
-104.1180789999999945
 31
0
  0
LINE
  5
399
330
1B
100
AcDbEntity
  8
F.Cu
  6
CONTINUOUS
100
AcDbLine
 10
130.7736029999999801
 20
-104.1180789999999945
 30
0
 11
130.9547149999999931
 21
-104.043059999999997
 31
0
  0
LINE
  5
39A
330
1B
100
AcDbEntity
  8
F.Cu
  6
CONTINUOUS
100
AcDbLine
 10
130.9547149999999931
 20
-104.043059999999997
 30
0
 11
131.1469830000000059
 21
-104.0048149999999936
 31
0
  0
LINE
  5
39B
330
1B
100
AcDbEntity
  8
F.Cu
  6
CONTINUOUS
100
AcDbLine
 10
131.1469830000000059
 20
-104.0048149999999936
 30
0
 11
131.3430170000000032
 21
-104.0048149999999936
 31
0
  0
LINE
  5
39C
330
1B
100
AcDbEntity
  8
F.Cu
  6
CONTINUOUS
100
AcDbLine
 10
131.3430170000000032
 20
-104.0048149999999936
 30
0
 11
131.5352849999999876
 21
-104.043059999999997
 31
0
  0
LINE
  5
39D
330
1B
100
AcDbEntity
  8
F.Cu
  6
CONTINUOUS
100
AcDbLine
 10
179.2322279999999921
 20
-102.7344480000000004
 30
0
 11
179.3771169999999984
 21
-102.7944629999999933
 31
0
  0
LINE
  5
39E
330
1B
100
AcDbEntity
  8
F.Cu
  6
CONTINUOUS
100
AcDbLine
 10
179.3771169999999984
 20
-102.7944629999999933
 30
0
 11
179.5075149999999837
 21
-102.8815919999999977
 31
0
  0
LINE
  5
39F
330
1B
100
AcDbEntity
  8
F.Cu
  6
CONTINUOUS
100
AcDbLine
 10
179.5075149999999837
 20
-102.8815919999999977
 30
0
 11
179.6184079999999881
 21
-102.9924850000000021
 31
0
  0
LINE
  5
3A0
330
1B
100
AcDbEntity
  8
F.Cu
  6
CONTINUOUS
100
AcDbLine
 10
179.6184079999999881
 20
-102.9924850000000021
 30
0
 11
179.7055369999999925
 21
-103.1228830000000016
 31
0
  0
LINE
  5
3A1
330
1B
100
AcDbEntity
  8
F.Cu
  6
CONTINUOUS
100
AcDbLine
 10
179.7055369999999925
 20
-103.1228830000000016
 30
0
 11
179.7655519999999854
 21
-103.2677719999999937
 31
0
  0
LINE
  5
3A2
330
1B
100
AcDbEntity
  8
F.Cu
  6
CONTINUOUS
100
AcDbLine
 10
179.7655519999999854
 20
-103.2677719999999937
 30
0
 11
179.7961479999999881
 21
-103.4215859999999907
 31
0
  0
LINE
  5
3A3
330
1B
100
AcDbEntity
  8
F.Cu
  6
CONTINUOUS
100
AcDbLine
 10
179.7961479999999881
 20
-103.4215859999999907
 30
0
 11
179.7961479999999881
 21
-103.5784139999999951
 31
0
  0
LINE
  5
3A4
330
1B
100
AcDbEntity
  8
F.Cu
  6
CONTINUOUS
100
AcDbLine
 10
179.7961479999999881
 20
-103.5784139999999951
 30
0
 11
179.7655519999999854
 21
-103.7322279999999921
 31
0
  0
LINE
  5
3A5
330
1B
100
AcDbEntity
  8
F.Cu
  6
CONTINUOUS
100
AcDbLine
 10
179.7655519999999854
 20
-103.7322279999999921
 30
0
 11
179.7055369999999925
 21
-103.8771169999999984
 31
0
  0
LINE
  5
3A6
330
1B
100
AcDbEntity
  8
F.Cu
  6
CONTINUOUS
100
AcDbLine
 10
179.7055369999999925
 20
-103.8771169999999984
 30
0
 11
179.6184079999999881
 21
-104.0075149999999979
 31
0
  0
LINE
  5
3A7
330
1B
100
AcDbEntity
  8
F.Cu
  6
CONTINUOUS
100
AcDbLine
 10
179.6184079999999881
 20
-104.0075149999999979
 30
0
 11
179.5075149999999837
 21
-104.1184080000000023
 31
0
  0
LINE
  5
3A8
330
1B
100
AcDbEntity
  8
F.Cu
  6
CONTINUOUS
100
AcDbLine
 10
179.5075149999999837
 20
-104.1184080000000023
 30
0
 11
179.3771169999999984
 21
-104.2055369999999925
 31
0
  0
LINE
  5
3A9
330
1B
100
AcDbEntity
  8
F.Cu
  6
CONTINUOUS
100
AcDbLine
 10
179.3771169999999984
 20
-104.2055369999999925
 30
0
 11
179.2322279999999921
 21
-104.2655519999999996
 31
0
  0
LINE
  5
3AA
330
1B
100
AcDbEntity
  8
F.Cu
  6
CONTINUOUS
100
AcDbLine
 10
179.2322279999999921
 20
-104.2655519999999996
 30
0
 11
179.0784139999999809
 21
-104.2961480000000023
 31
0
  0
LINE
  5
3AB
330
1B
100
AcDbEntity
  8
F.Cu
  6
CONTINUOUS
100
AcDbLine
 10
179.0784139999999809
 20
-104.2961480000000023
 30
0
 11
178.9215859999999907
 21
-104.2961480000000023
 31
0
  0
LINE
  5
3AC
330
1B
100
AcDbEntity
  8
F.Cu
  6
CONTINUOUS
100
AcDbLine
 10
178.9215859999999907
 20
-104.2961480000000023
 30
0
 11
178.7677719999999795
 21
-104.2655519999999996
 31
0
  0
LINE
  5
3AD
330
1B
100
AcDbEntity
  8
F.Cu
  6
CONTINUOUS
100
AcDbLine
 10
178.7677719999999795
 20
-104.2655519999999996
 30
0
 11
178.6228830000000016
 21
-104.2055369999999925
 31
0
  0
LINE
  5
3AE
330
1B
100
AcDbEntity
  8
F.Cu
  6
CONTINUOUS
100
AcDbLine
 10
178.6228830000000016
 20
-104.2055369999999925
 30
0
 11
178.4924849999999878
 21
-104.1184080000000023
 31
0
  0
LINE
  5
3AF
330
1B
100
AcDbEntity
  8
F.Cu
  6
CONTINUOUS
100
AcDbLine
 10
178.4924849999999878
 20
-104.1184080000000023
 30
0
 11
178.3815919999999835
 21
-104.0075149999999979
 31
0
  0
LINE
  5
3B0
330
1B
100
AcDbEntity
  8
F.Cu
  6
CONTINUOUS
100
AcDbLine
 10
178.3815919999999835
 20
-104.0075149999999979
 30
0
 11
178.294462999999979
 21
-103.8771169999999984
 31
0
  0
LINE
  5
3B1
330
1B
100
AcDbEntity
  8
F.Cu
  6
CONTINUOUS
100
AcDbLine
 10
178.294462999999979
 20
-103.8771169999999984
 30
0
 11
178.2344479999999862
 21
-103.7322279999999921
 31
0
  0
LINE
  5
3B2
330
1B
100
AcDbEntity
  8
F.Cu
  6
CONTINUOUS
100
AcDbLine
 10
178.2344479999999862
 20
-103.7322279999999921
 30
0
 11
178.2038519999999835
 21
-103.5784139999999951
 31
0
  0
LINE
  5
3B3
330
1B
100
AcDbEntity
  8
F.Cu
  6
CONTINUOUS
100
AcDbLine
 10
178.2038519999999835
 20
-103.5784139999999951
 30
0
 11
178.2038519999999835
 21
-103.4215859999999907
 31
0
  0
LINE
  5
3B4
330
1B
100
AcDbEntity
  8
F.Cu
  6
CONTINUOUS
100
AcDbLine
 10
178.2038519999999835
 20
-103.4215859999999907
 30
0
 11
178.2344479999999862
 21
-103.2677719999999937
 31
0
  0
LINE
  5
3B5
330
1B
100
AcDbEntity
  8
F.Cu
  6
CONTINUOUS
100
AcDbLine
 10
178.2344479999999862
 20
-103.2677719999999937
 30
0
 11
178.294462999999979
 21
-103.1228830000000016
 31
0
  0
LINE
  5
3B6
330
1B
100
AcDbEntity
  8
F.Cu
  6
CONTINUOUS
100
AcDbLine
 10
178.294462999999979
 20
-103.1228830000000016
 30
0
 11
178.3815919999999835
 21
-102.9924850000000021
 31
0
  0
LINE
  5
3B7
330
1B
100
AcDbEntity
  8
F.Cu
  6
CONTINUOUS
100
AcDbLine
 10
178.3815919999999835
 20
-102.9924850000000021
 30
0
 11
178.4924849999999878
 21
-102.8815919999999977
 31
0
  0
LINE
  5
3B8
330
1B
100
AcDbEntity
  8
F.Cu
  6
CONTINUOUS
100
AcDbLine
 10
178.4924849999999878
 20
-102.8815919999999977
 30
0
 11
178.6228830000000016
 21
-102.7944629999999933
 31
0
  0
LINE
  5
3B9
330
1B
100
AcDbEntity
  8
F.Cu
  6
CONTINUOUS
100
AcDbLine
 10
178.6228830000000016
 20
-102.7944629999999933
 30
0
 11
178.7677719999999795
 21
-102.7344480000000004
 31
0
  0
LINE
  5
3BA
330
1B
100
AcDbEntity
  8
F.Cu
  6
CONTINUOUS
100
AcDbLine
 10
178.7677719999999795
 20
-102.7344480000000004
 30
0
 11
178.9215859999999907
 21
-102.7038519999999977
 31
0
  0
LINE
  5
3BB
330
1B
100
AcDbEntity
  8
F.Cu
  6
CONTINUOUS
100
AcDbLine
 10
178.9215859999999907
 20
-102.7038519999999977
 30
0
 11
179.0784139999999809
 21
-102.7038519999999977
 31
0
  0
LINE
  5
3BC
330
1B
100
AcDbEntity
  8
F.Cu
  6
CONTINUOUS
100
AcDbLine
 10
179.0784139999999809
 20
-102.7038519999999977
 30
0
 11
179.2322279999999921
 21
-102.7344480000000004
 31
0
  0
LINE
  5
3BD
330
1B
100
AcDbEntity
  8
F.Cu
  6
CONTINUOUS
100
AcDbLine
 10
105.2467419999999976
 20
-102.4966009999999983
 30
0
 11
105.4006869999999907
 21
-102.5603669999999994
 31
0
  0
LINE
  5
3BE
330
1B
100
AcDbEntity
  8
F.Cu
  6
CONTINUOUS
100
AcDbLine
 10
105.4006869999999907
 20
-102.5603669999999994
 30
0
 11
105.5392339999999933
 21
-102.6529409999999984
 31
0
  0
LINE
  5
3BF
330
1B
100
AcDbEntity
  8
F.Cu
  6
CONTINUOUS
100
AcDbLine
 10
105.5392339999999933
 20
-102.6529409999999984
 30
0
 11
105.6570589999999896
 21
-102.7707659999999947
 31
0
  0
LINE
  5
3C0
330
1B
100
AcDbEntity
  8
F.Cu
  6
CONTINUOUS
100
AcDbLine
 10
105.6570589999999896
 20
-102.7707659999999947
 30
0
 11
105.7496329999999887
 21
-102.9093129999999974
 31
0
  0
LINE
  5
3C1
330
1B
100
AcDbEntity
  8
F.Cu
  6
CONTINUOUS
100
AcDbLine
 10
105.7496329999999887
 20
-102.9093129999999974
 30
0
 11
105.8133989999999898
 21
-103.0632579999999905
 31
0
  0
LINE
  5
3C2
330
1B
100
AcDbEntity
  8
F.Cu
  6
CONTINUOUS
100
AcDbLine
 10
105.8133989999999898
 20
-103.0632579999999905
 30
0
 11
105.8459069999999969
 21
-103.2266849999999891
 31
0
  0
LINE
  5
3C3
330
1B
100
AcDbEntity
  8
F.Cu
  6
CONTINUOUS
100
AcDbLine
 10
105.8459069999999969
 20
-103.2266849999999891
 30
0
 11
105.8459069999999969
 21
-103.3933150000000012
 31
0
  0
LINE
  5
3C4
330
1B
100
AcDbEntity
  8
F.Cu
  6
CONTINUOUS
100
AcDbLine
 10
105.8459069999999969
 20
-103.3933150000000012
 30
0
 11
105.8133989999999898
 21
-103.5567419999999998
 31
0
  0
LINE
  5
3C5
330
1B
100
AcDbEntity
  8
F.Cu
  6
CONTINUOUS
100
AcDbLine
 10
105.8133989999999898
 20
-103.5567419999999998
 30
0
 11
105.7496329999999887
 21
-103.710686999999993
 31
0
  0
LINE
  5
3C6
330
1B
100
AcDbEntity
  8
F.Cu
  6
CONTINUOUS
100
AcDbLine
 10
105.7496329999999887
 20
-103.710686999999993
 30
0
 11
105.6570589999999896
 21
-103.8492339999999956
 31
0
  0
LINE
  5
3C7
330
1B
100
AcDbEntity
  8
F.Cu
  6
CONTINUOUS
100
AcDbLine
 10
105.6570589999999896
 20
-103.8492339999999956
 30
0
 11
105.5392339999999933
 21
-103.9670589999999919
 31
0
  0
LINE
  5
3C8
330
1B
100
AcDbEntity
  8
F.Cu
  6
CONTINUOUS
100
AcDbLine
 10
105.5392339999999933
 20
-103.9670589999999919
 30
0
 11
105.4006869999999907
 21
-104.0596329999999909
 31
0
  0
LINE
  5
3C9
330
1B
100
AcDbEntity
  8
F.Cu
  6
CONTINUOUS
100
AcDbLine
 10
105.4006869999999907
 20
-104.0596329999999909
 30
0
 11
105.2467419999999976
 21
-104.123398999999992
 31
0
  0
LINE
  5
3CA
330
1B
100
AcDbEntity
  8
F.Cu
  6
CONTINUOUS
100
AcDbLine
 10
105.2467419999999976
 20
-104.123398999999992
 30
0
 11
105.0833149999999989
 21
-104.1559069999999991
 31
0
  0
LINE
  5
3CB
330
1B
100
AcDbEntity
  8
F.Cu
  6
CONTINUOUS
100
AcDbLine
 10
105.0833149999999989
 20
-104.1559069999999991
 30
0
 11
104.9166850000000011
 21
-104.1559069999999991
 31
0
  0
LINE
  5
3CC
330
1B
100
AcDbEntity
  8
F.Cu
  6
CONTINUOUS
100
AcDbLine
 10
104.9166850000000011
 20
-104.1559069999999991
 30
0
 11
104.7532579999999882
 21
-104.123398999999992
 31
0
  0
LINE
  5
3CD
330
1B
100
AcDbEntity
  8
F.Cu
  6
CONTINUOUS
100
AcDbLine
 10
104.7532579999999882
 20
-104.123398999999992
 30
0
 11
104.5993129999999951
 21
-104.0596329999999909
 31
0
  0
LINE
  5
3CE
330
1B
100
AcDbEntity
  8
F.Cu
  6
CONTINUOUS
100
AcDbLine
 10
104.5993129999999951
 20
-104.0596329999999909
 30
0
 11
104.4607659999999925
 21
-103.9670589999999919
 31
0
  0
LINE
  5
3CF
330
1B
100
AcDbEntity
  8
F.Cu
  6
CONTINUOUS
100
AcDbLine
 10
104.4607659999999925
 20
-103.9670589999999919
 30
0
 11
104.3429409999999962
 21
-103.8492339999999956
 31
0
  0
LINE
  5
3D0
330
1B
100
AcDbEntity
  8
F.Cu
  6
CONTINUOUS
100
AcDbLine
 10
104.3429409999999962
 20
-103.8492339999999956
 30
0
 11
104.2503669999999971
 21
-103.710686999999993
 31
0
  0
LINE
  5
3D1
330
1B
100
AcDbEntity
  8
F.Cu
  6
CONTINUOUS
100
AcDbLine
 10
104.2503669999999971
 20
-103.710686999999993
 30
0
 11
104.186600999999996
 21
-103.5567419999999998
 31
0
  0
LINE
  5
3D2
330
1B
100
AcDbEntity
  8
F.Cu
  6
CONTINUOUS
100
AcDbLine
 10
104.186600999999996
 20
-103.5567419999999998
 30
0
 11
104.1540929999999889
 21
-103.3933150000000012
 31
0
  0
LINE
  5
3D3
330
1B
100
AcDbEntity
  8
F.Cu
  6
CONTINUOUS
100
AcDbLine
 10
104.1540929999999889
 20
-103.3933150000000012
 30
0
 11
104.1540929999999889
 21
-103.2266849999999891
 31
0
  0
LINE
  5
3D4
330
1B
100
AcDbEntity
  8
F.Cu
  6
CONTINUOUS
100
AcDbLine
 10
104.1540929999999889
 20
-103.2266849999999891
 30
0
 11
104.186600999999996
 21
-103.0632579999999905
 31
0
  0
LINE
  5
3D5
330
1B
100
AcDbEntity
  8
F.Cu
  6
CONTINUOUS
100
AcDbLine
 10
104.186600999999996
 20
-103.0632579999999905
 30
0
 11
104.2503669999999971
 21
-102.9093129999999974
 31
0
  0
LINE
  5
3D6
330
1B
100
AcDbEntity
  8
F.Cu
  6
CONTINUOUS
100
AcDbLine
 10
104.2503669999999971
 20
-102.9093129999999974
 30
0
 11
104.3429409999999962
 21
-102.7707659999999947
 31
0
  0
LINE
  5
3D7
330
1B
100
AcDbEntity
  8
F.Cu
  6
CONTINUOUS
100
AcDbLine
 10
104.3429409999999962
 20
-102.7707659999999947
 30
0
 11
104.4607659999999925
 21
-102.6529409999999984
 31
0
  0
LINE
  5
3D8
330
1B
100
AcDbEntity
  8
F.Cu
  6
CONTINUOUS
100
AcDbLine
 10
104.4607659999999925
 20
-102.6529409999999984
 30
0
 11
104.5993129999999951
 21
-102.5603669999999994
 31
0
  0
LINE
  5
3D9
330
1B
100
AcDbEntity
  8
F.Cu
  6
CONTINUOUS
100
AcDbLine
 10
104.5993129999999951
 20
-102.5603669999999994
 30
0
 11
104.7532579999999882
 21
-102.4966009999999983
 31
0
  0
LINE
  5
3DA
330
1B
100
AcDbEntity
  8
F.Cu
  6
CONTINUOUS
100
AcDbLine
 10
104.7532579999999882
 20
-102.4966009999999983
 30
0
 11
104.9166850000000011
 21
-102.4640929999999912
 31
0
  0
LINE
  5
3DB
330
1B
100
AcDbEntity
  8
F.Cu
  6
CONTINUOUS
100
AcDbLine
 10
104.9166850000000011
 20
-102.4640929999999912
 30
0
 11
105.0833149999999989
 21
-102.4640929999999912
 31
0
  0
LINE
  5
3DC
330
1B
100
AcDbEntity
  8
F.Cu
  6
CONTINUOUS
100
AcDbLine
 10
105.0833149999999989
 20
-102.4640929999999912
 30
0
 11
105.2467419999999976
 21
-102.4966009999999983
 31
0
  0
LINE
  5
3DD
330
1B
100
AcDbEntity
  8
F.Cu
  6
CONTINUOUS
100
AcDbLine
 10
114.2322279999999921
 20
-101.2344480000000004
 30
0
 11
114.3771169999999984
 21
-101.2944629999999933
 31
0
  0
LINE
  5
3DE
330
1B
100
AcDbEntity
  8
F.Cu
  6
CONTINUOUS
100
AcDbLine
 10
114.3771169999999984
 20
-101.2944629999999933
 30
0
 11
114.5075149999999979
 21
-101.3815919999999977
 31
0
  0
LINE
  5
3DF
330
1B
100
AcDbEntity
  8
F.Cu
  6
CONTINUOUS
100
AcDbLine
 10
114.5075149999999979
 20
-101.3815919999999977
 30
0
 11
114.6184079999999881
 21
-101.4924850000000021
 31
0
  0
LINE
  5
3E0
330
1B
100
AcDbEntity
  8
F.Cu
  6
CONTINUOUS
100
AcDbLine
 10
114.6184079999999881
 20
-101.4924850000000021
 30
0
 11
114.7055369999999925
 21
-101.6228830000000016
 31
0
  0
LINE
  5
3E1
330
1B
100
AcDbEntity
  8
F.Cu
  6
CONTINUOUS
100
AcDbLine
 10
114.7055369999999925
 20
-101.6228830000000016
 30
0
 11
114.7655519999999996
 21
-101.7677719999999937
 31
0
  0
LINE
  5
3E2
330
1B
100
AcDbEntity
  8
F.Cu
  6
CONTINUOUS
100
AcDbLine
 10
114.7655519999999996
 20
-101.7677719999999937
 30
0
 11
114.7961479999999881
 21
-101.9215859999999907
 31
0
  0
LINE
  5
3E3
330
1B
100
AcDbEntity
  8
F.Cu
  6
CONTINUOUS
100
AcDbLine
 10
114.7961479999999881
 20
-101.9215859999999907
 30
0
 11
114.7961479999999881
 21
-102.0784139999999951
 31
0
  0
LINE
  5
3E4
330
1B
100
AcDbEntity
  8
F.Cu
  6
CONTINUOUS
100
AcDbLine
 10
114.7961479999999881
 20
-102.0784139999999951
 30
0
 11
114.7655519999999996
 21
-102.2322279999999921
 31
0
  0
LINE
  5
3E5
330
1B
100
AcDbEntity
  8
F.Cu
  6
CONTINUOUS
100
AcDbLine
 10
114.7655519999999996
 20
-102.2322279999999921
 30
0
 11
114.7055369999999925
 21
-102.3771169999999984
 31
0
  0
LINE
  5
3E6
330
1B
100
AcDbEntity
  8
F.Cu
  6
CONTINUOUS
100
AcDbLine
 10
114.7055369999999925
 20
-102.3771169999999984
 30
0
 11
114.6184079999999881
 21
-102.5075149999999979
 31
0
  0
LINE
  5
3E7
330
1B
100
AcDbEntity
  8
F.Cu
  6
CONTINUOUS
100
AcDbLine
 10
114.6184079999999881
 20
-102.5075149999999979
 30
0
 11
114.5075149999999979
 21
-102.6184080000000023
 31
0
  0
LINE
  5
3E8
330
1B
100
AcDbEntity
  8
F.Cu
  6
CONTINUOUS
100
AcDbLine
 10
114.5075149999999979
 20
-102.6184080000000023
 30
0
 11
114.3771169999999984
 21
-102.7055369999999925
 31
0
  0
LINE
  5
3E9
330
1B
100
AcDbEntity
  8
F.Cu
  6
CONTINUOUS
100
AcDbLine
 10
114.3771169999999984
 20
-102.7055369999999925
 30
0
 11
114.2322279999999921
 21
-102.7655519999999996
 31
0
  0
LINE
  5
3EA
330
1B
100
AcDbEntity
  8
F.Cu
  6
CONTINUOUS
100
AcDbLine
 10
114.2322279999999921
 20
-102.7655519999999996
 30
0
 11
114.0784139999999951
 21
-102.7961480000000023
 31
0
  0
LINE
  5
3EB
330
1B
100
AcDbEntity
  8
F.Cu
  6
CONTINUOUS
100
AcDbLine
 10
114.0784139999999951
 20
-102.7961480000000023
 30
0
 11
113.9215859999999907
 21
-102.7961480000000023
 31
0
  0
LINE
  5
3EC
330
1B
100
AcDbEntity
  8
F.Cu
  6
CONTINUOUS
100
AcDbLine
 10
113.9215859999999907
 20
-102.7961480000000023
 30
0
 11
113.7677719999999937
 21
-102.7655519999999996
 31
0
  0
LINE
  5
3ED
330
1B
100
AcDbEntity
  8
F.Cu
  6
CONTINUOUS
100
AcDbLine
 10
113.7677719999999937
 20
-102.7655519999999996
 30
0
 11
113.6228830000000016
 21
-102.7055369999999925
 31
0
  0
LINE
  5
3EE
330
1B
100
AcDbEntity
  8
F.Cu
  6
CONTINUOUS
100
AcDbLine
 10
113.6228830000000016
 20
-102.7055369999999925
 30
0
 11
113.4924849999999878
 21
-102.6184080000000023
 31
0
  0
LINE
  5
3EF
330
1B
100
AcDbEntity
  8
F.Cu
  6
CONTINUOUS
100
AcDbLine
 10
113.4924849999999878
 20
-102.6184080000000023
 30
0
 11
113.3815919999999977
 21
-102.5075149999999979
 31
0
  0
LINE
  5
3F0
330
1B
100
AcDbEntity
  8
F.Cu
  6
CONTINUOUS
100
AcDbLine
 10
113.3815919999999977
 20
-102.5075149999999979
 30
0
 11
113.2944629999999933
 21
-102.3771169999999984
 31
0
  0
LINE
  5
3F1
330
1B
100
AcDbEntity
  8
F.Cu
  6
CONTINUOUS
100
AcDbLine
 10
113.2944629999999933
 20
-102.3771169999999984
 30
0
 11
113.2344480000000004
 21
-102.2322279999999921
 31
0
  0
LINE
  5
3F2
330
1B
100
AcDbEntity
  8
F.Cu
  6
CONTINUOUS
100
AcDbLine
 10
113.2344480000000004
 20
-102.2322279999999921
 30
0
 11
113.2038519999999977
 21
-102.0784139999999951
 31
0
  0
LINE
  5
3F3
330
1B
100
AcDbEntity
  8
F.Cu
  6
CONTINUOUS
100
AcDbLine
 10
113.2038519999999977
 20
-102.0784139999999951
 30
0
 11
113.2038519999999977
 21
-101.9215859999999907
 31
0
  0
LINE
  5
3F4
330
1B
100
AcDbEntity
  8
F.Cu
  6
CONTINUOUS
100
AcDbLine
 10
113.2038519999999977
 20
-101.9215859999999907
 30
0
 11
113.2344480000000004
 21
-101.7677719999999937
 31
0
  0
LINE
  5
3F5
330
1B
100
AcDbEntity
  8
F.Cu
  6
CONTINUOUS
100
AcDbLine
 10
113.2344480000000004
 20
-101.7677719999999937
 30
0
 11
113.2944629999999933
 21
-101.6228830000000016
 31
0
  0
LINE
  5
3F6
330
1B
100
AcDbEntity
  8
F.Cu
  6
CONTINUOUS
100
AcDbLine
 10
113.2944629999999933
 20
-101.6228830000000016
 30
0
 11
113.3815919999999977
 21
-101.4924850000000021
 31
0
  0
LINE
  5
3F7
330
1B
100
AcDbEntity
  8
F.Cu
  6
CONTINUOUS
100
AcDbLine
 10
113.3815919999999977
 20
-101.4924850000000021
 30
0
 11
113.4924849999999878
 21
-101.3815919999999977
 31
0
  0
LINE
  5
3F8
330
1B
100
AcDbEntity
  8
F.Cu
  6
CONTINUOUS
100
AcDbLine
 10
113.4924849999999878
 20
-101.3815919999999977
 30
0
 11
113.6228830000000016
 21
-101.2944629999999933
 31
0
  0
LINE
  5
3F9
330
1B
100
AcDbEntity
  8
F.Cu
  6
CONTINUOUS
100
AcDbLine
 10
113.6228830000000016
 20
-101.2944629999999933
 30
0
 11
113.7677719999999937
 21
-101.2344480000000004
 31
0
  0
LINE
  5
3FA
330
1B
100
AcDbEntity
  8
F.Cu
  6
CONTINUOUS
100
AcDbLine
 10
113.7677719999999937
 20
-101.2344480000000004
 30
0
 11
113.9215859999999907
 21
-101.2038519999999977
 31
0
  0
LINE
  5
3FB
330
1B
100
AcDbEntity
  8
F.Cu
  6
CONTINUOUS
100
AcDbLine
 10
113.9215859999999907
 20
-101.2038519999999977
 30
0
 11
114.0784139999999951
 21
-101.2038519999999977
 31
0
  0
LINE
  5
3FC
330
1B
100
AcDbEntity
  8
F.Cu
  6
CONTINUOUS
100
AcDbLine
 10
114.0784139999999951
 20
-101.2038519999999977
 30
0
 11
114.2322279999999921
 21
-101.2344480000000004
 31
0
  0
LINE
  5
3FD
330
1B
100
AcDbEntity
  8
F.Cu
  6
CONTINUOUS
100
AcDbLine
 10
144.290284999999983
 20
-100.043059999999997
 30
0
 11
144.4713969999999961
 21
-100.1180789999999945
 31
0
  0
LINE
  5
3FE
330
1B
100
AcDbEntity
  8
F.Cu
  6
CONTINUOUS
100
AcDbLine
 10
144.4713969999999961
 20
-100.1180789999999945
 30
0
 11
144.6343929999999887
 21
-100.2269900000000007
 31
0
  0
LINE
  5
3FF
330
1B
100
AcDbEntity
  8
F.Cu
  6
CONTINUOUS
100
AcDbLine
 10
144.6343929999999887
 20
-100.2269900000000007
 30
0
 11
144.7730099999999993
 21
-100.3656069999999971
 31
0
  0
LINE
  5
400
330
1B
100
AcDbEntity
  8
F.Cu
  6
CONTINUOUS
100
AcDbLine
 10
144.7730099999999993
 20
-100.3656069999999971
 30
0
 11
144.8819210000000055
 21
-100.5286029999999897
 31
0
  0
LINE
  5
401
330
1B
100
AcDbEntity
  8
F.Cu
  6
CONTINUOUS
100
AcDbLine
 10
144.8819210000000055
 20
-100.5286029999999897
 30
0
 11
144.956940000000003
 21
-100.7097149999999885
 31
0
  0
LINE
  5
402
330
1B
100
AcDbEntity
  8
F.Cu
  6
CONTINUOUS
100
AcDbLine
 10
144.956940000000003
 20
-100.7097149999999885
 30
0
 11
144.9951849999999922
 21
-100.9019830000000013
 31
0
  0
LINE
  5
403
330
1B
100
AcDbEntity
  8
F.Cu
  6
CONTINUOUS
100
AcDbLine
 10
144.9951849999999922
 20
-100.9019830000000013
 30
0
 11
144.9951849999999922
 21
-101.0980169999999987
 31
0
  0
LINE
  5
404
330
1B
100
AcDbEntity
  8
F.Cu
  6
CONTINUOUS
100
AcDbLine
 10
144.9951849999999922
 20
-101.0980169999999987
 30
0
 11
144.956940000000003
 21
-101.2902849999999972
 31
0
  0
LINE
  5
405
330
1B
100
AcDbEntity
  8
F.Cu
  6
CONTINUOUS
100
AcDbLine
 10
144.956940000000003
 20
-101.2902849999999972
 30
0
 11
144.8819210000000055
 21
-101.4713969999999961
 31
0
  0
LINE
  5
406
330
1B
100
AcDbEntity
  8
F.Cu
  6
CONTINUOUS
100
AcDbLine
 10
144.8819210000000055
 20
-101.4713969999999961
 30
0
 11
144.7730099999999993
 21
-101.6343929999999887
 31
0
  0
LINE
  5
407
330
1B
100
AcDbEntity
  8
F.Cu
  6
CONTINUOUS
100
AcDbLine
 10
144.7730099999999993
 20
-101.6343929999999887
 30
0
 11
144.6343929999999887
 21
-101.7730099999999993
 31
0
  0
LINE
  5
408
330
1B
100
AcDbEntity
  8
F.Cu
  6
CONTINUOUS
100
AcDbLine
 10
144.6343929999999887
 20
-101.7730099999999993
 30
0
 11
144.4713969999999961
 21
-101.8819209999999913
 31
0
  0
LINE
  5
409
330
1B
100
AcDbEntity
  8
F.Cu
  6
CONTINUOUS
100
AcDbLine
 10
144.4713969999999961
 20
-101.8819209999999913
 30
0
 11
144.290284999999983
 21
-101.9569399999999888
 31
0
  0
LINE
  5
40A
330
1B
100
AcDbEntity
  8
F.Cu
  6
CONTINUOUS
100
AcDbLine
 10
144.290284999999983
 20
-101.9569399999999888
 30
0
 11
144.0980169999999987
 21
-101.9951849999999922
 31
0
  0
LINE
  5
40B
330
1B
100
AcDbEntity
  8
F.Cu
  6
CONTINUOUS
100
AcDbLine
 10
144.0980169999999987
 20
-101.9951849999999922
 30
0
 11
143.9019830000000013
 21
-101.9951849999999922
 31
0
  0
LINE
  5
40C
330
1B
100
AcDbEntity
  8
F.Cu
  6
CONTINUOUS
100
AcDbLine
 10
143.9019830000000013
 20
-101.9951849999999922
 30
0
 11
143.7097149999999885
 21
-101.9569399999999888
 31
0
  0
LINE
  5
40D
330
1B
100
AcDbEntity
  8
F.Cu
  6
CONTINUOUS
100
AcDbLine
 10
143.7097149999999885
 20
-101.9569399999999888
 30
0
 11
143.5286030000000039
 21
-101.8819209999999913
 31
0
  0
LINE
  5
40E
330
1B
100
AcDbEntity
  8
F.Cu
  6
CONTINUOUS
100
AcDbLine
 10
143.5286030000000039
 20
-101.8819209999999913
 30
0
 11
143.3656069999999829
 21
-101.7730099999999993
 31
0
  0
LINE
  5
40F
330
1B
100
AcDbEntity
  8
F.Cu
  6
CONTINUOUS
100
AcDbLine
 10
143.3656069999999829
 20
-101.7730099999999993
 30
0
 11
143.2269900000000007
 21
-101.6343929999999887
 31
0
  0
LINE
  5
410
330
1B
100
AcDbEntity
  8
F.Cu
  6
CONTINUOUS
100
AcDbLine
 10
143.2269900000000007
 20
-101.6343929999999887
 30
0
 11
143.1180789999999945
 21
-101.4713969999999961
 31
0
  0
LINE
  5
411
330
1B
100
AcDbEntity
  8
F.Cu
  6
CONTINUOUS
100
AcDbLine
 10
143.1180789999999945
 20
-101.4713969999999961
 30
0
 11
143.043059999999997
 21
-101.2902849999999972
 31
0
  0
LINE
  5
412
330
1B
100
AcDbEntity
  8
F.Cu
  6
CONTINUOUS
100
AcDbLine
 10
143.043059999999997
 20
-101.2902849999999972
 30
0
 11
143.0048149999999794
 21
-101.0980169999999987
 31
0
  0
LINE
  5
413
330
1B
100
AcDbEntity
  8
F.Cu
  6
CONTINUOUS
100
AcDbLine
 10
143.0048149999999794
 20
-101.0980169999999987
 30
0
 11
143.0048149999999794
 21
-100.9019830000000013
 31
0
  0
LINE
  5
414
330
1B
100
AcDbEntity
  8
F.Cu
  6
CONTINUOUS
100
AcDbLine
 10
143.0048149999999794
 20
-100.9019830000000013
 30
0
 11
143.043059999999997
 21
-100.7097149999999885
 31
0
  0
LINE
  5
415
330
1B
100
AcDbEntity
  8
F.Cu
  6
CONTINUOUS
100
AcDbLine
 10
143.043059999999997
 20
-100.7097149999999885
 30
0
 11
143.1180789999999945
 21
-100.5286029999999897
 31
0
  0
LINE
  5
416
330
1B
100
AcDbEntity
  8
F.Cu
  6
CONTINUOUS
100
AcDbLine
 10
143.1180789999999945
 20
-100.5286029999999897
 30
0
 11
143.2269900000000007
 21
-100.3656069999999971
 31
0
  0
LINE
  5
417
330
1B
100
AcDbEntity
  8
F.Cu
  6
CONTINUOUS
100
AcDbLine
 10
143.2269900000000007
 20
-100.3656069999999971
 30
0
 11
143.3656069999999829
 21
-100.2269900000000007
 31
0
  0
LINE
  5
418
330
1B
100
AcDbEntity
  8
F.Cu
  6
CONTINUOUS
100
AcDbLine
 10
143.3656069999999829
 20
-100.2269900000000007
 30
0
 11
143.5286030000000039
 21
-100.1180789999999945
 31
0
  0
LINE
  5
419
330
1B
100
AcDbEntity
  8
F.Cu
  6
CONTINUOUS
100
AcDbLine
 10
143.5286030000000039
 20
-100.1180789999999945
 30
0
 11
143.7097149999999885
 21
-100.043059999999997
 31
0
  0
LINE
  5
41A
330
1B
100
AcDbEntity
  8
F.Cu
  6
CONTINUOUS
100
AcDbLine
 10
143.7097149999999885
 20
-100.043059999999997
 30
0
 11
143.9019830000000013
 21
-100.0048149999999936
 31
0
  0
LINE
  5
41B
330
1B
100
AcDbEntity
  8
F.Cu
  6
CONTINUOUS
100
AcDbLine
 10
143.9019830000000013
 20
-100.0048149999999936
 30
0
 11
144.0980169999999987
 21
-100.0048149999999936
 31
0
  0
LINE
  5
41C
330
1B
100
AcDbEntity
  8
F.Cu
  6
CONTINUOUS
100
AcDbLine
 10
144.0980169999999987
 20
-100.0048149999999936
 30
0
 11
144.290284999999983
 21
-100.043059999999997
 31
0
  0
LINE
  5
41D
330
1B
100
AcDbEntity
  8
F.Cu
  6
CONTINUOUS
100
AcDbLine
 10
158.790284999999983
 20
-100.043059999999997
 30
0
 11
158.9713969999999961
 21
-100.1180789999999945
 31
0
  0
LINE
  5
41E
330
1B
100
AcDbEntity
  8
F.Cu
  6
CONTINUOUS
100
AcDbLine
 10
158.9713969999999961
 20
-100.1180789999999945
 30
0
 11
159.1343929999999887
 21
-100.2269900000000007
 31
0
  0
LINE
  5
41F
330
1B
100
AcDbEntity
  8
F.Cu
  6
CONTINUOUS
100
AcDbLine
 10
159.1343929999999887
 20
-100.2269900000000007
 30
0
 11
159.2730099999999993
 21
-100.3656069999999971
 31
0
  0
LINE
  5
420
330
1B
100
AcDbEntity
  8
F.Cu
  6
CONTINUOUS
100
AcDbLine
 10
159.2730099999999993
 20
-100.3656069999999971
 30
0
 11
159.3819210000000055
 21
-100.5286029999999897
 31
0
  0
LINE
  5
421
330
1B
100
AcDbEntity
  8
F.Cu
  6
CONTINUOUS
100
AcDbLine
 10
159.3819210000000055
 20
-100.5286029999999897
 30
0
 11
159.456940000000003
 21
-100.7097149999999885
 31
0
  0
LINE
  5
422
330
1B
100
AcDbEntity
  8
F.Cu
  6
CONTINUOUS
100
AcDbLine
 10
159.456940000000003
 20
-100.7097149999999885
 30
0
 11
159.4951849999999922
 21
-100.9019830000000013
 31
0
  0
LINE
  5
423
330
1B
100
AcDbEntity
  8
F.Cu
  6
CONTINUOUS
100
AcDbLine
 10
159.4951849999999922
 20
-100.9019830000000013
 30
0
 11
159.4951849999999922
 21
-101.0980169999999987
 31
0
  0
LINE
  5
424
330
1B
100
AcDbEntity
  8
F.Cu
  6
CONTINUOUS
100
AcDbLine
 10
159.4951849999999922
 20
-101.0980169999999987
 30
0
 11
159.456940000000003
 21
-101.2902849999999972
 31
0
  0
LINE
  5
425
330
1B
100
AcDbEntity
  8
F.Cu
  6
CONTINUOUS
100
AcDbLine
 10
159.456940000000003
 20
-101.2902849999999972
 30
0
 11
159.3819210000000055
 21
-101.4713969999999961
 31
0
  0
LINE
  5
426
330
1B
100
AcDbEntity
  8
F.Cu
  6
CONTINUOUS
100
AcDbLine
 10
159.3819210000000055
 20
-101.4713969999999961
 30
0
 11
159.2730099999999993
 21
-101.6343929999999887
 31
0
  0
LINE
  5
427
330
1B
100
AcDbEntity
  8
F.Cu
  6
CONTINUOUS
100
AcDbLine
 10
159.2730099999999993
 20
-101.6343929999999887
 30
0
 11
159.1343929999999887
 21
-101.7730099999999993
 31
0
  0
LINE
  5
428
330
1B
100
AcDbEntity
  8
F.Cu
  6
CONTINUOUS
100
AcDbLine
 10
159.1343929999999887
 20
-101.7730099999999993
 30
0
 11
158.9713969999999961
 21
-101.8819209999999913
 31
0
  0
LINE
  5
429
330
1B
100
AcDbEntity
  8
F.Cu
  6
CONTINUOUS
100
AcDbLine
 10
158.9713969999999961
 20
-101.8819209999999913
 30
0
 11
158.790284999999983
 21
-101.9569399999999888
 31
0
  0
LINE
  5
42A
330
1B
100
AcDbEntity
  8
F.Cu
  6
CONTINUOUS
100
AcDbLine
 10
158.790284999999983
 20
-101.9569399999999888
 30
0
 11
158.5980169999999987
 21
-101.9951849999999922
 31
0
  0
LINE
  5
42B
330
1B
100
AcDbEntity
  8
F.Cu
  6
CONTINUOUS
100
AcDbLine
 10
158.5980169999999987
 20
-101.9951849999999922
 30
0
 11
158.4019830000000013
 21
-101.9951849999999922
 31
0
  0
LINE
  5
42C
330
1B
100
AcDbEntity
  8
F.Cu
  6
CONTINUOUS
100
AcDbLine
 10
158.4019830000000013
 20
-101.9951849999999922
 30
0
 11
158.2097149999999885
 21
-101.9569399999999888
 31
0
  0
LINE
  5
42D
330
1B
100
AcDbEntity
  8
F.Cu
  6
CONTINUOUS
100
AcDbLine
 10
158.2097149999999885
 20
-101.9569399999999888
 30
0
 11
158.0286030000000039
 21
-101.8819209999999913
 31
0
  0
LINE
  5
42E
330
1B
100
AcDbEntity
  8
F.Cu
  6
CONTINUOUS
100
AcDbLine
 10
158.0286030000000039
 20
-101.8819209999999913
 30
0
 11
157.8656069999999829
 21
-101.7730099999999993
 31
0
  0
LINE
  5
42F
330
1B
100
AcDbEntity
  8
F.Cu
  6
CONTINUOUS
100
AcDbLine
 10
157.8656069999999829
 20
-101.7730099999999993
 30
0
 11
157.7269900000000007
 21
-101.6343929999999887
 31
0
  0
LINE
  5
430
330
1B
100
AcDbEntity
  8
F.Cu
  6
CONTINUOUS
100
AcDbLine
 10
157.7269900000000007
 20
-101.6343929999999887
 30
0
 11
157.6180789999999945
 21
-101.4713969999999961
 31
0
  0
LINE
  5
431
330
1B
100
AcDbEntity
  8
F.Cu
  6
CONTINUOUS
100
AcDbLine
 10
157.6180789999999945
 20
-101.4713969999999961
 30
0
 11
157.543059999999997
 21
-101.2902849999999972
 31
0
  0
LINE
  5
432
330
1B
100
AcDbEntity
  8
F.Cu
  6
CONTINUOUS
100
AcDbLine
 10
157.543059999999997
 20
-101.2902849999999972
 30
0
 11
157.5048149999999794
 21
-101.0980169999999987
 31
0
  0
LINE
  5
433
330
1B
100
AcDbEntity
  8
F.Cu
  6
CONTINUOUS
100
AcDbLine
 10
157.5048149999999794
 20
-101.0980169999999987
 30
0
 11
157.5048149999999794
 21
-100.9019830000000013
 31
0
  0
LINE
  5
434
330
1B
100
AcDbEntity
  8
F.Cu
  6
CONTINUOUS
100
AcDbLine
 10
157.5048149999999794
 20
-100.9019830000000013
 30
0
 11
157.543059999999997
 21
-100.7097149999999885
 31
0
  0
LINE
  5
435
330
1B
100
AcDbEntity
  8
F.Cu
  6
CONTINUOUS
100
AcDbLine
 10
157.543059999999997
 20
-100.7097149999999885
 30
0
 11
157.6180789999999945
 21
-100.5286029999999897
 31
0
  0
LINE
  5
436
330
1B
100
AcDbEntity
  8
F.Cu
  6
CONTINUOUS
100
AcDbLine
 10
157.6180789999999945
 20
-100.5286029999999897
 30
0
 11
157.7269900000000007
 21
-100.3656069999999971
 31
0
  0
LINE
  5
437
330
1B
100
AcDbEntity
  8
F.Cu
  6
CONTINUOUS
100
AcDbLine
 10
157.7269900000000007
 20
-100.3656069999999971
 30
0
 11
157.8656069999999829
 21
-100.2269900000000007
 31
0
  0
LINE
  5
438
330
1B
100
AcDbEntity
  8
F.Cu
  6
CONTINUOUS
100
AcDbLine
 10
157.8656069999999829
 20
-100.2269900000000007
 30
0
 11
158.0286030000000039
 21
-100.1180789999999945
 31
0
  0
LINE
  5
439
330
1B
100
AcDbEntity
  8
F.Cu
  6
CONTINUOUS
100
AcDbLine
 10
158.0286030000000039
 20
-100.1180789999999945
 30
0
 11
158.2097149999999885
 21
-100.043059999999997
 31
0
  0
LINE
  5
43A
330
1B
100
AcDbEntity
  8
F.Cu
  6
CONTINUOUS
100
AcDbLine
 10
158.2097149999999885
 20
-100.043059999999997
 30
0
 11
158.4019830000000013
 21
-100.0048149999999936
 31
0
  0
LINE
  5
43B
330
1B
100
AcDbEntity
  8
F.Cu
  6
CONTINUOUS
100
AcDbLine
 10
158.4019830000000013
 20
-100.0048149999999936
 30
0
 11
158.5980169999999987
 21
-100.0048149999999936
 31
0
  0
LINE
  5
43C
330
1B
100
AcDbEntity
  8
F.Cu
  6
CONTINUOUS
100
AcDbLine
 10
158.5980169999999987
 20
-100.0048149999999936
 30
0
 11
158.790284999999983
 21
-100.043059999999997
 31
0
  0
LINE
  5
43D
330
1B
100
AcDbEntity
  8
F.Cu
  6
CONTINUOUS
100
AcDbLine
 10
193.290284999999983
 20
-99.9107599999999962
 30
0
 11
193.4713969999999961
 21
-99.9857789999999937
 31
0
  0
LINE
  5
43E
330
1B
100
AcDbEntity
  8
F.Cu
  6
CONTINUOUS
100
AcDbLine
 10
193.4713969999999961
 20
-99.9857789999999937
 30
0
 11
193.6343929999999887
 21
-100.0946899999999999
 31
0
  0
LINE
  5
43F
330
1B
100
AcDbEntity
  8
F.Cu
  6
CONTINUOUS
100
AcDbLine
 10
193.6343929999999887
 20
-100.0946899999999999
 30
0
 11
193.7730099999999993
 21
-100.2333069999999964
 31
0
  0
LINE
  5
440
330
1B
100
AcDbEntity
  8
F.Cu
  6
CONTINUOUS
100
AcDbLine
 10
193.7730099999999993
 20
-100.2333069999999964
 30
0
 11
193.8819209999999771
 21
-100.396302999999989
 31
0
  0
LINE
  5
441
330
1B
100
AcDbEntity
  8
F.Cu
  6
CONTINUOUS
100
AcDbLine
 10
193.8819209999999771
 20
-100.396302999999989
 30
0
 11
193.956940000000003
 21
-100.577415000000002
 31
0
  0
LINE
  5
442
330
1B
100
AcDbEntity
  8
F.Cu
  6
CONTINUOUS
100
AcDbLine
 10
193.956940000000003
 20
-100.577415000000002
 30
0
 11
193.9951849999999922
 21
-100.7696830000000006
 31
0
  0
LINE
  5
443
330
1B
100
AcDbEntity
  8
F.Cu
  6
CONTINUOUS
100
AcDbLine
 10
193.9951849999999922
 20
-100.7696830000000006
 30
0
 11
193.9951849999999922
 21
-100.9657169999999979
 31
0
  0
LINE
  5
444
330
1B
100
AcDbEntity
  8
F.Cu
  6
CONTINUOUS
100
AcDbLine
 10
193.9951849999999922
 20
-100.9657169999999979
 30
0
 11
193.956940000000003
 21
-101.1579849999999965
 31
0
  0
LINE
  5
445
330
1B
100
AcDbEntity
  8
F.Cu
  6
CONTINUOUS
100
AcDbLine
 10
193.956940000000003
 20
-101.1579849999999965
 30
0
 11
193.8819209999999771
 21
-101.3390969999999953
 31
0
  0
LINE
  5
446
330
1B
100
AcDbEntity
  8
F.Cu
  6
CONTINUOUS
100
AcDbLine
 10
193.8819209999999771
 20
-101.3390969999999953
 30
0
 11
193.7730099999999993
 21
-101.5020930000000021
 31
0
  0
LINE
  5
447
330
1B
100
AcDbEntity
  8
F.Cu
  6
CONTINUOUS
100
AcDbLine
 10
193.7730099999999993
 20
-101.5020930000000021
 30
0
 11
193.6343929999999887
 21
-101.6407099999999986
 31
0
  0
LINE
  5
448
330
1B
100
AcDbEntity
  8
F.Cu
  6
CONTINUOUS
100
AcDbLine
 10
193.6343929999999887
 20
-101.6407099999999986
 30
0
 11
193.4713969999999961
 21
-101.7496209999999905
 31
0
  0
LINE
  5
449
330
1B
100
AcDbEntity
  8
F.Cu
  6
CONTINUOUS
100
AcDbLine
 10
193.4713969999999961
 20
-101.7496209999999905
 30
0
 11
193.290284999999983
 21
-101.8246400000000023
 31
0
  0
LINE
  5
44A
330
1B
100
AcDbEntity
  8
F.Cu
  6
CONTINUOUS
100
AcDbLine
 10
193.290284999999983
 20
-101.8246400000000023
 30
0
 11
193.0980169999999987
 21
-101.8628849999999915
 31
0
  0
LINE
  5
44B
330
1B
100
AcDbEntity
  8
F.Cu
  6
CONTINUOUS
100
AcDbLine
 10
193.0980169999999987
 20
-101.8628849999999915
 30
0
 11
192.9019830000000013
 21
-101.8628849999999915
 31
0
  0
LINE
  5
44C
330
1B
100
AcDbEntity
  8
F.Cu
  6
CONTINUOUS
100
AcDbLine
 10
192.9019830000000013
 20
-101.8628849999999915
 30
0
 11
192.7097149999999885
 21
-101.8246400000000023
 31
0
  0
LINE
  5
44D
330
1B
100
AcDbEntity
  8
F.Cu
  6
CONTINUOUS
100
AcDbLine
 10
192.7097149999999885
 20
-101.8246400000000023
 30
0
 11
192.5286030000000039
 21
-101.7496209999999905
 31
0
  0
LINE
  5
44E
330
1B
100
AcDbEntity
  8
F.Cu
  6
CONTINUOUS
100
AcDbLine
 10
192.5286030000000039
 20
-101.7496209999999905
 30
0
 11
192.3656069999999829
 21
-101.6407099999999986
 31
0
  0
LINE
  5
44F
330
1B
100
AcDbEntity
  8
F.Cu
  6
CONTINUOUS
100
AcDbLine
 10
192.3656069999999829
 20
-101.6407099999999986
 30
0
 11
192.2269900000000007
 21
-101.5020930000000021
 31
0
  0
LINE
  5
450
330
1B
100
AcDbEntity
  8
F.Cu
  6
CONTINUOUS
100
AcDbLine
 10
192.2269900000000007
 20
-101.5020930000000021
 30
0
 11
192.1180789999999945
 21
-101.3390969999999953
 31
0
  0
LINE
  5
451
330
1B
100
AcDbEntity
  8
F.Cu
  6
CONTINUOUS
100
AcDbLine
 10
192.1180789999999945
 20
-101.3390969999999953
 30
0
 11
192.043059999999997
 21
-101.1579849999999965
 31
0
  0
LINE
  5
452
330
1B
100
AcDbEntity
  8
F.Cu
  6
CONTINUOUS
100
AcDbLine
 10
192.043059999999997
 20
-101.1579849999999965
 30
0
 11
192.0048149999999794
 21
-100.9657169999999979
 31
0
  0
LINE
  5
453
330
1B
100
AcDbEntity
  8
F.Cu
  6
CONTINUOUS
100
AcDbLine
 10
192.0048149999999794
 20
-100.9657169999999979
 30
0
 11
192.0048149999999794
 21
-100.7696830000000006
 31
0
  0
LINE
  5
454
330
1B
100
AcDbEntity
  8
F.Cu
  6
CONTINUOUS
100
AcDbLine
 10
192.0048149999999794
 20
-100.7696830000000006
 30
0
 11
192.043059999999997
 21
-100.577415000000002
 31
0
  0
LINE
  5
455
330
1B
100
AcDbEntity
  8
F.Cu
  6
CONTINUOUS
100
AcDbLine
 10
192.043059999999997
 20
-100.577415000000002
 30
0
 11
192.1180789999999945
 21
-100.396302999999989
 31
0
  0
LINE
  5
456
330
1B
100
AcDbEntity
  8
F.Cu
  6
CONTINUOUS
100
AcDbLine
 10
192.1180789999999945
 20
-100.396302999999989
 30
0
 11
192.2269900000000007
 21
-100.2333069999999964
 31
0
  0
LINE
  5
457
330
1B
100
AcDbEntity
  8
F.Cu
  6
CONTINUOUS
100
AcDbLine
 10
192.2269900000000007
 20
-100.2333069999999964
 30
0
 11
192.3656069999999829
 21
-100.0946899999999999
 31
0
  0
LINE
  5
458
330
1B
100
AcDbEntity
  8
F.Cu
  6
CONTINUOUS
100
AcDbLine
 10
192.3656069999999829
 20
-100.0946899999999999
 30
0
 11
192.5286030000000039
 21
-99.9857789999999937
 31
0
  0
LINE
  5
459
330
1B
100
AcDbEntity
  8
F.Cu
  6
CONTINUOUS
100
AcDbLine
 10
192.5286030000000039
 20
-99.9857789999999937
 30
0
 11
192.7097149999999885
 21
-99.9107599999999962
 31
0
  0
LINE
  5
45A
330
1B
100
AcDbEntity
  8
F.Cu
  6
CONTINUOUS
100
AcDbLine
 10
192.7097149999999885
 20
-99.9107599999999962
 30
0
 11
192.9019830000000013
 21
-99.8725149999999928
 31
0
  0
LINE
  5
45B
330
1B
100
AcDbEntity
  8
F.Cu
  6
CONTINUOUS
100
AcDbLine
 10
192.9019830000000013
 20
-99.8725149999999928
 30
0
 11
193.0980169999999987
 21
-99.8725149999999928
 31
0
  0
LINE
  5
45C
330
1B
100
AcDbEntity
  8
F.Cu
  6
CONTINUOUS
100
AcDbLine
 10
193.0980169999999987
 20
-99.8725149999999928
 30
0
 11
193.290284999999983
 21
-99.9107599999999962
 31
0
  0
LINE
  5
45D
330
1B
100
AcDbEntity
  8
F.Cu
  6
CONTINUOUS
100
AcDbLine
 10
105.2467419999999976
 20
-99.956600999999992
 30
0
 11
105.4006869999999907
 21
-100.0203669999999931
 31
0
  0
LINE
  5
45E
330
1B
100
AcDbEntity
  8
F.Cu
  6
CONTINUOUS
100
AcDbLine
 10
105.4006869999999907
 20
-100.0203669999999931
 30
0
 11
105.5392339999999933
 21
-100.1129409999999922
 31
0
  0
LINE
  5
45F
330
1B
100
AcDbEntity
  8
F.Cu
  6
CONTINUOUS
100
AcDbLine
 10
105.5392339999999933
 20
-100.1129409999999922
 30
0
 11
105.6570589999999896
 21
-100.2307659999999885
 31
0
  0
LINE
  5
460
330
1B
100
AcDbEntity
  8
F.Cu
  6
CONTINUOUS
100
AcDbLine
 10
105.6570589999999896
 20
-100.2307659999999885
 30
0
 11
105.7496329999999887
 21
-100.3693129999999911
 31
0
  0
LINE
  5
461
330
1B
100
AcDbEntity
  8
F.Cu
  6
CONTINUOUS
100
AcDbLine
 10
105.7496329999999887
 20
-100.3693129999999911
 30
0
 11
105.8133989999999898
 21
-100.5232579999999984
 31
0
  0
LINE
  5
462
330
1B
100
AcDbEntity
  8
F.Cu
  6
CONTINUOUS
100
AcDbLine
 10
105.8133989999999898
 20
-100.5232579999999984
 30
0
 11
105.8459069999999969
 21
-100.6866849999999971
 31
0
  0
LINE
  5
463
330
1B
100
AcDbEntity
  8
F.Cu
  6
CONTINUOUS
100
AcDbLine
 10
105.8459069999999969
 20
-100.6866849999999971
 30
0
 11
105.8459069999999969
 21
-100.8533149999999949
 31
0
  0
LINE
  5
464
330
1B
100
AcDbEntity
  8
F.Cu
  6
CONTINUOUS
100
AcDbLine
 10
105.8459069999999969
 20
-100.8533149999999949
 30
0
 11
105.8133989999999898
 21
-101.0167419999999936
 31
0
  0
LINE
  5
465
330
1B
100
AcDbEntity
  8
F.Cu
  6
CONTINUOUS
100
AcDbLine
 10
105.8133989999999898
 20
-101.0167419999999936
 30
0
 11
105.7496329999999887
 21
-101.1706870000000009
 31
0
  0
LINE
  5
466
330
1B
100
AcDbEntity
  8
F.Cu
  6
CONTINUOUS
100
AcDbLine
 10
105.7496329999999887
 20
-101.1706870000000009
 30
0
 11
105.6570589999999896
 21
-101.3092339999999894
 31
0
  0
LINE
  5
467
330
1B
100
AcDbEntity
  8
F.Cu
  6
CONTINUOUS
100
AcDbLine
 10
105.6570589999999896
 20
-101.3092339999999894
 30
0
 11
105.5392339999999933
 21
-101.4270589999999999
 31
0
  0
LINE
  5
468
330
1B
100
AcDbEntity
  8
F.Cu
  6
CONTINUOUS
100
AcDbLine
 10
105.5392339999999933
 20
-101.4270589999999999
 30
0
 11
105.4006869999999907
 21
-101.5196329999999989
 31
0
  0
LINE
  5
469
330
1B
100
AcDbEntity
  8
F.Cu
  6
CONTINUOUS
100
AcDbLine
 10
105.4006869999999907
 20
-101.5196329999999989
 30
0
 11
105.2467419999999976
 21
-101.583399
 31
0
  0
LINE
  5
46A
330
1B
100
AcDbEntity
  8
F.Cu
  6
CONTINUOUS
100
AcDbLine
 10
105.2467419999999976
 20
-101.583399
 30
0
 11
105.0833149999999989
 21
-101.6159069999999929
 31
0
  0
LINE
  5
46B
330
1B
100
AcDbEntity
  8
F.Cu
  6
CONTINUOUS
100
AcDbLine
 10
105.0833149999999989
 20
-101.6159069999999929
 30
0
 11
104.9166850000000011
 21
-101.6159069999999929
 31
0
  0
LINE
  5
46C
330
1B
100
AcDbEntity
  8
F.Cu
  6
CONTINUOUS
100
AcDbLine
 10
104.9166850000000011
 20
-101.6159069999999929
 30
0
 11
104.7532579999999882
 21
-101.583399
 31
0
  0
LINE
  5
46D
330
1B
100
AcDbEntity
  8
F.Cu
  6
CONTINUOUS
100
AcDbLine
 10
104.7532579999999882
 20
-101.583399
 30
0
 11
104.5993129999999951
 21
-101.5196329999999989
 31
0
  0
LINE
  5
46E
330
1B
100
AcDbEntity
  8
F.Cu
  6
CONTINUOUS
100
AcDbLine
 10
104.5993129999999951
 20
-101.5196329999999989
 30
0
 11
104.4607659999999925
 21
-101.4270589999999999
 31
0
  0
LINE
  5
46F
330
1B
100
AcDbEntity
  8
F.Cu
  6
CONTINUOUS
100
AcDbLine
 10
104.4607659999999925
 20
-101.4270589999999999
 30
0
 11
104.3429409999999962
 21
-101.3092339999999894
 31
0
  0
LINE
  5
470
330
1B
100
AcDbEntity
  8
F.Cu
  6
CONTINUOUS
100
AcDbLine
 10
104.3429409999999962
 20
-101.3092339999999894
 30
0
 11
104.2503669999999971
 21
-101.1706870000000009
 31
0
  0
LINE
  5
471
330
1B
100
AcDbEntity
  8
F.Cu
  6
CONTINUOUS
100
AcDbLine
 10
104.2503669999999971
 20
-101.1706870000000009
 30
0
 11
104.186600999999996
 21
-101.0167419999999936
 31
0
  0
LINE
  5
472
330
1B
100
AcDbEntity
  8
F.Cu
  6
CONTINUOUS
100
AcDbLine
 10
104.186600999999996
 20
-101.0167419999999936
 30
0
 11
104.1540929999999889
 21
-100.8533149999999949
 31
0
  0
LINE
  5
473
330
1B
100
AcDbEntity
  8
F.Cu
  6
CONTINUOUS
100
AcDbLine
 10
104.1540929999999889
 20
-100.8533149999999949
 30
0
 11
104.1540929999999889
 21
-100.6866849999999971
 31
0
  0
LINE
  5
474
330
1B
100
AcDbEntity
  8
F.Cu
  6
CONTINUOUS
100
AcDbLine
 10
104.1540929999999889
 20
-100.6866849999999971
 30
0
 11
104.186600999999996
 21
-100.5232579999999984
 31
0
  0
LINE
  5
475
330
1B
100
AcDbEntity
  8
F.Cu
  6
CONTINUOUS
100
AcDbLine
 10
104.186600999999996
 20
-100.5232579999999984
 30
0
 11
104.2503669999999971
 21
-100.3693129999999911
 31
0
  0
LINE
  5
476
330
1B
100
AcDbEntity
  8
F.Cu
  6
CONTINUOUS
100
AcDbLine
 10
104.2503669999999971
 20
-100.3693129999999911
 30
0
 11
104.3429409999999962
 21
-100.2307659999999885
 31
0
  0
LINE
  5
477
330
1B
100
AcDbEntity
  8
F.Cu
  6
CONTINUOUS
100
AcDbLine
 10
104.3429409999999962
 20
-100.2307659999999885
 30
0
 11
104.4607659999999925
 21
-100.1129409999999922
 31
0
  0
LINE
  5
478
330
1B
100
AcDbEntity
  8
F.Cu
  6
CONTINUOUS
100
AcDbLine
 10
104.4607659999999925
 20
-100.1129409999999922
 30
0
 11
104.5993129999999951
 21
-100.0203669999999931
 31
0
  0
LINE
  5
479
330
1B
100
AcDbEntity
  8
F.Cu
  6
CONTINUOUS
100
AcDbLine
 10
104.5993129999999951
 20
-100.0203669999999931
 30
0
 11
104.7532579999999882
 21
-99.956600999999992
 31
0
  0
LINE
  5
47A
330
1B
100
AcDbEntity
  8
F.Cu
  6
CONTINUOUS
100
AcDbLine
 10
104.7532579999999882
 20
-99.956600999999992
 30
0
 11
104.9166850000000011
 21
-99.9240929999999992
 31
0
  0
LINE
  5
47B
330
1B
100
AcDbEntity
  8
F.Cu
  6
CONTINUOUS
100
AcDbLine
 10
104.9166850000000011
 20
-99.9240929999999992
 30
0
 11
105.0833149999999989
 21
-99.9240929999999992
 31
0
  0
LINE
  5
47C
330
1B
100
AcDbEntity
  8
F.Cu
  6
CONTINUOUS
100
AcDbLine
 10
105.0833149999999989
 20
-99.9240929999999992
 30
0
 11
105.2467419999999976
 21
-99.956600999999992
 31
0
  0
LINE
  5
47D
330
1B
100
AcDbEntity
  8
F.Cu
  6
CONTINUOUS
100
AcDbLine
 10
179.2322279999999921
 20
-97.7344480000000004
 30
0
 11
179.3771169999999984
 21
-97.7944629999999933
 31
0
  0
LINE
  5
47E
330
1B
100
AcDbEntity
  8
F.Cu
  6
CONTINUOUS
100
AcDbLine
 10
179.3771169999999984
 20
-97.7944629999999933
 30
0
 11
179.5075149999999837
 21
-97.8815919999999977
 31
0
  0
LINE
  5
47F
330
1B
100
AcDbEntity
  8
F.Cu
  6
CONTINUOUS
100
AcDbLine
 10
179.5075149999999837
 20
-97.8815919999999977
 30
0
 11
179.6184079999999881
 21
-97.9924850000000021
 31
0
  0
LINE
  5
480
330
1B
100
AcDbEntity
  8
F.Cu
  6
CONTINUOUS
100
AcDbLine
 10
179.6184079999999881
 20
-97.9924850000000021
 30
0
 11
179.7055369999999925
 21
-98.1228830000000016
 31
0
  0
LINE
  5
481
330
1B
100
AcDbEntity
  8
F.Cu
  6
CONTINUOUS
100
AcDbLine
 10
179.7055369999999925
 20
-98.1228830000000016
 30
0
 11
179.7655519999999854
 21
-98.2677719999999937
 31
0
  0
LINE
  5
482
330
1B
100
AcDbEntity
  8
F.Cu
  6
CONTINUOUS
100
AcDbLine
 10
179.7655519999999854
 20
-98.2677719999999937
 30
0
 11
179.7961479999999881
 21
-98.4215859999999907
 31
0
  0
LINE
  5
483
330
1B
100
AcDbEntity
  8
F.Cu
  6
CONTINUOUS
100
AcDbLine
 10
179.7961479999999881
 20
-98.4215859999999907
 30
0
 11
179.7961479999999881
 21
-98.5784139999999951
 31
0
  0
LINE
  5
484
330
1B
100
AcDbEntity
  8
F.Cu
  6
CONTINUOUS
100
AcDbLine
 10
179.7961479999999881
 20
-98.5784139999999951
 30
0
 11
179.7655519999999854
 21
-98.7322279999999921
 31
0
  0
LINE
  5
485
330
1B
100
AcDbEntity
  8
F.Cu
  6
CONTINUOUS
100
AcDbLine
 10
179.7655519999999854
 20
-98.7322279999999921
 30
0
 11
179.7055369999999925
 21
-98.8771169999999984
 31
0
  0
LINE
  5
486
330
1B
100
AcDbEntity
  8
F.Cu
  6
CONTINUOUS
100
AcDbLine
 10
179.7055369999999925
 20
-98.8771169999999984
 30
0
 11
179.6184079999999881
 21
-99.0075149999999979
 31
0
  0
LINE
  5
487
330
1B
100
AcDbEntity
  8
F.Cu
  6
CONTINUOUS
100
AcDbLine
 10
179.6184079999999881
 20
-99.0075149999999979
 30
0
 11
179.5075149999999837
 21
-99.1184080000000023
 31
0
  0
LINE
  5
488
330
1B
100
AcDbEntity
  8
F.Cu
  6
CONTINUOUS
100
AcDbLine
 10
179.5075149999999837
 20
-99.1184080000000023
 30
0
 11
179.3771169999999984
 21
-99.2055369999999925
 31
0
  0
LINE
  5
489
330
1B
100
AcDbEntity
  8
F.Cu
  6
CONTINUOUS
100
AcDbLine
 10
179.3771169999999984
 20
-99.2055369999999925
 30
0
 11
179.2322279999999921
 21
-99.2655519999999996
 31
0
  0
LINE
  5
48A
330
1B
100
AcDbEntity
  8
F.Cu
  6
CONTINUOUS
100
AcDbLine
 10
179.2322279999999921
 20
-99.2655519999999996
 30
0
 11
179.0784139999999809
 21
-99.2961480000000023
 31
0
  0
LINE
  5
48B
330
1B
100
AcDbEntity
  8
F.Cu
  6
CONTINUOUS
100
AcDbLine
 10
179.0784139999999809
 20
-99.2961480000000023
 30
0
 11
178.9215859999999907
 21
-99.2961480000000023
 31
0
  0
LINE
  5
48C
330
1B
100
AcDbEntity
  8
F.Cu
  6
CONTINUOUS
100
AcDbLine
 10
178.9215859999999907
 20
-99.2961480000000023
 30
0
 11
178.7677719999999795
 21
-99.2655519999999996
 31
0
  0
LINE
  5
48D
330
1B
100
AcDbEntity
  8
F.Cu
  6
CONTINUOUS
100
AcDbLine
 10
178.7677719999999795
 20
-99.2655519999999996
 30
0
 11
178.6228830000000016
 21
-99.2055369999999925
 31
0
  0
LINE
  5
48E
330
1B
100
AcDbEntity
  8
F.Cu
  6
CONTINUOUS
100
AcDbLine
 10
178.6228830000000016
 20
-99.2055369999999925
 30
0
 11
178.4924849999999878
 21
-99.1184080000000023
 31
0
  0
LINE
  5
48F
330
1B
100
AcDbEntity
  8
F.Cu
  6
CONTINUOUS
100
AcDbLine
 10
178.4924849999999878
 20
-99.1184080000000023
 30
0
 11
178.3815919999999835
 21
-99.0075149999999979
 31
0
  0
LINE
  5
490
330
1B
100
AcDbEntity
  8
F.Cu
  6
CONTINUOUS
100
AcDbLine
 10
178.3815919999999835
 20
-99.0075149999999979
 30
0
 11
178.294462999999979
 21
-98.8771169999999984
 31
0
  0
LINE
  5
491
330
1B
100
AcDbEntity
  8
F.Cu
  6
CONTINUOUS
100
AcDbLine
 10
178.294462999999979
 20
-98.8771169999999984
 30
0
 11
178.2344479999999862
 21
-98.7322279999999921
 31
0
  0
LINE
  5
492
330
1B
100
AcDbEntity
  8
F.Cu
  6
CONTINUOUS
100
AcDbLine
 10
178.2344479999999862
 20
-98.7322279999999921
 30
0
 11
178.2038519999999835
 21
-98.5784139999999951
 31
0
  0
LINE
  5
493
330
1B
100
AcDbEntity
  8
F.Cu
  6
CONTINUOUS
100
AcDbLine
 10
178.2038519999999835
 20
-98.5784139999999951
 30
0
 11
178.2038519999999835
 21
-98.4215859999999907
 31
0
  0
LINE
  5
494
330
1B
100
AcDbEntity
  8
F.Cu
  6
CONTINUOUS
100
AcDbLine
 10
178.2038519999999835
 20
-98.4215859999999907
 30
0
 11
178.2344479999999862
 21
-98.2677719999999937
 31
0
  0
LINE
  5
495
330
1B
100
AcDbEntity
  8
F.Cu
  6
CONTINUOUS
100
AcDbLine
 10
178.2344479999999862
 20
-98.2677719999999937
 30
0
 11
178.294462999999979
 21
-98.1228830000000016
 31
0
  0
LINE
  5
496
330
1B
100
AcDbEntity
  8
F.Cu
  6
CONTINUOUS
100
AcDbLine
 10
178.294462999999979
 20
-98.1228830000000016
 30
0
 11
178.3815919999999835
 21
-97.9924850000000021
 31
0
  0
LINE
  5
497
330
1B
100
AcDbEntity
  8
F.Cu
  6
CONTINUOUS
100
AcDbLine
 10
178.3815919999999835
 20
-97.9924850000000021
 30
0
 11
178.4924849999999878
 21
-97.8815919999999977
 31
0
  0
LINE
  5
498
330
1B
100
AcDbEntity
  8
F.Cu
  6
CONTINUOUS
100
AcDbLine
 10
178.4924849999999878
 20
-97.8815919999999977
 30
0
 11
178.6228830000000016
 21
-97.7944629999999933
 31
0
  0
LINE
  5
499
330
1B
100
AcDbEntity
  8
F.Cu
  6
CONTINUOUS
100
AcDbLine
 10
178.6228830000000016
 20
-97.7944629999999933
 30
0
 11
178.7677719999999795
 21
-97.7344480000000004
 31
0
  0
LINE
  5
49A
330
1B
100
AcDbEntity
  8
F.Cu
  6
CONTINUOUS
100
AcDbLine
 10
178.7677719999999795
 20
-97.7344480000000004
 30
0
 11
178.9215859999999907
 21
-97.7038519999999977
 31
0
  0
LINE
  5
49B
330
1B
100
AcDbEntity
  8
F.Cu
  6
CONTINUOUS
100
AcDbLine
 10
178.9215859999999907
 20
-97.7038519999999977
 30
0
 11
179.0784139999999809
 21
-97.7038519999999977
 31
0
  0
LINE
  5
49C
330
1B
100
AcDbEntity
  8
F.Cu
  6
CONTINUOUS
100
AcDbLine
 10
179.0784139999999809
 20
-97.7038519999999977
 30
0
 11
179.2322279999999921
 21
-97.7344480000000004
 31
0
  0
LINE
  5
49D
330
1B
100
AcDbEntity
  8
F.Cu
  6
CONTINUOUS
100
AcDbLine
 10
105.2467419999999976
 20
-97.416601
 30
0
 11
105.4006869999999907
 21
-97.4803670000000011
 31
0
  0
LINE
  5
49E
330
1B
100
AcDbEntity
  8
F.Cu
  6
CONTINUOUS
100
AcDbLine
 10
105.4006869999999907
 20
-97.4803670000000011
 30
0
 11
105.5392339999999933
 21
-97.5729410000000001
 31
0
  0
LINE
  5
49F
330
1B
100
AcDbEntity
  8
F.Cu
  6
CONTINUOUS
100
AcDbLine
 10
105.5392339999999933
 20
-97.5729410000000001
 30
0
 11
105.6570589999999896
 21
-97.6907659999999964
 31
0
  0
LINE
  5
4A0
330
1B
100
AcDbEntity
  8
F.Cu
  6
CONTINUOUS
100
AcDbLine
 10
105.6570589999999896
 20
-97.6907659999999964
 30
0
 11
105.7496329999999887
 21
-97.8293129999999991
 31
0
  0
LINE
  5
4A1
330
1B
100
AcDbEntity
  8
F.Cu
  6
CONTINUOUS
100
AcDbLine
 10
105.7496329999999887
 20
-97.8293129999999991
 30
0
 11
105.8133989999999898
 21
-97.9832579999999922
 31
0
  0
LINE
  5
4A2
330
1B
100
AcDbEntity
  8
F.Cu
  6
CONTINUOUS
100
AcDbLine
 10
105.8133989999999898
 20
-97.9832579999999922
 30
0
 11
105.8459069999999969
 21
-98.1466849999999909
 31
0
  0
LINE
  5
4A3
330
1B
100
AcDbEntity
  8
F.Cu
  6
CONTINUOUS
100
AcDbLine
 10
105.8459069999999969
 20
-98.1466849999999909
 30
0
 11
105.8459069999999969
 21
-98.3133149999999887
 31
0
  0
LINE
  5
4A4
330
1B
100
AcDbEntity
  8
F.Cu
  6
CONTINUOUS
100
AcDbLine
 10
105.8459069999999969
 20
-98.3133149999999887
 30
0
 11
105.8133989999999898
 21
-98.4767420000000016
 31
0
  0
LINE
  5
4A5
330
1B
100
AcDbEntity
  8
F.Cu
  6
CONTINUOUS
100
AcDbLine
 10
105.8133989999999898
 20
-98.4767420000000016
 30
0
 11
105.7496329999999887
 21
-98.6306869999999947
 31
0
  0
LINE
  5
4A6
330
1B
100
AcDbEntity
  8
F.Cu
  6
CONTINUOUS
100
AcDbLine
 10
105.7496329999999887
 20
-98.6306869999999947
 30
0
 11
105.6570589999999896
 21
-98.7692339999999973
 31
0
  0
LINE
  5
4A7
330
1B
100
AcDbEntity
  8
F.Cu
  6
CONTINUOUS
100
AcDbLine
 10
105.6570589999999896
 20
-98.7692339999999973
 30
0
 11
105.5392339999999933
 21
-98.8870589999999936
 31
0
  0
LINE
  5
4A8
330
1B
100
AcDbEntity
  8
F.Cu
  6
CONTINUOUS
100
AcDbLine
 10
105.5392339999999933
 20
-98.8870589999999936
 30
0
 11
105.4006869999999907
 21
-98.9796329999999926
 31
0
  0
LINE
  5
4A9
330
1B
100
AcDbEntity
  8
F.Cu
  6
CONTINUOUS
100
AcDbLine
 10
105.4006869999999907
 20
-98.9796329999999926
 30
0
 11
105.2467419999999976
 21
-99.0433989999999937
 31
0
  0
LINE
  5
4AA
330
1B
100
AcDbEntity
  8
F.Cu
  6
CONTINUOUS
100
AcDbLine
 10
105.2467419999999976
 20
-99.0433989999999937
 30
0
 11
105.0833149999999989
 21
-99.0759070000000008
 31
0
  0
LINE
  5
4AB
330
1B
100
AcDbEntity
  8
F.Cu
  6
CONTINUOUS
100
AcDbLine
 10
105.0833149999999989
 20
-99.0759070000000008
 30
0
 11
104.9166850000000011
 21
-99.0759070000000008
 31
0
  0
LINE
  5
4AC
330
1B
100
AcDbEntity
  8
F.Cu
  6
CONTINUOUS
100
AcDbLine
 10
104.9166850000000011
 20
-99.0759070000000008
 30
0
 11
104.7532579999999882
 21
-99.0433989999999937
 31
0
  0
LINE
  5
4AD
330
1B
100
AcDbEntity
  8
F.Cu
  6
CONTINUOUS
100
AcDbLine
 10
104.7532579999999882
 20
-99.0433989999999937
 30
0
 11
104.5993129999999951
 21
-98.9796329999999926
 31
0
  0
LINE
  5
4AE
330
1B
100
AcDbEntity
  8
F.Cu
  6
CONTINUOUS
100
AcDbLine
 10
104.5993129999999951
 20
-98.9796329999999926
 30
0
 11
104.4607659999999925
 21
-98.8870589999999936
 31
0
  0
LINE
  5
4AF
330
1B
100
AcDbEntity
  8
F.Cu
  6
CONTINUOUS
100
AcDbLine
 10
104.4607659999999925
 20
-98.8870589999999936
 30
0
 11
104.3429409999999962
 21
-98.7692339999999973
 31
0
  0
LINE
  5
4B0
330
1B
100
AcDbEntity
  8
F.Cu
  6
CONTINUOUS
100
AcDbLine
 10
104.3429409999999962
 20
-98.7692339999999973
 30
0
 11
104.2503669999999971
 21
-98.6306869999999947
 31
0
  0
LINE
  5
4B1
330
1B
100
AcDbEntity
  8
F.Cu
  6
CONTINUOUS
100
AcDbLine
 10
104.2503669999999971
 20
-98.6306869999999947
 30
0
 11
104.186600999999996
 21
-98.4767420000000016
 31
0
  0
LINE
  5
4B2
330
1B
100
AcDbEntity
  8
F.Cu
  6
CONTINUOUS
100
AcDbLine
 10
104.186600999999996
 20
-98.4767420000000016
 30
0
 11
104.1540929999999889
 21
-98.3133149999999887
 31
0
  0
LINE
  5
4B3
330
1B
100
AcDbEntity
  8
F.Cu
  6
CONTINUOUS
100
AcDbLine
 10
104.1540929999999889
 20
-98.3133149999999887
 30
0
 11
104.1540929999999889
 21
-98.1466849999999909
 31
0
  0
LINE
  5
4B4
330
1B
100
AcDbEntity
  8
F.Cu
  6
CONTINUOUS
100
AcDbLine
 10
104.1540929999999889
 20
-98.1466849999999909
 30
0
 11
104.186600999999996
 21
-97.9832579999999922
 31
0
  0
LINE
  5
4B5
330
1B
100
AcDbEntity
  8
F.Cu
  6
CONTINUOUS
100
AcDbLine
 10
104.186600999999996
 20
-97.9832579999999922
 30
0
 11
104.2503669999999971
 21
-97.8293129999999991
 31
0
  0
LINE
  5
4B6
330
1B
100
AcDbEntity
  8
F.Cu
  6
CONTINUOUS
100
AcDbLine
 10
104.2503669999999971
 20
-97.8293129999999991
 30
0
 11
104.3429409999999962
 21
-97.6907659999999964
 31
0
  0
LINE
  5
4B7
330
1B
100
AcDbEntity
  8
F.Cu
  6
CONTINUOUS
100
AcDbLine
 10
104.3429409999999962
 20
-97.6907659999999964
 30
0
 11
104.4607659999999925
 21
-97.5729410000000001
 31
0
  0
LINE
  5
4B8
330
1B
100
AcDbEntity
  8
F.Cu
  6
CONTINUOUS
100
AcDbLine
 10
104.4607659999999925
 20
-97.5729410000000001
 30
0
 11
104.5993129999999951
 21
-97.4803670000000011
 31
0
  0
LINE
  5
4B9
330
1B
100
AcDbEntity
  8
F.Cu
  6
CONTINUOUS
100
AcDbLine
 10
104.5993129999999951
 20
-97.4803670000000011
 30
0
 11
104.7532579999999882
 21
-97.416601
 31
0
  0
LINE
  5
4BA
330
1B
100
AcDbEntity
  8
F.Cu
  6
CONTINUOUS
100
AcDbLine
 10
104.7532579999999882
 20
-97.416601
 30
0
 11
104.9166850000000011
 21
-97.3840929999999929
 31
0
  0
LINE
  5
4BB
330
1B
100
AcDbEntity
  8
F.Cu
  6
CONTINUOUS
100
AcDbLine
 10
104.9166850000000011
 20
-97.3840929999999929
 30
0
 11
105.0833149999999989
 21
-97.3840929999999929
 31
0
  0
LINE
  5
4BC
330
1B
100
AcDbEntity
  8
F.Cu
  6
CONTINUOUS
100
AcDbLine
 10
105.0833149999999989
 20
-97.3840929999999929
 30
0
 11
105.2467419999999976
 21
-97.416601
 31
0
  0
LINE
  5
4BD
330
1B
100
AcDbEntity
  8
F.Cu
  6
CONTINUOUS
100
AcDbLine
 10
95.7322279999999921
 20
-96.7344480000000004
 30
0
 11
95.8771169999999984
 21
-96.7944629999999933
 31
0
  0
LINE
  5
4BE
330
1B
100
AcDbEntity
  8
F.Cu
  6
CONTINUOUS
100
AcDbLine
 10
95.8771169999999984
 20
-96.7944629999999933
 30
0
 11
96.0075149999999979
 21
-96.8815919999999977
 31
0
  0
LINE
  5
4BF
330
1B
100
AcDbEntity
  8
F.Cu
  6
CONTINUOUS
100
AcDbLine
 10
96.0075149999999979
 20
-96.8815919999999977
 30
0
 11
96.1184080000000023
 21
-96.9924850000000021
 31
0
  0
LINE
  5
4C0
330
1B
100
AcDbEntity
  8
F.Cu
  6
CONTINUOUS
100
AcDbLine
 10
96.1184080000000023
 20
-96.9924850000000021
 30
0
 11
96.2055369999999925
 21
-97.1228830000000016
 31
0
  0
LINE
  5
4C1
330
1B
100
AcDbEntity
  8
F.Cu
  6
CONTINUOUS
100
AcDbLine
 10
96.2055369999999925
 20
-97.1228830000000016
 30
0
 11
96.2655519999999996
 21
-97.2677719999999937
 31
0
  0
LINE
  5
4C2
330
1B
100
AcDbEntity
  8
F.Cu
  6
CONTINUOUS
100
AcDbLine
 10
96.2655519999999996
 20
-97.2677719999999937
 30
0
 11
96.2961480000000023
 21
-97.4215859999999907
 31
0
  0
LINE
  5
4C3
330
1B
100
AcDbEntity
  8
F.Cu
  6
CONTINUOUS
100
AcDbLine
 10
96.2961480000000023
 20
-97.4215859999999907
 30
0
 11
96.2961480000000023
 21
-97.5784139999999951
 31
0
  0
LINE
  5
4C4
330
1B
100
AcDbEntity
  8
F.Cu
  6
CONTINUOUS
100
AcDbLine
 10
96.2961480000000023
 20
-97.5784139999999951
 30
0
 11
96.2655519999999996
 21
-97.7322279999999921
 31
0
  0
LINE
  5
4C5
330
1B
100
AcDbEntity
  8
F.Cu
  6
CONTINUOUS
100
AcDbLine
 10
96.2655519999999996
 20
-97.7322279999999921
 30
0
 11
96.2055369999999925
 21
-97.8771169999999984
 31
0
  0
LINE
  5
4C6
330
1B
100
AcDbEntity
  8
F.Cu
  6
CONTINUOUS
100
AcDbLine
 10
96.2055369999999925
 20
-97.8771169999999984
 30
0
 11
96.1184080000000023
 21
-98.0075149999999979
 31
0
  0
LINE
  5
4C7
330
1B
100
AcDbEntity
  8
F.Cu
  6
CONTINUOUS
100
AcDbLine
 10
96.1184080000000023
 20
-98.0075149999999979
 30
0
 11
96.0075149999999979
 21
-98.1184080000000023
 31
0
  0
LINE
  5
4C8
330
1B
100
AcDbEntity
  8
F.Cu
  6
CONTINUOUS
100
AcDbLine
 10
96.0075149999999979
 20
-98.1184080000000023
 30
0
 11
95.8771169999999984
 21
-98.2055369999999925
 31
0
  0
LINE
  5
4C9
330
1B
100
AcDbEntity
  8
F.Cu
  6
CONTINUOUS
100
AcDbLine
 10
95.8771169999999984
 20
-98.2055369999999925
 30
0
 11
95.7322279999999921
 21
-98.2655519999999996
 31
0
  0
LINE
  5
4CA
330
1B
100
AcDbEntity
  8
F.Cu
  6
CONTINUOUS
100
AcDbLine
 10
95.7322279999999921
 20
-98.2655519999999996
 30
0
 11
95.5784139999999951
 21
-98.2961480000000023
 31
0
  0
LINE
  5
4CB
330
1B
100
AcDbEntity
  8
F.Cu
  6
CONTINUOUS
100
AcDbLine
 10
95.5784139999999951
 20
-98.2961480000000023
 30
0
 11
95.4215859999999907
 21
-98.2961480000000023
 31
0
  0
LINE
  5
4CC
330
1B
100
AcDbEntity
  8
F.Cu
  6
CONTINUOUS
100
AcDbLine
 10
95.4215859999999907
 20
-98.2961480000000023
 30
0
 11
95.2677719999999937
 21
-98.2655519999999996
 31
0
  0
LINE
  5
4CD
330
1B
100
AcDbEntity
  8
F.Cu
  6
CONTINUOUS
100
AcDbLine
 10
95.2677719999999937
 20
-98.2655519999999996
 30
0
 11
95.1228830000000016
 21
-98.2055369999999925
 31
0
  0
LINE
  5
4CE
330
1B
100
AcDbEntity
  8
F.Cu
  6
CONTINUOUS
100
AcDbLine
 10
95.1228830000000016
 20
-98.2055369999999925
 30
0
 11
94.9924850000000021
 21
-98.1184080000000023
 31
0
  0
LINE
  5
4CF
330
1B
100
AcDbEntity
  8
F.Cu
  6
CONTINUOUS
100
AcDbLine
 10
94.9924850000000021
 20
-98.1184080000000023
 30
0
 11
94.8815919999999977
 21
-98.0075149999999979
 31
0
  0
LINE
  5
4D0
330
1B
100
AcDbEntity
  8
F.Cu
  6
CONTINUOUS
100
AcDbLine
 10
94.8815919999999977
 20
-98.0075149999999979
 30
0
 11
94.7944629999999933
 21
-97.8771169999999984
 31
0
  0
LINE
  5
4D1
330
1B
100
AcDbEntity
  8
F.Cu
  6
CONTINUOUS
100
AcDbLine
 10
94.7944629999999933
 20
-97.8771169999999984
 30
0
 11
94.7344480000000004
 21
-97.7322279999999921
 31
0
  0
LINE
  5
4D2
330
1B
100
AcDbEntity
  8
F.Cu
  6
CONTINUOUS
100
AcDbLine
 10
94.7344480000000004
 20
-97.7322279999999921
 30
0
 11
94.7038519999999977
 21
-97.5784139999999951
 31
0
  0
LINE
  5
4D3
330
1B
100
AcDbEntity
  8
F.Cu
  6
CONTINUOUS
100
AcDbLine
 10
94.7038519999999977
 20
-97.5784139999999951
 30
0
 11
94.7038519999999977
 21
-97.4215859999999907
 31
0
  0
LINE
  5
4D4
330
1B
100
AcDbEntity
  8
F.Cu
  6
CONTINUOUS
100
AcDbLine
 10
94.7038519999999977
 20
-97.4215859999999907
 30
0
 11
94.7344480000000004
 21
-97.2677719999999937
 31
0
  0
LINE
  5
4D5
330
1B
100
AcDbEntity
  8
F.Cu
  6
CONTINUOUS
100
AcDbLine
 10
94.7344480000000004
 20
-97.2677719999999937
 30
0
 11
94.7944629999999933
 21
-97.1228830000000016
 31
0
  0
LINE
  5
4D6
330
1B
100
AcDbEntity
  8
F.Cu
  6
CONTINUOUS
100
AcDbLine
 10
94.7944629999999933
 20
-97.1228830000000016
 30
0
 11
94.8815919999999977
 21
-96.9924850000000021
 31
0
  0
LINE
  5
4D7
330
1B
100
AcDbEntity
  8
F.Cu
  6
CONTINUOUS
100
AcDbLine
 10
94.8815919999999977
 20
-96.9924850000000021
 30
0
 11
94.9924850000000021
 21
-96.8815919999999977
 31
0
  0
LINE
  5
4D8
330
1B
100
AcDbEntity
  8
F.Cu
  6
CONTINUOUS
100
AcDbLine
 10
94.9924850000000021
 20
-96.8815919999999977
 30
0
 11
95.1228830000000016
 21
-96.7944629999999933
 31
0
  0
LINE
  5
4D9
330
1B
100
AcDbEntity
  8
F.Cu
  6
CONTINUOUS
100
AcDbLine
 10
95.1228830000000016
 20
-96.7944629999999933
 30
0
 11
95.2677719999999937
 21
-96.7344480000000004
 31
0
  0
LINE
  5
4DA
330
1B
100
AcDbEntity
  8
F.Cu
  6
CONTINUOUS
100
AcDbLine
 10
95.2677719999999937
 20
-96.7344480000000004
 30
0
 11
95.4215859999999907
 21
-96.7038519999999977
 31
0
  0
LINE
  5
4DB
330
1B
100
AcDbEntity
  8
F.Cu
  6
CONTINUOUS
100
AcDbLine
 10
95.4215859999999907
 20
-96.7038519999999977
 30
0
 11
95.5784139999999951
 21
-96.7038519999999977
 31
0
  0
LINE
  5
4DC
330
1B
100
AcDbEntity
  8
F.Cu
  6
CONTINUOUS
100
AcDbLine
 10
95.5784139999999951
 20
-96.7038519999999977
 30
0
 11
95.7322279999999921
 21
-96.7344480000000004
 31
0
  0
LINE
  5
4DD
330
1B
100
AcDbEntity
  8
F.Cu
  6
CONTINUOUS
100
AcDbLine
 10
114.2322279999999921
 20
-96.2344480000000004
 30
0
 11
114.3771169999999984
 21
-96.2944629999999933
 31
0
  0
LINE
  5
4DE
330
1B
100
AcDbEntity
  8
F.Cu
  6
CONTINUOUS
100
AcDbLine
 10
114.3771169999999984
 20
-96.2944629999999933
 30
0
 11
114.5075149999999979
 21
-96.3815919999999977
 31
0
  0
LINE
  5
4DF
330
1B
100
AcDbEntity
  8
F.Cu
  6
CONTINUOUS
100
AcDbLine
 10
114.5075149999999979
 20
-96.3815919999999977
 30
0
 11
114.6184079999999881
 21
-96.4924850000000021
 31
0
  0
LINE
  5
4E0
330
1B
100
AcDbEntity
  8
F.Cu
  6
CONTINUOUS
100
AcDbLine
 10
114.6184079999999881
 20
-96.4924850000000021
 30
0
 11
114.7055369999999925
 21
-96.6228830000000016
 31
0
  0
LINE
  5
4E1
330
1B
100
AcDbEntity
  8
F.Cu
  6
CONTINUOUS
100
AcDbLine
 10
114.7055369999999925
 20
-96.6228830000000016
 30
0
 11
114.7655519999999996
 21
-96.7677719999999937
 31
0
  0
LINE
  5
4E2
330
1B
100
AcDbEntity
  8
F.Cu
  6
CONTINUOUS
100
AcDbLine
 10
114.7655519999999996
 20
-96.7677719999999937
 30
0
 11
114.7961479999999881
 21
-96.9215859999999907
 31
0
  0
LINE
  5
4E3
330
1B
100
AcDbEntity
  8
F.Cu
  6
CONTINUOUS
100
AcDbLine
 10
114.7961479999999881
 20
-96.9215859999999907
 30
0
 11
114.7961479999999881
 21
-97.0784139999999951
 31
0
  0
LINE
  5
4E4
330
1B
100
AcDbEntity
  8
F.Cu
  6
CONTINUOUS
100
AcDbLine
 10
114.7961479999999881
 20
-97.0784139999999951
 30
0
 11
114.7655519999999996
 21
-97.2322279999999921
 31
0
  0
LINE
  5
4E5
330
1B
100
AcDbEntity
  8
F.Cu
  6
CONTINUOUS
100
AcDbLine
 10
114.7655519999999996
 20
-97.2322279999999921
 30
0
 11
114.7055369999999925
 21
-97.3771169999999984
 31
0
  0
LINE
  5
4E6
330
1B
100
AcDbEntity
  8
F.Cu
  6
CONTINUOUS
100
AcDbLine
 10
114.7055369999999925
 20
-97.3771169999999984
 30
0
 11
114.6184079999999881
 21
-97.5075149999999979
 31
0
  0
LINE
  5
4E7
330
1B
100
AcDbEntity
  8
F.Cu
  6
CONTINUOUS
100
AcDbLine
 10
114.6184079999999881
 20
-97.5075149999999979
 30
0
 11
114.5075149999999979
 21
-97.6184080000000023
 31
0
  0
LINE
  5
4E8
330
1B
100
AcDbEntity
  8
F.Cu
  6
CONTINUOUS
100
AcDbLine
 10
114.5075149999999979
 20
-97.6184080000000023
 30
0
 11
114.3771169999999984
 21
-97.7055369999999925
 31
0
  0
LINE
  5
4E9
330
1B
100
AcDbEntity
  8
F.Cu
  6
CONTINUOUS
100
AcDbLine
 10
114.3771169999999984
 20
-97.7055369999999925
 30
0
 11
114.2322279999999921
 21
-97.7655519999999996
 31
0
  0
LINE
  5
4EA
330
1B
100
AcDbEntity
  8
F.Cu
  6
CONTINUOUS
100
AcDbLine
 10
114.2322279999999921
 20
-97.7655519999999996
 30
0
 11
114.0784139999999951
 21
-97.7961480000000023
 31
0
  0
LINE
  5
4EB
330
1B
100
AcDbEntity
  8
F.Cu
  6
CONTINUOUS
100
AcDbLine
 10
114.0784139999999951
 20
-97.7961480000000023
 30
0
 11
113.9215859999999907
 21
-97.7961480000000023
 31
0
  0
LINE
  5
4EC
330
1B
100
AcDbEntity
  8
F.Cu
  6
CONTINUOUS
100
AcDbLine
 10
113.9215859999999907
 20
-97.7961480000000023
 30
0
 11
113.7677719999999937
 21
-97.7655519999999996
 31
0
  0
LINE
  5
4ED
330
1B
100
AcDbEntity
  8
F.Cu
  6
CONTINUOUS
100
AcDbLine
 10
113.7677719999999937
 20
-97.7655519999999996
 30
0
 11
113.6228830000000016
 21
-97.7055369999999925
 31
0
  0
LINE
  5
4EE
330
1B
100
AcDbEntity
  8
F.Cu
  6
CONTINUOUS
100
AcDbLine
 10
113.6228830000000016
 20
-97.7055369999999925
 30
0
 11
113.4924849999999878
 21
-97.6184080000000023
 31
0
  0
LINE
  5
4EF
330
1B
100
AcDbEntity
  8
F.Cu
  6
CONTINUOUS
100
AcDbLine
 10
113.4924849999999878
 20
-97.6184080000000023
 30
0
 11
113.3815919999999977
 21
-97.5075149999999979
 31
0
  0
LINE
  5
4F0
330
1B
100
AcDbEntity
  8
F.Cu
  6
CONTINUOUS
100
AcDbLine
 10
113.3815919999999977
 20
-97.5075149999999979
 30
0
 11
113.2944629999999933
 21
-97.3771169999999984
 31
0
  0
LINE
  5
4F1
330
1B
100
AcDbEntity
  8
F.Cu
  6
CONTINUOUS
100
AcDbLine
 10
113.2944629999999933
 20
-97.3771169999999984
 30
0
 11
113.2344480000000004
 21
-97.2322279999999921
 31
0
  0
LINE
  5
4F2
330
1B
100
AcDbEntity
  8
F.Cu
  6
CONTINUOUS
100
AcDbLine
 10
113.2344480000000004
 20
-97.2322279999999921
 30
0
 11
113.2038519999999977
 21
-97.0784139999999951
 31
0
  0
LINE
  5
4F3
330
1B
100
AcDbEntity
  8
F.Cu
  6
CONTINUOUS
100
AcDbLine
 10
113.2038519999999977
 20
-97.0784139999999951
 30
0
 11
113.2038519999999977
 21
-96.9215859999999907
 31
0
  0
LINE
  5
4F4
330
1B
100
AcDbEntity
  8
F.Cu
  6
CONTINUOUS
100
AcDbLine
 10
113.2038519999999977
 20
-96.9215859999999907
 30
0
 11
113.2344480000000004
 21
-96.7677719999999937
 31
0
  0
LINE
  5
4F5
330
1B
100
AcDbEntity
  8
F.Cu
  6
CONTINUOUS
100
AcDbLine
 10
113.2344480000000004
 20
-96.7677719999999937
 30
0
 11
113.2944629999999933
 21
-96.6228830000000016
 31
0
  0
LINE
  5
4F6
330
1B
100
AcDbEntity
  8
F.Cu
  6
CONTINUOUS
100
AcDbLine
 10
113.2944629999999933
 20
-96.6228830000000016
 30
0
 11
113.3815919999999977
 21
-96.4924850000000021
 31
0
  0
LINE
  5
4F7
330
1B
100
AcDbEntity
  8
F.Cu
  6
CONTINUOUS
100
AcDbLine
 10
113.3815919999999977
 20
-96.4924850000000021
 30
0
 11
113.4924849999999878
 21
-96.3815919999999977
 31
0
  0
LINE
  5
4F8
330
1B
100
AcDbEntity
  8
F.Cu
  6
CONTINUOUS
100
AcDbLine
 10
113.4924849999999878
 20
-96.3815919999999977
 30
0
 11
113.6228830000000016
 21
-96.2944629999999933
 31
0
  0
LINE
  5
4F9
330
1B
100
AcDbEntity
  8
F.Cu
  6
CONTINUOUS
100
AcDbLine
 10
113.6228830000000016
 20
-96.2944629999999933
 30
0
 11
113.7677719999999937
 21
-96.2344480000000004
 31
0
  0
LINE
  5
4FA
330
1B
100
AcDbEntity
  8
F.Cu
  6
CONTINUOUS
100
AcDbLine
 10
113.7677719999999937
 20
-96.2344480000000004
 30
0
 11
113.9215859999999907
 21
-96.2038519999999977
 31
0
  0
LINE
  5
4FB
330
1B
100
AcDbEntity
  8
F.Cu
  6
CONTINUOUS
100
AcDbLine
 10
113.9215859999999907
 20
-96.2038519999999977
 30
0
 11
114.0784139999999951
 21
-96.2038519999999977
 31
0
  0
LINE
  5
4FC
330
1B
100
AcDbEntity
  8
F.Cu
  6
CONTINUOUS
100
AcDbLine
 10
114.0784139999999951
 20
-96.2038519999999977
 30
0
 11
114.2322279999999921
 21
-96.2344480000000004
 31
0
  0
LINE
  5
4FD
330
1B
100
AcDbEntity
  8
F.Cu
  6
CONTINUOUS
100
AcDbLine
 10
142.2322279999999921
 20
-95.5444480000000027
 30
0
 11
142.3771169999999984
 21
-95.6044629999999955
 31
0
  0
LINE
  5
4FE
330
1B
100
AcDbEntity
  8
F.Cu
  6
CONTINUOUS
100
AcDbLine
 10
142.3771169999999984
 20
-95.6044629999999955
 30
0
 11
142.5075149999999837
 21
-95.691592
 31
0
  0
LINE
  5
4FF
330
1B
100
AcDbEntity
  8
F.Cu
  6
CONTINUOUS
100
AcDbLine
 10
142.5075149999999837
 20
-95.691592
 30
0
 11
142.6184079999999881
 21
-95.8024849999999901
 31
0
  0
LINE
  5
500
330
1B
100
AcDbEntity
  8
F.Cu
  6
CONTINUOUS
100
AcDbLine
 10
142.6184079999999881
 20
-95.8024849999999901
 30
0
 11
142.7055369999999925
 21
-95.9328829999999897
 31
0
  0
LINE
  5
501
330
1B
100
AcDbEntity
  8
F.Cu
  6
CONTINUOUS
100
AcDbLine
 10
142.7055369999999925
 20
-95.9328829999999897
 30
0
 11
142.7655519999999854
 21
-96.077771999999996
 31
0
  0
LINE
  5
502
330
1B
100
AcDbEntity
  8
F.Cu
  6
CONTINUOUS
100
AcDbLine
 10
142.7655519999999854
 20
-96.077771999999996
 30
0
 11
142.7961479999999881
 21
-96.231585999999993
 31
0
  0
LINE
  5
503
330
1B
100
AcDbEntity
  8
F.Cu
  6
CONTINUOUS
100
AcDbLine
 10
142.7961479999999881
 20
-96.231585999999993
 30
0
 11
142.7961479999999881
 21
-96.3884139999999974
 31
0
  0
LINE
  5
504
330
1B
100
AcDbEntity
  8
F.Cu
  6
CONTINUOUS
100
AcDbLine
 10
142.7961479999999881
 20
-96.3884139999999974
 30
0
 11
142.7655519999999854
 21
-96.5422279999999944
 31
0
  0
LINE
  5
505
330
1B
100
AcDbEntity
  8
F.Cu
  6
CONTINUOUS
100
AcDbLine
 10
142.7655519999999854
 20
-96.5422279999999944
 30
0
 11
142.7055369999999925
 21
-96.6871170000000006
 31
0
  0
LINE
  5
506
330
1B
100
AcDbEntity
  8
F.Cu
  6
CONTINUOUS
100
AcDbLine
 10
142.7055369999999925
 20
-96.6871170000000006
 30
0
 11
142.6184079999999881
 21
-96.8175150000000002
 31
0
  0
LINE
  5
507
330
1B
100
AcDbEntity
  8
F.Cu
  6
CONTINUOUS
100
AcDbLine
 10
142.6184079999999881
 20
-96.8175150000000002
 30
0
 11
142.5075149999999837
 21
-96.9284079999999904
 31
0
  0
LINE
  5
508
330
1B
100
AcDbEntity
  8
F.Cu
  6
CONTINUOUS
100
AcDbLine
 10
142.5075149999999837
 20
-96.9284079999999904
 30
0
 11
142.3771169999999984
 21
-97.0155369999999948
 31
0
  0
LINE
  5
509
330
1B
100
AcDbEntity
  8
F.Cu
  6
CONTINUOUS
100
AcDbLine
 10
142.3771169999999984
 20
-97.0155369999999948
 30
0
 11
142.2322279999999921
 21
-97.0755520000000018
 31
0
  0
LINE
  5
50A
330
1B
100
AcDbEntity
  8
F.Cu
  6
CONTINUOUS
100
AcDbLine
 10
142.2322279999999921
 20
-97.0755520000000018
 30
0
 11
142.0784139999999809
 21
-97.1061479999999904
 31
0
  0
LINE
  5
50B
330
1B
100
AcDbEntity
  8
F.Cu
  6
CONTINUOUS
100
AcDbLine
 10
142.0784139999999809
 20
-97.1061479999999904
 30
0
 11
141.9215859999999907
 21
-97.1061479999999904
 31
0
  0
LINE
  5
50C
330
1B
100
AcDbEntity
  8
F.Cu
  6
CONTINUOUS
100
AcDbLine
 10
141.9215859999999907
 20
-97.1061479999999904
 30
0
 11
141.7677719999999795
 21
-97.0755520000000018
 31
0
  0
LINE
  5
50D
330
1B
100
AcDbEntity
  8
F.Cu
  6
CONTINUOUS
100
AcDbLine
 10
141.7677719999999795
 20
-97.0755520000000018
 30
0
 11
141.6228830000000016
 21
-97.0155369999999948
 31
0
  0
LINE
  5
50E
330
1B
100
AcDbEntity
  8
F.Cu
  6
CONTINUOUS
100
AcDbLine
 10
141.6228830000000016
 20
-97.0155369999999948
 30
0
 11
141.4924849999999878
 21
-96.9284079999999904
 31
0
  0
LINE
  5
50F
330
1B
100
AcDbEntity
  8
F.Cu
  6
CONTINUOUS
100
AcDbLine
 10
141.4924849999999878
 20
-96.9284079999999904
 30
0
 11
141.3815919999999835
 21
-96.8175150000000002
 31
0
  0
LINE
  5
510
330
1B
100
AcDbEntity
  8
F.Cu
  6
CONTINUOUS
100
AcDbLine
 10
141.3815919999999835
 20
-96.8175150000000002
 30
0
 11
141.2944630000000075
 21
-96.6871170000000006
 31
0
  0
LINE
  5
511
330
1B
100
AcDbEntity
  8
F.Cu
  6
CONTINUOUS
100
AcDbLine
 10
141.2944630000000075
 20
-96.6871170000000006
 30
0
 11
141.2344479999999862
 21
-96.5422279999999944
 31
0
  0
LINE
  5
512
330
1B
100
AcDbEntity
  8
F.Cu
  6
CONTINUOUS
100
AcDbLine
 10
141.2344479999999862
 20
-96.5422279999999944
 30
0
 11
141.2038519999999835
 21
-96.3884139999999974
 31
0
  0
LINE
  5
513
330
1B
100
AcDbEntity
  8
F.Cu
  6
CONTINUOUS
100
AcDbLine
 10
141.2038519999999835
 20
-96.3884139999999974
 30
0
 11
141.2038519999999835
 21
-96.231585999999993
 31
0
  0
LINE
  5
514
330
1B
100
AcDbEntity
  8
F.Cu
  6
CONTINUOUS
100
AcDbLine
 10
141.2038519999999835
 20
-96.231585999999993
 30
0
 11
141.2344479999999862
 21
-96.077771999999996
 31
0
  0
LINE
  5
515
330
1B
100
AcDbEntity
  8
F.Cu
  6
CONTINUOUS
100
AcDbLine
 10
141.2344479999999862
 20
-96.077771999999996
 30
0
 11
141.2944630000000075
 21
-95.9328829999999897
 31
0
  0
LINE
  5
516
330
1B
100
AcDbEntity
  8
F.Cu
  6
CONTINUOUS
100
AcDbLine
 10
141.2944630000000075
 20
-95.9328829999999897
 30
0
 11
141.3815919999999835
 21
-95.8024849999999901
 31
0
  0
LINE
  5
517
330
1B
100
AcDbEntity
  8
F.Cu
  6
CONTINUOUS
100
AcDbLine
 10
141.3815919999999835
 20
-95.8024849999999901
 30
0
 11
141.4924849999999878
 21
-95.691592
 31
0
  0
LINE
  5
518
330
1B
100
AcDbEntity
  8
F.Cu
  6
CONTINUOUS
100
AcDbLine
 10
141.4924849999999878
 20
-95.691592
 30
0
 11
141.6228830000000016
 21
-95.6044629999999955
 31
0
  0
LINE
  5
519
330
1B
100
AcDbEntity
  8
F.Cu
  6
CONTINUOUS
100
AcDbLine
 10
141.6228830000000016
 20
-95.6044629999999955
 30
0
 11
141.7677719999999795
 21
-95.5444480000000027
 31
0
  0
LINE
  5
51A
330
1B
100
AcDbEntity
  8
F.Cu
  6
CONTINUOUS
100
AcDbLine
 10
141.7677719999999795
 20
-95.5444480000000027
 30
0
 11
141.9215859999999907
 21
-95.513852
 31
0
  0
LINE
  5
51B
330
1B
100
AcDbEntity
  8
F.Cu
  6
CONTINUOUS
100
AcDbLine
 10
141.9215859999999907
 20
-95.513852
 30
0
 11
142.0784139999999809
 21
-95.513852
 31
0
  0
LINE
  5
51C
330
1B
100
AcDbEntity
  8
F.Cu
  6
CONTINUOUS
100
AcDbLine
 10
142.0784139999999809
 20
-95.513852
 30
0
 11
142.2322279999999921
 21
-95.5444480000000027
 31
0
  0
LINE
  5
51D
330
1B
100
AcDbEntity
  8
F.Cu
  6
CONTINUOUS
100
AcDbLine
 10
147.2322279999999921
 20
-95.5444480000000027
 30
0
 11
147.3771169999999984
 21
-95.6044629999999955
 31
0
  0
LINE
  5
51E
330
1B
100
AcDbEntity
  8
F.Cu
  6
CONTINUOUS
100
AcDbLine
 10
147.3771169999999984
 20
-95.6044629999999955
 30
0
 11
147.5075149999999837
 21
-95.691592
 31
0
  0
LINE
  5
51F
330
1B
100
AcDbEntity
  8
F.Cu
  6
CONTINUOUS
100
AcDbLine
 10
147.5075149999999837
 20
-95.691592
 30
0
 11
147.6184079999999881
 21
-95.8024849999999901
 31
0
  0
LINE
  5
520
330
1B
100
AcDbEntity
  8
F.Cu
  6
CONTINUOUS
100
AcDbLine
 10
147.6184079999999881
 20
-95.8024849999999901
 30
0
 11
147.7055369999999925
 21
-95.9328829999999897
 31
0
  0
LINE
  5
521
330
1B
100
AcDbEntity
  8
F.Cu
  6
CONTINUOUS
100
AcDbLine
 10
147.7055369999999925
 20
-95.9328829999999897
 30
0
 11
147.7655519999999854
 21
-96.077771999999996
 31
0
  0
LINE
  5
522
330
1B
100
AcDbEntity
  8
F.Cu
  6
CONTINUOUS
100
AcDbLine
 10
147.7655519999999854
 20
-96.077771999999996
 30
0
 11
147.7961479999999881
 21
-96.231585999999993
 31
0
  0
LINE
  5
523
330
1B
100
AcDbEntity
  8
F.Cu
  6
CONTINUOUS
100
AcDbLine
 10
147.7961479999999881
 20
-96.231585999999993
 30
0
 11
147.7961479999999881
 21
-96.3884139999999974
 31
0
  0
LINE
  5
524
330
1B
100
AcDbEntity
  8
F.Cu
  6
CONTINUOUS
100
AcDbLine
 10
147.7961479999999881
 20
-96.3884139999999974
 30
0
 11
147.7655519999999854
 21
-96.5422279999999944
 31
0
  0
LINE
  5
525
330
1B
100
AcDbEntity
  8
F.Cu
  6
CONTINUOUS
100
AcDbLine
 10
147.7655519999999854
 20
-96.5422279999999944
 30
0
 11
147.7055369999999925
 21
-96.6871170000000006
 31
0
  0
LINE
  5
526
330
1B
100
AcDbEntity
  8
F.Cu
  6
CONTINUOUS
100
AcDbLine
 10
147.7055369999999925
 20
-96.6871170000000006
 30
0
 11
147.6184079999999881
 21
-96.8175150000000002
 31
0
  0
LINE
  5
527
330
1B
100
AcDbEntity
  8
F.Cu
  6
CONTINUOUS
100
AcDbLine
 10
147.6184079999999881
 20
-96.8175150000000002
 30
0
 11
147.5075149999999837
 21
-96.9284079999999904
 31
0
  0
LINE
  5
528
330
1B
100
AcDbEntity
  8
F.Cu
  6
CONTINUOUS
100
AcDbLine
 10
147.5075149999999837
 20
-96.9284079999999904
 30
0
 11
147.3771169999999984
 21
-97.0155369999999948
 31
0
  0
LINE
  5
529
330
1B
100
AcDbEntity
  8
F.Cu
  6
CONTINUOUS
100
AcDbLine
 10
147.3771169999999984
 20
-97.0155369999999948
 30
0
 11
147.2322279999999921
 21
-97.0755520000000018
 31
0
  0
LINE
  5
52A
330
1B
100
AcDbEntity
  8
F.Cu
  6
CONTINUOUS
100
AcDbLine
 10
147.2322279999999921
 20
-97.0755520000000018
 30
0
 11
147.0784139999999809
 21
-97.1061479999999904
 31
0
  0
LINE
  5
52B
330
1B
100
AcDbEntity
  8
F.Cu
  6
CONTINUOUS
100
AcDbLine
 10
147.0784139999999809
 20
-97.1061479999999904
 30
0
 11
146.9215859999999907
 21
-97.1061479999999904
 31
0
  0
LINE
  5
52C
330
1B
100
AcDbEntity
  8
F.Cu
  6
CONTINUOUS
100
AcDbLine
 10
146.9215859999999907
 20
-97.1061479999999904
 30
0
 11
146.7677719999999795
 21
-97.0755520000000018
 31
0
  0
LINE
  5
52D
330
1B
100
AcDbEntity
  8
F.Cu
  6
CONTINUOUS
100
AcDbLine
 10
146.7677719999999795
 20
-97.0755520000000018
 30
0
 11
146.6228830000000016
 21
-97.0155369999999948
 31
0
  0
LINE
  5
52E
330
1B
100
AcDbEntity
  8
F.Cu
  6
CONTINUOUS
100
AcDbLine
 10
146.6228830000000016
 20
-97.0155369999999948
 30
0
 11
146.4924849999999878
 21
-96.9284079999999904
 31
0
  0
LINE
  5
52F
330
1B
100
AcDbEntity
  8
F.Cu
  6
CONTINUOUS
100
AcDbLine
 10
146.4924849999999878
 20
-96.9284079999999904
 30
0
 11
146.3815919999999835
 21
-96.8175150000000002
 31
0
  0
LINE
  5
530
330
1B
100
AcDbEntity
  8
F.Cu
  6
CONTINUOUS
100
AcDbLine
 10
146.3815919999999835
 20
-96.8175150000000002
 30
0
 11
146.2944630000000075
 21
-96.6871170000000006
 31
0
  0
LINE
  5
531
330
1B
100
AcDbEntity
  8
F.Cu
  6
CONTINUOUS
100
AcDbLine
 10
146.2944630000000075
 20
-96.6871170000000006
 30
0
 11
146.2344479999999862
 21
-96.5422279999999944
 31
0
  0
LINE
  5
532
330
1B
100
AcDbEntity
  8
F.Cu
  6
CONTINUOUS
100
AcDbLine
 10
146.2344479999999862
 20
-96.5422279999999944
 30
0
 11
146.2038519999999835
 21
-96.3884139999999974
 31
0
  0
LINE
  5
533
330
1B
100
AcDbEntity
  8
F.Cu
  6
CONTINUOUS
100
AcDbLine
 10
146.2038519999999835
 20
-96.3884139999999974
 30
0
 11
146.2038519999999835
 21
-96.231585999999993
 31
0
  0
LINE
  5
534
330
1B
100
AcDbEntity
  8
F.Cu
  6
CONTINUOUS
100
AcDbLine
 10
146.2038519999999835
 20
-96.231585999999993
 30
0
 11
146.2344479999999862
 21
-96.077771999999996
 31
0
  0
LINE
  5
535
330
1B
100
AcDbEntity
  8
F.Cu
  6
CONTINUOUS
100
AcDbLine
 10
146.2344479999999862
 20
-96.077771999999996
 30
0
 11
146.2944630000000075
 21
-95.9328829999999897
 31
0
  0
LINE
  5
536
330
1B
100
AcDbEntity
  8
F.Cu
  6
CONTINUOUS
100
AcDbLine
 10
146.2944630000000075
 20
-95.9328829999999897
 30
0
 11
146.3815919999999835
 21
-95.8024849999999901
 31
0
  0
LINE
  5
537
330
1B
100
AcDbEntity
  8
F.Cu
  6
CONTINUOUS
100
AcDbLine
 10
146.3815919999999835
 20
-95.8024849999999901
 30
0
 11
146.4924849999999878
 21
-95.691592
 31
0
  0
LINE
  5
538
330
1B
100
AcDbEntity
  8
F.Cu
  6
CONTINUOUS
100
AcDbLine
 10
146.4924849999999878
 20
-95.691592
 30
0
 11
146.6228830000000016
 21
-95.6044629999999955
 31
0
  0
LINE
  5
539
330
1B
100
AcDbEntity
  8
F.Cu
  6
CONTINUOUS
100
AcDbLine
 10
146.6228830000000016
 20
-95.6044629999999955
 30
0
 11
146.7677719999999795
 21
-95.5444480000000027
 31
0
  0
LINE
  5
53A
330
1B
100
AcDbEntity
  8
F.Cu
  6
CONTINUOUS
100
AcDbLine
 10
146.7677719999999795
 20
-95.5444480000000027
 30
0
 11
146.9215859999999907
 21
-95.513852
 31
0
  0
LINE
  5
53B
330
1B
100
AcDbEntity
  8
F.Cu
  6
CONTINUOUS
100
AcDbLine
 10
146.9215859999999907
 20
-95.513852
 30
0
 11
147.0784139999999809
 21
-95.513852
 31
0
  0
LINE
  5
53C
330
1B
100
AcDbEntity
  8
F.Cu
  6
CONTINUOUS
100
AcDbLine
 10
147.0784139999999809
 20
-95.513852
 30
0
 11
147.2322279999999921
 21
-95.5444480000000027
 31
0
  0
LINE
  5
53D
330
1B
100
AcDbEntity
  8
F.Cu
  6
CONTINUOUS
100
AcDbLine
 10
122.0256709999999885
 20
-94.6290300000000002
 30
0
 11
122.1067769999999939
 21
-94.6832229999999981
 31
0
  0
LINE
  5
53E
330
1B
100
AcDbEntity
  8
F.Cu
  6
CONTINUOUS
100
AcDbLine
 10
122.1067769999999939
 20
-94.6832229999999981
 30
0
 11
122.1609699999999918
 21
-94.7643289999999894
 31
0
  0
LINE
  5
53F
330
1B
100
AcDbEntity
  8
F.Cu
  6
CONTINUOUS
100
AcDbLine
 10
122.1609699999999918
 20
-94.7643289999999894
 30
0
 11
122.1799999999999926
 21
-94.8599999999999994
 31
0
  0
LINE
  5
540
330
1B
100
AcDbEntity
  8
F.Cu
  6
CONTINUOUS
100
AcDbLine
 10
122.1799999999999926
 20
-94.8599999999999994
 30
0
 11
122.1799999999999926
 21
-96.7599999999999909
 31
0
  0
LINE
  5
541
330
1B
100
AcDbEntity
  8
F.Cu
  6
CONTINUOUS
100
AcDbLine
 10
122.1799999999999926
 20
-96.7599999999999909
 30
0
 11
122.1609699999999918
 21
-96.855671000000001
 31
0
  0
LINE
  5
542
330
1B
100
AcDbEntity
  8
F.Cu
  6
CONTINUOUS
100
AcDbLine
 10
122.1609699999999918
 20
-96.855671000000001
 30
0
 11
122.1067769999999939
 21
-96.9367769999999922
 31
0
  0
LINE
  5
543
330
1B
100
AcDbEntity
  8
F.Cu
  6
CONTINUOUS
100
AcDbLine
 10
122.1067769999999939
 20
-96.9367769999999922
 30
0
 11
122.0256709999999885
 21
-96.9909699999999901
 31
0
  0
LINE
  5
544
330
1B
100
AcDbEntity
  8
F.Cu
  6
CONTINUOUS
100
AcDbLine
 10
122.0256709999999885
 20
-96.9909699999999901
 30
0
 11
121.9299999999999926
 21
-97.0099999999999909
 31
0
  0
LINE
  5
545
330
1B
100
AcDbEntity
  8
F.Cu
  6
CONTINUOUS
100
AcDbLine
 10
121.9299999999999926
 20
-97.0099999999999909
 30
0
 11
120.8299999999999983
 21
-97.0099999999999909
 31
0
  0
LINE
  5
546
330
1B
100
AcDbEntity
  8
F.Cu
  6
CONTINUOUS
100
AcDbLine
 10
120.8299999999999983
 20
-97.0099999999999909
 30
0
 11
120.7343289999999882
 21
-96.9909699999999901
 31
0
  0
LINE
  5
547
330
1B
100
AcDbEntity
  8
F.Cu
  6
CONTINUOUS
100
AcDbLine
 10
120.7343289999999882
 20
-96.9909699999999901
 30
0
 11
120.653222999999997
 21
-96.9367769999999922
 31
0
  0
LINE
  5
548
330
1B
100
AcDbEntity
  8
F.Cu
  6
CONTINUOUS
100
AcDbLine
 10
120.653222999999997
 20
-96.9367769999999922
 30
0
 11
120.5990299999999991
 21
-96.855671000000001
 31
0
  0
LINE
  5
549
330
1B
100
AcDbEntity
  8
F.Cu
  6
CONTINUOUS
100
AcDbLine
 10
120.5990299999999991
 20
-96.855671000000001
 30
0
 11
120.5799999999999983
 21
-96.7599999999999909
 31
0
  0
LINE
  5
54A
330
1B
100
AcDbEntity
  8
F.Cu
  6
CONTINUOUS
100
AcDbLine
 10
120.5799999999999983
 20
-96.7599999999999909
 30
0
 11
120.5799999999999983
 21
-94.8599999999999994
 31
0
  0
LINE
  5
54B
330
1B
100
AcDbEntity
  8
F.Cu
  6
CONTINUOUS
100
AcDbLine
 10
120.5799999999999983
 20
-94.8599999999999994
 30
0
 11
120.5990299999999991
 21
-94.7643289999999894
 31
0
  0
LINE
  5
54C
330
1B
100
AcDbEntity
  8
F.Cu
  6
CONTINUOUS
100
AcDbLine
 10
120.5990299999999991
 20
-94.7643289999999894
 30
0
 11
120.653222999999997
 21
-94.6832229999999981
 31
0
  0
LINE
  5
54D
330
1B
100
AcDbEntity
  8
F.Cu
  6
CONTINUOUS
100
AcDbLine
 10
120.653222999999997
 20
-94.6832229999999981
 30
0
 11
120.7343289999999882
 21
-94.6290300000000002
 31
0
  0
LINE
  5
54E
330
1B
100
AcDbEntity
  8
F.Cu
  6
CONTINUOUS
100
AcDbLine
 10
120.7343289999999882
 20
-94.6290300000000002
 30
0
 11
120.8299999999999983
 21
-94.6099999999999994
 31
0
  0
LINE
  5
54F
330
1B
100
AcDbEntity
  8
F.Cu
  6
CONTINUOUS
100
AcDbLine
 10
120.8299999999999983
 20
-94.6099999999999994
 30
0
 11
121.9299999999999926
 21
-94.6099999999999994
 31
0
  0
LINE
  5
550
330
1B
100
AcDbEntity
  8
F.Cu
  6
CONTINUOUS
100
AcDbLine
 10
121.9299999999999926
 20
-94.6099999999999994
 30
0
 11
122.0256709999999885
 21
-94.6290300000000002
 31
0
  0
LINE
  5
551
330
1B
100
AcDbEntity
  8
F.Cu
  6
CONTINUOUS
100
AcDbLine
 10
124.1522279999999938
 20
-94.644447999999997
 30
0
 11
124.2971170000000001
 21
-94.7044629999999898
 31
0
  0
LINE
  5
552
330
1B
100
AcDbEntity
  8
F.Cu
  6
CONTINUOUS
100
AcDbLine
 10
124.2971170000000001
 20
-94.7044629999999898
 30
0
 11
124.4275149999999996
 21
-94.7915919999999943
 31
0
  0
LINE
  5
553
330
1B
100
AcDbEntity
  8
F.Cu
  6
CONTINUOUS
100
AcDbLine
 10
124.4275149999999996
 20
-94.7915919999999943
 30
0
 11
124.5384079999999898
 21
-94.9024849999999986
 31
0
  0
LINE
  5
554
330
1B
100
AcDbEntity
  8
F.Cu
  6
CONTINUOUS
100
AcDbLine
 10
124.5384079999999898
 20
-94.9024849999999986
 30
0
 11
124.6255369999999942
 21
-95.0328829999999982
 31
0
  0
LINE
  5
555
330
1B
100
AcDbEntity
  8
F.Cu
  6
CONTINUOUS
100
AcDbLine
 10
124.6255369999999942
 20
-95.0328829999999982
 30
0
 11
124.6855520000000013
 21
-95.1777719999999903
 31
0
  0
LINE
  5
556
330
1B
100
AcDbEntity
  8
F.Cu
  6
CONTINUOUS
100
AcDbLine
 10
124.6855520000000013
 20
-95.1777719999999903
 30
0
 11
124.7161479999999898
 21
-95.3315860000000015
 31
0
  0
LINE
  5
557
330
1B
100
AcDbEntity
  8
F.Cu
  6
CONTINUOUS
100
AcDbLine
 10
124.7161479999999898
 20
-95.3315860000000015
 30
0
 11
124.7199999999999989
 21
-95.4099999999999966
 31
0
  0
LINE
  5
558
330
1B
100
AcDbEntity
  8
F.Cu
  6
CONTINUOUS
100
AcDbLine
 10
124.7199999999999989
 20
-95.4099999999999966
 30
0
 11
124.7199999999999989
 21
-96.2099999999999937
 31
0
  0
LINE
  5
559
330
1B
100
AcDbEntity
  8
F.Cu
  6
CONTINUOUS
100
AcDbLine
 10
124.7199999999999989
 20
-96.2099999999999937
 30
0
 11
124.7161479999999898
 21
-96.2884139999999888
 31
0
  0
LINE
  5
55A
330
1B
100
AcDbEntity
  8
F.Cu
  6
CONTINUOUS
100
AcDbLine
 10
124.7161479999999898
 20
-96.2884139999999888
 30
0
 11
124.6855520000000013
 21
-96.4422280000000001
 31
0
  0
LINE
  5
55B
330
1B
100
AcDbEntity
  8
F.Cu
  6
CONTINUOUS
100
AcDbLine
 10
124.6855520000000013
 20
-96.4422280000000001
 30
0
 11
124.6255369999999942
 21
-96.5871169999999921
 31
0
  0
LINE
  5
55C
330
1B
100
AcDbEntity
  8
F.Cu
  6
CONTINUOUS
100
AcDbLine
 10
124.6255369999999942
 20
-96.5871169999999921
 30
0
 11
124.5384079999999898
 21
-96.7175149999999917
 31
0
  0
LINE
  5
55D
330
1B
100
AcDbEntity
  8
F.Cu
  6
CONTINUOUS
100
AcDbLine
 10
124.5384079999999898
 20
-96.7175149999999917
 30
0
 11
124.4275149999999996
 21
-96.828407999999996
 31
0
  0
LINE
  5
55E
330
1B
100
AcDbEntity
  8
F.Cu
  6
CONTINUOUS
100
AcDbLine
 10
124.4275149999999996
 20
-96.828407999999996
 30
0
 11
124.2971170000000001
 21
-96.9155370000000005
 31
0
  0
LINE
  5
55F
330
1B
100
AcDbEntity
  8
F.Cu
  6
CONTINUOUS
100
AcDbLine
 10
124.2971170000000001
 20
-96.9155370000000005
 30
0
 11
124.1522279999999938
 21
-96.9755519999999933
 31
0
  0
LINE
  5
560
330
1B
100
AcDbEntity
  8
F.Cu
  6
CONTINUOUS
100
AcDbLine
 10
124.1522279999999938
 20
-96.9755519999999933
 30
0
 11
123.9984139999999968
 21
-97.006147999999996
 31
0
  0
LINE
  5
561
330
1B
100
AcDbEntity
  8
F.Cu
  6
CONTINUOUS
100
AcDbLine
 10
123.9984139999999968
 20
-97.006147999999996
 30
0
 11
123.8415859999999924
 21
-97.006147999999996
 31
0
  0
LINE
  5
562
330
1B
100
AcDbEntity
  8
F.Cu
  6
CONTINUOUS
100
AcDbLine
 10
123.8415859999999924
 20
-97.006147999999996
 30
0
 11
123.6877719999999954
 21
-96.9755519999999933
 31
0
  0
LINE
  5
563
330
1B
100
AcDbEntity
  8
F.Cu
  6
CONTINUOUS
100
AcDbLine
 10
123.6877719999999954
 20
-96.9755519999999933
 30
0
 11
123.5428829999999891
 21
-96.9155370000000005
 31
0
  0
LINE
  5
564
330
1B
100
AcDbEntity
  8
F.Cu
  6
CONTINUOUS
100
AcDbLine
 10
123.5428829999999891
 20
-96.9155370000000005
 30
0
 11
123.4124849999999896
 21
-96.828407999999996
 31
0
  0
LINE
  5
565
330
1B
100
AcDbEntity
  8
F.Cu
  6
CONTINUOUS
100
AcDbLine
 10
123.4124849999999896
 20
-96.828407999999996
 30
0
 11
123.3015919999999994
 21
-96.7175149999999917
 31
0
  0
LINE
  5
566
330
1B
100
AcDbEntity
  8
F.Cu
  6
CONTINUOUS
100
AcDbLine
 10
123.3015919999999994
 20
-96.7175149999999917
 30
0
 11
123.214462999999995
 21
-96.5871169999999921
 31
0
  0
LINE
  5
567
330
1B
100
AcDbEntity
  8
F.Cu
  6
CONTINUOUS
100
AcDbLine
 10
123.214462999999995
 20
-96.5871169999999921
 30
0
 11
123.1544479999999879
 21
-96.4422280000000001
 31
0
  0
LINE
  5
568
330
1B
100
AcDbEntity
  8
F.Cu
  6
CONTINUOUS
100
AcDbLine
 10
123.1544479999999879
 20
-96.4422280000000001
 30
0
 11
123.1238519999999994
 21
-96.2884139999999888
 31
0
  0
LINE
  5
569
330
1B
100
AcDbEntity
  8
F.Cu
  6
CONTINUOUS
100
AcDbLine
 10
123.1238519999999994
 20
-96.2884139999999888
 30
0
 11
123.1199999999999903
 21
-96.2099999999999937
 31
0
  0
LINE
  5
56A
330
1B
100
AcDbEntity
  8
F.Cu
  6
CONTINUOUS
100
AcDbLine
 10
123.1199999999999903
 20
-96.2099999999999937
 30
0
 11
123.1199999999999903
 21
-95.4099999999999966
 31
0
  0
LINE
  5
56B
330
1B
100
AcDbEntity
  8
F.Cu
  6
CONTINUOUS
100
AcDbLine
 10
123.1199999999999903
 20
-95.4099999999999966
 30
0
 11
123.1238519999999994
 21
-95.3315860000000015
 31
0
  0
LINE
  5
56C
330
1B
100
AcDbEntity
  8
F.Cu
  6
CONTINUOUS
100
AcDbLine
 10
123.1238519999999994
 20
-95.3315860000000015
 30
0
 11
123.1544479999999879
 21
-95.1777719999999903
 31
0
  0
LINE
  5
56D
330
1B
100
AcDbEntity
  8
F.Cu
  6
CONTINUOUS
100
AcDbLine
 10
123.1544479999999879
 20
-95.1777719999999903
 30
0
 11
123.214462999999995
 21
-95.0328829999999982
 31
0
  0
LINE
  5
56E
330
1B
100
AcDbEntity
  8
F.Cu
  6
CONTINUOUS
100
AcDbLine
 10
123.214462999999995
 20
-95.0328829999999982
 30
0
 11
123.3015919999999994
 21
-94.9024849999999986
 31
0
  0
LINE
  5
56F
330
1B
100
AcDbEntity
  8
F.Cu
  6
CONTINUOUS
100
AcDbLine
 10
123.3015919999999994
 20
-94.9024849999999986
 30
0
 11
123.4124849999999896
 21
-94.7915919999999943
 31
0
  0
LINE
  5
570
330
1B
100
AcDbEntity
  8
F.Cu
  6
CONTINUOUS
100
AcDbLine
 10
123.4124849999999896
 20
-94.7915919999999943
 30
0
 11
123.5428829999999891
 21
-94.7044629999999898
 31
0
  0
LINE
  5
571
330
1B
100
AcDbEntity
  8
F.Cu
  6
CONTINUOUS
100
AcDbLine
 10
123.5428829999999891
 20
-94.7044629999999898
 30
0
 11
123.6877719999999954
 21
-94.644447999999997
 31
0
  0
LINE
  5
572
330
1B
100
AcDbEntity
  8
F.Cu
  6
CONTINUOUS
100
AcDbLine
 10
123.6877719999999954
 20
-94.644447999999997
 30
0
 11
123.8415859999999924
 21
-94.6138519999999943
 31
0
  0
LINE
  5
573
330
1B
100
AcDbEntity
  8
F.Cu
  6
CONTINUOUS
100
AcDbLine
 10
123.8415859999999924
 20
-94.6138519999999943
 30
0
 11
123.9984139999999968
 21
-94.6138519999999943
 31
0
  0
LINE
  5
574
330
1B
100
AcDbEntity
  8
F.Cu
  6
CONTINUOUS
100
AcDbLine
 10
123.9984139999999968
 20
-94.6138519999999943
 30
0
 11
124.1522279999999938
 21
-94.644447999999997
 31
0
  0
LINE
  5
575
330
1B
100
AcDbEntity
  8
F.Cu
  6
CONTINUOUS
100
AcDbLine
 10
126.6922280000000001
 20
-94.644447999999997
 30
0
 11
126.8371169999999921
 21
-94.7044629999999898
 31
0
  0
LINE
  5
576
330
1B
100
AcDbEntity
  8
F.Cu
  6
CONTINUOUS
100
AcDbLine
 10
126.8371169999999921
 20
-94.7044629999999898
 30
0
 11
126.9675149999999917
 21
-94.7915919999999943
 31
0
  0
LINE
  5
577
330
1B
100
AcDbEntity
  8
F.Cu
  6
CONTINUOUS
100
AcDbLine
 10
126.9675149999999917
 20
-94.7915919999999943
 30
0
 11
127.078407999999996
 21
-94.9024849999999986
 31
0
  0
LINE
  5
578
330
1B
100
AcDbEntity
  8
F.Cu
  6
CONTINUOUS
100
AcDbLine
 10
127.078407999999996
 20
-94.9024849999999986
 30
0
 11
127.1655370000000005
 21
-95.0328829999999982
 31
0
  0
LINE
  5
579
330
1B
100
AcDbEntity
  8
F.Cu
  6
CONTINUOUS
100
AcDbLine
 10
127.1655370000000005
 20
-95.0328829999999982
 30
0
 11
127.2255519999999933
 21
-95.1777719999999903
 31
0
  0
LINE
  5
57A
330
1B
100
AcDbEntity
  8
F.Cu
  6
CONTINUOUS
100
AcDbLine
 10
127.2255519999999933
 20
-95.1777719999999903
 30
0
 11
127.256147999999996
 21
-95.3315860000000015
 31
0
  0
LINE
  5
57B
330
1B
100
AcDbEntity
  8
F.Cu
  6
CONTINUOUS
100
AcDbLine
 10
127.256147999999996
 20
-95.3315860000000015
 30
0
 11
127.2599999999999909
 21
-95.4099999999999966
 31
0
  0
LINE
  5
57C
330
1B
100
AcDbEntity
  8
F.Cu
  6
CONTINUOUS
100
AcDbLine
 10
127.2599999999999909
 20
-95.4099999999999966
 30
0
 11
127.2599999999999909
 21
-96.2099999999999937
 31
0
  0
LINE
  5
57D
330
1B
100
AcDbEntity
  8
F.Cu
  6
CONTINUOUS
100
AcDbLine
 10
127.2599999999999909
 20
-96.2099999999999937
 30
0
 11
127.256147999999996
 21
-96.2884139999999888
 31
0
  0
LINE
  5
57E
330
1B
100
AcDbEntity
  8
F.Cu
  6
CONTINUOUS
100
AcDbLine
 10
127.256147999999996
 20
-96.2884139999999888
 30
0
 11
127.2255519999999933
 21
-96.4422280000000001
 31
0
  0
LINE
  5
57F
330
1B
100
AcDbEntity
  8
F.Cu
  6
CONTINUOUS
100
AcDbLine
 10
127.2255519999999933
 20
-96.4422280000000001
 30
0
 11
127.1655370000000005
 21
-96.5871169999999921
 31
0
  0
LINE
  5
580
330
1B
100
AcDbEntity
  8
F.Cu
  6
CONTINUOUS
100
AcDbLine
 10
127.1655370000000005
 20
-96.5871169999999921
 30
0
 11
127.078407999999996
 21
-96.7175149999999917
 31
0
  0
LINE
  5
581
330
1B
100
AcDbEntity
  8
F.Cu
  6
CONTINUOUS
100
AcDbLine
 10
127.078407999999996
 20
-96.7175149999999917
 30
0
 11
126.9675149999999917
 21
-96.828407999999996
 31
0
  0
LINE
  5
582
330
1B
100
AcDbEntity
  8
F.Cu
  6
CONTINUOUS
100
AcDbLine
 10
126.9675149999999917
 20
-96.828407999999996
 30
0
 11
126.8371169999999921
 21
-96.9155370000000005
 31
0
  0
LINE
  5
583
330
1B
100
AcDbEntity
  8
F.Cu
  6
CONTINUOUS
100
AcDbLine
 10
126.8371169999999921
 20
-96.9155370000000005
 30
0
 11
126.6922280000000001
 21
-96.9755519999999933
 31
0
  0
LINE
  5
584
330
1B
100
AcDbEntity
  8
F.Cu
  6
CONTINUOUS
100
AcDbLine
 10
126.6922280000000001
 20
-96.9755519999999933
 30
0
 11
126.5384139999999888
 21
-97.006147999999996
 31
0
  0
LINE
  5
585
330
1B
100
AcDbEntity
  8
F.Cu
  6
CONTINUOUS
100
AcDbLine
 10
126.5384139999999888
 20
-97.006147999999996
 30
0
 11
126.3815859999999986
 21
-97.006147999999996
 31
0
  0
LINE
  5
586
330
1B
100
AcDbEntity
  8
F.Cu
  6
CONTINUOUS
100
AcDbLine
 10
126.3815859999999986
 20
-97.006147999999996
 30
0
 11
126.2277719999999874
 21
-96.9755519999999933
 31
0
  0
LINE
  5
587
330
1B
100
AcDbEntity
  8
F.Cu
  6
CONTINUOUS
100
AcDbLine
 10
126.2277719999999874
 20
-96.9755519999999933
 30
0
 11
126.0828829999999954
 21
-96.9155370000000005
 31
0
  0
LINE
  5
588
330
1B
100
AcDbEntity
  8
F.Cu
  6
CONTINUOUS
100
AcDbLine
 10
126.0828829999999954
 20
-96.9155370000000005
 30
0
 11
125.9524849999999958
 21
-96.828407999999996
 31
0
  0
LINE
  5
589
330
1B
100
AcDbEntity
  8
F.Cu
  6
CONTINUOUS
100
AcDbLine
 10
125.9524849999999958
 20
-96.828407999999996
 30
0
 11
125.8415919999999915
 21
-96.7175149999999917
 31
0
  0
LINE
  5
58A
330
1B
100
AcDbEntity
  8
F.Cu
  6
CONTINUOUS
100
AcDbLine
 10
125.8415919999999915
 20
-96.7175149999999917
 30
0
 11
125.7544630000000012
 21
-96.5871169999999921
 31
0
  0
LINE
  5
58B
330
1B
100
AcDbEntity
  8
F.Cu
  6
CONTINUOUS
100
AcDbLine
 10
125.7544630000000012
 20
-96.5871169999999921
 30
0
 11
125.6944479999999942
 21
-96.4422280000000001
 31
0
  0
LINE
  5
58C
330
1B
100
AcDbEntity
  8
F.Cu
  6
CONTINUOUS
100
AcDbLine
 10
125.6944479999999942
 20
-96.4422280000000001
 30
0
 11
125.6638519999999914
 21
-96.2884139999999888
 31
0
  0
LINE
  5
58D
330
1B
100
AcDbEntity
  8
F.Cu
  6
CONTINUOUS
100
AcDbLine
 10
125.6638519999999914
 20
-96.2884139999999888
 30
0
 11
125.6599999999999966
 21
-96.2099999999999937
 31
0
  0
LINE
  5
58E
330
1B
100
AcDbEntity
  8
F.Cu
  6
CONTINUOUS
100
AcDbLine
 10
125.6599999999999966
 20
-96.2099999999999937
 30
0
 11
125.6599999999999966
 21
-95.4099999999999966
 31
0
  0
LINE
  5
58F
330
1B
100
AcDbEntity
  8
F.Cu
  6
CONTINUOUS
100
AcDbLine
 10
125.6599999999999966
 20
-95.4099999999999966
 30
0
 11
125.6638519999999914
 21
-95.3315860000000015
 31
0
  0
LINE
  5
590
330
1B
100
AcDbEntity
  8
F.Cu
  6
CONTINUOUS
100
AcDbLine
 10
125.6638519999999914
 20
-95.3315860000000015
 30
0
 11
125.6944479999999942
 21
-95.1777719999999903
 31
0
  0
LINE
  5
591
330
1B
100
AcDbEntity
  8
F.Cu
  6
CONTINUOUS
100
AcDbLine
 10
125.6944479999999942
 20
-95.1777719999999903
 30
0
 11
125.7544630000000012
 21
-95.0328829999999982
 31
0
  0
LINE
  5
592
330
1B
100
AcDbEntity
  8
F.Cu
  6
CONTINUOUS
100
AcDbLine
 10
125.7544630000000012
 20
-95.0328829999999982
 30
0
 11
125.8415919999999915
 21
-94.9024849999999986
 31
0
  0
LINE
  5
593
330
1B
100
AcDbEntity
  8
F.Cu
  6
CONTINUOUS
100
AcDbLine
 10
125.8415919999999915
 20
-94.9024849999999986
 30
0
 11
125.9524849999999958
 21
-94.7915919999999943
 31
0
  0
LINE
  5
594
330
1B
100
AcDbEntity
  8
F.Cu
  6
CONTINUOUS
100
AcDbLine
 10
125.9524849999999958
 20
-94.7915919999999943
 30
0
 11
126.0828829999999954
 21
-94.7044629999999898
 31
0
  0
LINE
  5
595
330
1B
100
AcDbEntity
  8
F.Cu
  6
CONTINUOUS
100
AcDbLine
 10
126.0828829999999954
 20
-94.7044629999999898
 30
0
 11
126.2277719999999874
 21
-94.644447999999997
 31
0
  0
LINE
  5
596
330
1B
100
AcDbEntity
  8
F.Cu
  6
CONTINUOUS
100
AcDbLine
 10
126.2277719999999874
 20
-94.644447999999997
 30
0
 11
126.3815859999999986
 21
-94.6138519999999943
 31
0
  0
LINE
  5
597
330
1B
100
AcDbEntity
  8
F.Cu
  6
CONTINUOUS
100
AcDbLine
 10
126.3815859999999986
 20
-94.6138519999999943
 30
0
 11
126.5384139999999888
 21
-94.6138519999999943
 31
0
  0
LINE
  5
598
330
1B
100
AcDbEntity
  8
F.Cu
  6
CONTINUOUS
100
AcDbLine
 10
126.5384139999999888
 20
-94.6138519999999943
 30
0
 11
126.6922280000000001
 21
-94.644447999999997
 31
0
  0
LINE
  5
599
330
1B
100
AcDbEntity
  8
F.Cu
  6
CONTINUOUS
100
AcDbLine
 10
129.2322279999999921
 20
-94.644447999999997
 30
0
 11
129.3771169999999984
 21
-94.7044629999999898
 31
0
  0
LINE
  5
59A
330
1B
100
AcDbEntity
  8
F.Cu
  6
CONTINUOUS
100
AcDbLine
 10
129.3771169999999984
 20
-94.7044629999999898
 30
0
 11
129.5075149999999837
 21
-94.7915919999999943
 31
0
  0
LINE
  5
59B
330
1B
100
AcDbEntity
  8
F.Cu
  6
CONTINUOUS
100
AcDbLine
 10
129.5075149999999837
 20
-94.7915919999999943
 30
0
 11
129.6184079999999881
 21
-94.9024849999999986
 31
0
  0
LINE
  5
59C
330
1B
100
AcDbEntity
  8
F.Cu
  6
CONTINUOUS
100
AcDbLine
 10
129.6184079999999881
 20
-94.9024849999999986
 30
0
 11
129.7055369999999925
 21
-95.0328829999999982
 31
0
  0
LINE
  5
59D
330
1B
100
AcDbEntity
  8
F.Cu
  6
CONTINUOUS
100
AcDbLine
 10
129.7055369999999925
 20
-95.0328829999999982
 30
0
 11
129.7655519999999854
 21
-95.1777719999999903
 31
0
  0
LINE
  5
59E
330
1B
100
AcDbEntity
  8
F.Cu
  6
CONTINUOUS
100
AcDbLine
 10
129.7655519999999854
 20
-95.1777719999999903
 30
0
 11
129.7961479999999881
 21
-95.3315860000000015
 31
0
  0
LINE
  5
59F
330
1B
100
AcDbEntity
  8
F.Cu
  6
CONTINUOUS
100
AcDbLine
 10
129.7961479999999881
 20
-95.3315860000000015
 30
0
 11
129.7999999999999829
 21
-95.4099999999999966
 31
0
  0
LINE
  5
5A0
330
1B
100
AcDbEntity
  8
F.Cu
  6
CONTINUOUS
100
AcDbLine
 10
129.7999999999999829
 20
-95.4099999999999966
 30
0
 11
129.7999999999999829
 21
-96.2099999999999937
 31
0
  0
LINE
  5
5A1
330
1B
100
AcDbEntity
  8
F.Cu
  6
CONTINUOUS
100
AcDbLine
 10
129.7999999999999829
 20
-96.2099999999999937
 30
0
 11
129.7961479999999881
 21
-96.2884139999999888
 31
0
  0
LINE
  5
5A2
330
1B
100
AcDbEntity
  8
F.Cu
  6
CONTINUOUS
100
AcDbLine
 10
129.7961479999999881
 20
-96.2884139999999888
 30
0
 11
129.7655519999999854
 21
-96.4422280000000001
 31
0
  0
LINE
  5
5A3
330
1B
100
AcDbEntity
  8
F.Cu
  6
CONTINUOUS
100
AcDbLine
 10
129.7655519999999854
 20
-96.4422280000000001
 30
0
 11
129.7055369999999925
 21
-96.5871169999999921
 31
0
  0
LINE
  5
5A4
330
1B
100
AcDbEntity
  8
F.Cu
  6
CONTINUOUS
100
AcDbLine
 10
129.7055369999999925
 20
-96.5871169999999921
 30
0
 11
129.6184079999999881
 21
-96.7175149999999917
 31
0
  0
LINE
  5
5A5
330
1B
100
AcDbEntity
  8
F.Cu
  6
CONTINUOUS
100
AcDbLine
 10
129.6184079999999881
 20
-96.7175149999999917
 30
0
 11
129.5075149999999837
 21
-96.828407999999996
 31
0
  0
LINE
  5
5A6
330
1B
100
AcDbEntity
  8
F.Cu
  6
CONTINUOUS
100
AcDbLine
 10
129.5075149999999837
 20
-96.828407999999996
 30
0
 11
129.3771169999999984
 21
-96.9155370000000005
 31
0
  0
LINE
  5
5A7
330
1B
100
AcDbEntity
  8
F.Cu
  6
CONTINUOUS
100
AcDbLine
 10
129.3771169999999984
 20
-96.9155370000000005
 30
0
 11
129.2322279999999921
 21
-96.9755519999999933
 31
0
  0
LINE
  5
5A8
330
1B
100
AcDbEntity
  8
F.Cu
  6
CONTINUOUS
100
AcDbLine
 10
129.2322279999999921
 20
-96.9755519999999933
 30
0
 11
129.0784139999999809
 21
-97.006147999999996
 31
0
  0
LINE
  5
5A9
330
1B
100
AcDbEntity
  8
F.Cu
  6
CONTINUOUS
100
AcDbLine
 10
129.0784139999999809
 20
-97.006147999999996
 30
0
 11
128.9215859999999907
 21
-97.006147999999996
 31
0
  0
LINE
  5
5AA
330
1B
100
AcDbEntity
  8
F.Cu
  6
CONTINUOUS
100
AcDbLine
 10
128.9215859999999907
 20
-97.006147999999996
 30
0
 11
128.7677720000000079
 21
-96.9755519999999933
 31
0
  0
LINE
  5
5AB
330
1B
100
AcDbEntity
  8
F.Cu
  6
CONTINUOUS
100
AcDbLine
 10
128.7677720000000079
 20
-96.9755519999999933
 30
0
 11
128.6228830000000016
 21
-96.9155370000000005
 31
0
  0
LINE
  5
5AC
330
1B
100
AcDbEntity
  8
F.Cu
  6
CONTINUOUS
100
AcDbLine
 10
128.6228830000000016
 20
-96.9155370000000005
 30
0
 11
128.4924849999999878
 21
-96.828407999999996
 31
0
  0
LINE
  5
5AD
330
1B
100
AcDbEntity
  8
F.Cu
  6
CONTINUOUS
100
AcDbLine
 10
128.4924849999999878
 20
-96.828407999999996
 30
0
 11
128.3815919999999835
 21
-96.7175149999999917
 31
0
  0
LINE
  5
5AE
330
1B
100
AcDbEntity
  8
F.Cu
  6
CONTINUOUS
100
AcDbLine
 10
128.3815919999999835
 20
-96.7175149999999917
 30
0
 11
128.2944630000000075
 21
-96.5871169999999921
 31
0
  0
LINE
  5
5AF
330
1B
100
AcDbEntity
  8
F.Cu
  6
CONTINUOUS
100
AcDbLine
 10
128.2944630000000075
 20
-96.5871169999999921
 30
0
 11
128.2344479999999862
 21
-96.4422280000000001
 31
0
  0
LINE
  5
5B0
330
1B
100
AcDbEntity
  8
F.Cu
  6
CONTINUOUS
100
AcDbLine
 10
128.2344479999999862
 20
-96.4422280000000001
 30
0
 11
128.2038519999999835
 21
-96.2884139999999888
 31
0
  0
LINE
  5
5B1
330
1B
100
AcDbEntity
  8
F.Cu
  6
CONTINUOUS
100
AcDbLine
 10
128.2038519999999835
 20
-96.2884139999999888
 30
0
 11
128.1999999999999886
 21
-96.2099999999999937
 31
0
  0
LINE
  5
5B2
330
1B
100
AcDbEntity
  8
F.Cu
  6
CONTINUOUS
100
AcDbLine
 10
128.1999999999999886
 20
-96.2099999999999937
 30
0
 11
128.1999999999999886
 21
-95.4099999999999966
 31
0
  0
LINE
  5
5B3
330
1B
100
AcDbEntity
  8
F.Cu
  6
CONTINUOUS
100
AcDbLine
 10
128.1999999999999886
 20
-95.4099999999999966
 30
0
 11
128.2038519999999835
 21
-95.3315860000000015
 31
0
  0
LINE
  5
5B4
330
1B
100
AcDbEntity
  8
F.Cu
  6
CONTINUOUS
100
AcDbLine
 10
128.2038519999999835
 20
-95.3315860000000015
 30
0
 11
128.2344479999999862
 21
-95.1777719999999903
 31
0
  0
LINE
  5
5B5
330
1B
100
AcDbEntity
  8
F.Cu
  6
CONTINUOUS
100
AcDbLine
 10
128.2344479999999862
 20
-95.1777719999999903
 30
0
 11
128.2944630000000075
 21
-95.0328829999999982
 31
0
  0
LINE
  5
5B6
330
1B
100
AcDbEntity
  8
F.Cu
  6
CONTINUOUS
100
AcDbLine
 10
128.2944630000000075
 20
-95.0328829999999982
 30
0
 11
128.3815919999999835
 21
-94.9024849999999986
 31
0
  0
LINE
  5
5B7
330
1B
100
AcDbEntity
  8
F.Cu
  6
CONTINUOUS
100
AcDbLine
 10
128.3815919999999835
 20
-94.9024849999999986
 30
0
 11
128.4924849999999878
 21
-94.7915919999999943
 31
0
  0
LINE
  5
5B8
330
1B
100
AcDbEntity
  8
F.Cu
  6
CONTINUOUS
100
AcDbLine
 10
128.4924849999999878
 20
-94.7915919999999943
 30
0
 11
128.6228830000000016
 21
-94.7044629999999898
 31
0
  0
LINE
  5
5B9
330
1B
100
AcDbEntity
  8
F.Cu
  6
CONTINUOUS
100
AcDbLine
 10
128.6228830000000016
 20
-94.7044629999999898
 30
0
 11
128.7677720000000079
 21
-94.644447999999997
 31
0
  0
LINE
  5
5BA
330
1B
100
AcDbEntity
  8
F.Cu
  6
CONTINUOUS
100
AcDbLine
 10
128.7677720000000079
 20
-94.644447999999997
 30
0
 11
128.9215859999999907
 21
-94.6138519999999943
 31
0
  0
LINE
  5
5BB
330
1B
100
AcDbEntity
  8
F.Cu
  6
CONTINUOUS
100
AcDbLine
 10
128.9215859999999907
 20
-94.6138519999999943
 30
0
 11
129.0784139999999809
 21
-94.6138519999999943
 31
0
  0
LINE
  5
5BC
330
1B
100
AcDbEntity
  8
F.Cu
  6
CONTINUOUS
100
AcDbLine
 10
129.0784139999999809
 20
-94.6138519999999943
 30
0
 11
129.2322279999999921
 21
-94.644447999999997
 31
0
  0
LINE
  5
5BD
330
1B
100
AcDbEntity
  8
F.Cu
  6
CONTINUOUS
100
AcDbLine
 10
131.7722279999999841
 20
-94.644447999999997
 30
0
 11
131.9171169999999904
 21
-94.7044629999999898
 31
0
  0
LINE
  5
5BE
330
1B
100
AcDbEntity
  8
F.Cu
  6
CONTINUOUS
100
AcDbLine
 10
131.9171169999999904
 20
-94.7044629999999898
 30
0
 11
132.0475150000000042
 21
-94.7915919999999943
 31
0
  0
LINE
  5
5BF
330
1B
100
AcDbEntity
  8
F.Cu
  6
CONTINUOUS
100
AcDbLine
 10
132.0475150000000042
 20
-94.7915919999999943
 30
0
 11
132.1584079999999801
 21
-94.9024849999999986
 31
0
  0
LINE
  5
5C0
330
1B
100
AcDbEntity
  8
F.Cu
  6
CONTINUOUS
100
AcDbLine
 10
132.1584079999999801
 20
-94.9024849999999986
 30
0
 11
132.2455369999999846
 21
-95.0328829999999982
 31
0
  0
LINE
  5
5C1
330
1B
100
AcDbEntity
  8
F.Cu
  6
CONTINUOUS
100
AcDbLine
 10
132.2455369999999846
 20
-95.0328829999999982
 30
0
 11
132.3055520000000058
 21
-95.1777719999999903
 31
0
  0
LINE
  5
5C2
330
1B
100
AcDbEntity
  8
F.Cu
  6
CONTINUOUS
100
AcDbLine
 10
132.3055520000000058
 20
-95.1777719999999903
 30
0
 11
132.3361479999999801
 21
-95.3315860000000015
 31
0
  0
LINE
  5
5C3
330
1B
100
AcDbEntity
  8
F.Cu
  6
CONTINUOUS
100
AcDbLine
 10
132.3361479999999801
 20
-95.3315860000000015
 30
0
 11
132.3400000000000034
 21
-95.4099999999999966
 31
0
  0
LINE
  5
5C4
330
1B
100
AcDbEntity
  8
F.Cu
  6
CONTINUOUS
100
AcDbLine
 10
132.3400000000000034
 20
-95.4099999999999966
 30
0
 11
132.3400000000000034
 21
-96.2099999999999937
 31
0
  0
LINE
  5
5C5
330
1B
100
AcDbEntity
  8
F.Cu
  6
CONTINUOUS
100
AcDbLine
 10
132.3400000000000034
 20
-96.2099999999999937
 30
0
 11
132.3361479999999801
 21
-96.2884139999999888
 31
0
  0
LINE
  5
5C6
330
1B
100
AcDbEntity
  8
F.Cu
  6
CONTINUOUS
100
AcDbLine
 10
132.3361479999999801
 20
-96.2884139999999888
 30
0
 11
132.3055520000000058
 21
-96.4422280000000001
 31
0
  0
LINE
  5
5C7
330
1B
100
AcDbEntity
  8
F.Cu
  6
CONTINUOUS
100
AcDbLine
 10
132.3055520000000058
 20
-96.4422280000000001
 30
0
 11
132.2455369999999846
 21
-96.5871169999999921
 31
0
  0
LINE
  5
5C8
330
1B
100
AcDbEntity
  8
F.Cu
  6
CONTINUOUS
100
AcDbLine
 10
132.2455369999999846
 20
-96.5871169999999921
 30
0
 11
132.1584079999999801
 21
-96.7175149999999917
 31
0
  0
LINE
  5
5C9
330
1B
100
AcDbEntity
  8
F.Cu
  6
CONTINUOUS
100
AcDbLine
 10
132.1584079999999801
 20
-96.7175149999999917
 30
0
 11
132.0475150000000042
 21
-96.828407999999996
 31
0
  0
LINE
  5
5CA
330
1B
100
AcDbEntity
  8
F.Cu
  6
CONTINUOUS
100
AcDbLine
 10
132.0475150000000042
 20
-96.828407999999996
 30
0
 11
131.9171169999999904
 21
-96.9155370000000005
 31
0
  0
LINE
  5
5CB
330
1B
100
AcDbEntity
  8
F.Cu
  6
CONTINUOUS
100
AcDbLine
 10
131.9171169999999904
 20
-96.9155370000000005
 30
0
 11
131.7722279999999841
 21
-96.9755519999999933
 31
0
  0
LINE
  5
5CC
330
1B
100
AcDbEntity
  8
F.Cu
  6
CONTINUOUS
100
AcDbLine
 10
131.7722279999999841
 20
-96.9755519999999933
 30
0
 11
131.6184140000000014
 21
-97.006147999999996
 31
0
  0
LINE
  5
5CD
330
1B
100
AcDbEntity
  8
F.Cu
  6
CONTINUOUS
100
AcDbLine
 10
131.6184140000000014
 20
-97.006147999999996
 30
0
 11
131.4615859999999827
 21
-97.006147999999996
 31
0
  0
LINE
  5
5CE
330
1B
100
AcDbEntity
  8
F.Cu
  6
CONTINUOUS
100
AcDbLine
 10
131.4615859999999827
 20
-97.006147999999996
 30
0
 11
131.3077719999999999
 21
-96.9755519999999933
 31
0
  0
LINE
  5
5CF
330
1B
100
AcDbEntity
  8
F.Cu
  6
CONTINUOUS
100
AcDbLine
 10
131.3077719999999999
 20
-96.9755519999999933
 30
0
 11
131.1628829999999937
 21
-96.9155370000000005
 31
0
  0
LINE
  5
5D0
330
1B
100
AcDbEntity
  8
F.Cu
  6
CONTINUOUS
100
AcDbLine
 10
131.1628829999999937
 20
-96.9155370000000005
 30
0
 11
131.0324849999999799
 21
-96.828407999999996
 31
0
  0
LINE
  5
5D1
330
1B
100
AcDbEntity
  8
F.Cu
  6
CONTINUOUS
100
AcDbLine
 10
131.0324849999999799
 20
-96.828407999999996
 30
0
 11
130.921592000000004
 21
-96.7175149999999917
 31
0
  0
LINE
  5
5D2
330
1B
100
AcDbEntity
  8
F.Cu
  6
CONTINUOUS
100
AcDbLine
 10
130.921592000000004
 20
-96.7175149999999917
 30
0
 11
130.8344629999999995
 21
-96.5871169999999921
 31
0
  0
LINE
  5
5D3
330
1B
100
AcDbEntity
  8
F.Cu
  6
CONTINUOUS
100
AcDbLine
 10
130.8344629999999995
 20
-96.5871169999999921
 30
0
 11
130.7744480000000067
 21
-96.4422280000000001
 31
0
  0
LINE
  5
5D4
330
1B
100
AcDbEntity
  8
F.Cu
  6
CONTINUOUS
100
AcDbLine
 10
130.7744480000000067
 20
-96.4422280000000001
 30
0
 11
130.743852000000004
 21
-96.2884139999999888
 31
0
  0
LINE
  5
5D5
330
1B
100
AcDbEntity
  8
F.Cu
  6
CONTINUOUS
100
AcDbLine
 10
130.743852000000004
 20
-96.2884139999999888
 30
0
 11
130.7399999999999807
 21
-96.2099999999999937
 31
0
  0
LINE
  5
5D6
330
1B
100
AcDbEntity
  8
F.Cu
  6
CONTINUOUS
100
AcDbLine
 10
130.7399999999999807
 20
-96.2099999999999937
 30
0
 11
130.7399999999999807
 21
-95.4099999999999966
 31
0
  0
LINE
  5
5D7
330
1B
100
AcDbEntity
  8
F.Cu
  6
CONTINUOUS
100
AcDbLine
 10
130.7399999999999807
 20
-95.4099999999999966
 30
0
 11
130.743852000000004
 21
-95.3315860000000015
 31
0
  0
LINE
  5
5D8
330
1B
100
AcDbEntity
  8
F.Cu
  6
CONTINUOUS
100
AcDbLine
 10
130.743852000000004
 20
-95.3315860000000015
 30
0
 11
130.7744480000000067
 21
-95.1777719999999903
 31
0
  0
LINE
  5
5D9
330
1B
100
AcDbEntity
  8
F.Cu
  6
CONTINUOUS
100
AcDbLine
 10
130.7744480000000067
 20
-95.1777719999999903
 30
0
 11
130.8344629999999995
 21
-95.0328829999999982
 31
0
  0
LINE
  5
5DA
330
1B
100
AcDbEntity
  8
F.Cu
  6
CONTINUOUS
100
AcDbLine
 10
130.8344629999999995
 20
-95.0328829999999982
 30
0
 11
130.921592000000004
 21
-94.9024849999999986
 31
0
  0
LINE
  5
5DB
330
1B
100
AcDbEntity
  8
F.Cu
  6
CONTINUOUS
100
AcDbLine
 10
130.921592000000004
 20
-94.9024849999999986
 30
0
 11
131.0324849999999799
 21
-94.7915919999999943
 31
0
  0
LINE
  5
5DC
330
1B
100
AcDbEntity
  8
F.Cu
  6
CONTINUOUS
100
AcDbLine
 10
131.0324849999999799
 20
-94.7915919999999943
 30
0
 11
131.1628829999999937
 21
-94.7044629999999898
 31
0
  0
LINE
  5
5DD
330
1B
100
AcDbEntity
  8
F.Cu
  6
CONTINUOUS
100
AcDbLine
 10
131.1628829999999937
 20
-94.7044629999999898
 30
0
 11
131.3077719999999999
 21
-94.644447999999997
 31
0
  0
LINE
  5
5DE
330
1B
100
AcDbEntity
  8
F.Cu
  6
CONTINUOUS
100
AcDbLine
 10
131.3077719999999999
 20
-94.644447999999997
 30
0
 11
131.4615859999999827
 21
-94.6138519999999943
 31
0
  0
LINE
  5
5DF
330
1B
100
AcDbEntity
  8
F.Cu
  6
CONTINUOUS
100
AcDbLine
 10
131.4615859999999827
 20
-94.6138519999999943
 30
0
 11
131.6184140000000014
 21
-94.6138519999999943
 31
0
  0
LINE
  5
5E0
330
1B
100
AcDbEntity
  8
F.Cu
  6
CONTINUOUS
100
AcDbLine
 10
131.6184140000000014
 20
-94.6138519999999943
 30
0
 11
131.7722279999999841
 21
-94.644447999999997
 31
0
  0
LINE
  5
5E1
330
1B
100
AcDbEntity
  8
F.Cu
  6
CONTINUOUS
100
AcDbLine
 10
134.3122280000000046
 20
-94.644447999999997
 30
0
 11
134.4571169999999825
 21
-94.7044629999999898
 31
0
  0
LINE
  5
5E2
330
1B
100
AcDbEntity
  8
F.Cu
  6
CONTINUOUS
100
AcDbLine
 10
134.4571169999999825
 20
-94.7044629999999898
 30
0
 11
134.5875149999999962
 21
-94.7915919999999943
 31
0
  0
LINE
  5
5E3
330
1B
100
AcDbEntity
  8
F.Cu
  6
CONTINUOUS
100
AcDbLine
 10
134.5875149999999962
 20
-94.7915919999999943
 30
0
 11
134.6984080000000006
 21
-94.9024849999999986
 31
0
  0
LINE
  5
5E4
330
1B
100
AcDbEntity
  8
F.Cu
  6
CONTINUOUS
100
AcDbLine
 10
134.6984080000000006
 20
-94.9024849999999986
 30
0
 11
134.785537000000005
 21
-95.0328829999999982
 31
0
  0
LINE
  5
5E5
330
1B
100
AcDbEntity
  8
F.Cu
  6
CONTINUOUS
100
AcDbLine
 10
134.785537000000005
 20
-95.0328829999999982
 30
0
 11
134.8455519999999979
 21
-95.1777719999999903
 31
0
  0
LINE
  5
5E6
330
1B
100
AcDbEntity
  8
F.Cu
  6
CONTINUOUS
100
AcDbLine
 10
134.8455519999999979
 20
-95.1777719999999903
 30
0
 11
134.8761480000000006
 21
-95.3315860000000015
 31
0
  0
LINE
  5
5E7
330
1B
100
AcDbEntity
  8
F.Cu
  6
CONTINUOUS
100
AcDbLine
 10
134.8761480000000006
 20
-95.3315860000000015
 30
0
 11
134.8799999999999955
 21
-95.4099999999999966
 31
0
  0
LINE
  5
5E8
330
1B
100
AcDbEntity
  8
F.Cu
  6
CONTINUOUS
100
AcDbLine
 10
134.8799999999999955
 20
-95.4099999999999966
 30
0
 11
134.8799999999999955
 21
-96.2099999999999937
 31
0
  0
LINE
  5
5E9
330
1B
100
AcDbEntity
  8
F.Cu
  6
CONTINUOUS
100
AcDbLine
 10
134.8799999999999955
 20
-96.2099999999999937
 30
0
 11
134.8761480000000006
 21
-96.2884139999999888
 31
0
  0
LINE
  5
5EA
330
1B
100
AcDbEntity
  8
F.Cu
  6
CONTINUOUS
100
AcDbLine
 10
134.8761480000000006
 20
-96.2884139999999888
 30
0
 11
134.8455519999999979
 21
-96.4422280000000001
 31
0
  0
LINE
  5
5EB
330
1B
100
AcDbEntity
  8
F.Cu
  6
CONTINUOUS
100
AcDbLine
 10
134.8455519999999979
 20
-96.4422280000000001
 30
0
 11
134.785537000000005
 21
-96.5871169999999921
 31
0
  0
LINE
  5
5EC
330
1B
100
AcDbEntity
  8
F.Cu
  6
CONTINUOUS
100
AcDbLine
 10
134.785537000000005
 20
-96.5871169999999921
 30
0
 11
134.6984080000000006
 21
-96.7175149999999917
 31
0
  0
LINE
  5
5ED
330
1B
100
AcDbEntity
  8
F.Cu
  6
CONTINUOUS
100
AcDbLine
 10
134.6984080000000006
 20
-96.7175149999999917
 30
0
 11
134.5875149999999962
 21
-96.828407999999996
 31
0
  0
LINE
  5
5EE
330
1B
100
AcDbEntity
  8
F.Cu
  6
CONTINUOUS
100
AcDbLine
 10
134.5875149999999962
 20
-96.828407999999996
 30
0
 11
134.4571169999999825
 21
-96.9155370000000005
 31
0
  0
LINE
  5
5EF
330
1B
100
AcDbEntity
  8
F.Cu
  6
CONTINUOUS
100
AcDbLine
 10
134.4571169999999825
 20
-96.9155370000000005
 30
0
 11
134.3122280000000046
 21
-96.9755519999999933
 31
0
  0
LINE
  5
5F0
330
1B
100
AcDbEntity
  8
F.Cu
  6
CONTINUOUS
100
AcDbLine
 10
134.3122280000000046
 20
-96.9755519999999933
 30
0
 11
134.1584139999999934
 21
-97.006147999999996
 31
0
  0
LINE
  5
5F1
330
1B
100
AcDbEntity
  8
F.Cu
  6
CONTINUOUS
100
AcDbLine
 10
134.1584139999999934
 20
-97.006147999999996
 30
0
 11
134.0015860000000032
 21
-97.006147999999996
 31
0
  0
LINE
  5
5F2
330
1B
100
AcDbEntity
  8
F.Cu
  6
CONTINUOUS
100
AcDbLine
 10
134.0015860000000032
 20
-97.006147999999996
 30
0
 11
133.847771999999992
 21
-96.9755519999999933
 31
0
  0
LINE
  5
5F3
330
1B
100
AcDbEntity
  8
F.Cu
  6
CONTINUOUS
100
AcDbLine
 10
133.847771999999992
 20
-96.9755519999999933
 30
0
 11
133.7028829999999857
 21
-96.9155370000000005
 31
0
  0
LINE
  5
5F4
330
1B
100
AcDbEntity
  8
F.Cu
  6
CONTINUOUS
100
AcDbLine
 10
133.7028829999999857
 20
-96.9155370000000005
 30
0
 11
133.5724850000000004
 21
-96.828407999999996
 31
0
  0
LINE
  5
5F5
330
1B
100
AcDbEntity
  8
F.Cu
  6
CONTINUOUS
100
AcDbLine
 10
133.5724850000000004
 20
-96.828407999999996
 30
0
 11
133.461591999999996
 21
-96.7175149999999917
 31
0
  0
LINE
  5
5F6
330
1B
100
AcDbEntity
  8
F.Cu
  6
CONTINUOUS
100
AcDbLine
 10
133.461591999999996
 20
-96.7175149999999917
 30
0
 11
133.3744629999999916
 21
-96.5871169999999921
 31
0
  0
LINE
  5
5F7
330
1B
100
AcDbEntity
  8
F.Cu
  6
CONTINUOUS
100
AcDbLine
 10
133.3744629999999916
 20
-96.5871169999999921
 30
0
 11
133.3144479999999987
 21
-96.4422280000000001
 31
0
  0
LINE
  5
5F8
330
1B
100
AcDbEntity
  8
F.Cu
  6
CONTINUOUS
100
AcDbLine
 10
133.3144479999999987
 20
-96.4422280000000001
 30
0
 11
133.283851999999996
 21
-96.2884139999999888
 31
0
  0
LINE
  5
5F9
330
1B
100
AcDbEntity
  8
F.Cu
  6
CONTINUOUS
100
AcDbLine
 10
133.283851999999996
 20
-96.2884139999999888
 30
0
 11
133.2800000000000011
 21
-96.2099999999999937
 31
0
  0
LINE
  5
5FA
330
1B
100
AcDbEntity
  8
F.Cu
  6
CONTINUOUS
100
AcDbLine
 10
133.2800000000000011
 20
-96.2099999999999937
 30
0
 11
133.2800000000000011
 21
-95.4099999999999966
 31
0
  0
LINE
  5
5FB
330
1B
100
AcDbEntity
  8
F.Cu
  6
CONTINUOUS
100
AcDbLine
 10
133.2800000000000011
 20
-95.4099999999999966
 30
0
 11
133.283851999999996
 21
-95.3315860000000015
 31
0
  0
LINE
  5
5FC
330
1B
100
AcDbEntity
  8
F.Cu
  6
CONTINUOUS
100
AcDbLine
 10
133.283851999999996
 20
-95.3315860000000015
 30
0
 11
133.3144479999999987
 21
-95.1777719999999903
 31
0
  0
LINE
  5
5FD
330
1B
100
AcDbEntity
  8
F.Cu
  6
CONTINUOUS
100
AcDbLine
 10
133.3144479999999987
 20
-95.1777719999999903
 30
0
 11
133.3744629999999916
 21
-95.0328829999999982
 31
0
  0
LINE
  5
5FE
330
1B
100
AcDbEntity
  8
F.Cu
  6
CONTINUOUS
100
AcDbLine
 10
133.3744629999999916
 20
-95.0328829999999982
 30
0
 11
133.461591999999996
 21
-94.9024849999999986
 31
0
  0
LINE
  5
5FF
330
1B
100
AcDbEntity
  8
F.Cu
  6
CONTINUOUS
100
AcDbLine
 10
133.461591999999996
 20
-94.9024849999999986
 30
0
 11
133.5724850000000004
 21
-94.7915919999999943
 31
0
  0
LINE
  5
600
330
1B
100
AcDbEntity
  8
F.Cu
  6
CONTINUOUS
100
AcDbLine
 10
133.5724850000000004
 20
-94.7915919999999943
 30
0
 11
133.7028829999999857
 21
-94.7044629999999898
 31
0
  0
LINE
  5
601
330
1B
100
AcDbEntity
  8
F.Cu
  6
CONTINUOUS
100
AcDbLine
 10
133.7028829999999857
 20
-94.7044629999999898
 30
0
 11
133.847771999999992
 21
-94.644447999999997
 31
0
  0
LINE
  5
602
330
1B
100
AcDbEntity
  8
F.Cu
  6
CONTINUOUS
100
AcDbLine
 10
133.847771999999992
 20
-94.644447999999997
 30
0
 11
134.0015860000000032
 21
-94.6138519999999943
 31
0
  0
LINE
  5
603
330
1B
100
AcDbEntity
  8
F.Cu
  6
CONTINUOUS
100
AcDbLine
 10
134.0015860000000032
 20
-94.6138519999999943
 30
0
 11
134.1584139999999934
 21
-94.6138519999999943
 31
0
  0
LINE
  5
604
330
1B
100
AcDbEntity
  8
F.Cu
  6
CONTINUOUS
100
AcDbLine
 10
134.1584139999999934
 20
-94.6138519999999943
 30
0
 11
134.3122280000000046
 21
-94.644447999999997
 31
0
  0
LINE
  5
605
330
1B
100
AcDbEntity
  8
F.Cu
  6
CONTINUOUS
100
AcDbLine
 10
136.8522279999999967
 20
-94.644447999999997
 30
0
 11
136.9971170000000029
 21
-94.7044629999999898
 31
0
  0
LINE
  5
606
330
1B
100
AcDbEntity
  8
F.Cu
  6
CONTINUOUS
100
AcDbLine
 10
136.9971170000000029
 20
-94.7044629999999898
 30
0
 11
137.1275149999999883
 21
-94.7915919999999943
 31
0
  0
LINE
  5
607
330
1B
100
AcDbEntity
  8
F.Cu
  6
CONTINUOUS
100
AcDbLine
 10
137.1275149999999883
 20
-94.7915919999999943
 30
0
 11
137.2384079999999926
 21
-94.9024849999999986
 31
0
  0
LINE
  5
608
330
1B
100
AcDbEntity
  8
F.Cu
  6
CONTINUOUS
100
AcDbLine
 10
137.2384079999999926
 20
-94.9024849999999986
 30
0
 11
137.3255369999999971
 21
-95.0328829999999982
 31
0
  0
LINE
  5
609
330
1B
100
AcDbEntity
  8
F.Cu
  6
CONTINUOUS
100
AcDbLine
 10
137.3255369999999971
 20
-95.0328829999999982
 30
0
 11
137.3855519999999899
 21
-95.1777719999999903
 31
0
  0
LINE
  5
60A
330
1B
100
AcDbEntity
  8
F.Cu
  6
CONTINUOUS
100
AcDbLine
 10
137.3855519999999899
 20
-95.1777719999999903
 30
0
 11
137.4161479999999926
 21
-95.3315860000000015
 31
0
  0
LINE
  5
60B
330
1B
100
AcDbEntity
  8
F.Cu
  6
CONTINUOUS
100
AcDbLine
 10
137.4161479999999926
 20
-95.3315860000000015
 30
0
 11
137.4199999999999875
 21
-95.4099999999999966
 31
0
  0
LINE
  5
60C
330
1B
100
AcDbEntity
  8
F.Cu
  6
CONTINUOUS
100
AcDbLine
 10
137.4199999999999875
 20
-95.4099999999999966
 30
0
 11
137.4199999999999875
 21
-96.2099999999999937
 31
0
  0
LINE
  5
60D
330
1B
100
AcDbEntity
  8
F.Cu
  6
CONTINUOUS
100
AcDbLine
 10
137.4199999999999875
 20
-96.2099999999999937
 30
0
 11
137.4161479999999926
 21
-96.2884139999999888
 31
0
  0
LINE
  5
60E
330
1B
100
AcDbEntity
  8
F.Cu
  6
CONTINUOUS
100
AcDbLine
 10
137.4161479999999926
 20
-96.2884139999999888
 30
0
 11
137.3855519999999899
 21
-96.4422280000000001
 31
0
  0
LINE
  5
60F
330
1B
100
AcDbEntity
  8
F.Cu
  6
CONTINUOUS
100
AcDbLine
 10
137.3855519999999899
 20
-96.4422280000000001
 30
0
 11
137.3255369999999971
 21
-96.5871169999999921
 31
0
  0
LINE
  5
610
330
1B
100
AcDbEntity
  8
F.Cu
  6
CONTINUOUS
100
AcDbLine
 10
137.3255369999999971
 20
-96.5871169999999921
 30
0
 11
137.2384079999999926
 21
-96.7175149999999917
 31
0
  0
LINE
  5
611
330
1B
100
AcDbEntity
  8
F.Cu
  6
CONTINUOUS
100
AcDbLine
 10
137.2384079999999926
 20
-96.7175149999999917
 30
0
 11
137.1275149999999883
 21
-96.828407999999996
 31
0
  0
LINE
  5
612
330
1B
100
AcDbEntity
  8
F.Cu
  6
CONTINUOUS
100
AcDbLine
 10
137.1275149999999883
 20
-96.828407999999996
 30
0
 11
136.9971170000000029
 21
-96.9155370000000005
 31
0
  0
LINE
  5
613
330
1B
100
AcDbEntity
  8
F.Cu
  6
CONTINUOUS
100
AcDbLine
 10
136.9971170000000029
 20
-96.9155370000000005
 30
0
 11
136.8522279999999967
 21
-96.9755519999999933
 31
0
  0
LINE
  5
614
330
1B
100
AcDbEntity
  8
F.Cu
  6
CONTINUOUS
100
AcDbLine
 10
136.8522279999999967
 20
-96.9755519999999933
 30
0
 11
136.6984139999999854
 21
-97.006147999999996
 31
0
  0
LINE
  5
615
330
1B
100
AcDbEntity
  8
F.Cu
  6
CONTINUOUS
100
AcDbLine
 10
136.6984139999999854
 20
-97.006147999999996
 30
0
 11
136.5415859999999952
 21
-97.006147999999996
 31
0
  0
LINE
  5
616
330
1B
100
AcDbEntity
  8
F.Cu
  6
CONTINUOUS
100
AcDbLine
 10
136.5415859999999952
 20
-97.006147999999996
 30
0
 11
136.387771999999984
 21
-96.9755519999999933
 31
0
  0
LINE
  5
617
330
1B
100
AcDbEntity
  8
F.Cu
  6
CONTINUOUS
100
AcDbLine
 10
136.387771999999984
 20
-96.9755519999999933
 30
0
 11
136.2428830000000062
 21
-96.9155370000000005
 31
0
  0
LINE
  5
618
330
1B
100
AcDbEntity
  8
F.Cu
  6
CONTINUOUS
100
AcDbLine
 10
136.2428830000000062
 20
-96.9155370000000005
 30
0
 11
136.1124849999999924
 21
-96.828407999999996
 31
0
  0
LINE
  5
619
330
1B
100
AcDbEntity
  8
F.Cu
  6
CONTINUOUS
100
AcDbLine
 10
136.1124849999999924
 20
-96.828407999999996
 30
0
 11
136.001591999999988
 21
-96.7175149999999917
 31
0
  0
LINE
  5
61A
330
1B
100
AcDbEntity
  8
F.Cu
  6
CONTINUOUS
100
AcDbLine
 10
136.001591999999988
 20
-96.7175149999999917
 30
0
 11
135.9144629999999836
 21
-96.5871169999999921
 31
0
  0
LINE
  5
61B
330
1B
100
AcDbEntity
  8
F.Cu
  6
CONTINUOUS
100
AcDbLine
 10
135.9144629999999836
 20
-96.5871169999999921
 30
0
 11
135.8544479999999908
 21
-96.4422280000000001
 31
0
  0
LINE
  5
61C
330
1B
100
AcDbEntity
  8
F.Cu
  6
CONTINUOUS
100
AcDbLine
 10
135.8544479999999908
 20
-96.4422280000000001
 30
0
 11
135.823851999999988
 21
-96.2884139999999888
 31
0
  0
LINE
  5
61D
330
1B
100
AcDbEntity
  8
F.Cu
  6
CONTINUOUS
100
AcDbLine
 10
135.823851999999988
 20
-96.2884139999999888
 30
0
 11
135.8199999999999932
 21
-96.2099999999999937
 31
0
  0
LINE
  5
61E
330
1B
100
AcDbEntity
  8
F.Cu
  6
CONTINUOUS
100
AcDbLine
 10
135.8199999999999932
 20
-96.2099999999999937
 30
0
 11
135.8199999999999932
 21
-95.4099999999999966
 31
0
  0
LINE
  5
61F
330
1B
100
AcDbEntity
  8
F.Cu
  6
CONTINUOUS
100
AcDbLine
 10
135.8199999999999932
 20
-95.4099999999999966
 30
0
 11
135.823851999999988
 21
-95.3315860000000015
 31
0
  0
LINE
  5
620
330
1B
100
AcDbEntity
  8
F.Cu
  6
CONTINUOUS
100
AcDbLine
 10
135.823851999999988
 20
-95.3315860000000015
 30
0
 11
135.8544479999999908
 21
-95.1777719999999903
 31
0
  0
LINE
  5
621
330
1B
100
AcDbEntity
  8
F.Cu
  6
CONTINUOUS
100
AcDbLine
 10
135.8544479999999908
 20
-95.1777719999999903
 30
0
 11
135.9144629999999836
 21
-95.0328829999999982
 31
0
  0
LINE
  5
622
330
1B
100
AcDbEntity
  8
F.Cu
  6
CONTINUOUS
100
AcDbLine
 10
135.9144629999999836
 20
-95.0328829999999982
 30
0
 11
136.001591999999988
 21
-94.9024849999999986
 31
0
  0
LINE
  5
623
330
1B
100
AcDbEntity
  8
F.Cu
  6
CONTINUOUS
100
AcDbLine
 10
136.001591999999988
 20
-94.9024849999999986
 30
0
 11
136.1124849999999924
 21
-94.7915919999999943
 31
0
  0
LINE
  5
624
330
1B
100
AcDbEntity
  8
F.Cu
  6
CONTINUOUS
100
AcDbLine
 10
136.1124849999999924
 20
-94.7915919999999943
 30
0
 11
136.2428830000000062
 21
-94.7044629999999898
 31
0
  0
LINE
  5
625
330
1B
100
AcDbEntity
  8
F.Cu
  6
CONTINUOUS
100
AcDbLine
 10
136.2428830000000062
 20
-94.7044629999999898
 30
0
 11
136.387771999999984
 21
-94.644447999999997
 31
0
  0
LINE
  5
626
330
1B
100
AcDbEntity
  8
F.Cu
  6
CONTINUOUS
100
AcDbLine
 10
136.387771999999984
 20
-94.644447999999997
 30
0
 11
136.5415859999999952
 21
-94.6138519999999943
 31
0
  0
LINE
  5
627
330
1B
100
AcDbEntity
  8
F.Cu
  6
CONTINUOUS
100
AcDbLine
 10
136.5415859999999952
 20
-94.6138519999999943
 30
0
 11
136.6984139999999854
 21
-94.6138519999999943
 31
0
  0
LINE
  5
628
330
1B
100
AcDbEntity
  8
F.Cu
  6
CONTINUOUS
100
AcDbLine
 10
136.6984139999999854
 20
-94.6138519999999943
 30
0
 11
136.8522279999999967
 21
-94.644447999999997
 31
0
  0
LINE
  5
629
330
1B
100
AcDbEntity
  8
F.Cu
  6
CONTINUOUS
100
AcDbLine
 10
158.7322279999999921
 20
-95.0444480000000027
 30
0
 11
158.8771169999999984
 21
-95.1044629999999955
 31
0
  0
LINE
  5
62A
330
1B
100
AcDbEntity
  8
F.Cu
  6
CONTINUOUS
100
AcDbLine
 10
158.8771169999999984
 20
-95.1044629999999955
 30
0
 11
159.0075149999999837
 21
-95.191592
 31
0
  0
LINE
  5
62B
330
1B
100
AcDbEntity
  8
F.Cu
  6
CONTINUOUS
100
AcDbLine
 10
159.0075149999999837
 20
-95.191592
 30
0
 11
159.1184079999999881
 21
-95.3024849999999901
 31
0
  0
LINE
  5
62C
330
1B
100
AcDbEntity
  8
F.Cu
  6
CONTINUOUS
100
AcDbLine
 10
159.1184079999999881
 20
-95.3024849999999901
 30
0
 11
159.2055369999999925
 21
-95.4328829999999897
 31
0
  0
LINE
  5
62D
330
1B
100
AcDbEntity
  8
F.Cu
  6
CONTINUOUS
100
AcDbLine
 10
159.2055369999999925
 20
-95.4328829999999897
 30
0
 11
159.2655519999999854
 21
-95.577771999999996
 31
0
  0
LINE
  5
62E
330
1B
100
AcDbEntity
  8
F.Cu
  6
CONTINUOUS
100
AcDbLine
 10
159.2655519999999854
 20
-95.577771999999996
 30
0
 11
159.2961479999999881
 21
-95.731585999999993
 31
0
  0
LINE
  5
62F
330
1B
100
AcDbEntity
  8
F.Cu
  6
CONTINUOUS
100
AcDbLine
 10
159.2961479999999881
 20
-95.731585999999993
 30
0
 11
159.2961479999999881
 21
-95.8884139999999974
 31
0
  0
LINE
  5
630
330
1B
100
AcDbEntity
  8
F.Cu
  6
CONTINUOUS
100
AcDbLine
 10
159.2961479999999881
 20
-95.8884139999999974
 30
0
 11
159.2655519999999854
 21
-96.0422279999999944
 31
0
  0
LINE
  5
631
330
1B
100
AcDbEntity
  8
F.Cu
  6
CONTINUOUS
100
AcDbLine
 10
159.2655519999999854
 20
-96.0422279999999944
 30
0
 11
159.2055369999999925
 21
-96.1871170000000006
 31
0
  0
LINE
  5
632
330
1B
100
AcDbEntity
  8
F.Cu
  6
CONTINUOUS
100
AcDbLine
 10
159.2055369999999925
 20
-96.1871170000000006
 30
0
 11
159.1184079999999881
 21
-96.3175150000000002
 31
0
  0
LINE
  5
633
330
1B
100
AcDbEntity
  8
F.Cu
  6
CONTINUOUS
100
AcDbLine
 10
159.1184079999999881
 20
-96.3175150000000002
 30
0
 11
159.0075149999999837
 21
-96.4284079999999904
 31
0
  0
LINE
  5
634
330
1B
100
AcDbEntity
  8
F.Cu
  6
CONTINUOUS
100
AcDbLine
 10
159.0075149999999837
 20
-96.4284079999999904
 30
0
 11
158.8771169999999984
 21
-96.5155369999999948
 31
0
  0
LINE
  5
635
330
1B
100
AcDbEntity
  8
F.Cu
  6
CONTINUOUS
100
AcDbLine
 10
158.8771169999999984
 20
-96.5155369999999948
 30
0
 11
158.7322279999999921
 21
-96.5755520000000018
 31
0
  0
LINE
  5
636
330
1B
100
AcDbEntity
  8
F.Cu
  6
CONTINUOUS
100
AcDbLine
 10
158.7322279999999921
 20
-96.5755520000000018
 30
0
 11
158.5784139999999809
 21
-96.6061479999999904
 31
0
  0
LINE
  5
637
330
1B
100
AcDbEntity
  8
F.Cu
  6
CONTINUOUS
100
AcDbLine
 10
158.5784139999999809
 20
-96.6061479999999904
 30
0
 11
158.4215859999999907
 21
-96.6061479999999904
 31
0
  0
LINE
  5
638
330
1B
100
AcDbEntity
  8
F.Cu
  6
CONTINUOUS
100
AcDbLine
 10
158.4215859999999907
 20
-96.6061479999999904
 30
0
 11
158.2677719999999795
 21
-96.5755520000000018
 31
0
  0
LINE
  5
639
330
1B
100
AcDbEntity
  8
F.Cu
  6
CONTINUOUS
100
AcDbLine
 10
158.2677719999999795
 20
-96.5755520000000018
 30
0
 11
158.1228830000000016
 21
-96.5155369999999948
 31
0
  0
LINE
  5
63A
330
1B
100
AcDbEntity
  8
F.Cu
  6
CONTINUOUS
100
AcDbLine
 10
158.1228830000000016
 20
-96.5155369999999948
 30
0
 11
157.9924849999999878
 21
-96.4284079999999904
 31
0
  0
LINE
  5
63B
330
1B
100
AcDbEntity
  8
F.Cu
  6
CONTINUOUS
100
AcDbLine
 10
157.9924849999999878
 20
-96.4284079999999904
 30
0
 11
157.8815919999999835
 21
-96.3175150000000002
 31
0
  0
LINE
  5
63C
330
1B
100
AcDbEntity
  8
F.Cu
  6
CONTINUOUS
100
AcDbLine
 10
157.8815919999999835
 20
-96.3175150000000002
 30
0
 11
157.794462999999979
 21
-96.1871170000000006
 31
0
  0
LINE
  5
63D
330
1B
100
AcDbEntity
  8
F.Cu
  6
CONTINUOUS
100
AcDbLine
 10
157.794462999999979
 20
-96.1871170000000006
 30
0
 11
157.7344479999999862
 21
-96.0422279999999944
 31
0
  0
LINE
  5
63E
330
1B
100
AcDbEntity
  8
F.Cu
  6
CONTINUOUS
100
AcDbLine
 10
157.7344479999999862
 20
-96.0422279999999944
 30
0
 11
157.7038519999999835
 21
-95.8884139999999974
 31
0
  0
LINE
  5
63F
330
1B
100
AcDbEntity
  8
F.Cu
  6
CONTINUOUS
100
AcDbLine
 10
157.7038519999999835
 20
-95.8884139999999974
 30
0
 11
157.7038519999999835
 21
-95.731585999999993
 31
0
  0
LINE
  5
640
330
1B
100
AcDbEntity
  8
F.Cu
  6
CONTINUOUS
100
AcDbLine
 10
157.7038519999999835
 20
-95.731585999999993
 30
0
 11
157.7344479999999862
 21
-95.577771999999996
 31
0
  0
LINE
  5
641
330
1B
100
AcDbEntity
  8
F.Cu
  6
CONTINUOUS
100
AcDbLine
 10
157.7344479999999862
 20
-95.577771999999996
 30
0
 11
157.794462999999979
 21
-95.4328829999999897
 31
0
  0
LINE
  5
642
330
1B
100
AcDbEntity
  8
F.Cu
  6
CONTINUOUS
100
AcDbLine
 10
157.794462999999979
 20
-95.4328829999999897
 30
0
 11
157.8815919999999835
 21
-95.3024849999999901
 31
0
  0
LINE
  5
643
330
1B
100
AcDbEntity
  8
F.Cu
  6
CONTINUOUS
100
AcDbLine
 10
157.8815919999999835
 20
-95.3024849999999901
 30
0
 11
157.9924849999999878
 21
-95.191592
 31
0
  0
LINE
  5
644
330
1B
100
AcDbEntity
  8
F.Cu
  6
CONTINUOUS
100
AcDbLine
 10
157.9924849999999878
 20
-95.191592
 30
0
 11
158.1228830000000016
 21
-95.1044629999999955
 31
0
  0
LINE
  5
645
330
1B
100
AcDbEntity
  8
F.Cu
  6
CONTINUOUS
100
AcDbLine
 10
158.1228830000000016
 20
-95.1044629999999955
 30
0
 11
158.2677719999999795
 21
-95.0444480000000027
 31
0
  0
LINE
  5
646
330
1B
100
AcDbEntity
  8
F.Cu
  6
CONTINUOUS
100
AcDbLine
 10
158.2677719999999795
 20
-95.0444480000000027
 30
0
 11
158.4215859999999907
 21
-95.013852
 31
0
  0
LINE
  5
647
330
1B
100
AcDbEntity
  8
F.Cu
  6
CONTINUOUS
100
AcDbLine
 10
158.4215859999999907
 20
-95.013852
 30
0
 11
158.5784139999999809
 21
-95.013852
 31
0
  0
LINE
  5
648
330
1B
100
AcDbEntity
  8
F.Cu
  6
CONTINUOUS
100
AcDbLine
 10
158.5784139999999809
 20
-95.013852
 30
0
 11
158.7322279999999921
 21
-95.0444480000000027
 31
0
  0
LINE
  5
649
330
1B
100
AcDbEntity
  8
F.Cu
  6
CONTINUOUS
100
AcDbLine
 10
105.2467419999999976
 20
-94.8766009999999937
 30
0
 11
105.4006869999999907
 21
-94.9403669999999948
 31
0
  0
LINE
  5
64A
330
1B
100
AcDbEntity
  8
F.Cu
  6
CONTINUOUS
100
AcDbLine
 10
105.4006869999999907
 20
-94.9403669999999948
 30
0
 11
105.5392339999999933
 21
-95.0329409999999939
 31
0
  0
LINE
  5
64B
330
1B
100
AcDbEntity
  8
F.Cu
  6
CONTINUOUS
100
AcDbLine
 10
105.5392339999999933
 20
-95.0329409999999939
 30
0
 11
105.6570589999999896
 21
-95.1507659999999902
 31
0
  0
LINE
  5
64C
330
1B
100
AcDbEntity
  8
F.Cu
  6
CONTINUOUS
100
AcDbLine
 10
105.6570589999999896
 20
-95.1507659999999902
 30
0
 11
105.7496329999999887
 21
-95.2893129999999928
 31
0
  0
LINE
  5
64D
330
1B
100
AcDbEntity
  8
F.Cu
  6
CONTINUOUS
100
AcDbLine
 10
105.7496329999999887
 20
-95.2893129999999928
 30
0
 11
105.8133989999999898
 21
-95.4432580000000002
 31
0
  0
LINE
  5
64E
330
1B
100
AcDbEntity
  8
F.Cu
  6
CONTINUOUS
100
AcDbLine
 10
105.8133989999999898
 20
-95.4432580000000002
 30
0
 11
105.8459069999999969
 21
-95.6066849999999988
 31
0
  0
LINE
  5
64F
330
1B
100
AcDbEntity
  8
F.Cu
  6
CONTINUOUS
100
AcDbLine
 10
105.8459069999999969
 20
-95.6066849999999988
 30
0
 11
105.8459069999999969
 21
-95.7733149999999966
 31
0
  0
LINE
  5
650
330
1B
100
AcDbEntity
  8
F.Cu
  6
CONTINUOUS
100
AcDbLine
 10
105.8459069999999969
 20
-95.7733149999999966
 30
0
 11
105.8133989999999898
 21
-95.9367419999999953
 31
0
  0
LINE
  5
651
330
1B
100
AcDbEntity
  8
F.Cu
  6
CONTINUOUS
100
AcDbLine
 10
105.8133989999999898
 20
-95.9367419999999953
 30
0
 11
105.7496329999999887
 21
-96.0906870000000026
 31
0
  0
LINE
  5
652
330
1B
100
AcDbEntity
  8
F.Cu
  6
CONTINUOUS
100
AcDbLine
 10
105.7496329999999887
 20
-96.0906870000000026
 30
0
 11
105.6570589999999896
 21
-96.2292339999999911
 31
0
  0
LINE
  5
653
330
1B
100
AcDbEntity
  8
F.Cu
  6
CONTINUOUS
100
AcDbLine
 10
105.6570589999999896
 20
-96.2292339999999911
 30
0
 11
105.5392339999999933
 21
-96.3470590000000016
 31
0
  0
LINE
  5
654
330
1B
100
AcDbEntity
  8
F.Cu
  6
CONTINUOUS
100
AcDbLine
 10
105.5392339999999933
 20
-96.3470590000000016
 30
0
 11
105.4006869999999907
 21
-96.4396330000000006
 31
0
  0
LINE
  5
655
330
1B
100
AcDbEntity
  8
F.Cu
  6
CONTINUOUS
100
AcDbLine
 10
105.4006869999999907
 20
-96.4396330000000006
 30
0
 11
105.2467419999999976
 21
-96.5033990000000017
 31
0
  0
LINE
  5
656
330
1B
100
AcDbEntity
  8
F.Cu
  6
CONTINUOUS
100
AcDbLine
 10
105.2467419999999976
 20
-96.5033990000000017
 30
0
 11
105.0833149999999989
 21
-96.5359069999999946
 31
0
  0
LINE
  5
657
330
1B
100
AcDbEntity
  8
F.Cu
  6
CONTINUOUS
100
AcDbLine
 10
105.0833149999999989
 20
-96.5359069999999946
 30
0
 11
104.9166850000000011
 21
-96.5359069999999946
 31
0
  0
LINE
  5
658
330
1B
100
AcDbEntity
  8
F.Cu
  6
CONTINUOUS
100
AcDbLine
 10
104.9166850000000011
 20
-96.5359069999999946
 30
0
 11
104.7532579999999882
 21
-96.5033990000000017
 31
0
  0
LINE
  5
659
330
1B
100
AcDbEntity
  8
F.Cu
  6
CONTINUOUS
100
AcDbLine
 10
104.7532579999999882
 20
-96.5033990000000017
 30
0
 11
104.5993129999999951
 21
-96.4396330000000006
 31
0
  0
LINE
  5
65A
330
1B
100
AcDbEntity
  8
F.Cu
  6
CONTINUOUS
100
AcDbLine
 10
104.5993129999999951
 20
-96.4396330000000006
 30
0
 11
104.4607659999999925
 21
-96.3470590000000016
 31
0
  0
LINE
  5
65B
330
1B
100
AcDbEntity
  8
F.Cu
  6
CONTINUOUS
100
AcDbLine
 10
104.4607659999999925
 20
-96.3470590000000016
 30
0
 11
104.3429409999999962
 21
-96.2292339999999911
 31
0
  0
LINE
  5
65C
330
1B
100
AcDbEntity
  8
F.Cu
  6
CONTINUOUS
100
AcDbLine
 10
104.3429409999999962
 20
-96.2292339999999911
 30
0
 11
104.2503669999999971
 21
-96.0906870000000026
 31
0
  0
LINE
  5
65D
330
1B
100
AcDbEntity
  8
F.Cu
  6
CONTINUOUS
100
AcDbLine
 10
104.2503669999999971
 20
-96.0906870000000026
 30
0
 11
104.186600999999996
 21
-95.9367419999999953
 31
0
  0
LINE
  5
65E
330
1B
100
AcDbEntity
  8
F.Cu
  6
CONTINUOUS
100
AcDbLine
 10
104.186600999999996
 20
-95.9367419999999953
 30
0
 11
104.1540929999999889
 21
-95.7733149999999966
 31
0
  0
LINE
  5
65F
330
1B
100
AcDbEntity
  8
F.Cu
  6
CONTINUOUS
100
AcDbLine
 10
104.1540929999999889
 20
-95.7733149999999966
 30
0
 11
104.1540929999999889
 21
-95.6066849999999988
 31
0
  0
LINE
  5
660
330
1B
100
AcDbEntity
  8
F.Cu
  6
CONTINUOUS
100
AcDbLine
 10
104.1540929999999889
 20
-95.6066849999999988
 30
0
 11
104.186600999999996
 21
-95.4432580000000002
 31
0
  0
LINE
  5
661
330
1B
100
AcDbEntity
  8
F.Cu
  6
CONTINUOUS
100
AcDbLine
 10
104.186600999999996
 20
-95.4432580000000002
 30
0
 11
104.2503669999999971
 21
-95.2893129999999928
 31
0
  0
LINE
  5
662
330
1B
100
AcDbEntity
  8
F.Cu
  6
CONTINUOUS
100
AcDbLine
 10
104.2503669999999971
 20
-95.2893129999999928
 30
0
 11
104.3429409999999962
 21
-95.1507659999999902
 31
0
  0
LINE
  5
663
330
1B
100
AcDbEntity
  8
F.Cu
  6
CONTINUOUS
100
AcDbLine
 10
104.3429409999999962
 20
-95.1507659999999902
 30
0
 11
104.4607659999999925
 21
-95.0329409999999939
 31
0
  0
LINE
  5
664
330
1B
100
AcDbEntity
  8
F.Cu
  6
CONTINUOUS
100
AcDbLine
 10
104.4607659999999925
 20
-95.0329409999999939
 30
0
 11
104.5993129999999951
 21
-94.9403669999999948
 31
0
  0
LINE
  5
665
330
1B
100
AcDbEntity
  8
F.Cu
  6
CONTINUOUS
100
AcDbLine
 10
104.5993129999999951
 20
-94.9403669999999948
 30
0
 11
104.7532579999999882
 21
-94.8766009999999937
 31
0
  0
LINE
  5
666
330
1B
100
AcDbEntity
  8
F.Cu
  6
CONTINUOUS
100
AcDbLine
 10
104.7532579999999882
 20
-94.8766009999999937
 30
0
 11
104.9166850000000011
 21
-94.8440930000000009
 31
0
  0
LINE
  5
667
330
1B
100
AcDbEntity
  8
F.Cu
  6
CONTINUOUS
100
AcDbLine
 10
104.9166850000000011
 20
-94.8440930000000009
 30
0
 11
105.0833149999999989
 21
-94.8440930000000009
 31
0
  0
LINE
  5
668
330
1B
100
AcDbEntity
  8
F.Cu
  6
CONTINUOUS
100
AcDbLine
 10
105.0833149999999989
 20
-94.8440930000000009
 30
0
 11
105.2467419999999976
 21
-94.8766009999999937
 31
0
  0
LINE
  5
669
330
1B
100
AcDbEntity
  8
F.Cu
  6
CONTINUOUS
100
AcDbLine
 10
105.8499999999999943
 20
-94.
 30
0
 11
104.1499999999999915
 21
-94.
 31
0
  0
LINE
  5
66A
330
1B
100
AcDbEntity
  8
F.Cu
  6
CONTINUOUS
100
AcDbLine
 10
104.1499999999999915
 20
-94.
 30
0
 11
104.1499999999999915
 21
-92.2999999999999972
 31
0
  0
LINE
  5
66B
330
1B
100
AcDbEntity
  8
F.Cu
  6
CONTINUOUS
100
AcDbLine
 10
104.1499999999999915
 20
-92.2999999999999972
 30
0
 11
105.8499999999999943
 21
-92.2999999999999972
 31
0
  0
LINE
  5
66C
330
1B
100
AcDbEntity
  8
F.Cu
  6
CONTINUOUS
100
AcDbLine
 10
105.8499999999999943
 20
-92.2999999999999972
 30
0
 11
105.8499999999999943
 21
-94.
 31
0
  0
LINE
  5
66D
330
1B
100
AcDbEntity
  8
F.Cu
  6
CONTINUOUS
100
AcDbLine
 10
95.7322279999999921
 20
-91.7344480000000004
 30
0
 11
95.8771169999999984
 21
-91.7944629999999933
 31
0
  0
LINE
  5
66E
330
1B
100
AcDbEntity
  8
F.Cu
  6
CONTINUOUS
100
AcDbLine
 10
95.8771169999999984
 20
-91.7944629999999933
 30
0
 11
96.0075149999999979
 21
-91.8815919999999977
 31
0
  0
LINE
  5
66F
330
1B
100
AcDbEntity
  8
F.Cu
  6
CONTINUOUS
100
AcDbLine
 10
96.0075149999999979
 20
-91.8815919999999977
 30
0
 11
96.1184080000000023
 21
-91.9924850000000021
 31
0
  0
LINE
  5
670
330
1B
100
AcDbEntity
  8
F.Cu
  6
CONTINUOUS
100
AcDbLine
 10
96.1184080000000023
 20
-91.9924850000000021
 30
0
 11
96.2055369999999925
 21
-92.1228830000000016
 31
0
  0
LINE
  5
671
330
1B
100
AcDbEntity
  8
F.Cu
  6
CONTINUOUS
100
AcDbLine
 10
96.2055369999999925
 20
-92.1228830000000016
 30
0
 11
96.2655519999999996
 21
-92.2677719999999937
 31
0
  0
LINE
  5
672
330
1B
100
AcDbEntity
  8
F.Cu
  6
CONTINUOUS
100
AcDbLine
 10
96.2655519999999996
 20
-92.2677719999999937
 30
0
 11
96.2961480000000023
 21
-92.4215859999999907
 31
0
  0
LINE
  5
673
330
1B
100
AcDbEntity
  8
F.Cu
  6
CONTINUOUS
100
AcDbLine
 10
96.2961480000000023
 20
-92.4215859999999907
 30
0
 11
96.2961480000000023
 21
-92.5784139999999951
 31
0
  0
LINE
  5
674
330
1B
100
AcDbEntity
  8
F.Cu
  6
CONTINUOUS
100
AcDbLine
 10
96.2961480000000023
 20
-92.5784139999999951
 30
0
 11
96.2655519999999996
 21
-92.7322279999999921
 31
0
  0
LINE
  5
675
330
1B
100
AcDbEntity
  8
F.Cu
  6
CONTINUOUS
100
AcDbLine
 10
96.2655519999999996
 20
-92.7322279999999921
 30
0
 11
96.2055369999999925
 21
-92.8771169999999984
 31
0
  0
LINE
  5
676
330
1B
100
AcDbEntity
  8
F.Cu
  6
CONTINUOUS
100
AcDbLine
 10
96.2055369999999925
 20
-92.8771169999999984
 30
0
 11
96.1184080000000023
 21
-93.0075149999999979
 31
0
  0
LINE
  5
677
330
1B
100
AcDbEntity
  8
F.Cu
  6
CONTINUOUS
100
AcDbLine
 10
96.1184080000000023
 20
-93.0075149999999979
 30
0
 11
96.0075149999999979
 21
-93.1184080000000023
 31
0
  0
LINE
  5
678
330
1B
100
AcDbEntity
  8
F.Cu
  6
CONTINUOUS
100
AcDbLine
 10
96.0075149999999979
 20
-93.1184080000000023
 30
0
 11
95.8771169999999984
 21
-93.2055369999999925
 31
0
  0
LINE
  5
679
330
1B
100
AcDbEntity
  8
F.Cu
  6
CONTINUOUS
100
AcDbLine
 10
95.8771169999999984
 20
-93.2055369999999925
 30
0
 11
95.7322279999999921
 21
-93.2655519999999996
 31
0
  0
LINE
  5
67A
330
1B
100
AcDbEntity
  8
F.Cu
  6
CONTINUOUS
100
AcDbLine
 10
95.7322279999999921
 20
-93.2655519999999996
 30
0
 11
95.5784139999999951
 21
-93.2961480000000023
 31
0
  0
LINE
  5
67B
330
1B
100
AcDbEntity
  8
F.Cu
  6
CONTINUOUS
100
AcDbLine
 10
95.5784139999999951
 20
-93.2961480000000023
 30
0
 11
95.4215859999999907
 21
-93.2961480000000023
 31
0
  0
LINE
  5
67C
330
1B
100
AcDbEntity
  8
F.Cu
  6
CONTINUOUS
100
AcDbLine
 10
95.4215859999999907
 20
-93.2961480000000023
 30
0
 11
95.2677719999999937
 21
-93.2655519999999996
 31
0
  0
LINE
  5
67D
330
1B
100
AcDbEntity
  8
F.Cu
  6
CONTINUOUS
100
AcDbLine
 10
95.2677719999999937
 20
-93.2655519999999996
 30
0
 11
95.1228830000000016
 21
-93.2055369999999925
 31
0
  0
LINE
  5
67E
330
1B
100
AcDbEntity
  8
F.Cu
  6
CONTINUOUS
100
AcDbLine
 10
95.1228830000000016
 20
-93.2055369999999925
 30
0
 11
94.9924850000000021
 21
-93.1184080000000023
 31
0
  0
LINE
  5
67F
330
1B
100
AcDbEntity
  8
F.Cu
  6
CONTINUOUS
100
AcDbLine
 10
94.9924850000000021
 20
-93.1184080000000023
 30
0
 11
94.8815919999999977
 21
-93.0075149999999979
 31
0
  0
LINE
  5
680
330
1B
100
AcDbEntity
  8
F.Cu
  6
CONTINUOUS
100
AcDbLine
 10
94.8815919999999977
 20
-93.0075149999999979
 30
0
 11
94.7944629999999933
 21
-92.8771169999999984
 31
0
  0
LINE
  5
681
330
1B
100
AcDbEntity
  8
F.Cu
  6
CONTINUOUS
100
AcDbLine
 10
94.7944629999999933
 20
-92.8771169999999984
 30
0
 11
94.7344480000000004
 21
-92.7322279999999921
 31
0
  0
LINE
  5
682
330
1B
100
AcDbEntity
  8
F.Cu
  6
CONTINUOUS
100
AcDbLine
 10
94.7344480000000004
 20
-92.7322279999999921
 30
0
 11
94.7038519999999977
 21
-92.5784139999999951
 31
0
  0
LINE
  5
683
330
1B
100
AcDbEntity
  8
F.Cu
  6
CONTINUOUS
100
AcDbLine
 10
94.7038519999999977
 20
-92.5784139999999951
 30
0
 11
94.7038519999999977
 21
-92.4215859999999907
 31
0
  0
LINE
  5
684
330
1B
100
AcDbEntity
  8
F.Cu
  6
CONTINUOUS
100
AcDbLine
 10
94.7038519999999977
 20
-92.4215859999999907
 30
0
 11
94.7344480000000004
 21
-92.2677719999999937
 31
0
  0
LINE
  5
685
330
1B
100
AcDbEntity
  8
F.Cu
  6
CONTINUOUS
100
AcDbLine
 10
94.7344480000000004
 20
-92.2677719999999937
 30
0
 11
94.7944629999999933
 21
-92.1228830000000016
 31
0
  0
LINE
  5
686
330
1B
100
AcDbEntity
  8
F.Cu
  6
CONTINUOUS
100
AcDbLine
 10
94.7944629999999933
 20
-92.1228830000000016
 30
0
 11
94.8815919999999977
 21
-91.9924850000000021
 31
0
  0
LINE
  5
687
330
1B
100
AcDbEntity
  8
F.Cu
  6
CONTINUOUS
100
AcDbLine
 10
94.8815919999999977
 20
-91.9924850000000021
 30
0
 11
94.9924850000000021
 21
-91.8815919999999977
 31
0
  0
LINE
  5
688
330
1B
100
AcDbEntity
  8
F.Cu
  6
CONTINUOUS
100
AcDbLine
 10
94.9924850000000021
 20
-91.8815919999999977
 30
0
 11
95.1228830000000016
 21
-91.7944629999999933
 31
0
  0
LINE
  5
689
330
1B
100
AcDbEntity
  8
F.Cu
  6
CONTINUOUS
100
AcDbLine
 10
95.1228830000000016
 20
-91.7944629999999933
 30
0
 11
95.2677719999999937
 21
-91.7344480000000004
 31
0
  0
LINE
  5
68A
330
1B
100
AcDbEntity
  8
F.Cu
  6
CONTINUOUS
100
AcDbLine
 10
95.2677719999999937
 20
-91.7344480000000004
 30
0
 11
95.4215859999999907
 21
-91.7038519999999977
 31
0
  0
LINE
  5
68B
330
1B
100
AcDbEntity
  8
F.Cu
  6
CONTINUOUS
100
AcDbLine
 10
95.4215859999999907
 20
-91.7038519999999977
 30
0
 11
95.5784139999999951
 21
-91.7038519999999977
 31
0
  0
LINE
  5
68C
330
1B
100
AcDbEntity
  8
F.Cu
  6
CONTINUOUS
100
AcDbLine
 10
95.5784139999999951
 20
-91.7038519999999977
 30
0
 11
95.7322279999999921
 21
-91.7344480000000004
 31
0
  0
LINE
  5
68D
330
1B
100
AcDbEntity
  8
F.Cu
  6
CONTINUOUS
100
AcDbLine
 10
115.2322279999999921
 20
-90.5444480000000027
 30
0
 11
115.3771169999999984
 21
-90.6044629999999955
 31
0
  0
LINE
  5
68E
330
1B
100
AcDbEntity
  8
F.Cu
  6
CONTINUOUS
100
AcDbLine
 10
115.3771169999999984
 20
-90.6044629999999955
 30
0
 11
115.5075149999999979
 21
-90.691592
 31
0
  0
LINE
  5
68F
330
1B
100
AcDbEntity
  8
F.Cu
  6
CONTINUOUS
100
AcDbLine
 10
115.5075149999999979
 20
-90.691592
 30
0
 11
115.6184079999999881
 21
-90.8024849999999901
 31
0
  0
LINE
  5
690
330
1B
100
AcDbEntity
  8
F.Cu
  6
CONTINUOUS
100
AcDbLine
 10
115.6184079999999881
 20
-90.8024849999999901
 30
0
 11
115.7055369999999925
 21
-90.9328829999999897
 31
0
  0
LINE
  5
691
330
1B
100
AcDbEntity
  8
F.Cu
  6
CONTINUOUS
100
AcDbLine
 10
115.7055369999999925
 20
-90.9328829999999897
 30
0
 11
115.7655519999999996
 21
-91.077771999999996
 31
0
  0
LINE
  5
692
330
1B
100
AcDbEntity
  8
F.Cu
  6
CONTINUOUS
100
AcDbLine
 10
115.7655519999999996
 20
-91.077771999999996
 30
0
 11
115.7961479999999881
 21
-91.231585999999993
 31
0
  0
LINE
  5
693
330
1B
100
AcDbEntity
  8
F.Cu
  6
CONTINUOUS
100
AcDbLine
 10
115.7961479999999881
 20
-91.231585999999993
 30
0
 11
115.7961479999999881
 21
-91.3884139999999974
 31
0
  0
LINE
  5
694
330
1B
100
AcDbEntity
  8
F.Cu
  6
CONTINUOUS
100
AcDbLine
 10
115.7961479999999881
 20
-91.3884139999999974
 30
0
 11
115.7655519999999996
 21
-91.5422279999999944
 31
0
  0
LINE
  5
695
330
1B
100
AcDbEntity
  8
F.Cu
  6
CONTINUOUS
100
AcDbLine
 10
115.7655519999999996
 20
-91.5422279999999944
 30
0
 11
115.7055369999999925
 21
-91.6871170000000006
 31
0
  0
LINE
  5
696
330
1B
100
AcDbEntity
  8
F.Cu
  6
CONTINUOUS
100
AcDbLine
 10
115.7055369999999925
 20
-91.6871170000000006
 30
0
 11
115.6184079999999881
 21
-91.8175150000000002
 31
0
  0
LINE
  5
697
330
1B
100
AcDbEntity
  8
F.Cu
  6
CONTINUOUS
100
AcDbLine
 10
115.6184079999999881
 20
-91.8175150000000002
 30
0
 11
115.5075149999999979
 21
-91.9284079999999904
 31
0
  0
LINE
  5
698
330
1B
100
AcDbEntity
  8
F.Cu
  6
CONTINUOUS
100
AcDbLine
 10
115.5075149999999979
 20
-91.9284079999999904
 30
0
 11
115.3771169999999984
 21
-92.0155369999999948
 31
0
  0
LINE
  5
699
330
1B
100
AcDbEntity
  8
F.Cu
  6
CONTINUOUS
100
AcDbLine
 10
115.3771169999999984
 20
-92.0155369999999948
 30
0
 11
115.2322279999999921
 21
-92.0755520000000018
 31
0
  0
LINE
  5
69A
330
1B
100
AcDbEntity
  8
F.Cu
  6
CONTINUOUS
100
AcDbLine
 10
115.2322279999999921
 20
-92.0755520000000018
 30
0
 11
115.0784139999999951
 21
-92.1061479999999904
 31
0
  0
LINE
  5
69B
330
1B
100
AcDbEntity
  8
F.Cu
  6
CONTINUOUS
100
AcDbLine
 10
115.0784139999999951
 20
-92.1061479999999904
 30
0
 11
114.9215859999999907
 21
-92.1061479999999904
 31
0
  0
LINE
  5
69C
330
1B
100
AcDbEntity
  8
F.Cu
  6
CONTINUOUS
100
AcDbLine
 10
114.9215859999999907
 20
-92.1061479999999904
 30
0
 11
114.7677719999999937
 21
-92.0755520000000018
 31
0
  0
LINE
  5
69D
330
1B
100
AcDbEntity
  8
F.Cu
  6
CONTINUOUS
100
AcDbLine
 10
114.7677719999999937
 20
-92.0755520000000018
 30
0
 11
114.6228830000000016
 21
-92.0155369999999948
 31
0
  0
LINE
  5
69E
330
1B
100
AcDbEntity
  8
F.Cu
  6
CONTINUOUS
100
AcDbLine
 10
114.6228830000000016
 20
-92.0155369999999948
 30
0
 11
114.4924849999999878
 21
-91.9284079999999904
 31
0
  0
LINE
  5
69F
330
1B
100
AcDbEntity
  8
F.Cu
  6
CONTINUOUS
100
AcDbLine
 10
114.4924849999999878
 20
-91.9284079999999904
 30
0
 11
114.3815919999999977
 21
-91.8175150000000002
 31
0
  0
LINE
  5
6A0
330
1B
100
AcDbEntity
  8
F.Cu
  6
CONTINUOUS
100
AcDbLine
 10
114.3815919999999977
 20
-91.8175150000000002
 30
0
 11
114.2944629999999933
 21
-91.6871170000000006
 31
0
  0
LINE
  5
6A1
330
1B
100
AcDbEntity
  8
F.Cu
  6
CONTINUOUS
100
AcDbLine
 10
114.2944629999999933
 20
-91.6871170000000006
 30
0
 11
114.2344480000000004
 21
-91.5422279999999944
 31
0
  0
LINE
  5
6A2
330
1B
100
AcDbEntity
  8
F.Cu
  6
CONTINUOUS
100
AcDbLine
 10
114.2344480000000004
 20
-91.5422279999999944
 30
0
 11
114.2038519999999977
 21
-91.3884139999999974
 31
0
  0
LINE
  5
6A3
330
1B
100
AcDbEntity
  8
F.Cu
  6
CONTINUOUS
100
AcDbLine
 10
114.2038519999999977
 20
-91.3884139999999974
 30
0
 11
114.2038519999999977
 21
-91.231585999999993
 31
0
  0
LINE
  5
6A4
330
1B
100
AcDbEntity
  8
F.Cu
  6
CONTINUOUS
100
AcDbLine
 10
114.2038519999999977
 20
-91.231585999999993
 30
0
 11
114.2344480000000004
 21
-91.077771999999996
 31
0
  0
LINE
  5
6A5
330
1B
100
AcDbEntity
  8
F.Cu
  6
CONTINUOUS
100
AcDbLine
 10
114.2344480000000004
 20
-91.077771999999996
 30
0
 11
114.2944629999999933
 21
-90.9328829999999897
 31
0
  0
LINE
  5
6A6
330
1B
100
AcDbEntity
  8
F.Cu
  6
CONTINUOUS
100
AcDbLine
 10
114.2944629999999933
 20
-90.9328829999999897
 30
0
 11
114.3815919999999977
 21
-90.8024849999999901
 31
0
  0
LINE
  5
6A7
330
1B
100
AcDbEntity
  8
F.Cu
  6
CONTINUOUS
100
AcDbLine
 10
114.3815919999999977
 20
-90.8024849999999901
 30
0
 11
114.4924849999999878
 21
-90.691592
 31
0
  0
LINE
  5
6A8
330
1B
100
AcDbEntity
  8
F.Cu
  6
CONTINUOUS
100
AcDbLine
 10
114.4924849999999878
 20
-90.691592
 30
0
 11
114.6228830000000016
 21
-90.6044629999999955
 31
0
  0
LINE
  5
6A9
330
1B
100
AcDbEntity
  8
F.Cu
  6
CONTINUOUS
100
AcDbLine
 10
114.6228830000000016
 20
-90.6044629999999955
 30
0
 11
114.7677719999999937
 21
-90.5444480000000027
 31
0
  0
LINE
  5
6AA
330
1B
100
AcDbEntity
  8
F.Cu
  6
CONTINUOUS
100
AcDbLine
 10
114.7677719999999937
 20
-90.5444480000000027
 30
0
 11
114.9215859999999907
 21
-90.513852
 31
0
  0
LINE
  5
6AB
330
1B
100
AcDbEntity
  8
F.Cu
  6
CONTINUOUS
100
AcDbLine
 10
114.9215859999999907
 20
-90.513852
 30
0
 11
115.0784139999999951
 21
-90.513852
 31
0
  0
LINE
  5
6AC
330
1B
100
AcDbEntity
  8
F.Cu
  6
CONTINUOUS
100
AcDbLine
 10
115.0784139999999951
 20
-90.513852
 30
0
 11
115.2322279999999921
 21
-90.5444480000000027
 31
0
  0
LINE
  5
6AD
330
1B
100
AcDbEntity
  8
F.Cu
  6
CONTINUOUS
100
AcDbLine
 10
142.2322279999999921
 20
-87.9244479999999982
 30
0
 11
142.3771169999999984
 21
-87.984462999999991
 31
0
  0
LINE
  5
6AE
330
1B
100
AcDbEntity
  8
F.Cu
  6
CONTINUOUS
100
AcDbLine
 10
142.3771169999999984
 20
-87.984462999999991
 30
0
 11
142.5075149999999837
 21
-88.0715919999999954
 31
0
  0
LINE
  5
6AF
330
1B
100
AcDbEntity
  8
F.Cu
  6
CONTINUOUS
100
AcDbLine
 10
142.5075149999999837
 20
-88.0715919999999954
 30
0
 11
142.6184079999999881
 21
-88.1824849999999998
 31
0
  0
LINE
  5
6B0
330
1B
100
AcDbEntity
  8
F.Cu
  6
CONTINUOUS
100
AcDbLine
 10
142.6184079999999881
 20
-88.1824849999999998
 30
0
 11
142.7055369999999925
 21
-88.3128829999999994
 31
0
  0
LINE
  5
6B1
330
1B
100
AcDbEntity
  8
F.Cu
  6
CONTINUOUS
100
AcDbLine
 10
142.7055369999999925
 20
-88.3128829999999994
 30
0
 11
142.7655519999999854
 21
-88.4577719999999914
 31
0
  0
LINE
  5
6B2
330
1B
100
AcDbEntity
  8
F.Cu
  6
CONTINUOUS
100
AcDbLine
 10
142.7655519999999854
 20
-88.4577719999999914
 30
0
 11
142.7961479999999881
 21
-88.6115860000000026
 31
0
  0
LINE
  5
6B3
330
1B
100
AcDbEntity
  8
F.Cu
  6
CONTINUOUS
100
AcDbLine
 10
142.7961479999999881
 20
-88.6115860000000026
 30
0
 11
142.7961479999999881
 21
-88.7684139999999928
 31
0
  0
LINE
  5
6B4
330
1B
100
AcDbEntity
  8
F.Cu
  6
CONTINUOUS
100
AcDbLine
 10
142.7961479999999881
 20
-88.7684139999999928
 30
0
 11
142.7655519999999854
 21
-88.9222279999999898
 31
0
  0
LINE
  5
6B5
330
1B
100
AcDbEntity
  8
F.Cu
  6
CONTINUOUS
100
AcDbLine
 10
142.7655519999999854
 20
-88.9222279999999898
 30
0
 11
142.7055369999999925
 21
-89.0671169999999961
 31
0
  0
LINE
  5
6B6
330
1B
100
AcDbEntity
  8
F.Cu
  6
CONTINUOUS
100
AcDbLine
 10
142.7055369999999925
 20
-89.0671169999999961
 30
0
 11
142.6184079999999881
 21
-89.1975149999999957
 31
0
  0
LINE
  5
6B7
330
1B
100
AcDbEntity
  8
F.Cu
  6
CONTINUOUS
100
AcDbLine
 10
142.6184079999999881
 20
-89.1975149999999957
 30
0
 11
142.5075149999999837
 21
-89.308408
 31
0
  0
LINE
  5
6B8
330
1B
100
AcDbEntity
  8
F.Cu
  6
CONTINUOUS
100
AcDbLine
 10
142.5075149999999837
 20
-89.308408
 30
0
 11
142.3771169999999984
 21
-89.3955369999999903
 31
0
  0
LINE
  5
6B9
330
1B
100
AcDbEntity
  8
F.Cu
  6
CONTINUOUS
100
AcDbLine
 10
142.3771169999999984
 20
-89.3955369999999903
 30
0
 11
142.2322279999999921
 21
-89.4555519999999973
 31
0
  0
LINE
  5
6BA
330
1B
100
AcDbEntity
  8
F.Cu
  6
CONTINUOUS
100
AcDbLine
 10
142.2322279999999921
 20
-89.4555519999999973
 30
0
 11
142.0784139999999809
 21
-89.486148
 31
0
  0
LINE
  5
6BB
330
1B
100
AcDbEntity
  8
F.Cu
  6
CONTINUOUS
100
AcDbLine
 10
142.0784139999999809
 20
-89.486148
 30
0
 11
141.9215859999999907
 21
-89.486148
 31
0
  0
LINE
  5
6BC
330
1B
100
AcDbEntity
  8
F.Cu
  6
CONTINUOUS
100
AcDbLine
 10
141.9215859999999907
 20
-89.486148
 30
0
 11
141.7677719999999795
 21
-89.4555519999999973
 31
0
  0
LINE
  5
6BD
330
1B
100
AcDbEntity
  8
F.Cu
  6
CONTINUOUS
100
AcDbLine
 10
141.7677719999999795
 20
-89.4555519999999973
 30
0
 11
141.6228830000000016
 21
-89.3955369999999903
 31
0
  0
LINE
  5
6BE
330
1B
100
AcDbEntity
  8
F.Cu
  6
CONTINUOUS
100
AcDbLine
 10
141.6228830000000016
 20
-89.3955369999999903
 30
0
 11
141.4924849999999878
 21
-89.308408
 31
0
  0
LINE
  5
6BF
330
1B
100
AcDbEntity
  8
F.Cu
  6
CONTINUOUS
100
AcDbLine
 10
141.4924849999999878
 20
-89.308408
 30
0
 11
141.3815919999999835
 21
-89.1975149999999957
 31
0
  0
LINE
  5
6C0
330
1B
100
AcDbEntity
  8
F.Cu
  6
CONTINUOUS
100
AcDbLine
 10
141.3815919999999835
 20
-89.1975149999999957
 30
0
 11
141.2944630000000075
 21
-89.0671169999999961
 31
0
  0
LINE
  5
6C1
330
1B
100
AcDbEntity
  8
F.Cu
  6
CONTINUOUS
100
AcDbLine
 10
141.2944630000000075
 20
-89.0671169999999961
 30
0
 11
141.2344479999999862
 21
-88.9222279999999898
 31
0
  0
LINE
  5
6C2
330
1B
100
AcDbEntity
  8
F.Cu
  6
CONTINUOUS
100
AcDbLine
 10
141.2344479999999862
 20
-88.9222279999999898
 30
0
 11
141.2038519999999835
 21
-88.7684139999999928
 31
0
  0
LINE
  5
6C3
330
1B
100
AcDbEntity
  8
F.Cu
  6
CONTINUOUS
100
AcDbLine
 10
141.2038519999999835
 20
-88.7684139999999928
 30
0
 11
141.2038519999999835
 21
-88.6115860000000026
 31
0
  0
LINE
  5
6C4
330
1B
100
AcDbEntity
  8
F.Cu
  6
CONTINUOUS
100
AcDbLine
 10
141.2038519999999835
 20
-88.6115860000000026
 30
0
 11
141.2344479999999862
 21
-88.4577719999999914
 31
0
  0
LINE
  5
6C5
330
1B
100
AcDbEntity
  8
F.Cu
  6
CONTINUOUS
100
AcDbLine
 10
141.2344479999999862
 20
-88.4577719999999914
 30
0
 11
141.2944630000000075
 21
-88.3128829999999994
 31
0
  0
LINE
  5
6C6
330
1B
100
AcDbEntity
  8
F.Cu
  6
CONTINUOUS
100
AcDbLine
 10
141.2944630000000075
 20
-88.3128829999999994
 30
0
 11
141.3815919999999835
 21
-88.1824849999999998
 31
0
  0
LINE
  5
6C7
330
1B
100
AcDbEntity
  8
F.Cu
  6
CONTINUOUS
100
AcDbLine
 10
141.3815919999999835
 20
-88.1824849999999998
 30
0
 11
141.4924849999999878
 21
-88.0715919999999954
 31
0
  0
LINE
  5
6C8
330
1B
100
AcDbEntity
  8
F.Cu
  6
CONTINUOUS
100
AcDbLine
 10
141.4924849999999878
 20
-88.0715919999999954
 30
0
 11
141.6228830000000016
 21
-87.984462999999991
 31
0
  0
LINE
  5
6C9
330
1B
100
AcDbEntity
  8
F.Cu
  6
CONTINUOUS
100
AcDbLine
 10
141.6228830000000016
 20
-87.984462999999991
 30
0
 11
141.7677719999999795
 21
-87.9244479999999982
 31
0
  0
LINE
  5
6CA
330
1B
100
AcDbEntity
  8
F.Cu
  6
CONTINUOUS
100
AcDbLine
 10
141.7677719999999795
 20
-87.9244479999999982
 30
0
 11
141.9215859999999907
 21
-87.8938519999999954
 31
0
  0
LINE
  5
6CB
330
1B
100
AcDbEntity
  8
F.Cu
  6
CONTINUOUS
100
AcDbLine
 10
141.9215859999999907
 20
-87.8938519999999954
 30
0
 11
142.0784139999999809
 21
-87.8938519999999954
 31
0
  0
LINE
  5
6CC
330
1B
100
AcDbEntity
  8
F.Cu
  6
CONTINUOUS
100
AcDbLine
 10
142.0784139999999809
 20
-87.8938519999999954
 30
0
 11
142.2322279999999921
 21
-87.9244479999999982
 31
0
  0
LINE
  5
6CD
330
1B
100
AcDbEntity
  8
F.Cu
  6
CONTINUOUS
100
AcDbLine
 10
147.2322279999999921
 20
-87.9244479999999982
 30
0
 11
147.3771169999999984
 21
-87.984462999999991
 31
0
  0
LINE
  5
6CE
330
1B
100
AcDbEntity
  8
F.Cu
  6
CONTINUOUS
100
AcDbLine
 10
147.3771169999999984
 20
-87.984462999999991
 30
0
 11
147.5075149999999837
 21
-88.0715919999999954
 31
0
  0
LINE
  5
6CF
330
1B
100
AcDbEntity
  8
F.Cu
  6
CONTINUOUS
100
AcDbLine
 10
147.5075149999999837
 20
-88.0715919999999954
 30
0
 11
147.6184079999999881
 21
-88.1824849999999998
 31
0
  0
LINE
  5
6D0
330
1B
100
AcDbEntity
  8
F.Cu
  6
CONTINUOUS
100
AcDbLine
 10
147.6184079999999881
 20
-88.1824849999999998
 30
0
 11
147.7055369999999925
 21
-88.3128829999999994
 31
0
  0
LINE
  5
6D1
330
1B
100
AcDbEntity
  8
F.Cu
  6
CONTINUOUS
100
AcDbLine
 10
147.7055369999999925
 20
-88.3128829999999994
 30
0
 11
147.7655519999999854
 21
-88.4577719999999914
 31
0
  0
LINE
  5
6D2
330
1B
100
AcDbEntity
  8
F.Cu
  6
CONTINUOUS
100
AcDbLine
 10
147.7655519999999854
 20
-88.4577719999999914
 30
0
 11
147.7961479999999881
 21
-88.6115860000000026
 31
0
  0
LINE
  5
6D3
330
1B
100
AcDbEntity
  8
F.Cu
  6
CONTINUOUS
100
AcDbLine
 10
147.7961479999999881
 20
-88.6115860000000026
 30
0
 11
147.7961479999999881
 21
-88.7684139999999928
 31
0
  0
LINE
  5
6D4
330
1B
100
AcDbEntity
  8
F.Cu
  6
CONTINUOUS
100
AcDbLine
 10
147.7961479999999881
 20
-88.7684139999999928
 30
0
 11
147.7655519999999854
 21
-88.9222279999999898
 31
0
  0
LINE
  5
6D5
330
1B
100
AcDbEntity
  8
F.Cu
  6
CONTINUOUS
100
AcDbLine
 10
147.7655519999999854
 20
-88.9222279999999898
 30
0
 11
147.7055369999999925
 21
-89.0671169999999961
 31
0
  0
LINE
  5
6D6
330
1B
100
AcDbEntity
  8
F.Cu
  6
CONTINUOUS
100
AcDbLine
 10
147.7055369999999925
 20
-89.0671169999999961
 30
0
 11
147.6184079999999881
 21
-89.1975149999999957
 31
0
  0
LINE
  5
6D7
330
1B
100
AcDbEntity
  8
F.Cu
  6
CONTINUOUS
100
AcDbLine
 10
147.6184079999999881
 20
-89.1975149999999957
 30
0
 11
147.5075149999999837
 21
-89.308408
 31
0
  0
LINE
  5
6D8
330
1B
100
AcDbEntity
  8
F.Cu
  6
CONTINUOUS
100
AcDbLine
 10
147.5075149999999837
 20
-89.308408
 30
0
 11
147.3771169999999984
 21
-89.3955369999999903
 31
0
  0
LINE
  5
6D9
330
1B
100
AcDbEntity
  8
F.Cu
  6
CONTINUOUS
100
AcDbLine
 10
147.3771169999999984
 20
-89.3955369999999903
 30
0
 11
147.2322279999999921
 21
-89.4555519999999973
 31
0
  0
LINE
  5
6DA
330
1B
100
AcDbEntity
  8
F.Cu
  6
CONTINUOUS
100
AcDbLine
 10
147.2322279999999921
 20
-89.4555519999999973
 30
0
 11
147.0784139999999809
 21
-89.486148
 31
0
  0
LINE
  5
6DB
330
1B
100
AcDbEntity
  8
F.Cu
  6
CONTINUOUS
100
AcDbLine
 10
147.0784139999999809
 20
-89.486148
 30
0
 11
146.9215859999999907
 21
-89.486148
 31
0
  0
LINE
  5
6DC
330
1B
100
AcDbEntity
  8
F.Cu
  6
CONTINUOUS
100
AcDbLine
 10
146.9215859999999907
 20
-89.486148
 30
0
 11
146.7677719999999795
 21
-89.4555519999999973
 31
0
  0
LINE
  5
6DD
330
1B
100
AcDbEntity
  8
F.Cu
  6
CONTINUOUS
100
AcDbLine
 10
146.7677719999999795
 20
-89.4555519999999973
 30
0
 11
146.6228830000000016
 21
-89.3955369999999903
 31
0
  0
LINE
  5
6DE
330
1B
100
AcDbEntity
  8
F.Cu
  6
CONTINUOUS
100
AcDbLine
 10
146.6228830000000016
 20
-89.3955369999999903
 30
0
 11
146.4924849999999878
 21
-89.308408
 31
0
  0
LINE
  5
6DF
330
1B
100
AcDbEntity
  8
F.Cu
  6
CONTINUOUS
100
AcDbLine
 10
146.4924849999999878
 20
-89.308408
 30
0
 11
146.3815919999999835
 21
-89.1975149999999957
 31
0
  0
LINE
  5
6E0
330
1B
100
AcDbEntity
  8
F.Cu
  6
CONTINUOUS
100
AcDbLine
 10
146.3815919999999835
 20
-89.1975149999999957
 30
0
 11
146.2944630000000075
 21
-89.0671169999999961
 31
0
  0
LINE
  5
6E1
330
1B
100
AcDbEntity
  8
F.Cu
  6
CONTINUOUS
100
AcDbLine
 10
146.2944630000000075
 20
-89.0671169999999961
 30
0
 11
146.2344479999999862
 21
-88.9222279999999898
 31
0
  0
LINE
  5
6E2
330
1B
100
AcDbEntity
  8
F.Cu
  6
CONTINUOUS
100
AcDbLine
 10
146.2344479999999862
 20
-88.9222279999999898
 30
0
 11
146.2038519999999835
 21
-88.7684139999999928
 31
0
  0
LINE
  5
6E3
330
1B
100
AcDbEntity
  8
F.Cu
  6
CONTINUOUS
100
AcDbLine
 10
146.2038519999999835
 20
-88.7684139999999928
 30
0
 11
146.2038519999999835
 21
-88.6115860000000026
 31
0
  0
LINE
  5
6E4
330
1B
100
AcDbEntity
  8
F.Cu
  6
CONTINUOUS
100
AcDbLine
 10
146.2038519999999835
 20
-88.6115860000000026
 30
0
 11
146.2344479999999862
 21
-88.4577719999999914
 31
0
  0
LINE
  5
6E5
330
1B
100
AcDbEntity
  8
F.Cu
  6
CONTINUOUS
100
AcDbLine
 10
146.2344479999999862
 20
-88.4577719999999914
 30
0
 11
146.2944630000000075
 21
-88.3128829999999994
 31
0
  0
LINE
  5
6E6
330
1B
100
AcDbEntity
  8
F.Cu
  6
CONTINUOUS
100
AcDbLine
 10
146.2944630000000075
 20
-88.3128829999999994
 30
0
 11
146.3815919999999835
 21
-88.1824849999999998
 31
0
  0
LINE
  5
6E7
330
1B
100
AcDbEntity
  8
F.Cu
  6
CONTINUOUS
100
AcDbLine
 10
146.3815919999999835
 20
-88.1824849999999998
 30
0
 11
146.4924849999999878
 21
-88.0715919999999954
 31
0
  0
LINE
  5
6E8
330
1B
100
AcDbEntity
  8
F.Cu
  6
CONTINUOUS
100
AcDbLine
 10
146.4924849999999878
 20
-88.0715919999999954
 30
0
 11
146.6228830000000016
 21
-87.984462999999991
 31
0
  0
LINE
  5
6E9
330
1B
100
AcDbEntity
  8
F.Cu
  6
CONTINUOUS
100
AcDbLine
 10
146.6228830000000016
 20
-87.984462999999991
 30
0
 11
146.7677719999999795
 21
-87.9244479999999982
 31
0
  0
LINE
  5
6EA
330
1B
100
AcDbEntity
  8
F.Cu
  6
CONTINUOUS
100
AcDbLine
 10
146.7677719999999795
 20
-87.9244479999999982
 30
0
 11
146.9215859999999907
 21
-87.8938519999999954
 31
0
  0
LINE
  5
6EB
330
1B
100
AcDbEntity
  8
F.Cu
  6
CONTINUOUS
100
AcDbLine
 10
146.9215859999999907
 20
-87.8938519999999954
 30
0
 11
147.0784139999999809
 21
-87.8938519999999954
 31
0
  0
LINE
  5
6EC
330
1B
100
AcDbEntity
  8
F.Cu
  6
CONTINUOUS
100
AcDbLine
 10
147.0784139999999809
 20
-87.8938519999999954
 30
0
 11
147.2322279999999921
 21
-87.9244479999999982
 31
0
  0
LINE
  5
6ED
330
1B
100
AcDbEntity
  8
F.Cu
  6
CONTINUOUS
100
AcDbLine
 10
121.6122279999999876
 20
-87.0244479999999925
 30
0
 11
121.7571169999999938
 21
-87.0844629999999995
 31
0
  0
LINE
  5
6EE
330
1B
100
AcDbEntity
  8
F.Cu
  6
CONTINUOUS
100
AcDbLine
 10
121.7571169999999938
 20
-87.0844629999999995
 30
0
 11
121.8875149999999934
 21
-87.1715919999999898
 31
0
  0
LINE
  5
6EF
330
1B
100
AcDbEntity
  8
F.Cu
  6
CONTINUOUS
100
AcDbLine
 10
121.8875149999999934
 20
-87.1715919999999898
 30
0
 11
121.9984079999999977
 21
-87.2824849999999941
 31
0
  0
LINE
  5
6F0
330
1B
100
AcDbEntity
  8
F.Cu
  6
CONTINUOUS
100
AcDbLine
 10
121.9984079999999977
 20
-87.2824849999999941
 30
0
 11
122.085536999999988
 21
-87.4128829999999937
 31
0
  0
LINE
  5
6F1
330
1B
100
AcDbEntity
  8
F.Cu
  6
CONTINUOUS
100
AcDbLine
 10
122.085536999999988
 20
-87.4128829999999937
 30
0
 11
122.145551999999995
 21
-87.5577719999999999
 31
0
  0
LINE
  5
6F2
330
1B
100
AcDbEntity
  8
F.Cu
  6
CONTINUOUS
100
AcDbLine
 10
122.145551999999995
 20
-87.5577719999999999
 30
0
 11
122.1761479999999978
 21
-87.7115859999999969
 31
0
  0
LINE
  5
6F3
330
1B
100
AcDbEntity
  8
F.Cu
  6
CONTINUOUS
100
AcDbLine
 10
122.1761479999999978
 20
-87.7115859999999969
 30
0
 11
122.1799999999999926
 21
-87.789999999999992
 31
0
  0
LINE
  5
6F4
330
1B
100
AcDbEntity
  8
F.Cu
  6
CONTINUOUS
100
AcDbLine
 10
122.1799999999999926
 20
-87.789999999999992
 30
0
 11
122.1799999999999926
 21
-88.5899999999999892
 31
0
  0
LINE
  5
6F5
330
1B
100
AcDbEntity
  8
F.Cu
  6
CONTINUOUS
100
AcDbLine
 10
122.1799999999999926
 20
-88.5899999999999892
 30
0
 11
122.1761479999999978
 21
-88.6684139999999985
 31
0
  0
LINE
  5
6F6
330
1B
100
AcDbEntity
  8
F.Cu
  6
CONTINUOUS
100
AcDbLine
 10
122.1761479999999978
 20
-88.6684139999999985
 30
0
 11
122.145551999999995
 21
-88.8222279999999955
 31
0
  0
LINE
  5
6F7
330
1B
100
AcDbEntity
  8
F.Cu
  6
CONTINUOUS
100
AcDbLine
 10
122.145551999999995
 20
-88.8222279999999955
 30
0
 11
122.085536999999988
 21
-88.9671170000000018
 31
0
  0
LINE
  5
6F8
330
1B
100
AcDbEntity
  8
F.Cu
  6
CONTINUOUS
100
AcDbLine
 10
122.085536999999988
 20
-88.9671170000000018
 30
0
 11
121.9984079999999977
 21
-89.0975150000000014
 31
0
  0
LINE
  5
6F9
330
1B
100
AcDbEntity
  8
F.Cu
  6
CONTINUOUS
100
AcDbLine
 10
121.9984079999999977
 20
-89.0975150000000014
 30
0
 11
121.8875149999999934
 21
-89.2084079999999915
 31
0
  0
LINE
  5
6FA
330
1B
100
AcDbEntity
  8
F.Cu
  6
CONTINUOUS
100
AcDbLine
 10
121.8875149999999934
 20
-89.2084079999999915
 30
0
 11
121.7571169999999938
 21
-89.2955369999999959
 31
0
  0
LINE
  5
6FB
330
1B
100
AcDbEntity
  8
F.Cu
  6
CONTINUOUS
100
AcDbLine
 10
121.7571169999999938
 20
-89.2955369999999959
 30
0
 11
121.6122279999999876
 21
-89.355552000000003
 31
0
  0
LINE
  5
6FC
330
1B
100
AcDbEntity
  8
F.Cu
  6
CONTINUOUS
100
AcDbLine
 10
121.6122279999999876
 20
-89.355552000000003
 30
0
 11
121.4584139999999906
 21
-89.3861479999999915
 31
0
  0
LINE
  5
6FD
330
1B
100
AcDbEntity
  8
F.Cu
  6
CONTINUOUS
100
AcDbLine
 10
121.4584139999999906
 20
-89.3861479999999915
 30
0
 11
121.3015860000000004
 21
-89.3861479999999915
 31
0
  0
LINE
  5
6FE
330
1B
100
AcDbEntity
  8
F.Cu
  6
CONTINUOUS
100
AcDbLine
 10
121.3015860000000004
 20
-89.3861479999999915
 30
0
 11
121.1477719999999891
 21
-89.355552000000003
 31
0
  0
LINE
  5
6FF
330
1B
100
AcDbEntity
  8
F.Cu
  6
CONTINUOUS
100
AcDbLine
 10
121.1477719999999891
 20
-89.355552000000003
 30
0
 11
121.0028829999999971
 21
-89.2955369999999959
 31
0
  0
LINE
  5
700
330
1B
100
AcDbEntity
  8
F.Cu
  6
CONTINUOUS
100
AcDbLine
 10
121.0028829999999971
 20
-89.2955369999999959
 30
0
 11
120.8724849999999975
 21
-89.2084079999999915
 31
0
  0
LINE
  5
701
330
1B
100
AcDbEntity
  8
F.Cu
  6
CONTINUOUS
100
AcDbLine
 10
120.8724849999999975
 20
-89.2084079999999915
 30
0
 11
120.7615919999999932
 21
-89.0975150000000014
 31
0
  0
LINE
  5
702
330
1B
100
AcDbEntity
  8
F.Cu
  6
CONTINUOUS
100
AcDbLine
 10
120.7615919999999932
 20
-89.0975150000000014
 30
0
 11
120.6744629999999887
 21
-88.9671170000000018
 31
0
  0
LINE
  5
703
330
1B
100
AcDbEntity
  8
F.Cu
  6
CONTINUOUS
100
AcDbLine
 10
120.6744629999999887
 20
-88.9671170000000018
 30
0
 11
120.6144479999999959
 21
-88.8222279999999955
 31
0
  0
LINE
  5
704
330
1B
100
AcDbEntity
  8
F.Cu
  6
CONTINUOUS
100
AcDbLine
 10
120.6144479999999959
 20
-88.8222279999999955
 30
0
 11
120.5838519999999932
 21
-88.6684139999999985
 31
0
  0
LINE
  5
705
330
1B
100
AcDbEntity
  8
F.Cu
  6
CONTINUOUS
100
AcDbLine
 10
120.5838519999999932
 20
-88.6684139999999985
 30
0
 11
120.5799999999999983
 21
-88.5899999999999892
 31
0
  0
LINE
  5
706
330
1B
100
AcDbEntity
  8
F.Cu
  6
CONTINUOUS
100
AcDbLine
 10
120.5799999999999983
 20
-88.5899999999999892
 30
0
 11
120.5799999999999983
 21
-87.789999999999992
 31
0
  0
LINE
  5
707
330
1B
100
AcDbEntity
  8
F.Cu
  6
CONTINUOUS
100
AcDbLine
 10
120.5799999999999983
 20
-87.789999999999992
 30
0
 11
120.5838519999999932
 21
-87.7115859999999969
 31
0
  0
LINE
  5
708
330
1B
100
AcDbEntity
  8
F.Cu
  6
CONTINUOUS
100
AcDbLine
 10
120.5838519999999932
 20
-87.7115859999999969
 30
0
 11
120.6144479999999959
 21
-87.5577719999999999
 31
0
  0
LINE
  5
709
330
1B
100
AcDbEntity
  8
F.Cu
  6
CONTINUOUS
100
AcDbLine
 10
120.6144479999999959
 20
-87.5577719999999999
 30
0
 11
120.6744629999999887
 21
-87.4128829999999937
 31
0
  0
LINE
  5
70A
330
1B
100
AcDbEntity
  8
F.Cu
  6
CONTINUOUS
100
AcDbLine
 10
120.6744629999999887
 20
-87.4128829999999937
 30
0
 11
120.7615919999999932
 21
-87.2824849999999941
 31
0
  0
LINE
  5
70B
330
1B
100
AcDbEntity
  8
F.Cu
  6
CONTINUOUS
100
AcDbLine
 10
120.7615919999999932
 20
-87.2824849999999941
 30
0
 11
120.8724849999999975
 21
-87.1715919999999898
 31
0
  0
LINE
  5
70C
330
1B
100
AcDbEntity
  8
F.Cu
  6
CONTINUOUS
100
AcDbLine
 10
120.8724849999999975
 20
-87.1715919999999898
 30
0
 11
121.0028829999999971
 21
-87.0844629999999995
 31
0
  0
LINE
  5
70D
330
1B
100
AcDbEntity
  8
F.Cu
  6
CONTINUOUS
100
AcDbLine
 10
121.0028829999999971
 20
-87.0844629999999995
 30
0
 11
121.1477719999999891
 21
-87.0244479999999925
 31
0
  0
LINE
  5
70E
330
1B
100
AcDbEntity
  8
F.Cu
  6
CONTINUOUS
100
AcDbLine
 10
121.1477719999999891
 20
-87.0244479999999925
 30
0
 11
121.3015860000000004
 21
-86.9938519999999897
 31
0
  0
LINE
  5
70F
330
1B
100
AcDbEntity
  8
F.Cu
  6
CONTINUOUS
100
AcDbLine
 10
121.3015860000000004
 20
-86.9938519999999897
 30
0
 11
121.4584139999999906
 21
-86.9938519999999897
 31
0
  0
LINE
  5
710
330
1B
100
AcDbEntity
  8
F.Cu
  6
CONTINUOUS
100
AcDbLine
 10
121.4584139999999906
 20
-86.9938519999999897
 30
0
 11
121.6122279999999876
 21
-87.0244479999999925
 31
0
  0
LINE
  5
711
330
1B
100
AcDbEntity
  8
F.Cu
  6
CONTINUOUS
100
AcDbLine
 10
124.1522279999999938
 20
-87.0244479999999925
 30
0
 11
124.2971170000000001
 21
-87.0844629999999995
 31
0
  0
LINE
  5
712
330
1B
100
AcDbEntity
  8
F.Cu
  6
CONTINUOUS
100
AcDbLine
 10
124.2971170000000001
 20
-87.0844629999999995
 30
0
 11
124.4275149999999996
 21
-87.1715919999999898
 31
0
  0
LINE
  5
713
330
1B
100
AcDbEntity
  8
F.Cu
  6
CONTINUOUS
100
AcDbLine
 10
124.4275149999999996
 20
-87.1715919999999898
 30
0
 11
124.5384079999999898
 21
-87.2824849999999941
 31
0
  0
LINE
  5
714
330
1B
100
AcDbEntity
  8
F.Cu
  6
CONTINUOUS
100
AcDbLine
 10
124.5384079999999898
 20
-87.2824849999999941
 30
0
 11
124.6255369999999942
 21
-87.4128829999999937
 31
0
  0
LINE
  5
715
330
1B
100
AcDbEntity
  8
F.Cu
  6
CONTINUOUS
100
AcDbLine
 10
124.6255369999999942
 20
-87.4128829999999937
 30
0
 11
124.6855520000000013
 21
-87.5577719999999999
 31
0
  0
LINE
  5
716
330
1B
100
AcDbEntity
  8
F.Cu
  6
CONTINUOUS
100
AcDbLine
 10
124.6855520000000013
 20
-87.5577719999999999
 30
0
 11
124.7161479999999898
 21
-87.7115859999999969
 31
0
  0
LINE
  5
717
330
1B
100
AcDbEntity
  8
F.Cu
  6
CONTINUOUS
100
AcDbLine
 10
124.7161479999999898
 20
-87.7115859999999969
 30
0
 11
124.7199999999999989
 21
-87.789999999999992
 31
0
  0
LINE
  5
718
330
1B
100
AcDbEntity
  8
F.Cu
  6
CONTINUOUS
100
AcDbLine
 10
124.7199999999999989
 20
-87.789999999999992
 30
0
 11
124.7199999999999989
 21
-88.5899999999999892
 31
0
  0
LINE
  5
719
330
1B
100
AcDbEntity
  8
F.Cu
  6
CONTINUOUS
100
AcDbLine
 10
124.7199999999999989
 20
-88.5899999999999892
 30
0
 11
124.7161479999999898
 21
-88.6684139999999985
 31
0
  0
LINE
  5
71A
330
1B
100
AcDbEntity
  8
F.Cu
  6
CONTINUOUS
100
AcDbLine
 10
124.7161479999999898
 20
-88.6684139999999985
 30
0
 11
124.6855520000000013
 21
-88.8222279999999955
 31
0
  0
LINE
  5
71B
330
1B
100
AcDbEntity
  8
F.Cu
  6
CONTINUOUS
100
AcDbLine
 10
124.6855520000000013
 20
-88.8222279999999955
 30
0
 11
124.6255369999999942
 21
-88.9671170000000018
 31
0
  0
LINE
  5
71C
330
1B
100
AcDbEntity
  8
F.Cu
  6
CONTINUOUS
100
AcDbLine
 10
124.6255369999999942
 20
-88.9671170000000018
 30
0
 11
124.5384079999999898
 21
-89.0975150000000014
 31
0
  0
LINE
  5
71D
330
1B
100
AcDbEntity
  8
F.Cu
  6
CONTINUOUS
100
AcDbLine
 10
124.5384079999999898
 20
-89.0975150000000014
 30
0
 11
124.4275149999999996
 21
-89.2084079999999915
 31
0
  0
LINE
  5
71E
330
1B
100
AcDbEntity
  8
F.Cu
  6
CONTINUOUS
100
AcDbLine
 10
124.4275149999999996
 20
-89.2084079999999915
 30
0
 11
124.2971170000000001
 21
-89.2955369999999959
 31
0
  0
LINE
  5
71F
330
1B
100
AcDbEntity
  8
F.Cu
  6
CONTINUOUS
100
AcDbLine
 10
124.2971170000000001
 20
-89.2955369999999959
 30
0
 11
124.1522279999999938
 21
-89.355552000000003
 31
0
  0
LINE
  5
720
330
1B
100
AcDbEntity
  8
F.Cu
  6
CONTINUOUS
100
AcDbLine
 10
124.1522279999999938
 20
-89.355552000000003
 30
0
 11
123.9984139999999968
 21
-89.3861479999999915
 31
0
  0
LINE
  5
721
330
1B
100
AcDbEntity
  8
F.Cu
  6
CONTINUOUS
100
AcDbLine
 10
123.9984139999999968
 20
-89.3861479999999915
 30
0
 11
123.8415859999999924
 21
-89.3861479999999915
 31
0
  0
LINE
  5
722
330
1B
100
AcDbEntity
  8
F.Cu
  6
CONTINUOUS
100
AcDbLine
 10
123.8415859999999924
 20
-89.3861479999999915
 30
0
 11
123.6877719999999954
 21
-89.355552000000003
 31
0
  0
LINE
  5
723
330
1B
100
AcDbEntity
  8
F.Cu
  6
CONTINUOUS
100
AcDbLine
 10
123.6877719999999954
 20
-89.355552000000003
 30
0
 11
123.5428829999999891
 21
-89.2955369999999959
 31
0
  0
LINE
  5
724
330
1B
100
AcDbEntity
  8
F.Cu
  6
CONTINUOUS
100
AcDbLine
 10
123.5428829999999891
 20
-89.2955369999999959
 30
0
 11
123.4124849999999896
 21
-89.2084079999999915
 31
0
  0
LINE
  5
725
330
1B
100
AcDbEntity
  8
F.Cu
  6
CONTINUOUS
100
AcDbLine
 10
123.4124849999999896
 20
-89.2084079999999915
 30
0
 11
123.3015919999999994
 21
-89.0975150000000014
 31
0
  0
LINE
  5
726
330
1B
100
AcDbEntity
  8
F.Cu
  6
CONTINUOUS
100
AcDbLine
 10
123.3015919999999994
 20
-89.0975150000000014
 30
0
 11
123.214462999999995
 21
-88.9671170000000018
 31
0
  0
LINE
  5
727
330
1B
100
AcDbEntity
  8
F.Cu
  6
CONTINUOUS
100
AcDbLine
 10
123.214462999999995
 20
-88.9671170000000018
 30
0
 11
123.1544479999999879
 21
-88.8222279999999955
 31
0
  0
LINE
  5
728
330
1B
100
AcDbEntity
  8
F.Cu
  6
CONTINUOUS
100
AcDbLine
 10
123.1544479999999879
 20
-88.8222279999999955
 30
0
 11
123.1238519999999994
 21
-88.6684139999999985
 31
0
  0
LINE
  5
729
330
1B
100
AcDbEntity
  8
F.Cu
  6
CONTINUOUS
100
AcDbLine
 10
123.1238519999999994
 20
-88.6684139999999985
 30
0
 11
123.1199999999999903
 21
-88.5899999999999892
 31
0
  0
LINE
  5
72A
330
1B
100
AcDbEntity
  8
F.Cu
  6
CONTINUOUS
100
AcDbLine
 10
123.1199999999999903
 20
-88.5899999999999892
 30
0
 11
123.1199999999999903
 21
-87.789999999999992
 31
0
  0
LINE
  5
72B
330
1B
100
AcDbEntity
  8
F.Cu
  6
CONTINUOUS
100
AcDbLine
 10
123.1199999999999903
 20
-87.789999999999992
 30
0
 11
123.1238519999999994
 21
-87.7115859999999969
 31
0
  0
LINE
  5
72C
330
1B
100
AcDbEntity
  8
F.Cu
  6
CONTINUOUS
100
AcDbLine
 10
123.1238519999999994
 20
-87.7115859999999969
 30
0
 11
123.1544479999999879
 21
-87.5577719999999999
 31
0
  0
LINE
  5
72D
330
1B
100
AcDbEntity
  8
F.Cu
  6
CONTINUOUS
100
AcDbLine
 10
123.1544479999999879
 20
-87.5577719999999999
 30
0
 11
123.214462999999995
 21
-87.4128829999999937
 31
0
  0
LINE
  5
72E
330
1B
100
AcDbEntity
  8
F.Cu
  6
CONTINUOUS
100
AcDbLine
 10
123.214462999999995
 20
-87.4128829999999937
 30
0
 11
123.3015919999999994
 21
-87.2824849999999941
 31
0
  0
LINE
  5
72F
330
1B
100
AcDbEntity
  8
F.Cu
  6
CONTINUOUS
100
AcDbLine
 10
123.3015919999999994
 20
-87.2824849999999941
 30
0
 11
123.4124849999999896
 21
-87.1715919999999898
 31
0
  0
LINE
  5
730
330
1B
100
AcDbEntity
  8
F.Cu
  6
CONTINUOUS
100
AcDbLine
 10
123.4124849999999896
 20
-87.1715919999999898
 30
0
 11
123.5428829999999891
 21
-87.0844629999999995
 31
0
  0
LINE
  5
731
330
1B
100
AcDbEntity
  8
F.Cu
  6
CONTINUOUS
100
AcDbLine
 10
123.5428829999999891
 20
-87.0844629999999995
 30
0
 11
123.6877719999999954
 21
-87.0244479999999925
 31
0
  0
LINE
  5
732
330
1B
100
AcDbEntity
  8
F.Cu
  6
CONTINUOUS
100
AcDbLine
 10
123.6877719999999954
 20
-87.0244479999999925
 30
0
 11
123.8415859999999924
 21
-86.9938519999999897
 31
0
  0
LINE
  5
733
330
1B
100
AcDbEntity
  8
F.Cu
  6
CONTINUOUS
100
AcDbLine
 10
123.8415859999999924
 20
-86.9938519999999897
 30
0
 11
123.9984139999999968
 21
-86.9938519999999897
 31
0
  0
LINE
  5
734
330
1B
100
AcDbEntity
  8
F.Cu
  6
CONTINUOUS
100
AcDbLine
 10
123.9984139999999968
 20
-86.9938519999999897
 30
0
 11
124.1522279999999938
 21
-87.0244479999999925
 31
0
  0
LINE
  5
735
330
1B
100
AcDbEntity
  8
F.Cu
  6
CONTINUOUS
100
AcDbLine
 10
126.6922280000000001
 20
-87.0244479999999925
 30
0
 11
126.8371169999999921
 21
-87.0844629999999995
 31
0
  0
LINE
  5
736
330
1B
100
AcDbEntity
  8
F.Cu
  6
CONTINUOUS
100
AcDbLine
 10
126.8371169999999921
 20
-87.0844629999999995
 30
0
 11
126.9675149999999917
 21
-87.1715919999999898
 31
0
  0
LINE
  5
737
330
1B
100
AcDbEntity
  8
F.Cu
  6
CONTINUOUS
100
AcDbLine
 10
126.9675149999999917
 20
-87.1715919999999898
 30
0
 11
127.078407999999996
 21
-87.2824849999999941
 31
0
  0
LINE
  5
738
330
1B
100
AcDbEntity
  8
F.Cu
  6
CONTINUOUS
100
AcDbLine
 10
127.078407999999996
 20
-87.2824849999999941
 30
0
 11
127.1655370000000005
 21
-87.4128829999999937
 31
0
  0
LINE
  5
739
330
1B
100
AcDbEntity
  8
F.Cu
  6
CONTINUOUS
100
AcDbLine
 10
127.1655370000000005
 20
-87.4128829999999937
 30
0
 11
127.2255519999999933
 21
-87.5577719999999999
 31
0
  0
LINE
  5
73A
330
1B
100
AcDbEntity
  8
F.Cu
  6
CONTINUOUS
100
AcDbLine
 10
127.2255519999999933
 20
-87.5577719999999999
 30
0
 11
127.256147999999996
 21
-87.7115859999999969
 31
0
  0
LINE
  5
73B
330
1B
100
AcDbEntity
  8
F.Cu
  6
CONTINUOUS
100
AcDbLine
 10
127.256147999999996
 20
-87.7115859999999969
 30
0
 11
127.2599999999999909
 21
-87.789999999999992
 31
0
  0
LINE
  5
73C
330
1B
100
AcDbEntity
  8
F.Cu
  6
CONTINUOUS
100
AcDbLine
 10
127.2599999999999909
 20
-87.789999999999992
 30
0
 11
127.2599999999999909
 21
-88.5899999999999892
 31
0
  0
LINE
  5
73D
330
1B
100
AcDbEntity
  8
F.Cu
  6
CONTINUOUS
100
AcDbLine
 10
127.2599999999999909
 20
-88.5899999999999892
 30
0
 11
127.256147999999996
 21
-88.6684139999999985
 31
0
  0
LINE
  5
73E
330
1B
100
AcDbEntity
  8
F.Cu
  6
CONTINUOUS
100
AcDbLine
 10
127.256147999999996
 20
-88.6684139999999985
 30
0
 11
127.2255519999999933
 21
-88.8222279999999955
 31
0
  0
LINE
  5
73F
330
1B
100
AcDbEntity
  8
F.Cu
  6
CONTINUOUS
100
AcDbLine
 10
127.2255519999999933
 20
-88.8222279999999955
 30
0
 11
127.1655370000000005
 21
-88.9671170000000018
 31
0
  0
LINE
  5
740
330
1B
100
AcDbEntity
  8
F.Cu
  6
CONTINUOUS
100
AcDbLine
 10
127.1655370000000005
 20
-88.9671170000000018
 30
0
 11
127.078407999999996
 21
-89.0975150000000014
 31
0
  0
LINE
  5
741
330
1B
100
AcDbEntity
  8
F.Cu
  6
CONTINUOUS
100
AcDbLine
 10
127.078407999999996
 20
-89.0975150000000014
 30
0
 11
126.9675149999999917
 21
-89.2084079999999915
 31
0
  0
LINE
  5
742
330
1B
100
AcDbEntity
  8
F.Cu
  6
CONTINUOUS
100
AcDbLine
 10
126.9675149999999917
 20
-89.2084079999999915
 30
0
 11
126.8371169999999921
 21
-89.2955369999999959
 31
0
  0
LINE
  5
743
330
1B
100
AcDbEntity
  8
F.Cu
  6
CONTINUOUS
100
AcDbLine
 10
126.8371169999999921
 20
-89.2955369999999959
 30
0
 11
126.6922280000000001
 21
-89.355552000000003
 31
0
  0
LINE
  5
744
330
1B
100
AcDbEntity
  8
F.Cu
  6
CONTINUOUS
100
AcDbLine
 10
126.6922280000000001
 20
-89.355552000000003
 30
0
 11
126.5384139999999888
 21
-89.3861479999999915
 31
0
  0
LINE
  5
745
330
1B
100
AcDbEntity
  8
F.Cu
  6
CONTINUOUS
100
AcDbLine
 10
126.5384139999999888
 20
-89.3861479999999915
 30
0
 11
126.3815859999999986
 21
-89.3861479999999915
 31
0
  0
LINE
  5
746
330
1B
100
AcDbEntity
  8
F.Cu
  6
CONTINUOUS
100
AcDbLine
 10
126.3815859999999986
 20
-89.3861479999999915
 30
0
 11
126.2277719999999874
 21
-89.355552000000003
 31
0
  0
LINE
  5
747
330
1B
100
AcDbEntity
  8
F.Cu
  6
CONTINUOUS
100
AcDbLine
 10
126.2277719999999874
 20
-89.355552000000003
 30
0
 11
126.0828829999999954
 21
-89.2955369999999959
 31
0
  0
LINE
  5
748
330
1B
100
AcDbEntity
  8
F.Cu
  6
CONTINUOUS
100
AcDbLine
 10
126.0828829999999954
 20
-89.2955369999999959
 30
0
 11
125.9524849999999958
 21
-89.2084079999999915
 31
0
  0
LINE
  5
749
330
1B
100
AcDbEntity
  8
F.Cu
  6
CONTINUOUS
100
AcDbLine
 10
125.9524849999999958
 20
-89.2084079999999915
 30
0
 11
125.8415919999999915
 21
-89.0975150000000014
 31
0
  0
LINE
  5
74A
330
1B
100
AcDbEntity
  8
F.Cu
  6
CONTINUOUS
100
AcDbLine
 10
125.8415919999999915
 20
-89.0975150000000014
 30
0
 11
125.7544630000000012
 21
-88.9671170000000018
 31
0
  0
LINE
  5
74B
330
1B
100
AcDbEntity
  8
F.Cu
  6
CONTINUOUS
100
AcDbLine
 10
125.7544630000000012
 20
-88.9671170000000018
 30
0
 11
125.6944479999999942
 21
-88.8222279999999955
 31
0
  0
LINE
  5
74C
330
1B
100
AcDbEntity
  8
F.Cu
  6
CONTINUOUS
100
AcDbLine
 10
125.6944479999999942
 20
-88.8222279999999955
 30
0
 11
125.6638519999999914
 21
-88.6684139999999985
 31
0
  0
LINE
  5
74D
330
1B
100
AcDbEntity
  8
F.Cu
  6
CONTINUOUS
100
AcDbLine
 10
125.6638519999999914
 20
-88.6684139999999985
 30
0
 11
125.6599999999999966
 21
-88.5899999999999892
 31
0
  0
LINE
  5
74E
330
1B
100
AcDbEntity
  8
F.Cu
  6
CONTINUOUS
100
AcDbLine
 10
125.6599999999999966
 20
-88.5899999999999892
 30
0
 11
125.6599999999999966
 21
-87.789999999999992
 31
0
  0
LINE
  5
74F
330
1B
100
AcDbEntity
  8
F.Cu
  6
CONTINUOUS
100
AcDbLine
 10
125.6599999999999966
 20
-87.789999999999992
 30
0
 11
125.6638519999999914
 21
-87.7115859999999969
 31
0
  0
LINE
  5
750
330
1B
100
AcDbEntity
  8
F.Cu
  6
CONTINUOUS
100
AcDbLine
 10
125.6638519999999914
 20
-87.7115859999999969
 30
0
 11
125.6944479999999942
 21
-87.5577719999999999
 31
0
  0
LINE
  5
751
330
1B
100
AcDbEntity
  8
F.Cu
  6
CONTINUOUS
100
AcDbLine
 10
125.6944479999999942
 20
-87.5577719999999999
 30
0
 11
125.7544630000000012
 21
-87.4128829999999937
 31
0
  0
LINE
  5
752
330
1B
100
AcDbEntity
  8
F.Cu
  6
CONTINUOUS
100
AcDbLine
 10
125.7544630000000012
 20
-87.4128829999999937
 30
0
 11
125.8415919999999915
 21
-87.2824849999999941
 31
0
  0
LINE
  5
753
330
1B
100
AcDbEntity
  8
F.Cu
  6
CONTINUOUS
100
AcDbLine
 10
125.8415919999999915
 20
-87.2824849999999941
 30
0
 11
125.9524849999999958
 21
-87.1715919999999898
 31
0
  0
LINE
  5
754
330
1B
100
AcDbEntity
  8
F.Cu
  6
CONTINUOUS
100
AcDbLine
 10
125.9524849999999958
 20
-87.1715919999999898
 30
0
 11
126.0828829999999954
 21
-87.0844629999999995
 31
0
  0
LINE
  5
755
330
1B
100
AcDbEntity
  8
F.Cu
  6
CONTINUOUS
100
AcDbLine
 10
126.0828829999999954
 20
-87.0844629999999995
 30
0
 11
126.2277719999999874
 21
-87.0244479999999925
 31
0
  0
LINE
  5
756
330
1B
100
AcDbEntity
  8
F.Cu
  6
CONTINUOUS
100
AcDbLine
 10
126.2277719999999874
 20
-87.0244479999999925
 30
0
 11
126.3815859999999986
 21
-86.9938519999999897
 31
0
  0
LINE
  5
757
330
1B
100
AcDbEntity
  8
F.Cu
  6
CONTINUOUS
100
AcDbLine
 10
126.3815859999999986
 20
-86.9938519999999897
 30
0
 11
126.5384139999999888
 21
-86.9938519999999897
 31
0
  0
LINE
  5
758
330
1B
100
AcDbEntity
  8
F.Cu
  6
CONTINUOUS
100
AcDbLine
 10
126.5384139999999888
 20
-86.9938519999999897
 30
0
 11
126.6922280000000001
 21
-87.0244479999999925
 31
0
  0
LINE
  5
759
330
1B
100
AcDbEntity
  8
F.Cu
  6
CONTINUOUS
100
AcDbLine
 10
129.2322279999999921
 20
-87.0244479999999925
 30
0
 11
129.3771169999999984
 21
-87.0844629999999995
 31
0
  0
LINE
  5
75A
330
1B
100
AcDbEntity
  8
F.Cu
  6
CONTINUOUS
100
AcDbLine
 10
129.3771169999999984
 20
-87.0844629999999995
 30
0
 11
129.5075149999999837
 21
-87.1715919999999898
 31
0
  0
LINE
  5
75B
330
1B
100
AcDbEntity
  8
F.Cu
  6
CONTINUOUS
100
AcDbLine
 10
129.5075149999999837
 20
-87.1715919999999898
 30
0
 11
129.6184079999999881
 21
-87.2824849999999941
 31
0
  0
LINE
  5
75C
330
1B
100
AcDbEntity
  8
F.Cu
  6
CONTINUOUS
100
AcDbLine
 10
129.6184079999999881
 20
-87.2824849999999941
 30
0
 11
129.7055369999999925
 21
-87.4128829999999937
 31
0
  0
LINE
  5
75D
330
1B
100
AcDbEntity
  8
F.Cu
  6
CONTINUOUS
100
AcDbLine
 10
129.7055369999999925
 20
-87.4128829999999937
 30
0
 11
129.7655519999999854
 21
-87.5577719999999999
 31
0
  0
LINE
  5
75E
330
1B
100
AcDbEntity
  8
F.Cu
  6
CONTINUOUS
100
AcDbLine
 10
129.7655519999999854
 20
-87.5577719999999999
 30
0
 11
129.7961479999999881
 21
-87.7115859999999969
 31
0
  0
LINE
  5
75F
330
1B
100
AcDbEntity
  8
F.Cu
  6
CONTINUOUS
100
AcDbLine
 10
129.7961479999999881
 20
-87.7115859999999969
 30
0
 11
129.7999999999999829
 21
-87.789999999999992
 31
0
  0
LINE
  5
760
330
1B
100
AcDbEntity
  8
F.Cu
  6
CONTINUOUS
100
AcDbLine
 10
129.7999999999999829
 20
-87.789999999999992
 30
0
 11
129.7999999999999829
 21
-88.5899999999999892
 31
0
  0
LINE
  5
761
330
1B
100
AcDbEntity
  8
F.Cu
  6
CONTINUOUS
100
AcDbLine
 10
129.7999999999999829
 20
-88.5899999999999892
 30
0
 11
129.7961479999999881
 21
-88.6684139999999985
 31
0
  0
LINE
  5
762
330
1B
100
AcDbEntity
  8
F.Cu
  6
CONTINUOUS
100
AcDbLine
 10
129.7961479999999881
 20
-88.6684139999999985
 30
0
 11
129.7655519999999854
 21
-88.8222279999999955
 31
0
  0
LINE
  5
763
330
1B
100
AcDbEntity
  8
F.Cu
  6
CONTINUOUS
100
AcDbLine
 10
129.7655519999999854
 20
-88.8222279999999955
 30
0
 11
129.7055369999999925
 21
-88.9671170000000018
 31
0
  0
LINE
  5
764
330
1B
100
AcDbEntity
  8
F.Cu
  6
CONTINUOUS
100
AcDbLine
 10
129.7055369999999925
 20
-88.9671170000000018
 30
0
 11
129.6184079999999881
 21
-89.0975150000000014
 31
0
  0
LINE
  5
765
330
1B
100
AcDbEntity
  8
F.Cu
  6
CONTINUOUS
100
AcDbLine
 10
129.6184079999999881
 20
-89.0975150000000014
 30
0
 11
129.5075149999999837
 21
-89.2084079999999915
 31
0
  0
LINE
  5
766
330
1B
100
AcDbEntity
  8
F.Cu
  6
CONTINUOUS
100
AcDbLine
 10
129.5075149999999837
 20
-89.2084079999999915
 30
0
 11
129.3771169999999984
 21
-89.2955369999999959
 31
0
  0
LINE
  5
767
330
1B
100
AcDbEntity
  8
F.Cu
  6
CONTINUOUS
100
AcDbLine
 10
129.3771169999999984
 20
-89.2955369999999959
 30
0
 11
129.2322279999999921
 21
-89.355552000000003
 31
0
  0
LINE
  5
768
330
1B
100
AcDbEntity
  8
F.Cu
  6
CONTINUOUS
100
AcDbLine
 10
129.2322279999999921
 20
-89.355552000000003
 30
0
 11
129.0784139999999809
 21
-89.3861479999999915
 31
0
  0
LINE
  5
769
330
1B
100
AcDbEntity
  8
F.Cu
  6
CONTINUOUS
100
AcDbLine
 10
129.0784139999999809
 20
-89.3861479999999915
 30
0
 11
128.9215859999999907
 21
-89.3861479999999915
 31
0
  0
LINE
  5
76A
330
1B
100
AcDbEntity
  8
F.Cu
  6
CONTINUOUS
100
AcDbLine
 10
128.9215859999999907
 20
-89.3861479999999915
 30
0
 11
128.7677720000000079
 21
-89.355552000000003
 31
0
  0
LINE
  5
76B
330
1B
100
AcDbEntity
  8
F.Cu
  6
CONTINUOUS
100
AcDbLine
 10
128.7677720000000079
 20
-89.355552000000003
 30
0
 11
128.6228830000000016
 21
-89.2955369999999959
 31
0
  0
LINE
  5
76C
330
1B
100
AcDbEntity
  8
F.Cu
  6
CONTINUOUS
100
AcDbLine
 10
128.6228830000000016
 20
-89.2955369999999959
 30
0
 11
128.4924849999999878
 21
-89.2084079999999915
 31
0
  0
LINE
  5
76D
330
1B
100
AcDbEntity
  8
F.Cu
  6
CONTINUOUS
100
AcDbLine
 10
128.4924849999999878
 20
-89.2084079999999915
 30
0
 11
128.3815919999999835
 21
-89.0975150000000014
 31
0
  0
LINE
  5
76E
330
1B
100
AcDbEntity
  8
F.Cu
  6
CONTINUOUS
100
AcDbLine
 10
128.3815919999999835
 20
-89.0975150000000014
 30
0
 11
128.2944630000000075
 21
-88.9671170000000018
 31
0
  0
LINE
  5
76F
330
1B
100
AcDbEntity
  8
F.Cu
  6
CONTINUOUS
100
AcDbLine
 10
128.2944630000000075
 20
-88.9671170000000018
 30
0
 11
128.2344479999999862
 21
-88.8222279999999955
 31
0
  0
LINE
  5
770
330
1B
100
AcDbEntity
  8
F.Cu
  6
CONTINUOUS
100
AcDbLine
 10
128.2344479999999862
 20
-88.8222279999999955
 30
0
 11
128.2038519999999835
 21
-88.6684139999999985
 31
0
  0
LINE
  5
771
330
1B
100
AcDbEntity
  8
F.Cu
  6
CONTINUOUS
100
AcDbLine
 10
128.2038519999999835
 20
-88.6684139999999985
 30
0
 11
128.1999999999999886
 21
-88.5899999999999892
 31
0
  0
LINE
  5
772
330
1B
100
AcDbEntity
  8
F.Cu
  6
CONTINUOUS
100
AcDbLine
 10
128.1999999999999886
 20
-88.5899999999999892
 30
0
 11
128.1999999999999886
 21
-87.789999999999992
 31
0
  0
LINE
  5
773
330
1B
100
AcDbEntity
  8
F.Cu
  6
CONTINUOUS
100
AcDbLine
 10
128.1999999999999886
 20
-87.789999999999992
 30
0
 11
128.2038519999999835
 21
-87.7115859999999969
 31
0
  0
LINE
  5
774
330
1B
100
AcDbEntity
  8
F.Cu
  6
CONTINUOUS
100
AcDbLine
 10
128.2038519999999835
 20
-87.7115859999999969
 30
0
 11
128.2344479999999862
 21
-87.5577719999999999
 31
0
  0
LINE
  5
775
330
1B
100
AcDbEntity
  8
F.Cu
  6
CONTINUOUS
100
AcDbLine
 10
128.2344479999999862
 20
-87.5577719999999999
 30
0
 11
128.2944630000000075
 21
-87.4128829999999937
 31
0
  0
LINE
  5
776
330
1B
100
AcDbEntity
  8
F.Cu
  6
CONTINUOUS
100
AcDbLine
 10
128.2944630000000075
 20
-87.4128829999999937
 30
0
 11
128.3815919999999835
 21
-87.2824849999999941
 31
0
  0
LINE
  5
777
330
1B
100
AcDbEntity
  8
F.Cu
  6
CONTINUOUS
100
AcDbLine
 10
128.3815919999999835
 20
-87.2824849999999941
 30
0
 11
128.4924849999999878
 21
-87.1715919999999898
 31
0
  0
LINE
  5
778
330
1B
100
AcDbEntity
  8
F.Cu
  6
CONTINUOUS
100
AcDbLine
 10
128.4924849999999878
 20
-87.1715919999999898
 30
0
 11
128.6228830000000016
 21
-87.0844629999999995
 31
0
  0
LINE
  5
779
330
1B
100
AcDbEntity
  8
F.Cu
  6
CONTINUOUS
100
AcDbLine
 10
128.6228830000000016
 20
-87.0844629999999995
 30
0
 11
128.7677720000000079
 21
-87.0244479999999925
 31
0
  0
LINE
  5
77A
330
1B
100
AcDbEntity
  8
F.Cu
  6
CONTINUOUS
100
AcDbLine
 10
128.7677720000000079
 20
-87.0244479999999925
 30
0
 11
128.9215859999999907
 21
-86.9938519999999897
 31
0
  0
LINE
  5
77B
330
1B
100
AcDbEntity
  8
F.Cu
  6
CONTINUOUS
100
AcDbLine
 10
128.9215859999999907
 20
-86.9938519999999897
 30
0
 11
129.0784139999999809
 21
-86.9938519999999897
 31
0
  0
LINE
  5
77C
330
1B
100
AcDbEntity
  8
F.Cu
  6
CONTINUOUS
100
AcDbLine
 10
129.0784139999999809
 20
-86.9938519999999897
 30
0
 11
129.2322279999999921
 21
-87.0244479999999925
 31
0
  0
LINE
  5
77D
330
1B
100
AcDbEntity
  8
F.Cu
  6
CONTINUOUS
100
AcDbLine
 10
131.7722279999999841
 20
-87.0244479999999925
 30
0
 11
131.9171169999999904
 21
-87.0844629999999995
 31
0
  0
LINE
  5
77E
330
1B
100
AcDbEntity
  8
F.Cu
  6
CONTINUOUS
100
AcDbLine
 10
131.9171169999999904
 20
-87.0844629999999995
 30
0
 11
132.0475150000000042
 21
-87.1715919999999898
 31
0
  0
LINE
  5
77F
330
1B
100
AcDbEntity
  8
F.Cu
  6
CONTINUOUS
100
AcDbLine
 10
132.0475150000000042
 20
-87.1715919999999898
 30
0
 11
132.1584079999999801
 21
-87.2824849999999941
 31
0
  0
LINE
  5
780
330
1B
100
AcDbEntity
  8
F.Cu
  6
CONTINUOUS
100
AcDbLine
 10
132.1584079999999801
 20
-87.2824849999999941
 30
0
 11
132.2455369999999846
 21
-87.4128829999999937
 31
0
  0
LINE
  5
781
330
1B
100
AcDbEntity
  8
F.Cu
  6
CONTINUOUS
100
AcDbLine
 10
132.2455369999999846
 20
-87.4128829999999937
 30
0
 11
132.3055520000000058
 21
-87.5577719999999999
 31
0
  0
LINE
  5
782
330
1B
100
AcDbEntity
  8
F.Cu
  6
CONTINUOUS
100
AcDbLine
 10
132.3055520000000058
 20
-87.5577719999999999
 30
0
 11
132.3361479999999801
 21
-87.7115859999999969
 31
0
  0
LINE
  5
783
330
1B
100
AcDbEntity
  8
F.Cu
  6
CONTINUOUS
100
AcDbLine
 10
132.3361479999999801
 20
-87.7115859999999969
 30
0
 11
132.3400000000000034
 21
-87.789999999999992
 31
0
  0
LINE
  5
784
330
1B
100
AcDbEntity
  8
F.Cu
  6
CONTINUOUS
100
AcDbLine
 10
132.3400000000000034
 20
-87.789999999999992
 30
0
 11
132.3400000000000034
 21
-88.5899999999999892
 31
0
  0
LINE
  5
785
330
1B
100
AcDbEntity
  8
F.Cu
  6
CONTINUOUS
100
AcDbLine
 10
132.3400000000000034
 20
-88.5899999999999892
 30
0
 11
132.3361479999999801
 21
-88.6684139999999985
 31
0
  0
LINE
  5
786
330
1B
100
AcDbEntity
  8
F.Cu
  6
CONTINUOUS
100
AcDbLine
 10
132.3361479999999801
 20
-88.6684139999999985
 30
0
 11
132.3055520000000058
 21
-88.8222279999999955
 31
0
  0
LINE
  5
787
330
1B
100
AcDbEntity
  8
F.Cu
  6
CONTINUOUS
100
AcDbLine
 10
132.3055520000000058
 20
-88.8222279999999955
 30
0
 11
132.2455369999999846
 21
-88.9671170000000018
 31
0
  0
LINE
  5
788
330
1B
100
AcDbEntity
  8
F.Cu
  6
CONTINUOUS
100
AcDbLine
 10
132.2455369999999846
 20
-88.9671170000000018
 30
0
 11
132.1584079999999801
 21
-89.0975150000000014
 31
0
  0
LINE
  5
789
330
1B
100
AcDbEntity
  8
F.Cu
  6
CONTINUOUS
100
AcDbLine
 10
132.1584079999999801
 20
-89.0975150000000014
 30
0
 11
132.0475150000000042
 21
-89.2084079999999915
 31
0
  0
LINE
  5
78A
330
1B
100
AcDbEntity
  8
F.Cu
  6
CONTINUOUS
100
AcDbLine
 10
132.0475150000000042
 20
-89.2084079999999915
 30
0
 11
131.9171169999999904
 21
-89.2955369999999959
 31
0
  0
LINE
  5
78B
330
1B
100
AcDbEntity
  8
F.Cu
  6
CONTINUOUS
100
AcDbLine
 10
131.9171169999999904
 20
-89.2955369999999959
 30
0
 11
131.7722279999999841
 21
-89.355552000000003
 31
0
  0
LINE
  5
78C
330
1B
100
AcDbEntity
  8
F.Cu
  6
CONTINUOUS
100
AcDbLine
 10
131.7722279999999841
 20
-89.355552000000003
 30
0
 11
131.6184140000000014
 21
-89.3861479999999915
 31
0
  0
LINE
  5
78D
330
1B
100
AcDbEntity
  8
F.Cu
  6
CONTINUOUS
100
AcDbLine
 10
131.6184140000000014
 20
-89.3861479999999915
 30
0
 11
131.4615859999999827
 21
-89.3861479999999915
 31
0
  0
LINE
  5
78E
330
1B
100
AcDbEntity
  8
F.Cu
  6
CONTINUOUS
100
AcDbLine
 10
131.4615859999999827
 20
-89.3861479999999915
 30
0
 11
131.3077719999999999
 21
-89.355552000000003
 31
0
  0
LINE
  5
78F
330
1B
100
AcDbEntity
  8
F.Cu
  6
CONTINUOUS
100
AcDbLine
 10
131.3077719999999999
 20
-89.355552000000003
 30
0
 11
131.1628829999999937
 21
-89.2955369999999959
 31
0
  0
LINE
  5
790
330
1B
100
AcDbEntity
  8
F.Cu
  6
CONTINUOUS
100
AcDbLine
 10
131.1628829999999937
 20
-89.2955369999999959
 30
0
 11
131.0324849999999799
 21
-89.2084079999999915
 31
0
  0
LINE
  5
791
330
1B
100
AcDbEntity
  8
F.Cu
  6
CONTINUOUS
100
AcDbLine
 10
131.0324849999999799
 20
-89.2084079999999915
 30
0
 11
130.921592000000004
 21
-89.0975150000000014
 31
0
  0
LINE
  5
792
330
1B
100
AcDbEntity
  8
F.Cu
  6
CONTINUOUS
100
AcDbLine
 10
130.921592000000004
 20
-89.0975150000000014
 30
0
 11
130.8344629999999995
 21
-88.9671170000000018
 31
0
  0
LINE
  5
793
330
1B
100
AcDbEntity
  8
F.Cu
  6
CONTINUOUS
100
AcDbLine
 10
130.8344629999999995
 20
-88.9671170000000018
 30
0
 11
130.7744480000000067
 21
-88.8222279999999955
 31
0
  0
LINE
  5
794
330
1B
100
AcDbEntity
  8
F.Cu
  6
CONTINUOUS
100
AcDbLine
 10
130.7744480000000067
 20
-88.8222279999999955
 30
0
 11
130.743852000000004
 21
-88.6684139999999985
 31
0
  0
LINE
  5
795
330
1B
100
AcDbEntity
  8
F.Cu
  6
CONTINUOUS
100
AcDbLine
 10
130.743852000000004
 20
-88.6684139999999985
 30
0
 11
130.7399999999999807
 21
-88.5899999999999892
 31
0
  0
LINE
  5
796
330
1B
100
AcDbEntity
  8
F.Cu
  6
CONTINUOUS
100
AcDbLine
 10
130.7399999999999807
 20
-88.5899999999999892
 30
0
 11
130.7399999999999807
 21
-87.789999999999992
 31
0
  0
LINE
  5
797
330
1B
100
AcDbEntity
  8
F.Cu
  6
CONTINUOUS
100
AcDbLine
 10
130.7399999999999807
 20
-87.789999999999992
 30
0
 11
130.743852000000004
 21
-87.7115859999999969
 31
0
  0
LINE
  5
798
330
1B
100
AcDbEntity
  8
F.Cu
  6
CONTINUOUS
100
AcDbLine
 10
130.743852000000004
 20
-87.7115859999999969
 30
0
 11
130.7744480000000067
 21
-87.5577719999999999
 31
0
  0
LINE
  5
799
330
1B
100
AcDbEntity
  8
F.Cu
  6
CONTINUOUS
100
AcDbLine
 10
130.7744480000000067
 20
-87.5577719999999999
 30
0
 11
130.8344629999999995
 21
-87.4128829999999937
 31
0
  0
LINE
  5
79A
330
1B
100
AcDbEntity
  8
F.Cu
  6
CONTINUOUS
100
AcDbLine
 10
130.8344629999999995
 20
-87.4128829999999937
 30
0
 11
130.921592000000004
 21
-87.2824849999999941
 31
0
  0
LINE
  5
79B
330
1B
100
AcDbEntity
  8
F.Cu
  6
CONTINUOUS
100
AcDbLine
 10
130.921592000000004
 20
-87.2824849999999941
 30
0
 11
131.0324849999999799
 21
-87.1715919999999898
 31
0
  0
LINE
  5
79C
330
1B
100
AcDbEntity
  8
F.Cu
  6
CONTINUOUS
100
AcDbLine
 10
131.0324849999999799
 20
-87.1715919999999898
 30
0
 11
131.1628829999999937
 21
-87.0844629999999995
 31
0
  0
LINE
  5
79D
330
1B
100
AcDbEntity
  8
F.Cu
  6
CONTINUOUS
100
AcDbLine
 10
131.1628829999999937
 20
-87.0844629999999995
 30
0
 11
131.3077719999999999
 21
-87.0244479999999925
 31
0
  0
LINE
  5
79E
330
1B
100
AcDbEntity
  8
F.Cu
  6
CONTINUOUS
100
AcDbLine
 10
131.3077719999999999
 20
-87.0244479999999925
 30
0
 11
131.4615859999999827
 21
-86.9938519999999897
 31
0
  0
LINE
  5
79F
330
1B
100
AcDbEntity
  8
F.Cu
  6
CONTINUOUS
100
AcDbLine
 10
131.4615859999999827
 20
-86.9938519999999897
 30
0
 11
131.6184140000000014
 21
-86.9938519999999897
 31
0
  0
LINE
  5
7A0
330
1B
100
AcDbEntity
  8
F.Cu
  6
CONTINUOUS
100
AcDbLine
 10
131.6184140000000014
 20
-86.9938519999999897
 30
0
 11
131.7722279999999841
 21
-87.0244479999999925
 31
0
  0
LINE
  5
7A1
330
1B
100
AcDbEntity
  8
F.Cu
  6
CONTINUOUS
100
AcDbLine
 10
134.3122280000000046
 20
-87.0244479999999925
 30
0
 11
134.4571169999999825
 21
-87.0844629999999995
 31
0
  0
LINE
  5
7A2
330
1B
100
AcDbEntity
  8
F.Cu
  6
CONTINUOUS
100
AcDbLine
 10
134.4571169999999825
 20
-87.0844629999999995
 30
0
 11
134.5875149999999962
 21
-87.1715919999999898
 31
0
  0
LINE
  5
7A3
330
1B
100
AcDbEntity
  8
F.Cu
  6
CONTINUOUS
100
AcDbLine
 10
134.5875149999999962
 20
-87.1715919999999898
 30
0
 11
134.6984080000000006
 21
-87.2824849999999941
 31
0
  0
LINE
  5
7A4
330
1B
100
AcDbEntity
  8
F.Cu
  6
CONTINUOUS
100
AcDbLine
 10
134.6984080000000006
 20
-87.2824849999999941
 30
0
 11
134.785537000000005
 21
-87.4128829999999937
 31
0
  0
LINE
  5
7A5
330
1B
100
AcDbEntity
  8
F.Cu
  6
CONTINUOUS
100
AcDbLine
 10
134.785537000000005
 20
-87.4128829999999937
 30
0
 11
134.8455519999999979
 21
-87.5577719999999999
 31
0
  0
LINE
  5
7A6
330
1B
100
AcDbEntity
  8
F.Cu
  6
CONTINUOUS
100
AcDbLine
 10
134.8455519999999979
 20
-87.5577719999999999
 30
0
 11
134.8761480000000006
 21
-87.7115859999999969
 31
0
  0
LINE
  5
7A7
330
1B
100
AcDbEntity
  8
F.Cu
  6
CONTINUOUS
100
AcDbLine
 10
134.8761480000000006
 20
-87.7115859999999969
 30
0
 11
134.8799999999999955
 21
-87.789999999999992
 31
0
  0
LINE
  5
7A8
330
1B
100
AcDbEntity
  8
F.Cu
  6
CONTINUOUS
100
AcDbLine
 10
134.8799999999999955
 20
-87.789999999999992
 30
0
 11
134.8799999999999955
 21
-88.5899999999999892
 31
0
  0
LINE
  5
7A9
330
1B
100
AcDbEntity
  8
F.Cu
  6
CONTINUOUS
100
AcDbLine
 10
134.8799999999999955
 20
-88.5899999999999892
 30
0
 11
134.8761480000000006
 21
-88.6684139999999985
 31
0
  0
LINE
  5
7AA
330
1B
100
AcDbEntity
  8
F.Cu
  6
CONTINUOUS
100
AcDbLine
 10
134.8761480000000006
 20
-88.6684139999999985
 30
0
 11
134.8455519999999979
 21
-88.8222279999999955
 31
0
  0
LINE
  5
7AB
330
1B
100
AcDbEntity
  8
F.Cu
  6
CONTINUOUS
100
AcDbLine
 10
134.8455519999999979
 20
-88.8222279999999955
 30
0
 11
134.785537000000005
 21
-88.9671170000000018
 31
0
  0
LINE
  5
7AC
330
1B
100
AcDbEntity
  8
F.Cu
  6
CONTINUOUS
100
AcDbLine
 10
134.785537000000005
 20
-88.9671170000000018
 30
0
 11
134.6984080000000006
 21
-89.0975150000000014
 31
0
  0
LINE
  5
7AD
330
1B
100
AcDbEntity
  8
F.Cu
  6
CONTINUOUS
100
AcDbLine
 10
134.6984080000000006
 20
-89.0975150000000014
 30
0
 11
134.5875149999999962
 21
-89.2084079999999915
 31
0
  0
LINE
  5
7AE
330
1B
100
AcDbEntity
  8
F.Cu
  6
CONTINUOUS
100
AcDbLine
 10
134.5875149999999962
 20
-89.2084079999999915
 30
0
 11
134.4571169999999825
 21
-89.2955369999999959
 31
0
  0
LINE
  5
7AF
330
1B
100
AcDbEntity
  8
F.Cu
  6
CONTINUOUS
100
AcDbLine
 10
134.4571169999999825
 20
-89.2955369999999959
 30
0
 11
134.3122280000000046
 21
-89.355552000000003
 31
0
  0
LINE
  5
7B0
330
1B
100
AcDbEntity
  8
F.Cu
  6
CONTINUOUS
100
AcDbLine
 10
134.3122280000000046
 20
-89.355552000000003
 30
0
 11
134.1584139999999934
 21
-89.3861479999999915
 31
0
  0
LINE
  5
7B1
330
1B
100
AcDbEntity
  8
F.Cu
  6
CONTINUOUS
100
AcDbLine
 10
134.1584139999999934
 20
-89.3861479999999915
 30
0
 11
134.0015860000000032
 21
-89.3861479999999915
 31
0
  0
LINE
  5
7B2
330
1B
100
AcDbEntity
  8
F.Cu
  6
CONTINUOUS
100
AcDbLine
 10
134.0015860000000032
 20
-89.3861479999999915
 30
0
 11
133.847771999999992
 21
-89.355552000000003
 31
0
  0
LINE
  5
7B3
330
1B
100
AcDbEntity
  8
F.Cu
  6
CONTINUOUS
100
AcDbLine
 10
133.847771999999992
 20
-89.355552000000003
 30
0
 11
133.7028829999999857
 21
-89.2955369999999959
 31
0
  0
LINE
  5
7B4
330
1B
100
AcDbEntity
  8
F.Cu
  6
CONTINUOUS
100
AcDbLine
 10
133.7028829999999857
 20
-89.2955369999999959
 30
0
 11
133.5724850000000004
 21
-89.2084079999999915
 31
0
  0
LINE
  5
7B5
330
1B
100
AcDbEntity
  8
F.Cu
  6
CONTINUOUS
100
AcDbLine
 10
133.5724850000000004
 20
-89.2084079999999915
 30
0
 11
133.461591999999996
 21
-89.0975150000000014
 31
0
  0
LINE
  5
7B6
330
1B
100
AcDbEntity
  8
F.Cu
  6
CONTINUOUS
100
AcDbLine
 10
133.461591999999996
 20
-89.0975150000000014
 30
0
 11
133.3744629999999916
 21
-88.9671170000000018
 31
0
  0
LINE
  5
7B7
330
1B
100
AcDbEntity
  8
F.Cu
  6
CONTINUOUS
100
AcDbLine
 10
133.3744629999999916
 20
-88.9671170000000018
 30
0
 11
133.3144479999999987
 21
-88.8222279999999955
 31
0
  0
LINE
  5
7B8
330
1B
100
AcDbEntity
  8
F.Cu
  6
CONTINUOUS
100
AcDbLine
 10
133.3144479999999987
 20
-88.8222279999999955
 30
0
 11
133.283851999999996
 21
-88.6684139999999985
 31
0
  0
LINE
  5
7B9
330
1B
100
AcDbEntity
  8
F.Cu
  6
CONTINUOUS
100
AcDbLine
 10
133.283851999999996
 20
-88.6684139999999985
 30
0
 11
133.2800000000000011
 21
-88.5899999999999892
 31
0
  0
LINE
  5
7BA
330
1B
100
AcDbEntity
  8
F.Cu
  6
CONTINUOUS
100
AcDbLine
 10
133.2800000000000011
 20
-88.5899999999999892
 30
0
 11
133.2800000000000011
 21
-87.789999999999992
 31
0
  0
LINE
  5
7BB
330
1B
100
AcDbEntity
  8
F.Cu
  6
CONTINUOUS
100
AcDbLine
 10
133.2800000000000011
 20
-87.789999999999992
 30
0
 11
133.283851999999996
 21
-87.7115859999999969
 31
0
  0
LINE
  5
7BC
330
1B
100
AcDbEntity
  8
F.Cu
  6
CONTINUOUS
100
AcDbLine
 10
133.283851999999996
 20
-87.7115859999999969
 30
0
 11
133.3144479999999987
 21
-87.5577719999999999
 31
0
  0
LINE
  5
7BD
330
1B
100
AcDbEntity
  8
F.Cu
  6
CONTINUOUS
100
AcDbLine
 10
133.3144479999999987
 20
-87.5577719999999999
 30
0
 11
133.3744629999999916
 21
-87.4128829999999937
 31
0
  0
LINE
  5
7BE
330
1B
100
AcDbEntity
  8
F.Cu
  6
CONTINUOUS
100
AcDbLine
 10
133.3744629999999916
 20
-87.4128829999999937
 30
0
 11
133.461591999999996
 21
-87.2824849999999941
 31
0
  0
LINE
  5
7BF
330
1B
100
AcDbEntity
  8
F.Cu
  6
CONTINUOUS
100
AcDbLine
 10
133.461591999999996
 20
-87.2824849999999941
 30
0
 11
133.5724850000000004
 21
-87.1715919999999898
 31
0
  0
LINE
  5
7C0
330
1B
100
AcDbEntity
  8
F.Cu
  6
CONTINUOUS
100
AcDbLine
 10
133.5724850000000004
 20
-87.1715919999999898
 30
0
 11
133.7028829999999857
 21
-87.0844629999999995
 31
0
  0
LINE
  5
7C1
330
1B
100
AcDbEntity
  8
F.Cu
  6
CONTINUOUS
100
AcDbLine
 10
133.7028829999999857
 20
-87.0844629999999995
 30
0
 11
133.847771999999992
 21
-87.0244479999999925
 31
0
  0
LINE
  5
7C2
330
1B
100
AcDbEntity
  8
F.Cu
  6
CONTINUOUS
100
AcDbLine
 10
133.847771999999992
 20
-87.0244479999999925
 30
0
 11
134.0015860000000032
 21
-86.9938519999999897
 31
0
  0
LINE
  5
7C3
330
1B
100
AcDbEntity
  8
F.Cu
  6
CONTINUOUS
100
AcDbLine
 10
134.0015860000000032
 20
-86.9938519999999897
 30
0
 11
134.1584139999999934
 21
-86.9938519999999897
 31
0
  0
LINE
  5
7C4
330
1B
100
AcDbEntity
  8
F.Cu
  6
CONTINUOUS
100
AcDbLine
 10
134.1584139999999934
 20
-86.9938519999999897
 30
0
 11
134.3122280000000046
 21
-87.0244479999999925
 31
0
  0
LINE
  5
7C5
330
1B
100
AcDbEntity
  8
F.Cu
  6
CONTINUOUS
100
AcDbLine
 10
136.8522279999999967
 20
-87.0244479999999925
 30
0
 11
136.9971170000000029
 21
-87.0844629999999995
 31
0
  0
LINE
  5
7C6
330
1B
100
AcDbEntity
  8
F.Cu
  6
CONTINUOUS
100
AcDbLine
 10
136.9971170000000029
 20
-87.0844629999999995
 30
0
 11
137.1275149999999883
 21
-87.1715919999999898
 31
0
  0
LINE
  5
7C7
330
1B
100
AcDbEntity
  8
F.Cu
  6
CONTINUOUS
100
AcDbLine
 10
137.1275149999999883
 20
-87.1715919999999898
 30
0
 11
137.2384079999999926
 21
-87.2824849999999941
 31
0
  0
LINE
  5
7C8
330
1B
100
AcDbEntity
  8
F.Cu
  6
CONTINUOUS
100
AcDbLine
 10
137.2384079999999926
 20
-87.2824849999999941
 30
0
 11
137.3255369999999971
 21
-87.4128829999999937
 31
0
  0
LINE
  5
7C9
330
1B
100
AcDbEntity
  8
F.Cu
  6
CONTINUOUS
100
AcDbLine
 10
137.3255369999999971
 20
-87.4128829999999937
 30
0
 11
137.3855519999999899
 21
-87.5577719999999999
 31
0
  0
LINE
  5
7CA
330
1B
100
AcDbEntity
  8
F.Cu
  6
CONTINUOUS
100
AcDbLine
 10
137.3855519999999899
 20
-87.5577719999999999
 30
0
 11
137.4161479999999926
 21
-87.7115859999999969
 31
0
  0
LINE
  5
7CB
330
1B
100
AcDbEntity
  8
F.Cu
  6
CONTINUOUS
100
AcDbLine
 10
137.4161479999999926
 20
-87.7115859999999969
 30
0
 11
137.4199999999999875
 21
-87.789999999999992
 31
0
  0
LINE
  5
7CC
330
1B
100
AcDbEntity
  8
F.Cu
  6
CONTINUOUS
100
AcDbLine
 10
137.4199999999999875
 20
-87.789999999999992
 30
0
 11
137.4199999999999875
 21
-88.5899999999999892
 31
0
  0
LINE
  5
7CD
330
1B
100
AcDbEntity
  8
F.Cu
  6
CONTINUOUS
100
AcDbLine
 10
137.4199999999999875
 20
-88.5899999999999892
 30
0
 11
137.4161479999999926
 21
-88.6684139999999985
 31
0
  0
LINE
  5
7CE
330
1B
100
AcDbEntity
  8
F.Cu
  6
CONTINUOUS
100
AcDbLine
 10
137.4161479999999926
 20
-88.6684139999999985
 30
0
 11
137.3855519999999899
 21
-88.8222279999999955
 31
0
  0
LINE
  5
7CF
330
1B
100
AcDbEntity
  8
F.Cu
  6
CONTINUOUS
100
AcDbLine
 10
137.3855519999999899
 20
-88.8222279999999955
 30
0
 11
137.3255369999999971
 21
-88.9671170000000018
 31
0
  0
LINE
  5
7D0
330
1B
100
AcDbEntity
  8
F.Cu
  6
CONTINUOUS
100
AcDbLine
 10
137.3255369999999971
 20
-88.9671170000000018
 30
0
 11
137.2384079999999926
 21
-89.0975150000000014
 31
0
  0
LINE
  5
7D1
330
1B
100
AcDbEntity
  8
F.Cu
  6
CONTINUOUS
100
AcDbLine
 10
137.2384079999999926
 20
-89.0975150000000014
 30
0
 11
137.1275149999999883
 21
-89.2084079999999915
 31
0
  0
LINE
  5
7D2
330
1B
100
AcDbEntity
  8
F.Cu
  6
CONTINUOUS
100
AcDbLine
 10
137.1275149999999883
 20
-89.2084079999999915
 30
0
 11
136.9971170000000029
 21
-89.2955369999999959
 31
0
  0
LINE
  5
7D3
330
1B
100
AcDbEntity
  8
F.Cu
  6
CONTINUOUS
100
AcDbLine
 10
136.9971170000000029
 20
-89.2955369999999959
 30
0
 11
136.8522279999999967
 21
-89.355552000000003
 31
0
  0
LINE
  5
7D4
330
1B
100
AcDbEntity
  8
F.Cu
  6
CONTINUOUS
100
AcDbLine
 10
136.8522279999999967
 20
-89.355552000000003
 30
0
 11
136.6984139999999854
 21
-89.3861479999999915
 31
0
  0
LINE
  5
7D5
330
1B
100
AcDbEntity
  8
F.Cu
  6
CONTINUOUS
100
AcDbLine
 10
136.6984139999999854
 20
-89.3861479999999915
 30
0
 11
136.5415859999999952
 21
-89.3861479999999915
 31
0
  0
LINE
  5
7D6
330
1B
100
AcDbEntity
  8
F.Cu
  6
CONTINUOUS
100
AcDbLine
 10
136.5415859999999952
 20
-89.3861479999999915
 30
0
 11
136.387771999999984
 21
-89.355552000000003
 31
0
  0
LINE
  5
7D7
330
1B
100
AcDbEntity
  8
F.Cu
  6
CONTINUOUS
100
AcDbLine
 10
136.387771999999984
 20
-89.355552000000003
 30
0
 11
136.2428830000000062
 21
-89.2955369999999959
 31
0
  0
LINE
  5
7D8
330
1B
100
AcDbEntity
  8
F.Cu
  6
CONTINUOUS
100
AcDbLine
 10
136.2428830000000062
 20
-89.2955369999999959
 30
0
 11
136.1124849999999924
 21
-89.2084079999999915
 31
0
  0
LINE
  5
7D9
330
1B
100
AcDbEntity
  8
F.Cu
  6
CONTINUOUS
100
AcDbLine
 10
136.1124849999999924
 20
-89.2084079999999915
 30
0
 11
136.001591999999988
 21
-89.0975150000000014
 31
0
  0
LINE
  5
7DA
330
1B
100
AcDbEntity
  8
F.Cu
  6
CONTINUOUS
100
AcDbLine
 10
136.001591999999988
 20
-89.0975150000000014
 30
0
 11
135.9144629999999836
 21
-88.9671170000000018
 31
0
  0
LINE
  5
7DB
330
1B
100
AcDbEntity
  8
F.Cu
  6
CONTINUOUS
100
AcDbLine
 10
135.9144629999999836
 20
-88.9671170000000018
 30
0
 11
135.8544479999999908
 21
-88.8222279999999955
 31
0
  0
LINE
  5
7DC
330
1B
100
AcDbEntity
  8
F.Cu
  6
CONTINUOUS
100
AcDbLine
 10
135.8544479999999908
 20
-88.8222279999999955
 30
0
 11
135.823851999999988
 21
-88.6684139999999985
 31
0
  0
LINE
  5
7DD
330
1B
100
AcDbEntity
  8
F.Cu
  6
CONTINUOUS
100
AcDbLine
 10
135.823851999999988
 20
-88.6684139999999985
 30
0
 11
135.8199999999999932
 21
-88.5899999999999892
 31
0
  0
LINE
  5
7DE
330
1B
100
AcDbEntity
  8
F.Cu
  6
CONTINUOUS
100
AcDbLine
 10
135.8199999999999932
 20
-88.5899999999999892
 30
0
 11
135.8199999999999932
 21
-87.789999999999992
 31
0
  0
LINE
  5
7DF
330
1B
100
AcDbEntity
  8
F.Cu
  6
CONTINUOUS
100
AcDbLine
 10
135.8199999999999932
 20
-87.789999999999992
 30
0
 11
135.823851999999988
 21
-87.7115859999999969
 31
0
  0
LINE
  5
7E0
330
1B
100
AcDbEntity
  8
F.Cu
  6
CONTINUOUS
100
AcDbLine
 10
135.823851999999988
 20
-87.7115859999999969
 30
0
 11
135.8544479999999908
 21
-87.5577719999999999
 31
0
  0
LINE
  5
7E1
330
1B
100
AcDbEntity
  8
F.Cu
  6
CONTINUOUS
100
AcDbLine
 10
135.8544479999999908
 20
-87.5577719999999999
 30
0
 11
135.9144629999999836
 21
-87.4128829999999937
 31
0
  0
LINE
  5
7E2
330
1B
100
AcDbEntity
  8
F.Cu
  6
CONTINUOUS
100
AcDbLine
 10
135.9144629999999836
 20
-87.4128829999999937
 30
0
 11
136.001591999999988
 21
-87.2824849999999941
 31
0
  0
LINE
  5
7E3
330
1B
100
AcDbEntity
  8
F.Cu
  6
CONTINUOUS
100
AcDbLine
 10
136.001591999999988
 20
-87.2824849999999941
 30
0
 11
136.1124849999999924
 21
-87.1715919999999898
 31
0
  0
LINE
  5
7E4
330
1B
100
AcDbEntity
  8
F.Cu
  6
CONTINUOUS
100
AcDbLine
 10
136.1124849999999924
 20
-87.1715919999999898
 30
0
 11
136.2428830000000062
 21
-87.0844629999999995
 31
0
  0
LINE
  5
7E5
330
1B
100
AcDbEntity
  8
F.Cu
  6
CONTINUOUS
100
AcDbLine
 10
136.2428830000000062
 20
-87.0844629999999995
 30
0
 11
136.387771999999984
 21
-87.0244479999999925
 31
0
  0
LINE
  5
7E6
330
1B
100
AcDbEntity
  8
F.Cu
  6
CONTINUOUS
100
AcDbLine
 10
136.387771999999984
 20
-87.0244479999999925
 30
0
 11
136.5415859999999952
 21
-86.9938519999999897
 31
0
  0
LINE
  5
7E7
330
1B
100
AcDbEntity
  8
F.Cu
  6
CONTINUOUS
100
AcDbLine
 10
136.5415859999999952
 20
-86.9938519999999897
 30
0
 11
136.6984139999999854
 21
-86.9938519999999897
 31
0
  0
LINE
  5
7E8
330
1B
100
AcDbEntity
  8
F.Cu
  6
CONTINUOUS
100
AcDbLine
 10
136.6984139999999854
 20
-86.9938519999999897
 30
0
 11
136.8522279999999967
 21
-87.0244479999999925
 31
0
  0
LINE
  5
7E9
330
1B
100
AcDbEntity
  8
F.Cu
  6
CONTINUOUS
100
AcDbLine
 10
158.7322279999999921
 20
-87.4244479999999982
 30
0
 11
158.8771169999999984
 21
-87.484462999999991
 31
0
  0
LINE
  5
7EA
330
1B
100
AcDbEntity
  8
F.Cu
  6
CONTINUOUS
100
AcDbLine
 10
158.8771169999999984
 20
-87.484462999999991
 30
0
 11
159.0075149999999837
 21
-87.5715919999999954
 31
0
  0
LINE
  5
7EB
330
1B
100
AcDbEntity
  8
F.Cu
  6
CONTINUOUS
100
AcDbLine
 10
159.0075149999999837
 20
-87.5715919999999954
 30
0
 11
159.1184079999999881
 21
-87.6824849999999998
 31
0
  0
LINE
  5
7EC
330
1B
100
AcDbEntity
  8
F.Cu
  6
CONTINUOUS
100
AcDbLine
 10
159.1184079999999881
 20
-87.6824849999999998
 30
0
 11
159.2055369999999925
 21
-87.8128829999999994
 31
0
  0
LINE
  5
7ED
330
1B
100
AcDbEntity
  8
F.Cu
  6
CONTINUOUS
100
AcDbLine
 10
159.2055369999999925
 20
-87.8128829999999994
 30
0
 11
159.2655519999999854
 21
-87.9577719999999914
 31
0
  0
LINE
  5
7EE
330
1B
100
AcDbEntity
  8
F.Cu
  6
CONTINUOUS
100
AcDbLine
 10
159.2655519999999854
 20
-87.9577719999999914
 30
0
 11
159.2961479999999881
 21
-88.1115860000000026
 31
0
  0
LINE
  5
7EF
330
1B
100
AcDbEntity
  8
F.Cu
  6
CONTINUOUS
100
AcDbLine
 10
159.2961479999999881
 20
-88.1115860000000026
 30
0
 11
159.2961479999999881
 21
-88.2684139999999928
 31
0
  0
LINE
  5
7F0
330
1B
100
AcDbEntity
  8
F.Cu
  6
CONTINUOUS
100
AcDbLine
 10
159.2961479999999881
 20
-88.2684139999999928
 30
0
 11
159.2655519999999854
 21
-88.4222279999999898
 31
0
  0
LINE
  5
7F1
330
1B
100
AcDbEntity
  8
F.Cu
  6
CONTINUOUS
100
AcDbLine
 10
159.2655519999999854
 20
-88.4222279999999898
 30
0
 11
159.2055369999999925
 21
-88.5671169999999961
 31
0
  0
LINE
  5
7F2
330
1B
100
AcDbEntity
  8
F.Cu
  6
CONTINUOUS
100
AcDbLine
 10
159.2055369999999925
 20
-88.5671169999999961
 30
0
 11
159.1184079999999881
 21
-88.6975149999999957
 31
0
  0
LINE
  5
7F3
330
1B
100
AcDbEntity
  8
F.Cu
  6
CONTINUOUS
100
AcDbLine
 10
159.1184079999999881
 20
-88.6975149999999957
 30
0
 11
159.0075149999999837
 21
-88.808408
 31
0
  0
LINE
  5
7F4
330
1B
100
AcDbEntity
  8
F.Cu
  6
CONTINUOUS
100
AcDbLine
 10
159.0075149999999837
 20
-88.808408
 30
0
 11
158.8771169999999984
 21
-88.8955369999999903
 31
0
  0
LINE
  5
7F5
330
1B
100
AcDbEntity
  8
F.Cu
  6
CONTINUOUS
100
AcDbLine
 10
158.8771169999999984
 20
-88.8955369999999903
 30
0
 11
158.7322279999999921
 21
-88.9555519999999973
 31
0
  0
LINE
  5
7F6
330
1B
100
AcDbEntity
  8
F.Cu
  6
CONTINUOUS
100
AcDbLine
 10
158.7322279999999921
 20
-88.9555519999999973
 30
0
 11
158.5784139999999809
 21
-88.986148
 31
0
  0
LINE
  5
7F7
330
1B
100
AcDbEntity
  8
F.Cu
  6
CONTINUOUS
100
AcDbLine
 10
158.5784139999999809
 20
-88.986148
 30
0
 11
158.4215859999999907
 21
-88.986148
 31
0
  0
LINE
  5
7F8
330
1B
100
AcDbEntity
  8
F.Cu
  6
CONTINUOUS
100
AcDbLine
 10
158.4215859999999907
 20
-88.986148
 30
0
 11
158.2677719999999795
 21
-88.9555519999999973
 31
0
  0
LINE
  5
7F9
330
1B
100
AcDbEntity
  8
F.Cu
  6
CONTINUOUS
100
AcDbLine
 10
158.2677719999999795
 20
-88.9555519999999973
 30
0
 11
158.1228830000000016
 21
-88.8955369999999903
 31
0
  0
LINE
  5
7FA
330
1B
100
AcDbEntity
  8
F.Cu
  6
CONTINUOUS
100
AcDbLine
 10
158.1228830000000016
 20
-88.8955369999999903
 30
0
 11
157.9924849999999878
 21
-88.808408
 31
0
  0
LINE
  5
7FB
330
1B
100
AcDbEntity
  8
F.Cu
  6
CONTINUOUS
100
AcDbLine
 10
157.9924849999999878
 20
-88.808408
 30
0
 11
157.8815919999999835
 21
-88.6975149999999957
 31
0
  0
LINE
  5
7FC
330
1B
100
AcDbEntity
  8
F.Cu
  6
CONTINUOUS
100
AcDbLine
 10
157.8815919999999835
 20
-88.6975149999999957
 30
0
 11
157.794462999999979
 21
-88.5671169999999961
 31
0
  0
LINE
  5
7FD
330
1B
100
AcDbEntity
  8
F.Cu
  6
CONTINUOUS
100
AcDbLine
 10
157.794462999999979
 20
-88.5671169999999961
 30
0
 11
157.7344479999999862
 21
-88.4222279999999898
 31
0
  0
LINE
  5
7FE
330
1B
100
AcDbEntity
  8
F.Cu
  6
CONTINUOUS
100
AcDbLine
 10
157.7344479999999862
 20
-88.4222279999999898
 30
0
 11
157.7038519999999835
 21
-88.2684139999999928
 31
0
  0
LINE
  5
7FF
330
1B
100
AcDbEntity
  8
F.Cu
  6
CONTINUOUS
100
AcDbLine
 10
157.7038519999999835
 20
-88.2684139999999928
 30
0
 11
157.7038519999999835
 21
-88.1115860000000026
 31
0
  0
LINE
  5
800
330
1B
100
AcDbEntity
  8
F.Cu
  6
CONTINUOUS
100
AcDbLine
 10
157.7038519999999835
 20
-88.1115860000000026
 30
0
 11
157.7344479999999862
 21
-87.9577719999999914
 31
0
  0
LINE
  5
801
330
1B
100
AcDbEntity
  8
F.Cu
  6
CONTINUOUS
100
AcDbLine
 10
157.7344479999999862
 20
-87.9577719999999914
 30
0
 11
157.794462999999979
 21
-87.8128829999999994
 31
0
  0
LINE
  5
802
330
1B
100
AcDbEntity
  8
F.Cu
  6
CONTINUOUS
100
AcDbLine
 10
157.794462999999979
 20
-87.8128829999999994
 30
0
 11
157.8815919999999835
 21
-87.6824849999999998
 31
0
  0
LINE
  5
803
330
1B
100
AcDbEntity
  8
F.Cu
  6
CONTINUOUS
100
AcDbLine
 10
157.8815919999999835
 20
-87.6824849999999998
 30
0
 11
157.9924849999999878
 21
-87.5715919999999954
 31
0
  0
LINE
  5
804
330
1B
100
AcDbEntity
  8
F.Cu
  6
CONTINUOUS
100
AcDbLine
 10
157.9924849999999878
 20
-87.5715919999999954
 30
0
 11
158.1228830000000016
 21
-87.484462999999991
 31
0
  0
LINE
  5
805
330
1B
100
AcDbEntity
  8
F.Cu
  6
CONTINUOUS
100
AcDbLine
 10
158.1228830000000016
 20
-87.484462999999991
 30
0
 11
158.2677719999999795
 21
-87.4244479999999982
 31
0
  0
LINE
  5
806
330
1B
100
AcDbEntity
  8
F.Cu
  6
CONTINUOUS
100
AcDbLine
 10
158.2677719999999795
 20
-87.4244479999999982
 30
0
 11
158.4215859999999907
 21
-87.3938519999999954
 31
0
  0
LINE
  5
807
330
1B
100
AcDbEntity
  8
F.Cu
  6
CONTINUOUS
100
AcDbLine
 10
158.4215859999999907
 20
-87.3938519999999954
 30
0
 11
158.5784139999999809
 21
-87.3938519999999954
 31
0
  0
LINE
  5
808
330
1B
100
AcDbEntity
  8
F.Cu
  6
CONTINUOUS
100
AcDbLine
 10
158.5784139999999809
 20
-87.3938519999999954
 30
0
 11
158.7322279999999921
 21
-87.4244479999999982
 31
0
  0
LINE
  5
809
330
1B
100
AcDbEntity
  8
F.Cu
  6
CONTINUOUS
100
AcDbLine
 10
115.2322279999999921
 20
-82.9244479999999982
 30
0
 11
115.3771169999999984
 21
-82.984462999999991
 31
0
  0
LINE
  5
80A
330
1B
100
AcDbEntity
  8
F.Cu
  6
CONTINUOUS
100
AcDbLine
 10
115.3771169999999984
 20
-82.984462999999991
 30
0
 11
115.5075149999999979
 21
-83.0715919999999954
 31
0
  0
LINE
  5
80B
330
1B
100
AcDbEntity
  8
F.Cu
  6
CONTINUOUS
100
AcDbLine
 10
115.5075149999999979
 20
-83.0715919999999954
 30
0
 11
115.6184079999999881
 21
-83.1824849999999998
 31
0
  0
LINE
  5
80C
330
1B
100
AcDbEntity
  8
F.Cu
  6
CONTINUOUS
100
AcDbLine
 10
115.6184079999999881
 20
-83.1824849999999998
 30
0
 11
115.7055369999999925
 21
-83.3128829999999994
 31
0
  0
LINE
  5
80D
330
1B
100
AcDbEntity
  8
F.Cu
  6
CONTINUOUS
100
AcDbLine
 10
115.7055369999999925
 20
-83.3128829999999994
 30
0
 11
115.7655519999999996
 21
-83.4577719999999914
 31
0
  0
LINE
  5
80E
330
1B
100
AcDbEntity
  8
F.Cu
  6
CONTINUOUS
100
AcDbLine
 10
115.7655519999999996
 20
-83.4577719999999914
 30
0
 11
115.7961479999999881
 21
-83.6115860000000026
 31
0
  0
LINE
  5
80F
330
1B
100
AcDbEntity
  8
F.Cu
  6
CONTINUOUS
100
AcDbLine
 10
115.7961479999999881
 20
-83.6115860000000026
 30
0
 11
115.7961479999999881
 21
-83.7684139999999928
 31
0
  0
LINE
  5
810
330
1B
100
AcDbEntity
  8
F.Cu
  6
CONTINUOUS
100
AcDbLine
 10
115.7961479999999881
 20
-83.7684139999999928
 30
0
 11
115.7655519999999996
 21
-83.9222279999999898
 31
0
  0
LINE
  5
811
330
1B
100
AcDbEntity
  8
F.Cu
  6
CONTINUOUS
100
AcDbLine
 10
115.7655519999999996
 20
-83.9222279999999898
 30
0
 11
115.7055369999999925
 21
-84.0671169999999961
 31
0
  0
LINE
  5
812
330
1B
100
AcDbEntity
  8
F.Cu
  6
CONTINUOUS
100
AcDbLine
 10
115.7055369999999925
 20
-84.0671169999999961
 30
0
 11
115.6184079999999881
 21
-84.1975149999999957
 31
0
  0
LINE
  5
813
330
1B
100
AcDbEntity
  8
F.Cu
  6
CONTINUOUS
100
AcDbLine
 10
115.6184079999999881
 20
-84.1975149999999957
 30
0
 11
115.5075149999999979
 21
-84.308408
 31
0
  0
LINE
  5
814
330
1B
100
AcDbEntity
  8
F.Cu
  6
CONTINUOUS
100
AcDbLine
 10
115.5075149999999979
 20
-84.308408
 30
0
 11
115.3771169999999984
 21
-84.3955369999999903
 31
0
  0
LINE
  5
815
330
1B
100
AcDbEntity
  8
F.Cu
  6
CONTINUOUS
100
AcDbLine
 10
115.3771169999999984
 20
-84.3955369999999903
 30
0
 11
115.2322279999999921
 21
-84.4555519999999973
 31
0
  0
LINE
  5
816
330
1B
100
AcDbEntity
  8
F.Cu
  6
CONTINUOUS
100
AcDbLine
 10
115.2322279999999921
 20
-84.4555519999999973
 30
0
 11
115.0784139999999951
 21
-84.486148
 31
0
  0
LINE
  5
817
330
1B
100
AcDbEntity
  8
F.Cu
  6
CONTINUOUS
100
AcDbLine
 10
115.0784139999999951
 20
-84.486148
 30
0
 11
114.9215859999999907
 21
-84.486148
 31
0
  0
LINE
  5
818
330
1B
100
AcDbEntity
  8
F.Cu
  6
CONTINUOUS
100
AcDbLine
 10
114.9215859999999907
 20
-84.486148
 30
0
 11
114.7677719999999937
 21
-84.4555519999999973
 31
0
  0
LINE
  5
819
330
1B
100
AcDbEntity
  8
F.Cu
  6
CONTINUOUS
100
AcDbLine
 10
114.7677719999999937
 20
-84.4555519999999973
 30
0
 11
114.6228830000000016
 21
-84.3955369999999903
 31
0
  0
LINE
  5
81A
330
1B
100
AcDbEntity
  8
F.Cu
  6
CONTINUOUS
100
AcDbLine
 10
114.6228830000000016
 20
-84.3955369999999903
 30
0
 11
114.4924849999999878
 21
-84.308408
 31
0
  0
LINE
  5
81B
330
1B
100
AcDbEntity
  8
F.Cu
  6
CONTINUOUS
100
AcDbLine
 10
114.4924849999999878
 20
-84.308408
 30
0
 11
114.3815919999999977
 21
-84.1975149999999957
 31
0
  0
LINE
  5
81C
330
1B
100
AcDbEntity
  8
F.Cu
  6
CONTINUOUS
100
AcDbLine
 10
114.3815919999999977
 20
-84.1975149999999957
 30
0
 11
114.2944629999999933
 21
-84.0671169999999961
 31
0
  0
LINE
  5
81D
330
1B
100
AcDbEntity
  8
F.Cu
  6
CONTINUOUS
100
AcDbLine
 10
114.2944629999999933
 20
-84.0671169999999961
 30
0
 11
114.2344480000000004
 21
-83.9222279999999898
 31
0
  0
LINE
  5
81E
330
1B
100
AcDbEntity
  8
F.Cu
  6
CONTINUOUS
100
AcDbLine
 10
114.2344480000000004
 20
-83.9222279999999898
 30
0
 11
114.2038519999999977
 21
-83.7684139999999928
 31
0
  0
LINE
  5
81F
330
1B
100
AcDbEntity
  8
F.Cu
  6
CONTINUOUS
100
AcDbLine
 10
114.2038519999999977
 20
-83.7684139999999928
 30
0
 11
114.2038519999999977
 21
-83.6115860000000026
 31
0
  0
LINE
  5
820
330
1B
100
AcDbEntity
  8
F.Cu
  6
CONTINUOUS
100
AcDbLine
 10
114.2038519999999977
 20
-83.6115860000000026
 30
0
 11
114.2344480000000004
 21
-83.4577719999999914
 31
0
  0
LINE
  5
821
330
1B
100
AcDbEntity
  8
F.Cu
  6
CONTINUOUS
100
AcDbLine
 10
114.2344480000000004
 20
-83.4577719999999914
 30
0
 11
114.2944629999999933
 21
-83.3128829999999994
 31
0
  0
LINE
  5
822
330
1B
100
AcDbEntity
  8
F.Cu
  6
CONTINUOUS
100
AcDbLine
 10
114.2944629999999933
 20
-83.3128829999999994
 30
0
 11
114.3815919999999977
 21
-83.1824849999999998
 31
0
  0
LINE
  5
823
330
1B
100
AcDbEntity
  8
F.Cu
  6
CONTINUOUS
100
AcDbLine
 10
114.3815919999999977
 20
-83.1824849999999998
 30
0
 11
114.4924849999999878
 21
-83.0715919999999954
 31
0
  0
LINE
  5
824
330
1B
100
AcDbEntity
  8
F.Cu
  6
CONTINUOUS
100
AcDbLine
 10
114.4924849999999878
 20
-83.0715919999999954
 30
0
 11
114.6228830000000016
 21
-82.984462999999991
 31
0
  0
LINE
  5
825
330
1B
100
AcDbEntity
  8
F.Cu
  6
CONTINUOUS
100
AcDbLine
 10
114.6228830000000016
 20
-82.984462999999991
 30
0
 11
114.7677719999999937
 21
-82.9244479999999982
 31
0
  0
LINE
  5
826
330
1B
100
AcDbEntity
  8
F.Cu
  6
CONTINUOUS
100
AcDbLine
 10
114.7677719999999937
 20
-82.9244479999999982
 30
0
 11
114.9215859999999907
 21
-82.8938519999999954
 31
0
  0
LINE
  5
827
330
1B
100
AcDbEntity
  8
F.Cu
  6
CONTINUOUS
100
AcDbLine
 10
114.9215859999999907
 20
-82.8938519999999954
 30
0
 11
115.0784139999999951
 21
-82.8938519999999954
 31
0
  0
LINE
  5
828
330
1B
100
AcDbEntity
  8
F.Cu
  6
CONTINUOUS
100
AcDbLine
 10
115.0784139999999951
 20
-82.8938519999999954
 30
0
 11
115.2322279999999921
 21
-82.9244479999999982
 31
0
  0
LINE
  5
829
330
1B
100
AcDbEntity
  8
F.Cu
  6
CONTINUOUS
100
AcDbLine
 10
105.7322279999999921
 20
-82.2344480000000004
 30
0
 11
105.8771169999999984
 21
-82.2944629999999933
 31
0
  0
LINE
  5
82A
330
1B
100
AcDbEntity
  8
F.Cu
  6
CONTINUOUS
100
AcDbLine
 10
105.8771169999999984
 20
-82.2944629999999933
 30
0
 11
106.0075149999999979
 21
-82.3815919999999977
 31
0
  0
LINE
  5
82B
330
1B
100
AcDbEntity
  8
F.Cu
  6
CONTINUOUS
100
AcDbLine
 10
106.0075149999999979
 20
-82.3815919999999977
 30
0
 11
106.1184080000000023
 21
-82.4924850000000021
 31
0
  0
LINE
  5
82C
330
1B
100
AcDbEntity
  8
F.Cu
  6
CONTINUOUS
100
AcDbLine
 10
106.1184080000000023
 20
-82.4924850000000021
 30
0
 11
106.2055369999999925
 21
-82.6228830000000016
 31
0
  0
LINE
  5
82D
330
1B
100
AcDbEntity
  8
F.Cu
  6
CONTINUOUS
100
AcDbLine
 10
106.2055369999999925
 20
-82.6228830000000016
 30
0
 11
106.2655519999999996
 21
-82.7677719999999937
 31
0
  0
LINE
  5
82E
330
1B
100
AcDbEntity
  8
F.Cu
  6
CONTINUOUS
100
AcDbLine
 10
106.2655519999999996
 20
-82.7677719999999937
 30
0
 11
106.2961479999999881
 21
-82.9215859999999907
 31
0
  0
LINE
  5
82F
330
1B
100
AcDbEntity
  8
F.Cu
  6
CONTINUOUS
100
AcDbLine
 10
106.2961479999999881
 20
-82.9215859999999907
 30
0
 11
106.2961479999999881
 21
-83.0784139999999951
 31
0
  0
LINE
  5
830
330
1B
100
AcDbEntity
  8
F.Cu
  6
CONTINUOUS
100
AcDbLine
 10
106.2961479999999881
 20
-83.0784139999999951
 30
0
 11
106.2655519999999996
 21
-83.2322279999999921
 31
0
  0
LINE
  5
831
330
1B
100
AcDbEntity
  8
F.Cu
  6
CONTINUOUS
100
AcDbLine
 10
106.2655519999999996
 20
-83.2322279999999921
 30
0
 11
106.2055369999999925
 21
-83.3771169999999984
 31
0
  0
LINE
  5
832
330
1B
100
AcDbEntity
  8
F.Cu
  6
CONTINUOUS
100
AcDbLine
 10
106.2055369999999925
 20
-83.3771169999999984
 30
0
 11
106.1184080000000023
 21
-83.5075149999999979
 31
0
  0
LINE
  5
833
330
1B
100
AcDbEntity
  8
F.Cu
  6
CONTINUOUS
100
AcDbLine
 10
106.1184080000000023
 20
-83.5075149999999979
 30
0
 11
106.0075149999999979
 21
-83.6184080000000023
 31
0
  0
LINE
  5
834
330
1B
100
AcDbEntity
  8
F.Cu
  6
CONTINUOUS
100
AcDbLine
 10
106.0075149999999979
 20
-83.6184080000000023
 30
0
 11
105.8771169999999984
 21
-83.7055369999999925
 31
0
  0
LINE
  5
835
330
1B
100
AcDbEntity
  8
F.Cu
  6
CONTINUOUS
100
AcDbLine
 10
105.8771169999999984
 20
-83.7055369999999925
 30
0
 11
105.7322279999999921
 21
-83.7655519999999996
 31
0
  0
LINE
  5
836
330
1B
100
AcDbEntity
  8
F.Cu
  6
CONTINUOUS
100
AcDbLine
 10
105.7322279999999921
 20
-83.7655519999999996
 30
0
 11
105.5784139999999951
 21
-83.7961480000000023
 31
0
  0
LINE
  5
837
330
1B
100
AcDbEntity
  8
F.Cu
  6
CONTINUOUS
100
AcDbLine
 10
105.5784139999999951
 20
-83.7961480000000023
 30
0
 11
105.4215859999999907
 21
-83.7961480000000023
 31
0
  0
LINE
  5
838
330
1B
100
AcDbEntity
  8
F.Cu
  6
CONTINUOUS
100
AcDbLine
 10
105.4215859999999907
 20
-83.7961480000000023
 30
0
 11
105.2677719999999937
 21
-83.7655519999999996
 31
0
  0
LINE
  5
839
330
1B
100
AcDbEntity
  8
F.Cu
  6
CONTINUOUS
100
AcDbLine
 10
105.2677719999999937
 20
-83.7655519999999996
 30
0
 11
105.1228830000000016
 21
-83.7055369999999925
 31
0
  0
LINE
  5
83A
330
1B
100
AcDbEntity
  8
F.Cu
  6
CONTINUOUS
100
AcDbLine
 10
105.1228830000000016
 20
-83.7055369999999925
 30
0
 11
104.9924850000000021
 21
-83.6184080000000023
 31
0
  0
LINE
  5
83B
330
1B
100
AcDbEntity
  8
F.Cu
  6
CONTINUOUS
100
AcDbLine
 10
104.9924850000000021
 20
-83.6184080000000023
 30
0
 11
104.8815919999999977
 21
-83.5075149999999979
 31
0
  0
LINE
  5
83C
330
1B
100
AcDbEntity
  8
F.Cu
  6
CONTINUOUS
100
AcDbLine
 10
104.8815919999999977
 20
-83.5075149999999979
 30
0
 11
104.7944629999999933
 21
-83.3771169999999984
 31
0
  0
LINE
  5
83D
330
1B
100
AcDbEntity
  8
F.Cu
  6
CONTINUOUS
100
AcDbLine
 10
104.7944629999999933
 20
-83.3771169999999984
 30
0
 11
104.7344480000000004
 21
-83.2322279999999921
 31
0
  0
LINE
  5
83E
330
1B
100
AcDbEntity
  8
F.Cu
  6
CONTINUOUS
100
AcDbLine
 10
104.7344480000000004
 20
-83.2322279999999921
 30
0
 11
104.7038519999999977
 21
-83.0784139999999951
 31
0
  0
LINE
  5
83F
330
1B
100
AcDbEntity
  8
F.Cu
  6
CONTINUOUS
100
AcDbLine
 10
104.7038519999999977
 20
-83.0784139999999951
 30
0
 11
104.7038519999999977
 21
-82.9215859999999907
 31
0
  0
LINE
  5
840
330
1B
100
AcDbEntity
  8
F.Cu
  6
CONTINUOUS
100
AcDbLine
 10
104.7038519999999977
 20
-82.9215859999999907
 30
0
 11
104.7344480000000004
 21
-82.7677719999999937
 31
0
  0
LINE
  5
841
330
1B
100
AcDbEntity
  8
F.Cu
  6
CONTINUOUS
100
AcDbLine
 10
104.7344480000000004
 20
-82.7677719999999937
 30
0
 11
104.7944629999999933
 21
-82.6228830000000016
 31
0
  0
LINE
  5
842
330
1B
100
AcDbEntity
  8
F.Cu
  6
CONTINUOUS
100
AcDbLine
 10
104.7944629999999933
 20
-82.6228830000000016
 30
0
 11
104.8815919999999977
 21
-82.4924850000000021
 31
0
  0
LINE
  5
843
330
1B
100
AcDbEntity
  8
F.Cu
  6
CONTINUOUS
100
AcDbLine
 10
104.8815919999999977
 20
-82.4924850000000021
 30
0
 11
104.9924850000000021
 21
-82.3815919999999977
 31
0
  0
LINE
  5
844
330
1B
100
AcDbEntity
  8
F.Cu
  6
CONTINUOUS
100
AcDbLine
 10
104.9924850000000021
 20
-82.3815919999999977
 30
0
 11
105.1228830000000016
 21
-82.2944629999999933
 31
0
  0
LINE
  5
845
330
1B
100
AcDbEntity
  8
F.Cu
  6
CONTINUOUS
100
AcDbLine
 10
105.1228830000000016
 20
-82.2944629999999933
 30
0
 11
105.2677719999999937
 21
-82.2344480000000004
 31
0
  0
LINE
  5
846
330
1B
100
AcDbEntity
  8
F.Cu
  6
CONTINUOUS
100
AcDbLine
 10
105.2677719999999937
 20
-82.2344480000000004
 30
0
 11
105.4215859999999907
 21
-82.2038519999999977
 31
0
  0
LINE
  5
847
330
1B
100
AcDbEntity
  8
F.Cu
  6
CONTINUOUS
100
AcDbLine
 10
105.4215859999999907
 20
-82.2038519999999977
 30
0
 11
105.5784139999999951
 21
-82.2038519999999977
 31
0
  0
LINE
  5
848
330
1B
100
AcDbEntity
  8
F.Cu
  6
CONTINUOUS
100
AcDbLine
 10
105.5784139999999951
 20
-82.2038519999999977
 30
0
 11
105.7322279999999921
 21
-82.2344480000000004
 31
0
  0
LINE
  5
849
330
1B
100
AcDbEntity
  8
F.Cu
  6
CONTINUOUS
100
AcDbLine
 10
110.7322279999999921
 20
-82.2344480000000004
 30
0
 11
110.8771169999999984
 21
-82.2944629999999933
 31
0
  0
LINE
  5
84A
330
1B
100
AcDbEntity
  8
F.Cu
  6
CONTINUOUS
100
AcDbLine
 10
110.8771169999999984
 20
-82.2944629999999933
 30
0
 11
111.0075149999999979
 21
-82.3815919999999977
 31
0
  0
LINE
  5
84B
330
1B
100
AcDbEntity
  8
F.Cu
  6
CONTINUOUS
100
AcDbLine
 10
111.0075149999999979
 20
-82.3815919999999977
 30
0
 11
111.1184079999999881
 21
-82.4924850000000021
 31
0
  0
LINE
  5
84C
330
1B
100
AcDbEntity
  8
F.Cu
  6
CONTINUOUS
100
AcDbLine
 10
111.1184079999999881
 20
-82.4924850000000021
 30
0
 11
111.2055369999999925
 21
-82.6228830000000016
 31
0
  0
LINE
  5
84D
330
1B
100
AcDbEntity
  8
F.Cu
  6
CONTINUOUS
100
AcDbLine
 10
111.2055369999999925
 20
-82.6228830000000016
 30
0
 11
111.2655519999999996
 21
-82.7677719999999937
 31
0
  0
LINE
  5
84E
330
1B
100
AcDbEntity
  8
F.Cu
  6
CONTINUOUS
100
AcDbLine
 10
111.2655519999999996
 20
-82.7677719999999937
 30
0
 11
111.2961479999999881
 21
-82.9215859999999907
 31
0
  0
LINE
  5
84F
330
1B
100
AcDbEntity
  8
F.Cu
  6
CONTINUOUS
100
AcDbLine
 10
111.2961479999999881
 20
-82.9215859999999907
 30
0
 11
111.2961479999999881
 21
-83.0784139999999951
 31
0
  0
LINE
  5
850
330
1B
100
AcDbEntity
  8
F.Cu
  6
CONTINUOUS
100
AcDbLine
 10
111.2961479999999881
 20
-83.0784139999999951
 30
0
 11
111.2655519999999996
 21
-83.2322279999999921
 31
0
  0
LINE
  5
851
330
1B
100
AcDbEntity
  8
F.Cu
  6
CONTINUOUS
100
AcDbLine
 10
111.2655519999999996
 20
-83.2322279999999921
 30
0
 11
111.2055369999999925
 21
-83.3771169999999984
 31
0
  0
LINE
  5
852
330
1B
100
AcDbEntity
  8
F.Cu
  6
CONTINUOUS
100
AcDbLine
 10
111.2055369999999925
 20
-83.3771169999999984
 30
0
 11
111.1184079999999881
 21
-83.5075149999999979
 31
0
  0
LINE
  5
853
330
1B
100
AcDbEntity
  8
F.Cu
  6
CONTINUOUS
100
AcDbLine
 10
111.1184079999999881
 20
-83.5075149999999979
 30
0
 11
111.0075149999999979
 21
-83.6184080000000023
 31
0
  0
LINE
  5
854
330
1B
100
AcDbEntity
  8
F.Cu
  6
CONTINUOUS
100
AcDbLine
 10
111.0075149999999979
 20
-83.6184080000000023
 30
0
 11
110.8771169999999984
 21
-83.7055369999999925
 31
0
  0
LINE
  5
855
330
1B
100
AcDbEntity
  8
F.Cu
  6
CONTINUOUS
100
AcDbLine
 10
110.8771169999999984
 20
-83.7055369999999925
 30
0
 11
110.7322279999999921
 21
-83.7655519999999996
 31
0
  0
LINE
  5
856
330
1B
100
AcDbEntity
  8
F.Cu
  6
CONTINUOUS
100
AcDbLine
 10
110.7322279999999921
 20
-83.7655519999999996
 30
0
 11
110.5784139999999951
 21
-83.7961480000000023
 31
0
  0
LINE
  5
857
330
1B
100
AcDbEntity
  8
F.Cu
  6
CONTINUOUS
100
AcDbLine
 10
110.5784139999999951
 20
-83.7961480000000023
 30
0
 11
110.4215859999999907
 21
-83.7961480000000023
 31
0
  0
LINE
  5
858
330
1B
100
AcDbEntity
  8
F.Cu
  6
CONTINUOUS
100
AcDbLine
 10
110.4215859999999907
 20
-83.7961480000000023
 30
0
 11
110.2677719999999937
 21
-83.7655519999999996
 31
0
  0
LINE
  5
859
330
1B
100
AcDbEntity
  8
F.Cu
  6
CONTINUOUS
100
AcDbLine
 10
110.2677719999999937
 20
-83.7655519999999996
 30
0
 11
110.1228830000000016
 21
-83.7055369999999925
 31
0
  0
LINE
  5
85A
330
1B
100
AcDbEntity
  8
F.Cu
  6
CONTINUOUS
100
AcDbLine
 10
110.1228830000000016
 20
-83.7055369999999925
 30
0
 11
109.9924850000000021
 21
-83.6184080000000023
 31
0
  0
LINE
  5
85B
330
1B
100
AcDbEntity
  8
F.Cu
  6
CONTINUOUS
100
AcDbLine
 10
109.9924850000000021
 20
-83.6184080000000023
 30
0
 11
109.8815919999999977
 21
-83.5075149999999979
 31
0
  0
LINE
  5
85C
330
1B
100
AcDbEntity
  8
F.Cu
  6
CONTINUOUS
100
AcDbLine
 10
109.8815919999999977
 20
-83.5075149999999979
 30
0
 11
109.7944629999999933
 21
-83.3771169999999984
 31
0
  0
LINE
  5
85D
330
1B
100
AcDbEntity
  8
F.Cu
  6
CONTINUOUS
100
AcDbLine
 10
109.7944629999999933
 20
-83.3771169999999984
 30
0
 11
109.7344480000000004
 21
-83.2322279999999921
 31
0
  0
LINE
  5
85E
330
1B
100
AcDbEntity
  8
F.Cu
  6
CONTINUOUS
100
AcDbLine
 10
109.7344480000000004
 20
-83.2322279999999921
 30
0
 11
109.7038519999999977
 21
-83.0784139999999951
 31
0
  0
LINE
  5
85F
330
1B
100
AcDbEntity
  8
F.Cu
  6
CONTINUOUS
100
AcDbLine
 10
109.7038519999999977
 20
-83.0784139999999951
 30
0
 11
109.7038519999999977
 21
-82.9215859999999907
 31
0
  0
LINE
  5
860
330
1B
100
AcDbEntity
  8
F.Cu
  6
CONTINUOUS
100
AcDbLine
 10
109.7038519999999977
 20
-82.9215859999999907
 30
0
 11
109.7344480000000004
 21
-82.7677719999999937
 31
0
  0
LINE
  5
861
330
1B
100
AcDbEntity
  8
F.Cu
  6
CONTINUOUS
100
AcDbLine
 10
109.7344480000000004
 20
-82.7677719999999937
 30
0
 11
109.7944629999999933
 21
-82.6228830000000016
 31
0
  0
LINE
  5
862
330
1B
100
AcDbEntity
  8
F.Cu
  6
CONTINUOUS
100
AcDbLine
 10
109.7944629999999933
 20
-82.6228830000000016
 30
0
 11
109.8815919999999977
 21
-82.4924850000000021
 31
0
  0
LINE
  5
863
330
1B
100
AcDbEntity
  8
F.Cu
  6
CONTINUOUS
100
AcDbLine
 10
109.8815919999999977
 20
-82.4924850000000021
 30
0
 11
109.9924850000000021
 21
-82.3815919999999977
 31
0
  0
LINE
  5
864
330
1B
100
AcDbEntity
  8
F.Cu
  6
CONTINUOUS
100
AcDbLine
 10
109.9924850000000021
 20
-82.3815919999999977
 30
0
 11
110.1228830000000016
 21
-82.2944629999999933
 31
0
  0
LINE
  5
865
330
1B
100
AcDbEntity
  8
F.Cu
  6
CONTINUOUS
100
AcDbLine
 10
110.1228830000000016
 20
-82.2944629999999933
 30
0
 11
110.2677719999999937
 21
-82.2344480000000004
 31
0
  0
LINE
  5
866
330
1B
100
AcDbEntity
  8
F.Cu
  6
CONTINUOUS
100
AcDbLine
 10
110.2677719999999937
 20
-82.2344480000000004
 30
0
 11
110.4215859999999907
 21
-82.2038519999999977
 31
0
  0
LINE
  5
867
330
1B
100
AcDbEntity
  8
F.Cu
  6
CONTINUOUS
100
AcDbLine
 10
110.4215859999999907
 20
-82.2038519999999977
 30
0
 11
110.5784139999999951
 21
-82.2038519999999977
 31
0
  0
LINE
  5
868
330
1B
100
AcDbEntity
  8
F.Cu
  6
CONTINUOUS
100
AcDbLine
 10
110.5784139999999951
 20
-82.2038519999999977
 30
0
 11
110.7322279999999921
 21
-82.2344480000000004
 31
0
  0
LINE
  5
869
330
1B
100
AcDbEntity
  8
F.Cu
  6
CONTINUOUS
100
AcDbLine
 10
159.9779709999999966
 20
-79.0190300000000008
 30
0
 11
160.059077000000002
 21
-79.0732229999999987
 31
0
  0
LINE
  5
86A
330
1B
100
AcDbEntity
  8
F.Cu
  6
CONTINUOUS
100
AcDbLine
 10
160.059077000000002
 20
-79.0732229999999987
 30
0
 11
160.11327
 21
-79.1543289999999899
 31
0
  0
LINE
  5
86B
330
1B
100
AcDbEntity
  8
F.Cu
  6
CONTINUOUS
100
AcDbLine
 10
160.11327
 20
-79.1543289999999899
 30
0
 11
160.1322999999999865
 21
-79.25
 31
0
  0
LINE
  5
86C
330
1B
100
AcDbEntity
  8
F.Cu
  6
CONTINUOUS
100
AcDbLine
 10
160.1322999999999865
 20
-79.25
 30
0
 11
160.1322999999999865
 21
-80.75
 31
0
  0
LINE
  5
86D
330
1B
100
AcDbEntity
  8
F.Cu
  6
CONTINUOUS
100
AcDbLine
 10
160.1322999999999865
 20
-80.75
 30
0
 11
160.11327
 21
-80.8456709999999958
 31
0
  0
LINE
  5
86E
330
1B
100
AcDbEntity
  8
F.Cu
  6
CONTINUOUS
100
AcDbLine
 10
160.11327
 20
-80.8456709999999958
 30
0
 11
160.059077000000002
 21
-80.9267770000000013
 31
0
  0
LINE
  5
86F
330
1B
100
AcDbEntity
  8
F.Cu
  6
CONTINUOUS
100
AcDbLine
 10
160.059077000000002
 20
-80.9267770000000013
 30
0
 11
159.9779709999999966
 21
-80.9809699999999992
 31
0
  0
LINE
  5
870
330
1B
100
AcDbEntity
  8
F.Cu
  6
CONTINUOUS
100
AcDbLine
 10
159.9779709999999966
 20
-80.9809699999999992
 30
0
 11
159.8822999999999865
 21
-81.
 31
0
  0
LINE
  5
871
330
1B
100
AcDbEntity
  8
F.Cu
  6
CONTINUOUS
100
AcDbLine
 10
159.8822999999999865
 20
-81.
 30
0
 11
158.3822999999999865
 21
-81.
 31
0
  0
LINE
  5
872
330
1B
100
AcDbEntity
  8
F.Cu
  6
CONTINUOUS
100
AcDbLine
 10
158.3822999999999865
 20
-81.
 30
0
 11
158.2866290000000049
 21
-80.9809699999999992
 31
0
  0
LINE
  5
873
330
1B
100
AcDbEntity
  8
F.Cu
  6
CONTINUOUS
100
AcDbLine
 10
158.2866290000000049
 20
-80.9809699999999992
 30
0
 11
158.2055229999999995
 21
-80.9267770000000013
 31
0
  0
LINE
  5
874
330
1B
100
AcDbEntity
  8
F.Cu
  6
CONTINUOUS
100
AcDbLine
 10
158.2055229999999995
 20
-80.9267770000000013
 30
0
 11
158.1513300000000015
 21
-80.8456709999999958
 31
0
  0
LINE
  5
875
330
1B
100
AcDbEntity
  8
F.Cu
  6
CONTINUOUS
100
AcDbLine
 10
158.1513300000000015
 20
-80.8456709999999958
 30
0
 11
158.1322999999999865
 21
-80.75
 31
0
  0
LINE
  5
876
330
1B
100
AcDbEntity
  8
F.Cu
  6
CONTINUOUS
100
AcDbLine
 10
158.1322999999999865
 20
-80.75
 30
0
 11
158.1322999999999865
 21
-79.25
 31
0
  0
LINE
  5
877
330
1B
100
AcDbEntity
  8
F.Cu
  6
CONTINUOUS
100
AcDbLine
 10
158.1322999999999865
 20
-79.25
 30
0
 11
158.1513300000000015
 21
-79.1543289999999899
 31
0
  0
LINE
  5
878
330
1B
100
AcDbEntity
  8
F.Cu
  6
CONTINUOUS
100
AcDbLine
 10
158.1513300000000015
 20
-79.1543289999999899
 30
0
 11
158.2055229999999995
 21
-79.0732229999999987
 31
0
  0
LINE
  5
879
330
1B
100
AcDbEntity
  8
F.Cu
  6
CONTINUOUS
100
AcDbLine
 10
158.2055229999999995
 20
-79.0732229999999987
 30
0
 11
158.2866290000000049
 21
-79.0190300000000008
 31
0
  0
LINE
  5
87A
330
1B
100
AcDbEntity
  8
F.Cu
  6
CONTINUOUS
100
AcDbLine
 10
158.2866290000000049
 20
-79.0190300000000008
 30
0
 11
158.3822999999999865
 21
-79.
 31
0
  0
LINE
  5
87B
330
1B
100
AcDbEntity
  8
F.Cu
  6
CONTINUOUS
100
AcDbLine
 10
158.3822999999999865
 20
-79.
 30
0
 11
159.8822999999999865
 21
-79.
 31
0
  0
LINE
  5
87C
330
1B
100
AcDbEntity
  8
F.Cu
  6
CONTINUOUS
100
AcDbLine
 10
159.8822999999999865
 20
-79.
 30
0
 11
159.9779709999999966
 21
-79.0190300000000008
 31
0
  0
LINE
  5
87D
330
1B
100
AcDbEntity
  8
F.Cu
  6
CONTINUOUS
100
AcDbLine
 10
164.422584999999998
 20
-79.043059999999997
 30
0
 11
164.6036969999999826
 21
-79.1180789999999945
 31
0
  0
LINE
  5
87E
330
1B
100
AcDbEntity
  8
F.Cu
  6
CONTINUOUS
100
AcDbLine
 10
164.6036969999999826
 20
-79.1180789999999945
 30
0
 11
164.7666930000000036
 21
-79.2269900000000007
 31
0
  0
LINE
  5
87F
330
1B
100
AcDbEntity
  8
F.Cu
  6
CONTINUOUS
100
AcDbLine
 10
164.7666930000000036
 20
-79.2269900000000007
 30
0
 11
164.9053099999999858
 21
-79.3656069999999971
 31
0
  0
LINE
  5
880
330
1B
100
AcDbEntity
  8
F.Cu
  6
CONTINUOUS
100
AcDbLine
 10
164.9053099999999858
 20
-79.3656069999999971
 30
0
 11
165.014220999999992
 21
-79.5286029999999897
 31
0
  0
LINE
  5
881
330
1B
100
AcDbEntity
  8
F.Cu
  6
CONTINUOUS
100
AcDbLine
 10
165.014220999999992
 20
-79.5286029999999897
 30
0
 11
165.0892399999999895
 21
-79.7097150000000028
 31
0
  0
LINE
  5
882
330
1B
100
AcDbEntity
  8
F.Cu
  6
CONTINUOUS
100
AcDbLine
 10
165.0892399999999895
 20
-79.7097150000000028
 30
0
 11
165.1274849999999788
 21
-79.9019830000000013
 31
0
  0
LINE
  5
883
330
1B
100
AcDbEntity
  8
F.Cu
  6
CONTINUOUS
100
AcDbLine
 10
165.1274849999999788
 20
-79.9019830000000013
 30
0
 11
165.1274849999999788
 21
-80.0980169999999987
 31
0
  0
LINE
  5
884
330
1B
100
AcDbEntity
  8
F.Cu
  6
CONTINUOUS
100
AcDbLine
 10
165.1274849999999788
 20
-80.0980169999999987
 30
0
 11
165.0892399999999895
 21
-80.2902849999999972
 31
0
  0
LINE
  5
885
330
1B
100
AcDbEntity
  8
F.Cu
  6
CONTINUOUS
100
AcDbLine
 10
165.0892399999999895
 20
-80.2902849999999972
 30
0
 11
165.014220999999992
 21
-80.4713969999999961
 31
0
  0
LINE
  5
886
330
1B
100
AcDbEntity
  8
F.Cu
  6
CONTINUOUS
100
AcDbLine
 10
165.014220999999992
 20
-80.4713969999999961
 30
0
 11
164.9053099999999858
 21
-80.6343930000000029
 31
0
  0
LINE
  5
887
330
1B
100
AcDbEntity
  8
F.Cu
  6
CONTINUOUS
100
AcDbLine
 10
164.9053099999999858
 20
-80.6343930000000029
 30
0
 11
164.7666930000000036
 21
-80.7730099999999993
 31
0
  0
LINE
  5
888
330
1B
100
AcDbEntity
  8
F.Cu
  6
CONTINUOUS
100
AcDbLine
 10
164.7666930000000036
 20
-80.7730099999999993
 30
0
 11
164.6036969999999826
 21
-80.8819209999999913
 31
0
  0
LINE
  5
889
330
1B
100
AcDbEntity
  8
F.Cu
  6
CONTINUOUS
100
AcDbLine
 10
164.6036969999999826
 20
-80.8819209999999913
 30
0
 11
164.422584999999998
 21
-80.956940000000003
 31
0
  0
LINE
  5
88A
330
1B
100
AcDbEntity
  8
F.Cu
  6
CONTINUOUS
100
AcDbLine
 10
164.422584999999998
 20
-80.956940000000003
 30
0
 11
164.2303169999999852
 21
-80.9951849999999922
 31
0
  0
LINE
  5
88B
330
1B
100
AcDbEntity
  8
F.Cu
  6
CONTINUOUS
100
AcDbLine
 10
164.2303169999999852
 20
-80.9951849999999922
 30
0
 11
164.0342829999999879
 21
-80.9951849999999922
 31
0
  0
LINE
  5
88C
330
1B
100
AcDbEntity
  8
F.Cu
  6
CONTINUOUS
100
AcDbLine
 10
164.0342829999999879
 20
-80.9951849999999922
 30
0
 11
163.8420150000000035
 21
-80.956940000000003
 31
0
  0
LINE
  5
88D
330
1B
100
AcDbEntity
  8
F.Cu
  6
CONTINUOUS
100
AcDbLine
 10
163.8420150000000035
 20
-80.956940000000003
 30
0
 11
163.6609029999999905
 21
-80.8819209999999913
 31
0
  0
LINE
  5
88E
330
1B
100
AcDbEntity
  8
F.Cu
  6
CONTINUOUS
100
AcDbLine
 10
163.6609029999999905
 20
-80.8819209999999913
 30
0
 11
163.4979069999999979
 21
-80.7730099999999993
 31
0
  0
LINE
  5
88F
330
1B
100
AcDbEntity
  8
F.Cu
  6
CONTINUOUS
100
AcDbLine
 10
163.4979069999999979
 20
-80.7730099999999993
 30
0
 11
163.3592899999999872
 21
-80.6343930000000029
 31
0
  0
LINE
  5
890
330
1B
100
AcDbEntity
  8
F.Cu
  6
CONTINUOUS
100
AcDbLine
 10
163.3592899999999872
 20
-80.6343930000000029
 30
0
 11
163.250378999999981
 21
-80.4713969999999961
 31
0
  0
LINE
  5
891
330
1B
100
AcDbEntity
  8
F.Cu
  6
CONTINUOUS
100
AcDbLine
 10
163.250378999999981
 20
-80.4713969999999961
 30
0
 11
163.1753599999999835
 21
-80.2902849999999972
 31
0
  0
LINE
  5
892
330
1B
100
AcDbEntity
  8
F.Cu
  6
CONTINUOUS
100
AcDbLine
 10
163.1753599999999835
 20
-80.2902849999999972
 30
0
 11
163.1371149999999943
 21
-80.0980169999999987
 31
0
  0
LINE
  5
893
330
1B
100
AcDbEntity
  8
F.Cu
  6
CONTINUOUS
100
AcDbLine
 10
163.1371149999999943
 20
-80.0980169999999987
 30
0
 11
163.1371149999999943
 21
-79.9019830000000013
 31
0
  0
LINE
  5
894
330
1B
100
AcDbEntity
  8
F.Cu
  6
CONTINUOUS
100
AcDbLine
 10
163.1371149999999943
 20
-79.9019830000000013
 30
0
 11
163.1753599999999835
 21
-79.7097150000000028
 31
0
  0
LINE
  5
895
330
1B
100
AcDbEntity
  8
F.Cu
  6
CONTINUOUS
100
AcDbLine
 10
163.1753599999999835
 20
-79.7097150000000028
 30
0
 11
163.250378999999981
 21
-79.5286029999999897
 31
0
  0
LINE
  5
896
330
1B
100
AcDbEntity
  8
F.Cu
  6
CONTINUOUS
100
AcDbLine
 10
163.250378999999981
 20
-79.5286029999999897
 30
0
 11
163.3592899999999872
 21
-79.3656069999999971
 31
0
  0
LINE
  5
897
330
1B
100
AcDbEntity
  8
F.Cu
  6
CONTINUOUS
100
AcDbLine
 10
163.3592899999999872
 20
-79.3656069999999971
 30
0
 11
163.4979069999999979
 21
-79.2269900000000007
 31
0
  0
LINE
  5
898
330
1B
100
AcDbEntity
  8
F.Cu
  6
CONTINUOUS
100
AcDbLine
 10
163.4979069999999979
 20
-79.2269900000000007
 30
0
 11
163.6609029999999905
 21
-79.1180789999999945
 31
0
  0
LINE
  5
899
330
1B
100
AcDbEntity
  8
F.Cu
  6
CONTINUOUS
100
AcDbLine
 10
163.6609029999999905
 20
-79.1180789999999945
 30
0
 11
163.8420150000000035
 21
-79.043059999999997
 31
0
  0
LINE
  5
89A
330
1B
100
AcDbEntity
  8
F.Cu
  6
CONTINUOUS
100
AcDbLine
 10
163.8420150000000035
 20
-79.043059999999997
 30
0
 11
164.0342829999999879
 21
-79.0048149999999936
 31
0
  0
LINE
  5
89B
330
1B
100
AcDbEntity
  8
F.Cu
  6
CONTINUOUS
100
AcDbLine
 10
164.0342829999999879
 20
-79.0048149999999936
 30
0
 11
164.2303169999999852
 21
-79.0048149999999936
 31
0
  0
LINE
  5
89C
330
1B
100
AcDbEntity
  8
F.Cu
  6
CONTINUOUS
100
AcDbLine
 10
164.2303169999999852
 20
-79.0048149999999936
 30
0
 11
164.422584999999998
 21
-79.043059999999997
 31
0
  0
LINE
  5
89D
330
1B
100
AcDbEntity
  8
F.Cu
  6
CONTINUOUS
100
AcDbLine
 10
122.9222279999999898
 20
-74.7344480000000004
 30
0
 11
123.0671169999999961
 21
-74.7944629999999933
 31
0
  0
LINE
  5
89E
330
1B
100
AcDbEntity
  8
F.Cu
  6
CONTINUOUS
100
AcDbLine
 10
123.0671169999999961
 20
-74.7944629999999933
 30
0
 11
123.1975149999999957
 21
-74.8815919999999977
 31
0
  0
LINE
  5
89F
330
1B
100
AcDbEntity
  8
F.Cu
  6
CONTINUOUS
100
AcDbLine
 10
123.1975149999999957
 20
-74.8815919999999977
 30
0
 11
123.308408
 21
-74.9924850000000021
 31
0
  0
LINE
  5
8A0
330
1B
100
AcDbEntity
  8
F.Cu
  6
CONTINUOUS
100
AcDbLine
 10
123.308408
 20
-74.9924850000000021
 30
0
 11
123.3955369999999903
 21
-75.1228830000000016
 31
0
  0
LINE
  5
8A1
330
1B
100
AcDbEntity
  8
F.Cu
  6
CONTINUOUS
100
AcDbLine
 10
123.3955369999999903
 20
-75.1228830000000016
 30
0
 11
123.4555519999999973
 21
-75.2677719999999937
 31
0
  0
LINE
  5
8A2
330
1B
100
AcDbEntity
  8
F.Cu
  6
CONTINUOUS
100
AcDbLine
 10
123.4555519999999973
 20
-75.2677719999999937
 30
0
 11
123.486148
 21
-75.4215859999999907
 31
0
  0
LINE
  5
8A3
330
1B
100
AcDbEntity
  8
F.Cu
  6
CONTINUOUS
100
AcDbLine
 10
123.486148
 20
-75.4215859999999907
 30
0
 11
123.486148
 21
-75.5784139999999951
 31
0
  0
LINE
  5
8A4
330
1B
100
AcDbEntity
  8
F.Cu
  6
CONTINUOUS
100
AcDbLine
 10
123.486148
 20
-75.5784139999999951
 30
0
 11
123.4555519999999973
 21
-75.7322279999999921
 31
0
  0
LINE
  5
8A5
330
1B
100
AcDbEntity
  8
F.Cu
  6
CONTINUOUS
100
AcDbLine
 10
123.4555519999999973
 20
-75.7322279999999921
 30
0
 11
123.3955369999999903
 21
-75.8771169999999984
 31
0
  0
LINE
  5
8A6
330
1B
100
AcDbEntity
  8
F.Cu
  6
CONTINUOUS
100
AcDbLine
 10
123.3955369999999903
 20
-75.8771169999999984
 30
0
 11
123.308408
 21
-76.0075149999999979
 31
0
  0
LINE
  5
8A7
330
1B
100
AcDbEntity
  8
F.Cu
  6
CONTINUOUS
100
AcDbLine
 10
123.308408
 20
-76.0075149999999979
 30
0
 11
123.1975149999999957
 21
-76.1184080000000023
 31
0
  0
LINE
  5
8A8
330
1B
100
AcDbEntity
  8
F.Cu
  6
CONTINUOUS
100
AcDbLine
 10
123.1975149999999957
 20
-76.1184080000000023
 30
0
 11
123.0671169999999961
 21
-76.2055369999999925
 31
0
  0
LINE
  5
8A9
330
1B
100
AcDbEntity
  8
F.Cu
  6
CONTINUOUS
100
AcDbLine
 10
123.0671169999999961
 20
-76.2055369999999925
 30
0
 11
122.9222279999999898
 21
-76.2655519999999996
 31
0
  0
LINE
  5
8AA
330
1B
100
AcDbEntity
  8
F.Cu
  6
CONTINUOUS
100
AcDbLine
 10
122.9222279999999898
 20
-76.2655519999999996
 30
0
 11
122.7684139999999928
 21
-76.2961480000000023
 31
0
  0
LINE
  5
8AB
330
1B
100
AcDbEntity
  8
F.Cu
  6
CONTINUOUS
100
AcDbLine
 10
122.7684139999999928
 20
-76.2961480000000023
 30
0
 11
122.6115859999999884
 21
-76.2961480000000023
 31
0
  0
LINE
  5
8AC
330
1B
100
AcDbEntity
  8
F.Cu
  6
CONTINUOUS
100
AcDbLine
 10
122.6115859999999884
 20
-76.2961480000000023
 30
0
 11
122.4577719999999914
 21
-76.2655519999999996
 31
0
  0
LINE
  5
8AD
330
1B
100
AcDbEntity
  8
F.Cu
  6
CONTINUOUS
100
AcDbLine
 10
122.4577719999999914
 20
-76.2655519999999996
 30
0
 11
122.3128829999999994
 21
-76.2055369999999925
 31
0
  0
LINE
  5
8AE
330
1B
100
AcDbEntity
  8
F.Cu
  6
CONTINUOUS
100
AcDbLine
 10
122.3128829999999994
 20
-76.2055369999999925
 30
0
 11
122.1824849999999998
 21
-76.1184080000000023
 31
0
  0
LINE
  5
8AF
330
1B
100
AcDbEntity
  8
F.Cu
  6
CONTINUOUS
100
AcDbLine
 10
122.1824849999999998
 20
-76.1184080000000023
 30
0
 11
122.0715919999999954
 21
-76.0075149999999979
 31
0
  0
LINE
  5
8B0
330
1B
100
AcDbEntity
  8
F.Cu
  6
CONTINUOUS
100
AcDbLine
 10
122.0715919999999954
 20
-76.0075149999999979
 30
0
 11
121.984462999999991
 21
-75.8771169999999984
 31
0
  0
LINE
  5
8B1
330
1B
100
AcDbEntity
  8
F.Cu
  6
CONTINUOUS
100
AcDbLine
 10
121.984462999999991
 20
-75.8771169999999984
 30
0
 11
121.9244479999999982
 21
-75.7322279999999921
 31
0
  0
LINE
  5
8B2
330
1B
100
AcDbEntity
  8
F.Cu
  6
CONTINUOUS
100
AcDbLine
 10
121.9244479999999982
 20
-75.7322279999999921
 30
0
 11
121.8938519999999954
 21
-75.5784139999999951
 31
0
  0
LINE
  5
8B3
330
1B
100
AcDbEntity
  8
F.Cu
  6
CONTINUOUS
100
AcDbLine
 10
121.8938519999999954
 20
-75.5784139999999951
 30
0
 11
121.8938519999999954
 21
-75.4215859999999907
 31
0
  0
LINE
  5
8B4
330
1B
100
AcDbEntity
  8
F.Cu
  6
CONTINUOUS
100
AcDbLine
 10
121.8938519999999954
 20
-75.4215859999999907
 30
0
 11
121.9244479999999982
 21
-75.2677719999999937
 31
0
  0
LINE
  5
8B5
330
1B
100
AcDbEntity
  8
F.Cu
  6
CONTINUOUS
100
AcDbLine
 10
121.9244479999999982
 20
-75.2677719999999937
 30
0
 11
121.984462999999991
 21
-75.1228830000000016
 31
0
  0
LINE
  5
8B6
330
1B
100
AcDbEntity
  8
F.Cu
  6
CONTINUOUS
100
AcDbLine
 10
121.984462999999991
 20
-75.1228830000000016
 30
0
 11
122.0715919999999954
 21
-74.9924850000000021
 31
0
  0
LINE
  5
8B7
330
1B
100
AcDbEntity
  8
F.Cu
  6
CONTINUOUS
100
AcDbLine
 10
122.0715919999999954
 20
-74.9924850000000021
 30
0
 11
122.1824849999999998
 21
-74.8815919999999977
 31
0
  0
LINE
  5
8B8
330
1B
100
AcDbEntity
  8
F.Cu
  6
CONTINUOUS
100
AcDbLine
 10
122.1824849999999998
 20
-74.8815919999999977
 30
0
 11
122.3128829999999994
 21
-74.7944629999999933
 31
0
  0
LINE
  5
8B9
330
1B
100
AcDbEntity
  8
F.Cu
  6
CONTINUOUS
100
AcDbLine
 10
122.3128829999999994
 20
-74.7944629999999933
 30
0
 11
122.4577719999999914
 21
-74.7344480000000004
 31
0
  0
LINE
  5
8BA
330
1B
100
AcDbEntity
  8
F.Cu
  6
CONTINUOUS
100
AcDbLine
 10
122.4577719999999914
 20
-74.7344480000000004
 30
0
 11
122.6115859999999884
 21
-74.7038519999999977
 31
0
  0
LINE
  5
8BB
330
1B
100
AcDbEntity
  8
F.Cu
  6
CONTINUOUS
100
AcDbLine
 10
122.6115859999999884
 20
-74.7038519999999977
 30
0
 11
122.7684139999999928
 21
-74.7038519999999977
 31
0
  0
LINE
  5
8BC
330
1B
100
AcDbEntity
  8
F.Cu
  6
CONTINUOUS
100
AcDbLine
 10
122.7684139999999928
 20
-74.7038519999999977
 30
0
 11
122.9222279999999898
 21
-74.7344480000000004
 31
0
  0
LINE
  5
8BD
330
1B
100
AcDbEntity
  8
F.Cu
  6
CONTINUOUS
100
AcDbLine
 10
130.5422279999999944
 20
-74.7344480000000004
 30
0
 11
130.6871170000000006
 21
-74.7944629999999933
 31
0
  0
LINE
  5
8BE
330
1B
100
AcDbEntity
  8
F.Cu
  6
CONTINUOUS
100
AcDbLine
 10
130.6871170000000006
 20
-74.7944629999999933
 30
0
 11
130.817514999999986
 21
-74.8815919999999977
 31
0
  0
LINE
  5
8BF
330
1B
100
AcDbEntity
  8
F.Cu
  6
CONTINUOUS
100
AcDbLine
 10
130.817514999999986
 20
-74.8815919999999977
 30
0
 11
130.9284079999999904
 21
-74.9924850000000021
 31
0
  0
LINE
  5
8C0
330
1B
100
AcDbEntity
  8
F.Cu
  6
CONTINUOUS
100
AcDbLine
 10
130.9284079999999904
 20
-74.9924850000000021
 30
0
 11
131.0155369999999948
 21
-75.1228830000000016
 31
0
  0
LINE
  5
8C1
330
1B
100
AcDbEntity
  8
F.Cu
  6
CONTINUOUS
100
AcDbLine
 10
131.0155369999999948
 20
-75.1228830000000016
 30
0
 11
131.0755519999999876
 21
-75.2677719999999937
 31
0
  0
LINE
  5
8C2
330
1B
100
AcDbEntity
  8
F.Cu
  6
CONTINUOUS
100
AcDbLine
 10
131.0755519999999876
 20
-75.2677719999999937
 30
0
 11
131.1061479999999904
 21
-75.4215859999999907
 31
0
  0
LINE
  5
8C3
330
1B
100
AcDbEntity
  8
F.Cu
  6
CONTINUOUS
100
AcDbLine
 10
131.1061479999999904
 20
-75.4215859999999907
 30
0
 11
131.1061479999999904
 21
-75.5784139999999951
 31
0
  0
LINE
  5
8C4
330
1B
100
AcDbEntity
  8
F.Cu
  6
CONTINUOUS
100
AcDbLine
 10
131.1061479999999904
 20
-75.5784139999999951
 30
0
 11
131.0755519999999876
 21
-75.7322279999999921
 31
0
  0
LINE
  5
8C5
330
1B
100
AcDbEntity
  8
F.Cu
  6
CONTINUOUS
100
AcDbLine
 10
131.0755519999999876
 20
-75.7322279999999921
 30
0
 11
131.0155369999999948
 21
-75.8771169999999984
 31
0
  0
LINE
  5
8C6
330
1B
100
AcDbEntity
  8
F.Cu
  6
CONTINUOUS
100
AcDbLine
 10
131.0155369999999948
 20
-75.8771169999999984
 30
0
 11
130.9284079999999904
 21
-76.0075149999999979
 31
0
  0
LINE
  5
8C7
330
1B
100
AcDbEntity
  8
F.Cu
  6
CONTINUOUS
100
AcDbLine
 10
130.9284079999999904
 20
-76.0075149999999979
 30
0
 11
130.817514999999986
 21
-76.1184080000000023
 31
0
  0
LINE
  5
8C8
330
1B
100
AcDbEntity
  8
F.Cu
  6
CONTINUOUS
100
AcDbLine
 10
130.817514999999986
 20
-76.1184080000000023
 30
0
 11
130.6871170000000006
 21
-76.2055369999999925
 31
0
  0
LINE
  5
8C9
330
1B
100
AcDbEntity
  8
F.Cu
  6
CONTINUOUS
100
AcDbLine
 10
130.6871170000000006
 20
-76.2055369999999925
 30
0
 11
130.5422279999999944
 21
-76.2655519999999996
 31
0
  0
LINE
  5
8CA
330
1B
100
AcDbEntity
  8
F.Cu
  6
CONTINUOUS
100
AcDbLine
 10
130.5422279999999944
 20
-76.2655519999999996
 30
0
 11
130.3884139999999832
 21
-76.2961480000000023
 31
0
  0
LINE
  5
8CB
330
1B
100
AcDbEntity
  8
F.Cu
  6
CONTINUOUS
100
AcDbLine
 10
130.3884139999999832
 20
-76.2961480000000023
 30
0
 11
130.231585999999993
 21
-76.2961480000000023
 31
0
  0
LINE
  5
8CC
330
1B
100
AcDbEntity
  8
F.Cu
  6
CONTINUOUS
100
AcDbLine
 10
130.231585999999993
 20
-76.2961480000000023
 30
0
 11
130.0777719999999817
 21
-76.2655519999999996
 31
0
  0
LINE
  5
8CD
330
1B
100
AcDbEntity
  8
F.Cu
  6
CONTINUOUS
100
AcDbLine
 10
130.0777719999999817
 20
-76.2655519999999996
 30
0
 11
129.9328830000000039
 21
-76.2055369999999925
 31
0
  0
LINE
  5
8CE
330
1B
100
AcDbEntity
  8
F.Cu
  6
CONTINUOUS
100
AcDbLine
 10
129.9328830000000039
 20
-76.2055369999999925
 30
0
 11
129.8024849999999901
 21
-76.1184080000000023
 31
0
  0
LINE
  5
8CF
330
1B
100
AcDbEntity
  8
F.Cu
  6
CONTINUOUS
100
AcDbLine
 10
129.8024849999999901
 20
-76.1184080000000023
 30
0
 11
129.6915919999999858
 21
-76.0075149999999979
 31
0
  0
LINE
  5
8D0
330
1B
100
AcDbEntity
  8
F.Cu
  6
CONTINUOUS
100
AcDbLine
 10
129.6915919999999858
 20
-76.0075149999999979
 30
0
 11
129.6044629999999813
 21
-75.8771169999999984
 31
0
  0
LINE
  5
8D1
330
1B
100
AcDbEntity
  8
F.Cu
  6
CONTINUOUS
100
AcDbLine
 10
129.6044629999999813
 20
-75.8771169999999984
 30
0
 11
129.5444479999999885
 21
-75.7322279999999921
 31
0
  0
LINE
  5
8D2
330
1B
100
AcDbEntity
  8
F.Cu
  6
CONTINUOUS
100
AcDbLine
 10
129.5444479999999885
 20
-75.7322279999999921
 30
0
 11
129.5138519999999858
 21
-75.5784139999999951
 31
0
  0
LINE
  5
8D3
330
1B
100
AcDbEntity
  8
F.Cu
  6
CONTINUOUS
100
AcDbLine
 10
129.5138519999999858
 20
-75.5784139999999951
 30
0
 11
129.5138519999999858
 21
-75.4215859999999907
 31
0
  0
LINE
  5
8D4
330
1B
100
AcDbEntity
  8
F.Cu
  6
CONTINUOUS
100
AcDbLine
 10
129.5138519999999858
 20
-75.4215859999999907
 30
0
 11
129.5444479999999885
 21
-75.2677719999999937
 31
0
  0
LINE
  5
8D5
330
1B
100
AcDbEntity
  8
F.Cu
  6
CONTINUOUS
100
AcDbLine
 10
129.5444479999999885
 20
-75.2677719999999937
 30
0
 11
129.6044629999999813
 21
-75.1228830000000016
 31
0
  0
LINE
  5
8D6
330
1B
100
AcDbEntity
  8
F.Cu
  6
CONTINUOUS
100
AcDbLine
 10
129.6044629999999813
 20
-75.1228830000000016
 30
0
 11
129.6915919999999858
 21
-74.9924850000000021
 31
0
  0
LINE
  5
8D7
330
1B
100
AcDbEntity
  8
F.Cu
  6
CONTINUOUS
100
AcDbLine
 10
129.6915919999999858
 20
-74.9924850000000021
 30
0
 11
129.8024849999999901
 21
-74.8815919999999977
 31
0
  0
LINE
  5
8D8
330
1B
100
AcDbEntity
  8
F.Cu
  6
CONTINUOUS
100
AcDbLine
 10
129.8024849999999901
 20
-74.8815919999999977
 30
0
 11
129.9328830000000039
 21
-74.7944629999999933
 31
0
  0
LINE
  5
8D9
330
1B
100
AcDbEntity
  8
F.Cu
  6
CONTINUOUS
100
AcDbLine
 10
129.9328830000000039
 20
-74.7944629999999933
 30
0
 11
130.0777719999999817
 21
-74.7344480000000004
 31
0
  0
LINE
  5
8DA
330
1B
100
AcDbEntity
  8
F.Cu
  6
CONTINUOUS
100
AcDbLine
 10
130.0777719999999817
 20
-74.7344480000000004
 30
0
 11
130.231585999999993
 21
-74.7038519999999977
 31
0
  0
LINE
  5
8DB
330
1B
100
AcDbEntity
  8
F.Cu
  6
CONTINUOUS
100
AcDbLine
 10
130.231585999999993
 20
-74.7038519999999977
 30
0
 11
130.3884139999999832
 21
-74.7038519999999977
 31
0
  0
LINE
  5
8DC
330
1B
100
AcDbEntity
  8
F.Cu
  6
CONTINUOUS
100
AcDbLine
 10
130.3884139999999832
 20
-74.7038519999999977
 30
0
 11
130.5422279999999944
 21
-74.7344480000000004
 31
0
  0
LINE
  5
8DD
330
1B
100
AcDbEntity
  8
F.Cu
  6
CONTINUOUS
100
AcDbLine
 10
141.4222279999999898
 20
-72.2344480000000004
 30
0
 11
141.5671169999999961
 21
-72.2944629999999933
 31
0
  0
LINE
  5
8DE
330
1B
100
AcDbEntity
  8
F.Cu
  6
CONTINUOUS
100
AcDbLine
 10
141.5671169999999961
 20
-72.2944629999999933
 30
0
 11
141.6975149999999815
 21
-72.3815919999999977
 31
0
  0
LINE
  5
8DF
330
1B
100
AcDbEntity
  8
F.Cu
  6
CONTINUOUS
100
AcDbLine
 10
141.6975149999999815
 20
-72.3815919999999977
 30
0
 11
141.8084079999999858
 21
-72.4924850000000021
 31
0
  0
LINE
  5
8E0
330
1B
100
AcDbEntity
  8
F.Cu
  6
CONTINUOUS
100
AcDbLine
 10
141.8084079999999858
 20
-72.4924850000000021
 30
0
 11
141.8955369999999903
 21
-72.6228830000000016
 31
0
  0
LINE
  5
8E1
330
1B
100
AcDbEntity
  8
F.Cu
  6
CONTINUOUS
100
AcDbLine
 10
141.8955369999999903
 20
-72.6228830000000016
 30
0
 11
141.9555519999999831
 21
-72.7677719999999937
 31
0
  0
LINE
  5
8E2
330
1B
100
AcDbEntity
  8
F.Cu
  6
CONTINUOUS
100
AcDbLine
 10
141.9555519999999831
 20
-72.7677719999999937
 30
0
 11
141.9861479999999858
 21
-72.9215859999999907
 31
0
  0
LINE
  5
8E3
330
1B
100
AcDbEntity
  8
F.Cu
  6
CONTINUOUS
100
AcDbLine
 10
141.9861479999999858
 20
-72.9215859999999907
 30
0
 11
141.9861479999999858
 21
-73.0784139999999951
 31
0
  0
LINE
  5
8E4
330
1B
100
AcDbEntity
  8
F.Cu
  6
CONTINUOUS
100
AcDbLine
 10
141.9861479999999858
 20
-73.0784139999999951
 30
0
 11
141.9555519999999831
 21
-73.2322279999999921
 31
0
  0
LINE
  5
8E5
330
1B
100
AcDbEntity
  8
F.Cu
  6
CONTINUOUS
100
AcDbLine
 10
141.9555519999999831
 20
-73.2322279999999921
 30
0
 11
141.8955369999999903
 21
-73.3771169999999984
 31
0
  0
LINE
  5
8E6
330
1B
100
AcDbEntity
  8
F.Cu
  6
CONTINUOUS
100
AcDbLine
 10
141.8955369999999903
 20
-73.3771169999999984
 30
0
 11
141.8084079999999858
 21
-73.5075149999999979
 31
0
  0
LINE
  5
8E7
330
1B
100
AcDbEntity
  8
F.Cu
  6
CONTINUOUS
100
AcDbLine
 10
141.8084079999999858
 20
-73.5075149999999979
 30
0
 11
141.6975149999999815
 21
-73.6184080000000023
 31
0
  0
LINE
  5
8E8
330
1B
100
AcDbEntity
  8
F.Cu
  6
CONTINUOUS
100
AcDbLine
 10
141.6975149999999815
 20
-73.6184080000000023
 30
0
 11
141.5671169999999961
 21
-73.7055369999999925
 31
0
  0
LINE
  5
8E9
330
1B
100
AcDbEntity
  8
F.Cu
  6
CONTINUOUS
100
AcDbLine
 10
141.5671169999999961
 20
-73.7055369999999925
 30
0
 11
141.4222279999999898
 21
-73.7655519999999996
 31
0
  0
LINE
  5
8EA
330
1B
100
AcDbEntity
  8
F.Cu
  6
CONTINUOUS
100
AcDbLine
 10
141.4222279999999898
 20
-73.7655519999999996
 30
0
 11
141.268414000000007
 21
-73.7961480000000023
 31
0
  0
LINE
  5
8EB
330
1B
100
AcDbEntity
  8
F.Cu
  6
CONTINUOUS
100
AcDbLine
 10
141.268414000000007
 20
-73.7961480000000023
 30
0
 11
141.1115859999999884
 21
-73.7961480000000023
 31
0
  0
LINE
  5
8EC
330
1B
100
AcDbEntity
  8
F.Cu
  6
CONTINUOUS
100
AcDbLine
 10
141.1115859999999884
 20
-73.7961480000000023
 30
0
 11
140.9577720000000056
 21
-73.7655519999999996
 31
0
  0
LINE
  5
8ED
330
1B
100
AcDbEntity
  8
F.Cu
  6
CONTINUOUS
100
AcDbLine
 10
140.9577720000000056
 20
-73.7655519999999996
 30
0
 11
140.8128829999999994
 21
-73.7055369999999925
 31
0
  0
LINE
  5
8EE
330
1B
100
AcDbEntity
  8
F.Cu
  6
CONTINUOUS
100
AcDbLine
 10
140.8128829999999994
 20
-73.7055369999999925
 30
0
 11
140.6824849999999856
 21
-73.6184080000000023
 31
0
  0
LINE
  5
8EF
330
1B
100
AcDbEntity
  8
F.Cu
  6
CONTINUOUS
100
AcDbLine
 10
140.6824849999999856
 20
-73.6184080000000023
 30
0
 11
140.5715919999999812
 21
-73.5075149999999979
 31
0
  0
LINE
  5
8F0
330
1B
100
AcDbEntity
  8
F.Cu
  6
CONTINUOUS
100
AcDbLine
 10
140.5715919999999812
 20
-73.5075149999999979
 30
0
 11
140.4844630000000052
 21
-73.3771169999999984
 31
0
  0
LINE
  5
8F1
330
1B
100
AcDbEntity
  8
F.Cu
  6
CONTINUOUS
100
AcDbLine
 10
140.4844630000000052
 20
-73.3771169999999984
 30
0
 11
140.4244479999999839
 21
-73.2322279999999921
 31
0
  0
LINE
  5
8F2
330
1B
100
AcDbEntity
  8
F.Cu
  6
CONTINUOUS
100
AcDbLine
 10
140.4244479999999839
 20
-73.2322279999999921
 30
0
 11
140.3938519999999812
 21
-73.0784139999999951
 31
0
  0
LINE
  5
8F3
330
1B
100
AcDbEntity
  8
F.Cu
  6
CONTINUOUS
100
AcDbLine
 10
140.3938519999999812
 20
-73.0784139999999951
 30
0
 11
140.3938519999999812
 21
-72.9215859999999907
 31
0
  0
LINE
  5
8F4
330
1B
100
AcDbEntity
  8
F.Cu
  6
CONTINUOUS
100
AcDbLine
 10
140.3938519999999812
 20
-72.9215859999999907
 30
0
 11
140.4244479999999839
 21
-72.7677719999999937
 31
0
  0
LINE
  5
8F5
330
1B
100
AcDbEntity
  8
F.Cu
  6
CONTINUOUS
100
AcDbLine
 10
140.4244479999999839
 20
-72.7677719999999937
 30
0
 11
140.4844630000000052
 21
-72.6228830000000016
 31
0
  0
LINE
  5
8F6
330
1B
100
AcDbEntity
  8
F.Cu
  6
CONTINUOUS
100
AcDbLine
 10
140.4844630000000052
 20
-72.6228830000000016
 30
0
 11
140.5715919999999812
 21
-72.4924850000000021
 31
0
  0
LINE
  5
8F7
330
1B
100
AcDbEntity
  8
F.Cu
  6
CONTINUOUS
100
AcDbLine
 10
140.5715919999999812
 20
-72.4924850000000021
 30
0
 11
140.6824849999999856
 21
-72.3815919999999977
 31
0
  0
LINE
  5
8F8
330
1B
100
AcDbEntity
  8
F.Cu
  6
CONTINUOUS
100
AcDbLine
 10
140.6824849999999856
 20
-72.3815919999999977
 30
0
 11
140.8128829999999994
 21
-72.2944629999999933
 31
0
  0
LINE
  5
8F9
330
1B
100
AcDbEntity
  8
F.Cu
  6
CONTINUOUS
100
AcDbLine
 10
140.8128829999999994
 20
-72.2944629999999933
 30
0
 11
140.9577720000000056
 21
-72.2344480000000004
 31
0
  0
LINE
  5
8FA
330
1B
100
AcDbEntity
  8
F.Cu
  6
CONTINUOUS
100
AcDbLine
 10
140.9577720000000056
 20
-72.2344480000000004
 30
0
 11
141.1115859999999884
 21
-72.2038519999999977
 31
0
  0
LINE
  5
8FB
330
1B
100
AcDbEntity
  8
F.Cu
  6
CONTINUOUS
100
AcDbLine
 10
141.1115859999999884
 20
-72.2038519999999977
 30
0
 11
141.268414000000007
 21
-72.2038519999999977
 31
0
  0
LINE
  5
8FC
330
1B
100
AcDbEntity
  8
F.Cu
  6
CONTINUOUS
100
AcDbLine
 10
141.268414000000007
 20
-72.2038519999999977
 30
0
 11
141.4222279999999898
 21
-72.2344480000000004
 31
0
  0
LINE
  5
8FD
330
1B
100
AcDbEntity
  8
F.Cu
  6
CONTINUOUS
100
AcDbLine
 10
149.0422279999999944
 20
-72.2344480000000004
 30
0
 11
149.1871170000000006
 21
-72.2944629999999933
 31
0
  0
LINE
  5
8FE
330
1B
100
AcDbEntity
  8
F.Cu
  6
CONTINUOUS
100
AcDbLine
 10
149.1871170000000006
 20
-72.2944629999999933
 30
0
 11
149.317514999999986
 21
-72.3815919999999977
 31
0
  0
LINE
  5
8FF
330
1B
100
AcDbEntity
  8
F.Cu
  6
CONTINUOUS
100
AcDbLine
 10
149.317514999999986
 20
-72.3815919999999977
 30
0
 11
149.4284079999999904
 21
-72.4924850000000021
 31
0
  0
LINE
  5
900
330
1B
100
AcDbEntity
  8
F.Cu
  6
CONTINUOUS
100
AcDbLine
 10
149.4284079999999904
 20
-72.4924850000000021
 30
0
 11
149.5155369999999948
 21
-72.6228830000000016
 31
0
  0
LINE
  5
901
330
1B
100
AcDbEntity
  8
F.Cu
  6
CONTINUOUS
100
AcDbLine
 10
149.5155369999999948
 20
-72.6228830000000016
 30
0
 11
149.5755519999999876
 21
-72.7677719999999937
 31
0
  0
LINE
  5
902
330
1B
100
AcDbEntity
  8
F.Cu
  6
CONTINUOUS
100
AcDbLine
 10
149.5755519999999876
 20
-72.7677719999999937
 30
0
 11
149.6061479999999904
 21
-72.9215859999999907
 31
0
  0
LINE
  5
903
330
1B
100
AcDbEntity
  8
F.Cu
  6
CONTINUOUS
100
AcDbLine
 10
149.6061479999999904
 20
-72.9215859999999907
 30
0
 11
149.6061479999999904
 21
-73.0784139999999951
 31
0
  0
LINE
  5
904
330
1B
100
AcDbEntity
  8
F.Cu
  6
CONTINUOUS
100
AcDbLine
 10
149.6061479999999904
 20
-73.0784139999999951
 30
0
 11
149.5755519999999876
 21
-73.2322279999999921
 31
0
  0
LINE
  5
905
330
1B
100
AcDbEntity
  8
F.Cu
  6
CONTINUOUS
100
AcDbLine
 10
149.5755519999999876
 20
-73.2322279999999921
 30
0
 11
149.5155369999999948
 21
-73.3771169999999984
 31
0
  0
LINE
  5
906
330
1B
100
AcDbEntity
  8
F.Cu
  6
CONTINUOUS
100
AcDbLine
 10
149.5155369999999948
 20
-73.3771169999999984
 30
0
 11
149.4284079999999904
 21
-73.5075149999999979
 31
0
  0
LINE
  5
907
330
1B
100
AcDbEntity
  8
F.Cu
  6
CONTINUOUS
100
AcDbLine
 10
149.4284079999999904
 20
-73.5075149999999979
 30
0
 11
149.317514999999986
 21
-73.6184080000000023
 31
0
  0
LINE
  5
908
330
1B
100
AcDbEntity
  8
F.Cu
  6
CONTINUOUS
100
AcDbLine
 10
149.317514999999986
 20
-73.6184080000000023
 30
0
 11
149.1871170000000006
 21
-73.7055369999999925
 31
0
  0
LINE
  5
909
330
1B
100
AcDbEntity
  8
F.Cu
  6
CONTINUOUS
100
AcDbLine
 10
149.1871170000000006
 20
-73.7055369999999925
 30
0
 11
149.0422279999999944
 21
-73.7655519999999996
 31
0
  0
LINE
  5
90A
330
1B
100
AcDbEntity
  8
F.Cu
  6
CONTINUOUS
100
AcDbLine
 10
149.0422279999999944
 20
-73.7655519999999996
 30
0
 11
148.8884139999999832
 21
-73.7961480000000023
 31
0
  0
LINE
  5
90B
330
1B
100
AcDbEntity
  8
F.Cu
  6
CONTINUOUS
100
AcDbLine
 10
148.8884139999999832
 20
-73.7961480000000023
 30
0
 11
148.731585999999993
 21
-73.7961480000000023
 31
0
  0
LINE
  5
90C
330
1B
100
AcDbEntity
  8
F.Cu
  6
CONTINUOUS
100
AcDbLine
 10
148.731585999999993
 20
-73.7961480000000023
 30
0
 11
148.5777719999999817
 21
-73.7655519999999996
 31
0
  0
LINE
  5
90D
330
1B
100
AcDbEntity
  8
F.Cu
  6
CONTINUOUS
100
AcDbLine
 10
148.5777719999999817
 20
-73.7655519999999996
 30
0
 11
148.4328830000000039
 21
-73.7055369999999925
 31
0
  0
LINE
  5
90E
330
1B
100
AcDbEntity
  8
F.Cu
  6
CONTINUOUS
100
AcDbLine
 10
148.4328830000000039
 20
-73.7055369999999925
 30
0
 11
148.3024849999999901
 21
-73.6184080000000023
 31
0
  0
LINE
  5
90F
330
1B
100
AcDbEntity
  8
F.Cu
  6
CONTINUOUS
100
AcDbLine
 10
148.3024849999999901
 20
-73.6184080000000023
 30
0
 11
148.1915919999999858
 21
-73.5075149999999979
 31
0
  0
LINE
  5
910
330
1B
100
AcDbEntity
  8
F.Cu
  6
CONTINUOUS
100
AcDbLine
 10
148.1915919999999858
 20
-73.5075149999999979
 30
0
 11
148.1044629999999813
 21
-73.3771169999999984
 31
0
  0
LINE
  5
911
330
1B
100
AcDbEntity
  8
F.Cu
  6
CONTINUOUS
100
AcDbLine
 10
148.1044629999999813
 20
-73.3771169999999984
 30
0
 11
148.0444479999999885
 21
-73.2322279999999921
 31
0
  0
LINE
  5
912
330
1B
100
AcDbEntity
  8
F.Cu
  6
CONTINUOUS
100
AcDbLine
 10
148.0444479999999885
 20
-73.2322279999999921
 30
0
 11
148.0138519999999858
 21
-73.0784139999999951
 31
0
  0
LINE
  5
913
330
1B
100
AcDbEntity
  8
F.Cu
  6
CONTINUOUS
100
AcDbLine
 10
148.0138519999999858
 20
-73.0784139999999951
 30
0
 11
148.0138519999999858
 21
-72.9215859999999907
 31
0
  0
LINE
  5
914
330
1B
100
AcDbEntity
  8
F.Cu
  6
CONTINUOUS
100
AcDbLine
 10
148.0138519999999858
 20
-72.9215859999999907
 30
0
 11
148.0444479999999885
 21
-72.7677719999999937
 31
0
  0
LINE
  5
915
330
1B
100
AcDbEntity
  8
F.Cu
  6
CONTINUOUS
100
AcDbLine
 10
148.0444479999999885
 20
-72.7677719999999937
 30
0
 11
148.1044629999999813
 21
-72.6228830000000016
 31
0
  0
LINE
  5
916
330
1B
100
AcDbEntity
  8
F.Cu
  6
CONTINUOUS
100
AcDbLine
 10
148.1044629999999813
 20
-72.6228830000000016
 30
0
 11
148.1915919999999858
 21
-72.4924850000000021
 31
0
  0
LINE
  5
917
330
1B
100
AcDbEntity
  8
F.Cu
  6
CONTINUOUS
100
AcDbLine
 10
148.1915919999999858
 20
-72.4924850000000021
 30
0
 11
148.3024849999999901
 21
-72.3815919999999977
 31
0
  0
LINE
  5
918
330
1B
100
AcDbEntity
  8
F.Cu
  6
CONTINUOUS
100
AcDbLine
 10
148.3024849999999901
 20
-72.3815919999999977
 30
0
 11
148.4328830000000039
 21
-72.2944629999999933
 31
0
  0
LINE
  5
919
330
1B
100
AcDbEntity
  8
F.Cu
  6
CONTINUOUS
100
AcDbLine
 10
148.4328830000000039
 20
-72.2944629999999933
 30
0
 11
148.5777719999999817
 21
-72.2344480000000004
 31
0
  0
LINE
  5
91A
330
1B
100
AcDbEntity
  8
F.Cu
  6
CONTINUOUS
100
AcDbLine
 10
148.5777719999999817
 20
-72.2344480000000004
 30
0
 11
148.731585999999993
 21
-72.2038519999999977
 31
0
  0
LINE
  5
91B
330
1B
100
AcDbEntity
  8
F.Cu
  6
CONTINUOUS
100
AcDbLine
 10
148.731585999999993
 20
-72.2038519999999977
 30
0
 11
148.8884139999999832
 21
-72.2038519999999977
 31
0
  0
LINE
  5
91C
330
1B
100
AcDbEntity
  8
F.Cu
  6
CONTINUOUS
100
AcDbLine
 10
148.8884139999999832
 20
-72.2038519999999977
 30
0
 11
149.0422279999999944
 21
-72.2344480000000004
 31
0
  0
LINE
  5
91D
330
1B
100
AcDbEntity
  8
F.Cu
  6
CONTINUOUS
100
AcDbLine
 10
103.7801339999999897
 20
-70.8331560000000025
 30
0
 11
103.959220000000002
 21
-70.8913450000000012
 31
0
  0
LINE
  5
91E
330
1B
100
AcDbEntity
  8
F.Cu
  6
CONTINUOUS
100
AcDbLine
 10
103.959220000000002
 20
-70.8913450000000012
 30
0
 11
104.1269980000000004
 21
-70.9768320000000017
 31
0
  0
LINE
  5
91F
330
1B
100
AcDbEntity
  8
F.Cu
  6
CONTINUOUS
100
AcDbLine
 10
104.1269980000000004
 20
-70.9768320000000017
 30
0
 11
104.2793379999999956
 21
-71.0875130000000013
 31
0
  0
LINE
  5
920
330
1B
100
AcDbEntity
  8
F.Cu
  6
CONTINUOUS
100
AcDbLine
 10
104.2793379999999956
 20
-71.0875130000000013
 30
0
 11
104.4124869999999987
 21
-71.2206619999999901
 31
0
  0
LINE
  5
921
330
1B
100
AcDbEntity
  8
F.Cu
  6
CONTINUOUS
100
AcDbLine
 10
104.4124869999999987
 20
-71.2206619999999901
 30
0
 11
104.5231679999999983
 21
-71.3730019999999996
 31
0
  0
LINE
  5
922
330
1B
100
AcDbEntity
  8
F.Cu
  6
CONTINUOUS
100
AcDbLine
 10
104.5231679999999983
 20
-71.3730019999999996
 30
0
 11
104.6086549999999988
 21
-71.540779999999998
 31
0
  0
LINE
  5
923
330
1B
100
AcDbEntity
  8
F.Cu
  6
CONTINUOUS
100
AcDbLine
 10
104.6086549999999988
 20
-71.540779999999998
 30
0
 11
104.6668439999999975
 21
-71.7198659999999961
 31
0
  0
LINE
  5
924
330
1B
100
AcDbEntity
  8
F.Cu
  6
CONTINUOUS
100
AcDbLine
 10
104.6668439999999975
 20
-71.7198659999999961
 30
0
 11
104.6963009999999912
 21
-71.9058490000000035
 31
0
  0
LINE
  5
925
330
1B
100
AcDbEntity
  8
F.Cu
  6
CONTINUOUS
100
AcDbLine
 10
104.6963009999999912
 20
-71.9058490000000035
 30
0
 11
104.6963009999999912
 21
-72.0941509999999965
 31
0
  0
LINE
  5
926
330
1B
100
AcDbEntity
  8
F.Cu
  6
CONTINUOUS
100
AcDbLine
 10
104.6963009999999912
 20
-72.0941509999999965
 30
0
 11
104.6668439999999975
 21
-72.2801339999999897
 31
0
  0
LINE
  5
927
330
1B
100
AcDbEntity
  8
F.Cu
  6
CONTINUOUS
100
AcDbLine
 10
104.6668439999999975
 20
-72.2801339999999897
 30
0
 11
104.6086549999999988
 21
-72.459220000000002
 31
0
  0
LINE
  5
928
330
1B
100
AcDbEntity
  8
F.Cu
  6
CONTINUOUS
100
AcDbLine
 10
104.6086549999999988
 20
-72.459220000000002
 30
0
 11
104.5231679999999983
 21
-72.6269980000000004
 31
0
  0
LINE
  5
929
330
1B
100
AcDbEntity
  8
F.Cu
  6
CONTINUOUS
100
AcDbLine
 10
104.5231679999999983
 20
-72.6269980000000004
 30
0
 11
104.4124869999999987
 21
-72.7793379999999956
 31
0
  0
LINE
  5
92A
330
1B
100
AcDbEntity
  8
F.Cu
  6
CONTINUOUS
100
AcDbLine
 10
104.4124869999999987
 20
-72.7793379999999956
 30
0
 11
104.2793379999999956
 21
-72.9124869999999987
 31
0
  0
LINE
  5
92B
330
1B
100
AcDbEntity
  8
F.Cu
  6
CONTINUOUS
100
AcDbLine
 10
104.2793379999999956
 20
-72.9124869999999987
 30
0
 11
104.1269980000000004
 21
-73.0231679999999983
 31
0
  0
LINE
  5
92C
330
1B
100
AcDbEntity
  8
F.Cu
  6
CONTINUOUS
100
AcDbLine
 10
104.1269980000000004
 20
-73.0231679999999983
 30
0
 11
103.959220000000002
 21
-73.1086549999999988
 31
0
  0
LINE
  5
92D
330
1B
100
AcDbEntity
  8
F.Cu
  6
CONTINUOUS
100
AcDbLine
 10
103.959220000000002
 20
-73.1086549999999988
 30
0
 11
103.7801339999999897
 21
-73.1668439999999975
 31
0
  0
LINE
  5
92E
330
1B
100
AcDbEntity
  8
F.Cu
  6
CONTINUOUS
100
AcDbLine
 10
103.7801339999999897
 20
-73.1668439999999975
 30
0
 11
103.5941509999999965
 21
-73.1963009999999912
 31
0
  0
LINE
  5
92F
330
1B
100
AcDbEntity
  8
F.Cu
  6
CONTINUOUS
100
AcDbLine
 10
103.5941509999999965
 20
-73.1963009999999912
 30
0
 11
103.4058489999999892
 21
-73.1963009999999912
 31
0
  0
LINE
  5
930
330
1B
100
AcDbEntity
  8
F.Cu
  6
CONTINUOUS
100
AcDbLine
 10
103.4058489999999892
 20
-73.1963009999999912
 30
0
 11
103.2198659999999961
 21
-73.1668439999999975
 31
0
  0
LINE
  5
931
330
1B
100
AcDbEntity
  8
F.Cu
  6
CONTINUOUS
100
AcDbLine
 10
103.2198659999999961
 20
-73.1668439999999975
 30
0
 11
103.040779999999998
 21
-73.1086549999999988
 31
0
  0
LINE
  5
932
330
1B
100
AcDbEntity
  8
F.Cu
  6
CONTINUOUS
100
AcDbLine
 10
103.040779999999998
 20
-73.1086549999999988
 30
0
 11
102.8730019999999996
 21
-73.0231679999999983
 31
0
  0
LINE
  5
933
330
1B
100
AcDbEntity
  8
F.Cu
  6
CONTINUOUS
100
AcDbLine
 10
102.8730019999999996
 20
-73.0231679999999983
 30
0
 11
102.7206619999999901
 21
-72.9124869999999987
 31
0
  0
LINE
  5
934
330
1B
100
AcDbEntity
  8
F.Cu
  6
CONTINUOUS
100
AcDbLine
 10
102.7206619999999901
 20
-72.9124869999999987
 30
0
 11
102.5875130000000013
 21
-72.7793379999999956
 31
0
  0
LINE
  5
935
330
1B
100
AcDbEntity
  8
F.Cu
  6
CONTINUOUS
100
AcDbLine
 10
102.5875130000000013
 20
-72.7793379999999956
 30
0
 11
102.4768320000000017
 21
-72.6269980000000004
 31
0
  0
LINE
  5
936
330
1B
100
AcDbEntity
  8
F.Cu
  6
CONTINUOUS
100
AcDbLine
 10
102.4768320000000017
 20
-72.6269980000000004
 30
0
 11
102.3913450000000012
 21
-72.459220000000002
 31
0
  0
LINE
  5
937
330
1B
100
AcDbEntity
  8
F.Cu
  6
CONTINUOUS
100
AcDbLine
 10
102.3913450000000012
 20
-72.459220000000002
 30
0
 11
102.3331560000000025
 21
-72.2801339999999897
 31
0
  0
LINE
  5
938
330
1B
100
AcDbEntity
  8
F.Cu
  6
CONTINUOUS
100
AcDbLine
 10
102.3331560000000025
 20
-72.2801339999999897
 30
0
 11
102.3036989999999946
 21
-72.0941509999999965
 31
0
  0
LINE
  5
939
330
1B
100
AcDbEntity
  8
F.Cu
  6
CONTINUOUS
100
AcDbLine
 10
102.3036989999999946
 20
-72.0941509999999965
 30
0
 11
102.3036989999999946
 21
-71.9058490000000035
 31
0
  0
LINE
  5
93A
330
1B
100
AcDbEntity
  8
F.Cu
  6
CONTINUOUS
100
AcDbLine
 10
102.3036989999999946
 20
-71.9058490000000035
 30
0
 11
102.3331560000000025
 21
-71.7198659999999961
 31
0
  0
LINE
  5
93B
330
1B
100
AcDbEntity
  8
F.Cu
  6
CONTINUOUS
100
AcDbLine
 10
102.3331560000000025
 20
-71.7198659999999961
 30
0
 11
102.3913450000000012
 21
-71.540779999999998
 31
0
  0
LINE
  5
93C
330
1B
100
AcDbEntity
  8
F.Cu
  6
CONTINUOUS
100
AcDbLine
 10
102.3913450000000012
 20
-71.540779999999998
 30
0
 11
102.4768320000000017
 21
-71.3730019999999996
 31
0
  0
LINE
  5
93D
330
1B
100
AcDbEntity
  8
F.Cu
  6
CONTINUOUS
100
AcDbLine
 10
102.4768320000000017
 20
-71.3730019999999996
 30
0
 11
102.5875130000000013
 21
-71.2206619999999901
 31
0
  0
LINE
  5
93E
330
1B
100
AcDbEntity
  8
F.Cu
  6
CONTINUOUS
100
AcDbLine
 10
102.5875130000000013
 20
-71.2206619999999901
 30
0
 11
102.7206619999999901
 21
-71.0875130000000013
 31
0
  0
LINE
  5
93F
330
1B
100
AcDbEntity
  8
F.Cu
  6
CONTINUOUS
100
AcDbLine
 10
102.7206619999999901
 20
-71.0875130000000013
 30
0
 11
102.8730019999999996
 21
-70.9768320000000017
 31
0
  0
LINE
  5
940
330
1B
100
AcDbEntity
  8
F.Cu
  6
CONTINUOUS
100
AcDbLine
 10
102.8730019999999996
 20
-70.9768320000000017
 30
0
 11
103.040779999999998
 21
-70.8913450000000012
 31
0
  0
LINE
  5
941
330
1B
100
AcDbEntity
  8
F.Cu
  6
CONTINUOUS
100
AcDbLine
 10
103.040779999999998
 20
-70.8913450000000012
 30
0
 11
103.2198659999999961
 21
-70.8331560000000025
 31
0
  0
LINE
  5
942
330
1B
100
AcDbEntity
  8
F.Cu
  6
CONTINUOUS
100
AcDbLine
 10
103.2198659999999961
 20
-70.8331560000000025
 30
0
 11
103.4058489999999892
 21
-70.8036989999999946
 31
0
  0
LINE
  5
943
330
1B
100
AcDbEntity
  8
F.Cu
  6
CONTINUOUS
100
AcDbLine
 10
103.4058489999999892
 20
-70.8036989999999946
 30
0
 11
103.5941509999999965
 21
-70.8036989999999946
 31
0
  0
LINE
  5
944
330
1B
100
AcDbEntity
  8
F.Cu
  6
CONTINUOUS
100
AcDbLine
 10
103.5941509999999965
 20
-70.8036989999999946
 30
0
 11
103.7801339999999897
 21
-70.8331560000000025
 31
0
  0
LINE
  5
945
330
1B
100
AcDbEntity
  8
F.Cu
  6
CONTINUOUS
100
AcDbLine
 10
112.7322279999999921
 20
-70.0444480000000027
 30
0
 11
112.8771169999999984
 21
-70.1044629999999955
 31
0
  0
LINE
  5
946
330
1B
100
AcDbEntity
  8
F.Cu
  6
CONTINUOUS
100
AcDbLine
 10
112.8771169999999984
 20
-70.1044629999999955
 30
0
 11
113.0075149999999979
 21
-70.191592
 31
0
  0
LINE
  5
947
330
1B
100
AcDbEntity
  8
F.Cu
  6
CONTINUOUS
100
AcDbLine
 10
113.0075149999999979
 20
-70.191592
 30
0
 11
113.1184079999999881
 21
-70.3024849999999901
 31
0
  0
LINE
  5
948
330
1B
100
AcDbEntity
  8
F.Cu
  6
CONTINUOUS
100
AcDbLine
 10
113.1184079999999881
 20
-70.3024849999999901
 30
0
 11
113.2055369999999925
 21
-70.4328830000000039
 31
0
  0
LINE
  5
949
330
1B
100
AcDbEntity
  8
F.Cu
  6
CONTINUOUS
100
AcDbLine
 10
113.2055369999999925
 20
-70.4328830000000039
 30
0
 11
113.2655519999999996
 21
-70.577771999999996
 31
0
  0
LINE
  5
94A
330
1B
100
AcDbEntity
  8
F.Cu
  6
CONTINUOUS
100
AcDbLine
 10
113.2655519999999996
 20
-70.577771999999996
 30
0
 11
113.2961479999999881
 21
-70.731585999999993
 31
0
  0
LINE
  5
94B
330
1B
100
AcDbEntity
  8
F.Cu
  6
CONTINUOUS
100
AcDbLine
 10
113.2961479999999881
 20
-70.731585999999993
 30
0
 11
113.2961479999999881
 21
-70.8884139999999974
 31
0
  0
LINE
  5
94C
330
1B
100
AcDbEntity
  8
F.Cu
  6
CONTINUOUS
100
AcDbLine
 10
113.2961479999999881
 20
-70.8884139999999974
 30
0
 11
113.2655519999999996
 21
-71.0422279999999944
 31
0
  0
LINE
  5
94D
330
1B
100
AcDbEntity
  8
F.Cu
  6
CONTINUOUS
100
AcDbLine
 10
113.2655519999999996
 20
-71.0422279999999944
 30
0
 11
113.2055369999999925
 21
-71.1871170000000006
 31
0
  0
LINE
  5
94E
330
1B
100
AcDbEntity
  8
F.Cu
  6
CONTINUOUS
100
AcDbLine
 10
113.2055369999999925
 20
-71.1871170000000006
 30
0
 11
113.1184079999999881
 21
-71.3175150000000002
 31
0
  0
LINE
  5
94F
330
1B
100
AcDbEntity
  8
F.Cu
  6
CONTINUOUS
100
AcDbLine
 10
113.1184079999999881
 20
-71.3175150000000002
 30
0
 11
113.0075149999999979
 21
-71.4284079999999904
 31
0
  0
LINE
  5
950
330
1B
100
AcDbEntity
  8
F.Cu
  6
CONTINUOUS
100
AcDbLine
 10
113.0075149999999979
 20
-71.4284079999999904
 30
0
 11
112.8771169999999984
 21
-71.5155369999999948
 31
0
  0
LINE
  5
951
330
1B
100
AcDbEntity
  8
F.Cu
  6
CONTINUOUS
100
AcDbLine
 10
112.8771169999999984
 20
-71.5155369999999948
 30
0
 11
112.7322279999999921
 21
-71.5755520000000018
 31
0
  0
LINE
  5
952
330
1B
100
AcDbEntity
  8
F.Cu
  6
CONTINUOUS
100
AcDbLine
 10
112.7322279999999921
 20
-71.5755520000000018
 30
0
 11
112.5784139999999951
 21
-71.6061479999999904
 31
0
  0
LINE
  5
953
330
1B
100
AcDbEntity
  8
F.Cu
  6
CONTINUOUS
100
AcDbLine
 10
112.5784139999999951
 20
-71.6061479999999904
 30
0
 11
112.4215859999999907
 21
-71.6061479999999904
 31
0
  0
LINE
  5
954
330
1B
100
AcDbEntity
  8
F.Cu
  6
CONTINUOUS
100
AcDbLine
 10
112.4215859999999907
 20
-71.6061479999999904
 30
0
 11
112.2677719999999937
 21
-71.5755520000000018
 31
0
  0
LINE
  5
955
330
1B
100
AcDbEntity
  8
F.Cu
  6
CONTINUOUS
100
AcDbLine
 10
112.2677719999999937
 20
-71.5755520000000018
 30
0
 11
112.1228830000000016
 21
-71.5155369999999948
 31
0
  0
LINE
  5
956
330
1B
100
AcDbEntity
  8
F.Cu
  6
CONTINUOUS
100
AcDbLine
 10
112.1228830000000016
 20
-71.5155369999999948
 30
0
 11
111.9924849999999878
 21
-71.4284079999999904
 31
0
  0
LINE
  5
957
330
1B
100
AcDbEntity
  8
F.Cu
  6
CONTINUOUS
100
AcDbLine
 10
111.9924849999999878
 20
-71.4284079999999904
 30
0
 11
111.8815919999999977
 21
-71.3175150000000002
 31
0
  0
LINE
  5
958
330
1B
100
AcDbEntity
  8
F.Cu
  6
CONTINUOUS
100
AcDbLine
 10
111.8815919999999977
 20
-71.3175150000000002
 30
0
 11
111.7944629999999933
 21
-71.1871170000000006
 31
0
  0
LINE
  5
959
330
1B
100
AcDbEntity
  8
F.Cu
  6
CONTINUOUS
100
AcDbLine
 10
111.7944629999999933
 20
-71.1871170000000006
 30
0
 11
111.7344480000000004
 21
-71.0422279999999944
 31
0
  0
LINE
  5
95A
330
1B
100
AcDbEntity
  8
F.Cu
  6
CONTINUOUS
100
AcDbLine
 10
111.7344480000000004
 20
-71.0422279999999944
 30
0
 11
111.7038519999999977
 21
-70.8884139999999974
 31
0
  0
LINE
  5
95B
330
1B
100
AcDbEntity
  8
F.Cu
  6
CONTINUOUS
100
AcDbLine
 10
111.7038519999999977
 20
-70.8884139999999974
 30
0
 11
111.7038519999999977
 21
-70.731585999999993
 31
0
  0
LINE
  5
95C
330
1B
100
AcDbEntity
  8
F.Cu
  6
CONTINUOUS
100
AcDbLine
 10
111.7038519999999977
 20
-70.731585999999993
 30
0
 11
111.7344480000000004
 21
-70.577771999999996
 31
0
  0
LINE
  5
95D
330
1B
100
AcDbEntity
  8
F.Cu
  6
CONTINUOUS
100
AcDbLine
 10
111.7344480000000004
 20
-70.577771999999996
 30
0
 11
111.7944629999999933
 21
-70.4328830000000039
 31
0
  0
LINE
  5
95E
330
1B
100
AcDbEntity
  8
F.Cu
  6
CONTINUOUS
100
AcDbLine
 10
111.7944629999999933
 20
-70.4328830000000039
 30
0
 11
111.8815919999999977
 21
-70.3024849999999901
 31
0
  0
LINE
  5
95F
330
1B
100
AcDbEntity
  8
F.Cu
  6
CONTINUOUS
100
AcDbLine
 10
111.8815919999999977
 20
-70.3024849999999901
 30
0
 11
111.9924849999999878
 21
-70.191592
 31
0
  0
LINE
  5
960
330
1B
100
AcDbEntity
  8
F.Cu
  6
CONTINUOUS
100
AcDbLine
 10
111.9924849999999878
 20
-70.191592
 30
0
 11
112.1228830000000016
 21
-70.1044629999999955
 31
0
  0
LINE
  5
961
330
1B
100
AcDbEntity
  8
F.Cu
  6
CONTINUOUS
100
AcDbLine
 10
112.1228830000000016
 20
-70.1044629999999955
 30
0
 11
112.2677719999999937
 21
-70.0444480000000027
 31
0
  0
LINE
  5
962
330
1B
100
AcDbEntity
  8
F.Cu
  6
CONTINUOUS
100
AcDbLine
 10
112.2677719999999937
 20
-70.0444480000000027
 30
0
 11
112.4215859999999907
 21
-70.013852
 31
0
  0
LINE
  5
963
330
1B
100
AcDbEntity
  8
F.Cu
  6
CONTINUOUS
100
AcDbLine
 10
112.4215859999999907
 20
-70.013852
 30
0
 11
112.5784139999999951
 21
-70.013852
 31
0
  0
LINE
  5
964
330
1B
100
AcDbEntity
  8
F.Cu
  6
CONTINUOUS
100
AcDbLine
 10
112.5784139999999951
 20
-70.013852
 30
0
 11
112.7322279999999921
 21
-70.0444480000000027
 31
0
  0
LINE
  5
965
330
1B
100
AcDbEntity
  8
F.Cu
  6
CONTINUOUS
100
AcDbLine
 10
117.2322279999999921
 20
-70.0444480000000027
 30
0
 11
117.3771169999999984
 21
-70.1044629999999955
 31
0
  0
LINE
  5
966
330
1B
100
AcDbEntity
  8
F.Cu
  6
CONTINUOUS
100
AcDbLine
 10
117.3771169999999984
 20
-70.1044629999999955
 30
0
 11
117.5075149999999979
 21
-70.191592
 31
0
  0
LINE
  5
967
330
1B
100
AcDbEntity
  8
F.Cu
  6
CONTINUOUS
100
AcDbLine
 10
117.5075149999999979
 20
-70.191592
 30
0
 11
117.6184079999999881
 21
-70.3024849999999901
 31
0
  0
LINE
  5
968
330
1B
100
AcDbEntity
  8
F.Cu
  6
CONTINUOUS
100
AcDbLine
 10
117.6184079999999881
 20
-70.3024849999999901
 30
0
 11
117.7055369999999925
 21
-70.4328830000000039
 31
0
  0
LINE
  5
969
330
1B
100
AcDbEntity
  8
F.Cu
  6
CONTINUOUS
100
AcDbLine
 10
117.7055369999999925
 20
-70.4328830000000039
 30
0
 11
117.7655519999999996
 21
-70.577771999999996
 31
0
  0
LINE
  5
96A
330
1B
100
AcDbEntity
  8
F.Cu
  6
CONTINUOUS
100
AcDbLine
 10
117.7655519999999996
 20
-70.577771999999996
 30
0
 11
117.7961479999999881
 21
-70.731585999999993
 31
0
  0
LINE
  5
96B
330
1B
100
AcDbEntity
  8
F.Cu
  6
CONTINUOUS
100
AcDbLine
 10
117.7961479999999881
 20
-70.731585999999993
 30
0
 11
117.7961479999999881
 21
-70.8884139999999974
 31
0
  0
LINE
  5
96C
330
1B
100
AcDbEntity
  8
F.Cu
  6
CONTINUOUS
100
AcDbLine
 10
117.7961479999999881
 20
-70.8884139999999974
 30
0
 11
117.7655519999999996
 21
-71.0422279999999944
 31
0
  0
LINE
  5
96D
330
1B
100
AcDbEntity
  8
F.Cu
  6
CONTINUOUS
100
AcDbLine
 10
117.7655519999999996
 20
-71.0422279999999944
 30
0
 11
117.7055369999999925
 21
-71.1871170000000006
 31
0
  0
LINE
  5
96E
330
1B
100
AcDbEntity
  8
F.Cu
  6
CONTINUOUS
100
AcDbLine
 10
117.7055369999999925
 20
-71.1871170000000006
 30
0
 11
117.6184079999999881
 21
-71.3175150000000002
 31
0
  0
LINE
  5
96F
330
1B
100
AcDbEntity
  8
F.Cu
  6
CONTINUOUS
100
AcDbLine
 10
117.6184079999999881
 20
-71.3175150000000002
 30
0
 11
117.5075149999999979
 21
-71.4284079999999904
 31
0
  0
LINE
  5
970
330
1B
100
AcDbEntity
  8
F.Cu
  6
CONTINUOUS
100
AcDbLine
 10
117.5075149999999979
 20
-71.4284079999999904
 30
0
 11
117.3771169999999984
 21
-71.5155369999999948
 31
0
  0
LINE
  5
971
330
1B
100
AcDbEntity
  8
F.Cu
  6
CONTINUOUS
100
AcDbLine
 10
117.3771169999999984
 20
-71.5155369999999948
 30
0
 11
117.2322279999999921
 21
-71.5755520000000018
 31
0
  0
LINE
  5
972
330
1B
100
AcDbEntity
  8
F.Cu
  6
CONTINUOUS
100
AcDbLine
 10
117.2322279999999921
 20
-71.5755520000000018
 30
0
 11
117.0784139999999951
 21
-71.6061479999999904
 31
0
  0
LINE
  5
973
330
1B
100
AcDbEntity
  8
F.Cu
  6
CONTINUOUS
100
AcDbLine
 10
117.0784139999999951
 20
-71.6061479999999904
 30
0
 11
116.9215859999999907
 21
-71.6061479999999904
 31
0
  0
LINE
  5
974
330
1B
100
AcDbEntity
  8
F.Cu
  6
CONTINUOUS
100
AcDbLine
 10
116.9215859999999907
 20
-71.6061479999999904
 30
0
 11
116.7677719999999937
 21
-71.5755520000000018
 31
0
  0
LINE
  5
975
330
1B
100
AcDbEntity
  8
F.Cu
  6
CONTINUOUS
100
AcDbLine
 10
116.7677719999999937
 20
-71.5755520000000018
 30
0
 11
116.6228830000000016
 21
-71.5155369999999948
 31
0
  0
LINE
  5
976
330
1B
100
AcDbEntity
  8
F.Cu
  6
CONTINUOUS
100
AcDbLine
 10
116.6228830000000016
 20
-71.5155369999999948
 30
0
 11
116.4924849999999878
 21
-71.4284079999999904
 31
0
  0
LINE
  5
977
330
1B
100
AcDbEntity
  8
F.Cu
  6
CONTINUOUS
100
AcDbLine
 10
116.4924849999999878
 20
-71.4284079999999904
 30
0
 11
116.3815919999999977
 21
-71.3175150000000002
 31
0
  0
LINE
  5
978
330
1B
100
AcDbEntity
  8
F.Cu
  6
CONTINUOUS
100
AcDbLine
 10
116.3815919999999977
 20
-71.3175150000000002
 30
0
 11
116.2944629999999933
 21
-71.1871170000000006
 31
0
  0
LINE
  5
979
330
1B
100
AcDbEntity
  8
F.Cu
  6
CONTINUOUS
100
AcDbLine
 10
116.2944629999999933
 20
-71.1871170000000006
 30
0
 11
116.2344480000000004
 21
-71.0422279999999944
 31
0
  0
LINE
  5
97A
330
1B
100
AcDbEntity
  8
F.Cu
  6
CONTINUOUS
100
AcDbLine
 10
116.2344480000000004
 20
-71.0422279999999944
 30
0
 11
116.2038519999999977
 21
-70.8884139999999974
 31
0
  0
LINE
  5
97B
330
1B
100
AcDbEntity
  8
F.Cu
  6
CONTINUOUS
100
AcDbLine
 10
116.2038519999999977
 20
-70.8884139999999974
 30
0
 11
116.2038519999999977
 21
-70.731585999999993
 31
0
  0
LINE
  5
97C
330
1B
100
AcDbEntity
  8
F.Cu
  6
CONTINUOUS
100
AcDbLine
 10
116.2038519999999977
 20
-70.731585999999993
 30
0
 11
116.2344480000000004
 21
-70.577771999999996
 31
0
  0
LINE
  5
97D
330
1B
100
AcDbEntity
  8
F.Cu
  6
CONTINUOUS
100
AcDbLine
 10
116.2344480000000004
 20
-70.577771999999996
 30
0
 11
116.2944629999999933
 21
-70.4328830000000039
 31
0
  0
LINE
  5
97E
330
1B
100
AcDbEntity
  8
F.Cu
  6
CONTINUOUS
100
AcDbLine
 10
116.2944629999999933
 20
-70.4328830000000039
 30
0
 11
116.3815919999999977
 21
-70.3024849999999901
 31
0
  0
LINE
  5
97F
330
1B
100
AcDbEntity
  8
F.Cu
  6
CONTINUOUS
100
AcDbLine
 10
116.3815919999999977
 20
-70.3024849999999901
 30
0
 11
116.4924849999999878
 21
-70.191592
 31
0
  0
LINE
  5
980
330
1B
100
AcDbEntity
  8
F.Cu
  6
CONTINUOUS
100
AcDbLine
 10
116.4924849999999878
 20
-70.191592
 30
0
 11
116.6228830000000016
 21
-70.1044629999999955
 31
0
  0
LINE
  5
981
330
1B
100
AcDbEntity
  8
F.Cu
  6
CONTINUOUS
100
AcDbLine
 10
116.6228830000000016
 20
-70.1044629999999955
 30
0
 11
116.7677719999999937
 21
-70.0444480000000027
 31
0
  0
LINE
  5
982
330
1B
100
AcDbEntity
  8
F.Cu
  6
CONTINUOUS
100
AcDbLine
 10
116.7677719999999937
 20
-70.0444480000000027
 30
0
 11
116.9215859999999907
 21
-70.013852
 31
0
  0
LINE
  5
983
330
1B
100
AcDbEntity
  8
F.Cu
  6
CONTINUOUS
100
AcDbLine
 10
116.9215859999999907
 20
-70.013852
 30
0
 11
117.0784139999999951
 21
-70.013852
 31
0
  0
LINE
  5
984
330
1B
100
AcDbEntity
  8
F.Cu
  6
CONTINUOUS
100
AcDbLine
 10
117.0784139999999951
 20
-70.013852
 30
0
 11
117.2322279999999921
 21
-70.0444480000000027
 31
0
  0
LINE
  5
985
330
1B
100
AcDbEntity
  8
F.Cu
  6
CONTINUOUS
100
AcDbLine
 10
123.2322279999999921
 20
-70.0444480000000027
 30
0
 11
123.3771169999999984
 21
-70.1044629999999955
 31
0
  0
LINE
  5
986
330
1B
100
AcDbEntity
  8
F.Cu
  6
CONTINUOUS
100
AcDbLine
 10
123.3771169999999984
 20
-70.1044629999999955
 30
0
 11
123.5075149999999979
 21
-70.191592
 31
0
  0
LINE
  5
987
330
1B
100
AcDbEntity
  8
F.Cu
  6
CONTINUOUS
100
AcDbLine
 10
123.5075149999999979
 20
-70.191592
 30
0
 11
123.6184079999999881
 21
-70.3024849999999901
 31
0
  0
LINE
  5
988
330
1B
100
AcDbEntity
  8
F.Cu
  6
CONTINUOUS
100
AcDbLine
 10
123.6184079999999881
 20
-70.3024849999999901
 30
0
 11
123.7055369999999925
 21
-70.4328830000000039
 31
0
  0
LINE
  5
989
330
1B
100
AcDbEntity
  8
F.Cu
  6
CONTINUOUS
100
AcDbLine
 10
123.7055369999999925
 20
-70.4328830000000039
 30
0
 11
123.7655519999999996
 21
-70.577771999999996
 31
0
  0
LINE
  5
98A
330
1B
100
AcDbEntity
  8
F.Cu
  6
CONTINUOUS
100
AcDbLine
 10
123.7655519999999996
 20
-70.577771999999996
 30
0
 11
123.7961479999999881
 21
-70.731585999999993
 31
0
  0
LINE
  5
98B
330
1B
100
AcDbEntity
  8
F.Cu
  6
CONTINUOUS
100
AcDbLine
 10
123.7961479999999881
 20
-70.731585999999993
 30
0
 11
123.7961479999999881
 21
-70.8884139999999974
 31
0
  0
LINE
  5
98C
330
1B
100
AcDbEntity
  8
F.Cu
  6
CONTINUOUS
100
AcDbLine
 10
123.7961479999999881
 20
-70.8884139999999974
 30
0
 11
123.7655519999999996
 21
-71.0422279999999944
 31
0
  0
LINE
  5
98D
330
1B
100
AcDbEntity
  8
F.Cu
  6
CONTINUOUS
100
AcDbLine
 10
123.7655519999999996
 20
-71.0422279999999944
 30
0
 11
123.7055369999999925
 21
-71.1871170000000006
 31
0
  0
LINE
  5
98E
330
1B
100
AcDbEntity
  8
F.Cu
  6
CONTINUOUS
100
AcDbLine
 10
123.7055369999999925
 20
-71.1871170000000006
 30
0
 11
123.6184079999999881
 21
-71.3175150000000002
 31
0
  0
LINE
  5
98F
330
1B
100
AcDbEntity
  8
F.Cu
  6
CONTINUOUS
100
AcDbLine
 10
123.6184079999999881
 20
-71.3175150000000002
 30
0
 11
123.5075149999999979
 21
-71.4284079999999904
 31
0
  0
LINE
  5
990
330
1B
100
AcDbEntity
  8
F.Cu
  6
CONTINUOUS
100
AcDbLine
 10
123.5075149999999979
 20
-71.4284079999999904
 30
0
 11
123.3771169999999984
 21
-71.5155369999999948
 31
0
  0
LINE
  5
991
330
1B
100
AcDbEntity
  8
F.Cu
  6
CONTINUOUS
100
AcDbLine
 10
123.3771169999999984
 20
-71.5155369999999948
 30
0
 11
123.2322279999999921
 21
-71.5755520000000018
 31
0
  0
LINE
  5
992
330
1B
100
AcDbEntity
  8
F.Cu
  6
CONTINUOUS
100
AcDbLine
 10
123.2322279999999921
 20
-71.5755520000000018
 30
0
 11
123.0784139999999951
 21
-71.6061479999999904
 31
0
  0
LINE
  5
993
330
1B
100
AcDbEntity
  8
F.Cu
  6
CONTINUOUS
100
AcDbLine
 10
123.0784139999999951
 20
-71.6061479999999904
 30
0
 11
122.9215859999999907
 21
-71.6061479999999904
 31
0
  0
LINE
  5
994
330
1B
100
AcDbEntity
  8
F.Cu
  6
CONTINUOUS
100
AcDbLine
 10
122.9215859999999907
 20
-71.6061479999999904
 30
0
 11
122.7677719999999937
 21
-71.5755520000000018
 31
0
  0
LINE
  5
995
330
1B
100
AcDbEntity
  8
F.Cu
  6
CONTINUOUS
100
AcDbLine
 10
122.7677719999999937
 20
-71.5755520000000018
 30
0
 11
122.6228829999999874
 21
-71.5155369999999948
 31
0
  0
LINE
  5
996
330
1B
100
AcDbEntity
  8
F.Cu
  6
CONTINUOUS
100
AcDbLine
 10
122.6228829999999874
 20
-71.5155369999999948
 30
0
 11
122.4924849999999878
 21
-71.4284079999999904
 31
0
  0
LINE
  5
997
330
1B
100
AcDbEntity
  8
F.Cu
  6
CONTINUOUS
100
AcDbLine
 10
122.4924849999999878
 20
-71.4284079999999904
 30
0
 11
122.3815919999999977
 21
-71.3175150000000002
 31
0
  0
LINE
  5
998
330
1B
100
AcDbEntity
  8
F.Cu
  6
CONTINUOUS
100
AcDbLine
 10
122.3815919999999977
 20
-71.3175150000000002
 30
0
 11
122.2944629999999933
 21
-71.1871170000000006
 31
0
  0
LINE
  5
999
330
1B
100
AcDbEntity
  8
F.Cu
  6
CONTINUOUS
100
AcDbLine
 10
122.2944629999999933
 20
-71.1871170000000006
 30
0
 11
122.2344480000000004
 21
-71.0422279999999944
 31
0
  0
LINE
  5
99A
330
1B
100
AcDbEntity
  8
F.Cu
  6
CONTINUOUS
100
AcDbLine
 10
122.2344480000000004
 20
-71.0422279999999944
 30
0
 11
122.2038519999999977
 21
-70.8884139999999974
 31
0
  0
LINE
  5
99B
330
1B
100
AcDbEntity
  8
F.Cu
  6
CONTINUOUS
100
AcDbLine
 10
122.2038519999999977
 20
-70.8884139999999974
 30
0
 11
122.2038519999999977
 21
-70.731585999999993
 31
0
  0
LINE
  5
99C
330
1B
100
AcDbEntity
  8
F.Cu
  6
CONTINUOUS
100
AcDbLine
 10
122.2038519999999977
 20
-70.731585999999993
 30
0
 11
122.2344480000000004
 21
-70.577771999999996
 31
0
  0
LINE
  5
99D
330
1B
100
AcDbEntity
  8
F.Cu
  6
CONTINUOUS
100
AcDbLine
 10
122.2344480000000004
 20
-70.577771999999996
 30
0
 11
122.2944629999999933
 21
-70.4328830000000039
 31
0
  0
LINE
  5
99E
330
1B
100
AcDbEntity
  8
F.Cu
  6
CONTINUOUS
100
AcDbLine
 10
122.2944629999999933
 20
-70.4328830000000039
 30
0
 11
122.3815919999999977
 21
-70.3024849999999901
 31
0
  0
LINE
  5
99F
330
1B
100
AcDbEntity
  8
F.Cu
  6
CONTINUOUS
100
AcDbLine
 10
122.3815919999999977
 20
-70.3024849999999901
 30
0
 11
122.4924849999999878
 21
-70.191592
 31
0
  0
LINE
  5
9A0
330
1B
100
AcDbEntity
  8
F.Cu
  6
CONTINUOUS
100
AcDbLine
 10
122.4924849999999878
 20
-70.191592
 30
0
 11
122.6228829999999874
 21
-70.1044629999999955
 31
0
  0
LINE
  5
9A1
330
1B
100
AcDbEntity
  8
F.Cu
  6
CONTINUOUS
100
AcDbLine
 10
122.6228829999999874
 20
-70.1044629999999955
 30
0
 11
122.7677719999999937
 21
-70.0444480000000027
 31
0
  0
LINE
  5
9A2
330
1B
100
AcDbEntity
  8
F.Cu
  6
CONTINUOUS
100
AcDbLine
 10
122.7677719999999937
 20
-70.0444480000000027
 30
0
 11
122.9215859999999907
 21
-70.013852
 31
0
  0
LINE
  5
9A3
330
1B
100
AcDbEntity
  8
F.Cu
  6
CONTINUOUS
100
AcDbLine
 10
122.9215859999999907
 20
-70.013852
 30
0
 11
123.0784139999999951
 21
-70.013852
 31
0
  0
LINE
  5
9A4
330
1B
100
AcDbEntity
  8
F.Cu
  6
CONTINUOUS
100
AcDbLine
 10
123.0784139999999951
 20
-70.013852
 30
0
 11
123.2322279999999921
 21
-70.0444480000000027
 31
0
  0
LINE
  5
9A5
330
1B
100
AcDbEntity
  8
F.Cu
  6
CONTINUOUS
100
AcDbLine
 10
132.7801340000000039
 20
-67.8331560000000025
 30
0
 11
132.9592199999999877
 21
-67.8913450000000012
 31
0
  0
LINE
  5
9A6
330
1B
100
AcDbEntity
  8
F.Cu
  6
CONTINUOUS
100
AcDbLine
 10
132.9592199999999877
 20
-67.8913450000000012
 30
0
 11
133.1269979999999862
 21
-67.9768320000000017
 31
0
  0
LINE
  5
9A7
330
1B
100
AcDbEntity
  8
F.Cu
  6
CONTINUOUS
100
AcDbLine
 10
133.1269979999999862
 20
-67.9768320000000017
 30
0
 11
133.2793379999999956
 21
-68.0875130000000013
 31
0
  0
LINE
  5
9A8
330
1B
100
AcDbEntity
  8
F.Cu
  6
CONTINUOUS
100
AcDbLine
 10
133.2793379999999956
 20
-68.0875130000000013
 30
0
 11
133.4124869999999987
 21
-68.2206619999999901
 31
0
  0
LINE
  5
9A9
330
1B
100
AcDbEntity
  8
F.Cu
  6
CONTINUOUS
100
AcDbLine
 10
133.4124869999999987
 20
-68.2206619999999901
 30
0
 11
133.5231679999999983
 21
-68.3730019999999996
 31
0
  0
LINE
  5
9AA
330
1B
100
AcDbEntity
  8
F.Cu
  6
CONTINUOUS
100
AcDbLine
 10
133.5231679999999983
 20
-68.3730019999999996
 30
0
 11
133.6086549999999988
 21
-68.540779999999998
 31
0
  0
LINE
  5
9AB
330
1B
100
AcDbEntity
  8
F.Cu
  6
CONTINUOUS
100
AcDbLine
 10
133.6086549999999988
 20
-68.540779999999998
 30
0
 11
133.6668439999999975
 21
-68.7198659999999961
 31
0
  0
LINE
  5
9AC
330
1B
100
AcDbEntity
  8
F.Cu
  6
CONTINUOUS
100
AcDbLine
 10
133.6668439999999975
 20
-68.7198659999999961
 30
0
 11
133.6963010000000054
 21
-68.9058490000000035
 31
0
  0
LINE
  5
9AD
330
1B
100
AcDbEntity
  8
F.Cu
  6
CONTINUOUS
100
AcDbLine
 10
133.6963010000000054
 20
-68.9058490000000035
 30
0
 11
133.6963010000000054
 21
-69.0941509999999965
 31
0
  0
LINE
  5
9AE
330
1B
100
AcDbEntity
  8
F.Cu
  6
CONTINUOUS
100
AcDbLine
 10
133.6963010000000054
 20
-69.0941509999999965
 30
0
 11
133.6668439999999975
 21
-69.2801340000000039
 31
0
  0
LINE
  5
9AF
330
1B
100
AcDbEntity
  8
F.Cu
  6
CONTINUOUS
100
AcDbLine
 10
133.6668439999999975
 20
-69.2801340000000039
 30
0
 11
133.6086549999999988
 21
-69.459220000000002
 31
0
  0
LINE
  5
9B0
330
1B
100
AcDbEntity
  8
F.Cu
  6
CONTINUOUS
100
AcDbLine
 10
133.6086549999999988
 20
-69.459220000000002
 30
0
 11
133.5231679999999983
 21
-69.6269980000000004
 31
0
  0
LINE
  5
9B1
330
1B
100
AcDbEntity
  8
F.Cu
  6
CONTINUOUS
100
AcDbLine
 10
133.5231679999999983
 20
-69.6269980000000004
 30
0
 11
133.4124869999999987
 21
-69.7793379999999956
 31
0
  0
LINE
  5
9B2
330
1B
100
AcDbEntity
  8
F.Cu
  6
CONTINUOUS
100
AcDbLine
 10
133.4124869999999987
 20
-69.7793379999999956
 30
0
 11
133.2793379999999956
 21
-69.9124869999999987
 31
0
  0
LINE
  5
9B3
330
1B
100
AcDbEntity
  8
F.Cu
  6
CONTINUOUS
100
AcDbLine
 10
133.2793379999999956
 20
-69.9124869999999987
 30
0
 11
133.1269979999999862
 21
-70.0231679999999983
 31
0
  0
LINE
  5
9B4
330
1B
100
AcDbEntity
  8
F.Cu
  6
CONTINUOUS
100
AcDbLine
 10
133.1269979999999862
 20
-70.0231679999999983
 30
0
 11
132.9592199999999877
 21
-70.1086549999999988
 31
0
  0
LINE
  5
9B5
330
1B
100
AcDbEntity
  8
F.Cu
  6
CONTINUOUS
100
AcDbLine
 10
132.9592199999999877
 20
-70.1086549999999988
 30
0
 11
132.7801340000000039
 21
-70.1668439999999975
 31
0
  0
LINE
  5
9B6
330
1B
100
AcDbEntity
  8
F.Cu
  6
CONTINUOUS
100
AcDbLine
 10
132.7801340000000039
 20
-70.1668439999999975
 30
0
 11
132.5941509999999823
 21
-70.1963009999999912
 31
0
  0
LINE
  5
9B7
330
1B
100
AcDbEntity
  8
F.Cu
  6
CONTINUOUS
100
AcDbLine
 10
132.5941509999999823
 20
-70.1963009999999912
 30
0
 11
132.4058489999999892
 21
-70.1963009999999912
 31
0
  0
LINE
  5
9B8
330
1B
100
AcDbEntity
  8
F.Cu
  6
CONTINUOUS
100
AcDbLine
 10
132.4058489999999892
 20
-70.1963009999999912
 30
0
 11
132.2198659999999961
 21
-70.1668439999999975
 31
0
  0
LINE
  5
9B9
330
1B
100
AcDbEntity
  8
F.Cu
  6
CONTINUOUS
100
AcDbLine
 10
132.2198659999999961
 20
-70.1668439999999975
 30
0
 11
132.0407799999999838
 21
-70.1086549999999988
 31
0
  0
LINE
  5
9BA
330
1B
100
AcDbEntity
  8
F.Cu
  6
CONTINUOUS
100
AcDbLine
 10
132.0407799999999838
 20
-70.1086549999999988
 30
0
 11
131.8730019999999854
 21
-70.0231679999999983
 31
0
  0
LINE
  5
9BB
330
1B
100
AcDbEntity
  8
F.Cu
  6
CONTINUOUS
100
AcDbLine
 10
131.8730019999999854
 20
-70.0231679999999983
 30
0
 11
131.7206620000000044
 21
-69.9124869999999987
 31
0
  0
LINE
  5
9BC
330
1B
100
AcDbEntity
  8
F.Cu
  6
CONTINUOUS
100
AcDbLine
 10
131.7206620000000044
 20
-69.9124869999999987
 30
0
 11
131.5875130000000013
 21
-69.7793379999999956
 31
0
  0
LINE
  5
9BD
330
1B
100
AcDbEntity
  8
F.Cu
  6
CONTINUOUS
100
AcDbLine
 10
131.5875130000000013
 20
-69.7793379999999956
 30
0
 11
131.4768320000000017
 21
-69.6269980000000004
 31
0
  0
LINE
  5
9BE
330
1B
100
AcDbEntity
  8
F.Cu
  6
CONTINUOUS
100
AcDbLine
 10
131.4768320000000017
 20
-69.6269980000000004
 30
0
 11
131.3913450000000012
 21
-69.459220000000002
 31
0
  0
LINE
  5
9BF
330
1B
100
AcDbEntity
  8
F.Cu
  6
CONTINUOUS
100
AcDbLine
 10
131.3913450000000012
 20
-69.459220000000002
 30
0
 11
131.3331560000000025
 21
-69.2801340000000039
 31
0
  0
LINE
  5
9C0
330
1B
100
AcDbEntity
  8
F.Cu
  6
CONTINUOUS
100
AcDbLine
 10
131.3331560000000025
 20
-69.2801340000000039
 30
0
 11
131.3036989999999946
 21
-69.0941509999999965
 31
0
  0
LINE
  5
9C1
330
1B
100
AcDbEntity
  8
F.Cu
  6
CONTINUOUS
100
AcDbLine
 10
131.3036989999999946
 20
-69.0941509999999965
 30
0
 11
131.3036989999999946
 21
-68.9058490000000035
 31
0
  0
LINE
  5
9C2
330
1B
100
AcDbEntity
  8
F.Cu
  6
CONTINUOUS
100
AcDbLine
 10
131.3036989999999946
 20
-68.9058490000000035
 30
0
 11
131.3331560000000025
 21
-68.7198659999999961
 31
0
  0
LINE
  5
9C3
330
1B
100
AcDbEntity
  8
F.Cu
  6
CONTINUOUS
100
AcDbLine
 10
131.3331560000000025
 20
-68.7198659999999961
 30
0
 11
131.3913450000000012
 21
-68.540779999999998
 31
0
  0
LINE
  5
9C4
330
1B
100
AcDbEntity
  8
F.Cu
  6
CONTINUOUS
100
AcDbLine
 10
131.3913450000000012
 20
-68.540779999999998
 30
0
 11
131.4768320000000017
 21
-68.3730019999999996
 31
0
  0
LINE
  5
9C5
330
1B
100
AcDbEntity
  8
F.Cu
  6
CONTINUOUS
100
AcDbLine
 10
131.4768320000000017
 20
-68.3730019999999996
 30
0
 11
131.5875130000000013
 21
-68.2206619999999901
 31
0
  0
LINE
  5
9C6
330
1B
100
AcDbEntity
  8
F.Cu
  6
CONTINUOUS
100
AcDbLine
 10
131.5875130000000013
 20
-68.2206619999999901
 30
0
 11
131.7206620000000044
 21
-68.0875130000000013
 31
0
  0
LINE
  5
9C7
330
1B
100
AcDbEntity
  8
F.Cu
  6
CONTINUOUS
100
AcDbLine
 10
131.7206620000000044
 20
-68.0875130000000013
 30
0
 11
131.8730019999999854
 21
-67.9768320000000017
 31
0
  0
LINE
  5
9C8
330
1B
100
AcDbEntity
  8
F.Cu
  6
CONTINUOUS
100
AcDbLine
 10
131.8730019999999854
 20
-67.9768320000000017
 30
0
 11
132.0407799999999838
 21
-67.8913450000000012
 31
0
  0
LINE
  5
9C9
330
1B
100
AcDbEntity
  8
F.Cu
  6
CONTINUOUS
100
AcDbLine
 10
132.0407799999999838
 20
-67.8913450000000012
 30
0
 11
132.2198659999999961
 21
-67.8331560000000025
 31
0
  0
LINE
  5
9CA
330
1B
100
AcDbEntity
  8
F.Cu
  6
CONTINUOUS
100
AcDbLine
 10
132.2198659999999961
 20
-67.8331560000000025
 30
0
 11
132.4058489999999892
 21
-67.8036989999999946
 31
0
  0
LINE
  5
9CB
330
1B
100
AcDbEntity
  8
F.Cu
  6
CONTINUOUS
100
AcDbLine
 10
132.4058489999999892
 20
-67.8036989999999946
 30
0
 11
132.5941509999999823
 21
-67.8036989999999946
 31
0
  0
LINE
  5
9CC
330
1B
100
AcDbEntity
  8
F.Cu
  6
CONTINUOUS
100
AcDbLine
 10
132.5941509999999823
 20
-67.8036989999999946
 30
0
 11
132.7801340000000039
 21
-67.8331560000000025
 31
0
  0
LINE
  5
9CD
330
1B
100
AcDbEntity
  8
F.Cu
  6
CONTINUOUS
100
AcDbLine
 10
159.2322279999999921
 20
-68.5444480000000027
 30
0
 11
159.3771169999999984
 21
-68.6044629999999955
 31
0
  0
LINE
  5
9CE
330
1B
100
AcDbEntity
  8
F.Cu
  6
CONTINUOUS
100
AcDbLine
 10
159.3771169999999984
 20
-68.6044629999999955
 30
0
 11
159.5075149999999837
 21
-68.691592
 31
0
  0
LINE
  5
9CF
330
1B
100
AcDbEntity
  8
F.Cu
  6
CONTINUOUS
100
AcDbLine
 10
159.5075149999999837
 20
-68.691592
 30
0
 11
159.6184079999999881
 21
-68.8024849999999901
 31
0
  0
LINE
  5
9D0
330
1B
100
AcDbEntity
  8
F.Cu
  6
CONTINUOUS
100
AcDbLine
 10
159.6184079999999881
 20
-68.8024849999999901
 30
0
 11
159.7055369999999925
 21
-68.9328830000000039
 31
0
  0
LINE
  5
9D1
330
1B
100
AcDbEntity
  8
F.Cu
  6
CONTINUOUS
100
AcDbLine
 10
159.7055369999999925
 20
-68.9328830000000039
 30
0
 11
159.7655519999999854
 21
-69.077771999999996
 31
0
  0
LINE
  5
9D2
330
1B
100
AcDbEntity
  8
F.Cu
  6
CONTINUOUS
100
AcDbLine
 10
159.7655519999999854
 20
-69.077771999999996
 30
0
 11
159.7961479999999881
 21
-69.231585999999993
 31
0
  0
LINE
  5
9D3
330
1B
100
AcDbEntity
  8
F.Cu
  6
CONTINUOUS
100
AcDbLine
 10
159.7961479999999881
 20
-69.231585999999993
 30
0
 11
159.7961479999999881
 21
-69.3884139999999974
 31
0
  0
LINE
  5
9D4
330
1B
100
AcDbEntity
  8
F.Cu
  6
CONTINUOUS
100
AcDbLine
 10
159.7961479999999881
 20
-69.3884139999999974
 30
0
 11
159.7655519999999854
 21
-69.5422279999999944
 31
0
  0
LINE
  5
9D5
330
1B
100
AcDbEntity
  8
F.Cu
  6
CONTINUOUS
100
AcDbLine
 10
159.7655519999999854
 20
-69.5422279999999944
 30
0
 11
159.7055369999999925
 21
-69.6871170000000006
 31
0
  0
LINE
  5
9D6
330
1B
100
AcDbEntity
  8
F.Cu
  6
CONTINUOUS
100
AcDbLine
 10
159.7055369999999925
 20
-69.6871170000000006
 30
0
 11
159.6184079999999881
 21
-69.8175150000000002
 31
0
  0
LINE
  5
9D7
330
1B
100
AcDbEntity
  8
F.Cu
  6
CONTINUOUS
100
AcDbLine
 10
159.6184079999999881
 20
-69.8175150000000002
 30
0
 11
159.5075149999999837
 21
-69.9284079999999904
 31
0
  0
LINE
  5
9D8
330
1B
100
AcDbEntity
  8
F.Cu
  6
CONTINUOUS
100
AcDbLine
 10
159.5075149999999837
 20
-69.9284079999999904
 30
0
 11
159.3771169999999984
 21
-70.0155369999999948
 31
0
  0
LINE
  5
9D9
330
1B
100
AcDbEntity
  8
F.Cu
  6
CONTINUOUS
100
AcDbLine
 10
159.3771169999999984
 20
-70.0155369999999948
 30
0
 11
159.2322279999999921
 21
-70.0755520000000018
 31
0
  0
LINE
  5
9DA
330
1B
100
AcDbEntity
  8
F.Cu
  6
CONTINUOUS
100
AcDbLine
 10
159.2322279999999921
 20
-70.0755520000000018
 30
0
 11
159.0784139999999809
 21
-70.1061479999999904
 31
0
  0
LINE
  5
9DB
330
1B
100
AcDbEntity
  8
F.Cu
  6
CONTINUOUS
100
AcDbLine
 10
159.0784139999999809
 20
-70.1061479999999904
 30
0
 11
158.9215859999999907
 21
-70.1061479999999904
 31
0
  0
LINE
  5
9DC
330
1B
100
AcDbEntity
  8
F.Cu
  6
CONTINUOUS
100
AcDbLine
 10
158.9215859999999907
 20
-70.1061479999999904
 30
0
 11
158.7677719999999795
 21
-70.0755520000000018
 31
0
  0
LINE
  5
9DD
330
1B
100
AcDbEntity
  8
F.Cu
  6
CONTINUOUS
100
AcDbLine
 10
158.7677719999999795
 20
-70.0755520000000018
 30
0
 11
158.6228830000000016
 21
-70.0155369999999948
 31
0
  0
LINE
  5
9DE
330
1B
100
AcDbEntity
  8
F.Cu
  6
CONTINUOUS
100
AcDbLine
 10
158.6228830000000016
 20
-70.0155369999999948
 30
0
 11
158.4924849999999878
 21
-69.9284079999999904
 31
0
  0
LINE
  5
9DF
330
1B
100
AcDbEntity
  8
F.Cu
  6
CONTINUOUS
100
AcDbLine
 10
158.4924849999999878
 20
-69.9284079999999904
 30
0
 11
158.3815919999999835
 21
-69.8175150000000002
 31
0
  0
LINE
  5
9E0
330
1B
100
AcDbEntity
  8
F.Cu
  6
CONTINUOUS
100
AcDbLine
 10
158.3815919999999835
 20
-69.8175150000000002
 30
0
 11
158.294462999999979
 21
-69.6871170000000006
 31
0
  0
LINE
  5
9E1
330
1B
100
AcDbEntity
  8
F.Cu
  6
CONTINUOUS
100
AcDbLine
 10
158.294462999999979
 20
-69.6871170000000006
 30
0
 11
158.2344479999999862
 21
-69.5422279999999944
 31
0
  0
LINE
  5
9E2
330
1B
100
AcDbEntity
  8
F.Cu
  6
CONTINUOUS
100
AcDbLine
 10
158.2344479999999862
 20
-69.5422279999999944
 30
0
 11
158.2038519999999835
 21
-69.3884139999999974
 31
0
  0
LINE
  5
9E3
330
1B
100
AcDbEntity
  8
F.Cu
  6
CONTINUOUS
100
AcDbLine
 10
158.2038519999999835
 20
-69.3884139999999974
 30
0
 11
158.2038519999999835
 21
-69.231585999999993
 31
0
  0
LINE
  5
9E4
330
1B
100
AcDbEntity
  8
F.Cu
  6
CONTINUOUS
100
AcDbLine
 10
158.2038519999999835
 20
-69.231585999999993
 30
0
 11
158.2344479999999862
 21
-69.077771999999996
 31
0
  0
LINE
  5
9E5
330
1B
100
AcDbEntity
  8
F.Cu
  6
CONTINUOUS
100
AcDbLine
 10
158.2344479999999862
 20
-69.077771999999996
 30
0
 11
158.294462999999979
 21
-68.9328830000000039
 31
0
  0
LINE
  5
9E6
330
1B
100
AcDbEntity
  8
F.Cu
  6
CONTINUOUS
100
AcDbLine
 10
158.294462999999979
 20
-68.9328830000000039
 30
0
 11
158.3815919999999835
 21
-68.8024849999999901
 31
0
  0
LINE
  5
9E7
330
1B
100
AcDbEntity
  8
F.Cu
  6
CONTINUOUS
100
AcDbLine
 10
158.3815919999999835
 20
-68.8024849999999901
 30
0
 11
158.4924849999999878
 21
-68.691592
 31
0
  0
LINE
  5
9E8
330
1B
100
AcDbEntity
  8
F.Cu
  6
CONTINUOUS
100
AcDbLine
 10
158.4924849999999878
 20
-68.691592
 30
0
 11
158.6228830000000016
 21
-68.6044629999999955
 31
0
  0
LINE
  5
9E9
330
1B
100
AcDbEntity
  8
F.Cu
  6
CONTINUOUS
100
AcDbLine
 10
158.6228830000000016
 20
-68.6044629999999955
 30
0
 11
158.7677719999999795
 21
-68.5444480000000027
 31
0
  0
LINE
  5
9EA
330
1B
100
AcDbEntity
  8
F.Cu
  6
CONTINUOUS
100
AcDbLine
 10
158.7677719999999795
 20
-68.5444480000000027
 30
0
 11
158.9215859999999907
 21
-68.513852
 31
0
  0
LINE
  5
9EB
330
1B
100
AcDbEntity
  8
F.Cu
  6
CONTINUOUS
100
AcDbLine
 10
158.9215859999999907
 20
-68.513852
 30
0
 11
159.0784139999999809
 21
-68.513852
 31
0
  0
LINE
  5
9EC
330
1B
100
AcDbEntity
  8
F.Cu
  6
CONTINUOUS
100
AcDbLine
 10
159.0784139999999809
 20
-68.513852
 30
0
 11
159.2322279999999921
 21
-68.5444480000000027
 31
0
  0
LINE
  5
9ED
330
1B
100
AcDbEntity
  8
F.Cu
  6
CONTINUOUS
100
AcDbLine
 10
147.7322279999999921
 20
-67.0444480000000027
 30
0
 11
147.8771169999999984
 21
-67.1044629999999955
 31
0
  0
LINE
  5
9EE
330
1B
100
AcDbEntity
  8
F.Cu
  6
CONTINUOUS
100
AcDbLine
 10
147.8771169999999984
 20
-67.1044629999999955
 30
0
 11
148.0075149999999837
 21
-67.191592
 31
0
  0
LINE
  5
9EF
330
1B
100
AcDbEntity
  8
F.Cu
  6
CONTINUOUS
100
AcDbLine
 10
148.0075149999999837
 20
-67.191592
 30
0
 11
148.1184079999999881
 21
-67.3024849999999901
 31
0
  0
LINE
  5
9F0
330
1B
100
AcDbEntity
  8
F.Cu
  6
CONTINUOUS
100
AcDbLine
 10
148.1184079999999881
 20
-67.3024849999999901
 30
0
 11
148.2055369999999925
 21
-67.4328830000000039
 31
0
  0
LINE
  5
9F1
330
1B
100
AcDbEntity
  8
F.Cu
  6
CONTINUOUS
100
AcDbLine
 10
148.2055369999999925
 20
-67.4328830000000039
 30
0
 11
148.2655519999999854
 21
-67.577771999999996
 31
0
  0
LINE
  5
9F2
330
1B
100
AcDbEntity
  8
F.Cu
  6
CONTINUOUS
100
AcDbLine
 10
148.2655519999999854
 20
-67.577771999999996
 30
0
 11
148.2961479999999881
 21
-67.731585999999993
 31
0
  0
LINE
  5
9F3
330
1B
100
AcDbEntity
  8
F.Cu
  6
CONTINUOUS
100
AcDbLine
 10
148.2961479999999881
 20
-67.731585999999993
 30
0
 11
148.2961479999999881
 21
-67.8884139999999974
 31
0
  0
LINE
  5
9F4
330
1B
100
AcDbEntity
  8
F.Cu
  6
CONTINUOUS
100
AcDbLine
 10
148.2961479999999881
 20
-67.8884139999999974
 30
0
 11
148.2655519999999854
 21
-68.0422279999999944
 31
0
  0
LINE
  5
9F5
330
1B
100
AcDbEntity
  8
F.Cu
  6
CONTINUOUS
100
AcDbLine
 10
148.2655519999999854
 20
-68.0422279999999944
 30
0
 11
148.2055369999999925
 21
-68.1871170000000006
 31
0
  0
LINE
  5
9F6
330
1B
100
AcDbEntity
  8
F.Cu
  6
CONTINUOUS
100
AcDbLine
 10
148.2055369999999925
 20
-68.1871170000000006
 30
0
 11
148.1184079999999881
 21
-68.3175150000000002
 31
0
  0
LINE
  5
9F7
330
1B
100
AcDbEntity
  8
F.Cu
  6
CONTINUOUS
100
AcDbLine
 10
148.1184079999999881
 20
-68.3175150000000002
 30
0
 11
148.0075149999999837
 21
-68.4284079999999904
 31
0
  0
LINE
  5
9F8
330
1B
100
AcDbEntity
  8
F.Cu
  6
CONTINUOUS
100
AcDbLine
 10
148.0075149999999837
 20
-68.4284079999999904
 30
0
 11
147.8771169999999984
 21
-68.5155369999999948
 31
0
  0
LINE
  5
9F9
330
1B
100
AcDbEntity
  8
F.Cu
  6
CONTINUOUS
100
AcDbLine
 10
147.8771169999999984
 20
-68.5155369999999948
 30
0
 11
147.7322279999999921
 21
-68.5755520000000018
 31
0
  0
LINE
  5
9FA
330
1B
100
AcDbEntity
  8
F.Cu
  6
CONTINUOUS
100
AcDbLine
 10
147.7322279999999921
 20
-68.5755520000000018
 30
0
 11
147.5784139999999809
 21
-68.6061479999999904
 31
0
  0
LINE
  5
9FB
330
1B
100
AcDbEntity
  8
F.Cu
  6
CONTINUOUS
100
AcDbLine
 10
147.5784139999999809
 20
-68.6061479999999904
 30
0
 11
147.4215859999999907
 21
-68.6061479999999904
 31
0
  0
LINE
  5
9FC
330
1B
100
AcDbEntity
  8
F.Cu
  6
CONTINUOUS
100
AcDbLine
 10
147.4215859999999907
 20
-68.6061479999999904
 30
0
 11
147.2677719999999795
 21
-68.5755520000000018
 31
0
  0
LINE
  5
9FD
330
1B
100
AcDbEntity
  8
F.Cu
  6
CONTINUOUS
100
AcDbLine
 10
147.2677719999999795
 20
-68.5755520000000018
 30
0
 11
147.1228830000000016
 21
-68.5155369999999948
 31
0
  0
LINE
  5
9FE
330
1B
100
AcDbEntity
  8
F.Cu
  6
CONTINUOUS
100
AcDbLine
 10
147.1228830000000016
 20
-68.5155369999999948
 30
0
 11
146.9924849999999878
 21
-68.4284079999999904
 31
0
  0
LINE
  5
9FF
330
1B
100
AcDbEntity
  8
F.Cu
  6
CONTINUOUS
100
AcDbLine
 10
146.9924849999999878
 20
-68.4284079999999904
 30
0
 11
146.8815919999999835
 21
-68.3175150000000002
 31
0
  0
LINE
  5
A00
330
1B
100
AcDbEntity
  8
F.Cu
  6
CONTINUOUS
100
AcDbLine
 10
146.8815919999999835
 20
-68.3175150000000002
 30
0
 11
146.7944630000000075
 21
-68.1871170000000006
 31
0
  0
LINE
  5
A01
330
1B
100
AcDbEntity
  8
F.Cu
  6
CONTINUOUS
100
AcDbLine
 10
146.7944630000000075
 20
-68.1871170000000006
 30
0
 11
146.7344479999999862
 21
-68.0422279999999944
 31
0
  0
LINE
  5
A02
330
1B
100
AcDbEntity
  8
F.Cu
  6
CONTINUOUS
100
AcDbLine
 10
146.7344479999999862
 20
-68.0422279999999944
 30
0
 11
146.7038519999999835
 21
-67.8884139999999974
 31
0
  0
LINE
  5
A03
330
1B
100
AcDbEntity
  8
F.Cu
  6
CONTINUOUS
100
AcDbLine
 10
146.7038519999999835
 20
-67.8884139999999974
 30
0
 11
146.7038519999999835
 21
-67.731585999999993
 31
0
  0
LINE
  5
A04
330
1B
100
AcDbEntity
  8
F.Cu
  6
CONTINUOUS
100
AcDbLine
 10
146.7038519999999835
 20
-67.731585999999993
 30
0
 11
146.7344479999999862
 21
-67.577771999999996
 31
0
  0
LINE
  5
A05
330
1B
100
AcDbEntity
  8
F.Cu
  6
CONTINUOUS
100
AcDbLine
 10
146.7344479999999862
 20
-67.577771999999996
 30
0
 11
146.7944630000000075
 21
-67.4328830000000039
 31
0
  0
LINE
  5
A06
330
1B
100
AcDbEntity
  8
F.Cu
  6
CONTINUOUS
100
AcDbLine
 10
146.7944630000000075
 20
-67.4328830000000039
 30
0
 11
146.8815919999999835
 21
-67.3024849999999901
 31
0
  0
LINE
  5
A07
330
1B
100
AcDbEntity
  8
F.Cu
  6
CONTINUOUS
100
AcDbLine
 10
146.8815919999999835
 20
-67.3024849999999901
 30
0
 11
146.9924849999999878
 21
-67.191592
 31
0
  0
LINE
  5
A08
330
1B
100
AcDbEntity
  8
F.Cu
  6
CONTINUOUS
100
AcDbLine
 10
146.9924849999999878
 20
-67.191592
 30
0
 11
147.1228830000000016
 21
-67.1044629999999955
 31
0
  0
LINE
  5
A09
330
1B
100
AcDbEntity
  8
F.Cu
  6
CONTINUOUS
100
AcDbLine
 10
147.1228830000000016
 20
-67.1044629999999955
 30
0
 11
147.2677719999999795
 21
-67.0444480000000027
 31
0
  0
LINE
  5
A0A
330
1B
100
AcDbEntity
  8
F.Cu
  6
CONTINUOUS
100
AcDbLine
 10
147.2677719999999795
 20
-67.0444480000000027
 30
0
 11
147.4215859999999907
 21
-67.013852
 31
0
  0
LINE
  5
A0B
330
1B
100
AcDbEntity
  8
F.Cu
  6
CONTINUOUS
100
AcDbLine
 10
147.4215859999999907
 20
-67.013852
 30
0
 11
147.5784139999999809
 21
-67.013852
 31
0
  0
LINE
  5
A0C
330
1B
100
AcDbEntity
  8
F.Cu
  6
CONTINUOUS
100
AcDbLine
 10
147.5784139999999809
 20
-67.013852
 30
0
 11
147.7322279999999921
 21
-67.0444480000000027
 31
0
  0
LINE
  5
A0D
330
1B
100
AcDbEntity
  8
F.Cu
  6
CONTINUOUS
100
AcDbLine
 10
191.2467419999999834
 20
-62.9516009999999966
 30
0
 11
191.4006870000000049
 21
-63.0153669999999977
 31
0
  0
LINE
  5
A0E
330
1B
100
AcDbEntity
  8
F.Cu
  6
CONTINUOUS
100
AcDbLine
 10
191.4006870000000049
 20
-63.0153669999999977
 30
0
 11
191.5392339999999933
 21
-63.1079409999999967
 31
0
  0
LINE
  5
A0F
330
1B
100
AcDbEntity
  8
F.Cu
  6
CONTINUOUS
100
AcDbLine
 10
191.5392339999999933
 20
-63.1079409999999967
 30
0
 11
191.6570590000000038
 21
-63.2257660000000001
 31
0
  0
LINE
  5
A10
330
1B
100
AcDbEntity
  8
F.Cu
  6
CONTINUOUS
100
AcDbLine
 10
191.6570590000000038
 20
-63.2257660000000001
 30
0
 11
191.7496329999999887
 21
-63.3643129999999957
 31
0
  0
LINE
  5
A11
330
1B
100
AcDbEntity
  8
F.Cu
  6
CONTINUOUS
100
AcDbLine
 10
191.7496329999999887
 20
-63.3643129999999957
 30
0
 11
191.813399000000004
 21
-63.5182579999999959
 31
0
  0
LINE
  5
A12
330
1B
100
AcDbEntity
  8
F.Cu
  6
CONTINUOUS
100
AcDbLine
 10
191.813399000000004
 20
-63.5182579999999959
 30
0
 11
191.8459069999999826
 21
-63.6816849999999945
 31
0
  0
LINE
  5
A13
330
1B
100
AcDbEntity
  8
F.Cu
  6
CONTINUOUS
100
AcDbLine
 10
191.8459069999999826
 20
-63.6816849999999945
 30
0
 11
191.8459069999999826
 21
-63.8483149999999995
 31
0
  0
LINE
  5
A14
330
1B
100
AcDbEntity
  8
F.Cu
  6
CONTINUOUS
100
AcDbLine
 10
191.8459069999999826
 20
-63.8483149999999995
 30
0
 11
191.813399000000004
 21
-64.0117419999999981
 31
0
  0
LINE
  5
A15
330
1B
100
AcDbEntity
  8
F.Cu
  6
CONTINUOUS
100
AcDbLine
 10
191.813399000000004
 20
-64.0117419999999981
 30
0
 11
191.7496329999999887
 21
-64.1656869999999913
 31
0
  0
LINE
  5
A16
330
1B
100
AcDbEntity
  8
F.Cu
  6
CONTINUOUS
100
AcDbLine
 10
191.7496329999999887
 20
-64.1656869999999913
 30
0
 11
191.6570590000000038
 21
-64.3042339999999939
 31
0
  0
LINE
  5
A17
330
1B
100
AcDbEntity
  8
F.Cu
  6
CONTINUOUS
100
AcDbLine
 10
191.6570590000000038
 20
-64.3042339999999939
 30
0
 11
191.5392339999999933
 21
-64.4220589999999902
 31
0
  0
LINE
  5
A18
330
1B
100
AcDbEntity
  8
F.Cu
  6
CONTINUOUS
100
AcDbLine
 10
191.5392339999999933
 20
-64.4220589999999902
 30
0
 11
191.4006870000000049
 21
-64.5146330000000034
 31
0
  0
LINE
  5
A19
330
1B
100
AcDbEntity
  8
F.Cu
  6
CONTINUOUS
100
AcDbLine
 10
191.4006870000000049
 20
-64.5146330000000034
 30
0
 11
191.2467419999999834
 21
-64.5783989999999903
 31
0
  0
LINE
  5
A1A
330
1B
100
AcDbEntity
  8
F.Cu
  6
CONTINUOUS
100
AcDbLine
 10
191.2467419999999834
 20
-64.5783989999999903
 30
0
 11
191.0833149999999989
 21
-64.6109069999999974
 31
0
  0
LINE
  5
A1B
330
1B
100
AcDbEntity
  8
F.Cu
  6
CONTINUOUS
100
AcDbLine
 10
191.0833149999999989
 20
-64.6109069999999974
 30
0
 11
190.9166850000000011
 21
-64.6109069999999974
 31
0
  0
LINE
  5
A1C
330
1B
100
AcDbEntity
  8
F.Cu
  6
CONTINUOUS
100
AcDbLine
 10
190.9166850000000011
 20
-64.6109069999999974
 30
0
 11
190.7532579999999882
 21
-64.5783989999999903
 31
0
  0
LINE
  5
A1D
330
1B
100
AcDbEntity
  8
F.Cu
  6
CONTINUOUS
100
AcDbLine
 10
190.7532579999999882
 20
-64.5783989999999903
 30
0
 11
190.5993129999999951
 21
-64.5146330000000034
 31
0
  0
LINE
  5
A1E
330
1B
100
AcDbEntity
  8
F.Cu
  6
CONTINUOUS
100
AcDbLine
 10
190.5993129999999951
 20
-64.5146330000000034
 30
0
 11
190.4607659999999782
 21
-64.4220589999999902
 31
0
  0
LINE
  5
A1F
330
1B
100
AcDbEntity
  8
F.Cu
  6
CONTINUOUS
100
AcDbLine
 10
190.4607659999999782
 20
-64.4220589999999902
 30
0
 11
190.3429409999999962
 21
-64.3042339999999939
 31
0
  0
LINE
  5
A20
330
1B
100
AcDbEntity
  8
F.Cu
  6
CONTINUOUS
100
AcDbLine
 10
190.3429409999999962
 20
-64.3042339999999939
 30
0
 11
190.2503669999999829
 21
-64.1656869999999913
 31
0
  0
LINE
  5
A21
330
1B
100
AcDbEntity
  8
F.Cu
  6
CONTINUOUS
100
AcDbLine
 10
190.2503669999999829
 20
-64.1656869999999913
 30
0
 11
190.186600999999996
 21
-64.0117419999999981
 31
0
  0
LINE
  5
A22
330
1B
100
AcDbEntity
  8
F.Cu
  6
CONTINUOUS
100
AcDbLine
 10
190.186600999999996
 20
-64.0117419999999981
 30
0
 11
190.1540929999999889
 21
-63.8483149999999995
 31
0
  0
LINE
  5
A23
330
1B
100
AcDbEntity
  8
F.Cu
  6
CONTINUOUS
100
AcDbLine
 10
190.1540929999999889
 20
-63.8483149999999995
 30
0
 11
190.1540929999999889
 21
-63.6816849999999945
 31
0
  0
LINE
  5
A24
330
1B
100
AcDbEntity
  8
F.Cu
  6
CONTINUOUS
100
AcDbLine
 10
190.1540929999999889
 20
-63.6816849999999945
 30
0
 11
190.186600999999996
 21
-63.5182579999999959
 31
0
  0
LINE
  5
A25
330
1B
100
AcDbEntity
  8
F.Cu
  6
CONTINUOUS
100
AcDbLine
 10
190.186600999999996
 20
-63.5182579999999959
 30
0
 11
190.2503669999999829
 21
-63.3643129999999957
 31
0
  0
LINE
  5
A26
330
1B
100
AcDbEntity
  8
F.Cu
  6
CONTINUOUS
100
AcDbLine
 10
190.2503669999999829
 20
-63.3643129999999957
 30
0
 11
190.3429409999999962
 21
-63.2257660000000001
 31
0
  0
LINE
  5
A27
330
1B
100
AcDbEntity
  8
F.Cu
  6
CONTINUOUS
100
AcDbLine
 10
190.3429409999999962
 20
-63.2257660000000001
 30
0
 11
190.4607659999999782
 21
-63.1079409999999967
 31
0
  0
LINE
  5
A28
330
1B
100
AcDbEntity
  8
F.Cu
  6
CONTINUOUS
100
AcDbLine
 10
190.4607659999999782
 20
-63.1079409999999967
 30
0
 11
190.5993129999999951
 21
-63.0153669999999977
 31
0
  0
LINE
  5
A29
330
1B
100
AcDbEntity
  8
F.Cu
  6
CONTINUOUS
100
AcDbLine
 10
190.5993129999999951
 20
-63.0153669999999977
 30
0
 11
190.7532579999999882
 21
-62.9516009999999966
 31
0
  0
LINE
  5
A2A
330
1B
100
AcDbEntity
  8
F.Cu
  6
CONTINUOUS
100
AcDbLine
 10
190.7532579999999882
 20
-62.9516009999999966
 30
0
 11
190.9166850000000011
 21
-62.9190929999999966
 31
0
  0
LINE
  5
A2B
330
1B
100
AcDbEntity
  8
F.Cu
  6
CONTINUOUS
100
AcDbLine
 10
190.9166850000000011
 20
-62.9190929999999966
 30
0
 11
191.0833149999999989
 21
-62.9190929999999966
 31
0
  0
LINE
  5
A2C
330
1B
100
AcDbEntity
  8
F.Cu
  6
CONTINUOUS
100
AcDbLine
 10
191.0833149999999989
 20
-62.9190929999999966
 30
0
 11
191.2467419999999834
 21
-62.9516009999999966
 31
0
  0
LINE
  5
A2D
330
1B
100
AcDbEntity
  8
F.Cu
  6
CONTINUOUS
100
AcDbLine
 10
112.7322279999999921
 20
-62.4244479999999982
 30
0
 11
112.8771169999999984
 21
-62.4844629999999981
 31
0
  0
LINE
  5
A2E
330
1B
100
AcDbEntity
  8
F.Cu
  6
CONTINUOUS
100
AcDbLine
 10
112.8771169999999984
 20
-62.4844629999999981
 30
0
 11
113.0075149999999979
 21
-62.5715919999999954
 31
0
  0
LINE
  5
A2F
330
1B
100
AcDbEntity
  8
F.Cu
  6
CONTINUOUS
100
AcDbLine
 10
113.0075149999999979
 20
-62.5715919999999954
 30
0
 11
113.1184079999999881
 21
-62.6824849999999998
 31
0
  0
LINE
  5
A30
330
1B
100
AcDbEntity
  8
F.Cu
  6
CONTINUOUS
100
AcDbLine
 10
113.1184079999999881
 20
-62.6824849999999998
 30
0
 11
113.2055369999999925
 21
-62.8128829999999994
 31
0
  0
LINE
  5
A31
330
1B
100
AcDbEntity
  8
F.Cu
  6
CONTINUOUS
100
AcDbLine
 10
113.2055369999999925
 20
-62.8128829999999994
 30
0
 11
113.2655519999999996
 21
-62.9577719999999985
 31
0
  0
LINE
  5
A32
330
1B
100
AcDbEntity
  8
F.Cu
  6
CONTINUOUS
100
AcDbLine
 10
113.2655519999999996
 20
-62.9577719999999985
 30
0
 11
113.2961479999999881
 21
-63.1115859999999955
 31
0
  0
LINE
  5
A33
330
1B
100
AcDbEntity
  8
F.Cu
  6
CONTINUOUS
100
AcDbLine
 10
113.2961479999999881
 20
-63.1115859999999955
 30
0
 11
113.2961479999999881
 21
-63.2684139999999999
 31
0
  0
LINE
  5
A34
330
1B
100
AcDbEntity
  8
F.Cu
  6
CONTINUOUS
100
AcDbLine
 10
113.2961479999999881
 20
-63.2684139999999999
 30
0
 11
113.2655519999999996
 21
-63.4222279999999969
 31
0
  0
LINE
  5
A35
330
1B
100
AcDbEntity
  8
F.Cu
  6
CONTINUOUS
100
AcDbLine
 10
113.2655519999999996
 20
-63.4222279999999969
 30
0
 11
113.2055369999999925
 21
-63.5671169999999961
 31
0
  0
LINE
  5
A36
330
1B
100
AcDbEntity
  8
F.Cu
  6
CONTINUOUS
100
AcDbLine
 10
113.2055369999999925
 20
-63.5671169999999961
 30
0
 11
113.1184079999999881
 21
-63.6975149999999957
 31
0
  0
LINE
  5
A37
330
1B
100
AcDbEntity
  8
F.Cu
  6
CONTINUOUS
100
AcDbLine
 10
113.1184079999999881
 20
-63.6975149999999957
 30
0
 11
113.0075149999999979
 21
-63.808408
 31
0
  0
LINE
  5
A38
330
1B
100
AcDbEntity
  8
F.Cu
  6
CONTINUOUS
100
AcDbLine
 10
113.0075149999999979
 20
-63.808408
 30
0
 11
112.8771169999999984
 21
-63.8955369999999974
 31
0
  0
LINE
  5
A39
330
1B
100
AcDbEntity
  8
F.Cu
  6
CONTINUOUS
100
AcDbLine
 10
112.8771169999999984
 20
-63.8955369999999974
 30
0
 11
112.7322279999999921
 21
-63.9555519999999973
 31
0
  0
LINE
  5
A3A
330
1B
100
AcDbEntity
  8
F.Cu
  6
CONTINUOUS
100
AcDbLine
 10
112.7322279999999921
 20
-63.9555519999999973
 30
0
 11
112.5784139999999951
 21
-63.986148
 31
0
  0
LINE
  5
A3B
330
1B
100
AcDbEntity
  8
F.Cu
  6
CONTINUOUS
100
AcDbLine
 10
112.5784139999999951
 20
-63.986148
 30
0
 11
112.4215859999999907
 21
-63.986148
 31
0
  0
LINE
  5
A3C
330
1B
100
AcDbEntity
  8
F.Cu
  6
CONTINUOUS
100
AcDbLine
 10
112.4215859999999907
 20
-63.986148
 30
0
 11
112.2677719999999937
 21
-63.9555519999999973
 31
0
  0
LINE
  5
A3D
330
1B
100
AcDbEntity
  8
F.Cu
  6
CONTINUOUS
100
AcDbLine
 10
112.2677719999999937
 20
-63.9555519999999973
 30
0
 11
112.1228830000000016
 21
-63.8955369999999974
 31
0
  0
LINE
  5
A3E
330
1B
100
AcDbEntity
  8
F.Cu
  6
CONTINUOUS
100
AcDbLine
 10
112.1228830000000016
 20
-63.8955369999999974
 30
0
 11
111.9924849999999878
 21
-63.808408
 31
0
  0
LINE
  5
A3F
330
1B
100
AcDbEntity
  8
F.Cu
  6
CONTINUOUS
100
AcDbLine
 10
111.9924849999999878
 20
-63.808408
 30
0
 11
111.8815919999999977
 21
-63.6975149999999957
 31
0
  0
LINE
  5
A40
330
1B
100
AcDbEntity
  8
F.Cu
  6
CONTINUOUS
100
AcDbLine
 10
111.8815919999999977
 20
-63.6975149999999957
 30
0
 11
111.7944629999999933
 21
-63.5671169999999961
 31
0
  0
LINE
  5
A41
330
1B
100
AcDbEntity
  8
F.Cu
  6
CONTINUOUS
100
AcDbLine
 10
111.7944629999999933
 20
-63.5671169999999961
 30
0
 11
111.7344480000000004
 21
-63.4222279999999969
 31
0
  0
LINE
  5
A42
330
1B
100
AcDbEntity
  8
F.Cu
  6
CONTINUOUS
100
AcDbLine
 10
111.7344480000000004
 20
-63.4222279999999969
 30
0
 11
111.7038519999999977
 21
-63.2684139999999999
 31
0
  0
LINE
  5
A43
330
1B
100
AcDbEntity
  8
F.Cu
  6
CONTINUOUS
100
AcDbLine
 10
111.7038519999999977
 20
-63.2684139999999999
 30
0
 11
111.7038519999999977
 21
-63.1115859999999955
 31
0
  0
LINE
  5
A44
330
1B
100
AcDbEntity
  8
F.Cu
  6
CONTINUOUS
100
AcDbLine
 10
111.7038519999999977
 20
-63.1115859999999955
 30
0
 11
111.7344480000000004
 21
-62.9577719999999985
 31
0
  0
LINE
  5
A45
330
1B
100
AcDbEntity
  8
F.Cu
  6
CONTINUOUS
100
AcDbLine
 10
111.7344480000000004
 20
-62.9577719999999985
 30
0
 11
111.7944629999999933
 21
-62.8128829999999994
 31
0
  0
LINE
  5
A46
330
1B
100
AcDbEntity
  8
F.Cu
  6
CONTINUOUS
100
AcDbLine
 10
111.7944629999999933
 20
-62.8128829999999994
 30
0
 11
111.8815919999999977
 21
-62.6824849999999998
 31
0
  0
LINE
  5
A47
330
1B
100
AcDbEntity
  8
F.Cu
  6
CONTINUOUS
100
AcDbLine
 10
111.8815919999999977
 20
-62.6824849999999998
 30
0
 11
111.9924849999999878
 21
-62.5715919999999954
 31
0
  0
LINE
  5
A48
330
1B
100
AcDbEntity
  8
F.Cu
  6
CONTINUOUS
100
AcDbLine
 10
111.9924849999999878
 20
-62.5715919999999954
 30
0
 11
112.1228830000000016
 21
-62.4844629999999981
 31
0
  0
LINE
  5
A49
330
1B
100
AcDbEntity
  8
F.Cu
  6
CONTINUOUS
100
AcDbLine
 10
112.1228830000000016
 20
-62.4844629999999981
 30
0
 11
112.2677719999999937
 21
-62.4244479999999982
 31
0
  0
LINE
  5
A4A
330
1B
100
AcDbEntity
  8
F.Cu
  6
CONTINUOUS
100
AcDbLine
 10
112.2677719999999937
 20
-62.4244479999999982
 30
0
 11
112.4215859999999907
 21
-62.3938519999999954
 31
0
  0
LINE
  5
A4B
330
1B
100
AcDbEntity
  8
F.Cu
  6
CONTINUOUS
100
AcDbLine
 10
112.4215859999999907
 20
-62.3938519999999954
 30
0
 11
112.5784139999999951
 21
-62.3938519999999954
 31
0
  0
LINE
  5
A4C
330
1B
100
AcDbEntity
  8
F.Cu
  6
CONTINUOUS
100
AcDbLine
 10
112.5784139999999951
 20
-62.3938519999999954
 30
0
 11
112.7322279999999921
 21
-62.4244479999999982
 31
0
  0
LINE
  5
A4D
330
1B
100
AcDbEntity
  8
F.Cu
  6
CONTINUOUS
100
AcDbLine
 10
117.2322279999999921
 20
-62.4244479999999982
 30
0
 11
117.3771169999999984
 21
-62.4844629999999981
 31
0
  0
LINE
  5
A4E
330
1B
100
AcDbEntity
  8
F.Cu
  6
CONTINUOUS
100
AcDbLine
 10
117.3771169999999984
 20
-62.4844629999999981
 30
0
 11
117.5075149999999979
 21
-62.5715919999999954
 31
0
  0
LINE
  5
A4F
330
1B
100
AcDbEntity
  8
F.Cu
  6
CONTINUOUS
100
AcDbLine
 10
117.5075149999999979
 20
-62.5715919999999954
 30
0
 11
117.6184079999999881
 21
-62.6824849999999998
 31
0
  0
LINE
  5
A50
330
1B
100
AcDbEntity
  8
F.Cu
  6
CONTINUOUS
100
AcDbLine
 10
117.6184079999999881
 20
-62.6824849999999998
 30
0
 11
117.7055369999999925
 21
-62.8128829999999994
 31
0
  0
LINE
  5
A51
330
1B
100
AcDbEntity
  8
F.Cu
  6
CONTINUOUS
100
AcDbLine
 10
117.7055369999999925
 20
-62.8128829999999994
 30
0
 11
117.7655519999999996
 21
-62.9577719999999985
 31
0
  0
LINE
  5
A52
330
1B
100
AcDbEntity
  8
F.Cu
  6
CONTINUOUS
100
AcDbLine
 10
117.7655519999999996
 20
-62.9577719999999985
 30
0
 11
117.7961479999999881
 21
-63.1115859999999955
 31
0
  0
LINE
  5
A53
330
1B
100
AcDbEntity
  8
F.Cu
  6
CONTINUOUS
100
AcDbLine
 10
117.7961479999999881
 20
-63.1115859999999955
 30
0
 11
117.7961479999999881
 21
-63.2684139999999999
 31
0
  0
LINE
  5
A54
330
1B
100
AcDbEntity
  8
F.Cu
  6
CONTINUOUS
100
AcDbLine
 10
117.7961479999999881
 20
-63.2684139999999999
 30
0
 11
117.7655519999999996
 21
-63.4222279999999969
 31
0
  0
LINE
  5
A55
330
1B
100
AcDbEntity
  8
F.Cu
  6
CONTINUOUS
100
AcDbLine
 10
117.7655519999999996
 20
-63.4222279999999969
 30
0
 11
117.7055369999999925
 21
-63.5671169999999961
 31
0
  0
LINE
  5
A56
330
1B
100
AcDbEntity
  8
F.Cu
  6
CONTINUOUS
100
AcDbLine
 10
117.7055369999999925
 20
-63.5671169999999961
 30
0
 11
117.6184079999999881
 21
-63.6975149999999957
 31
0
  0
LINE
  5
A57
330
1B
100
AcDbEntity
  8
F.Cu
  6
CONTINUOUS
100
AcDbLine
 10
117.6184079999999881
 20
-63.6975149999999957
 30
0
 11
117.5075149999999979
 21
-63.808408
 31
0
  0
LINE
  5
A58
330
1B
100
AcDbEntity
  8
F.Cu
  6
CONTINUOUS
100
AcDbLine
 10
117.5075149999999979
 20
-63.808408
 30
0
 11
117.3771169999999984
 21
-63.8955369999999974
 31
0
  0
LINE
  5
A59
330
1B
100
AcDbEntity
  8
F.Cu
  6
CONTINUOUS
100
AcDbLine
 10
117.3771169999999984
 20
-63.8955369999999974
 30
0
 11
117.2322279999999921
 21
-63.9555519999999973
 31
0
  0
LINE
  5
A5A
330
1B
100
AcDbEntity
  8
F.Cu
  6
CONTINUOUS
100
AcDbLine
 10
117.2322279999999921
 20
-63.9555519999999973
 30
0
 11
117.0784139999999951
 21
-63.986148
 31
0
  0
LINE
  5
A5B
330
1B
100
AcDbEntity
  8
F.Cu
  6
CONTINUOUS
100
AcDbLine
 10
117.0784139999999951
 20
-63.986148
 30
0
 11
116.9215859999999907
 21
-63.986148
 31
0
  0
LINE
  5
A5C
330
1B
100
AcDbEntity
  8
F.Cu
  6
CONTINUOUS
100
AcDbLine
 10
116.9215859999999907
 20
-63.986148
 30
0
 11
116.7677719999999937
 21
-63.9555519999999973
 31
0
  0
LINE
  5
A5D
330
1B
100
AcDbEntity
  8
F.Cu
  6
CONTINUOUS
100
AcDbLine
 10
116.7677719999999937
 20
-63.9555519999999973
 30
0
 11
116.6228830000000016
 21
-63.8955369999999974
 31
0
  0
LINE
  5
A5E
330
1B
100
AcDbEntity
  8
F.Cu
  6
CONTINUOUS
100
AcDbLine
 10
116.6228830000000016
 20
-63.8955369999999974
 30
0
 11
116.4924849999999878
 21
-63.808408
 31
0
  0
LINE
  5
A5F
330
1B
100
AcDbEntity
  8
F.Cu
  6
CONTINUOUS
100
AcDbLine
 10
116.4924849999999878
 20
-63.808408
 30
0
 11
116.3815919999999977
 21
-63.6975149999999957
 31
0
  0
LINE
  5
A60
330
1B
100
AcDbEntity
  8
F.Cu
  6
CONTINUOUS
100
AcDbLine
 10
116.3815919999999977
 20
-63.6975149999999957
 30
0
 11
116.2944629999999933
 21
-63.5671169999999961
 31
0
  0
LINE
  5
A61
330
1B
100
AcDbEntity
  8
F.Cu
  6
CONTINUOUS
100
AcDbLine
 10
116.2944629999999933
 20
-63.5671169999999961
 30
0
 11
116.2344480000000004
 21
-63.4222279999999969
 31
0
  0
LINE
  5
A62
330
1B
100
AcDbEntity
  8
F.Cu
  6
CONTINUOUS
100
AcDbLine
 10
116.2344480000000004
 20
-63.4222279999999969
 30
0
 11
116.2038519999999977
 21
-63.2684139999999999
 31
0
  0
LINE
  5
A63
330
1B
100
AcDbEntity
  8
F.Cu
  6
CONTINUOUS
100
AcDbLine
 10
116.2038519999999977
 20
-63.2684139999999999
 30
0
 11
116.2038519999999977
 21
-63.1115859999999955
 31
0
  0
LINE
  5
A64
330
1B
100
AcDbEntity
  8
F.Cu
  6
CONTINUOUS
100
AcDbLine
 10
116.2038519999999977
 20
-63.1115859999999955
 30
0
 11
116.2344480000000004
 21
-62.9577719999999985
 31
0
  0
LINE
  5
A65
330
1B
100
AcDbEntity
  8
F.Cu
  6
CONTINUOUS
100
AcDbLine
 10
116.2344480000000004
 20
-62.9577719999999985
 30
0
 11
116.2944629999999933
 21
-62.8128829999999994
 31
0
  0
LINE
  5
A66
330
1B
100
AcDbEntity
  8
F.Cu
  6
CONTINUOUS
100
AcDbLine
 10
116.2944629999999933
 20
-62.8128829999999994
 30
0
 11
116.3815919999999977
 21
-62.6824849999999998
 31
0
  0
LINE
  5
A67
330
1B
100
AcDbEntity
  8
F.Cu
  6
CONTINUOUS
100
AcDbLine
 10
116.3815919999999977
 20
-62.6824849999999998
 30
0
 11
116.4924849999999878
 21
-62.5715919999999954
 31
0
  0
LINE
  5
A68
330
1B
100
AcDbEntity
  8
F.Cu
  6
CONTINUOUS
100
AcDbLine
 10
116.4924849999999878
 20
-62.5715919999999954
 30
0
 11
116.6228830000000016
 21
-62.4844629999999981
 31
0
  0
LINE
  5
A69
330
1B
100
AcDbEntity
  8
F.Cu
  6
CONTINUOUS
100
AcDbLine
 10
116.6228830000000016
 20
-62.4844629999999981
 30
0
 11
116.7677719999999937
 21
-62.4244479999999982
 31
0
  0
LINE
  5
A6A
330
1B
100
AcDbEntity
  8
F.Cu
  6
CONTINUOUS
100
AcDbLine
 10
116.7677719999999937
 20
-62.4244479999999982
 30
0
 11
116.9215859999999907
 21
-62.3938519999999954
 31
0
  0
LINE
  5
A6B
330
1B
100
AcDbEntity
  8
F.Cu
  6
CONTINUOUS
100
AcDbLine
 10
116.9215859999999907
 20
-62.3938519999999954
 30
0
 11
117.0784139999999951
 21
-62.3938519999999954
 31
0
  0
LINE
  5
A6C
330
1B
100
AcDbEntity
  8
F.Cu
  6
CONTINUOUS
100
AcDbLine
 10
117.0784139999999951
 20
-62.3938519999999954
 30
0
 11
117.2322279999999921
 21
-62.4244479999999982
 31
0
  0
LINE
  5
A6D
330
1B
100
AcDbEntity
  8
F.Cu
  6
CONTINUOUS
100
AcDbLine
 10
123.2322279999999921
 20
-62.4244479999999982
 30
0
 11
123.3771169999999984
 21
-62.4844629999999981
 31
0
  0
LINE
  5
A6E
330
1B
100
AcDbEntity
  8
F.Cu
  6
CONTINUOUS
100
AcDbLine
 10
123.3771169999999984
 20
-62.4844629999999981
 30
0
 11
123.5075149999999979
 21
-62.5715919999999954
 31
0
  0
LINE
  5
A6F
330
1B
100
AcDbEntity
  8
F.Cu
  6
CONTINUOUS
100
AcDbLine
 10
123.5075149999999979
 20
-62.5715919999999954
 30
0
 11
123.6184079999999881
 21
-62.6824849999999998
 31
0
  0
LINE
  5
A70
330
1B
100
AcDbEntity
  8
F.Cu
  6
CONTINUOUS
100
AcDbLine
 10
123.6184079999999881
 20
-62.6824849999999998
 30
0
 11
123.7055369999999925
 21
-62.8128829999999994
 31
0
  0
LINE
  5
A71
330
1B
100
AcDbEntity
  8
F.Cu
  6
CONTINUOUS
100
AcDbLine
 10
123.7055369999999925
 20
-62.8128829999999994
 30
0
 11
123.7655519999999996
 21
-62.9577719999999985
 31
0
  0
LINE
  5
A72
330
1B
100
AcDbEntity
  8
F.Cu
  6
CONTINUOUS
100
AcDbLine
 10
123.7655519999999996
 20
-62.9577719999999985
 30
0
 11
123.7961479999999881
 21
-63.1115859999999955
 31
0
  0
LINE
  5
A73
330
1B
100
AcDbEntity
  8
F.Cu
  6
CONTINUOUS
100
AcDbLine
 10
123.7961479999999881
 20
-63.1115859999999955
 30
0
 11
123.7961479999999881
 21
-63.2684139999999999
 31
0
  0
LINE
  5
A74
330
1B
100
AcDbEntity
  8
F.Cu
  6
CONTINUOUS
100
AcDbLine
 10
123.7961479999999881
 20
-63.2684139999999999
 30
0
 11
123.7655519999999996
 21
-63.4222279999999969
 31
0
  0
LINE
  5
A75
330
1B
100
AcDbEntity
  8
F.Cu
  6
CONTINUOUS
100
AcDbLine
 10
123.7655519999999996
 20
-63.4222279999999969
 30
0
 11
123.7055369999999925
 21
-63.5671169999999961
 31
0
  0
LINE
  5
A76
330
1B
100
AcDbEntity
  8
F.Cu
  6
CONTINUOUS
100
AcDbLine
 10
123.7055369999999925
 20
-63.5671169999999961
 30
0
 11
123.6184079999999881
 21
-63.6975149999999957
 31
0
  0
LINE
  5
A77
330
1B
100
AcDbEntity
  8
F.Cu
  6
CONTINUOUS
100
AcDbLine
 10
123.6184079999999881
 20
-63.6975149999999957
 30
0
 11
123.5075149999999979
 21
-63.808408
 31
0
  0
LINE
  5
A78
330
1B
100
AcDbEntity
  8
F.Cu
  6
CONTINUOUS
100
AcDbLine
 10
123.5075149999999979
 20
-63.808408
 30
0
 11
123.3771169999999984
 21
-63.8955369999999974
 31
0
  0
LINE
  5
A79
330
1B
100
AcDbEntity
  8
F.Cu
  6
CONTINUOUS
100
AcDbLine
 10
123.3771169999999984
 20
-63.8955369999999974
 30
0
 11
123.2322279999999921
 21
-63.9555519999999973
 31
0
  0
LINE
  5
A7A
330
1B
100
AcDbEntity
  8
F.Cu
  6
CONTINUOUS
100
AcDbLine
 10
123.2322279999999921
 20
-63.9555519999999973
 30
0
 11
123.0784139999999951
 21
-63.986148
 31
0
  0
LINE
  5
A7B
330
1B
100
AcDbEntity
  8
F.Cu
  6
CONTINUOUS
100
AcDbLine
 10
123.0784139999999951
 20
-63.986148
 30
0
 11
122.9215859999999907
 21
-63.986148
 31
0
  0
LINE
  5
A7C
330
1B
100
AcDbEntity
  8
F.Cu
  6
CONTINUOUS
100
AcDbLine
 10
122.9215859999999907
 20
-63.986148
 30
0
 11
122.7677719999999937
 21
-63.9555519999999973
 31
0
  0
LINE
  5
A7D
330
1B
100
AcDbEntity
  8
F.Cu
  6
CONTINUOUS
100
AcDbLine
 10
122.7677719999999937
 20
-63.9555519999999973
 30
0
 11
122.6228829999999874
 21
-63.8955369999999974
 31
0
  0
LINE
  5
A7E
330
1B
100
AcDbEntity
  8
F.Cu
  6
CONTINUOUS
100
AcDbLine
 10
122.6228829999999874
 20
-63.8955369999999974
 30
0
 11
122.4924849999999878
 21
-63.808408
 31
0
  0
LINE
  5
A7F
330
1B
100
AcDbEntity
  8
F.Cu
  6
CONTINUOUS
100
AcDbLine
 10
122.4924849999999878
 20
-63.808408
 30
0
 11
122.3815919999999977
 21
-63.6975149999999957
 31
0
  0
LINE
  5
A80
330
1B
100
AcDbEntity
  8
F.Cu
  6
CONTINUOUS
100
AcDbLine
 10
122.3815919999999977
 20
-63.6975149999999957
 30
0
 11
122.2944629999999933
 21
-63.5671169999999961
 31
0
  0
LINE
  5
A81
330
1B
100
AcDbEntity
  8
F.Cu
  6
CONTINUOUS
100
AcDbLine
 10
122.2944629999999933
 20
-63.5671169999999961
 30
0
 11
122.2344480000000004
 21
-63.4222279999999969
 31
0
  0
LINE
  5
A82
330
1B
100
AcDbEntity
  8
F.Cu
  6
CONTINUOUS
100
AcDbLine
 10
122.2344480000000004
 20
-63.4222279999999969
 30
0
 11
122.2038519999999977
 21
-63.2684139999999999
 31
0
  0
LINE
  5
A83
330
1B
100
AcDbEntity
  8
F.Cu
  6
CONTINUOUS
100
AcDbLine
 10
122.2038519999999977
 20
-63.2684139999999999
 30
0
 11
122.2038519999999977
 21
-63.1115859999999955
 31
0
  0
LINE
  5
A84
330
1B
100
AcDbEntity
  8
F.Cu
  6
CONTINUOUS
100
AcDbLine
 10
122.2038519999999977
 20
-63.1115859999999955
 30
0
 11
122.2344480000000004
 21
-62.9577719999999985
 31
0
  0
LINE
  5
A85
330
1B
100
AcDbEntity
  8
F.Cu
  6
CONTINUOUS
100
AcDbLine
 10
122.2344480000000004
 20
-62.9577719999999985
 30
0
 11
122.2944629999999933
 21
-62.8128829999999994
 31
0
  0
LINE
  5
A86
330
1B
100
AcDbEntity
  8
F.Cu
  6
CONTINUOUS
100
AcDbLine
 10
122.2944629999999933
 20
-62.8128829999999994
 30
0
 11
122.3815919999999977
 21
-62.6824849999999998
 31
0
  0
LINE
  5
A87
330
1B
100
AcDbEntity
  8
F.Cu
  6
CONTINUOUS
100
AcDbLine
 10
122.3815919999999977
 20
-62.6824849999999998
 30
0
 11
122.4924849999999878
 21
-62.5715919999999954
 31
0
  0
LINE
  5
A88
330
1B
100
AcDbEntity
  8
F.Cu
  6
CONTINUOUS
100
AcDbLine
 10
122.4924849999999878
 20
-62.5715919999999954
 30
0
 11
122.6228829999999874
 21
-62.4844629999999981
 31
0
  0
LINE
  5
A89
330
1B
100
AcDbEntity
  8
F.Cu
  6
CONTINUOUS
100
AcDbLine
 10
122.6228829999999874
 20
-62.4844629999999981
 30
0
 11
122.7677719999999937
 21
-62.4244479999999982
 31
0
  0
LINE
  5
A8A
330
1B
100
AcDbEntity
  8
F.Cu
  6
CONTINUOUS
100
AcDbLine
 10
122.7677719999999937
 20
-62.4244479999999982
 30
0
 11
122.9215859999999907
 21
-62.3938519999999954
 31
0
  0
LINE
  5
A8B
330
1B
100
AcDbEntity
  8
F.Cu
  6
CONTINUOUS
100
AcDbLine
 10
122.9215859999999907
 20
-62.3938519999999954
 30
0
 11
123.0784139999999951
 21
-62.3938519999999954
 31
0
  0
LINE
  5
A8C
330
1B
100
AcDbEntity
  8
F.Cu
  6
CONTINUOUS
100
AcDbLine
 10
123.0784139999999951
 20
-62.3938519999999954
 30
0
 11
123.2322279999999921
 21
-62.4244479999999982
 31
0
  0
LINE
  5
A8D
330
1B
100
AcDbEntity
  8
F.Cu
  6
CONTINUOUS
100
AcDbLine
 10
159.2322279999999921
 20
-60.9244479999999982
 30
0
 11
159.3771169999999984
 21
-60.9844629999999981
 31
0
  0
LINE
  5
A8E
330
1B
100
AcDbEntity
  8
F.Cu
  6
CONTINUOUS
100
AcDbLine
 10
159.3771169999999984
 20
-60.9844629999999981
 30
0
 11
159.5075149999999837
 21
-61.0715919999999954
 31
0
  0
LINE
  5
A8F
330
1B
100
AcDbEntity
  8
F.Cu
  6
CONTINUOUS
100
AcDbLine
 10
159.5075149999999837
 20
-61.0715919999999954
 30
0
 11
159.6184079999999881
 21
-61.1824849999999998
 31
0
  0
LINE
  5
A90
330
1B
100
AcDbEntity
  8
F.Cu
  6
CONTINUOUS
100
AcDbLine
 10
159.6184079999999881
 20
-61.1824849999999998
 30
0
 11
159.7055369999999925
 21
-61.3128829999999994
 31
0
  0
LINE
  5
A91
330
1B
100
AcDbEntity
  8
F.Cu
  6
CONTINUOUS
100
AcDbLine
 10
159.7055369999999925
 20
-61.3128829999999994
 30
0
 11
159.7655519999999854
 21
-61.4577719999999985
 31
0
  0
LINE
  5
A92
330
1B
100
AcDbEntity
  8
F.Cu
  6
CONTINUOUS
100
AcDbLine
 10
159.7655519999999854
 20
-61.4577719999999985
 30
0
 11
159.7961479999999881
 21
-61.6115859999999955
 31
0
  0
LINE
  5
A93
330
1B
100
AcDbEntity
  8
F.Cu
  6
CONTINUOUS
100
AcDbLine
 10
159.7961479999999881
 20
-61.6115859999999955
 30
0
 11
159.7961479999999881
 21
-61.7684139999999999
 31
0
  0
LINE
  5
A94
330
1B
100
AcDbEntity
  8
F.Cu
  6
CONTINUOUS
100
AcDbLine
 10
159.7961479999999881
 20
-61.7684139999999999
 30
0
 11
159.7655519999999854
 21
-61.9222279999999969
 31
0
  0
LINE
  5
A95
330
1B
100
AcDbEntity
  8
F.Cu
  6
CONTINUOUS
100
AcDbLine
 10
159.7655519999999854
 20
-61.9222279999999969
 30
0
 11
159.7055369999999925
 21
-62.0671169999999961
 31
0
  0
LINE
  5
A96
330
1B
100
AcDbEntity
  8
F.Cu
  6
CONTINUOUS
100
AcDbLine
 10
159.7055369999999925
 20
-62.0671169999999961
 30
0
 11
159.6184079999999881
 21
-62.1975149999999957
 31
0
  0
LINE
  5
A97
330
1B
100
AcDbEntity
  8
F.Cu
  6
CONTINUOUS
100
AcDbLine
 10
159.6184079999999881
 20
-62.1975149999999957
 30
0
 11
159.5075149999999837
 21
-62.308408
 31
0
  0
LINE
  5
A98
330
1B
100
AcDbEntity
  8
F.Cu
  6
CONTINUOUS
100
AcDbLine
 10
159.5075149999999837
 20
-62.308408
 30
0
 11
159.3771169999999984
 21
-62.3955369999999974
 31
0
  0
LINE
  5
A99
330
1B
100
AcDbEntity
  8
F.Cu
  6
CONTINUOUS
100
AcDbLine
 10
159.3771169999999984
 20
-62.3955369999999974
 30
0
 11
159.2322279999999921
 21
-62.4555519999999973
 31
0
  0
LINE
  5
A9A
330
1B
100
AcDbEntity
  8
F.Cu
  6
CONTINUOUS
100
AcDbLine
 10
159.2322279999999921
 20
-62.4555519999999973
 30
0
 11
159.0784139999999809
 21
-62.486148
 31
0
  0
LINE
  5
A9B
330
1B
100
AcDbEntity
  8
F.Cu
  6
CONTINUOUS
100
AcDbLine
 10
159.0784139999999809
 20
-62.486148
 30
0
 11
158.9215859999999907
 21
-62.486148
 31
0
  0
LINE
  5
A9C
330
1B
100
AcDbEntity
  8
F.Cu
  6
CONTINUOUS
100
AcDbLine
 10
158.9215859999999907
 20
-62.486148
 30
0
 11
158.7677719999999795
 21
-62.4555519999999973
 31
0
  0
LINE
  5
A9D
330
1B
100
AcDbEntity
  8
F.Cu
  6
CONTINUOUS
100
AcDbLine
 10
158.7677719999999795
 20
-62.4555519999999973
 30
0
 11
158.6228830000000016
 21
-62.3955369999999974
 31
0
  0
LINE
  5
A9E
330
1B
100
AcDbEntity
  8
F.Cu
  6
CONTINUOUS
100
AcDbLine
 10
158.6228830000000016
 20
-62.3955369999999974
 30
0
 11
158.4924849999999878
 21
-62.308408
 31
0
  0
LINE
  5
A9F
330
1B
100
AcDbEntity
  8
F.Cu
  6
CONTINUOUS
100
AcDbLine
 10
158.4924849999999878
 20
-62.308408
 30
0
 11
158.3815919999999835
 21
-62.1975149999999957
 31
0
  0
LINE
  5
AA0
330
1B
100
AcDbEntity
  8
F.Cu
  6
CONTINUOUS
100
AcDbLine
 10
158.3815919999999835
 20
-62.1975149999999957
 30
0
 11
158.294462999999979
 21
-62.0671169999999961
 31
0
  0
LINE
  5
AA1
330
1B
100
AcDbEntity
  8
F.Cu
  6
CONTINUOUS
100
AcDbLine
 10
158.294462999999979
 20
-62.0671169999999961
 30
0
 11
158.2344479999999862
 21
-61.9222279999999969
 31
0
  0
LINE
  5
AA2
330
1B
100
AcDbEntity
  8
F.Cu
  6
CONTINUOUS
100
AcDbLine
 10
158.2344479999999862
 20
-61.9222279999999969
 30
0
 11
158.2038519999999835
 21
-61.7684139999999999
 31
0
  0
LINE
  5
AA3
330
1B
100
AcDbEntity
  8
F.Cu
  6
CONTINUOUS
100
AcDbLine
 10
158.2038519999999835
 20
-61.7684139999999999
 30
0
 11
158.2038519999999835
 21
-61.6115859999999955
 31
0
  0
LINE
  5
AA4
330
1B
100
AcDbEntity
  8
F.Cu
  6
CONTINUOUS
100
AcDbLine
 10
158.2038519999999835
 20
-61.6115859999999955
 30
0
 11
158.2344479999999862
 21
-61.4577719999999985
 31
0
  0
LINE
  5
AA5
330
1B
100
AcDbEntity
  8
F.Cu
  6
CONTINUOUS
100
AcDbLine
 10
158.2344479999999862
 20
-61.4577719999999985
 30
0
 11
158.294462999999979
 21
-61.3128829999999994
 31
0
  0
LINE
  5
AA6
330
1B
100
AcDbEntity
  8
F.Cu
  6
CONTINUOUS
100
AcDbLine
 10
158.294462999999979
 20
-61.3128829999999994
 30
0
 11
158.3815919999999835
 21
-61.1824849999999998
 31
0
  0
LINE
  5
AA7
330
1B
100
AcDbEntity
  8
F.Cu
  6
CONTINUOUS
100
AcDbLine
 10
158.3815919999999835
 20
-61.1824849999999998
 30
0
 11
158.4924849999999878
 21
-61.0715919999999954
 31
0
  0
LINE
  5
AA8
330
1B
100
AcDbEntity
  8
F.Cu
  6
CONTINUOUS
100
AcDbLine
 10
158.4924849999999878
 20
-61.0715919999999954
 30
0
 11
158.6228830000000016
 21
-60.9844629999999981
 31
0
  0
LINE
  5
AA9
330
1B
100
AcDbEntity
  8
F.Cu
  6
CONTINUOUS
100
AcDbLine
 10
158.6228830000000016
 20
-60.9844629999999981
 30
0
 11
158.7677719999999795
 21
-60.9244479999999982
 31
0
  0
LINE
  5
AAA
330
1B
100
AcDbEntity
  8
F.Cu
  6
CONTINUOUS
100
AcDbLine
 10
158.7677719999999795
 20
-60.9244479999999982
 30
0
 11
158.9215859999999907
 21
-60.8938519999999954
 31
0
  0
LINE
  5
AAB
330
1B
100
AcDbEntity
  8
F.Cu
  6
CONTINUOUS
100
AcDbLine
 10
158.9215859999999907
 20
-60.8938519999999954
 30
0
 11
159.0784139999999809
 21
-60.8938519999999954
 31
0
  0
LINE
  5
AAC
330
1B
100
AcDbEntity
  8
F.Cu
  6
CONTINUOUS
100
AcDbLine
 10
159.0784139999999809
 20
-60.8938519999999954
 30
0
 11
159.2322279999999921
 21
-60.9244479999999982
 31
0
  0
LINE
  5
AAD
330
1B
100
AcDbEntity
  8
F.Cu
  6
CONTINUOUS
100
AcDbLine
 10
191.8499999999999943
 20
-62.0749999999999957
 30
0
 11
190.1499999999999773
 21
-62.0749999999999957
 31
0
  0
LINE
  5
AAE
330
1B
100
AcDbEntity
  8
F.Cu
  6
CONTINUOUS
100
AcDbLine
 10
190.1499999999999773
 20
-62.0749999999999957
 30
0
 11
190.1499999999999773
 21
-60.375
 31
0
  0
LINE
  5
AAF
330
1B
100
AcDbEntity
  8
F.Cu
  6
CONTINUOUS
100
AcDbLine
 10
190.1499999999999773
 20
-60.375
 30
0
 11
191.8499999999999943
 21
-60.375
 31
0
  0
LINE
  5
AB0
330
1B
100
AcDbEntity
  8
F.Cu
  6
CONTINUOUS
100
AcDbLine
 10
191.8499999999999943
 20
-60.375
 30
0
 11
191.8499999999999943
 21
-62.0749999999999957
 31
0
  0
LINE
  5
AB1
330
1B
100
AcDbEntity
  8
F.Cu
  6
CONTINUOUS
100
AcDbLine
 10
147.7322279999999921
 20
-59.4244479999999982
 30
0
 11
147.8771169999999984
 21
-59.4844629999999981
 31
0
  0
LINE
  5
AB2
330
1B
100
AcDbEntity
  8
F.Cu
  6
CONTINUOUS
100
AcDbLine
 10
147.8771169999999984
 20
-59.4844629999999981
 30
0
 11
148.0075149999999837
 21
-59.5715919999999954
 31
0
  0
LINE
  5
AB3
330
1B
100
AcDbEntity
  8
F.Cu
  6
CONTINUOUS
100
AcDbLine
 10
148.0075149999999837
 20
-59.5715919999999954
 30
0
 11
148.1184079999999881
 21
-59.6824849999999998
 31
0
  0
LINE
  5
AB4
330
1B
100
AcDbEntity
  8
F.Cu
  6
CONTINUOUS
100
AcDbLine
 10
148.1184079999999881
 20
-59.6824849999999998
 30
0
 11
148.2055369999999925
 21
-59.8128829999999994
 31
0
  0
LINE
  5
AB5
330
1B
100
AcDbEntity
  8
F.Cu
  6
CONTINUOUS
100
AcDbLine
 10
148.2055369999999925
 20
-59.8128829999999994
 30
0
 11
148.2655519999999854
 21
-59.9577719999999985
 31
0
  0
LINE
  5
AB6
330
1B
100
AcDbEntity
  8
F.Cu
  6
CONTINUOUS
100
AcDbLine
 10
148.2655519999999854
 20
-59.9577719999999985
 30
0
 11
148.2961479999999881
 21
-60.1115859999999955
 31
0
  0
LINE
  5
AB7
330
1B
100
AcDbEntity
  8
F.Cu
  6
CONTINUOUS
100
AcDbLine
 10
148.2961479999999881
 20
-60.1115859999999955
 30
0
 11
148.2961479999999881
 21
-60.2684139999999999
 31
0
  0
LINE
  5
AB8
330
1B
100
AcDbEntity
  8
F.Cu
  6
CONTINUOUS
100
AcDbLine
 10
148.2961479999999881
 20
-60.2684139999999999
 30
0
 11
148.2655519999999854
 21
-60.4222279999999969
 31
0
  0
LINE
  5
AB9
330
1B
100
AcDbEntity
  8
F.Cu
  6
CONTINUOUS
100
AcDbLine
 10
148.2655519999999854
 20
-60.4222279999999969
 30
0
 11
148.2055369999999925
 21
-60.5671169999999961
 31
0
  0
LINE
  5
ABA
330
1B
100
AcDbEntity
  8
F.Cu
  6
CONTINUOUS
100
AcDbLine
 10
148.2055369999999925
 20
-60.5671169999999961
 30
0
 11
148.1184079999999881
 21
-60.6975149999999957
 31
0
  0
LINE
  5
ABB
330
1B
100
AcDbEntity
  8
F.Cu
  6
CONTINUOUS
100
AcDbLine
 10
148.1184079999999881
 20
-60.6975149999999957
 30
0
 11
148.0075149999999837
 21
-60.808408
 31
0
  0
LINE
  5
ABC
330
1B
100
AcDbEntity
  8
F.Cu
  6
CONTINUOUS
100
AcDbLine
 10
148.0075149999999837
 20
-60.808408
 30
0
 11
147.8771169999999984
 21
-60.8955369999999974
 31
0
  0
LINE
  5
ABD
330
1B
100
AcDbEntity
  8
F.Cu
  6
CONTINUOUS
100
AcDbLine
 10
147.8771169999999984
 20
-60.8955369999999974
 30
0
 11
147.7322279999999921
 21
-60.9555519999999973
 31
0
  0
LINE
  5
ABE
330
1B
100
AcDbEntity
  8
F.Cu
  6
CONTINUOUS
100
AcDbLine
 10
147.7322279999999921
 20
-60.9555519999999973
 30
0
 11
147.5784139999999809
 21
-60.986148
 31
0
  0
LINE
  5
ABF
330
1B
100
AcDbEntity
  8
F.Cu
  6
CONTINUOUS
100
AcDbLine
 10
147.5784139999999809
 20
-60.986148
 30
0
 11
147.4215859999999907
 21
-60.986148
 31
0
  0
LINE
  5
AC0
330
1B
100
AcDbEntity
  8
F.Cu
  6
CONTINUOUS
100
AcDbLine
 10
147.4215859999999907
 20
-60.986148
 30
0
 11
147.2677719999999795
 21
-60.9555519999999973
 31
0
  0
LINE
  5
AC1
330
1B
100
AcDbEntity
  8
F.Cu
  6
CONTINUOUS
100
AcDbLine
 10
147.2677719999999795
 20
-60.9555519999999973
 30
0
 11
147.1228830000000016
 21
-60.8955369999999974
 31
0
  0
LINE
  5
AC2
330
1B
100
AcDbEntity
  8
F.Cu
  6
CONTINUOUS
100
AcDbLine
 10
147.1228830000000016
 20
-60.8955369999999974
 30
0
 11
146.9924849999999878
 21
-60.808408
 31
0
  0
LINE
  5
AC3
330
1B
100
AcDbEntity
  8
F.Cu
  6
CONTINUOUS
100
AcDbLine
 10
146.9924849999999878
 20
-60.808408
 30
0
 11
146.8815919999999835
 21
-60.6975149999999957
 31
0
  0
LINE
  5
AC4
330
1B
100
AcDbEntity
  8
F.Cu
  6
CONTINUOUS
100
AcDbLine
 10
146.8815919999999835
 20
-60.6975149999999957
 30
0
 11
146.7944630000000075
 21
-60.5671169999999961
 31
0
  0
LINE
  5
AC5
330
1B
100
AcDbEntity
  8
F.Cu
  6
CONTINUOUS
100
AcDbLine
 10
146.7944630000000075
 20
-60.5671169999999961
 30
0
 11
146.7344479999999862
 21
-60.4222279999999969
 31
0
  0
LINE
  5
AC6
330
1B
100
AcDbEntity
  8
F.Cu
  6
CONTINUOUS
100
AcDbLine
 10
146.7344479999999862
 20
-60.4222279999999969
 30
0
 11
146.7038519999999835
 21
-60.2684139999999999
 31
0
  0
LINE
  5
AC7
330
1B
100
AcDbEntity
  8
F.Cu
  6
CONTINUOUS
100
AcDbLine
 10
146.7038519999999835
 20
-60.2684139999999999
 30
0
 11
146.7038519999999835
 21
-60.1115859999999955
 31
0
  0
LINE
  5
AC8
330
1B
100
AcDbEntity
  8
F.Cu
  6
CONTINUOUS
100
AcDbLine
 10
146.7038519999999835
 20
-60.1115859999999955
 30
0
 11
146.7344479999999862
 21
-59.9577719999999985
 31
0
  0
LINE
  5
AC9
330
1B
100
AcDbEntity
  8
F.Cu
  6
CONTINUOUS
100
AcDbLine
 10
146.7344479999999862
 20
-59.9577719999999985
 30
0
 11
146.7944630000000075
 21
-59.8128829999999994
 31
0
  0
LINE
  5
ACA
330
1B
100
AcDbEntity
  8
F.Cu
  6
CONTINUOUS
100
AcDbLine
 10
146.7944630000000075
 20
-59.8128829999999994
 30
0
 11
146.8815919999999835
 21
-59.6824849999999998
 31
0
  0
LINE
  5
ACB
330
1B
100
AcDbEntity
  8
F.Cu
  6
CONTINUOUS
100
AcDbLine
 10
146.8815919999999835
 20
-59.6824849999999998
 30
0
 11
146.9924849999999878
 21
-59.5715919999999954
 31
0
  0
LINE
  5
ACC
330
1B
100
AcDbEntity
  8
F.Cu
  6
CONTINUOUS
100
AcDbLine
 10
146.9924849999999878
 20
-59.5715919999999954
 30
0
 11
147.1228830000000016
 21
-59.4844629999999981
 31
0
  0
LINE
  5
ACD
330
1B
100
AcDbEntity
  8
F.Cu
  6
CONTINUOUS
100
AcDbLine
 10
147.1228830000000016
 20
-59.4844629999999981
 30
0
 11
147.2677719999999795
 21
-59.4244479999999982
 31
0
  0
LINE
  5
ACE
330
1B
100
AcDbEntity
  8
F.Cu
  6
CONTINUOUS
100
AcDbLine
 10
147.2677719999999795
 20
-59.4244479999999982
 30
0
 11
147.4215859999999907
 21
-59.3938519999999954
 31
0
  0
LINE
  5
ACF
330
1B
100
AcDbEntity
  8
F.Cu
  6
CONTINUOUS
100
AcDbLine
 10
147.4215859999999907
 20
-59.3938519999999954
 30
0
 11
147.5784139999999809
 21
-59.3938519999999954
 31
0
  0
LINE
  5
AD0
330
1B
100
AcDbEntity
  8
F.Cu
  6
CONTINUOUS
100
AcDbLine
 10
147.5784139999999809
 20
-59.3938519999999954
 30
0
 11
147.7322279999999921
 21
-59.4244479999999982
 31
0
  0
LINE
  5
AD1
330
1B
100
AcDbEntity
  8
F.Cu
  6
CONTINUOUS
100
AcDbLine
 10
103.7801339999999897
 20
-55.8331559999999953
 30
0
 11
103.959220000000002
 21
-55.8913449999999941
 31
0
  0
LINE
  5
AD2
330
1B
100
AcDbEntity
  8
F.Cu
  6
CONTINUOUS
100
AcDbLine
 10
103.959220000000002
 20
-55.8913449999999941
 30
0
 11
104.1269980000000004
 21
-55.9768319999999946
 31
0
  0
LINE
  5
AD3
330
1B
100
AcDbEntity
  8
F.Cu
  6
CONTINUOUS
100
AcDbLine
 10
104.1269980000000004
 20
-55.9768319999999946
 30
0
 11
104.2793379999999956
 21
-56.0875129999999942
 31
0
  0
LINE
  5
AD4
330
1B
100
AcDbEntity
  8
F.Cu
  6
CONTINUOUS
100
AcDbLine
 10
104.2793379999999956
 20
-56.0875129999999942
 30
0
 11
104.4124869999999987
 21
-56.2206619999999972
 31
0
  0
LINE
  5
AD5
330
1B
100
AcDbEntity
  8
F.Cu
  6
CONTINUOUS
100
AcDbLine
 10
104.4124869999999987
 20
-56.2206619999999972
 30
0
 11
104.5231679999999983
 21
-56.3730019999999996
 31
0
  0
LINE
  5
AD6
330
1B
100
AcDbEntity
  8
F.Cu
  6
CONTINUOUS
100
AcDbLine
 10
104.5231679999999983
 20
-56.3730019999999996
 30
0
 11
104.6086549999999988
 21
-56.540779999999998
 31
0
  0
LINE
  5
AD7
330
1B
100
AcDbEntity
  8
F.Cu
  6
CONTINUOUS
100
AcDbLine
 10
104.6086549999999988
 20
-56.540779999999998
 30
0
 11
104.6668439999999975
 21
-56.7198659999999961
 31
0
  0
LINE
  5
AD8
330
1B
100
AcDbEntity
  8
F.Cu
  6
CONTINUOUS
100
AcDbLine
 10
104.6668439999999975
 20
-56.7198659999999961
 30
0
 11
104.6963009999999912
 21
-56.9058489999999964
 31
0
  0
LINE
  5
AD9
330
1B
100
AcDbEntity
  8
F.Cu
  6
CONTINUOUS
100
AcDbLine
 10
104.6963009999999912
 20
-56.9058489999999964
 30
0
 11
104.6963009999999912
 21
-57.0941509999999965
 31
0
  0
LINE
  5
ADA
330
1B
100
AcDbEntity
  8
F.Cu
  6
CONTINUOUS
100
AcDbLine
 10
104.6963009999999912
 20
-57.0941509999999965
 30
0
 11
104.6668439999999975
 21
-57.2801339999999968
 31
0
  0
LINE
  5
ADB
330
1B
100
AcDbEntity
  8
F.Cu
  6
CONTINUOUS
100
AcDbLine
 10
104.6668439999999975
 20
-57.2801339999999968
 30
0
 11
104.6086549999999988
 21
-57.4592199999999949
 31
0
  0
LINE
  5
ADC
330
1B
100
AcDbEntity
  8
F.Cu
  6
CONTINUOUS
100
AcDbLine
 10
104.6086549999999988
 20
-57.4592199999999949
 30
0
 11
104.5231679999999983
 21
-57.6269980000000004
 31
0
  0
LINE
  5
ADD
330
1B
100
AcDbEntity
  8
F.Cu
  6
CONTINUOUS
100
AcDbLine
 10
104.5231679999999983
 20
-57.6269980000000004
 30
0
 11
104.4124869999999987
 21
-57.7793379999999956
 31
0
  0
LINE
  5
ADE
330
1B
100
AcDbEntity
  8
F.Cu
  6
CONTINUOUS
100
AcDbLine
 10
104.4124869999999987
 20
-57.7793379999999956
 30
0
 11
104.2793379999999956
 21
-57.9124869999999987
 31
0
  0
LINE
  5
ADF
330
1B
100
AcDbEntity
  8
F.Cu
  6
CONTINUOUS
100
AcDbLine
 10
104.2793379999999956
 20
-57.9124869999999987
 30
0
 11
104.1269980000000004
 21
-58.0231679999999983
 31
0
  0
LINE
  5
AE0
330
1B
100
AcDbEntity
  8
F.Cu
  6
CONTINUOUS
100
AcDbLine
 10
104.1269980000000004
 20
-58.0231679999999983
 30
0
 11
103.959220000000002
 21
-58.1086549999999988
 31
0
  0
LINE
  5
AE1
330
1B
100
AcDbEntity
  8
F.Cu
  6
CONTINUOUS
100
AcDbLine
 10
103.959220000000002
 20
-58.1086549999999988
 30
0
 11
103.7801339999999897
 21
-58.1668439999999975
 31
0
  0
LINE
  5
AE2
330
1B
100
AcDbEntity
  8
F.Cu
  6
CONTINUOUS
100
AcDbLine
 10
103.7801339999999897
 20
-58.1668439999999975
 30
0
 11
103.5941509999999965
 21
-58.1963009999999983
 31
0
  0
LINE
  5
AE3
330
1B
100
AcDbEntity
  8
F.Cu
  6
CONTINUOUS
100
AcDbLine
 10
103.5941509999999965
 20
-58.1963009999999983
 30
0
 11
103.4058489999999892
 21
-58.1963009999999983
 31
0
  0
LINE
  5
AE4
330
1B
100
AcDbEntity
  8
F.Cu
  6
CONTINUOUS
100
AcDbLine
 10
103.4058489999999892
 20
-58.1963009999999983
 30
0
 11
103.2198659999999961
 21
-58.1668439999999975
 31
0
  0
LINE
  5
AE5
330
1B
100
AcDbEntity
  8
F.Cu
  6
CONTINUOUS
100
AcDbLine
 10
103.2198659999999961
 20
-58.1668439999999975
 30
0
 11
103.040779999999998
 21
-58.1086549999999988
 31
0
  0
LINE
  5
AE6
330
1B
100
AcDbEntity
  8
F.Cu
  6
CONTINUOUS
100
AcDbLine
 10
103.040779999999998
 20
-58.1086549999999988
 30
0
 11
102.8730019999999996
 21
-58.0231679999999983
 31
0
  0
LINE
  5
AE7
330
1B
100
AcDbEntity
  8
F.Cu
  6
CONTINUOUS
100
AcDbLine
 10
102.8730019999999996
 20
-58.0231679999999983
 30
0
 11
102.7206619999999901
 21
-57.9124869999999987
 31
0
  0
LINE
  5
AE8
330
1B
100
AcDbEntity
  8
F.Cu
  6
CONTINUOUS
100
AcDbLine
 10
102.7206619999999901
 20
-57.9124869999999987
 30
0
 11
102.5875130000000013
 21
-57.7793379999999956
 31
0
  0
LINE
  5
AE9
330
1B
100
AcDbEntity
  8
F.Cu
  6
CONTINUOUS
100
AcDbLine
 10
102.5875130000000013
 20
-57.7793379999999956
 30
0
 11
102.4768320000000017
 21
-57.6269980000000004
 31
0
  0
LINE
  5
AEA
330
1B
100
AcDbEntity
  8
F.Cu
  6
CONTINUOUS
100
AcDbLine
 10
102.4768320000000017
 20
-57.6269980000000004
 30
0
 11
102.3913450000000012
 21
-57.4592199999999949
 31
0
  0
LINE
  5
AEB
330
1B
100
AcDbEntity
  8
F.Cu
  6
CONTINUOUS
100
AcDbLine
 10
102.3913450000000012
 20
-57.4592199999999949
 30
0
 11
102.3331560000000025
 21
-57.2801339999999968
 31
0
  0
LINE
  5
AEC
330
1B
100
AcDbEntity
  8
F.Cu
  6
CONTINUOUS
100
AcDbLine
 10
102.3331560000000025
 20
-57.2801339999999968
 30
0
 11
102.3036989999999946
 21
-57.0941509999999965
 31
0
  0
LINE
  5
AED
330
1B
100
AcDbEntity
  8
F.Cu
  6
CONTINUOUS
100
AcDbLine
 10
102.3036989999999946
 20
-57.0941509999999965
 30
0
 11
102.3036989999999946
 21
-56.9058489999999964
 31
0
  0
LINE
  5
AEE
330
1B
100
AcDbEntity
  8
F.Cu
  6
CONTINUOUS
100
AcDbLine
 10
102.3036989999999946
 20
-56.9058489999999964
 30
0
 11
102.3331560000000025
 21
-56.7198659999999961
 31
0
  0
LINE
  5
AEF
330
1B
100
AcDbEntity
  8
F.Cu
  6
CONTINUOUS
100
AcDbLine
 10
102.3331560000000025
 20
-56.7198659999999961
 30
0
 11
102.3913450000000012
 21
-56.540779999999998
 31
0
  0
LINE
  5
AF0
330
1B
100
AcDbEntity
  8
F.Cu
  6
CONTINUOUS
100
AcDbLine
 10
102.3913450000000012
 20
-56.540779999999998
 30
0
 11
102.4768320000000017
 21
-56.3730019999999996
 31
0
  0
LINE
  5
AF1
330
1B
100
AcDbEntity
  8
F.Cu
  6
CONTINUOUS
100
AcDbLine
 10
102.4768320000000017
 20
-56.3730019999999996
 30
0
 11
102.5875130000000013
 21
-56.2206619999999972
 31
0
  0
LINE
  5
AF2
330
1B
100
AcDbEntity
  8
F.Cu
  6
CONTINUOUS
100
AcDbLine
 10
102.5875130000000013
 20
-56.2206619999999972
 30
0
 11
102.7206619999999901
 21
-56.0875129999999942
 31
0
  0
LINE
  5
AF3
330
1B
100
AcDbEntity
  8
F.Cu
  6
CONTINUOUS
100
AcDbLine
 10
102.7206619999999901
 20
-56.0875129999999942
 30
0
 11
102.8730019999999996
 21
-55.9768319999999946
 31
0
  0
LINE
  5
AF4
330
1B
100
AcDbEntity
  8
F.Cu
  6
CONTINUOUS
100
AcDbLine
 10
102.8730019999999996
 20
-55.9768319999999946
 30
0
 11
103.040779999999998
 21
-55.8913449999999941
 31
0
  0
LINE
  5
AF5
330
1B
100
AcDbEntity
  8
F.Cu
  6
CONTINUOUS
100
AcDbLine
 10
103.040779999999998
 20
-55.8913449999999941
 30
0
 11
103.2198659999999961
 21
-55.8331559999999953
 31
0
  0
LINE
  5
AF6
330
1B
100
AcDbEntity
  8
F.Cu
  6
CONTINUOUS
100
AcDbLine
 10
103.2198659999999961
 20
-55.8331559999999953
 30
0
 11
103.4058489999999892
 21
-55.8036989999999946
 31
0
  0
LINE
  5
AF7
330
1B
100
AcDbEntity
  8
F.Cu
  6
CONTINUOUS
100
AcDbLine
 10
103.4058489999999892
 20
-55.8036989999999946
 30
0
 11
103.5941509999999965
 21
-55.8036989999999946
 31
0
  0
LINE
  5
AF8
330
1B
100
AcDbEntity
  8
F.Cu
  6
CONTINUOUS
100
AcDbLine
 10
103.5941509999999965
 20
-55.8036989999999946
 30
0
 11
103.7801339999999897
 21
-55.8331559999999953
 31
0
  0
LINE
  5
AF9
330
1B
100
AcDbEntity
  8
F.Cu
  6
CONTINUOUS
100
AcDbLine
 10
132.7801340000000039
 20
-52.8331559999999953
 30
0
 11
132.9592199999999877
 21
-52.8913449999999941
 31
0
  0
LINE
  5
AFA
330
1B
100
AcDbEntity
  8
F.Cu
  6
CONTINUOUS
100
AcDbLine
 10
132.9592199999999877
 20
-52.8913449999999941
 30
0
 11
133.1269979999999862
 21
-52.9768319999999946
 31
0
  0
LINE
  5
AFB
330
1B
100
AcDbEntity
  8
F.Cu
  6
CONTINUOUS
100
AcDbLine
 10
133.1269979999999862
 20
-52.9768319999999946
 30
0
 11
133.2793379999999956
 21
-53.0875129999999942
 31
0
  0
LINE
  5
AFC
330
1B
100
AcDbEntity
  8
F.Cu
  6
CONTINUOUS
100
AcDbLine
 10
133.2793379999999956
 20
-53.0875129999999942
 30
0
 11
133.4124869999999987
 21
-53.2206619999999972
 31
0
  0
LINE
  5
AFD
330
1B
100
AcDbEntity
  8
F.Cu
  6
CONTINUOUS
100
AcDbLine
 10
133.4124869999999987
 20
-53.2206619999999972
 30
0
 11
133.5231679999999983
 21
-53.3730019999999996
 31
0
  0
LINE
  5
AFE
330
1B
100
AcDbEntity
  8
F.Cu
  6
CONTINUOUS
100
AcDbLine
 10
133.5231679999999983
 20
-53.3730019999999996
 30
0
 11
133.6086549999999988
 21
-53.540779999999998
 31
0
  0
LINE
  5
AFF
330
1B
100
AcDbEntity
  8
F.Cu
  6
CONTINUOUS
100
AcDbLine
 10
133.6086549999999988
 20
-53.540779999999998
 30
0
 11
133.6668439999999975
 21
-53.7198659999999961
 31
0
  0
LINE
  5
B00
330
1B
100
AcDbEntity
  8
F.Cu
  6
CONTINUOUS
100
AcDbLine
 10
133.6668439999999975
 20
-53.7198659999999961
 30
0
 11
133.6963010000000054
 21
-53.9058489999999964
 31
0
  0
LINE
  5
B01
330
1B
100
AcDbEntity
  8
F.Cu
  6
CONTINUOUS
100
AcDbLine
 10
133.6963010000000054
 20
-53.9058489999999964
 30
0
 11
133.6963010000000054
 21
-54.0941509999999965
 31
0
  0
LINE
  5
B02
330
1B
100
AcDbEntity
  8
F.Cu
  6
CONTINUOUS
100
AcDbLine
 10
133.6963010000000054
 20
-54.0941509999999965
 30
0
 11
133.6668439999999975
 21
-54.2801339999999968
 31
0
  0
LINE
  5
B03
330
1B
100
AcDbEntity
  8
F.Cu
  6
CONTINUOUS
100
AcDbLine
 10
133.6668439999999975
 20
-54.2801339999999968
 30
0
 11
133.6086549999999988
 21
-54.4592199999999949
 31
0
  0
LINE
  5
B04
330
1B
100
AcDbEntity
  8
F.Cu
  6
CONTINUOUS
100
AcDbLine
 10
133.6086549999999988
 20
-54.4592199999999949
 30
0
 11
133.5231679999999983
 21
-54.6269980000000004
 31
0
  0
LINE
  5
B05
330
1B
100
AcDbEntity
  8
F.Cu
  6
CONTINUOUS
100
AcDbLine
 10
133.5231679999999983
 20
-54.6269980000000004
 30
0
 11
133.4124869999999987
 21
-54.7793379999999956
 31
0
  0
LINE
  5
B06
330
1B
100
AcDbEntity
  8
F.Cu
  6
CONTINUOUS
100
AcDbLine
 10
133.4124869999999987
 20
-54.7793379999999956
 30
0
 11
133.2793379999999956
 21
-54.9124869999999987
 31
0
  0
LINE
  5
B07
330
1B
100
AcDbEntity
  8
F.Cu
  6
CONTINUOUS
100
AcDbLine
 10
133.2793379999999956
 20
-54.9124869999999987
 30
0
 11
133.1269979999999862
 21
-55.0231679999999983
 31
0
  0
LINE
  5
B08
330
1B
100
AcDbEntity
  8
F.Cu
  6
CONTINUOUS
100
AcDbLine
 10
133.1269979999999862
 20
-55.0231679999999983
 30
0
 11
132.9592199999999877
 21
-55.1086549999999988
 31
0
  0
LINE
  5
B09
330
1B
100
AcDbEntity
  8
F.Cu
  6
CONTINUOUS
100
AcDbLine
 10
132.9592199999999877
 20
-55.1086549999999988
 30
0
 11
132.7801340000000039
 21
-55.1668439999999975
 31
0
  0
LINE
  5
B0A
330
1B
100
AcDbEntity
  8
F.Cu
  6
CONTINUOUS
100
AcDbLine
 10
132.7801340000000039
 20
-55.1668439999999975
 30
0
 11
132.5941509999999823
 21
-55.1963009999999983
 31
0
  0
LINE
  5
B0B
330
1B
100
AcDbEntity
  8
F.Cu
  6
CONTINUOUS
100
AcDbLine
 10
132.5941509999999823
 20
-55.1963009999999983
 30
0
 11
132.4058489999999892
 21
-55.1963009999999983
 31
0
  0
LINE
  5
B0C
330
1B
100
AcDbEntity
  8
F.Cu
  6
CONTINUOUS
100
AcDbLine
 10
132.4058489999999892
 20
-55.1963009999999983
 30
0
 11
132.2198659999999961
 21
-55.1668439999999975
 31
0
  0
LINE
  5
B0D
330
1B
100
AcDbEntity
  8
F.Cu
  6
CONTINUOUS
100
AcDbLine
 10
132.2198659999999961
 20
-55.1668439999999975
 30
0
 11
132.0407799999999838
 21
-55.1086549999999988
 31
0
  0
LINE
  5
B0E
330
1B
100
AcDbEntity
  8
F.Cu
  6
CONTINUOUS
100
AcDbLine
 10
132.0407799999999838
 20
-55.1086549999999988
 30
0
 11
131.8730019999999854
 21
-55.0231679999999983
 31
0
  0
LINE
  5
B0F
330
1B
100
AcDbEntity
  8
F.Cu
  6
CONTINUOUS
100
AcDbLine
 10
131.8730019999999854
 20
-55.0231679999999983
 30
0
 11
131.7206620000000044
 21
-54.9124869999999987
 31
0
  0
LINE
  5
B10
330
1B
100
AcDbEntity
  8
F.Cu
  6
CONTINUOUS
100
AcDbLine
 10
131.7206620000000044
 20
-54.9124869999999987
 30
0
 11
131.5875130000000013
 21
-54.7793379999999956
 31
0
  0
LINE
  5
B11
330
1B
100
AcDbEntity
  8
F.Cu
  6
CONTINUOUS
100
AcDbLine
 10
131.5875130000000013
 20
-54.7793379999999956
 30
0
 11
131.4768320000000017
 21
-54.6269980000000004
 31
0
  0
LINE
  5
B12
330
1B
100
AcDbEntity
  8
F.Cu
  6
CONTINUOUS
100
AcDbLine
 10
131.4768320000000017
 20
-54.6269980000000004
 30
0
 11
131.3913450000000012
 21
-54.4592199999999949
 31
0
  0
LINE
  5
B13
330
1B
100
AcDbEntity
  8
F.Cu
  6
CONTINUOUS
100
AcDbLine
 10
131.3913450000000012
 20
-54.4592199999999949
 30
0
 11
131.3331560000000025
 21
-54.2801339999999968
 31
0
  0
LINE
  5
B14
330
1B
100
AcDbEntity
  8
F.Cu
  6
CONTINUOUS
100
AcDbLine
 10
131.3331560000000025
 20
-54.2801339999999968
 30
0
 11
131.3036989999999946
 21
-54.0941509999999965
 31
0
  0
LINE
  5
B15
330
1B
100
AcDbEntity
  8
F.Cu
  6
CONTINUOUS
100
AcDbLine
 10
131.3036989999999946
 20
-54.0941509999999965
 30
0
 11
131.3036989999999946
 21
-53.9058489999999964
 31
0
  0
LINE
  5
B16
330
1B
100
AcDbEntity
  8
F.Cu
  6
CONTINUOUS
100
AcDbLine
 10
131.3036989999999946
 20
-53.9058489999999964
 30
0
 11
131.3331560000000025
 21
-53.7198659999999961
 31
0
  0
LINE
  5
B17
330
1B
100
AcDbEntity
  8
F.Cu
  6
CONTINUOUS
100
AcDbLine
 10
131.3331560000000025
 20
-53.7198659999999961
 30
0
 11
131.3913450000000012
 21
-53.540779999999998
 31
0
  0
LINE
  5
B18
330
1B
100
AcDbEntity
  8
F.Cu
  6
CONTINUOUS
100
AcDbLine
 10
131.3913450000000012
 20
-53.540779999999998
 30
0
 11
131.4768320000000017
 21
-53.3730019999999996
 31
0
  0
LINE
  5
B19
330
1B
100
AcDbEntity
  8
F.Cu
  6
CONTINUOUS
100
AcDbLine
 10
131.4768320000000017
 20
-53.3730019999999996
 30
0
 11
131.5875130000000013
 21
-53.2206619999999972
 31
0
  0
LINE
  5
B1A
330
1B
100
AcDbEntity
  8
F.Cu
  6
CONTINUOUS
100
AcDbLine
 10
131.5875130000000013
 20
-53.2206619999999972
 30
0
 11
131.7206620000000044
 21
-53.0875129999999942
 31
0
  0
LINE
  5
B1B
330
1B
100
AcDbEntity
  8
F.Cu
  6
CONTINUOUS
100
AcDbLine
 10
131.7206620000000044
 20
-53.0875129999999942
 30
0
 11
131.8730019999999854
 21
-52.9768319999999946
 31
0
  0
LINE
  5
B1C
330
1B
100
AcDbEntity
  8
F.Cu
  6
CONTINUOUS
100
AcDbLine
 10
131.8730019999999854
 20
-52.9768319999999946
 30
0
 11
132.0407799999999838
 21
-52.8913449999999941
 31
0
  0
LINE
  5
B1D
330
1B
100
AcDbEntity
  8
F.Cu
  6
CONTINUOUS
100
AcDbLine
 10
132.0407799999999838
 20
-52.8913449999999941
 30
0
 11
132.2198659999999961
 21
-52.8331559999999953
 31
0
  0
LINE
  5
B1E
330
1B
100
AcDbEntity
  8
F.Cu
  6
CONTINUOUS
100
AcDbLine
 10
132.2198659999999961
 20
-52.8331559999999953
 30
0
 11
132.4058489999999892
 21
-52.8036989999999946
 31
0
  0
LINE
  5
B1F
330
1B
100
AcDbEntity
  8
F.Cu
  6
CONTINUOUS
100
AcDbLine
 10
132.4058489999999892
 20
-52.8036989999999946
 30
0
 11
132.5941509999999823
 21
-52.8036989999999946
 31
0
  0
LINE
  5
B20
330
1B
100
AcDbEntity
  8
F.Cu
  6
CONTINUOUS
100
AcDbLine
 10
132.5941509999999823
 20
-52.8036989999999946
 30
0
 11
132.7801340000000039
 21
-52.8331559999999953
 31
0
  0
LINE
  5
B21
330
1B
100
AcDbEntity
  8
F.Cu
  6
CONTINUOUS
100
AcDbLine
 10
110.9599999999999937
 20
-48.4199999999999946
 30
0
 11
107.9599999999999937
 21
-48.4199999999999946
 31
0
  0
LINE
  5
B22
330
1B
100
AcDbEntity
  8
F.Cu
  6
CONTINUOUS
100
AcDbLine
 10
107.9599999999999937
 20
-48.4199999999999946
 30
0
 11
107.9599999999999937
 21
-45.4199999999999946
 31
0
  0
LINE
  5
B23
330
1B
100
AcDbEntity
  8
F.Cu
  6
CONTINUOUS
100
AcDbLine
 10
107.9599999999999937
 20
-45.4199999999999946
 30
0
 11
110.9599999999999937
 21
-45.4199999999999946
 31
0
  0
LINE
  5
B24
330
1B
100
AcDbEntity
  8
F.Cu
  6
CONTINUOUS
100
AcDbLine
 10
110.9599999999999937
 20
-45.4199999999999946
 30
0
 11
110.9599999999999937
 21
-48.4199999999999946
 31
0
  0
LINE
  5
B25
330
1B
100
AcDbEntity
  8
F.Cu
  6
CONTINUOUS
100
AcDbLine
 10
123.9599999999999937
 20
-48.4199999999999946
 30
0
 11
120.9599999999999937
 21
-48.4199999999999946
 31
0
  0
LINE
  5
B26
330
1B
100
AcDbEntity
  8
F.Cu
  6
CONTINUOUS
100
AcDbLine
 10
120.9599999999999937
 20
-48.4199999999999946
 30
0
 11
120.9599999999999937
 21
-45.4199999999999946
 31
0
  0
LINE
  5
B27
330
1B
100
AcDbEntity
  8
F.Cu
  6
CONTINUOUS
100
AcDbLine
 10
120.9599999999999937
 20
-45.4199999999999946
 30
0
 11
123.9599999999999937
 21
-45.4199999999999946
 31
0
  0
LINE
  5
B28
330
1B
100
AcDbEntity
  8
F.Cu
  6
CONTINUOUS
100
AcDbLine
 10
123.9599999999999937
 20
-45.4199999999999946
 30
0
 11
123.9599999999999937
 21
-48.4199999999999946
 31
0
  0
LINE
  5
B29
330
1B
100
AcDbEntity
  8
F.Cu
  6
CONTINUOUS
100
AcDbLine
 10
142.7999999999999829
 20
-48.4199999999999946
 30
0
 11
139.7999999999999829
 21
-48.4199999999999946
 31
0
  0
LINE
  5
B2A
330
1B
100
AcDbEntity
  8
F.Cu
  6
CONTINUOUS
100
AcDbLine
 10
139.7999999999999829
 20
-48.4199999999999946
 30
0
 11
139.7999999999999829
 21
-45.4199999999999946
 31
0
  0
LINE
  5
B2B
330
1B
100
AcDbEntity
  8
F.Cu
  6
CONTINUOUS
100
AcDbLine
 10
139.7999999999999829
 20
-45.4199999999999946
 30
0
 11
142.7999999999999829
 21
-45.4199999999999946
 31
0
  0
LINE
  5
B2C
330
1B
100
AcDbEntity
  8
F.Cu
  6
CONTINUOUS
100
AcDbLine
 10
142.7999999999999829
 20
-45.4199999999999946
 30
0
 11
142.7999999999999829
 21
-48.4199999999999946
 31
0
  0
LINE
  5
B2D
330
1B
100
AcDbEntity
  8
F.Cu
  6
CONTINUOUS
100
AcDbLine
 10
182.5
 20
-48.4199999999999946
 30
0
 11
179.5
 21
-48.4199999999999946
 31
0
  0
LINE
  5
B2E
330
1B
100
AcDbEntity
  8
F.Cu
  6
CONTINUOUS
100
AcDbLine
 10
179.5
 20
-48.4199999999999946
 30
0
 11
179.5
 21
-45.4199999999999946
 31
0
  0
LINE
  5
B2F
330
1B
100
AcDbEntity
  8
F.Cu
  6
CONTINUOUS
100
AcDbLine
 10
179.5
 20
-45.4199999999999946
 30
0
 11
182.5
 21
-45.4199999999999946
 31
0
  0
LINE
  5
B30
330
1B
100
AcDbEntity
  8
F.Cu
  6
CONTINUOUS
100
AcDbLine
 10
182.5
 20
-45.4199999999999946
 30
0
 11
182.5
 21
-48.4199999999999946
 31
0
  0
LINE
  5
B31
330
1B
100
AcDbEntity
  8
F.Cu
  6
CONTINUOUS
100
AcDbLine
 10
104.7301679999999919
 20
-45.4614449999999977
 30
0
 11
104.9540250000000015
 21
-45.5341809999999967
 31
0
  0
LINE
  5
B32
330
1B
100
AcDbEntity
  8
F.Cu
  6
CONTINUOUS
100
AcDbLine
 10
104.9540250000000015
 20
-45.5341809999999967
 30
0
 11
105.1637479999999982
 21
-45.6410399999999967
 31
0
  0
LINE
  5
B33
330
1B
100
AcDbEntity
  8
F.Cu
  6
CONTINUOUS
100
AcDbLine
 10
105.1637479999999982
 20
-45.6410399999999967
 30
0
 11
105.3541719999999913
 21
-45.7793909999999968
 31
0
  0
LINE
  5
B34
330
1B
100
AcDbEntity
  8
F.Cu
  6
CONTINUOUS
100
AcDbLine
 10
105.3541719999999913
 20
-45.7793909999999968
 30
0
 11
105.5206089999999932
 21
-45.9458279999999988
 31
0
  0
LINE
  5
B35
330
1B
100
AcDbEntity
  8
F.Cu
  6
CONTINUOUS
100
AcDbLine
 10
105.5206089999999932
 20
-45.9458279999999988
 30
0
 11
105.6589599999999933
 21
-46.1362519999999989
 31
0
  0
LINE
  5
B36
330
1B
100
AcDbEntity
  8
F.Cu
  6
CONTINUOUS
100
AcDbLine
 10
105.6589599999999933
 20
-46.1362519999999989
 30
0
 11
105.7658189999999934
 21
-46.3459749999999957
 31
0
  0
LINE
  5
B37
330
1B
100
AcDbEntity
  8
F.Cu
  6
CONTINUOUS
100
AcDbLine
 10
105.7658189999999934
 20
-46.3459749999999957
 30
0
 11
105.8385549999999995
 21
-46.5698319999999981
 31
0
  0
LINE
  5
B38
330
1B
100
AcDbEntity
  8
F.Cu
  6
CONTINUOUS
100
AcDbLine
 10
105.8385549999999995
 20
-46.5698319999999981
 30
0
 11
105.8753759999999886
 21
-46.802310999999996
 31
0
  0
LINE
  5
B39
330
1B
100
AcDbEntity
  8
F.Cu
  6
CONTINUOUS
100
AcDbLine
 10
105.8753759999999886
 20
-46.802310999999996
 30
0
 11
105.8753759999999886
 21
-47.0376890000000003
 31
0
  0
LINE
  5
B3A
330
1B
100
AcDbEntity
  8
F.Cu
  6
CONTINUOUS
100
AcDbLine
 10
105.8753759999999886
 20
-47.0376890000000003
 30
0
 11
105.8385549999999995
 21
-47.2701679999999982
 31
0
  0
LINE
  5
B3B
330
1B
100
AcDbEntity
  8
F.Cu
  6
CONTINUOUS
100
AcDbLine
 10
105.8385549999999995
 20
-47.2701679999999982
 30
0
 11
105.7658189999999934
 21
-47.4940250000000006
 31
0
  0
LINE
  5
B3C
330
1B
100
AcDbEntity
  8
F.Cu
  6
CONTINUOUS
100
AcDbLine
 10
105.7658189999999934
 20
-47.4940250000000006
 30
0
 11
105.6589599999999933
 21
-47.7037479999999974
 31
0
  0
LINE
  5
B3D
330
1B
100
AcDbEntity
  8
F.Cu
  6
CONTINUOUS
100
AcDbLine
 10
105.6589599999999933
 20
-47.7037479999999974
 30
0
 11
105.5206089999999932
 21
-47.8941719999999975
 31
0
  0
LINE
  5
B3E
330
1B
100
AcDbEntity
  8
F.Cu
  6
CONTINUOUS
100
AcDbLine
 10
105.5206089999999932
 20
-47.8941719999999975
 30
0
 11
105.3541719999999913
 21
-48.0606089999999995
 31
0
  0
LINE
  5
B3F
330
1B
100
AcDbEntity
  8
F.Cu
  6
CONTINUOUS
100
AcDbLine
 10
105.3541719999999913
 20
-48.0606089999999995
 30
0
 11
105.1637479999999982
 21
-48.1989599999999996
 31
0
  0
LINE
  5
B40
330
1B
100
AcDbEntity
  8
F.Cu
  6
CONTINUOUS
100
AcDbLine
 10
105.1637479999999982
 20
-48.1989599999999996
 30
0
 11
104.9540250000000015
 21
-48.3058189999999996
 31
0
  0
LINE
  5
B41
330
1B
100
AcDbEntity
  8
F.Cu
  6
CONTINUOUS
100
AcDbLine
 10
104.9540250000000015
 20
-48.3058189999999996
 30
0
 11
104.7301679999999919
 21
-48.3785549999999986
 31
0
  0
LINE
  5
B42
330
1B
100
AcDbEntity
  8
F.Cu
  6
CONTINUOUS
100
AcDbLine
 10
104.7301679999999919
 20
-48.3785549999999986
 30
0
 11
104.4976889999999941
 21
-48.4153759999999949
 31
0
  0
LINE
  5
B43
330
1B
100
AcDbEntity
  8
F.Cu
  6
CONTINUOUS
100
AcDbLine
 10
104.4976889999999941
 20
-48.4153759999999949
 30
0
 11
104.2623109999999969
 21
-48.4153759999999949
 31
0
  0
LINE
  5
B44
330
1B
100
AcDbEntity
  8
F.Cu
  6
CONTINUOUS
100
AcDbLine
 10
104.2623109999999969
 20
-48.4153759999999949
 30
0
 11
104.029831999999999
 21
-48.3785549999999986
 31
0
  0
LINE
  5
B45
330
1B
100
AcDbEntity
  8
F.Cu
  6
CONTINUOUS
100
AcDbLine
 10
104.029831999999999
 20
-48.3785549999999986
 30
0
 11
103.8059749999999894
 21
-48.3058189999999996
 31
0
  0
LINE
  5
B46
330
1B
100
AcDbEntity
  8
F.Cu
  6
CONTINUOUS
100
AcDbLine
 10
103.8059749999999894
 20
-48.3058189999999996
 30
0
 11
103.5962519999999927
 21
-48.1989599999999996
 31
0
  0
LINE
  5
B47
330
1B
100
AcDbEntity
  8
F.Cu
  6
CONTINUOUS
100
AcDbLine
 10
103.5962519999999927
 20
-48.1989599999999996
 30
0
 11
103.4058279999999996
 21
-48.0606089999999995
 31
0
  0
LINE
  5
B48
330
1B
100
AcDbEntity
  8
F.Cu
  6
CONTINUOUS
100
AcDbLine
 10
103.4058279999999996
 20
-48.0606089999999995
 30
0
 11
103.2393909999999977
 21
-47.8941719999999975
 31
0
  0
LINE
  5
B49
330
1B
100
AcDbEntity
  8
F.Cu
  6
CONTINUOUS
100
AcDbLine
 10
103.2393909999999977
 20
-47.8941719999999975
 30
0
 11
103.1010399999999976
 21
-47.7037479999999974
 31
0
  0
LINE
  5
B4A
330
1B
100
AcDbEntity
  8
F.Cu
  6
CONTINUOUS
100
AcDbLine
 10
103.1010399999999976
 20
-47.7037479999999974
 30
0
 11
102.9941809999999975
 21
-47.4940250000000006
 31
0
  0
LINE
  5
B4B
330
1B
100
AcDbEntity
  8
F.Cu
  6
CONTINUOUS
100
AcDbLine
 10
102.9941809999999975
 20
-47.4940250000000006
 30
0
 11
102.9214449999999914
 21
-47.2701679999999982
 31
0
  0
LINE
  5
B4C
330
1B
100
AcDbEntity
  8
F.Cu
  6
CONTINUOUS
100
AcDbLine
 10
102.9214449999999914
 20
-47.2701679999999982
 30
0
 11
102.8846240000000023
 21
-47.0376890000000003
 31
0
  0
LINE
  5
B4D
330
1B
100
AcDbEntity
  8
F.Cu
  6
CONTINUOUS
100
AcDbLine
 10
102.8846240000000023
 20
-47.0376890000000003
 30
0
 11
102.8846240000000023
 21
-46.802310999999996
 31
0
  0
LINE
  5
B4E
330
1B
100
AcDbEntity
  8
F.Cu
  6
CONTINUOUS
100
AcDbLine
 10
102.8846240000000023
 20
-46.802310999999996
 30
0
 11
102.9214449999999914
 21
-46.5698319999999981
 31
0
  0
LINE
  5
B4F
330
1B
100
AcDbEntity
  8
F.Cu
  6
CONTINUOUS
100
AcDbLine
 10
102.9214449999999914
 20
-46.5698319999999981
 30
0
 11
102.9941809999999975
 21
-46.3459749999999957
 31
0
  0
LINE
  5
B50
330
1B
100
AcDbEntity
  8
F.Cu
  6
CONTINUOUS
100
AcDbLine
 10
102.9941809999999975
 20
-46.3459749999999957
 30
0
 11
103.1010399999999976
 21
-46.1362519999999989
 31
0
  0
LINE
  5
B51
330
1B
100
AcDbEntity
  8
F.Cu
  6
CONTINUOUS
100
AcDbLine
 10
103.1010399999999976
 20
-46.1362519999999989
 30
0
 11
103.2393909999999977
 21
-45.9458279999999988
 31
0
  0
LINE
  5
B52
330
1B
100
AcDbEntity
  8
F.Cu
  6
CONTINUOUS
100
AcDbLine
 10
103.2393909999999977
 20
-45.9458279999999988
 30
0
 11
103.4058279999999996
 21
-45.7793909999999968
 31
0
  0
LINE
  5
B53
330
1B
100
AcDbEntity
  8
F.Cu
  6
CONTINUOUS
100
AcDbLine
 10
103.4058279999999996
 20
-45.7793909999999968
 30
0
 11
103.5962519999999927
 21
-45.6410399999999967
 31
0
  0
LINE
  5
B54
330
1B
100
AcDbEntity
  8
F.Cu
  6
CONTINUOUS
100
AcDbLine
 10
103.5962519999999927
 20
-45.6410399999999967
 30
0
 11
103.8059749999999894
 21
-45.5341809999999967
 31
0
  0
LINE
  5
B55
330
1B
100
AcDbEntity
  8
F.Cu
  6
CONTINUOUS
100
AcDbLine
 10
103.8059749999999894
 20
-45.5341809999999967
 30
0
 11
104.029831999999999
 21
-45.4614449999999977
 31
0
  0
LINE
  5
B56
330
1B
100
AcDbEntity
  8
F.Cu
  6
CONTINUOUS
100
AcDbLine
 10
104.029831999999999
 20
-45.4614449999999977
 30
0
 11
104.2623109999999969
 21
-45.4246240000000014
 31
0
  0
LINE
  5
B57
330
1B
100
AcDbEntity
  8
F.Cu
  6
CONTINUOUS
100
AcDbLine
 10
104.2623109999999969
 20
-45.4246240000000014
 30
0
 11
104.4976889999999941
 21
-45.4246240000000014
 31
0
  0
LINE
  5
B58
330
1B
100
AcDbEntity
  8
F.Cu
  6
CONTINUOUS
100
AcDbLine
 10
104.4976889999999941
 20
-45.4246240000000014
 30
0
 11
104.7301679999999919
 21
-45.4614449999999977
 31
0
  0
LINE
  5
B59
330
1B
100
AcDbEntity
  8
F.Cu
  6
CONTINUOUS
100
AcDbLine
 10
117.7301679999999919
 20
-45.4614449999999977
 30
0
 11
117.9540250000000015
 21
-45.5341809999999967
 31
0
  0
LINE
  5
B5A
330
1B
100
AcDbEntity
  8
F.Cu
  6
CONTINUOUS
100
AcDbLine
 10
117.9540250000000015
 20
-45.5341809999999967
 30
0
 11
118.1637479999999982
 21
-45.6410399999999967
 31
0
  0
LINE
  5
B5B
330
1B
100
AcDbEntity
  8
F.Cu
  6
CONTINUOUS
100
AcDbLine
 10
118.1637479999999982
 20
-45.6410399999999967
 30
0
 11
118.3541719999999913
 21
-45.7793909999999968
 31
0
  0
LINE
  5
B5C
330
1B
100
AcDbEntity
  8
F.Cu
  6
CONTINUOUS
100
AcDbLine
 10
118.3541719999999913
 20
-45.7793909999999968
 30
0
 11
118.5206089999999932
 21
-45.9458279999999988
 31
0
  0
LINE
  5
B5D
330
1B
100
AcDbEntity
  8
F.Cu
  6
CONTINUOUS
100
AcDbLine
 10
118.5206089999999932
 20
-45.9458279999999988
 30
0
 11
118.6589599999999933
 21
-46.1362519999999989
 31
0
  0
LINE
  5
B5E
330
1B
100
AcDbEntity
  8
F.Cu
  6
CONTINUOUS
100
AcDbLine
 10
118.6589599999999933
 20
-46.1362519999999989
 30
0
 11
118.7658189999999934
 21
-46.3459749999999957
 31
0
  0
LINE
  5
B5F
330
1B
100
AcDbEntity
  8
F.Cu
  6
CONTINUOUS
100
AcDbLine
 10
118.7658189999999934
 20
-46.3459749999999957
 30
0
 11
118.8385549999999995
 21
-46.5698319999999981
 31
0
  0
LINE
  5
B60
330
1B
100
AcDbEntity
  8
F.Cu
  6
CONTINUOUS
100
AcDbLine
 10
118.8385549999999995
 20
-46.5698319999999981
 30
0
 11
118.8753759999999886
 21
-46.802310999999996
 31
0
  0
LINE
  5
B61
330
1B
100
AcDbEntity
  8
F.Cu
  6
CONTINUOUS
100
AcDbLine
 10
118.8753759999999886
 20
-46.802310999999996
 30
0
 11
118.8753759999999886
 21
-47.0376890000000003
 31
0
  0
LINE
  5
B62
330
1B
100
AcDbEntity
  8
F.Cu
  6
CONTINUOUS
100
AcDbLine
 10
118.8753759999999886
 20
-47.0376890000000003
 30
0
 11
118.8385549999999995
 21
-47.2701679999999982
 31
0
  0
LINE
  5
B63
330
1B
100
AcDbEntity
  8
F.Cu
  6
CONTINUOUS
100
AcDbLine
 10
118.8385549999999995
 20
-47.2701679999999982
 30
0
 11
118.7658189999999934
 21
-47.4940250000000006
 31
0
  0
LINE
  5
B64
330
1B
100
AcDbEntity
  8
F.Cu
  6
CONTINUOUS
100
AcDbLine
 10
118.7658189999999934
 20
-47.4940250000000006
 30
0
 11
118.6589599999999933
 21
-47.7037479999999974
 31
0
  0
LINE
  5
B65
330
1B
100
AcDbEntity
  8
F.Cu
  6
CONTINUOUS
100
AcDbLine
 10
118.6589599999999933
 20
-47.7037479999999974
 30
0
 11
118.5206089999999932
 21
-47.8941719999999975
 31
0
  0
LINE
  5
B66
330
1B
100
AcDbEntity
  8
F.Cu
  6
CONTINUOUS
100
AcDbLine
 10
118.5206089999999932
 20
-47.8941719999999975
 30
0
 11
118.3541719999999913
 21
-48.0606089999999995
 31
0
  0
LINE
  5
B67
330
1B
100
AcDbEntity
  8
F.Cu
  6
CONTINUOUS
100
AcDbLine
 10
118.3541719999999913
 20
-48.0606089999999995
 30
0
 11
118.1637479999999982
 21
-48.1989599999999996
 31
0
  0
LINE
  5
B68
330
1B
100
AcDbEntity
  8
F.Cu
  6
CONTINUOUS
100
AcDbLine
 10
118.1637479999999982
 20
-48.1989599999999996
 30
0
 11
117.9540250000000015
 21
-48.3058189999999996
 31
0
  0
LINE
  5
B69
330
1B
100
AcDbEntity
  8
F.Cu
  6
CONTINUOUS
100
AcDbLine
 10
117.9540250000000015
 20
-48.3058189999999996
 30
0
 11
117.7301679999999919
 21
-48.3785549999999986
 31
0
  0
LINE
  5
B6A
330
1B
100
AcDbEntity
  8
F.Cu
  6
CONTINUOUS
100
AcDbLine
 10
117.7301679999999919
 20
-48.3785549999999986
 30
0
 11
117.4976889999999941
 21
-48.4153759999999949
 31
0
  0
LINE
  5
B6B
330
1B
100
AcDbEntity
  8
F.Cu
  6
CONTINUOUS
100
AcDbLine
 10
117.4976889999999941
 20
-48.4153759999999949
 30
0
 11
117.2623109999999969
 21
-48.4153759999999949
 31
0
  0
LINE
  5
B6C
330
1B
100
AcDbEntity
  8
F.Cu
  6
CONTINUOUS
100
AcDbLine
 10
117.2623109999999969
 20
-48.4153759999999949
 30
0
 11
117.029831999999999
 21
-48.3785549999999986
 31
0
  0
LINE
  5
B6D
330
1B
100
AcDbEntity
  8
F.Cu
  6
CONTINUOUS
100
AcDbLine
 10
117.029831999999999
 20
-48.3785549999999986
 30
0
 11
116.8059749999999894
 21
-48.3058189999999996
 31
0
  0
LINE
  5
B6E
330
1B
100
AcDbEntity
  8
F.Cu
  6
CONTINUOUS
100
AcDbLine
 10
116.8059749999999894
 20
-48.3058189999999996
 30
0
 11
116.5962519999999927
 21
-48.1989599999999996
 31
0
  0
LINE
  5
B6F
330
1B
100
AcDbEntity
  8
F.Cu
  6
CONTINUOUS
100
AcDbLine
 10
116.5962519999999927
 20
-48.1989599999999996
 30
0
 11
116.4058279999999996
 21
-48.0606089999999995
 31
0
  0
LINE
  5
B70
330
1B
100
AcDbEntity
  8
F.Cu
  6
CONTINUOUS
100
AcDbLine
 10
116.4058279999999996
 20
-48.0606089999999995
 30
0
 11
116.2393909999999977
 21
-47.8941719999999975
 31
0
  0
LINE
  5
B71
330
1B
100
AcDbEntity
  8
F.Cu
  6
CONTINUOUS
100
AcDbLine
 10
116.2393909999999977
 20
-47.8941719999999975
 30
0
 11
116.1010399999999976
 21
-47.7037479999999974
 31
0
  0
LINE
  5
B72
330
1B
100
AcDbEntity
  8
F.Cu
  6
CONTINUOUS
100
AcDbLine
 10
116.1010399999999976
 20
-47.7037479999999974
 30
0
 11
115.9941809999999975
 21
-47.4940250000000006
 31
0
  0
LINE
  5
B73
330
1B
100
AcDbEntity
  8
F.Cu
  6
CONTINUOUS
100
AcDbLine
 10
115.9941809999999975
 20
-47.4940250000000006
 30
0
 11
115.9214449999999914
 21
-47.2701679999999982
 31
0
  0
LINE
  5
B74
330
1B
100
AcDbEntity
  8
F.Cu
  6
CONTINUOUS
100
AcDbLine
 10
115.9214449999999914
 20
-47.2701679999999982
 30
0
 11
115.8846239999999881
 21
-47.0376890000000003
 31
0
  0
LINE
  5
B75
330
1B
100
AcDbEntity
  8
F.Cu
  6
CONTINUOUS
100
AcDbLine
 10
115.8846239999999881
 20
-47.0376890000000003
 30
0
 11
115.8846239999999881
 21
-46.802310999999996
 31
0
  0
LINE
  5
B76
330
1B
100
AcDbEntity
  8
F.Cu
  6
CONTINUOUS
100
AcDbLine
 10
115.8846239999999881
 20
-46.802310999999996
 30
0
 11
115.9214449999999914
 21
-46.5698319999999981
 31
0
  0
LINE
  5
B77
330
1B
100
AcDbEntity
  8
F.Cu
  6
CONTINUOUS
100
AcDbLine
 10
115.9214449999999914
 20
-46.5698319999999981
 30
0
 11
115.9941809999999975
 21
-46.3459749999999957
 31
0
  0
LINE
  5
B78
330
1B
100
AcDbEntity
  8
F.Cu
  6
CONTINUOUS
100
AcDbLine
 10
115.9941809999999975
 20
-46.3459749999999957
 30
0
 11
116.1010399999999976
 21
-46.1362519999999989
 31
0
  0
LINE
  5
B79
330
1B
100
AcDbEntity
  8
F.Cu
  6
CONTINUOUS
100
AcDbLine
 10
116.1010399999999976
 20
-46.1362519999999989
 30
0
 11
116.2393909999999977
 21
-45.9458279999999988
 31
0
  0
LINE
  5
B7A
330
1B
100
AcDbEntity
  8
F.Cu
  6
CONTINUOUS
100
AcDbLine
 10
116.2393909999999977
 20
-45.9458279999999988
 30
0
 11
116.4058279999999996
 21
-45.7793909999999968
 31
0
  0
LINE
  5
B7B
330
1B
100
AcDbEntity
  8
F.Cu
  6
CONTINUOUS
100
AcDbLine
 10
116.4058279999999996
 20
-45.7793909999999968
 30
0
 11
116.5962519999999927
 21
-45.6410399999999967
 31
0
  0
LINE
  5
B7C
330
1B
100
AcDbEntity
  8
F.Cu
  6
CONTINUOUS
100
AcDbLine
 10
116.5962519999999927
 20
-45.6410399999999967
 30
0
 11
116.8059749999999894
 21
-45.5341809999999967
 31
0
  0
LINE
  5
B7D
330
1B
100
AcDbEntity
  8
F.Cu
  6
CONTINUOUS
100
AcDbLine
 10
116.8059749999999894
 20
-45.5341809999999967
 30
0
 11
117.029831999999999
 21
-45.4614449999999977
 31
0
  0
LINE
  5
B7E
330
1B
100
AcDbEntity
  8
F.Cu
  6
CONTINUOUS
100
AcDbLine
 10
117.029831999999999
 20
-45.4614449999999977
 30
0
 11
117.2623109999999969
 21
-45.4246240000000014
 31
0
  0
LINE
  5
B7F
330
1B
100
AcDbEntity
  8
F.Cu
  6
CONTINUOUS
100
AcDbLine
 10
117.2623109999999969
 20
-45.4246240000000014
 30
0
 11
117.4976889999999941
 21
-45.4246240000000014
 31
0
  0
LINE
  5
B80
330
1B
100
AcDbEntity
  8
F.Cu
  6
CONTINUOUS
100
AcDbLine
 10
117.4976889999999941
 20
-45.4246240000000014
 30
0
 11
117.7301679999999919
 21
-45.4614449999999977
 31
0
  0
LINE
  5
B81
330
1B
100
AcDbEntity
  8
F.Cu
  6
CONTINUOUS
100
AcDbLine
 10
146.7301679999999919
 20
-45.4614449999999977
 30
0
 11
146.9540250000000015
 21
-45.5341809999999967
 31
0
  0
LINE
  5
B82
330
1B
100
AcDbEntity
  8
F.Cu
  6
CONTINUOUS
100
AcDbLine
 10
146.9540250000000015
 20
-45.5341809999999967
 30
0
 11
147.1637479999999982
 21
-45.6410399999999967
 31
0
  0
LINE
  5
B83
330
1B
100
AcDbEntity
  8
F.Cu
  6
CONTINUOUS
100
AcDbLine
 10
147.1637479999999982
 20
-45.6410399999999967
 30
0
 11
147.3541720000000055
 21
-45.7793909999999968
 31
0
  0
LINE
  5
B84
330
1B
100
AcDbEntity
  8
F.Cu
  6
CONTINUOUS
100
AcDbLine
 10
147.3541720000000055
 20
-45.7793909999999968
 30
0
 11
147.5206090000000074
 21
-45.9458279999999988
 31
0
  0
LINE
  5
B85
330
1B
100
AcDbEntity
  8
F.Cu
  6
CONTINUOUS
100
AcDbLine
 10
147.5206090000000074
 20
-45.9458279999999988
 30
0
 11
147.6589599999999791
 21
-46.1362519999999989
 31
0
  0
LINE
  5
B86
330
1B
100
AcDbEntity
  8
F.Cu
  6
CONTINUOUS
100
AcDbLine
 10
147.6589599999999791
 20
-46.1362519999999989
 30
0
 11
147.7658189999999934
 21
-46.3459749999999957
 31
0
  0
LINE
  5
B87
330
1B
100
AcDbEntity
  8
F.Cu
  6
CONTINUOUS
100
AcDbLine
 10
147.7658189999999934
 20
-46.3459749999999957
 30
0
 11
147.8385549999999853
 21
-46.5698319999999981
 31
0
  0
LINE
  5
B88
330
1B
100
AcDbEntity
  8
F.Cu
  6
CONTINUOUS
100
AcDbLine
 10
147.8385549999999853
 20
-46.5698319999999981
 30
0
 11
147.8753759999999886
 21
-46.802310999999996
 31
0
  0
LINE
  5
B89
330
1B
100
AcDbEntity
  8
F.Cu
  6
CONTINUOUS
100
AcDbLine
 10
147.8753759999999886
 20
-46.802310999999996
 30
0
 11
147.8753759999999886
 21
-47.0376890000000003
 31
0
  0
LINE
  5
B8A
330
1B
100
AcDbEntity
  8
F.Cu
  6
CONTINUOUS
100
AcDbLine
 10
147.8753759999999886
 20
-47.0376890000000003
 30
0
 11
147.8385549999999853
 21
-47.2701679999999982
 31
0
  0
LINE
  5
B8B
330
1B
100
AcDbEntity
  8
F.Cu
  6
CONTINUOUS
100
AcDbLine
 10
147.8385549999999853
 20
-47.2701679999999982
 30
0
 11
147.7658189999999934
 21
-47.4940250000000006
 31
0
  0
LINE
  5
B8C
330
1B
100
AcDbEntity
  8
F.Cu
  6
CONTINUOUS
100
AcDbLine
 10
147.7658189999999934
 20
-47.4940250000000006
 30
0
 11
147.6589599999999791
 21
-47.7037479999999974
 31
0
  0
LINE
  5
B8D
330
1B
100
AcDbEntity
  8
F.Cu
  6
CONTINUOUS
100
AcDbLine
 10
147.6589599999999791
 20
-47.7037479999999974
 30
0
 11
147.5206090000000074
 21
-47.8941719999999975
 31
0
  0
LINE
  5
B8E
330
1B
100
AcDbEntity
  8
F.Cu
  6
CONTINUOUS
100
AcDbLine
 10
147.5206090000000074
 20
-47.8941719999999975
 30
0
 11
147.3541720000000055
 21
-48.0606089999999995
 31
0
  0
LINE
  5
B8F
330
1B
100
AcDbEntity
  8
F.Cu
  6
CONTINUOUS
100
AcDbLine
 10
147.3541720000000055
 20
-48.0606089999999995
 30
0
 11
147.1637479999999982
 21
-48.1989599999999996
 31
0
  0
LINE
  5
B90
330
1B
100
AcDbEntity
  8
F.Cu
  6
CONTINUOUS
100
AcDbLine
 10
147.1637479999999982
 20
-48.1989599999999996
 30
0
 11
146.9540250000000015
 21
-48.3058189999999996
 31
0
  0
LINE
  5
B91
330
1B
100
AcDbEntity
  8
F.Cu
  6
CONTINUOUS
100
AcDbLine
 10
146.9540250000000015
 20
-48.3058189999999996
 30
0
 11
146.7301679999999919
 21
-48.3785549999999986
 31
0
  0
LINE
  5
B92
330
1B
100
AcDbEntity
  8
F.Cu
  6
CONTINUOUS
100
AcDbLine
 10
146.7301679999999919
 20
-48.3785549999999986
 30
0
 11
146.4976889999999798
 21
-48.4153759999999949
 31
0
  0
LINE
  5
B93
330
1B
100
AcDbEntity
  8
F.Cu
  6
CONTINUOUS
100
AcDbLine
 10
146.4976889999999798
 20
-48.4153759999999949
 30
0
 11
146.2623109999999826
 21
-48.4153759999999949
 31
0
  0
LINE
  5
B94
330
1B
100
AcDbEntity
  8
F.Cu
  6
CONTINUOUS
100
AcDbLine
 10
146.2623109999999826
 20
-48.4153759999999949
 30
0
 11
146.029831999999999
 21
-48.3785549999999986
 31
0
  0
LINE
  5
B95
330
1B
100
AcDbEntity
  8
F.Cu
  6
CONTINUOUS
100
AcDbLine
 10
146.029831999999999
 20
-48.3785549999999986
 30
0
 11
145.8059749999999894
 21
-48.3058189999999996
 31
0
  0
LINE
  5
B96
330
1B
100
AcDbEntity
  8
F.Cu
  6
CONTINUOUS
100
AcDbLine
 10
145.8059749999999894
 20
-48.3058189999999996
 30
0
 11
145.5962519999999927
 21
-48.1989599999999996
 31
0
  0
LINE
  5
B97
330
1B
100
AcDbEntity
  8
F.Cu
  6
CONTINUOUS
100
AcDbLine
 10
145.5962519999999927
 20
-48.1989599999999996
 30
0
 11
145.4058279999999854
 21
-48.0606089999999995
 31
0
  0
LINE
  5
B98
330
1B
100
AcDbEntity
  8
F.Cu
  6
CONTINUOUS
100
AcDbLine
 10
145.4058279999999854
 20
-48.0606089999999995
 30
0
 11
145.2393909999999835
 21
-47.8941719999999975
 31
0
  0
LINE
  5
B99
330
1B
100
AcDbEntity
  8
F.Cu
  6
CONTINUOUS
100
AcDbLine
 10
145.2393909999999835
 20
-47.8941719999999975
 30
0
 11
145.1010399999999834
 21
-47.7037479999999974
 31
0
  0
LINE
  5
B9A
330
1B
100
AcDbEntity
  8
F.Cu
  6
CONTINUOUS
100
AcDbLine
 10
145.1010399999999834
 20
-47.7037479999999974
 30
0
 11
144.9941809999999975
 21
-47.4940250000000006
 31
0
  0
LINE
  5
B9B
330
1B
100
AcDbEntity
  8
F.Cu
  6
CONTINUOUS
100
AcDbLine
 10
144.9941809999999975
 20
-47.4940250000000006
 30
0
 11
144.9214450000000056
 21
-47.2701679999999982
 31
0
  0
LINE
  5
B9C
330
1B
100
AcDbEntity
  8
F.Cu
  6
CONTINUOUS
100
AcDbLine
 10
144.9214450000000056
 20
-47.2701679999999982
 30
0
 11
144.8846240000000023
 21
-47.0376890000000003
 31
0
  0
LINE
  5
B9D
330
1B
100
AcDbEntity
  8
F.Cu
  6
CONTINUOUS
100
AcDbLine
 10
144.8846240000000023
 20
-47.0376890000000003
 30
0
 11
144.8846240000000023
 21
-46.802310999999996
 31
0
  0
LINE
  5
B9E
330
1B
100
AcDbEntity
  8
F.Cu
  6
CONTINUOUS
100
AcDbLine
 10
144.8846240000000023
 20
-46.802310999999996
 30
0
 11
144.9214450000000056
 21
-46.5698319999999981
 31
0
  0
LINE
  5
B9F
330
1B
100
AcDbEntity
  8
F.Cu
  6
CONTINUOUS
100
AcDbLine
 10
144.9214450000000056
 20
-46.5698319999999981
 30
0
 11
144.9941809999999975
 21
-46.3459749999999957
 31
0
  0
LINE
  5
BA0
330
1B
100
AcDbEntity
  8
F.Cu
  6
CONTINUOUS
100
AcDbLine
 10
144.9941809999999975
 20
-46.3459749999999957
 30
0
 11
145.1010399999999834
 21
-46.1362519999999989
 31
0
  0
LINE
  5
BA1
330
1B
100
AcDbEntity
  8
F.Cu
  6
CONTINUOUS
100
AcDbLine
 10
145.1010399999999834
 20
-46.1362519999999989
 30
0
 11
145.2393909999999835
 21
-45.9458279999999988
 31
0
  0
LINE
  5
BA2
330
1B
100
AcDbEntity
  8
F.Cu
  6
CONTINUOUS
100
AcDbLine
 10
145.2393909999999835
 20
-45.9458279999999988
 30
0
 11
145.4058279999999854
 21
-45.7793909999999968
 31
0
  0
LINE
  5
BA3
330
1B
100
AcDbEntity
  8
F.Cu
  6
CONTINUOUS
100
AcDbLine
 10
145.4058279999999854
 20
-45.7793909999999968
 30
0
 11
145.5962519999999927
 21
-45.6410399999999967
 31
0
  0
LINE
  5
BA4
330
1B
100
AcDbEntity
  8
F.Cu
  6
CONTINUOUS
100
AcDbLine
 10
145.5962519999999927
 20
-45.6410399999999967
 30
0
 11
145.8059749999999894
 21
-45.5341809999999967
 31
0
  0
LINE
  5
BA5
330
1B
100
AcDbEntity
  8
F.Cu
  6
CONTINUOUS
100
AcDbLine
 10
145.8059749999999894
 20
-45.5341809999999967
 30
0
 11
146.029831999999999
 21
-45.4614449999999977
 31
0
  0
LINE
  5
BA6
330
1B
100
AcDbEntity
  8
F.Cu
  6
CONTINUOUS
100
AcDbLine
 10
146.029831999999999
 20
-45.4614449999999977
 30
0
 11
146.2623109999999826
 21
-45.4246240000000014
 31
0
  0
LINE
  5
BA7
330
1B
100
AcDbEntity
  8
F.Cu
  6
CONTINUOUS
100
AcDbLine
 10
146.2623109999999826
 20
-45.4246240000000014
 30
0
 11
146.4976889999999798
 21
-45.4246240000000014
 31
0
  0
LINE
  5
BA8
330
1B
100
AcDbEntity
  8
F.Cu
  6
CONTINUOUS
100
AcDbLine
 10
146.4976889999999798
 20
-45.4246240000000014
 30
0
 11
146.7301679999999919
 21
-45.4614449999999977
 31
0
  0
LINE
  5
BA9
330
1B
100
AcDbEntity
  8
F.Cu
  6
CONTINUOUS
100
AcDbLine
 10
151.8101680000000044
 20
-45.4614449999999977
 30
0
 11
152.0340249999999855
 21
-45.5341809999999967
 31
0
  0
LINE
  5
BAA
330
1B
100
AcDbEntity
  8
F.Cu
  6
CONTINUOUS
100
AcDbLine
 10
152.0340249999999855
 20
-45.5341809999999967
 30
0
 11
152.2437479999999823
 21
-45.6410399999999967
 31
0
  0
LINE
  5
BAB
330
1B
100
AcDbEntity
  8
F.Cu
  6
CONTINUOUS
100
AcDbLine
 10
152.2437479999999823
 20
-45.6410399999999967
 30
0
 11
152.4341719999999896
 21
-45.7793909999999968
 31
0
  0
LINE
  5
BAC
330
1B
100
AcDbEntity
  8
F.Cu
  6
CONTINUOUS
100
AcDbLine
 10
152.4341719999999896
 20
-45.7793909999999968
 30
0
 11
152.6006089999999915
 21
-45.9458279999999988
 31
0
  0
LINE
  5
BAD
330
1B
100
AcDbEntity
  8
F.Cu
  6
CONTINUOUS
100
AcDbLine
 10
152.6006089999999915
 20
-45.9458279999999988
 30
0
 11
152.7389599999999916
 21
-46.1362519999999989
 31
0
  0
LINE
  5
BAE
330
1B
100
AcDbEntity
  8
F.Cu
  6
CONTINUOUS
100
AcDbLine
 10
152.7389599999999916
 20
-46.1362519999999989
 30
0
 11
152.8458190000000059
 21
-46.3459749999999957
 31
0
  0
LINE
  5
BAF
330
1B
100
AcDbEntity
  8
F.Cu
  6
CONTINUOUS
100
AcDbLine
 10
152.8458190000000059
 20
-46.3459749999999957
 30
0
 11
152.9185549999999978
 21
-46.5698319999999981
 31
0
  0
LINE
  5
BB0
330
1B
100
AcDbEntity
  8
F.Cu
  6
CONTINUOUS
100
AcDbLine
 10
152.9185549999999978
 20
-46.5698319999999981
 30
0
 11
152.9553760000000011
 21
-46.802310999999996
 31
0
  0
LINE
  5
BB1
330
1B
100
AcDbEntity
  8
F.Cu
  6
CONTINUOUS
100
AcDbLine
 10
152.9553760000000011
 20
-46.802310999999996
 30
0
 11
152.9553760000000011
 21
-47.0376890000000003
 31
0
  0
LINE
  5
BB2
330
1B
100
AcDbEntity
  8
F.Cu
  6
CONTINUOUS
100
AcDbLine
 10
152.9553760000000011
 20
-47.0376890000000003
 30
0
 11
152.9185549999999978
 21
-47.2701679999999982
 31
0
  0
LINE
  5
BB3
330
1B
100
AcDbEntity
  8
F.Cu
  6
CONTINUOUS
100
AcDbLine
 10
152.9185549999999978
 20
-47.2701679999999982
 30
0
 11
152.8458190000000059
 21
-47.4940250000000006
 31
0
  0
LINE
  5
BB4
330
1B
100
AcDbEntity
  8
F.Cu
  6
CONTINUOUS
100
AcDbLine
 10
152.8458190000000059
 20
-47.4940250000000006
 30
0
 11
152.7389599999999916
 21
-47.7037479999999974
 31
0
  0
LINE
  5
BB5
330
1B
100
AcDbEntity
  8
F.Cu
  6
CONTINUOUS
100
AcDbLine
 10
152.7389599999999916
 20
-47.7037479999999974
 30
0
 11
152.6006089999999915
 21
-47.8941719999999975
 31
0
  0
LINE
  5
BB6
330
1B
100
AcDbEntity
  8
F.Cu
  6
CONTINUOUS
100
AcDbLine
 10
152.6006089999999915
 20
-47.8941719999999975
 30
0
 11
152.4341719999999896
 21
-48.0606089999999995
 31
0
  0
LINE
  5
BB7
330
1B
100
AcDbEntity
  8
F.Cu
  6
CONTINUOUS
100
AcDbLine
 10
152.4341719999999896
 20
-48.0606089999999995
 30
0
 11
152.2437479999999823
 21
-48.1989599999999996
 31
0
  0
LINE
  5
BB8
330
1B
100
AcDbEntity
  8
F.Cu
  6
CONTINUOUS
100
AcDbLine
 10
152.2437479999999823
 20
-48.1989599999999996
 30
0
 11
152.0340249999999855
 21
-48.3058189999999996
 31
0
  0
LINE
  5
BB9
330
1B
100
AcDbEntity
  8
F.Cu
  6
CONTINUOUS
100
AcDbLine
 10
152.0340249999999855
 20
-48.3058189999999996
 30
0
 11
151.8101680000000044
 21
-48.3785549999999986
 31
0
  0
LINE
  5
BBA
330
1B
100
AcDbEntity
  8
F.Cu
  6
CONTINUOUS
100
AcDbLine
 10
151.8101680000000044
 20
-48.3785549999999986
 30
0
 11
151.5776889999999923
 21
-48.4153759999999949
 31
0
  0
LINE
  5
BBB
330
1B
100
AcDbEntity
  8
F.Cu
  6
CONTINUOUS
100
AcDbLine
 10
151.5776889999999923
 20
-48.4153759999999949
 30
0
 11
151.3423109999999951
 21
-48.4153759999999949
 31
0
  0
LINE
  5
BBC
330
1B
100
AcDbEntity
  8
F.Cu
  6
CONTINUOUS
100
AcDbLine
 10
151.3423109999999951
 20
-48.4153759999999949
 30
0
 11
151.1098319999999831
 21
-48.3785549999999986
 31
0
  0
LINE
  5
BBD
330
1B
100
AcDbEntity
  8
F.Cu
  6
CONTINUOUS
100
AcDbLine
 10
151.1098319999999831
 20
-48.3785549999999986
 30
0
 11
150.885975000000002
 21
-48.3058189999999996
 31
0
  0
LINE
  5
BBE
330
1B
100
AcDbEntity
  8
F.Cu
  6
CONTINUOUS
100
AcDbLine
 10
150.885975000000002
 20
-48.3058189999999996
 30
0
 11
150.6762520000000052
 21
-48.1989599999999996
 31
0
  0
LINE
  5
BBF
330
1B
100
AcDbEntity
  8
F.Cu
  6
CONTINUOUS
100
AcDbLine
 10
150.6762520000000052
 20
-48.1989599999999996
 30
0
 11
150.4858279999999979
 21
-48.0606089999999995
 31
0
  0
LINE
  5
BC0
330
1B
100
AcDbEntity
  8
F.Cu
  6
CONTINUOUS
100
AcDbLine
 10
150.4858279999999979
 20
-48.0606089999999995
 30
0
 11
150.319390999999996
 21
-47.8941719999999975
 31
0
  0
LINE
  5
BC1
330
1B
100
AcDbEntity
  8
F.Cu
  6
CONTINUOUS
100
AcDbLine
 10
150.319390999999996
 20
-47.8941719999999975
 30
0
 11
150.1810399999999959
 21
-47.7037479999999974
 31
0
  0
LINE
  5
BC2
330
1B
100
AcDbEntity
  8
F.Cu
  6
CONTINUOUS
100
AcDbLine
 10
150.1810399999999959
 20
-47.7037479999999974
 30
0
 11
150.0741809999999816
 21
-47.4940250000000006
 31
0
  0
LINE
  5
BC3
330
1B
100
AcDbEntity
  8
F.Cu
  6
CONTINUOUS
100
AcDbLine
 10
150.0741809999999816
 20
-47.4940250000000006
 30
0
 11
150.0014449999999897
 21
-47.2701679999999982
 31
0
  0
LINE
  5
BC4
330
1B
100
AcDbEntity
  8
F.Cu
  6
CONTINUOUS
100
AcDbLine
 10
150.0014449999999897
 20
-47.2701679999999982
 30
0
 11
149.9646239999999864
 21
-47.0376890000000003
 31
0
  0
LINE
  5
BC5
330
1B
100
AcDbEntity
  8
F.Cu
  6
CONTINUOUS
100
AcDbLine
 10
149.9646239999999864
 20
-47.0376890000000003
 30
0
 11
149.9646239999999864
 21
-46.802310999999996
 31
0
  0
LINE
  5
BC6
330
1B
100
AcDbEntity
  8
F.Cu
  6
CONTINUOUS
100
AcDbLine
 10
149.9646239999999864
 20
-46.802310999999996
 30
0
 11
150.0014449999999897
 21
-46.5698319999999981
 31
0
  0
LINE
  5
BC7
330
1B
100
AcDbEntity
  8
F.Cu
  6
CONTINUOUS
100
AcDbLine
 10
150.0014449999999897
 20
-46.5698319999999981
 30
0
 11
150.0741809999999816
 21
-46.3459749999999957
 31
0
  0
LINE
  5
BC8
330
1B
100
AcDbEntity
  8
F.Cu
  6
CONTINUOUS
100
AcDbLine
 10
150.0741809999999816
 20
-46.3459749999999957
 30
0
 11
150.1810399999999959
 21
-46.1362519999999989
 31
0
  0
LINE
  5
BC9
330
1B
100
AcDbEntity
  8
F.Cu
  6
CONTINUOUS
100
AcDbLine
 10
150.1810399999999959
 20
-46.1362519999999989
 30
0
 11
150.319390999999996
 21
-45.9458279999999988
 31
0
  0
LINE
  5
BCA
330
1B
100
AcDbEntity
  8
F.Cu
  6
CONTINUOUS
100
AcDbLine
 10
150.319390999999996
 20
-45.9458279999999988
 30
0
 11
150.4858279999999979
 21
-45.7793909999999968
 31
0
  0
LINE
  5
BCB
330
1B
100
AcDbEntity
  8
F.Cu
  6
CONTINUOUS
100
AcDbLine
 10
150.4858279999999979
 20
-45.7793909999999968
 30
0
 11
150.6762520000000052
 21
-45.6410399999999967
 31
0
  0
LINE
  5
BCC
330
1B
100
AcDbEntity
  8
F.Cu
  6
CONTINUOUS
100
AcDbLine
 10
150.6762520000000052
 20
-45.6410399999999967
 30
0
 11
150.885975000000002
 21
-45.5341809999999967
 31
0
  0
LINE
  5
BCD
330
1B
100
AcDbEntity
  8
F.Cu
  6
CONTINUOUS
100
AcDbLine
 10
150.885975000000002
 20
-45.5341809999999967
 30
0
 11
151.1098319999999831
 21
-45.4614449999999977
 31
0
  0
LINE
  5
BCE
330
1B
100
AcDbEntity
  8
F.Cu
  6
CONTINUOUS
100
AcDbLine
 10
151.1098319999999831
 20
-45.4614449999999977
 30
0
 11
151.3423109999999951
 21
-45.4246240000000014
 31
0
  0
LINE
  5
BCF
330
1B
100
AcDbEntity
  8
F.Cu
  6
CONTINUOUS
100
AcDbLine
 10
151.3423109999999951
 20
-45.4246240000000014
 30
0
 11
151.5776889999999923
 21
-45.4246240000000014
 31
0
  0
LINE
  5
BD0
330
1B
100
AcDbEntity
  8
F.Cu
  6
CONTINUOUS
100
AcDbLine
 10
151.5776889999999923
 20
-45.4246240000000014
 30
0
 11
151.8101680000000044
 21
-45.4614449999999977
 31
0
  0
LINE
  5
BD1
330
1B
100
AcDbEntity
  8
F.Cu
  6
CONTINUOUS
100
AcDbLine
 10
176.270167999999984
 20
-45.4614449999999977
 30
0
 11
176.4940249999999935
 21
-45.5341809999999967
 31
0
  0
LINE
  5
BD2
330
1B
100
AcDbEntity
  8
F.Cu
  6
CONTINUOUS
100
AcDbLine
 10
176.4940249999999935
 20
-45.5341809999999967
 30
0
 11
176.7037479999999903
 21
-45.6410399999999967
 31
0
  0
LINE
  5
BD3
330
1B
100
AcDbEntity
  8
F.Cu
  6
CONTINUOUS
100
AcDbLine
 10
176.7037479999999903
 20
-45.6410399999999967
 30
0
 11
176.8941719999999975
 21
-45.7793909999999968
 31
0
  0
LINE
  5
BD4
330
1B
100
AcDbEntity
  8
F.Cu
  6
CONTINUOUS
100
AcDbLine
 10
176.8941719999999975
 20
-45.7793909999999968
 30
0
 11
177.0606089999999995
 21
-45.9458279999999988
 31
0
  0
LINE
  5
BD5
330
1B
100
AcDbEntity
  8
F.Cu
  6
CONTINUOUS
100
AcDbLine
 10
177.0606089999999995
 20
-45.9458279999999988
 30
0
 11
177.1989599999999996
 21
-46.1362519999999989
 31
0
  0
LINE
  5
BD6
330
1B
100
AcDbEntity
  8
F.Cu
  6
CONTINUOUS
100
AcDbLine
 10
177.1989599999999996
 20
-46.1362519999999989
 30
0
 11
177.3058189999999854
 21
-46.3459749999999957
 31
0
  0
LINE
  5
BD7
330
1B
100
AcDbEntity
  8
F.Cu
  6
CONTINUOUS
100
AcDbLine
 10
177.3058189999999854
 20
-46.3459749999999957
 30
0
 11
177.3785550000000057
 21
-46.5698319999999981
 31
0
  0
LINE
  5
BD8
330
1B
100
AcDbEntity
  8
F.Cu
  6
CONTINUOUS
100
AcDbLine
 10
177.3785550000000057
 20
-46.5698319999999981
 30
0
 11
177.4153759999999806
 21
-46.802310999999996
 31
0
  0
LINE
  5
BD9
330
1B
100
AcDbEntity
  8
F.Cu
  6
CONTINUOUS
100
AcDbLine
 10
177.4153759999999806
 20
-46.802310999999996
 30
0
 11
177.4153759999999806
 21
-47.0376890000000003
 31
0
  0
LINE
  5
BDA
330
1B
100
AcDbEntity
  8
F.Cu
  6
CONTINUOUS
100
AcDbLine
 10
177.4153759999999806
 20
-47.0376890000000003
 30
0
 11
177.3785550000000057
 21
-47.2701679999999982
 31
0
  0
LINE
  5
BDB
330
1B
100
AcDbEntity
  8
F.Cu
  6
CONTINUOUS
100
AcDbLine
 10
177.3785550000000057
 20
-47.2701679999999982
 30
0
 11
177.3058189999999854
 21
-47.4940250000000006
 31
0
  0
LINE
  5
BDC
330
1B
100
AcDbEntity
  8
F.Cu
  6
CONTINUOUS
100
AcDbLine
 10
177.3058189999999854
 20
-47.4940250000000006
 30
0
 11
177.1989599999999996
 21
-47.7037479999999974
 31
0
  0
LINE
  5
BDD
330
1B
100
AcDbEntity
  8
F.Cu
  6
CONTINUOUS
100
AcDbLine
 10
177.1989599999999996
 20
-47.7037479999999974
 30
0
 11
177.0606089999999995
 21
-47.8941719999999975
 31
0
  0
LINE
  5
BDE
330
1B
100
AcDbEntity
  8
F.Cu
  6
CONTINUOUS
100
AcDbLine
 10
177.0606089999999995
 20
-47.8941719999999975
 30
0
 11
176.8941719999999975
 21
-48.0606089999999995
 31
0
  0
LINE
  5
BDF
330
1B
100
AcDbEntity
  8
F.Cu
  6
CONTINUOUS
100
AcDbLine
 10
176.8941719999999975
 20
-48.0606089999999995
 30
0
 11
176.7037479999999903
 21
-48.1989599999999996
 31
0
  0
LINE
  5
BE0
330
1B
100
AcDbEntity
  8
F.Cu
  6
CONTINUOUS
100
AcDbLine
 10
176.7037479999999903
 20
-48.1989599999999996
 30
0
 11
176.4940249999999935
 21
-48.3058189999999996
 31
0
  0
LINE
  5
BE1
330
1B
100
AcDbEntity
  8
F.Cu
  6
CONTINUOUS
100
AcDbLine
 10
176.4940249999999935
 20
-48.3058189999999996
 30
0
 11
176.270167999999984
 21
-48.3785549999999986
 31
0
  0
LINE
  5
BE2
330
1B
100
AcDbEntity
  8
F.Cu
  6
CONTINUOUS
100
AcDbLine
 10
176.270167999999984
 20
-48.3785549999999986
 30
0
 11
176.0376890000000003
 21
-48.4153759999999949
 31
0
  0
LINE
  5
BE3
330
1B
100
AcDbEntity
  8
F.Cu
  6
CONTINUOUS
100
AcDbLine
 10
176.0376890000000003
 20
-48.4153759999999949
 30
0
 11
175.8023110000000031
 21
-48.4153759999999949
 31
0
  0
LINE
  5
BE4
330
1B
100
AcDbEntity
  8
F.Cu
  6
CONTINUOUS
100
AcDbLine
 10
175.8023110000000031
 20
-48.4153759999999949
 30
0
 11
175.569831999999991
 21
-48.3785549999999986
 31
0
  0
LINE
  5
BE5
330
1B
100
AcDbEntity
  8
F.Cu
  6
CONTINUOUS
100
AcDbLine
 10
175.569831999999991
 20
-48.3785549999999986
 30
0
 11
175.3459749999999815
 21
-48.3058189999999996
 31
0
  0
LINE
  5
BE6
330
1B
100
AcDbEntity
  8
F.Cu
  6
CONTINUOUS
100
AcDbLine
 10
175.3459749999999815
 20
-48.3058189999999996
 30
0
 11
175.1362519999999847
 21
-48.1989599999999996
 31
0
  0
LINE
  5
BE7
330
1B
100
AcDbEntity
  8
F.Cu
  6
CONTINUOUS
100
AcDbLine
 10
175.1362519999999847
 20
-48.1989599999999996
 30
0
 11
174.9458280000000059
 21
-48.0606089999999995
 31
0
  0
LINE
  5
BE8
330
1B
100
AcDbEntity
  8
F.Cu
  6
CONTINUOUS
100
AcDbLine
 10
174.9458280000000059
 20
-48.0606089999999995
 30
0
 11
174.7793910000000039
 21
-47.8941719999999975
 31
0
  0
LINE
  5
BE9
330
1B
100
AcDbEntity
  8
F.Cu
  6
CONTINUOUS
100
AcDbLine
 10
174.7793910000000039
 20
-47.8941719999999975
 30
0
 11
174.6410400000000038
 21
-47.7037479999999974
 31
0
  0
LINE
  5
BEA
330
1B
100
AcDbEntity
  8
F.Cu
  6
CONTINUOUS
100
AcDbLine
 10
174.6410400000000038
 20
-47.7037479999999974
 30
0
 11
174.5341809999999896
 21
-47.4940250000000006
 31
0
  0
LINE
  5
BEB
330
1B
100
AcDbEntity
  8
F.Cu
  6
CONTINUOUS
100
AcDbLine
 10
174.5341809999999896
 20
-47.4940250000000006
 30
0
 11
174.4614449999999977
 21
-47.2701679999999982
 31
0
  0
LINE
  5
BEC
330
1B
100
AcDbEntity
  8
F.Cu
  6
CONTINUOUS
100
AcDbLine
 10
174.4614449999999977
 20
-47.2701679999999982
 30
0
 11
174.4246239999999943
 21
-47.0376890000000003
 31
0
  0
LINE
  5
BED
330
1B
100
AcDbEntity
  8
F.Cu
  6
CONTINUOUS
100
AcDbLine
 10
174.4246239999999943
 20
-47.0376890000000003
 30
0
 11
174.4246239999999943
 21
-46.802310999999996
 31
0
  0
LINE
  5
BEE
330
1B
100
AcDbEntity
  8
F.Cu
  6
CONTINUOUS
100
AcDbLine
 10
174.4246239999999943
 20
-46.802310999999996
 30
0
 11
174.4614449999999977
 21
-46.5698319999999981
 31
0
  0
LINE
  5
BEF
330
1B
100
AcDbEntity
  8
F.Cu
  6
CONTINUOUS
100
AcDbLine
 10
174.4614449999999977
 20
-46.5698319999999981
 30
0
 11
174.5341809999999896
 21
-46.3459749999999957
 31
0
  0
LINE
  5
BF0
330
1B
100
AcDbEntity
  8
F.Cu
  6
CONTINUOUS
100
AcDbLine
 10
174.5341809999999896
 20
-46.3459749999999957
 30
0
 11
174.6410400000000038
 21
-46.1362519999999989
 31
0
  0
LINE
  5
BF1
330
1B
100
AcDbEntity
  8
F.Cu
  6
CONTINUOUS
100
AcDbLine
 10
174.6410400000000038
 20
-46.1362519999999989
 30
0
 11
174.7793910000000039
 21
-45.9458279999999988
 31
0
  0
LINE
  5
BF2
330
1B
100
AcDbEntity
  8
F.Cu
  6
CONTINUOUS
100
AcDbLine
 10
174.7793910000000039
 20
-45.9458279999999988
 30
0
 11
174.9458280000000059
 21
-45.7793909999999968
 31
0
  0
LINE
  5
BF3
330
1B
100
AcDbEntity
  8
F.Cu
  6
CONTINUOUS
100
AcDbLine
 10
174.9458280000000059
 20
-45.7793909999999968
 30
0
 11
175.1362519999999847
 21
-45.6410399999999967
 31
0
  0
LINE
  5
BF4
330
1B
100
AcDbEntity
  8
F.Cu
  6
CONTINUOUS
100
AcDbLine
 10
175.1362519999999847
 20
-45.6410399999999967
 30
0
 11
175.3459749999999815
 21
-45.5341809999999967
 31
0
  0
LINE
  5
BF5
330
1B
100
AcDbEntity
  8
F.Cu
  6
CONTINUOUS
100
AcDbLine
 10
175.3459749999999815
 20
-45.5341809999999967
 30
0
 11
175.569831999999991
 21
-45.4614449999999977
 31
0
  0
LINE
  5
BF6
330
1B
100
AcDbEntity
  8
F.Cu
  6
CONTINUOUS
100
AcDbLine
 10
175.569831999999991
 20
-45.4614449999999977
 30
0
 11
175.8023110000000031
 21
-45.4246240000000014
 31
0
  0
LINE
  5
BF7
330
1B
100
AcDbEntity
  8
F.Cu
  6
CONTINUOUS
100
AcDbLine
 10
175.8023110000000031
 20
-45.4246240000000014
 30
0
 11
176.0376890000000003
 21
-45.4246240000000014
 31
0
  0
LINE
  5
BF8
330
1B
100
AcDbEntity
  8
F.Cu
  6
CONTINUOUS
100
AcDbLine
 10
176.0376890000000003
 20
-45.4246240000000014
 30
0
 11
176.270167999999984
 21
-45.4614449999999977
 31
0
  0
CIRCLE
  5
BF9
330
1B
100
AcDbEntity
  8
F.Cu
100
AcDbCircle
 10
182.9499999999999886
 20
-131.039999999999992
 30
0
 40
0.175
  0
CIRCLE
  5
BFA
330
1B
100
AcDbEntity
  8
F.Cu
100
AcDbCircle
 10
182.9499999999999886
 20
-128.5
 30
0
 40
0.175
  0
CIRCLE
  5
BFB
330
1B
100
AcDbEntity
  8
F.Cu
100
AcDbCircle
 10
182.9499999999999886
 20
-125.9599999999999937
 30
0
 40
0.175
  0
CIRCLE
  5
BFC
330
1B
100
AcDbEntity
  8
F.Cu
100
AcDbCircle
 10
171.
 20
-113.3676999999999992
 30
0
 40
0.175
  0
CIRCLE
  5
BFD
330
1B
100
AcDbEntity
  8
F.Cu
100
AcDbCircle
 10
171.
 20
-108.3676999999999992
 30
0
 40
0.175
  0
CIRCLE
  5
BFE
330
1B
100
AcDbEntity
  8
F.Cu
100
AcDbCircle
 10
170.1526999999999816
 20
-128.
 30
0
 40
0.175
  0
CIRCLE
  5
BFF
330
1B
100
AcDbEntity
  8
F.Cu
100
AcDbCircle
 10
166.6526999999999816
 20
-128.
 30
0
 40
0.175
  0
CIRCLE
  5
C00
330
1B
100
AcDbEntity
  8
F.Cu
100
AcDbCircle
 10
147.
 20
-96.3100000000000023
 30
0
 40
0.175
  0
CIRCLE
  5
C01
330
1B
100
AcDbEntity
  8
F.Cu
100
AcDbCircle
 10
147.
 20
-88.6899999999999977
 30
0
 40
0.175
  0
CIRCLE
  5
C02
330
1B
100
AcDbEntity
  8
F.Cu
100
AcDbCircle
 10
193.
 20
-105.8676999999999992
 30
0
 40
0.175
  0
CIRCLE
  5
C03
330
1B
100
AcDbEntity
  8
F.Cu
100
AcDbCircle
 10
193.
 20
-100.8676999999999992
 30
0
 40
0.175
  0
CIRCLE
  5
C04
330
1B
100
AcDbEntity
  8
F.Cu
100
AcDbCircle
 10
183.5
 20
-119.5
 30
0
 40
0.175
  0
CIRCLE
  5
C05
330
1B
100
AcDbEntity
  8
F.Cu
100
AcDbCircle
 10
178.5
 20
-119.5
 30
0
 40
0.175
  0
CIRCLE
  5
C06
330
1B
100
AcDbEntity
  8
F.Cu
100
AcDbCircle
 10
194.
 20
-124.1899999999999977
 30
0
 40
0.175
  0
CIRCLE
  5
C07
330
1B
100
AcDbEntity
  8
F.Cu
100
AcDbCircle
 10
194.
 20
-131.8100000000000023
 30
0
 40
0.175
  0
CIRCLE
  5
C08
330
1B
100
AcDbEntity
  8
F.Cu
100
AcDbCircle
 10
191.
 20
-61.2249999999999943
 30
0
 40
0.175
  0
CIRCLE
  5
C09
330
1B
100
AcDbEntity
  8
F.Cu
100
AcDbCircle
 10
191.
 20
-63.7650000000000006
 30
0
 40
0.175
  0
CIRCLE
  5
C0A
330
1B
100
AcDbEntity
  8
F.Cu
100
AcDbCircle
 10
109.4599999999999937
 20
-46.9199999999999946
 30
0
 40
0.175
  0
CIRCLE
  5
C0B
330
1B
100
AcDbEntity
  8
F.Cu
100
AcDbCircle
 10
104.3799999999999955
 20
-46.9199999999999946
 30
0
 40
0.175
  0
CIRCLE
  5
C0C
330
1B
100
AcDbEntity
  8
F.Cu
100
AcDbCircle
 10
141.2999999999999829
 20
-46.9199999999999946
 30
0
 40
0.175
  0
CIRCLE
  5
C0D
330
1B
100
AcDbEntity
  8
F.Cu
100
AcDbCircle
 10
146.3799999999999955
 20
-46.9199999999999946
 30
0
 40
0.175
  0
CIRCLE
  5
C0E
330
1B
100
AcDbEntity
  8
F.Cu
100
AcDbCircle
 10
151.4599999999999795
 20
-46.9199999999999946
 30
0
 40
0.175
  0
CIRCLE
  5
C0F
330
1B
100
AcDbEntity
  8
F.Cu
100
AcDbCircle
 10
159.
 20
-69.3100000000000023
 30
0
 40
0.175
  0
CIRCLE
  5
C10
330
1B
100
AcDbEntity
  8
F.Cu
100
AcDbCircle
 10
159.
 20
-61.6899999999999977
 30
0
 40
0.175
  0
CIRCLE
  5
C11
330
1B
100
AcDbEntity
  8
F.Cu
100
AcDbCircle
 10
179.
 20
-103.5
 30
0
 40
0.175
  0
CIRCLE
  5
C12
330
1B
100
AcDbEntity
  8
F.Cu
100
AcDbCircle
 10
179.
 20
-98.5
 30
0
 40
0.175
  0
CIRCLE
  5
C13
330
1B
100
AcDbEntity
  8
F.Cu
100
AcDbCircle
 10
110.5
 20
-83.
 30
0
 40
0.175
  0
CIRCLE
  5
C14
330
1B
100
AcDbEntity
  8
F.Cu
100
AcDbCircle
 10
105.5
 20
-83.
 30
0
 40
0.175
  0
CIRCLE
  5
C15
330
1B
100
AcDbEntity
  8
F.Cu
100
AcDbCircle
 10
148.8400000000000034
 20
-128.
 30
0
 40
0.175
  0
CIRCLE
  5
C16
330
1B
100
AcDbEntity
  8
F.Cu
100
AcDbCircle
 10
153.9199999999999875
 20
-128.
 30
0
 40
0.175
  0
CIRCLE
  5
C17
330
1B
100
AcDbEntity
  8
F.Cu
100
AcDbCircle
 10
159.
 20
-128.
 30
0
 40
0.175
  0
CIRCLE
  5
C18
330
1B
100
AcDbEntity
  8
F.Cu
100
AcDbCircle
 10
127.7599999999999909
 20
-128.
 30
0
 40
0.175
  0
CIRCLE
  5
C19
330
1B
100
AcDbEntity
  8
F.Cu
100
AcDbCircle
 10
132.8400000000000034
 20
-128.
 30
0
 40
0.175
  0
CIRCLE
  5
C1A
330
1B
100
AcDbEntity
  8
F.Cu
100
AcDbCircle
 10
137.9199999999999875
 20
-128.
 30
0
 40
0.175
  0
CIRCLE
  5
C1B
330
1B
100
AcDbEntity
  8
F.Cu
100
AcDbCircle
 10
158.5
 20
-95.8100000000000023
 30
0
 40
0.175
  0
CIRCLE
  5
C1C
330
1B
100
AcDbEntity
  8
F.Cu
100
AcDbCircle
 10
158.5
 20
-88.1899999999999977
 30
0
 40
0.175
  0
CIRCLE
  5
C1D
330
1B
100
AcDbEntity
  8
F.Cu
100
AcDbCircle
 10
122.4599999999999937
 20
-46.9199999999999946
 30
0
 40
0.175
  0
CIRCLE
  5
C1E
330
1B
100
AcDbEntity
  8
F.Cu
100
AcDbCircle
 10
117.3799999999999955
 20
-46.9199999999999946
 30
0
 40
0.175
  0
CIRCLE
  5
C1F
330
1B
100
AcDbEntity
  8
F.Cu
100
AcDbCircle
 10
159.1322999999999865
 20
-80.
 30
0
 40
0.175
  0
CIRCLE
  5
C20
330
1B
100
AcDbEntity
  8
F.Cu
100
AcDbCircle
 10
164.1322999999999865
 20
-80.
 30
0
 40
0.175
  0
CIRCLE
  5
C21
330
1B
100
AcDbEntity
  8
F.Cu
100
AcDbCircle
 10
147.5
 20
-67.8100000000000023
 30
0
 40
0.175
  0
CIRCLE
  5
C22
330
1B
100
AcDbEntity
  8
F.Cu
100
AcDbCircle
 10
147.5
 20
-60.1899999999999977
 30
0
 40
0.175
  0
CIRCLE
  5
C23
330
1B
100
AcDbEntity
  8
F.Cu
100
AcDbCircle
 10
115.5
 20
-129.7450000000000045
 30
0
 40
0.175
  0
CIRCLE
  5
C24
330
1B
100
AcDbEntity
  8
F.Cu
100
AcDbCircle
 10
115.5
 20
-122.2449999999999903
 30
0
 40
0.175
  0
CIRCLE
  5
C25
330
1B
100
AcDbEntity
  8
F.Cu
100
AcDbCircle
 10
123.
 20
-70.8100000000000023
 30
0
 40
0.175
  0
CIRCLE
  5
C26
330
1B
100
AcDbEntity
  8
F.Cu
100
AcDbCircle
 10
123.
 20
-63.1899999999999977
 30
0
 40
0.175
  0
CIRCLE
  5
C27
330
1B
100
AcDbEntity
  8
F.Cu
100
AcDbCircle
 10
114.
 20
-97.
 30
0
 40
0.175
  0
CIRCLE
  5
C28
330
1B
100
AcDbEntity
  8
F.Cu
100
AcDbCircle
 10
114.
 20
-102.
 30
0
 40
0.175
  0
CIRCLE
  5
C29
330
1B
100
AcDbEntity
  8
F.Cu
100
AcDbCircle
 10
192.
 20
-119.
 30
0
 40
0.175
  0
CIRCLE
  5
C2A
330
1B
100
AcDbEntity
  8
F.Cu
100
AcDbCircle
 10
192.
 20
-114.
 30
0
 40
0.175
  0
CIRCLE
  5
C2B
330
1B
100
AcDbEntity
  8
F.Cu
100
AcDbCircle
 10
115.
 20
-91.3100000000000023
 30
0
 40
0.175
  0
CIRCLE
  5
C2C
330
1B
100
AcDbEntity
  8
F.Cu
100
AcDbCircle
 10
115.
 20
-83.6899999999999977
 30
0
 40
0.175
  0
CIRCLE
  5
C2D
330
1B
100
AcDbEntity
  8
F.Cu
100
AcDbCircle
 10
95.5
 20
-92.5
 30
0
 40
0.175
  0
CIRCLE
  5
C2E
330
1B
100
AcDbEntity
  8
F.Cu
100
AcDbCircle
 10
95.5
 20
-97.5
 30
0
 40
0.175
  0
CIRCLE
  5
C2F
330
1B
100
AcDbEntity
  8
F.Cu
100
AcDbCircle
 10
112.5
 20
-70.8100000000000023
 30
0
 40
0.175
  0
CIRCLE
  5
C30
330
1B
100
AcDbEntity
  8
F.Cu
100
AcDbCircle
 10
112.5
 20
-63.1899999999999977
 30
0
 40
0.175
  0
CIRCLE
  5
C31
330
1B
100
AcDbEntity
  8
F.Cu
100
AcDbCircle
 10
117.
 20
-70.8100000000000023
 30
0
 40
0.175
  0
CIRCLE
  5
C32
330
1B
100
AcDbEntity
  8
F.Cu
100
AcDbCircle
 10
117.
 20
-63.1899999999999977
 30
0
 40
0.175
  0
CIRCLE
  5
C33
330
1B
100
AcDbEntity
  8
F.Cu
100
AcDbCircle
 10
103.5
 20
-57.
 30
0
 40
0.175
  0
CIRCLE
  5
C34
330
1B
100
AcDbEntity
  8
F.Cu
100
AcDbCircle
 10
103.5
 20
-72.
 30
0
 40
0.175
  0
CIRCLE
  5
C35
330
1B
100
AcDbEntity
  8
F.Cu
100
AcDbCircle
 10
131.2450000000000045
 20
-105.
 30
0
 40
0.175
  0
CIRCLE
  5
C36
330
1B
100
AcDbEntity
  8
F.Cu
100
AcDbCircle
 10
123.7449999999999903
 20
-105.
 30
0
 40
0.175
  0
CIRCLE
  5
C37
330
1B
100
AcDbEntity
  8
F.Cu
100
AcDbCircle
 10
115.1499999999999915
 20
-114.5
 30
0
 40
0.175
  0
CIRCLE
  5
C38
330
1B
100
AcDbEntity
  8
F.Cu
100
AcDbCircle
 10
117.6899999999999977
 20
-114.5
 30
0
 40
0.175
  0
CIRCLE
  5
C39
330
1B
100
AcDbEntity
  8
F.Cu
100
AcDbCircle
 10
120.2299999999999898
 20
-114.5
 30
0
 40
0.175
  0
CIRCLE
  5
C3A
330
1B
100
AcDbEntity
  8
F.Cu
100
AcDbCircle
 10
122.769999999999996
 20
-114.5
 30
0
 40
0.175
  0
CIRCLE
  5
C3B
330
1B
100
AcDbEntity
  8
F.Cu
100
AcDbCircle
 10
125.3099999999999881
 20
-114.5
 30
0
 40
0.175
  0
CIRCLE
  5
C3C
330
1B
100
AcDbEntity
  8
F.Cu
100
AcDbCircle
 10
127.8499999999999943
 20
-114.5
 30
0
 40
0.175
  0
CIRCLE
  5
C3D
330
1B
100
AcDbEntity
  8
F.Cu
100
AcDbCircle
 10
158.5
 20
-101.
 30
0
 40
0.175
  0
CIRCLE
  5
C3E
330
1B
100
AcDbEntity
  8
F.Cu
100
AcDbCircle
 10
144.
 20
-101.
 30
0
 40
0.175
  0
CIRCLE
  5
C3F
330
1B
100
AcDbEntity
  8
F.Cu
100
AcDbCircle
 10
142.
 20
-88.6899999999999977
 30
0
 40
0.175
  0
CIRCLE
  5
C40
330
1B
100
AcDbEntity
  8
F.Cu
100
AcDbCircle
 10
142.
 20
-96.3100000000000023
 30
0
 40
0.175
  0
CIRCLE
  5
C41
330
1B
100
AcDbEntity
  8
F.Cu
100
AcDbCircle
 10
121.3799999999999955
 20
-95.8100000000000023
 30
0
 40
0.175
  0
CIRCLE
  5
C42
330
1B
100
AcDbEntity
  8
F.Cu
100
AcDbCircle
 10
123.9199999999999875
 20
-95.8100000000000023
 30
0
 40
0.175
  0
CIRCLE
  5
C43
330
1B
100
AcDbEntity
  8
F.Cu
100
AcDbCircle
 10
126.4599999999999937
 20
-95.8100000000000023
 30
0
 40
0.175
  0
CIRCLE
  5
C44
330
1B
100
AcDbEntity
  8
F.Cu
100
AcDbCircle
 10
129.
 20
-95.8100000000000023
 30
0
 40
0.175
  0
CIRCLE
  5
C45
330
1B
100
AcDbEntity
  8
F.Cu
100
AcDbCircle
 10
131.539999999999992
 20
-95.8100000000000023
 30
0
 40
0.175
  0
CIRCLE
  5
C46
330
1B
100
AcDbEntity
  8
F.Cu
100
AcDbCircle
 10
134.0799999999999841
 20
-95.8100000000000023
 30
0
 40
0.175
  0
CIRCLE
  5
C47
330
1B
100
AcDbEntity
  8
F.Cu
100
AcDbCircle
 10
136.6200000000000045
 20
-95.8100000000000023
 30
0
 40
0.175
  0
CIRCLE
  5
C48
330
1B
100
AcDbEntity
  8
F.Cu
100
AcDbCircle
 10
136.6200000000000045
 20
-88.1899999999999977
 30
0
 40
0.175
  0
CIRCLE
  5
C49
330
1B
100
AcDbEntity
  8
F.Cu
100
AcDbCircle
 10
134.0799999999999841
 20
-88.1899999999999977
 30
0
 40
0.175
  0
CIRCLE
  5
C4A
330
1B
100
AcDbEntity
  8
F.Cu
100
AcDbCircle
 10
131.539999999999992
 20
-88.1899999999999977
 30
0
 40
0.175
  0
CIRCLE
  5
C4B
330
1B
100
AcDbEntity
  8
F.Cu
100
AcDbCircle
 10
129.
 20
-88.1899999999999977
 30
0
 40
0.175
  0
CIRCLE
  5
C4C
330
1B
100
AcDbEntity
  8
F.Cu
100
AcDbCircle
 10
126.4599999999999937
 20
-88.1899999999999977
 30
0
 40
0.175
  0
CIRCLE
  5
C4D
330
1B
100
AcDbEntity
  8
F.Cu
100
AcDbCircle
 10
123.9199999999999875
 20
-88.1899999999999977
 30
0
 40
0.175
  0
CIRCLE
  5
C4E
330
1B
100
AcDbEntity
  8
F.Cu
100
AcDbCircle
 10
121.3799999999999955
 20
-88.1899999999999977
 30
0
 40
0.175
  0
CIRCLE
  5
C4F
330
1B
100
AcDbEntity
  8
F.Cu
100
AcDbCircle
 10
130.3100000000000023
 20
-75.5
 30
0
 40
0.175
  0
CIRCLE
  5
C50
330
1B
100
AcDbEntity
  8
F.Cu
100
AcDbCircle
 10
122.6899999999999977
 20
-75.5
 30
0
 40
0.175
  0
CIRCLE
  5
C51
330
1B
100
AcDbEntity
  8
F.Cu
100
AcDbCircle
 10
181.
 20
-46.9199999999999946
 30
0
 40
0.175
  0
CIRCLE
  5
C52
330
1B
100
AcDbEntity
  8
F.Cu
100
AcDbCircle
 10
175.9199999999999875
 20
-46.9199999999999946
 30
0
 40
0.175
  0
CIRCLE
  5
C53
330
1B
100
AcDbEntity
  8
F.Cu
100
AcDbCircle
 10
148.8100000000000023
 20
-73.
 30
0
 40
0.175
  0
CIRCLE
  5
C54
330
1B
100
AcDbEntity
  8
F.Cu
100
AcDbCircle
 10
141.1899999999999977
 20
-73.
 30
0
 40
0.175
  0
CIRCLE
  5
C55
330
1B
100
AcDbEntity
  8
F.Cu
100
AcDbCircle
 10
105.
 20
-93.1499999999999915
 30
0
 40
0.175
  0
CIRCLE
  5
C56
330
1B
100
AcDbEntity
  8
F.Cu
100
AcDbCircle
 10
105.
 20
-95.6899999999999977
 30
0
 40
0.175
  0
CIRCLE
  5
C57
330
1B
100
AcDbEntity
  8
F.Cu
100
AcDbCircle
 10
105.
 20
-98.2299999999999898
 30
0
 40
0.175
  0
CIRCLE
  5
C58
330
1B
100
AcDbEntity
  8
F.Cu
100
AcDbCircle
 10
105.
 20
-100.769999999999996
 30
0
 40
0.175
  0
CIRCLE
  5
C59
330
1B
100
AcDbEntity
  8
F.Cu
100
AcDbCircle
 10
105.
 20
-103.3100000000000023
 30
0
 40
0.175
  0
CIRCLE
  5
C5A
330
1B
100
AcDbEntity
  8
F.Cu
100
AcDbCircle
 10
105.
 20
-105.8499999999999943
 30
0
 40
0.175
  0
CIRCLE
  5
C5B
330
1B
100
AcDbEntity
  8
F.Cu
100
AcDbCircle
 10
132.5
 20
-54.
 30
0
 40
0.175
  0
CIRCLE
  5
C5C
330
1B
100
AcDbEntity
  8
F.Cu
100
AcDbCircle
 10
132.5
 20
-69.
 30
0
 40
0.175
  0
CIRCLE
  5
C5D
330
1B
100
AcDbEntity
  8
F.Cu
100
AcDbCircle
 10
182.9499999999999886
 20
-131.039999999999992
 30
0
 40
0.175
  0
CIRCLE
  5
C5E
330
1B
100
AcDbEntity
  8
F.Cu
100
AcDbCircle
 10
182.9499999999999886
 20
-128.5
 30
0
 40
0.175
  0
CIRCLE
  5
C5F
330
1B
100
AcDbEntity
  8
F.Cu
100
AcDbCircle
 10
182.9499999999999886
 20
-125.9599999999999937
 30
0
 40
0.175
  0
CIRCLE
  5
C60
330
1B
100
AcDbEntity
  8
F.Cu
100
AcDbCircle
 10
171.
 20
-113.3676999999999992
 30
0
 40
0.175
  0
CIRCLE
  5
C61
330
1B
100
AcDbEntity
  8
F.Cu
100
AcDbCircle
 10
171.
 20
-108.3676999999999992
 30
0
 40
0.175
  0
CIRCLE
  5
C62
330
1B
100
AcDbEntity
  8
F.Cu
100
AcDbCircle
 10
170.1526999999999816
 20
-128.
 30
0
 40
0.175
  0
CIRCLE
  5
C63
330
1B
100
AcDbEntity
  8
F.Cu
100
AcDbCircle
 10
166.6526999999999816
 20
-128.
 30
0
 40
0.175
  0
CIRCLE
  5
C64
330
1B
100
AcDbEntity
  8
F.Cu
100
AcDbCircle
 10
147.
 20
-96.3100000000000023
 30
0
 40
0.175
  0
CIRCLE
  5
C65
330
1B
100
AcDbEntity
  8
F.Cu
100
AcDbCircle
 10
147.
 20
-88.6899999999999977
 30
0
 40
0.175
  0
CIRCLE
  5
C66
330
1B
100
AcDbEntity
  8
F.Cu
100
AcDbCircle
 10
193.
 20
-105.8676999999999992
 30
0
 40
0.175
  0
CIRCLE
  5
C67
330
1B
100
AcDbEntity
  8
F.Cu
100
AcDbCircle
 10
193.
 20
-100.8676999999999992
 30
0
 40
0.175
  0
CIRCLE
  5
C68
330
1B
100
AcDbEntity
  8
F.Cu
100
AcDbCircle
 10
183.5
 20
-119.5
 30
0
 40
0.175
  0
CIRCLE
  5
C69
330
1B
100
AcDbEntity
  8
F.Cu
100
AcDbCircle
 10
178.5
 20
-119.5
 30
0
 40
0.175
  0
CIRCLE
  5
C6A
330
1B
100
AcDbEntity
  8
F.Cu
100
AcDbCircle
 10
194.
 20
-124.1899999999999977
 30
0
 40
0.175
  0
CIRCLE
  5
C6B
330
1B
100
AcDbEntity
  8
F.Cu
100
AcDbCircle
 10
194.
 20
-131.8100000000000023
 30
0
 40
0.175
  0
CIRCLE
  5
C6C
330
1B
100
AcDbEntity
  8
F.Cu
100
AcDbCircle
 10
191.
 20
-61.2249999999999943
 30
0
 40
0.175
  0
CIRCLE
  5
C6D
330
1B
100
AcDbEntity
  8
F.Cu
100
AcDbCircle
 10
191.
 20
-63.7650000000000006
 30
0
 40
0.175
  0
CIRCLE
  5
C6E
330
1B
100
AcDbEntity
  8
F.Cu
100
AcDbCircle
 10
109.4599999999999937
 20
-46.9199999999999946
 30
0
 40
0.175
  0
CIRCLE
  5
C6F
330
1B
100
AcDbEntity
  8
F.Cu
100
AcDbCircle
 10
104.3799999999999955
 20
-46.9199999999999946
 30
0
 40
0.175
  0
CIRCLE
  5
C70
330
1B
100
AcDbEntity
  8
F.Cu
100
AcDbCircle
 10
141.2999999999999829
 20
-46.9199999999999946
 30
0
 40
0.175
  0
CIRCLE
  5
C71
330
1B
100
AcDbEntity
  8
F.Cu
100
AcDbCircle
 10
146.3799999999999955
 20
-46.9199999999999946
 30
0
 40
0.175
  0
CIRCLE
  5
C72
330
1B
100
AcDbEntity
  8
F.Cu
100
AcDbCircle
 10
151.4599999999999795
 20
-46.9199999999999946
 30
0
 40
0.175
  0
CIRCLE
  5
C73
330
1B
100
AcDbEntity
  8
F.Cu
100
AcDbCircle
 10
159.
 20
-69.3100000000000023
 30
0
 40
0.175
  0
CIRCLE
  5
C74
330
1B
100
AcDbEntity
  8
F.Cu
100
AcDbCircle
 10
159.
 20
-61.6899999999999977
 30
0
 40
0.175
  0
CIRCLE
  5
C75
330
1B
100
AcDbEntity
  8
F.Cu
100
AcDbCircle
 10
179.
 20
-103.5
 30
0
 40
0.175
  0
CIRCLE
  5
C76
330
1B
100
AcDbEntity
  8
F.Cu
100
AcDbCircle
 10
179.
 20
-98.5
 30
0
 40
0.175
  0
CIRCLE
  5
C77
330
1B
100
AcDbEntity
  8
F.Cu
100
AcDbCircle
 10
110.5
 20
-83.
 30
0
 40
0.175
  0
CIRCLE
  5
C78
330
1B
100
AcDbEntity
  8
F.Cu
100
AcDbCircle
 10
105.5
 20
-83.
 30
0
 40
0.175
  0
CIRCLE
  5
C79
330
1B
100
AcDbEntity
  8
F.Cu
100
AcDbCircle
 10
148.8400000000000034
 20
-128.
 30
0
 40
0.175
  0
CIRCLE
  5
C7A
330
1B
100
AcDbEntity
  8
F.Cu
100
AcDbCircle
 10
153.9199999999999875
 20
-128.
 30
0
 40
0.175
  0
CIRCLE
  5
C7B
330
1B
100
AcDbEntity
  8
F.Cu
100
AcDbCircle
 10
159.
 20
-128.
 30
0
 40
0.175
  0
CIRCLE
  5
C7C
330
1B
100
AcDbEntity
  8
F.Cu
100
AcDbCircle
 10
127.7599999999999909
 20
-128.
 30
0
 40
0.175
  0
CIRCLE
  5
C7D
330
1B
100
AcDbEntity
  8
F.Cu
100
AcDbCircle
 10
132.8400000000000034
 20
-128.
 30
0
 40
0.175
  0
CIRCLE
  5
C7E
330
1B
100
AcDbEntity
  8
F.Cu
100
AcDbCircle
 10
137.9199999999999875
 20
-128.
 30
0
 40
0.175
  0
CIRCLE
  5
C7F
330
1B
100
AcDbEntity
  8
F.Cu
100
AcDbCircle
 10
158.5
 20
-95.8100000000000023
 30
0
 40
0.175
  0
CIRCLE
  5
C80
330
1B
100
AcDbEntity
  8
F.Cu
100
AcDbCircle
 10
158.5
 20
-88.1899999999999977
 30
0
 40
0.175
  0
CIRCLE
  5
C81
330
1B
100
AcDbEntity
  8
F.Cu
100
AcDbCircle
 10
122.4599999999999937
 20
-46.9199999999999946
 30
0
 40
0.175
  0
CIRCLE
  5
C82
330
1B
100
AcDbEntity
  8
F.Cu
100
AcDbCircle
 10
117.3799999999999955
 20
-46.9199999999999946
 30
0
 40
0.175
  0
CIRCLE
  5
C83
330
1B
100
AcDbEntity
  8
F.Cu
100
AcDbCircle
 10
159.1322999999999865
 20
-80.
 30
0
 40
0.175
  0
CIRCLE
  5
C84
330
1B
100
AcDbEntity
  8
F.Cu
100
AcDbCircle
 10
164.1322999999999865
 20
-80.
 30
0
 40
0.175
  0
CIRCLE
  5
C85
330
1B
100
AcDbEntity
  8
F.Cu
100
AcDbCircle
 10
147.5
 20
-67.8100000000000023
 30
0
 40
0.175
  0
CIRCLE
  5
C86
330
1B
100
AcDbEntity
  8
F.Cu
100
AcDbCircle
 10
147.5
 20
-60.1899999999999977
 30
0
 40
0.175
  0
CIRCLE
  5
C87
330
1B
100
AcDbEntity
  8
F.Cu
100
AcDbCircle
 10
115.5
 20
-129.7450000000000045
 30
0
 40
0.175
  0
CIRCLE
  5
C88
330
1B
100
AcDbEntity
  8
F.Cu
100
AcDbCircle
 10
115.5
 20
-122.2449999999999903
 30
0
 40
0.175
  0
CIRCLE
  5
C89
330
1B
100
AcDbEntity
  8
F.Cu
100
AcDbCircle
 10
123.
 20
-70.8100000000000023
 30
0
 40
0.175
  0
CIRCLE
  5
C8A
330
1B
100
AcDbEntity
  8
F.Cu
100
AcDbCircle
 10
123.
 20
-63.1899999999999977
 30
0
 40
0.175
  0
CIRCLE
  5
C8B
330
1B
100
AcDbEntity
  8
F.Cu
100
AcDbCircle
 10
114.
 20
-97.
 30
0
 40
0.175
  0
CIRCLE
  5
C8C
330
1B
100
AcDbEntity
  8
F.Cu
100
AcDbCircle
 10
114.
 20
-102.
 30
0
 40
0.175
  0
CIRCLE
  5
C8D
330
1B
100
AcDbEntity
  8
F.Cu
100
AcDbCircle
 10
192.
 20
-119.
 30
0
 40
0.175
  0
CIRCLE
  5
C8E
330
1B
100
AcDbEntity
  8
F.Cu
100
AcDbCircle
 10
192.
 20
-114.
 30
0
 40
0.175
  0
CIRCLE
  5
C8F
330
1B
100
AcDbEntity
  8
F.Cu
100
AcDbCircle
 10
115.
 20
-91.3100000000000023
 30
0
 40
0.175
  0
CIRCLE
  5
C90
330
1B
100
AcDbEntity
  8
F.Cu
100
AcDbCircle
 10
115.
 20
-83.6899999999999977
 30
0
 40
0.175
  0
CIRCLE
  5
C91
330
1B
100
AcDbEntity
  8
F.Cu
100
AcDbCircle
 10
95.5
 20
-92.5
 30
0
 40
0.175
  0
CIRCLE
  5
C92
330
1B
100
AcDbEntity
  8
F.Cu
100
AcDbCircle
 10
95.5
 20
-97.5
 30
0
 40
0.175
  0
CIRCLE
  5
C93
330
1B
100
AcDbEntity
  8
F.Cu
100
AcDbCircle
 10
112.5
 20
-70.8100000000000023
 30
0
 40
0.175
  0
CIRCLE
  5
C94
330
1B
100
AcDbEntity
  8
F.Cu
100
AcDbCircle
 10
112.5
 20
-63.1899999999999977
 30
0
 40
0.175
  0
CIRCLE
  5
C95
330
1B
100
AcDbEntity
  8
F.Cu
100
AcDbCircle
 10
117.
 20
-70.8100000000000023
 30
0
 40
0.175
  0
CIRCLE
  5
C96
330
1B
100
AcDbEntity
  8
F.Cu
100
AcDbCircle
 10
117.
 20
-63.1899999999999977
 30
0
 40
0.175
  0
CIRCLE
  5
C97
330
1B
100
AcDbEntity
  8
F.Cu
100
AcDbCircle
 10
103.5
 20
-57.
 30
0
 40
0.175
  0
CIRCLE
  5
C98
330
1B
100
AcDbEntity
  8
F.Cu
100
AcDbCircle
 10
103.5
 20
-72.
 30
0
 40
0.175
  0
CIRCLE
  5
C99
330
1B
100
AcDbEntity
  8
F.Cu
100
AcDbCircle
 10
131.2450000000000045
 20
-105.
 30
0
 40
0.175
  0
CIRCLE
  5
C9A
330
1B
100
AcDbEntity
  8
F.Cu
100
AcDbCircle
 10
123.7449999999999903
 20
-105.
 30
0
 40
0.175
  0
CIRCLE
  5
C9B
330
1B
100
AcDbEntity
  8
F.Cu
100
AcDbCircle
 10
115.1499999999999915
 20
-114.5
 30
0
 40
0.175
  0
CIRCLE
  5
C9C
330
1B
100
AcDbEntity
  8
F.Cu
100
AcDbCircle
 10
117.6899999999999977
 20
-114.5
 30
0
 40
0.175
  0
CIRCLE
  5
C9D
330
1B
100
AcDbEntity
  8
F.Cu
100
AcDbCircle
 10
120.2299999999999898
 20
-114.5
 30
0
 40
0.175
  0
CIRCLE
  5
C9E
330
1B
100
AcDbEntity
  8
F.Cu
100
AcDbCircle
 10
122.769999999999996
 20
-114.5
 30
0
 40
0.175
  0
CIRCLE
  5
C9F
330
1B
100
AcDbEntity
  8
F.Cu
100
AcDbCircle
 10
125.3099999999999881
 20
-114.5
 30
0
 40
0.175
  0
CIRCLE
  5
CA0
330
1B
100
AcDbEntity
  8
F.Cu
100
AcDbCircle
 10
127.8499999999999943
 20
-114.5
 30
0
 40
0.175
  0
CIRCLE
  5
CA1
330
1B
100
AcDbEntity
  8
F.Cu
100
AcDbCircle
 10
158.5
 20
-101.
 30
0
 40
0.175
  0
CIRCLE
  5
CA2
330
1B
100
AcDbEntity
  8
F.Cu
100
AcDbCircle
 10
144.
 20
-101.
 30
0
 40
0.175
  0
CIRCLE
  5
CA3
330
1B
100
AcDbEntity
  8
F.Cu
100
AcDbCircle
 10
142.
 20
-88.6899999999999977
 30
0
 40
0.175
  0
CIRCLE
  5
CA4
330
1B
100
AcDbEntity
  8
F.Cu
100
AcDbCircle
 10
142.
 20
-96.3100000000000023
 30
0
 40
0.175
  0
CIRCLE
  5
CA5
330
1B
100
AcDbEntity
  8
F.Cu
100
AcDbCircle
 10
121.3799999999999955
 20
-95.8100000000000023
 30
0
 40
0.175
  0
CIRCLE
  5
CA6
330
1B
100
AcDbEntity
  8
F.Cu
100
AcDbCircle
 10
123.9199999999999875
 20
-95.8100000000000023
 30
0
 40
0.175
  0
CIRCLE
  5
CA7
330
1B
100
AcDbEntity
  8
F.Cu
100
AcDbCircle
 10
126.4599999999999937
 20
-95.8100000000000023
 30
0
 40
0.175
  0
CIRCLE
  5
CA8
330
1B
100
AcDbEntity
  8
F.Cu
100
AcDbCircle
 10
129.
 20
-95.8100000000000023
 30
0
 40
0.175
  0
CIRCLE
  5
CA9
330
1B
100
AcDbEntity
  8
F.Cu
100
AcDbCircle
 10
131.539999999999992
 20
-95.8100000000000023
 30
0
 40
0.175
  0
CIRCLE
  5
CAA
330
1B
100
AcDbEntity
  8
F.Cu
100
AcDbCircle
 10
134.0799999999999841
 20
-95.8100000000000023
 30
0
 40
0.175
  0
CIRCLE
  5
CAB
330
1B
100
AcDbEntity
  8
F.Cu
100
AcDbCircle
 10
136.6200000000000045
 20
-95.8100000000000023
 30
0
 40
0.175
  0
CIRCLE
  5
CAC
330
1B
100
AcDbEntity
  8
F.Cu
100
AcDbCircle
 10
136.6200000000000045
 20
-88.1899999999999977
 30
0
 40
0.175
  0
CIRCLE
  5
CAD
330
1B
100
AcDbEntity
  8
F.Cu
100
AcDbCircle
 10
134.0799999999999841
 20
-88.1899999999999977
 30
0
 40
0.175
  0
CIRCLE
  5
CAE
330
1B
100
AcDbEntity
  8
F.Cu
100
AcDbCircle
 10
131.539999999999992
 20
-88.1899999999999977
 30
0
 40
0.175
  0
CIRCLE
  5
CAF
330
1B
100
AcDbEntity
  8
F.Cu
100
AcDbCircle
 10
129.
 20
-88.1899999999999977
 30
0
 40
0.175
  0
CIRCLE
  5
CB0
330
1B
100
AcDbEntity
  8
F.Cu
100
AcDbCircle
 10
126.4599999999999937
 20
-88.1899999999999977
 30
0
 40
0.175
  0
CIRCLE
  5
CB1
330
1B
100
AcDbEntity
  8
F.Cu
100
AcDbCircle
 10
123.9199999999999875
 20
-88.1899999999999977
 30
0
 40
0.175
  0
CIRCLE
  5
CB2
330
1B
100
AcDbEntity
  8
F.Cu
100
AcDbCircle
 10
121.3799999999999955
 20
-88.1899999999999977
 30
0
 40
0.175
  0
CIRCLE
  5
CB3
330
1B
100
AcDbEntity
  8
F.Cu
100
AcDbCircle
 10
130.3100000000000023
 20
-75.5
 30
0
 40
0.175
  0
CIRCLE
  5
CB4
330
1B
100
AcDbEntity
  8
F.Cu
100
AcDbCircle
 10
122.6899999999999977
 20
-75.5
 30
0
 40
0.175
  0
CIRCLE
  5
CB5
330
1B
100
AcDbEntity
  8
F.Cu
100
AcDbCircle
 10
181.
 20
-46.9199999999999946
 30
0
 40
0.175
  0
CIRCLE
  5
CB6
330
1B
100
AcDbEntity
  8
F.Cu
100
AcDbCircle
 10
175.9199999999999875
 20
-46.9199999999999946
 30
0
 40
0.175
  0
CIRCLE
  5
CB7
330
1B
100
AcDbEntity
  8
F.Cu
100
AcDbCircle
 10
148.8100000000000023
 20
-73.
 30
0
 40
0.175
  0
CIRCLE
  5
CB8
330
1B
100
AcDbEntity
  8
F.Cu
100
AcDbCircle
 10
141.1899999999999977
 20
-73.
 30
0
 40
0.175
  0
CIRCLE
  5
CB9
330
1B
100
AcDbEntity
  8
F.Cu
100
AcDbCircle
 10
105.
 20
-93.1499999999999915
 30
0
 40
0.175
  0
CIRCLE
  5
CBA
330
1B
100
AcDbEntity
  8
F.Cu
100
AcDbCircle
 10
105.
 20
-95.6899999999999977
 30
0
 40
0.175
  0
CIRCLE
  5
CBB
330
1B
100
AcDbEntity
  8
F.Cu
100
AcDbCircle
 10
105.
 20
-98.2299999999999898
 30
0
 40
0.175
  0
CIRCLE
  5
CBC
330
1B
100
AcDbEntity
  8
F.Cu
100
AcDbCircle
 10
105.
 20
-100.769999999999996
 30
0
 40
0.175
  0
CIRCLE
  5
CBD
330
1B
100
AcDbEntity
  8
F.Cu
100
AcDbCircle
 10
105.
 20
-103.3100000000000023
 30
0
 40
0.175
  0
CIRCLE
  5
CBE
330
1B
100
AcDbEntity
  8
F.Cu
100
AcDbCircle
 10
105.
 20
-105.8499999999999943
 30
0
 40
0.175
  0
CIRCLE
  5
CBF
330
1B
100
AcDbEntity
  8
F.Cu
100
AcDbCircle
 10
132.5
 20
-54.
 30
0
 40
0.175
  0
CIRCLE
  5
CC0
330
1B
100
AcDbEntity
  8
F.Cu
100
AcDbCircle
 10
132.5
 20
-69.
 30
0
 40
0.175
  0
ARC
  5
CC1
330
1B
100
AcDbEntity
  8
Edge.Cuts
100
AcDbCircle
 10
89.
 20
-41.
 30
0
 40
4.
100
AcDbArc
 50
90.00000000
 51
180.00000000
  0
LINE
  5
CC2
330
1B
100
AcDbEntity
  8
Edge.Cuts
  6
CONTINUOUS
100
AcDbLine
 10
85.
 20
-133.
 30
0
 11
85.
 21
-41.
 31
0
  0
LINE
  5
CC3
330
1B
100
AcDbEntity
  8
Edge.Cuts
  6
CONTINUOUS
100
AcDbLine
 10
89.
 20
-37.
 30
0
 11
201.
 21
-37.
 31
0
  0
ARC
  5
CC4
330
1B
100
AcDbEntity
  8
Edge.Cuts
100
AcDbCircle
 10
89.
 20
-133.
 30
0
 40
4.
100
AcDbArc
 50
-180.00000000
 51
-90.00000000
  0
ARC
  5
CC5
330
1B
100
AcDbEntity
  8
Edge.Cuts
100
AcDbCircle
 10
201.
 20
-41.
 30
0
 40
4.
100
AcDbArc
 50
0.00000000
 51
90.00000000
  0
LINE
  5
CC6
330
1B
100
AcDbEntity
  8
Edge.Cuts
  6
CONTINUOUS
100
AcDbLine
 10
201.
 20
-137.
 30
0
 11
89.
 21
-137.
 31
0
  0
LINE
  5
CC7
330
1B
100
AcDbEntity
  8
Edge.Cuts
  6
CONTINUOUS
100
AcDbLine
 10
205.
 20
-41.
 30
0
 11
205.
 21
-133.
 31
0
  0
ARC
  5
CC8
330
1B
100
AcDbEntity
  8
Edge.Cuts
100
AcDbCircle
 10
201.
 20
-133.
 30
0
 40
4.
100
AcDbArc
 50
-90.00000000
 51
-0.00000000
  0
ENDSEC
  0
SECTION
  2
OBJECTS
  0
DICTIONARY
  5
21
330
0
100
AcDbDictionary
281
1
  3
ACAD_GROUP
350
CC9
  3
ACAD_LAYOUT
350
22
  3
ACAD_PLOTSTYLENAME
350
11
  0
DICTIONARY
  5
CC9
330
21
100
AcDbDictionary
281
1
  0
ACDBDICTIONARYWDFLT
  5
11
330
21
100
AcDbDictionary
281
1
  3
Normal
350
10
100
AcDbDictionaryWithDefault
340
10
  0
ACDBPLACEHOLDER
  5
10
330
11
  0
DICTIONARY
  5
22
330
21
100
AcDbDictionary
281
1
  3
Model
350
1E
  3
Layout1
350
1F
  3
Layout2
350
20
  0
LAYOUT
  5
1E
330
22
100
AcDbPlotSettings
  1

  2
none_device
  4
A3
  6

 40
0.0
 41
0.0
 42
0.0
 43
0.0
 44
420.0
 45
297.0
 46
0.0
 47
0.0
 48
0.0
 49
0.0
140
0.0
141
0.0
142
1.0
143
1.0
 70
1024
 72
1
 73
0
 74
5
  7

 75
16
 76
0
 77
2
 78
300
147
1.0
148
0.0
149
0.0
100
AcDbLayout
  1
Model
 70
1
 71
0
 10
0.0
 20
0.0
 11
420.0
 21
297.0
 12
0.0
 22
0.0
 32
0.0
 14
1e+20
 24
1e+20
 34
1e+20
 15
-1e+20
 25
-1e+20
 35
-1e+20
146
0.0
 13
0.0
 23
0.0
 33
0.0
 16
1.0
 26
0.0
 36
0.0
 17
0.0
 27
1.0
 37
0.0
 76
0
330
1B
  0
LAYOUT
  5
1F
330
22
100
AcDbPlotSettings
  1

  2
none_device
  4
A3
  6

 40
0.0
 41
0.0
 42
0.0
 43
0.0
 44
420.0
 45
297.0
 46
0.0
 47
0.0
 48
0.0
 49
0.0
140
0.0
141
0.0
142
1.0
143
1.0
 70
0
 72
1
 73
0
 74
5
  7

 75
16
 76
0
 77
2
 78
300
147
1.0
148
0.0
149
0.0
100
AcDbLayout
  1
Layout1
 70
1
 71
1
 10
0.0
 20
0.0
 11
420.0
 21
297.0
 12
0.0
 22
0.0
 32
0.0
 14
1e+20
 24
1e+20
 34
1e+20
 15
-1e+20
 25
-1e+20
 35
-1e+20
146
0.0
 13
0.0
 23
0.0
 33
0.0
 16
1.0
 26
0.0
 36
0.0
 17
0.0
 27
1.0
 37
0.0
 76
0
330
1C
  0
LAYOUT
  5
20
330
22
100
AcDbPlotSettings
  1

  2
none_device
  4
A3
  6

 40
0.0
 41
0.0
 42
0.0
 43
0.0
 44
420.0
 45
297.0
 46
0.0
 47
0.0
 48
0.0
 49
0.0
140
0.0
141
0.0
142
1.0
143
1.0
 70
0
 72
1
 73
0
 74
5
  7

 75
16
 76
0
 77
2
 78
300
147
1.0
148
0.0
149
0.0
100
AcDbLayout
  1
Layout2
 70
1
 71
2
 10
0.0
 20
0.0
 11
420.0
 21
297.0
 12
0.0
 22
0.0
 32
0.0
 14
1e+20
 24
1e+20
 34
1e+20
 15
-1e+20
 25
-1e+20
 35
-1e+20
146
0.0
 13
0.0
 23
0.0
 33
0.0
 16
1.0
 26
0.0
 36
0.0
 17
0.0
 27
1.0
 37
0.0
 76
0
330
1D
  0
ENDSEC
  0
EOF
