  0
SECTION
  2
HEADER
  9
$ACADVER
  1
AC1018
  9
$HANDSEED
  5
FFFFFFFF
  9
$ANGBASE
  50
0.0
  9
$ANGDIR
  70
1
  9
$MEASUREMENT
  70
1
  9
$INSUNITS
  70
4
  0
ENDSEC
  0
SECTION
  2
TABLES
  0
TABLE
  2
APPID
  5
1
330
0
100
AcDbSymbolTable
 70
1
  0
APPID
  5
2
330
1
100
AcDbSymbolTableRecord
100
AcDbRegAppTableRecord
  2
ACAD
 70
0
  0
ENDTAB
  0
TABLE
  2
LTYPE
  5
3
330
0
100
AcDbSymbolTable
 70
6
  0
LTYPE
  5
4
330
3
100
AcDbSymbolTableRecord
100
AcDbLinetypeTableRecord
  2
ByBlock
 70
0
  3

 72
65
 73
0
 40
0
  0
LTYPE
  5
5
330
3
100
AcDbSymbolTableRecord
100
AcDbLinetypeTableRecord
  2
ByLayer
 70
0
  3

 72
65
 73
0
 40
0
  0
LTYPE
  5
6
330
3
100
AcDbSymbolTableRecord
100
AcDbLinetypeTableRecord
  2
CONTINUOUS
 70
0
  3
Solid line
 72
65
 73
0
 40
0
  0
LTYPE
  5
7
330
3
100
AcDbSymbolTableRecord
100
AcDbLinetypeTableRecord
  2
DASHDOT
 70
0
  3
Dash Dot ____ _ ____ _
 72
65
 73
4
 40
2
 49
1.25
 74
0
 49
-0.25
 74
0
 49
0.25
 74
0
 49
-0.25
 74
0
  0
LTYPE
  5
8
330
3
100
AcDbSymbolTableRecord
100
AcDbLinetypeTableRecord
  2
DASHED
 70
0
  3
Dashed __ __ __ __ __
 72
65
 73
2
 40
0.75
 49
0.5
 74
0
 49
-0.25
 74
0
  0
LTYPE
  5
9
330
3
100
AcDbSymbolTableRecord
100
AcDbLinetypeTableRecord
  2
DOTTED
 70
0
  3
Dotted .  .  .  .
 72
65
 73
2
 40
0.2
 49
0.0
 74
0
 49
-0.2
 74
0
  0
ENDTAB
  0
TABLE
  2
STYLE
  5
A
330
0
100
AcDbSymbolTable
 70
4
  0
STYLE
  5
B
330
A
100
AcDbSymbolTableRecord
100
AcDbTextStyleTableRecord
  2
KICAD
 70
0
 40
0
 41
1
 42
1
 50
0
 71
0
  3
isocp.shx
  0
STYLE
  5
C
330
A
100
AcDbSymbolTableRecord
100
AcDbTextStyleTableRecord
  2
KICADB
 70
0
 40
0
 41
1
 42
1
 50
0
 71
0
  3
isocp.shx
  0
STYLE
  5
D
330
A
100
AcDbSymbolTableRecord
100
AcDbTextStyleTableRecord
  2
KICADI
 70
0
 40
0
 41
1
 42
1
 50
15
 71
0
  3
isocp.shx
  0
STYLE
  5
E
330
A
100
AcDbSymbolTableRecord
100
AcDbTextStyleTableRecord
  2
KICADBI
 70
0
 40
0
 41
1
 42
1
 50
15
 71
0
  3
isocp.shx
  0
ENDTAB
  0
TABLE
  2
LAYER
  5
F
330
0
100
AcDbSymbolTable
 70
3
  0
LAYER
  5
12
330
F
100
AcDbSymbolTableRecord
100
AcDbLayerTableRecord
  2
0
 70
0
 62
7
  6
CONTINUOUS
390
10
  0
LAYER
  5
13
330
F
100
AcDbSymbolTableRecord
100
AcDbLayerTableRecord
  2
F.Silkscreen
 70
0
 62
254
420
15457202
  6
CONTINUOUS
390
10
  0
LAYER
  5
14
330
F
100
AcDbSymbolTableRecord
100
AcDbLayerTableRecord
  2
Edge.Cuts
 70
0
 62
40
420
16432431
  6
CONTINUOUS
390
10
  0
ENDTAB
  0
TABLE
  2
VPORT
  5
15
330
0
100
AcDbSymbolTable
 70
0
  0
ENDTAB
  0
TABLE
  2
VIEW
  5
16
330
0
100
AcDbSymbolTable
 70
0
  0
ENDTAB
  0
TABLE
  2
UCS
  5
17
330
0
100
AcDbSymbolTable
 70
0
  0
ENDTAB
  0
TABLE
  2
DIMSTYLE
  5
18
330
0
100
AcDbSymbolTable
 70
1
100
AcDbDimStyleTable
 71
0
  0
DIMSTYLE
105
19
330
18
100
AcDbSymbolTableRecord
100
AcDbDimStyleTableRecord
  2
Standard
 70
0
  0
ENDTAB
  0
TABLE
  2
BLOCK_RECORD
  5
1A
330
0
100
AcDbSymbolTable
 70
3
  0
BLOCK_RECORD
  5
1B
330
1A
100
AcDbSymbolTableRecord
100
AcDbBlockTableRecord
  2
*Model_Space
340
1E
 70
0
280
1
281
0
  0
BLOCK_RECORD
  5
1C
330
1A
100
AcDbSymbolTableRecord
100
AcDbBlockTableRecord
  2
*Paper_Space
340
1F
 70
0
280
1
281
0
  0
BLOCK_RECORD
  5
1D
330
1A
100
AcDbSymbolTableRecord
100
AcDbBlockTableRecord
  2
*Paper_Space0
340
20
 70
0
280
1
281
0
  0
ENDTAB
  0
ENDSEC
  0
SECTION
  2
BLOCKS
  0
BLOCK
  5
24
330
1B
100
AcDbEntity
  8
0
100
AcDbBlockBegin
  2
*Model_Space
 70
0
 10
0.0
 20
0.0
 30
0.0
  3
*Model_Space
  1

  0
ENDBLK
  5
23
330
1B
100
AcDbEntity
  8
0
100
AcDbBlockEnd
  0
BLOCK
  5
26
330
1C
100
AcDbEntity
 67
1
  8
0
100
AcDbBlockBegin
  2
*Paper_Space
 70
0
 10
0.0
 20
0.0
 30
0.0
  3
*Paper_Space
  1

  0
ENDBLK
  5
25
330
1C
100
AcDbEntity
 67
1
  8
0
100
AcDbBlockEnd
  0
BLOCK
  5
28
330
1D
100
AcDbEntity
 67
1
  8
0
100
AcDbBlockBegin
  2
*Paper_Space0
 70
0
 10
0.0
 20
0.0
 30
0.0
  3
*Paper_Space0
  1

  0
ENDBLK
  5
27
330
1D
100
AcDbEntity
 67
1
  8
0
100
AcDbBlockEnd
  0
ENDSEC
  0
SECTION
  2
ENTITIES
  0
LINE
  5
29
330
1B
100
AcDbEntity
  8
F.Silkscreen
  6
CONTINUOUS
100
AcDbLine
 10
114.0094229999999982
 20
-127.7738549999999975
 30
0
 11
114.0094229999999982
 21
-126.9738550000000004
 31
0
  0
LINE
  5
2A
330
1B
100
AcDbEntity
  8
F.Silkscreen
  6
CONTINUOUS
100
AcDbLine
 10
114.0094229999999982
 20
-126.9738550000000004
 30
0
 11
114.2760889999999989
 21
-127.5452829999999977
 31
0
  0
LINE
  5
2B
330
1B
100
AcDbEntity
  8
F.Silkscreen
  6
CONTINUOUS
100
AcDbLine
 10
114.2760889999999989
 20
-127.5452829999999977
 30
0
 11
114.5427559999999971
 21
-126.9738550000000004
 31
0
  0
LINE
  5
2C
330
1B
100
AcDbEntity
  8
F.Silkscreen
  6
CONTINUOUS
100
AcDbLine
 10
114.5427559999999971
 20
-126.9738550000000004
 30
0
 11
114.5427559999999971
 21
-127.7738549999999975
 31
0
  0
LINE
  5
2D
330
1B
100
AcDbEntity
  8
F.Silkscreen
  6
CONTINUOUS
100
AcDbLine
 10
114.9237089999999881
 20
-127.7738549999999975
 30
0
 11
114.9237089999999881
 21
-126.9738550000000004
 31
0
  0
LINE
  5
2E
330
1B
100
AcDbEntity
  8
F.Silkscreen
  6
CONTINUOUS
100
AcDbLine
 10
115.7618039999999979
 20
-127.697663999999989
 30
0
 11
115.7237079999999878
 21
-127.7357599999999991
 31
0
  0
LINE
  5
2F
330
1B
100
AcDbEntity
  8
F.Silkscreen
  6
CONTINUOUS
100
AcDbLine
 10
115.7237079999999878
 20
-127.7357599999999991
 30
0
 11
115.6094229999999925
 21
-127.7738549999999975
 31
0
  0
LINE
  5
30
330
1B
100
AcDbEntity
  8
F.Silkscreen
  6
CONTINUOUS
100
AcDbLine
 10
115.6094229999999925
 20
-127.7738549999999975
 30
0
 11
115.5332319999999982
 21
-127.7738549999999975
 31
0
  0
LINE
  5
31
330
1B
100
AcDbEntity
  8
F.Silkscreen
  6
CONTINUOUS
100
AcDbLine
 10
115.5332319999999982
 20
-127.7738549999999975
 30
0
 11
115.4189459999999912
 21
-127.7357599999999991
 31
0
  0
LINE
  5
32
330
1B
100
AcDbEntity
  8
F.Silkscreen
  6
CONTINUOUS
100
AcDbLine
 10
115.4189459999999912
 20
-127.7357599999999991
 30
0
 11
115.3427559999999943
 21
-127.6595689999999905
 31
0
  0
LINE
  5
33
330
1B
100
AcDbEntity
  8
F.Silkscreen
  6
CONTINUOUS
100
AcDbLine
 10
115.3427559999999943
 20
-127.6595689999999905
 30
0
 11
115.3046609999999959
 21
-127.5833789999999937
 31
0
  0
LINE
  5
34
330
1B
100
AcDbEntity
  8
F.Silkscreen
  6
CONTINUOUS
100
AcDbLine
 10
115.3046609999999959
 20
-127.5833789999999937
 30
0
 11
115.2665649999999999
 21
-127.4309979999999882
 31
0
  0
LINE
  5
35
330
1B
100
AcDbEntity
  8
F.Silkscreen
  6
CONTINUOUS
100
AcDbLine
 10
115.2665649999999999
 20
-127.4309979999999882
 30
0
 11
115.2665649999999999
 21
-127.3167119999999954
 31
0
  0
LINE
  5
36
330
1B
100
AcDbEntity
  8
F.Silkscreen
  6
CONTINUOUS
100
AcDbLine
 10
115.2665649999999999
 20
-127.3167119999999954
 30
0
 11
115.3046609999999959
 21
-127.16433099999999
 31
0
  0
LINE
  5
37
330
1B
100
AcDbEntity
  8
F.Silkscreen
  6
CONTINUOUS
100
AcDbLine
 10
115.3046609999999959
 20
-127.16433099999999
 30
0
 11
115.3427559999999943
 21
-127.0881399999999957
 31
0
  0
LINE
  5
38
330
1B
100
AcDbEntity
  8
F.Silkscreen
  6
CONTINUOUS
100
AcDbLine
 10
115.3427559999999943
 20
-127.0881399999999957
 30
0
 11
115.4189459999999912
 21
-127.0119499999999988
 31
0
  0
LINE
  5
39
330
1B
100
AcDbEntity
  8
F.Silkscreen
  6
CONTINUOUS
100
AcDbLine
 10
115.4189459999999912
 20
-127.0119499999999988
 30
0
 11
115.5332319999999982
 21
-126.9738550000000004
 31
0
  0
LINE
  5
3A
330
1B
100
AcDbEntity
  8
F.Silkscreen
  6
CONTINUOUS
100
AcDbLine
 10
115.5332319999999982
 20
-126.9738550000000004
 30
0
 11
115.6094229999999925
 21
-126.9738550000000004
 31
0
  0
LINE
  5
3B
330
1B
100
AcDbEntity
  8
F.Silkscreen
  6
CONTINUOUS
100
AcDbLine
 10
115.6094229999999925
 20
-126.9738550000000004
 30
0
 11
115.7237079999999878
 21
-127.0119499999999988
 31
0
  0
LINE
  5
3C
330
1B
100
AcDbEntity
  8
F.Silkscreen
  6
CONTINUOUS
100
AcDbLine
 10
115.7237079999999878
 20
-127.0119499999999988
 30
0
 11
115.7618039999999979
 21
-127.0500449999999972
 31
0
  0
LINE
  5
3D
330
1B
100
AcDbEntity
  8
F.Silkscreen
  6
CONTINUOUS
100
AcDbLine
 10
114.4284699999999901
 20
-135.5119499999999846
 30
0
 11
114.3522799999999933
 21
-135.4738549999999861
 31
0
  0
LINE
  5
3E
330
1B
100
AcDbEntity
  8
F.Silkscreen
  6
CONTINUOUS
100
AcDbLine
 10
114.3522799999999933
 20
-135.4738549999999861
 30
0
 11
114.2379940000000005
 21
-135.4738549999999861
 31
0
  0
LINE
  5
3F
330
1B
100
AcDbEntity
  8
F.Silkscreen
  6
CONTINUOUS
100
AcDbLine
 10
114.2379940000000005
 20
-135.4738549999999861
 30
0
 11
114.1237079999999935
 21
-135.5119499999999846
 31
0
  0
LINE
  5
40
330
1B
100
AcDbEntity
  8
F.Silkscreen
  6
CONTINUOUS
100
AcDbLine
 10
114.1237079999999935
 20
-135.5119499999999846
 30
0
 11
114.0475179999999966
 21
-135.5881399999999815
 31
0
  0
LINE
  5
41
330
1B
100
AcDbEntity
  8
F.Silkscreen
  6
CONTINUOUS
100
AcDbLine
 10
114.0475179999999966
 20
-135.5881399999999815
 30
0
 11
114.0094229999999982
 21
-135.6643310000000042
 31
0
  0
LINE
  5
42
330
1B
100
AcDbEntity
  8
F.Silkscreen
  6
CONTINUOUS
100
AcDbLine
 10
114.0094229999999982
 20
-135.6643310000000042
 30
0
 11
113.9713269999999881
 21
-135.8167119999999954
 31
0
  0
LINE
  5
43
330
1B
100
AcDbEntity
  8
F.Silkscreen
  6
CONTINUOUS
100
AcDbLine
 10
113.9713269999999881
 20
-135.8167119999999954
 30
0
 11
113.9713269999999881
 21
-135.9309979999999882
 31
0
  0
LINE
  5
44
330
1B
100
AcDbEntity
  8
F.Silkscreen
  6
CONTINUOUS
100
AcDbLine
 10
113.9713269999999881
 20
-135.9309979999999882
 30
0
 11
114.0094229999999982
 21
-136.0833790000000079
 31
0
  0
LINE
  5
45
330
1B
100
AcDbEntity
  8
F.Silkscreen
  6
CONTINUOUS
100
AcDbLine
 10
114.0094229999999982
 20
-136.0833790000000079
 30
0
 11
114.0475179999999966
 21
-136.1595690000000047
 31
0
  0
LINE
  5
46
330
1B
100
AcDbEntity
  8
F.Silkscreen
  6
CONTINUOUS
100
AcDbLine
 10
114.0475179999999966
 20
-136.1595690000000047
 30
0
 11
114.1237079999999935
 21
-136.2357599999999991
 31
0
  0
LINE
  5
47
330
1B
100
AcDbEntity
  8
F.Silkscreen
  6
CONTINUOUS
100
AcDbLine
 10
114.1237079999999935
 20
-136.2357599999999991
 30
0
 11
114.2379940000000005
 21
-136.2738549999999975
 31
0
  0
LINE
  5
48
330
1B
100
AcDbEntity
  8
F.Silkscreen
  6
CONTINUOUS
100
AcDbLine
 10
114.2379940000000005
 20
-136.2738549999999975
 30
0
 11
114.3141849999999948
 21
-136.2738549999999975
 31
0
  0
LINE
  5
49
330
1B
100
AcDbEntity
  8
F.Silkscreen
  6
CONTINUOUS
100
AcDbLine
 10
114.3141849999999948
 20
-136.2738549999999975
 30
0
 11
114.4284699999999901
 21
-136.2357599999999991
 31
0
  0
LINE
  5
4A
330
1B
100
AcDbEntity
  8
F.Silkscreen
  6
CONTINUOUS
100
AcDbLine
 10
114.4284699999999901
 20
-136.2357599999999991
 30
0
 11
114.4665660000000003
 21
-136.1976640000000032
 31
0
  0
LINE
  5
4B
330
1B
100
AcDbEntity
  8
F.Silkscreen
  6
CONTINUOUS
100
AcDbLine
 10
114.4665660000000003
 20
-136.1976640000000032
 30
0
 11
114.4665660000000003
 21
-135.9309979999999882
 31
0
  0
LINE
  5
4C
330
1B
100
AcDbEntity
  8
F.Silkscreen
  6
CONTINUOUS
100
AcDbLine
 10
114.4665660000000003
 20
-135.9309979999999882
 30
0
 11
114.3141849999999948
 21
-135.9309979999999882
 31
0
  0
LINE
  5
4D
330
1B
100
AcDbEntity
  8
F.Silkscreen
  6
CONTINUOUS
100
AcDbLine
 10
114.8094229999999953
 20
-136.2738549999999975
 30
0
 11
114.8094229999999953
 21
-135.4738549999999861
 31
0
  0
LINE
  5
4E
330
1B
100
AcDbEntity
  8
F.Silkscreen
  6
CONTINUOUS
100
AcDbLine
 10
114.8094229999999953
 20
-135.4738549999999861
 30
0
 11
115.2665659999999974
 21
-136.2738549999999975
 31
0
  0
LINE
  5
4F
330
1B
100
AcDbEntity
  8
F.Silkscreen
  6
CONTINUOUS
100
AcDbLine
 10
115.2665659999999974
 20
-136.2738549999999975
 30
0
 11
115.2665659999999974
 21
-135.4738549999999861
 31
0
  0
LINE
  5
50
330
1B
100
AcDbEntity
  8
F.Silkscreen
  6
CONTINUOUS
100
AcDbLine
 10
115.6475179999999909
 20
-136.2738549999999975
 30
0
 11
115.6475179999999909
 21
-135.4738549999999861
 31
0
  0
LINE
  5
51
330
1B
100
AcDbEntity
  8
F.Silkscreen
  6
CONTINUOUS
100
AcDbLine
 10
115.6475179999999909
 20
-135.4738549999999861
 30
0
 11
115.8379939999999948
 21
-135.4738549999999861
 31
0
  0
LINE
  5
52
330
1B
100
AcDbEntity
  8
F.Silkscreen
  6
CONTINUOUS
100
AcDbLine
 10
115.8379939999999948
 20
-135.4738549999999861
 30
0
 11
115.9522800000000018
 21
-135.5119499999999846
 31
0
  0
LINE
  5
53
330
1B
100
AcDbEntity
  8
F.Silkscreen
  6
CONTINUOUS
100
AcDbLine
 10
115.9522800000000018
 20
-135.5119499999999846
 30
0
 11
116.0284699999999987
 21
-135.5881399999999815
 31
0
  0
LINE
  5
54
330
1B
100
AcDbEntity
  8
F.Silkscreen
  6
CONTINUOUS
100
AcDbLine
 10
116.0284699999999987
 20
-135.5881399999999815
 30
0
 11
116.0665649999999971
 21
-135.6643310000000042
 31
0
  0
LINE
  5
55
330
1B
100
AcDbEntity
  8
F.Silkscreen
  6
CONTINUOUS
100
AcDbLine
 10
116.0665649999999971
 20
-135.6643310000000042
 30
0
 11
116.104660999999993
 21
-135.8167119999999954
 31
0
  0
LINE
  5
56
330
1B
100
AcDbEntity
  8
F.Silkscreen
  6
CONTINUOUS
100
AcDbLine
 10
116.104660999999993
 20
-135.8167119999999954
 30
0
 11
116.104660999999993
 21
-135.9309979999999882
 31
0
  0
LINE
  5
57
330
1B
100
AcDbEntity
  8
F.Silkscreen
  6
CONTINUOUS
100
AcDbLine
 10
116.104660999999993
 20
-135.9309979999999882
 30
0
 11
116.0665649999999971
 21
-136.0833790000000079
 31
0
  0
LINE
  5
58
330
1B
100
AcDbEntity
  8
F.Silkscreen
  6
CONTINUOUS
100
AcDbLine
 10
116.0665649999999971
 20
-136.0833790000000079
 30
0
 11
116.0284699999999987
 21
-136.1595690000000047
 31
0
  0
LINE
  5
59
330
1B
100
AcDbEntity
  8
F.Silkscreen
  6
CONTINUOUS
100
AcDbLine
 10
116.0284699999999987
 20
-136.1595690000000047
 30
0
 11
115.9522800000000018
 21
-136.2357599999999991
 31
0
  0
LINE
  5
5A
330
1B
100
AcDbEntity
  8
F.Silkscreen
  6
CONTINUOUS
100
AcDbLine
 10
115.9522800000000018
 20
-136.2357599999999991
 30
0
 11
115.8379939999999948
 21
-136.2738549999999975
 31
0
  0
LINE
  5
5B
330
1B
100
AcDbEntity
  8
F.Silkscreen
  6
CONTINUOUS
100
AcDbLine
 10
115.8379939999999948
 20
-136.2738549999999975
 30
0
 11
115.6475179999999909
 21
-136.2738549999999975
 31
0
  0
LINE
  5
5C
330
1B
100
AcDbEntity
  8
F.Silkscreen
  6
CONTINUOUS
100
AcDbLine
 10
156.0658129999999915
 20
-102.5838549999999998
 30
0
 11
156.561050999999992
 21
-102.5838549999999998
 31
0
  0
LINE
  5
5D
330
1B
100
AcDbEntity
  8
F.Silkscreen
  6
CONTINUOUS
100
AcDbLine
 10
156.561050999999992
 20
-102.5838549999999998
 30
0
 11
156.2943850000000054
 21
-102.8886169999999964
 31
0
  0
LINE
  5
5E
330
1B
100
AcDbEntity
  8
F.Silkscreen
  6
CONTINUOUS
100
AcDbLine
 10
156.2943850000000054
 20
-102.8886169999999964
 30
0
 11
156.4086700000000008
 21
-102.8886169999999964
 31
0
  0
LINE
  5
5F
330
1B
100
AcDbEntity
  8
F.Silkscreen
  6
CONTINUOUS
100
AcDbLine
 10
156.4086700000000008
 20
-102.8886169999999964
 30
0
 11
156.4848609999999951
 21
-102.9267119999999949
 31
0
  0
LINE
  5
60
330
1B
100
AcDbEntity
  8
F.Silkscreen
  6
CONTINUOUS
100
AcDbLine
 10
156.4848609999999951
 20
-102.9267119999999949
 30
0
 11
156.5229559999999935
 21
-102.9648069999999933
 31
0
  0
LINE
  5
61
330
1B
100
AcDbEntity
  8
F.Silkscreen
  6
CONTINUOUS
100
AcDbLine
 10
156.5229559999999935
 20
-102.9648069999999933
 30
0
 11
156.561050999999992
 21
-103.0409980000000019
 31
0
  0
LINE
  5
62
330
1B
100
AcDbEntity
  8
F.Silkscreen
  6
CONTINUOUS
100
AcDbLine
 10
156.561050999999992
 20
-103.0409980000000019
 30
0
 11
156.561050999999992
 21
-103.2314739999999915
 31
0
  0
LINE
  5
63
330
1B
100
AcDbEntity
  8
F.Silkscreen
  6
CONTINUOUS
100
AcDbLine
 10
156.561050999999992
 20
-103.2314739999999915
 30
0
 11
156.5229559999999935
 21
-103.3076639999999884
 31
0
  0
LINE
  5
64
330
1B
100
AcDbEntity
  8
F.Silkscreen
  6
CONTINUOUS
100
AcDbLine
 10
156.5229559999999935
 20
-103.3076639999999884
 30
0
 11
156.4848609999999951
 21
-103.3457599999999985
 31
0
  0
LINE
  5
65
330
1B
100
AcDbEntity
  8
F.Silkscreen
  6
CONTINUOUS
100
AcDbLine
 10
156.4848609999999951
 20
-103.3457599999999985
 30
0
 11
156.4086700000000008
 21
-103.3838549999999969
 31
0
  0
LINE
  5
66
330
1B
100
AcDbEntity
  8
F.Silkscreen
  6
CONTINUOUS
100
AcDbLine
 10
156.4086700000000008
 20
-103.3838549999999969
 30
0
 11
156.1800989999999842
 21
-103.3838549999999969
 31
0
  0
LINE
  5
67
330
1B
100
AcDbEntity
  8
F.Silkscreen
  6
CONTINUOUS
100
AcDbLine
 10
156.1800989999999842
 20
-103.3838549999999969
 30
0
 11
156.1039079999999899
 21
-103.3457599999999985
 31
0
  0
LINE
  5
68
330
1B
100
AcDbEntity
  8
F.Silkscreen
  6
CONTINUOUS
100
AcDbLine
 10
156.1039079999999899
 20
-103.3457599999999985
 30
0
 11
156.0658129999999915
 21
-103.3076639999999884
 31
0
  0
LINE
  5
69
330
1B
100
AcDbEntity
  8
F.Silkscreen
  6
CONTINUOUS
100
AcDbLine
 10
156.789623000000006
 20
-102.5838549999999998
 30
0
 11
157.05628999999999
 21
-103.3838549999999969
 31
0
  0
LINE
  5
6A
330
1B
100
AcDbEntity
  8
F.Silkscreen
  6
CONTINUOUS
100
AcDbLine
 10
157.05628999999999
 20
-103.3838549999999969
 30
0
 11
157.3229560000000049
 21
-102.5838549999999998
 31
0
  0
LINE
  5
6B
330
1B
100
AcDbEntity
  8
F.Silkscreen
  6
CONTINUOUS
100
AcDbLine
 10
157.5134319999999946
 20
-102.5838549999999998
 30
0
 11
158.0086699999999951
 21
-102.5838549999999998
 31
0
  0
LINE
  5
6C
330
1B
100
AcDbEntity
  8
F.Silkscreen
  6
CONTINUOUS
100
AcDbLine
 10
158.0086699999999951
 20
-102.5838549999999998
 30
0
 11
157.7420039999999801
 21
-102.8886169999999964
 31
0
  0
LINE
  5
6D
330
1B
100
AcDbEntity
  8
F.Silkscreen
  6
CONTINUOUS
100
AcDbLine
 10
157.7420039999999801
 20
-102.8886169999999964
 30
0
 11
157.8562890000000039
 21
-102.8886169999999964
 31
0
  0
LINE
  5
6E
330
1B
100
AcDbEntity
  8
F.Silkscreen
  6
CONTINUOUS
100
AcDbLine
 10
157.8562890000000039
 20
-102.8886169999999964
 30
0
 11
157.9324799999999982
 21
-102.9267119999999949
 31
0
  0
LINE
  5
6F
330
1B
100
AcDbEntity
  8
F.Silkscreen
  6
CONTINUOUS
100
AcDbLine
 10
157.9324799999999982
 20
-102.9267119999999949
 30
0
 11
157.9705749999999966
 21
-102.9648069999999933
 31
0
  0
LINE
  5
70
330
1B
100
AcDbEntity
  8
F.Silkscreen
  6
CONTINUOUS
100
AcDbLine
 10
157.9705749999999966
 20
-102.9648069999999933
 30
0
 11
158.0086699999999951
 21
-103.0409980000000019
 31
0
  0
LINE
  5
71
330
1B
100
AcDbEntity
  8
F.Silkscreen
  6
CONTINUOUS
100
AcDbLine
 10
158.0086699999999951
 20
-103.0409980000000019
 30
0
 11
158.0086699999999951
 21
-103.2314739999999915
 31
0
  0
LINE
  5
72
330
1B
100
AcDbEntity
  8
F.Silkscreen
  6
CONTINUOUS
100
AcDbLine
 10
158.0086699999999951
 20
-103.2314739999999915
 30
0
 11
157.9705749999999966
 21
-103.3076639999999884
 31
0
  0
LINE
  5
73
330
1B
100
AcDbEntity
  8
F.Silkscreen
  6
CONTINUOUS
100
AcDbLine
 10
157.9705749999999966
 20
-103.3076639999999884
 30
0
 11
157.9324799999999982
 21
-103.3457599999999985
 31
0
  0
LINE
  5
74
330
1B
100
AcDbEntity
  8
F.Silkscreen
  6
CONTINUOUS
100
AcDbLine
 10
157.9324799999999982
 20
-103.3457599999999985
 30
0
 11
157.8562890000000039
 21
-103.3838549999999969
 31
0
  0
LINE
  5
75
330
1B
100
AcDbEntity
  8
F.Silkscreen
  6
CONTINUOUS
100
AcDbLine
 10
157.8562890000000039
 20
-103.3838549999999969
 30
0
 11
157.6277179999999873
 21
-103.3838549999999969
 31
0
  0
LINE
  5
76
330
1B
100
AcDbEntity
  8
F.Silkscreen
  6
CONTINUOUS
100
AcDbLine
 10
157.6277179999999873
 20
-103.3838549999999969
 30
0
 11
157.551526999999993
 21
-103.3457599999999985
 31
0
  0
LINE
  5
77
330
1B
100
AcDbEntity
  8
F.Silkscreen
  6
CONTINUOUS
100
AcDbLine
 10
157.551526999999993
 20
-103.3457599999999985
 30
0
 11
157.5134319999999946
 21
-103.3076639999999884
 31
0
  0
LINE
  5
78
330
1B
100
AcDbEntity
  8
F.Silkscreen
  6
CONTINUOUS
100
AcDbLine
 10
157.2848610000000065
 20
-105.1238549999999918
 30
0
 11
156.9039089999999987
 21
-105.1238549999999918
 31
0
  0
LINE
  5
79
330
1B
100
AcDbEntity
  8
F.Silkscreen
  6
CONTINUOUS
100
AcDbLine
 10
156.9039089999999987
 20
-105.1238549999999918
 30
0
 11
156.8658130000000028
 21
-105.5048069999999996
 31
0
  0
LINE
  5
7A
330
1B
100
AcDbEntity
  8
F.Silkscreen
  6
CONTINUOUS
100
AcDbLine
 10
156.8658130000000028
 20
-105.5048069999999996
 30
0
 11
156.9039089999999987
 21
-105.4667120000000011
 31
0
  0
LINE
  5
7B
330
1B
100
AcDbEntity
  8
F.Silkscreen
  6
CONTINUOUS
100
AcDbLine
 10
156.9039089999999987
 20
-105.4667120000000011
 30
0
 11
156.9800989999999956
 21
-105.4286169999999885
 31
0
  0
LINE
  5
7C
330
1B
100
AcDbEntity
  8
F.Silkscreen
  6
CONTINUOUS
100
AcDbLine
 10
156.9800989999999956
 20
-105.4286169999999885
 30
0
 11
157.1705749999999853
 21
-105.4286169999999885
 31
0
  0
LINE
  5
7D
330
1B
100
AcDbEntity
  8
F.Silkscreen
  6
CONTINUOUS
100
AcDbLine
 10
157.1705749999999853
 20
-105.4286169999999885
 30
0
 11
157.2467659999999796
 21
-105.4667120000000011
 31
0
  0
LINE
  5
7E
330
1B
100
AcDbEntity
  8
F.Silkscreen
  6
CONTINUOUS
100
AcDbLine
 10
157.2467659999999796
 20
-105.4667120000000011
 30
0
 11
157.2848610000000065
 21
-105.5048069999999996
 31
0
  0
LINE
  5
7F
330
1B
100
AcDbEntity
  8
F.Silkscreen
  6
CONTINUOUS
100
AcDbLine
 10
157.2848610000000065
 20
-105.5048069999999996
 30
0
 11
157.3229560000000049
 21
-105.5809979999999939
 31
0
  0
LINE
  5
80
330
1B
100
AcDbEntity
  8
F.Silkscreen
  6
CONTINUOUS
100
AcDbLine
 10
157.3229560000000049
 20
-105.5809979999999939
 30
0
 11
157.3229560000000049
 21
-105.7714739999999978
 31
0
  0
LINE
  5
81
330
1B
100
AcDbEntity
  8
F.Silkscreen
  6
CONTINUOUS
100
AcDbLine
 10
157.3229560000000049
 20
-105.7714739999999978
 30
0
 11
157.2848610000000065
 21
-105.8476639999999946
 31
0
  0
LINE
  5
82
330
1B
100
AcDbEntity
  8
F.Silkscreen
  6
CONTINUOUS
100
AcDbLine
 10
157.2848610000000065
 20
-105.8476639999999946
 30
0
 11
157.2467659999999796
 21
-105.8857599999999906
 31
0
  0
LINE
  5
83
330
1B
100
AcDbEntity
  8
F.Silkscreen
  6
CONTINUOUS
100
AcDbLine
 10
157.2467659999999796
 20
-105.8857599999999906
 30
0
 11
157.1705749999999853
 21
-105.923854999999989
 31
0
  0
LINE
  5
84
330
1B
100
AcDbEntity
  8
F.Silkscreen
  6
CONTINUOUS
100
AcDbLine
 10
157.1705749999999853
 20
-105.923854999999989
 30
0
 11
156.9800989999999956
 21
-105.923854999999989
 31
0
  0
LINE
  5
85
330
1B
100
AcDbEntity
  8
F.Silkscreen
  6
CONTINUOUS
100
AcDbLine
 10
156.9800989999999956
 20
-105.923854999999989
 30
0
 11
156.9039089999999987
 21
-105.8857599999999906
 31
0
  0
LINE
  5
86
330
1B
100
AcDbEntity
  8
F.Silkscreen
  6
CONTINUOUS
100
AcDbLine
 10
156.9039089999999987
 20
-105.8857599999999906
 30
0
 11
156.8658130000000028
 21
-105.8476639999999946
 31
0
  0
LINE
  5
87
330
1B
100
AcDbEntity
  8
F.Silkscreen
  6
CONTINUOUS
100
AcDbLine
 10
157.5515279999999905
 20
-105.1238549999999918
 30
0
 11
157.8181950000000029
 21
-105.923854999999989
 31
0
  0
LINE
  5
88
330
1B
100
AcDbEntity
  8
F.Silkscreen
  6
CONTINUOUS
100
AcDbLine
 10
157.8181950000000029
 20
-105.923854999999989
 30
0
 11
158.0848609999999894
 21
-105.1238549999999918
 31
0
  0
LINE
  5
89
330
1B
100
AcDbEntity
  8
F.Silkscreen
  6
CONTINUOUS
100
AcDbLine
 10
156.8658130000000028
 20
-108.2352829999999955
 30
0
 11
157.2467659999999796
 21
-108.2352829999999955
 31
0
  0
LINE
  5
8A
330
1B
100
AcDbEntity
  8
F.Silkscreen
  6
CONTINUOUS
100
AcDbLine
 10
156.789623000000006
 20
-108.4638549999999952
 30
0
 11
157.05628999999999
 21
-107.6638549999999981
 31
0
  0
LINE
  5
8B
330
1B
100
AcDbEntity
  8
F.Silkscreen
  6
CONTINUOUS
100
AcDbLine
 10
157.05628999999999
 20
-107.6638549999999981
 30
0
 11
157.3229560000000049
 21
-108.4638549999999952
 31
0
  0
LINE
  5
8C
330
1B
100
AcDbEntity
  8
F.Silkscreen
  6
CONTINUOUS
100
AcDbLine
 10
157.7420039999999801
 20
-107.6638549999999981
 30
0
 11
157.8181940000000054
 21
-107.6638549999999981
 31
0
  0
LINE
  5
8D
330
1B
100
AcDbEntity
  8
F.Silkscreen
  6
CONTINUOUS
100
AcDbLine
 10
157.8181940000000054
 20
-107.6638549999999981
 30
0
 11
157.8943849999999998
 21
-107.7019499999999965
 31
0
  0
LINE
  5
8E
330
1B
100
AcDbEntity
  8
F.Silkscreen
  6
CONTINUOUS
100
AcDbLine
 10
157.8943849999999998
 20
-107.7019499999999965
 30
0
 11
157.9324799999999982
 21
-107.740044999999995
 31
0
  0
LINE
  5
8F
330
1B
100
AcDbEntity
  8
F.Silkscreen
  6
CONTINUOUS
100
AcDbLine
 10
157.9324799999999982
 20
-107.740044999999995
 30
0
 11
157.9705749999999966
 21
-107.8162359999999893
 31
0
  0
LINE
  5
90
330
1B
100
AcDbEntity
  8
F.Silkscreen
  6
CONTINUOUS
100
AcDbLine
 10
157.9705749999999966
 20
-107.8162359999999893
 30
0
 11
158.0086699999999951
 21
-107.9686169999999947
 31
0
  0
LINE
  5
91
330
1B
100
AcDbEntity
  8
F.Silkscreen
  6
CONTINUOUS
100
AcDbLine
 10
158.0086699999999951
 20
-107.9686169999999947
 30
0
 11
158.0086699999999951
 21
-108.1590929999999986
 31
0
  0
LINE
  5
92
330
1B
100
AcDbEntity
  8
F.Silkscreen
  6
CONTINUOUS
100
AcDbLine
 10
158.0086699999999951
 20
-108.1590929999999986
 30
0
 11
157.9705749999999966
 21
-108.3114739999999898
 31
0
  0
LINE
  5
93
330
1B
100
AcDbEntity
  8
F.Silkscreen
  6
CONTINUOUS
100
AcDbLine
 10
157.9705749999999966
 20
-108.3114739999999898
 30
0
 11
157.9324799999999982
 21
-108.3876640000000009
 31
0
  0
LINE
  5
94
330
1B
100
AcDbEntity
  8
F.Silkscreen
  6
CONTINUOUS
100
AcDbLine
 10
157.9324799999999982
 20
-108.3876640000000009
 30
0
 11
157.8943849999999998
 21
-108.4257599999999968
 31
0
  0
LINE
  5
95
330
1B
100
AcDbEntity
  8
F.Silkscreen
  6
CONTINUOUS
100
AcDbLine
 10
157.8943849999999998
 20
-108.4257599999999968
 30
0
 11
157.8181940000000054
 21
-108.4638549999999952
 31
0
  0
LINE
  5
96
330
1B
100
AcDbEntity
  8
F.Silkscreen
  6
CONTINUOUS
100
AcDbLine
 10
157.8181940000000054
 20
-108.4638549999999952
 30
0
 11
157.7420039999999801
 21
-108.4638549999999952
 31
0
  0
LINE
  5
97
330
1B
100
AcDbEntity
  8
F.Silkscreen
  6
CONTINUOUS
100
AcDbLine
 10
157.7420039999999801
 20
-108.4638549999999952
 30
0
 11
157.6658129999999858
 21
-108.4257599999999968
 31
0
  0
LINE
  5
98
330
1B
100
AcDbEntity
  8
F.Silkscreen
  6
CONTINUOUS
100
AcDbLine
 10
157.6658129999999858
 20
-108.4257599999999968
 30
0
 11
157.6277179999999873
 21
-108.3876640000000009
 31
0
  0
LINE
  5
99
330
1B
100
AcDbEntity
  8
F.Silkscreen
  6
CONTINUOUS
100
AcDbLine
 10
157.6277179999999873
 20
-108.3876640000000009
 30
0
 11
157.5896229999999889
 21
-108.3114739999999898
 31
0
  0
LINE
  5
9A
330
1B
100
AcDbEntity
  8
F.Silkscreen
  6
CONTINUOUS
100
AcDbLine
 10
157.5896229999999889
 20
-108.3114739999999898
 30
0
 11
157.551526999999993
 21
-108.1590929999999986
 31
0
  0
LINE
  5
9B
330
1B
100
AcDbEntity
  8
F.Silkscreen
  6
CONTINUOUS
100
AcDbLine
 10
157.551526999999993
 20
-108.1590929999999986
 30
0
 11
157.551526999999993
 21
-107.9686169999999947
 31
0
  0
LINE
  5
9C
330
1B
100
AcDbEntity
  8
F.Silkscreen
  6
CONTINUOUS
100
AcDbLine
 10
157.551526999999993
 20
-107.9686169999999947
 30
0
 11
157.5896229999999889
 21
-107.8162359999999893
 31
0
  0
LINE
  5
9D
330
1B
100
AcDbEntity
  8
F.Silkscreen
  6
CONTINUOUS
100
AcDbLine
 10
157.5896229999999889
 20
-107.8162359999999893
 30
0
 11
157.6277179999999873
 21
-107.740044999999995
 31
0
  0
LINE
  5
9E
330
1B
100
AcDbEntity
  8
F.Silkscreen
  6
CONTINUOUS
100
AcDbLine
 10
157.6277179999999873
 20
-107.740044999999995
 30
0
 11
157.6658129999999858
 21
-107.7019499999999965
 31
0
  0
LINE
  5
9F
330
1B
100
AcDbEntity
  8
F.Silkscreen
  6
CONTINUOUS
100
AcDbLine
 10
157.6658129999999858
 20
-107.7019499999999965
 30
0
 11
157.7420039999999801
 21
-107.6638549999999981
 31
0
  0
LINE
  5
A0
330
1B
100
AcDbEntity
  8
F.Silkscreen
  6
CONTINUOUS
100
AcDbLine
 10
156.3324800000000039
 20
-110.2419499999999886
 30
0
 11
156.256290000000007
 21
-110.2038549999999901
 31
0
  0
LINE
  5
A1
330
1B
100
AcDbEntity
  8
F.Silkscreen
  6
CONTINUOUS
100
AcDbLine
 10
156.256290000000007
 20
-110.2038549999999901
 30
0
 11
156.1420039999999858
 21
-110.2038549999999901
 31
0
  0
LINE
  5
A2
330
1B
100
AcDbEntity
  8
F.Silkscreen
  6
CONTINUOUS
100
AcDbLine
 10
156.1420039999999858
 20
-110.2038549999999901
 30
0
 11
156.027717999999993
 21
-110.2419499999999886
 31
0
  0
LINE
  5
A3
330
1B
100
AcDbEntity
  8
F.Silkscreen
  6
CONTINUOUS
100
AcDbLine
 10
156.027717999999993
 20
-110.2419499999999886
 30
0
 11
155.9515279999999962
 21
-110.3181399999999996
 31
0
  0
LINE
  5
A4
330
1B
100
AcDbEntity
  8
F.Silkscreen
  6
CONTINUOUS
100
AcDbLine
 10
155.9515279999999962
 20
-110.3181399999999996
 30
0
 11
155.9134329999999977
 21
-110.394330999999994
 31
0
  0
LINE
  5
A5
330
1B
100
AcDbEntity
  8
F.Silkscreen
  6
CONTINUOUS
100
AcDbLine
 10
155.9134329999999977
 20
-110.394330999999994
 30
0
 11
155.8753370000000018
 21
-110.5467119999999994
 31
0
  0
LINE
  5
A6
330
1B
100
AcDbEntity
  8
F.Silkscreen
  6
CONTINUOUS
100
AcDbLine
 10
155.8753370000000018
 20
-110.5467119999999994
 30
0
 11
155.8753370000000018
 21
-110.6609979999999922
 31
0
  0
LINE
  5
A7
330
1B
100
AcDbEntity
  8
F.Silkscreen
  6
CONTINUOUS
100
AcDbLine
 10
155.8753370000000018
 20
-110.6609979999999922
 30
0
 11
155.9134329999999977
 21
-110.8133789999999976
 31
0
  0
LINE
  5
A8
330
1B
100
AcDbEntity
  8
F.Silkscreen
  6
CONTINUOUS
100
AcDbLine
 10
155.9134329999999977
 20
-110.8133789999999976
 30
0
 11
155.9515279999999962
 21
-110.8895689999999945
 31
0
  0
LINE
  5
A9
330
1B
100
AcDbEntity
  8
F.Silkscreen
  6
CONTINUOUS
100
AcDbLine
 10
155.9515279999999962
 20
-110.8895689999999945
 30
0
 11
156.027717999999993
 21
-110.9657599999999888
 31
0
  0
LINE
  5
AA
330
1B
100
AcDbEntity
  8
F.Silkscreen
  6
CONTINUOUS
100
AcDbLine
 10
156.027717999999993
 20
-110.9657599999999888
 30
0
 11
156.1420039999999858
 21
-111.0038550000000015
 31
0
  0
LINE
  5
AB
330
1B
100
AcDbEntity
  8
F.Silkscreen
  6
CONTINUOUS
100
AcDbLine
 10
156.1420039999999858
 20
-111.0038550000000015
 30
0
 11
156.2181949999999802
 21
-111.0038550000000015
 31
0
  0
LINE
  5
AC
330
1B
100
AcDbEntity
  8
F.Silkscreen
  6
CONTINUOUS
100
AcDbLine
 10
156.2181949999999802
 20
-111.0038550000000015
 30
0
 11
156.3324800000000039
 21
-110.9657599999999888
 31
0
  0
LINE
  5
AD
330
1B
100
AcDbEntity
  8
F.Silkscreen
  6
CONTINUOUS
100
AcDbLine
 10
156.3324800000000039
 20
-110.9657599999999888
 30
0
 11
156.3705759999999998
 21
-110.9276639999999929
 31
0
  0
LINE
  5
AE
330
1B
100
AcDbEntity
  8
F.Silkscreen
  6
CONTINUOUS
100
AcDbLine
 10
156.3705759999999998
 20
-110.9276639999999929
 30
0
 11
156.3705759999999998
 21
-110.6609979999999922
 31
0
  0
LINE
  5
AF
330
1B
100
AcDbEntity
  8
F.Silkscreen
  6
CONTINUOUS
100
AcDbLine
 10
156.3705759999999998
 20
-110.6609979999999922
 30
0
 11
156.2181949999999802
 21
-110.6609979999999922
 31
0
  0
LINE
  5
B0
330
1B
100
AcDbEntity
  8
F.Silkscreen
  6
CONTINUOUS
100
AcDbLine
 10
156.7134329999999807
 20
-111.0038550000000015
 30
0
 11
156.7134329999999807
 21
-110.2038549999999901
 31
0
  0
LINE
  5
B1
330
1B
100
AcDbEntity
  8
F.Silkscreen
  6
CONTINUOUS
100
AcDbLine
 10
156.7134329999999807
 20
-110.2038549999999901
 30
0
 11
157.1705759999999827
 21
-111.0038550000000015
 31
0
  0
LINE
  5
B2
330
1B
100
AcDbEntity
  8
F.Silkscreen
  6
CONTINUOUS
100
AcDbLine
 10
157.1705759999999827
 20
-111.0038550000000015
 30
0
 11
157.1705759999999827
 21
-110.2038549999999901
 31
0
  0
LINE
  5
B3
330
1B
100
AcDbEntity
  8
F.Silkscreen
  6
CONTINUOUS
100
AcDbLine
 10
157.5515279999999905
 20
-111.0038550000000015
 30
0
 11
157.5515279999999905
 21
-110.2038549999999901
 31
0
  0
LINE
  5
B4
330
1B
100
AcDbEntity
  8
F.Silkscreen
  6
CONTINUOUS
100
AcDbLine
 10
157.5515279999999905
 20
-110.2038549999999901
 30
0
 11
157.7420039999999801
 21
-110.2038549999999901
 31
0
  0
LINE
  5
B5
330
1B
100
AcDbEntity
  8
F.Silkscreen
  6
CONTINUOUS
100
AcDbLine
 10
157.7420039999999801
 20
-110.2038549999999901
 30
0
 11
157.8562900000000013
 21
-110.2419499999999886
 31
0
  0
LINE
  5
B6
330
1B
100
AcDbEntity
  8
F.Silkscreen
  6
CONTINUOUS
100
AcDbLine
 10
157.8562900000000013
 20
-110.2419499999999886
 30
0
 11
157.9324799999999982
 21
-110.3181399999999996
 31
0
  0
LINE
  5
B7
330
1B
100
AcDbEntity
  8
F.Silkscreen
  6
CONTINUOUS
100
AcDbLine
 10
157.9324799999999982
 20
-110.3181399999999996
 30
0
 11
157.9705749999999966
 21
-110.394330999999994
 31
0
  0
LINE
  5
B8
330
1B
100
AcDbEntity
  8
F.Silkscreen
  6
CONTINUOUS
100
AcDbLine
 10
157.9705749999999966
 20
-110.394330999999994
 30
0
 11
158.0086709999999925
 21
-110.5467119999999994
 31
0
  0
LINE
  5
B9
330
1B
100
AcDbEntity
  8
F.Silkscreen
  6
CONTINUOUS
100
AcDbLine
 10
158.0086709999999925
 20
-110.5467119999999994
 30
0
 11
158.0086709999999925
 21
-110.6609979999999922
 31
0
  0
LINE
  5
BA
330
1B
100
AcDbEntity
  8
F.Silkscreen
  6
CONTINUOUS
100
AcDbLine
 10
158.0086709999999925
 20
-110.6609979999999922
 30
0
 11
157.9705749999999966
 21
-110.8133789999999976
 31
0
  0
LINE
  5
BB
330
1B
100
AcDbEntity
  8
F.Silkscreen
  6
CONTINUOUS
100
AcDbLine
 10
157.9705749999999966
 20
-110.8133789999999976
 30
0
 11
157.9324799999999982
 21
-110.8895689999999945
 31
0
  0
LINE
  5
BC
330
1B
100
AcDbEntity
  8
F.Silkscreen
  6
CONTINUOUS
100
AcDbLine
 10
157.9324799999999982
 20
-110.8895689999999945
 30
0
 11
157.8562900000000013
 21
-110.9657599999999888
 31
0
  0
LINE
  5
BD
330
1B
100
AcDbEntity
  8
F.Silkscreen
  6
CONTINUOUS
100
AcDbLine
 10
157.8562900000000013
 20
-110.9657599999999888
 30
0
 11
157.7420039999999801
 21
-111.0038550000000015
 31
0
  0
LINE
  5
BE
330
1B
100
AcDbEntity
  8
F.Silkscreen
  6
CONTINUOUS
100
AcDbLine
 10
157.7420039999999801
 20
-111.0038550000000015
 30
0
 11
157.5515279999999905
 21
-111.0038550000000015
 31
0
  0
LINE
  5
BF
330
1B
100
AcDbEntity
  8
F.Silkscreen
  6
CONTINUOUS
100
AcDbLine
 10
120.7357140000000015
 20
-138.0093369999999879
 30
0
 11
120.4357139999999902
 21
-137.5807649999999853
 31
0
  0
LINE
  5
C0
330
1B
100
AcDbEntity
  8
F.Silkscreen
  6
CONTINUOUS
100
AcDbLine
 10
120.2214279999999889
 20
-138.0093369999999879
 30
0
 11
120.2214279999999889
 21
-137.1093369999999823
 31
0
  0
LINE
  5
C1
330
1B
100
AcDbEntity
  8
F.Silkscreen
  6
CONTINUOUS
100
AcDbLine
 10
120.2214279999999889
 20
-137.1093369999999823
 30
0
 11
120.5642849999999981
 21
-137.1093369999999823
 31
0
  0
LINE
  5
C2
330
1B
100
AcDbEntity
  8
F.Silkscreen
  6
CONTINUOUS
100
AcDbLine
 10
120.5642849999999981
 20
-137.1093369999999823
 30
0
 11
120.6499999999999915
 21
-137.1521939999999802
 31
0
  0
LINE
  5
C3
330
1B
100
AcDbEntity
  8
F.Silkscreen
  6
CONTINUOUS
100
AcDbLine
 10
120.6499999999999915
 20
-137.1521939999999802
 30
0
 11
120.6928569999999894
 21
-137.1950510000000065
 31
0
  0
LINE
  5
C4
330
1B
100
AcDbEntity
  8
F.Silkscreen
  6
CONTINUOUS
100
AcDbLine
 10
120.6928569999999894
 20
-137.1950510000000065
 30
0
 11
120.7357140000000015
 21
-137.2807650000000024
 31
0
  0
LINE
  5
C5
330
1B
100
AcDbEntity
  8
F.Silkscreen
  6
CONTINUOUS
100
AcDbLine
 10
120.7357140000000015
 20
-137.2807650000000024
 30
0
 11
120.7357140000000015
 21
-137.4093369999999936
 31
0
  0
LINE
  5
C6
330
1B
100
AcDbEntity
  8
F.Silkscreen
  6
CONTINUOUS
100
AcDbLine
 10
120.7357140000000015
 20
-137.4093369999999936
 30
0
 11
120.6928569999999894
 21
-137.4950509999999895
 31
0
  0
LINE
  5
C7
330
1B
100
AcDbEntity
  8
F.Silkscreen
  6
CONTINUOUS
100
AcDbLine
 10
120.6928569999999894
 20
-137.4950509999999895
 30
0
 11
120.6499999999999915
 21
-137.5379079999999874
 31
0
  0
LINE
  5
C8
330
1B
100
AcDbEntity
  8
F.Silkscreen
  6
CONTINUOUS
100
AcDbLine
 10
120.6499999999999915
 20
-137.5379079999999874
 30
0
 11
120.5642849999999981
 21
-137.5807649999999853
 31
0
  0
LINE
  5
C9
330
1B
100
AcDbEntity
  8
F.Silkscreen
  6
CONTINUOUS
100
AcDbLine
 10
120.5642849999999981
 20
-137.5807649999999853
 30
0
 11
120.2214279999999889
 21
-137.5807649999999853
 31
0
  0
LINE
  5
CA
330
1B
100
AcDbEntity
  8
F.Silkscreen
  6
CONTINUOUS
100
AcDbLine
 10
121.2928569999999979
 20
-137.1093369999999823
 30
0
 11
121.4642849999999896
 21
-137.1093369999999823
 31
0
  0
LINE
  5
CB
330
1B
100
AcDbEntity
  8
F.Silkscreen
  6
CONTINUOUS
100
AcDbLine
 10
121.4642849999999896
 20
-137.1093369999999823
 30
0
 11
121.5499999999999972
 21
-137.1521939999999802
 31
0
  0
LINE
  5
CC
330
1B
100
AcDbEntity
  8
F.Silkscreen
  6
CONTINUOUS
100
AcDbLine
 10
121.5499999999999972
 20
-137.1521939999999802
 30
0
 11
121.635713999999993
 21
-137.2379080000000044
 31
0
  0
LINE
  5
CD
330
1B
100
AcDbEntity
  8
F.Silkscreen
  6
CONTINUOUS
100
AcDbLine
 10
121.635713999999993
 20
-137.2379080000000044
 30
0
 11
121.6785709999999909
 21
-137.4093369999999936
 31
0
  0
LINE
  5
CE
330
1B
100
AcDbEntity
  8
F.Silkscreen
  6
CONTINUOUS
100
AcDbLine
 10
121.6785709999999909
 20
-137.4093369999999936
 30
0
 11
121.6785709999999909
 21
-137.709337000000005
 31
0
  0
LINE
  5
CF
330
1B
100
AcDbEntity
  8
F.Silkscreen
  6
CONTINUOUS
100
AcDbLine
 10
121.6785709999999909
 20
-137.709337000000005
 30
0
 11
121.635713999999993
 21
-137.8807649999999967
 31
0
  0
LINE
  5
D0
330
1B
100
AcDbEntity
  8
F.Silkscreen
  6
CONTINUOUS
100
AcDbLine
 10
121.635713999999993
 20
-137.8807649999999967
 30
0
 11
121.5499999999999972
 21
-137.96647999999999
 31
0
  0
LINE
  5
D1
330
1B
100
AcDbEntity
  8
F.Silkscreen
  6
CONTINUOUS
100
AcDbLine
 10
121.5499999999999972
 20
-137.96647999999999
 30
0
 11
121.4642849999999896
 21
-138.0093369999999879
 31
0
  0
LINE
  5
D2
330
1B
100
AcDbEntity
  8
F.Silkscreen
  6
CONTINUOUS
100
AcDbLine
 10
121.4642849999999896
 20
-138.0093369999999879
 30
0
 11
121.2928569999999979
 21
-138.0093369999999879
 31
0
  0
LINE
  5
D3
330
1B
100
AcDbEntity
  8
F.Silkscreen
  6
CONTINUOUS
100
AcDbLine
 10
121.2928569999999979
 20
-138.0093369999999879
 30
0
 11
121.2071429999999879
 21
-137.96647999999999
 31
0
  0
LINE
  5
D4
330
1B
100
AcDbEntity
  8
F.Silkscreen
  6
CONTINUOUS
100
AcDbLine
 10
121.2071429999999879
 20
-137.96647999999999
 30
0
 11
121.1214279999999945
 21
-137.8807649999999967
 31
0
  0
LINE
  5
D5
330
1B
100
AcDbEntity
  8
F.Silkscreen
  6
CONTINUOUS
100
AcDbLine
 10
121.1214279999999945
 20
-137.8807649999999967
 30
0
 11
121.0785709999999966
 21
-137.709337000000005
 31
0
  0
LINE
  5
D6
330
1B
100
AcDbEntity
  8
F.Silkscreen
  6
CONTINUOUS
100
AcDbLine
 10
121.0785709999999966
 20
-137.709337000000005
 30
0
 11
121.0785709999999966
 21
-137.4093369999999936
 31
0
  0
LINE
  5
D7
330
1B
100
AcDbEntity
  8
F.Silkscreen
  6
CONTINUOUS
100
AcDbLine
 10
121.0785709999999966
 20
-137.4093369999999936
 30
0
 11
121.1214279999999945
 21
-137.2379080000000044
 31
0
  0
LINE
  5
D8
330
1B
100
AcDbEntity
  8
F.Silkscreen
  6
CONTINUOUS
100
AcDbLine
 10
121.1214279999999945
 20
-137.2379080000000044
 30
0
 11
121.2071429999999879
 21
-137.1521939999999802
 31
0
  0
LINE
  5
D9
330
1B
100
AcDbEntity
  8
F.Silkscreen
  6
CONTINUOUS
100
AcDbLine
 10
121.2071429999999879
 20
-137.1521939999999802
 30
0
 11
121.2928569999999979
 21
-137.1093369999999823
 31
0
  0
LINE
  5
DA
330
1B
100
AcDbEntity
  8
F.Silkscreen
  6
CONTINUOUS
100
AcDbLine
 10
122.0642849999999981
 20
-138.0093369999999879
 30
0
 11
122.0642849999999981
 21
-137.1093369999999823
 31
0
  0
LINE
  5
DB
330
1B
100
AcDbEntity
  8
F.Silkscreen
  6
CONTINUOUS
100
AcDbLine
 10
122.0642849999999981
 20
-137.1093369999999823
 30
0
 11
122.2785709999999995
 21
-137.1093369999999823
 31
0
  0
LINE
  5
DC
330
1B
100
AcDbEntity
  8
F.Silkscreen
  6
CONTINUOUS
100
AcDbLine
 10
122.2785709999999995
 20
-137.1093369999999823
 30
0
 11
122.4071419999999932
 21
-137.1521939999999802
 31
0
  0
LINE
  5
DD
330
1B
100
AcDbEntity
  8
F.Silkscreen
  6
CONTINUOUS
100
AcDbLine
 10
122.4071419999999932
 20
-137.1521939999999802
 30
0
 11
122.4928570000000008
 21
-137.2379080000000044
 31
0
  0
LINE
  5
DE
330
1B
100
AcDbEntity
  8
F.Silkscreen
  6
CONTINUOUS
100
AcDbLine
 10
122.4928570000000008
 20
-137.2379080000000044
 30
0
 11
122.5357139999999987
 21
-137.3236220000000003
 31
0
  0
LINE
  5
DF
330
1B
100
AcDbEntity
  8
F.Silkscreen
  6
CONTINUOUS
100
AcDbLine
 10
122.5357139999999987
 20
-137.3236220000000003
 30
0
 11
122.5785709999999966
 21
-137.4950509999999895
 31
0
  0
LINE
  5
E0
330
1B
100
AcDbEntity
  8
F.Silkscreen
  6
CONTINUOUS
100
AcDbLine
 10
122.5785709999999966
 20
-137.4950509999999895
 30
0
 11
122.5785709999999966
 21
-137.6236219999999832
 31
0
  0
LINE
  5
E1
330
1B
100
AcDbEntity
  8
F.Silkscreen
  6
CONTINUOUS
100
AcDbLine
 10
122.5785709999999966
 20
-137.6236219999999832
 30
0
 11
122.5357139999999987
 21
-137.7950510000000008
 31
0
  0
LINE
  5
E2
330
1B
100
AcDbEntity
  8
F.Silkscreen
  6
CONTINUOUS
100
AcDbLine
 10
122.5357139999999987
 20
-137.7950510000000008
 30
0
 11
122.4928570000000008
 21
-137.8807649999999967
 31
0
  0
LINE
  5
E3
330
1B
100
AcDbEntity
  8
F.Silkscreen
  6
CONTINUOUS
100
AcDbLine
 10
122.4928570000000008
 20
-137.8807649999999967
 30
0
 11
122.4071419999999932
 21
-137.96647999999999
 31
0
  0
LINE
  5
E4
330
1B
100
AcDbEntity
  8
F.Silkscreen
  6
CONTINUOUS
100
AcDbLine
 10
122.4071419999999932
 20
-137.96647999999999
 30
0
 11
122.2785709999999995
 21
-138.0093369999999879
 31
0
  0
LINE
  5
E5
330
1B
100
AcDbEntity
  8
F.Silkscreen
  6
CONTINUOUS
100
AcDbLine
 10
122.2785709999999995
 20
-138.0093369999999879
 30
0
 11
122.0642849999999981
 21
-138.0093369999999879
 31
0
  0
LINE
  5
E6
330
1B
100
AcDbEntity
  8
F.Silkscreen
  6
CONTINUOUS
100
AcDbLine
 10
122.9642849999999896
 20
-137.5379079999999874
 30
0
 11
123.264285000000001
 21
-137.5379079999999874
 31
0
  0
LINE
  5
E7
330
1B
100
AcDbEntity
  8
F.Silkscreen
  6
CONTINUOUS
100
AcDbLine
 10
123.3928569999999922
 20
-138.0093369999999879
 30
0
 11
122.9642849999999896
 21
-138.0093369999999879
 31
0
  0
LINE
  5
E8
330
1B
100
AcDbEntity
  8
F.Silkscreen
  6
CONTINUOUS
100
AcDbLine
 10
122.9642849999999896
 20
-138.0093369999999879
 30
0
 11
122.9642849999999896
 21
-137.1093369999999823
 31
0
  0
LINE
  5
E9
330
1B
100
AcDbEntity
  8
F.Silkscreen
  6
CONTINUOUS
100
AcDbLine
 10
122.9642849999999896
 20
-137.1093369999999823
 30
0
 11
123.3928569999999922
 21
-137.1093369999999823
 31
0
  0
LINE
  5
EA
330
1B
100
AcDbEntity
  8
F.Silkscreen
  6
CONTINUOUS
100
AcDbLine
 10
124.4642849999999896
 20
-138.0093369999999879
 30
0
 11
124.4642849999999896
 21
-137.4093369999999936
 31
0
  0
LINE
  5
EB
330
1B
100
AcDbEntity
  8
F.Silkscreen
  6
CONTINUOUS
100
AcDbLine
 10
124.4642849999999896
 20
-137.4950509999999895
 30
0
 11
124.5071419999999875
 21
-137.4521939999999915
 31
0
  0
LINE
  5
EC
330
1B
100
AcDbEntity
  8
F.Silkscreen
  6
CONTINUOUS
100
AcDbLine
 10
124.5071419999999875
 20
-137.4521939999999915
 30
0
 11
124.5928569999999951
 21
-137.4093369999999936
 31
0
  0
LINE
  5
ED
330
1B
100
AcDbEntity
  8
F.Silkscreen
  6
CONTINUOUS
100
AcDbLine
 10
124.5928569999999951
 20
-137.4093369999999936
 30
0
 11
124.7214279999999889
 21
-137.4093369999999936
 31
0
  0
LINE
  5
EE
330
1B
100
AcDbEntity
  8
F.Silkscreen
  6
CONTINUOUS
100
AcDbLine
 10
124.7214279999999889
 20
-137.4093369999999936
 30
0
 11
124.8071419999999989
 21
-137.4521939999999915
 31
0
  0
LINE
  5
EF
330
1B
100
AcDbEntity
  8
F.Silkscreen
  6
CONTINUOUS
100
AcDbLine
 10
124.8071419999999989
 20
-137.4521939999999915
 30
0
 11
124.8499999999999943
 21
-137.5379079999999874
 31
0
  0
LINE
  5
F0
330
1B
100
AcDbEntity
  8
F.Silkscreen
  6
CONTINUOUS
100
AcDbLine
 10
124.8499999999999943
 20
-137.5379079999999874
 30
0
 11
124.8499999999999943
 21
-138.0093369999999879
 31
0
  0
LINE
  5
F1
330
1B
100
AcDbEntity
  8
F.Silkscreen
  6
CONTINUOUS
100
AcDbLine
 10
124.8499999999999943
 20
-137.5379079999999874
 30
0
 11
124.8928569999999922
 21
-137.4521939999999915
 31
0
  0
LINE
  5
F2
330
1B
100
AcDbEntity
  8
F.Silkscreen
  6
CONTINUOUS
100
AcDbLine
 10
124.8928569999999922
 20
-137.4521939999999915
 30
0
 11
124.9785709999999881
 21
-137.4093369999999936
 31
0
  0
LINE
  5
F3
330
1B
100
AcDbEntity
  8
F.Silkscreen
  6
CONTINUOUS
100
AcDbLine
 10
124.9785709999999881
 20
-137.4093369999999936
 30
0
 11
125.1071419999999961
 21
-137.4093369999999936
 31
0
  0
LINE
  5
F4
330
1B
100
AcDbEntity
  8
F.Silkscreen
  6
CONTINUOUS
100
AcDbLine
 10
125.1071419999999961
 20
-137.4093369999999936
 30
0
 11
125.1928569999999894
 21
-137.4521939999999915
 31
0
  0
LINE
  5
F5
330
1B
100
AcDbEntity
  8
F.Silkscreen
  6
CONTINUOUS
100
AcDbLine
 10
125.1928569999999894
 20
-137.4521939999999915
 30
0
 11
125.2357139999999873
 21
-137.5379079999999874
 31
0
  0
LINE
  5
F6
330
1B
100
AcDbEntity
  8
F.Silkscreen
  6
CONTINUOUS
100
AcDbLine
 10
125.2357139999999873
 20
-137.5379079999999874
 30
0
 11
125.2357139999999873
 21
-138.0093369999999879
 31
0
  0
LINE
  5
F7
330
1B
100
AcDbEntity
  8
F.Silkscreen
  6
CONTINUOUS
100
AcDbLine
 10
125.6642849999999925
 20
-138.0093369999999879
 30
0
 11
125.6642849999999925
 21
-137.4093369999999936
 31
0
  0
LINE
  5
F8
330
1B
100
AcDbEntity
  8
F.Silkscreen
  6
CONTINUOUS
100
AcDbLine
 10
125.6642849999999925
 20
-137.1093369999999823
 30
0
 11
125.6214279999999945
 21
-137.1521939999999802
 31
0
  0
LINE
  5
F9
330
1B
100
AcDbEntity
  8
F.Silkscreen
  6
CONTINUOUS
100
AcDbLine
 10
125.6214279999999945
 20
-137.1521939999999802
 30
0
 11
125.6642849999999925
 21
-137.1950510000000065
 31
0
  0
LINE
  5
FA
330
1B
100
AcDbEntity
  8
F.Silkscreen
  6
CONTINUOUS
100
AcDbLine
 10
125.6642849999999925
 20
-137.1950510000000065
 30
0
 11
125.7071419999999904
 21
-137.1521939999999802
 31
0
  0
LINE
  5
FB
330
1B
100
AcDbEntity
  8
F.Silkscreen
  6
CONTINUOUS
100
AcDbLine
 10
125.7071419999999904
 20
-137.1521939999999802
 30
0
 11
125.6642849999999925
 21
-137.1093369999999823
 31
0
  0
LINE
  5
FC
330
1B
100
AcDbEntity
  8
F.Silkscreen
  6
CONTINUOUS
100
AcDbLine
 10
125.6642849999999925
 20
-137.1093369999999823
 30
0
 11
125.6642849999999925
 21
-137.1950510000000065
 31
0
  0
LINE
  5
FD
330
1B
100
AcDbEntity
  8
F.Silkscreen
  6
CONTINUOUS
100
AcDbLine
 10
126.4785709999999881
 20
-137.96647999999999
 30
0
 11
126.3928559999999948
 21
-138.0093369999999879
 31
0
  0
LINE
  5
FE
330
1B
100
AcDbEntity
  8
F.Silkscreen
  6
CONTINUOUS
100
AcDbLine
 10
126.3928559999999948
 20
-138.0093369999999879
 30
0
 11
126.2214279999999889
 21
-138.0093369999999879
 31
0
  0
LINE
  5
FF
330
1B
100
AcDbEntity
  8
F.Silkscreen
  6
CONTINUOUS
100
AcDbLine
 10
126.2214279999999889
 20
-138.0093369999999879
 30
0
 11
126.1357129999999955
 21
-137.96647999999999
 31
0
  0
LINE
  5
100
330
1B
100
AcDbEntity
  8
F.Silkscreen
  6
CONTINUOUS
100
AcDbLine
 10
126.1357129999999955
 20
-137.96647999999999
 30
0
 11
126.0928559999999976
 21
-137.9236219999999946
 31
0
  0
LINE
  5
101
330
1B
100
AcDbEntity
  8
F.Silkscreen
  6
CONTINUOUS
100
AcDbLine
 10
126.0928559999999976
 20
-137.9236219999999946
 30
0
 11
126.0499989999999997
 21
-137.8379079999999988
 31
0
  0
LINE
  5
102
330
1B
100
AcDbEntity
  8
F.Silkscreen
  6
CONTINUOUS
100
AcDbLine
 10
126.0499989999999997
 20
-137.8379079999999988
 30
0
 11
126.0499989999999997
 21
-137.5807649999999853
 31
0
  0
LINE
  5
103
330
1B
100
AcDbEntity
  8
F.Silkscreen
  6
CONTINUOUS
100
AcDbLine
 10
126.0499989999999997
 20
-137.5807649999999853
 30
0
 11
126.0928559999999976
 21
-137.4950509999999895
 31
0
  0
LINE
  5
104
330
1B
100
AcDbEntity
  8
F.Silkscreen
  6
CONTINUOUS
100
AcDbLine
 10
126.0928559999999976
 20
-137.4950509999999895
 30
0
 11
126.1357129999999955
 21
-137.4521939999999915
 31
0
  0
LINE
  5
105
330
1B
100
AcDbEntity
  8
F.Silkscreen
  6
CONTINUOUS
100
AcDbLine
 10
126.1357129999999955
 20
-137.4521939999999915
 30
0
 11
126.2214279999999889
 21
-137.4093369999999936
 31
0
  0
LINE
  5
106
330
1B
100
AcDbEntity
  8
F.Silkscreen
  6
CONTINUOUS
100
AcDbLine
 10
126.2214279999999889
 20
-137.4093369999999936
 30
0
 11
126.3928559999999948
 21
-137.4093369999999936
 31
0
  0
LINE
  5
107
330
1B
100
AcDbEntity
  8
F.Silkscreen
  6
CONTINUOUS
100
AcDbLine
 10
126.3928559999999948
 20
-137.4093369999999936
 30
0
 11
126.4785709999999881
 21
-137.4521939999999915
 31
0
  0
LINE
  5
108
330
1B
100
AcDbEntity
  8
F.Silkscreen
  6
CONTINUOUS
100
AcDbLine
 10
127.5499989999999997
 20
-137.4093369999999936
 30
0
 11
127.5499989999999997
 21
-138.3093369999999993
 31
0
  0
LINE
  5
109
330
1B
100
AcDbEntity
  8
F.Silkscreen
  6
CONTINUOUS
100
AcDbLine
 10
127.5499989999999997
 20
-137.4521939999999915
 30
0
 11
127.635713999999993
 21
-137.4093369999999936
 31
0
  0
LINE
  5
10A
330
1B
100
AcDbEntity
  8
F.Silkscreen
  6
CONTINUOUS
100
AcDbLine
 10
127.635713999999993
 20
-137.4093369999999936
 30
0
 11
127.8071419999999989
 21
-137.4093369999999936
 31
0
  0
LINE
  5
10B
330
1B
100
AcDbEntity
  8
F.Silkscreen
  6
CONTINUOUS
100
AcDbLine
 10
127.8071419999999989
 20
-137.4093369999999936
 30
0
 11
127.8928559999999948
 21
-137.4521939999999915
 31
0
  0
LINE
  5
10C
330
1B
100
AcDbEntity
  8
F.Silkscreen
  6
CONTINUOUS
100
AcDbLine
 10
127.8928559999999948
 20
-137.4521939999999915
 30
0
 11
127.9357139999999902
 21
-137.4950509999999895
 31
0
  0
LINE
  5
10D
330
1B
100
AcDbEntity
  8
F.Silkscreen
  6
CONTINUOUS
100
AcDbLine
 10
127.9357139999999902
 20
-137.4950509999999895
 30
0
 11
127.9785709999999881
 21
-137.5807649999999853
 31
0
  0
LINE
  5
10E
330
1B
100
AcDbEntity
  8
F.Silkscreen
  6
CONTINUOUS
100
AcDbLine
 10
127.9785709999999881
 20
-137.5807649999999853
 30
0
 11
127.9785709999999881
 21
-137.8379079999999988
 31
0
  0
LINE
  5
10F
330
1B
100
AcDbEntity
  8
F.Silkscreen
  6
CONTINUOUS
100
AcDbLine
 10
127.9785709999999881
 20
-137.8379079999999988
 30
0
 11
127.9357139999999902
 21
-137.9236219999999946
 31
0
  0
LINE
  5
110
330
1B
100
AcDbEntity
  8
F.Silkscreen
  6
CONTINUOUS
100
AcDbLine
 10
127.9357139999999902
 20
-137.9236219999999946
 30
0
 11
127.8928559999999948
 21
-137.96647999999999
 31
0
  0
LINE
  5
111
330
1B
100
AcDbEntity
  8
F.Silkscreen
  6
CONTINUOUS
100
AcDbLine
 10
127.8928559999999948
 20
-137.96647999999999
 30
0
 11
127.8071419999999989
 21
-138.0093369999999879
 31
0
  0
LINE
  5
112
330
1B
100
AcDbEntity
  8
F.Silkscreen
  6
CONTINUOUS
100
AcDbLine
 10
127.8071419999999989
 20
-138.0093369999999879
 30
0
 11
127.635713999999993
 21
-138.0093369999999879
 31
0
  0
LINE
  5
113
330
1B
100
AcDbEntity
  8
F.Silkscreen
  6
CONTINUOUS
100
AcDbLine
 10
127.635713999999993
 20
-138.0093369999999879
 30
0
 11
127.5499989999999997
 21
-137.96647999999999
 31
0
  0
LINE
  5
114
330
1B
100
AcDbEntity
  8
F.Silkscreen
  6
CONTINUOUS
100
AcDbLine
 10
128.3642849999999953
 20
-138.0093369999999879
 30
0
 11
128.3642849999999953
 21
-137.4093369999999936
 31
0
  0
LINE
  5
115
330
1B
100
AcDbEntity
  8
F.Silkscreen
  6
CONTINUOUS
100
AcDbLine
 10
128.3642849999999953
 20
-137.5807649999999853
 30
0
 11
128.4071419999999932
 21
-137.4950509999999895
 31
0
  0
LINE
  5
116
330
1B
100
AcDbEntity
  8
F.Silkscreen
  6
CONTINUOUS
100
AcDbLine
 10
128.4071419999999932
 20
-137.4950509999999895
 30
0
 11
128.4499999999999886
 21
-137.4521939999999915
 31
0
  0
LINE
  5
117
330
1B
100
AcDbEntity
  8
F.Silkscreen
  6
CONTINUOUS
100
AcDbLine
 10
128.4499999999999886
 20
-137.4521939999999915
 30
0
 11
128.5357139999999845
 21
-137.4093369999999936
 31
0
  0
LINE
  5
118
330
1B
100
AcDbEntity
  8
F.Silkscreen
  6
CONTINUOUS
100
AcDbLine
 10
128.5357139999999845
 20
-137.4093369999999936
 30
0
 11
128.6214279999999803
 21
-137.4093369999999936
 31
0
  0
LINE
  5
119
330
1B
100
AcDbEntity
  8
F.Silkscreen
  6
CONTINUOUS
100
AcDbLine
 10
129.264285000000001
 20
-137.96647999999999
 30
0
 11
129.1785710000000051
 21
-138.0093369999999879
 31
0
  0
LINE
  5
11A
330
1B
100
AcDbEntity
  8
F.Silkscreen
  6
CONTINUOUS
100
AcDbLine
 10
129.1785710000000051
 20
-138.0093369999999879
 30
0
 11
129.007142999999985
 21
-138.0093369999999879
 31
0
  0
LINE
  5
11B
330
1B
100
AcDbEntity
  8
F.Silkscreen
  6
CONTINUOUS
100
AcDbLine
 10
129.007142999999985
 20
-138.0093369999999879
 30
0
 11
128.9214279999999917
 21
-137.96647999999999
 31
0
  0
LINE
  5
11C
330
1B
100
AcDbEntity
  8
F.Silkscreen
  6
CONTINUOUS
100
AcDbLine
 10
128.9214279999999917
 20
-137.96647999999999
 30
0
 11
128.8785709999999938
 21
-137.8807649999999967
 31
0
  0
LINE
  5
11D
330
1B
100
AcDbEntity
  8
F.Silkscreen
  6
CONTINUOUS
100
AcDbLine
 10
128.8785709999999938
 20
-137.8807649999999967
 30
0
 11
128.8785709999999938
 21
-137.5379079999999874
 31
0
  0
LINE
  5
11E
330
1B
100
AcDbEntity
  8
F.Silkscreen
  6
CONTINUOUS
100
AcDbLine
 10
128.8785709999999938
 20
-137.5379079999999874
 30
0
 11
128.9214279999999917
 21
-137.4521939999999915
 31
0
  0
LINE
  5
11F
330
1B
100
AcDbEntity
  8
F.Silkscreen
  6
CONTINUOUS
100
AcDbLine
 10
128.9214279999999917
 20
-137.4521939999999915
 30
0
 11
129.007142999999985
 21
-137.4093369999999936
 31
0
  0
LINE
  5
120
330
1B
100
AcDbEntity
  8
F.Silkscreen
  6
CONTINUOUS
100
AcDbLine
 10
129.007142999999985
 20
-137.4093369999999936
 30
0
 11
129.1785710000000051
 21
-137.4093369999999936
 31
0
  0
LINE
  5
121
330
1B
100
AcDbEntity
  8
F.Silkscreen
  6
CONTINUOUS
100
AcDbLine
 10
129.1785710000000051
 20
-137.4093369999999936
 30
0
 11
129.264285000000001
 21
-137.4521939999999915
 31
0
  0
LINE
  5
122
330
1B
100
AcDbEntity
  8
F.Silkscreen
  6
CONTINUOUS
100
AcDbLine
 10
129.264285000000001
 20
-137.4521939999999915
 30
0
 11
129.3071429999999964
 21
-137.5379079999999874
 31
0
  0
LINE
  5
123
330
1B
100
AcDbEntity
  8
F.Silkscreen
  6
CONTINUOUS
100
AcDbLine
 10
129.3071429999999964
 20
-137.5379079999999874
 30
0
 11
129.3071429999999964
 21
-137.6236219999999832
 31
0
  0
LINE
  5
124
330
1B
100
AcDbEntity
  8
F.Silkscreen
  6
CONTINUOUS
100
AcDbLine
 10
129.3071429999999964
 20
-137.6236219999999832
 30
0
 11
128.8785709999999938
 21
-137.709337000000005
 31
0
  0
LINE
  5
125
330
1B
100
AcDbEntity
  8
F.Silkscreen
  6
CONTINUOUS
100
AcDbLine
 10
130.0785720000000083
 20
-138.0093369999999879
 30
0
 11
130.0785720000000083
 21
-137.5379079999999874
 31
0
  0
LINE
  5
126
330
1B
100
AcDbEntity
  8
F.Silkscreen
  6
CONTINUOUS
100
AcDbLine
 10
130.0785720000000083
 20
-137.5379079999999874
 30
0
 11
130.0357139999999845
 21
-137.4521939999999915
 31
0
  0
LINE
  5
127
330
1B
100
AcDbEntity
  8
F.Silkscreen
  6
CONTINUOUS
100
AcDbLine
 10
130.0357139999999845
 20
-137.4521939999999915
 30
0
 11
129.9499999999999886
 21
-137.4093369999999936
 31
0
  0
LINE
  5
128
330
1B
100
AcDbEntity
  8
F.Silkscreen
  6
CONTINUOUS
100
AcDbLine
 10
129.9499999999999886
 20
-137.4093369999999936
 30
0
 11
129.7785719999999969
 21
-137.4093369999999936
 31
0
  0
LINE
  5
129
330
1B
100
AcDbEntity
  8
F.Silkscreen
  6
CONTINUOUS
100
AcDbLine
 10
129.7785719999999969
 20
-137.4093369999999936
 30
0
 11
129.6928570000000036
 21
-137.4521939999999915
 31
0
  0
LINE
  5
12A
330
1B
100
AcDbEntity
  8
F.Silkscreen
  6
CONTINUOUS
100
AcDbLine
 10
130.0785720000000083
 20
-137.96647999999999
 30
0
 11
129.9928569999999866
 21
-138.0093369999999879
 31
0
  0
LINE
  5
12B
330
1B
100
AcDbEntity
  8
F.Silkscreen
  6
CONTINUOUS
100
AcDbLine
 10
129.9928569999999866
 20
-138.0093369999999879
 30
0
 11
129.7785719999999969
 21
-138.0093369999999879
 31
0
  0
LINE
  5
12C
330
1B
100
AcDbEntity
  8
F.Silkscreen
  6
CONTINUOUS
100
AcDbLine
 10
129.7785719999999969
 20
-138.0093369999999879
 30
0
 11
129.6928570000000036
 21
-137.96647999999999
 31
0
  0
LINE
  5
12D
330
1B
100
AcDbEntity
  8
F.Silkscreen
  6
CONTINUOUS
100
AcDbLine
 10
129.6928570000000036
 20
-137.96647999999999
 30
0
 11
129.6500000000000057
 21
-137.8807649999999967
 31
0
  0
LINE
  5
12E
330
1B
100
AcDbEntity
  8
F.Silkscreen
  6
CONTINUOUS
100
AcDbLine
 10
129.6500000000000057
 20
-137.8807649999999967
 30
0
 11
129.6500000000000057
 21
-137.7950510000000008
 31
0
  0
LINE
  5
12F
330
1B
100
AcDbEntity
  8
F.Silkscreen
  6
CONTINUOUS
100
AcDbLine
 10
129.6500000000000057
 20
-137.7950510000000008
 30
0
 11
129.6928570000000036
 21
-137.709337000000005
 31
0
  0
LINE
  5
130
330
1B
100
AcDbEntity
  8
F.Silkscreen
  6
CONTINUOUS
100
AcDbLine
 10
129.6928570000000036
 20
-137.709337000000005
 30
0
 11
129.7785719999999969
 21
-137.6664800000000071
 31
0
  0
LINE
  5
131
330
1B
100
AcDbEntity
  8
F.Silkscreen
  6
CONTINUOUS
100
AcDbLine
 10
129.7785719999999969
 20
-137.6664800000000071
 30
0
 11
129.9928569999999866
 21
-137.6664800000000071
 31
0
  0
LINE
  5
132
330
1B
100
AcDbEntity
  8
F.Silkscreen
  6
CONTINUOUS
100
AcDbLine
 10
129.9928569999999866
 20
-137.6664800000000071
 30
0
 11
130.0785720000000083
 21
-137.6236219999999832
 31
0
  0
LINE
  5
133
330
1B
100
AcDbEntity
  8
F.Silkscreen
  6
CONTINUOUS
100
AcDbLine
 10
130.507142999999985
 20
-138.0093369999999879
 30
0
 11
130.507142999999985
 21
-137.4093369999999936
 31
0
  0
LINE
  5
134
330
1B
100
AcDbEntity
  8
F.Silkscreen
  6
CONTINUOUS
100
AcDbLine
 10
130.507142999999985
 20
-137.4950509999999895
 30
0
 11
130.5499999999999829
 21
-137.4521939999999915
 31
0
  0
LINE
  5
135
330
1B
100
AcDbEntity
  8
F.Silkscreen
  6
CONTINUOUS
100
AcDbLine
 10
130.5499999999999829
 20
-137.4521939999999915
 30
0
 11
130.6357150000000047
 21
-137.4093369999999936
 31
0
  0
LINE
  5
136
330
1B
100
AcDbEntity
  8
F.Silkscreen
  6
CONTINUOUS
100
AcDbLine
 10
130.6357150000000047
 20
-137.4093369999999936
 30
0
 11
130.7642859999999985
 21
-137.4093369999999936
 31
0
  0
LINE
  5
137
330
1B
100
AcDbEntity
  8
F.Silkscreen
  6
CONTINUOUS
100
AcDbLine
 10
130.7642859999999985
 20
-137.4093369999999936
 30
0
 11
130.8499999999999943
 21
-137.4521939999999915
 31
0
  0
LINE
  5
138
330
1B
100
AcDbEntity
  8
F.Silkscreen
  6
CONTINUOUS
100
AcDbLine
 10
130.8499999999999943
 20
-137.4521939999999915
 30
0
 11
130.8928579999999897
 21
-137.5379079999999874
 31
0
  0
LINE
  5
139
330
1B
100
AcDbEntity
  8
F.Silkscreen
  6
CONTINUOUS
100
AcDbLine
 10
130.8928579999999897
 20
-137.5379079999999874
 30
0
 11
130.8928579999999897
 21
-138.0093369999999879
 31
0
  0
LINE
  5
13A
330
1B
100
AcDbEntity
  8
F.Silkscreen
  6
CONTINUOUS
100
AcDbLine
 10
130.8928579999999897
 20
-137.5379079999999874
 30
0
 11
130.9357149999999876
 21
-137.4521939999999915
 31
0
  0
LINE
  5
13B
330
1B
100
AcDbEntity
  8
F.Silkscreen
  6
CONTINUOUS
100
AcDbLine
 10
130.9357149999999876
 20
-137.4521939999999915
 30
0
 11
131.0214289999999835
 21
-137.4093369999999936
 31
0
  0
LINE
  5
13C
330
1B
100
AcDbEntity
  8
F.Silkscreen
  6
CONTINUOUS
100
AcDbLine
 10
131.0214289999999835
 20
-137.4093369999999936
 30
0
 11
131.1500000000000057
 21
-137.4093369999999936
 31
0
  0
LINE
  5
13D
330
1B
100
AcDbEntity
  8
F.Silkscreen
  6
CONTINUOUS
100
AcDbLine
 10
131.1500000000000057
 20
-137.4093369999999936
 30
0
 11
131.235714999999999
 21
-137.4521939999999915
 31
0
  0
LINE
  5
13E
330
1B
100
AcDbEntity
  8
F.Silkscreen
  6
CONTINUOUS
100
AcDbLine
 10
131.235714999999999
 20
-137.4521939999999915
 30
0
 11
131.2785719999999969
 21
-137.5379079999999874
 31
0
  0
LINE
  5
13F
330
1B
100
AcDbEntity
  8
F.Silkscreen
  6
CONTINUOUS
100
AcDbLine
 10
131.2785719999999969
 20
-137.5379079999999874
 30
0
 11
131.2785719999999969
 21
-138.0093369999999879
 31
0
  0
LINE
  5
140
330
1B
100
AcDbEntity
  8
F.Silkscreen
  6
CONTINUOUS
100
AcDbLine
 10
131.7071430000000021
 20
-137.4093369999999936
 30
0
 11
131.7071430000000021
 21
-138.3093369999999993
 31
0
  0
LINE
  5
141
330
1B
100
AcDbEntity
  8
F.Silkscreen
  6
CONTINUOUS
100
AcDbLine
 10
131.7071430000000021
 20
-137.4521939999999915
 30
0
 11
131.7928579999999954
 21
-137.4093369999999936
 31
0
  0
LINE
  5
142
330
1B
100
AcDbEntity
  8
F.Silkscreen
  6
CONTINUOUS
100
AcDbLine
 10
131.7928579999999954
 20
-137.4093369999999936
 30
0
 11
131.9642859999999871
 21
-137.4093369999999936
 31
0
  0
LINE
  5
143
330
1B
100
AcDbEntity
  8
F.Silkscreen
  6
CONTINUOUS
100
AcDbLine
 10
131.9642859999999871
 20
-137.4093369999999936
 30
0
 11
132.0499999999999829
 21
-137.4521939999999915
 31
0
  0
LINE
  5
144
330
1B
100
AcDbEntity
  8
F.Silkscreen
  6
CONTINUOUS
100
AcDbLine
 10
132.0499999999999829
 20
-137.4521939999999915
 30
0
 11
132.0928580000000068
 21
-137.4950509999999895
 31
0
  0
LINE
  5
145
330
1B
100
AcDbEntity
  8
F.Silkscreen
  6
CONTINUOUS
100
AcDbLine
 10
132.0928580000000068
 20
-137.4950509999999895
 30
0
 11
132.1357150000000047
 21
-137.5807649999999853
 31
0
  0
LINE
  5
146
330
1B
100
AcDbEntity
  8
F.Silkscreen
  6
CONTINUOUS
100
AcDbLine
 10
132.1357150000000047
 20
-137.5807649999999853
 30
0
 11
132.1357150000000047
 21
-137.8379079999999988
 31
0
  0
LINE
  5
147
330
1B
100
AcDbEntity
  8
F.Silkscreen
  6
CONTINUOUS
100
AcDbLine
 10
132.1357150000000047
 20
-137.8379079999999988
 30
0
 11
132.0928580000000068
 21
-137.9236219999999946
 31
0
  0
LINE
  5
148
330
1B
100
AcDbEntity
  8
F.Silkscreen
  6
CONTINUOUS
100
AcDbLine
 10
132.0928580000000068
 20
-137.9236219999999946
 30
0
 11
132.0499999999999829
 21
-137.96647999999999
 31
0
  0
LINE
  5
149
330
1B
100
AcDbEntity
  8
F.Silkscreen
  6
CONTINUOUS
100
AcDbLine
 10
132.0499999999999829
 20
-137.96647999999999
 30
0
 11
131.9642859999999871
 21
-138.0093369999999879
 31
0
  0
LINE
  5
14A
330
1B
100
AcDbEntity
  8
F.Silkscreen
  6
CONTINUOUS
100
AcDbLine
 10
131.9642859999999871
 20
-138.0093369999999879
 30
0
 11
131.7928579999999954
 21
-138.0093369999999879
 31
0
  0
LINE
  5
14B
330
1B
100
AcDbEntity
  8
F.Silkscreen
  6
CONTINUOUS
100
AcDbLine
 10
131.7928579999999954
 20
-138.0093369999999879
 30
0
 11
131.7071430000000021
 21
-137.96647999999999
 31
0
  0
LINE
  5
14C
330
1B
100
AcDbEntity
  8
F.Silkscreen
  6
CONTINUOUS
100
AcDbLine
 10
134.3214289999999949
 20
-138.0093369999999879
 30
0
 11
133.8928569999999922
 21
-138.0093369999999879
 31
0
  0
LINE
  5
14D
330
1B
100
AcDbEntity
  8
F.Silkscreen
  6
CONTINUOUS
100
AcDbLine
 10
133.8928569999999922
 20
-138.0093369999999879
 30
0
 11
133.8928569999999922
 21
-137.1093369999999823
 31
0
  0
LINE
  5
14E
330
1B
100
AcDbEntity
  8
F.Silkscreen
  6
CONTINUOUS
100
AcDbLine
 10
134.6214279999999803
 20
-138.0093369999999879
 30
0
 11
134.6214279999999803
 21
-137.1093369999999823
 31
0
  0
LINE
  5
14F
330
1B
100
AcDbEntity
  8
F.Silkscreen
  6
CONTINUOUS
100
AcDbLine
 10
134.6214279999999803
 20
-137.1093369999999823
 30
0
 11
134.9214279999999917
 21
-137.7521940000000029
 31
0
  0
LINE
  5
150
330
1B
100
AcDbEntity
  8
F.Silkscreen
  6
CONTINUOUS
100
AcDbLine
 10
134.9214279999999917
 20
-137.7521940000000029
 30
0
 11
135.2214280000000031
 21
-137.1093369999999823
 31
0
  0
LINE
  5
151
330
1B
100
AcDbEntity
  8
F.Silkscreen
  6
CONTINUOUS
100
AcDbLine
 10
135.2214280000000031
 20
-137.1093369999999823
 30
0
 11
135.2214280000000031
 21
-138.0093369999999879
 31
0
  0
LINE
  5
152
330
1B
100
AcDbEntity
  8
F.Silkscreen
  6
CONTINUOUS
100
AcDbLine
 10
135.5642849999999839
 20
-137.1093369999999823
 30
0
 11
136.1214279999999803
 21
-137.1093369999999823
 31
0
  0
LINE
  5
153
330
1B
100
AcDbEntity
  8
F.Silkscreen
  6
CONTINUOUS
100
AcDbLine
 10
136.1214279999999803
 20
-137.1093369999999823
 30
0
 11
135.8214279999999974
 21
-137.4521939999999915
 31
0
  0
LINE
  5
154
330
1B
100
AcDbEntity
  8
F.Silkscreen
  6
CONTINUOUS
100
AcDbLine
 10
135.8214279999999974
 20
-137.4521939999999915
 30
0
 11
135.9499989999999912
 21
-137.4521939999999915
 31
0
  0
LINE
  5
155
330
1B
100
AcDbEntity
  8
F.Silkscreen
  6
CONTINUOUS
100
AcDbLine
 10
135.9499989999999912
 20
-137.4521939999999915
 30
0
 11
136.0357139999999845
 21
-137.4950509999999895
 31
0
  0
LINE
  5
156
330
1B
100
AcDbEntity
  8
F.Silkscreen
  6
CONTINUOUS
100
AcDbLine
 10
136.0357139999999845
 20
-137.4950509999999895
 30
0
 11
136.0785709999999824
 21
-137.5379079999999874
 31
0
  0
LINE
  5
157
330
1B
100
AcDbEntity
  8
F.Silkscreen
  6
CONTINUOUS
100
AcDbLine
 10
136.0785709999999824
 20
-137.5379079999999874
 30
0
 11
136.1214279999999803
 21
-137.6236219999999832
 31
0
  0
LINE
  5
158
330
1B
100
AcDbEntity
  8
F.Silkscreen
  6
CONTINUOUS
100
AcDbLine
 10
136.1214279999999803
 20
-137.6236219999999832
 30
0
 11
136.1214279999999803
 21
-137.8379079999999988
 31
0
  0
LINE
  5
159
330
1B
100
AcDbEntity
  8
F.Silkscreen
  6
CONTINUOUS
100
AcDbLine
 10
136.1214279999999803
 20
-137.8379079999999988
 30
0
 11
136.0785709999999824
 21
-137.9236219999999946
 31
0
  0
LINE
  5
15A
330
1B
100
AcDbEntity
  8
F.Silkscreen
  6
CONTINUOUS
100
AcDbLine
 10
136.0785709999999824
 20
-137.9236219999999946
 30
0
 11
136.0357139999999845
 21
-137.96647999999999
 31
0
  0
LINE
  5
15B
330
1B
100
AcDbEntity
  8
F.Silkscreen
  6
CONTINUOUS
100
AcDbLine
 10
136.0357139999999845
 20
-137.96647999999999
 30
0
 11
135.9499989999999912
 21
-138.0093369999999879
 31
0
  0
LINE
  5
15C
330
1B
100
AcDbEntity
  8
F.Silkscreen
  6
CONTINUOUS
100
AcDbLine
 10
135.9499989999999912
 20
-138.0093369999999879
 30
0
 11
135.6928560000000061
 21
-138.0093369999999879
 31
0
  0
LINE
  5
15D
330
1B
100
AcDbEntity
  8
F.Silkscreen
  6
CONTINUOUS
100
AcDbLine
 10
135.6928560000000061
 20
-138.0093369999999879
 30
0
 11
135.6071419999999819
 21
-137.96647999999999
 31
0
  0
LINE
  5
15E
330
1B
100
AcDbEntity
  8
F.Silkscreen
  6
CONTINUOUS
100
AcDbLine
 10
135.6071419999999819
 20
-137.96647999999999
 30
0
 11
135.5642849999999839
 21
-137.9236219999999946
 31
0
  0
LINE
  5
15F
330
1B
100
AcDbEntity
  8
F.Silkscreen
  6
CONTINUOUS
100
AcDbLine
 10
136.9357139999999902
 20
-137.1093369999999823
 30
0
 11
136.5071419999999875
 21
-137.1093369999999823
 31
0
  0
LINE
  5
160
330
1B
100
AcDbEntity
  8
F.Silkscreen
  6
CONTINUOUS
100
AcDbLine
 10
136.5071419999999875
 20
-137.1093369999999823
 30
0
 11
136.4642849999999896
 21
-137.5379079999999874
 31
0
  0
LINE
  5
161
330
1B
100
AcDbEntity
  8
F.Silkscreen
  6
CONTINUOUS
100
AcDbLine
 10
136.4642849999999896
 20
-137.5379079999999874
 30
0
 11
136.5071419999999875
 21
-137.4950509999999895
 31
0
  0
LINE
  5
162
330
1B
100
AcDbEntity
  8
F.Silkscreen
  6
CONTINUOUS
100
AcDbLine
 10
136.5071419999999875
 20
-137.4950509999999895
 30
0
 11
136.5928569999999809
 21
-137.4521939999999915
 31
0
  0
LINE
  5
163
330
1B
100
AcDbEntity
  8
F.Silkscreen
  6
CONTINUOUS
100
AcDbLine
 10
136.5928569999999809
 20
-137.4521939999999915
 30
0
 11
136.8071419999999989
 21
-137.4521939999999915
 31
0
  0
LINE
  5
164
330
1B
100
AcDbEntity
  8
F.Silkscreen
  6
CONTINUOUS
100
AcDbLine
 10
136.8071419999999989
 20
-137.4521939999999915
 30
0
 11
136.8928569999999922
 21
-137.4950509999999895
 31
0
  0
LINE
  5
165
330
1B
100
AcDbEntity
  8
F.Silkscreen
  6
CONTINUOUS
100
AcDbLine
 10
136.8928569999999922
 20
-137.4950509999999895
 30
0
 11
136.9357139999999902
 21
-137.5379079999999874
 31
0
  0
LINE
  5
166
330
1B
100
AcDbEntity
  8
F.Silkscreen
  6
CONTINUOUS
100
AcDbLine
 10
136.9357139999999902
 20
-137.5379079999999874
 30
0
 11
136.9785709999999881
 21
-137.6236219999999832
 31
0
  0
LINE
  5
167
330
1B
100
AcDbEntity
  8
F.Silkscreen
  6
CONTINUOUS
100
AcDbLine
 10
136.9785709999999881
 20
-137.6236219999999832
 30
0
 11
136.9785709999999881
 21
-137.8379079999999988
 31
0
  0
LINE
  5
168
330
1B
100
AcDbEntity
  8
F.Silkscreen
  6
CONTINUOUS
100
AcDbLine
 10
136.9785709999999881
 20
-137.8379079999999988
 30
0
 11
136.9357139999999902
 21
-137.9236219999999946
 31
0
  0
LINE
  5
169
330
1B
100
AcDbEntity
  8
F.Silkscreen
  6
CONTINUOUS
100
AcDbLine
 10
136.9357139999999902
 20
-137.9236219999999946
 30
0
 11
136.8928569999999922
 21
-137.96647999999999
 31
0
  0
LINE
  5
16A
330
1B
100
AcDbEntity
  8
F.Silkscreen
  6
CONTINUOUS
100
AcDbLine
 10
136.8928569999999922
 20
-137.96647999999999
 30
0
 11
136.8071419999999989
 21
-138.0093369999999879
 31
0
  0
LINE
  5
16B
330
1B
100
AcDbEntity
  8
F.Silkscreen
  6
CONTINUOUS
100
AcDbLine
 10
136.8071419999999989
 20
-138.0093369999999879
 30
0
 11
136.5928569999999809
 21
-138.0093369999999879
 31
0
  0
LINE
  5
16C
330
1B
100
AcDbEntity
  8
F.Silkscreen
  6
CONTINUOUS
100
AcDbLine
 10
136.5928569999999809
 20
-138.0093369999999879
 30
0
 11
136.5071419999999875
 21
-137.96647999999999
 31
0
  0
LINE
  5
16D
330
1B
100
AcDbEntity
  8
F.Silkscreen
  6
CONTINUOUS
100
AcDbLine
 10
136.5071419999999875
 20
-137.96647999999999
 30
0
 11
136.4642849999999896
 21
-137.9236219999999946
 31
0
  0
LINE
  5
16E
330
1B
100
AcDbEntity
  8
F.Silkscreen
  6
CONTINUOUS
100
AcDbLine
 10
137.4928569999999866
 20
-137.4950509999999895
 30
0
 11
137.4071419999999932
 21
-137.4521939999999915
 31
0
  0
LINE
  5
16F
330
1B
100
AcDbEntity
  8
F.Silkscreen
  6
CONTINUOUS
100
AcDbLine
 10
137.4071419999999932
 20
-137.4521939999999915
 30
0
 11
137.3642849999999953
 21
-137.4093369999999936
 31
0
  0
LINE
  5
170
330
1B
100
AcDbEntity
  8
F.Silkscreen
  6
CONTINUOUS
100
AcDbLine
 10
137.3642849999999953
 20
-137.4093369999999936
 30
0
 11
137.3214279999999974
 21
-137.3236220000000003
 31
0
  0
LINE
  5
171
330
1B
100
AcDbEntity
  8
F.Silkscreen
  6
CONTINUOUS
100
AcDbLine
 10
137.3214279999999974
 20
-137.3236220000000003
 30
0
 11
137.3214279999999974
 21
-137.2807650000000024
 31
0
  0
LINE
  5
172
330
1B
100
AcDbEntity
  8
F.Silkscreen
  6
CONTINUOUS
100
AcDbLine
 10
137.3214279999999974
 20
-137.2807650000000024
 30
0
 11
137.3642849999999953
 21
-137.1950510000000065
 31
0
  0
LINE
  5
173
330
1B
100
AcDbEntity
  8
F.Silkscreen
  6
CONTINUOUS
100
AcDbLine
 10
137.3642849999999953
 20
-137.1950510000000065
 30
0
 11
137.4071419999999932
 21
-137.1521939999999802
 31
0
  0
LINE
  5
174
330
1B
100
AcDbEntity
  8
F.Silkscreen
  6
CONTINUOUS
100
AcDbLine
 10
137.4071419999999932
 20
-137.1521939999999802
 30
0
 11
137.4928569999999866
 21
-137.1093369999999823
 31
0
  0
LINE
  5
175
330
1B
100
AcDbEntity
  8
F.Silkscreen
  6
CONTINUOUS
100
AcDbLine
 10
137.4928569999999866
 20
-137.1093369999999823
 30
0
 11
137.6642850000000067
 21
-137.1093369999999823
 31
0
  0
LINE
  5
176
330
1B
100
AcDbEntity
  8
F.Silkscreen
  6
CONTINUOUS
100
AcDbLine
 10
137.6642850000000067
 20
-137.1093369999999823
 30
0
 11
137.75
 21
-137.1521939999999802
 31
0
  0
LINE
  5
177
330
1B
100
AcDbEntity
  8
F.Silkscreen
  6
CONTINUOUS
100
AcDbLine
 10
137.75
 20
-137.1521939999999802
 30
0
 11
137.7928569999999979
 21
-137.1950510000000065
 31
0
  0
LINE
  5
178
330
1B
100
AcDbEntity
  8
F.Silkscreen
  6
CONTINUOUS
100
AcDbLine
 10
137.7928569999999979
 20
-137.1950510000000065
 30
0
 11
137.8357139999999958
 21
-137.2807650000000024
 31
0
  0
LINE
  5
179
330
1B
100
AcDbEntity
  8
F.Silkscreen
  6
CONTINUOUS
100
AcDbLine
 10
137.8357139999999958
 20
-137.2807650000000024
 30
0
 11
137.8357139999999958
 21
-137.3236220000000003
 31
0
  0
LINE
  5
17A
330
1B
100
AcDbEntity
  8
F.Silkscreen
  6
CONTINUOUS
100
AcDbLine
 10
137.8357139999999958
 20
-137.3236220000000003
 30
0
 11
137.7928569999999979
 21
-137.4093369999999936
 31
0
  0
LINE
  5
17B
330
1B
100
AcDbEntity
  8
F.Silkscreen
  6
CONTINUOUS
100
AcDbLine
 10
137.7928569999999979
 20
-137.4093369999999936
 30
0
 11
137.75
 21
-137.4521939999999915
 31
0
  0
LINE
  5
17C
330
1B
100
AcDbEntity
  8
F.Silkscreen
  6
CONTINUOUS
100
AcDbLine
 10
137.75
 20
-137.4521939999999915
 30
0
 11
137.6642850000000067
 21
-137.4950509999999895
 31
0
  0
LINE
  5
17D
330
1B
100
AcDbEntity
  8
F.Silkscreen
  6
CONTINUOUS
100
AcDbLine
 10
137.6642850000000067
 20
-137.4950509999999895
 30
0
 11
137.4928569999999866
 21
-137.4950509999999895
 31
0
  0
LINE
  5
17E
330
1B
100
AcDbEntity
  8
F.Silkscreen
  6
CONTINUOUS
100
AcDbLine
 10
137.4928569999999866
 20
-137.4950509999999895
 30
0
 11
137.4071419999999932
 21
-137.5379079999999874
 31
0
  0
LINE
  5
17F
330
1B
100
AcDbEntity
  8
F.Silkscreen
  6
CONTINUOUS
100
AcDbLine
 10
137.4071419999999932
 20
-137.5379079999999874
 30
0
 11
137.3642849999999953
 21
-137.5807649999999853
 31
0
  0
LINE
  5
180
330
1B
100
AcDbEntity
  8
F.Silkscreen
  6
CONTINUOUS
100
AcDbLine
 10
137.3642849999999953
 20
-137.5807649999999853
 30
0
 11
137.3214279999999974
 21
-137.6664800000000071
 31
0
  0
LINE
  5
181
330
1B
100
AcDbEntity
  8
F.Silkscreen
  6
CONTINUOUS
100
AcDbLine
 10
137.3214279999999974
 20
-137.6664800000000071
 30
0
 11
137.3214279999999974
 21
-137.8379079999999988
 31
0
  0
LINE
  5
182
330
1B
100
AcDbEntity
  8
F.Silkscreen
  6
CONTINUOUS
100
AcDbLine
 10
137.3214279999999974
 20
-137.8379079999999988
 30
0
 11
137.3642849999999953
 21
-137.9236219999999946
 31
0
  0
LINE
  5
183
330
1B
100
AcDbEntity
  8
F.Silkscreen
  6
CONTINUOUS
100
AcDbLine
 10
137.3642849999999953
 20
-137.9236219999999946
 30
0
 11
137.4071419999999932
 21
-137.96647999999999
 31
0
  0
LINE
  5
184
330
1B
100
AcDbEntity
  8
F.Silkscreen
  6
CONTINUOUS
100
AcDbLine
 10
137.4071419999999932
 20
-137.96647999999999
 30
0
 11
137.4928569999999866
 21
-138.0093369999999879
 31
0
  0
LINE
  5
185
330
1B
100
AcDbEntity
  8
F.Silkscreen
  6
CONTINUOUS
100
AcDbLine
 10
137.4928569999999866
 20
-138.0093369999999879
 30
0
 11
137.6642850000000067
 21
-138.0093369999999879
 31
0
  0
LINE
  5
186
330
1B
100
AcDbEntity
  8
F.Silkscreen
  6
CONTINUOUS
100
AcDbLine
 10
137.6642850000000067
 20
-138.0093369999999879
 30
0
 11
137.75
 21
-137.96647999999999
 31
0
  0
LINE
  5
187
330
1B
100
AcDbEntity
  8
F.Silkscreen
  6
CONTINUOUS
100
AcDbLine
 10
137.75
 20
-137.96647999999999
 30
0
 11
137.7928569999999979
 21
-137.9236219999999946
 31
0
  0
LINE
  5
188
330
1B
100
AcDbEntity
  8
F.Silkscreen
  6
CONTINUOUS
100
AcDbLine
 10
137.7928569999999979
 20
-137.9236219999999946
 30
0
 11
137.8357139999999958
 21
-137.8379079999999988
 31
0
  0
LINE
  5
189
330
1B
100
AcDbEntity
  8
F.Silkscreen
  6
CONTINUOUS
100
AcDbLine
 10
137.8357139999999958
 20
-137.8379079999999988
 30
0
 11
137.8357139999999958
 21
-137.6664800000000071
 31
0
  0
LINE
  5
18A
330
1B
100
AcDbEntity
  8
F.Silkscreen
  6
CONTINUOUS
100
AcDbLine
 10
137.8357139999999958
 20
-137.6664800000000071
 30
0
 11
137.7928569999999979
 21
-137.5807649999999853
 31
0
  0
LINE
  5
18B
330
1B
100
AcDbEntity
  8
F.Silkscreen
  6
CONTINUOUS
100
AcDbLine
 10
137.7928569999999979
 20
-137.5807649999999853
 30
0
 11
137.75
 21
-137.5379079999999874
 31
0
  0
LINE
  5
18C
330
1B
100
AcDbEntity
  8
F.Silkscreen
  6
CONTINUOUS
100
AcDbLine
 10
137.75
 20
-137.5379079999999874
 30
0
 11
137.6642850000000067
 21
-137.4950509999999895
 31
0
  0
LINE
  5
18D
330
1B
100
AcDbEntity
  8
F.Silkscreen
  6
CONTINUOUS
100
AcDbLine
 10
138.8214279999999974
 20
-138.0093369999999879
 30
0
 11
139.2928569999999979
 21
-137.4093369999999936
 31
0
  0
LINE
  5
18E
330
1B
100
AcDbEntity
  8
F.Silkscreen
  6
CONTINUOUS
100
AcDbLine
 10
138.8214279999999974
 20
-137.4093369999999936
 30
0
 11
139.2928569999999979
 21
-138.0093369999999879
 31
0
  0
LINE
  5
18F
330
1B
100
AcDbEntity
  8
F.Silkscreen
  6
CONTINUOUS
100
AcDbLine
 10
140.0642849999999839
 20
-137.1093369999999823
 30
0
 11
139.6357129999999813
 21
-137.1093369999999823
 31
0
  0
LINE
  5
190
330
1B
100
AcDbEntity
  8
F.Silkscreen
  6
CONTINUOUS
100
AcDbLine
 10
139.6357129999999813
 20
-137.1093369999999823
 30
0
 11
139.5928559999999834
 21
-137.5379079999999874
 31
0
  0
LINE
  5
191
330
1B
100
AcDbEntity
  8
F.Silkscreen
  6
CONTINUOUS
100
AcDbLine
 10
139.5928559999999834
 20
-137.5379079999999874
 30
0
 11
139.6357129999999813
 21
-137.4950509999999895
 31
0
  0
LINE
  5
192
330
1B
100
AcDbEntity
  8
F.Silkscreen
  6
CONTINUOUS
100
AcDbLine
 10
139.6357129999999813
 20
-137.4950509999999895
 30
0
 11
139.7214280000000031
 21
-137.4521939999999915
 31
0
  0
LINE
  5
193
330
1B
100
AcDbEntity
  8
F.Silkscreen
  6
CONTINUOUS
100
AcDbLine
 10
139.7214280000000031
 20
-137.4521939999999915
 30
0
 11
139.9357129999999927
 21
-137.4521939999999915
 31
0
  0
LINE
  5
194
330
1B
100
AcDbEntity
  8
F.Silkscreen
  6
CONTINUOUS
100
AcDbLine
 10
139.9357129999999927
 20
-137.4521939999999915
 30
0
 11
140.021427999999986
 21
-137.4950509999999895
 31
0
  0
LINE
  5
195
330
1B
100
AcDbEntity
  8
F.Silkscreen
  6
CONTINUOUS
100
AcDbLine
 10
140.021427999999986
 20
-137.4950509999999895
 30
0
 11
140.0642849999999839
 21
-137.5379079999999874
 31
0
  0
LINE
  5
196
330
1B
100
AcDbEntity
  8
F.Silkscreen
  6
CONTINUOUS
100
AcDbLine
 10
140.0642849999999839
 20
-137.5379079999999874
 30
0
 11
140.1071419999999819
 21
-137.6236219999999832
 31
0
  0
LINE
  5
197
330
1B
100
AcDbEntity
  8
F.Silkscreen
  6
CONTINUOUS
100
AcDbLine
 10
140.1071419999999819
 20
-137.6236219999999832
 30
0
 11
140.1071419999999819
 21
-137.8379079999999988
 31
0
  0
LINE
  5
198
330
1B
100
AcDbEntity
  8
F.Silkscreen
  6
CONTINUOUS
100
AcDbLine
 10
140.1071419999999819
 20
-137.8379079999999988
 30
0
 11
140.0642849999999839
 21
-137.9236219999999946
 31
0
  0
LINE
  5
199
330
1B
100
AcDbEntity
  8
F.Silkscreen
  6
CONTINUOUS
100
AcDbLine
 10
140.0642849999999839
 20
-137.9236219999999946
 30
0
 11
140.021427999999986
 21
-137.96647999999999
 31
0
  0
LINE
  5
19A
330
1B
100
AcDbEntity
  8
F.Silkscreen
  6
CONTINUOUS
100
AcDbLine
 10
140.021427999999986
 20
-137.96647999999999
 30
0
 11
139.9357129999999927
 21
-138.0093369999999879
 31
0
  0
LINE
  5
19B
330
1B
100
AcDbEntity
  8
F.Silkscreen
  6
CONTINUOUS
100
AcDbLine
 10
139.9357129999999927
 20
-138.0093369999999879
 30
0
 11
139.7214280000000031
 21
-138.0093369999999879
 31
0
  0
LINE
  5
19C
330
1B
100
AcDbEntity
  8
F.Silkscreen
  6
CONTINUOUS
100
AcDbLine
 10
139.7214280000000031
 20
-138.0093369999999879
 30
0
 11
139.6357129999999813
 21
-137.96647999999999
 31
0
  0
LINE
  5
19D
330
1B
100
AcDbEntity
  8
F.Silkscreen
  6
CONTINUOUS
100
AcDbLine
 10
139.6357129999999813
 20
-137.96647999999999
 30
0
 11
139.5928559999999834
 21
-137.9236219999999946
 31
0
  0
LINE
  5
19E
330
1B
100
AcDbEntity
  8
F.Silkscreen
  6
CONTINUOUS
100
AcDbLine
 10
140.8785709999999938
 20
-137.1093369999999823
 30
0
 11
140.7071420000000046
 21
-137.1093369999999823
 31
0
  0
LINE
  5
19F
330
1B
100
AcDbEntity
  8
F.Silkscreen
  6
CONTINUOUS
100
AcDbLine
 10
140.7071420000000046
 20
-137.1093369999999823
 30
0
 11
140.6214279999999803
 21
-137.1521939999999802
 31
0
  0
LINE
  5
1A0
330
1B
100
AcDbEntity
  8
F.Silkscreen
  6
CONTINUOUS
100
AcDbLine
 10
140.6214279999999803
 20
-137.1521939999999802
 30
0
 11
140.5785709999999824
 21
-137.1950510000000065
 31
0
  0
LINE
  5
1A1
330
1B
100
AcDbEntity
  8
F.Silkscreen
  6
CONTINUOUS
100
AcDbLine
 10
140.5785709999999824
 20
-137.1950510000000065
 30
0
 11
140.4928559999999891
 21
-137.3236220000000003
 31
0
  0
LINE
  5
1A2
330
1B
100
AcDbEntity
  8
F.Silkscreen
  6
CONTINUOUS
100
AcDbLine
 10
140.4928559999999891
 20
-137.3236220000000003
 30
0
 11
140.4499989999999912
 21
-137.4950509999999895
 31
0
  0
LINE
  5
1A3
330
1B
100
AcDbEntity
  8
F.Silkscreen
  6
CONTINUOUS
100
AcDbLine
 10
140.4499989999999912
 20
-137.4950509999999895
 30
0
 11
140.4499989999999912
 21
-137.8379079999999988
 31
0
  0
LINE
  5
1A4
330
1B
100
AcDbEntity
  8
F.Silkscreen
  6
CONTINUOUS
100
AcDbLine
 10
140.4499989999999912
 20
-137.8379079999999988
 30
0
 11
140.4928559999999891
 21
-137.9236219999999946
 31
0
  0
LINE
  5
1A5
330
1B
100
AcDbEntity
  8
F.Silkscreen
  6
CONTINUOUS
100
AcDbLine
 10
140.4928559999999891
 20
-137.9236219999999946
 30
0
 11
140.535712999999987
 21
-137.96647999999999
 31
0
  0
LINE
  5
1A6
330
1B
100
AcDbEntity
  8
F.Silkscreen
  6
CONTINUOUS
100
AcDbLine
 10
140.535712999999987
 20
-137.96647999999999
 30
0
 11
140.6214279999999803
 21
-138.0093369999999879
 31
0
  0
LINE
  5
1A7
330
1B
100
AcDbEntity
  8
F.Silkscreen
  6
CONTINUOUS
100
AcDbLine
 10
140.6214279999999803
 20
-138.0093369999999879
 30
0
 11
140.7928560000000004
 21
-138.0093369999999879
 31
0
  0
LINE
  5
1A8
330
1B
100
AcDbEntity
  8
F.Silkscreen
  6
CONTINUOUS
100
AcDbLine
 10
140.7928560000000004
 20
-138.0093369999999879
 30
0
 11
140.8785709999999938
 21
-137.96647999999999
 31
0
  0
LINE
  5
1A9
330
1B
100
AcDbEntity
  8
F.Silkscreen
  6
CONTINUOUS
100
AcDbLine
 10
140.8785709999999938
 20
-137.96647999999999
 30
0
 11
140.9214279999999917
 21
-137.9236219999999946
 31
0
  0
LINE
  5
1AA
330
1B
100
AcDbEntity
  8
F.Silkscreen
  6
CONTINUOUS
100
AcDbLine
 10
140.9214279999999917
 20
-137.9236219999999946
 30
0
 11
140.9642849999999896
 21
-137.8379079999999988
 31
0
  0
LINE
  5
1AB
330
1B
100
AcDbEntity
  8
F.Silkscreen
  6
CONTINUOUS
100
AcDbLine
 10
140.9642849999999896
 20
-137.8379079999999988
 30
0
 11
140.9642849999999896
 21
-137.6236219999999832
 31
0
  0
LINE
  5
1AC
330
1B
100
AcDbEntity
  8
F.Silkscreen
  6
CONTINUOUS
100
AcDbLine
 10
140.9642849999999896
 20
-137.6236219999999832
 30
0
 11
140.9214279999999917
 21
-137.5379079999999874
 31
0
  0
LINE
  5
1AD
330
1B
100
AcDbEntity
  8
F.Silkscreen
  6
CONTINUOUS
100
AcDbLine
 10
140.9214279999999917
 20
-137.5379079999999874
 30
0
 11
140.8785709999999938
 21
-137.4950509999999895
 31
0
  0
LINE
  5
1AE
330
1B
100
AcDbEntity
  8
F.Silkscreen
  6
CONTINUOUS
100
AcDbLine
 10
140.8785709999999938
 20
-137.4950509999999895
 30
0
 11
140.7928560000000004
 21
-137.4521939999999915
 31
0
  0
LINE
  5
1AF
330
1B
100
AcDbEntity
  8
F.Silkscreen
  6
CONTINUOUS
100
AcDbLine
 10
140.7928560000000004
 20
-137.4521939999999915
 30
0
 11
140.6214279999999803
 21
-137.4521939999999915
 31
0
  0
LINE
  5
1B0
330
1B
100
AcDbEntity
  8
F.Silkscreen
  6
CONTINUOUS
100
AcDbLine
 10
140.6214279999999803
 20
-137.4521939999999915
 30
0
 11
140.535712999999987
 21
-137.4950509999999895
 31
0
  0
LINE
  5
1B1
330
1B
100
AcDbEntity
  8
F.Silkscreen
  6
CONTINUOUS
100
AcDbLine
 10
140.535712999999987
 20
-137.4950509999999895
 30
0
 11
140.4928559999999891
 21
-137.5379079999999874
 31
0
  0
LINE
  5
1B2
330
1B
100
AcDbEntity
  8
F.Silkscreen
  6
CONTINUOUS
100
AcDbLine
 10
140.4928559999999891
 20
-137.5379079999999874
 30
0
 11
140.4499989999999912
 21
-137.6236219999999832
 31
0
  0
LINE
  5
1B3
330
1B
100
AcDbEntity
  8
F.Silkscreen
  6
CONTINUOUS
100
AcDbLine
 10
141.7357140000000015
 20
-137.4093369999999936
 30
0
 11
141.7357140000000015
 21
-138.0093369999999879
 31
0
  0
LINE
  5
1B4
330
1B
100
AcDbEntity
  8
F.Silkscreen
  6
CONTINUOUS
100
AcDbLine
 10
141.521427999999986
 20
-137.0664799999999843
 30
0
 11
141.3071419999999989
 21
-137.709337000000005
 31
0
  0
LINE
  5
1B5
330
1B
100
AcDbEntity
  8
F.Silkscreen
  6
CONTINUOUS
100
AcDbLine
 10
141.3071419999999989
 20
-137.709337000000005
 30
0
 11
141.8642849999999953
 21
-137.709337000000005
 31
0
  0
LINE
  5
1B6
330
1B
100
AcDbEntity
  8
F.Silkscreen
  6
CONTINUOUS
100
AcDbLine
 10
131.7833329999999989
 20
-119.6198189999999926
 30
0
 11
131.4499999999999886
 21
-119.1436279999999925
 31
0
  0
LINE
  5
1B7
330
1B
100
AcDbEntity
  8
F.Silkscreen
  6
CONTINUOUS
100
AcDbLine
 10
131.2119050000000016
 20
-119.6198189999999926
 30
0
 11
131.2119050000000016
 21
-118.6198189999999926
 31
0
  0
LINE
  5
1B8
330
1B
100
AcDbEntity
  8
F.Silkscreen
  6
CONTINUOUS
100
AcDbLine
 10
131.2119050000000016
 20
-118.6198189999999926
 30
0
 11
131.5928569999999809
 21
-118.6198189999999926
 31
0
  0
LINE
  5
1B9
330
1B
100
AcDbEntity
  8
F.Silkscreen
  6
CONTINUOUS
100
AcDbLine
 10
131.5928569999999809
 20
-118.6198189999999926
 30
0
 11
131.6880950000000041
 21
-118.66743799999999
 31
0
  0
LINE
  5
1BA
330
1B
100
AcDbEntity
  8
F.Silkscreen
  6
CONTINUOUS
100
AcDbLine
 10
131.6880950000000041
 20
-118.66743799999999
 30
0
 11
131.7357140000000015
 21
-118.7150570000000016
 31
0
  0
LINE
  5
1BB
330
1B
100
AcDbEntity
  8
F.Silkscreen
  6
CONTINUOUS
100
AcDbLine
 10
131.7357140000000015
 20
-118.7150570000000016
 30
0
 11
131.7833329999999989
 21
-118.8102949999999964
 31
0
  0
LINE
  5
1BC
330
1B
100
AcDbEntity
  8
F.Silkscreen
  6
CONTINUOUS
100
AcDbLine
 10
131.7833329999999989
 20
-118.8102949999999964
 30
0
 11
131.7833329999999989
 21
-118.9531519999999887
 31
0
  0
LINE
  5
1BD
330
1B
100
AcDbEntity
  8
F.Silkscreen
  6
CONTINUOUS
100
AcDbLine
 10
131.7833329999999989
 20
-118.9531519999999887
 30
0
 11
131.7357140000000015
 21
-119.0483899999999977
 31
0
  0
LINE
  5
1BE
330
1B
100
AcDbEntity
  8
F.Silkscreen
  6
CONTINUOUS
100
AcDbLine
 10
131.7357140000000015
 20
-119.0483899999999977
 30
0
 11
131.6880950000000041
 21
-119.0960089999999951
 31
0
  0
LINE
  5
1BF
330
1B
100
AcDbEntity
  8
F.Silkscreen
  6
CONTINUOUS
100
AcDbLine
 10
131.6880950000000041
 20
-119.0960089999999951
 30
0
 11
131.5928569999999809
 21
-119.1436279999999925
 31
0
  0
LINE
  5
1C0
330
1B
100
AcDbEntity
  8
F.Silkscreen
  6
CONTINUOUS
100
AcDbLine
 10
131.5928569999999809
 20
-119.1436279999999925
 30
0
 11
131.2119050000000016
 21
-119.1436279999999925
 31
0
  0
LINE
  5
1C1
330
1B
100
AcDbEntity
  8
F.Silkscreen
  6
CONTINUOUS
100
AcDbLine
 10
132.6404760000000067
 20
-118.6198189999999926
 30
0
 11
132.4499999999999886
 21
-118.6198189999999926
 31
0
  0
LINE
  5
1C2
330
1B
100
AcDbEntity
  8
F.Silkscreen
  6
CONTINUOUS
100
AcDbLine
 10
132.4499999999999886
 20
-118.6198189999999926
 30
0
 11
132.3547619999999938
 21
-118.66743799999999
 31
0
  0
LINE
  5
1C3
330
1B
100
AcDbEntity
  8
F.Silkscreen
  6
CONTINUOUS
100
AcDbLine
 10
132.3547619999999938
 20
-118.66743799999999
 30
0
 11
132.3071429999999964
 21
-118.7150570000000016
 31
0
  0
LINE
  5
1C4
330
1B
100
AcDbEntity
  8
F.Silkscreen
  6
CONTINUOUS
100
AcDbLine
 10
132.3071429999999964
 20
-118.7150570000000016
 30
0
 11
132.2119050000000016
 21
-118.8579139999999938
 31
0
  0
LINE
  5
1C5
330
1B
100
AcDbEntity
  8
F.Silkscreen
  6
CONTINUOUS
100
AcDbLine
 10
132.2119050000000016
 20
-118.8579139999999938
 30
0
 11
132.1642860000000042
 21
-119.0483899999999977
 31
0
  0
LINE
  5
1C6
330
1B
100
AcDbEntity
  8
F.Silkscreen
  6
CONTINUOUS
100
AcDbLine
 10
132.1642860000000042
 20
-119.0483899999999977
 30
0
 11
132.1642860000000042
 21
-119.4293419999999912
 31
0
  0
LINE
  5
1C7
330
1B
100
AcDbEntity
  8
F.Silkscreen
  6
CONTINUOUS
100
AcDbLine
 10
132.1642860000000042
 20
-119.4293419999999912
 30
0
 11
132.2119050000000016
 21
-119.5245800000000003
 31
0
  0
LINE
  5
1C8
330
1B
100
AcDbEntity
  8
F.Silkscreen
  6
CONTINUOUS
100
AcDbLine
 10
132.2119050000000016
 20
-119.5245800000000003
 30
0
 11
132.259523999999999
 21
-119.5721999999999952
 31
0
  0
LINE
  5
1C9
330
1B
100
AcDbEntity
  8
F.Silkscreen
  6
CONTINUOUS
100
AcDbLine
 10
132.259523999999999
 20
-119.5721999999999952
 30
0
 11
132.3547619999999938
 21
-119.6198189999999926
 31
0
  0
LINE
  5
1CA
330
1B
100
AcDbEntity
  8
F.Silkscreen
  6
CONTINUOUS
100
AcDbLine
 10
132.3547619999999938
 20
-119.6198189999999926
 30
0
 11
132.5452379999999835
 21
-119.6198189999999926
 31
0
  0
LINE
  5
1CB
330
1B
100
AcDbEntity
  8
F.Silkscreen
  6
CONTINUOUS
100
AcDbLine
 10
132.5452379999999835
 20
-119.6198189999999926
 30
0
 11
132.6404760000000067
 21
-119.5721999999999952
 31
0
  0
LINE
  5
1CC
330
1B
100
AcDbEntity
  8
F.Silkscreen
  6
CONTINUOUS
100
AcDbLine
 10
132.6404760000000067
 20
-119.5721999999999952
 30
0
 11
132.6880950000000041
 21
-119.5245800000000003
 31
0
  0
LINE
  5
1CD
330
1B
100
AcDbEntity
  8
F.Silkscreen
  6
CONTINUOUS
100
AcDbLine
 10
132.6880950000000041
 20
-119.5245800000000003
 30
0
 11
132.7357140000000015
 21
-119.4293419999999912
 31
0
  0
LINE
  5
1CE
330
1B
100
AcDbEntity
  8
F.Silkscreen
  6
CONTINUOUS
100
AcDbLine
 10
132.7357140000000015
 20
-119.4293419999999912
 30
0
 11
132.7357140000000015
 21
-119.19124699999999
 31
0
  0
LINE
  5
1CF
330
1B
100
AcDbEntity
  8
F.Silkscreen
  6
CONTINUOUS
100
AcDbLine
 10
132.7357140000000015
 20
-119.19124699999999
 30
0
 11
132.6880950000000041
 21
-119.0960089999999951
 31
0
  0
LINE
  5
1D0
330
1B
100
AcDbEntity
  8
F.Silkscreen
  6
CONTINUOUS
100
AcDbLine
 10
132.6880950000000041
 20
-119.0960089999999951
 30
0
 11
132.6404760000000067
 21
-119.0483899999999977
 31
0
  0
LINE
  5
1D1
330
1B
100
AcDbEntity
  8
F.Silkscreen
  6
CONTINUOUS
100
AcDbLine
 10
132.6404760000000067
 20
-119.0483899999999977
 30
0
 11
132.5452379999999835
 21
-119.0007710000000003
 31
0
  0
LINE
  5
1D2
330
1B
100
AcDbEntity
  8
F.Silkscreen
  6
CONTINUOUS
100
AcDbLine
 10
132.5452379999999835
 20
-119.0007710000000003
 30
0
 11
132.3547619999999938
 21
-119.0007710000000003
 31
0
  0
LINE
  5
1D3
330
1B
100
AcDbEntity
  8
F.Silkscreen
  6
CONTINUOUS
100
AcDbLine
 10
132.3547619999999938
 20
-119.0007710000000003
 30
0
 11
132.259523999999999
 21
-119.0483899999999977
 31
0
  0
LINE
  5
1D4
330
1B
100
AcDbEntity
  8
F.Silkscreen
  6
CONTINUOUS
100
AcDbLine
 10
132.259523999999999
 20
-119.0483899999999977
 30
0
 11
132.2119050000000016
 21
-119.0960089999999951
 31
0
  0
LINE
  5
1D5
330
1B
100
AcDbEntity
  8
F.Silkscreen
  6
CONTINUOUS
100
AcDbLine
 10
132.2119050000000016
 20
-119.0960089999999951
 30
0
 11
132.1642860000000042
 21
-119.19124699999999
 31
0
  0
LINE
  5
1D6
330
1B
100
AcDbEntity
  8
F.Silkscreen
  6
CONTINUOUS
100
AcDbLine
 10
111.2245869999999996
 20
-124.7720709999999968
 30
0
 11
111.176967999999988
 21
-124.8196909999999917
 31
0
  0
LINE
  5
1D7
330
1B
100
AcDbEntity
  8
F.Silkscreen
  6
CONTINUOUS
100
AcDbLine
 10
111.176967999999988
 20
-124.8196909999999917
 30
0
 11
111.0341109999999958
 21
-124.8673099999999891
 31
0
  0
LINE
  5
1D8
330
1B
100
AcDbEntity
  8
F.Silkscreen
  6
CONTINUOUS
100
AcDbLine
 10
111.0341109999999958
 20
-124.8673099999999891
 30
0
 11
110.938873000000001
 21
-124.8673099999999891
 31
0
  0
LINE
  5
1D9
330
1B
100
AcDbEntity
  8
F.Silkscreen
  6
CONTINUOUS
100
AcDbLine
 10
110.938873000000001
 20
-124.8673099999999891
 30
0
 11
110.7960159999999945
 21
-124.8196909999999917
 31
0
  0
LINE
  5
1DA
330
1B
100
AcDbEntity
  8
F.Silkscreen
  6
CONTINUOUS
100
AcDbLine
 10
110.7960159999999945
 20
-124.8196909999999917
 30
0
 11
110.7007779999999997
 21
-124.7244519999999994
 31
0
  0
LINE
  5
1DB
330
1B
100
AcDbEntity
  8
F.Silkscreen
  6
CONTINUOUS
100
AcDbLine
 10
110.7007779999999997
 20
-124.7244519999999994
 30
0
 11
110.6531589999999881
 21
-124.6292139999999904
 31
0
  0
LINE
  5
1DC
330
1B
100
AcDbEntity
  8
F.Silkscreen
  6
CONTINUOUS
100
AcDbLine
 10
110.6531589999999881
 20
-124.6292139999999904
 30
0
 11
110.6055399999999906
 21
-124.4387380000000007
 31
0
  0
LINE
  5
1DD
330
1B
100
AcDbEntity
  8
F.Silkscreen
  6
CONTINUOUS
100
AcDbLine
 10
110.6055399999999906
 20
-124.4387380000000007
 30
0
 11
110.6055399999999906
 21
-124.2958809999999943
 31
0
  0
LINE
  5
1DE
330
1B
100
AcDbEntity
  8
F.Silkscreen
  6
CONTINUOUS
100
AcDbLine
 10
110.6055399999999906
 20
-124.2958809999999943
 30
0
 11
110.6531589999999881
 21
-124.1054049999999904
 31
0
  0
LINE
  5
1DF
330
1B
100
AcDbEntity
  8
F.Silkscreen
  6
CONTINUOUS
100
AcDbLine
 10
110.6531589999999881
 20
-124.1054049999999904
 30
0
 11
110.7007779999999997
 21
-124.0101669999999956
 31
0
  0
LINE
  5
1E0
330
1B
100
AcDbEntity
  8
F.Silkscreen
  6
CONTINUOUS
100
AcDbLine
 10
110.7007779999999997
 20
-124.0101669999999956
 30
0
 11
110.7960159999999945
 21
-123.9149290000000008
 31
0
  0
LINE
  5
1E1
330
1B
100
AcDbEntity
  8
F.Silkscreen
  6
CONTINUOUS
100
AcDbLine
 10
110.7960159999999945
 20
-123.9149290000000008
 30
0
 11
110.938873000000001
 21
-123.8673099999999891
 31
0
  0
LINE
  5
1E2
330
1B
100
AcDbEntity
  8
F.Silkscreen
  6
CONTINUOUS
100
AcDbLine
 10
110.938873000000001
 20
-123.8673099999999891
 30
0
 11
111.0341109999999958
 21
-123.8673099999999891
 31
0
  0
LINE
  5
1E3
330
1B
100
AcDbEntity
  8
F.Silkscreen
  6
CONTINUOUS
100
AcDbLine
 10
111.0341109999999958
 20
-123.8673099999999891
 30
0
 11
111.176967999999988
 21
-123.9149290000000008
 31
0
  0
LINE
  5
1E4
330
1B
100
AcDbEntity
  8
F.Silkscreen
  6
CONTINUOUS
100
AcDbLine
 10
111.176967999999988
 20
-123.9149290000000008
 30
0
 11
111.2245869999999996
 21
-123.9625479999999982
 31
0
  0
LINE
  5
1E5
330
1B
100
AcDbEntity
  8
F.Silkscreen
  6
CONTINUOUS
100
AcDbLine
 10
111.6055399999999906
 20
-123.9625479999999982
 30
0
 11
111.6531589999999881
 21
-123.9149290000000008
 31
0
  0
LINE
  5
1E6
330
1B
100
AcDbEntity
  8
F.Silkscreen
  6
CONTINUOUS
100
AcDbLine
 10
111.6531589999999881
 20
-123.9149290000000008
 30
0
 11
111.7483969999999971
 21
-123.8673099999999891
 31
0
  0
LINE
  5
1E7
330
1B
100
AcDbEntity
  8
F.Silkscreen
  6
CONTINUOUS
100
AcDbLine
 10
111.7483969999999971
 20
-123.8673099999999891
 30
0
 11
111.9864919999999984
 21
-123.8673099999999891
 31
0
  0
LINE
  5
1E8
330
1B
100
AcDbEntity
  8
F.Silkscreen
  6
CONTINUOUS
100
AcDbLine
 10
111.9864919999999984
 20
-123.8673099999999891
 30
0
 11
112.0817299999999932
 21
-123.9149290000000008
 31
0
  0
LINE
  5
1E9
330
1B
100
AcDbEntity
  8
F.Silkscreen
  6
CONTINUOUS
100
AcDbLine
 10
112.0817299999999932
 20
-123.9149290000000008
 30
0
 11
112.1293489999999906
 21
-123.9625479999999982
 31
0
  0
LINE
  5
1EA
330
1B
100
AcDbEntity
  8
F.Silkscreen
  6
CONTINUOUS
100
AcDbLine
 10
112.1293489999999906
 20
-123.9625479999999982
 30
0
 11
112.176967999999988
 21
-124.057785999999993
 31
0
  0
LINE
  5
1EB
330
1B
100
AcDbEntity
  8
F.Silkscreen
  6
CONTINUOUS
100
AcDbLine
 10
112.176967999999988
 20
-124.057785999999993
 30
0
 11
112.176967999999988
 21
-124.1530239999999878
 31
0
  0
LINE
  5
1EC
330
1B
100
AcDbEntity
  8
F.Silkscreen
  6
CONTINUOUS
100
AcDbLine
 10
112.176967999999988
 20
-124.1530239999999878
 30
0
 11
112.1293489999999906
 21
-124.2958809999999943
 31
0
  0
LINE
  5
1ED
330
1B
100
AcDbEntity
  8
F.Silkscreen
  6
CONTINUOUS
100
AcDbLine
 10
112.1293489999999906
 20
-124.2958809999999943
 30
0
 11
111.5579209999999932
 21
-124.8673099999999891
 31
0
  0
LINE
  5
1EE
330
1B
100
AcDbEntity
  8
F.Silkscreen
  6
CONTINUOUS
100
AcDbLine
 10
111.5579209999999932
 20
-124.8673099999999891
 30
0
 11
112.176967999999988
 21
-124.8673099999999891
 31
0
  0
LINE
  5
1EF
330
1B
100
AcDbEntity
  8
F.Silkscreen
  6
CONTINUOUS
100
AcDbLine
 10
159.8066659999999786
 20
-113.0098189999999931
 30
0
 11
159.8066659999999786
 21
-113.724103999999997
 31
0
  0
LINE
  5
1F0
330
1B
100
AcDbEntity
  8
F.Silkscreen
  6
CONTINUOUS
100
AcDbLine
 10
159.8066659999999786
 20
-113.724103999999997
 30
0
 11
159.7590469999999812
 21
-113.8669609999999892
 31
0
  0
LINE
  5
1F1
330
1B
100
AcDbEntity
  8
F.Silkscreen
  6
CONTINUOUS
100
AcDbLine
 10
159.7590469999999812
 20
-113.8669609999999892
 30
0
 11
159.6638089999999863
 21
-113.9621999999999957
 31
0
  0
LINE
  5
1F2
330
1B
100
AcDbEntity
  8
F.Silkscreen
  6
CONTINUOUS
100
AcDbLine
 10
159.6638089999999863
 20
-113.9621999999999957
 30
0
 11
159.5209519999999941
 21
-114.0098189999999931
 31
0
  0
LINE
  5
1F3
330
1B
100
AcDbEntity
  8
F.Silkscreen
  6
CONTINUOUS
100
AcDbLine
 10
159.5209519999999941
 20
-114.0098189999999931
 30
0
 11
159.4257139999999993
 21
-114.0098189999999931
 31
0
  0
LINE
  5
1F4
330
1B
100
AcDbEntity
  8
F.Silkscreen
  6
CONTINUOUS
100
AcDbLine
 10
160.2352379999999812
 20
-113.105056999999988
 30
0
 11
160.2828569999999786
 21
-113.0574379999999906
 31
0
  0
LINE
  5
1F5
330
1B
100
AcDbEntity
  8
F.Silkscreen
  6
CONTINUOUS
100
AcDbLine
 10
160.2828569999999786
 20
-113.0574379999999906
 30
0
 11
160.3780950000000018
 21
-113.0098189999999931
 31
0
  0
LINE
  5
1F6
330
1B
100
AcDbEntity
  8
F.Silkscreen
  6
CONTINUOUS
100
AcDbLine
 10
160.3780950000000018
 20
-113.0098189999999931
 30
0
 11
160.6161899999999889
 21
-113.0098189999999931
 31
0
  0
LINE
  5
1F7
330
1B
100
AcDbEntity
  8
F.Silkscreen
  6
CONTINUOUS
100
AcDbLine
 10
160.6161899999999889
 20
-113.0098189999999931
 30
0
 11
160.7114279999999837
 21
-113.0574379999999906
 31
0
  0
LINE
  5
1F8
330
1B
100
AcDbEntity
  8
F.Silkscreen
  6
CONTINUOUS
100
AcDbLine
 10
160.7114279999999837
 20
-113.0574379999999906
 30
0
 11
160.7590469999999812
 21
-113.105056999999988
 31
0
  0
LINE
  5
1F9
330
1B
100
AcDbEntity
  8
F.Silkscreen
  6
CONTINUOUS
100
AcDbLine
 10
160.7590469999999812
 20
-113.105056999999988
 30
0
 11
160.8066659999999786
 21
-113.200294999999997
 31
0
  0
LINE
  5
1FA
330
1B
100
AcDbEntity
  8
F.Silkscreen
  6
CONTINUOUS
100
AcDbLine
 10
160.8066659999999786
 20
-113.200294999999997
 30
0
 11
160.8066659999999786
 21
-113.2955329999999918
 31
0
  0
LINE
  5
1FB
330
1B
100
AcDbEntity
  8
F.Silkscreen
  6
CONTINUOUS
100
AcDbLine
 10
160.8066659999999786
 20
-113.2955329999999918
 30
0
 11
160.7590469999999812
 21
-113.4383899999999983
 31
0
  0
LINE
  5
1FC
330
1B
100
AcDbEntity
  8
F.Silkscreen
  6
CONTINUOUS
100
AcDbLine
 10
160.7590469999999812
 20
-113.4383899999999983
 30
0
 11
160.1876189999999838
 21
-114.0098189999999931
 31
0
  0
LINE
  5
1FD
330
1B
100
AcDbEntity
  8
F.Silkscreen
  6
CONTINUOUS
100
AcDbLine
 10
160.1876189999999838
 20
-114.0098189999999931
 30
0
 11
160.8066659999999786
 21
-114.0098189999999931
 31
0
  0
LINE
  5
1FE
330
1B
100
AcDbEntity
  8
F.Silkscreen
  6
CONTINUOUS
100
AcDbLine
 10
143.0933330000000012
 20
-115.87957999999999
 30
0
 11
143.0457140000000038
 21
-115.9271999999999991
 31
0
  0
LINE
  5
1FF
330
1B
100
AcDbEntity
  8
F.Silkscreen
  6
CONTINUOUS
100
AcDbLine
 10
143.0457140000000038
 20
-115.9271999999999991
 30
0
 11
142.9028569999999831
 21
-115.9748189999999965
 31
0
  0
LINE
  5
200
330
1B
100
AcDbEntity
  8
F.Silkscreen
  6
CONTINUOUS
100
AcDbLine
 10
142.9028569999999831
 20
-115.9748189999999965
 30
0
 11
142.8076189999999883
 21
-115.9748189999999965
 31
0
  0
LINE
  5
201
330
1B
100
AcDbEntity
  8
F.Silkscreen
  6
CONTINUOUS
100
AcDbLine
 10
142.8076189999999883
 20
-115.9748189999999965
 30
0
 11
142.6647619999999961
 21
-115.9271999999999991
 31
0
  0
LINE
  5
202
330
1B
100
AcDbEntity
  8
F.Silkscreen
  6
CONTINUOUS
100
AcDbLine
 10
142.6647619999999961
 20
-115.9271999999999991
 30
0
 11
142.5695240000000013
 21
-115.8319609999999926
 31
0
  0
LINE
  5
203
330
1B
100
AcDbEntity
  8
F.Silkscreen
  6
CONTINUOUS
100
AcDbLine
 10
142.5695240000000013
 20
-115.8319609999999926
 30
0
 11
142.5219050000000038
 21
-115.7367229999999978
 31
0
  0
LINE
  5
204
330
1B
100
AcDbEntity
  8
F.Silkscreen
  6
CONTINUOUS
100
AcDbLine
 10
142.5219050000000038
 20
-115.7367229999999978
 30
0
 11
142.4742860000000064
 21
-115.5462469999999939
 31
0
  0
LINE
  5
205
330
1B
100
AcDbEntity
  8
F.Silkscreen
  6
CONTINUOUS
100
AcDbLine
 10
142.4742860000000064
 20
-115.5462469999999939
 30
0
 11
142.4742860000000064
 21
-115.4033900000000017
 31
0
  0
LINE
  5
206
330
1B
100
AcDbEntity
  8
F.Silkscreen
  6
CONTINUOUS
100
AcDbLine
 10
142.4742860000000064
 20
-115.4033900000000017
 30
0
 11
142.5219050000000038
 21
-115.2129139999999978
 31
0
  0
LINE
  5
207
330
1B
100
AcDbEntity
  8
F.Silkscreen
  6
CONTINUOUS
100
AcDbLine
 10
142.5219050000000038
 20
-115.2129139999999978
 30
0
 11
142.5695240000000013
 21
-115.1176759999999888
 31
0
  0
LINE
  5
208
330
1B
100
AcDbEntity
  8
F.Silkscreen
  6
CONTINUOUS
100
AcDbLine
 10
142.5695240000000013
 20
-115.1176759999999888
 30
0
 11
142.6647619999999961
 21
-115.022437999999994
 31
0
  0
LINE
  5
209
330
1B
100
AcDbEntity
  8
F.Silkscreen
  6
CONTINUOUS
100
AcDbLine
 10
142.6647619999999961
 20
-115.022437999999994
 30
0
 11
142.8076189999999883
 21
-114.9748189999999965
 31
0
  0
LINE
  5
20A
330
1B
100
AcDbEntity
  8
F.Silkscreen
  6
CONTINUOUS
100
AcDbLine
 10
142.8076189999999883
 20
-114.9748189999999965
 30
0
 11
142.9028569999999831
 21
-114.9748189999999965
 31
0
  0
LINE
  5
20B
330
1B
100
AcDbEntity
  8
F.Silkscreen
  6
CONTINUOUS
100
AcDbLine
 10
142.9028569999999831
 20
-114.9748189999999965
 30
0
 11
143.0457140000000038
 21
-115.022437999999994
 31
0
  0
LINE
  5
20C
330
1B
100
AcDbEntity
  8
F.Silkscreen
  6
CONTINUOUS
100
AcDbLine
 10
143.0457140000000038
 20
-115.022437999999994
 30
0
 11
143.0933330000000012
 21
-115.0700569999999914
 31
0
  0
LINE
  5
20D
330
1B
100
AcDbEntity
  8
F.Silkscreen
  6
CONTINUOUS
100
AcDbLine
 10
143.6647619999999961
 20
-115.4033900000000017
 30
0
 11
143.5695240000000013
 21
-115.3557709999999901
 31
0
  0
LINE
  5
20E
330
1B
100
AcDbEntity
  8
F.Silkscreen
  6
CONTINUOUS
100
AcDbLine
 10
143.5695240000000013
 20
-115.3557709999999901
 30
0
 11
143.5219050000000038
 21
-115.3081519999999927
 31
0
  0
LINE
  5
20F
330
1B
100
AcDbEntity
  8
F.Silkscreen
  6
CONTINUOUS
100
AcDbLine
 10
143.5219050000000038
 20
-115.3081519999999927
 30
0
 11
143.4742860000000064
 21
-115.2129139999999978
 31
0
  0
LINE
  5
210
330
1B
100
AcDbEntity
  8
F.Silkscreen
  6
CONTINUOUS
100
AcDbLine
 10
143.4742860000000064
 20
-115.2129139999999978
 30
0
 11
143.4742860000000064
 21
-115.1652950000000004
 31
0
  0
LINE
  5
211
330
1B
100
AcDbEntity
  8
F.Silkscreen
  6
CONTINUOUS
100
AcDbLine
 10
143.4742860000000064
 20
-115.1652950000000004
 30
0
 11
143.5219050000000038
 21
-115.0700569999999914
 31
0
  0
LINE
  5
212
330
1B
100
AcDbEntity
  8
F.Silkscreen
  6
CONTINUOUS
100
AcDbLine
 10
143.5219050000000038
 20
-115.0700569999999914
 30
0
 11
143.5695240000000013
 21
-115.022437999999994
 31
0
  0
LINE
  5
213
330
1B
100
AcDbEntity
  8
F.Silkscreen
  6
CONTINUOUS
100
AcDbLine
 10
143.5695240000000013
 20
-115.022437999999994
 30
0
 11
143.6647619999999961
 21
-114.9748189999999965
 31
0
  0
LINE
  5
214
330
1B
100
AcDbEntity
  8
F.Silkscreen
  6
CONTINUOUS
100
AcDbLine
 10
143.6647619999999961
 20
-114.9748189999999965
 30
0
 11
143.8552379999999857
 21
-114.9748189999999965
 31
0
  0
LINE
  5
215
330
1B
100
AcDbEntity
  8
F.Silkscreen
  6
CONTINUOUS
100
AcDbLine
 10
143.8552379999999857
 20
-114.9748189999999965
 30
0
 11
143.9504759999999806
 21
-115.022437999999994
 31
0
  0
LINE
  5
216
330
1B
100
AcDbEntity
  8
F.Silkscreen
  6
CONTINUOUS
100
AcDbLine
 10
143.9504759999999806
 20
-115.022437999999994
 30
0
 11
143.9980950000000064
 21
-115.0700569999999914
 31
0
  0
LINE
  5
217
330
1B
100
AcDbEntity
  8
F.Silkscreen
  6
CONTINUOUS
100
AcDbLine
 10
143.9980950000000064
 20
-115.0700569999999914
 30
0
 11
144.0457140000000038
 21
-115.1652950000000004
 31
0
  0
LINE
  5
218
330
1B
100
AcDbEntity
  8
F.Silkscreen
  6
CONTINUOUS
100
AcDbLine
 10
144.0457140000000038
 20
-115.1652950000000004
 30
0
 11
144.0457140000000038
 21
-115.2129139999999978
 31
0
  0
LINE
  5
219
330
1B
100
AcDbEntity
  8
F.Silkscreen
  6
CONTINUOUS
100
AcDbLine
 10
144.0457140000000038
 20
-115.2129139999999978
 30
0
 11
143.9980950000000064
 21
-115.3081519999999927
 31
0
  0
LINE
  5
21A
330
1B
100
AcDbEntity
  8
F.Silkscreen
  6
CONTINUOUS
100
AcDbLine
 10
143.9980950000000064
 20
-115.3081519999999927
 30
0
 11
143.9504759999999806
 21
-115.3557709999999901
 31
0
  0
LINE
  5
21B
330
1B
100
AcDbEntity
  8
F.Silkscreen
  6
CONTINUOUS
100
AcDbLine
 10
143.9504759999999806
 20
-115.3557709999999901
 30
0
 11
143.8552379999999857
 21
-115.4033900000000017
 31
0
  0
LINE
  5
21C
330
1B
100
AcDbEntity
  8
F.Silkscreen
  6
CONTINUOUS
100
AcDbLine
 10
143.8552379999999857
 20
-115.4033900000000017
 30
0
 11
143.6647619999999961
 21
-115.4033900000000017
 31
0
  0
LINE
  5
21D
330
1B
100
AcDbEntity
  8
F.Silkscreen
  6
CONTINUOUS
100
AcDbLine
 10
143.6647619999999961
 20
-115.4033900000000017
 30
0
 11
143.5695240000000013
 21
-115.4510089999999991
 31
0
  0
LINE
  5
21E
330
1B
100
AcDbEntity
  8
F.Silkscreen
  6
CONTINUOUS
100
AcDbLine
 10
143.5695240000000013
 20
-115.4510089999999991
 30
0
 11
143.5219050000000038
 21
-115.4986279999999965
 31
0
  0
LINE
  5
21F
330
1B
100
AcDbEntity
  8
F.Silkscreen
  6
CONTINUOUS
100
AcDbLine
 10
143.5219050000000038
 20
-115.4986279999999965
 30
0
 11
143.4742860000000064
 21
-115.5938659999999913
 31
0
  0
LINE
  5
220
330
1B
100
AcDbEntity
  8
F.Silkscreen
  6
CONTINUOUS
100
AcDbLine
 10
143.4742860000000064
 20
-115.5938659999999913
 30
0
 11
143.4742860000000064
 21
-115.7843419999999952
 31
0
  0
LINE
  5
221
330
1B
100
AcDbEntity
  8
F.Silkscreen
  6
CONTINUOUS
100
AcDbLine
 10
143.4742860000000064
 20
-115.7843419999999952
 30
0
 11
143.5219050000000038
 21
-115.87957999999999
 31
0
  0
LINE
  5
222
330
1B
100
AcDbEntity
  8
F.Silkscreen
  6
CONTINUOUS
100
AcDbLine
 10
143.5219050000000038
 20
-115.87957999999999
 30
0
 11
143.5695240000000013
 21
-115.9271999999999991
 31
0
  0
LINE
  5
223
330
1B
100
AcDbEntity
  8
F.Silkscreen
  6
CONTINUOUS
100
AcDbLine
 10
143.5695240000000013
 20
-115.9271999999999991
 30
0
 11
143.6647619999999961
 21
-115.9748189999999965
 31
0
  0
LINE
  5
224
330
1B
100
AcDbEntity
  8
F.Silkscreen
  6
CONTINUOUS
100
AcDbLine
 10
143.6647619999999961
 20
-115.9748189999999965
 30
0
 11
143.8552379999999857
 21
-115.9748189999999965
 31
0
  0
LINE
  5
225
330
1B
100
AcDbEntity
  8
F.Silkscreen
  6
CONTINUOUS
100
AcDbLine
 10
143.8552379999999857
 20
-115.9748189999999965
 30
0
 11
143.9504759999999806
 21
-115.9271999999999991
 31
0
  0
LINE
  5
226
330
1B
100
AcDbEntity
  8
F.Silkscreen
  6
CONTINUOUS
100
AcDbLine
 10
143.9504759999999806
 20
-115.9271999999999991
 30
0
 11
143.9980950000000064
 21
-115.87957999999999
 31
0
  0
LINE
  5
227
330
1B
100
AcDbEntity
  8
F.Silkscreen
  6
CONTINUOUS
100
AcDbLine
 10
143.9980950000000064
 20
-115.87957999999999
 30
0
 11
144.0457140000000038
 21
-115.7843419999999952
 31
0
  0
LINE
  5
228
330
1B
100
AcDbEntity
  8
F.Silkscreen
  6
CONTINUOUS
100
AcDbLine
 10
144.0457140000000038
 20
-115.7843419999999952
 30
0
 11
144.0457140000000038
 21
-115.5938659999999913
 31
0
  0
LINE
  5
229
330
1B
100
AcDbEntity
  8
F.Silkscreen
  6
CONTINUOUS
100
AcDbLine
 10
144.0457140000000038
 20
-115.5938659999999913
 30
0
 11
143.9980950000000064
 21
-115.4986279999999965
 31
0
  0
LINE
  5
22A
330
1B
100
AcDbEntity
  8
F.Silkscreen
  6
CONTINUOUS
100
AcDbLine
 10
143.9980950000000064
 20
-115.4986279999999965
 30
0
 11
143.9504759999999806
 21
-115.4510089999999991
 31
0
  0
LINE
  5
22B
330
1B
100
AcDbEntity
  8
F.Silkscreen
  6
CONTINUOUS
100
AcDbLine
 10
143.9504759999999806
 20
-115.4510089999999991
 30
0
 11
143.8552379999999857
 21
-115.4033900000000017
 31
0
  0
LINE
  5
22C
330
1B
100
AcDbEntity
  8
F.Silkscreen
  6
CONTINUOUS
100
AcDbLine
 10
108.4733329999999967
 20
-106.2798189999999892
 30
0
 11
108.1400000000000006
 21
-105.8036279999999891
 31
0
  0
LINE
  5
22D
330
1B
100
AcDbEntity
  8
F.Silkscreen
  6
CONTINUOUS
100
AcDbLine
 10
107.9019049999999993
 20
-106.2798189999999892
 30
0
 11
107.9019049999999993
 21
-105.2798189999999892
 31
0
  0
LINE
  5
22E
330
1B
100
AcDbEntity
  8
F.Silkscreen
  6
CONTINUOUS
100
AcDbLine
 10
107.9019049999999993
 20
-105.2798189999999892
 30
0
 11
108.2828569999999928
 21
-105.2798189999999892
 31
0
  0
LINE
  5
22F
330
1B
100
AcDbEntity
  8
F.Silkscreen
  6
CONTINUOUS
100
AcDbLine
 10
108.2828569999999928
 20
-105.2798189999999892
 30
0
 11
108.3780950000000018
 21
-105.3274380000000008
 31
0
  0
LINE
  5
230
330
1B
100
AcDbEntity
  8
F.Silkscreen
  6
CONTINUOUS
100
AcDbLine
 10
108.3780950000000018
 20
-105.3274380000000008
 30
0
 11
108.4257139999999993
 21
-105.3750569999999982
 31
0
  0
LINE
  5
231
330
1B
100
AcDbEntity
  8
F.Silkscreen
  6
CONTINUOUS
100
AcDbLine
 10
108.4257139999999993
 20
-105.3750569999999982
 30
0
 11
108.4733329999999967
 21
-105.470294999999993
 31
0
  0
LINE
  5
232
330
1B
100
AcDbEntity
  8
F.Silkscreen
  6
CONTINUOUS
100
AcDbLine
 10
108.4733329999999967
 20
-105.470294999999993
 30
0
 11
108.4733329999999967
 21
-105.6131519999999995
 31
0
  0
LINE
  5
233
330
1B
100
AcDbEntity
  8
F.Silkscreen
  6
CONTINUOUS
100
AcDbLine
 10
108.4733329999999967
 20
-105.6131519999999995
 30
0
 11
108.4257139999999993
 21
-105.7083899999999943
 31
0
  0
LINE
  5
234
330
1B
100
AcDbEntity
  8
F.Silkscreen
  6
CONTINUOUS
100
AcDbLine
 10
108.4257139999999993
 20
-105.7083899999999943
 30
0
 11
108.3780950000000018
 21
-105.7560089999999917
 31
0
  0
LINE
  5
235
330
1B
100
AcDbEntity
  8
F.Silkscreen
  6
CONTINUOUS
100
AcDbLine
 10
108.3780950000000018
 20
-105.7560089999999917
 30
0
 11
108.2828569999999928
 21
-105.8036279999999891
 31
0
  0
LINE
  5
236
330
1B
100
AcDbEntity
  8
F.Silkscreen
  6
CONTINUOUS
100
AcDbLine
 10
108.2828569999999928
 20
-105.8036279999999891
 30
0
 11
107.9019049999999993
 21
-105.8036279999999891
 31
0
  0
LINE
  5
237
330
1B
100
AcDbEntity
  8
F.Silkscreen
  6
CONTINUOUS
100
AcDbLine
 10
108.8066669999999903
 20
-105.2798189999999892
 30
0
 11
109.4257139999999993
 21
-105.2798189999999892
 31
0
  0
LINE
  5
238
330
1B
100
AcDbEntity
  8
F.Silkscreen
  6
CONTINUOUS
100
AcDbLine
 10
109.4257139999999993
 20
-105.2798189999999892
 30
0
 11
109.0923809999999889
 21
-105.6607709999999969
 31
0
  0
LINE
  5
239
330
1B
100
AcDbEntity
  8
F.Silkscreen
  6
CONTINUOUS
100
AcDbLine
 10
109.0923809999999889
 20
-105.6607709999999969
 30
0
 11
109.2352379999999954
 21
-105.6607709999999969
 31
0
  0
LINE
  5
23A
330
1B
100
AcDbEntity
  8
F.Silkscreen
  6
CONTINUOUS
100
AcDbLine
 10
109.2352379999999954
 20
-105.6607709999999969
 30
0
 11
109.3304759999999902
 21
-105.7083899999999943
 31
0
  0
LINE
  5
23B
330
1B
100
AcDbEntity
  8
F.Silkscreen
  6
CONTINUOUS
100
AcDbLine
 10
109.3304759999999902
 20
-105.7083899999999943
 30
0
 11
109.3780950000000018
 21
-105.7560089999999917
 31
0
  0
LINE
  5
23C
330
1B
100
AcDbEntity
  8
F.Silkscreen
  6
CONTINUOUS
100
AcDbLine
 10
109.3780950000000018
 20
-105.7560089999999917
 30
0
 11
109.4257139999999993
 21
-105.8512470000000008
 31
0
  0
LINE
  5
23D
330
1B
100
AcDbEntity
  8
F.Silkscreen
  6
CONTINUOUS
100
AcDbLine
 10
109.4257139999999993
 20
-105.8512470000000008
 30
0
 11
109.4257139999999993
 21
-106.089342000000002
 31
0
  0
LINE
  5
23E
330
1B
100
AcDbEntity
  8
F.Silkscreen
  6
CONTINUOUS
100
AcDbLine
 10
109.4257139999999993
 20
-106.089342000000002
 30
0
 11
109.3780950000000018
 21
-106.1845799999999969
 31
0
  0
LINE
  5
23F
330
1B
100
AcDbEntity
  8
F.Silkscreen
  6
CONTINUOUS
100
AcDbLine
 10
109.3780950000000018
 20
-106.1845799999999969
 30
0
 11
109.3304759999999902
 21
-106.2321999999999917
 31
0
  0
LINE
  5
240
330
1B
100
AcDbEntity
  8
F.Silkscreen
  6
CONTINUOUS
100
AcDbLine
 10
109.3304759999999902
 20
-106.2321999999999917
 30
0
 11
109.2352379999999954
 21
-106.2798189999999892
 31
0
  0
LINE
  5
241
330
1B
100
AcDbEntity
  8
F.Silkscreen
  6
CONTINUOUS
100
AcDbLine
 10
109.2352379999999954
 20
-106.2798189999999892
 30
0
 11
108.9495239999999967
 21
-106.2798189999999892
 31
0
  0
LINE
  5
242
330
1B
100
AcDbEntity
  8
F.Silkscreen
  6
CONTINUOUS
100
AcDbLine
 10
108.9495239999999967
 20
-106.2798189999999892
 30
0
 11
108.8542860000000019
 21
-106.2321999999999917
 31
0
  0
LINE
  5
243
330
1B
100
AcDbEntity
  8
F.Silkscreen
  6
CONTINUOUS
100
AcDbLine
 10
108.8542860000000019
 20
-106.2321999999999917
 30
0
 11
108.8066669999999903
 21
-106.1845799999999969
 31
0
  0
LINE
  5
244
330
1B
100
AcDbEntity
  8
F.Silkscreen
  6
CONTINUOUS
100
AcDbLine
 10
119.7233329999999967
 20
-116.12957999999999
 30
0
 11
119.6757139999999993
 21
-116.1771999999999991
 31
0
  0
LINE
  5
245
330
1B
100
AcDbEntity
  8
F.Silkscreen
  6
CONTINUOUS
100
AcDbLine
 10
119.6757139999999993
 20
-116.1771999999999991
 30
0
 11
119.5328569999999928
 21
-116.2248189999999965
 31
0
  0
LINE
  5
246
330
1B
100
AcDbEntity
  8
F.Silkscreen
  6
CONTINUOUS
100
AcDbLine
 10
119.5328569999999928
 20
-116.2248189999999965
 30
0
 11
119.437618999999998
 21
-116.2248189999999965
 31
0
  0
LINE
  5
247
330
1B
100
AcDbEntity
  8
F.Silkscreen
  6
CONTINUOUS
100
AcDbLine
 10
119.437618999999998
 20
-116.2248189999999965
 30
0
 11
119.2947619999999915
 21
-116.1771999999999991
 31
0
  0
LINE
  5
248
330
1B
100
AcDbEntity
  8
F.Silkscreen
  6
CONTINUOUS
100
AcDbLine
 10
119.2947619999999915
 20
-116.1771999999999991
 30
0
 11
119.1995239999999967
 21
-116.0819609999999926
 31
0
  0
LINE
  5
249
330
1B
100
AcDbEntity
  8
F.Silkscreen
  6
CONTINUOUS
100
AcDbLine
 10
119.1995239999999967
 20
-116.0819609999999926
 30
0
 11
119.1519049999999993
 21
-115.9867229999999978
 31
0
  0
LINE
  5
24A
330
1B
100
AcDbEntity
  8
F.Silkscreen
  6
CONTINUOUS
100
AcDbLine
 10
119.1519049999999993
 20
-115.9867229999999978
 30
0
 11
119.1042859999999877
 21
-115.7962469999999939
 31
0
  0
LINE
  5
24B
330
1B
100
AcDbEntity
  8
F.Silkscreen
  6
CONTINUOUS
100
AcDbLine
 10
119.1042859999999877
 20
-115.7962469999999939
 30
0
 11
119.1042859999999877
 21
-115.6533900000000017
 31
0
  0
LINE
  5
24C
330
1B
100
AcDbEntity
  8
F.Silkscreen
  6
CONTINUOUS
100
AcDbLine
 10
119.1042859999999877
 20
-115.6533900000000017
 30
0
 11
119.1519049999999993
 21
-115.4629139999999978
 31
0
  0
LINE
  5
24D
330
1B
100
AcDbEntity
  8
F.Silkscreen
  6
CONTINUOUS
100
AcDbLine
 10
119.1519049999999993
 20
-115.4629139999999978
 30
0
 11
119.1995239999999967
 21
-115.3676759999999888
 31
0
  0
LINE
  5
24E
330
1B
100
AcDbEntity
  8
F.Silkscreen
  6
CONTINUOUS
100
AcDbLine
 10
119.1995239999999967
 20
-115.3676759999999888
 30
0
 11
119.2947619999999915
 21
-115.272437999999994
 31
0
  0
LINE
  5
24F
330
1B
100
AcDbEntity
  8
F.Silkscreen
  6
CONTINUOUS
100
AcDbLine
 10
119.2947619999999915
 20
-115.272437999999994
 30
0
 11
119.437618999999998
 21
-115.2248189999999965
 31
0
  0
LINE
  5
250
330
1B
100
AcDbEntity
  8
F.Silkscreen
  6
CONTINUOUS
100
AcDbLine
 10
119.437618999999998
 20
-115.2248189999999965
 30
0
 11
119.5328569999999928
 21
-115.2248189999999965
 31
0
  0
LINE
  5
251
330
1B
100
AcDbEntity
  8
F.Silkscreen
  6
CONTINUOUS
100
AcDbLine
 10
119.5328569999999928
 20
-115.2248189999999965
 30
0
 11
119.6757139999999993
 21
-115.272437999999994
 31
0
  0
LINE
  5
252
330
1B
100
AcDbEntity
  8
F.Silkscreen
  6
CONTINUOUS
100
AcDbLine
 10
119.6757139999999993
 20
-115.272437999999994
 30
0
 11
119.7233329999999967
 21
-115.3200569999999914
 31
0
  0
LINE
  5
253
330
1B
100
AcDbEntity
  8
F.Silkscreen
  6
CONTINUOUS
100
AcDbLine
 10
120.0566669999999903
 20
-115.2248189999999965
 30
0
 11
120.6757139999999993
 21
-115.2248189999999965
 31
0
  0
LINE
  5
254
330
1B
100
AcDbEntity
  8
F.Silkscreen
  6
CONTINUOUS
100
AcDbLine
 10
120.6757139999999993
 20
-115.2248189999999965
 30
0
 11
120.3423809999999889
 21
-115.6057709999999901
 31
0
  0
LINE
  5
255
330
1B
100
AcDbEntity
  8
F.Silkscreen
  6
CONTINUOUS
100
AcDbLine
 10
120.3423809999999889
 20
-115.6057709999999901
 30
0
 11
120.4852379999999954
 21
-115.6057709999999901
 31
0
  0
LINE
  5
256
330
1B
100
AcDbEntity
  8
F.Silkscreen
  6
CONTINUOUS
100
AcDbLine
 10
120.4852379999999954
 20
-115.6057709999999901
 30
0
 11
120.5804759999999902
 21
-115.6533900000000017
 31
0
  0
LINE
  5
257
330
1B
100
AcDbEntity
  8
F.Silkscreen
  6
CONTINUOUS
100
AcDbLine
 10
120.5804759999999902
 20
-115.6533900000000017
 30
0
 11
120.6280949999999876
 21
-115.7010089999999991
 31
0
  0
LINE
  5
258
330
1B
100
AcDbEntity
  8
F.Silkscreen
  6
CONTINUOUS
100
AcDbLine
 10
120.6280949999999876
 20
-115.7010089999999991
 30
0
 11
120.6757139999999993
 21
-115.7962469999999939
 31
0
  0
LINE
  5
259
330
1B
100
AcDbEntity
  8
F.Silkscreen
  6
CONTINUOUS
100
AcDbLine
 10
120.6757139999999993
 20
-115.7962469999999939
 30
0
 11
120.6757139999999993
 21
-116.0343419999999952
 31
0
  0
LINE
  5
25A
330
1B
100
AcDbEntity
  8
F.Silkscreen
  6
CONTINUOUS
100
AcDbLine
 10
120.6757139999999993
 20
-116.0343419999999952
 30
0
 11
120.6280949999999876
 21
-116.12957999999999
 31
0
  0
LINE
  5
25B
330
1B
100
AcDbEntity
  8
F.Silkscreen
  6
CONTINUOUS
100
AcDbLine
 10
120.6280949999999876
 20
-116.12957999999999
 30
0
 11
120.5804759999999902
 21
-116.1771999999999991
 31
0
  0
LINE
  5
25C
330
1B
100
AcDbEntity
  8
F.Silkscreen
  6
CONTINUOUS
100
AcDbLine
 10
120.5804759999999902
 20
-116.1771999999999991
 30
0
 11
120.4852379999999954
 21
-116.2248189999999965
 31
0
  0
LINE
  5
25D
330
1B
100
AcDbEntity
  8
F.Silkscreen
  6
CONTINUOUS
100
AcDbLine
 10
120.4852379999999954
 20
-116.2248189999999965
 30
0
 11
120.1995239999999967
 21
-116.2248189999999965
 31
0
  0
LINE
  5
25E
330
1B
100
AcDbEntity
  8
F.Silkscreen
  6
CONTINUOUS
100
AcDbLine
 10
120.1995239999999967
 20
-116.2248189999999965
 30
0
 11
120.1042859999999877
 21
-116.1771999999999991
 31
0
  0
LINE
  5
25F
330
1B
100
AcDbEntity
  8
F.Silkscreen
  6
CONTINUOUS
100
AcDbLine
 10
120.1042859999999877
 20
-116.1771999999999991
 30
0
 11
120.0566669999999903
 21
-116.12957999999999
 31
0
  0
LINE
  5
260
330
1B
100
AcDbEntity
  8
F.Silkscreen
  6
CONTINUOUS
100
AcDbLine
 10
106.1116659999999996
 20
-125.3198189999999954
 30
0
 11
106.1116659999999996
 21
-126.0341039999999992
 31
0
  0
LINE
  5
261
330
1B
100
AcDbEntity
  8
F.Silkscreen
  6
CONTINUOUS
100
AcDbLine
 10
106.1116659999999996
 20
-126.0341039999999992
 30
0
 11
106.0640470000000022
 21
-126.1769609999999915
 31
0
  0
LINE
  5
262
330
1B
100
AcDbEntity
  8
F.Silkscreen
  6
CONTINUOUS
100
AcDbLine
 10
106.0640470000000022
 20
-126.1769609999999915
 30
0
 11
105.9688089999999931
 21
-126.272199999999998
 31
0
  0
LINE
  5
263
330
1B
100
AcDbEntity
  8
F.Silkscreen
  6
CONTINUOUS
100
AcDbLine
 10
105.9688089999999931
 20
-126.272199999999998
 30
0
 11
105.8259520000000009
 21
-126.3198189999999954
 31
0
  0
LINE
  5
264
330
1B
100
AcDbEntity
  8
F.Silkscreen
  6
CONTINUOUS
100
AcDbLine
 10
105.8259520000000009
 20
-126.3198189999999954
 30
0
 11
105.7307139999999919
 21
-126.3198189999999954
 31
0
  0
LINE
  5
265
330
1B
100
AcDbEntity
  8
F.Silkscreen
  6
CONTINUOUS
100
AcDbLine
 10
107.1116659999999996
 20
-126.3198189999999954
 30
0
 11
106.5402380000000022
 21
-126.3198189999999954
 31
0
  0
LINE
  5
266
330
1B
100
AcDbEntity
  8
F.Silkscreen
  6
CONTINUOUS
100
AcDbLine
 10
106.8259520000000009
 20
-126.3198189999999954
 30
0
 11
106.8259520000000009
 21
-125.3198189999999954
 31
0
  0
LINE
  5
267
330
1B
100
AcDbEntity
  8
F.Silkscreen
  6
CONTINUOUS
100
AcDbLine
 10
106.8259520000000009
 20
-125.3198189999999954
 30
0
 11
106.7307139999999919
 21
-125.4626759999999877
 31
0
  0
LINE
  5
268
330
1B
100
AcDbEntity
  8
F.Silkscreen
  6
CONTINUOUS
100
AcDbLine
 10
106.7307139999999919
 20
-125.4626759999999877
 30
0
 11
106.635475999999997
 21
-125.5579139999999967
 31
0
  0
LINE
  5
269
330
1B
100
AcDbEntity
  8
F.Silkscreen
  6
CONTINUOUS
100
AcDbLine
 10
106.635475999999997
 20
-125.5579139999999967
 30
0
 11
106.5402380000000022
 21
-125.6055329999999941
 31
0
  0
LINE
  5
26A
330
1B
100
AcDbEntity
  8
F.Silkscreen
  6
CONTINUOUS
100
AcDbLine
 10
116.2245869999999996
 20
-135.1620709999999974
 30
0
 11
116.176967999999988
 21
-135.2096909999999923
 31
0
  0
LINE
  5
26B
330
1B
100
AcDbEntity
  8
F.Silkscreen
  6
CONTINUOUS
100
AcDbLine
 10
116.176967999999988
 20
-135.2096909999999923
 30
0
 11
116.0341109999999958
 21
-135.2573099999999897
 31
0
  0
LINE
  5
26C
330
1B
100
AcDbEntity
  8
F.Silkscreen
  6
CONTINUOUS
100
AcDbLine
 10
116.0341109999999958
 20
-135.2573099999999897
 30
0
 11
115.938873000000001
 21
-135.2573099999999897
 31
0
  0
LINE
  5
26D
330
1B
100
AcDbEntity
  8
F.Silkscreen
  6
CONTINUOUS
100
AcDbLine
 10
115.938873000000001
 20
-135.2573099999999897
 30
0
 11
115.7960159999999945
 21
-135.2096909999999923
 31
0
  0
LINE
  5
26E
330
1B
100
AcDbEntity
  8
F.Silkscreen
  6
CONTINUOUS
100
AcDbLine
 10
115.7960159999999945
 20
-135.2096909999999923
 30
0
 11
115.7007779999999997
 21
-135.114452
 31
0
  0
LINE
  5
26F
330
1B
100
AcDbEntity
  8
F.Silkscreen
  6
CONTINUOUS
100
AcDbLine
 10
115.7007779999999997
 20
-135.114452
 30
0
 11
115.6531589999999881
 21
-135.0192140000000052
 31
0
  0
LINE
  5
270
330
1B
100
AcDbEntity
  8
F.Silkscreen
  6
CONTINUOUS
100
AcDbLine
 10
115.6531589999999881
 20
-135.0192140000000052
 30
0
 11
115.6055399999999906
 21
-134.8287379999999871
 31
0
  0
LINE
  5
271
330
1B
100
AcDbEntity
  8
F.Silkscreen
  6
CONTINUOUS
100
AcDbLine
 10
115.6055399999999906
 20
-134.8287379999999871
 30
0
 11
115.6055399999999906
 21
-134.6858809999999949
 31
0
  0
LINE
  5
272
330
1B
100
AcDbEntity
  8
F.Silkscreen
  6
CONTINUOUS
100
AcDbLine
 10
115.6055399999999906
 20
-134.6858809999999949
 30
0
 11
115.6531589999999881
 21
-134.4954050000000052
 31
0
  0
LINE
  5
273
330
1B
100
AcDbEntity
  8
F.Silkscreen
  6
CONTINUOUS
100
AcDbLine
 10
115.6531589999999881
 20
-134.4954050000000052
 30
0
 11
115.7007779999999997
 21
-134.400166999999982
 31
0
  0
LINE
  5
274
330
1B
100
AcDbEntity
  8
F.Silkscreen
  6
CONTINUOUS
100
AcDbLine
 10
115.7007779999999997
 20
-134.400166999999982
 30
0
 11
115.7960159999999945
 21
-134.3049289999999871
 31
0
  0
LINE
  5
275
330
1B
100
AcDbEntity
  8
F.Silkscreen
  6
CONTINUOUS
100
AcDbLine
 10
115.7960159999999945
 20
-134.3049289999999871
 30
0
 11
115.938873000000001
 21
-134.2573099999999897
 31
0
  0
LINE
  5
276
330
1B
100
AcDbEntity
  8
F.Silkscreen
  6
CONTINUOUS
100
AcDbLine
 10
115.938873000000001
 20
-134.2573099999999897
 30
0
 11
116.0341109999999958
 21
-134.2573099999999897
 31
0
  0
LINE
  5
277
330
1B
100
AcDbEntity
  8
F.Silkscreen
  6
CONTINUOUS
100
AcDbLine
 10
116.0341109999999958
 20
-134.2573099999999897
 30
0
 11
116.176967999999988
 21
-134.3049289999999871
 31
0
  0
LINE
  5
278
330
1B
100
AcDbEntity
  8
F.Silkscreen
  6
CONTINUOUS
100
AcDbLine
 10
116.176967999999988
 20
-134.3049289999999871
 30
0
 11
116.2245869999999996
 21
-134.3525479999999845
 31
0
  0
LINE
  5
279
330
1B
100
AcDbEntity
  8
F.Silkscreen
  6
CONTINUOUS
100
AcDbLine
 10
117.176967999999988
 20
-135.2573099999999897
 30
0
 11
116.6055399999999906
 21
-135.2573099999999897
 31
0
  0
LINE
  5
27A
330
1B
100
AcDbEntity
  8
F.Silkscreen
  6
CONTINUOUS
100
AcDbLine
 10
116.8912539999999893
 20
-135.2573099999999897
 30
0
 11
116.8912539999999893
 21
-134.2573099999999897
 31
0
  0
LINE
  5
27B
330
1B
100
AcDbEntity
  8
F.Silkscreen
  6
CONTINUOUS
100
AcDbLine
 10
116.8912539999999893
 20
-134.2573099999999897
 30
0
 11
116.7960159999999945
 21
-134.400166999999982
 31
0
  0
LINE
  5
27C
330
1B
100
AcDbEntity
  8
F.Silkscreen
  6
CONTINUOUS
100
AcDbLine
 10
116.7960159999999945
 20
-134.400166999999982
 30
0
 11
116.7007779999999997
 21
-134.4954050000000052
 31
0
  0
LINE
  5
27D
330
1B
100
AcDbEntity
  8
F.Silkscreen
  6
CONTINUOUS
100
AcDbLine
 10
116.7007779999999997
 20
-134.4954050000000052
 30
0
 11
116.6055399999999906
 21
-134.5430240000000026
 31
0
  0
LINE
  5
27E
330
1B
100
AcDbEntity
  8
F.Silkscreen
  6
CONTINUOUS
100
AcDbLine
 10
124.4733329999999967
 20
-110.2798189999999892
 30
0
 11
124.1400000000000006
 21
-109.8036279999999891
 31
0
  0
LINE
  5
27F
330
1B
100
AcDbEntity
  8
F.Silkscreen
  6
CONTINUOUS
100
AcDbLine
 10
123.9019049999999993
 20
-110.2798189999999892
 30
0
 11
123.9019049999999993
 21
-109.2798189999999892
 31
0
  0
LINE
  5
280
330
1B
100
AcDbEntity
  8
F.Silkscreen
  6
CONTINUOUS
100
AcDbLine
 10
123.9019049999999993
 20
-109.2798189999999892
 30
0
 11
124.2828569999999928
 21
-109.2798189999999892
 31
0
  0
LINE
  5
281
330
1B
100
AcDbEntity
  8
F.Silkscreen
  6
CONTINUOUS
100
AcDbLine
 10
124.2828569999999928
 20
-109.2798189999999892
 30
0
 11
124.3780949999999876
 21
-109.3274380000000008
 31
0
  0
LINE
  5
282
330
1B
100
AcDbEntity
  8
F.Silkscreen
  6
CONTINUOUS
100
AcDbLine
 10
124.3780949999999876
 20
-109.3274380000000008
 30
0
 11
124.4257139999999993
 21
-109.3750569999999982
 31
0
  0
LINE
  5
283
330
1B
100
AcDbEntity
  8
F.Silkscreen
  6
CONTINUOUS
100
AcDbLine
 10
124.4257139999999993
 20
-109.3750569999999982
 30
0
 11
124.4733329999999967
 21
-109.470294999999993
 31
0
  0
LINE
  5
284
330
1B
100
AcDbEntity
  8
F.Silkscreen
  6
CONTINUOUS
100
AcDbLine
 10
124.4733329999999967
 20
-109.470294999999993
 30
0
 11
124.4733329999999967
 21
-109.6131519999999995
 31
0
  0
LINE
  5
285
330
1B
100
AcDbEntity
  8
F.Silkscreen
  6
CONTINUOUS
100
AcDbLine
 10
124.4733329999999967
 20
-109.6131519999999995
 30
0
 11
124.4257139999999993
 21
-109.7083899999999943
 31
0
  0
LINE
  5
286
330
1B
100
AcDbEntity
  8
F.Silkscreen
  6
CONTINUOUS
100
AcDbLine
 10
124.4257139999999993
 20
-109.7083899999999943
 30
0
 11
124.3780949999999876
 21
-109.7560089999999917
 31
0
  0
LINE
  5
287
330
1B
100
AcDbEntity
  8
F.Silkscreen
  6
CONTINUOUS
100
AcDbLine
 10
124.3780949999999876
 20
-109.7560089999999917
 30
0
 11
124.2828569999999928
 21
-109.8036279999999891
 31
0
  0
LINE
  5
288
330
1B
100
AcDbEntity
  8
F.Silkscreen
  6
CONTINUOUS
100
AcDbLine
 10
124.2828569999999928
 20
-109.8036279999999891
 30
0
 11
123.9019049999999993
 21
-109.8036279999999891
 31
0
  0
LINE
  5
289
330
1B
100
AcDbEntity
  8
F.Silkscreen
  6
CONTINUOUS
100
AcDbLine
 10
125.3780949999999876
 20
-109.2798189999999892
 30
0
 11
124.9019049999999993
 21
-109.2798189999999892
 31
0
  0
LINE
  5
28A
330
1B
100
AcDbEntity
  8
F.Silkscreen
  6
CONTINUOUS
100
AcDbLine
 10
124.9019049999999993
 20
-109.2798189999999892
 30
0
 11
124.8542859999999877
 21
-109.7560089999999917
 31
0
  0
LINE
  5
28B
330
1B
100
AcDbEntity
  8
F.Silkscreen
  6
CONTINUOUS
100
AcDbLine
 10
124.8542859999999877
 20
-109.7560089999999917
 30
0
 11
124.9019049999999993
 21
-109.7083899999999943
 31
0
  0
LINE
  5
28C
330
1B
100
AcDbEntity
  8
F.Silkscreen
  6
CONTINUOUS
100
AcDbLine
 10
124.9019049999999993
 20
-109.7083899999999943
 30
0
 11
124.9971429999999941
 21
-109.6607709999999969
 31
0
  0
LINE
  5
28D
330
1B
100
AcDbEntity
  8
F.Silkscreen
  6
CONTINUOUS
100
AcDbLine
 10
124.9971429999999941
 20
-109.6607709999999969
 30
0
 11
125.2352379999999954
 21
-109.6607709999999969
 31
0
  0
LINE
  5
28E
330
1B
100
AcDbEntity
  8
F.Silkscreen
  6
CONTINUOUS
100
AcDbLine
 10
125.2352379999999954
 20
-109.6607709999999969
 30
0
 11
125.3304759999999902
 21
-109.7083899999999943
 31
0
  0
LINE
  5
28F
330
1B
100
AcDbEntity
  8
F.Silkscreen
  6
CONTINUOUS
100
AcDbLine
 10
125.3304759999999902
 20
-109.7083899999999943
 30
0
 11
125.3780949999999876
 21
-109.7560089999999917
 31
0
  0
LINE
  5
290
330
1B
100
AcDbEntity
  8
F.Silkscreen
  6
CONTINUOUS
100
AcDbLine
 10
125.3780949999999876
 20
-109.7560089999999917
 30
0
 11
125.4257139999999993
 21
-109.8512470000000008
 31
0
  0
LINE
  5
291
330
1B
100
AcDbEntity
  8
F.Silkscreen
  6
CONTINUOUS
100
AcDbLine
 10
125.4257139999999993
 20
-109.8512470000000008
 30
0
 11
125.4257139999999993
 21
-110.089342000000002
 31
0
  0
LINE
  5
292
330
1B
100
AcDbEntity
  8
F.Silkscreen
  6
CONTINUOUS
100
AcDbLine
 10
125.4257139999999993
 20
-110.089342000000002
 30
0
 11
125.3780949999999876
 21
-110.1845799999999969
 31
0
  0
LINE
  5
293
330
1B
100
AcDbEntity
  8
F.Silkscreen
  6
CONTINUOUS
100
AcDbLine
 10
125.3780949999999876
 20
-110.1845799999999969
 30
0
 11
125.3304759999999902
 21
-110.2321999999999917
 31
0
  0
LINE
  5
294
330
1B
100
AcDbEntity
  8
F.Silkscreen
  6
CONTINUOUS
100
AcDbLine
 10
125.3304759999999902
 20
-110.2321999999999917
 30
0
 11
125.2352379999999954
 21
-110.2798189999999892
 31
0
  0
LINE
  5
295
330
1B
100
AcDbEntity
  8
F.Silkscreen
  6
CONTINUOUS
100
AcDbLine
 10
125.2352379999999954
 20
-110.2798189999999892
 30
0
 11
124.9971429999999941
 21
-110.2798189999999892
 31
0
  0
LINE
  5
296
330
1B
100
AcDbEntity
  8
F.Silkscreen
  6
CONTINUOUS
100
AcDbLine
 10
124.9971429999999941
 20
-110.2798189999999892
 30
0
 11
124.9019049999999993
 21
-110.2321999999999917
 31
0
  0
LINE
  5
297
330
1B
100
AcDbEntity
  8
F.Silkscreen
  6
CONTINUOUS
100
AcDbLine
 10
124.9019049999999993
 20
-110.2321999999999917
 30
0
 11
124.8542859999999877
 21
-110.1845799999999969
 31
0
  0
LINE
  5
298
330
1B
100
AcDbEntity
  8
F.Silkscreen
  6
CONTINUOUS
100
AcDbLine
 10
148.4733329999999967
 20
-123.7245799999999889
 30
0
 11
148.4257139999999993
 21
-123.772199999999998
 31
0
  0
LINE
  5
299
330
1B
100
AcDbEntity
  8
F.Silkscreen
  6
CONTINUOUS
100
AcDbLine
 10
148.4257139999999993
 20
-123.772199999999998
 30
0
 11
148.282857000000007
 21
-123.8198189999999954
 31
0
  0
LINE
  5
29A
330
1B
100
AcDbEntity
  8
F.Silkscreen
  6
CONTINUOUS
100
AcDbLine
 10
148.282857000000007
 20
-123.8198189999999954
 30
0
 11
148.1876189999999838
 21
-123.8198189999999954
 31
0
  0
LINE
  5
29B
330
1B
100
AcDbEntity
  8
F.Silkscreen
  6
CONTINUOUS
100
AcDbLine
 10
148.1876189999999838
 20
-123.8198189999999954
 30
0
 11
148.0447619999999915
 21
-123.772199999999998
 31
0
  0
LINE
  5
29C
330
1B
100
AcDbEntity
  8
F.Silkscreen
  6
CONTINUOUS
100
AcDbLine
 10
148.0447619999999915
 20
-123.772199999999998
 30
0
 11
147.9495239999999967
 21
-123.6769609999999915
 31
0
  0
LINE
  5
29D
330
1B
100
AcDbEntity
  8
F.Silkscreen
  6
CONTINUOUS
100
AcDbLine
 10
147.9495239999999967
 20
-123.6769609999999915
 30
0
 11
147.9019049999999993
 21
-123.5817229999999967
 31
0
  0
LINE
  5
29E
330
1B
100
AcDbEntity
  8
F.Silkscreen
  6
CONTINUOUS
100
AcDbLine
 10
147.9019049999999993
 20
-123.5817229999999967
 30
0
 11
147.8542860000000019
 21
-123.3912469999999928
 31
0
  0
LINE
  5
29F
330
1B
100
AcDbEntity
  8
F.Silkscreen
  6
CONTINUOUS
100
AcDbLine
 10
147.8542860000000019
 20
-123.3912469999999928
 30
0
 11
147.8542860000000019
 21
-123.2483900000000006
 31
0
  0
LINE
  5
2A0
330
1B
100
AcDbEntity
  8
F.Silkscreen
  6
CONTINUOUS
100
AcDbLine
 10
147.8542860000000019
 20
-123.2483900000000006
 30
0
 11
147.9019049999999993
 21
-123.0579139999999967
 31
0
  0
LINE
  5
2A1
330
1B
100
AcDbEntity
  8
F.Silkscreen
  6
CONTINUOUS
100
AcDbLine
 10
147.9019049999999993
 20
-123.0579139999999967
 30
0
 11
147.9495239999999967
 21
-122.9626759999999877
 31
0
  0
LINE
  5
2A2
330
1B
100
AcDbEntity
  8
F.Silkscreen
  6
CONTINUOUS
100
AcDbLine
 10
147.9495239999999967
 20
-122.9626759999999877
 30
0
 11
148.0447619999999915
 21
-122.8674379999999928
 31
0
  0
LINE
  5
2A3
330
1B
100
AcDbEntity
  8
F.Silkscreen
  6
CONTINUOUS
100
AcDbLine
 10
148.0447619999999915
 20
-122.8674379999999928
 30
0
 11
148.1876189999999838
 21
-122.8198189999999954
 31
0
  0
LINE
  5
2A4
330
1B
100
AcDbEntity
  8
F.Silkscreen
  6
CONTINUOUS
100
AcDbLine
 10
148.1876189999999838
 20
-122.8198189999999954
 30
0
 11
148.282857000000007
 21
-122.8198189999999954
 31
0
  0
LINE
  5
2A5
330
1B
100
AcDbEntity
  8
F.Silkscreen
  6
CONTINUOUS
100
AcDbLine
 10
148.282857000000007
 20
-122.8198189999999954
 30
0
 11
148.4257139999999993
 21
-122.8674379999999928
 31
0
  0
LINE
  5
2A6
330
1B
100
AcDbEntity
  8
F.Silkscreen
  6
CONTINUOUS
100
AcDbLine
 10
148.4257139999999993
 20
-122.8674379999999928
 30
0
 11
148.4733329999999967
 21
-122.9150569999999902
 31
0
  0
LINE
  5
2A7
330
1B
100
AcDbEntity
  8
F.Silkscreen
  6
CONTINUOUS
100
AcDbLine
 10
149.3304760000000044
 20
-122.8198189999999954
 30
0
 11
149.1399999999999864
 21
-122.8198189999999954
 31
0
  0
LINE
  5
2A8
330
1B
100
AcDbEntity
  8
F.Silkscreen
  6
CONTINUOUS
100
AcDbLine
 10
149.1399999999999864
 20
-122.8198189999999954
 30
0
 11
149.0447619999999915
 21
-122.8674379999999928
 31
0
  0
LINE
  5
2A9
330
1B
100
AcDbEntity
  8
F.Silkscreen
  6
CONTINUOUS
100
AcDbLine
 10
149.0447619999999915
 20
-122.8674379999999928
 30
0
 11
148.9971429999999941
 21
-122.9150569999999902
 31
0
  0
LINE
  5
2AA
330
1B
100
AcDbEntity
  8
F.Silkscreen
  6
CONTINUOUS
100
AcDbLine
 10
148.9971429999999941
 20
-122.9150569999999902
 30
0
 11
148.9019049999999993
 21
-123.0579139999999967
 31
0
  0
LINE
  5
2AB
330
1B
100
AcDbEntity
  8
F.Silkscreen
  6
CONTINUOUS
100
AcDbLine
 10
148.9019049999999993
 20
-123.0579139999999967
 30
0
 11
148.8542860000000019
 21
-123.2483900000000006
 31
0
  0
LINE
  5
2AC
330
1B
100
AcDbEntity
  8
F.Silkscreen
  6
CONTINUOUS
100
AcDbLine
 10
148.8542860000000019
 20
-123.2483900000000006
 30
0
 11
148.8542860000000019
 21
-123.6293419999999941
 31
0
  0
LINE
  5
2AD
330
1B
100
AcDbEntity
  8
F.Silkscreen
  6
CONTINUOUS
100
AcDbLine
 10
148.8542860000000019
 20
-123.6293419999999941
 30
0
 11
148.9019049999999993
 21
-123.7245799999999889
 31
0
  0
LINE
  5
2AE
330
1B
100
AcDbEntity
  8
F.Silkscreen
  6
CONTINUOUS
100
AcDbLine
 10
148.9019049999999993
 20
-123.7245799999999889
 30
0
 11
148.9495239999999967
 21
-123.772199999999998
 31
0
  0
LINE
  5
2AF
330
1B
100
AcDbEntity
  8
F.Silkscreen
  6
CONTINUOUS
100
AcDbLine
 10
148.9495239999999967
 20
-123.772199999999998
 30
0
 11
149.0447619999999915
 21
-123.8198189999999954
 31
0
  0
LINE
  5
2B0
330
1B
100
AcDbEntity
  8
F.Silkscreen
  6
CONTINUOUS
100
AcDbLine
 10
149.0447619999999915
 20
-123.8198189999999954
 30
0
 11
149.2352379999999812
 21
-123.8198189999999954
 31
0
  0
LINE
  5
2B1
330
1B
100
AcDbEntity
  8
F.Silkscreen
  6
CONTINUOUS
100
AcDbLine
 10
149.2352379999999812
 20
-123.8198189999999954
 30
0
 11
149.3304760000000044
 21
-123.772199999999998
 31
0
  0
LINE
  5
2B2
330
1B
100
AcDbEntity
  8
F.Silkscreen
  6
CONTINUOUS
100
AcDbLine
 10
149.3304760000000044
 20
-123.772199999999998
 30
0
 11
149.3780950000000018
 21
-123.7245799999999889
 31
0
  0
LINE
  5
2B3
330
1B
100
AcDbEntity
  8
F.Silkscreen
  6
CONTINUOUS
100
AcDbLine
 10
149.3780950000000018
 20
-123.7245799999999889
 30
0
 11
149.4257139999999993
 21
-123.6293419999999941
 31
0
  0
LINE
  5
2B4
330
1B
100
AcDbEntity
  8
F.Silkscreen
  6
CONTINUOUS
100
AcDbLine
 10
149.4257139999999993
 20
-123.6293419999999941
 30
0
 11
149.4257139999999993
 21
-123.3912469999999928
 31
0
  0
LINE
  5
2B5
330
1B
100
AcDbEntity
  8
F.Silkscreen
  6
CONTINUOUS
100
AcDbLine
 10
149.4257139999999993
 20
-123.3912469999999928
 30
0
 11
149.3780950000000018
 21
-123.296008999999998
 31
0
  0
LINE
  5
2B6
330
1B
100
AcDbEntity
  8
F.Silkscreen
  6
CONTINUOUS
100
AcDbLine
 10
149.3780950000000018
 20
-123.296008999999998
 30
0
 11
149.3304760000000044
 21
-123.2483900000000006
 31
0
  0
LINE
  5
2B7
330
1B
100
AcDbEntity
  8
F.Silkscreen
  6
CONTINUOUS
100
AcDbLine
 10
149.3304760000000044
 20
-123.2483900000000006
 30
0
 11
149.2352379999999812
 21
-123.2007709999999889
 31
0
  0
LINE
  5
2B8
330
1B
100
AcDbEntity
  8
F.Silkscreen
  6
CONTINUOUS
100
AcDbLine
 10
149.2352379999999812
 20
-123.2007709999999889
 30
0
 11
149.0447619999999915
 21
-123.2007709999999889
 31
0
  0
LINE
  5
2B9
330
1B
100
AcDbEntity
  8
F.Silkscreen
  6
CONTINUOUS
100
AcDbLine
 10
149.0447619999999915
 20
-123.2007709999999889
 30
0
 11
148.9495239999999967
 21
-123.2483900000000006
 31
0
  0
LINE
  5
2BA
330
1B
100
AcDbEntity
  8
F.Silkscreen
  6
CONTINUOUS
100
AcDbLine
 10
148.9495239999999967
 20
-123.2483900000000006
 30
0
 11
148.9019049999999993
 21
-123.296008999999998
 31
0
  0
LINE
  5
2BB
330
1B
100
AcDbEntity
  8
F.Silkscreen
  6
CONTINUOUS
100
AcDbLine
 10
148.9019049999999993
 20
-123.296008999999998
 30
0
 11
148.8542860000000019
 21
-123.3912469999999928
 31
0
  0
LINE
  5
2BC
330
1B
100
AcDbEntity
  8
F.Silkscreen
  6
CONTINUOUS
100
AcDbLine
 10
112.4733329999999967
 20
-106.2798189999999892
 30
0
 11
112.1400000000000006
 21
-105.8036279999999891
 31
0
  0
LINE
  5
2BD
330
1B
100
AcDbEntity
  8
F.Silkscreen
  6
CONTINUOUS
100
AcDbLine
 10
111.9019049999999993
 20
-106.2798189999999892
 30
0
 11
111.9019049999999993
 21
-105.2798189999999892
 31
0
  0
LINE
  5
2BE
330
1B
100
AcDbEntity
  8
F.Silkscreen
  6
CONTINUOUS
100
AcDbLine
 10
111.9019049999999993
 20
-105.2798189999999892
 30
0
 11
112.2828569999999928
 21
-105.2798189999999892
 31
0
  0
LINE
  5
2BF
330
1B
100
AcDbEntity
  8
F.Silkscreen
  6
CONTINUOUS
100
AcDbLine
 10
112.2828569999999928
 20
-105.2798189999999892
 30
0
 11
112.3780950000000018
 21
-105.3274380000000008
 31
0
  0
LINE
  5
2C0
330
1B
100
AcDbEntity
  8
F.Silkscreen
  6
CONTINUOUS
100
AcDbLine
 10
112.3780950000000018
 20
-105.3274380000000008
 30
0
 11
112.4257139999999993
 21
-105.3750569999999982
 31
0
  0
LINE
  5
2C1
330
1B
100
AcDbEntity
  8
F.Silkscreen
  6
CONTINUOUS
100
AcDbLine
 10
112.4257139999999993
 20
-105.3750569999999982
 30
0
 11
112.4733329999999967
 21
-105.470294999999993
 31
0
  0
LINE
  5
2C2
330
1B
100
AcDbEntity
  8
F.Silkscreen
  6
CONTINUOUS
100
AcDbLine
 10
112.4733329999999967
 20
-105.470294999999993
 30
0
 11
112.4733329999999967
 21
-105.6131519999999995
 31
0
  0
LINE
  5
2C3
330
1B
100
AcDbEntity
  8
F.Silkscreen
  6
CONTINUOUS
100
AcDbLine
 10
112.4733329999999967
 20
-105.6131519999999995
 30
0
 11
112.4257139999999993
 21
-105.7083899999999943
 31
0
  0
LINE
  5
2C4
330
1B
100
AcDbEntity
  8
F.Silkscreen
  6
CONTINUOUS
100
AcDbLine
 10
112.4257139999999993
 20
-105.7083899999999943
 30
0
 11
112.3780950000000018
 21
-105.7560089999999917
 31
0
  0
LINE
  5
2C5
330
1B
100
AcDbEntity
  8
F.Silkscreen
  6
CONTINUOUS
100
AcDbLine
 10
112.3780950000000018
 20
-105.7560089999999917
 30
0
 11
112.2828569999999928
 21
-105.8036279999999891
 31
0
  0
LINE
  5
2C6
330
1B
100
AcDbEntity
  8
F.Silkscreen
  6
CONTINUOUS
100
AcDbLine
 10
112.2828569999999928
 20
-105.8036279999999891
 30
0
 11
111.9019049999999993
 21
-105.8036279999999891
 31
0
  0
LINE
  5
2C7
330
1B
100
AcDbEntity
  8
F.Silkscreen
  6
CONTINUOUS
100
AcDbLine
 10
113.3304759999999902
 20
-105.6131519999999995
 30
0
 11
113.3304759999999902
 21
-106.2798189999999892
 31
0
  0
LINE
  5
2C8
330
1B
100
AcDbEntity
  8
F.Silkscreen
  6
CONTINUOUS
100
AcDbLine
 10
113.0923809999999889
 20
-105.2321999999999917
 30
0
 11
112.8542860000000019
 21
-105.9464849999999956
 31
0
  0
LINE
  5
2C9
330
1B
100
AcDbEntity
  8
F.Silkscreen
  6
CONTINUOUS
100
AcDbLine
 10
112.8542860000000019
 20
-105.9464849999999956
 30
0
 11
113.4733329999999967
 21
-105.9464849999999956
 31
0
  0
LINE
  5
2CA
330
1B
100
AcDbEntity
  8
F.Silkscreen
  6
CONTINUOUS
100
AcDbLine
 10
136.1880950000000041
 20
-120.1448189999999983
 30
0
 11
136.1880950000000041
 21
-120.9543419999999969
 31
0
  0
LINE
  5
2CB
330
1B
100
AcDbEntity
  8
F.Silkscreen
  6
CONTINUOUS
100
AcDbLine
 10
136.1880950000000041
 20
-120.9543419999999969
 30
0
 11
136.2357140000000015
 21
-121.0495799999999917
 31
0
  0
LINE
  5
2CC
330
1B
100
AcDbEntity
  8
F.Silkscreen
  6
CONTINUOUS
100
AcDbLine
 10
136.2357140000000015
 20
-121.0495799999999917
 30
0
 11
136.2833329999999989
 21
-121.0972000000000008
 31
0
  0
LINE
  5
2CD
330
1B
100
AcDbEntity
  8
F.Silkscreen
  6
CONTINUOUS
100
AcDbLine
 10
136.2833329999999989
 20
-121.0972000000000008
 30
0
 11
136.3785709999999938
 21
-121.1448189999999983
 31
0
  0
LINE
  5
2CE
330
1B
100
AcDbEntity
  8
F.Silkscreen
  6
CONTINUOUS
100
AcDbLine
 10
136.3785709999999938
 20
-121.1448189999999983
 30
0
 11
136.5690469999999834
 21
-121.1448189999999983
 31
0
  0
LINE
  5
2CF
330
1B
100
AcDbEntity
  8
F.Silkscreen
  6
CONTINUOUS
100
AcDbLine
 10
136.5690469999999834
 20
-121.1448189999999983
 30
0
 11
136.6642850000000067
 21
-121.0972000000000008
 31
0
  0
LINE
  5
2D0
330
1B
100
AcDbEntity
  8
F.Silkscreen
  6
CONTINUOUS
100
AcDbLine
 10
136.6642850000000067
 20
-121.0972000000000008
 30
0
 11
136.7119040000000041
 21
-121.0495799999999917
 31
0
  0
LINE
  5
2D1
330
1B
100
AcDbEntity
  8
F.Silkscreen
  6
CONTINUOUS
100
AcDbLine
 10
136.7119040000000041
 20
-121.0495799999999917
 30
0
 11
136.7595230000000015
 21
-120.9543419999999969
 31
0
  0
LINE
  5
2D2
330
1B
100
AcDbEntity
  8
F.Silkscreen
  6
CONTINUOUS
100
AcDbLine
 10
136.7595230000000015
 20
-120.9543419999999969
 30
0
 11
136.7595230000000015
 21
-120.1448189999999983
 31
0
  0
LINE
  5
2D3
330
1B
100
AcDbEntity
  8
F.Silkscreen
  6
CONTINUOUS
100
AcDbLine
 10
137.7595230000000015
 20
-121.1448189999999983
 30
0
 11
137.1880950000000041
 21
-121.1448189999999983
 31
0
  0
LINE
  5
2D4
330
1B
100
AcDbEntity
  8
F.Silkscreen
  6
CONTINUOUS
100
AcDbLine
 10
137.4738089999999886
 20
-121.1448189999999983
 30
0
 11
137.4738089999999886
 21
-120.1448189999999983
 31
0
  0
LINE
  5
2D5
330
1B
100
AcDbEntity
  8
F.Silkscreen
  6
CONTINUOUS
100
AcDbLine
 10
137.4738089999999886
 20
-120.1448189999999983
 30
0
 11
137.3785709999999938
 21
-120.2876759999999905
 31
0
  0
LINE
  5
2D6
330
1B
100
AcDbEntity
  8
F.Silkscreen
  6
CONTINUOUS
100
AcDbLine
 10
137.3785709999999938
 20
-120.2876759999999905
 30
0
 11
137.2833329999999989
 21
-120.3829139999999995
 31
0
  0
LINE
  5
2D7
330
1B
100
AcDbEntity
  8
F.Silkscreen
  6
CONTINUOUS
100
AcDbLine
 10
137.2833329999999989
 20
-120.3829139999999995
 30
0
 11
137.1880950000000041
 21
-120.4305329999999969
 31
0
  0
LINE
  5
2D8
330
1B
100
AcDbEntity
  8
F.Silkscreen
  6
CONTINUOUS
100
AcDbLine
 10
148.7833329999999989
 20
-139.3348189999999818
 30
0
 11
148.4499999999999886
 21
-138.8586279999999817
 31
0
  0
LINE
  5
2D9
330
1B
100
AcDbEntity
  8
F.Silkscreen
  6
CONTINUOUS
100
AcDbLine
 10
148.2119050000000016
 20
-139.3348189999999818
 30
0
 11
148.2119050000000016
 21
-138.3348189999999818
 31
0
  0
LINE
  5
2DA
330
1B
100
AcDbEntity
  8
F.Silkscreen
  6
CONTINUOUS
100
AcDbLine
 10
148.2119050000000016
 20
-138.3348189999999818
 30
0
 11
148.5928569999999809
 21
-138.3348189999999818
 31
0
  0
LINE
  5
2DB
330
1B
100
AcDbEntity
  8
F.Silkscreen
  6
CONTINUOUS
100
AcDbLine
 10
148.5928569999999809
 20
-138.3348189999999818
 30
0
 11
148.6880950000000041
 21
-138.3824380000000076
 31
0
  0
LINE
  5
2DC
330
1B
100
AcDbEntity
  8
F.Silkscreen
  6
CONTINUOUS
100
AcDbLine
 10
148.6880950000000041
 20
-138.3824380000000076
 30
0
 11
148.7357140000000015
 21
-138.430057000000005
 31
0
  0
LINE
  5
2DD
330
1B
100
AcDbEntity
  8
F.Silkscreen
  6
CONTINUOUS
100
AcDbLine
 10
148.7357140000000015
 20
-138.430057000000005
 30
0
 11
148.7833329999999989
 21
-138.5252949999999998
 31
0
  0
LINE
  5
2DE
330
1B
100
AcDbEntity
  8
F.Silkscreen
  6
CONTINUOUS
100
AcDbLine
 10
148.7833329999999989
 20
-138.5252949999999998
 30
0
 11
148.7833329999999989
 21
-138.6681519999999921
 31
0
  0
LINE
  5
2DF
330
1B
100
AcDbEntity
  8
F.Silkscreen
  6
CONTINUOUS
100
AcDbLine
 10
148.7833329999999989
 20
-138.6681519999999921
 30
0
 11
148.7357140000000015
 21
-138.7633899999999869
 31
0
  0
LINE
  5
2E0
330
1B
100
AcDbEntity
  8
F.Silkscreen
  6
CONTINUOUS
100
AcDbLine
 10
148.7357140000000015
 20
-138.7633899999999869
 30
0
 11
148.6880950000000041
 21
-138.8110089999999843
 31
0
  0
LINE
  5
2E1
330
1B
100
AcDbEntity
  8
F.Silkscreen
  6
CONTINUOUS
100
AcDbLine
 10
148.6880950000000041
 20
-138.8110089999999843
 30
0
 11
148.5928569999999809
 21
-138.8586279999999817
 31
0
  0
LINE
  5
2E2
330
1B
100
AcDbEntity
  8
F.Silkscreen
  6
CONTINUOUS
100
AcDbLine
 10
148.5928569999999809
 20
-138.8586279999999817
 30
0
 11
148.2119050000000016
 21
-138.8586279999999817
 31
0
  0
LINE
  5
2E3
330
1B
100
AcDbEntity
  8
F.Silkscreen
  6
CONTINUOUS
100
AcDbLine
 10
149.1166670000000067
 20
-138.3348189999999818
 30
0
 11
149.7833329999999989
 21
-138.3348189999999818
 31
0
  0
LINE
  5
2E4
330
1B
100
AcDbEntity
  8
F.Silkscreen
  6
CONTINUOUS
100
AcDbLine
 10
149.7833329999999989
 20
-138.3348189999999818
 30
0
 11
149.3547619999999938
 21
-139.3348189999999818
 31
0
  0
LINE
  5
2E5
330
1B
100
AcDbEntity
  8
F.Silkscreen
  6
CONTINUOUS
100
AcDbLine
 10
144.9733329999999967
 20
-123.8198189999999954
 30
0
 11
144.6399999999999864
 21
-123.3436279999999954
 31
0
  0
LINE
  5
2E6
330
1B
100
AcDbEntity
  8
F.Silkscreen
  6
CONTINUOUS
100
AcDbLine
 10
144.4019049999999993
 20
-123.8198189999999954
 30
0
 11
144.4019049999999993
 21
-122.8198189999999954
 31
0
  0
LINE
  5
2E7
330
1B
100
AcDbEntity
  8
F.Silkscreen
  6
CONTINUOUS
100
AcDbLine
 10
144.4019049999999993
 20
-122.8198189999999954
 30
0
 11
144.782857000000007
 21
-122.8198189999999954
 31
0
  0
LINE
  5
2E8
330
1B
100
AcDbEntity
  8
F.Silkscreen
  6
CONTINUOUS
100
AcDbLine
 10
144.782857000000007
 20
-122.8198189999999954
 30
0
 11
144.8780950000000018
 21
-122.8674379999999928
 31
0
  0
LINE
  5
2E9
330
1B
100
AcDbEntity
  8
F.Silkscreen
  6
CONTINUOUS
100
AcDbLine
 10
144.8780950000000018
 20
-122.8674379999999928
 30
0
 11
144.9257139999999993
 21
-122.9150569999999902
 31
0
  0
LINE
  5
2EA
330
1B
100
AcDbEntity
  8
F.Silkscreen
  6
CONTINUOUS
100
AcDbLine
 10
144.9257139999999993
 20
-122.9150569999999902
 30
0
 11
144.9733329999999967
 21
-123.0102949999999993
 31
0
  0
LINE
  5
2EB
330
1B
100
AcDbEntity
  8
F.Silkscreen
  6
CONTINUOUS
100
AcDbLine
 10
144.9733329999999967
 20
-123.0102949999999993
 30
0
 11
144.9733329999999967
 21
-123.1531519999999915
 31
0
  0
LINE
  5
2EC
330
1B
100
AcDbEntity
  8
F.Silkscreen
  6
CONTINUOUS
100
AcDbLine
 10
144.9733329999999967
 20
-123.1531519999999915
 30
0
 11
144.9257139999999993
 21
-123.2483900000000006
 31
0
  0
LINE
  5
2ED
330
1B
100
AcDbEntity
  8
F.Silkscreen
  6
CONTINUOUS
100
AcDbLine
 10
144.9257139999999993
 20
-123.2483900000000006
 30
0
 11
144.8780950000000018
 21
-123.296008999999998
 31
0
  0
LINE
  5
2EE
330
1B
100
AcDbEntity
  8
F.Silkscreen
  6
CONTINUOUS
100
AcDbLine
 10
144.8780950000000018
 20
-123.296008999999998
 30
0
 11
144.782857000000007
 21
-123.3436279999999954
 31
0
  0
LINE
  5
2EF
330
1B
100
AcDbEntity
  8
F.Silkscreen
  6
CONTINUOUS
100
AcDbLine
 10
144.782857000000007
 20
-123.3436279999999954
 30
0
 11
144.4019049999999993
 21
-123.3436279999999954
 31
0
  0
LINE
  5
2F0
330
1B
100
AcDbEntity
  8
F.Silkscreen
  6
CONTINUOUS
100
AcDbLine
 10
145.5447619999999915
 20
-123.2483900000000006
 30
0
 11
145.4495239999999967
 21
-123.2007709999999889
 31
0
  0
LINE
  5
2F1
330
1B
100
AcDbEntity
  8
F.Silkscreen
  6
CONTINUOUS
100
AcDbLine
 10
145.4495239999999967
 20
-123.2007709999999889
 30
0
 11
145.4019049999999993
 21
-123.1531519999999915
 31
0
  0
LINE
  5
2F2
330
1B
100
AcDbEntity
  8
F.Silkscreen
  6
CONTINUOUS
100
AcDbLine
 10
145.4019049999999993
 20
-123.1531519999999915
 30
0
 11
145.3542860000000019
 21
-123.0579139999999967
 31
0
  0
LINE
  5
2F3
330
1B
100
AcDbEntity
  8
F.Silkscreen
  6
CONTINUOUS
100
AcDbLine
 10
145.3542860000000019
 20
-123.0579139999999967
 30
0
 11
145.3542860000000019
 21
-123.0102949999999993
 31
0
  0
LINE
  5
2F4
330
1B
100
AcDbEntity
  8
F.Silkscreen
  6
CONTINUOUS
100
AcDbLine
 10
145.3542860000000019
 20
-123.0102949999999993
 30
0
 11
145.4019049999999993
 21
-122.9150569999999902
 31
0
  0
LINE
  5
2F5
330
1B
100
AcDbEntity
  8
F.Silkscreen
  6
CONTINUOUS
100
AcDbLine
 10
145.4019049999999993
 20
-122.9150569999999902
 30
0
 11
145.4495239999999967
 21
-122.8674379999999928
 31
0
  0
LINE
  5
2F6
330
1B
100
AcDbEntity
  8
F.Silkscreen
  6
CONTINUOUS
100
AcDbLine
 10
145.4495239999999967
 20
-122.8674379999999928
 30
0
 11
145.5447619999999915
 21
-122.8198189999999954
 31
0
  0
LINE
  5
2F7
330
1B
100
AcDbEntity
  8
F.Silkscreen
  6
CONTINUOUS
100
AcDbLine
 10
145.5447619999999915
 20
-122.8198189999999954
 30
0
 11
145.7352379999999812
 21
-122.8198189999999954
 31
0
  0
LINE
  5
2F8
330
1B
100
AcDbEntity
  8
F.Silkscreen
  6
CONTINUOUS
100
AcDbLine
 10
145.7352379999999812
 20
-122.8198189999999954
 30
0
 11
145.8304760000000044
 21
-122.8674379999999928
 31
0
  0
LINE
  5
2F9
330
1B
100
AcDbEntity
  8
F.Silkscreen
  6
CONTINUOUS
100
AcDbLine
 10
145.8304760000000044
 20
-122.8674379999999928
 30
0
 11
145.8780950000000018
 21
-122.9150569999999902
 31
0
  0
LINE
  5
2FA
330
1B
100
AcDbEntity
  8
F.Silkscreen
  6
CONTINUOUS
100
AcDbLine
 10
145.8780950000000018
 20
-122.9150569999999902
 30
0
 11
145.9257139999999993
 21
-123.0102949999999993
 31
0
  0
LINE
  5
2FB
330
1B
100
AcDbEntity
  8
F.Silkscreen
  6
CONTINUOUS
100
AcDbLine
 10
145.9257139999999993
 20
-123.0102949999999993
 30
0
 11
145.9257139999999993
 21
-123.0579139999999967
 31
0
  0
LINE
  5
2FC
330
1B
100
AcDbEntity
  8
F.Silkscreen
  6
CONTINUOUS
100
AcDbLine
 10
145.9257139999999993
 20
-123.0579139999999967
 30
0
 11
145.8780950000000018
 21
-123.1531519999999915
 31
0
  0
LINE
  5
2FD
330
1B
100
AcDbEntity
  8
F.Silkscreen
  6
CONTINUOUS
100
AcDbLine
 10
145.8780950000000018
 20
-123.1531519999999915
 30
0
 11
145.8304760000000044
 21
-123.2007709999999889
 31
0
  0
LINE
  5
2FE
330
1B
100
AcDbEntity
  8
F.Silkscreen
  6
CONTINUOUS
100
AcDbLine
 10
145.8304760000000044
 20
-123.2007709999999889
 30
0
 11
145.7352379999999812
 21
-123.2483900000000006
 31
0
  0
LINE
  5
2FF
330
1B
100
AcDbEntity
  8
F.Silkscreen
  6
CONTINUOUS
100
AcDbLine
 10
145.7352379999999812
 20
-123.2483900000000006
 30
0
 11
145.5447619999999915
 21
-123.2483900000000006
 31
0
  0
LINE
  5
300
330
1B
100
AcDbEntity
  8
F.Silkscreen
  6
CONTINUOUS
100
AcDbLine
 10
145.5447619999999915
 20
-123.2483900000000006
 30
0
 11
145.4495239999999967
 21
-123.296008999999998
 31
0
  0
LINE
  5
301
330
1B
100
AcDbEntity
  8
F.Silkscreen
  6
CONTINUOUS
100
AcDbLine
 10
145.4495239999999967
 20
-123.296008999999998
 30
0
 11
145.4019049999999993
 21
-123.3436279999999954
 31
0
  0
LINE
  5
302
330
1B
100
AcDbEntity
  8
F.Silkscreen
  6
CONTINUOUS
100
AcDbLine
 10
145.4019049999999993
 20
-123.3436279999999954
 30
0
 11
145.3542860000000019
 21
-123.4388659999999902
 31
0
  0
LINE
  5
303
330
1B
100
AcDbEntity
  8
F.Silkscreen
  6
CONTINUOUS
100
AcDbLine
 10
145.3542860000000019
 20
-123.4388659999999902
 30
0
 11
145.3542860000000019
 21
-123.6293419999999941
 31
0
  0
LINE
  5
304
330
1B
100
AcDbEntity
  8
F.Silkscreen
  6
CONTINUOUS
100
AcDbLine
 10
145.3542860000000019
 20
-123.6293419999999941
 30
0
 11
145.4019049999999993
 21
-123.7245799999999889
 31
0
  0
LINE
  5
305
330
1B
100
AcDbEntity
  8
F.Silkscreen
  6
CONTINUOUS
100
AcDbLine
 10
145.4019049999999993
 20
-123.7245799999999889
 30
0
 11
145.4495239999999967
 21
-123.772199999999998
 31
0
  0
LINE
  5
306
330
1B
100
AcDbEntity
  8
F.Silkscreen
  6
CONTINUOUS
100
AcDbLine
 10
145.4495239999999967
 20
-123.772199999999998
 30
0
 11
145.5447619999999915
 21
-123.8198189999999954
 31
0
  0
LINE
  5
307
330
1B
100
AcDbEntity
  8
F.Silkscreen
  6
CONTINUOUS
100
AcDbLine
 10
145.5447619999999915
 20
-123.8198189999999954
 30
0
 11
145.7352379999999812
 21
-123.8198189999999954
 31
0
  0
LINE
  5
308
330
1B
100
AcDbEntity
  8
F.Silkscreen
  6
CONTINUOUS
100
AcDbLine
 10
145.7352379999999812
 20
-123.8198189999999954
 30
0
 11
145.8304760000000044
 21
-123.772199999999998
 31
0
  0
LINE
  5
309
330
1B
100
AcDbEntity
  8
F.Silkscreen
  6
CONTINUOUS
100
AcDbLine
 10
145.8304760000000044
 20
-123.772199999999998
 30
0
 11
145.8780950000000018
 21
-123.7245799999999889
 31
0
  0
LINE
  5
30A
330
1B
100
AcDbEntity
  8
F.Silkscreen
  6
CONTINUOUS
100
AcDbLine
 10
145.8780950000000018
 20
-123.7245799999999889
 30
0
 11
145.9257139999999993
 21
-123.6293419999999941
 31
0
  0
LINE
  5
30B
330
1B
100
AcDbEntity
  8
F.Silkscreen
  6
CONTINUOUS
100
AcDbLine
 10
145.9257139999999993
 20
-123.6293419999999941
 30
0
 11
145.9257139999999993
 21
-123.4388659999999902
 31
0
  0
LINE
  5
30C
330
1B
100
AcDbEntity
  8
F.Silkscreen
  6
CONTINUOUS
100
AcDbLine
 10
145.9257139999999993
 20
-123.4388659999999902
 30
0
 11
145.8780950000000018
 21
-123.3436279999999954
 31
0
  0
LINE
  5
30D
330
1B
100
AcDbEntity
  8
F.Silkscreen
  6
CONTINUOUS
100
AcDbLine
 10
145.8780950000000018
 20
-123.3436279999999954
 30
0
 11
145.8304760000000044
 21
-123.296008999999998
 31
0
  0
LINE
  5
30E
330
1B
100
AcDbEntity
  8
F.Silkscreen
  6
CONTINUOUS
100
AcDbLine
 10
145.8304760000000044
 20
-123.296008999999998
 30
0
 11
145.7352379999999812
 21
-123.2483900000000006
 31
0
  0
LINE
  5
30F
330
1B
100
AcDbEntity
  8
F.Silkscreen
  6
CONTINUOUS
100
AcDbLine
 10
157.2245869999999854
 20
-132.9770890000000065
 30
0
 11
157.176967999999988
 21
-133.0247090000000014
 31
0
  0
LINE
  5
310
330
1B
100
AcDbEntity
  8
F.Silkscreen
  6
CONTINUOUS
100
AcDbLine
 10
157.176967999999988
 20
-133.0247090000000014
 30
0
 11
157.0341109999999958
 21
-133.0723279999999988
 31
0
  0
LINE
  5
311
330
1B
100
AcDbEntity
  8
F.Silkscreen
  6
CONTINUOUS
100
AcDbLine
 10
157.0341109999999958
 20
-133.0723279999999988
 30
0
 11
156.938873000000001
 21
-133.0723279999999988
 31
0
  0
LINE
  5
312
330
1B
100
AcDbEntity
  8
F.Silkscreen
  6
CONTINUOUS
100
AcDbLine
 10
156.938873000000001
 20
-133.0723279999999988
 30
0
 11
156.7960159999999803
 21
-133.0247090000000014
 31
0
  0
LINE
  5
313
330
1B
100
AcDbEntity
  8
F.Silkscreen
  6
CONTINUOUS
100
AcDbLine
 10
156.7960159999999803
 20
-133.0247090000000014
 30
0
 11
156.7007779999999855
 21
-132.9294699999999807
 31
0
  0
LINE
  5
314
330
1B
100
AcDbEntity
  8
F.Silkscreen
  6
CONTINUOUS
100
AcDbLine
 10
156.7007779999999855
 20
-132.9294699999999807
 30
0
 11
156.6531589999999881
 21
-132.8342319999999859
 31
0
  0
LINE
  5
315
330
1B
100
AcDbEntity
  8
F.Silkscreen
  6
CONTINUOUS
100
AcDbLine
 10
156.6531589999999881
 20
-132.8342319999999859
 30
0
 11
156.6055399999999906
 21
-132.6437559999999962
 31
0
  0
LINE
  5
316
330
1B
100
AcDbEntity
  8
F.Silkscreen
  6
CONTINUOUS
100
AcDbLine
 10
156.6055399999999906
 20
-132.6437559999999962
 30
0
 11
156.6055399999999906
 21
-132.500899000000004
 31
0
  0
LINE
  5
317
330
1B
100
AcDbEntity
  8
F.Silkscreen
  6
CONTINUOUS
100
AcDbLine
 10
156.6055399999999906
 20
-132.500899000000004
 30
0
 11
156.6531589999999881
 21
-132.3104229999999859
 31
0
  0
LINE
  5
318
330
1B
100
AcDbEntity
  8
F.Silkscreen
  6
CONTINUOUS
100
AcDbLine
 10
156.6531589999999881
 20
-132.3104229999999859
 30
0
 11
156.7007779999999855
 21
-132.2151849999999911
 31
0
  0
LINE
  5
319
330
1B
100
AcDbEntity
  8
F.Silkscreen
  6
CONTINUOUS
100
AcDbLine
 10
156.7007779999999855
 20
-132.2151849999999911
 30
0
 11
156.7960159999999803
 21
-132.1199469999999963
 31
0
  0
LINE
  5
31A
330
1B
100
AcDbEntity
  8
F.Silkscreen
  6
CONTINUOUS
100
AcDbLine
 10
156.7960159999999803
 20
-132.1199469999999963
 30
0
 11
156.938873000000001
 21
-132.0723279999999988
 31
0
  0
LINE
  5
31B
330
1B
100
AcDbEntity
  8
F.Silkscreen
  6
CONTINUOUS
100
AcDbLine
 10
156.938873000000001
 20
-132.0723279999999988
 30
0
 11
157.0341109999999958
 21
-132.0723279999999988
 31
0
  0
LINE
  5
31C
330
1B
100
AcDbEntity
  8
F.Silkscreen
  6
CONTINUOUS
100
AcDbLine
 10
157.0341109999999958
 20
-132.0723279999999988
 30
0
 11
157.176967999999988
 21
-132.1199469999999963
 31
0
  0
LINE
  5
31D
330
1B
100
AcDbEntity
  8
F.Silkscreen
  6
CONTINUOUS
100
AcDbLine
 10
157.176967999999988
 20
-132.1199469999999963
 30
0
 11
157.2245869999999854
 21
-132.1675659999999937
 31
0
  0
LINE
  5
31E
330
1B
100
AcDbEntity
  8
F.Silkscreen
  6
CONTINUOUS
100
AcDbLine
 10
158.1293489999999906
 20
-132.0723279999999988
 30
0
 11
157.6531589999999881
 21
-132.0723279999999988
 31
0
  0
LINE
  5
31F
330
1B
100
AcDbEntity
  8
F.Silkscreen
  6
CONTINUOUS
100
AcDbLine
 10
157.6531589999999881
 20
-132.0723279999999988
 30
0
 11
157.6055399999999906
 21
-132.5485180000000014
 31
0
  0
LINE
  5
320
330
1B
100
AcDbEntity
  8
F.Silkscreen
  6
CONTINUOUS
100
AcDbLine
 10
157.6055399999999906
 20
-132.5485180000000014
 30
0
 11
157.6531589999999881
 21
-132.500899000000004
 31
0
  0
LINE
  5
321
330
1B
100
AcDbEntity
  8
F.Silkscreen
  6
CONTINUOUS
100
AcDbLine
 10
157.6531589999999881
 20
-132.500899000000004
 30
0
 11
157.7483969999999829
 21
-132.4532800000000066
 31
0
  0
LINE
  5
322
330
1B
100
AcDbEntity
  8
F.Silkscreen
  6
CONTINUOUS
100
AcDbLine
 10
157.7483969999999829
 20
-132.4532800000000066
 30
0
 11
157.9864919999999984
 21
-132.4532800000000066
 31
0
  0
LINE
  5
323
330
1B
100
AcDbEntity
  8
F.Silkscreen
  6
CONTINUOUS
100
AcDbLine
 10
157.9864919999999984
 20
-132.4532800000000066
 30
0
 11
158.0817299999999932
 21
-132.500899000000004
 31
0
  0
LINE
  5
324
330
1B
100
AcDbEntity
  8
F.Silkscreen
  6
CONTINUOUS
100
AcDbLine
 10
158.0817299999999932
 20
-132.500899000000004
 30
0
 11
158.1293489999999906
 21
-132.5485180000000014
 31
0
  0
LINE
  5
325
330
1B
100
AcDbEntity
  8
F.Silkscreen
  6
CONTINUOUS
100
AcDbLine
 10
158.1293489999999906
 20
-132.5485180000000014
 30
0
 11
158.176967999999988
 21
-132.6437559999999962
 31
0
  0
LINE
  5
326
330
1B
100
AcDbEntity
  8
F.Silkscreen
  6
CONTINUOUS
100
AcDbLine
 10
158.176967999999988
 20
-132.6437559999999962
 30
0
 11
158.176967999999988
 21
-132.8818509999999833
 31
0
  0
LINE
  5
327
330
1B
100
AcDbEntity
  8
F.Silkscreen
  6
CONTINUOUS
100
AcDbLine
 10
158.176967999999988
 20
-132.8818509999999833
 30
0
 11
158.1293489999999906
 21
-132.9770890000000065
 31
0
  0
LINE
  5
328
330
1B
100
AcDbEntity
  8
F.Silkscreen
  6
CONTINUOUS
100
AcDbLine
 10
158.1293489999999906
 20
-132.9770890000000065
 30
0
 11
158.0817299999999932
 21
-133.0247090000000014
 31
0
  0
LINE
  5
329
330
1B
100
AcDbEntity
  8
F.Silkscreen
  6
CONTINUOUS
100
AcDbLine
 10
158.0817299999999932
 20
-133.0247090000000014
 30
0
 11
157.9864919999999984
 21
-133.0723279999999988
 31
0
  0
LINE
  5
32A
330
1B
100
AcDbEntity
  8
F.Silkscreen
  6
CONTINUOUS
100
AcDbLine
 10
157.9864919999999984
 20
-133.0723279999999988
 30
0
 11
157.7483969999999829
 21
-133.0723279999999988
 31
0
  0
LINE
  5
32B
330
1B
100
AcDbEntity
  8
F.Silkscreen
  6
CONTINUOUS
100
AcDbLine
 10
157.7483969999999829
 20
-133.0723279999999988
 30
0
 11
157.6531589999999881
 21
-133.0247090000000014
 31
0
  0
LINE
  5
32C
330
1B
100
AcDbEntity
  8
F.Silkscreen
  6
CONTINUOUS
100
AcDbLine
 10
157.6531589999999881
 20
-133.0247090000000014
 30
0
 11
157.6055399999999906
 21
-132.9770890000000065
 31
0
  0
LINE
  5
32D
330
1B
100
AcDbEntity
  8
F.Silkscreen
  6
CONTINUOUS
100
AcDbLine
 10
103.9733329999999967
 20
-106.2798189999999892
 30
0
 11
103.6400000000000006
 21
-105.8036279999999891
 31
0
  0
LINE
  5
32E
330
1B
100
AcDbEntity
  8
F.Silkscreen
  6
CONTINUOUS
100
AcDbLine
 10
103.4019049999999993
 20
-106.2798189999999892
 30
0
 11
103.4019049999999993
 21
-105.2798189999999892
 31
0
  0
LINE
  5
32F
330
1B
100
AcDbEntity
  8
F.Silkscreen
  6
CONTINUOUS
100
AcDbLine
 10
103.4019049999999993
 20
-105.2798189999999892
 30
0
 11
103.7828569999999928
 21
-105.2798189999999892
 31
0
  0
LINE
  5
330
330
1B
100
AcDbEntity
  8
F.Silkscreen
  6
CONTINUOUS
100
AcDbLine
 10
103.7828569999999928
 20
-105.2798189999999892
 30
0
 11
103.8780950000000018
 21
-105.3274380000000008
 31
0
  0
LINE
  5
331
330
1B
100
AcDbEntity
  8
F.Silkscreen
  6
CONTINUOUS
100
AcDbLine
 10
103.8780950000000018
 20
-105.3274380000000008
 30
0
 11
103.9257139999999993
 21
-105.3750569999999982
 31
0
  0
LINE
  5
332
330
1B
100
AcDbEntity
  8
F.Silkscreen
  6
CONTINUOUS
100
AcDbLine
 10
103.9257139999999993
 20
-105.3750569999999982
 30
0
 11
103.9733329999999967
 21
-105.470294999999993
 31
0
  0
LINE
  5
333
330
1B
100
AcDbEntity
  8
F.Silkscreen
  6
CONTINUOUS
100
AcDbLine
 10
103.9733329999999967
 20
-105.470294999999993
 30
0
 11
103.9733329999999967
 21
-105.6131519999999995
 31
0
  0
LINE
  5
334
330
1B
100
AcDbEntity
  8
F.Silkscreen
  6
CONTINUOUS
100
AcDbLine
 10
103.9733329999999967
 20
-105.6131519999999995
 30
0
 11
103.9257139999999993
 21
-105.7083899999999943
 31
0
  0
LINE
  5
335
330
1B
100
AcDbEntity
  8
F.Silkscreen
  6
CONTINUOUS
100
AcDbLine
 10
103.9257139999999993
 20
-105.7083899999999943
 30
0
 11
103.8780950000000018
 21
-105.7560089999999917
 31
0
  0
LINE
  5
336
330
1B
100
AcDbEntity
  8
F.Silkscreen
  6
CONTINUOUS
100
AcDbLine
 10
103.8780950000000018
 20
-105.7560089999999917
 30
0
 11
103.7828569999999928
 21
-105.8036279999999891
 31
0
  0
LINE
  5
337
330
1B
100
AcDbEntity
  8
F.Silkscreen
  6
CONTINUOUS
100
AcDbLine
 10
103.7828569999999928
 20
-105.8036279999999891
 30
0
 11
103.4019049999999993
 21
-105.8036279999999891
 31
0
  0
LINE
  5
338
330
1B
100
AcDbEntity
  8
F.Silkscreen
  6
CONTINUOUS
100
AcDbLine
 10
104.9257139999999993
 20
-106.2798189999999892
 30
0
 11
104.3542860000000019
 21
-106.2798189999999892
 31
0
  0
LINE
  5
339
330
1B
100
AcDbEntity
  8
F.Silkscreen
  6
CONTINUOUS
100
AcDbLine
 10
104.6400000000000006
 20
-106.2798189999999892
 30
0
 11
104.6400000000000006
 21
-105.2798189999999892
 31
0
  0
LINE
  5
33A
330
1B
100
AcDbEntity
  8
F.Silkscreen
  6
CONTINUOUS
100
AcDbLine
 10
104.6400000000000006
 20
-105.2798189999999892
 30
0
 11
104.5447619999999915
 21
-105.4226759999999956
 31
0
  0
LINE
  5
33B
330
1B
100
AcDbEntity
  8
F.Silkscreen
  6
CONTINUOUS
100
AcDbLine
 10
104.5447619999999915
 20
-105.4226759999999956
 30
0
 11
104.4495239999999967
 21
-105.5179139999999904
 31
0
  0
LINE
  5
33C
330
1B
100
AcDbEntity
  8
F.Silkscreen
  6
CONTINUOUS
100
AcDbLine
 10
104.4495239999999967
 20
-105.5179139999999904
 30
0
 11
104.3542860000000019
 21
-105.5655330000000021
 31
0
  0
LINE
  5
33D
330
1B
100
AcDbEntity
  8
F.Silkscreen
  6
CONTINUOUS
100
AcDbLine
 10
152.9733329999999967
 20
-119.6498189999999937
 30
0
 11
152.6399999999999864
 21
-119.1736279999999937
 31
0
  0
LINE
  5
33E
330
1B
100
AcDbEntity
  8
F.Silkscreen
  6
CONTINUOUS
100
AcDbLine
 10
152.4019049999999993
 20
-119.6498189999999937
 30
0
 11
152.4019049999999993
 21
-118.6498189999999937
 31
0
  0
LINE
  5
33F
330
1B
100
AcDbEntity
  8
F.Silkscreen
  6
CONTINUOUS
100
AcDbLine
 10
152.4019049999999993
 20
-118.6498189999999937
 30
0
 11
152.782857000000007
 21
-118.6498189999999937
 31
0
  0
LINE
  5
340
330
1B
100
AcDbEntity
  8
F.Silkscreen
  6
CONTINUOUS
100
AcDbLine
 10
152.782857000000007
 20
-118.6498189999999937
 30
0
 11
152.8780950000000018
 21
-118.6974379999999911
 31
0
  0
LINE
  5
341
330
1B
100
AcDbEntity
  8
F.Silkscreen
  6
CONTINUOUS
100
AcDbLine
 10
152.8780950000000018
 20
-118.6974379999999911
 30
0
 11
152.9257139999999993
 21
-118.7450569999999885
 31
0
  0
LINE
  5
342
330
1B
100
AcDbEntity
  8
F.Silkscreen
  6
CONTINUOUS
100
AcDbLine
 10
152.9257139999999993
 20
-118.7450569999999885
 30
0
 11
152.9733329999999967
 21
-118.8402949999999976
 31
0
  0
LINE
  5
343
330
1B
100
AcDbEntity
  8
F.Silkscreen
  6
CONTINUOUS
100
AcDbLine
 10
152.9733329999999967
 20
-118.8402949999999976
 30
0
 11
152.9733329999999967
 21
-118.9831519999999898
 31
0
  0
LINE
  5
344
330
1B
100
AcDbEntity
  8
F.Silkscreen
  6
CONTINUOUS
100
AcDbLine
 10
152.9733329999999967
 20
-118.9831519999999898
 30
0
 11
152.9257139999999993
 21
-119.0783899999999988
 31
0
  0
LINE
  5
345
330
1B
100
AcDbEntity
  8
F.Silkscreen
  6
CONTINUOUS
100
AcDbLine
 10
152.9257139999999993
 20
-119.0783899999999988
 30
0
 11
152.8780950000000018
 21
-119.1260089999999963
 31
0
  0
LINE
  5
346
330
1B
100
AcDbEntity
  8
F.Silkscreen
  6
CONTINUOUS
100
AcDbLine
 10
152.8780950000000018
 20
-119.1260089999999963
 30
0
 11
152.782857000000007
 21
-119.1736279999999937
 31
0
  0
LINE
  5
347
330
1B
100
AcDbEntity
  8
F.Silkscreen
  6
CONTINUOUS
100
AcDbLine
 10
152.782857000000007
 20
-119.1736279999999937
 30
0
 11
152.4019049999999993
 21
-119.1736279999999937
 31
0
  0
LINE
  5
348
330
1B
100
AcDbEntity
  8
F.Silkscreen
  6
CONTINUOUS
100
AcDbLine
 10
153.4495239999999967
 20
-119.6498189999999937
 30
0
 11
153.6399999999999864
 21
-119.6498189999999937
 31
0
  0
LINE
  5
349
330
1B
100
AcDbEntity
  8
F.Silkscreen
  6
CONTINUOUS
100
AcDbLine
 10
153.6399999999999864
 20
-119.6498189999999937
 30
0
 11
153.7352379999999812
 21
-119.6021999999999963
 31
0
  0
LINE
  5
34A
330
1B
100
AcDbEntity
  8
F.Silkscreen
  6
CONTINUOUS
100
AcDbLine
 10
153.7352379999999812
 20
-119.6021999999999963
 30
0
 11
153.782857000000007
 21
-119.5545800000000014
 31
0
  0
LINE
  5
34B
330
1B
100
AcDbEntity
  8
F.Silkscreen
  6
CONTINUOUS
100
AcDbLine
 10
153.782857000000007
 20
-119.5545800000000014
 30
0
 11
153.8780950000000018
 21
-119.411722999999995
 31
0
  0
LINE
  5
34C
330
1B
100
AcDbEntity
  8
F.Silkscreen
  6
CONTINUOUS
100
AcDbLine
 10
153.8780950000000018
 20
-119.411722999999995
 30
0
 11
153.9257139999999993
 21
-119.2212469999999911
 31
0
  0
LINE
  5
34D
330
1B
100
AcDbEntity
  8
F.Silkscreen
  6
CONTINUOUS
100
AcDbLine
 10
153.9257139999999993
 20
-119.2212469999999911
 30
0
 11
153.9257139999999993
 21
-118.8402949999999976
 31
0
  0
LINE
  5
34E
330
1B
100
AcDbEntity
  8
F.Silkscreen
  6
CONTINUOUS
100
AcDbLine
 10
153.9257139999999993
 20
-118.8402949999999976
 30
0
 11
153.8780950000000018
 21
-118.7450569999999885
 31
0
  0
LINE
  5
34F
330
1B
100
AcDbEntity
  8
F.Silkscreen
  6
CONTINUOUS
100
AcDbLine
 10
153.8780950000000018
 20
-118.7450569999999885
 30
0
 11
153.8304760000000044
 21
-118.6974379999999911
 31
0
  0
LINE
  5
350
330
1B
100
AcDbEntity
  8
F.Silkscreen
  6
CONTINUOUS
100
AcDbLine
 10
153.8304760000000044
 20
-118.6974379999999911
 30
0
 11
153.7352379999999812
 21
-118.6498189999999937
 31
0
  0
LINE
  5
351
330
1B
100
AcDbEntity
  8
F.Silkscreen
  6
CONTINUOUS
100
AcDbLine
 10
153.7352379999999812
 20
-118.6498189999999937
 30
0
 11
153.5447619999999915
 21
-118.6498189999999937
 31
0
  0
LINE
  5
352
330
1B
100
AcDbEntity
  8
F.Silkscreen
  6
CONTINUOUS
100
AcDbLine
 10
153.5447619999999915
 20
-118.6498189999999937
 30
0
 11
153.4495239999999967
 21
-118.6974379999999911
 31
0
  0
LINE
  5
353
330
1B
100
AcDbEntity
  8
F.Silkscreen
  6
CONTINUOUS
100
AcDbLine
 10
153.4495239999999967
 20
-118.6974379999999911
 30
0
 11
153.4019049999999993
 21
-118.7450569999999885
 31
0
  0
LINE
  5
354
330
1B
100
AcDbEntity
  8
F.Silkscreen
  6
CONTINUOUS
100
AcDbLine
 10
153.4019049999999993
 20
-118.7450569999999885
 30
0
 11
153.3542860000000019
 21
-118.8402949999999976
 31
0
  0
LINE
  5
355
330
1B
100
AcDbEntity
  8
F.Silkscreen
  6
CONTINUOUS
100
AcDbLine
 10
153.3542860000000019
 20
-118.8402949999999976
 30
0
 11
153.3542860000000019
 21
-119.0783899999999988
 31
0
  0
LINE
  5
356
330
1B
100
AcDbEntity
  8
F.Silkscreen
  6
CONTINUOUS
100
AcDbLine
 10
153.3542860000000019
 20
-119.0783899999999988
 30
0
 11
153.4019049999999993
 21
-119.1736279999999937
 31
0
  0
LINE
  5
357
330
1B
100
AcDbEntity
  8
F.Silkscreen
  6
CONTINUOUS
100
AcDbLine
 10
153.4019049999999993
 20
-119.1736279999999937
 30
0
 11
153.4495239999999967
 21
-119.2212469999999911
 31
0
  0
LINE
  5
358
330
1B
100
AcDbEntity
  8
F.Silkscreen
  6
CONTINUOUS
100
AcDbLine
 10
153.4495239999999967
 20
-119.2212469999999911
 30
0
 11
153.5447619999999915
 21
-119.2688659999999885
 31
0
  0
LINE
  5
359
330
1B
100
AcDbEntity
  8
F.Silkscreen
  6
CONTINUOUS
100
AcDbLine
 10
153.5447619999999915
 20
-119.2688659999999885
 30
0
 11
153.7352379999999812
 21
-119.2688659999999885
 31
0
  0
LINE
  5
35A
330
1B
100
AcDbEntity
  8
F.Silkscreen
  6
CONTINUOUS
100
AcDbLine
 10
153.7352379999999812
 20
-119.2688659999999885
 30
0
 11
153.8304760000000044
 21
-119.2212469999999911
 31
0
  0
LINE
  5
35B
330
1B
100
AcDbEntity
  8
F.Silkscreen
  6
CONTINUOUS
100
AcDbLine
 10
153.8304760000000044
 20
-119.2212469999999911
 30
0
 11
153.8780950000000018
 21
-119.1736279999999937
 31
0
  0
LINE
  5
35C
330
1B
100
AcDbEntity
  8
F.Silkscreen
  6
CONTINUOUS
100
AcDbLine
 10
153.8780950000000018
 20
-119.1736279999999937
 30
0
 11
153.9257139999999993
 21
-119.0783899999999988
 31
0
  0
LINE
  5
35D
330
1B
100
AcDbEntity
  8
F.Silkscreen
  6
CONTINUOUS
100
AcDbLine
 10
159.9995799999999804
 20
-119.6866659999999882
 30
0
 11
160.0472000000000037
 21
-119.7342849999999999
 31
0
  0
LINE
  5
35E
330
1B
100
AcDbEntity
  8
F.Silkscreen
  6
CONTINUOUS
100
AcDbLine
 10
160.0472000000000037
 20
-119.7342849999999999
 30
0
 11
160.0948190000000011
 21
-119.8771419999999921
 31
0
  0
LINE
  5
35F
330
1B
100
AcDbEntity
  8
F.Silkscreen
  6
CONTINUOUS
100
AcDbLine
 10
160.0948190000000011
 20
-119.8771419999999921
 30
0
 11
160.0948190000000011
 21
-119.9723800000000011
 31
0
  0
LINE
  5
360
330
1B
100
AcDbEntity
  8
F.Silkscreen
  6
CONTINUOUS
100
AcDbLine
 10
160.0948190000000011
 20
-119.9723800000000011
 30
0
 11
160.0472000000000037
 21
-120.1152369999999934
 31
0
  0
LINE
  5
361
330
1B
100
AcDbEntity
  8
F.Silkscreen
  6
CONTINUOUS
100
AcDbLine
 10
160.0472000000000037
 20
-120.1152369999999934
 30
0
 11
159.951960999999983
 21
-120.2104749999999882
 31
0
  0
LINE
  5
362
330
1B
100
AcDbEntity
  8
F.Silkscreen
  6
CONTINUOUS
100
AcDbLine
 10
159.951960999999983
 20
-120.2104749999999882
 30
0
 11
159.8567229999999881
 21
-120.2580939999999998
 31
0
  0
LINE
  5
363
330
1B
100
AcDbEntity
  8
F.Silkscreen
  6
CONTINUOUS
100
AcDbLine
 10
159.8567229999999881
 20
-120.2580939999999998
 30
0
 11
159.6662469999999985
 21
-120.3057129999999972
 31
0
  0
LINE
  5
364
330
1B
100
AcDbEntity
  8
F.Silkscreen
  6
CONTINUOUS
100
AcDbLine
 10
159.6662469999999985
 20
-120.3057129999999972
 30
0
 11
159.5233900000000062
 21
-120.3057129999999972
 31
0
  0
LINE
  5
365
330
1B
100
AcDbEntity
  8
F.Silkscreen
  6
CONTINUOUS
100
AcDbLine
 10
159.5233900000000062
 20
-120.3057129999999972
 30
0
 11
159.3329139999999882
 21
-120.2580939999999998
 31
0
  0
LINE
  5
366
330
1B
100
AcDbEntity
  8
F.Silkscreen
  6
CONTINUOUS
100
AcDbLine
 10
159.3329139999999882
 20
-120.2580939999999998
 30
0
 11
159.2376759999999933
 21
-120.2104749999999882
 31
0
  0
LINE
  5
367
330
1B
100
AcDbEntity
  8
F.Silkscreen
  6
CONTINUOUS
100
AcDbLine
 10
159.2376759999999933
 20
-120.2104749999999882
 30
0
 11
159.1424379999999985
 21
-120.1152369999999934
 31
0
  0
LINE
  5
368
330
1B
100
AcDbEntity
  8
F.Silkscreen
  6
CONTINUOUS
100
AcDbLine
 10
159.1424379999999985
 20
-120.1152369999999934
 30
0
 11
159.0948190000000011
 21
-119.9723800000000011
 31
0
  0
LINE
  5
369
330
1B
100
AcDbEntity
  8
F.Silkscreen
  6
CONTINUOUS
100
AcDbLine
 10
159.0948190000000011
 20
-119.9723800000000011
 30
0
 11
159.0948190000000011
 21
-119.8771419999999921
 31
0
  0
LINE
  5
36A
330
1B
100
AcDbEntity
  8
F.Silkscreen
  6
CONTINUOUS
100
AcDbLine
 10
159.0948190000000011
 20
-119.8771419999999921
 30
0
 11
159.1424379999999985
 21
-119.7342849999999999
 31
0
  0
LINE
  5
36B
330
1B
100
AcDbEntity
  8
F.Silkscreen
  6
CONTINUOUS
100
AcDbLine
 10
159.1424379999999985
 20
-119.7342849999999999
 30
0
 11
159.1900569999999959
 21
-119.6866659999999882
 31
0
  0
LINE
  5
36C
330
1B
100
AcDbEntity
  8
F.Silkscreen
  6
CONTINUOUS
100
AcDbLine
 10
159.0948190000000011
 20
-119.3533319999999947
 30
0
 11
159.0948190000000011
 21
-118.6866659999999882
 31
0
  0
LINE
  5
36D
330
1B
100
AcDbEntity
  8
F.Silkscreen
  6
CONTINUOUS
100
AcDbLine
 10
159.0948190000000011
 20
-118.6866659999999882
 30
0
 11
160.0948190000000011
 21
-119.1152369999999934
 31
0
  0
LINE
  5
36E
330
1B
100
AcDbEntity
  8
F.Silkscreen
  6
CONTINUOUS
100
AcDbLine
 10
120.2398189999999971
 20
-121.1666659999999922
 30
0
 11
119.7636279999999971
 21
-121.4999989999999883
 31
0
  0
LINE
  5
36F
330
1B
100
AcDbEntity
  8
F.Silkscreen
  6
CONTINUOUS
100
AcDbLine
 10
120.2398189999999971
 20
-121.7380939999999896
 30
0
 11
119.2398189999999971
 21
-121.7380939999999896
 31
0
  0
LINE
  5
370
330
1B
100
AcDbEntity
  8
F.Silkscreen
  6
CONTINUOUS
100
AcDbLine
 10
119.2398189999999971
 20
-121.7380939999999896
 30
0
 11
119.2398189999999971
 21
-121.3571419999999961
 31
0
  0
LINE
  5
371
330
1B
100
AcDbEntity
  8
F.Silkscreen
  6
CONTINUOUS
100
AcDbLine
 10
119.2398189999999971
 20
-121.3571419999999961
 30
0
 11
119.2874379999999945
 21
-121.2619040000000012
 31
0
  0
LINE
  5
372
330
1B
100
AcDbEntity
  8
F.Silkscreen
  6
CONTINUOUS
100
AcDbLine
 10
119.2874379999999945
 20
-121.2619040000000012
 30
0
 11
119.3350569999999919
 21
-121.2142849999999896
 31
0
  0
LINE
  5
373
330
1B
100
AcDbEntity
  8
F.Silkscreen
  6
CONTINUOUS
100
AcDbLine
 10
119.3350569999999919
 20
-121.2142849999999896
 30
0
 11
119.430295000000001
 21
-121.1666659999999922
 31
0
  0
LINE
  5
374
330
1B
100
AcDbEntity
  8
F.Silkscreen
  6
CONTINUOUS
100
AcDbLine
 10
119.430295000000001
 20
-121.1666659999999922
 30
0
 11
119.5731519999999932
 21
-121.1666659999999922
 31
0
  0
LINE
  5
375
330
1B
100
AcDbEntity
  8
F.Silkscreen
  6
CONTINUOUS
100
AcDbLine
 10
119.5731519999999932
 20
-121.1666659999999922
 30
0
 11
119.668389999999988
 21
-121.2142849999999896
 31
0
  0
LINE
  5
376
330
1B
100
AcDbEntity
  8
F.Silkscreen
  6
CONTINUOUS
100
AcDbLine
 10
119.668389999999988
 20
-121.2142849999999896
 30
0
 11
119.7160089999999997
 21
-121.2619040000000012
 31
0
  0
LINE
  5
377
330
1B
100
AcDbEntity
  8
F.Silkscreen
  6
CONTINUOUS
100
AcDbLine
 10
119.7160089999999997
 20
-121.2619040000000012
 30
0
 11
119.7636279999999971
 21
-121.3571419999999961
 31
0
  0
LINE
  5
378
330
1B
100
AcDbEntity
  8
F.Silkscreen
  6
CONTINUOUS
100
AcDbLine
 10
119.7636279999999971
 20
-121.3571419999999961
 30
0
 11
119.7636279999999971
 21
-121.7380939999999896
 31
0
  0
LINE
  5
379
330
1B
100
AcDbEntity
  8
F.Silkscreen
  6
CONTINUOUS
100
AcDbLine
 10
119.3350569999999919
 20
-120.7857130000000012
 30
0
 11
119.2874379999999945
 21
-120.7380939999999896
 31
0
  0
LINE
  5
37A
330
1B
100
AcDbEntity
  8
F.Silkscreen
  6
CONTINUOUS
100
AcDbLine
 10
119.2874379999999945
 20
-120.7380939999999896
 30
0
 11
119.2398189999999971
 21
-120.6428559999999948
 31
0
  0
LINE
  5
37B
330
1B
100
AcDbEntity
  8
F.Silkscreen
  6
CONTINUOUS
100
AcDbLine
 10
119.2398189999999971
 20
-120.6428559999999948
 30
0
 11
119.2398189999999971
 21
-120.4047609999999935
 31
0
  0
LINE
  5
37C
330
1B
100
AcDbEntity
  8
F.Silkscreen
  6
CONTINUOUS
100
AcDbLine
 10
119.2398189999999971
 20
-120.4047609999999935
 30
0
 11
119.2874379999999945
 21
-120.3095229999999987
 31
0
  0
LINE
  5
37D
330
1B
100
AcDbEntity
  8
F.Silkscreen
  6
CONTINUOUS
100
AcDbLine
 10
119.2874379999999945
 20
-120.3095229999999987
 30
0
 11
119.3350569999999919
 21
-120.2619040000000012
 31
0
  0
LINE
  5
37E
330
1B
100
AcDbEntity
  8
F.Silkscreen
  6
CONTINUOUS
100
AcDbLine
 10
119.3350569999999919
 20
-120.2619040000000012
 30
0
 11
119.430295000000001
 21
-120.2142849999999896
 31
0
  0
LINE
  5
37F
330
1B
100
AcDbEntity
  8
F.Silkscreen
  6
CONTINUOUS
100
AcDbLine
 10
119.430295000000001
 20
-120.2142849999999896
 30
0
 11
119.5255329999999958
 21
-120.2142849999999896
 31
0
  0
LINE
  5
380
330
1B
100
AcDbEntity
  8
F.Silkscreen
  6
CONTINUOUS
100
AcDbLine
 10
119.5255329999999958
 20
-120.2142849999999896
 30
0
 11
119.668389999999988
 21
-120.2619040000000012
 31
0
  0
LINE
  5
381
330
1B
100
AcDbEntity
  8
F.Silkscreen
  6
CONTINUOUS
100
AcDbLine
 10
119.668389999999988
 20
-120.2619040000000012
 30
0
 11
120.2398189999999971
 21
-120.8333319999999986
 31
0
  0
LINE
  5
382
330
1B
100
AcDbEntity
  8
F.Silkscreen
  6
CONTINUOUS
100
AcDbLine
 10
120.2398189999999971
 20
-120.8333319999999986
 30
0
 11
120.2398189999999971
 21
-120.2142849999999896
 31
0
  0
LINE
  5
383
330
1B
100
AcDbEntity
  8
F.Silkscreen
  6
CONTINUOUS
100
AcDbLine
 10
131.4733329999999967
 20
-109.87957999999999
 30
0
 11
131.4257139999999993
 21
-109.9271999999999991
 31
0
  0
LINE
  5
384
330
1B
100
AcDbEntity
  8
F.Silkscreen
  6
CONTINUOUS
100
AcDbLine
 10
131.4257139999999993
 20
-109.9271999999999991
 30
0
 11
131.282857000000007
 21
-109.9748189999999965
 31
0
  0
LINE
  5
385
330
1B
100
AcDbEntity
  8
F.Silkscreen
  6
CONTINUOUS
100
AcDbLine
 10
131.282857000000007
 20
-109.9748189999999965
 30
0
 11
131.1876189999999838
 21
-109.9748189999999965
 31
0
  0
LINE
  5
386
330
1B
100
AcDbEntity
  8
F.Silkscreen
  6
CONTINUOUS
100
AcDbLine
 10
131.1876189999999838
 20
-109.9748189999999965
 30
0
 11
131.0447619999999915
 21
-109.9271999999999991
 31
0
  0
LINE
  5
387
330
1B
100
AcDbEntity
  8
F.Silkscreen
  6
CONTINUOUS
100
AcDbLine
 10
131.0447619999999915
 20
-109.9271999999999991
 30
0
 11
130.9495239999999967
 21
-109.8319609999999926
 31
0
  0
LINE
  5
388
330
1B
100
AcDbEntity
  8
F.Silkscreen
  6
CONTINUOUS
100
AcDbLine
 10
130.9495239999999967
 20
-109.8319609999999926
 30
0
 11
130.9019049999999993
 21
-109.7367229999999978
 31
0
  0
LINE
  5
389
330
1B
100
AcDbEntity
  8
F.Silkscreen
  6
CONTINUOUS
100
AcDbLine
 10
130.9019049999999993
 20
-109.7367229999999978
 30
0
 11
130.8542860000000019
 21
-109.5462469999999939
 31
0
  0
LINE
  5
38A
330
1B
100
AcDbEntity
  8
F.Silkscreen
  6
CONTINUOUS
100
AcDbLine
 10
130.8542860000000019
 20
-109.5462469999999939
 30
0
 11
130.8542860000000019
 21
-109.4033900000000017
 31
0
  0
LINE
  5
38B
330
1B
100
AcDbEntity
  8
F.Silkscreen
  6
CONTINUOUS
100
AcDbLine
 10
130.8542860000000019
 20
-109.4033900000000017
 30
0
 11
130.9019049999999993
 21
-109.2129139999999978
 31
0
  0
LINE
  5
38C
330
1B
100
AcDbEntity
  8
F.Silkscreen
  6
CONTINUOUS
100
AcDbLine
 10
130.9019049999999993
 20
-109.2129139999999978
 30
0
 11
130.9495239999999967
 21
-109.1176759999999888
 31
0
  0
LINE
  5
38D
330
1B
100
AcDbEntity
  8
F.Silkscreen
  6
CONTINUOUS
100
AcDbLine
 10
130.9495239999999967
 20
-109.1176759999999888
 30
0
 11
131.0447619999999915
 21
-109.022437999999994
 31
0
  0
LINE
  5
38E
330
1B
100
AcDbEntity
  8
F.Silkscreen
  6
CONTINUOUS
100
AcDbLine
 10
131.0447619999999915
 20
-109.022437999999994
 30
0
 11
131.1876189999999838
 21
-108.9748189999999965
 31
0
  0
LINE
  5
38F
330
1B
100
AcDbEntity
  8
F.Silkscreen
  6
CONTINUOUS
100
AcDbLine
 10
131.1876189999999838
 20
-108.9748189999999965
 30
0
 11
131.282857000000007
 21
-108.9748189999999965
 31
0
  0
LINE
  5
390
330
1B
100
AcDbEntity
  8
F.Silkscreen
  6
CONTINUOUS
100
AcDbLine
 10
131.282857000000007
 20
-108.9748189999999965
 30
0
 11
131.4257139999999993
 21
-109.022437999999994
 31
0
  0
LINE
  5
391
330
1B
100
AcDbEntity
  8
F.Silkscreen
  6
CONTINUOUS
100
AcDbLine
 10
131.4257139999999993
 20
-109.022437999999994
 30
0
 11
131.4733329999999967
 21
-109.0700569999999914
 31
0
  0
LINE
  5
392
330
1B
100
AcDbEntity
  8
F.Silkscreen
  6
CONTINUOUS
100
AcDbLine
 10
132.3304760000000044
 20
-109.3081519999999927
 30
0
 11
132.3304760000000044
 21
-109.9748189999999965
 31
0
  0
LINE
  5
393
330
1B
100
AcDbEntity
  8
F.Silkscreen
  6
CONTINUOUS
100
AcDbLine
 10
132.0923809999999889
 20
-108.9271999999999991
 30
0
 11
131.8542860000000019
 21
-109.6414849999999888
 31
0
  0
LINE
  5
394
330
1B
100
AcDbEntity
  8
F.Silkscreen
  6
CONTINUOUS
100
AcDbLine
 10
131.8542860000000019
 20
-109.6414849999999888
 30
0
 11
132.4733329999999967
 21
-109.6414849999999888
 31
0
  0
LINE
  5
395
330
1B
100
AcDbEntity
  8
F.Silkscreen
  6
CONTINUOUS
100
AcDbLine
 10
128.6800000000000068
 20
-115.1499999999999915
 30
0
 11
135.2199999999999989
 21
-115.1499999999999915
 31
0
  0
LINE
  5
396
330
1B
100
AcDbEntity
  8
F.Silkscreen
  6
CONTINUOUS
100
AcDbLine
 10
128.6800000000000068
 20
-115.4799999999999898
 30
0
 11
128.6800000000000068
 21
-115.1499999999999915
 31
0
  0
LINE
  5
397
330
1B
100
AcDbEntity
  8
F.Silkscreen
  6
CONTINUOUS
100
AcDbLine
 10
128.6800000000000068
 20
-117.5599999999999881
 30
0
 11
128.6800000000000068
 21
-117.8900000000000006
 31
0
  0
LINE
  5
398
330
1B
100
AcDbEntity
  8
F.Silkscreen
  6
CONTINUOUS
100
AcDbLine
 10
128.6800000000000068
 20
-117.8900000000000006
 30
0
 11
135.2199999999999989
 21
-117.8900000000000006
 31
0
  0
LINE
  5
399
330
1B
100
AcDbEntity
  8
F.Silkscreen
  6
CONTINUOUS
100
AcDbLine
 10
135.2199999999999989
 20
-115.1499999999999915
 30
0
 11
135.2199999999999989
 21
-115.4799999999999898
 31
0
  0
LINE
  5
39A
330
1B
100
AcDbEntity
  8
F.Silkscreen
  6
CONTINUOUS
100
AcDbLine
 10
135.2199999999999989
 20
-117.8900000000000006
 30
0
 11
135.2199999999999989
 21
-117.5599999999999881
 31
0
  0
LINE
  5
39B
330
1B
100
AcDbEntity
  8
F.Silkscreen
  6
CONTINUOUS
100
AcDbLine
 10
108.5852249999999941
 20
-119.0450000000000017
 30
0
 11
109.0852249999999941
 21
-119.0450000000000017
 31
0
  0
LINE
  5
39C
330
1B
100
AcDbEntity
  8
F.Silkscreen
  6
CONTINUOUS
100
AcDbLine
 10
108.8352249999999941
 20
-118.7950000000000017
 30
0
 11
108.8352249999999941
 21
-119.2950000000000017
 31
0
  0
LINE
  5
39D
330
1B
100
AcDbEntity
  8
F.Silkscreen
  6
CONTINUOUS
100
AcDbLine
 10
111.3900000000000006
 20
-117.9399999999999977
 30
0
 11
111.3900000000000006
 21
-123.0999999999999943
 31
0
  0
LINE
  5
39E
330
1B
100
AcDbEntity
  8
F.Silkscreen
  6
CONTINUOUS
100
AcDbLine
 10
111.4299999999999926
 20
-117.9399999999999977
 30
0
 11
111.4299999999999926
 21
-123.0999999999999943
 31
0
  0
LINE
  5
39F
330
1B
100
AcDbEntity
  8
F.Silkscreen
  6
CONTINUOUS
100
AcDbLine
 10
111.4699999999999989
 20
-117.9409999999999883
 30
0
 11
111.4699999999999989
 21
-123.0989999999999895
 31
0
  0
LINE
  5
3A0
330
1B
100
AcDbEntity
  8
F.Silkscreen
  6
CONTINUOUS
100
AcDbLine
 10
111.5099999999999909
 20
-117.9429999999999978
 30
0
 11
111.5099999999999909
 21
-123.0969999999999942
 31
0
  0
LINE
  5
3A1
330
1B
100
AcDbEntity
  8
F.Silkscreen
  6
CONTINUOUS
100
AcDbLine
 10
111.5499999999999972
 20
-117.9449999999999932
 30
0
 11
111.5499999999999972
 21
-123.0949999999999989
 31
0
  0
LINE
  5
3A2
330
1B
100
AcDbEntity
  8
F.Silkscreen
  6
CONTINUOUS
100
AcDbLine
 10
111.5899999999999892
 20
-117.9479999999999933
 30
0
 11
111.5899999999999892
 21
-123.0919999999999987
 31
0
  0
LINE
  5
3A3
330
1B
100
AcDbEntity
  8
F.Silkscreen
  6
CONTINUOUS
100
AcDbLine
 10
111.6299999999999955
 20
-117.9509999999999934
 30
0
 11
111.6299999999999955
 21
-119.4799999999999898
 31
0
  0
LINE
  5
3A4
330
1B
100
AcDbEntity
  8
F.Silkscreen
  6
CONTINUOUS
100
AcDbLine
 10
111.6299999999999955
 20
-121.5599999999999881
 30
0
 11
111.6299999999999955
 21
-123.0889999999999986
 31
0
  0
LINE
  5
3A5
330
1B
100
AcDbEntity
  8
F.Silkscreen
  6
CONTINUOUS
100
AcDbLine
 10
111.6700000000000017
 20
-117.9549999999999983
 30
0
 11
111.6700000000000017
 21
-119.4799999999999898
 31
0
  0
LINE
  5
3A6
330
1B
100
AcDbEntity
  8
F.Silkscreen
  6
CONTINUOUS
100
AcDbLine
 10
111.6700000000000017
 20
-121.5599999999999881
 30
0
 11
111.6700000000000017
 21
-123.0849999999999937
 31
0
  0
LINE
  5
3A7
330
1B
100
AcDbEntity
  8
F.Silkscreen
  6
CONTINUOUS
100
AcDbLine
 10
111.7099999999999937
 20
-117.9599999999999937
 30
0
 11
111.7099999999999937
 21
-119.4799999999999898
 31
0
  0
LINE
  5
3A8
330
1B
100
AcDbEntity
  8
F.Silkscreen
  6
CONTINUOUS
100
AcDbLine
 10
111.7099999999999937
 20
-121.5599999999999881
 30
0
 11
111.7099999999999937
 21
-123.0799999999999983
 31
0
  0
LINE
  5
3A9
330
1B
100
AcDbEntity
  8
F.Silkscreen
  6
CONTINUOUS
100
AcDbLine
 10
111.75
 20
-117.9649999999999892
 30
0
 11
111.75
 21
-119.4799999999999898
 31
0
  0
LINE
  5
3AA
330
1B
100
AcDbEntity
  8
F.Silkscreen
  6
CONTINUOUS
100
AcDbLine
 10
111.75
 20
-121.5599999999999881
 30
0
 11
111.75
 21
-123.0749999999999886
 31
0
  0
LINE
  5
3AB
330
1B
100
AcDbEntity
  8
F.Silkscreen
  6
CONTINUOUS
100
AcDbLine
 10
111.789999999999992
 20
-117.9709999999999894
 30
0
 11
111.789999999999992
 21
-119.4799999999999898
 31
0
  0
LINE
  5
3AC
330
1B
100
AcDbEntity
  8
F.Silkscreen
  6
CONTINUOUS
100
AcDbLine
 10
111.789999999999992
 20
-121.5599999999999881
 30
0
 11
111.789999999999992
 21
-123.0689999999999884
 31
0
  0
LINE
  5
3AD
330
1B
100
AcDbEntity
  8
F.Silkscreen
  6
CONTINUOUS
100
AcDbLine
 10
111.8299999999999983
 20
-117.9769999999999897
 30
0
 11
111.8299999999999983
 21
-119.4799999999999898
 31
0
  0
LINE
  5
3AE
330
1B
100
AcDbEntity
  8
F.Silkscreen
  6
CONTINUOUS
100
AcDbLine
 10
111.8299999999999983
 20
-121.5599999999999881
 30
0
 11
111.8299999999999983
 21
-123.0629999999999882
 31
0
  0
LINE
  5
3AF
330
1B
100
AcDbEntity
  8
F.Silkscreen
  6
CONTINUOUS
100
AcDbLine
 10
111.8699999999999903
 20
-117.9839999999999947
 30
0
 11
111.8699999999999903
 21
-119.4799999999999898
 31
0
  0
LINE
  5
3B0
330
1B
100
AcDbEntity
  8
F.Silkscreen
  6
CONTINUOUS
100
AcDbLine
 10
111.8699999999999903
 20
-121.5599999999999881
 30
0
 11
111.8699999999999903
 21
-123.0559999999999974
 31
0
  0
LINE
  5
3B1
330
1B
100
AcDbEntity
  8
F.Silkscreen
  6
CONTINUOUS
100
AcDbLine
 10
111.9099999999999966
 20
-117.9919999999999902
 30
0
 11
111.9099999999999966
 21
-119.4799999999999898
 31
0
  0
LINE
  5
3B2
330
1B
100
AcDbEntity
  8
F.Silkscreen
  6
CONTINUOUS
100
AcDbLine
 10
111.9099999999999966
 20
-121.5599999999999881
 30
0
 11
111.9099999999999966
 21
-123.0479999999999876
 31
0
  0
LINE
  5
3B3
330
1B
100
AcDbEntity
  8
F.Silkscreen
  6
CONTINUOUS
100
AcDbLine
 10
111.9499999999999886
 20
-118.0009999999999906
 30
0
 11
111.9499999999999886
 21
-119.4799999999999898
 31
0
  0
LINE
  5
3B4
330
1B
100
AcDbEntity
  8
F.Silkscreen
  6
CONTINUOUS
100
AcDbLine
 10
111.9499999999999886
 20
-121.5599999999999881
 30
0
 11
111.9499999999999886
 21
-123.0390000000000015
 31
0
  0
LINE
  5
3B5
330
1B
100
AcDbEntity
  8
F.Silkscreen
  6
CONTINUOUS
100
AcDbLine
 10
111.9899999999999949
 20
-118.0099999999999909
 30
0
 11
111.9899999999999949
 21
-119.4799999999999898
 31
0
  0
LINE
  5
3B6
330
1B
100
AcDbEntity
  8
F.Silkscreen
  6
CONTINUOUS
100
AcDbLine
 10
111.9899999999999949
 20
-121.5599999999999881
 30
0
 11
111.9899999999999949
 21
-123.0300000000000011
 31
0
  0
LINE
  5
3B7
330
1B
100
AcDbEntity
  8
F.Silkscreen
  6
CONTINUOUS
100
AcDbLine
 10
112.0300000000000011
 20
-118.0189999999999912
 30
0
 11
112.0300000000000011
 21
-119.4799999999999898
 31
0
  0
LINE
  5
3B8
330
1B
100
AcDbEntity
  8
F.Silkscreen
  6
CONTINUOUS
100
AcDbLine
 10
112.0300000000000011
 20
-121.5599999999999881
 30
0
 11
112.0300000000000011
 21
-123.0210000000000008
 31
0
  0
LINE
  5
3B9
330
1B
100
AcDbEntity
  8
F.Silkscreen
  6
CONTINUOUS
100
AcDbLine
 10
112.0699999999999932
 20
-118.0300000000000011
 30
0
 11
112.0699999999999932
 21
-119.4799999999999898
 31
0
  0
LINE
  5
3BA
330
1B
100
AcDbEntity
  8
F.Silkscreen
  6
CONTINUOUS
100
AcDbLine
 10
112.0699999999999932
 20
-121.5599999999999881
 30
0
 11
112.0699999999999932
 21
-123.0099999999999909
 31
0
  0
LINE
  5
3BB
330
1B
100
AcDbEntity
  8
F.Silkscreen
  6
CONTINUOUS
100
AcDbLine
 10
112.1099999999999994
 20
-118.0409999999999968
 30
0
 11
112.1099999999999994
 21
-119.4799999999999898
 31
0
  0
LINE
  5
3BC
330
1B
100
AcDbEntity
  8
F.Silkscreen
  6
CONTINUOUS
100
AcDbLine
 10
112.1099999999999994
 20
-121.5599999999999881
 30
0
 11
112.1099999999999994
 21
-122.9989999999999952
 31
0
  0
LINE
  5
3BD
330
1B
100
AcDbEntity
  8
F.Silkscreen
  6
CONTINUOUS
100
AcDbLine
 10
112.1499999999999915
 20
-118.0529999999999973
 30
0
 11
112.1499999999999915
 21
-119.4799999999999898
 31
0
  0
LINE
  5
3BE
330
1B
100
AcDbEntity
  8
F.Silkscreen
  6
CONTINUOUS
100
AcDbLine
 10
112.1499999999999915
 20
-121.5599999999999881
 30
0
 11
112.1499999999999915
 21
-122.9869999999999948
 31
0
  0
LINE
  5
3BF
330
1B
100
AcDbEntity
  8
F.Silkscreen
  6
CONTINUOUS
100
AcDbLine
 10
112.1899999999999977
 20
-118.0649999999999977
 30
0
 11
112.1899999999999977
 21
-119.4799999999999898
 31
0
  0
LINE
  5
3C0
330
1B
100
AcDbEntity
  8
F.Silkscreen
  6
CONTINUOUS
100
AcDbLine
 10
112.1899999999999977
 20
-121.5599999999999881
 30
0
 11
112.1899999999999977
 21
-122.9749999999999943
 31
0
  0
LINE
  5
3C1
330
1B
100
AcDbEntity
  8
F.Silkscreen
  6
CONTINUOUS
100
AcDbLine
 10
112.2299999999999898
 20
-118.0779999999999887
 30
0
 11
112.2299999999999898
 21
-119.4799999999999898
 31
0
  0
LINE
  5
3C2
330
1B
100
AcDbEntity
  8
F.Silkscreen
  6
CONTINUOUS
100
AcDbLine
 10
112.2299999999999898
 20
-121.5599999999999881
 30
0
 11
112.2299999999999898
 21
-122.9619999999999891
 31
0
  0
LINE
  5
3C3
330
1B
100
AcDbEntity
  8
F.Silkscreen
  6
CONTINUOUS
100
AcDbLine
 10
112.269999999999996
 20
-118.0919999999999987
 30
0
 11
112.269999999999996
 21
-119.4799999999999898
 31
0
  0
LINE
  5
3C4
330
1B
100
AcDbEntity
  8
F.Silkscreen
  6
CONTINUOUS
100
AcDbLine
 10
112.269999999999996
 20
-121.5599999999999881
 30
0
 11
112.269999999999996
 21
-122.9479999999999933
 31
0
  0
LINE
  5
3C5
330
1B
100
AcDbEntity
  8
F.Silkscreen
  6
CONTINUOUS
100
AcDbLine
 10
112.3099999999999881
 20
-118.1069999999999993
 30
0
 11
112.3099999999999881
 21
-119.4799999999999898
 31
0
  0
LINE
  5
3C6
330
1B
100
AcDbEntity
  8
F.Silkscreen
  6
CONTINUOUS
100
AcDbLine
 10
112.3099999999999881
 20
-121.5599999999999881
 30
0
 11
112.3099999999999881
 21
-122.9329999999999927
 31
0
  0
LINE
  5
3C7
330
1B
100
AcDbEntity
  8
F.Silkscreen
  6
CONTINUOUS
100
AcDbLine
 10
112.3499999999999943
 20
-118.1219999999999999
 30
0
 11
112.3499999999999943
 21
-119.4799999999999898
 31
0
  0
LINE
  5
3C8
330
1B
100
AcDbEntity
  8
F.Silkscreen
  6
CONTINUOUS
100
AcDbLine
 10
112.3499999999999943
 20
-121.5599999999999881
 30
0
 11
112.3499999999999943
 21
-122.9179999999999922
 31
0
  0
LINE
  5
3C9
330
1B
100
AcDbEntity
  8
F.Silkscreen
  6
CONTINUOUS
100
AcDbLine
 10
112.3900000000000006
 20
-118.137999999999991
 30
0
 11
112.3900000000000006
 21
-119.4799999999999898
 31
0
  0
LINE
  5
3CA
330
1B
100
AcDbEntity
  8
F.Silkscreen
  6
CONTINUOUS
100
AcDbLine
 10
112.3900000000000006
 20
-121.5599999999999881
 30
0
 11
112.3900000000000006
 21
-122.902000000000001
 31
0
  0
LINE
  5
3CB
330
1B
100
AcDbEntity
  8
F.Silkscreen
  6
CONTINUOUS
100
AcDbLine
 10
112.4299999999999926
 20
-118.1550000000000011
 30
0
 11
112.4299999999999926
 21
-119.4799999999999898
 31
0
  0
LINE
  5
3CC
330
1B
100
AcDbEntity
  8
F.Silkscreen
  6
CONTINUOUS
100
AcDbLine
 10
112.4299999999999926
 20
-121.5599999999999881
 30
0
 11
112.4299999999999926
 21
-122.8849999999999909
 31
0
  0
LINE
  5
3CD
330
1B
100
AcDbEntity
  8
F.Silkscreen
  6
CONTINUOUS
100
AcDbLine
 10
112.4699999999999989
 20
-118.1729999999999876
 30
0
 11
112.4699999999999989
 21
-119.4799999999999898
 31
0
  0
LINE
  5
3CE
330
1B
100
AcDbEntity
  8
F.Silkscreen
  6
CONTINUOUS
100
AcDbLine
 10
112.4699999999999989
 20
-121.5599999999999881
 30
0
 11
112.4699999999999989
 21
-122.8669999999999902
 31
0
  0
LINE
  5
3CF
330
1B
100
AcDbEntity
  8
F.Silkscreen
  6
CONTINUOUS
100
AcDbLine
 10
112.5099999999999909
 20
-118.1909999999999883
 30
0
 11
112.5099999999999909
 21
-119.4799999999999898
 31
0
  0
LINE
  5
3D0
330
1B
100
AcDbEntity
  8
F.Silkscreen
  6
CONTINUOUS
100
AcDbLine
 10
112.5099999999999909
 20
-121.5599999999999881
 30
0
 11
112.5099999999999909
 21
-122.8489999999999895
 31
0
  0
LINE
  5
3D1
330
1B
100
AcDbEntity
  8
F.Silkscreen
  6
CONTINUOUS
100
AcDbLine
 10
112.5499999999999972
 20
-118.2109999999999985
 30
0
 11
112.5499999999999972
 21
-119.4799999999999898
 31
0
  0
LINE
  5
3D2
330
1B
100
AcDbEntity
  8
F.Silkscreen
  6
CONTINUOUS
100
AcDbLine
 10
112.5499999999999972
 20
-121.5599999999999881
 30
0
 11
112.5499999999999972
 21
-122.8289999999999935
 31
0
  0
LINE
  5
3D3
330
1B
100
AcDbEntity
  8
F.Silkscreen
  6
CONTINUOUS
100
AcDbLine
 10
112.5899999999999892
 20
-118.2309999999999945
 30
0
 11
112.5899999999999892
 21
-119.4799999999999898
 31
0
  0
LINE
  5
3D4
330
1B
100
AcDbEntity
  8
F.Silkscreen
  6
CONTINUOUS
100
AcDbLine
 10
112.5899999999999892
 20
-121.5599999999999881
 30
0
 11
112.5899999999999892
 21
-122.8089999999999975
 31
0
  0
LINE
  5
3D5
330
1B
100
AcDbEntity
  8
F.Silkscreen
  6
CONTINUOUS
100
AcDbLine
 10
112.6299999999999955
 20
-118.2519999999999953
 30
0
 11
112.6299999999999955
 21
-119.4799999999999898
 31
0
  0
LINE
  5
3D6
330
1B
100
AcDbEntity
  8
F.Silkscreen
  6
CONTINUOUS
100
AcDbLine
 10
112.6299999999999955
 20
-121.5599999999999881
 30
0
 11
112.6299999999999955
 21
-122.7879999999999967
 31
0
  0
LINE
  5
3D7
330
1B
100
AcDbEntity
  8
F.Silkscreen
  6
CONTINUOUS
100
AcDbLine
 10
112.6700000000000017
 20
-118.2740000000000009
 30
0
 11
112.6700000000000017
 21
-119.4799999999999898
 31
0
  0
LINE
  5
3D8
330
1B
100
AcDbEntity
  8
F.Silkscreen
  6
CONTINUOUS
100
AcDbLine
 10
112.6700000000000017
 20
-121.5599999999999881
 30
0
 11
112.6700000000000017
 21
-122.7659999999999911
 31
0
  0
LINE
  5
3D9
330
1B
100
AcDbEntity
  8
F.Silkscreen
  6
CONTINUOUS
100
AcDbLine
 10
112.7099999999999937
 20
-118.296999999999997
 30
0
 11
112.7099999999999937
 21
-119.4799999999999898
 31
0
  0
LINE
  5
3DA
330
1B
100
AcDbEntity
  8
F.Silkscreen
  6
CONTINUOUS
100
AcDbLine
 10
112.7099999999999937
 20
-121.5599999999999881
 30
0
 11
112.7099999999999937
 21
-122.742999999999995
 31
0
  0
LINE
  5
3DB
330
1B
100
AcDbEntity
  8
F.Silkscreen
  6
CONTINUOUS
100
AcDbLine
 10
112.75
 20
-118.320999999999998
 30
0
 11
112.75
 21
-119.4799999999999898
 31
0
  0
LINE
  5
3DC
330
1B
100
AcDbEntity
  8
F.Silkscreen
  6
CONTINUOUS
100
AcDbLine
 10
112.75
 20
-121.5599999999999881
 30
0
 11
112.75
 21
-122.7189999999999941
 31
0
  0
LINE
  5
3DD
330
1B
100
AcDbEntity
  8
F.Silkscreen
  6
CONTINUOUS
100
AcDbLine
 10
112.789999999999992
 20
-118.3449999999999989
 30
0
 11
112.789999999999992
 21
-119.4799999999999898
 31
0
  0
LINE
  5
3DE
330
1B
100
AcDbEntity
  8
F.Silkscreen
  6
CONTINUOUS
100
AcDbLine
 10
112.789999999999992
 20
-121.5599999999999881
 30
0
 11
112.789999999999992
 21
-122.6949999999999932
 31
0
  0
LINE
  5
3DF
330
1B
100
AcDbEntity
  8
F.Silkscreen
  6
CONTINUOUS
100
AcDbLine
 10
112.8299999999999983
 20
-118.3709999999999951
 30
0
 11
112.8299999999999983
 21
-119.4799999999999898
 31
0
  0
LINE
  5
3E0
330
1B
100
AcDbEntity
  8
F.Silkscreen
  6
CONTINUOUS
100
AcDbLine
 10
112.8299999999999983
 20
-121.5599999999999881
 30
0
 11
112.8299999999999983
 21
-122.6689999999999969
 31
0
  0
LINE
  5
3E1
330
1B
100
AcDbEntity
  8
F.Silkscreen
  6
CONTINUOUS
100
AcDbLine
 10
112.8699999999999903
 20
-118.3979999999999961
 30
0
 11
112.8699999999999903
 21
-119.4799999999999898
 31
0
  0
LINE
  5
3E2
330
1B
100
AcDbEntity
  8
F.Silkscreen
  6
CONTINUOUS
100
AcDbLine
 10
112.8699999999999903
 20
-121.5599999999999881
 30
0
 11
112.8699999999999903
 21
-122.6419999999999959
 31
0
  0
LINE
  5
3E3
330
1B
100
AcDbEntity
  8
F.Silkscreen
  6
CONTINUOUS
100
AcDbLine
 10
112.9099999999999966
 20
-118.4259999999999877
 30
0
 11
112.9099999999999966
 21
-119.4799999999999898
 31
0
  0
LINE
  5
3E4
330
1B
100
AcDbEntity
  8
F.Silkscreen
  6
CONTINUOUS
100
AcDbLine
 10
112.9099999999999966
 20
-121.5599999999999881
 30
0
 11
112.9099999999999966
 21
-122.6139999999999901
 31
0
  0
LINE
  5
3E5
330
1B
100
AcDbEntity
  8
F.Silkscreen
  6
CONTINUOUS
100
AcDbLine
 10
112.9499999999999886
 20
-118.4549999999999983
 30
0
 11
112.9499999999999886
 21
-119.4799999999999898
 31
0
  0
LINE
  5
3E6
330
1B
100
AcDbEntity
  8
F.Silkscreen
  6
CONTINUOUS
100
AcDbLine
 10
112.9499999999999886
 20
-121.5599999999999881
 30
0
 11
112.9499999999999886
 21
-122.5849999999999937
 31
0
  0
LINE
  5
3E7
330
1B
100
AcDbEntity
  8
F.Silkscreen
  6
CONTINUOUS
100
AcDbLine
 10
112.9899999999999949
 20
-118.4849999999999994
 30
0
 11
112.9899999999999949
 21
-119.4799999999999898
 31
0
  0
LINE
  5
3E8
330
1B
100
AcDbEntity
  8
F.Silkscreen
  6
CONTINUOUS
100
AcDbLine
 10
112.9899999999999949
 20
-121.5599999999999881
 30
0
 11
112.9899999999999949
 21
-122.5549999999999926
 31
0
  0
LINE
  5
3E9
330
1B
100
AcDbEntity
  8
F.Silkscreen
  6
CONTINUOUS
100
AcDbLine
 10
113.0300000000000011
 20
-118.5169999999999959
 30
0
 11
113.0300000000000011
 21
-119.4799999999999898
 31
0
  0
LINE
  5
3EA
330
1B
100
AcDbEntity
  8
F.Silkscreen
  6
CONTINUOUS
100
AcDbLine
 10
113.0300000000000011
 20
-121.5599999999999881
 30
0
 11
113.0300000000000011
 21
-122.5229999999999961
 31
0
  0
LINE
  5
3EB
330
1B
100
AcDbEntity
  8
F.Silkscreen
  6
CONTINUOUS
100
AcDbLine
 10
113.0699999999999932
 20
-118.5499999999999972
 30
0
 11
113.0699999999999932
 21
-119.4799999999999898
 31
0
  0
LINE
  5
3EC
330
1B
100
AcDbEntity
  8
F.Silkscreen
  6
CONTINUOUS
100
AcDbLine
 10
113.0699999999999932
 20
-121.5599999999999881
 30
0
 11
113.0699999999999932
 21
-122.4899999999999949
 31
0
  0
LINE
  5
3ED
330
1B
100
AcDbEntity
  8
F.Silkscreen
  6
CONTINUOUS
100
AcDbLine
 10
113.1099999999999994
 20
-118.583999999999989
 30
0
 11
113.1099999999999994
 21
-119.4799999999999898
 31
0
  0
LINE
  5
3EE
330
1B
100
AcDbEntity
  8
F.Silkscreen
  6
CONTINUOUS
100
AcDbLine
 10
113.1099999999999994
 20
-121.5599999999999881
 30
0
 11
113.1099999999999994
 21
-122.4559999999999889
 31
0
  0
LINE
  5
3EF
330
1B
100
AcDbEntity
  8
F.Silkscreen
  6
CONTINUOUS
100
AcDbLine
 10
113.1499999999999915
 20
-118.6189999999999998
 30
0
 11
113.1499999999999915
 21
-119.4799999999999898
 31
0
  0
LINE
  5
3F0
330
1B
100
AcDbEntity
  8
F.Silkscreen
  6
CONTINUOUS
100
AcDbLine
 10
113.1499999999999915
 20
-121.5599999999999881
 30
0
 11
113.1499999999999915
 21
-122.4209999999999923
 31
0
  0
LINE
  5
3F1
330
1B
100
AcDbEntity
  8
F.Silkscreen
  6
CONTINUOUS
100
AcDbLine
 10
113.1899999999999977
 20
-118.6559999999999917
 30
0
 11
113.1899999999999977
 21
-119.4799999999999898
 31
0
  0
LINE
  5
3F2
330
1B
100
AcDbEntity
  8
F.Silkscreen
  6
CONTINUOUS
100
AcDbLine
 10
113.1899999999999977
 20
-121.5599999999999881
 30
0
 11
113.1899999999999977
 21
-122.3840000000000003
 31
0
  0
LINE
  5
3F3
330
1B
100
AcDbEntity
  8
F.Silkscreen
  6
CONTINUOUS
100
AcDbLine
 10
113.2299999999999898
 20
-118.6949999999999932
 30
0
 11
113.2299999999999898
 21
-119.4799999999999898
 31
0
  0
LINE
  5
3F4
330
1B
100
AcDbEntity
  8
F.Silkscreen
  6
CONTINUOUS
100
AcDbLine
 10
113.2299999999999898
 20
-121.5599999999999881
 30
0
 11
113.2299999999999898
 21
-122.3449999999999989
 31
0
  0
LINE
  5
3F5
330
1B
100
AcDbEntity
  8
F.Silkscreen
  6
CONTINUOUS
100
AcDbLine
 10
113.269999999999996
 20
-118.7349999999999994
 30
0
 11
113.269999999999996
 21
-119.4799999999999898
 31
0
  0
LINE
  5
3F6
330
1B
100
AcDbEntity
  8
F.Silkscreen
  6
CONTINUOUS
100
AcDbLine
 10
113.269999999999996
 20
-121.5599999999999881
 30
0
 11
113.269999999999996
 21
-122.3049999999999926
 31
0
  0
LINE
  5
3F7
330
1B
100
AcDbEntity
  8
F.Silkscreen
  6
CONTINUOUS
100
AcDbLine
 10
113.3099999999999881
 20
-118.777000000000001
 30
0
 11
113.3099999999999881
 21
-119.4799999999999898
 31
0
  0
LINE
  5
3F8
330
1B
100
AcDbEntity
  8
F.Silkscreen
  6
CONTINUOUS
100
AcDbLine
 10
113.3099999999999881
 20
-121.5599999999999881
 30
0
 11
113.3099999999999881
 21
-122.262999999999991
 31
0
  0
LINE
  5
3F9
330
1B
100
AcDbEntity
  8
F.Silkscreen
  6
CONTINUOUS
100
AcDbLine
 10
113.3499999999999943
 20
-118.820999999999998
 30
0
 11
113.3499999999999943
 21
-119.4799999999999898
 31
0
  0
LINE
  5
3FA
330
1B
100
AcDbEntity
  8
F.Silkscreen
  6
CONTINUOUS
100
AcDbLine
 10
113.3499999999999943
 20
-121.5599999999999881
 30
0
 11
113.3499999999999943
 21
-122.2189999999999941
 31
0
  0
LINE
  5
3FB
330
1B
100
AcDbEntity
  8
F.Silkscreen
  6
CONTINUOUS
100
AcDbLine
 10
113.3900000000000006
 20
-118.867999999999995
 30
0
 11
113.3900000000000006
 21
-119.4799999999999898
 31
0
  0
LINE
  5
3FC
330
1B
100
AcDbEntity
  8
F.Silkscreen
  6
CONTINUOUS
100
AcDbLine
 10
113.3900000000000006
 20
-121.5599999999999881
 30
0
 11
113.3900000000000006
 21
-122.171999999999997
 31
0
  0
LINE
  5
3FD
330
1B
100
AcDbEntity
  8
F.Silkscreen
  6
CONTINUOUS
100
AcDbLine
 10
113.4299999999999926
 20
-118.9159999999999968
 30
0
 11
113.4299999999999926
 21
-119.4799999999999898
 31
0
  0
LINE
  5
3FE
330
1B
100
AcDbEntity
  8
F.Silkscreen
  6
CONTINUOUS
100
AcDbLine
 10
113.4299999999999926
 20
-121.5599999999999881
 30
0
 11
113.4299999999999926
 21
-122.1239999999999952
 31
0
  0
LINE
  5
3FF
330
1B
100
AcDbEntity
  8
F.Silkscreen
  6
CONTINUOUS
100
AcDbLine
 10
113.4699999999999989
 20
-118.9669999999999987
 30
0
 11
113.4699999999999989
 21
-119.4799999999999898
 31
0
  0
LINE
  5
400
330
1B
100
AcDbEntity
  8
F.Silkscreen
  6
CONTINUOUS
100
AcDbLine
 10
113.4699999999999989
 20
-121.5599999999999881
 30
0
 11
113.4699999999999989
 21
-122.0729999999999933
 31
0
  0
LINE
  5
401
330
1B
100
AcDbEntity
  8
F.Silkscreen
  6
CONTINUOUS
100
AcDbLine
 10
113.5099999999999909
 20
-119.0210000000000008
 30
0
 11
113.5099999999999909
 21
-119.4799999999999898
 31
0
  0
LINE
  5
402
330
1B
100
AcDbEntity
  8
F.Silkscreen
  6
CONTINUOUS
100
AcDbLine
 10
113.5099999999999909
 20
-121.5599999999999881
 30
0
 11
113.5099999999999909
 21
-122.0189999999999912
 31
0
  0
LINE
  5
403
330
1B
100
AcDbEntity
  8
F.Silkscreen
  6
CONTINUOUS
100
AcDbLine
 10
113.5499999999999972
 20
-119.0769999999999982
 30
0
 11
113.5499999999999972
 21
-119.4799999999999898
 31
0
  0
LINE
  5
404
330
1B
100
AcDbEntity
  8
F.Silkscreen
  6
CONTINUOUS
100
AcDbLine
 10
113.5499999999999972
 20
-121.5599999999999881
 30
0
 11
113.5499999999999972
 21
-121.9629999999999939
 31
0
  0
LINE
  5
405
330
1B
100
AcDbEntity
  8
F.Silkscreen
  6
CONTINUOUS
100
AcDbLine
 10
113.5899999999999892
 20
-119.1370000000000005
 30
0
 11
113.5899999999999892
 21
-119.4799999999999898
 31
0
  0
LINE
  5
406
330
1B
100
AcDbEntity
  8
F.Silkscreen
  6
CONTINUOUS
100
AcDbLine
 10
113.5899999999999892
 20
-121.5599999999999881
 30
0
 11
113.5899999999999892
 21
-121.9029999999999916
 31
0
  0
LINE
  5
407
330
1B
100
AcDbEntity
  8
F.Silkscreen
  6
CONTINUOUS
100
AcDbLine
 10
113.6299999999999955
 20
-119.2009999999999934
 30
0
 11
113.6299999999999955
 21
-119.4799999999999898
 31
0
  0
LINE
  5
408
330
1B
100
AcDbEntity
  8
F.Silkscreen
  6
CONTINUOUS
100
AcDbLine
 10
113.6299999999999955
 20
-121.5599999999999881
 30
0
 11
113.6299999999999955
 21
-121.8389999999999986
 31
0
  0
LINE
  5
409
330
1B
100
AcDbEntity
  8
F.Silkscreen
  6
CONTINUOUS
100
AcDbLine
 10
113.6700000000000017
 20
-119.2689999999999912
 30
0
 11
113.6700000000000017
 21
-119.4799999999999898
 31
0
  0
LINE
  5
40A
330
1B
100
AcDbEntity
  8
F.Silkscreen
  6
CONTINUOUS
100
AcDbLine
 10
113.6700000000000017
 20
-121.5599999999999881
 30
0
 11
113.6700000000000017
 21
-121.7710000000000008
 31
0
  0
LINE
  5
40B
330
1B
100
AcDbEntity
  8
F.Silkscreen
  6
CONTINUOUS
100
AcDbLine
 10
113.7099999999999937
 20
-119.3429999999999893
 30
0
 11
113.7099999999999937
 21
-121.6969999999999885
 31
0
  0
LINE
  5
40C
330
1B
100
AcDbEntity
  8
F.Silkscreen
  6
CONTINUOUS
100
AcDbLine
 10
113.75
 20
-119.421999999999997
 30
0
 11
113.75
 21
-121.617999999999995
 31
0
  0
LINE
  5
40D
330
1B
100
AcDbEntity
  8
F.Silkscreen
  6
CONTINUOUS
100
AcDbLine
 10
113.789999999999992
 20
-119.5090000000000003
 30
0
 11
113.789999999999992
 21
-121.5309999999999917
 31
0
  0
LINE
  5
40E
330
1B
100
AcDbEntity
  8
F.Silkscreen
  6
CONTINUOUS
100
AcDbLine
 10
113.8299999999999983
 20
-119.6059999999999945
 30
0
 11
113.8299999999999983
 21
-121.4339999999999975
 31
0
  0
LINE
  5
40F
330
1B
100
AcDbEntity
  8
F.Silkscreen
  6
CONTINUOUS
100
AcDbLine
 10
113.8699999999999903
 20
-119.7149999999999892
 30
0
 11
113.8699999999999903
 21
-121.3249999999999886
 31
0
  0
LINE
  5
410
330
1B
100
AcDbEntity
  8
F.Silkscreen
  6
CONTINUOUS
100
AcDbLine
 10
113.9099999999999966
 20
-119.8429999999999893
 30
0
 11
113.9099999999999966
 21
-121.1969999999999885
 31
0
  0
LINE
  5
411
330
1B
100
AcDbEntity
  8
F.Silkscreen
  6
CONTINUOUS
100
AcDbLine
 10
113.9499999999999886
 20
-120.0030000000000001
 30
0
 11
113.9499999999999886
 21
-121.0369999999999919
 31
0
  0
LINE
  5
412
330
1B
100
AcDbEntity
  8
F.Silkscreen
  6
CONTINUOUS
100
AcDbLine
 10
113.9899999999999949
 20
-120.2369999999999948
 30
0
 11
113.9899999999999949
 21
-120.8029999999999973
 31
0
  0
CIRCLE
  5
413
330
1B
100
AcDbEntity
  8
F.Silkscreen
100
AcDbCircle
 10
111.3900000000000006
 20
-120.519999999999996
 30
0
 40
2.6199999999999997
  0
LINE
  5
414
330
1B
100
AcDbEntity
  8
F.Silkscreen
  6
CONTINUOUS
100
AcDbLine
 10
158.7599999999999909
 20
-101.6400000000000006
 30
0
 11
160.1399999999999864
 21
-101.6400000000000006
 31
0
  0
LINE
  5
415
330
1B
100
AcDbEntity
  8
F.Silkscreen
  6
CONTINUOUS
100
AcDbLine
 10
158.7599999999999909
 20
-103.019999999999996
 30
0
 11
158.7599999999999909
 21
-101.6400000000000006
 31
0
  0
LINE
  5
416
330
1B
100
AcDbEntity
  8
F.Silkscreen
  6
CONTINUOUS
100
AcDbLine
 10
158.7599999999999909
 20
-104.289999999999992
 30
0
 11
158.7599999999999909
 21
-112.019999999999996
 31
0
  0
LINE
  5
417
330
1B
100
AcDbEntity
  8
F.Silkscreen
  6
CONTINUOUS
100
AcDbLine
 10
158.7599999999999909
 20
-104.289999999999992
 30
0
 11
161.5199999999999818
 21
-104.289999999999992
 31
0
  0
LINE
  5
418
330
1B
100
AcDbEntity
  8
F.Silkscreen
  6
CONTINUOUS
100
AcDbLine
 10
158.7599999999999909
 20
-112.019999999999996
 30
0
 11
161.5199999999999818
 21
-112.019999999999996
 31
0
  0
LINE
  5
419
330
1B
100
AcDbEntity
  8
F.Silkscreen
  6
CONTINUOUS
100
AcDbLine
 10
161.5199999999999818
 20
-104.289999999999992
 30
0
 11
161.5199999999999818
 21
-112.019999999999996
 31
0
  0
LINE
  5
41A
330
1B
100
AcDbEntity
  8
F.Silkscreen
  6
CONTINUOUS
100
AcDbLine
 10
140.6399999999999864
 20
-116.6499999999999915
 30
0
 11
145.8799999999999955
 21
-116.6499999999999915
 31
0
  0
LINE
  5
41B
330
1B
100
AcDbEntity
  8
F.Silkscreen
  6
CONTINUOUS
100
AcDbLine
 10
140.6399999999999864
 20
-116.9869999999999948
 30
0
 11
140.6399999999999864
 21
-116.6499999999999915
 31
0
  0
LINE
  5
41C
330
1B
100
AcDbEntity
  8
F.Silkscreen
  6
CONTINUOUS
100
AcDbLine
 10
140.6399999999999864
 20
-119.3900000000000006
 30
0
 11
140.6399999999999864
 21
-119.0529999999999973
 31
0
  0
LINE
  5
41D
330
1B
100
AcDbEntity
  8
F.Silkscreen
  6
CONTINUOUS
100
AcDbLine
 10
145.8799999999999955
 20
-116.6499999999999915
 30
0
 11
145.8799999999999955
 21
-116.9869999999999948
 31
0
  0
LINE
  5
41E
330
1B
100
AcDbEntity
  8
F.Silkscreen
  6
CONTINUOUS
100
AcDbLine
 10
145.8799999999999955
 20
-119.0529999999999973
 30
0
 11
145.8799999999999955
 21
-119.3900000000000006
 31
0
  0
LINE
  5
41F
330
1B
100
AcDbEntity
  8
F.Silkscreen
  6
CONTINUOUS
100
AcDbLine
 10
145.8799999999999955
 20
-119.3900000000000006
 30
0
 11
140.6399999999999864
 21
-119.3900000000000006
 31
0
  0
LINE
  5
420
330
1B
100
AcDbEntity
  8
F.Silkscreen
  6
CONTINUOUS
100
AcDbLine
 10
107.269999999999996
 20
-108.5599999999999881
 30
0
 11
107.269999999999996
 21
-115.0999999999999943
 31
0
  0
LINE
  5
421
330
1B
100
AcDbEntity
  8
F.Silkscreen
  6
CONTINUOUS
100
AcDbLine
 10
107.269999999999996
 20
-115.0999999999999943
 30
0
 11
107.5999999999999943
 21
-115.0999999999999943
 31
0
  0
LINE
  5
422
330
1B
100
AcDbEntity
  8
F.Silkscreen
  6
CONTINUOUS
100
AcDbLine
 10
107.5999999999999943
 20
-108.5599999999999881
 30
0
 11
107.269999999999996
 21
-108.5599999999999881
 31
0
  0
LINE
  5
423
330
1B
100
AcDbEntity
  8
F.Silkscreen
  6
CONTINUOUS
100
AcDbLine
 10
109.6799999999999926
 20
-108.5599999999999881
 30
0
 11
110.0099999999999909
 21
-108.5599999999999881
 31
0
  0
LINE
  5
424
330
1B
100
AcDbEntity
  8
F.Silkscreen
  6
CONTINUOUS
100
AcDbLine
 10
110.0099999999999909
 20
-108.5599999999999881
 30
0
 11
110.0099999999999909
 21
-115.0999999999999943
 31
0
  0
LINE
  5
425
330
1B
100
AcDbEntity
  8
F.Silkscreen
  6
CONTINUOUS
100
AcDbLine
 10
110.0099999999999909
 20
-115.0999999999999943
 30
0
 11
109.6799999999999926
 21
-115.0999999999999943
 31
0
  0
LINE
  5
426
330
1B
100
AcDbEntity
  8
F.Silkscreen
  6
CONTINUOUS
100
AcDbLine
 10
117.289999999999992
 20
-112.3029999999999973
 30
0
 11
117.289999999999992
 21
-111.7369999999999948
 31
0
  0
LINE
  5
427
330
1B
100
AcDbEntity
  8
F.Silkscreen
  6
CONTINUOUS
100
AcDbLine
 10
117.3299999999999983
 20
-112.5369999999999919
 30
0
 11
117.3299999999999983
 21
-111.5030000000000001
 31
0
  0
LINE
  5
428
330
1B
100
AcDbEntity
  8
F.Silkscreen
  6
CONTINUOUS
100
AcDbLine
 10
117.3699999999999903
 20
-112.6969999999999885
 30
0
 11
117.3699999999999903
 21
-111.3429999999999893
 31
0
  0
LINE
  5
429
330
1B
100
AcDbEntity
  8
F.Silkscreen
  6
CONTINUOUS
100
AcDbLine
 10
117.4099999999999966
 20
-112.8249999999999886
 30
0
 11
117.4099999999999966
 21
-111.2149999999999892
 31
0
  0
LINE
  5
42A
330
1B
100
AcDbEntity
  8
F.Silkscreen
  6
CONTINUOUS
100
AcDbLine
 10
117.4499999999999886
 20
-112.9339999999999975
 30
0
 11
117.4499999999999886
 21
-111.1059999999999945
 31
0
  0
LINE
  5
42B
330
1B
100
AcDbEntity
  8
F.Silkscreen
  6
CONTINUOUS
100
AcDbLine
 10
117.4899999999999949
 20
-113.0309999999999917
 30
0
 11
117.4899999999999949
 21
-111.0090000000000003
 31
0
  0
LINE
  5
42C
330
1B
100
AcDbEntity
  8
F.Silkscreen
  6
CONTINUOUS
100
AcDbLine
 10
117.5300000000000011
 20
-113.117999999999995
 30
0
 11
117.5300000000000011
 21
-110.921999999999997
 31
0
  0
LINE
  5
42D
330
1B
100
AcDbEntity
  8
F.Silkscreen
  6
CONTINUOUS
100
AcDbLine
 10
117.5699999999999932
 20
-113.1969999999999885
 30
0
 11
117.5699999999999932
 21
-110.8429999999999893
 31
0
  0
LINE
  5
42E
330
1B
100
AcDbEntity
  8
F.Silkscreen
  6
CONTINUOUS
100
AcDbLine
 10
117.6099999999999994
 20
-110.9799999999999898
 30
0
 11
117.6099999999999994
 21
-110.7689999999999912
 31
0
  0
LINE
  5
42F
330
1B
100
AcDbEntity
  8
F.Silkscreen
  6
CONTINUOUS
100
AcDbLine
 10
117.6099999999999994
 20
-113.2710000000000008
 30
0
 11
117.6099999999999994
 21
-113.0599999999999881
 31
0
  0
LINE
  5
430
330
1B
100
AcDbEntity
  8
F.Silkscreen
  6
CONTINUOUS
100
AcDbLine
 10
117.6499999999999915
 20
-110.9799999999999898
 30
0
 11
117.6499999999999915
 21
-110.7009999999999934
 31
0
  0
LINE
  5
431
330
1B
100
AcDbEntity
  8
F.Silkscreen
  6
CONTINUOUS
100
AcDbLine
 10
117.6499999999999915
 20
-113.3389999999999986
 30
0
 11
117.6499999999999915
 21
-113.0599999999999881
 31
0
  0
LINE
  5
432
330
1B
100
AcDbEntity
  8
F.Silkscreen
  6
CONTINUOUS
100
AcDbLine
 10
117.6899999999999977
 20
-110.9799999999999898
 30
0
 11
117.6899999999999977
 21
-110.6370000000000005
 31
0
  0
LINE
  5
433
330
1B
100
AcDbEntity
  8
F.Silkscreen
  6
CONTINUOUS
100
AcDbLine
 10
117.6899999999999977
 20
-113.4029999999999916
 30
0
 11
117.6899999999999977
 21
-113.0599999999999881
 31
0
  0
LINE
  5
434
330
1B
100
AcDbEntity
  8
F.Silkscreen
  6
CONTINUOUS
100
AcDbLine
 10
117.7299999999999898
 20
-110.9799999999999898
 30
0
 11
117.7299999999999898
 21
-110.5769999999999982
 31
0
  0
LINE
  5
435
330
1B
100
AcDbEntity
  8
F.Silkscreen
  6
CONTINUOUS
100
AcDbLine
 10
117.7299999999999898
 20
-113.4629999999999939
 30
0
 11
117.7299999999999898
 21
-113.0599999999999881
 31
0
  0
LINE
  5
436
330
1B
100
AcDbEntity
  8
F.Silkscreen
  6
CONTINUOUS
100
AcDbLine
 10
117.769999999999996
 20
-110.9799999999999898
 30
0
 11
117.769999999999996
 21
-110.5210000000000008
 31
0
  0
LINE
  5
437
330
1B
100
AcDbEntity
  8
F.Silkscreen
  6
CONTINUOUS
100
AcDbLine
 10
117.769999999999996
 20
-113.5189999999999912
 30
0
 11
117.769999999999996
 21
-113.0599999999999881
 31
0
  0
LINE
  5
438
330
1B
100
AcDbEntity
  8
F.Silkscreen
  6
CONTINUOUS
100
AcDbLine
 10
117.8099999999999881
 20
-110.9799999999999898
 30
0
 11
117.8099999999999881
 21
-110.4669999999999987
 31
0
  0
LINE
  5
439
330
1B
100
AcDbEntity
  8
F.Silkscreen
  6
CONTINUOUS
100
AcDbLine
 10
117.8099999999999881
 20
-113.5729999999999933
 30
0
 11
117.8099999999999881
 21
-113.0599999999999881
 31
0
  0
LINE
  5
43A
330
1B
100
AcDbEntity
  8
F.Silkscreen
  6
CONTINUOUS
100
AcDbLine
 10
117.8499999999999943
 20
-110.9799999999999898
 30
0
 11
117.8499999999999943
 21
-110.4159999999999968
 31
0
  0
LINE
  5
43B
330
1B
100
AcDbEntity
  8
F.Silkscreen
  6
CONTINUOUS
100
AcDbLine
 10
117.8499999999999943
 20
-113.6239999999999952
 30
0
 11
117.8499999999999943
 21
-113.0599999999999881
 31
0
  0
LINE
  5
43C
330
1B
100
AcDbEntity
  8
F.Silkscreen
  6
CONTINUOUS
100
AcDbLine
 10
117.8900000000000006
 20
-110.9799999999999898
 30
0
 11
117.8900000000000006
 21
-110.367999999999995
 31
0
  0
LINE
  5
43D
330
1B
100
AcDbEntity
  8
F.Silkscreen
  6
CONTINUOUS
100
AcDbLine
 10
117.8900000000000006
 20
-113.671999999999997
 30
0
 11
117.8900000000000006
 21
-113.0599999999999881
 31
0
  0
LINE
  5
43E
330
1B
100
AcDbEntity
  8
F.Silkscreen
  6
CONTINUOUS
100
AcDbLine
 10
117.9299999999999926
 20
-110.9799999999999898
 30
0
 11
117.9299999999999926
 21
-110.320999999999998
 31
0
  0
LINE
  5
43F
330
1B
100
AcDbEntity
  8
F.Silkscreen
  6
CONTINUOUS
100
AcDbLine
 10
117.9299999999999926
 20
-113.7189999999999941
 30
0
 11
117.9299999999999926
 21
-113.0599999999999881
 31
0
  0
LINE
  5
440
330
1B
100
AcDbEntity
  8
F.Silkscreen
  6
CONTINUOUS
100
AcDbLine
 10
117.9699999999999989
 20
-110.9799999999999898
 30
0
 11
117.9699999999999989
 21
-110.277000000000001
 31
0
  0
LINE
  5
441
330
1B
100
AcDbEntity
  8
F.Silkscreen
  6
CONTINUOUS
100
AcDbLine
 10
117.9699999999999989
 20
-113.762999999999991
 30
0
 11
117.9699999999999989
 21
-113.0599999999999881
 31
0
  0
LINE
  5
442
330
1B
100
AcDbEntity
  8
F.Silkscreen
  6
CONTINUOUS
100
AcDbLine
 10
118.0099999999999909
 20
-110.9799999999999898
 30
0
 11
118.0099999999999909
 21
-110.2349999999999994
 31
0
  0
LINE
  5
443
330
1B
100
AcDbEntity
  8
F.Silkscreen
  6
CONTINUOUS
100
AcDbLine
 10
118.0099999999999909
 20
-113.8049999999999926
 30
0
 11
118.0099999999999909
 21
-113.0599999999999881
 31
0
  0
LINE
  5
444
330
1B
100
AcDbEntity
  8
F.Silkscreen
  6
CONTINUOUS
100
AcDbLine
 10
118.0499999999999972
 20
-110.9799999999999898
 30
0
 11
118.0499999999999972
 21
-110.1949999999999932
 31
0
  0
LINE
  5
445
330
1B
100
AcDbEntity
  8
F.Silkscreen
  6
CONTINUOUS
100
AcDbLine
 10
118.0499999999999972
 20
-113.8449999999999989
 30
0
 11
118.0499999999999972
 21
-113.0599999999999881
 31
0
  0
LINE
  5
446
330
1B
100
AcDbEntity
  8
F.Silkscreen
  6
CONTINUOUS
100
AcDbLine
 10
118.0899999999999892
 20
-110.9799999999999898
 30
0
 11
118.0899999999999892
 21
-110.1559999999999917
 31
0
  0
LINE
  5
447
330
1B
100
AcDbEntity
  8
F.Silkscreen
  6
CONTINUOUS
100
AcDbLine
 10
118.0899999999999892
 20
-113.8840000000000003
 30
0
 11
118.0899999999999892
 21
-113.0599999999999881
 31
0
  0
LINE
  5
448
330
1B
100
AcDbEntity
  8
F.Silkscreen
  6
CONTINUOUS
100
AcDbLine
 10
118.1299999999999955
 20
-110.9799999999999898
 30
0
 11
118.1299999999999955
 21
-110.1189999999999998
 31
0
  0
LINE
  5
449
330
1B
100
AcDbEntity
  8
F.Silkscreen
  6
CONTINUOUS
100
AcDbLine
 10
118.1299999999999955
 20
-113.9209999999999923
 30
0
 11
118.1299999999999955
 21
-113.0599999999999881
 31
0
  0
LINE
  5
44A
330
1B
100
AcDbEntity
  8
F.Silkscreen
  6
CONTINUOUS
100
AcDbLine
 10
118.1700000000000017
 20
-110.9799999999999898
 30
0
 11
118.1700000000000017
 21
-110.083999999999989
 31
0
  0
LINE
  5
44B
330
1B
100
AcDbEntity
  8
F.Silkscreen
  6
CONTINUOUS
100
AcDbLine
 10
118.1700000000000017
 20
-113.9559999999999889
 30
0
 11
118.1700000000000017
 21
-113.0599999999999881
 31
0
  0
LINE
  5
44C
330
1B
100
AcDbEntity
  8
F.Silkscreen
  6
CONTINUOUS
100
AcDbLine
 10
118.2099999999999937
 20
-110.9799999999999898
 30
0
 11
118.2099999999999937
 21
-110.0499999999999972
 31
0
  0
LINE
  5
44D
330
1B
100
AcDbEntity
  8
F.Silkscreen
  6
CONTINUOUS
100
AcDbLine
 10
118.2099999999999937
 20
-113.9899999999999949
 30
0
 11
118.2099999999999937
 21
-113.0599999999999881
 31
0
  0
LINE
  5
44E
330
1B
100
AcDbEntity
  8
F.Silkscreen
  6
CONTINUOUS
100
AcDbLine
 10
118.25
 20
-110.9799999999999898
 30
0
 11
118.25
 21
-110.0169999999999959
 31
0
  0
LINE
  5
44F
330
1B
100
AcDbEntity
  8
F.Silkscreen
  6
CONTINUOUS
100
AcDbLine
 10
118.25
 20
-114.0229999999999961
 30
0
 11
118.25
 21
-113.0599999999999881
 31
0
  0
LINE
  5
450
330
1B
100
AcDbEntity
  8
F.Silkscreen
  6
CONTINUOUS
100
AcDbLine
 10
118.289999999999992
 20
-110.9799999999999898
 30
0
 11
118.289999999999992
 21
-109.9849999999999994
 31
0
  0
LINE
  5
451
330
1B
100
AcDbEntity
  8
F.Silkscreen
  6
CONTINUOUS
100
AcDbLine
 10
118.289999999999992
 20
-114.0549999999999926
 30
0
 11
118.289999999999992
 21
-113.0599999999999881
 31
0
  0
LINE
  5
452
330
1B
100
AcDbEntity
  8
F.Silkscreen
  6
CONTINUOUS
100
AcDbLine
 10
118.3299999999999983
 20
-110.9799999999999898
 30
0
 11
118.3299999999999983
 21
-109.9549999999999983
 31
0
  0
LINE
  5
453
330
1B
100
AcDbEntity
  8
F.Silkscreen
  6
CONTINUOUS
100
AcDbLine
 10
118.3299999999999983
 20
-114.0849999999999937
 30
0
 11
118.3299999999999983
 21
-113.0599999999999881
 31
0
  0
LINE
  5
454
330
1B
100
AcDbEntity
  8
F.Silkscreen
  6
CONTINUOUS
100
AcDbLine
 10
118.3699999999999903
 20
-110.9799999999999898
 30
0
 11
118.3699999999999903
 21
-109.9260000000000019
 31
0
  0
LINE
  5
455
330
1B
100
AcDbEntity
  8
F.Silkscreen
  6
CONTINUOUS
100
AcDbLine
 10
118.3699999999999903
 20
-114.1139999999999901
 30
0
 11
118.3699999999999903
 21
-113.0599999999999881
 31
0
  0
LINE
  5
456
330
1B
100
AcDbEntity
  8
F.Silkscreen
  6
CONTINUOUS
100
AcDbLine
 10
118.4099999999999966
 20
-110.9799999999999898
 30
0
 11
118.4099999999999966
 21
-109.8979999999999961
 31
0
  0
LINE
  5
457
330
1B
100
AcDbEntity
  8
F.Silkscreen
  6
CONTINUOUS
100
AcDbLine
 10
118.4099999999999966
 20
-114.1419999999999959
 30
0
 11
118.4099999999999966
 21
-113.0599999999999881
 31
0
  0
LINE
  5
458
330
1B
100
AcDbEntity
  8
F.Silkscreen
  6
CONTINUOUS
100
AcDbLine
 10
118.4499999999999886
 20
-110.9799999999999898
 30
0
 11
118.4499999999999886
 21
-109.8709999999999951
 31
0
  0
LINE
  5
459
330
1B
100
AcDbEntity
  8
F.Silkscreen
  6
CONTINUOUS
100
AcDbLine
 10
118.4499999999999886
 20
-114.1689999999999969
 30
0
 11
118.4499999999999886
 21
-113.0599999999999881
 31
0
  0
LINE
  5
45A
330
1B
100
AcDbEntity
  8
F.Silkscreen
  6
CONTINUOUS
100
AcDbLine
 10
118.4899999999999949
 20
-110.9799999999999898
 30
0
 11
118.4899999999999949
 21
-109.8449999999999989
 31
0
  0
LINE
  5
45B
330
1B
100
AcDbEntity
  8
F.Silkscreen
  6
CONTINUOUS
100
AcDbLine
 10
118.4899999999999949
 20
-114.1949999999999932
 30
0
 11
118.4899999999999949
 21
-113.0599999999999881
 31
0
  0
LINE
  5
45C
330
1B
100
AcDbEntity
  8
F.Silkscreen
  6
CONTINUOUS
100
AcDbLine
 10
118.5300000000000011
 20
-110.9799999999999898
 30
0
 11
118.5300000000000011
 21
-109.820999999999998
 31
0
  0
LINE
  5
45D
330
1B
100
AcDbEntity
  8
F.Silkscreen
  6
CONTINUOUS
100
AcDbLine
 10
118.5300000000000011
 20
-114.2189999999999941
 30
0
 11
118.5300000000000011
 21
-113.0599999999999881
 31
0
  0
LINE
  5
45E
330
1B
100
AcDbEntity
  8
F.Silkscreen
  6
CONTINUOUS
100
AcDbLine
 10
118.5699999999999932
 20
-110.9799999999999898
 30
0
 11
118.5699999999999932
 21
-109.796999999999997
 31
0
  0
LINE
  5
45F
330
1B
100
AcDbEntity
  8
F.Silkscreen
  6
CONTINUOUS
100
AcDbLine
 10
118.5699999999999932
 20
-114.242999999999995
 30
0
 11
118.5699999999999932
 21
-113.0599999999999881
 31
0
  0
LINE
  5
460
330
1B
100
AcDbEntity
  8
F.Silkscreen
  6
CONTINUOUS
100
AcDbLine
 10
118.6099999999999994
 20
-110.9799999999999898
 30
0
 11
118.6099999999999994
 21
-109.7740000000000009
 31
0
  0
LINE
  5
461
330
1B
100
AcDbEntity
  8
F.Silkscreen
  6
CONTINUOUS
100
AcDbLine
 10
118.6099999999999994
 20
-114.2659999999999911
 30
0
 11
118.6099999999999994
 21
-113.0599999999999881
 31
0
  0
LINE
  5
462
330
1B
100
AcDbEntity
  8
F.Silkscreen
  6
CONTINUOUS
100
AcDbLine
 10
118.6499999999999915
 20
-110.9799999999999898
 30
0
 11
118.6499999999999915
 21
-109.7519999999999953
 31
0
  0
LINE
  5
463
330
1B
100
AcDbEntity
  8
F.Silkscreen
  6
CONTINUOUS
100
AcDbLine
 10
118.6499999999999915
 20
-114.2879999999999967
 30
0
 11
118.6499999999999915
 21
-113.0599999999999881
 31
0
  0
LINE
  5
464
330
1B
100
AcDbEntity
  8
F.Silkscreen
  6
CONTINUOUS
100
AcDbLine
 10
118.6899999999999977
 20
-110.9799999999999898
 30
0
 11
118.6899999999999977
 21
-109.7309999999999945
 31
0
  0
LINE
  5
465
330
1B
100
AcDbEntity
  8
F.Silkscreen
  6
CONTINUOUS
100
AcDbLine
 10
118.6899999999999977
 20
-114.3089999999999975
 30
0
 11
118.6899999999999977
 21
-113.0599999999999881
 31
0
  0
LINE
  5
466
330
1B
100
AcDbEntity
  8
F.Silkscreen
  6
CONTINUOUS
100
AcDbLine
 10
118.7299999999999898
 20
-110.9799999999999898
 30
0
 11
118.7299999999999898
 21
-109.7109999999999985
 31
0
  0
LINE
  5
467
330
1B
100
AcDbEntity
  8
F.Silkscreen
  6
CONTINUOUS
100
AcDbLine
 10
118.7299999999999898
 20
-114.3289999999999935
 30
0
 11
118.7299999999999898
 21
-113.0599999999999881
 31
0
  0
LINE
  5
468
330
1B
100
AcDbEntity
  8
F.Silkscreen
  6
CONTINUOUS
100
AcDbLine
 10
118.769999999999996
 20
-110.9799999999999898
 30
0
 11
118.769999999999996
 21
-109.6909999999999883
 31
0
  0
LINE
  5
469
330
1B
100
AcDbEntity
  8
F.Silkscreen
  6
CONTINUOUS
100
AcDbLine
 10
118.769999999999996
 20
-114.3489999999999895
 30
0
 11
118.769999999999996
 21
-113.0599999999999881
 31
0
  0
LINE
  5
46A
330
1B
100
AcDbEntity
  8
F.Silkscreen
  6
CONTINUOUS
100
AcDbLine
 10
118.8099999999999881
 20
-110.9799999999999898
 30
0
 11
118.8099999999999881
 21
-109.6730000000000018
 31
0
  0
LINE
  5
46B
330
1B
100
AcDbEntity
  8
F.Silkscreen
  6
CONTINUOUS
100
AcDbLine
 10
118.8099999999999881
 20
-114.3669999999999902
 30
0
 11
118.8099999999999881
 21
-113.0599999999999881
 31
0
  0
LINE
  5
46C
330
1B
100
AcDbEntity
  8
F.Silkscreen
  6
CONTINUOUS
100
AcDbLine
 10
118.8499999999999943
 20
-110.9799999999999898
 30
0
 11
118.8499999999999943
 21
-109.6550000000000011
 31
0
  0
LINE
  5
46D
330
1B
100
AcDbEntity
  8
F.Silkscreen
  6
CONTINUOUS
100
AcDbLine
 10
118.8499999999999943
 20
-114.3849999999999909
 30
0
 11
118.8499999999999943
 21
-113.0599999999999881
 31
0
  0
LINE
  5
46E
330
1B
100
AcDbEntity
  8
F.Silkscreen
  6
CONTINUOUS
100
AcDbLine
 10
118.8900000000000006
 20
-110.9799999999999898
 30
0
 11
118.8900000000000006
 21
-109.637999999999991
 31
0
  0
LINE
  5
46F
330
1B
100
AcDbEntity
  8
F.Silkscreen
  6
CONTINUOUS
100
AcDbLine
 10
118.8900000000000006
 20
-114.402000000000001
 30
0
 11
118.8900000000000006
 21
-113.0599999999999881
 31
0
  0
LINE
  5
470
330
1B
100
AcDbEntity
  8
F.Silkscreen
  6
CONTINUOUS
100
AcDbLine
 10
118.9299999999999926
 20
-110.9799999999999898
 30
0
 11
118.9299999999999926
 21
-109.6219999999999999
 31
0
  0
LINE
  5
471
330
1B
100
AcDbEntity
  8
F.Silkscreen
  6
CONTINUOUS
100
AcDbLine
 10
118.9299999999999926
 20
-114.4179999999999922
 30
0
 11
118.9299999999999926
 21
-113.0599999999999881
 31
0
  0
LINE
  5
472
330
1B
100
AcDbEntity
  8
F.Silkscreen
  6
CONTINUOUS
100
AcDbLine
 10
118.9699999999999989
 20
-110.9799999999999898
 30
0
 11
118.9699999999999989
 21
-109.6069999999999993
 31
0
  0
LINE
  5
473
330
1B
100
AcDbEntity
  8
F.Silkscreen
  6
CONTINUOUS
100
AcDbLine
 10
118.9699999999999989
 20
-114.4329999999999927
 30
0
 11
118.9699999999999989
 21
-113.0599999999999881
 31
0
  0
LINE
  5
474
330
1B
100
AcDbEntity
  8
F.Silkscreen
  6
CONTINUOUS
100
AcDbLine
 10
119.0099999999999909
 20
-110.9799999999999898
 30
0
 11
119.0099999999999909
 21
-109.5919999999999987
 31
0
  0
LINE
  5
475
330
1B
100
AcDbEntity
  8
F.Silkscreen
  6
CONTINUOUS
100
AcDbLine
 10
119.0099999999999909
 20
-114.4479999999999933
 30
0
 11
119.0099999999999909
 21
-113.0599999999999881
 31
0
  0
LINE
  5
476
330
1B
100
AcDbEntity
  8
F.Silkscreen
  6
CONTINUOUS
100
AcDbLine
 10
119.0499999999999972
 20
-110.9799999999999898
 30
0
 11
119.0499999999999972
 21
-109.5779999999999887
 31
0
  0
LINE
  5
477
330
1B
100
AcDbEntity
  8
F.Silkscreen
  6
CONTINUOUS
100
AcDbLine
 10
119.0499999999999972
 20
-114.4619999999999891
 30
0
 11
119.0499999999999972
 21
-113.0599999999999881
 31
0
  0
LINE
  5
478
330
1B
100
AcDbEntity
  8
F.Silkscreen
  6
CONTINUOUS
100
AcDbLine
 10
119.0899999999999892
 20
-110.9799999999999898
 30
0
 11
119.0899999999999892
 21
-109.5649999999999977
 31
0
  0
LINE
  5
479
330
1B
100
AcDbEntity
  8
F.Silkscreen
  6
CONTINUOUS
100
AcDbLine
 10
119.0899999999999892
 20
-114.4749999999999943
 30
0
 11
119.0899999999999892
 21
-113.0599999999999881
 31
0
  0
LINE
  5
47A
330
1B
100
AcDbEntity
  8
F.Silkscreen
  6
CONTINUOUS
100
AcDbLine
 10
119.1299999999999955
 20
-110.9799999999999898
 30
0
 11
119.1299999999999955
 21
-109.5529999999999973
 31
0
  0
LINE
  5
47B
330
1B
100
AcDbEntity
  8
F.Silkscreen
  6
CONTINUOUS
100
AcDbLine
 10
119.1299999999999955
 20
-114.4869999999999948
 30
0
 11
119.1299999999999955
 21
-113.0599999999999881
 31
0
  0
LINE
  5
47C
330
1B
100
AcDbEntity
  8
F.Silkscreen
  6
CONTINUOUS
100
AcDbLine
 10
119.1700000000000017
 20
-110.9799999999999898
 30
0
 11
119.1700000000000017
 21
-109.5409999999999968
 31
0
  0
LINE
  5
47D
330
1B
100
AcDbEntity
  8
F.Silkscreen
  6
CONTINUOUS
100
AcDbLine
 10
119.1700000000000017
 20
-114.4989999999999952
 30
0
 11
119.1700000000000017
 21
-113.0599999999999881
 31
0
  0
LINE
  5
47E
330
1B
100
AcDbEntity
  8
F.Silkscreen
  6
CONTINUOUS
100
AcDbLine
 10
119.2099999999999937
 20
-110.9799999999999898
 30
0
 11
119.2099999999999937
 21
-109.5300000000000011
 31
0
  0
LINE
  5
47F
330
1B
100
AcDbEntity
  8
F.Silkscreen
  6
CONTINUOUS
100
AcDbLine
 10
119.2099999999999937
 20
-114.5099999999999909
 30
0
 11
119.2099999999999937
 21
-113.0599999999999881
 31
0
  0
LINE
  5
480
330
1B
100
AcDbEntity
  8
F.Silkscreen
  6
CONTINUOUS
100
AcDbLine
 10
119.25
 20
-110.9799999999999898
 30
0
 11
119.25
 21
-109.5189999999999912
 31
0
  0
LINE
  5
481
330
1B
100
AcDbEntity
  8
F.Silkscreen
  6
CONTINUOUS
100
AcDbLine
 10
119.25
 20
-114.5210000000000008
 30
0
 11
119.25
 21
-113.0599999999999881
 31
0
  0
LINE
  5
482
330
1B
100
AcDbEntity
  8
F.Silkscreen
  6
CONTINUOUS
100
AcDbLine
 10
119.289999999999992
 20
-110.9799999999999898
 30
0
 11
119.289999999999992
 21
-109.5099999999999909
 31
0
  0
LINE
  5
483
330
1B
100
AcDbEntity
  8
F.Silkscreen
  6
CONTINUOUS
100
AcDbLine
 10
119.289999999999992
 20
-114.5300000000000011
 30
0
 11
119.289999999999992
 21
-113.0599999999999881
 31
0
  0
LINE
  5
484
330
1B
100
AcDbEntity
  8
F.Silkscreen
  6
CONTINUOUS
100
AcDbLine
 10
119.3299999999999983
 20
-110.9799999999999898
 30
0
 11
119.3299999999999983
 21
-109.5009999999999906
 31
0
  0
LINE
  5
485
330
1B
100
AcDbEntity
  8
F.Silkscreen
  6
CONTINUOUS
100
AcDbLine
 10
119.3299999999999983
 20
-114.5390000000000015
 30
0
 11
119.3299999999999983
 21
-113.0599999999999881
 31
0
  0
LINE
  5
486
330
1B
100
AcDbEntity
  8
F.Silkscreen
  6
CONTINUOUS
100
AcDbLine
 10
119.3699999999999903
 20
-110.9799999999999898
 30
0
 11
119.3699999999999903
 21
-109.4919999999999902
 31
0
  0
LINE
  5
487
330
1B
100
AcDbEntity
  8
F.Silkscreen
  6
CONTINUOUS
100
AcDbLine
 10
119.3699999999999903
 20
-114.5480000000000018
 30
0
 11
119.3699999999999903
 21
-113.0599999999999881
 31
0
  0
LINE
  5
488
330
1B
100
AcDbEntity
  8
F.Silkscreen
  6
CONTINUOUS
100
AcDbLine
 10
119.4099999999999966
 20
-110.9799999999999898
 30
0
 11
119.4099999999999966
 21
-109.4839999999999947
 31
0
  0
LINE
  5
489
330
1B
100
AcDbEntity
  8
F.Silkscreen
  6
CONTINUOUS
100
AcDbLine
 10
119.4099999999999966
 20
-114.5559999999999974
 30
0
 11
119.4099999999999966
 21
-113.0599999999999881
 31
0
  0
LINE
  5
48A
330
1B
100
AcDbEntity
  8
F.Silkscreen
  6
CONTINUOUS
100
AcDbLine
 10
119.4499999999999886
 20
-110.9799999999999898
 30
0
 11
119.4499999999999886
 21
-109.4769999999999897
 31
0
  0
LINE
  5
48B
330
1B
100
AcDbEntity
  8
F.Silkscreen
  6
CONTINUOUS
100
AcDbLine
 10
119.4499999999999886
 20
-114.5629999999999882
 30
0
 11
119.4499999999999886
 21
-113.0599999999999881
 31
0
  0
LINE
  5
48C
330
1B
100
AcDbEntity
  8
F.Silkscreen
  6
CONTINUOUS
100
AcDbLine
 10
119.4899999999999949
 20
-110.9799999999999898
 30
0
 11
119.4899999999999949
 21
-109.4709999999999894
 31
0
  0
LINE
  5
48D
330
1B
100
AcDbEntity
  8
F.Silkscreen
  6
CONTINUOUS
100
AcDbLine
 10
119.4899999999999949
 20
-114.5689999999999884
 30
0
 11
119.4899999999999949
 21
-113.0599999999999881
 31
0
  0
LINE
  5
48E
330
1B
100
AcDbEntity
  8
F.Silkscreen
  6
CONTINUOUS
100
AcDbLine
 10
119.5300000000000011
 20
-110.9799999999999898
 30
0
 11
119.5300000000000011
 21
-109.4649999999999892
 31
0
  0
LINE
  5
48F
330
1B
100
AcDbEntity
  8
F.Silkscreen
  6
CONTINUOUS
100
AcDbLine
 10
119.5300000000000011
 20
-114.5749999999999886
 30
0
 11
119.5300000000000011
 21
-113.0599999999999881
 31
0
  0
LINE
  5
490
330
1B
100
AcDbEntity
  8
F.Silkscreen
  6
CONTINUOUS
100
AcDbLine
 10
119.5699999999999932
 20
-110.9799999999999898
 30
0
 11
119.5699999999999932
 21
-109.4599999999999937
 31
0
  0
LINE
  5
491
330
1B
100
AcDbEntity
  8
F.Silkscreen
  6
CONTINUOUS
100
AcDbLine
 10
119.5699999999999932
 20
-114.5799999999999983
 30
0
 11
119.5699999999999932
 21
-113.0599999999999881
 31
0
  0
LINE
  5
492
330
1B
100
AcDbEntity
  8
F.Silkscreen
  6
CONTINUOUS
100
AcDbLine
 10
119.6099999999999994
 20
-110.9799999999999898
 30
0
 11
119.6099999999999994
 21
-109.4549999999999983
 31
0
  0
LINE
  5
493
330
1B
100
AcDbEntity
  8
F.Silkscreen
  6
CONTINUOUS
100
AcDbLine
 10
119.6099999999999994
 20
-114.5849999999999937
 30
0
 11
119.6099999999999994
 21
-113.0599999999999881
 31
0
  0
LINE
  5
494
330
1B
100
AcDbEntity
  8
F.Silkscreen
  6
CONTINUOUS
100
AcDbLine
 10
119.6499999999999915
 20
-110.9799999999999898
 30
0
 11
119.6499999999999915
 21
-109.4509999999999934
 31
0
  0
LINE
  5
495
330
1B
100
AcDbEntity
  8
F.Silkscreen
  6
CONTINUOUS
100
AcDbLine
 10
119.6499999999999915
 20
-114.5889999999999986
 30
0
 11
119.6499999999999915
 21
-113.0599999999999881
 31
0
  0
LINE
  5
496
330
1B
100
AcDbEntity
  8
F.Silkscreen
  6
CONTINUOUS
100
AcDbLine
 10
119.6899999999999977
 20
-114.5919999999999987
 30
0
 11
119.6899999999999977
 21
-109.4479999999999933
 31
0
  0
LINE
  5
497
330
1B
100
AcDbEntity
  8
F.Silkscreen
  6
CONTINUOUS
100
AcDbLine
 10
119.7299999999999898
 20
-114.5949999999999989
 30
0
 11
119.7299999999999898
 21
-109.4449999999999932
 31
0
  0
LINE
  5
498
330
1B
100
AcDbEntity
  8
F.Silkscreen
  6
CONTINUOUS
100
AcDbLine
 10
119.769999999999996
 20
-114.5969999999999942
 30
0
 11
119.769999999999996
 21
-109.4429999999999978
 31
0
  0
LINE
  5
499
330
1B
100
AcDbEntity
  8
F.Silkscreen
  6
CONTINUOUS
100
AcDbLine
 10
119.8099999999999881
 20
-114.5989999999999895
 30
0
 11
119.8099999999999881
 21
-109.4409999999999883
 31
0
  0
LINE
  5
49A
330
1B
100
AcDbEntity
  8
F.Silkscreen
  6
CONTINUOUS
100
AcDbLine
 10
119.8499999999999943
 20
-114.5999999999999943
 30
0
 11
119.8499999999999943
 21
-109.4399999999999977
 31
0
  0
LINE
  5
49B
330
1B
100
AcDbEntity
  8
F.Silkscreen
  6
CONTINUOUS
100
AcDbLine
 10
119.8900000000000006
 20
-114.5999999999999943
 30
0
 11
119.8900000000000006
 21
-109.4399999999999977
 31
0
  0
LINE
  5
49C
330
1B
100
AcDbEntity
  8
F.Silkscreen
  6
CONTINUOUS
100
AcDbLine
 10
122.4447749999999928
 20
-113.7449999999999903
 30
0
 11
122.4447749999999928
 21
-113.2449999999999903
 31
0
  0
LINE
  5
49D
330
1B
100
AcDbEntity
  8
F.Silkscreen
  6
CONTINUOUS
100
AcDbLine
 10
122.6947749999999928
 20
-113.4949999999999903
 30
0
 11
122.1947749999999928
 21
-113.4949999999999903
 31
0
  0
CIRCLE
  5
49E
330
1B
100
AcDbEntity
  8
F.Silkscreen
100
AcDbCircle
 10
119.8900000000000006
 20
-112.019999999999996
 30
0
 40
2.6199999999999997
  0
LINE
  5
49F
330
1B
100
AcDbEntity
  8
F.Silkscreen
  6
CONTINUOUS
100
AcDbLine
 10
101.4200000000000017
 20
-127.3900000000000006
 30
0
 11
111.4599999999999937
 21
-127.3900000000000006
 31
0
  0
LINE
  5
4A0
330
1B
100
AcDbEntity
  8
F.Silkscreen
  6
CONTINUOUS
100
AcDbLine
 10
101.4200000000000017
 20
-129.710000000000008
 30
0
 11
101.4200000000000017
 21
-127.3900000000000006
 31
0
  0
LINE
  5
4A1
330
1B
100
AcDbEntity
  8
F.Silkscreen
  6
CONTINUOUS
100
AcDbLine
 10
101.4200000000000017
 20
-137.6299999999999955
 30
0
 11
101.4200000000000017
 21
-130.3100000000000023
 31
0
  0
LINE
  5
4A2
330
1B
100
AcDbEntity
  8
F.Silkscreen
  6
CONTINUOUS
100
AcDbLine
 10
102.039999999999992
 20
-127.3900000000000006
 30
0
 11
102.039999999999992
 21
-137.6299999999999955
 31
0
  0
LINE
  5
4A3
330
1B
100
AcDbEntity
  8
F.Silkscreen
  6
CONTINUOUS
100
AcDbLine
 10
103.539999999999992
 20
-127.3900000000000006
 30
0
 11
103.539999999999992
 21
-137.6299999999999955
 31
0
  0
LINE
  5
4A4
330
1B
100
AcDbEntity
  8
F.Silkscreen
  6
CONTINUOUS
100
AcDbLine
 10
108.4399999999999977
 20
-127.3900000000000006
 30
0
 11
108.4399999999999977
 21
-137.6299999999999955
 31
0
  0
LINE
  5
4A5
330
1B
100
AcDbEntity
  8
F.Silkscreen
  6
CONTINUOUS
100
AcDbLine
 10
111.4599999999999937
 20
-127.3900000000000006
 30
0
 11
111.4599999999999937
 21
-137.6299999999999955
 31
0
  0
LINE
  5
4A6
330
1B
100
AcDbEntity
  8
F.Silkscreen
  6
CONTINUOUS
100
AcDbLine
 10
111.4599999999999937
 20
-137.6299999999999955
 30
0
 11
101.4200000000000017
 21
-137.6299999999999955
 31
0
  0
LINE
  5
4A7
330
1B
100
AcDbEntity
  8
F.Silkscreen
  6
CONTINUOUS
100
AcDbLine
 10
101.4200000000000017
 20
-130.0099999999999909
 30
0
 11
100.8100000000000023
 21
-130.4499999999999886
 31
0
  0
LINE
  5
4A8
330
1B
100
AcDbEntity
  8
F.Silkscreen
  6
CONTINUOUS
100
AcDbLine
 10
100.8100000000000023
 20
-130.4499999999999886
 30
0
 11
100.8100000000000023
 21
-129.5699999999999932
 31
0
  0
LINE
  5
4A9
330
1B
100
AcDbEntity
  8
F.Silkscreen
  6
CONTINUOUS
100
AcDbLine
 10
100.8100000000000023
 20
-129.5699999999999932
 30
0
 11
101.4200000000000017
 21
-130.0099999999999909
 31
0
  0
LINE
  5
4AA
330
1B
100
AcDbEntity
  8
F.Silkscreen
  6
CONTINUOUS
100
AcDbLine
 10
101.4200000000000017
 20
-130.0099999999999909
 30
0
 11
100.8100000000000023
 21
-130.4499999999999886
 31
0
  0
LINE
  5
4AB
330
1B
100
AcDbEntity
  8
F.Silkscreen
  6
CONTINUOUS
100
AcDbLine
 10
100.8100000000000023
 20
-130.4499999999999886
 30
0
 11
100.8100000000000023
 21
-129.5699999999999932
 31
0
  0
LINE
  5
4AC
330
1B
100
AcDbEntity
  8
F.Silkscreen
  6
CONTINUOUS
100
AcDbLine
 10
100.8100000000000023
 20
-129.5699999999999932
 30
0
 11
101.4200000000000017
 21
-130.0099999999999909
 31
0
  0
LINE
  5
4AD
330
1B
100
AcDbEntity
  8
F.Silkscreen
  6
CONTINUOUS
100
AcDbLine
 10
113.5852249999999941
 20
-129.5349999999999966
 30
0
 11
114.0852249999999941
 21
-129.5349999999999966
 31
0
  0
LINE
  5
4AE
330
1B
100
AcDbEntity
  8
F.Silkscreen
  6
CONTINUOUS
100
AcDbLine
 10
113.8352249999999941
 20
-129.2849999999999966
 30
0
 11
113.8352249999999941
 21
-129.7849999999999966
 31
0
  0
LINE
  5
4AF
330
1B
100
AcDbEntity
  8
F.Silkscreen
  6
CONTINUOUS
100
AcDbLine
 10
116.3900000000000006
 20
-128.4300000000000068
 30
0
 11
116.3900000000000006
 21
-133.5900000000000034
 31
0
  0
LINE
  5
4B0
330
1B
100
AcDbEntity
  8
F.Silkscreen
  6
CONTINUOUS
100
AcDbLine
 10
116.4299999999999926
 20
-128.4300000000000068
 30
0
 11
116.4299999999999926
 21
-133.5900000000000034
 31
0
  0
LINE
  5
4B1
330
1B
100
AcDbEntity
  8
F.Silkscreen
  6
CONTINUOUS
100
AcDbLine
 10
116.4699999999999989
 20
-128.4309999999999832
 30
0
 11
116.4699999999999989
 21
-133.5889999999999986
 31
0
  0
LINE
  5
4B2
330
1B
100
AcDbEntity
  8
F.Silkscreen
  6
CONTINUOUS
100
AcDbLine
 10
116.5099999999999909
 20
-128.4329999999999927
 30
0
 11
116.5099999999999909
 21
-133.5869999999999891
 31
0
  0
LINE
  5
4B3
330
1B
100
AcDbEntity
  8
F.Silkscreen
  6
CONTINUOUS
100
AcDbLine
 10
116.5499999999999972
 20
-128.4350000000000023
 30
0
 11
116.5499999999999972
 21
-133.585000000000008
 31
0
  0
LINE
  5
4B4
330
1B
100
AcDbEntity
  8
F.Silkscreen
  6
CONTINUOUS
100
AcDbLine
 10
116.5899999999999892
 20
-128.4379999999999882
 30
0
 11
116.5899999999999892
 21
-133.5819999999999936
 31
0
  0
LINE
  5
4B5
330
1B
100
AcDbEntity
  8
F.Silkscreen
  6
CONTINUOUS
100
AcDbLine
 10
116.6299999999999955
 20
-128.4410000000000025
 30
0
 11
116.6299999999999955
 21
-129.9699999999999989
 31
0
  0
LINE
  5
4B6
330
1B
100
AcDbEntity
  8
F.Silkscreen
  6
CONTINUOUS
100
AcDbLine
 10
116.6299999999999955
 20
-132.0499999999999829
 30
0
 11
116.6299999999999955
 21
-133.5790000000000077
 31
0
  0
LINE
  5
4B7
330
1B
100
AcDbEntity
  8
F.Silkscreen
  6
CONTINUOUS
100
AcDbLine
 10
116.6700000000000017
 20
-128.4449999999999932
 30
0
 11
116.6700000000000017
 21
-129.9699999999999989
 31
0
  0
LINE
  5
4B8
330
1B
100
AcDbEntity
  8
F.Silkscreen
  6
CONTINUOUS
100
AcDbLine
 10
116.6700000000000017
 20
-132.0499999999999829
 30
0
 11
116.6700000000000017
 21
-133.5749999999999886
 31
0
  0
LINE
  5
4B9
330
1B
100
AcDbEntity
  8
F.Silkscreen
  6
CONTINUOUS
100
AcDbLine
 10
116.7099999999999937
 20
-128.4499999999999886
 30
0
 11
116.7099999999999937
 21
-129.9699999999999989
 31
0
  0
LINE
  5
4BA
330
1B
100
AcDbEntity
  8
F.Silkscreen
  6
CONTINUOUS
100
AcDbLine
 10
116.7099999999999937
 20
-132.0499999999999829
 30
0
 11
116.7099999999999937
 21
-133.5699999999999932
 31
0
  0
LINE
  5
4BB
330
1B
100
AcDbEntity
  8
F.Silkscreen
  6
CONTINUOUS
100
AcDbLine
 10
116.75
 20
-128.4549999999999841
 30
0
 11
116.75
 21
-129.9699999999999989
 31
0
  0
LINE
  5
4BC
330
1B
100
AcDbEntity
  8
F.Silkscreen
  6
CONTINUOUS
100
AcDbLine
 10
116.75
 20
-132.0499999999999829
 30
0
 11
116.75
 21
-133.5649999999999977
 31
0
  0
LINE
  5
4BD
330
1B
100
AcDbEntity
  8
F.Silkscreen
  6
CONTINUOUS
100
AcDbLine
 10
116.789999999999992
 20
-128.4609999999999843
 30
0
 11
116.789999999999992
 21
-129.9699999999999989
 31
0
  0
LINE
  5
4BE
330
1B
100
AcDbEntity
  8
F.Silkscreen
  6
CONTINUOUS
100
AcDbLine
 10
116.789999999999992
 20
-132.0499999999999829
 30
0
 11
116.789999999999992
 21
-133.5589999999999975
 31
0
  0
LINE
  5
4BF
330
1B
100
AcDbEntity
  8
F.Silkscreen
  6
CONTINUOUS
100
AcDbLine
 10
116.8299999999999983
 20
-128.4669999999999845
 30
0
 11
116.8299999999999983
 21
-129.9699999999999989
 31
0
  0
LINE
  5
4C0
330
1B
100
AcDbEntity
  8
F.Silkscreen
  6
CONTINUOUS
100
AcDbLine
 10
116.8299999999999983
 20
-132.0499999999999829
 30
0
 11
116.8299999999999983
 21
-133.5529999999999973
 31
0
  0
LINE
  5
4C1
330
1B
100
AcDbEntity
  8
F.Silkscreen
  6
CONTINUOUS
100
AcDbLine
 10
116.8699999999999903
 20
-128.4739999999999895
 30
0
 11
116.8699999999999903
 21
-129.9699999999999989
 31
0
  0
LINE
  5
4C2
330
1B
100
AcDbEntity
  8
F.Silkscreen
  6
CONTINUOUS
100
AcDbLine
 10
116.8699999999999903
 20
-132.0499999999999829
 30
0
 11
116.8699999999999903
 21
-133.5459999999999923
 31
0
  0
LINE
  5
4C3
330
1B
100
AcDbEntity
  8
F.Silkscreen
  6
CONTINUOUS
100
AcDbLine
 10
116.9099999999999966
 20
-128.4819999999999993
 30
0
 11
116.9099999999999966
 21
-129.9699999999999989
 31
0
  0
LINE
  5
4C4
330
1B
100
AcDbEntity
  8
F.Silkscreen
  6
CONTINUOUS
100
AcDbLine
 10
116.9099999999999966
 20
-132.0499999999999829
 30
0
 11
116.9099999999999966
 21
-133.5379999999999825
 31
0
  0
LINE
  5
4C5
330
1B
100
AcDbEntity
  8
F.Silkscreen
  6
CONTINUOUS
100
AcDbLine
 10
116.9499999999999886
 20
-128.4909999999999854
 30
0
 11
116.9499999999999886
 21
-129.9699999999999989
 31
0
  0
LINE
  5
4C6
330
1B
100
AcDbEntity
  8
F.Silkscreen
  6
CONTINUOUS
100
AcDbLine
 10
116.9499999999999886
 20
-132.0499999999999829
 30
0
 11
116.9499999999999886
 21
-133.5289999999999964
 31
0
  0
LINE
  5
4C7
330
1B
100
AcDbEntity
  8
F.Silkscreen
  6
CONTINUOUS
100
AcDbLine
 10
116.9899999999999949
 20
-128.5
 30
0
 11
116.9899999999999949
 21
-129.9699999999999989
 31
0
  0
LINE
  5
4C8
330
1B
100
AcDbEntity
  8
F.Silkscreen
  6
CONTINUOUS
100
AcDbLine
 10
116.9899999999999949
 20
-132.0499999999999829
 30
0
 11
116.9899999999999949
 21
-133.5199999999999818
 31
0
  0
LINE
  5
4C9
330
1B
100
AcDbEntity
  8
F.Silkscreen
  6
CONTINUOUS
100
AcDbLine
 10
117.0300000000000011
 20
-128.5089999999999861
 30
0
 11
117.0300000000000011
 21
-129.9699999999999989
 31
0
  0
LINE
  5
4CA
330
1B
100
AcDbEntity
  8
F.Silkscreen
  6
CONTINUOUS
100
AcDbLine
 10
117.0300000000000011
 20
-132.0499999999999829
 30
0
 11
117.0300000000000011
 21
-133.5109999999999957
 31
0
  0
LINE
  5
4CB
330
1B
100
AcDbEntity
  8
F.Silkscreen
  6
CONTINUOUS
100
AcDbLine
 10
117.0699999999999932
 20
-128.5199999999999818
 30
0
 11
117.0699999999999932
 21
-129.9699999999999989
 31
0
  0
LINE
  5
4CC
330
1B
100
AcDbEntity
  8
F.Silkscreen
  6
CONTINUOUS
100
AcDbLine
 10
117.0699999999999932
 20
-132.0499999999999829
 30
0
 11
117.0699999999999932
 21
-133.5
 31
0
  0
LINE
  5
4CD
330
1B
100
AcDbEntity
  8
F.Silkscreen
  6
CONTINUOUS
100
AcDbLine
 10
117.1099999999999994
 20
-128.5310000000000059
 30
0
 11
117.1099999999999994
 21
-129.9699999999999989
 31
0
  0
LINE
  5
4CE
330
1B
100
AcDbEntity
  8
F.Silkscreen
  6
CONTINUOUS
100
AcDbLine
 10
117.1099999999999994
 20
-132.0499999999999829
 30
0
 11
117.1099999999999994
 21
-133.4890000000000043
 31
0
  0
LINE
  5
4CF
330
1B
100
AcDbEntity
  8
F.Silkscreen
  6
CONTINUOUS
100
AcDbLine
 10
117.1499999999999915
 20
-128.5430000000000064
 30
0
 11
117.1499999999999915
 21
-129.9699999999999989
 31
0
  0
LINE
  5
4D0
330
1B
100
AcDbEntity
  8
F.Silkscreen
  6
CONTINUOUS
100
AcDbLine
 10
117.1499999999999915
 20
-132.0499999999999829
 30
0
 11
117.1499999999999915
 21
-133.4770000000000039
 31
0
  0
LINE
  5
4D1
330
1B
100
AcDbEntity
  8
F.Silkscreen
  6
CONTINUOUS
100
AcDbLine
 10
117.1899999999999977
 20
-128.5550000000000068
 30
0
 11
117.1899999999999977
 21
-129.9699999999999989
 31
0
  0
LINE
  5
4D2
330
1B
100
AcDbEntity
  8
F.Silkscreen
  6
CONTINUOUS
100
AcDbLine
 10
117.1899999999999977
 20
-132.0499999999999829
 30
0
 11
117.1899999999999977
 21
-133.4650000000000034
 31
0
  0
LINE
  5
4D3
330
1B
100
AcDbEntity
  8
F.Silkscreen
  6
CONTINUOUS
100
AcDbLine
 10
117.2299999999999898
 20
-128.5679999999999836
 30
0
 11
117.2299999999999898
 21
-129.9699999999999989
 31
0
  0
LINE
  5
4D4
330
1B
100
AcDbEntity
  8
F.Silkscreen
  6
CONTINUOUS
100
AcDbLine
 10
117.2299999999999898
 20
-132.0499999999999829
 30
0
 11
117.2299999999999898
 21
-133.4519999999999982
 31
0
  0
LINE
  5
4D5
330
1B
100
AcDbEntity
  8
F.Silkscreen
  6
CONTINUOUS
100
AcDbLine
 10
117.269999999999996
 20
-128.5819999999999936
 30
0
 11
117.269999999999996
 21
-129.9699999999999989
 31
0
  0
LINE
  5
4D6
330
1B
100
AcDbEntity
  8
F.Silkscreen
  6
CONTINUOUS
100
AcDbLine
 10
117.269999999999996
 20
-132.0499999999999829
 30
0
 11
117.269999999999996
 21
-133.4379999999999882
 31
0
  0
LINE
  5
4D7
330
1B
100
AcDbEntity
  8
F.Silkscreen
  6
CONTINUOUS
100
AcDbLine
 10
117.3099999999999881
 20
-128.59699999999998
 30
0
 11
117.3099999999999881
 21
-129.9699999999999989
 31
0
  0
LINE
  5
4D8
330
1B
100
AcDbEntity
  8
F.Silkscreen
  6
CONTINUOUS
100
AcDbLine
 10
117.3099999999999881
 20
-132.0499999999999829
 30
0
 11
117.3099999999999881
 21
-133.4230000000000018
 31
0
  0
LINE
  5
4D9
330
1B
100
AcDbEntity
  8
F.Silkscreen
  6
CONTINUOUS
100
AcDbLine
 10
117.3499999999999943
 20
-128.6119999999999948
 30
0
 11
117.3499999999999943
 21
-129.9699999999999989
 31
0
  0
LINE
  5
4DA
330
1B
100
AcDbEntity
  8
F.Silkscreen
  6
CONTINUOUS
100
AcDbLine
 10
117.3499999999999943
 20
-132.0499999999999829
 30
0
 11
117.3499999999999943
 21
-133.407999999999987
 31
0
  0
LINE
  5
4DB
330
1B
100
AcDbEntity
  8
F.Silkscreen
  6
CONTINUOUS
100
AcDbLine
 10
117.3900000000000006
 20
-128.6279999999999859
 30
0
 11
117.3900000000000006
 21
-129.9699999999999989
 31
0
  0
LINE
  5
4DC
330
1B
100
AcDbEntity
  8
F.Silkscreen
  6
CONTINUOUS
100
AcDbLine
 10
117.3900000000000006
 20
-132.0499999999999829
 30
0
 11
117.3900000000000006
 21
-133.3919999999999959
 31
0
  0
LINE
  5
4DD
330
1B
100
AcDbEntity
  8
F.Silkscreen
  6
CONTINUOUS
100
AcDbLine
 10
117.4299999999999926
 20
-128.6449999999999818
 30
0
 11
117.4299999999999926
 21
-129.9699999999999989
 31
0
  0
LINE
  5
4DE
330
1B
100
AcDbEntity
  8
F.Silkscreen
  6
CONTINUOUS
100
AcDbLine
 10
117.4299999999999926
 20
-132.0499999999999829
 30
0
 11
117.4299999999999926
 21
-133.375
 31
0
  0
LINE
  5
4DF
330
1B
100
AcDbEntity
  8
F.Silkscreen
  6
CONTINUOUS
100
AcDbLine
 10
117.4699999999999989
 20
-128.6629999999999825
 30
0
 11
117.4699999999999989
 21
-129.9699999999999989
 31
0
  0
LINE
  5
4E0
330
1B
100
AcDbEntity
  8
F.Silkscreen
  6
CONTINUOUS
100
AcDbLine
 10
117.4699999999999989
 20
-132.0499999999999829
 30
0
 11
117.4699999999999989
 21
-133.3569999999999993
 31
0
  0
LINE
  5
4E1
330
1B
100
AcDbEntity
  8
F.Silkscreen
  6
CONTINUOUS
100
AcDbLine
 10
117.5099999999999909
 20
-128.6809999999999832
 30
0
 11
117.5099999999999909
 21
-129.9699999999999989
 31
0
  0
LINE
  5
4E2
330
1B
100
AcDbEntity
  8
F.Silkscreen
  6
CONTINUOUS
100
AcDbLine
 10
117.5099999999999909
 20
-132.0499999999999829
 30
0
 11
117.5099999999999909
 21
-133.3389999999999986
 31
0
  0
LINE
  5
4E3
330
1B
100
AcDbEntity
  8
F.Silkscreen
  6
CONTINUOUS
100
AcDbLine
 10
117.5499999999999972
 20
-128.7009999999999934
 30
0
 11
117.5499999999999972
 21
-129.9699999999999989
 31
0
  0
LINE
  5
4E4
330
1B
100
AcDbEntity
  8
F.Silkscreen
  6
CONTINUOUS
100
AcDbLine
 10
117.5499999999999972
 20
-132.0499999999999829
 30
0
 11
117.5499999999999972
 21
-133.3189999999999884
 31
0
  0
LINE
  5
4E5
330
1B
100
AcDbEntity
  8
F.Silkscreen
  6
CONTINUOUS
100
AcDbLine
 10
117.5899999999999892
 20
-128.7210000000000036
 30
0
 11
117.5899999999999892
 21
-129.9699999999999989
 31
0
  0
LINE
  5
4E6
330
1B
100
AcDbEntity
  8
F.Silkscreen
  6
CONTINUOUS
100
AcDbLine
 10
117.5899999999999892
 20
-132.0499999999999829
 30
0
 11
117.5899999999999892
 21
-133.2990000000000066
 31
0
  0
LINE
  5
4E7
330
1B
100
AcDbEntity
  8
F.Silkscreen
  6
CONTINUOUS
100
AcDbLine
 10
117.6299999999999955
 20
-128.7419999999999902
 30
0
 11
117.6299999999999955
 21
-129.9699999999999989
 31
0
  0
LINE
  5
4E8
330
1B
100
AcDbEntity
  8
F.Silkscreen
  6
CONTINUOUS
100
AcDbLine
 10
117.6299999999999955
 20
-132.0499999999999829
 30
0
 11
117.6299999999999955
 21
-133.2779999999999916
 31
0
  0
LINE
  5
4E9
330
1B
100
AcDbEntity
  8
F.Silkscreen
  6
CONTINUOUS
100
AcDbLine
 10
117.6700000000000017
 20
-128.7639999999999816
 30
0
 11
117.6700000000000017
 21
-129.9699999999999989
 31
0
  0
LINE
  5
4EA
330
1B
100
AcDbEntity
  8
F.Silkscreen
  6
CONTINUOUS
100
AcDbLine
 10
117.6700000000000017
 20
-132.0499999999999829
 30
0
 11
117.6700000000000017
 21
-133.2560000000000002
 31
0
  0
LINE
  5
4EB
330
1B
100
AcDbEntity
  8
F.Silkscreen
  6
CONTINUOUS
100
AcDbLine
 10
117.7099999999999937
 20
-128.7870000000000061
 30
0
 11
117.7099999999999937
 21
-129.9699999999999989
 31
0
  0
LINE
  5
4EC
330
1B
100
AcDbEntity
  8
F.Silkscreen
  6
CONTINUOUS
100
AcDbLine
 10
117.7099999999999937
 20
-132.0499999999999829
 30
0
 11
117.7099999999999937
 21
-133.2330000000000041
 31
0
  0
LINE
  5
4ED
330
1B
100
AcDbEntity
  8
F.Silkscreen
  6
CONTINUOUS
100
AcDbLine
 10
117.75
 20
-128.811000000000007
 30
0
 11
117.75
 21
-129.9699999999999989
 31
0
  0
LINE
  5
4EE
330
1B
100
AcDbEntity
  8
F.Silkscreen
  6
CONTINUOUS
100
AcDbLine
 10
117.75
 20
-132.0499999999999829
 30
0
 11
117.75
 21
-133.2090000000000032
 31
0
  0
LINE
  5
4EF
330
1B
100
AcDbEntity
  8
F.Silkscreen
  6
CONTINUOUS
100
AcDbLine
 10
117.789999999999992
 20
-128.835000000000008
 30
0
 11
117.789999999999992
 21
-129.9699999999999989
 31
0
  0
LINE
  5
4F0
330
1B
100
AcDbEntity
  8
F.Silkscreen
  6
CONTINUOUS
100
AcDbLine
 10
117.789999999999992
 20
-132.0499999999999829
 30
0
 11
117.789999999999992
 21
-133.1850000000000023
 31
0
  0
LINE
  5
4F1
330
1B
100
AcDbEntity
  8
F.Silkscreen
  6
CONTINUOUS
100
AcDbLine
 10
117.8299999999999983
 20
-128.86099999999999
 30
0
 11
117.8299999999999983
 21
-129.9699999999999989
 31
0
  0
LINE
  5
4F2
330
1B
100
AcDbEntity
  8
F.Silkscreen
  6
CONTINUOUS
100
AcDbLine
 10
117.8299999999999983
 20
-132.0499999999999829
 30
0
 11
117.8299999999999983
 21
-133.1589999999999918
 31
0
  0
LINE
  5
4F3
330
1B
100
AcDbEntity
  8
F.Silkscreen
  6
CONTINUOUS
100
AcDbLine
 10
117.8699999999999903
 20
-128.8880000000000052
 30
0
 11
117.8699999999999903
 21
-129.9699999999999989
 31
0
  0
LINE
  5
4F4
330
1B
100
AcDbEntity
  8
F.Silkscreen
  6
CONTINUOUS
100
AcDbLine
 10
117.8699999999999903
 20
-132.0499999999999829
 30
0
 11
117.8699999999999903
 21
-133.132000000000005
 31
0
  0
LINE
  5
4F5
330
1B
100
AcDbEntity
  8
F.Silkscreen
  6
CONTINUOUS
100
AcDbLine
 10
117.9099999999999966
 20
-128.9159999999999968
 30
0
 11
117.9099999999999966
 21
-129.9699999999999989
 31
0
  0
LINE
  5
4F6
330
1B
100
AcDbEntity
  8
F.Silkscreen
  6
CONTINUOUS
100
AcDbLine
 10
117.9099999999999966
 20
-132.0499999999999829
 30
0
 11
117.9099999999999966
 21
-133.103999999999985
 31
0
  0
LINE
  5
4F7
330
1B
100
AcDbEntity
  8
F.Silkscreen
  6
CONTINUOUS
100
AcDbLine
 10
117.9499999999999886
 20
-128.9449999999999932
 30
0
 11
117.9499999999999886
 21
-129.9699999999999989
 31
0
  0
LINE
  5
4F8
330
1B
100
AcDbEntity
  8
F.Silkscreen
  6
CONTINUOUS
100
AcDbLine
 10
117.9499999999999886
 20
-132.0499999999999829
 30
0
 11
117.9499999999999886
 21
-133.0749999999999886
 31
0
  0
LINE
  5
4F9
330
1B
100
AcDbEntity
  8
F.Silkscreen
  6
CONTINUOUS
100
AcDbLine
 10
117.9899999999999949
 20
-128.9749999999999943
 30
0
 11
117.9899999999999949
 21
-129.9699999999999989
 31
0
  0
LINE
  5
4FA
330
1B
100
AcDbEntity
  8
F.Silkscreen
  6
CONTINUOUS
100
AcDbLine
 10
117.9899999999999949
 20
-132.0499999999999829
 30
0
 11
117.9899999999999949
 21
-133.0449999999999875
 31
0
  0
LINE
  5
4FB
330
1B
100
AcDbEntity
  8
F.Silkscreen
  6
CONTINUOUS
100
AcDbLine
 10
118.0300000000000011
 20
-129.007000000000005
 30
0
 11
118.0300000000000011
 21
-129.9699999999999989
 31
0
  0
LINE
  5
4FC
330
1B
100
AcDbEntity
  8
F.Silkscreen
  6
CONTINUOUS
100
AcDbLine
 10
118.0300000000000011
 20
-132.0499999999999829
 30
0
 11
118.0300000000000011
 21
-133.0130000000000052
 31
0
  0
LINE
  5
4FD
330
1B
100
AcDbEntity
  8
F.Silkscreen
  6
CONTINUOUS
100
AcDbLine
 10
118.0699999999999932
 20
-129.039999999999992
 30
0
 11
118.0699999999999932
 21
-129.9699999999999989
 31
0
  0
LINE
  5
4FE
330
1B
100
AcDbEntity
  8
F.Silkscreen
  6
CONTINUOUS
100
AcDbLine
 10
118.0699999999999932
 20
-132.0499999999999829
 30
0
 11
118.0699999999999932
 21
-132.9799999999999898
 31
0
  0
LINE
  5
4FF
330
1B
100
AcDbEntity
  8
F.Silkscreen
  6
CONTINUOUS
100
AcDbLine
 10
118.1099999999999994
 20
-129.0739999999999839
 30
0
 11
118.1099999999999994
 21
-129.9699999999999989
 31
0
  0
LINE
  5
500
330
1B
100
AcDbEntity
  8
F.Silkscreen
  6
CONTINUOUS
100
AcDbLine
 10
118.1099999999999994
 20
-132.0499999999999829
 30
0
 11
118.1099999999999994
 21
-132.945999999999998
 31
0
  0
LINE
  5
501
330
1B
100
AcDbEntity
  8
F.Silkscreen
  6
CONTINUOUS
100
AcDbLine
 10
118.1499999999999915
 20
-129.1089999999999804
 30
0
 11
118.1499999999999915
 21
-129.9699999999999989
 31
0
  0
LINE
  5
502
330
1B
100
AcDbEntity
  8
F.Silkscreen
  6
CONTINUOUS
100
AcDbLine
 10
118.1499999999999915
 20
-132.0499999999999829
 30
0
 11
118.1499999999999915
 21
-132.9110000000000014
 31
0
  0
LINE
  5
503
330
1B
100
AcDbEntity
  8
F.Silkscreen
  6
CONTINUOUS
100
AcDbLine
 10
118.1899999999999977
 20
-129.1459999999999866
 30
0
 11
118.1899999999999977
 21
-129.9699999999999989
 31
0
  0
LINE
  5
504
330
1B
100
AcDbEntity
  8
F.Silkscreen
  6
CONTINUOUS
100
AcDbLine
 10
118.1899999999999977
 20
-132.0499999999999829
 30
0
 11
118.1899999999999977
 21
-132.8739999999999952
 31
0
  0
LINE
  5
505
330
1B
100
AcDbEntity
  8
F.Silkscreen
  6
CONTINUOUS
100
AcDbLine
 10
118.2299999999999898
 20
-129.1850000000000023
 30
0
 11
118.2299999999999898
 21
-129.9699999999999989
 31
0
  0
LINE
  5
506
330
1B
100
AcDbEntity
  8
F.Silkscreen
  6
CONTINUOUS
100
AcDbLine
 10
118.2299999999999898
 20
-132.0499999999999829
 30
0
 11
118.2299999999999898
 21
-132.835000000000008
 31
0
  0
LINE
  5
507
330
1B
100
AcDbEntity
  8
F.Silkscreen
  6
CONTINUOUS
100
AcDbLine
 10
118.269999999999996
 20
-129.2249999999999943
 30
0
 11
118.269999999999996
 21
-129.9699999999999989
 31
0
  0
LINE
  5
508
330
1B
100
AcDbEntity
  8
F.Silkscreen
  6
CONTINUOUS
100
AcDbLine
 10
118.269999999999996
 20
-132.0499999999999829
 30
0
 11
118.269999999999996
 21
-132.7949999999999875
 31
0
  0
LINE
  5
509
330
1B
100
AcDbEntity
  8
F.Silkscreen
  6
CONTINUOUS
100
AcDbLine
 10
118.3099999999999881
 20
-129.2669999999999959
 30
0
 11
118.3099999999999881
 21
-129.9699999999999989
 31
0
  0
LINE
  5
50A
330
1B
100
AcDbEntity
  8
F.Silkscreen
  6
CONTINUOUS
100
AcDbLine
 10
118.3099999999999881
 20
-132.0499999999999829
 30
0
 11
118.3099999999999881
 21
-132.7529999999999859
 31
0
  0
LINE
  5
50B
330
1B
100
AcDbEntity
  8
F.Silkscreen
  6
CONTINUOUS
100
AcDbLine
 10
118.3499999999999943
 20
-129.311000000000007
 30
0
 11
118.3499999999999943
 21
-129.9699999999999989
 31
0
  0
LINE
  5
50C
330
1B
100
AcDbEntity
  8
F.Silkscreen
  6
CONTINUOUS
100
AcDbLine
 10
118.3499999999999943
 20
-132.0499999999999829
 30
0
 11
118.3499999999999943
 21
-132.7090000000000032
 31
0
  0
LINE
  5
50D
330
1B
100
AcDbEntity
  8
F.Silkscreen
  6
CONTINUOUS
100
AcDbLine
 10
118.3900000000000006
 20
-129.3580000000000041
 30
0
 11
118.3900000000000006
 21
-129.9699999999999989
 31
0
  0
LINE
  5
50E
330
1B
100
AcDbEntity
  8
F.Silkscreen
  6
CONTINUOUS
100
AcDbLine
 10
118.3900000000000006
 20
-132.0499999999999829
 30
0
 11
118.3900000000000006
 21
-132.6620000000000061
 31
0
  0
LINE
  5
50F
330
1B
100
AcDbEntity
  8
F.Silkscreen
  6
CONTINUOUS
100
AcDbLine
 10
118.4299999999999926
 20
-129.4060000000000059
 30
0
 11
118.4299999999999926
 21
-129.9699999999999989
 31
0
  0
LINE
  5
510
330
1B
100
AcDbEntity
  8
F.Silkscreen
  6
CONTINUOUS
100
AcDbLine
 10
118.4299999999999926
 20
-132.0499999999999829
 30
0
 11
118.4299999999999926
 21
-132.6140000000000043
 31
0
  0
LINE
  5
511
330
1B
100
AcDbEntity
  8
F.Silkscreen
  6
CONTINUOUS
100
AcDbLine
 10
118.4699999999999989
 20
-129.4569999999999936
 30
0
 11
118.4699999999999989
 21
-129.9699999999999989
 31
0
  0
LINE
  5
512
330
1B
100
AcDbEntity
  8
F.Silkscreen
  6
CONTINUOUS
100
AcDbLine
 10
118.4699999999999989
 20
-132.0499999999999829
 30
0
 11
118.4699999999999989
 21
-132.5629999999999882
 31
0
  0
LINE
  5
513
330
1B
100
AcDbEntity
  8
F.Silkscreen
  6
CONTINUOUS
100
AcDbLine
 10
118.5099999999999909
 20
-129.5109999999999957
 30
0
 11
118.5099999999999909
 21
-129.9699999999999989
 31
0
  0
LINE
  5
514
330
1B
100
AcDbEntity
  8
F.Silkscreen
  6
CONTINUOUS
100
AcDbLine
 10
118.5099999999999909
 20
-132.0499999999999829
 30
0
 11
118.5099999999999909
 21
-132.5089999999999861
 31
0
  0
LINE
  5
515
330
1B
100
AcDbEntity
  8
F.Silkscreen
  6
CONTINUOUS
100
AcDbLine
 10
118.5499999999999972
 20
-129.5670000000000073
 30
0
 11
118.5499999999999972
 21
-129.9699999999999989
 31
0
  0
LINE
  5
516
330
1B
100
AcDbEntity
  8
F.Silkscreen
  6
CONTINUOUS
100
AcDbLine
 10
118.5499999999999972
 20
-132.0499999999999829
 30
0
 11
118.5499999999999972
 21
-132.453000000000003
 31
0
  0
LINE
  5
517
330
1B
100
AcDbEntity
  8
F.Silkscreen
  6
CONTINUOUS
100
AcDbLine
 10
118.5899999999999892
 20
-129.6269999999999811
 30
0
 11
118.5899999999999892
 21
-129.9699999999999989
 31
0
  0
LINE
  5
518
330
1B
100
AcDbEntity
  8
F.Silkscreen
  6
CONTINUOUS
100
AcDbLine
 10
118.5899999999999892
 20
-132.0499999999999829
 30
0
 11
118.5899999999999892
 21
-132.3930000000000007
 31
0
  0
LINE
  5
519
330
1B
100
AcDbEntity
  8
F.Silkscreen
  6
CONTINUOUS
100
AcDbLine
 10
118.6299999999999955
 20
-129.6910000000000025
 30
0
 11
118.6299999999999955
 21
-129.9699999999999989
 31
0
  0
LINE
  5
51A
330
1B
100
AcDbEntity
  8
F.Silkscreen
  6
CONTINUOUS
100
AcDbLine
 10
118.6299999999999955
 20
-132.0499999999999829
 30
0
 11
118.6299999999999955
 21
-132.3290000000000077
 31
0
  0
LINE
  5
51B
330
1B
100
AcDbEntity
  8
F.Silkscreen
  6
CONTINUOUS
100
AcDbLine
 10
118.6700000000000017
 20
-129.7589999999999861
 30
0
 11
118.6700000000000017
 21
-129.9699999999999989
 31
0
  0
LINE
  5
51C
330
1B
100
AcDbEntity
  8
F.Silkscreen
  6
CONTINUOUS
100
AcDbLine
 10
118.6700000000000017
 20
-132.0499999999999829
 30
0
 11
118.6700000000000017
 21
-132.2609999999999957
 31
0
  0
LINE
  5
51D
330
1B
100
AcDbEntity
  8
F.Silkscreen
  6
CONTINUOUS
100
AcDbLine
 10
118.7099999999999937
 20
-129.8329999999999984
 30
0
 11
118.7099999999999937
 21
-132.1869999999999834
 31
0
  0
LINE
  5
51E
330
1B
100
AcDbEntity
  8
F.Silkscreen
  6
CONTINUOUS
100
AcDbLine
 10
118.75
 20
-129.9120000000000061
 30
0
 11
118.75
 21
-132.1080000000000041
 31
0
  0
LINE
  5
51F
330
1B
100
AcDbEntity
  8
F.Silkscreen
  6
CONTINUOUS
100
AcDbLine
 10
118.789999999999992
 20
-129.9989999999999952
 30
0
 11
118.789999999999992
 21
-132.0209999999999866
 31
0
  0
LINE
  5
520
330
1B
100
AcDbEntity
  8
F.Silkscreen
  6
CONTINUOUS
100
AcDbLine
 10
118.8299999999999983
 20
-130.0960000000000036
 30
0
 11
118.8299999999999983
 21
-131.9240000000000066
 31
0
  0
LINE
  5
521
330
1B
100
AcDbEntity
  8
F.Silkscreen
  6
CONTINUOUS
100
AcDbLine
 10
118.8699999999999903
 20
-130.2049999999999841
 30
0
 11
118.8699999999999903
 21
-131.8149999999999977
 31
0
  0
LINE
  5
522
330
1B
100
AcDbEntity
  8
F.Silkscreen
  6
CONTINUOUS
100
AcDbLine
 10
118.9099999999999966
 20
-130.3329999999999984
 30
0
 11
118.9099999999999966
 21
-131.6869999999999834
 31
0
  0
LINE
  5
523
330
1B
100
AcDbEntity
  8
F.Silkscreen
  6
CONTINUOUS
100
AcDbLine
 10
118.9499999999999886
 20
-130.492999999999995
 30
0
 11
118.9499999999999886
 21
-131.5269999999999868
 31
0
  0
LINE
  5
524
330
1B
100
AcDbEntity
  8
F.Silkscreen
  6
CONTINUOUS
100
AcDbLine
 10
118.9899999999999949
 20
-130.7270000000000039
 30
0
 11
118.9899999999999949
 21
-131.2930000000000064
 31
0
  0
CIRCLE
  5
525
330
1B
100
AcDbEntity
  8
F.Silkscreen
100
AcDbCircle
 10
116.3900000000000006
 20
-131.0099999999999909
 30
0
 40
2.6199999999999997
  0
LINE
  5
526
330
1B
100
AcDbEntity
  8
F.Silkscreen
  6
CONTINUOUS
100
AcDbLine
 10
123.269999999999996
 20
-112.5599999999999881
 30
0
 11
123.269999999999996
 21
-119.0999999999999943
 31
0
  0
LINE
  5
527
330
1B
100
AcDbEntity
  8
F.Silkscreen
  6
CONTINUOUS
100
AcDbLine
 10
123.269999999999996
 20
-119.0999999999999943
 30
0
 11
123.5999999999999943
 21
-119.0999999999999943
 31
0
  0
LINE
  5
528
330
1B
100
AcDbEntity
  8
F.Silkscreen
  6
CONTINUOUS
100
AcDbLine
 10
123.5999999999999943
 20
-112.5599999999999881
 30
0
 11
123.269999999999996
 21
-112.5599999999999881
 31
0
  0
LINE
  5
529
330
1B
100
AcDbEntity
  8
F.Silkscreen
  6
CONTINUOUS
100
AcDbLine
 10
125.6799999999999926
 20
-112.5599999999999881
 30
0
 11
126.0099999999999909
 21
-112.5599999999999881
 31
0
  0
LINE
  5
52A
330
1B
100
AcDbEntity
  8
F.Silkscreen
  6
CONTINUOUS
100
AcDbLine
 10
126.0099999999999909
 20
-112.5599999999999881
 30
0
 11
126.0099999999999909
 21
-119.0999999999999943
 31
0
  0
LINE
  5
52B
330
1B
100
AcDbEntity
  8
F.Silkscreen
  6
CONTINUOUS
100
AcDbLine
 10
126.0099999999999909
 20
-119.0999999999999943
 30
0
 11
125.6799999999999926
 21
-119.0999999999999943
 31
0
  0
LINE
  5
52C
330
1B
100
AcDbEntity
  8
F.Silkscreen
  6
CONTINUOUS
100
AcDbLine
 10
147.2699999999999818
 20
-125.4399999999999977
 30
0
 11
147.6069999999999993
 21
-125.4399999999999977
 31
0
  0
LINE
  5
52D
330
1B
100
AcDbEntity
  8
F.Silkscreen
  6
CONTINUOUS
100
AcDbLine
 10
147.2699999999999818
 20
-130.6800000000000068
 30
0
 11
147.2699999999999818
 21
-125.4399999999999977
 31
0
  0
LINE
  5
52E
330
1B
100
AcDbEntity
  8
F.Silkscreen
  6
CONTINUOUS
100
AcDbLine
 10
147.6069999999999993
 20
-130.6800000000000068
 30
0
 11
147.2699999999999818
 21
-130.6800000000000068
 31
0
  0
LINE
  5
52F
330
1B
100
AcDbEntity
  8
F.Silkscreen
  6
CONTINUOUS
100
AcDbLine
 10
149.6730000000000018
 20
-125.4399999999999977
 30
0
 11
150.0099999999999909
 21
-125.4399999999999977
 31
0
  0
LINE
  5
530
330
1B
100
AcDbEntity
  8
F.Silkscreen
  6
CONTINUOUS
100
AcDbLine
 10
150.0099999999999909
 20
-125.4399999999999977
 30
0
 11
150.0099999999999909
 21
-130.6800000000000068
 31
0
  0
LINE
  5
531
330
1B
100
AcDbEntity
  8
F.Silkscreen
  6
CONTINUOUS
100
AcDbLine
 10
150.0099999999999909
 20
-130.6800000000000068
 30
0
 11
149.6730000000000018
 21
-130.6800000000000068
 31
0
  0
LINE
  5
532
330
1B
100
AcDbEntity
  8
F.Silkscreen
  6
CONTINUOUS
100
AcDbLine
 10
111.269999999999996
 20
-108.5599999999999881
 30
0
 11
111.5999999999999943
 21
-108.5599999999999881
 31
0
  0
LINE
  5
533
330
1B
100
AcDbEntity
  8
F.Silkscreen
  6
CONTINUOUS
100
AcDbLine
 10
111.269999999999996
 20
-115.0999999999999943
 30
0
 11
111.269999999999996
 21
-108.5599999999999881
 31
0
  0
LINE
  5
534
330
1B
100
AcDbEntity
  8
F.Silkscreen
  6
CONTINUOUS
100
AcDbLine
 10
111.5999999999999943
 20
-115.0999999999999943
 30
0
 11
111.269999999999996
 21
-115.0999999999999943
 31
0
  0
LINE
  5
535
330
1B
100
AcDbEntity
  8
F.Silkscreen
  6
CONTINUOUS
100
AcDbLine
 10
113.6799999999999926
 20
-115.0999999999999943
 30
0
 11
114.0099999999999909
 21
-115.0999999999999943
 31
0
  0
LINE
  5
536
330
1B
100
AcDbEntity
  8
F.Silkscreen
  6
CONTINUOUS
100
AcDbLine
 10
114.0099999999999909
 20
-108.5599999999999881
 30
0
 11
113.6799999999999926
 21
-108.5599999999999881
 31
0
  0
LINE
  5
537
330
1B
100
AcDbEntity
  8
F.Silkscreen
  6
CONTINUOUS
100
AcDbLine
 10
114.0099999999999909
 20
-115.0999999999999943
 30
0
 11
114.0099999999999909
 21
-108.5599999999999881
 31
0
  0
LINE
  5
538
330
1B
100
AcDbEntity
  8
F.Silkscreen
  6
CONTINUOUS
100
AcDbLine
 10
134.6999999999999886
 20
-121.6899999999999977
 30
0
 11
134.6999999999999886
 21
-131.9699999999999989
 31
0
  0
LINE
  5
539
330
1B
100
AcDbEntity
  8
F.Silkscreen
  6
CONTINUOUS
100
AcDbLine
 10
134.6999999999999886
 20
-131.9699999999999989
 30
0
 11
139.1999999999999886
 21
-131.9699999999999989
 31
0
  0
LINE
  5
53A
330
1B
100
AcDbEntity
  8
F.Silkscreen
  6
CONTINUOUS
100
AcDbLine
 10
135.9499999999999886
 20
-121.6899999999999977
 30
0
 11
134.6999999999999886
 21
-121.6899999999999977
 31
0
  0
LINE
  5
53B
330
1B
100
AcDbEntity
  8
F.Silkscreen
  6
CONTINUOUS
100
AcDbLine
 10
139.1999999999999886
 20
-121.6899999999999977
 30
0
 11
137.9499999999999886
 21
-121.6899999999999977
 31
0
  0
LINE
  5
53C
330
1B
100
AcDbEntity
  8
F.Silkscreen
  6
CONTINUOUS
100
AcDbLine
 10
139.1999999999999886
 20
-131.9699999999999989
 30
0
 11
139.1999999999999886
 21
-121.6899999999999977
 31
0
  0
ARC
  5
53D
330
1B
100
AcDbEntity
  8
F.Silkscreen
100
AcDbCircle
 10
136.9499999999999886
 20
-121.6899999999999977
 30
0
 40
1.
100
AcDbArc
 50
-180.00000000
 51
-0.00000000
  0
LINE
  5
53E
330
1B
100
AcDbEntity
  8
F.Silkscreen
  6
CONTINUOUS
100
AcDbLine
 10
145.6800000000000068
 20
-135.1399999999999864
 30
0
 11
145.6800000000000068
 21
-135.4699999999999989
 31
0
  0
LINE
  5
53F
330
1B
100
AcDbEntity
  8
F.Silkscreen
  6
CONTINUOUS
100
AcDbLine
 10
145.6800000000000068
 20
-137.8799999999999955
 30
0
 11
145.6800000000000068
 21
-137.5499999999999829
 31
0
  0
LINE
  5
540
330
1B
100
AcDbEntity
  8
F.Silkscreen
  6
CONTINUOUS
100
AcDbLine
 10
152.2199999999999989
 20
-135.1399999999999864
 30
0
 11
145.6800000000000068
 21
-135.1399999999999864
 31
0
  0
LINE
  5
541
330
1B
100
AcDbEntity
  8
F.Silkscreen
  6
CONTINUOUS
100
AcDbLine
 10
152.2199999999999989
 20
-135.4699999999999989
 30
0
 11
152.2199999999999989
 21
-135.1399999999999864
 31
0
  0
LINE
  5
542
330
1B
100
AcDbEntity
  8
F.Silkscreen
  6
CONTINUOUS
100
AcDbLine
 10
152.2199999999999989
 20
-137.5499999999999829
 30
0
 11
152.2199999999999989
 21
-137.8799999999999955
 31
0
  0
LINE
  5
543
330
1B
100
AcDbEntity
  8
F.Silkscreen
  6
CONTINUOUS
100
AcDbLine
 10
152.2199999999999989
 20
-137.8799999999999955
 30
0
 11
145.6800000000000068
 21
-137.8799999999999955
 31
0
  0
LINE
  5
544
330
1B
100
AcDbEntity
  8
F.Silkscreen
  6
CONTINUOUS
100
AcDbLine
 10
143.7699999999999818
 20
-126.0999999999999943
 30
0
 11
144.0999999999999943
 21
-126.0999999999999943
 31
0
  0
LINE
  5
545
330
1B
100
AcDbEntity
  8
F.Silkscreen
  6
CONTINUOUS
100
AcDbLine
 10
143.7699999999999818
 20
-132.6399999999999864
 30
0
 11
143.7699999999999818
 21
-126.0999999999999943
 31
0
  0
LINE
  5
546
330
1B
100
AcDbEntity
  8
F.Silkscreen
  6
CONTINUOUS
100
AcDbLine
 10
144.0999999999999943
 20
-132.6399999999999864
 30
0
 11
143.7699999999999818
 21
-132.6399999999999864
 31
0
  0
LINE
  5
547
330
1B
100
AcDbEntity
  8
F.Silkscreen
  6
CONTINUOUS
100
AcDbLine
 10
146.1800000000000068
 20
-132.6399999999999864
 30
0
 11
146.5099999999999909
 21
-132.6399999999999864
 31
0
  0
LINE
  5
548
330
1B
100
AcDbEntity
  8
F.Silkscreen
  6
CONTINUOUS
100
AcDbLine
 10
146.5099999999999909
 20
-126.0999999999999943
 30
0
 11
146.1800000000000068
 21
-126.0999999999999943
 31
0
  0
LINE
  5
549
330
1B
100
AcDbEntity
  8
F.Silkscreen
  6
CONTINUOUS
100
AcDbLine
 10
146.5099999999999909
 20
-132.6399999999999864
 30
0
 11
146.5099999999999909
 21
-126.0999999999999943
 31
0
  0
LINE
  5
54A
330
1B
100
AcDbEntity
  8
F.Silkscreen
  6
CONTINUOUS
100
AcDbLine
 10
154.5852249999999799
 20
-135.0349999999999966
 30
0
 11
155.0852249999999799
 21
-135.0349999999999966
 31
0
  0
LINE
  5
54B
330
1B
100
AcDbEntity
  8
F.Silkscreen
  6
CONTINUOUS
100
AcDbLine
 10
154.8352249999999799
 20
-134.7849999999999966
 30
0
 11
154.8352249999999799
 21
-135.2849999999999966
 31
0
  0
LINE
  5
54C
330
1B
100
AcDbEntity
  8
F.Silkscreen
  6
CONTINUOUS
100
AcDbLine
 10
157.3899999999999864
 20
-133.9300000000000068
 30
0
 11
157.3899999999999864
 21
-139.0900000000000034
 31
0
  0
LINE
  5
54D
330
1B
100
AcDbEntity
  8
F.Silkscreen
  6
CONTINUOUS
100
AcDbLine
 10
157.4300000000000068
 20
-133.9300000000000068
 30
0
 11
157.4300000000000068
 21
-139.0900000000000034
 31
0
  0
LINE
  5
54E
330
1B
100
AcDbEntity
  8
F.Silkscreen
  6
CONTINUOUS
100
AcDbLine
 10
157.4699999999999989
 20
-133.9309999999999832
 30
0
 11
157.4699999999999989
 21
-139.0889999999999986
 31
0
  0
LINE
  5
54F
330
1B
100
AcDbEntity
  8
F.Silkscreen
  6
CONTINUOUS
100
AcDbLine
 10
157.5099999999999909
 20
-133.9329999999999927
 30
0
 11
157.5099999999999909
 21
-139.0869999999999891
 31
0
  0
LINE
  5
550
330
1B
100
AcDbEntity
  8
F.Silkscreen
  6
CONTINUOUS
100
AcDbLine
 10
157.5499999999999829
 20
-133.9350000000000023
 30
0
 11
157.5499999999999829
 21
-139.0849999999999795
 31
0
  0
LINE
  5
551
330
1B
100
AcDbEntity
  8
F.Silkscreen
  6
CONTINUOUS
100
AcDbLine
 10
157.5900000000000034
 20
-133.9379999999999882
 30
0
 11
157.5900000000000034
 21
-139.0819999999999936
 31
0
  0
LINE
  5
552
330
1B
100
AcDbEntity
  8
F.Silkscreen
  6
CONTINUOUS
100
AcDbLine
 10
157.6299999999999955
 20
-133.9410000000000025
 30
0
 11
157.6299999999999955
 21
-135.4699999999999989
 31
0
  0
LINE
  5
553
330
1B
100
AcDbEntity
  8
F.Silkscreen
  6
CONTINUOUS
100
AcDbLine
 10
157.6299999999999955
 20
-137.5499999999999829
 30
0
 11
157.6299999999999955
 21
-139.0790000000000077
 31
0
  0
LINE
  5
554
330
1B
100
AcDbEntity
  8
F.Silkscreen
  6
CONTINUOUS
100
AcDbLine
 10
157.6699999999999875
 20
-133.9449999999999932
 30
0
 11
157.6699999999999875
 21
-135.4699999999999989
 31
0
  0
LINE
  5
555
330
1B
100
AcDbEntity
  8
F.Silkscreen
  6
CONTINUOUS
100
AcDbLine
 10
157.6699999999999875
 20
-137.5499999999999829
 30
0
 11
157.6699999999999875
 21
-139.0749999999999886
 31
0
  0
LINE
  5
556
330
1B
100
AcDbEntity
  8
F.Silkscreen
  6
CONTINUOUS
100
AcDbLine
 10
157.7099999999999795
 20
-133.9499999999999886
 30
0
 11
157.7099999999999795
 21
-135.4699999999999989
 31
0
  0
LINE
  5
557
330
1B
100
AcDbEntity
  8
F.Silkscreen
  6
CONTINUOUS
100
AcDbLine
 10
157.7099999999999795
 20
-137.5499999999999829
 30
0
 11
157.7099999999999795
 21
-139.0699999999999932
 31
0
  0
LINE
  5
558
330
1B
100
AcDbEntity
  8
F.Silkscreen
  6
CONTINUOUS
100
AcDbLine
 10
157.75
 20
-133.9549999999999841
 30
0
 11
157.75
 21
-135.4699999999999989
 31
0
  0
LINE
  5
559
330
1B
100
AcDbEntity
  8
F.Silkscreen
  6
CONTINUOUS
100
AcDbLine
 10
157.75
 20
-137.5499999999999829
 30
0
 11
157.75
 21
-139.0649999999999977
 31
0
  0
LINE
  5
55A
330
1B
100
AcDbEntity
  8
F.Silkscreen
  6
CONTINUOUS
100
AcDbLine
 10
157.789999999999992
 20
-133.9609999999999843
 30
0
 11
157.789999999999992
 21
-135.4699999999999989
 31
0
  0
LINE
  5
55B
330
1B
100
AcDbEntity
  8
F.Silkscreen
  6
CONTINUOUS
100
AcDbLine
 10
157.789999999999992
 20
-137.5499999999999829
 30
0
 11
157.789999999999992
 21
-139.0589999999999975
 31
0
  0
LINE
  5
55C
330
1B
100
AcDbEntity
  8
F.Silkscreen
  6
CONTINUOUS
100
AcDbLine
 10
157.8299999999999841
 20
-133.9669999999999845
 30
0
 11
157.8299999999999841
 21
-135.4699999999999989
 31
0
  0
LINE
  5
55D
330
1B
100
AcDbEntity
  8
F.Silkscreen
  6
CONTINUOUS
100
AcDbLine
 10
157.8299999999999841
 20
-137.5499999999999829
 30
0
 11
157.8299999999999841
 21
-139.0529999999999973
 31
0
  0
LINE
  5
55E
330
1B
100
AcDbEntity
  8
F.Silkscreen
  6
CONTINUOUS
100
AcDbLine
 10
157.8700000000000045
 20
-133.9739999999999895
 30
0
 11
157.8700000000000045
 21
-135.4699999999999989
 31
0
  0
LINE
  5
55F
330
1B
100
AcDbEntity
  8
F.Silkscreen
  6
CONTINUOUS
100
AcDbLine
 10
157.8700000000000045
 20
-137.5499999999999829
 30
0
 11
157.8700000000000045
 21
-139.0459999999999923
 31
0
  0
LINE
  5
560
330
1B
100
AcDbEntity
  8
F.Silkscreen
  6
CONTINUOUS
100
AcDbLine
 10
157.9099999999999966
 20
-133.9819999999999993
 30
0
 11
157.9099999999999966
 21
-135.4699999999999989
 31
0
  0
LINE
  5
561
330
1B
100
AcDbEntity
  8
F.Silkscreen
  6
CONTINUOUS
100
AcDbLine
 10
157.9099999999999966
 20
-137.5499999999999829
 30
0
 11
157.9099999999999966
 21
-139.0379999999999825
 31
0
  0
LINE
  5
562
330
1B
100
AcDbEntity
  8
F.Silkscreen
  6
CONTINUOUS
100
AcDbLine
 10
157.9499999999999886
 20
-133.9909999999999854
 30
0
 11
157.9499999999999886
 21
-135.4699999999999989
 31
0
  0
LINE
  5
563
330
1B
100
AcDbEntity
  8
F.Silkscreen
  6
CONTINUOUS
100
AcDbLine
 10
157.9499999999999886
 20
-137.5499999999999829
 30
0
 11
157.9499999999999886
 21
-139.0289999999999964
 31
0
  0
LINE
  5
564
330
1B
100
AcDbEntity
  8
F.Silkscreen
  6
CONTINUOUS
100
AcDbLine
 10
157.9899999999999807
 20
-134.
 30
0
 11
157.9899999999999807
 21
-135.4699999999999989
 31
0
  0
LINE
  5
565
330
1B
100
AcDbEntity
  8
F.Silkscreen
  6
CONTINUOUS
100
AcDbLine
 10
157.9899999999999807
 20
-137.5499999999999829
 30
0
 11
157.9899999999999807
 21
-139.0199999999999818
 31
0
  0
LINE
  5
566
330
1B
100
AcDbEntity
  8
F.Silkscreen
  6
CONTINUOUS
100
AcDbLine
 10
158.0300000000000011
 20
-134.0089999999999861
 30
0
 11
158.0300000000000011
 21
-135.4699999999999989
 31
0
  0
LINE
  5
567
330
1B
100
AcDbEntity
  8
F.Silkscreen
  6
CONTINUOUS
100
AcDbLine
 10
158.0300000000000011
 20
-137.5499999999999829
 30
0
 11
158.0300000000000011
 21
-139.0109999999999957
 31
0
  0
LINE
  5
568
330
1B
100
AcDbEntity
  8
F.Silkscreen
  6
CONTINUOUS
100
AcDbLine
 10
158.0699999999999932
 20
-134.0199999999999818
 30
0
 11
158.0699999999999932
 21
-135.4699999999999989
 31
0
  0
LINE
  5
569
330
1B
100
AcDbEntity
  8
F.Silkscreen
  6
CONTINUOUS
100
AcDbLine
 10
158.0699999999999932
 20
-137.5499999999999829
 30
0
 11
158.0699999999999932
 21
-139.
 31
0
  0
LINE
  5
56A
330
1B
100
AcDbEntity
  8
F.Silkscreen
  6
CONTINUOUS
100
AcDbLine
 10
158.1099999999999852
 20
-134.0310000000000059
 30
0
 11
158.1099999999999852
 21
-135.4699999999999989
 31
0
  0
LINE
  5
56B
330
1B
100
AcDbEntity
  8
F.Silkscreen
  6
CONTINUOUS
100
AcDbLine
 10
158.1099999999999852
 20
-137.5499999999999829
 30
0
 11
158.1099999999999852
 21
-138.9890000000000043
 31
0
  0
LINE
  5
56C
330
1B
100
AcDbEntity
  8
F.Silkscreen
  6
CONTINUOUS
100
AcDbLine
 10
158.1500000000000057
 20
-134.0430000000000064
 30
0
 11
158.1500000000000057
 21
-135.4699999999999989
 31
0
  0
LINE
  5
56D
330
1B
100
AcDbEntity
  8
F.Silkscreen
  6
CONTINUOUS
100
AcDbLine
 10
158.1500000000000057
 20
-137.5499999999999829
 30
0
 11
158.1500000000000057
 21
-138.9770000000000039
 31
0
  0
LINE
  5
56E
330
1B
100
AcDbEntity
  8
F.Silkscreen
  6
CONTINUOUS
100
AcDbLine
 10
158.1899999999999977
 20
-134.0550000000000068
 30
0
 11
158.1899999999999977
 21
-135.4699999999999989
 31
0
  0
LINE
  5
56F
330
1B
100
AcDbEntity
  8
F.Silkscreen
  6
CONTINUOUS
100
AcDbLine
 10
158.1899999999999977
 20
-137.5499999999999829
 30
0
 11
158.1899999999999977
 21
-138.9650000000000034
 31
0
  0
LINE
  5
570
330
1B
100
AcDbEntity
  8
F.Silkscreen
  6
CONTINUOUS
100
AcDbLine
 10
158.2299999999999898
 20
-134.0679999999999836
 30
0
 11
158.2299999999999898
 21
-135.4699999999999989
 31
0
  0
LINE
  5
571
330
1B
100
AcDbEntity
  8
F.Silkscreen
  6
CONTINUOUS
100
AcDbLine
 10
158.2299999999999898
 20
-137.5499999999999829
 30
0
 11
158.2299999999999898
 21
-138.9519999999999982
 31
0
  0
LINE
  5
572
330
1B
100
AcDbEntity
  8
F.Silkscreen
  6
CONTINUOUS
100
AcDbLine
 10
158.2699999999999818
 20
-134.0819999999999936
 30
0
 11
158.2699999999999818
 21
-135.4699999999999989
 31
0
  0
LINE
  5
573
330
1B
100
AcDbEntity
  8
F.Silkscreen
  6
CONTINUOUS
100
AcDbLine
 10
158.2699999999999818
 20
-137.5499999999999829
 30
0
 11
158.2699999999999818
 21
-138.9379999999999882
 31
0
  0
LINE
  5
574
330
1B
100
AcDbEntity
  8
F.Silkscreen
  6
CONTINUOUS
100
AcDbLine
 10
158.3100000000000023
 20
-134.09699999999998
 30
0
 11
158.3100000000000023
 21
-135.4699999999999989
 31
0
  0
LINE
  5
575
330
1B
100
AcDbEntity
  8
F.Silkscreen
  6
CONTINUOUS
100
AcDbLine
 10
158.3100000000000023
 20
-137.5499999999999829
 30
0
 11
158.3100000000000023
 21
-138.9230000000000018
 31
0
  0
LINE
  5
576
330
1B
100
AcDbEntity
  8
F.Silkscreen
  6
CONTINUOUS
100
AcDbLine
 10
158.3499999999999943
 20
-134.1119999999999948
 30
0
 11
158.3499999999999943
 21
-135.4699999999999989
 31
0
  0
LINE
  5
577
330
1B
100
AcDbEntity
  8
F.Silkscreen
  6
CONTINUOUS
100
AcDbLine
 10
158.3499999999999943
 20
-137.5499999999999829
 30
0
 11
158.3499999999999943
 21
-138.907999999999987
 31
0
  0
LINE
  5
578
330
1B
100
AcDbEntity
  8
F.Silkscreen
  6
CONTINUOUS
100
AcDbLine
 10
158.3899999999999864
 20
-134.1279999999999859
 30
0
 11
158.3899999999999864
 21
-135.4699999999999989
 31
0
  0
LINE
  5
579
330
1B
100
AcDbEntity
  8
F.Silkscreen
  6
CONTINUOUS
100
AcDbLine
 10
158.3899999999999864
 20
-137.5499999999999829
 30
0
 11
158.3899999999999864
 21
-138.8919999999999959
 31
0
  0
LINE
  5
57A
330
1B
100
AcDbEntity
  8
F.Silkscreen
  6
CONTINUOUS
100
AcDbLine
 10
158.4300000000000068
 20
-134.1449999999999818
 30
0
 11
158.4300000000000068
 21
-135.4699999999999989
 31
0
  0
LINE
  5
57B
330
1B
100
AcDbEntity
  8
F.Silkscreen
  6
CONTINUOUS
100
AcDbLine
 10
158.4300000000000068
 20
-137.5499999999999829
 30
0
 11
158.4300000000000068
 21
-138.875
 31
0
  0
LINE
  5
57C
330
1B
100
AcDbEntity
  8
F.Silkscreen
  6
CONTINUOUS
100
AcDbLine
 10
158.4699999999999989
 20
-134.1629999999999825
 30
0
 11
158.4699999999999989
 21
-135.4699999999999989
 31
0
  0
LINE
  5
57D
330
1B
100
AcDbEntity
  8
F.Silkscreen
  6
CONTINUOUS
100
AcDbLine
 10
158.4699999999999989
 20
-137.5499999999999829
 30
0
 11
158.4699999999999989
 21
-138.8569999999999993
 31
0
  0
LINE
  5
57E
330
1B
100
AcDbEntity
  8
F.Silkscreen
  6
CONTINUOUS
100
AcDbLine
 10
158.5099999999999909
 20
-134.1809999999999832
 30
0
 11
158.5099999999999909
 21
-135.4699999999999989
 31
0
  0
LINE
  5
57F
330
1B
100
AcDbEntity
  8
F.Silkscreen
  6
CONTINUOUS
100
AcDbLine
 10
158.5099999999999909
 20
-137.5499999999999829
 30
0
 11
158.5099999999999909
 21
-138.8389999999999986
 31
0
  0
LINE
  5
580
330
1B
100
AcDbEntity
  8
F.Silkscreen
  6
CONTINUOUS
100
AcDbLine
 10
158.5499999999999829
 20
-134.2009999999999934
 30
0
 11
158.5499999999999829
 21
-135.4699999999999989
 31
0
  0
LINE
  5
581
330
1B
100
AcDbEntity
  8
F.Silkscreen
  6
CONTINUOUS
100
AcDbLine
 10
158.5499999999999829
 20
-137.5499999999999829
 30
0
 11
158.5499999999999829
 21
-138.8189999999999884
 31
0
  0
LINE
  5
582
330
1B
100
AcDbEntity
  8
F.Silkscreen
  6
CONTINUOUS
100
AcDbLine
 10
158.5900000000000034
 20
-134.2210000000000036
 30
0
 11
158.5900000000000034
 21
-135.4699999999999989
 31
0
  0
LINE
  5
583
330
1B
100
AcDbEntity
  8
F.Silkscreen
  6
CONTINUOUS
100
AcDbLine
 10
158.5900000000000034
 20
-137.5499999999999829
 30
0
 11
158.5900000000000034
 21
-138.7990000000000066
 31
0
  0
LINE
  5
584
330
1B
100
AcDbEntity
  8
F.Silkscreen
  6
CONTINUOUS
100
AcDbLine
 10
158.6299999999999955
 20
-134.2419999999999902
 30
0
 11
158.6299999999999955
 21
-135.4699999999999989
 31
0
  0
LINE
  5
585
330
1B
100
AcDbEntity
  8
F.Silkscreen
  6
CONTINUOUS
100
AcDbLine
 10
158.6299999999999955
 20
-137.5499999999999829
 30
0
 11
158.6299999999999955
 21
-138.7779999999999916
 31
0
  0
LINE
  5
586
330
1B
100
AcDbEntity
  8
F.Silkscreen
  6
CONTINUOUS
100
AcDbLine
 10
158.6699999999999875
 20
-134.2639999999999816
 30
0
 11
158.6699999999999875
 21
-135.4699999999999989
 31
0
  0
LINE
  5
587
330
1B
100
AcDbEntity
  8
F.Silkscreen
  6
CONTINUOUS
100
AcDbLine
 10
158.6699999999999875
 20
-137.5499999999999829
 30
0
 11
158.6699999999999875
 21
-138.7560000000000002
 31
0
  0
LINE
  5
588
330
1B
100
AcDbEntity
  8
F.Silkscreen
  6
CONTINUOUS
100
AcDbLine
 10
158.7099999999999795
 20
-134.2870000000000061
 30
0
 11
158.7099999999999795
 21
-135.4699999999999989
 31
0
  0
LINE
  5
589
330
1B
100
AcDbEntity
  8
F.Silkscreen
  6
CONTINUOUS
100
AcDbLine
 10
158.7099999999999795
 20
-137.5499999999999829
 30
0
 11
158.7099999999999795
 21
-138.7330000000000041
 31
0
  0
LINE
  5
58A
330
1B
100
AcDbEntity
  8
F.Silkscreen
  6
CONTINUOUS
100
AcDbLine
 10
158.75
 20
-134.311000000000007
 30
0
 11
158.75
 21
-135.4699999999999989
 31
0
  0
LINE
  5
58B
330
1B
100
AcDbEntity
  8
F.Silkscreen
  6
CONTINUOUS
100
AcDbLine
 10
158.75
 20
-137.5499999999999829
 30
0
 11
158.75
 21
-138.7090000000000032
 31
0
  0
LINE
  5
58C
330
1B
100
AcDbEntity
  8
F.Silkscreen
  6
CONTINUOUS
100
AcDbLine
 10
158.789999999999992
 20
-134.335000000000008
 30
0
 11
158.789999999999992
 21
-135.4699999999999989
 31
0
  0
LINE
  5
58D
330
1B
100
AcDbEntity
  8
F.Silkscreen
  6
CONTINUOUS
100
AcDbLine
 10
158.789999999999992
 20
-137.5499999999999829
 30
0
 11
158.789999999999992
 21
-138.6850000000000023
 31
0
  0
LINE
  5
58E
330
1B
100
AcDbEntity
  8
F.Silkscreen
  6
CONTINUOUS
100
AcDbLine
 10
158.8299999999999841
 20
-134.36099999999999
 30
0
 11
158.8299999999999841
 21
-135.4699999999999989
 31
0
  0
LINE
  5
58F
330
1B
100
AcDbEntity
  8
F.Silkscreen
  6
CONTINUOUS
100
AcDbLine
 10
158.8299999999999841
 20
-137.5499999999999829
 30
0
 11
158.8299999999999841
 21
-138.6589999999999918
 31
0
  0
LINE
  5
590
330
1B
100
AcDbEntity
  8
F.Silkscreen
  6
CONTINUOUS
100
AcDbLine
 10
158.8700000000000045
 20
-134.3880000000000052
 30
0
 11
158.8700000000000045
 21
-135.4699999999999989
 31
0
  0
LINE
  5
591
330
1B
100
AcDbEntity
  8
F.Silkscreen
  6
CONTINUOUS
100
AcDbLine
 10
158.8700000000000045
 20
-137.5499999999999829
 30
0
 11
158.8700000000000045
 21
-138.632000000000005
 31
0
  0
LINE
  5
592
330
1B
100
AcDbEntity
  8
F.Silkscreen
  6
CONTINUOUS
100
AcDbLine
 10
158.9099999999999966
 20
-134.4159999999999968
 30
0
 11
158.9099999999999966
 21
-135.4699999999999989
 31
0
  0
LINE
  5
593
330
1B
100
AcDbEntity
  8
F.Silkscreen
  6
CONTINUOUS
100
AcDbLine
 10
158.9099999999999966
 20
-137.5499999999999829
 30
0
 11
158.9099999999999966
 21
-138.603999999999985
 31
0
  0
LINE
  5
594
330
1B
100
AcDbEntity
  8
F.Silkscreen
  6
CONTINUOUS
100
AcDbLine
 10
158.9499999999999886
 20
-134.4449999999999932
 30
0
 11
158.9499999999999886
 21
-135.4699999999999989
 31
0
  0
LINE
  5
595
330
1B
100
AcDbEntity
  8
F.Silkscreen
  6
CONTINUOUS
100
AcDbLine
 10
158.9499999999999886
 20
-137.5499999999999829
 30
0
 11
158.9499999999999886
 21
-138.5749999999999886
 31
0
  0
LINE
  5
596
330
1B
100
AcDbEntity
  8
F.Silkscreen
  6
CONTINUOUS
100
AcDbLine
 10
158.9899999999999807
 20
-134.4749999999999943
 30
0
 11
158.9899999999999807
 21
-135.4699999999999989
 31
0
  0
LINE
  5
597
330
1B
100
AcDbEntity
  8
F.Silkscreen
  6
CONTINUOUS
100
AcDbLine
 10
158.9899999999999807
 20
-137.5499999999999829
 30
0
 11
158.9899999999999807
 21
-138.5449999999999875
 31
0
  0
LINE
  5
598
330
1B
100
AcDbEntity
  8
F.Silkscreen
  6
CONTINUOUS
100
AcDbLine
 10
159.0300000000000011
 20
-134.507000000000005
 30
0
 11
159.0300000000000011
 21
-135.4699999999999989
 31
0
  0
LINE
  5
599
330
1B
100
AcDbEntity
  8
F.Silkscreen
  6
CONTINUOUS
100
AcDbLine
 10
159.0300000000000011
 20
-137.5499999999999829
 30
0
 11
159.0300000000000011
 21
-138.5130000000000052
 31
0
  0
LINE
  5
59A
330
1B
100
AcDbEntity
  8
F.Silkscreen
  6
CONTINUOUS
100
AcDbLine
 10
159.0699999999999932
 20
-134.539999999999992
 30
0
 11
159.0699999999999932
 21
-135.4699999999999989
 31
0
  0
LINE
  5
59B
330
1B
100
AcDbEntity
  8
F.Silkscreen
  6
CONTINUOUS
100
AcDbLine
 10
159.0699999999999932
 20
-137.5499999999999829
 30
0
 11
159.0699999999999932
 21
-138.4799999999999898
 31
0
  0
LINE
  5
59C
330
1B
100
AcDbEntity
  8
F.Silkscreen
  6
CONTINUOUS
100
AcDbLine
 10
159.1099999999999852
 20
-134.5739999999999839
 30
0
 11
159.1099999999999852
 21
-135.4699999999999989
 31
0
  0
LINE
  5
59D
330
1B
100
AcDbEntity
  8
F.Silkscreen
  6
CONTINUOUS
100
AcDbLine
 10
159.1099999999999852
 20
-137.5499999999999829
 30
0
 11
159.1099999999999852
 21
-138.445999999999998
 31
0
  0
LINE
  5
59E
330
1B
100
AcDbEntity
  8
F.Silkscreen
  6
CONTINUOUS
100
AcDbLine
 10
159.1500000000000057
 20
-134.6089999999999804
 30
0
 11
159.1500000000000057
 21
-135.4699999999999989
 31
0
  0
LINE
  5
59F
330
1B
100
AcDbEntity
  8
F.Silkscreen
  6
CONTINUOUS
100
AcDbLine
 10
159.1500000000000057
 20
-137.5499999999999829
 30
0
 11
159.1500000000000057
 21
-138.4110000000000014
 31
0
  0
LINE
  5
5A0
330
1B
100
AcDbEntity
  8
F.Silkscreen
  6
CONTINUOUS
100
AcDbLine
 10
159.1899999999999977
 20
-134.6459999999999866
 30
0
 11
159.1899999999999977
 21
-135.4699999999999989
 31
0
  0
LINE
  5
5A1
330
1B
100
AcDbEntity
  8
F.Silkscreen
  6
CONTINUOUS
100
AcDbLine
 10
159.1899999999999977
 20
-137.5499999999999829
 30
0
 11
159.1899999999999977
 21
-138.3739999999999952
 31
0
  0
LINE
  5
5A2
330
1B
100
AcDbEntity
  8
F.Silkscreen
  6
CONTINUOUS
100
AcDbLine
 10
159.2299999999999898
 20
-134.6850000000000023
 30
0
 11
159.2299999999999898
 21
-135.4699999999999989
 31
0
  0
LINE
  5
5A3
330
1B
100
AcDbEntity
  8
F.Silkscreen
  6
CONTINUOUS
100
AcDbLine
 10
159.2299999999999898
 20
-137.5499999999999829
 30
0
 11
159.2299999999999898
 21
-138.3349999999999795
 31
0
  0
LINE
  5
5A4
330
1B
100
AcDbEntity
  8
F.Silkscreen
  6
CONTINUOUS
100
AcDbLine
 10
159.2699999999999818
 20
-134.7249999999999943
 30
0
 11
159.2699999999999818
 21
-135.4699999999999989
 31
0
  0
LINE
  5
5A5
330
1B
100
AcDbEntity
  8
F.Silkscreen
  6
CONTINUOUS
100
AcDbLine
 10
159.2699999999999818
 20
-137.5499999999999829
 30
0
 11
159.2699999999999818
 21
-138.2949999999999875
 31
0
  0
LINE
  5
5A6
330
1B
100
AcDbEntity
  8
F.Silkscreen
  6
CONTINUOUS
100
AcDbLine
 10
159.3100000000000023
 20
-134.7669999999999959
 30
0
 11
159.3100000000000023
 21
-135.4699999999999989
 31
0
  0
LINE
  5
5A7
330
1B
100
AcDbEntity
  8
F.Silkscreen
  6
CONTINUOUS
100
AcDbLine
 10
159.3100000000000023
 20
-137.5499999999999829
 30
0
 11
159.3100000000000023
 21
-138.2529999999999859
 31
0
  0
LINE
  5
5A8
330
1B
100
AcDbEntity
  8
F.Silkscreen
  6
CONTINUOUS
100
AcDbLine
 10
159.3499999999999943
 20
-134.811000000000007
 30
0
 11
159.3499999999999943
 21
-135.4699999999999989
 31
0
  0
LINE
  5
5A9
330
1B
100
AcDbEntity
  8
F.Silkscreen
  6
CONTINUOUS
100
AcDbLine
 10
159.3499999999999943
 20
-137.5499999999999829
 30
0
 11
159.3499999999999943
 21
-138.2090000000000032
 31
0
  0
LINE
  5
5AA
330
1B
100
AcDbEntity
  8
F.Silkscreen
  6
CONTINUOUS
100
AcDbLine
 10
159.3899999999999864
 20
-134.8580000000000041
 30
0
 11
159.3899999999999864
 21
-135.4699999999999989
 31
0
  0
LINE
  5
5AB
330
1B
100
AcDbEntity
  8
F.Silkscreen
  6
CONTINUOUS
100
AcDbLine
 10
159.3899999999999864
 20
-137.5499999999999829
 30
0
 11
159.3899999999999864
 21
-138.1620000000000061
 31
0
  0
LINE
  5
5AC
330
1B
100
AcDbEntity
  8
F.Silkscreen
  6
CONTINUOUS
100
AcDbLine
 10
159.4300000000000068
 20
-134.9060000000000059
 30
0
 11
159.4300000000000068
 21
-135.4699999999999989
 31
0
  0
LINE
  5
5AD
330
1B
100
AcDbEntity
  8
F.Silkscreen
  6
CONTINUOUS
100
AcDbLine
 10
159.4300000000000068
 20
-137.5499999999999829
 30
0
 11
159.4300000000000068
 21
-138.1140000000000043
 31
0
  0
LINE
  5
5AE
330
1B
100
AcDbEntity
  8
F.Silkscreen
  6
CONTINUOUS
100
AcDbLine
 10
159.4699999999999989
 20
-134.9569999999999936
 30
0
 11
159.4699999999999989
 21
-135.4699999999999989
 31
0
  0
LINE
  5
5AF
330
1B
100
AcDbEntity
  8
F.Silkscreen
  6
CONTINUOUS
100
AcDbLine
 10
159.4699999999999989
 20
-137.5499999999999829
 30
0
 11
159.4699999999999989
 21
-138.0629999999999882
 31
0
  0
LINE
  5
5B0
330
1B
100
AcDbEntity
  8
F.Silkscreen
  6
CONTINUOUS
100
AcDbLine
 10
159.5099999999999909
 20
-135.0109999999999957
 30
0
 11
159.5099999999999909
 21
-135.4699999999999989
 31
0
  0
LINE
  5
5B1
330
1B
100
AcDbEntity
  8
F.Silkscreen
  6
CONTINUOUS
100
AcDbLine
 10
159.5099999999999909
 20
-137.5499999999999829
 30
0
 11
159.5099999999999909
 21
-138.0089999999999861
 31
0
  0
LINE
  5
5B2
330
1B
100
AcDbEntity
  8
F.Silkscreen
  6
CONTINUOUS
100
AcDbLine
 10
159.5499999999999829
 20
-135.0670000000000073
 30
0
 11
159.5499999999999829
 21
-135.4699999999999989
 31
0
  0
LINE
  5
5B3
330
1B
100
AcDbEntity
  8
F.Silkscreen
  6
CONTINUOUS
100
AcDbLine
 10
159.5499999999999829
 20
-137.5499999999999829
 30
0
 11
159.5499999999999829
 21
-137.953000000000003
 31
0
  0
LINE
  5
5B4
330
1B
100
AcDbEntity
  8
F.Silkscreen
  6
CONTINUOUS
100
AcDbLine
 10
159.5900000000000034
 20
-135.1269999999999811
 30
0
 11
159.5900000000000034
 21
-135.4699999999999989
 31
0
  0
LINE
  5
5B5
330
1B
100
AcDbEntity
  8
F.Silkscreen
  6
CONTINUOUS
100
AcDbLine
 10
159.5900000000000034
 20
-137.5499999999999829
 30
0
 11
159.5900000000000034
 21
-137.8930000000000007
 31
0
  0
LINE
  5
5B6
330
1B
100
AcDbEntity
  8
F.Silkscreen
  6
CONTINUOUS
100
AcDbLine
 10
159.6299999999999955
 20
-135.1910000000000025
 30
0
 11
159.6299999999999955
 21
-135.4699999999999989
 31
0
  0
LINE
  5
5B7
330
1B
100
AcDbEntity
  8
F.Silkscreen
  6
CONTINUOUS
100
AcDbLine
 10
159.6299999999999955
 20
-137.5499999999999829
 30
0
 11
159.6299999999999955
 21
-137.8290000000000077
 31
0
  0
LINE
  5
5B8
330
1B
100
AcDbEntity
  8
F.Silkscreen
  6
CONTINUOUS
100
AcDbLine
 10
159.6699999999999875
 20
-135.2589999999999861
 30
0
 11
159.6699999999999875
 21
-135.4699999999999989
 31
0
  0
LINE
  5
5B9
330
1B
100
AcDbEntity
  8
F.Silkscreen
  6
CONTINUOUS
100
AcDbLine
 10
159.6699999999999875
 20
-137.5499999999999829
 30
0
 11
159.6699999999999875
 21
-137.7609999999999957
 31
0
  0
LINE
  5
5BA
330
1B
100
AcDbEntity
  8
F.Silkscreen
  6
CONTINUOUS
100
AcDbLine
 10
159.7099999999999795
 20
-135.3329999999999984
 30
0
 11
159.7099999999999795
 21
-137.6869999999999834
 31
0
  0
LINE
  5
5BB
330
1B
100
AcDbEntity
  8
F.Silkscreen
  6
CONTINUOUS
100
AcDbLine
 10
159.75
 20
-135.4120000000000061
 30
0
 11
159.75
 21
-137.6080000000000041
 31
0
  0
LINE
  5
5BC
330
1B
100
AcDbEntity
  8
F.Silkscreen
  6
CONTINUOUS
100
AcDbLine
 10
159.789999999999992
 20
-135.4989999999999952
 30
0
 11
159.789999999999992
 21
-137.5209999999999866
 31
0
  0
LINE
  5
5BD
330
1B
100
AcDbEntity
  8
F.Silkscreen
  6
CONTINUOUS
100
AcDbLine
 10
159.8299999999999841
 20
-135.5960000000000036
 30
0
 11
159.8299999999999841
 21
-137.4240000000000066
 31
0
  0
LINE
  5
5BE
330
1B
100
AcDbEntity
  8
F.Silkscreen
  6
CONTINUOUS
100
AcDbLine
 10
159.8700000000000045
 20
-135.7049999999999841
 30
0
 11
159.8700000000000045
 21
-137.3149999999999977
 31
0
  0
LINE
  5
5BF
330
1B
100
AcDbEntity
  8
F.Silkscreen
  6
CONTINUOUS
100
AcDbLine
 10
159.9099999999999966
 20
-135.8329999999999984
 30
0
 11
159.9099999999999966
 21
-137.1869999999999834
 31
0
  0
LINE
  5
5C0
330
1B
100
AcDbEntity
  8
F.Silkscreen
  6
CONTINUOUS
100
AcDbLine
 10
159.9499999999999886
 20
-135.992999999999995
 30
0
 11
159.9499999999999886
 21
-137.0269999999999868
 31
0
  0
LINE
  5
5C1
330
1B
100
AcDbEntity
  8
F.Silkscreen
  6
CONTINUOUS
100
AcDbLine
 10
159.9899999999999807
 20
-136.2270000000000039
 30
0
 11
159.9899999999999807
 21
-136.7930000000000064
 31
0
  0
CIRCLE
  5
5C2
330
1B
100
AcDbEntity
  8
F.Silkscreen
100
AcDbCircle
 10
157.3899999999999864
 20
-136.5099999999999909
 30
0
 40
2.6199999999999997
  0
LINE
  5
5C3
330
1B
100
AcDbEntity
  8
F.Silkscreen
  6
CONTINUOUS
100
AcDbLine
 10
102.769999999999996
 20
-108.5599999999999881
 30
0
 11
102.769999999999996
 21
-115.0999999999999943
 31
0
  0
LINE
  5
5C4
330
1B
100
AcDbEntity
  8
F.Silkscreen
  6
CONTINUOUS
100
AcDbLine
 10
102.769999999999996
 20
-115.0999999999999943
 30
0
 11
103.0999999999999943
 21
-115.0999999999999943
 31
0
  0
LINE
  5
5C5
330
1B
100
AcDbEntity
  8
F.Silkscreen
  6
CONTINUOUS
100
AcDbLine
 10
103.0999999999999943
 20
-108.5599999999999881
 30
0
 11
102.769999999999996
 21
-108.5599999999999881
 31
0
  0
LINE
  5
5C6
330
1B
100
AcDbEntity
  8
F.Silkscreen
  6
CONTINUOUS
100
AcDbLine
 10
105.1799999999999926
 20
-108.5599999999999881
 30
0
 11
105.5099999999999909
 21
-108.5599999999999881
 31
0
  0
LINE
  5
5C7
330
1B
100
AcDbEntity
  8
F.Silkscreen
  6
CONTINUOUS
100
AcDbLine
 10
105.5099999999999909
 20
-108.5599999999999881
 30
0
 11
105.5099999999999909
 21
-115.0999999999999943
 31
0
  0
LINE
  5
5C8
330
1B
100
AcDbEntity
  8
F.Silkscreen
  6
CONTINUOUS
100
AcDbLine
 10
105.5099999999999909
 20
-115.0999999999999943
 30
0
 11
105.1799999999999926
 21
-115.0999999999999943
 31
0
  0
LINE
  5
5C9
330
1B
100
AcDbEntity
  8
F.Silkscreen
  6
CONTINUOUS
100
AcDbLine
 10
151.7699999999999818
 20
-121.9299999999999926
 30
0
 11
152.0999999999999943
 21
-121.9299999999999926
 31
0
  0
LINE
  5
5CA
330
1B
100
AcDbEntity
  8
F.Silkscreen
  6
CONTINUOUS
100
AcDbLine
 10
151.7699999999999818
 20
-128.4699999999999989
 30
0
 11
151.7699999999999818
 21
-121.9299999999999926
 31
0
  0
LINE
  5
5CB
330
1B
100
AcDbEntity
  8
F.Silkscreen
  6
CONTINUOUS
100
AcDbLine
 10
152.0999999999999943
 20
-128.4699999999999989
 30
0
 11
151.7699999999999818
 21
-128.4699999999999989
 31
0
  0
LINE
  5
5CC
330
1B
100
AcDbEntity
  8
F.Silkscreen
  6
CONTINUOUS
100
AcDbLine
 10
154.1800000000000068
 20
-128.4699999999999989
 30
0
 11
154.5099999999999909
 21
-128.4699999999999989
 31
0
  0
LINE
  5
5CD
330
1B
100
AcDbEntity
  8
F.Silkscreen
  6
CONTINUOUS
100
AcDbLine
 10
154.5099999999999909
 20
-121.9299999999999926
 30
0
 11
154.1800000000000068
 21
-121.9299999999999926
 31
0
  0
LINE
  5
5CE
330
1B
100
AcDbEntity
  8
F.Silkscreen
  6
CONTINUOUS
100
AcDbLine
 10
154.5099999999999909
 20
-128.4699999999999989
 30
0
 11
154.5099999999999909
 21
-121.9299999999999926
 31
0
  0
LINE
  5
5CF
330
1B
100
AcDbEntity
  8
F.Silkscreen
  6
CONTINUOUS
100
AcDbLine
 10
155.7699999999999818
 20
-116.8999999999999915
 30
0
 11
156.1069999999999993
 21
-116.8999999999999915
 31
0
  0
LINE
  5
5D0
330
1B
100
AcDbEntity
  8
F.Silkscreen
  6
CONTINUOUS
100
AcDbLine
 10
155.7699999999999818
 20
-122.1400000000000006
 30
0
 11
155.7699999999999818
 21
-116.8999999999999915
 31
0
  0
LINE
  5
5D1
330
1B
100
AcDbEntity
  8
F.Silkscreen
  6
CONTINUOUS
100
AcDbLine
 10
156.1069999999999993
 20
-122.1400000000000006
 30
0
 11
155.7699999999999818
 21
-122.1400000000000006
 31
0
  0
LINE
  5
5D2
330
1B
100
AcDbEntity
  8
F.Silkscreen
  6
CONTINUOUS
100
AcDbLine
 10
158.1730000000000018
 20
-116.8999999999999915
 30
0
 11
158.5099999999999909
 21
-116.8999999999999915
 31
0
  0
LINE
  5
5D3
330
1B
100
AcDbEntity
  8
F.Silkscreen
  6
CONTINUOUS
100
AcDbLine
 10
158.5099999999999909
 20
-116.8999999999999915
 30
0
 11
158.5099999999999909
 21
-122.1400000000000006
 31
0
  0
LINE
  5
5D4
330
1B
100
AcDbEntity
  8
F.Silkscreen
  6
CONTINUOUS
100
AcDbLine
 10
158.5099999999999909
 20
-122.1400000000000006
 30
0
 11
158.1730000000000018
 21
-122.1400000000000006
 31
0
  0
LINE
  5
5D5
330
1B
100
AcDbEntity
  8
F.Silkscreen
  6
CONTINUOUS
100
AcDbLine
 10
115.769999999999996
 20
-117.7299999999999898
 30
0
 11
116.0999999999999943
 21
-117.7299999999999898
 31
0
  0
LINE
  5
5D6
330
1B
100
AcDbEntity
  8
F.Silkscreen
  6
CONTINUOUS
100
AcDbLine
 10
115.769999999999996
 20
-124.269999999999996
 30
0
 11
115.769999999999996
 21
-117.7299999999999898
 31
0
  0
LINE
  5
5D7
330
1B
100
AcDbEntity
  8
F.Silkscreen
  6
CONTINUOUS
100
AcDbLine
 10
116.0999999999999943
 20
-124.269999999999996
 30
0
 11
115.769999999999996
 21
-124.269999999999996
 31
0
  0
LINE
  5
5D8
330
1B
100
AcDbEntity
  8
F.Silkscreen
  6
CONTINUOUS
100
AcDbLine
 10
118.1799999999999926
 20
-124.269999999999996
 30
0
 11
118.5099999999999909
 21
-124.269999999999996
 31
0
  0
LINE
  5
5D9
330
1B
100
AcDbEntity
  8
F.Silkscreen
  6
CONTINUOUS
100
AcDbLine
 10
118.5099999999999909
 20
-117.7299999999999898
 30
0
 11
118.1799999999999926
 21
-117.7299999999999898
 31
0
  0
LINE
  5
5DA
330
1B
100
AcDbEntity
  8
F.Silkscreen
  6
CONTINUOUS
100
AcDbLine
 10
118.5099999999999909
 20
-124.269999999999996
 30
0
 11
118.5099999999999909
 21
-117.7299999999999898
 31
0
  0
LINE
  5
5DB
330
1B
100
AcDbEntity
  8
F.Silkscreen
  6
CONTINUOUS
100
AcDbLine
 10
129.0199999999999818
 20
-110.6499999999999915
 30
0
 11
134.2599999999999909
 21
-110.6499999999999915
 31
0
  0
LINE
  5
5DC
330
1B
100
AcDbEntity
  8
F.Silkscreen
  6
CONTINUOUS
100
AcDbLine
 10
129.0199999999999818
 20
-110.9869999999999948
 30
0
 11
129.0199999999999818
 21
-110.6499999999999915
 31
0
  0
LINE
  5
5DD
330
1B
100
AcDbEntity
  8
F.Silkscreen
  6
CONTINUOUS
100
AcDbLine
 10
129.0199999999999818
 20
-113.3900000000000006
 30
0
 11
129.0199999999999818
 21
-113.0529999999999973
 31
0
  0
LINE
  5
5DE
330
1B
100
AcDbEntity
  8
F.Silkscreen
  6
CONTINUOUS
100
AcDbLine
 10
134.2599999999999909
 20
-110.6499999999999915
 30
0
 11
134.2599999999999909
 21
-110.9869999999999948
 31
0
  0
LINE
  5
5DF
330
1B
100
AcDbEntity
  8
F.Silkscreen
  6
CONTINUOUS
100
AcDbLine
 10
134.2599999999999909
 20
-113.0529999999999973
 30
0
 11
134.2599999999999909
 21
-113.3900000000000006
 31
0
  0
LINE
  5
5E0
330
1B
100
AcDbEntity
  8
F.Silkscreen
  6
CONTINUOUS
100
AcDbLine
 10
134.2599999999999909
 20
-113.3900000000000006
 30
0
 11
129.0199999999999818
 21
-113.3900000000000006
 31
0
  0
LINE
  5
5E1
330
1B
100
AcDbEntity
  8
Edge.Cuts
  6
CONTINUOUS
100
AcDbLine
 10
100.
 20
-100.
 30
0
 11
163.
 21
-100.
 31
0
  0
LINE
  5
5E2
330
1B
100
AcDbEntity
  8
Edge.Cuts
  6
CONTINUOUS
100
AcDbLine
 10
163.
 20
-100.
 30
0
 11
163.
 21
-140.5
 31
0
  0
LINE
  5
5E3
330
1B
100
AcDbEntity
  8
Edge.Cuts
  6
CONTINUOUS
100
AcDbLine
 10
163.
 20
-140.5
 30
0
 11
100.
 21
-140.5
 31
0
  0
LINE
  5
5E4
330
1B
100
AcDbEntity
  8
Edge.Cuts
  6
CONTINUOUS
100
AcDbLine
 10
100.
 20
-140.5
 30
0
 11
100.
 21
-100.
 31
0
  0
ENDSEC
  0
SECTION
  2
OBJECTS
  0
DICTIONARY
  5
21
330
0
100
AcDbDictionary
281
1
  3
ACAD_GROUP
350
5E5
  3
ACAD_LAYOUT
350
22
  3
ACAD_PLOTSTYLENAME
350
11
  0
DICTIONARY
  5
5E5
330
21
100
AcDbDictionary
281
1
  0
ACDBDICTIONARYWDFLT
  5
11
330
21
100
AcDbDictionary
281
1
  3
Normal
350
10
100
AcDbDictionaryWithDefault
340
10
  0
ACDBPLACEHOLDER
  5
10
330
11
  0
DICTIONARY
  5
22
330
21
100
AcDbDictionary
281
1
  3
Model
350
1E
  3
Layout1
350
1F
  3
Layout2
350
20
  0
LAYOUT
  5
1E
330
22
100
AcDbPlotSettings
  1

  2
none_device
  4
A3
  6

 40
0.0
 41
0.0
 42
0.0
 43
0.0
 44
420.0
 45
297.0
 46
0.0
 47
0.0
 48
0.0
 49
0.0
140
0.0
141
0.0
142
1.0
143
1.0
 70
1024
 72
1
 73
0
 74
5
  7

 75
16
 76
0
 77
2
 78
300
147
1.0
148
0.0
149
0.0
100
AcDbLayout
  1
Model
 70
1
 71
0
 10
0.0
 20
0.0
 11
420.0
 21
297.0
 12
0.0
 22
0.0
 32
0.0
 14
1e+20
 24
1e+20
 34
1e+20
 15
-1e+20
 25
-1e+20
 35
-1e+20
146
0.0
 13
0.0
 23
0.0
 33
0.0
 16
1.0
 26
0.0
 36
0.0
 17
0.0
 27
1.0
 37
0.0
 76
0
330
1B
  0
LAYOUT
  5
1F
330
22
100
AcDbPlotSettings
  1

  2
none_device
  4
A3
  6

 40
0.0
 41
0.0
 42
0.0
 43
0.0
 44
420.0
 45
297.0
 46
0.0
 47
0.0
 48
0.0
 49
0.0
140
0.0
141
0.0
142
1.0
143
1.0
 70
0
 72
1
 73
0
 74
5
  7

 75
16
 76
0
 77
2
 78
300
147
1.0
148
0.0
149
0.0
100
AcDbLayout
  1
Layout1
 70
1
 71
1
 10
0.0
 20
0.0
 11
420.0
 21
297.0
 12
0.0
 22
0.0
 32
0.0
 14
1e+20
 24
1e+20
 34
1e+20
 15
-1e+20
 25
-1e+20
 35
-1e+20
146
0.0
 13
0.0
 23
0.0
 33
0.0
 16
1.0
 26
0.0
 36
0.0
 17
0.0
 27
1.0
 37
0.0
 76
0
330
1C
  0
LAYOUT
  5
20
330
22
100
AcDbPlotSettings
  1

  2
none_device
  4
A3
  6

 40
0.0
 41
0.0
 42
0.0
 43
0.0
 44
420.0
 45
297.0
 46
0.0
 47
0.0
 48
0.0
 49
0.0
140
0.0
141
0.0
142
1.0
143
1.0
 70
0
 72
1
 73
0
 74
5
  7

 75
16
 76
0
 77
2
 78
300
147
1.0
148
0.0
149
0.0
100
AcDbLayout
  1
Layout2
 70
1
 71
2
 10
0.0
 20
0.0
 11
420.0
 21
297.0
 12
0.0
 22
0.0
 32
0.0
 14
1e+20
 24
1e+20
 34
1e+20
 15
-1e+20
 25
-1e+20
 35
-1e+20
146
0.0
 13
0.0
 23
0.0
 33
0.0
 16
1.0
 26
0.0
 36
0.0
 17
0.0
 27
1.0
 37
0.0
 76
0
330
1D
  0
ENDSEC
  0
EOF
