INFO ESPHome 2025.12.4
INFO Reading configuration C:\esphome-s400\s400-scale.yaml...
INFO Generating C++ source...
INFO Setting CONFIG_LWIP_MAX_SOCKETS to 11 (registered: api=4, captive_portal=4, mdns=2, ota=1)
INFO Core config or version changed, cleaning build files...
INFO Compiling app... Build path: C:\esphome-s400\.esphome\build\s400-scale
********************************************************************************

Obsolete PIO Core v6.1.18 is used (previous was 6.1.19)

Please remove multiple PIO Cores from a system:

https://docs.platformio.org/en/latest/core/installation/troubleshooting.html

********************************************************************************

Processing s400-scale (board: wemos_d1_mini32; framework: arduino, espidf; platform: https://github.com/pioarduino/platform-espressif32/releases/download/55.03.31-2/platform-espressif32.zip)

--------------------------------------------------------------------------------

INFO Installing esphome/noise-c @ 0.1.10
Library Manager: Installing esphome/noise-c @ 0.1.10


Unpacking  [------------------------------------]    0%
Unpacking  [------------------------------------]    1%
Unpacking  [------------------------------------]    2%
Unpacking  [#-----------------------------------]    4%
Unpacking  [#-----------------------------------]    5%
Unpacking  [##----------------------------------]    6%
Unpacking  [##----------------------------------]    8%
Unpacking  [###---------------------------------]    9%
Unpacking  [###---------------------------------]   10%
Unpacking  [####--------------------------------]   12%
Unpacking  [####--------------------------------]   13%
Unpacking  [#####-------------------------------]   14%
Unpacking  [#####-------------------------------]   16%
Unpacking  [######------------------------------]   17%
Unpacking  [######------------------------------]   18%
Unpacking  [#######-----------------------------]   20%
Unpacking  [#######-----------------------------]   21%
Unpacking  [########----------------------------]   22%
Unpacking  [########----------------------------]   24%
Unpacking  [#########---------------------------]   25%
Unpacking  [#########---------------------------]   27%
Unpacking  [##########--------------------------]   28%
Unpacking  [##########--------------------------]   29%
Unpacking  [###########-------------------------]   31%
Unpacking  [###########-------------------------]   32%
Unpacking  [############------------------------]   33%
Unpacking  [############------------------------]   35%
Unpacking  [#############-----------------------]   36%
Unpacking  [#############-----------------------]   37%
Unpacking  [##############----------------------]   39%
Unpacking  [##############----------------------]   40%
Unpacking  [###############---------------------]   41%
Unpacking  [###############---------------------]   43%
Unpacking  [################--------------------]   44%
Unpacking  [################--------------------]   45%
Unpacking  [#################-------------------]   47%
Unpacking  [#################-------------------]   48%
Unpacking  [##################------------------]   50%
Unpacking  [##################------------------]   51%
Unpacking  [##################------------------]   52%
Unpacking  [###################-----------------]   54%
Unpacking  [###################-----------------]   55%
Unpacking  [####################----------------]   56%
Unpacking  [####################----------------]   58%
Unpacking  [#####################---------------]   59%
Unpacking  [#####################---------------]   60%
Unpacking  [######################--------------]   62%
Unpacking  [######################--------------]   63%
Unpacking  [#######################-------------]   64%
Unpacking  [#######################-------------]   66%
Unpacking  [########################------------]   67%
Unpacking  [########################------------]   68%
Unpacking  [#########################-----------]   70%
Unpacking  [#########################-----------]   71%
Unpacking  [##########################----------]   72%
Unpacking  [##########################----------]   74%
Unpacking  [###########################---------]   75%
Unpacking  [###########################---------]   77%
Unpacking  [############################--------]   78%
Unpacking  [############################--------]   79%
Unpacking  [#############################-------]   81%
Unpacking  [#############################-------]   82%
Unpacking  [##############################------]   83%
Unpacking  [##############################------]   85%
Unpacking  [###############################-----]   86%
Unpacking  [###############################-----]   87%
Unpacking  [################################----]   89%
Unpacking  [################################----]   90%
Unpacking  [#################################---]   91%
Unpacking  [#################################---]   93%
Unpacking  [##################################--]   94%
Unpacking  [##################################--]   95%
Unpacking  [###################################-]   97%
Unpacking  [###################################-]   98%
Unpacking  [####################################]  100%

Library Manager: noise-c@0.1.10 has been installed!
INFO noise-c@0.1.10 has been installed!

Library Manager: Resolving dependencies...

INFO Resolving dependencies...
Library Manager: Installing esphome/libsodium @ 1.10020.7

INFO Installing esphome/libsodium @ 1.10020.7

Unpacking  [------------------------------------]    0%
Unpacking  [------------------------------------]    1%
Unpacking  [------------------------------------]    2%
Unpacking  [#-----------------------------------]    3%
Unpacking  [#-----------------------------------]    4%
Unpacking  [#-----------------------------------]    5%
Unpacking  [##----------------------------------]    6%
Unpacking  [##----------------------------------]    7%
Unpacking  [###---------------------------------]    8%
Unpacking  [###---------------------------------]    9%
Unpacking  [###---------------------------------]   10%
Unpacking  [####--------------------------------]   11%
Unpacking  [####--------------------------------]   12%
Unpacking  [####--------------------------------]   13%
Unpacking  [#####-------------------------------]   14%
Unpacking  [#####-------------------------------]   16%
Unpacking  [######------------------------------]   17%
Unpacking  [######------------------------------]   18%
Unpacking  [######------------------------------]   19%
Unpacking  [#######-----------------------------]   20%
Unpacking  [#######-----------------------------]   21%
Unpacking  [########----------------------------]   22%
Unpacking  [########----------------------------]   23%
Unpacking  [########----------------------------]   24%
Unpacking  [#########---------------------------]   25%
Unpacking  [#########---------------------------]   26%
Unpacking  [#########---------------------------]   27%
Unpacking  [##########--------------------------]   28%
Unpacking  [##########--------------------------]   29%
Unpacking  [###########-------------------------]   30%
Unpacking  [###########-------------------------]   32%
Unpacking  [###########-------------------------]   33%
Unpacking  [############------------------------]   34%
Unpacking  [############------------------------]   35%
Unpacking  [#############-----------------------]   36%
Unpacking  [#############-----------------------]   37%
Unpacking  [#############-----------------------]   38%
Unpacking  [##############----------------------]   39%
Unpacking  [##############----------------------]   40%
Unpacking  [##############----------------------]   41%
Unpacking  [###############---------------------]   42%
Unpacking  [###############---------------------]   43%
Unpacking  [################--------------------]   44%
Unpacking  [################--------------------]   45%
Unpacking  [################--------------------]   46%
Unpacking  [#################-------------------]   48%
Unpacking  [#################-------------------]   49%
Unpacking  [##################------------------]   50%
Unpacking  [##################------------------]   51%
Unpacking  [##################------------------]   52%
Unpacking  [###################-----------------]   53%
Unpacking  [###################-----------------]   54%
Unpacking  [###################-----------------]   55%
Unpacking  [####################----------------]   56%
Unpacking  [####################----------------]   57%
Unpacking  [#####################---------------]   58%
Unpacking  [#####################---------------]   59%
Unpacking  [#####################---------------]   60%
Unpacking  [######################--------------]   61%
Unpacking  [######################--------------]   62%
Unpacking  [#######################-------------]   64%
Unpacking  [#######################-------------]   65%
Unpacking  [#######################-------------]   66%
Unpacking  [########################------------]   67%
Unpacking  [########################------------]   68%
Unpacking  [########################------------]   69%
Unpacking  [#########################-----------]   70%
Unpacking  [#########################-----------]   71%
Unpacking  [##########################----------]   72%
Unpacking  [##########################----------]   73%
Unpacking  [##########################----------]   74%
Unpacking  [###########################---------]   75%
Unpacking  [###########################---------]   76%
Unpacking  [############################--------]   77%
Unpacking  [############################--------]   79%
Unpacking  [############################--------]   80%
Unpacking  [#############################-------]   81%
Unpacking  [#############################-------]   82%
Unpacking  [#############################-------]   83%
Unpacking  [##############################------]   84%
Unpacking  [##############################------]   85%
Unpacking  [###############################-----]   86%
Unpacking  [###############################-----]   87%
Unpacking  [###############################-----]   88%
Unpacking  [################################----]   89%
Unpacking  [################################----]   90%
Unpacking  [#################################---]   91%
Unpacking  [#################################---]   92%
Unpacking  [#################################---]   93%
Unpacking  [##################################--]   95%
Unpacking  [##################################--]   96%
Unpacking  [##################################--]   97%
Unpacking  [###################################-]   98%
Unpacking  [###################################-]   99%
Unpacking  [####################################]  100%

Library Manager: libsodium@1.10020.7 has been installed!

INFO libsodium@1.10020.7 has been installed!
HARDWARE: ESP32 240MHz, 320KB RAM, 4MB Flash

 - contrib-piohome @ 3.4.4 

 - framework-arduinoespressif32 @ 3.3.2 

 - framework-arduinoespressif32-libs @ 5.5.0+sha.129cd0d247 

 - framework-espidf @ 3.50501.0 (5.5.1) 

 - tool-cmake @ 4.0.3 

 - tool-esp-rom-elfs @ 2024.10.11 

 - tool-esptoolpy @ 5.1.0 

 - tool-mklittlefs @ 3.2.0 

 - tool-ninja @ 1.13.1 

 - tool-scons @ 4.40801.0 (4.8.1) 

 - toolchain-xtensa-esp-elf @ 14.2.0+20241119

Reading CMake configuration...

Generating assembly for certificate bundle...

Dependency Graph

|-- Networking @ 3.3.2

|-- ESP32 Async UDP @ 3.3.2

|-- DNSServer @ 3.3.2

|-- WiFi @ 3.3.2

|-- ESPmDNS @ 3.3.2

|-- noise-c @ 0.1.10

Generating assembly for .pioenvs\s400-scale\https_server.crt.S

Generating assembly for .pioenvs\s400-scale\rmaker_mqtt_server.crt.S

Generating assembly for .pioenvs\s400-scale\rmaker_claim_service_server.crt.S

Generating assembly for .pioenvs\s400-scale\rmaker_ota_server.crt.S

Compiling .pioenvs\s400-scale\src\esphome\components\api\api_connection.cpp.o

Compiling .pioenvs\s400-scale\src\esphome\components\api\api_frame_helper.cpp.o

Compiling .pioenvs\s400-scale\src\esphome\components\api\api_frame_helper_noise.cpp.o

Compiling .pioenvs\s400-scale\src\esphome\components\api\api_pb2.cpp.o

Compiling .pioenvs\s400-scale\src\esphome\components\api\api_pb2_service.cpp.o

Compiling .pioenvs\s400-scale\src\esphome\components\api\api_server.cpp.o

Compiling .pioenvs\s400-scale\src\esphome\components\api\list_entities.cpp.o

Compiling .pioenvs\s400-scale\src\esphome\components\api\proto.cpp.o

Compiling .pioenvs\s400-scale\src\esphome\components\api\subscribe_state.cpp.o

Compiling .pioenvs\s400-scale\src\esphome\components\captive_portal\captive_portal.cpp.o

Compiling .pioenvs\s400-scale\src\esphome\components\esp32\core.cpp.o

Compiling .pioenvs\s400-scale\src\esphome\components\esp32\gpio.cpp.o

Compiling .pioenvs\s400-scale\src\esphome\components\esp32\helpers.cpp.o

Compiling .pioenvs\s400-scale\src\esphome\components\esp32\preferences.cpp.o

Compiling .pioenvs\s400-scale\src\esphome\components\esp32_ble\ble.cpp.o

Compiling .pioenvs\s400-scale\src\esphome\components\esp32_ble\ble_advertising.cpp.o

Compiling .pioenvs\s400-scale\src\esphome\components\esp32_ble\ble_uuid.cpp.o

Compiling .pioenvs\s400-scale\src\esphome\components\esp32_ble_tracker\esp32_ble_tracker.cpp.o

Compiling .pioenvs\s400-scale\src\esphome\components\esphome\ota\ota_esphome.cpp.o

Compiling .pioenvs\s400-scale\src\esphome\components\logger\logger.cpp.o

Compiling .pioenvs\s400-scale\src\esphome\components\logger\logger_esp32.cpp.o

Compiling .pioenvs\s400-scale\src\esphome\components\logger\task_log_buffer.cpp.o

Compiling .pioenvs\s400-scale\src\esphome\components\md5\md5.cpp.o

Compiling .pioenvs\s400-scale\src\esphome\components\mdns\mdns_component.cpp.o

Compiling .pioenvs\s400-scale\src\esphome\components\mdns\mdns_esp32.cpp.o

Compiling .pioenvs\s400-scale\src\esphome\components\network\util.cpp.o

Compiling .pioenvs\s400-scale\src\esphome\components\ota\ota_backend.cpp.o

Compiling .pioenvs\s400-scale\src\esphome\components\ota\ota_backend_esp_idf.cpp.o

Compiling .pioenvs\s400-scale\src\esphome\components\safe_mode\safe_mode.cpp.o

Compiling .pioenvs\s400-scale\src\esphome\components\sensor\automation.cpp.o

Compiling .pioenvs\s400-scale\src\esphome\components\sensor\filter.cpp.o

Compiling .pioenvs\s400-scale\src\esphome\components\sensor\sensor.cpp.o

Compiling .pioenvs\s400-scale\src\esphome\components\sha256\sha256.cpp.o

Compiling .pioenvs\s400-scale\src\esphome\components\socket\bsd_sockets_impl.cpp.o

Compiling .pioenvs\s400-scale\src\esphome\components\socket\socket.cpp.o

Compiling .pioenvs\s400-scale\src\esphome\components\web_server\ota\ota_web_server.cpp.o

Compiling .pioenvs\s400-scale\src\esphome\components\web_server_base\web_server_base.cpp.o

Compiling .pioenvs\s400-scale\src\esphome\components\web_server_idf\multipart.cpp.o

Compiling .pioenvs\s400-scale\src\esphome\components\web_server_idf\utils.cpp.o

Compiling .pioenvs\s400-scale\src\esphome\components\web_server_idf\web_server_idf.cpp.o

Compiling .pioenvs\s400-scale\src\esphome\components\wifi\wifi_component.cpp.o

Compiling .pioenvs\s400-scale\src\esphome\components\wifi\wifi_component_esp_idf.cpp.o

Compiling .pioenvs\s400-scale\src\esphome\components\xiaomi_ble\xiaomi_ble.cpp.o

Compiling .pioenvs\s400-scale\src\esphome\components\xiaomi_miscale\xiaomi_miscale.cpp.o

Compiling .pioenvs\s400-scale\src\esphome\core\application.cpp.o

Compiling .pioenvs\s400-scale\src\esphome\core\color.cpp.o

Compiling .pioenvs\s400-scale\src\esphome\core\component.cpp.o

Compiling .pioenvs\s400-scale\src\esphome\core\component_iterator.cpp.o

Compiling .pioenvs\s400-scale\src\esphome\core\controller_registry.cpp.o

Compiling .pioenvs\s400-scale\src\esphome\core\entity_base.cpp.o

Compiling .pioenvs\s400-scale\src\esphome\core\helpers.cpp.o

Compiling .pioenvs\s400-scale\src\esphome\core\log.cpp.o

Compiling .pioenvs\s400-scale\src\esphome\core\ring_buffer.cpp.o

Compiling .pioenvs\s400-scale\src\esphome\core\scheduler.cpp.o

Compiling .pioenvs\s400-scale\src\esphome\core\time.cpp.o

Compiling .pioenvs\s400-scale\src\esphome\core\util.cpp.o

Compiling .pioenvs\s400-scale\src\main.cpp.o

Compiling .pioenvs\s400-scale\lib5ed\Network\NetworkClient.cpp.o

Compiling .pioenvs\s400-scale\lib5ed\Network\NetworkEvents.cpp.o

Compiling .pioenvs\s400-scale\lib5ed\Network\NetworkInterface.cpp.o

Compiling .pioenvs\s400-scale\lib5ed\Network\NetworkManager.cpp.o

Compiling .pioenvs\s400-scale\lib5ed\Network\NetworkServer.cpp.o

Compiling .pioenvs\s400-scale\lib5ed\Network\NetworkUdp.cpp.o

Compiling .pioenvs\s400-scale\lib05f\AsyncUDP\AsyncUDP.cpp.o

Compiling .pioenvs\s400-scale\lib404\DNSServer\DNSServer.cpp.o

Compiling .pioenvs\s400-scale\lib362\WiFi\AP.cpp.o

Compiling .pioenvs\s400-scale\lib362\WiFi\STA.cpp.o

Compiling .pioenvs\s400-scale\lib362\WiFi\WiFi.cpp.o

Compiling .pioenvs\s400-scale\lib362\WiFi\WiFiAP.cpp.o

Compiling .pioenvs\s400-scale\lib362\WiFi\WiFiGeneric.cpp.o

Compiling .pioenvs\s400-scale\lib362\WiFi\WiFiMulti.cpp.o

Compiling .pioenvs\s400-scale\lib362\WiFi\WiFiSTA.cpp.o

Compiling .pioenvs\s400-scale\lib362\WiFi\WiFiScan.cpp.o

Compiling .pioenvs\s400-scale\libe93\ESPmDNS\ESPmDNS.cpp.o

Compiling .pioenvs\s400-scale\libeee\libsodium\crypto_core\ed25519\ref10\ed25519_ref10.c.o

Compiling .pioenvs\s400-scale\libeee\libsodium\crypto_core\salsa\ref\core_salsa_ref.c.o

Compiling .pioenvs\s400-scale\libeee\libsodium\crypto_hash\crypto_hash.c.o

Compiling .pioenvs\s400-scale\libeee\libsodium\crypto_hash\sha256\cp\hash_sha256_cp.c.o

Compiling .pioenvs\s400-scale\libeee\libsodium\crypto_hash\sha256\hash_sha256.c.o

Compiling .pioenvs\s400-scale\libeee\libsodium\crypto_onetimeauth\crypto_onetimeauth.c.o

Compiling .pioenvs\s400-scale\libeee\libsodium\crypto_onetimeauth\poly1305\donna\poly1305_donna.c.o

Compiling .pioenvs\s400-scale\libeee\libsodium\crypto_onetimeauth\poly1305\onetimeauth_poly1305.c.o

Compiling .pioenvs\s400-scale\libeee\libsodium\crypto_scalarmult\crypto_scalarmult.c.o

Compiling .pioenvs\s400-scale\libeee\libsodium\crypto_scalarmult\curve25519\ref10\x25519_ref10.c.o

Compiling .pioenvs\s400-scale\libeee\libsodium\crypto_scalarmult\curve25519\scalarmult_curve25519.c.o

Compiling .pioenvs\s400-scale\libeee\libsodium\crypto_stream\chacha20\ref\chacha20_ref.c.o

Compiling .pioenvs\s400-scale\libeee\libsodium\crypto_stream\chacha20\stream_chacha20.c.o

Compiling .pioenvs\s400-scale\libeee\libsodium\crypto_stream\crypto_stream.c.o

Compiling .pioenvs\s400-scale\libeee\libsodium\crypto_stream\salsa20\ref\salsa20_ref.c.o

Compiling .pioenvs\s400-scale\libeee\libsodium\crypto_stream\salsa20\stream_salsa20.c.o

Compiling .pioenvs\s400-scale\libeee\libsodium\crypto_stream\salsa20\xmm6\salsa20_xmm6-asm.S.o

Compiling .pioenvs\s400-scale\libeee\libsodium\crypto_stream\salsa20\xmm6\salsa20_xmm6.c.o

Compiling .pioenvs\s400-scale\libeee\libsodium\crypto_stream\salsa20\xmm6int\salsa20_xmm6int-avx2.c.o

Compiling .pioenvs\s400-scale\libeee\libsodium\crypto_stream\salsa20\xmm6int\salsa20_xmm6int-sse2.c.o

Compiling .pioenvs\s400-scale\libeee\libsodium\crypto_verify\verify.c.o

Compiling .pioenvs\s400-scale\libeee\libsodium\randombytes\internal\randombytes_internal_random.c.o

Compiling .pioenvs\s400-scale\libeee\libsodium\randombytes\randombytes.c.o

Compiling .pioenvs\s400-scale\libeee\libsodium\randombytes\sysrandom\randombytes_sysrandom.c.o

Compiling .pioenvs\s400-scale\libeee\libsodium\sodium\codecs.c.o

Compiling .pioenvs\s400-scale\libeee\libsodium\sodium\core.c.o

Compiling .pioenvs\s400-scale\libeee\libsodium\sodium\runtime.c.o

Compiling .pioenvs\s400-scale\libeee\libsodium\sodium\utils.c.o

Compiling .pioenvs\s400-scale\lib7ee\noise-c\backend\openssl\cipher-aesgcm.c.o

Compiling .pioenvs\s400-scale\lib7ee\noise-c\backend\ref\cipher-aesgcm.c.o

Compiling .pioenvs\s400-scale\lib7ee\noise-c\backend\ref\cipher-chachapoly.c.o

Compiling .pioenvs\s400-scale\lib7ee\noise-c\backend\ref\dh-curve25519.c.o

Compiling .pioenvs\s400-scale\lib7ee\noise-c\backend\ref\hash-blake2b.c.o

Compiling .pioenvs\s400-scale\lib7ee\noise-c\backend\ref\hash-blake2s.c.o

Compiling .pioenvs\s400-scale\lib7ee\noise-c\backend\ref\hash-sha256.c.o

Compiling .pioenvs\s400-scale\lib7ee\noise-c\backend\sodium\cipher-aesgcm.c.o

Compiling .pioenvs\s400-scale\lib7ee\noise-c\backend\sodium\cipher-chachapoly.c.o

Compiling .pioenvs\s400-scale\lib7ee\noise-c\backend\sodium\dh-curve25519.c.o

Compiling .pioenvs\s400-scale\lib7ee\noise-c\backend\sodium\hash-blake2b.c.o

Compiling .pioenvs\s400-scale\lib7ee\noise-c\backend\sodium\hash-sha256.c.o

Compiling .pioenvs\s400-scale\lib7ee\noise-c\crypto\aes\rijndael-alg-fst.c.o

Compiling .pioenvs\s400-scale\lib7ee\noise-c\crypto\blake2\blake2b.c.o

Compiling .pioenvs\s400-scale\lib7ee\noise-c\crypto\blake2\blake2s.c.o

Compiling .pioenvs\s400-scale\lib7ee\noise-c\crypto\chacha\chacha.c.o

Compiling .pioenvs\s400-scale\lib7ee\noise-c\crypto\donna\curve25519-donna-c64.c.o

Compiling .pioenvs\s400-scale\lib7ee\noise-c\crypto\donna\curve25519-donna.c.o

Compiling .pioenvs\s400-scale\lib7ee\noise-c\crypto\donna\poly1305-donna.c.o

Compiling .pioenvs\s400-scale\lib7ee\noise-c\crypto\sha2\sha256.c.o

Compiling .pioenvs\s400-scale\lib7ee\noise-c\crypto\sha2\sha512.c.o

Compiling .pioenvs\s400-scale\lib7ee\noise-c\crypto\x25519\x25519.c.o

Compiling .pioenvs\s400-scale\lib7ee\noise-c\protocol\cipherstate.c.o

Compiling .pioenvs\s400-scale\lib7ee\noise-c\protocol\dhstate.c.o

Compiling .pioenvs\s400-scale\lib7ee\noise-c\protocol\errors.c.o

Compiling .pioenvs\s400-scale\lib7ee\noise-c\protocol\handshakestate.c.o

Compiling .pioenvs\s400-scale\lib7ee\noise-c\protocol\hashstate.c.o

Compiling .pioenvs\s400-scale\lib7ee\noise-c\protocol\internal.c.o

Compiling .pioenvs\s400-scale\lib7ee\noise-c\protocol\names.c.o

Compiling .pioenvs\s400-scale\lib7ee\noise-c\protocol\patterns.c.o

Compiling .pioenvs\s400-scale\lib7ee\noise-c\protocol\rand_os.c.o

Compiling .pioenvs\s400-scale\lib7ee\noise-c\protocol\rand_sodium.c.o

Compiling .pioenvs\s400-scale\lib7ee\noise-c\protocol\randstate.c.o

Compiling .pioenvs\s400-scale\lib7ee\noise-c\protocol\signstate.c.o

Compiling .pioenvs\s400-scale\lib7ee\noise-c\protocol\symmetricstate.c.o

Compiling .pioenvs\s400-scale\lib7ee\noise-c\protocol\util.c.o

Generating LD script .pioenvs\s400-scale\esp-idf\esp_system\ld\memory.ld.in

Generating LD script .pioenvs\s400-scale\esp-idf\esp_system\ld\sections.ld.in

Compiling .pioenvs\s400-scale\app_trace\app_trace.c.o

Compiling .pioenvs\s400-scale\app_trace\app_trace_util.c.o

Compiling .pioenvs\s400-scale\app_trace\host_file_io.c.o

Compiling .pioenvs\s400-scale\app_trace\port\port_uart.c.o

Generating LD script .pioenvs\s400-scale\memory.ld

Compiling .pioenvs\s400-scale\app_update\esp_ota_ops.c.o

Archiving .pioenvs\s400-scale\esp-idf\app_trace\libapp_trace.a

Compiling .pioenvs\s400-scale\app_update\esp_ota_app_desc.c.o

Compiling .pioenvs\s400-scale\bootloader_support\src\bootloader_common.c.o

Compiling .pioenvs\s400-scale\bootloader_support\src\bootloader_common_loader.c.o

Indexing .pioenvs\s400-scale\esp-idf\app_trace\libapp_trace.a

Compiling .pioenvs\s400-scale\bootloader_support\src\bootloader_clock_init.c.o

Compiling .pioenvs\s400-scale\bootloader_support\src\bootloader_mem.c.o

Compiling .pioenvs\s400-scale\bootloader_support\src\bootloader_random.c.o

Archiving .pioenvs\s400-scale\esp-idf\app_update\libapp_update.a

Compiling .pioenvs\s400-scale\bootloader_support\src\bootloader_efuse.c.o

Compiling .pioenvs\s400-scale\bootloader_support\src\flash_encrypt.c.o

Compiling .pioenvs\s400-scale\bootloader_support\src\secure_boot.c.o

Indexing .pioenvs\s400-scale\esp-idf\app_update\libapp_update.a

Compiling .pioenvs\s400-scale\bootloader_support\src\bootloader_random_esp32.c.o

Compiling .pioenvs\s400-scale\bootloader_support\bootloader_flash\src\bootloader_flash.c.o

Compiling .pioenvs\s400-scale\bootloader_support\bootloader_flash\src\flash_qio_mode.c.o

Compiling .pioenvs\s400-scale\bootloader_support\bootloader_flash\src\bootloader_flash_config_esp32.c.o

Compiling .pioenvs\s400-scale\bootloader_support\src\bootloader_utility.c.o

Compiling .pioenvs\s400-scale\bootloader_support\src\flash_partitions.c.o

Compiling .pioenvs\s400-scale\bootloader_support\src\esp_image_format.c.o

Compiling .pioenvs\s400-scale\bootloader_support\src\bootloader_sha.c.o

Compiling .pioenvs\s400-scale\bootloader_support\src\esp32\secure_boot_secure_features.c.o

Compiling .pioenvs\s400-scale\bt\controller\esp32\bt.c.o

Archiving .pioenvs\s400-scale\esp-idf\bootloader_support\libbootloader_support.a

Compiling .pioenvs\s400-scale\bt\controller\esp32\hli_api.c.o

Compiling .pioenvs\s400-scale\bt\controller\esp32\hli_vectors.S.o

Indexing .pioenvs\s400-scale\esp-idf\bootloader_support\libbootloader_support.a

Compiling .pioenvs\s400-scale\bt\common\btc\core\btc_alarm.c.o

Compiling .pioenvs\s400-scale\bt\common\api\esp_blufi_api.c.o

Compiling .pioenvs\s400-scale\bt\common\hci_log\bt_hci_log.c.o

Compiling .pioenvs\s400-scale\bt\common\btc\core\btc_manage.c.o

Compiling .pioenvs\s400-scale\bt\common\btc\core\btc_task.c.o

Compiling .pioenvs\s400-scale\bt\common\btc\profile\esp\blufi\blufi_prf.c.o

Compiling .pioenvs\s400-scale\bt\common\btc\profile\esp\blufi\blufi_protocol.c.o

Compiling .pioenvs\s400-scale\bt\common\osi\alarm.c.o

Compiling .pioenvs\s400-scale\bt\common\osi\allocator.c.o

Compiling .pioenvs\s400-scale\bt\common\osi\buffer.c.o

Compiling .pioenvs\s400-scale\bt\common\osi\config.c.o

Compiling .pioenvs\s400-scale\bt\common\osi\fixed_queue.c.o

Compiling .pioenvs\s400-scale\bt\common\osi\pkt_queue.c.o

Compiling .pioenvs\s400-scale\bt\common\osi\fixed_pkt_queue.c.o

Compiling .pioenvs\s400-scale\bt\common\osi\future.c.o

Compiling .pioenvs\s400-scale\bt\common\osi\hash_functions.c.o

Compiling .pioenvs\s400-scale\bt\common\osi\hash_map.c.o

Compiling .pioenvs\s400-scale\bt\common\osi\list.c.o

Compiling .pioenvs\s400-scale\bt\common\osi\mutex.c.o

Compiling .pioenvs\s400-scale\bt\common\osi\thread.c.o

Compiling .pioenvs\s400-scale\bt\common\osi\osi.c.o

Compiling .pioenvs\s400-scale\bt\common\osi\semaphore.c.o

Compiling .pioenvs\s400-scale\bt\porting\mem\bt_osi_mem.c.o

Compiling .pioenvs\s400-scale\bt\common\ble_log\ble_log_spi_out.c.o

Compiling .pioenvs\s400-scale\bt\common\ble_log\ble_log_uhci_out.c.o

Compiling .pioenvs\s400-scale\bt\host\bluedroid\api\esp_a2dp_api.c.o

Compiling .pioenvs\s400-scale\bt\host\bluedroid\api\esp_avrc_api.c.o

Compiling .pioenvs\s400-scale\bt\host\bluedroid\api\esp_bluedroid_hci.c.o

Compiling .pioenvs\s400-scale\bt\host\bluedroid\api\esp_bt_device.c.o

Compiling .pioenvs\s400-scale\bt\host\bluedroid\api\esp_bt_main.c.o

Compiling .pioenvs\s400-scale\bt\host\bluedroid\api\esp_gap_ble_api.c.o

Compiling .pioenvs\s400-scale\bt\host\bluedroid\api\esp_gap_bt_api.c.o

Compiling .pioenvs\s400-scale\bt\host\bluedroid\api\esp_gatt_common_api.c.o

Compiling .pioenvs\s400-scale\bt\host\bluedroid\api\esp_gattc_api.c.o

Compiling .pioenvs\s400-scale\bt\host\bluedroid\api\esp_gatts_api.c.o

Compiling .pioenvs\s400-scale\bt\host\bluedroid\api\esp_hidd_api.c.o

Compiling .pioenvs\s400-scale\bt\host\bluedroid\api\esp_hidh_api.c.o

Compiling .pioenvs\s400-scale\bt\host\bluedroid\api\esp_hf_ag_api.c.o

Compiling .pioenvs\s400-scale\bt\host\bluedroid\api\esp_hf_client_api.c.o

Compiling .pioenvs\s400-scale\bt\host\bluedroid\api\esp_spp_api.c.o

Compiling .pioenvs\s400-scale\bt\host\bluedroid\api\esp_sdp_api.c.o

Compiling .pioenvs\s400-scale\bt\host\bluedroid\api\esp_l2cap_bt_api.c.o

Compiling .pioenvs\s400-scale\bt\host\bluedroid\api\esp_pbac_api.c.o

Compiling .pioenvs\s400-scale\bt\host\bluedroid\bta\ar\bta_ar.c.o

Compiling .pioenvs\s400-scale\bt\host\bluedroid\bta\av\bta_av_aact.c.o

Compiling .pioenvs\s400-scale\bt\host\bluedroid\bta\av\bta_av_act.c.o

Compiling .pioenvs\s400-scale\bt\host\bluedroid\bta\av\bta_av_api.c.o

Compiling .pioenvs\s400-scale\bt\host\bluedroid\bta\av\bta_av_ca_act.c.o

Compiling .pioenvs\s400-scale\bt\host\bluedroid\bta\av\bta_av_ca_sm.c.o

Compiling .pioenvs\s400-scale\bt\host\bluedroid\bta\av\bta_av_cfg.c.o

Compiling .pioenvs\s400-scale\bt\host\bluedroid\bta\av\bta_av_ci.c.o

Compiling .pioenvs\s400-scale\bt\host\bluedroid\bta\av\bta_av_main.c.o

Compiling .pioenvs\s400-scale\bt\host\bluedroid\bta\av\bta_av_sbc.c.o

Compiling .pioenvs\s400-scale\bt\host\bluedroid\bta\av\bta_av_ssm.c.o

Compiling .pioenvs\s400-scale\bt\host\bluedroid\bta\dm\bta_dm_act.c.o

Compiling .pioenvs\s400-scale\bt\host\bluedroid\bta\dm\bta_dm_api.c.o

Compiling .pioenvs\s400-scale\bt\host\bluedroid\bta\dm\bta_dm_cfg.c.o

Compiling .pioenvs\s400-scale\bt\host\bluedroid\bta\dm\bta_dm_ci.c.o

Compiling .pioenvs\s400-scale\bt\host\bluedroid\bta\dm\bta_dm_co.c.o

Compiling .pioenvs\s400-scale\bt\host\bluedroid\bta\dm\bta_dm_main.c.o

Compiling .pioenvs\s400-scale\bt\host\bluedroid\bta\dm\bta_dm_pm.c.o

Compiling .pioenvs\s400-scale\bt\host\bluedroid\bta\dm\bta_dm_sco.c.o

Compiling .pioenvs\s400-scale\bt\host\bluedroid\bta\dm\bta_dm_qos.c.o

Compiling .pioenvs\s400-scale\bt\host\bluedroid\bta\gatt\bta_gatt_common.c.o

Compiling .pioenvs\s400-scale\bt\host\bluedroid\bta\gatt\bta_gattc_act.c.o

Compiling .pioenvs\s400-scale\bt\host\bluedroid\bta\gatt\bta_gattc_api.c.o

Compiling .pioenvs\s400-scale\bt\host\bluedroid\bta\gatt\bta_gattc_cache.c.o

Compiling .pioenvs\s400-scale\bt\host\bluedroid\bta\gatt\bta_gattc_ci.c.o

Compiling .pioenvs\s400-scale\bt\host\bluedroid\bta\gatt\bta_gattc_co.c.o

Compiling .pioenvs\s400-scale\bt\host\bluedroid\bta\gatt\bta_gattc_main.c.o

Compiling .pioenvs\s400-scale\bt\host\bluedroid\bta\gatt\bta_gattc_utils.c.o

Compiling .pioenvs\s400-scale\bt\host\bluedroid\bta\gatt\bta_gatts_act.c.o

Compiling .pioenvs\s400-scale\bt\host\bluedroid\bta\gatt\bta_gatts_api.c.o

Compiling .pioenvs\s400-scale\bt\host\bluedroid\bta\gatt\bta_gatts_co.c.o

Compiling .pioenvs\s400-scale\bt\host\bluedroid\bta\gatt\bta_gatts_main.c.o

Compiling .pioenvs\s400-scale\bt\host\bluedroid\bta\gatt\bta_gatts_utils.c.o

Compiling .pioenvs\s400-scale\bt\host\bluedroid\bta\hd\bta_hd_api.c.o

Compiling .pioenvs\s400-scale\bt\host\bluedroid\bta\hd\bta_hd_act.c.o

Compiling .pioenvs\s400-scale\bt\host\bluedroid\bta\hd\bta_hd_main.c.o

Compiling .pioenvs\s400-scale\bt\host\bluedroid\bta\hh\bta_hh_act.c.o

Compiling .pioenvs\s400-scale\bt\host\bluedroid\bta\hh\bta_hh_api.c.o

Compiling .pioenvs\s400-scale\bt\host\bluedroid\bta\hh\bta_hh_cfg.c.o

Compiling .pioenvs\s400-scale\bt\host\bluedroid\bta\hh\bta_hh_le.c.o

Compiling .pioenvs\s400-scale\bt\host\bluedroid\bta\hh\bta_hh_main.c.o

Compiling .pioenvs\s400-scale\bt\host\bluedroid\bta\hh\bta_hh_utils.c.o

Compiling .pioenvs\s400-scale\bt\host\bluedroid\bta\jv\bta_jv_act.c.o

Compiling .pioenvs\s400-scale\bt\host\bluedroid\bta\jv\bta_jv_api.c.o

Compiling .pioenvs\s400-scale\bt\host\bluedroid\bta\jv\bta_jv_cfg.c.o

Compiling .pioenvs\s400-scale\bt\host\bluedroid\bta\jv\bta_jv_main.c.o

Compiling .pioenvs\s400-scale\bt\host\bluedroid\bta\hf_ag\bta_ag_act.c.o

Compiling .pioenvs\s400-scale\bt\host\bluedroid\bta\hf_ag\bta_ag_api.c.o

Compiling .pioenvs\s400-scale\bt\host\bluedroid\bta\hf_ag\bta_ag_at.c.o

Compiling .pioenvs\s400-scale\bt\host\bluedroid\bta\hf_ag\bta_ag_cfg.c.o

Compiling .pioenvs\s400-scale\bt\host\bluedroid\bta\hf_ag\bta_ag_cmd.c.o

Compiling .pioenvs\s400-scale\bt\host\bluedroid\bta\hf_ag\bta_ag_main.c.o

Compiling .pioenvs\s400-scale\bt\host\bluedroid\bta\hf_ag\bta_ag_rfc.c.o

Compiling .pioenvs\s400-scale\bt\host\bluedroid\bta\hf_ag\bta_ag_sco.c.o

Compiling .pioenvs\s400-scale\bt\host\bluedroid\bta\hf_ag\bta_ag_sdp.c.o

Compiling .pioenvs\s400-scale\bt\host\bluedroid\bta\hf_client\bta_hf_client_act.c.o

Compiling .pioenvs\s400-scale\bt\host\bluedroid\bta\hf_client\bta_hf_client_api.c.o

Compiling .pioenvs\s400-scale\bt\host\bluedroid\bta\hf_client\bta_hf_client_at.c.o

Compiling .pioenvs\s400-scale\bt\host\bluedroid\bta\hf_client\bta_hf_client_cmd.c.o

Compiling .pioenvs\s400-scale\bt\host\bluedroid\bta\hf_client\bta_hf_client_main.c.o

Compiling .pioenvs\s400-scale\bt\host\bluedroid\bta\hf_client\bta_hf_client_rfc.c.o

Compiling .pioenvs\s400-scale\bt\host\bluedroid\bta\hf_client\bta_hf_client_sco.c.o

Compiling .pioenvs\s400-scale\bt\host\bluedroid\bta\hf_client\bta_hf_client_sdp.c.o

Compiling .pioenvs\s400-scale\bt\host\bluedroid\bta\pba\bta_pba_client_act.c.o

Compiling .pioenvs\s400-scale\bt\host\bluedroid\bta\pba\bta_pba_client_api.c.o

Compiling .pioenvs\s400-scale\bt\host\bluedroid\bta\pba\bta_pba_client_main.c.o

Compiling .pioenvs\s400-scale\bt\host\bluedroid\bta\pba\bta_pba_client_sdp.c.o

Compiling .pioenvs\s400-scale\bt\host\bluedroid\bta\sdp\bta_sdp.c.o

Compiling .pioenvs\s400-scale\bt\host\bluedroid\bta\sdp\bta_sdp_act.c.o

Compiling .pioenvs\s400-scale\bt\host\bluedroid\bta\sdp\bta_sdp_api.c.o

Compiling .pioenvs\s400-scale\bt\host\bluedroid\bta\sdp\bta_sdp_cfg.c.o

Compiling .pioenvs\s400-scale\bt\host\bluedroid\bta\sys\bta_sys_conn.c.o

Compiling .pioenvs\s400-scale\bt\host\bluedroid\bta\sys\bta_sys_main.c.o

Compiling .pioenvs\s400-scale\bt\host\bluedroid\bta\sys\utl.c.o

Compiling .pioenvs\s400-scale\bt\host\bluedroid\btc\core\btc_ble_storage.c.o

Compiling .pioenvs\s400-scale\bt\host\bluedroid\btc\core\btc_config.c.o

Compiling .pioenvs\s400-scale\bt\host\bluedroid\btc\core\btc_dev.c.o

Compiling .pioenvs\s400-scale\bt\host\bluedroid\btc\core\btc_dm.c.o

Compiling .pioenvs\s400-scale\bt\host\bluedroid\btc\core\btc_main.c.o

Compiling .pioenvs\s400-scale\bt\host\bluedroid\btc\core\btc_profile_queue.c.o

Compiling .pioenvs\s400-scale\bt\host\bluedroid\btc\core\btc_sec.c.o

Compiling .pioenvs\s400-scale\bt\host\bluedroid\btc\core\btc_sm.c.o

Compiling .pioenvs\s400-scale\bt\host\bluedroid\btc\core\btc_storage.c.o

Compiling .pioenvs\s400-scale\bt\host\bluedroid\btc\core\btc_util.c.o

Compiling .pioenvs\s400-scale\bt\host\bluedroid\btc\profile\std\a2dp\bta_av_co.c.o

Compiling .pioenvs\s400-scale\bt\host\bluedroid\btc\profile\std\a2dp\btc_a2dp.c.o

Compiling .pioenvs\s400-scale\bt\host\bluedroid\btc\profile\std\a2dp\btc_a2dp_control.c.o

Compiling .pioenvs\s400-scale\bt\host\bluedroid\btc\profile\std\a2dp\btc_a2dp_sink.c.o

Compiling .pioenvs\s400-scale\bt\host\bluedroid\btc\profile\std\a2dp\btc_a2dp_sink_ext_coedc.c.o

Compiling .pioenvs\s400-scale\bt\host\bluedroid\btc\profile\std\a2dp\btc_a2dp_source.c.o

Compiling .pioenvs\s400-scale\bt\host\bluedroid\btc\profile\std\a2dp\btc_a2dp_source_ext_codec.c.o

Compiling .pioenvs\s400-scale\bt\host\bluedroid\btc\profile\std\a2dp\btc_av.c.o

Compiling .pioenvs\s400-scale\bt\host\bluedroid\btc\profile\std\avrc\btc_avrc.c.o

Compiling .pioenvs\s400-scale\bt\host\bluedroid\btc\profile\std\avrc\bta_avrc_co.c.o

Compiling .pioenvs\s400-scale\bt\host\bluedroid\btc\profile\std\hf_ag\bta_ag_co.c.o

Compiling .pioenvs\s400-scale\bt\host\bluedroid\btc\profile\std\hf_ag\btc_hf_ag.c.o

Compiling .pioenvs\s400-scale\bt\host\bluedroid\btc\profile\std\hf_client\btc_hf_client.c.o

Compiling .pioenvs\s400-scale\bt\host\bluedroid\btc\profile\std\hf_client\bta_hf_client_co.c.o

Compiling .pioenvs\s400-scale\bt\host\bluedroid\btc\profile\std\hid\btc_hd.c.o

Compiling .pioenvs\s400-scale\bt\host\bluedroid\btc\profile\std\hid\btc_hh.c.o

Compiling .pioenvs\s400-scale\bt\host\bluedroid\btc\profile\std\hid\bta_hh_co.c.o

Compiling .pioenvs\s400-scale\bt\host\bluedroid\btc\profile\std\gap\btc_gap_ble.c.o

Compiling .pioenvs\s400-scale\bt\host\bluedroid\btc\profile\std\gap\btc_gap_bt.c.o

Compiling .pioenvs\s400-scale\bt\host\bluedroid\btc\profile\std\gap\bta_gap_bt_co.c.o

Compiling .pioenvs\s400-scale\bt\host\bluedroid\btc\profile\std\gatt\btc_gatt_common.c.o

Compiling .pioenvs\s400-scale\bt\host\bluedroid\btc\profile\std\gatt\btc_gatt_util.c.o

Compiling .pioenvs\s400-scale\bt\host\bluedroid\btc\profile\std\gatt\btc_gattc.c.o

Compiling .pioenvs\s400-scale\bt\host\bluedroid\btc\profile\std\gatt\btc_gatts.c.o

Compiling .pioenvs\s400-scale\bt\host\bluedroid\btc\profile\std\spp\btc_spp.c.o

Compiling .pioenvs\s400-scale\bt\host\bluedroid\btc\profile\std\sdp\btc_sdp.c.o

Compiling .pioenvs\s400-scale\bt\host\bluedroid\btc\profile\std\l2cap\btc_l2cap.c.o

Compiling .pioenvs\s400-scale\bt\host\bluedroid\btc\profile\std\pba\btc_pba_client.c.o

Compiling .pioenvs\s400-scale\bt\host\bluedroid\device\bdaddr.c.o

Compiling .pioenvs\s400-scale\bt\host\bluedroid\device\controller.c.o

Compiling .pioenvs\s400-scale\bt\host\bluedroid\device\interop.c.o

Compiling .pioenvs\s400-scale\bt\host\bluedroid\hci\hci_audio.c.o

Compiling .pioenvs\s400-scale\bt\host\bluedroid\hci\hci_hal_h4.c.o

Compiling .pioenvs\s400-scale\bt\host\bluedroid\hci\hci_layer.c.o

Compiling .pioenvs\s400-scale\bt\host\bluedroid\hci\hci_packet_factory.c.o

Compiling .pioenvs\s400-scale\bt\host\bluedroid\hci\hci_packet_parser.c.o

Compiling .pioenvs\s400-scale\bt\host\bluedroid\hci\packet_fragmenter.c.o

Compiling .pioenvs\s400-scale\bt\host\bluedroid\main\bte_init.c.o

Compiling .pioenvs\s400-scale\bt\host\bluedroid\main\bte_main.c.o

Compiling .pioenvs\s400-scale\bt\host\bluedroid\stack\a2dp\a2d_api.c.o

Compiling .pioenvs\s400-scale\bt\host\bluedroid\stack\a2dp\a2d_sbc.c.o

Compiling .pioenvs\s400-scale\bt\host\bluedroid\stack\avct\avct_api.c.o

Compiling .pioenvs\s400-scale\bt\host\bluedroid\stack\avct\avct_ccb.c.o

Compiling .pioenvs\s400-scale\bt\host\bluedroid\stack\avct\avct_l2c.c.o

Compiling .pioenvs\s400-scale\bt\host\bluedroid\stack\avct\avct_lcb.c.o

Compiling .pioenvs\s400-scale\bt\host\bluedroid\stack\avct\avct_lcb_act.c.o

Compiling .pioenvs\s400-scale\bt\host\bluedroid\stack\avdt\avdt_ad.c.o

Compiling .pioenvs\s400-scale\bt\host\bluedroid\stack\avdt\avdt_api.c.o

Compiling .pioenvs\s400-scale\bt\host\bluedroid\stack\avdt\avdt_ccb.c.o

Compiling .pioenvs\s400-scale\bt\host\bluedroid\stack\avdt\avdt_ccb_act.c.o

Compiling .pioenvs\s400-scale\bt\host\bluedroid\stack\avdt\avdt_l2c.c.o

Compiling .pioenvs\s400-scale\bt\host\bluedroid\stack\avdt\avdt_msg.c.o

Compiling .pioenvs\s400-scale\bt\host\bluedroid\stack\avdt\avdt_scb.c.o

Compiling .pioenvs\s400-scale\bt\host\bluedroid\stack\avdt\avdt_scb_act.c.o

Compiling .pioenvs\s400-scale\bt\host\bluedroid\stack\avrc\avrc_api.c.o

Compiling .pioenvs\s400-scale\bt\host\bluedroid\stack\avrc\avrc_bld_ct.c.o

Compiling .pioenvs\s400-scale\bt\host\bluedroid\stack\avrc\avrc_bld_tg.c.o

Compiling .pioenvs\s400-scale\bt\host\bluedroid\stack\avrc\avrc_opt.c.o

Compiling .pioenvs\s400-scale\bt\host\bluedroid\stack\avrc\avrc_pars_ct.c.o

Compiling .pioenvs\s400-scale\bt\host\bluedroid\stack\avrc\avrc_pars_tg.c.o

Compiling .pioenvs\s400-scale\bt\host\bluedroid\stack\avrc\avrc_sdp.c.o

Compiling .pioenvs\s400-scale\bt\host\bluedroid\stack\avrc\avrc_utils.c.o

Compiling .pioenvs\s400-scale\bt\host\bluedroid\stack\hid\hidd_api.c.o

Compiling .pioenvs\s400-scale\bt\host\bluedroid\stack\hid\hidd_conn.c.o

Compiling .pioenvs\s400-scale\bt\host\bluedroid\stack\hid\hidh_api.c.o

Compiling .pioenvs\s400-scale\bt\host\bluedroid\stack\hid\hidh_conn.c.o

Compiling .pioenvs\s400-scale\bt\host\bluedroid\stack\btm\btm_acl.c.o

Compiling .pioenvs\s400-scale\bt\host\bluedroid\stack\btm\btm_ble.c.o

Compiling .pioenvs\s400-scale\bt\host\bluedroid\stack\btm\btm_ble_addr.c.o

Compiling .pioenvs\s400-scale\bt\host\bluedroid\stack\btm\btm_ble_adv_filter.c.o

Compiling .pioenvs\s400-scale\bt\host\bluedroid\stack\btm\btm_ble_batchscan.c.o

Compiling .pioenvs\s400-scale\bt\host\bluedroid\stack\btm\btm_ble_bgconn.c.o

Compiling .pioenvs\s400-scale\bt\host\bluedroid\stack\btm\btm_ble_cont_energy.c.o

Compiling .pioenvs\s400-scale\bt\host\bluedroid\stack\btm\btm_ble_gap.c.o

Compiling .pioenvs\s400-scale\bt\host\bluedroid\stack\btm\btm_ble_5_gap.c.o

Compiling .pioenvs\s400-scale\bt\host\bluedroid\stack\btm\btm_ble_multi_adv.c.o

Compiling .pioenvs\s400-scale\bt\host\bluedroid\stack\btm\btm_ble_privacy.c.o

Compiling .pioenvs\s400-scale\bt\host\bluedroid\stack\btm\btm_dev.c.o

Compiling .pioenvs\s400-scale\bt\host\bluedroid\stack\btm\btm_devctl.c.o

Compiling .pioenvs\s400-scale\bt\host\bluedroid\stack\btm\btm_inq.c.o

Compiling .pioenvs\s400-scale\bt\host\bluedroid\stack\btm\btm_main.c.o

Compiling .pioenvs\s400-scale\bt\host\bluedroid\stack\btm\btm_pm.c.o

Compiling .pioenvs\s400-scale\bt\host\bluedroid\stack\btm\btm_sco.c.o

Compiling .pioenvs\s400-scale\bt\host\bluedroid\stack\btm\btm_sec.c.o

Compiling .pioenvs\s400-scale\bt\host\bluedroid\stack\btu\btu_hcif.c.o

Compiling .pioenvs\s400-scale\bt\host\bluedroid\stack\btu\btu_init.c.o

Compiling .pioenvs\s400-scale\bt\host\bluedroid\stack\btu\btu_task.c.o

Compiling .pioenvs\s400-scale\bt\host\bluedroid\stack\gap\gap_api.c.o

Compiling .pioenvs\s400-scale\bt\host\bluedroid\stack\gap\gap_ble.c.o

Compiling .pioenvs\s400-scale\bt\host\bluedroid\stack\gap\gap_conn.c.o

Compiling .pioenvs\s400-scale\bt\host\bluedroid\stack\gap\gap_utils.c.o

Compiling .pioenvs\s400-scale\bt\host\bluedroid\stack\gatt\att_protocol.c.o

Compiling .pioenvs\s400-scale\bt\host\bluedroid\stack\gatt\gatt_api.c.o

Compiling .pioenvs\s400-scale\bt\host\bluedroid\stack\gatt\gatt_attr.c.o

Compiling .pioenvs\s400-scale\bt\host\bluedroid\stack\gatt\gatt_auth.c.o

Compiling .pioenvs\s400-scale\bt\host\bluedroid\stack\gatt\gatt_cl.c.o

Compiling .pioenvs\s400-scale\bt\host\bluedroid\stack\gatt\gatt_db.c.o

Compiling .pioenvs\s400-scale\bt\host\bluedroid\stack\gatt\gatt_main.c.o

Compiling .pioenvs\s400-scale\bt\host\bluedroid\stack\gatt\gatt_sr.c.o

Compiling .pioenvs\s400-scale\bt\host\bluedroid\stack\gatt\gatt_sr_hash.c.o

Compiling .pioenvs\s400-scale\bt\host\bluedroid\stack\gatt\gatt_utils.c.o

Compiling .pioenvs\s400-scale\bt\host\bluedroid\stack\goep\goepc_api.c.o

Compiling .pioenvs\s400-scale\bt\host\bluedroid\stack\goep\goepc_main.c.o

Compiling .pioenvs\s400-scale\bt\host\bluedroid\stack\hcic\hciblecmds.c.o

Compiling .pioenvs\s400-scale\bt\host\bluedroid\stack\hcic\hcicmds.c.o

Compiling .pioenvs\s400-scale\bt\host\bluedroid\stack\l2cap\l2c_api.c.o

Compiling .pioenvs\s400-scale\bt\host\bluedroid\stack\l2cap\l2c_ble.c.o

Compiling .pioenvs\s400-scale\bt\host\bluedroid\stack\l2cap\l2c_csm.c.o

Compiling .pioenvs\s400-scale\bt\host\bluedroid\stack\l2cap\l2c_fcr.c.o

Compiling .pioenvs\s400-scale\bt\host\bluedroid\stack\l2cap\l2c_link.c.o

Compiling .pioenvs\s400-scale\bt\host\bluedroid\stack\l2cap\l2c_main.c.o

Compiling .pioenvs\s400-scale\bt\host\bluedroid\stack\l2cap\l2c_ucd.c.o

Compiling .pioenvs\s400-scale\bt\host\bluedroid\stack\l2cap\l2c_utils.c.o

Compiling .pioenvs\s400-scale\bt\host\bluedroid\stack\l2cap\l2cap_client.c.o

Compiling .pioenvs\s400-scale\bt\host\bluedroid\stack\obex\obex_api.c.o

Compiling .pioenvs\s400-scale\bt\host\bluedroid\stack\obex\obex_main.c.o

Compiling .pioenvs\s400-scale\bt\host\bluedroid\stack\obex\obex_tl_l2cap.c.o

Compiling .pioenvs\s400-scale\bt\host\bluedroid\stack\obex\obex_tl_rfcomm.c.o

Compiling .pioenvs\s400-scale\bt\host\bluedroid\stack\rfcomm\port_api.c.o

Compiling .pioenvs\s400-scale\bt\host\bluedroid\stack\rfcomm\port_rfc.c.o

Compiling .pioenvs\s400-scale\bt\host\bluedroid\stack\rfcomm\port_utils.c.o

Compiling .pioenvs\s400-scale\bt\host\bluedroid\stack\rfcomm\rfc_l2cap_if.c.o

Compiling .pioenvs\s400-scale\bt\host\bluedroid\stack\rfcomm\rfc_mx_fsm.c.o

Compiling .pioenvs\s400-scale\bt\host\bluedroid\stack\rfcomm\rfc_port_fsm.c.o

Compiling .pioenvs\s400-scale\bt\host\bluedroid\stack\rfcomm\rfc_port_if.c.o

Compiling .pioenvs\s400-scale\bt\host\bluedroid\stack\rfcomm\rfc_ts_frames.c.o

Compiling .pioenvs\s400-scale\bt\host\bluedroid\stack\rfcomm\rfc_utils.c.o

Compiling .pioenvs\s400-scale\bt\host\bluedroid\stack\sdp\sdp_api.c.o

Compiling .pioenvs\s400-scale\bt\host\bluedroid\stack\sdp\sdp_db.c.o

Compiling .pioenvs\s400-scale\bt\host\bluedroid\stack\sdp\sdp_discovery.c.o

Compiling .pioenvs\s400-scale\bt\host\bluedroid\stack\sdp\sdp_main.c.o

Compiling .pioenvs\s400-scale\bt\host\bluedroid\stack\sdp\sdp_server.c.o

Compiling .pioenvs\s400-scale\bt\host\bluedroid\stack\sdp\sdp_utils.c.o

Compiling .pioenvs\s400-scale\bt\host\bluedroid\stack\smp\aes.c.o

Compiling .pioenvs\s400-scale\bt\host\bluedroid\stack\smp\p_256_curvepara.c.o

Compiling .pioenvs\s400-scale\bt\host\bluedroid\stack\smp\p_256_ecc_pp.c.o

Compiling .pioenvs\s400-scale\bt\host\bluedroid\stack\smp\p_256_multprecision.c.o

Compiling .pioenvs\s400-scale\bt\host\bluedroid\stack\smp\smp_act.c.o

Compiling .pioenvs\s400-scale\bt\host\bluedroid\stack\smp\smp_api.c.o

Compiling .pioenvs\s400-scale\bt\host\bluedroid\stack\smp\smp_br_main.c.o

Compiling .pioenvs\s400-scale\bt\host\bluedroid\stack\smp\smp_cmac.c.o

Compiling .pioenvs\s400-scale\bt\host\bluedroid\stack\smp\smp_keys.c.o

Compiling .pioenvs\s400-scale\bt\host\bluedroid\stack\smp\smp_l2c.c.o

Compiling .pioenvs\s400-scale\bt\host\bluedroid\stack\smp\smp_main.c.o

Compiling .pioenvs\s400-scale\bt\host\bluedroid\stack\smp\smp_utils.c.o

Compiling .pioenvs\s400-scale\bt\host\bluedroid\config\stack_config.c.o

Compiling .pioenvs\s400-scale\bt\common\btc\profile\esp\blufi\bluedroid_host\esp_blufi.c.o

Compiling .pioenvs\s400-scale\bt\common\tinycrypt\src\utils.c.o

Compiling .pioenvs\s400-scale\bt\common\tinycrypt\src\sha256.c.o

Compiling .pioenvs\s400-scale\bt\common\tinycrypt\src\ecc.c.o

Compiling .pioenvs\s400-scale\bt\common\tinycrypt\src\ctr_prng.c.o

Compiling .pioenvs\s400-scale\bt\common\tinycrypt\src\ctr_mode.c.o

Compiling .pioenvs\s400-scale\bt\common\tinycrypt\src\aes_decrypt.c.o

Compiling .pioenvs\s400-scale\bt\common\tinycrypt\src\aes_encrypt.c.o

Compiling .pioenvs\s400-scale\bt\common\tinycrypt\src\ccm_mode.c.o

Compiling .pioenvs\s400-scale\bt\common\tinycrypt\src\ecc_dsa.c.o

Compiling .pioenvs\s400-scale\bt\common\tinycrypt\src\cmac_mode.c.o

Compiling .pioenvs\s400-scale\bt\common\tinycrypt\src\ecc_dh.c.o

Compiling .pioenvs\s400-scale\bt\common\tinycrypt\src\hmac_prng.c.o

Compiling .pioenvs\s400-scale\bt\common\tinycrypt\src\ecc_platform_specific.c.o

Compiling .pioenvs\s400-scale\bt\common\tinycrypt\src\hmac.c.o

Compiling .pioenvs\s400-scale\bt\common\tinycrypt\src\cbc_mode.c.o

Compiling .pioenvs\s400-scale\bt\common\tinycrypt\port\esp_tinycrypt_port.c.o

Compiling .pioenvs\s400-scale\managed_components\chmorgan__esp-libhelix-mp3\libhelix-mp3\mp3dec.c.o

Compiling .pioenvs\s400-scale\managed_components\chmorgan__esp-libhelix-mp3\libhelix-mp3\mp3tabs.c.o

Compiling .pioenvs\s400-scale\managed_components\chmorgan__esp-libhelix-mp3\libhelix-mp3\real\bitstream.c.o

Compiling .pioenvs\s400-scale\managed_components\chmorgan__esp-libhelix-mp3\libhelix-mp3\real\buffers.c.o

Compiling .pioenvs\s400-scale\managed_components\chmorgan__esp-libhelix-mp3\libhelix-mp3\real\dct32.c.o

Compiling .pioenvs\s400-scale\managed_components\chmorgan__esp-libhelix-mp3\libhelix-mp3\real\dequant.c.o

Compiling .pioenvs\s400-scale\managed_components\chmorgan__esp-libhelix-mp3\libhelix-mp3\real\dqchan.c.o

Compiling .pioenvs\s400-scale\managed_components\chmorgan__esp-libhelix-mp3\libhelix-mp3\real\huffman.c.o

Compiling .pioenvs\s400-scale\managed_components\chmorgan__esp-libhelix-mp3\libhelix-mp3\real\hufftabs.c.o

Compiling .pioenvs\s400-scale\managed_components\chmorgan__esp-libhelix-mp3\libhelix-mp3\real\imdct.c.o

Compiling .pioenvs\s400-scale\managed_components\chmorgan__esp-libhelix-mp3\libhelix-mp3\real\polyphase.c.o

Compiling .pioenvs\s400-scale\managed_components\chmorgan__esp-libhelix-mp3\libhelix-mp3\real\scalfact.c.o

Archiving .pioenvs\s400-scale\esp-idf\bt\libbt.a

Compiling .pioenvs\s400-scale\managed_components\chmorgan__esp-libhelix-mp3\libhelix-mp3\real\stproc.c.o

Compiling .pioenvs\s400-scale\managed_components\chmorgan__esp-libhelix-mp3\libhelix-mp3\real\subband.c.o

Compiling .pioenvs\s400-scale\managed_components\chmorgan__esp-libhelix-mp3\libhelix-mp3\real\trigtabs.c.o

Compiling .pioenvs\s400-scale\cmock\CMock\src\cmock.c.o

Compiling .pioenvs\s400-scale\console\commands.c.o

Compiling .pioenvs\s400-scale\console\esp_console_common.c.o

Compiling .pioenvs\s400-scale\console\esp_console_repl_internal.c.o

Compiling .pioenvs\s400-scale\console\split_argv.c.o

Compiling .pioenvs\s400-scale\console\linenoise\linenoise.c.o

Compiling .pioenvs\s400-scale\console\esp_console_repl_chip.c.o

Indexing .pioenvs\s400-scale\esp-idf\bt\libbt.a

Compiling .pioenvs\s400-scale\console\argtable3\arg_cmd.c.o

Compiling .pioenvs\s400-scale\console\argtable3\arg_date.c.o

Compiling .pioenvs\s400-scale\console\argtable3\arg_dbl.c.o

Archiving .pioenvs\s400-scale\esp-idf\chmorgan__esp-libhelix-mp3\libchmorgan__esp-libhelix-mp3.a

Archiving .pioenvs\s400-scale\esp-idf\cmock\libcmock.a

Compiling .pioenvs\s400-scale\console\argtable3\arg_dstr.c.o

Indexing .pioenvs\s400-scale\esp-idf\cmock\libcmock.a

Compiling .pioenvs\s400-scale\console\argtable3\arg_end.c.o

Indexing .pioenvs\s400-scale\esp-idf\chmorgan__esp-libhelix-mp3\libchmorgan__esp-libhelix-mp3.a

Compiling .pioenvs\s400-scale\console\argtable3\arg_file.c.o

Compiling .pioenvs\s400-scale\console\argtable3\arg_hashtable.c.o

Compiling .pioenvs\s400-scale\console\argtable3\arg_int.c.o

Compiling .pioenvs\s400-scale\console\argtable3\arg_lit.c.o

Compiling .pioenvs\s400-scale\console\argtable3\arg_rem.c.o

Compiling .pioenvs\s400-scale\console\argtable3\arg_rex.c.o

Compiling .pioenvs\s400-scale\console\argtable3\arg_str.c.o

Compiling .pioenvs\s400-scale\console\argtable3\arg_utils.c.o

Compiling .pioenvs\s400-scale\console\argtable3\argtable3.c.o

Compiling .pioenvs\s400-scale\cxx\cxx_exception_stubs.cpp.o

Compiling .pioenvs\s400-scale\cxx\cxx_guards.cpp.o

Compiling .pioenvs\s400-scale\cxx\cxx_init.cpp.o

Compiling .pioenvs\s400-scale\driver\deprecated\adc_legacy.c.o

Archiving .pioenvs\s400-scale\esp-idf\console\libconsole.a

Compiling .pioenvs\s400-scale\driver\deprecated\adc_dma_legacy.c.o

Indexing .pioenvs\s400-scale\esp-idf\console\libconsole.a

Compiling .pioenvs\s400-scale\driver\deprecated\dac_common_legacy.c.o

Archiving .pioenvs\s400-scale\esp-idf\cxx\libcxx.a

Compiling .pioenvs\s400-scale\driver\deprecated\esp32\dac_legacy.c.o

Compiling .pioenvs\s400-scale\driver\deprecated\timer_legacy.c.o

Indexing .pioenvs\s400-scale\esp-idf\cxx\libcxx.a

Compiling .pioenvs\s400-scale\driver\i2c\i2c.c.o

Compiling .pioenvs\s400-scale\driver\deprecated\i2s_legacy.c.o

Compiling .pioenvs\s400-scale\driver\deprecated\mcpwm_legacy.c.o

Compiling .pioenvs\s400-scale\driver\deprecated\pcnt_legacy.c.o

Compiling .pioenvs\s400-scale\driver\deprecated\rmt_legacy.c.o

Compiling .pioenvs\s400-scale\driver\deprecated\sigma_delta_legacy.c.o

Compiling .pioenvs\s400-scale\driver\touch_sensor\touch_sensor_common.c.o

Compiling .pioenvs\s400-scale\driver\touch_sensor\esp32\touch_sensor.c.o

Compiling .pioenvs\s400-scale\driver\twai\twai.c.o

Compiling .pioenvs\s400-scale\driver\deprecated\adc_i2s_deprecated.c.o

Compiling .pioenvs\s400-scale\efuse\esp32\esp_efuse_table.c.o

Compiling .pioenvs\s400-scale\efuse\esp32\esp_efuse_fields.c.o

Compiling .pioenvs\s400-scale\efuse\esp32\esp_efuse_utility.c.o

Compiling .pioenvs\s400-scale\efuse\src\esp_efuse_api.c.o

Compiling .pioenvs\s400-scale\efuse\src\esp_efuse_fields.c.o

Compiling .pioenvs\s400-scale\efuse\src\esp_efuse_utility.c.o

Compiling .pioenvs\s400-scale\efuse\src\efuse_controller\keys\without_key_purposes\three_key_blocks\esp_efuse_api_key.c.o

Compiling .pioenvs\s400-scale\efuse\src\esp_efuse_startup.c.o

Compiling .pioenvs\s400-scale\esp-tls\esp_tls.c.o

Archiving .pioenvs\s400-scale\esp-idf\efuse\libefuse.a

Archiving .pioenvs\s400-scale\esp-idf\driver\libdriver.a

Compiling .pioenvs\s400-scale\esp-tls\esp-tls-crypto\esp_tls_crypto.c.o

Compiling .pioenvs\s400-scale\esp-tls\esp_tls_error_capture.c.o

Compiling .pioenvs\s400-scale\esp-tls\esp_tls_platform_port.c.o

Indexing .pioenvs\s400-scale\esp-idf\efuse\libefuse.a

Indexing .pioenvs\s400-scale\esp-idf\driver\libdriver.a

Compiling .pioenvs\s400-scale\esp-tls\esp_tls_mbedtls.c.o

Compiling .pioenvs\s400-scale\esp_adc\adc_oneshot.c.o

Compiling .pioenvs\s400-scale\esp_adc\adc_common.c.o

Compiling .pioenvs\s400-scale\esp_adc\adc_cali.c.o

Compiling .pioenvs\s400-scale\esp_adc\adc_cali_curve_fitting.c.o

Compiling .pioenvs\s400-scale\esp_adc\deprecated\esp_adc_cal_common_legacy.c.o

Compiling .pioenvs\s400-scale\esp_adc\adc_continuous.c.o

Compiling .pioenvs\s400-scale\esp_adc\esp32\adc_dma.c.o

Compiling .pioenvs\s400-scale\esp_adc\esp32\adc_cali_line_fitting.c.o

Compiling .pioenvs\s400-scale\esp_adc\deprecated\esp32\esp_adc_cal_legacy.c.o

Compiling .pioenvs\s400-scale\esp_app_format\esp_app_desc.c.o

Compiling .pioenvs\s400-scale\esp_bootloader_format\esp_bootloader_desc.c.o

Compiling .pioenvs\s400-scale\esp_coex\src\coexist.c.o

Archiving .pioenvs\s400-scale\esp-idf\esp-tls\libesp-tls.a

Compiling .pioenvs\s400-scale\esp_coex\src\lib_printf.c.o

Compiling .pioenvs\s400-scale\esp_coex\esp32\esp_coex_adapter.c.o

Compiling .pioenvs\s400-scale\esp_coex\src\coexist_debug_diagram.c.o

Compiling .pioenvs\s400-scale\esp_coex\src\coexist_debug.c.o

Archiving .pioenvs\s400-scale\esp-idf\esp_bootloader_format\libesp_bootloader_format.a

Indexing .pioenvs\s400-scale\esp-idf\esp-tls\libesp-tls.a

Archiving .pioenvs\s400-scale\esp-idf\esp_app_format\libesp_app_format.a

Indexing .pioenvs\s400-scale\esp-idf\esp_bootloader_format\libesp_bootloader_format.a

Indexing .pioenvs\s400-scale\esp-idf\esp_app_format\libesp_app_format.a

Compiling .pioenvs\s400-scale\esp_common\src\esp_err_to_name.c.o

Archiving .pioenvs\s400-scale\esp-idf\esp_coex\libesp_coex.a

Archiving .pioenvs\s400-scale\esp-idf\esp_adc\libesp_adc.a

Compiling .pioenvs\s400-scale\esp_driver_cam\esp_cam_ctlr.c.o

Indexing .pioenvs\s400-scale\esp-idf\esp_coex\libesp_coex.a

Indexing .pioenvs\s400-scale\esp-idf\esp_adc\libesp_adc.a

Compiling .pioenvs\s400-scale\esp_driver_cam\dvp_share_ctrl.c.o

Compiling .pioenvs\s400-scale\esp_driver_dac\dac_oneshot.c.o

Compiling .pioenvs\s400-scale\esp_driver_dac\dac_cosine.c.o

Compiling .pioenvs\s400-scale\esp_driver_dac\dac_continuous.c.o

Compiling .pioenvs\s400-scale\esp_driver_dac\dac_common.c.o

Compiling .pioenvs\s400-scale\esp_driver_dac\esp32\dac_dma.c.o

Compiling .pioenvs\s400-scale\esp_driver_gpio\src\gpio.c.o

Archiving .pioenvs\s400-scale\esp-idf\esp_driver_cam\libesp_driver_cam.a

Compiling .pioenvs\s400-scale\esp_driver_gpio\src\gpio_glitch_filter_ops.c.o

Compiling .pioenvs\s400-scale\esp_driver_gpio\src\rtc_io.c.o

Indexing .pioenvs\s400-scale\esp-idf\esp_driver_cam\libesp_driver_cam.a

Compiling .pioenvs\s400-scale\esp_driver_gptimer\src\gptimer.c.o

Compiling .pioenvs\s400-scale\esp_driver_gptimer\src\gptimer_common.c.o

Compiling .pioenvs\s400-scale\esp_driver_i2c\i2c_master.c.o

Archiving .pioenvs\s400-scale\esp-idf\esp_common\libesp_common.a

Compiling .pioenvs\s400-scale\esp_driver_i2c\i2c_common.c.o

Archiving .pioenvs\s400-scale\esp-idf\esp_driver_dac\libesp_driver_dac.a

Compiling .pioenvs\s400-scale\esp_driver_i2c\i2c_slave.c.o

Indexing .pioenvs\s400-scale\esp-idf\esp_common\libesp_common.a

Indexing .pioenvs\s400-scale\esp-idf\esp_driver_dac\libesp_driver_dac.a

Compiling .pioenvs\s400-scale\esp_driver_i2s\i2s_common.c.o

Compiling .pioenvs\s400-scale\esp_driver_i2s\i2s_std.c.o

Compiling .pioenvs\s400-scale\esp_driver_i2s\i2s_pdm.c.o

Compiling .pioenvs\s400-scale\esp_driver_i2s\i2s_platform.c.o

Compiling .pioenvs\s400-scale\esp_driver_ledc\src\ledc.c.o

Archiving .pioenvs\s400-scale\esp-idf\esp_driver_gptimer\libesp_driver_gptimer.a

Compiling .pioenvs\s400-scale\esp_driver_mcpwm\src\mcpwm_cap.c.o

Archiving .pioenvs\s400-scale\esp-idf\esp_driver_gpio\libesp_driver_gpio.a

Indexing .pioenvs\s400-scale\esp-idf\esp_driver_gptimer\libesp_driver_gptimer.a

Compiling .pioenvs\s400-scale\esp_driver_mcpwm\src\mcpwm_cmpr.c.o

Compiling .pioenvs\s400-scale\esp_driver_mcpwm\src\mcpwm_com.c.o

Compiling .pioenvs\s400-scale\esp_driver_mcpwm\src\mcpwm_fault.c.o

Compiling .pioenvs\s400-scale\esp_driver_mcpwm\src\mcpwm_gen.c.o

Compiling .pioenvs\s400-scale\esp_driver_mcpwm\src\mcpwm_oper.c.o

Indexing .pioenvs\s400-scale\esp-idf\esp_driver_gpio\libesp_driver_gpio.a

Compiling .pioenvs\s400-scale\esp_driver_mcpwm\src\mcpwm_sync.c.o

Compiling .pioenvs\s400-scale\esp_driver_mcpwm\src\mcpwm_timer.c.o

Archiving .pioenvs\s400-scale\esp-idf\esp_driver_i2c\libesp_driver_i2c.a

Compiling .pioenvs\s400-scale\esp_driver_pcnt\src\pulse_cnt.c.o

Archiving .pioenvs\s400-scale\esp-idf\esp_driver_i2s\libesp_driver_i2s.a

Indexing .pioenvs\s400-scale\esp-idf\esp_driver_i2c\libesp_driver_i2c.a

Compiling .pioenvs\s400-scale\esp_driver_rmt\src\rmt_common.c.o

Compiling .pioenvs\s400-scale\esp_driver_rmt\src\rmt_encoder.c.o

Indexing .pioenvs\s400-scale\esp-idf\esp_driver_i2s\libesp_driver_i2s.a

Compiling .pioenvs\s400-scale\esp_driver_rmt\src\rmt_encoder_bytes.c.o

Compiling .pioenvs\s400-scale\esp_driver_rmt\src\rmt_encoder_copy.c.o

Compiling .pioenvs\s400-scale\esp_driver_rmt\src\rmt_encoder_simple.c.o

Compiling .pioenvs\s400-scale\esp_driver_rmt\src\rmt_rx.c.o

Compiling .pioenvs\s400-scale\esp_driver_rmt\src\rmt_tx.c.o

Compiling .pioenvs\s400-scale\esp_driver_sdio\src\sdio_slave.c.o

Archiving .pioenvs\s400-scale\esp-idf\esp_driver_mcpwm\libesp_driver_mcpwm.a

Archiving .pioenvs\s400-scale\esp-idf\esp_driver_ledc\libesp_driver_ledc.a

Compiling .pioenvs\s400-scale\esp_driver_sdm\src\sdm.c.o

Archiving .pioenvs\s400-scale\esp-idf\esp_driver_pcnt\libesp_driver_pcnt.a

Indexing .pioenvs\s400-scale\esp-idf\esp_driver_ledc\libesp_driver_ledc.a

Indexing .pioenvs\s400-scale\esp-idf\esp_driver_mcpwm\libesp_driver_mcpwm.a

Indexing .pioenvs\s400-scale\esp-idf\esp_driver_pcnt\libesp_driver_pcnt.a

Compiling .pioenvs\s400-scale\esp_driver_sdmmc\src\sdmmc_transaction.c.o

Compiling .pioenvs\s400-scale\esp_driver_sdmmc\src\sdmmc_host.c.o

Compiling .pioenvs\s400-scale\esp_driver_sdspi\src\sdspi_crc.c.o

Compiling .pioenvs\s400-scale\esp_driver_sdspi\src\sdspi_host.c.o

Archiving .pioenvs\s400-scale\esp-idf\esp_driver_sdio\libesp_driver_sdio.a

Archiving .pioenvs\s400-scale\esp-idf\esp_driver_sdm\libesp_driver_sdm.a

Archiving .pioenvs\s400-scale\esp-idf\esp_driver_rmt\libesp_driver_rmt.a

Compiling .pioenvs\s400-scale\esp_driver_sdspi\src\sdspi_transaction.c.o

Compiling .pioenvs\s400-scale\esp_driver_spi\src\gpspi\spi_common.c.o

Indexing .pioenvs\s400-scale\esp-idf\esp_driver_sdio\libesp_driver_sdio.a

Indexing .pioenvs\s400-scale\esp-idf\esp_driver_sdm\libesp_driver_sdm.a

Compiling .pioenvs\s400-scale\esp_driver_spi\src\gpspi\spi_master.c.o

Indexing .pioenvs\s400-scale\esp-idf\esp_driver_rmt\libesp_driver_rmt.a

Compiling .pioenvs\s400-scale\esp_driver_spi\src\gpspi\spi_slave.c.o

Compiling .pioenvs\s400-scale\esp_driver_spi\src\gpspi\spi_dma.c.o

Compiling .pioenvs\s400-scale\esp_driver_touch_sens\common\touch_sens_common.c.o

Compiling .pioenvs\s400-scale\esp_driver_touch_sens\hw_ver1\touch_version_specific.c.o

Compiling .pioenvs\s400-scale\esp_driver_twai\esp_twai.c.o

Compiling .pioenvs\s400-scale\esp_driver_twai\esp_twai_onchip.c.o

Archiving .pioenvs\s400-scale\esp-idf\esp_driver_sdspi\libesp_driver_sdspi.a

Indexing .pioenvs\s400-scale\esp-idf\esp_driver_sdspi\libesp_driver_sdspi.a

Compiling .pioenvs\s400-scale\esp_driver_uart\src\uart.c.o

Archiving .pioenvs\s400-scale\esp-idf\esp_driver_sdmmc\libesp_driver_sdmmc.a

Compiling .pioenvs\s400-scale\esp_driver_uart\src\uart_wakeup.c.o

Compiling .pioenvs\s400-scale\esp_driver_uart\src\uart_vfs.c.o

Compiling .pioenvs\s400-scale\esp_eth\src\esp_eth.c.o

Compiling .pioenvs\s400-scale\esp_eth\src\phy\esp_eth_phy_802_3.c.o

Archiving .pioenvs\s400-scale\esp-idf\esp_driver_spi\libesp_driver_spi.a

Indexing .pioenvs\s400-scale\esp-idf\esp_driver_sdmmc\libesp_driver_sdmmc.a

Compiling .pioenvs\s400-scale\esp_eth\src\esp_eth_netif_glue.c.o

Archiving .pioenvs\s400-scale\esp-idf\esp_driver_touch_sens\libesp_driver_touch_sens.a

Compiling .pioenvs\s400-scale\esp_eth\src\mac\esp_eth_mac_esp.c.o

Indexing .pioenvs\s400-scale\esp-idf\esp_driver_spi\libesp_driver_spi.a

Compiling .pioenvs\s400-scale\esp_eth\src\mac\esp_eth_mac_esp_dma.c.o

Compiling .pioenvs\s400-scale\esp_eth\src\mac\esp_eth_mac_esp_gpio.c.o

Compiling .pioenvs\s400-scale\esp_eth\src\phy\esp_eth_phy_generic.c.o

Archiving .pioenvs\s400-scale\esp-idf\esp_driver_twai\libesp_driver_twai.a

Indexing .pioenvs\s400-scale\esp-idf\esp_driver_touch_sens\libesp_driver_touch_sens.a

Compiling .pioenvs\s400-scale\esp_eth\src\phy\esp_eth_phy_dp83848.c.o

Compiling .pioenvs\s400-scale\esp_eth\src\phy\esp_eth_phy_ip101.c.o

Compiling .pioenvs\s400-scale\esp_eth\src\phy\esp_eth_phy_ksz80xx.c.o

Indexing .pioenvs\s400-scale\esp-idf\esp_driver_twai\libesp_driver_twai.a

Compiling .pioenvs\s400-scale\esp_eth\src\phy\esp_eth_phy_lan87xx.c.o

Compiling .pioenvs\s400-scale\esp_eth\src\phy\esp_eth_phy_rtl8201.c.o

Compiling .pioenvs\s400-scale\esp_eth\src\phy\esp_eth_phy_jl1101.c.o

Compiling .pioenvs\s400-scale\esp_event\default_event_loop.c.o

Compiling .pioenvs\s400-scale\esp_event\esp_event.c.o

Compiling .pioenvs\s400-scale\esp_event\esp_event_private.c.o

Compiling .pioenvs\s400-scale\esp_gdbstub\src\gdbstub.c.o

Archiving .pioenvs\s400-scale\esp-idf\esp_driver_uart\libesp_driver_uart.a

Compiling .pioenvs\s400-scale\esp_gdbstub\src\gdbstub_transport.c.o

Archiving .pioenvs\s400-scale\esp-idf\esp_eth\libesp_eth.a

Compiling .pioenvs\s400-scale\esp_gdbstub\src\packet.c.o

Compiling .pioenvs\s400-scale\esp_gdbstub\src\port\xtensa\gdbstub_xtensa.c.o

Compiling .pioenvs\s400-scale\esp_gdbstub\src\port\xtensa\gdbstub-entry.S.o

Compiling .pioenvs\s400-scale\esp_gdbstub\src\port\xtensa\xt_debugexception.S.o

Indexing .pioenvs\s400-scale\esp-idf\esp_eth\libesp_eth.a

Indexing .pioenvs\s400-scale\esp-idf\esp_driver_uart\libesp_driver_uart.a

Compiling .pioenvs\s400-scale\esp_hid\src\esp_hidd.c.o

Compiling .pioenvs\s400-scale\esp_hid\src\esp_hidh.c.o

Compiling .pioenvs\s400-scale\esp_hid\src\esp_hid_common.c.o

Archiving .pioenvs\s400-scale\esp-idf\esp_event\libesp_event.a

Compiling .pioenvs\s400-scale\esp_hid\src\ble_hidd.c.o

Compiling .pioenvs\s400-scale\esp_hid\src\ble_hidh.c.o

Compiling .pioenvs\s400-scale\esp_hid\src\bt_hidh.c.o

Compiling .pioenvs\s400-scale\esp_hid\src\bt_hidd.c.o

Indexing .pioenvs\s400-scale\esp-idf\esp_event\libesp_event.a

Compiling .pioenvs\s400-scale\esp_http_client\esp_http_client.c.o

Archiving .pioenvs\s400-scale\esp-idf\esp_gdbstub\libesp_gdbstub.a

Compiling .pioenvs\s400-scale\esp_http_client\lib\http_auth.c.o

Compiling .pioenvs\s400-scale\esp_http_client\lib\http_header.c.o

Compiling .pioenvs\s400-scale\esp_http_client\lib\http_utils.c.o

Indexing .pioenvs\s400-scale\esp-idf\esp_gdbstub\libesp_gdbstub.a

Compiling .pioenvs\s400-scale\esp_http_server\src\httpd_main.c.o

Compiling .pioenvs\s400-scale\esp_http_server\src\httpd_parse.c.o

Compiling .pioenvs\s400-scale\esp_http_server\src\httpd_sess.c.o

Compiling .pioenvs\s400-scale\esp_http_server\src\httpd_txrx.c.o

Compiling .pioenvs\s400-scale\esp_http_server\src\httpd_uri.c.o

Compiling .pioenvs\s400-scale\esp_http_server\src\httpd_ws.c.o

Compiling .pioenvs\s400-scale\esp_http_server\src\util\ctrl_sock.c.o

Compiling .pioenvs\s400-scale\esp_https_ota\src\esp_https_ota.c.o

Archiving .pioenvs\s400-scale\esp-idf\esp_hid\libesp_hid.a

Compiling .pioenvs\s400-scale\esp_https_server\src\https_server.c.o

Compiling .pioenvs\s400-scale\esp_hw_support\cpu.c.o

Indexing .pioenvs\s400-scale\esp-idf\esp_hid\libesp_hid.a

Compiling .pioenvs\s400-scale\esp_hw_support\port\esp32\esp_cpu_intr.c.o

Compiling .pioenvs\s400-scale\esp_hw_support\esp_memory_utils.c.o

Compiling .pioenvs\s400-scale\esp_hw_support\port\esp32\cpu_region_protect.c.o

Compiling .pioenvs\s400-scale\esp_hw_support\esp_clk.c.o

Archiving .pioenvs\s400-scale\esp-idf\esp_http_client\libesp_http_client.a

Archiving .pioenvs\s400-scale\esp-idf\esp_http_server\libesp_http_server.a

Compiling .pioenvs\s400-scale\esp_hw_support\clk_ctrl_os.c.o

Compiling .pioenvs\s400-scale\esp_hw_support\hw_random.c.o

Compiling .pioenvs\s400-scale\esp_hw_support\intr_alloc.c.o

Compiling .pioenvs\s400-scale\esp_hw_support\mac_addr.c.o

Compiling .pioenvs\s400-scale\esp_hw_support\periph_ctrl.c.o

Archiving .pioenvs\s400-scale\esp-idf\esp_https_ota\libesp_https_ota.a

Compiling .pioenvs\s400-scale\esp_hw_support\revision.c.o

Compiling .pioenvs\s400-scale\esp_hw_support\rtc_module.c.o

Indexing .pioenvs\s400-scale\esp-idf\esp_http_server\libesp_http_server.a

Indexing .pioenvs\s400-scale\esp-idf\esp_http_client\libesp_http_client.a

Archiving .pioenvs\s400-scale\esp-idf\esp_https_server\libesp_https_server.a

Indexing .pioenvs\s400-scale\esp-idf\esp_https_ota\libesp_https_ota.a

Compiling .pioenvs\s400-scale\esp_hw_support\regi2c_ctrl.c.o

Compiling .pioenvs\s400-scale\esp_hw_support\esp_gpio_reserve.c.o

Indexing .pioenvs\s400-scale\esp-idf\esp_https_server\libesp_https_server.a

Compiling .pioenvs\s400-scale\esp_hw_support\sar_periph_ctrl_common.c.o

Compiling .pioenvs\s400-scale\esp_hw_support\port\esp32\io_mux.c.o

Compiling .pioenvs\s400-scale\esp_hw_support\port\esp32\esp_clk_tree.c.o

Compiling .pioenvs\s400-scale\esp_hw_support\dma\esp_dma_utils.c.o

Compiling .pioenvs\s400-scale\esp_hw_support\dma\gdma_link.c.o

Compiling .pioenvs\s400-scale\esp_hw_support\spi_bus_lock.c.o

Compiling .pioenvs\s400-scale\esp_hw_support\clk_utils.c.o

Compiling .pioenvs\s400-scale\esp_hw_support\port\esp_clk_tree_common.c.o

Compiling .pioenvs\s400-scale\esp_hw_support\spi_share_hw_ctrl.c.o

Compiling .pioenvs\s400-scale\esp_hw_support\adc_share_hw_ctrl.c.o

Compiling .pioenvs\s400-scale\esp_hw_support\sleep_modem.c.o

Compiling .pioenvs\s400-scale\esp_hw_support\sleep_modes.c.o

Compiling .pioenvs\s400-scale\esp_hw_support\sleep_console.c.o

Compiling .pioenvs\s400-scale\esp_hw_support\sleep_usb.c.o

Compiling .pioenvs\s400-scale\esp_hw_support\sleep_gpio.c.o

Compiling .pioenvs\s400-scale\esp_hw_support\sleep_event.c.o

Compiling .pioenvs\s400-scale\esp_hw_support\rtc_wdt.c.o

Compiling .pioenvs\s400-scale\esp_hw_support\mspi_timing_tuning\mspi_timing_tuning.c.o

Compiling .pioenvs\s400-scale\esp_hw_support\sleep_wake_stub.c.o

Compiling .pioenvs\s400-scale\esp_hw_support\esp_clock_output.c.o

Compiling .pioenvs\s400-scale\esp_hw_support\power_supply\brownout.c.o

Compiling .pioenvs\s400-scale\esp_hw_support\port\esp32\rtc_clk.c.o

Compiling .pioenvs\s400-scale\esp_hw_support\port\esp32\rtc_clk_init.c.o

Compiling .pioenvs\s400-scale\esp_hw_support\port\esp32\rtc_init.c.o

Compiling .pioenvs\s400-scale\esp_hw_support\port\esp32\rtc_sleep.c.o

Compiling .pioenvs\s400-scale\esp_hw_support\port\esp32\rtc_time.c.o

Compiling .pioenvs\s400-scale\esp_hw_support\port\esp32\chip_info.c.o

Compiling .pioenvs\s400-scale\esp_hw_support\port\esp32\cache_sram_mmu.c.o

Compiling .pioenvs\s400-scale\esp_hw_support\port\esp32\sar_periph_ctrl.c.o

Compiling .pioenvs\s400-scale\esp_lcd\src\esp_lcd_common.c.o

Compiling .pioenvs\s400-scale\esp_lcd\src\esp_lcd_panel_io.c.o

Compiling .pioenvs\s400-scale\esp_lcd\src\esp_lcd_panel_nt35510.c.o

Archiving .pioenvs\s400-scale\esp-idf\esp_hw_support\libesp_hw_support.a

Compiling .pioenvs\s400-scale\esp_lcd\src\esp_lcd_panel_ssd1306.c.o

Compiling .pioenvs\s400-scale\esp_lcd\src\esp_lcd_panel_st7789.c.o

Compiling .pioenvs\s400-scale\esp_lcd\src\esp_lcd_panel_ops.c.o

Compiling .pioenvs\s400-scale\esp_lcd\i2c\esp_lcd_panel_io_i2c_v1.c.o

Compiling .pioenvs\s400-scale\esp_lcd\i2c\esp_lcd_panel_io_i2c_v2.c.o

Compiling .pioenvs\s400-scale\esp_lcd\spi\esp_lcd_panel_io_spi.c.o

Compiling .pioenvs\s400-scale\esp_lcd\i80\esp_lcd_panel_io_i2s.c.o

Indexing .pioenvs\s400-scale\esp-idf\esp_hw_support\libesp_hw_support.a

Compiling .pioenvs\s400-scale\esp_local_ctrl\src\esp_local_ctrl.c.o

Compiling .pioenvs\s400-scale\esp_local_ctrl\src\esp_local_ctrl_handler.c.o

Compiling .pioenvs\s400-scale\esp_local_ctrl\proto-c\esp_local_ctrl.pb-c.c.o

Compiling .pioenvs\s400-scale\esp_local_ctrl\src\esp_local_ctrl_transport_ble.c.o

Compiling .pioenvs\s400-scale\esp_local_ctrl\src\esp_local_ctrl_transport_httpd.c.o

Compiling .pioenvs\s400-scale\esp_mm\esp_mmu_map.c.o

Compiling .pioenvs\s400-scale\esp_mm\port\esp32\ext_mem_layout.c.o

Compiling .pioenvs\s400-scale\esp_mm\esp_cache_msync.c.o

Compiling .pioenvs\s400-scale\esp_mm\esp_cache_utils.c.o

Compiling .pioenvs\s400-scale\esp_mm\cache_esp32.c.o

Compiling .pioenvs\s400-scale\esp_mm\heap_align_hw.c.o

Archiving .pioenvs\s400-scale\esp-idf\esp_lcd\libesp_lcd.a

Compiling .pioenvs\s400-scale\esp_netif\esp_netif_handlers.c.o

Compiling .pioenvs\s400-scale\esp_netif\esp_netif_objects.c.o

Compiling .pioenvs\s400-scale\esp_netif\esp_netif_defaults.c.o

Archiving .pioenvs\s400-scale\esp-idf\esp_local_ctrl\libesp_local_ctrl.a

Indexing .pioenvs\s400-scale\esp-idf\esp_lcd\libesp_lcd.a

Indexing .pioenvs\s400-scale\esp-idf\esp_local_ctrl\libesp_local_ctrl.a

Compiling .pioenvs\s400-scale\esp_netif\lwip\esp_netif_lwip.c.o

Archiving .pioenvs\s400-scale\esp-idf\esp_mm\libesp_mm.a

Compiling .pioenvs\s400-scale\esp_netif\lwip\esp_netif_sntp.c.o

Compiling .pioenvs\s400-scale\esp_netif\lwip\esp_netif_lwip_defaults.c.o

Indexing .pioenvs\s400-scale\esp-idf\esp_mm\libesp_mm.a

Compiling .pioenvs\s400-scale\esp_netif\lwip\netif\wlanif.c.o

Compiling .pioenvs\s400-scale\esp_netif\lwip\netif\ethernetif.c.o

Compiling .pioenvs\s400-scale\esp_netif\lwip\netif\esp_pbuf_ref.c.o

Compiling .pioenvs\s400-scale\esp_partition\partition.c.o

Compiling .pioenvs\s400-scale\esp_partition\partition_target.c.o

Compiling .pioenvs\s400-scale\esp_phy\src\phy_override.c.o

Compiling .pioenvs\s400-scale\esp_phy\src\lib_printf.c.o

Compiling .pioenvs\s400-scale\esp_phy\src\phy_common.c.o

Compiling .pioenvs\s400-scale\esp_phy\src\phy_init.c.o

Compiling .pioenvs\s400-scale\esp_phy\esp32\phy_init_data.c.o

Compiling .pioenvs\s400-scale\esp_phy\src\btbb_init.c.o

Compiling .pioenvs\s400-scale\esp_pm\pm_locks.c.o

Archiving .pioenvs\s400-scale\esp-idf\esp_partition\libesp_partition.a

Compiling .pioenvs\s400-scale\esp_pm\pm_trace.c.o

Compiling .pioenvs\s400-scale\esp_pm\pm_impl.c.o

Compiling .pioenvs\s400-scale\esp_ringbuf\ringbuf.c.o

Compiling .pioenvs\s400-scale\esp_rom\patches\esp_rom_sys.c.o

Compiling .pioenvs\s400-scale\esp_rom\patches\esp_rom_print.c.o

Compiling .pioenvs\s400-scale\esp_rom\patches\esp_rom_crc.c.o

Indexing .pioenvs\s400-scale\esp-idf\esp_partition\libesp_partition.a

Compiling .pioenvs\s400-scale\esp_rom\patches\esp_rom_uart.c.o

Compiling .pioenvs\s400-scale\esp_rom\patches\esp_rom_spiflash.c.o

Archiving .pioenvs\s400-scale\esp-idf\esp_phy\libesp_phy.a

Archiving .pioenvs\s400-scale\esp-idf\esp_netif\libesp_netif.a

Compiling .pioenvs\s400-scale\esp_rom\patches\esp_rom_efuse.c.o

Compiling .pioenvs\s400-scale\esp_rom\patches\esp_rom_gpio.c.o

Compiling .pioenvs\s400-scale\esp_rom\patches\esp_rom_longjmp.S.o

Indexing .pioenvs\s400-scale\esp-idf\esp_phy\libesp_phy.a

Compiling .pioenvs\s400-scale\esp_security\src\init.c.o

Archiving .pioenvs\s400-scale\esp-idf\esp_pm\libesp_pm.a

Indexing .pioenvs\s400-scale\esp-idf\esp_netif\libesp_netif.a

Compiling .pioenvs\s400-scale\esp_security\src\esp_crypto_lock.c.o

Compiling .pioenvs\s400-scale\esp_security\src\esp_crypto_periph_clk.c.o

Compiling .pioenvs\s400-scale\esp_system\esp_err.c.o

Compiling .pioenvs\s400-scale\esp_system\crosscore_int.c.o

Archiving .pioenvs\s400-scale\esp-idf\esp_rom\libesp_rom.a

Archiving .pioenvs\s400-scale\esp-idf\esp_ringbuf\libesp_ringbuf.a

Compiling .pioenvs\s400-scale\esp_system\esp_ipc.c.o

Indexing .pioenvs\s400-scale\esp-idf\esp_pm\libesp_pm.a

Compiling .pioenvs\s400-scale\esp_system\esp_system_console.c.o

Compiling .pioenvs\s400-scale\esp_system\freertos_hooks.c.o

Compiling .pioenvs\s400-scale\esp_system\int_wdt.c.o

Indexing .pioenvs\s400-scale\esp-idf\esp_ringbuf\libesp_ringbuf.a

Indexing .pioenvs\s400-scale\esp-idf\esp_rom\libesp_rom.a

Compiling .pioenvs\s400-scale\esp_system\panic.c.o

Compiling .pioenvs\s400-scale\esp_system\esp_system.c.o

Archiving .pioenvs\s400-scale\esp-idf\esp_security\libesp_security.a

Compiling .pioenvs\s400-scale\esp_system\startup.c.o

Compiling .pioenvs\s400-scale\esp_system\startup_funcs.c.o

Compiling .pioenvs\s400-scale\esp_system\system_time.c.o

Compiling .pioenvs\s400-scale\esp_system\stack_check.c.o

Compiling .pioenvs\s400-scale\esp_system\ubsan.c.o

Compiling .pioenvs\s400-scale\esp_system\xt_wdt.c.o

Indexing .pioenvs\s400-scale\esp-idf\esp_security\libesp_security.a

Compiling .pioenvs\s400-scale\esp_system\task_wdt\task_wdt.c.o

Compiling .pioenvs\s400-scale\esp_system\task_wdt\task_wdt_impl_timergroup.c.o

Compiling .pioenvs\s400-scale\esp_system\port\cpu_start.c.o

Compiling .pioenvs\s400-scale\esp_system\port\panic_handler.c.o

Compiling .pioenvs\s400-scale\esp_system\port\esp_system_chip.c.o

Compiling .pioenvs\s400-scale\esp_system\port\image_process.c.o

Compiling .pioenvs\s400-scale\esp_system\port\esp_ipc_isr.c.o

Compiling .pioenvs\s400-scale\esp_system\port\arch\xtensa\esp_ipc_isr_port.c.o

Compiling .pioenvs\s400-scale\esp_system\port\arch\xtensa\esp_ipc_isr_handler.S.o

Compiling .pioenvs\s400-scale\esp_system\port\arch\xtensa\esp_ipc_isr_routines.S.o

Compiling .pioenvs\s400-scale\esp_system\port\arch\xtensa\panic_arch.c.o

Compiling .pioenvs\s400-scale\esp_system\port\arch\xtensa\panic_handler_asm.S.o

Compiling .pioenvs\s400-scale\esp_system\port\arch\xtensa\expression_with_stack.c.o

Compiling .pioenvs\s400-scale\esp_system\port\arch\xtensa\expression_with_stack_asm.S.o

Compiling .pioenvs\s400-scale\esp_system\port\arch\xtensa\debug_helpers.c.o

Compiling .pioenvs\s400-scale\esp_system\port\arch\xtensa\debug_helpers_asm.S.o

Compiling .pioenvs\s400-scale\esp_system\port\arch\xtensa\debug_stubs.c.o

Compiling .pioenvs\s400-scale\esp_system\port\arch\xtensa\trax.c.o

Compiling .pioenvs\s400-scale\esp_system\port\soc\esp32\highint_hdl.S.o

Compiling .pioenvs\s400-scale\esp_system\port\soc\esp32\clk.c.o

Compiling .pioenvs\s400-scale\esp_system\port\soc\esp32\reset_reason.c.o

Compiling .pioenvs\s400-scale\esp_system\port\soc\esp32\system_internal.c.o

Compiling .pioenvs\s400-scale\esp_system\port\soc\esp32\cache_err_int.c.o

Compiling .pioenvs\s400-scale\esp_timer\src\esp_timer.c.o

Compiling .pioenvs\s400-scale\esp_timer\src\esp_timer_init.c.o

Compiling .pioenvs\s400-scale\esp_timer\src\ets_timer_legacy.c.o

Compiling .pioenvs\s400-scale\esp_timer\src\system_time.c.o

Compiling .pioenvs\s400-scale\esp_timer\src\esp_timer_impl_common.c.o

Compiling .pioenvs\s400-scale\esp_timer\src\esp_timer_impl_lac.c.o

Compiling .pioenvs\s400-scale\esp_vfs_console\vfs_console.c.o

Compiling .pioenvs\s400-scale\esp_wifi\src\lib_printf.c.o

Compiling .pioenvs\s400-scale\esp_wifi\src\mesh_event.c.o

Archiving .pioenvs\s400-scale\esp-idf\esp_system\libesp_system.a

Compiling .pioenvs\s400-scale\esp_wifi\src\smartconfig.c.o

Compiling .pioenvs\s400-scale\esp_wifi\src\wifi_init.c.o

Compiling .pioenvs\s400-scale\esp_wifi\src\wifi_default.c.o

Compiling .pioenvs\s400-scale\esp_wifi\src\wifi_netif.c.o

Indexing .pioenvs\s400-scale\esp-idf\esp_system\libesp_system.a

Compiling .pioenvs\s400-scale\esp_wifi\src\wifi_default_ap.c.o

Archiving .pioenvs\s400-scale\esp-idf\esp_timer\libesp_timer.a

Compiling .pioenvs\s400-scale\esp_wifi\esp32\esp_adapter.c.o

Archiving .pioenvs\s400-scale\esp-idf\esp_vfs_console\libesp_vfs_console.a

Compiling .pioenvs\s400-scale\esp_wifi\regulatory\esp_wifi_regulatory.c.o

Compiling .pioenvs\s400-scale\esp_wifi\src\smartconfig_ack.c.o

Indexing .pioenvs\s400-scale\esp-idf\esp_timer\libesp_timer.a

Compiling .pioenvs\s400-scale\espcoredump\src\core_dump_init.c.o

Indexing .pioenvs\s400-scale\esp-idf\esp_vfs_console\libesp_vfs_console.a

Compiling .pioenvs\s400-scale\espcoredump\src\core_dump_common.c.o

Compiling .pioenvs\s400-scale\espcoredump\src\core_dump_flash.c.o

Compiling .pioenvs\s400-scale\espcoredump\src\core_dump_uart.c.o

Compiling .pioenvs\s400-scale\espcoredump\src\core_dump_elf.c.o

Compiling .pioenvs\s400-scale\espcoredump\src\core_dump_binary.c.o

Compiling .pioenvs\s400-scale\espcoredump\src\core_dump_sha.c.o

Compiling .pioenvs\s400-scale\espcoredump\src\core_dump_crc.c.o

Compiling .pioenvs\s400-scale\espcoredump\src\port\xtensa\core_dump_port.c.o

Compiling .pioenvs\s400-scale\managed_components\espressif__cbor\tinycbor\src\cborencoder_close_container_checked.c.o

Compiling .pioenvs\s400-scale\managed_components\espressif__cbor\tinycbor\src\cborencoder.c.o

Compiling .pioenvs\s400-scale\managed_components\espressif__cbor\tinycbor\src\cborencoder_float.c.o

Archiving .pioenvs\s400-scale\esp-idf\esp_wifi\libesp_wifi.a

Compiling .pioenvs\s400-scale\managed_components\espressif__cbor\tinycbor\src\cborerrorstrings.c.o

Compiling .pioenvs\s400-scale\managed_components\espressif__cbor\tinycbor\src\cborparser_dup_string.c.o

Compiling .pioenvs\s400-scale\managed_components\espressif__cbor\tinycbor\src\cborparser.c.o

Compiling .pioenvs\s400-scale\managed_components\espressif__cbor\tinycbor\src\cborparser_float.c.o

Compiling .pioenvs\s400-scale\managed_components\espressif__cbor\tinycbor\src\cborpretty_stdio.c.o

Compiling .pioenvs\s400-scale\managed_components\espressif__cbor\tinycbor\src\cborpretty.c.o

Indexing .pioenvs\s400-scale\esp-idf\esp_wifi\libesp_wifi.a

Compiling .pioenvs\s400-scale\managed_components\espressif__cbor\tinycbor\src\cbortojson.c.o

Compiling .pioenvs\s400-scale\managed_components\espressif__cbor\tinycbor\src\cborvalidation.c.o

Archiving .pioenvs\s400-scale\esp-idf\espcoredump\libespcoredump.a

Compiling .pioenvs\s400-scale\managed_components\espressif__cbor\tinycbor\src\open_memstream.c.o

Compiling .pioenvs\s400-scale\managed_components\espressif__esp-dsp\modules\common\misc\dsps_pwroftwo.cpp.o

Indexing .pioenvs\s400-scale\esp-idf\espcoredump\libespcoredump.a

Compiling .pioenvs\s400-scale\managed_components\espressif__esp-dsp\modules\common\misc\aes3_tie_log.c.o

Compiling .pioenvs\s400-scale\managed_components\espressif__esp-dsp\modules\dotprod\float\dsps_dotprod_f32_ae32.S.o

Compiling .pioenvs\s400-scale\managed_components\espressif__esp-dsp\modules\dotprod\float\dsps_dotprod_f32_m_ae32.S.o

Compiling .pioenvs\s400-scale\managed_components\espressif__esp-dsp\modules\dotprod\float\dsps_dotprode_f32_ae32.S.o

Compiling .pioenvs\s400-scale\managed_components\espressif__esp-dsp\modules\dotprod\float\dsps_dotprode_f32_m_ae32.S.o

Compiling .pioenvs\s400-scale\managed_components\espressif__esp-dsp\modules\dotprod\float\dsps_dotprod_f32_ansi.c.o

Compiling .pioenvs\s400-scale\managed_components\espressif__esp-dsp\modules\dotprod\float\dsps_dotprode_f32_ansi.c.o

Compiling .pioenvs\s400-scale\managed_components\espressif__esp-dsp\modules\dotprod\float\dsps_dotprod_f32_aes3.S.o

Compiling .pioenvs\s400-scale\managed_components\espressif__esp-dsp\modules\dotprod\float\dsps_dotprod_f32_arp4.S.o

Compiling .pioenvs\s400-scale\managed_components\espressif__esp-dsp\modules\dotprod\float\dsps_dotprode_f32_arp4.S.o

Archiving .pioenvs\s400-scale\esp-idf\espressif__cbor\libespressif__cbor.a

Compiling .pioenvs\s400-scale\managed_components\espressif__esp-dsp\modules\dotprod\fixed\dsps_dotprod_s16_ae32.S.o

Compiling .pioenvs\s400-scale\managed_components\espressif__esp-dsp\modules\dotprod\fixed\dsps_dotprod_s16_m_ae32.S.o

Compiling .pioenvs\s400-scale\managed_components\espressif__esp-dsp\modules\dotprod\fixed\dsps_dotprod_s16_ansi.c.o

Compiling .pioenvs\s400-scale\managed_components\espressif__esp-dsp\modules\dotprod\fixed\dsps_dotprod_s16_arp4.S.o

Compiling .pioenvs\s400-scale\managed_components\espressif__esp-dsp\modules\dotprod\fixed\dsps_dp_s8_ansi.c.o

Compiling .pioenvs\s400-scale\managed_components\espressif__esp-dsp\modules\dotprod\fixed\dsps_dp_s8_aes3.S.o

Indexing .pioenvs\s400-scale\esp-idf\espressif__cbor\libespressif__cbor.a

Compiling .pioenvs\s400-scale\managed_components\espressif__esp-dsp\modules\dotprod\float\dspi_dotprod_f32_ansi.c.o

Compiling .pioenvs\s400-scale\managed_components\espressif__esp-dsp\modules\dotprod\float\dspi_dotprod_off_f32_ansi.c.o

Compiling .pioenvs\s400-scale\managed_components\espressif__esp-dsp\modules\dotprod\fixed\dspi_dotprod_s16_ansi.c.o

Compiling .pioenvs\s400-scale\managed_components\espressif__esp-dsp\modules\dotprod\fixed\dspi_dotprod_u16_ansi.c.o

Compiling .pioenvs\s400-scale\managed_components\espressif__esp-dsp\modules\dotprod\fixed\dspi_dotprod_s8_ansi.c.o

Compiling .pioenvs\s400-scale\managed_components\espressif__esp-dsp\modules\dotprod\fixed\dspi_dotprod_u8_ansi.c.o

Compiling .pioenvs\s400-scale\managed_components\espressif__esp-dsp\modules\dotprod\fixed\dspi_dotprod_off_s16_ansi.c.o

Compiling .pioenvs\s400-scale\managed_components\espressif__esp-dsp\modules\dotprod\fixed\dspi_dotprod_off_u16_ansi.c.o

Compiling .pioenvs\s400-scale\managed_components\espressif__esp-dsp\modules\dotprod\fixed\dspi_dotprod_off_s8_ansi.c.o

Compiling .pioenvs\s400-scale\managed_components\espressif__esp-dsp\modules\dotprod\fixed\dspi_dotprod_off_u8_ansi.c.o

Compiling .pioenvs\s400-scale\managed_components\espressif__esp-dsp\modules\dotprod\fixed\dspi_dotprod_s16_aes3.S.o

Compiling .pioenvs\s400-scale\managed_components\espressif__esp-dsp\modules\dotprod\fixed\dspi_dotprod_u16_aes3.S.o

Compiling .pioenvs\s400-scale\managed_components\espressif__esp-dsp\modules\dotprod\fixed\dspi_dotprod_off_s16_aes3.S.o

Compiling .pioenvs\s400-scale\managed_components\espressif__esp-dsp\modules\dotprod\fixed\dspi_dotprod_off_u16_aes3.S.o

Compiling .pioenvs\s400-scale\managed_components\espressif__esp-dsp\modules\dotprod\fixed\dspi_dotprod_s8_aes3.S.o

Compiling .pioenvs\s400-scale\managed_components\espressif__esp-dsp\modules\dotprod\fixed\dspi_dotprod_u8_aes3.S.o

Compiling .pioenvs\s400-scale\managed_components\espressif__esp-dsp\modules\dotprod\fixed\dspi_dotprod_off_u8_aes3.S.o

Compiling .pioenvs\s400-scale\managed_components\espressif__esp-dsp\modules\dotprod\fixed\dspi_dotprod_off_s8_aes3.S.o

Compiling .pioenvs\s400-scale\managed_components\espressif__esp-dsp\modules\dotprod\fixed\dspi_dotprod_s16_arp4.S.o

Compiling .pioenvs\s400-scale\managed_components\espressif__esp-dsp\modules\dotprod\fixed\dspi_dotprod_s8_arp4.S.o

Compiling .pioenvs\s400-scale\managed_components\espressif__esp-dsp\modules\dotprod\fixed\dspi_dotprod_u16_arp4.S.o

Compiling .pioenvs\s400-scale\managed_components\espressif__esp-dsp\modules\dotprod\fixed\dspi_dotprod_u8_arp4.S.o

Compiling .pioenvs\s400-scale\managed_components\espressif__esp-dsp\modules\dotprod\fixed\dspi_dotprod_off_s16_arp4.S.o

Compiling .pioenvs\s400-scale\managed_components\espressif__esp-dsp\modules\dotprod\fixed\dspi_dotprod_off_u16_arp4.S.o

Compiling .pioenvs\s400-scale\managed_components\espressif__esp-dsp\modules\dotprod\fixed\dspi_dotprod_off_s8_arp4.S.o

Compiling .pioenvs\s400-scale\managed_components\espressif__esp-dsp\modules\dotprod\fixed\dspi_dotprod_off_u8_arp4.S.o

Compiling .pioenvs\s400-scale\managed_components\espressif__esp-dsp\modules\matrix\mul\float\dspm_mult_3x3x1_f32_ae32.S.o

Compiling .pioenvs\s400-scale\managed_components\espressif__esp-dsp\modules\matrix\mul\float\dspm_mult_3x3x3_f32_ae32.S.o

Compiling .pioenvs\s400-scale\managed_components\espressif__esp-dsp\modules\matrix\mul\float\dspm_mult_4x4x1_f32_ae32.S.o

Compiling .pioenvs\s400-scale\managed_components\espressif__esp-dsp\modules\matrix\mul\float\dspm_mult_4x4x4_f32_ae32.S.o

Compiling .pioenvs\s400-scale\managed_components\espressif__esp-dsp\modules\matrix\mul\float\dspm_mult_f32_ae32.S.o

Compiling .pioenvs\s400-scale\managed_components\espressif__esp-dsp\modules\matrix\mul\float\dspm_mult_f32_aes3.S.o

Compiling .pioenvs\s400-scale\managed_components\espressif__esp-dsp\modules\matrix\mul\float\dspm_mult_f32_ansi.c.o

Compiling .pioenvs\s400-scale\managed_components\espressif__esp-dsp\modules\matrix\mul\float\dspm_mult_f32_arp4.S.o

Compiling .pioenvs\s400-scale\managed_components\espressif__esp-dsp\modules\matrix\mul\float\dspm_mult_ex_f32_ansi.c.o

Compiling .pioenvs\s400-scale\managed_components\espressif__esp-dsp\modules\matrix\mul\float\dspm_mult_ex_f32_ae32.S.o

Compiling .pioenvs\s400-scale\managed_components\espressif__esp-dsp\modules\matrix\mul\float\dspm_mult_ex_f32_arp4.S.o

Compiling .pioenvs\s400-scale\managed_components\espressif__esp-dsp\modules\matrix\mul\float\dspm_mult_ex_f32_aes3.S.o

Compiling .pioenvs\s400-scale\managed_components\espressif__esp-dsp\modules\matrix\mul\fixed\dspm_mult_s16_ae32.S.o

Compiling .pioenvs\s400-scale\managed_components\espressif__esp-dsp\modules\matrix\mul\fixed\dspm_mult_s16_m_ae32_vector.S.o

Compiling .pioenvs\s400-scale\managed_components\espressif__esp-dsp\modules\matrix\mul\fixed\dspm_mult_s16_m_ae32.S.o

Compiling .pioenvs\s400-scale\managed_components\espressif__esp-dsp\modules\matrix\mul\fixed\dspm_mult_s16_ansi.c.o

Compiling .pioenvs\s400-scale\managed_components\espressif__esp-dsp\modules\matrix\mul\fixed\dspm_mult_s16_aes3.S.o

Compiling .pioenvs\s400-scale\managed_components\espressif__esp-dsp\modules\matrix\mul\fixed\dspm_mult_s16_arp4.S.o

Compiling .pioenvs\s400-scale\managed_components\espressif__esp-dsp\modules\matrix\add\float\dspm_add_f32_ansi.c.o

Compiling .pioenvs\s400-scale\managed_components\espressif__esp-dsp\modules\matrix\add\float\dspm_add_f32_ae32.S.o

Compiling .pioenvs\s400-scale\managed_components\espressif__esp-dsp\modules\matrix\addc\float\dspm_addc_f32_ansi.c.o

Compiling .pioenvs\s400-scale\managed_components\espressif__esp-dsp\modules\matrix\addc\float\dspm_addc_f32_ae32.S.o

Compiling .pioenvs\s400-scale\managed_components\espressif__esp-dsp\modules\matrix\mulc\float\dspm_mulc_f32_ansi.c.o

Compiling .pioenvs\s400-scale\managed_components\espressif__esp-dsp\modules\matrix\mulc\float\dspm_mulc_f32_ae32.S.o

Compiling .pioenvs\s400-scale\managed_components\espressif__esp-dsp\modules\matrix\sub\float\dspm_sub_f32_ansi.c.o

Compiling .pioenvs\s400-scale\managed_components\espressif__esp-dsp\modules\matrix\sub\float\dspm_sub_f32_ae32.S.o

Compiling .pioenvs\s400-scale\managed_components\espressif__esp-dsp\modules\matrix\mat\mat.cpp.o

Compiling .pioenvs\s400-scale\managed_components\espressif__esp-dsp\modules\math\mulc\float\dsps_mulc_f32_ansi.c.o

Compiling .pioenvs\s400-scale\managed_components\espressif__esp-dsp\modules\math\addc\float\dsps_addc_f32_ansi.c.o

Compiling .pioenvs\s400-scale\managed_components\espressif__esp-dsp\modules\math\mulc\fixed\dsps_mulc_s16_ansi.c.o

Compiling .pioenvs\s400-scale\managed_components\espressif__esp-dsp\modules\math\mulc\fixed\dsps_mulc_s16_ae32.S.o

Compiling .pioenvs\s400-scale\managed_components\espressif__esp-dsp\modules\math\add\float\dsps_add_f32_ansi.c.o

Compiling .pioenvs\s400-scale\managed_components\espressif__esp-dsp\modules\math\add\fixed\dsps_add_s16_ansi.c.o

Compiling .pioenvs\s400-scale\managed_components\espressif__esp-dsp\modules\math\add\fixed\dsps_add_s16_ae32.S.o

Compiling .pioenvs\s400-scale\managed_components\espressif__esp-dsp\modules\math\add\fixed\dsps_add_s16_aes3.S.o

Compiling .pioenvs\s400-scale\managed_components\espressif__esp-dsp\modules\math\add\fixed\dsps_add_s8_ansi.c.o

Compiling .pioenvs\s400-scale\managed_components\espressif__esp-dsp\modules\math\add\fixed\dsps_add_s8_aes3.S.o

Compiling .pioenvs\s400-scale\managed_components\espressif__esp-dsp\modules\math\sub\float\dsps_sub_f32_ansi.c.o

Compiling .pioenvs\s400-scale\managed_components\espressif__esp-dsp\modules\math\sub\fixed\dsps_sub_s16_ansi.c.o

Compiling .pioenvs\s400-scale\managed_components\espressif__esp-dsp\modules\math\sub\fixed\dsps_sub_s16_ae32.S.o

Compiling .pioenvs\s400-scale\managed_components\espressif__esp-dsp\modules\math\sub\fixed\dsps_sub_s16_aes3.S.o

Compiling .pioenvs\s400-scale\managed_components\espressif__esp-dsp\modules\math\sub\fixed\dsps_sub_s8_ansi.c.o

Compiling .pioenvs\s400-scale\managed_components\espressif__esp-dsp\modules\math\sub\fixed\dsps_sub_s8_aes3.S.o

Compiling .pioenvs\s400-scale\managed_components\espressif__esp-dsp\modules\math\mul\float\dsps_mul_f32_ansi.c.o

Compiling .pioenvs\s400-scale\managed_components\espressif__esp-dsp\modules\math\mul\fixed\dsps_mul_s16_ansi.c.o

Compiling .pioenvs\s400-scale\managed_components\espressif__esp-dsp\modules\math\mul\fixed\dsps_mul_s16_ae32.S.o

Compiling .pioenvs\s400-scale\managed_components\espressif__esp-dsp\modules\math\mul\fixed\dsps_mul_s16_aes3.S.o

Compiling .pioenvs\s400-scale\managed_components\espressif__esp-dsp\modules\math\mul\fixed\dsps_mul_s8_ansi.c.o

Compiling .pioenvs\s400-scale\managed_components\espressif__esp-dsp\modules\math\mul\fixed\dsps_mul_s8_aes3.S.o

Compiling .pioenvs\s400-scale\managed_components\espressif__esp-dsp\modules\matrix\mul\fixed\dspm_mult_mxn_1xm_int8_ansi.c.o

Compiling .pioenvs\s400-scale\managed_components\espressif__esp-dsp\modules\math\mulc\float\dsps_mulc_f32_ae32.S.o

Compiling .pioenvs\s400-scale\managed_components\espressif__esp-dsp\modules\math\addc\float\dsps_addc_f32_ae32.S.o

Compiling .pioenvs\s400-scale\managed_components\espressif__esp-dsp\modules\math\add\float\dsps_add_f32_ae32.S.o

Compiling .pioenvs\s400-scale\managed_components\espressif__esp-dsp\modules\math\sub\float\dsps_sub_f32_ae32.S.o

Compiling .pioenvs\s400-scale\managed_components\espressif__esp-dsp\modules\math\mul\float\dsps_mul_f32_ae32.S.o

Compiling .pioenvs\s400-scale\managed_components\espressif__esp-dsp\modules\math\sqrt\float\dsps_sqrt_f32_ansi.c.o

Compiling .pioenvs\s400-scale\managed_components\espressif__esp-dsp\modules\fft\float\dsps_fft2r_fc32_ae32_.S.o

Compiling .pioenvs\s400-scale\managed_components\espressif__esp-dsp\modules\fft\float\dsps_fft2r_fc32_aes3_.S.o

Compiling .pioenvs\s400-scale\managed_components\espressif__esp-dsp\modules\fft\float\dsps_fft2r_fc32_arp4.S.o

Compiling .pioenvs\s400-scale\managed_components\espressif__esp-dsp\modules\fft\float\dsps_fft2r_fc32_ansi.c.o

Compiling .pioenvs\s400-scale\managed_components\espressif__esp-dsp\modules\fft\float\dsps_fft2r_fc32_ae32.c.o

Compiling .pioenvs\s400-scale\managed_components\espressif__esp-dsp\modules\fft\float\dsps_bit_rev_lookup_fc32_aes3.S.o

Compiling .pioenvs\s400-scale\managed_components\espressif__esp-dsp\modules\fft\float\dsps_fft4r_fc32_ansi.c.o

Compiling .pioenvs\s400-scale\managed_components\espressif__esp-dsp\modules\fft\float\dsps_fft4r_fc32_ae32.c.o

Compiling .pioenvs\s400-scale\managed_components\espressif__esp-dsp\modules\fft\float\dsps_fft4r_fc32_ae32_.S.o

Compiling .pioenvs\s400-scale\managed_components\espressif__esp-dsp\modules\fft\float\dsps_fft4r_fc32_aes3_.S.o

Compiling .pioenvs\s400-scale\managed_components\espressif__esp-dsp\modules\fft\float\dsps_fft4r_fc32_arp4.S.o

Compiling .pioenvs\s400-scale\managed_components\espressif__esp-dsp\modules\fft\float\dsps_fft2r_bitrev_tables_fc32.c.o

Compiling .pioenvs\s400-scale\managed_components\espressif__esp-dsp\modules\fft\float\dsps_fft4r_bitrev_tables_fc32.c.o

Compiling .pioenvs\s400-scale\managed_components\espressif__esp-dsp\modules\fft\fixed\dsps_fft2r_sc16_ae32.S.o

Compiling .pioenvs\s400-scale\managed_components\espressif__esp-dsp\modules\fft\fixed\dsps_fft2r_sc16_ansi.c.o

Compiling .pioenvs\s400-scale\managed_components\espressif__esp-dsp\modules\fft\fixed\dsps_fft2r_sc16_aes3.S.o

Compiling .pioenvs\s400-scale\managed_components\espressif__esp-dsp\modules\fft\fixed\dsps_fft2r_sc16_arp4.S.o

Compiling .pioenvs\s400-scale\managed_components\espressif__esp-dsp\modules\dct\float\dsps_dct_f32.c.o

Compiling .pioenvs\s400-scale\managed_components\espressif__esp-dsp\modules\dct\float\dsps_dctiv_f32.c.o

Compiling .pioenvs\s400-scale\managed_components\espressif__esp-dsp\modules\dct\float\dsps_dstiv_f32.c.o

Compiling .pioenvs\s400-scale\managed_components\espressif__esp-dsp\modules\support\snr\float\dsps_snr_f32.cpp.o

Compiling .pioenvs\s400-scale\managed_components\espressif__esp-dsp\modules\support\sfdr\float\dsps_sfdr_f32.cpp.o

Compiling .pioenvs\s400-scale\managed_components\espressif__esp-dsp\modules\support\misc\dsps_d_gen.c.o

Compiling .pioenvs\s400-scale\managed_components\espressif__esp-dsp\modules\support\misc\dsps_h_gen.c.o

Compiling .pioenvs\s400-scale\managed_components\espressif__esp-dsp\modules\support\misc\dsps_tone_gen.c.o

Compiling .pioenvs\s400-scale\managed_components\espressif__esp-dsp\modules\support\cplx_gen\dsps_cplx_gen.c.o

Compiling .pioenvs\s400-scale\managed_components\espressif__esp-dsp\modules\support\cplx_gen\dsps_cplx_gen.S.o

Compiling .pioenvs\s400-scale\managed_components\espressif__esp-dsp\modules\support\cplx_gen\dsps_cplx_gen_init.c.o

Compiling .pioenvs\s400-scale\managed_components\espressif__esp-dsp\modules\support\mem\esp32s3\dsps_memset_aes3.S.o

Compiling .pioenvs\s400-scale\managed_components\espressif__esp-dsp\modules\support\mem\esp32s3\dsps_memcpy_aes3.S.o

Compiling .pioenvs\s400-scale\managed_components\espressif__esp-dsp\modules\support\view\dsps_view.cpp.o

Compiling .pioenvs\s400-scale\managed_components\espressif__esp-dsp\modules\windows\hann\float\dsps_wind_hann_f32.c.o

Compiling .pioenvs\s400-scale\managed_components\espressif__esp-dsp\modules\windows\blackman\float\dsps_wind_blackman_f32.c.o

Compiling .pioenvs\s400-scale\managed_components\espressif__esp-dsp\modules\windows\blackman_harris\float\dsps_wind_blackman_harris_f32.c.o

Compiling .pioenvs\s400-scale\managed_components\espressif__esp-dsp\modules\windows\blackman_nuttall\float\dsps_wind_blackman_nuttall_f32.c.o

Compiling .pioenvs\s400-scale\managed_components\espressif__esp-dsp\modules\windows\nuttall\float\dsps_wind_nuttall_f32.c.o

Compiling .pioenvs\s400-scale\managed_components\espressif__esp-dsp\modules\windows\flat_top\float\dsps_wind_flat_top_f32.c.o

Compiling .pioenvs\s400-scale\managed_components\espressif__esp-dsp\modules\conv\float\dsps_conv_f32_ansi.c.o

Compiling .pioenvs\s400-scale\managed_components\espressif__esp-dsp\modules\conv\float\dspi_conv_f32_ansi.c.o

Compiling .pioenvs\s400-scale\managed_components\espressif__esp-dsp\modules\conv\float\dsps_conv_f32_ae32.S.o

Compiling .pioenvs\s400-scale\managed_components\espressif__esp-dsp\modules\conv\float\dsps_corr_f32_ansi.c.o

Compiling .pioenvs\s400-scale\managed_components\espressif__esp-dsp\modules\conv\float\dsps_corr_f32_ae32.S.o

Compiling .pioenvs\s400-scale\managed_components\espressif__esp-dsp\modules\conv\float\dsps_ccorr_f32_ansi.c.o

Compiling .pioenvs\s400-scale\managed_components\espressif__esp-dsp\modules\conv\float\dsps_ccorr_f32_ae32.S.o

Compiling .pioenvs\s400-scale\managed_components\espressif__esp-dsp\modules\iir\biquad\dsps_biquad_f32_ae32.S.o

Compiling .pioenvs\s400-scale\managed_components\espressif__esp-dsp\modules\iir\biquad\dsps_biquad_sf32_ae32.S.o

Compiling .pioenvs\s400-scale\managed_components\espressif__esp-dsp\modules\iir\biquad\dsps_biquad_f32_aes3.S.o

Compiling .pioenvs\s400-scale\managed_components\espressif__esp-dsp\modules\iir\biquad\dsps_biquad_f32_arp4.S.o

Compiling .pioenvs\s400-scale\managed_components\espressif__esp-dsp\modules\iir\biquad\dsps_biquad_sf32_arp4.S.o

Compiling .pioenvs\s400-scale\managed_components\espressif__esp-dsp\modules\iir\biquad\dsps_biquad_f32_ansi.c.o

Compiling .pioenvs\s400-scale\managed_components\espressif__esp-dsp\modules\iir\biquad\dsps_biquad_sf32_ansi.c.o

Compiling .pioenvs\s400-scale\managed_components\espressif__esp-dsp\modules\iir\biquad\dsps_biquad_gen_f32.c.o

Compiling .pioenvs\s400-scale\managed_components\espressif__esp-dsp\modules\fir\float\dsps_fir_f32_ae32.S.o

Compiling .pioenvs\s400-scale\managed_components\espressif__esp-dsp\modules\fir\float\dsps_fir_f32_aes3.S.o

Compiling .pioenvs\s400-scale\managed_components\espressif__esp-dsp\modules\fir\float\dsps_fird_f32_ae32.S.o

Compiling .pioenvs\s400-scale\managed_components\espressif__esp-dsp\modules\fir\float\dsps_fird_f32_aes3.S.o

Compiling .pioenvs\s400-scale\managed_components\espressif__esp-dsp\modules\fir\float\dsps_fird_f32_arp4.S.o

Compiling .pioenvs\s400-scale\managed_components\espressif__esp-dsp\modules\fir\float\dsps_fir_f32_ansi.c.o

Compiling .pioenvs\s400-scale\managed_components\espressif__esp-dsp\modules\fir\float\dsps_fir_init_f32.c.o

Compiling .pioenvs\s400-scale\managed_components\espressif__esp-dsp\modules\fir\float\dsps_fird_f32_ansi.c.o

Compiling .pioenvs\s400-scale\managed_components\espressif__esp-dsp\modules\fir\float\dsps_fird_init_f32.c.o

Compiling .pioenvs\s400-scale\managed_components\espressif__esp-dsp\modules\fir\fixed\dsps_fird_init_s16.c.o

Compiling .pioenvs\s400-scale\managed_components\espressif__esp-dsp\modules\fir\fixed\dsps_fird_s16_ansi.c.o

Compiling .pioenvs\s400-scale\managed_components\espressif__esp-dsp\modules\fir\fixed\dsps_fird_s16_ae32.S.o

Compiling .pioenvs\s400-scale\managed_components\espressif__esp-dsp\modules\fir\fixed\dsps_fir_s16_m_ae32.S.o

Compiling .pioenvs\s400-scale\managed_components\espressif__esp-dsp\modules\fir\fixed\dsps_fird_s16_aes3.S.o

Compiling .pioenvs\s400-scale\managed_components\espressif__esp-dsp\modules\fir\fixed\dsps_fird_s16_arp4.S.o

Compiling .pioenvs\s400-scale\managed_components\espressif__esp-dsp\modules\fir\float\dsps_firmr_init_f32.c.o

Compiling .pioenvs\s400-scale\managed_components\espressif__esp-dsp\modules\fir\float\dsps_firmr_f32_ansi.c.o

Compiling .pioenvs\s400-scale\managed_components\espressif__esp-dsp\modules\fir\fixed\dsps_firmr_init_s16.c.o

Compiling .pioenvs\s400-scale\managed_components\espressif__esp-dsp\modules\fir\fixed\dsps_firmr_s16_ansi.c.o

Compiling .pioenvs\s400-scale\managed_components\espressif__esp-dsp\modules\fir\resampler\dsps_resampler_mr.c.o

Compiling .pioenvs\s400-scale\managed_components\espressif__esp-dsp\modules\fir\resampler\dsps_resampler_ph.c.o

Compiling .pioenvs\s400-scale\managed_components\espressif__esp-dsp\modules\kalman\ekf\common\ekf.cpp.o

Compiling .pioenvs\s400-scale\managed_components\espressif__esp-dsp\modules\kalman\ekf_imu13states\ekf_imu13states.cpp.o

Compiling .pioenvs\s400-scale\managed_components\espressif__esp-modbus\freemodbus\common\esp_modbus_master.c.o

Compiling .pioenvs\s400-scale\managed_components\espressif__esp-modbus\freemodbus\common\esp_modbus_slave.c.o

Compiling .pioenvs\s400-scale\managed_components\espressif__esp-modbus\freemodbus\modbus\mb.c.o

Compiling .pioenvs\s400-scale\managed_components\espressif__esp-modbus\freemodbus\modbus\mb_m.c.o

Compiling .pioenvs\s400-scale\managed_components\espressif__esp-modbus\freemodbus\modbus\ascii\mbascii.c.o

Compiling .pioenvs\s400-scale\managed_components\espressif__esp-modbus\freemodbus\modbus\ascii\mbascii_m.c.o

Compiling .pioenvs\s400-scale\managed_components\espressif__esp-modbus\freemodbus\modbus\rtu\mbrtu_m.c.o

Compiling .pioenvs\s400-scale\managed_components\espressif__esp-modbus\freemodbus\modbus\rtu\mbrtu.c.o

Compiling .pioenvs\s400-scale\managed_components\espressif__esp-modbus\freemodbus\modbus\rtu\mbcrc.c.o

Compiling .pioenvs\s400-scale\managed_components\espressif__esp-modbus\freemodbus\modbus\tcp\mbtcp.c.o

Compiling .pioenvs\s400-scale\managed_components\espressif__esp-modbus\freemodbus\modbus\tcp\mbtcp_m.c.o

Compiling .pioenvs\s400-scale\managed_components\espressif__esp-modbus\freemodbus\port\port.c.o

Compiling .pioenvs\s400-scale\managed_components\espressif__esp-modbus\freemodbus\port\portevent.c.o

Compiling .pioenvs\s400-scale\managed_components\espressif__esp-modbus\freemodbus\port\portevent_m.c.o

Compiling .pioenvs\s400-scale\managed_components\espressif__esp-modbus\freemodbus\port\portother.c.o

Compiling .pioenvs\s400-scale\managed_components\espressif__esp-modbus\freemodbus\port\portother_m.c.o

Compiling .pioenvs\s400-scale\managed_components\espressif__esp-modbus\freemodbus\port\portserial.c.o

Compiling .pioenvs\s400-scale\managed_components\espressif__esp-modbus\freemodbus\port\portserial_m.c.o

Compiling .pioenvs\s400-scale\managed_components\espressif__esp-modbus\freemodbus\port\porttimer.c.o

Compiling .pioenvs\s400-scale\managed_components\espressif__esp-modbus\freemodbus\port\porttimer_m.c.o

Compiling .pioenvs\s400-scale\managed_components\espressif__esp-modbus\freemodbus\modbus\functions\mbfunccoils.c.o

Compiling .pioenvs\s400-scale\managed_components\espressif__esp-modbus\freemodbus\modbus\functions\mbfunccoils_m.c.o

Compiling .pioenvs\s400-scale\managed_components\espressif__esp-modbus\freemodbus\modbus\functions\mbfuncdiag.c.o

Compiling .pioenvs\s400-scale\managed_components\espressif__esp-modbus\freemodbus\modbus\functions\mbfuncdisc.c.o

Compiling .pioenvs\s400-scale\managed_components\espressif__esp-modbus\freemodbus\modbus\functions\mbfuncdisc_m.c.o

Compiling .pioenvs\s400-scale\managed_components\espressif__esp-modbus\freemodbus\modbus\functions\mbfuncholding.c.o

Compiling .pioenvs\s400-scale\managed_components\espressif__esp-modbus\freemodbus\modbus\functions\mbfuncholding_m.c.o

Archiving .pioenvs\s400-scale\esp-idf\espressif__esp-dsp\libespressif__esp-dsp.a

Compiling .pioenvs\s400-scale\managed_components\espressif__esp-modbus\freemodbus\modbus\functions\mbfuncinput.c.o

Compiling .pioenvs\s400-scale\managed_components\espressif__esp-modbus\freemodbus\modbus\functions\mbfuncinput_m.c.o

Compiling .pioenvs\s400-scale\managed_components\espressif__esp-modbus\freemodbus\modbus\functions\mbfuncother.c.o

Compiling .pioenvs\s400-scale\managed_components\espressif__esp-modbus\freemodbus\modbus\functions\mbutils.c.o

Compiling .pioenvs\s400-scale\managed_components\espressif__esp-modbus\freemodbus\serial_slave\modbus_controller\mbc_serial_slave.c.o

Indexing .pioenvs\s400-scale\esp-idf\espressif__esp-dsp\libespressif__esp-dsp.a

Compiling .pioenvs\s400-scale\managed_components\espressif__esp-modbus\freemodbus\serial_master\modbus_controller\mbc_serial_master.c.o

Compiling .pioenvs\s400-scale\managed_components\espressif__esp-modbus\freemodbus\tcp_slave\port\port_tcp_slave.c.o

Compiling .pioenvs\s400-scale\managed_components\espressif__esp-modbus\freemodbus\tcp_slave\modbus_controller\mbc_tcp_slave.c.o

Compiling .pioenvs\s400-scale\managed_components\espressif__esp-modbus\freemodbus\tcp_master\modbus_controller\mbc_tcp_master.c.o

Compiling .pioenvs\s400-scale\managed_components\espressif__esp-modbus\freemodbus\tcp_master\port\port_tcp_master.c.o

Compiling .pioenvs\s400-scale\managed_components\espressif__esp-modbus\freemodbus\common\esp_modbus_master_tcp.c.o

Compiling .pioenvs\s400-scale\managed_components\espressif__esp-modbus\freemodbus\common\esp_modbus_slave_tcp.c.o

Compiling .pioenvs\s400-scale\managed_components\espressif__esp-modbus\freemodbus\common\esp_modbus_master_serial.c.o

Compiling .pioenvs\s400-scale\managed_components\espressif__esp-modbus\freemodbus\common\esp_modbus_slave_serial.c.o

Compiling .pioenvs\s400-scale\managed_components\espressif__esp-serial-flasher\src\esp_loader.c.o

Compiling .pioenvs\s400-scale\managed_components\espressif__esp-serial-flasher\src\esp_targets.c.o

Compiling .pioenvs\s400-scale\managed_components\espressif__esp-serial-flasher\src\md5_hash.c.o

Compiling .pioenvs\s400-scale\managed_components\espressif__esp-serial-flasher\src\protocol.c.o

Compiling .pioenvs\s400-scale\managed_components\espressif__esp-serial-flasher\src\slip.c.o

Compiling .pioenvs\s400-scale\managed_components\espressif__esp-serial-flasher\port\esp32_port.c.o

Compiling .pioenvs\s400-scale\managed_components\espressif__esp_diag_data_store\src\esp_diag_data_store.c.o

Compiling .pioenvs\s400-scale\managed_components\espressif__esp_diag_data_store\src\rtc_store\rtc_store.c.o

Compiling .pioenvs\s400-scale\managed_components\espressif__esp_diagnostics\src\esp_diagnostics_log_hook.c.o

Compiling .pioenvs\s400-scale\managed_components\espressif__esp_diagnostics\src\esp_diagnostics_utils.c.o

Compiling .pioenvs\s400-scale\managed_components\espressif__esp_diagnostics\src\esp_diagnostics_metrics.c.o

Compiling .pioenvs\s400-scale\managed_components\espressif__esp_diagnostics\src\esp_diagnostics_heap_metrics.c.o

Compiling .pioenvs\s400-scale\managed_components\espressif__esp_diagnostics\src\esp_diagnostics_wifi_metrics.c.o

Compiling .pioenvs\s400-scale\managed_components\espressif__esp_diagnostics\src\esp_diagnostics_variables.c.o

Compiling .pioenvs\s400-scale\managed_components\espressif__esp_diagnostics\src\esp_diagnostics_network_variables.c.o

Compiling .pioenvs\s400-scale\managed_components\espressif__esp_insights\src\esp_insights.c.o

Archiving .pioenvs\s400-scale\esp-idf\espressif__esp-modbus\libespressif__esp-modbus.a

Compiling .pioenvs\s400-scale\managed_components\espressif__esp_insights\src\esp_insights_transport.c.o

Archiving .pioenvs\s400-scale\esp-idf\espressif__esp-serial-flasher\libespressif__esp-serial-flasher.a

In file included from C:\Users\Mads2\Documents\Projects\Projects\Xiaomi S400 Body Data\.esphome\build\s400-scale\managed_components\espressif__esp_diagnostics\src\esp_diagnostics_utils.c:52:

C:\Users\Mads2\.platformio\packages\framework-espidf\components\freertos\esp_additions\include/freertos/task_snapshot.h:8:2: warning: #warning freertos/task_snapshot.h header is no longer used, and will be removed in future versions. [-Wcpp]

    8 | #warning freertos/task_snapshot.h header is no longer used, and will be removed in future versions.

      |  ^~~~~~~
Archiving .pioenvs\s400-scale\esp-idf\espressif__esp_diag_data_store\libespressif__esp_diag_data_store.a

Compiling .pioenvs\s400-scale\managed_components\espressif__esp_insights\src\esp_insights_client_data.c.o

Compiling .pioenvs\s400-scale\managed_components\espressif__esp_insights\src\esp_insights_encoder.c.o

Compiling .pioenvs\s400-scale\managed_components\espressif__esp_insights\src\esp_insights_cmd_resp.c.o

Compiling .pioenvs\s400-scale\managed_components\espressif__esp_insights\src\esp_insights_cbor_decoder.c.o

Compiling .pioenvs\s400-scale\managed_components\espressif__esp_insights\src\esp_insights_cbor_encoder.c.o

Indexing .pioenvs\s400-scale\esp-idf\espressif__esp-serial-flasher\libespressif__esp-serial-flasher.a

Indexing .pioenvs\s400-scale\esp-idf\espressif__esp-modbus\libespressif__esp-modbus.a

Indexing .pioenvs\s400-scale\esp-idf\espressif__esp_diag_data_store\libespressif__esp_diag_data_store.a

Compiling .pioenvs\s400-scale\.pioenvs\s400-scale\https_server.crt.S.o

Archiving .pioenvs\s400-scale\esp-idf\espressif__esp_diagnostics\libespressif__esp_diagnostics.a

Compiling .pioenvs\s400-scale\managed_components\espressif__esp_insights\src\transport\esp_insights_https.c.o

Indexing .pioenvs\s400-scale\esp-idf\espressif__esp_diagnostics\libespressif__esp_diagnostics.a

Compiling .pioenvs\s400-scale\managed_components\espressif__esp_modem\src\esp_modem_primitives_freertos.cpp.o

Compiling .pioenvs\s400-scale\managed_components\espressif__esp_modem\src\esp_modem_api_target.cpp.o

Compiling .pioenvs\s400-scale\managed_components\espressif__esp_modem\src\esp_modem_uart.cpp.o

Compiling .pioenvs\s400-scale\managed_components\espressif__esp_modem\src\esp_modem_term_uart.cpp.o

Compiling .pioenvs\s400-scale\managed_components\espressif__esp_modem\src\esp_modem_netif.cpp.o

Compiling .pioenvs\s400-scale\managed_components\espressif__esp_modem\src\esp_modem_dte.cpp.o

Compiling .pioenvs\s400-scale\managed_components\espressif__esp_modem\src\esp_modem_dce.cpp.o

Compiling .pioenvs\s400-scale\managed_components\espressif__esp_modem\src\esp_modem_api.cpp.o

Compiling .pioenvs\s400-scale\managed_components\espressif__esp_modem\src\esp_modem_c_api.cpp.o

Compiling .pioenvs\s400-scale\managed_components\espressif__esp_modem\src\esp_modem_factory.cpp.o

Compiling .pioenvs\s400-scale\managed_components\espressif__esp_modem\src\esp_modem_cmux.cpp.o

Archiving .pioenvs\s400-scale\esp-idf\espressif__esp_insights\libespressif__esp_insights.a

Indexing .pioenvs\s400-scale\esp-idf\espressif__esp_insights\libespressif__esp_insights.a

Compiling .pioenvs\s400-scale\managed_components\espressif__esp_modem\src\esp_modem_command_library.cpp.o

Compiling .pioenvs\s400-scale\managed_components\espressif__esp_modem\src\esp_modem_term_fs.cpp.o

Compiling .pioenvs\s400-scale\managed_components\espressif__esp_modem\src\esp_modem_vfs_uart_creator.cpp.o

Compiling .pioenvs\s400-scale\managed_components\espressif__esp_modem\src\esp_modem_vfs_socket_creator.cpp.o

Compiling .pioenvs\s400-scale\managed_components\espressif__esp_modem\src\esp_modem_modules.cpp.o

Compiling .pioenvs\s400-scale\managed_components\espressif__esp_rainmaker\src\core\esp_rmaker_core.c.o

Compiling .pioenvs\s400-scale\managed_components\espressif__esp_rainmaker\src\core\esp_rmaker_node.c.o

Compiling .pioenvs\s400-scale\managed_components\espressif__esp_rainmaker\src\core\esp_rmaker_device.c.o

Compiling .pioenvs\s400-scale\managed_components\espressif__esp_rainmaker\src\core\esp_rmaker_param.c.o

Compiling .pioenvs\s400-scale\managed_components\espressif__esp_rainmaker\src\core\esp_rmaker_node_config.c.o

Compiling .pioenvs\s400-scale\managed_components\espressif__esp_rainmaker\src\core\esp_rmaker_client_data.c.o

Compiling .pioenvs\s400-scale\managed_components\espressif__esp_rainmaker\src\core\esp_rmaker_time_service.c.o

Compiling .pioenvs\s400-scale\managed_components\espressif__esp_rainmaker\src\core\esp_rmaker_system_service.c.o

Compiling .pioenvs\s400-scale\managed_components\espressif__esp_rainmaker\src\core\esp_rmaker_user_mapping.pb-c.c.o

Compiling .pioenvs\s400-scale\managed_components\espressif__esp_rainmaker\src\core\esp_rmaker_user_mapping.c.o

Compiling .pioenvs\s400-scale\managed_components\espressif__esp_rainmaker\src\core\esp_rmaker_node_auth.c.o

Compiling .pioenvs\s400-scale\managed_components\espressif__esp_rainmaker\src\core\esp_rmaker_schedule.c.o

Compiling .pioenvs\s400-scale\managed_components\espressif__esp_rainmaker\src\core\esp_rmaker_scenes.c.o

Compiling .pioenvs\s400-scale\managed_components\espressif__esp_rainmaker\src\core\esp_rmaker_cmd_resp_manager.c.o

Compiling .pioenvs\s400-scale\managed_components\espressif__esp_rainmaker\src\core\esp_rmaker_secure_boot_digest.c.o

Compiling .pioenvs\s400-scale\managed_components\espressif__esp_rainmaker\src\core\esp_rmaker_claim.c.o

Compiling .pioenvs\s400-scale\managed_components\espressif__esp_rainmaker\src\core\esp_rmaker_claim.pb-c.c.o

Compiling .pioenvs\s400-scale\managed_components\espressif__esp_rainmaker\src\mqtt\esp_rmaker_mqtt.c.o

Compiling .pioenvs\s400-scale\managed_components\espressif__esp_rainmaker\src\mqtt\esp_rmaker_mqtt_budget.c.o

Archiving .pioenvs\s400-scale\esp-idf\espressif__esp_modem\libespressif__esp_modem.a

Compiling .pioenvs\s400-scale\managed_components\espressif__esp_rainmaker\src\ota\esp_rmaker_ota.c.o

Compiling .pioenvs\s400-scale\managed_components\espressif__esp_rainmaker\src\ota\esp_rmaker_ota_using_params.c.o

Compiling .pioenvs\s400-scale\managed_components\espressif__esp_rainmaker\src\ota\esp_rmaker_ota_using_topics.c.o

Compiling .pioenvs\s400-scale\managed_components\espressif__esp_rainmaker\src\standard_types\esp_rmaker_standard_params.c.o

Indexing .pioenvs\s400-scale\esp-idf\espressif__esp_modem\libespressif__esp_modem.a

Compiling .pioenvs\s400-scale\managed_components\espressif__esp_rainmaker\src\standard_types\esp_rmaker_standard_devices.c.o

Compiling .pioenvs\s400-scale\managed_components\espressif__esp_rainmaker\src\standard_types\esp_rmaker_standard_services.c.o

Compiling .pioenvs\s400-scale\managed_components\espressif__esp_rainmaker\src\console\esp_rmaker_console.c.o

Compiling .pioenvs\s400-scale\managed_components\espressif__esp_rainmaker\src\console\esp_rmaker_commands.c.o

Compiling .pioenvs\s400-scale\.pioenvs\s400-scale\rmaker_mqtt_server.crt.S.o

Compiling .pioenvs\s400-scale\.pioenvs\s400-scale\rmaker_claim_service_server.crt.S.o

Compiling .pioenvs\s400-scale\.pioenvs\s400-scale\rmaker_ota_server.crt.S.o

Compiling .pioenvs\s400-scale\managed_components\espressif__esp_rcp_update\src\esp_rcp_update.c.o

Compiling .pioenvs\s400-scale\managed_components\espressif__esp_schedule\src\esp_schedule.c.o

Compiling .pioenvs\s400-scale\managed_components\espressif__esp_schedule\src\esp_schedule_nvs.c.o

Compiling .pioenvs\s400-scale\managed_components\espressif__esp_secure_cert_mgr\srcs\esp_secure_cert_tlv_read.c.o

Compiling .pioenvs\s400-scale\managed_components\espressif__esp_secure_cert_mgr\srcs\esp_secure_cert_crypto.c.o

Compiling .pioenvs\s400-scale\managed_components\espressif__esp_secure_cert_mgr\srcs\esp_secure_cert_tlv_write.c.o

Compiling .pioenvs\s400-scale\managed_components\espressif__json_generator\src\json_generator.c.o

Compiling .pioenvs\s400-scale\managed_components\espressif__json_parser\src\json_parser.c.o

Compiling .pioenvs\s400-scale\managed_components\espressif__lan867x\src\esp_eth_phy_lan867x.c.o

Archiving .pioenvs\s400-scale\esp-idf\espressif__esp_rainmaker\libespressif__esp_rainmaker.a

Compiling .pioenvs\s400-scale\managed_components\espressif__lan86xx_common\src\esp_eth_phy_lan86xx.c.o

Compiling .pioenvs\s400-scale\managed_components\espressif__libsodium\libsodium\src\libsodium\crypto_aead\chacha20poly1305\aead_chacha20poly1305.c.o

Indexing .pioenvs\s400-scale\esp-idf\espressif__esp_rainmaker\libespressif__esp_rainmaker.a

Compiling .pioenvs\s400-scale\managed_components\espressif__libsodium\libsodium\src\libsodium\crypto_aead\xchacha20poly1305\aead_xchacha20poly1305.c.o

Archiving .pioenvs\s400-scale\esp-idf\espressif__esp_rcp_update\libespressif__esp_rcp_update.a

Compiling .pioenvs\s400-scale\managed_components\espressif__libsodium\libsodium\src\libsodium\crypto_aead\aegis256\aead_aegis256.c.o

Archiving .pioenvs\s400-scale\esp-idf\espressif__json_generator\libespressif__json_generator.a

Compiling .pioenvs\s400-scale\managed_components\espressif__libsodium\libsodium\src\libsodium\crypto_aead\aegis256\aegis256_soft.c.o

Archiving .pioenvs\s400-scale\esp-idf\espressif__esp_schedule\libespressif__esp_schedule.a

Archiving .pioenvs\s400-scale\esp-idf\espressif__lan867x\libespressif__lan867x.a

Archiving .pioenvs\s400-scale\esp-idf\espressif__json_parser\libespressif__json_parser.a

Indexing .pioenvs\s400-scale\esp-idf\espressif__esp_rcp_update\libespressif__esp_rcp_update.a

Compiling .pioenvs\s400-scale\managed_components\espressif__libsodium\libsodium\src\libsodium\crypto_aead\aegis128l\aead_aegis128l.c.o

Indexing .pioenvs\s400-scale\esp-idf\espressif__json_generator\libespressif__json_generator.a

Archiving .pioenvs\s400-scale\esp-idf\espressif__esp_secure_cert_mgr\libespressif__esp_secure_cert_mgr.a

Indexing .pioenvs\s400-scale\esp-idf\espressif__esp_schedule\libespressif__esp_schedule.a

Indexing .pioenvs\s400-scale\esp-idf\espressif__json_parser\libespressif__json_parser.a

Indexing .pioenvs\s400-scale\esp-idf\espressif__lan867x\libespressif__lan867x.a

Archiving .pioenvs\s400-scale\esp-idf\espressif__lan86xx_common\libespressif__lan86xx_common.a

Compiling .pioenvs\s400-scale\managed_components\espressif__libsodium\libsodium\src\libsodium\crypto_aead\aegis128l\aegis128l_soft.c.o

Compiling .pioenvs\s400-scale\managed_components\espressif__libsodium\libsodium\src\libsodium\crypto_auth\crypto_auth.c.o

Compiling .pioenvs\s400-scale\managed_components\espressif__libsodium\libsodium\src\libsodium\crypto_auth\hmacsha256\auth_hmacsha256.c.o

Compiling .pioenvs\s400-scale\managed_components\espressif__libsodium\libsodium\src\libsodium\crypto_auth\hmacsha512\auth_hmacsha512.c.o

Compiling .pioenvs\s400-scale\managed_components\espressif__libsodium\libsodium\src\libsodium\crypto_auth\hmacsha512256\auth_hmacsha512256.c.o

Compiling .pioenvs\s400-scale\managed_components\espressif__libsodium\libsodium\src\libsodium\crypto_box\crypto_box.c.o

Indexing .pioenvs\s400-scale\esp-idf\espressif__esp_secure_cert_mgr\libespressif__esp_secure_cert_mgr.a

Compiling .pioenvs\s400-scale\managed_components\espressif__libsodium\libsodium\src\libsodium\crypto_box\crypto_box_easy.c.o

Indexing .pioenvs\s400-scale\esp-idf\espressif__lan86xx_common\libespressif__lan86xx_common.a

Compiling .pioenvs\s400-scale\managed_components\espressif__libsodium\libsodium\src\libsodium\crypto_box\crypto_box_seal.c.o

Compiling .pioenvs\s400-scale\managed_components\espressif__libsodium\libsodium\src\libsodium\crypto_box\curve25519xchacha20poly1305\box_curve25519xchacha20poly1305.c.o

Compiling .pioenvs\s400-scale\managed_components\espressif__libsodium\libsodium\src\libsodium\crypto_box\curve25519xchacha20poly1305\box_seal_curve25519xchacha20poly1305.c.o

Compiling .pioenvs\s400-scale\managed_components\espressif__libsodium\libsodium\src\libsodium\crypto_box\curve25519xsalsa20poly1305\box_curve25519xsalsa20poly1305.c.o

Compiling .pioenvs\s400-scale\managed_components\espressif__libsodium\libsodium\src\libsodium\crypto_core\ed25519\core_ed25519.c.o

Compiling .pioenvs\s400-scale\managed_components\espressif__libsodium\libsodium\src\libsodium\crypto_core\ed25519\core_ristretto255.c.o

Compiling .pioenvs\s400-scale\managed_components\espressif__libsodium\libsodium\src\libsodium\crypto_core\ed25519\ref10\ed25519_ref10.c.o

Compiling .pioenvs\s400-scale\managed_components\espressif__libsodium\libsodium\src\libsodium\crypto_core\hchacha20\core_hchacha20.c.o

Compiling .pioenvs\s400-scale\managed_components\espressif__libsodium\libsodium\src\libsodium\crypto_core\hsalsa20\core_hsalsa20.c.o

Compiling .pioenvs\s400-scale\managed_components\espressif__libsodium\libsodium\src\libsodium\crypto_core\hsalsa20\ref2\core_hsalsa20_ref2.c.o

Compiling .pioenvs\s400-scale\managed_components\espressif__libsodium\libsodium\src\libsodium\crypto_core\keccak1600\keccak1600.c.o

Compiling .pioenvs\s400-scale\managed_components\espressif__libsodium\libsodium\src\libsodium\crypto_core\keccak1600\ref\keccak1600_ref.c.o

Compiling .pioenvs\s400-scale\managed_components\espressif__libsodium\libsodium\src\libsodium\crypto_core\salsa\ref\core_salsa_ref.c.o

Compiling .pioenvs\s400-scale\managed_components\espressif__libsodium\libsodium\src\libsodium\crypto_core\softaes\softaes.c.o

Compiling .pioenvs\s400-scale\managed_components\espressif__libsodium\libsodium\src\libsodium\crypto_generichash\blake2b\generichash_blake2.c.o

Compiling .pioenvs\s400-scale\managed_components\espressif__libsodium\libsodium\src\libsodium\crypto_generichash\blake2b\ref\blake2b-compress-avx2.c.o

Compiling .pioenvs\s400-scale\managed_components\espressif__libsodium\libsodium\src\libsodium\crypto_generichash\blake2b\ref\blake2b-compress-ref.c.o

Compiling .pioenvs\s400-scale\managed_components\espressif__libsodium\libsodium\src\libsodium\crypto_generichash\blake2b\ref\blake2b-compress-ssse3.c.o

Compiling .pioenvs\s400-scale\managed_components\espressif__libsodium\libsodium\src\libsodium\crypto_generichash\blake2b\ref\blake2b-ref.c.o

Compiling .pioenvs\s400-scale\managed_components\espressif__libsodium\libsodium\src\libsodium\crypto_generichash\blake2b\ref\generichash_blake2b.c.o

Compiling .pioenvs\s400-scale\managed_components\espressif__libsodium\libsodium\src\libsodium\crypto_generichash\crypto_generichash.c.o

Compiling .pioenvs\s400-scale\managed_components\espressif__libsodium\libsodium\src\libsodium\crypto_ipcrypt\crypto_ipcrypt.c.o

Compiling .pioenvs\s400-scale\managed_components\espressif__libsodium\libsodium\src\libsodium\crypto_ipcrypt\ipcrypt_soft.c.o

Compiling .pioenvs\s400-scale\managed_components\espressif__libsodium\libsodium\src\libsodium\crypto_hash\crypto_hash.c.o

Compiling .pioenvs\s400-scale\managed_components\espressif__libsodium\libsodium\src\libsodium\crypto_hash\sha256\hash_sha256.c.o

Compiling .pioenvs\s400-scale\managed_components\espressif__libsodium\libsodium\src\libsodium\crypto_hash\sha512\hash_sha512.c.o

Compiling .pioenvs\s400-scale\managed_components\espressif__libsodium\libsodium\src\libsodium\crypto_hash\sha3\hash_sha3.c.o

Compiling .pioenvs\s400-scale\managed_components\espressif__libsodium\libsodium\src\libsodium\crypto_kdf\blake2b\kdf_blake2b.c.o

Compiling .pioenvs\s400-scale\managed_components\espressif__libsodium\libsodium\src\libsodium\crypto_kdf\crypto_kdf.c.o

Compiling .pioenvs\s400-scale\managed_components\espressif__libsodium\libsodium\src\libsodium\crypto_kdf\hkdf\kdf_hkdf_sha256.c.o

Compiling .pioenvs\s400-scale\managed_components\espressif__libsodium\libsodium\src\libsodium\crypto_kdf\hkdf\kdf_hkdf_sha512.c.o

Compiling .pioenvs\s400-scale\managed_components\espressif__libsodium\libsodium\src\libsodium\crypto_kem\crypto_kem.c.o

Compiling .pioenvs\s400-scale\managed_components\espressif__libsodium\libsodium\src\libsodium\crypto_kem\mlkem768\kem_mlkem768.c.o

Compiling .pioenvs\s400-scale\managed_components\espressif__libsodium\libsodium\src\libsodium\crypto_kem\mlkem768\ref\kem_mlkem768_ref.c.o

Compiling .pioenvs\s400-scale\managed_components\espressif__libsodium\libsodium\src\libsodium\crypto_kem\xwing\kem_xwing.c.o

Compiling .pioenvs\s400-scale\managed_components\espressif__libsodium\libsodium\src\libsodium\crypto_kx\crypto_kx.c.o

Compiling .pioenvs\s400-scale\managed_components\espressif__libsodium\libsodium\src\libsodium\crypto_onetimeauth\crypto_onetimeauth.c.o

Compiling .pioenvs\s400-scale\managed_components\espressif__libsodium\libsodium\src\libsodium\crypto_onetimeauth\poly1305\donna\poly1305_donna.c.o

Compiling .pioenvs\s400-scale\managed_components\espressif__libsodium\libsodium\src\libsodium\crypto_onetimeauth\poly1305\onetimeauth_poly1305.c.o

Compiling .pioenvs\s400-scale\managed_components\espressif__libsodium\libsodium\src\libsodium\crypto_pwhash\argon2\argon2-core.c.o

Compiling .pioenvs\s400-scale\managed_components\espressif__libsodium\libsodium\src\libsodium\crypto_pwhash\argon2\argon2-encoding.c.o

Compiling .pioenvs\s400-scale\managed_components\espressif__libsodium\libsodium\src\libsodium\crypto_pwhash\argon2\argon2-fill-block-avx2.c.o

Compiling .pioenvs\s400-scale\managed_components\espressif__libsodium\libsodium\src\libsodium\crypto_pwhash\argon2\argon2-fill-block-avx512f.c.o

Compiling .pioenvs\s400-scale\managed_components\espressif__libsodium\libsodium\src\libsodium\crypto_pwhash\argon2\argon2-fill-block-ref.c.o

Compiling .pioenvs\s400-scale\managed_components\espressif__libsodium\libsodium\src\libsodium\crypto_pwhash\argon2\argon2-fill-block-ssse3.c.o

Compiling .pioenvs\s400-scale\managed_components\espressif__libsodium\libsodium\src\libsodium\crypto_pwhash\argon2\argon2.c.o

Compiling .pioenvs\s400-scale\managed_components\espressif__libsodium\libsodium\src\libsodium\crypto_pwhash\argon2\blake2b-long.c.o

Compiling .pioenvs\s400-scale\managed_components\espressif__libsodium\libsodium\src\libsodium\crypto_pwhash\argon2\pwhash_argon2i.c.o

Compiling .pioenvs\s400-scale\managed_components\espressif__libsodium\libsodium\src\libsodium\crypto_pwhash\argon2\pwhash_argon2id.c.o

Compiling .pioenvs\s400-scale\managed_components\espressif__libsodium\libsodium\src\libsodium\crypto_pwhash\crypto_pwhash.c.o

Compiling .pioenvs\s400-scale\managed_components\espressif__libsodium\libsodium\src\libsodium\crypto_pwhash\scryptsalsa208sha256\crypto_scrypt-common.c.o

Compiling .pioenvs\s400-scale\managed_components\espressif__libsodium\libsodium\src\libsodium\crypto_pwhash\scryptsalsa208sha256\nosse\pwhash_scryptsalsa208sha256_nosse.c.o

Compiling .pioenvs\s400-scale\managed_components\espressif__libsodium\libsodium\src\libsodium\crypto_pwhash\scryptsalsa208sha256\pbkdf2-sha256.c.o

Compiling .pioenvs\s400-scale\managed_components\espressif__libsodium\libsodium\src\libsodium\crypto_pwhash\scryptsalsa208sha256\pwhash_scryptsalsa208sha256.c.o

Compiling .pioenvs\s400-scale\managed_components\espressif__libsodium\libsodium\src\libsodium\crypto_pwhash\scryptsalsa208sha256\scrypt_platform.c.o

Compiling .pioenvs\s400-scale\managed_components\espressif__libsodium\libsodium\src\libsodium\crypto_scalarmult\crypto_scalarmult.c.o

Compiling .pioenvs\s400-scale\managed_components\espressif__libsodium\libsodium\src\libsodium\crypto_scalarmult\curve25519\ref10\x25519_ref10.c.o

Compiling .pioenvs\s400-scale\managed_components\espressif__libsodium\libsodium\src\libsodium\crypto_scalarmult\curve25519\sandy2x\consts.S.o

Compiling .pioenvs\s400-scale\managed_components\espressif__libsodium\libsodium\src\libsodium\crypto_scalarmult\curve25519\sandy2x\curve25519_sandy2x.c.o

Compiling .pioenvs\s400-scale\managed_components\espressif__libsodium\libsodium\src\libsodium\crypto_scalarmult\curve25519\sandy2x\fe51_invert.c.o

Compiling .pioenvs\s400-scale\managed_components\espressif__libsodium\libsodium\src\libsodium\crypto_scalarmult\curve25519\sandy2x\fe51_mul.S.o

Compiling .pioenvs\s400-scale\managed_components\espressif__libsodium\libsodium\src\libsodium\crypto_scalarmult\curve25519\sandy2x\fe51_nsquare.S.o

Compiling .pioenvs\s400-scale\managed_components\espressif__libsodium\libsodium\src\libsodium\crypto_scalarmult\curve25519\sandy2x\fe51_pack.S.o

Compiling .pioenvs\s400-scale\managed_components\espressif__libsodium\libsodium\src\libsodium\crypto_scalarmult\curve25519\sandy2x\fe_frombytes_sandy2x.c.o

Compiling .pioenvs\s400-scale\managed_components\espressif__libsodium\libsodium\src\libsodium\crypto_scalarmult\curve25519\sandy2x\ladder.S.o

Compiling .pioenvs\s400-scale\managed_components\espressif__libsodium\libsodium\src\libsodium\crypto_scalarmult\curve25519\sandy2x\sandy2x.S.o

Compiling .pioenvs\s400-scale\managed_components\espressif__libsodium\libsodium\src\libsodium\crypto_scalarmult\curve25519\scalarmult_curve25519.c.o

Compiling .pioenvs\s400-scale\managed_components\espressif__libsodium\libsodium\src\libsodium\crypto_scalarmult\ed25519\ref10\scalarmult_ed25519_ref10.c.o

Compiling .pioenvs\s400-scale\managed_components\espressif__libsodium\libsodium\src\libsodium\crypto_scalarmult\ristretto255\ref10\scalarmult_ristretto255_ref10.c.o

Compiling .pioenvs\s400-scale\managed_components\espressif__libsodium\libsodium\src\libsodium\crypto_secretbox\crypto_secretbox.c.o

Compiling .pioenvs\s400-scale\managed_components\espressif__libsodium\libsodium\src\libsodium\crypto_secretbox\crypto_secretbox_easy.c.o

Compiling .pioenvs\s400-scale\managed_components\espressif__libsodium\libsodium\src\libsodium\crypto_secretbox\xchacha20poly1305\secretbox_xchacha20poly1305.c.o

Compiling .pioenvs\s400-scale\managed_components\espressif__libsodium\libsodium\src\libsodium\crypto_secretbox\xsalsa20poly1305\secretbox_xsalsa20poly1305.c.o

Compiling .pioenvs\s400-scale\managed_components\espressif__libsodium\libsodium\src\libsodium\crypto_secretstream\xchacha20poly1305\secretstream_xchacha20poly1305.c.o

Compiling .pioenvs\s400-scale\managed_components\espressif__libsodium\libsodium\src\libsodium\crypto_shorthash\crypto_shorthash.c.o

Compiling .pioenvs\s400-scale\managed_components\espressif__libsodium\libsodium\src\libsodium\crypto_shorthash\siphash24\ref\shorthash_siphash24_ref.c.o

Compiling .pioenvs\s400-scale\managed_components\espressif__libsodium\libsodium\src\libsodium\crypto_shorthash\siphash24\ref\shorthash_siphashx24_ref.c.o

Compiling .pioenvs\s400-scale\managed_components\espressif__libsodium\libsodium\src\libsodium\crypto_shorthash\siphash24\shorthash_siphash24.c.o

Compiling .pioenvs\s400-scale\managed_components\espressif__libsodium\libsodium\src\libsodium\crypto_shorthash\siphash24\shorthash_siphashx24.c.o

Compiling .pioenvs\s400-scale\managed_components\espressif__libsodium\libsodium\src\libsodium\crypto_sign\crypto_sign.c.o

Compiling .pioenvs\s400-scale\managed_components\espressif__libsodium\libsodium\src\libsodium\crypto_sign\ed25519\ref10\keypair.c.o

Compiling .pioenvs\s400-scale\managed_components\espressif__libsodium\libsodium\src\libsodium\crypto_sign\ed25519\ref10\obsolete.c.o

Compiling .pioenvs\s400-scale\managed_components\espressif__libsodium\libsodium\src\libsodium\crypto_sign\ed25519\ref10\open.c.o

Compiling .pioenvs\s400-scale\managed_components\espressif__libsodium\libsodium\src\libsodium\crypto_sign\ed25519\ref10\sign.c.o

Compiling .pioenvs\s400-scale\managed_components\espressif__libsodium\libsodium\src\libsodium\crypto_sign\ed25519\sign_ed25519.c.o

Compiling .pioenvs\s400-scale\managed_components\espressif__libsodium\libsodium\src\libsodium\crypto_stream\chacha20\dolbeau\chacha20_dolbeau-avx2.c.o

Compiling .pioenvs\s400-scale\managed_components\espressif__libsodium\libsodium\src\libsodium\crypto_stream\chacha20\dolbeau\chacha20_dolbeau-ssse3.c.o

Compiling .pioenvs\s400-scale\managed_components\espressif__libsodium\libsodium\src\libsodium\crypto_stream\chacha20\ref\chacha20_ref.c.o

Compiling .pioenvs\s400-scale\managed_components\espressif__libsodium\libsodium\src\libsodium\crypto_stream\chacha20\stream_chacha20.c.o

Compiling .pioenvs\s400-scale\managed_components\espressif__libsodium\libsodium\src\libsodium\crypto_stream\crypto_stream.c.o

Compiling .pioenvs\s400-scale\managed_components\espressif__libsodium\libsodium\src\libsodium\crypto_stream\salsa20\ref\salsa20_ref.c.o

Compiling .pioenvs\s400-scale\managed_components\espressif__libsodium\libsodium\src\libsodium\crypto_stream\salsa20\stream_salsa20.c.o

Compiling .pioenvs\s400-scale\managed_components\espressif__libsodium\libsodium\src\libsodium\crypto_stream\salsa20\xmm6\salsa20_xmm6-asm.S.o

Compiling .pioenvs\s400-scale\managed_components\espressif__libsodium\libsodium\src\libsodium\crypto_stream\salsa20\xmm6\salsa20_xmm6.c.o

Compiling .pioenvs\s400-scale\managed_components\espressif__libsodium\libsodium\src\libsodium\crypto_stream\salsa20\xmm6int\salsa20_xmm6int-avx2.c.o

Compiling .pioenvs\s400-scale\managed_components\espressif__libsodium\libsodium\src\libsodium\crypto_stream\salsa20\xmm6int\salsa20_xmm6int-sse2.c.o

Compiling .pioenvs\s400-scale\managed_components\espressif__libsodium\libsodium\src\libsodium\crypto_stream\salsa2012\ref\stream_salsa2012_ref.c.o

Compiling .pioenvs\s400-scale\managed_components\espressif__libsodium\libsodium\src\libsodium\crypto_stream\salsa2012\stream_salsa2012.c.o

Compiling .pioenvs\s400-scale\managed_components\espressif__libsodium\libsodium\src\libsodium\crypto_stream\salsa208\ref\stream_salsa208_ref.c.o

Compiling .pioenvs\s400-scale\managed_components\espressif__libsodium\libsodium\src\libsodium\crypto_stream\salsa208\stream_salsa208.c.o

Compiling .pioenvs\s400-scale\managed_components\espressif__libsodium\libsodium\src\libsodium\crypto_stream\xchacha20\stream_xchacha20.c.o

Compiling .pioenvs\s400-scale\managed_components\espressif__libsodium\libsodium\src\libsodium\crypto_stream\xsalsa20\stream_xsalsa20.c.o

Compiling .pioenvs\s400-scale\managed_components\espressif__libsodium\libsodium\src\libsodium\crypto_verify\verify.c.o

Compiling .pioenvs\s400-scale\managed_components\espressif__libsodium\libsodium\src\libsodium\crypto_xof\shake128\xof_shake128.c.o

Compiling .pioenvs\s400-scale\managed_components\espressif__libsodium\libsodium\src\libsodium\crypto_xof\shake128\ref\shake128_ref.c.o

Compiling .pioenvs\s400-scale\managed_components\espressif__libsodium\libsodium\src\libsodium\crypto_xof\shake256\xof_shake256.c.o

Compiling .pioenvs\s400-scale\managed_components\espressif__libsodium\libsodium\src\libsodium\crypto_xof\shake256\ref\shake256_ref.c.o

Compiling .pioenvs\s400-scale\managed_components\espressif__libsodium\libsodium\src\libsodium\crypto_xof\turboshake128\xof_turboshake128.c.o

Compiling .pioenvs\s400-scale\managed_components\espressif__libsodium\libsodium\src\libsodium\crypto_xof\turboshake128\ref\turboshake128_ref.c.o

Compiling .pioenvs\s400-scale\managed_components\espressif__libsodium\libsodium\src\libsodium\crypto_xof\turboshake256\xof_turboshake256.c.o

Compiling .pioenvs\s400-scale\managed_components\espressif__libsodium\libsodium\src\libsodium\crypto_xof\turboshake256\ref\turboshake256_ref.c.o

Compiling .pioenvs\s400-scale\managed_components\espressif__libsodium\libsodium\src\libsodium\randombytes\randombytes.c.o

Compiling .pioenvs\s400-scale\managed_components\espressif__libsodium\libsodium\src\libsodium\sodium\codecs.c.o

Compiling .pioenvs\s400-scale\managed_components\espressif__libsodium\libsodium\src\libsodium\sodium\core.c.o

Compiling .pioenvs\s400-scale\managed_components\espressif__libsodium\libsodium\src\libsodium\sodium\runtime.c.o

Compiling .pioenvs\s400-scale\managed_components\espressif__libsodium\libsodium\src\libsodium\sodium\utils.c.o

Compiling .pioenvs\s400-scale\managed_components\espressif__libsodium\libsodium\src\libsodium\sodium\version.c.o

Compiling .pioenvs\s400-scale\managed_components\espressif__libsodium\port\randombytes_esp32.c.o

Compiling .pioenvs\s400-scale\managed_components\espressif__libsodium\port\crypto_hash_mbedtls\crypto_hash_sha256_mbedtls.c.o

Compiling .pioenvs\s400-scale\managed_components\espressif__libsodium\port\crypto_hash_mbedtls\crypto_hash_sha512_mbedtls.c.o

Compiling .pioenvs\s400-scale\managed_components\espressif__mdns\mdns_responder.c.o

Compiling .pioenvs\s400-scale\managed_components\espressif__mdns\mdns_receive.c.o

Archiving .pioenvs\s400-scale\esp-idf\espressif__libsodium\libespressif__libsodium.a

Compiling .pioenvs\s400-scale\managed_components\espressif__mdns\mdns_utils.c.o

Compiling .pioenvs\s400-scale\managed_components\espressif__mdns\mdns_debug.c.o

Compiling .pioenvs\s400-scale\managed_components\espressif__mdns\mdns_browser.c.o

Compiling .pioenvs\s400-scale\managed_components\espressif__mdns\mdns_send.c.o

Compiling .pioenvs\s400-scale\managed_components\espressif__mdns\mdns_netif.c.o

Compiling .pioenvs\s400-scale\managed_components\espressif__mdns\mdns_querier.c.o

Compiling .pioenvs\s400-scale\managed_components\espressif__mdns\mdns_pcb.c.o

Compiling .pioenvs\s400-scale\managed_components\espressif__mdns\mdns_service.c.o

Compiling .pioenvs\s400-scale\managed_components\espressif__mdns\mdns_mem_caps.c.o

Indexing .pioenvs\s400-scale\esp-idf\espressif__libsodium\libespressif__libsodium.a

Compiling .pioenvs\s400-scale\managed_components\espressif__mdns\mdns_networking_lwip.c.o

Compiling .pioenvs\s400-scale\managed_components\espressif__mdns\mdns_console.c.o

Compiling .pioenvs\s400-scale\managed_components\espressif__network_provisioning\src\network_config.c.o

Compiling .pioenvs\s400-scale\managed_components\espressif__network_provisioning\src\network_scan.c.o

Compiling .pioenvs\s400-scale\managed_components\espressif__network_provisioning\src\network_ctrl.c.o

Compiling .pioenvs\s400-scale\managed_components\espressif__network_provisioning\src\manager.c.o

Compiling .pioenvs\s400-scale\managed_components\espressif__network_provisioning\src\handlers.c.o

Compiling .pioenvs\s400-scale\managed_components\espressif__network_provisioning\src\scheme_console.c.o

Compiling .pioenvs\s400-scale\managed_components\espressif__network_provisioning\proto-c\network_config.pb-c.c.o

Compiling .pioenvs\s400-scale\managed_components\espressif__network_provisioning\proto-c\network_scan.pb-c.c.o

Compiling .pioenvs\s400-scale\managed_components\espressif__network_provisioning\proto-c\network_ctrl.pb-c.c.o

Compiling .pioenvs\s400-scale\managed_components\espressif__network_provisioning\proto-c\network_constants.pb-c.c.o

Compiling .pioenvs\s400-scale\managed_components\espressif__network_provisioning\src\scheme_softap.c.o

Compiling .pioenvs\s400-scale\managed_components\espressif__network_provisioning\src\scheme_ble.c.o

Compiling .pioenvs\s400-scale\managed_components\espressif__qrcode\esp_qrcode_main.c.o

Compiling .pioenvs\s400-scale\managed_components\espressif__qrcode\esp_qrcode_wrapper.c.o

Archiving .pioenvs\s400-scale\esp-idf\espressif__mdns\libespressif__mdns.a

Compiling .pioenvs\s400-scale\managed_components\espressif__qrcode\qrcodegen.c.o

Compiling .pioenvs\s400-scale\managed_components\espressif__rmaker_common\src\work_queue.c.o

Indexing .pioenvs\s400-scale\esp-idf\espressif__mdns\libespressif__mdns.a

Compiling .pioenvs\s400-scale\managed_components\espressif__rmaker_common\src\factory.c.o

Compiling .pioenvs\s400-scale\managed_components\espressif__rmaker_common\src\time.c.o

Compiling .pioenvs\s400-scale\managed_components\espressif__rmaker_common\src\timezone.c.o

Compiling .pioenvs\s400-scale\managed_components\espressif__rmaker_common\src\utils.c.o

Compiling .pioenvs\s400-scale\managed_components\espressif__rmaker_common\src\cmd_resp.c.o

Compiling .pioenvs\s400-scale\managed_components\espressif__rmaker_common\src\console\rmaker_common_cmds.c.o

Compiling .pioenvs\s400-scale\managed_components\espressif__rmaker_common\src\console\rmaker_console.c.o

Compiling .pioenvs\s400-scale\managed_components\espressif__rmaker_common\src\esp-mqtt\esp-mqtt-glue.c.o

Compiling .pioenvs\s400-scale\managed_components\espressif__rmaker_common\src\create_APN3_PPI_string.c.o

Archiving .pioenvs\s400-scale\esp-idf\espressif__network_provisioning\libespressif__network_provisioning.a

Compiling .pioenvs\s400-scale\fatfs\diskio\diskio.c.o

Compiling .pioenvs\s400-scale\fatfs\diskio\diskio_rawflash.c.o

Indexing .pioenvs\s400-scale\esp-idf\espressif__network_provisioning\libespressif__network_provisioning.a

Compiling .pioenvs\s400-scale\fatfs\diskio\diskio_wl.c.o

Archiving .pioenvs\s400-scale\esp-idf\espressif__qrcode\libespressif__qrcode.a

Compiling .pioenvs\s400-scale\fatfs\src\ff.c.o

Compiling .pioenvs\s400-scale\fatfs\src\ffunicode.c.o

Compiling .pioenvs\s400-scale\fatfs\port\freertos\ffsystem.c.o

Compiling .pioenvs\s400-scale\fatfs\diskio\diskio_sdmmc.c.o

Indexing .pioenvs\s400-scale\esp-idf\espressif__qrcode\libespressif__qrcode.a

Compiling .pioenvs\s400-scale\fatfs\vfs\vfs_fat.c.o

Compiling .pioenvs\s400-scale\fatfs\vfs\vfs_fat_sdmmc.c.o

Compiling .pioenvs\s400-scale\fatfs\vfs\vfs_fat_spiflash.c.o

Compiling .pioenvs\s400-scale\base64.cpp.o

Archiving .pioenvs\s400-scale\esp-idf\espressif__rmaker_common\libespressif__rmaker_common.a

Compiling .pioenvs\s400-scale\cbuf.cpp.o

Compiling .pioenvs\s400-scale\ColorFormat.c.o

Indexing .pioenvs\s400-scale\esp-idf\espressif__rmaker_common\libespressif__rmaker_common.a

Compiling .pioenvs\s400-scale\chip-debug-report.cpp.o

Compiling .pioenvs\s400-scale\esp32-hal-adc.c.o

Compiling .pioenvs\s400-scale\esp32-hal-bt.c.o

Compiling .pioenvs\s400-scale\esp32-hal-cpu.c.o

Archiving .pioenvs\s400-scale\esp-idf\fatfs\libfatfs.a

Compiling .pioenvs\s400-scale\esp32-hal-dac.c.o

Compiling .pioenvs\s400-scale\esp32-hal-gpio.c.o

Compiling .pioenvs\s400-scale\esp32-hal-hosted.c.o

Compiling .pioenvs\s400-scale\esp32-hal-i2c.c.o

Indexing .pioenvs\s400-scale\esp-idf\fatfs\libfatfs.a

Compiling .pioenvs\s400-scale\esp32-hal-i2c-ng.c.o

Compiling .pioenvs\s400-scale\esp32-hal-i2c-slave.c.o

Compiling .pioenvs\s400-scale\esp32-hal-ledc.c.o

Compiling .pioenvs\s400-scale\esp32-hal-matrix.c.o

Compiling .pioenvs\s400-scale\esp32-hal-misc.c.o

Compiling .pioenvs\s400-scale\esp32-hal-periman.c.o

Compiling .pioenvs\s400-scale\esp32-hal-psram.c.o

Compiling .pioenvs\s400-scale\esp32-hal-rgb-led.c.o

Compiling .pioenvs\s400-scale\esp32-hal-sigmadelta.c.o

Compiling .pioenvs\s400-scale\esp32-hal-spi.c.o

Compiling .pioenvs\s400-scale\esp32-hal-time.c.o

Compiling .pioenvs\s400-scale\esp32-hal-timer.c.o

Compiling .pioenvs\s400-scale\esp32-hal-tinyusb.c.o

Compiling .pioenvs\s400-scale\esp32-hal-touch.c.o

Compiling .pioenvs\s400-scale\esp32-hal-touch-ng.c.o

Compiling .pioenvs\s400-scale\esp32-hal-uart.c.o

Compiling .pioenvs\s400-scale\esp32-hal-rmt.c.o

Compiling .pioenvs\s400-scale\Esp.cpp.o

Compiling .pioenvs\s400-scale\freertos_stats.cpp.o

Compiling .pioenvs\s400-scale\FunctionalInterrupt.cpp.o

Compiling .pioenvs\s400-scale\HardwareSerial.cpp.o

Compiling .pioenvs\s400-scale\HashBuilder.cpp.o

Compiling .pioenvs\s400-scale\HEXBuilder.cpp.o

Compiling .pioenvs\s400-scale\IPAddress.cpp.o

Compiling .pioenvs\s400-scale\cdecode.c.o

Compiling .pioenvs\s400-scale\cencode.c.o

Compiling .pioenvs\s400-scale\MacAddress.cpp.o

Compiling .pioenvs\s400-scale\main.cpp.o

Compiling .pioenvs\s400-scale\MD5Builder.cpp.o

Compiling .pioenvs\s400-scale\Print.cpp.o

Compiling .pioenvs\s400-scale\stdlib_noniso.c.o

Compiling .pioenvs\s400-scale\Stream.cpp.o

Compiling .pioenvs\s400-scale\StreamString.cpp.o

Compiling .pioenvs\s400-scale\Tone.cpp.o

Compiling .pioenvs\s400-scale\HWCDC.cpp.o

Compiling .pioenvs\s400-scale\USB.cpp.o

Compiling .pioenvs\s400-scale\USBCDC.cpp.o

Compiling .pioenvs\s400-scale\USBMSC.cpp.o

Compiling .pioenvs\s400-scale\FirmwareMSC.cpp.o

Compiling .pioenvs\s400-scale\firmware_msc_fat.c.o

Compiling .pioenvs\s400-scale\wiring_pulse.c.o

Compiling .pioenvs\s400-scale\wiring_shift.c.o

Compiling .pioenvs\s400-scale\WMath.cpp.o

Compiling .pioenvs\s400-scale\WString.cpp.o

Compiling .pioenvs\s400-scale\ArduinoOTA.cpp.o

Compiling .pioenvs\s400-scale\AsyncUDP.cpp.o

Compiling .pioenvs\s400-scale\BLE2901.cpp.o

Compiling .pioenvs\s400-scale\BLE2902.cpp.o

Compiling .pioenvs\s400-scale\BLE2904.cpp.o

Compiling .pioenvs\s400-scale\BLEAddress.cpp.o

Compiling .pioenvs\s400-scale\BLEAdvertisedDevice.cpp.o

Compiling .pioenvs\s400-scale\BLEAdvertising.cpp.o

Compiling .pioenvs\s400-scale\BLEBeacon.cpp.o

Compiling .pioenvs\s400-scale\BLECharacteristic.cpp.o

Compiling .pioenvs\s400-scale\BLECharacteristicMap.cpp.o

Compiling .pioenvs\s400-scale\BLEClient.cpp.o

Compiling .pioenvs\s400-scale\BLEDescriptor.cpp.o

Compiling .pioenvs\s400-scale\BLEDescriptorMap.cpp.o

Compiling .pioenvs\s400-scale\BLEDevice.cpp.o

Compiling .pioenvs\s400-scale\BLEEddystoneTLM.cpp.o

Compiling .pioenvs\s400-scale\BLEEddystoneURL.cpp.o

Compiling .pioenvs\s400-scale\BLEExceptions.cpp.o

Compiling .pioenvs\s400-scale\BLEHIDDevice.cpp.o

Compiling .pioenvs\s400-scale\BLERemoteCharacteristic.cpp.o

Compiling .pioenvs\s400-scale\BLERemoteDescriptor.cpp.o

Compiling .pioenvs\s400-scale\BLERemoteService.cpp.o

Compiling .pioenvs\s400-scale\BLEScan.cpp.o

Compiling .pioenvs\s400-scale\BLESecurity.cpp.o

Compiling .pioenvs\s400-scale\BLEServer.cpp.o

Compiling .pioenvs\s400-scale\BLEService.cpp.o

Compiling .pioenvs\s400-scale\BLEServiceMap.cpp.o

Compiling .pioenvs\s400-scale\BLEUtils.cpp.o

Compiling .pioenvs\s400-scale\BLEUUID.cpp.o

Compiling .pioenvs\s400-scale\BLEValue.cpp.o

Compiling .pioenvs\s400-scale\FreeRTOS.cpp.o

Compiling .pioenvs\s400-scale\GeneralUtils.cpp.o

Compiling .pioenvs\s400-scale\BluetoothSerial.cpp.o

Compiling .pioenvs\s400-scale\BTAddress.cpp.o

Compiling .pioenvs\s400-scale\BTAdvertisedDeviceSet.cpp.o

Compiling .pioenvs\s400-scale\BTScanResultsSet.cpp.o

Compiling .pioenvs\s400-scale\DNSServer.cpp.o

Compiling .pioenvs\s400-scale\EEPROM.cpp.o

Compiling .pioenvs\s400-scale\ESP_I2S.cpp.o

Compiling .pioenvs\s400-scale\ESP32_NOW.cpp.o

Compiling .pioenvs\s400-scale\ESP32_NOW_Serial.cpp.o

Compiling .pioenvs\s400-scale\ESP_SR.cpp.o

Compiling .pioenvs\s400-scale\esp32-hal-sr.c.o

Compiling .pioenvs\s400-scale\ESPmDNS.cpp.o

Compiling .pioenvs\s400-scale\ETH.cpp.o

Compiling .pioenvs\s400-scale\FFat.cpp.o

Compiling .pioenvs\s400-scale\FS.cpp.o

Compiling .pioenvs\s400-scale\vfs_api.cpp.o

Compiling .pioenvs\s400-scale\SHA1Builder.cpp.o

Compiling .pioenvs\s400-scale\SHA2Builder.cpp.o

Compiling .pioenvs\s400-scale\SHA3Builder.cpp.o

Compiling .pioenvs\s400-scale\PBKDF2_HMACBuilder.cpp.o

Compiling .pioenvs\s400-scale\HTTPClient.cpp.o

Compiling .pioenvs\s400-scale\HTTPUpdate.cpp.o

Compiling .pioenvs\s400-scale\Insights.cpp.o

Compiling .pioenvs\s400-scale\LittleFS.cpp.o

Compiling .pioenvs\s400-scale\MatterGenericSwitch.cpp.o

Compiling .pioenvs\s400-scale\MatterOnOffLight.cpp.o

Compiling .pioenvs\s400-scale\MatterDimmableLight.cpp.o

Compiling .pioenvs\s400-scale\MatterColorTemperatureLight.cpp.o

Compiling .pioenvs\s400-scale\MatterColorLight.cpp.o

Compiling .pioenvs\s400-scale\MatterEnhancedColorLight.cpp.o

Compiling .pioenvs\s400-scale\MatterFan.cpp.o

Compiling .pioenvs\s400-scale\MatterTemperatureSensor.cpp.o

Compiling .pioenvs\s400-scale\MatterHumiditySensor.cpp.o

Compiling .pioenvs\s400-scale\MatterContactSensor.cpp.o

Compiling .pioenvs\s400-scale\MatterPressureSensor.cpp.o

Compiling .pioenvs\s400-scale\MatterOccupancySensor.cpp.o

Compiling .pioenvs\s400-scale\MatterOnOffPlugin.cpp.o

Compiling .pioenvs\s400-scale\MatterThermostat.cpp.o

Compiling .pioenvs\s400-scale\Matter.cpp.o

Compiling .pioenvs\s400-scale\MatterEndPoint.cpp.o

Compiling .pioenvs\s400-scale\NetBIOS.cpp.o

Compiling .pioenvs\s400-scale\NetworkInterface.cpp.o

Compiling .pioenvs\s400-scale\NetworkEvents.cpp.o

Compiling .pioenvs\s400-scale\NetworkManager.cpp.o

Compiling .pioenvs\s400-scale\NetworkClient.cpp.o

Compiling .pioenvs\s400-scale\NetworkServer.cpp.o

Compiling .pioenvs\s400-scale\NetworkUdp.cpp.o

Compiling .pioenvs\s400-scale\OThread.cpp.o

Compiling .pioenvs\s400-scale\OThreadCLI.cpp.o

Compiling .pioenvs\s400-scale\OThreadCLI_Util.cpp.o

Compiling .pioenvs\s400-scale\PPP.cpp.o

Compiling .pioenvs\s400-scale\ppp.c.o

Compiling .pioenvs\s400-scale\Preferences.cpp.o

Compiling .pioenvs\s400-scale\RMaker.cpp.o

Compiling .pioenvs\s400-scale\RMakerNode.cpp.o

Compiling .pioenvs\s400-scale\RMakerParam.cpp.o

Compiling .pioenvs\s400-scale\RMakerDevice.cpp.o

Compiling .pioenvs\s400-scale\RMakerType.cpp.o

Compiling .pioenvs\s400-scale\RMakerQR.cpp.o

Compiling .pioenvs\s400-scale\RMakerUtils.cpp.o

Compiling .pioenvs\s400-scale\AppInsights.cpp.o

Compiling .pioenvs\s400-scale\SD_MMC.cpp.o

Compiling .pioenvs\s400-scale\SD.cpp.o

Compiling .pioenvs\s400-scale\sd_diskio.cpp.o

Compiling .pioenvs\s400-scale\sd_diskio_crc.c.o

Compiling .pioenvs\s400-scale\SimpleBLE.cpp.o

Compiling .pioenvs\s400-scale\SPIFFS.cpp.o

Compiling .pioenvs\s400-scale\SPI.cpp.o

Compiling .pioenvs\s400-scale\Ticker.cpp.o

Compiling .pioenvs\s400-scale\Updater.cpp.o

Compiling .pioenvs\s400-scale\HttpsOTAUpdate.cpp.o

Compiling .pioenvs\s400-scale\USBHID.cpp.o

Compiling .pioenvs\s400-scale\USBMIDI.cpp.o

Compiling .pioenvs\s400-scale\USBHIDMouse.cpp.o

Compiling .pioenvs\s400-scale\USBHIDKeyboard.cpp.o

Compiling .pioenvs\s400-scale\KeyboardLayout_da_DK.cpp.o

Compiling .pioenvs\s400-scale\KeyboardLayout_de_DE.cpp.o

Compiling .pioenvs\s400-scale\KeyboardLayout_en_US.cpp.o

Compiling .pioenvs\s400-scale\KeyboardLayout_es_ES.cpp.o

Compiling .pioenvs\s400-scale\KeyboardLayout_fr_FR.cpp.o

Compiling .pioenvs\s400-scale\KeyboardLayout_hu_HU.cpp.o

Compiling .pioenvs\s400-scale\KeyboardLayout_it_IT.cpp.o

Compiling .pioenvs\s400-scale\KeyboardLayout_pt_BR.cpp.o

Compiling .pioenvs\s400-scale\KeyboardLayout_pt_PT.cpp.o

Compiling .pioenvs\s400-scale\KeyboardLayout_sv_SE.cpp.o

Compiling .pioenvs\s400-scale\USBHIDGamepad.cpp.o

Compiling .pioenvs\s400-scale\USBHIDConsumerControl.cpp.o

Compiling .pioenvs\s400-scale\USBHIDSystemControl.cpp.o

Compiling .pioenvs\s400-scale\USBHIDVendor.cpp.o

Compiling .pioenvs\s400-scale\USBVendor.cpp.o

Compiling .pioenvs\s400-scale\WebServer.cpp.o

Compiling .pioenvs\s400-scale\Parsing.cpp.o

Compiling .pioenvs\s400-scale\mimetable.cpp.o

Compiling .pioenvs\s400-scale\MiddlewareChain.cpp.o

Compiling .pioenvs\s400-scale\AuthenticationMiddleware.cpp.o

Compiling .pioenvs\s400-scale\CorsMiddleware.cpp.o

Compiling .pioenvs\s400-scale\LoggingMiddleware.cpp.o

Compiling .pioenvs\s400-scale\ssl_client.cpp.o

Compiling .pioenvs\s400-scale\NetworkClientSecure.cpp.o

Compiling .pioenvs\s400-scale\WiFiAP.cpp.o

Compiling .pioenvs\s400-scale\WiFi.cpp.o

Compiling .pioenvs\s400-scale\WiFiGeneric.cpp.o

Compiling .pioenvs\s400-scale\WiFiMulti.cpp.o

Compiling .pioenvs\s400-scale\WiFiScan.cpp.o

C:/Users/Mads2/.platformio/packages/framework-arduinoespressif32/libraries/WebServer/src/WebServer.cpp: In member function 'void WebServer::chunkResponseEnd()':

C:/Users/Mads2/.platformio/packages/framework-arduinoespressif32/libraries/WebServer/src/WebServer.cpp:616:23: warning: 'virtual void NetworkClient::flush()' is deprecated: Use clear() instead. [-Wdeprecated-declarations]

  616 |   _chunkedClient.flush();

      |   ~~~~~~~~~~~~~~~~~~~~^~
In file included from C:/Users/Mads2/.platformio/packages/framework-arduinoespressif32/libraries/Network/src/NetworkServer.h:23,

                 from C:/Users/Mads2/.platformio/packages/framework-arduinoespressif32/libraries/WebServer/src/WebServer.cpp:28:

C:/Users/Mads2/.platformio/packages/framework-arduinoespressif32/libraries/Network/src/NetworkClient.h:61:8: note: declared here

   61 |   void flush();  // Print::flush tx

      |        ^~~~~
Compiling .pioenvs\s400-scale\WiFiSTA.cpp.o

Compiling .pioenvs\s400-scale\STA.cpp.o

Compiling .pioenvs\s400-scale\AP.cpp.o

Compiling .pioenvs\s400-scale\WiFiProv.cpp.o

Compiling .pioenvs\s400-scale\Wire.cpp.o

Compiling .pioenvs\s400-scale\ZigbeeCore.cpp.o

Compiling .pioenvs\s400-scale\ZigbeeEP.cpp.o

Compiling .pioenvs\s400-scale\ZigbeeHandlers.cpp.o

Compiling .pioenvs\s400-scale\ZigbeeColorDimmableLight.cpp.o

Compiling .pioenvs\s400-scale\ZigbeeColorDimmerSwitch.cpp.o

Compiling .pioenvs\s400-scale\ZigbeeDimmableLight.cpp.o

Compiling .pioenvs\s400-scale\ZigbeeLight.cpp.o

Compiling .pioenvs\s400-scale\ZigbeeSwitch.cpp.o

Compiling .pioenvs\s400-scale\ZigbeeTempSensor.cpp.o

Compiling .pioenvs\s400-scale\ZigbeeThermostat.cpp.o

Compiling .pioenvs\s400-scale\ZigbeeFlowSensor.cpp.o

Compiling .pioenvs\s400-scale\ZigbeePressureSensor.cpp.o

Compiling .pioenvs\s400-scale\ZigbeeOccupancySensor.cpp.o

Compiling .pioenvs\s400-scale\ZigbeeCarbonDioxideSensor.cpp.o

Compiling .pioenvs\s400-scale\ZigbeeContactSwitch.cpp.o

Compiling .pioenvs\s400-scale\ZigbeeDoorWindowHandle.cpp.o

Compiling .pioenvs\s400-scale\ZigbeeWindowCovering.cpp.o

Compiling .pioenvs\s400-scale\ZigbeeVibrationSensor.cpp.o

Compiling .pioenvs\s400-scale\ZigbeeAnalog.cpp.o

Compiling .pioenvs\s400-scale\ZigbeeRangeExtender.cpp.o

Compiling .pioenvs\s400-scale\ZigbeeGateway.cpp.o

Compiling .pioenvs\s400-scale\ZigbeeWindSpeedSensor.cpp.o

Compiling .pioenvs\s400-scale\ZigbeeIlluminanceSensor.cpp.o

Compiling .pioenvs\s400-scale\ZigbeePM25Sensor.cpp.o

Compiling .pioenvs\s400-scale\ZigbeeElectricalMeasurement.cpp.o

Compiling .pioenvs\s400-scale\ZigbeeBinary.cpp.o

Compiling .pioenvs\s400-scale\ZigbeePowerOutlet.cpp.o

Compiling .pioenvs\s400-scale\ZigbeeFanControl.cpp.o

Compiling .pioenvs\s400-scale\ZigbeeMultistate.cpp.o

Compiling .pioenvs\s400-scale\freertos\heap_idf.c.o

Compiling .pioenvs\s400-scale\freertos\app_startup.c.o

Compiling .pioenvs\s400-scale\freertos\port_common.c.o

Compiling .pioenvs\s400-scale\freertos\port_systick.c.o

Compiling .pioenvs\s400-scale\freertos\FreeRTOS-Kernel\list.c.o

Compiling .pioenvs\s400-scale\freertos\FreeRTOS-Kernel\queue.c.o

Compiling .pioenvs\s400-scale\freertos\FreeRTOS-Kernel\tasks.c.o

Compiling .pioenvs\s400-scale\freertos\FreeRTOS-Kernel\timers.c.o

Compiling .pioenvs\s400-scale\freertos\FreeRTOS-Kernel\event_groups.c.o

Compiling .pioenvs\s400-scale\freertos\FreeRTOS-Kernel\stream_buffer.c.o

Compiling .pioenvs\s400-scale\freertos\FreeRTOS-Kernel\portable\xtensa\port.c.o

Compiling .pioenvs\s400-scale\freertos\FreeRTOS-Kernel\portable\xtensa\portasm.S.o

Compiling .pioenvs\s400-scale\freertos\FreeRTOS-Kernel\portable\xtensa\xtensa_init.c.o

Compiling .pioenvs\s400-scale\freertos\FreeRTOS-Kernel\portable\xtensa\xtensa_overlay_os_hook.c.o

Compiling .pioenvs\s400-scale\freertos\esp_additions\freertos_compatibility.c.o

Archiving .pioenvs\s400-scale\esp-idf\framework-arduinoespressif32\libframework-arduinoespressif32.a

Compiling .pioenvs\s400-scale\freertos\esp_additions\idf_additions_event_groups.c.o

Compiling .pioenvs\s400-scale\freertos\esp_additions\idf_additions.c.o

Compiling .pioenvs\s400-scale\hal\hal_utils.c.o

Compiling .pioenvs\s400-scale\hal\mpu_hal.c.o

Compiling .pioenvs\s400-scale\hal\efuse_hal.c.o

Compiling .pioenvs\s400-scale\hal\esp32\efuse_hal.c.o

Compiling .pioenvs\s400-scale\hal\wdt_hal_iram.c.o

Compiling .pioenvs\s400-scale\hal\mmu_hal.c.o

Compiling .pioenvs\s400-scale\hal\esp32\cache_hal_esp32.c.o

Compiling .pioenvs\s400-scale\hal\color_hal.c.o

Compiling .pioenvs\s400-scale\hal\spi_flash_hal.c.o

Indexing .pioenvs\s400-scale\esp-idf\framework-arduinoespressif32\libframework-arduinoespressif32.a

Compiling .pioenvs\s400-scale\hal\spi_flash_hal_iram.c.o

Compiling .pioenvs\s400-scale\hal\spi_flash_encrypt_hal_iram.c.o

Compiling .pioenvs\s400-scale\hal\esp32\clk_tree_hal.c.o

Archiving .pioenvs\s400-scale\esp-idf\freertos\libfreertos.a

Compiling .pioenvs\s400-scale\hal\uart_hal.c.o

Compiling .pioenvs\s400-scale\hal\uart_hal_iram.c.o

Compiling .pioenvs\s400-scale\hal\gpio_hal.c.o

Compiling .pioenvs\s400-scale\hal\rtc_io_hal.c.o

Compiling .pioenvs\s400-scale\hal\timer_hal.c.o

Indexing .pioenvs\s400-scale\esp-idf\freertos\libfreertos.a

Compiling .pioenvs\s400-scale\hal\ledc_hal.c.o

Compiling .pioenvs\s400-scale\hal\ledc_hal_iram.c.o

Compiling .pioenvs\s400-scale\hal\i2c_hal.c.o

Compiling .pioenvs\s400-scale\hal\i2c_hal_iram.c.o

Compiling .pioenvs\s400-scale\hal\rmt_hal.c.o

Compiling .pioenvs\s400-scale\hal\pcnt_hal.c.o

Compiling .pioenvs\s400-scale\hal\mcpwm_hal.c.o

Compiling .pioenvs\s400-scale\hal\twai_hal_sja1000.c.o

Compiling .pioenvs\s400-scale\hal\i2s_hal.c.o

Compiling .pioenvs\s400-scale\hal\sdm_hal.c.o

Compiling .pioenvs\s400-scale\hal\sdmmc_hal.c.o

Compiling .pioenvs\s400-scale\hal\emac_hal.c.o

Compiling .pioenvs\s400-scale\hal\adc_hal_common.c.o

Compiling .pioenvs\s400-scale\hal\adc_oneshot_hal.c.o

Compiling .pioenvs\s400-scale\hal\adc_hal.c.o

Compiling .pioenvs\s400-scale\hal\mpi_hal.c.o

Compiling .pioenvs\s400-scale\hal\sha_hal.c.o

Compiling .pioenvs\s400-scale\hal\aes_hal.c.o

Compiling .pioenvs\s400-scale\hal\brownout_hal.c.o

Compiling .pioenvs\s400-scale\hal\spi_hal.c.o

Compiling .pioenvs\s400-scale\hal\spi_hal_iram.c.o

Compiling .pioenvs\s400-scale\hal\spi_slave_hal.c.o

Compiling .pioenvs\s400-scale\hal\spi_slave_hal_iram.c.o

Compiling .pioenvs\s400-scale\hal\sdio_slave_hal.c.o

Compiling .pioenvs\s400-scale\hal\esp32\touch_sensor_hal.c.o

Compiling .pioenvs\s400-scale\hal\touch_sensor_hal.c.o

Compiling .pioenvs\s400-scale\hal\touch_sens_hal.c.o

Compiling .pioenvs\s400-scale\hal\esp32\gpio_hal_workaround.c.o

Compiling .pioenvs\s400-scale\heap\heap_caps_base.c.o

Compiling .pioenvs\s400-scale\heap\heap_caps.c.o

Compiling .pioenvs\s400-scale\heap\heap_caps_init.c.o

Compiling .pioenvs\s400-scale\heap\multi_heap.c.o

Compiling .pioenvs\s400-scale\heap\tlsf\tlsf.c.o

Compiling .pioenvs\s400-scale\heap\port\memory_layout_utils.c.o

Compiling .pioenvs\s400-scale\heap\port\esp32\memory_layout.c.o

Compiling .pioenvs\s400-scale\http_parser\http_parser.c.o

Compiling .pioenvs\s400-scale\managed_components\joltwallet__littlefs\src\littlefs\lfs.c.o

Compiling .pioenvs\s400-scale\managed_components\joltwallet__littlefs\src\littlefs\lfs_util.c.o

Compiling .pioenvs\s400-scale\managed_components\joltwallet__littlefs\src\esp_littlefs.c.o

Archiving .pioenvs\s400-scale\esp-idf\hal\libhal.a

Compiling .pioenvs\s400-scale\managed_components\joltwallet__littlefs\src\littlefs_esp_part.c.o

Compiling .pioenvs\s400-scale\managed_components\joltwallet__littlefs\src\lfs_config.c.o

Compiling .pioenvs\s400-scale\json\cJSON\cJSON.c.o

Compiling .pioenvs\s400-scale\json\cJSON\cJSON_Utils.c.o

Compiling .pioenvs\s400-scale\log\src\os\log_timestamp.c.o

Indexing .pioenvs\s400-scale\esp-idf\hal\libhal.a

Compiling .pioenvs\s400-scale\log\src\log_timestamp_common.c.o

Compiling .pioenvs\s400-scale\log\src\os\log_lock.c.o

Compiling .pioenvs\s400-scale\log\src\buffer\log_buffers.c.o

Compiling .pioenvs\s400-scale\log\src\os\util.c.o

Compiling .pioenvs\s400-scale\log\src\util.c.o

Archiving .pioenvs\s400-scale\esp-idf\heap\libheap.a

Compiling .pioenvs\s400-scale\log\src\log_format_text.c.o

Compiling .pioenvs\s400-scale\log\src\log_print.c.o

Compiling .pioenvs\s400-scale\log\src\log.c.o

Compiling .pioenvs\s400-scale\log\src\os\log_write.c.o

Compiling .pioenvs\s400-scale\log\src\log_level\log_level.c.o

Archiving .pioenvs\s400-scale\esp-idf\http_parser\libhttp_parser.a

Indexing .pioenvs\s400-scale\esp-idf\heap\libheap.a

Compiling .pioenvs\s400-scale\log\src\log_level\tag_log_level\tag_log_level.c.o

Archiving .pioenvs\s400-scale\esp-idf\json\libjson.a

Compiling .pioenvs\s400-scale\log\src\log_level\tag_log_level\linked_list\log_linked_list.c.o

Compiling .pioenvs\s400-scale\log\src\log_level\tag_log_level\cache\log_binary_heap.c.o

Indexing .pioenvs\s400-scale\esp-idf\http_parser\libhttp_parser.a

Compiling .pioenvs\s400-scale\lwip\apps\sntp\sntp.c.o

Indexing .pioenvs\s400-scale\esp-idf\json\libjson.a

Compiling .pioenvs\s400-scale\lwip\lwip\src\api\api_lib.c.o

Compiling .pioenvs\s400-scale\lwip\lwip\src\api\api_msg.c.o

Compiling .pioenvs\s400-scale\lwip\lwip\src\api\err.c.o

Archiving .pioenvs\s400-scale\esp-idf\joltwallet__littlefs\libjoltwallet__littlefs.a

Compiling .pioenvs\s400-scale\lwip\lwip\src\api\if_api.c.o

Archiving .pioenvs\s400-scale\esp-idf\log\liblog.a

Compiling .pioenvs\s400-scale\lwip\lwip\src\api\netbuf.c.o

Compiling .pioenvs\s400-scale\lwip\lwip\src\api\netdb.c.o

Compiling .pioenvs\s400-scale\lwip\lwip\src\api\netifapi.c.o

Compiling .pioenvs\s400-scale\lwip\lwip\src\api\sockets.c.o

Compiling .pioenvs\s400-scale\lwip\lwip\src\api\tcpip.c.o

Indexing .pioenvs\s400-scale\esp-idf\joltwallet__littlefs\libjoltwallet__littlefs.a

Indexing .pioenvs\s400-scale\esp-idf\log\liblog.a

Compiling .pioenvs\s400-scale\lwip\lwip\src\apps\sntp\sntp.c.o

Compiling .pioenvs\s400-scale\lwip\lwip\src\apps\netbiosns\netbiosns.c.o

Compiling .pioenvs\s400-scale\lwip\lwip\src\core\def.c.o

Compiling .pioenvs\s400-scale\lwip\lwip\src\core\dns.c.o

Compiling .pioenvs\s400-scale\lwip\lwip\src\core\inet_chksum.c.o

Compiling .pioenvs\s400-scale\lwip\lwip\src\core\init.c.o

Compiling .pioenvs\s400-scale\lwip\lwip\src\core\ip.c.o

Compiling .pioenvs\s400-scale\lwip\lwip\src\core\mem.c.o

Compiling .pioenvs\s400-scale\lwip\lwip\src\core\memp.c.o

Compiling .pioenvs\s400-scale\lwip\lwip\src\core\netif.c.o

Compiling .pioenvs\s400-scale\lwip\lwip\src\core\pbuf.c.o

Compiling .pioenvs\s400-scale\lwip\lwip\src\core\raw.c.o

Compiling .pioenvs\s400-scale\lwip\lwip\src\core\stats.c.o

Compiling .pioenvs\s400-scale\lwip\lwip\src\core\sys.c.o

Compiling .pioenvs\s400-scale\lwip\lwip\src\core\tcp.c.o

Compiling .pioenvs\s400-scale\lwip\lwip\src\core\tcp_in.c.o

Compiling .pioenvs\s400-scale\lwip\lwip\src\core\tcp_out.c.o

Compiling .pioenvs\s400-scale\lwip\lwip\src\core\timeouts.c.o

Compiling .pioenvs\s400-scale\lwip\lwip\src\core\udp.c.o

Compiling .pioenvs\s400-scale\lwip\lwip\src\core\ipv4\autoip.c.o

Compiling .pioenvs\s400-scale\lwip\lwip\src\core\ipv4\dhcp.c.o

Compiling .pioenvs\s400-scale\lwip\lwip\src\core\ipv4\etharp.c.o

Compiling .pioenvs\s400-scale\lwip\lwip\src\core\ipv4\icmp.c.o

Compiling .pioenvs\s400-scale\lwip\lwip\src\core\ipv4\igmp.c.o

Compiling .pioenvs\s400-scale\lwip\lwip\src\core\ipv4\ip4.c.o

Compiling .pioenvs\s400-scale\lwip\lwip\src\core\ipv4\ip4_napt.c.o

Compiling .pioenvs\s400-scale\lwip\lwip\src\core\ipv4\ip4_addr.c.o

Compiling .pioenvs\s400-scale\lwip\lwip\src\core\ipv4\ip4_frag.c.o

Compiling .pioenvs\s400-scale\lwip\lwip\src\core\ipv6\dhcp6.c.o

Compiling .pioenvs\s400-scale\lwip\lwip\src\core\ipv6\ethip6.c.o

Compiling .pioenvs\s400-scale\lwip\lwip\src\core\ipv6\icmp6.c.o

Compiling .pioenvs\s400-scale\lwip\lwip\src\core\ipv6\inet6.c.o

Compiling .pioenvs\s400-scale\lwip\lwip\src\core\ipv6\ip6.c.o

Compiling .pioenvs\s400-scale\lwip\lwip\src\core\ipv6\ip6_addr.c.o

Compiling .pioenvs\s400-scale\lwip\lwip\src\core\ipv6\ip6_frag.c.o

Compiling .pioenvs\s400-scale\lwip\lwip\src\core\ipv6\mld6.c.o

Compiling .pioenvs\s400-scale\lwip\lwip\src\core\ipv6\nd6.c.o

Compiling .pioenvs\s400-scale\lwip\lwip\src\netif\ethernet.c.o

Compiling .pioenvs\s400-scale\lwip\lwip\src\netif\bridgeif.c.o

Compiling .pioenvs\s400-scale\lwip\lwip\src\netif\bridgeif_fdb.c.o

Compiling .pioenvs\s400-scale\lwip\lwip\src\netif\slipif.c.o

Compiling .pioenvs\s400-scale\lwip\lwip\src\netif\ppp\auth.c.o

Compiling .pioenvs\s400-scale\lwip\lwip\src\netif\ppp\ccp.c.o

Compiling .pioenvs\s400-scale\lwip\lwip\src\netif\ppp\chap-md5.c.o

Compiling .pioenvs\s400-scale\lwip\lwip\src\netif\ppp\chap-new.c.o

Compiling .pioenvs\s400-scale\lwip\lwip\src\netif\ppp\chap_ms.c.o

Compiling .pioenvs\s400-scale\lwip\lwip\src\netif\ppp\demand.c.o

Compiling .pioenvs\s400-scale\lwip\lwip\src\netif\ppp\eap.c.o

Compiling .pioenvs\s400-scale\lwip\lwip\src\netif\ppp\ecp.c.o

Compiling .pioenvs\s400-scale\lwip\lwip\src\netif\ppp\eui64.c.o

Compiling .pioenvs\s400-scale\lwip\lwip\src\netif\ppp\fsm.c.o

Compiling .pioenvs\s400-scale\lwip\lwip\src\netif\ppp\ipcp.c.o

Compiling .pioenvs\s400-scale\lwip\lwip\src\netif\ppp\ipv6cp.c.o

Compiling .pioenvs\s400-scale\lwip\lwip\src\netif\ppp\lcp.c.o

Compiling .pioenvs\s400-scale\lwip\lwip\src\netif\ppp\magic.c.o

Compiling .pioenvs\s400-scale\lwip\lwip\src\netif\ppp\mppe.c.o

Compiling .pioenvs\s400-scale\lwip\lwip\src\netif\ppp\multilink.c.o

Compiling .pioenvs\s400-scale\lwip\lwip\src\netif\ppp\ppp.c.o

Compiling .pioenvs\s400-scale\lwip\lwip\src\netif\ppp\pppapi.c.o

Compiling .pioenvs\s400-scale\lwip\lwip\src\netif\ppp\pppcrypt.c.o

Compiling .pioenvs\s400-scale\lwip\lwip\src\netif\ppp\pppoe.c.o

Compiling .pioenvs\s400-scale\lwip\lwip\src\netif\ppp\pppol2tp.c.o

Compiling .pioenvs\s400-scale\lwip\lwip\src\netif\ppp\pppos.c.o

Compiling .pioenvs\s400-scale\lwip\lwip\src\netif\ppp\upap.c.o

Compiling .pioenvs\s400-scale\lwip\lwip\src\netif\ppp\utils.c.o

Compiling .pioenvs\s400-scale\lwip\lwip\src\netif\ppp\vj.c.o

Compiling .pioenvs\s400-scale\lwip\port\hooks\tcp_isn_default.c.o

Compiling .pioenvs\s400-scale\lwip\port\hooks\lwip_default_hooks.c.o

Compiling .pioenvs\s400-scale\lwip\port\debug\lwip_debug.c.o

Compiling .pioenvs\s400-scale\lwip\port\sockets_ext.c.o

Compiling .pioenvs\s400-scale\lwip\port\freertos\sys_arch.c.o

Compiling .pioenvs\s400-scale\lwip\port\if_index.c.o

Compiling .pioenvs\s400-scale\lwip\port\acd_dhcp_check.c.o

Compiling .pioenvs\s400-scale\lwip\port\esp32xx\vfs_lwip.c.o

Compiling .pioenvs\s400-scale\lwip\apps\ping\esp_ping.c.o

Compiling .pioenvs\s400-scale\lwip\apps\ping\ping.c.o

Compiling .pioenvs\s400-scale\lwip\apps\ping\ping_sock.c.o

Compiling .pioenvs\s400-scale\lwip\lwip\src\netif\ppp\polarssl\arc4.c.o

Compiling .pioenvs\s400-scale\lwip\lwip\src\netif\ppp\polarssl\des.c.o

Compiling .pioenvs\s400-scale\lwip\lwip\src\netif\ppp\polarssl\md4.c.o

Compiling .pioenvs\s400-scale\lwip\lwip\src\netif\ppp\polarssl\md5.c.o

Compiling .pioenvs\s400-scale\lwip\lwip\src\netif\ppp\polarssl\sha1.c.o

Compiling .pioenvs\s400-scale\lwip\apps\dhcpserver\dhcpserver.c.o

Compiling .pioenvs\s400-scale\mbedtls\esp_crt_bundle\esp_crt_bundle.c.o

Compiling .pioenvs\s400-scale\.pioenvs\s400-scale\x509_crt_bundle.S.o

Compiling .pioenvs\s400-scale\mqtt\esp-mqtt\mqtt_client.c.o

Compiling .pioenvs\s400-scale\mqtt\esp-mqtt\lib\mqtt_msg.c.o

Compiling .pioenvs\s400-scale\mqtt\esp-mqtt\lib\mqtt_outbox.c.o

Compiling .pioenvs\s400-scale\mqtt\esp-mqtt\lib\platform_esp32_idf.c.o

Compiling .pioenvs\s400-scale\newlib\src\init.c.o

Compiling .pioenvs\s400-scale\newlib\src\abort.c.o

Compiling .pioenvs\s400-scale\newlib\src\assert.c.o

Archiving .pioenvs\s400-scale\esp-idf\mbedtls\libmbedtls.a

Compiling .pioenvs\s400-scale\newlib\src\heap.c.o

Compiling .pioenvs\s400-scale\newlib\src\locks.c.o

Compiling .pioenvs\s400-scale\newlib\src\poll.c.o

Archiving .pioenvs\s400-scale\esp-idf\lwip\liblwip.a

Indexing .pioenvs\s400-scale\esp-idf\mbedtls\libmbedtls.a

Compiling .pioenvs\s400-scale\newlib\src\pthread.c.o

Compiling .pioenvs\s400-scale\newlib\src\random.c.o

Compiling .pioenvs\s400-scale\newlib\src\getentropy.c.o

Compiling .pioenvs\s400-scale\newlib\src\termios.c.o

Compiling .pioenvs\s400-scale\newlib\src\stdatomic.c.o

Compiling .pioenvs\s400-scale\newlib\src\time.c.o

Compiling .pioenvs\s400-scale\newlib\src\sysconf.c.o

Indexing .pioenvs\s400-scale\esp-idf\lwip\liblwip.a

Compiling .pioenvs\s400-scale\newlib\src\realpath.c.o

Compiling .pioenvs\s400-scale\newlib\src\scandir.c.o

Compiling .pioenvs\s400-scale\newlib\src\syscalls.c.o

Compiling .pioenvs\s400-scale\newlib\src\reent_syscalls.c.o

Compiling .pioenvs\s400-scale\newlib\src\port\esp_time_impl.c.o

Compiling .pioenvs\s400-scale\newlib\src\flockfile.c.o

Compiling .pioenvs\s400-scale\newlib\src\reent_init.c.o

Compiling .pioenvs\s400-scale\newlib\src\newlib_init.c.o

Compiling .pioenvs\s400-scale\nvs_flash\src\nvs_api.cpp.o

Archiving .pioenvs\s400-scale\esp-idf\mqtt\libmqtt.a

Compiling .pioenvs\s400-scale\nvs_flash\src\nvs_cxx_api.cpp.o

Archiving .pioenvs\s400-scale\esp-idf\newlib\libnewlib.a

Compiling .pioenvs\s400-scale\nvs_flash\src\nvs_item_hash_list.cpp.o

Compiling .pioenvs\s400-scale\nvs_flash\src\nvs_page.cpp.o

Compiling .pioenvs\s400-scale\nvs_flash\src\nvs_pagemanager.cpp.o

Compiling .pioenvs\s400-scale\nvs_flash\src\nvs_storage.cpp.o

Compiling .pioenvs\s400-scale\nvs_flash\src\nvs_handle_simple.cpp.o

Compiling .pioenvs\s400-scale\nvs_flash\src\nvs_handle_locked.cpp.o

Compiling .pioenvs\s400-scale\nvs_flash\src\nvs_partition.cpp.o

Indexing .pioenvs\s400-scale\esp-idf\mqtt\libmqtt.a

Compiling .pioenvs\s400-scale\nvs_flash\src\nvs_partition_lookup.cpp.o

Indexing .pioenvs\s400-scale\esp-idf\newlib\libnewlib.a

Compiling .pioenvs\s400-scale\nvs_flash\src\nvs_partition_manager.cpp.o

Compiling .pioenvs\s400-scale\nvs_flash\src\nvs_types.cpp.o

Compiling .pioenvs\s400-scale\nvs_flash\src\nvs_platform.cpp.o

Compiling .pioenvs\s400-scale\nvs_flash\src\nvs_bootloader.c.o

Compiling .pioenvs\s400-scale\nvs_flash\src\nvs_encrypted_partition.cpp.o

Compiling .pioenvs\s400-scale\nvs_flash\src\nvs_bootloader_aes.c.o

Compiling .pioenvs\s400-scale\nvs_flash\src\nvs_bootloader_xts_aes.c.o

Compiling .pioenvs\s400-scale\nvs_sec_provider\nvs_sec_provider.c.o

Compiling .pioenvs\s400-scale\perfmon\xtensa_perfmon_access.c.o

Compiling .pioenvs\s400-scale\perfmon\xtensa_perfmon_apis.c.o

Compiling .pioenvs\s400-scale\perfmon\xtensa_perfmon_masks.c.o

Compiling .pioenvs\s400-scale\protobuf-c\protobuf-c\protobuf-c\protobuf-c.c.o

Compiling .pioenvs\s400-scale\protocomm\src\common\protocomm.c.o

Compiling .pioenvs\s400-scale\protocomm\proto-c\constants.pb-c.c.o

Compiling .pioenvs\s400-scale\protocomm\proto-c\sec0.pb-c.c.o

Compiling .pioenvs\s400-scale\protocomm\proto-c\sec1.pb-c.c.o

Compiling .pioenvs\s400-scale\protocomm\proto-c\sec2.pb-c.c.o

Archiving .pioenvs\s400-scale\esp-idf\perfmon\libperfmon.a

Archiving .pioenvs\s400-scale\esp-idf\nvs_sec_provider\libnvs_sec_provider.a

Compiling .pioenvs\s400-scale\protocomm\proto-c\session.pb-c.c.o

Compiling .pioenvs\s400-scale\protocomm\src\transports\protocomm_console.c.o

Compiling .pioenvs\s400-scale\protocomm\src\transports\protocomm_httpd.c.o

Indexing .pioenvs\s400-scale\esp-idf\perfmon\libperfmon.a

Indexing .pioenvs\s400-scale\esp-idf\nvs_sec_provider\libnvs_sec_provider.a

Compiling .pioenvs\s400-scale\protocomm\src\security\security0.c.o

Compiling .pioenvs\s400-scale\protocomm\src\security\security1.c.o

Compiling .pioenvs\s400-scale\protocomm\src\security\security2.c.o

Compiling .pioenvs\s400-scale\protocomm\src\crypto\srp6a\esp_srp.c.o

Compiling .pioenvs\s400-scale\protocomm\src\crypto\srp6a\esp_srp_mpi.c.o

Compiling .pioenvs\s400-scale\protocomm\src\simple_ble\simple_ble.c.o

Archiving .pioenvs\s400-scale\esp-idf\protobuf-c\libprotobuf-c.a

Compiling .pioenvs\s400-scale\protocomm\src\transports\protocomm_ble.c.o

Compiling .pioenvs\s400-scale\pthread\pthread.c.o

Archiving .pioenvs\s400-scale\esp-idf\nvs_flash\libnvs_flash.a

Compiling .pioenvs\s400-scale\pthread\pthread_cond_var.c.o

Compiling .pioenvs\s400-scale\pthread\pthread_local_storage.c.o

Compiling .pioenvs\s400-scale\pthread\pthread_rwlock.c.o

Indexing .pioenvs\s400-scale\esp-idf\protobuf-c\libprotobuf-c.a

Indexing .pioenvs\s400-scale\esp-idf\nvs_flash\libnvs_flash.a

Compiling .pioenvs\s400-scale\pthread\pthread_semaphore.c.o

Compiling .pioenvs\s400-scale\rt\FreeRTOS_POSIX_mqueue.c.o

Archiving .pioenvs\s400-scale\esp-idf\protocomm\libprotocomm.a

Compiling .pioenvs\s400-scale\rt\FreeRTOS_POSIX_utils.c.o

Compiling .pioenvs\s400-scale\sdmmc\sdmmc_cmd.c.o

Compiling .pioenvs\s400-scale\sdmmc\sdmmc_common.c.o

Indexing .pioenvs\s400-scale\esp-idf\protocomm\libprotocomm.a

Archiving .pioenvs\s400-scale\esp-idf\pthread\libpthread.a

Compiling .pioenvs\s400-scale\sdmmc\sdmmc_init.c.o

Compiling .pioenvs\s400-scale\sdmmc\sdmmc_io.c.o

Compiling .pioenvs\s400-scale\sdmmc\sdmmc_mmc.c.o

Compiling .pioenvs\s400-scale\sdmmc\sdmmc_sd.c.o

Compiling .pioenvs\s400-scale\sdmmc\sd_pwr_ctrl\sd_pwr_ctrl.c.o

Compiling .pioenvs\s400-scale\soc\lldesc.c.o

Indexing .pioenvs\s400-scale\esp-idf\pthread\libpthread.a

Compiling .pioenvs\s400-scale\soc\dport_access_common.c.o

Compiling .pioenvs\s400-scale\soc\esp32\interrupts.c.o

Archiving .pioenvs\s400-scale\esp-idf\rt\librt.a

Compiling .pioenvs\s400-scale\soc\esp32\gpio_periph.c.o

Compiling .pioenvs\s400-scale\soc\esp32\uart_periph.c.o

Compiling .pioenvs\s400-scale\soc\esp32\dport_access.c.o

Compiling .pioenvs\s400-scale\soc\esp32\adc_periph.c.o

Compiling .pioenvs\s400-scale\soc\esp32\emac_periph.c.o

Compiling .pioenvs\s400-scale\soc\esp32\spi_periph.c.o

Compiling .pioenvs\s400-scale\soc\esp32\ledc_periph.c.o

Compiling .pioenvs\s400-scale\soc\esp32\pcnt_periph.c.o

Indexing .pioenvs\s400-scale\esp-idf\rt\librt.a

Compiling .pioenvs\s400-scale\soc\esp32\rmt_periph.c.o

Compiling .pioenvs\s400-scale\soc\esp32\sdm_periph.c.o

Archiving .pioenvs\s400-scale\esp-idf\sdmmc\libsdmmc.a

Compiling .pioenvs\s400-scale\soc\esp32\i2s_periph.c.o

Indexing .pioenvs\s400-scale\esp-idf\sdmmc\libsdmmc.a

Compiling .pioenvs\s400-scale\soc\esp32\i2c_periph.c.o

Compiling .pioenvs\s400-scale\soc\esp32\timer_periph.c.o

Compiling .pioenvs\s400-scale\soc\esp32\lcd_periph.c.o

Compiling .pioenvs\s400-scale\soc\esp32\mcpwm_periph.c.o

Compiling .pioenvs\s400-scale\soc\esp32\mpi_periph.c.o

Compiling .pioenvs\s400-scale\soc\esp32\sdmmc_periph.c.o

Compiling .pioenvs\s400-scale\soc\esp32\touch_sensor_periph.c.o

Compiling .pioenvs\s400-scale\soc\esp32\twai_periph.c.o

Compiling .pioenvs\s400-scale\soc\esp32\wdt_periph.c.o

Compiling .pioenvs\s400-scale\soc\esp32\dac_periph.c.o

Compiling .pioenvs\s400-scale\soc\esp32\rtc_io_periph.c.o

Compiling .pioenvs\s400-scale\soc\esp32\sdio_slave_periph.c.o

Compiling .pioenvs\s400-scale\soc\esp32\power_supply_periph.c.o

Compiling .pioenvs\s400-scale\spi_flash\flash_brownout_hook.c.o

Compiling .pioenvs\s400-scale\spi_flash\spi_flash_chip_drivers.c.o

Compiling .pioenvs\s400-scale\spi_flash\spi_flash_chip_generic.c.o

Compiling .pioenvs\s400-scale\spi_flash\spi_flash_chip_issi.c.o

Archiving .pioenvs\s400-scale\esp-idf\soc\libsoc.a

Compiling .pioenvs\s400-scale\spi_flash\spi_flash_chip_mxic.c.o

Compiling .pioenvs\s400-scale\spi_flash\spi_flash_chip_gd.c.o

Compiling .pioenvs\s400-scale\spi_flash\spi_flash_chip_winbond.c.o

Indexing .pioenvs\s400-scale\esp-idf\soc\libsoc.a

Compiling .pioenvs\s400-scale\spi_flash\spi_flash_chip_boya.c.o

Compiling .pioenvs\s400-scale\spi_flash\spi_flash_chip_mxic_opi.c.o

Compiling .pioenvs\s400-scale\spi_flash\spi_flash_chip_th.c.o

Compiling .pioenvs\s400-scale\spi_flash\memspi_host_driver.c.o

Compiling .pioenvs\s400-scale\spi_flash\cache_utils.c.o

Compiling .pioenvs\s400-scale\spi_flash\flash_mmap.c.o

Compiling .pioenvs\s400-scale\spi_flash\flash_ops.c.o

Compiling .pioenvs\s400-scale\spi_flash\spi_flash_wrap.c.o

Compiling .pioenvs\s400-scale\spi_flash\esp_flash_api.c.o

Compiling .pioenvs\s400-scale\spi_flash\esp_flash_spi_init.c.o

Compiling .pioenvs\s400-scale\spi_flash\spi_flash_os_func_app.c.o

Compiling .pioenvs\s400-scale\spi_flash\spi_flash_os_func_noos.c.o

Compiling .pioenvs\s400-scale\spiffs\spiffs_api.c.o

Compiling .pioenvs\s400-scale\spiffs\spiffs\src\spiffs_cache.c.o

Compiling .pioenvs\s400-scale\spiffs\spiffs\src\spiffs_check.c.o

Compiling .pioenvs\s400-scale\spiffs\spiffs\src\spiffs_gc.c.o

Compiling .pioenvs\s400-scale\spiffs\spiffs\src\spiffs_hydrogen.c.o

Compiling .pioenvs\s400-scale\spiffs\spiffs\src\spiffs_nucleus.c.o

Compiling .pioenvs\s400-scale\spiffs\esp_spiffs.c.o

Compiling .pioenvs\s400-scale\tcp_transport\transport.c.o

Compiling .pioenvs\s400-scale\tcp_transport\transport_ssl.c.o

Compiling .pioenvs\s400-scale\tcp_transport\transport_internal.c.o

Compiling .pioenvs\s400-scale\tcp_transport\transport_socks_proxy.c.o

Compiling .pioenvs\s400-scale\tcp_transport\transport_ws.c.o

Compiling .pioenvs\s400-scale\unity\unity\src\unity.c.o

Archiving .pioenvs\s400-scale\esp-idf\spi_flash\libspi_flash.a

Compiling .pioenvs\s400-scale\unity\unity_compat.c.o

Compiling .pioenvs\s400-scale\unity\unity_runner.c.o

Indexing .pioenvs\s400-scale\esp-idf\spi_flash\libspi_flash.a

Compiling .pioenvs\s400-scale\unity\unity_utils_freertos.c.o

Compiling .pioenvs\s400-scale\unity\unity_utils_cache.c.o

Compiling .pioenvs\s400-scale\unity\unity_utils_memory.c.o

Compiling .pioenvs\s400-scale\unity\unity_port_esp32.c.o

Compiling .pioenvs\s400-scale\unity\port\esp\unity_utils_memory_esp.c.o

Compiling .pioenvs\s400-scale\vfs\vfs.c.o

Archiving .pioenvs\s400-scale\esp-idf\spiffs\libspiffs.a

Compiling .pioenvs\s400-scale\vfs\vfs_eventfd.c.o

Compiling .pioenvs\s400-scale\vfs\vfs_semihost.c.o

Compiling .pioenvs\s400-scale\vfs\nullfs.c.o

Compiling .pioenvs\s400-scale\wear_levelling\Partition.cpp.o

Indexing .pioenvs\s400-scale\esp-idf\spiffs\libspiffs.a

Archiving .pioenvs\s400-scale\esp-idf\tcp_transport\libtcp_transport.a

Compiling .pioenvs\s400-scale\wear_levelling\SPI_Flash.cpp.o

Compiling .pioenvs\s400-scale\wear_levelling\WL_Ext_Perf.cpp.o

Archiving .pioenvs\s400-scale\esp-idf\unity\libunity.a

Compiling .pioenvs\s400-scale\wear_levelling\WL_Ext_Safe.cpp.o

Compiling .pioenvs\s400-scale\wear_levelling\WL_Flash.cpp.o

Compiling .pioenvs\s400-scale\wear_levelling\crc32.cpp.o

Indexing .pioenvs\s400-scale\esp-idf\tcp_transport\libtcp_transport.a

Indexing .pioenvs\s400-scale\esp-idf\unity\libunity.a

Compiling .pioenvs\s400-scale\wear_levelling\wear_levelling.cpp.o

Compiling .pioenvs\s400-scale\wifi_provisioning\src\wifi_config.c.o

Archiving .pioenvs\s400-scale\esp-idf\vfs\libvfs.a

Indexing .pioenvs\s400-scale\esp-idf\vfs\libvfs.a

Compiling .pioenvs\s400-scale\wifi_provisioning\src\wifi_scan.c.o

Compiling .pioenvs\s400-scale\wifi_provisioning\src\wifi_ctrl.c.o

Compiling .pioenvs\s400-scale\wifi_provisioning\src\manager.c.o

Compiling .pioenvs\s400-scale\wifi_provisioning\src\handlers.c.o

Compiling .pioenvs\s400-scale\wifi_provisioning\src\scheme_console.c.o

Archiving .pioenvs\s400-scale\esp-idf\wear_levelling\libwear_levelling.a

Compiling .pioenvs\s400-scale\wifi_provisioning\proto-c\wifi_config.pb-c.c.o

Compiling .pioenvs\s400-scale\wifi_provisioning\proto-c\wifi_scan.pb-c.c.o

Compiling .pioenvs\s400-scale\wifi_provisioning\proto-c\wifi_ctrl.pb-c.c.o

Compiling .pioenvs\s400-scale\wifi_provisioning\proto-c\wifi_constants.pb-c.c.o

Compiling .pioenvs\s400-scale\wifi_provisioning\src\scheme_softap.c.o

Compiling .pioenvs\s400-scale\wifi_provisioning\src\scheme_ble.c.o

Indexing .pioenvs\s400-scale\esp-idf\wear_levelling\libwear_levelling.a

Compiling .pioenvs\s400-scale\wpa_supplicant\port\os_xtensa.c.o

Compiling .pioenvs\s400-scale\wpa_supplicant\port\eloop.c.o

Compiling .pioenvs\s400-scale\wpa_supplicant\src\ap\ap_config.c.o

Compiling .pioenvs\s400-scale\wpa_supplicant\src\ap\ieee802_1x.c.o

Archiving .pioenvs\s400-scale\esp-idf\wifi_provisioning\libwifi_provisioning.a

Indexing .pioenvs\s400-scale\esp-idf\wifi_provisioning\libwifi_provisioning.a

Compiling .pioenvs\s400-scale\wpa_supplicant\src\ap\wpa_auth.c.o

Compiling .pioenvs\s400-scale\wpa_supplicant\src\ap\wpa_auth_ie.c.o

Compiling .pioenvs\s400-scale\wpa_supplicant\src\ap\pmksa_cache_auth.c.o

Compiling .pioenvs\s400-scale\wpa_supplicant\src\ap\sta_info.c.o

Compiling .pioenvs\s400-scale\wpa_supplicant\src\ap\ieee802_11.c.o

Compiling .pioenvs\s400-scale\wpa_supplicant\src\ap\comeback_token.c.o

Compiling .pioenvs\s400-scale\wpa_supplicant\src\common\sae.c.o

Compiling .pioenvs\s400-scale\wpa_supplicant\src\common\dragonfly.c.o

Compiling .pioenvs\s400-scale\wpa_supplicant\src\common\wpa_common.c.o

Compiling .pioenvs\s400-scale\wpa_supplicant\src\utils\bitfield.c.o

Compiling .pioenvs\s400-scale\wpa_supplicant\src\crypto\aes-siv.c.o

Compiling .pioenvs\s400-scale\wpa_supplicant\src\crypto\sha256-kdf.c.o

Compiling .pioenvs\s400-scale\wpa_supplicant\src\crypto\ccmp.c.o

Compiling .pioenvs\s400-scale\wpa_supplicant\src\crypto\aes-gcm.c.o

Compiling .pioenvs\s400-scale\wpa_supplicant\src\crypto\crypto_ops.c.o

Compiling .pioenvs\s400-scale\wpa_supplicant\src\crypto\dh_group5.c.o

Compiling .pioenvs\s400-scale\wpa_supplicant\src\crypto\dh_groups.c.o

Compiling .pioenvs\s400-scale\wpa_supplicant\src\crypto\ms_funcs.c.o

Compiling .pioenvs\s400-scale\wpa_supplicant\src\crypto\sha1-tlsprf.c.o

Compiling .pioenvs\s400-scale\wpa_supplicant\src\crypto\sha256-tlsprf.c.o

Compiling .pioenvs\s400-scale\wpa_supplicant\src\crypto\sha384-tlsprf.c.o

Compiling .pioenvs\s400-scale\wpa_supplicant\src\crypto\sha256-prf.c.o

Compiling .pioenvs\s400-scale\wpa_supplicant\src\crypto\sha1-prf.c.o

Compiling .pioenvs\s400-scale\wpa_supplicant\src\crypto\sha384-prf.c.o

Compiling .pioenvs\s400-scale\wpa_supplicant\src\crypto\md4-internal.c.o

Compiling .pioenvs\s400-scale\wpa_supplicant\src\crypto\sha1-tprf.c.o

Compiling .pioenvs\s400-scale\wpa_supplicant\src\eap_common\eap_wsc_common.c.o

Compiling .pioenvs\s400-scale\wpa_supplicant\src\common\ieee802_11_common.c.o

Compiling .pioenvs\s400-scale\wpa_supplicant\src\eap_peer\chap.c.o

Compiling .pioenvs\s400-scale\wpa_supplicant\src\eap_peer\eap.c.o

Compiling .pioenvs\s400-scale\wpa_supplicant\src\eap_peer\eap_common.c.o

Compiling .pioenvs\s400-scale\wpa_supplicant\src\eap_peer\eap_mschapv2.c.o

Compiling .pioenvs\s400-scale\wpa_supplicant\src\eap_peer\eap_peap.c.o

Compiling .pioenvs\s400-scale\wpa_supplicant\src\eap_peer\eap_peap_common.c.o

Compiling .pioenvs\s400-scale\wpa_supplicant\src\eap_peer\eap_tls.c.o

Compiling .pioenvs\s400-scale\wpa_supplicant\src\eap_peer\eap_tls_common.c.o

Compiling .pioenvs\s400-scale\wpa_supplicant\src\eap_peer\eap_ttls.c.o

Compiling .pioenvs\s400-scale\wpa_supplicant\src\eap_peer\mschapv2.c.o

Compiling .pioenvs\s400-scale\wpa_supplicant\src\eap_peer\eap_fast.c.o

Compiling .pioenvs\s400-scale\wpa_supplicant\src\eap_peer\eap_fast_common.c.o

Compiling .pioenvs\s400-scale\wpa_supplicant\src\eap_peer\eap_fast_pac.c.o

Compiling .pioenvs\s400-scale\wpa_supplicant\src\rsn_supp\pmksa_cache.c.o

Compiling .pioenvs\s400-scale\wpa_supplicant\src\rsn_supp\wpa.c.o

Compiling .pioenvs\s400-scale\wpa_supplicant\src\rsn_supp\wpa_ie.c.o

Compiling .pioenvs\s400-scale\wpa_supplicant\src\utils\base64.c.o

Compiling .pioenvs\s400-scale\wpa_supplicant\src\utils\common.c.o

Compiling .pioenvs\s400-scale\wpa_supplicant\src\utils\ext_password.c.o

Compiling .pioenvs\s400-scale\wpa_supplicant\src\utils\uuid.c.o

Compiling .pioenvs\s400-scale\wpa_supplicant\src\utils\wpabuf.c.o

Compiling .pioenvs\s400-scale\wpa_supplicant\src\utils\wpa_debug.c.o

Compiling .pioenvs\s400-scale\wpa_supplicant\src\utils\json.c.o

Compiling .pioenvs\s400-scale\wpa_supplicant\src\wps\wps.c.o

Compiling .pioenvs\s400-scale\wpa_supplicant\src\wps\wps_attr_build.c.o

Compiling .pioenvs\s400-scale\wpa_supplicant\src\wps\wps_attr_parse.c.o

Compiling .pioenvs\s400-scale\wpa_supplicant\src\wps\wps_attr_process.c.o

Compiling .pioenvs\s400-scale\wpa_supplicant\src\wps\wps_common.c.o

Compiling .pioenvs\s400-scale\wpa_supplicant\src\wps\wps_dev_attr.c.o

Compiling .pioenvs\s400-scale\wpa_supplicant\src\wps\wps_enrollee.c.o

Compiling .pioenvs\s400-scale\wpa_supplicant\src\common\sae_pk.c.o

Compiling .pioenvs\s400-scale\wpa_supplicant\esp_supplicant\src\esp_eap_client.c.o

Compiling .pioenvs\s400-scale\wpa_supplicant\esp_supplicant\src\esp_wpa2_api_port.c.o

Compiling .pioenvs\s400-scale\wpa_supplicant\esp_supplicant\src\esp_wpa_main.c.o

Compiling .pioenvs\s400-scale\wpa_supplicant\esp_supplicant\src\esp_wpas_glue.c.o

Compiling .pioenvs\s400-scale\wpa_supplicant\esp_supplicant\src\esp_common.c.o

Compiling .pioenvs\s400-scale\wpa_supplicant\esp_supplicant\src\esp_wps.c.o

Compiling .pioenvs\s400-scale\wpa_supplicant\esp_supplicant\src\esp_wpa3.c.o

Compiling .pioenvs\s400-scale\wpa_supplicant\esp_supplicant\src\esp_owe.c.o

Compiling .pioenvs\s400-scale\wpa_supplicant\esp_supplicant\src\esp_hostap.c.o

Compiling .pioenvs\s400-scale\wpa_supplicant\src\tls\asn1.c.o

Compiling .pioenvs\s400-scale\wpa_supplicant\src\tls\bignum.c.o

Compiling .pioenvs\s400-scale\wpa_supplicant\src\tls\pkcs1.c.o

Compiling .pioenvs\s400-scale\wpa_supplicant\src\tls\pkcs5.c.o

Compiling .pioenvs\s400-scale\wpa_supplicant\src\tls\pkcs8.c.o

Compiling .pioenvs\s400-scale\wpa_supplicant\src\tls\rsa.c.o

Compiling .pioenvs\s400-scale\wpa_supplicant\src\crypto\tls_internal.c.o

Compiling .pioenvs\s400-scale\wpa_supplicant\src\tls\tlsv1_client.c.o

Compiling .pioenvs\s400-scale\wpa_supplicant\src\tls\tlsv1_client_read.c.o

Compiling .pioenvs\s400-scale\wpa_supplicant\src\tls\tlsv1_client_write.c.o

Compiling .pioenvs\s400-scale\wpa_supplicant\src\tls\tlsv1_common.c.o

Compiling .pioenvs\s400-scale\wpa_supplicant\src\tls\tlsv1_cred.c.o

Compiling .pioenvs\s400-scale\wpa_supplicant\src\tls\tlsv1_record.c.o

Compiling .pioenvs\s400-scale\wpa_supplicant\src\tls\tlsv1_client_ocsp.c.o

Compiling .pioenvs\s400-scale\wpa_supplicant\src\tls\x509v3.c.o

Compiling .pioenvs\s400-scale\wpa_supplicant\esp_supplicant\src\crypto\crypto_mbedtls.c.o

Compiling .pioenvs\s400-scale\wpa_supplicant\esp_supplicant\src\crypto\crypto_mbedtls-bignum.c.o

Compiling .pioenvs\s400-scale\wpa_supplicant\esp_supplicant\src\crypto\crypto_mbedtls-rsa.c.o

Compiling .pioenvs\s400-scale\wpa_supplicant\esp_supplicant\src\crypto\crypto_mbedtls-ec.c.o

Compiling .pioenvs\s400-scale\wpa_supplicant\src\crypto\rc4.c.o

Compiling .pioenvs\s400-scale\wpa_supplicant\src\crypto\des-internal.c.o

Compiling .pioenvs\s400-scale\wpa_supplicant\esp_supplicant\src\crypto\fastpbkdf2.c.o

Compiling .pioenvs\s400-scale\wpa_supplicant\src\crypto\aes-wrap.c.o

Compiling .pioenvs\s400-scale\wpa_supplicant\src\crypto\aes-unwrap.c.o

Compiling .pioenvs\s400-scale\wpa_supplicant\src\crypto\aes-ccm.c.o

Compiling .pioenvs\s400-scale\xtensa\eri.c.o

Compiling .pioenvs\s400-scale\xtensa\xt_trax.c.o

Compiling .pioenvs\s400-scale\xtensa\xtensa_context.S.o

Compiling .pioenvs\s400-scale\xtensa\xtensa_intr_asm.S.o

Compiling .pioenvs\s400-scale\xtensa\xtensa_intr.c.o

Compiling .pioenvs\s400-scale\xtensa\xtensa_vectors.S.o

Compiling .pioenvs\s400-scale\managed_components\zorxx__multipart-parser\multipart_parser.c.o

Compiling .pioenvs\s400-scale\mbedtls\mbedtls\3rdparty\everest\library\everest.c.o

Compiling .pioenvs\s400-scale\mbedtls\mbedtls\3rdparty\everest\library\x25519.c.o

Archiving .pioenvs\s400-scale\esp-idf\wpa_supplicant\libwpa_supplicant.a

Compiling .pioenvs\s400-scale\mbedtls\mbedtls\3rdparty\everest\library\Hacl_Curve25519_joined.c.o

Archiving .pioenvs\s400-scale\esp-idf\xtensa\libxtensa.a

Compiling .pioenvs\s400-scale\mbedtls\mbedtls\library\aes.c.o

Archiving .pioenvs\s400-scale\esp-idf\zorxx__multipart-parser\libzorxx__multipart-parser.a

Compiling .pioenvs\s400-scale\mbedtls\mbedtls\library\aesni.c.o

Indexing .pioenvs\s400-scale\esp-idf\xtensa\libxtensa.a

Compiling .pioenvs\s400-scale\mbedtls\mbedtls\library\aesce.c.o

Indexing .pioenvs\s400-scale\esp-idf\wpa_supplicant\libwpa_supplicant.a

Compiling .pioenvs\s400-scale\mbedtls\mbedtls\library\aria.c.o

Compiling .pioenvs\s400-scale\mbedtls\mbedtls\library\asn1parse.c.o

Compiling .pioenvs\s400-scale\mbedtls\mbedtls\library\asn1write.c.o

Compiling .pioenvs\s400-scale\mbedtls\mbedtls\library\base64.c.o

Compiling .pioenvs\s400-scale\mbedtls\mbedtls\library\bignum.c.o

Indexing .pioenvs\s400-scale\esp-idf\zorxx__multipart-parser\libzorxx__multipart-parser.a

Archiving .pioenvs\s400-scale\esp-idf\mbedtls\mbedtls\3rdparty\everest\libeverest.a

Compiling .pioenvs\s400-scale\mbedtls\mbedtls\library\bignum_core.c.o

Compiling .pioenvs\s400-scale\mbedtls\mbedtls\library\bignum_mod.c.o

Indexing .pioenvs\s400-scale\esp-idf\mbedtls\mbedtls\3rdparty\everest\libeverest.a

Compiling .pioenvs\s400-scale\mbedtls\mbedtls\library\bignum_mod_raw.c.o

Compiling .pioenvs\s400-scale\mbedtls\mbedtls\library\block_cipher.c.o

Compiling .pioenvs\s400-scale\mbedtls\mbedtls\library\camellia.c.o

Compiling .pioenvs\s400-scale\mbedtls\mbedtls\library\ccm.c.o

Compiling .pioenvs\s400-scale\mbedtls\mbedtls\library\chacha20.c.o

Compiling .pioenvs\s400-scale\mbedtls\mbedtls\library\chachapoly.c.o

Compiling .pioenvs\s400-scale\mbedtls\mbedtls\library\cipher.c.o

Compiling .pioenvs\s400-scale\mbedtls\mbedtls\library\cipher_wrap.c.o

Compiling .pioenvs\s400-scale\mbedtls\mbedtls\library\constant_time.c.o

Compiling .pioenvs\s400-scale\mbedtls\mbedtls\library\cmac.c.o

Compiling .pioenvs\s400-scale\mbedtls\mbedtls\library\ctr_drbg.c.o

Compiling .pioenvs\s400-scale\mbedtls\mbedtls\library\des.c.o

Compiling .pioenvs\s400-scale\mbedtls\mbedtls\library\dhm.c.o

Compiling .pioenvs\s400-scale\mbedtls\mbedtls\library\ecdh.c.o

Compiling .pioenvs\s400-scale\mbedtls\mbedtls\library\ecdsa.c.o

Compiling .pioenvs\s400-scale\mbedtls\mbedtls\library\ecjpake.c.o

Compiling .pioenvs\s400-scale\mbedtls\mbedtls\library\ecp.c.o

Compiling .pioenvs\s400-scale\mbedtls\mbedtls\library\ecp_curves.c.o

Compiling .pioenvs\s400-scale\mbedtls\mbedtls\library\ecp_curves_new.c.o

Compiling .pioenvs\s400-scale\mbedtls\mbedtls\library\entropy.c.o

Compiling .pioenvs\s400-scale\mbedtls\mbedtls\library\entropy_poll.c.o

Compiling .pioenvs\s400-scale\mbedtls\mbedtls\library\error.c.o

Compiling .pioenvs\s400-scale\mbedtls\mbedtls\library\gcm.c.o

Compiling .pioenvs\s400-scale\mbedtls\mbedtls\library\hkdf.c.o

Compiling .pioenvs\s400-scale\mbedtls\mbedtls\library\hmac_drbg.c.o

Compiling .pioenvs\s400-scale\mbedtls\mbedtls\library\lmots.c.o

Compiling .pioenvs\s400-scale\mbedtls\mbedtls\library\lms.c.o

Compiling .pioenvs\s400-scale\mbedtls\mbedtls\library\md.c.o

Compiling .pioenvs\s400-scale\mbedtls\mbedtls\library\md5.c.o

Compiling .pioenvs\s400-scale\mbedtls\mbedtls\library\memory_buffer_alloc.c.o

Compiling .pioenvs\s400-scale\mbedtls\mbedtls\library\nist_kw.c.o

Compiling .pioenvs\s400-scale\mbedtls\mbedtls\library\oid.c.o

Compiling .pioenvs\s400-scale\mbedtls\mbedtls\library\padlock.c.o

Compiling .pioenvs\s400-scale\mbedtls\mbedtls\library\pem.c.o

Compiling .pioenvs\s400-scale\mbedtls\mbedtls\library\pk.c.o

Compiling .pioenvs\s400-scale\mbedtls\mbedtls\library\pk_ecc.c.o

Compiling .pioenvs\s400-scale\mbedtls\mbedtls\library\pk_wrap.c.o

Compiling .pioenvs\s400-scale\mbedtls\mbedtls\library\pkcs12.c.o

Compiling .pioenvs\s400-scale\mbedtls\mbedtls\library\pkcs5.c.o

Compiling .pioenvs\s400-scale\mbedtls\mbedtls\library\pkparse.c.o

Compiling .pioenvs\s400-scale\mbedtls\mbedtls\library\pkwrite.c.o

Compiling .pioenvs\s400-scale\mbedtls\mbedtls\library\platform.c.o

Compiling .pioenvs\s400-scale\mbedtls\mbedtls\library\platform_util.c.o

Compiling .pioenvs\s400-scale\mbedtls\mbedtls\library\poly1305.c.o

Compiling .pioenvs\s400-scale\mbedtls\mbedtls\library\psa_crypto.c.o

Compiling .pioenvs\s400-scale\mbedtls\mbedtls\library\psa_crypto_aead.c.o

Compiling .pioenvs\s400-scale\mbedtls\mbedtls\library\psa_crypto_cipher.c.o

Compiling .pioenvs\s400-scale\mbedtls\mbedtls\library\psa_crypto_client.c.o

Compiling .pioenvs\s400-scale\mbedtls\mbedtls\library\psa_crypto_driver_wrappers_no_static.c.o

Compiling .pioenvs\s400-scale\mbedtls\mbedtls\library\psa_crypto_ecp.c.o

Compiling .pioenvs\s400-scale\mbedtls\mbedtls\library\psa_crypto_ffdh.c.o

Compiling .pioenvs\s400-scale\mbedtls\mbedtls\library\psa_crypto_hash.c.o

Compiling .pioenvs\s400-scale\mbedtls\mbedtls\library\psa_crypto_mac.c.o

Compiling .pioenvs\s400-scale\mbedtls\mbedtls\library\psa_crypto_pake.c.o

Compiling .pioenvs\s400-scale\mbedtls\mbedtls\library\psa_crypto_rsa.c.o

Compiling .pioenvs\s400-scale\mbedtls\mbedtls\library\psa_crypto_se.c.o

Compiling .pioenvs\s400-scale\mbedtls\mbedtls\library\psa_crypto_slot_management.c.o

Compiling .pioenvs\s400-scale\mbedtls\mbedtls\library\psa_crypto_storage.c.o

Compiling .pioenvs\s400-scale\mbedtls\mbedtls\library\psa_its_file.c.o

Compiling .pioenvs\s400-scale\mbedtls\mbedtls\library\psa_util.c.o

Compiling .pioenvs\s400-scale\mbedtls\mbedtls\library\ripemd160.c.o

Compiling .pioenvs\s400-scale\mbedtls\mbedtls\library\rsa.c.o

Compiling .pioenvs\s400-scale\mbedtls\mbedtls\library\rsa_alt_helpers.c.o

Compiling .pioenvs\s400-scale\mbedtls\mbedtls\library\sha1.c.o

Compiling .pioenvs\s400-scale\mbedtls\mbedtls\library\sha256.c.o

Compiling .pioenvs\s400-scale\mbedtls\mbedtls\library\sha512.c.o

Compiling .pioenvs\s400-scale\mbedtls\mbedtls\library\sha3.c.o

Compiling .pioenvs\s400-scale\mbedtls\mbedtls\library\threading.c.o

Compiling .pioenvs\s400-scale\mbedtls\mbedtls\library\timing.c.o

Compiling .pioenvs\s400-scale\mbedtls\mbedtls\library\version.c.o

Compiling .pioenvs\s400-scale\mbedtls\mbedtls\library\version_features.c.o

Compiling .pioenvs\s400-scale\mbedtls\port\esp_hardware.c.o

Compiling .pioenvs\s400-scale\mbedtls\port\esp_mem.c.o

Compiling .pioenvs\s400-scale\mbedtls\port\esp_timing.c.o

Compiling .pioenvs\s400-scale\mbedtls\port\aes\esp_aes_xts.c.o

Compiling .pioenvs\s400-scale\mbedtls\port\aes\esp_aes_common.c.o

Compiling .pioenvs\s400-scale\mbedtls\port\aes\block\esp_aes.c.o

Compiling .pioenvs\s400-scale\mbedtls\port\sha\esp_sha.c.o

Compiling .pioenvs\s400-scale\mbedtls\port\sha\parallel_engine\sha.c.o

Compiling .pioenvs\s400-scale\mbedtls\port\bignum\esp_bignum.c.o

Compiling .pioenvs\s400-scale\mbedtls\port\bignum\bignum_alt.c.o

Compiling .pioenvs\s400-scale\mbedtls\port\sha\parallel_engine\esp_sha1.c.o

Compiling .pioenvs\s400-scale\mbedtls\port\sha\parallel_engine\esp_sha256.c.o

Compiling .pioenvs\s400-scale\mbedtls\port\sha\parallel_engine\esp_sha512.c.o

Compiling .pioenvs\s400-scale\mbedtls\port\aes\esp_aes_gcm.c.o

Compiling .pioenvs\s400-scale\mbedtls\port\md\esp_md.c.o

Compiling .pioenvs\s400-scale\mbedtls\mbedtls\library\debug.c.o

Compiling .pioenvs\s400-scale\mbedtls\mbedtls\library\mps_reader.c.o

Compiling .pioenvs\s400-scale\mbedtls\mbedtls\library\mps_trace.c.o

Compiling .pioenvs\s400-scale\mbedtls\mbedtls\library\ssl_cache.c.o

Compiling .pioenvs\s400-scale\mbedtls\mbedtls\library\ssl_ciphersuites.c.o

Compiling .pioenvs\s400-scale\mbedtls\mbedtls\library\ssl_client.c.o

Compiling .pioenvs\s400-scale\mbedtls\mbedtls\library\ssl_cookie.c.o

Compiling .pioenvs\s400-scale\mbedtls\mbedtls\library\ssl_debug_helpers_generated.c.o

Compiling .pioenvs\s400-scale\mbedtls\mbedtls\library\ssl_msg.c.o

Compiling .pioenvs\s400-scale\mbedtls\mbedtls\library\ssl_ticket.c.o

Archiving .pioenvs\s400-scale\esp-idf\mbedtls\mbedtls\library\libmbedcrypto.a

Compiling .pioenvs\s400-scale\mbedtls\mbedtls\library\ssl_tls.c.o

Compiling .pioenvs\s400-scale\mbedtls\mbedtls\library\ssl_tls12_client.c.o

Compiling .pioenvs\s400-scale\mbedtls\mbedtls\library\ssl_tls12_server.c.o

Compiling .pioenvs\s400-scale\mbedtls\mbedtls\library\ssl_tls13_keys.c.o

Compiling .pioenvs\s400-scale\mbedtls\mbedtls\library\ssl_tls13_server.c.o

Indexing .pioenvs\s400-scale\esp-idf\mbedtls\mbedtls\library\libmbedcrypto.a

Compiling .pioenvs\s400-scale\mbedtls\mbedtls\library\ssl_tls13_client.c.o

Compiling .pioenvs\s400-scale\mbedtls\mbedtls\library\ssl_tls13_generic.c.o

Compiling .pioenvs\s400-scale\mbedtls\port\mbedtls_debug.c.o

Compiling .pioenvs\s400-scale\mbedtls\port\esp_platform_time.c.o

Compiling .pioenvs\s400-scale\mbedtls\port\net_sockets.c.o

Compiling .pioenvs\s400-scale\mbedtls\mbedtls\library\pkcs7.c.o

Compiling .pioenvs\s400-scale\mbedtls\mbedtls\library\x509.c.o

Compiling .pioenvs\s400-scale\mbedtls\mbedtls\library\x509_create.c.o

Compiling .pioenvs\s400-scale\mbedtls\mbedtls\library\x509_crl.c.o

Compiling .pioenvs\s400-scale\mbedtls\mbedtls\library\x509_crt.c.o

Compiling .pioenvs\s400-scale\mbedtls\mbedtls\library\x509_csr.c.o

Compiling .pioenvs\s400-scale\mbedtls\mbedtls\library\x509write.c.o

Compiling .pioenvs\s400-scale\mbedtls\mbedtls\library\x509write_crt.c.o

Compiling .pioenvs\s400-scale\mbedtls\mbedtls\library\x509write_csr.c.o

Compiling .pioenvs\s400-scale\mbedtls\mbedtls\3rdparty\p256-m\p256-m_driver_entrypoints.c.o

Compiling .pioenvs\s400-scale\mbedtls\mbedtls\3rdparty\p256-m\p256-m\p256-m.c.o

Compiling .pioenvs\s400-scale\bootloader\xtensa\eri.c.o

Compiling .pioenvs\s400-scale\bootloader\xtensa\xt_trax.c.o

Archiving .pioenvs\s400-scale\esp-idf\mbedtls\mbedtls\library\libmbedtls.a

Compiling .pioenvs\s400-scale\bootloader\bootloader\subproject\main\bootloader_start.c.o

Compiling .pioenvs\s400-scale\bootloader\bootloader_support\src\bootloader_common.c.o

Compiling .pioenvs\s400-scale\bootloader\bootloader_support\src\bootloader_common_loader.c.o

Compiling .pioenvs\s400-scale\bootloader\bootloader_support\src\bootloader_clock_init.c.o

Indexing .pioenvs\s400-scale\esp-idf\mbedtls\mbedtls\library\libmbedtls.a

Compiling .pioenvs\s400-scale\bootloader\bootloader_support\src\bootloader_mem.c.o

Compiling .pioenvs\s400-scale\bootloader\bootloader_support\src\bootloader_random.c.o

Compiling .pioenvs\s400-scale\bootloader\bootloader_support\src\bootloader_efuse.c.o

Compiling .pioenvs\s400-scale\bootloader\bootloader_support\src\flash_encrypt.c.o

Archiving .pioenvs\s400-scale\bootloader\esp-idf\xtensa\libxtensa.a

Archiving .pioenvs\s400-scale\esp-idf\mbedtls\mbedtls\3rdparty\p256-m\libp256m.a

Archiving .pioenvs\s400-scale\bootloader\esp-idf\main\libmain.a

Compiling .pioenvs\s400-scale\bootloader\bootloader_support\src\secure_boot.c.o

Archiving .pioenvs\s400-scale\esp-idf\mbedtls\mbedtls\library\libmbedx509.a

Indexing .pioenvs\s400-scale\bootloader\esp-idf\xtensa\libxtensa.a

Indexing .pioenvs\s400-scale\esp-idf\mbedtls\mbedtls\3rdparty\p256-m\libp256m.a

Compiling .pioenvs\s400-scale\bootloader\bootloader_support\src\bootloader_random_esp32.c.o

Compiling .pioenvs\s400-scale\bootloader\bootloader_support\bootloader_flash\src\bootloader_flash.c.o

Compiling .pioenvs\s400-scale\bootloader\bootloader_support\bootloader_flash\src\flash_qio_mode.c.o

Compiling .pioenvs\s400-scale\bootloader\bootloader_support\bootloader_flash\src\bootloader_flash_config_esp32.c.o

Compiling .pioenvs\s400-scale\bootloader\bootloader_support\src\bootloader_utility.c.o

Compiling .pioenvs\s400-scale\bootloader\bootloader_support\src\flash_partitions.c.o

Indexing .pioenvs\s400-scale\bootloader\esp-idf\main\libmain.a

Compiling .pioenvs\s400-scale\bootloader\bootloader_support\src\esp_image_format.c.o

Indexing .pioenvs\s400-scale\esp-idf\mbedtls\mbedtls\library\libmbedx509.a

Compiling .pioenvs\s400-scale\bootloader\bootloader_support\src\bootloader_sha.c.o

Compiling .pioenvs\s400-scale\bootloader\bootloader_support\src\bootloader_init.c.o

Compiling .pioenvs\s400-scale\bootloader\bootloader_support\src\bootloader_clock_loader.c.o

Compiling .pioenvs\s400-scale\bootloader\bootloader_support\src\bootloader_console.c.o

Generating project linker script .pioenvs\s400-scale\sections.ld

Compiling .pioenvs\s400-scale\bootloader\bootloader_support\src\bootloader_console_loader.c.o

Compiling .pioenvs\s400-scale\bootloader\bootloader_support\src\esp32\bootloader_soc.c.o

Compiling .pioenvs\s400-scale\bootloader\bootloader_support\src\esp32\bootloader_esp32.c.o

Compiling .pioenvs\s400-scale\bootloader\bootloader_support\src\bootloader_panic.c.o

Compiling .pioenvs\s400-scale\bootloader\efuse\esp32\esp_efuse_table.c.o

Compiling .pioenvs\s400-scale\bootloader\efuse\esp32\esp_efuse_fields.c.o

Compiling .pioenvs\s400-scale\bootloader\efuse\esp32\esp_efuse_utility.c.o

Compiling .pioenvs\s400-scale\bootloader\efuse\src\esp_efuse_api.c.o

Compiling .pioenvs\s400-scale\bootloader\efuse\src\esp_efuse_fields.c.o

Compiling .pioenvs\s400-scale\bootloader\efuse\src\esp_efuse_utility.c.o

Compiling .pioenvs\s400-scale\bootloader\efuse\src\efuse_controller\keys\without_key_purposes\three_key_blocks\esp_efuse_api_key.c.o

Compiling .pioenvs\s400-scale\bootloader\esp_bootloader_format\esp_bootloader_desc.c.o

Compiling .pioenvs\s400-scale\bootloader\esp_common\src\esp_err_to_name.c.o

Compiling .pioenvs\s400-scale\bootloader\esp_hw_support\cpu.c.o

Compiling .pioenvs\s400-scale\bootloader\esp_hw_support\port\esp32\esp_cpu_intr.c.o

Compiling .pioenvs\s400-scale\bootloader\esp_hw_support\esp_memory_utils.c.o

Archiving .pioenvs\s400-scale\bootloader\esp-idf\bootloader_support\libbootloader_support.a

Compiling .pioenvs\s400-scale\bootloader\esp_hw_support\port\esp32\cpu_region_protect.c.o

Compiling .pioenvs\s400-scale\bootloader\esp_hw_support\port\esp32\rtc_clk.c.o

Compiling .pioenvs\s400-scale\bootloader\esp_hw_support\port\esp32\rtc_clk_init.c.o

Compiling .pioenvs\s400-scale\bootloader\esp_hw_support\port\esp32\rtc_init.c.o

Archiving .pioenvs\s400-scale\bootloader\esp-idf\efuse\libefuse.a

Archiving .pioenvs\s400-scale\bootloader\esp-idf\esp_bootloader_format\libesp_bootloader_format.a

Archiving .pioenvs\s400-scale\bootloader\esp-idf\esp_common\libesp_common.a

Indexing .pioenvs\s400-scale\bootloader\esp-idf\bootloader_support\libbootloader_support.a

Compiling .pioenvs\s400-scale\bootloader\esp_hw_support\port\esp32\rtc_sleep.c.o

Compiling .pioenvs\s400-scale\bootloader\esp_hw_support\port\esp32\rtc_time.c.o

Compiling .pioenvs\s400-scale\bootloader\esp_hw_support\port\esp32\chip_info.c.o

Indexing .pioenvs\s400-scale\bootloader\esp-idf\efuse\libefuse.a

Indexing .pioenvs\s400-scale\bootloader\esp-idf\esp_bootloader_format\libesp_bootloader_format.a

Compiling .pioenvs\s400-scale\bootloader\esp_rom\patches\esp_rom_sys.c.o

Compiling .pioenvs\s400-scale\bootloader\esp_rom\patches\esp_rom_print.c.o

Indexing .pioenvs\s400-scale\bootloader\esp-idf\esp_common\libesp_common.a

Compiling .pioenvs\s400-scale\bootloader\esp_rom\patches\esp_rom_crc.c.o

Compiling .pioenvs\s400-scale\bootloader\esp_rom\patches\esp_rom_uart.c.o

Compiling .pioenvs\s400-scale\bootloader\esp_rom\patches\esp_rom_spiflash.c.o

Compiling .pioenvs\s400-scale\bootloader\esp_rom\patches\esp_rom_efuse.c.o

Compiling .pioenvs\s400-scale\bootloader\esp_rom\patches\esp_rom_gpio.c.o

Compiling .pioenvs\s400-scale\bootloader\esp_rom\patches\esp_rom_longjmp.S.o

Compiling .pioenvs\s400-scale\bootloader\esp_system\esp_err.c.o

Compiling .pioenvs\s400-scale\bootloader\hal\hal_utils.c.o

Archiving .pioenvs\s400-scale\bootloader\esp-idf\esp_hw_support\libesp_hw_support.a

Compiling .pioenvs\s400-scale\bootloader\hal\mpu_hal.c.o

Compiling .pioenvs\s400-scale\bootloader\hal\efuse_hal.c.o

Compiling .pioenvs\s400-scale\bootloader\hal\esp32\efuse_hal.c.o

Compiling .pioenvs\s400-scale\bootloader\hal\wdt_hal_iram.c.o

Compiling .pioenvs\s400-scale\bootloader\hal\mmu_hal.c.o

Compiling .pioenvs\s400-scale\bootloader\hal\esp32\cache_hal_esp32.c.o

Indexing .pioenvs\s400-scale\bootloader\esp-idf\esp_hw_support\libesp_hw_support.a

Compiling .pioenvs\s400-scale\bootloader\log\src\noos\log_timestamp.c.o

Archiving .pioenvs\s400-scale\bootloader\esp-idf\esp_system\libesp_system.a

Compiling .pioenvs\s400-scale\bootloader\log\src\log_timestamp_common.c.o

Archiving .pioenvs\s400-scale\bootloader\esp-idf\esp_rom\libesp_rom.a

Compiling .pioenvs\s400-scale\bootloader\log\src\noos\log_lock.c.o

Compiling .pioenvs\s400-scale\bootloader\log\src\buffer\log_buffers.c.o

Compiling .pioenvs\s400-scale\bootloader\log\src\noos\util.c.o

Compiling .pioenvs\s400-scale\bootloader\log\src\util.c.o

Indexing .pioenvs\s400-scale\bootloader\esp-idf\esp_system\libesp_system.a

Indexing .pioenvs\s400-scale\bootloader\esp-idf\esp_rom\libesp_rom.a

Compiling .pioenvs\s400-scale\bootloader\log\src\log_format_text.c.o

Compiling .pioenvs\s400-scale\bootloader\log\src\log_print.c.o

Compiling .pioenvs\s400-scale\bootloader\log\src\log.c.o

Archiving .pioenvs\s400-scale\bootloader\esp-idf\hal\libhal.a

Indexing .pioenvs\s400-scale\bootloader\esp-idf\hal\libhal.a

Compiling .pioenvs\s400-scale\bootloader\bootloader\subproject\components\micro-ecc\uECC_verify_antifault.c.o

Compiling .pioenvs\s400-scale\bootloader\soc\lldesc.c.o

Compiling .pioenvs\s400-scale\bootloader\soc\dport_access_common.c.o

Compiling .pioenvs\s400-scale\bootloader\soc\esp32\interrupts.c.o

Compiling .pioenvs\s400-scale\bootloader\soc\esp32\gpio_periph.c.o

Compiling .pioenvs\s400-scale\bootloader\soc\esp32\uart_periph.c.o

Compiling .pioenvs\s400-scale\bootloader\soc\esp32\dport_access.c.o

Compiling .pioenvs\s400-scale\bootloader\soc\esp32\adc_periph.c.o

Compiling .pioenvs\s400-scale\bootloader\soc\esp32\emac_periph.c.o

Archiving .pioenvs\s400-scale\bootloader\esp-idf\log\liblog.a

Compiling .pioenvs\s400-scale\bootloader\soc\esp32\spi_periph.c.o

Compiling .pioenvs\s400-scale\bootloader\soc\esp32\ledc_periph.c.o

Indexing .pioenvs\s400-scale\bootloader\esp-idf\log\liblog.a

Compiling .pioenvs\s400-scale\bootloader\soc\esp32\pcnt_periph.c.o

Compiling .pioenvs\s400-scale\bootloader\soc\esp32\rmt_periph.c.o

Compiling .pioenvs\s400-scale\bootloader\soc\esp32\sdm_periph.c.o

Compiling .pioenvs\s400-scale\bootloader\soc\esp32\i2s_periph.c.o

Compiling .pioenvs\s400-scale\bootloader\soc\esp32\i2c_periph.c.o

Compiling .pioenvs\s400-scale\bootloader\soc\esp32\timer_periph.c.o

Compiling .pioenvs\s400-scale\bootloader\soc\esp32\lcd_periph.c.o

Compiling .pioenvs\s400-scale\bootloader\soc\esp32\mcpwm_periph.c.o

Compiling .pioenvs\s400-scale\bootloader\soc\esp32\mpi_periph.c.o

Compiling .pioenvs\s400-scale\bootloader\soc\esp32\sdmmc_periph.c.o

Compiling .pioenvs\s400-scale\bootloader\soc\esp32\touch_sensor_periph.c.o

Compiling .pioenvs\s400-scale\bootloader\soc\esp32\twai_periph.c.o

Compiling .pioenvs\s400-scale\bootloader\soc\esp32\wdt_periph.c.o

Compiling .pioenvs\s400-scale\bootloader\soc\esp32\dac_periph.c.o

Compiling .pioenvs\s400-scale\bootloader\soc\esp32\rtc_io_periph.c.o

Compiling .pioenvs\s400-scale\bootloader\soc\esp32\sdio_slave_periph.c.o

Compiling .pioenvs\s400-scale\bootloader\soc\esp32\power_supply_periph.c.o

Compiling .pioenvs\s400-scale\bootloader\spi_flash\spi_flash_wrap.c.o

Archiving .pioenvs\s400-scale\bootloader\esp-idf\micro-ecc\libmicro-ecc.a

Generating partitions .pioenvs\s400-scale\partitions.bin

Indexing .pioenvs\s400-scale\bootloader\esp-idf\micro-ecc\libmicro-ecc.a

Archiving .pioenvs\s400-scale\bootloader\esp-idf\soc\libsoc.a

Archiving .pioenvs\s400-scale\bootloader\esp-idf\spi_flash\libspi_flash.a

Indexing .pioenvs\s400-scale\bootloader\esp-idf\soc\libsoc.a

Indexing .pioenvs\s400-scale\bootloader\esp-idf\spi_flash\libspi_flash.a

Linking .pioenvs\s400-scale\bootloader.elf

Building .pioenvs\s400-scale\bootloader.bin

Creating ESP32 image...

Successfully created ESP32 image.

Linking .pioenvs\s400-scale\firmware.elf

Firmware metrics can not be shown. Set the terminal codepage to "utf-8"

RAM:   [==        ]  18.2% (used 59744 bytes from 327680 bytes)

Flash: [========  ]  75.2% (used 1379691 bytes from 1835008 bytes)
Building .pioenvs\s400-scale\firmware.bin

Creating ESP32 image...

Successfully created ESP32 image.

merge_factory_bin([".pioenvs\s400-scale\firmware.bin"], [".pioenvs\s400-scale\firmware.elf"])

Info: bootloader.bin not found - skipping

Info: partition-table.bin not found - skipping

Info: ota_data_initial.bin not found - skipping

Info: s400-scale.bin not found - skipping

Using FLASH_EXTRA_IMAGES from PlatformIO environment

Merging binaries into C:\esphome-s400\.esphome\build\s400-scale\.pioenvs\s400-scale\firmware.factory.bin

Merging binaries with esptool

SHA digest in image updated.

Wrote 0x160f00 bytes to file 'C:\esphome-s400\.esphome\build\s400-scale\.pioenvs\s400-scale\firmware.factory.bin', ready to flash to offset 0x0.

Successfully created C:\esphome-s400\.esphome\build\s400-scale\.pioenvs\s400-scale\firmware.factory.bin

esp32_copy_ota_bin([".pioenvs\s400-scale\firmware.bin"], [".pioenvs\s400-scale\firmware.elf"])

Copied firmware to C:\esphome-s400\.esphome\build\s400-scale\.pioenvs\s400-scale/firmware.ota.bin

======================== [SUCCESS] Took 375.54 seconds ========================

INFO Successfully compiled program.
esptool v5.1.0
Serial port COM15:
Connecting....
Connected to ESP32 on COM15:
Chip type:          ESP32-D0WD-V3 (revision v3.1)
Features:           Wi-Fi, BT, Dual Core + LP Core, 240MHz, Vref calibration in eFuse, Coding Scheme None
Crystal frequency:  40MHz
MAC:                70:4b:ca:4c:bf:44

Uploading stub flasher...
Running stub flasher...
Stub flasher running.
Changing baud rate to 460800...
Changed.

Configuring flash size...
Auto-detected flash size: 4MB
Flash will be erased from 0x00010000 to 0x00160fff...
Flash will be erased from 0x00001000 to 0x00007fff...
Flash will be erased from 0x00008000 to 0x00008fff...
Flash will be erased from 0x0000e000 to 0x0000ffff...
Compressed 1380096 bytes to 908707...

Writing at 0x00010000 [                              ]   0.0% 0/908707 bytes... 

Writing at 0x0001cce8 [                              ]   1.8% 16384/908707 bytes... 

Writing at 0x00029f68 [>                             ]   3.6% 32768/908707 bytes... 

Writing at 0x00030b5c [>                             ]   5.4% 49152/908707 bytes... 

Writing at 0x00035134 [=>                            ]   7.2% 65536/908707 bytes... 

Writing at 0x0003ce12 [=>                            ]   9.0% 81920/908707 bytes... 

Writing at 0x0004623c [==>                           ]  10.8% 98304/908707 bytes... 

Writing at 0x0004ed85 [==>                           ]  12.6% 114688/908707 bytes... 

Writing at 0x0005497d [===>                          ]  14.4% 131072/908707 bytes... 

Writing at 0x00059fe7 [===>                          ]  16.2% 147456/908707 bytes... 

Writing at 0x0005f5fe [====>                         ]  18.0% 163840/908707 bytes... 

Writing at 0x00064d31 [====>                         ]  19.8% 180224/908707 bytes... 

Writing at 0x0006b98e [=====>                        ]  21.6% 196608/908707 bytes... 

Writing at 0x000715d9 [======>                       ]  23.4% 212992/908707 bytes... 

Writing at 0x00076d08 [======>                       ]  25.2% 229376/908707 bytes... 

Writing at 0x0007c043 [=======>                      ]  27.0% 245760/908707 bytes... 

Writing at 0x000815ba [=======>                      ]  28.8% 262144/908707 bytes... 

Writing at 0x00087203 [========>                     ]  30.7% 278528/908707 bytes... 

Writing at 0x0008c899 [========>                     ]  32.5% 294912/908707 bytes... 

Writing at 0x000925df [=========>                    ]  34.3% 311296/908707 bytes... 

Writing at 0x00098024 [=========>                    ]  36.1% 327680/908707 bytes... 

Writing at 0x0009d7b3 [==========>                   ]  37.9% 344064/908707 bytes... 

Writing at 0x000a2d61 [==========>                   ]  39.7% 360448/908707 bytes... 

Writing at 0x000a85cd [===========>                  ]  41.5% 376832/908707 bytes... 

Writing at 0x000adffe [===========>                  ]  43.3% 393216/908707 bytes... 

Writing at 0x000b37dc [============>                 ]  45.1% 409600/908707 bytes... 

Writing at 0x000b8e4a [=============>                ]  46.9% 425984/908707 bytes... 

Writing at 0x000be08c [=============>                ]  48.7% 442368/908707 bytes... 

Writing at 0x000c34e0 [==============>               ]  50.5% 458752/908707 bytes... 

Writing at 0x000c87e3 [==============>               ]  52.3% 475136/908707 bytes... 

Writing at 0x000cdd28 [===============>              ]  54.1% 491520/908707 bytes... 

Writing at 0x000d31f4 [===============>              ]  55.9% 507904/908707 bytes... 

Writing at 0x000d831a [================>             ]  57.7% 524288/908707 bytes... 

Writing at 0x000dd5ed [================>             ]  59.5% 540672/908707 bytes... 

Writing at 0x000e2f53 [=================>            ]  61.3% 557056/908707 bytes... 

Writing at 0x000e8970 [=================>            ]  63.1% 573440/908707 bytes... 

Writing at 0x000ee0af [==================>           ]  64.9% 589824/908707 bytes... 

Writing at 0x000f3638 [===================>          ]  66.7% 606208/908707 bytes... 

Writing at 0x000f8f08 [===================>          ]  68.5% 622592/908707 bytes... 

Writing at 0x000fea7f [====================>         ]  70.3% 638976/908707 bytes... 

Writing at 0x00104403 [====================>         ]  72.1% 655360/908707 bytes... 

Writing at 0x00109be3 [=====================>        ]  73.9% 671744/908707 bytes... 

Writing at 0x0010f502 [=====================>        ]  75.7% 688128/908707 bytes... 

Writing at 0x00115438 [======================>       ]  77.5% 704512/908707 bytes... 

Writing at 0x0011ae0d [======================>       ]  79.3% 720896/908707 bytes... 

Writing at 0x001209f3 [=======================>      ]  81.1% 737280/908707 bytes... 

Writing at 0x001262cd [=======================>      ]  82.9% 753664/908707 bytes... 

Writing at 0x0012bcae [========================>     ]  84.7% 770048/908707 bytes... 

Writing at 0x0013296a [========================>     ]  86.5% 786432/908707 bytes... 

Writing at 0x0013c9bc [=========================>    ]  88.3% 802816/908707 bytes... 

Writing at 0x00142bbc [==========================>   ]  90.2% 819200/908707 bytes... 

Writing at 0x00148452 [==========================>   ]  92.0% 835584/908707 bytes... 

Writing at 0x0014deac [===========================>  ]  93.8% 851968/908707 bytes... 

Writing at 0x00153774 [===========================>  ]  95.6% 868352/908707 bytes... 

Writing at 0x00158fcf [============================> ]  97.4% 884736/908707 bytes... 

Writing at 0x0015e327 [============================> ]  99.2% 901120/908707 bytes... 

Writing at 0x00160f00 [==============================] 100.0% 908707/908707 bytes... 
Wrote 1380096 bytes (908707 compressed) at 0x00010000 in 22.0 seconds (500.8 kbit/s).
Hash of data verified.
SHA digest in image updated.
Compressed 26240 bytes to 16491...

Writing at 0x00001000 [                              ]   0.0% 0/16491 bytes... 

Writing at 0x000075f7 [============================> ]  99.4% 16384/16491 bytes... 

Writing at 0x00007680 [==============================] 100.0% 16491/16491 bytes... 
Wrote 26240 bytes (16491 compressed) at 0x00001000 in 0.9 seconds (234.0 kbit/s).
Hash of data verified.
Compressed 3072 bytes to 144...

Writing at 0x00008000 [                              ]   0.0% 0/144 bytes... 

Writing at 0x00008c00 [==============================] 100.0% 144/144 bytes... 
Wrote 3072 bytes (144 compressed) at 0x00008000 in 0.1 seconds (321.4 kbit/s).
Hash of data verified.
Compressed 8192 bytes to 47...

Writing at 0x0000e000 [                              ]   0.0% 0/47 bytes... 

Writing at 0x00010000 [==============================] 100.0% 47/47 bytes... 
Wrote 8192 bytes (47 compressed) at 0x0000e000 in 0.1 seconds (472.2 kbit/s).
Hash of data verified.

Hard resetting via RTS pin...
INFO Successfully uploaded program.
INFO Starting log output from COM15 with baud rate 115200
[21:10:38.447][D][wifi:1068]: Found networks:
[21:10:38.456][I][wifi:1041]: - 'WutanLan' (70:4F:57:8A:62:15) b"[21:10:38.456]\x1b[0;32m[I][wifi:1041]: - 'WutanLan' \x1b[5m(70:4F:57:8A:62:15) \x1b[6m\x1b[0;32m\xe2\x96\x82\xe2\x96\x84\xe2\x96\x86\xe2\x96\x88\x1b[0m\x1b[0m"
[21:10:38.462][D][wifi:1044]:   Channel:  2, RSSI: -15 dB, Priority:    0
[21:10:38.470][D][wifi:1046]: - 'CIA van' (48:5F:08:E7:4B:56) b"[21:10:38.470]\x1b[0;36m[D][wifi:1046]: - \x1b[5m'CIA van'\x1b[6m \x1b[5m(48:5F:08:E7:4B:56) \x1b[6m\x1b[0;33m\xe2\x96\x82\xe2\x96\x84\xe2\x96\x86\x1b[0;37m\xe2\x96\x88\x1b[0m\x1b[0m"
[21:10:38.480][D][wifi:1046]: - 'Lynet McQueen' (D8:47:32:5D:44:F5) b"[21:10:38.480]\x1b[0;36m[D][wifi:1046]: - \x1b[5m'Lynet McQueen'\x1b[6m \x1b[5m(D8:47:32:5D:44:F5) \x1b[6m\x1b[0;33m\xe2\x96\x82\xe2\x96\x84\xe2\x96\x86\x1b[0;37m\xe2\x96\x88\x1b[0m\x1b[0m"
[21:10:38.489][D][wifi:1046]: - 'Herlock Sholmes' (00:31:92:B2:53:20) b"[21:10:38.489]\x1b[0;36m[D][wifi:1046]: - \x1b[5m'Herlock Sholmes'\x1b[6m \x1b[5m(00:31:92:B2:53:20) \x1b[6m\x1b[0;33m\xe2\x96\x82\xe2\x96\x84\xe2\x96\x86\x1b[0;37m\xe2\x96\x88\x1b[0m\x1b[0m"
[21:10:38.500][D][wifi:1046]: - 'Hurlumhejhuset' (28:EE:52:C2:4C:A2) b"[21:10:38.500]\x1b[0;36m[D][wifi:1046]: - \x1b[5m'Hurlumhejhuset'\x1b[6m \x1b[5m(28:EE:52:C2:4C:A2) \x1b[6m\x1b[0;33m\xe2\x96\x82\xe2\x96\x84\xe2\x96\x86\x1b[0;37m\xe2\x96\x88\x1b[0m\x1b[0m"
[21:10:38.508][D][wifi:1046]: - '' (2E:EE:52:C2:4C:A2) b"[21:10:38.508]\x1b[0;36m[D][wifi:1046]: - \x1b[5m''\x1b[6m \x1b[5m(2E:EE:52:C2:4C:A2) \x1b[6m\x1b[0;33m\xe2\x96\x82\xe2\x96\x84\xe2\x96\x86\x1b[0;37m\xe2\x96\x88\x1b[0m\x1b[0m"
[21:10:38.519][D][wifi:1046]: - 'Broder Salsa' (3C:64:CF:2A:6F:F0) b"[21:10:38.519]\x1b[0;36m[D][wifi:1046]: - \x1b[5m'Broder Salsa'\x1b[6m \x1b[5m(3C:64:CF:2A:6F:F0) \x1b[6m\x1b[0;33m\xe2\x96\x82\xe2\x96\x84\xe2\x96\x86\x1b[0;37m\xe2\x96\x88\x1b[0m\x1b[0m"
[21:10:38.526][D][wifi:1046]: - '' (DE:47:32:5D:44:F5) b"[21:10:38.526]\x1b[0;36m[D][wifi:1046]: - \x1b[5m''\x1b[6m \x1b[5m(DE:47:32:5D:44:F5) \x1b[6m\x1b[0;33m\xe2\x96\x82\xe2\x96\x84\xe2\x96\x86\x1b[0;37m\xe2\x96\x88\x1b[0m\x1b[0m"
[21:10:38.534][D][wifi:1046]: - '' (DE:47:32:5D:42:8B) b"[21:10:38.534]\x1b[0;36m[D][wifi:1046]: - \x1b[5m''\x1b[6m \x1b[5m(DE:47:32:5D:42:8B) \x1b[6m\x1b[0;33m\xe2\x96\x82\xe2\x96\x84\xe2\x96\x86\x1b[0;37m\xe2\x96\x88\x1b[0m\x1b[0m"
[21:10:38.543][D][wifi:1046]: - '' (3E:64:CF:2A:6F:F0) b"[21:10:38.543]\x1b[0;36m[D][wifi:1046]: - \x1b[5m''\x1b[6m \x1b[5m(3E:64:CF:2A:6F:F0) \x1b[6m\x1b[0;33m\xe2\x96\x82\xe2\x96\x84\xe2\x96\x86\x1b[0;37m\xe2\x96\x88\x1b[0m\x1b[0m"
[21:10:38.553][D][wifi:1046]: - 'Restart to connect' (D8:47:32:5D:42:8B) b"[21:10:38.553]\x1b[0;36m[D][wifi:1046]: - \x1b[5m'Restart to connect'\x1b[6m \x1b[5m(D8:47:32:5D:42:8B) \x1b[6m\x1b[0;33m\xe2\x96\x82\xe2\x96\x84\xe2\x96\x86\x1b[0;37m\xe2\x96\x88\x1b[0m\x1b[0m"
[21:10:38.564][D][wifi:1046]: - 'Lynx_7D1238' (34:21:09:7D:12:39) b"[21:10:38.564]\x1b[0;36m[D][wifi:1046]: - \x1b[5m'Lynx_7D1238'\x1b[6m \x1b[5m(34:21:09:7D:12:39) \x1b[6m\x1b[0;33m\xe2\x96\x82\xe2\x96\x84\x1b[0;37m\xe2\x96\x86\xe2\x96\x88\x1b[0m\x1b[0m"
[21:10:38.572][D][wifi:1046]: - 'TP-Link_7C76' (B4:B0:24:06:7C:76) b"[21:10:38.572]\x1b[0;36m[D][wifi:1046]: - \x1b[5m'TP-Link_7C76'\x1b[6m \x1b[5m(B4:B0:24:06:7C:76) \x1b[6m\x1b[0;33m\xe2\x96\x82\xe2\x96\x84\x1b[0;37m\xe2\x96\x86\xe2\x96\x88\x1b[0m\x1b[0m"
[21:10:38.583][D][wifi:1046]: - 'POP-Net-Slow-WiFi' (1C:28:AF:80:F4:01) b"[21:10:38.583]\x1b[0;36m[D][wifi:1046]: - \x1b[5m'POP-Net-Slow-WiFi'\x1b[6m \x1b[5m(1C:28:AF:80:F4:01) \x1b[6m\x1b[0;33m\xe2\x96\x82\xe2\x96\x84\x1b[0;37m\xe2\x96\x86\xe2\x96\x88\x1b[0m\x1b[0m"
[21:10:38.592][D][wifi:1046]: - 'POP267' (08:BF:B8:49:FD:F8) b"[21:10:38.592]\x1b[0;36m[D][wifi:1046]: - \x1b[5m'POP267'\x1b[6m \x1b[5m(08:BF:B8:49:FD:F8) \x1b[6m\x1b[0;33m\xe2\x96\x82\xe2\x96\x84\x1b[0;37m\xe2\x96\x86\xe2\x96\x88\x1b[0m\x1b[0m"
[21:10:38.600][D][wifi:1046]: - 'POP068' (10:7C:61:3C:55:70) b"[21:10:38.600]\x1b[0;36m[D][wifi:1046]: - \x1b[5m'POP068'\x1b[6m \x1b[5m(10:7C:61:3C:55:70) \x1b[6m\x1b[0;33m\xe2\x96\x82\xe2\x96\x84\x1b[0;37m\xe2\x96\x86\xe2\x96\x88\x1b[0m\x1b[0m"
[21:10:38.611][D][wifi:1046]: - '' (A8:29:48:84:D6:1A) b"[21:10:38.611]\x1b[0;36m[D][wifi:1046]: - \x1b[5m''\x1b[6m \x1b[5m(A8:29:48:84:D6:1A) \x1b[6m\x1b[0;33m\xe2\x96\x82\xe2\x96\x84\x1b[0;37m\xe2\x96\x86\xe2\x96\x88\x1b[0m\x1b[0m"
[21:10:38.619][D][wifi:1046]: - 'Gam33' (AA:29:48:A4:D6:1A) b"[21:10:38.619]\x1b[0;36m[D][wifi:1046]: - \x1b[5m'Gam33'\x1b[6m \x1b[5m(AA:29:48:A4:D6:1A) \x1b[6m\x1b[0;33m\xe2\x96\x82\xe2\x96\x84\x1b[0;37m\xe2\x96\x86\xe2\x96\x88\x1b[0m\x1b[0m"
[21:10:38.628][D][wifi:1046]: - 'TP-Link_2052' (74:DA:88:38:20:52) b"[21:10:38.628]\x1b[0;36m[D][wifi:1046]: - \x1b[5m'TP-Link_2052'\x1b[6m \x1b[5m(74:DA:88:38:20:52) \x1b[6m\x1b[0;33m\xe2\x96\x82\xe2\x96\x84\x1b[0;37m\xe2\x96\x86\xe2\x96\x88\x1b[0m\x1b[0m"
[21:10:38.637][D][wifi:1046]: - 'TP-Link_04A8' (CC:BA:BD:17:04:A7) b"[21:10:38.637]\x1b[0;36m[D][wifi:1046]: - \x1b[5m'TP-Link_04A8'\x1b[6m \x1b[5m(CC:BA:BD:17:04:A7) \x1b[6m\x1b[0;33m\xe2\x96\x82\xe2\x96\x84\x1b[0;37m\xe2\x96\x86\xe2\x96\x88\x1b[0m\x1b[0m"
[21:10:38.648][D][wifi:1046]: - 'POP-Net-Slow-WiFi' (1C:28:AF:82:6A:A1) b"[21:10:38.648]\x1b[0;36m[D][wifi:1046]: - \x1b[5m'POP-Net-Slow-WiFi'\x1b[6m \x1b[5m(1C:28:AF:82:6A:A1) \x1b[6m\x1b[0;31m\xe2\x96\x82\x1b[0;37m\xe2\x96\x84\xe2\x96\x86\xe2\x96\x88\x1b[0m\x1b[0m"
[21:10:38.656][D][wifi:1046]: - 'wifi1234' (3C:64:CF:B4:B2:6E) b"[21:10:38.656]\x1b[0;36m[D][wifi:1046]: - \x1b[5m'wifi1234'\x1b[6m \x1b[5m(3C:64:CF:B4:B2:6E) \x1b[6m\x1b[0;31m\xe2\x96\x82\x1b[0;37m\xe2\x96\x84\xe2\x96\x86\xe2\x96\x88\x1b[0m\x1b[0m"
[21:10:38.666][D][wifi:1046]: - 'Piphans' pomfritter ' (3C:78:95:04:22:96) b"[21:10:38.666]\x1b[0;36m[D][wifi:1046]: - \x1b[5m'Piphans' pomfritter '\x1b[6m \x1b[5m(3C:78:95:04:22:96) \x1b[6m\x1b[0;31m\xe2\x96\x82\x1b[0;37m\xe2\x96\x84\xe2\x96\x86\xe2\x96\x88\x1b[0m\x1b[0m"
[21:10:38.677][D][wifi:1046]: - '' (6E:64:CF:B4:B2:6E) b"[21:10:38.677]\x1b[0;36m[D][wifi:1046]: - \x1b[5m''\x1b[6m \x1b[5m(6E:64:CF:B4:B2:6E) \x1b[6m\x1b[0;31m\xe2\x96\x82\x1b[0;37m\xe2\x96\x84\xe2\x96\x86\xe2\x96\x88\x1b[0m\x1b[0m"
[21:10:38.681]b'[21:10:38.681]\x1b[0;36m[D][wifi:1361]: Retry phase: INITIAL_CONNECT \xe2\x86\x92 SCAN_CONNECTING\x1b[0m'
[21:10:38.696][I][wifi:774]: Connecting to 'WutanLan' (70:4F:57:8A:62:15) (priority 0, attempt 1/2 in phase SCAN_CONNECTING)...
[21:10:38.702][W][component:490]: wifi took a long time for an operation (226 ms)
[21:10:38.707][W][component:493]: Components should block for at most 30 ms
[21:10:39.988][I][wifi:1149]: Connected
[21:10:39.993][C][wifi:897]:   Local MAC: 70:4B:CA:4C:BF:44
[21:10:39.999][C][wifi:904]:   IP Address: 192.168.50.148
[21:10:40.005][C][wifi:908]:   SSID: 'WutanLan'
[21:10:40.008][C][wifi:908]:   BSSID: 70:4F:57:8A:62:15
[21:10:40.008][C][wifi:908]:   Hostname: 's400-scale'
[21:10:40.013][C][wifi:908]:   Signal strength: -17 dB b'[21:10:40.013]\x1b[0;35m[C][wifi:908]:   Signal strength: -17 dB \x1b[0;32m\xe2\x96\x82\xe2\x96\x84\xe2\x96\x86\xe2\x96\x88\x1b[0m'
[21:10:40.013][C][wifi:908]:   Channel: 2
[21:10:40.016][C][wifi:908]:   Subnet: 255.255.255.0
[21:10:40.018][C][wifi:908]:   Gateway: 192.168.50.1
[21:10:40.019][C][wifi:908]:   DNS1: 192.168.50.1
[21:10:40.022][C][wifi:908]:   DNS2: 0.0.0.0
[21:10:40.024][D][wifi:1173]: Disabling AP
[21:10:40.029][W][component:373]: wifi cleared Warning flag
[21:10:40.181][D][api:136]: Accept 192.168.50.203
[21:10:40.186][W][component:373]: api cleared Warning flag
[21:10:40.208][W][api.connection:1978]: 192.168.50.203 (192.168.50.203): Socket operation failed HANDSHAKESTATE_READ_FAILED errno=11
[21:10:40.210][W][component:333]: api set Warning flag: unspecified
[21:10:40.260][D][api:136]: Accept 192.168.50.203
[21:10:40.263][W][component:373]: api cleared Warning flag
[21:10:40.287][W][api.connection:1978]: 192.168.50.203 (192.168.50.203): Socket operation failed BAD_INDICATOR errno=11
[21:10:40.291][W][component:333]: api set Warning flag: unspecified
[21:10:47.520][D][api:136]: Accept 192.168.50.203
[21:10:47.525][W][component:373]: api cleared Warning flag
[21:10:47.546][W][api.connection:1978]: 192.168.50.203 (192.168.50.203): Socket operation failed HANDSHAKESTATE_READ_FAILED errno=11
[21:10:47.550][W][component:333]: api set Warning flag: unspecified
[21:11:30.145][I][safe_mode:042]: Boot seems successful; resetting boot loop counter
[21:11:30.152][D][esp32.preferences:149]: Writing 1 items: 0 cached, 1 written, 0 failed
