INFO ESPHome 2025.12.4
INFO Reading configuration C:\esphome-soil\soil-notifier.yaml...
INFO Generating C++ source...
INFO Setting CONFIG_LWIP_MAX_SOCKETS to 11 (registered: api=4, captive_portal=4, mdns=2, ota=1)
INFO Core config or version changed, cleaning build files...
INFO Deleting C:\esphome-soil\.esphome\build\plant-soil-notifier\.pioenvs
INFO Deleting C:\esphome-soil\.esphome\build\plant-soil-notifier\.piolibdeps
INFO Compiling app... Build path: C:\esphome-soil\.esphome\build\plant-soil-notifier
********************************************************************************

Obsolete PIO Core v6.1.18 is used (previous was 6.1.19)

Please remove multiple PIO Cores from a system:

https://docs.platformio.org/en/latest/core/installation/troubleshooting.html

********************************************************************************

Processing plant-soil-notifier (board: wemos_d1_mini32; framework: arduino, espidf; platform: https://github.com/pioarduino/platform-espressif32/releases/download/55.03.31-2/platform-espressif32.zip)

--------------------------------------------------------------------------------

Library Manager: Installing esphome/noise-c @ 0.1.10

INFO Installing esphome/noise-c @ 0.1.10

Unpacking  [------------------------------------]    0%
Unpacking  [------------------------------------]    1%
Unpacking  [------------------------------------]    2%
Unpacking  [#-----------------------------------]    4%
Unpacking  [#-----------------------------------]    5%
Unpacking  [##----------------------------------]    6%
Unpacking  [##----------------------------------]    8%
Unpacking  [###---------------------------------]    9%
Unpacking  [###---------------------------------]   10%
Unpacking  [####--------------------------------]   12%
Unpacking  [####--------------------------------]   13%
Unpacking  [#####-------------------------------]   14%
Unpacking  [#####-------------------------------]   16%
Unpacking  [######------------------------------]   17%
Unpacking  [######------------------------------]   18%
Unpacking  [#######-----------------------------]   20%
Unpacking  [#######-----------------------------]   21%
Unpacking  [########----------------------------]   22%
Unpacking  [########----------------------------]   24%
Unpacking  [#########---------------------------]   25%
Unpacking  [#########---------------------------]   27%
Unpacking  [##########--------------------------]   28%
Unpacking  [##########--------------------------]   29%
Unpacking  [###########-------------------------]   31%
Unpacking  [###########-------------------------]   32%
Unpacking  [############------------------------]   33%
Unpacking  [############------------------------]   35%
Unpacking  [#############-----------------------]   36%
Unpacking  [#############-----------------------]   37%
Unpacking  [##############----------------------]   39%
Unpacking  [##############----------------------]   40%
Unpacking  [###############---------------------]   41%
Unpacking  [###############---------------------]   43%
Unpacking  [################--------------------]   44%
Unpacking  [################--------------------]   45%
Unpacking  [#################-------------------]   47%
Unpacking  [#################-------------------]   48%
Unpacking  [##################------------------]   50%
Unpacking  [##################------------------]   51%
Unpacking  [##################------------------]   52%
Unpacking  [###################-----------------]   54%
Unpacking  [###################-----------------]   55%
Unpacking  [####################----------------]   56%
Unpacking  [####################----------------]   58%
Unpacking  [#####################---------------]   59%
Unpacking  [#####################---------------]   60%
Unpacking  [######################--------------]   62%
Unpacking  [######################--------------]   63%
Unpacking  [#######################-------------]   64%
Unpacking  [#######################-------------]   66%
Unpacking  [########################------------]   67%
Unpacking  [########################------------]   68%
Unpacking  [#########################-----------]   70%
Unpacking  [#########################-----------]   71%
Unpacking  [##########################----------]   72%
Unpacking  [##########################----------]   74%
Unpacking  [###########################---------]   75%
Unpacking  [###########################---------]   77%
Unpacking  [############################--------]   78%
Unpacking  [############################--------]   79%
Unpacking  [#############################-------]   81%
Unpacking  [#############################-------]   82%
Unpacking  [##############################------]   83%
Unpacking  [##############################------]   85%
Unpacking  [###############################-----]   86%
Unpacking  [###############################-----]   87%
Unpacking  [################################----]   89%
Unpacking  [################################----]   90%
Unpacking  [#################################---]   91%
Unpacking  [#################################---]   93%
Unpacking  [##################################--]   94%
Unpacking  [##################################--]   95%
Unpacking  [###################################-]   97%
Unpacking  [###################################-]   98%
Unpacking  [####################################]  100%

Library Manager: noise-c@0.1.10 has been installed!
INFO noise-c@0.1.10 has been installed!

Library Manager: Resolving dependencies...

INFO Resolving dependencies...
Library Manager: Installing esphome/libsodium @ 1.10020.7

INFO Installing esphome/libsodium @ 1.10020.7

Unpacking  [------------------------------------]    0%
Unpacking  [------------------------------------]    1%
Unpacking  [------------------------------------]    2%
Unpacking  [#-----------------------------------]    3%
Unpacking  [#-----------------------------------]    4%
Unpacking  [#-----------------------------------]    5%
Unpacking  [##----------------------------------]    6%
Unpacking  [##----------------------------------]    7%
Unpacking  [###---------------------------------]    8%
Unpacking  [###---------------------------------]    9%
Unpacking  [###---------------------------------]   10%
Unpacking  [####--------------------------------]   11%
Unpacking  [####--------------------------------]   12%
Unpacking  [####--------------------------------]   13%
Unpacking  [#####-------------------------------]   14%
Unpacking  [#####-------------------------------]   16%
Unpacking  [######------------------------------]   17%
Unpacking  [######------------------------------]   18%
Unpacking  [######------------------------------]   19%
Unpacking  [#######-----------------------------]   20%
Unpacking  [#######-----------------------------]   21%
Unpacking  [########----------------------------]   22%
Unpacking  [########----------------------------]   23%
Unpacking  [########----------------------------]   24%
Unpacking  [#########---------------------------]   25%
Unpacking  [#########---------------------------]   26%
Unpacking  [#########---------------------------]   27%
Unpacking  [##########--------------------------]   28%
Unpacking  [##########--------------------------]   29%
Unpacking  [###########-------------------------]   30%
Unpacking  [###########-------------------------]   32%
Unpacking  [###########-------------------------]   33%
Unpacking  [############------------------------]   34%
Unpacking  [############------------------------]   35%
Unpacking  [#############-----------------------]   36%
Unpacking  [#############-----------------------]   37%
Unpacking  [#############-----------------------]   38%
Unpacking  [##############----------------------]   39%
Unpacking  [##############----------------------]   40%
Unpacking  [##############----------------------]   41%
Unpacking  [###############---------------------]   42%
Unpacking  [###############---------------------]   43%
Unpacking  [################--------------------]   44%
Unpacking  [################--------------------]   45%
Unpacking  [################--------------------]   46%
Unpacking  [#################-------------------]   48%
Unpacking  [#################-------------------]   49%
Unpacking  [##################------------------]   50%
Unpacking  [##################------------------]   51%
Unpacking  [##################------------------]   52%
Unpacking  [###################-----------------]   53%
Unpacking  [###################-----------------]   54%
Unpacking  [###################-----------------]   55%
Unpacking  [####################----------------]   56%
Unpacking  [####################----------------]   57%
Unpacking  [#####################---------------]   58%
Unpacking  [#####################---------------]   59%
Unpacking  [#####################---------------]   60%
Unpacking  [######################--------------]   61%
Unpacking  [######################--------------]   62%
Unpacking  [#######################-------------]   64%
Unpacking  [#######################-------------]   65%
Unpacking  [#######################-------------]   66%
Unpacking  [########################------------]   67%
Unpacking  [########################------------]   68%
Unpacking  [########################------------]   69%
Unpacking  [#########################-----------]   70%
Unpacking  [#########################-----------]   71%
Unpacking  [##########################----------]   72%
Unpacking  [##########################----------]   73%
Unpacking  [##########################----------]   74%
Unpacking  [###########################---------]   75%
Unpacking  [###########################---------]   76%
Unpacking  [############################--------]   77%
Unpacking  [############################--------]   79%
Unpacking  [############################--------]   80%
Unpacking  [#############################-------]   81%
Unpacking  [#############################-------]   82%
Unpacking  [#############################-------]   83%
Unpacking  [##############################------]   84%
Unpacking  [##############################------]   85%
Unpacking  [###############################-----]   86%
Unpacking  [###############################-----]   87%
Unpacking  [###############################-----]   88%
Unpacking  [################################----]   89%
Unpacking  [################################----]   90%
Unpacking  [#################################---]   91%
Unpacking  [#################################---]   92%
Unpacking  [#################################---]   93%
Unpacking  [##################################--]   95%
Unpacking  [##################################--]   96%
Unpacking  [##################################--]   97%
Unpacking  [###################################-]   98%
Unpacking  [###################################-]   99%
Unpacking  [####################################]  100%

Library Manager: libsodium@1.10020.7 has been installed!

INFO libsodium@1.10020.7 has been installed!
HARDWARE: ESP32 240MHz, 320KB RAM, 4MB Flash

 - contrib-piohome @ 3.4.4 

 - framework-arduinoespressif32 @ 3.3.2 

 - framework-arduinoespressif32-libs @ 5.5.0+sha.129cd0d247 

 - framework-espidf @ 3.50501.0 (5.5.1) 

 - tool-cmake @ 4.0.3 

 - tool-esp-rom-elfs @ 2024.10.11 

 - tool-esptoolpy @ 5.1.0 

 - tool-mklittlefs @ 3.2.0 

 - tool-ninja @ 1.13.1 

 - tool-scons @ 4.40801.0 (4.8.1) 

 - toolchain-xtensa-esp-elf @ 14.2.0+20241119

Reading CMake configuration...

Generating assembly for certificate bundle...

Dependency Graph

|-- Networking @ 3.3.2

|-- ESP32 Async UDP @ 3.3.2

|-- DNSServer @ 3.3.2

|-- WiFi @ 3.3.2

|-- ESPmDNS @ 3.3.2

|-- noise-c @ 0.1.10

Generating assembly for .pioenvs\plant-soil-notifier\https_server.crt.S

Generating assembly for .pioenvs\plant-soil-notifier\rmaker_mqtt_server.crt.S

Generating assembly for .pioenvs\plant-soil-notifier\rmaker_claim_service_server.crt.S

Generating assembly for .pioenvs\plant-soil-notifier\rmaker_ota_server.crt.S

Compiling .pioenvs\plant-soil-notifier\src\esphome\components\adc\adc_sensor_common.cpp.o

Compiling .pioenvs\plant-soil-notifier\src\esphome\components\adc\adc_sensor_esp32.cpp.o

Compiling .pioenvs\plant-soil-notifier\src\esphome\components\api\api_connection.cpp.o

Compiling .pioenvs\plant-soil-notifier\src\esphome\components\api\api_frame_helper.cpp.o

Compiling .pioenvs\plant-soil-notifier\src\esphome\components\api\api_frame_helper_noise.cpp.o

Compiling .pioenvs\plant-soil-notifier\src\esphome\components\api\api_pb2.cpp.o

Compiling .pioenvs\plant-soil-notifier\src\esphome\components\api\api_pb2_service.cpp.o

Compiling .pioenvs\plant-soil-notifier\src\esphome\components\api\api_server.cpp.o

Compiling .pioenvs\plant-soil-notifier\src\esphome\components\api\list_entities.cpp.o

Compiling .pioenvs\plant-soil-notifier\src\esphome\components\api\proto.cpp.o

Compiling .pioenvs\plant-soil-notifier\src\esphome\components\api\subscribe_state.cpp.o

Compiling .pioenvs\plant-soil-notifier\src\esphome\components\binary_sensor\automation.cpp.o

Compiling .pioenvs\plant-soil-notifier\src\esphome\components\binary_sensor\binary_sensor.cpp.o

Compiling .pioenvs\plant-soil-notifier\src\esphome\components\binary_sensor\filter.cpp.o

Compiling .pioenvs\plant-soil-notifier\src\esphome\components\captive_portal\captive_portal.cpp.o

Compiling .pioenvs\plant-soil-notifier\src\esphome\components\esp32\core.cpp.o

Compiling .pioenvs\plant-soil-notifier\src\esphome\components\esp32\gpio.cpp.o

Compiling .pioenvs\plant-soil-notifier\src\esphome\components\esp32\helpers.cpp.o

Compiling .pioenvs\plant-soil-notifier\src\esphome\components\esp32\preferences.cpp.o

Compiling .pioenvs\plant-soil-notifier\src\esphome\components\esphome\ota\ota_esphome.cpp.o

Compiling .pioenvs\plant-soil-notifier\src\esphome\components\logger\logger.cpp.o

Compiling .pioenvs\plant-soil-notifier\src\esphome\components\logger\logger_esp32.cpp.o

Compiling .pioenvs\plant-soil-notifier\src\esphome\components\logger\task_log_buffer.cpp.o

Compiling .pioenvs\plant-soil-notifier\src\esphome\components\md5\md5.cpp.o

Compiling .pioenvs\plant-soil-notifier\src\esphome\components\mdns\mdns_component.cpp.o

Compiling .pioenvs\plant-soil-notifier\src\esphome\components\mdns\mdns_esp32.cpp.o

Compiling .pioenvs\plant-soil-notifier\src\esphome\components\network\util.cpp.o

Compiling .pioenvs\plant-soil-notifier\src\esphome\components\ota\ota_backend.cpp.o

Compiling .pioenvs\plant-soil-notifier\src\esphome\components\ota\ota_backend_esp_idf.cpp.o

Compiling .pioenvs\plant-soil-notifier\src\esphome\components\safe_mode\safe_mode.cpp.o

Compiling .pioenvs\plant-soil-notifier\src\esphome\components\sensor\automation.cpp.o

Compiling .pioenvs\plant-soil-notifier\src\esphome\components\sensor\filter.cpp.o

Compiling .pioenvs\plant-soil-notifier\src\esphome\components\sensor\sensor.cpp.o

Compiling .pioenvs\plant-soil-notifier\src\esphome\components\sha256\sha256.cpp.o

Compiling .pioenvs\plant-soil-notifier\src\esphome\components\socket\bsd_sockets_impl.cpp.o

Compiling .pioenvs\plant-soil-notifier\src\esphome\components\socket\socket.cpp.o

Compiling .pioenvs\plant-soil-notifier\src\esphome\components\template\binary_sensor\template_binary_sensor.cpp.o

Compiling .pioenvs\plant-soil-notifier\src\esphome\components\web_server\ota\ota_web_server.cpp.o

Compiling .pioenvs\plant-soil-notifier\src\esphome\components\web_server_base\web_server_base.cpp.o

Compiling .pioenvs\plant-soil-notifier\src\esphome\components\web_server_idf\multipart.cpp.o

Compiling .pioenvs\plant-soil-notifier\src\esphome\components\web_server_idf\utils.cpp.o

Compiling .pioenvs\plant-soil-notifier\src\esphome\components\web_server_idf\web_server_idf.cpp.o

Compiling .pioenvs\plant-soil-notifier\src\esphome\components\wifi\wifi_component.cpp.o

Compiling .pioenvs\plant-soil-notifier\src\esphome\components\wifi\wifi_component_esp_idf.cpp.o

Compiling .pioenvs\plant-soil-notifier\src\esphome\core\application.cpp.o

Compiling .pioenvs\plant-soil-notifier\src\esphome\core\color.cpp.o

Compiling .pioenvs\plant-soil-notifier\src\esphome\core\component.cpp.o

Compiling .pioenvs\plant-soil-notifier\src\esphome\core\component_iterator.cpp.o

Compiling .pioenvs\plant-soil-notifier\src\esphome\core\controller_registry.cpp.o

Compiling .pioenvs\plant-soil-notifier\src\esphome\core\entity_base.cpp.o

Compiling .pioenvs\plant-soil-notifier\src\esphome\core\helpers.cpp.o

Compiling .pioenvs\plant-soil-notifier\src\esphome\core\log.cpp.o

Compiling .pioenvs\plant-soil-notifier\src\esphome\core\ring_buffer.cpp.o

Compiling .pioenvs\plant-soil-notifier\src\esphome\core\scheduler.cpp.o

Compiling .pioenvs\plant-soil-notifier\src\esphome\core\time.cpp.o

Compiling .pioenvs\plant-soil-notifier\src\esphome\core\util.cpp.o

Compiling .pioenvs\plant-soil-notifier\src\main.cpp.o

Compiling .pioenvs\plant-soil-notifier\lib5ed\Network\NetworkClient.cpp.o

Compiling .pioenvs\plant-soil-notifier\lib5ed\Network\NetworkEvents.cpp.o

Compiling .pioenvs\plant-soil-notifier\lib5ed\Network\NetworkInterface.cpp.o

Compiling .pioenvs\plant-soil-notifier\lib5ed\Network\NetworkManager.cpp.o

Compiling .pioenvs\plant-soil-notifier\lib5ed\Network\NetworkServer.cpp.o

Compiling .pioenvs\plant-soil-notifier\lib5ed\Network\NetworkUdp.cpp.o

Compiling .pioenvs\plant-soil-notifier\lib05f\AsyncUDP\AsyncUDP.cpp.o

Compiling .pioenvs\plant-soil-notifier\lib404\DNSServer\DNSServer.cpp.o

Compiling .pioenvs\plant-soil-notifier\lib362\WiFi\AP.cpp.o

Compiling .pioenvs\plant-soil-notifier\lib362\WiFi\STA.cpp.o

Compiling .pioenvs\plant-soil-notifier\lib362\WiFi\WiFi.cpp.o

Compiling .pioenvs\plant-soil-notifier\lib362\WiFi\WiFiAP.cpp.o

Compiling .pioenvs\plant-soil-notifier\lib362\WiFi\WiFiGeneric.cpp.o

Compiling .pioenvs\plant-soil-notifier\lib362\WiFi\WiFiMulti.cpp.o

Compiling .pioenvs\plant-soil-notifier\lib362\WiFi\WiFiSTA.cpp.o

Compiling .pioenvs\plant-soil-notifier\lib362\WiFi\WiFiScan.cpp.o

Compiling .pioenvs\plant-soil-notifier\libe93\ESPmDNS\ESPmDNS.cpp.o

Compiling .pioenvs\plant-soil-notifier\libd4b\libsodium\crypto_core\ed25519\ref10\ed25519_ref10.c.o

Compiling .pioenvs\plant-soil-notifier\libd4b\libsodium\crypto_core\salsa\ref\core_salsa_ref.c.o

Compiling .pioenvs\plant-soil-notifier\libd4b\libsodium\crypto_hash\crypto_hash.c.o

Compiling .pioenvs\plant-soil-notifier\libd4b\libsodium\crypto_hash\sha256\cp\hash_sha256_cp.c.o

Compiling .pioenvs\plant-soil-notifier\libd4b\libsodium\crypto_hash\sha256\hash_sha256.c.o

Compiling .pioenvs\plant-soil-notifier\libd4b\libsodium\crypto_onetimeauth\crypto_onetimeauth.c.o

Compiling .pioenvs\plant-soil-notifier\libd4b\libsodium\crypto_onetimeauth\poly1305\donna\poly1305_donna.c.o

Compiling .pioenvs\plant-soil-notifier\libd4b\libsodium\crypto_onetimeauth\poly1305\onetimeauth_poly1305.c.o

Compiling .pioenvs\plant-soil-notifier\libd4b\libsodium\crypto_scalarmult\crypto_scalarmult.c.o

Compiling .pioenvs\plant-soil-notifier\libd4b\libsodium\crypto_scalarmult\curve25519\ref10\x25519_ref10.c.o

Compiling .pioenvs\plant-soil-notifier\libd4b\libsodium\crypto_scalarmult\curve25519\scalarmult_curve25519.c.o

Compiling .pioenvs\plant-soil-notifier\libd4b\libsodium\crypto_stream\chacha20\ref\chacha20_ref.c.o

Compiling .pioenvs\plant-soil-notifier\libd4b\libsodium\crypto_stream\chacha20\stream_chacha20.c.o

Compiling .pioenvs\plant-soil-notifier\libd4b\libsodium\crypto_stream\crypto_stream.c.o

Compiling .pioenvs\plant-soil-notifier\libd4b\libsodium\crypto_stream\salsa20\ref\salsa20_ref.c.o

Compiling .pioenvs\plant-soil-notifier\libd4b\libsodium\crypto_stream\salsa20\stream_salsa20.c.o

Compiling .pioenvs\plant-soil-notifier\libd4b\libsodium\crypto_stream\salsa20\xmm6\salsa20_xmm6-asm.S.o

Compiling .pioenvs\plant-soil-notifier\libd4b\libsodium\crypto_stream\salsa20\xmm6\salsa20_xmm6.c.o

Compiling .pioenvs\plant-soil-notifier\libd4b\libsodium\crypto_stream\salsa20\xmm6int\salsa20_xmm6int-avx2.c.o

Compiling .pioenvs\plant-soil-notifier\libd4b\libsodium\crypto_stream\salsa20\xmm6int\salsa20_xmm6int-sse2.c.o

Compiling .pioenvs\plant-soil-notifier\libd4b\libsodium\crypto_verify\verify.c.o

Compiling .pioenvs\plant-soil-notifier\libd4b\libsodium\randombytes\internal\randombytes_internal_random.c.o

Compiling .pioenvs\plant-soil-notifier\libd4b\libsodium\randombytes\randombytes.c.o

Compiling .pioenvs\plant-soil-notifier\libd4b\libsodium\randombytes\sysrandom\randombytes_sysrandom.c.o

Compiling .pioenvs\plant-soil-notifier\libd4b\libsodium\sodium\codecs.c.o

Compiling .pioenvs\plant-soil-notifier\libd4b\libsodium\sodium\core.c.o

Compiling .pioenvs\plant-soil-notifier\libd4b\libsodium\sodium\runtime.c.o

Compiling .pioenvs\plant-soil-notifier\libd4b\libsodium\sodium\utils.c.o

Compiling .pioenvs\plant-soil-notifier\libd67\noise-c\backend\openssl\cipher-aesgcm.c.o

Compiling .pioenvs\plant-soil-notifier\libd67\noise-c\backend\ref\cipher-aesgcm.c.o

Compiling .pioenvs\plant-soil-notifier\libd67\noise-c\backend\ref\cipher-chachapoly.c.o

Compiling .pioenvs\plant-soil-notifier\libd67\noise-c\backend\ref\dh-curve25519.c.o

Compiling .pioenvs\plant-soil-notifier\libd67\noise-c\backend\ref\hash-blake2b.c.o

Compiling .pioenvs\plant-soil-notifier\libd67\noise-c\backend\ref\hash-blake2s.c.o

Compiling .pioenvs\plant-soil-notifier\libd67\noise-c\backend\ref\hash-sha256.c.o

Compiling .pioenvs\plant-soil-notifier\libd67\noise-c\backend\sodium\cipher-aesgcm.c.o

Compiling .pioenvs\plant-soil-notifier\libd67\noise-c\backend\sodium\cipher-chachapoly.c.o

Compiling .pioenvs\plant-soil-notifier\libd67\noise-c\backend\sodium\dh-curve25519.c.o

Compiling .pioenvs\plant-soil-notifier\libd67\noise-c\backend\sodium\hash-blake2b.c.o

Compiling .pioenvs\plant-soil-notifier\libd67\noise-c\backend\sodium\hash-sha256.c.o

Compiling .pioenvs\plant-soil-notifier\libd67\noise-c\crypto\aes\rijndael-alg-fst.c.o

Compiling .pioenvs\plant-soil-notifier\libd67\noise-c\crypto\blake2\blake2b.c.o

Compiling .pioenvs\plant-soil-notifier\libd67\noise-c\crypto\blake2\blake2s.c.o

Compiling .pioenvs\plant-soil-notifier\libd67\noise-c\crypto\chacha\chacha.c.o

Compiling .pioenvs\plant-soil-notifier\libd67\noise-c\crypto\donna\curve25519-donna-c64.c.o

Compiling .pioenvs\plant-soil-notifier\libd67\noise-c\crypto\donna\curve25519-donna.c.o

Compiling .pioenvs\plant-soil-notifier\libd67\noise-c\crypto\donna\poly1305-donna.c.o

Compiling .pioenvs\plant-soil-notifier\libd67\noise-c\crypto\sha2\sha256.c.o

Compiling .pioenvs\plant-soil-notifier\libd67\noise-c\crypto\sha2\sha512.c.o

Compiling .pioenvs\plant-soil-notifier\libd67\noise-c\crypto\x25519\x25519.c.o

Compiling .pioenvs\plant-soil-notifier\libd67\noise-c\protocol\cipherstate.c.o

Compiling .pioenvs\plant-soil-notifier\libd67\noise-c\protocol\dhstate.c.o

Compiling .pioenvs\plant-soil-notifier\libd67\noise-c\protocol\errors.c.o

Compiling .pioenvs\plant-soil-notifier\libd67\noise-c\protocol\handshakestate.c.o

Compiling .pioenvs\plant-soil-notifier\libd67\noise-c\protocol\hashstate.c.o

Compiling .pioenvs\plant-soil-notifier\libd67\noise-c\protocol\internal.c.o

Compiling .pioenvs\plant-soil-notifier\libd67\noise-c\protocol\names.c.o

Compiling .pioenvs\plant-soil-notifier\libd67\noise-c\protocol\patterns.c.o

Compiling .pioenvs\plant-soil-notifier\libd67\noise-c\protocol\rand_os.c.o

Compiling .pioenvs\plant-soil-notifier\libd67\noise-c\protocol\rand_sodium.c.o

Compiling .pioenvs\plant-soil-notifier\libd67\noise-c\protocol\randstate.c.o

Compiling .pioenvs\plant-soil-notifier\libd67\noise-c\protocol\signstate.c.o

Compiling .pioenvs\plant-soil-notifier\libd67\noise-c\protocol\symmetricstate.c.o

Compiling .pioenvs\plant-soil-notifier\libd67\noise-c\protocol\util.c.o

Generating LD script .pioenvs\plant-soil-notifier\esp-idf\esp_system\ld\memory.ld.in

Generating LD script .pioenvs\plant-soil-notifier\esp-idf\esp_system\ld\sections.ld.in

Compiling .pioenvs\plant-soil-notifier\app_trace\app_trace.c.o

Compiling .pioenvs\plant-soil-notifier\app_trace\app_trace_util.c.o

Compiling .pioenvs\plant-soil-notifier\app_trace\host_file_io.c.o

Compiling .pioenvs\plant-soil-notifier\app_trace\port\port_uart.c.o

Generating LD script .pioenvs\plant-soil-notifier\memory.ld

Compiling .pioenvs\plant-soil-notifier\app_update\esp_ota_ops.c.o

Archiving .pioenvs\plant-soil-notifier\esp-idf\app_trace\libapp_trace.a

Compiling .pioenvs\plant-soil-notifier\app_update\esp_ota_app_desc.c.o

Compiling .pioenvs\plant-soil-notifier\bootloader_support\src\bootloader_common.c.o

Compiling .pioenvs\plant-soil-notifier\bootloader_support\src\bootloader_common_loader.c.o

Indexing .pioenvs\plant-soil-notifier\esp-idf\app_trace\libapp_trace.a

Compiling .pioenvs\plant-soil-notifier\bootloader_support\src\bootloader_clock_init.c.o

Compiling .pioenvs\plant-soil-notifier\bootloader_support\src\bootloader_mem.c.o

Compiling .pioenvs\plant-soil-notifier\bootloader_support\src\bootloader_random.c.o

Archiving .pioenvs\plant-soil-notifier\esp-idf\app_update\libapp_update.a

Compiling .pioenvs\plant-soil-notifier\bootloader_support\src\bootloader_efuse.c.o

Compiling .pioenvs\plant-soil-notifier\bootloader_support\src\flash_encrypt.c.o

Compiling .pioenvs\plant-soil-notifier\bootloader_support\src\secure_boot.c.o

Indexing .pioenvs\plant-soil-notifier\esp-idf\app_update\libapp_update.a

Compiling .pioenvs\plant-soil-notifier\bootloader_support\src\bootloader_random_esp32.c.o

Compiling .pioenvs\plant-soil-notifier\bootloader_support\bootloader_flash\src\bootloader_flash.c.o

Compiling .pioenvs\plant-soil-notifier\bootloader_support\bootloader_flash\src\flash_qio_mode.c.o

Compiling .pioenvs\plant-soil-notifier\bootloader_support\bootloader_flash\src\bootloader_flash_config_esp32.c.o

Compiling .pioenvs\plant-soil-notifier\bootloader_support\src\bootloader_utility.c.o

Compiling .pioenvs\plant-soil-notifier\bootloader_support\src\flash_partitions.c.o

Compiling .pioenvs\plant-soil-notifier\bootloader_support\src\esp_image_format.c.o

Compiling .pioenvs\plant-soil-notifier\bootloader_support\src\bootloader_sha.c.o

Compiling .pioenvs\plant-soil-notifier\bootloader_support\src\esp32\secure_boot_secure_features.c.o

Compiling .pioenvs\plant-soil-notifier\managed_components\chmorgan__esp-libhelix-mp3\libhelix-mp3\mp3dec.c.o

Compiling .pioenvs\plant-soil-notifier\managed_components\chmorgan__esp-libhelix-mp3\libhelix-mp3\mp3tabs.c.o

Compiling .pioenvs\plant-soil-notifier\managed_components\chmorgan__esp-libhelix-mp3\libhelix-mp3\real\bitstream.c.o

Compiling .pioenvs\plant-soil-notifier\managed_components\chmorgan__esp-libhelix-mp3\libhelix-mp3\real\buffers.c.o

Compiling .pioenvs\plant-soil-notifier\managed_components\chmorgan__esp-libhelix-mp3\libhelix-mp3\real\dct32.c.o

Compiling .pioenvs\plant-soil-notifier\managed_components\chmorgan__esp-libhelix-mp3\libhelix-mp3\real\dequant.c.o

Compiling .pioenvs\plant-soil-notifier\managed_components\chmorgan__esp-libhelix-mp3\libhelix-mp3\real\dqchan.c.o

Compiling .pioenvs\plant-soil-notifier\managed_components\chmorgan__esp-libhelix-mp3\libhelix-mp3\real\huffman.c.o

Compiling .pioenvs\plant-soil-notifier\managed_components\chmorgan__esp-libhelix-mp3\libhelix-mp3\real\hufftabs.c.o

Compiling .pioenvs\plant-soil-notifier\managed_components\chmorgan__esp-libhelix-mp3\libhelix-mp3\real\imdct.c.o

Compiling .pioenvs\plant-soil-notifier\managed_components\chmorgan__esp-libhelix-mp3\libhelix-mp3\real\polyphase.c.o

Compiling .pioenvs\plant-soil-notifier\managed_components\chmorgan__esp-libhelix-mp3\libhelix-mp3\real\scalfact.c.o

Compiling .pioenvs\plant-soil-notifier\managed_components\chmorgan__esp-libhelix-mp3\libhelix-mp3\real\stproc.c.o

Compiling .pioenvs\plant-soil-notifier\managed_components\chmorgan__esp-libhelix-mp3\libhelix-mp3\real\subband.c.o

Compiling .pioenvs\plant-soil-notifier\managed_components\chmorgan__esp-libhelix-mp3\libhelix-mp3\real\trigtabs.c.o

Compiling .pioenvs\plant-soil-notifier\cmock\CMock\src\cmock.c.o

Archiving .pioenvs\plant-soil-notifier\esp-idf\bootloader_support\libbootloader_support.a

Compiling .pioenvs\plant-soil-notifier\console\commands.c.o

Indexing .pioenvs\plant-soil-notifier\esp-idf\bootloader_support\libbootloader_support.a

Compiling .pioenvs\plant-soil-notifier\console\esp_console_common.c.o

Compiling .pioenvs\plant-soil-notifier\console\esp_console_repl_internal.c.o

Compiling .pioenvs\plant-soil-notifier\console\split_argv.c.o

Compiling .pioenvs\plant-soil-notifier\console\linenoise\linenoise.c.o

Compiling .pioenvs\plant-soil-notifier\console\esp_console_repl_chip.c.o

Compiling .pioenvs\plant-soil-notifier\console\argtable3\arg_cmd.c.o

Archiving .pioenvs\plant-soil-notifier\esp-idf\cmock\libcmock.a

Compiling .pioenvs\plant-soil-notifier\console\argtable3\arg_date.c.o

Compiling .pioenvs\plant-soil-notifier\console\argtable3\arg_dbl.c.o

Compiling .pioenvs\plant-soil-notifier\console\argtable3\arg_dstr.c.o

Archiving .pioenvs\plant-soil-notifier\esp-idf\chmorgan__esp-libhelix-mp3\libchmorgan__esp-libhelix-mp3.a

Indexing .pioenvs\plant-soil-notifier\esp-idf\cmock\libcmock.a

Compiling .pioenvs\plant-soil-notifier\console\argtable3\arg_end.c.o

Compiling .pioenvs\plant-soil-notifier\console\argtable3\arg_file.c.o

Compiling .pioenvs\plant-soil-notifier\console\argtable3\arg_hashtable.c.o

Compiling .pioenvs\plant-soil-notifier\console\argtable3\arg_int.c.o

Indexing .pioenvs\plant-soil-notifier\esp-idf\chmorgan__esp-libhelix-mp3\libchmorgan__esp-libhelix-mp3.a

Compiling .pioenvs\plant-soil-notifier\console\argtable3\arg_lit.c.o

Compiling .pioenvs\plant-soil-notifier\console\argtable3\arg_rem.c.o

Compiling .pioenvs\plant-soil-notifier\console\argtable3\arg_rex.c.o

Compiling .pioenvs\plant-soil-notifier\console\argtable3\arg_str.c.o

Compiling .pioenvs\plant-soil-notifier\console\argtable3\arg_utils.c.o

Compiling .pioenvs\plant-soil-notifier\console\argtable3\argtable3.c.o

Compiling .pioenvs\plant-soil-notifier\cxx\cxx_exception_stubs.cpp.o

Compiling .pioenvs\plant-soil-notifier\cxx\cxx_guards.cpp.o

Compiling .pioenvs\plant-soil-notifier\cxx\cxx_init.cpp.o

Compiling .pioenvs\plant-soil-notifier\driver\deprecated\adc_legacy.c.o

Archiving .pioenvs\plant-soil-notifier\esp-idf\console\libconsole.a

Indexing .pioenvs\plant-soil-notifier\esp-idf\console\libconsole.a

Compiling .pioenvs\plant-soil-notifier\driver\deprecated\adc_dma_legacy.c.o

Compiling .pioenvs\plant-soil-notifier\driver\deprecated\dac_common_legacy.c.o

Compiling .pioenvs\plant-soil-notifier\driver\deprecated\esp32\dac_legacy.c.o

Compiling .pioenvs\plant-soil-notifier\driver\deprecated\timer_legacy.c.o

Archiving .pioenvs\plant-soil-notifier\esp-idf\cxx\libcxx.a

Indexing .pioenvs\plant-soil-notifier\esp-idf\cxx\libcxx.a

Compiling .pioenvs\plant-soil-notifier\driver\i2c\i2c.c.o

Compiling .pioenvs\plant-soil-notifier\driver\deprecated\i2s_legacy.c.o

Compiling .pioenvs\plant-soil-notifier\driver\deprecated\mcpwm_legacy.c.o

Compiling .pioenvs\plant-soil-notifier\driver\deprecated\pcnt_legacy.c.o

Compiling .pioenvs\plant-soil-notifier\driver\deprecated\rmt_legacy.c.o

Compiling .pioenvs\plant-soil-notifier\driver\deprecated\sigma_delta_legacy.c.o

Compiling .pioenvs\plant-soil-notifier\driver\touch_sensor\touch_sensor_common.c.o

Compiling .pioenvs\plant-soil-notifier\driver\touch_sensor\esp32\touch_sensor.c.o

Compiling .pioenvs\plant-soil-notifier\driver\twai\twai.c.o

Compiling .pioenvs\plant-soil-notifier\driver\deprecated\adc_i2s_deprecated.c.o

Compiling .pioenvs\plant-soil-notifier\efuse\esp32\esp_efuse_table.c.o

Compiling .pioenvs\plant-soil-notifier\efuse\esp32\esp_efuse_fields.c.o

Compiling .pioenvs\plant-soil-notifier\efuse\esp32\esp_efuse_utility.c.o

Compiling .pioenvs\plant-soil-notifier\efuse\src\esp_efuse_api.c.o

Compiling .pioenvs\plant-soil-notifier\efuse\src\esp_efuse_fields.c.o

Compiling .pioenvs\plant-soil-notifier\efuse\src\esp_efuse_utility.c.o

Compiling .pioenvs\plant-soil-notifier\efuse\src\efuse_controller\keys\without_key_purposes\three_key_blocks\esp_efuse_api_key.c.o

Compiling .pioenvs\plant-soil-notifier\efuse\src\esp_efuse_startup.c.o

Compiling .pioenvs\plant-soil-notifier\esp-tls\esp_tls.c.o

Archiving .pioenvs\plant-soil-notifier\esp-idf\efuse\libefuse.a

Archiving .pioenvs\plant-soil-notifier\esp-idf\driver\libdriver.a

Compiling .pioenvs\plant-soil-notifier\esp-tls\esp-tls-crypto\esp_tls_crypto.c.o

Compiling .pioenvs\plant-soil-notifier\esp-tls\esp_tls_error_capture.c.o

Compiling .pioenvs\plant-soil-notifier\esp-tls\esp_tls_platform_port.c.o

Indexing .pioenvs\plant-soil-notifier\esp-idf\efuse\libefuse.a

Indexing .pioenvs\plant-soil-notifier\esp-idf\driver\libdriver.a

Compiling .pioenvs\plant-soil-notifier\esp-tls\esp_tls_mbedtls.c.o

Compiling .pioenvs\plant-soil-notifier\esp_adc\adc_oneshot.c.o

Compiling .pioenvs\plant-soil-notifier\esp_adc\adc_common.c.o

Compiling .pioenvs\plant-soil-notifier\esp_adc\adc_cali.c.o

Compiling .pioenvs\plant-soil-notifier\esp_adc\adc_cali_curve_fitting.c.o

Compiling .pioenvs\plant-soil-notifier\esp_adc\deprecated\esp_adc_cal_common_legacy.c.o

Compiling .pioenvs\plant-soil-notifier\esp_adc\adc_continuous.c.o

Compiling .pioenvs\plant-soil-notifier\esp_adc\esp32\adc_dma.c.o

Compiling .pioenvs\plant-soil-notifier\esp_adc\esp32\adc_cali_line_fitting.c.o

Compiling .pioenvs\plant-soil-notifier\esp_adc\deprecated\esp32\esp_adc_cal_legacy.c.o

Compiling .pioenvs\plant-soil-notifier\esp_app_format\esp_app_desc.c.o

Compiling .pioenvs\plant-soil-notifier\esp_bootloader_format\esp_bootloader_desc.c.o

Compiling .pioenvs\plant-soil-notifier\esp_coex\esp32\esp_coex_adapter.c.o

Compiling .pioenvs\plant-soil-notifier\esp_coex\src\coexist_debug_diagram.c.o

Compiling .pioenvs\plant-soil-notifier\esp_coex\src\coexist_debug.c.o

Archiving .pioenvs\plant-soil-notifier\esp-idf\esp-tls\libesp-tls.a

Indexing .pioenvs\plant-soil-notifier\esp-idf\esp-tls\libesp-tls.a

Compiling .pioenvs\plant-soil-notifier\esp_common\src\esp_err_to_name.c.o

Archiving .pioenvs\plant-soil-notifier\esp-idf\esp_adc\libesp_adc.a

Archiving .pioenvs\plant-soil-notifier\esp-idf\esp_coex\libesp_coex.a

Archiving .pioenvs\plant-soil-notifier\esp-idf\esp_app_format\libesp_app_format.a

Archiving .pioenvs\plant-soil-notifier\esp-idf\esp_bootloader_format\libesp_bootloader_format.a

Compiling .pioenvs\plant-soil-notifier\esp_driver_cam\esp_cam_ctlr.c.o

Indexing .pioenvs\plant-soil-notifier\esp-idf\esp_adc\libesp_adc.a

Indexing .pioenvs\plant-soil-notifier\esp-idf\esp_coex\libesp_coex.a

Indexing .pioenvs\plant-soil-notifier\esp-idf\esp_app_format\libesp_app_format.a

Compiling .pioenvs\plant-soil-notifier\esp_driver_cam\dvp_share_ctrl.c.o

Indexing .pioenvs\plant-soil-notifier\esp-idf\esp_bootloader_format\libesp_bootloader_format.a

Compiling .pioenvs\plant-soil-notifier\esp_driver_dac\dac_oneshot.c.o

Compiling .pioenvs\plant-soil-notifier\esp_driver_dac\dac_cosine.c.o

Compiling .pioenvs\plant-soil-notifier\esp_driver_dac\dac_continuous.c.o

Compiling .pioenvs\plant-soil-notifier\esp_driver_dac\dac_common.c.o

Compiling .pioenvs\plant-soil-notifier\esp_driver_dac\esp32\dac_dma.c.o

Compiling .pioenvs\plant-soil-notifier\esp_driver_gpio\src\gpio.c.o

Archiving .pioenvs\plant-soil-notifier\esp-idf\esp_driver_cam\libesp_driver_cam.a

Compiling .pioenvs\plant-soil-notifier\esp_driver_gpio\src\gpio_glitch_filter_ops.c.o

Compiling .pioenvs\plant-soil-notifier\esp_driver_gpio\src\rtc_io.c.o

Indexing .pioenvs\plant-soil-notifier\esp-idf\esp_driver_cam\libesp_driver_cam.a

Compiling .pioenvs\plant-soil-notifier\esp_driver_gptimer\src\gptimer.c.o

Compiling .pioenvs\plant-soil-notifier\esp_driver_gptimer\src\gptimer_common.c.o

Compiling .pioenvs\plant-soil-notifier\esp_driver_i2c\i2c_master.c.o

Archiving .pioenvs\plant-soil-notifier\esp-idf\esp_common\libesp_common.a

Compiling .pioenvs\plant-soil-notifier\esp_driver_i2c\i2c_common.c.o

Compiling .pioenvs\plant-soil-notifier\esp_driver_i2c\i2c_slave.c.o

Indexing .pioenvs\plant-soil-notifier\esp-idf\esp_common\libesp_common.a

Compiling .pioenvs\plant-soil-notifier\esp_driver_i2s\i2s_common.c.o

Archiving .pioenvs\plant-soil-notifier\esp-idf\esp_driver_dac\libesp_driver_dac.a

Compiling .pioenvs\plant-soil-notifier\esp_driver_i2s\i2s_std.c.o

Compiling .pioenvs\plant-soil-notifier\esp_driver_i2s\i2s_pdm.c.o

Compiling .pioenvs\plant-soil-notifier\esp_driver_i2s\i2s_platform.c.o

Indexing .pioenvs\plant-soil-notifier\esp-idf\esp_driver_dac\libesp_driver_dac.a

Compiling .pioenvs\plant-soil-notifier\esp_driver_ledc\src\ledc.c.o

Archiving .pioenvs\plant-soil-notifier\esp-idf\esp_driver_gptimer\libesp_driver_gptimer.a

Compiling .pioenvs\plant-soil-notifier\esp_driver_mcpwm\src\mcpwm_cap.c.o

Archiving .pioenvs\plant-soil-notifier\esp-idf\esp_driver_gpio\libesp_driver_gpio.a

Compiling .pioenvs\plant-soil-notifier\esp_driver_mcpwm\src\mcpwm_cmpr.c.o

Compiling .pioenvs\plant-soil-notifier\esp_driver_mcpwm\src\mcpwm_com.c.o

Compiling .pioenvs\plant-soil-notifier\esp_driver_mcpwm\src\mcpwm_fault.c.o

Indexing .pioenvs\plant-soil-notifier\esp-idf\esp_driver_gptimer\libesp_driver_gptimer.a

Compiling .pioenvs\plant-soil-notifier\esp_driver_mcpwm\src\mcpwm_gen.c.o

Compiling .pioenvs\plant-soil-notifier\esp_driver_mcpwm\src\mcpwm_oper.c.o

Indexing .pioenvs\plant-soil-notifier\esp-idf\esp_driver_gpio\libesp_driver_gpio.a

Compiling .pioenvs\plant-soil-notifier\esp_driver_mcpwm\src\mcpwm_sync.c.o

Archiving .pioenvs\plant-soil-notifier\esp-idf\esp_driver_i2c\libesp_driver_i2c.a

Compiling .pioenvs\plant-soil-notifier\esp_driver_mcpwm\src\mcpwm_timer.c.o

Archiving .pioenvs\plant-soil-notifier\esp-idf\esp_driver_i2s\libesp_driver_i2s.a

Indexing .pioenvs\plant-soil-notifier\esp-idf\esp_driver_i2c\libesp_driver_i2c.a

Compiling .pioenvs\plant-soil-notifier\esp_driver_pcnt\src\pulse_cnt.c.o

Indexing .pioenvs\plant-soil-notifier\esp-idf\esp_driver_i2s\libesp_driver_i2s.a

Compiling .pioenvs\plant-soil-notifier\esp_driver_rmt\src\rmt_common.c.o

Compiling .pioenvs\plant-soil-notifier\esp_driver_rmt\src\rmt_encoder.c.o

Compiling .pioenvs\plant-soil-notifier\esp_driver_rmt\src\rmt_encoder_bytes.c.o

Compiling .pioenvs\plant-soil-notifier\esp_driver_rmt\src\rmt_encoder_copy.c.o

Compiling .pioenvs\plant-soil-notifier\esp_driver_rmt\src\rmt_encoder_simple.c.o

Compiling .pioenvs\plant-soil-notifier\esp_driver_rmt\src\rmt_rx.c.o

Archiving .pioenvs\plant-soil-notifier\esp-idf\esp_driver_ledc\libesp_driver_ledc.a

Compiling .pioenvs\plant-soil-notifier\esp_driver_rmt\src\rmt_tx.c.o

Indexing .pioenvs\plant-soil-notifier\esp-idf\esp_driver_ledc\libesp_driver_ledc.a

Compiling .pioenvs\plant-soil-notifier\esp_driver_sdio\src\sdio_slave.c.o

Archiving .pioenvs\plant-soil-notifier\esp-idf\esp_driver_mcpwm\libesp_driver_mcpwm.a

Compiling .pioenvs\plant-soil-notifier\esp_driver_sdm\src\sdm.c.o

Indexing .pioenvs\plant-soil-notifier\esp-idf\esp_driver_mcpwm\libesp_driver_mcpwm.a

Compiling .pioenvs\plant-soil-notifier\esp_driver_sdmmc\src\sdmmc_transaction.c.o

Archiving .pioenvs\plant-soil-notifier\esp-idf\esp_driver_pcnt\libesp_driver_pcnt.a

Compiling .pioenvs\plant-soil-notifier\esp_driver_sdmmc\src\sdmmc_host.c.o

Compiling .pioenvs\plant-soil-notifier\esp_driver_sdspi\src\sdspi_crc.c.o

Indexing .pioenvs\plant-soil-notifier\esp-idf\esp_driver_pcnt\libesp_driver_pcnt.a

Compiling .pioenvs\plant-soil-notifier\esp_driver_sdspi\src\sdspi_host.c.o

Archiving .pioenvs\plant-soil-notifier\esp-idf\esp_driver_rmt\libesp_driver_rmt.a

Compiling .pioenvs\plant-soil-notifier\esp_driver_sdspi\src\sdspi_transaction.c.o

Compiling .pioenvs\plant-soil-notifier\esp_driver_spi\src\gpspi\spi_common.c.o

Archiving .pioenvs\plant-soil-notifier\esp-idf\esp_driver_sdio\libesp_driver_sdio.a

Archiving .pioenvs\plant-soil-notifier\esp-idf\esp_driver_sdm\libesp_driver_sdm.a

Indexing .pioenvs\plant-soil-notifier\esp-idf\esp_driver_rmt\libesp_driver_rmt.a

Compiling .pioenvs\plant-soil-notifier\esp_driver_spi\src\gpspi\spi_master.c.o

Compiling .pioenvs\plant-soil-notifier\esp_driver_spi\src\gpspi\spi_slave.c.o

Compiling .pioenvs\plant-soil-notifier\esp_driver_spi\src\gpspi\spi_dma.c.o

Indexing .pioenvs\plant-soil-notifier\esp-idf\esp_driver_sdio\libesp_driver_sdio.a

Indexing .pioenvs\plant-soil-notifier\esp-idf\esp_driver_sdm\libesp_driver_sdm.a

Compiling .pioenvs\plant-soil-notifier\esp_driver_touch_sens\common\touch_sens_common.c.o

Compiling .pioenvs\plant-soil-notifier\esp_driver_touch_sens\hw_ver1\touch_version_specific.c.o

Compiling .pioenvs\plant-soil-notifier\esp_driver_twai\esp_twai.c.o

Compiling .pioenvs\plant-soil-notifier\esp_driver_twai\esp_twai_onchip.c.o

Compiling .pioenvs\plant-soil-notifier\esp_driver_uart\src\uart.c.o

Archiving .pioenvs\plant-soil-notifier\esp-idf\esp_driver_sdmmc\libesp_driver_sdmmc.a

Archiving .pioenvs\plant-soil-notifier\esp-idf\esp_driver_sdspi\libesp_driver_sdspi.a

Compiling .pioenvs\plant-soil-notifier\esp_driver_uart\src\uart_wakeup.c.o

Compiling .pioenvs\plant-soil-notifier\esp_driver_uart\src\uart_vfs.c.o

Compiling .pioenvs\plant-soil-notifier\esp_eth\src\esp_eth.c.o

Indexing .pioenvs\plant-soil-notifier\esp-idf\esp_driver_sdmmc\libesp_driver_sdmmc.a

Indexing .pioenvs\plant-soil-notifier\esp-idf\esp_driver_sdspi\libesp_driver_sdspi.a

Compiling .pioenvs\plant-soil-notifier\esp_eth\src\phy\esp_eth_phy_802_3.c.o

Archiving .pioenvs\plant-soil-notifier\esp-idf\esp_driver_spi\libesp_driver_spi.a

Compiling .pioenvs\plant-soil-notifier\esp_eth\src\esp_eth_netif_glue.c.o

Archiving .pioenvs\plant-soil-notifier\esp-idf\esp_driver_touch_sens\libesp_driver_touch_sens.a

Compiling .pioenvs\plant-soil-notifier\esp_eth\src\mac\esp_eth_mac_esp.c.o

Indexing .pioenvs\plant-soil-notifier\esp-idf\esp_driver_spi\libesp_driver_spi.a

Compiling .pioenvs\plant-soil-notifier\esp_eth\src\mac\esp_eth_mac_esp_dma.c.o

Compiling .pioenvs\plant-soil-notifier\esp_eth\src\mac\esp_eth_mac_esp_gpio.c.o

Archiving .pioenvs\plant-soil-notifier\esp-idf\esp_driver_twai\libesp_driver_twai.a

Compiling .pioenvs\plant-soil-notifier\esp_eth\src\phy\esp_eth_phy_generic.c.o

Indexing .pioenvs\plant-soil-notifier\esp-idf\esp_driver_touch_sens\libesp_driver_touch_sens.a

Compiling .pioenvs\plant-soil-notifier\esp_eth\src\phy\esp_eth_phy_dp83848.c.o

Indexing .pioenvs\plant-soil-notifier\esp-idf\esp_driver_twai\libesp_driver_twai.a

Compiling .pioenvs\plant-soil-notifier\esp_eth\src\phy\esp_eth_phy_ip101.c.o

Compiling .pioenvs\plant-soil-notifier\esp_eth\src\phy\esp_eth_phy_ksz80xx.c.o

Compiling .pioenvs\plant-soil-notifier\esp_eth\src\phy\esp_eth_phy_lan87xx.c.o

Compiling .pioenvs\plant-soil-notifier\esp_eth\src\phy\esp_eth_phy_rtl8201.c.o

Compiling .pioenvs\plant-soil-notifier\esp_eth\src\phy\esp_eth_phy_jl1101.c.o

Compiling .pioenvs\plant-soil-notifier\esp_event\default_event_loop.c.o

Compiling .pioenvs\plant-soil-notifier\esp_event\esp_event.c.o

Compiling .pioenvs\plant-soil-notifier\esp_event\esp_event_private.c.o

Compiling .pioenvs\plant-soil-notifier\esp_gdbstub\src\gdbstub.c.o

Archiving .pioenvs\plant-soil-notifier\esp-idf\esp_eth\libesp_eth.a

Archiving .pioenvs\plant-soil-notifier\esp-idf\esp_driver_uart\libesp_driver_uart.a

Compiling .pioenvs\plant-soil-notifier\esp_gdbstub\src\gdbstub_transport.c.o

Compiling .pioenvs\plant-soil-notifier\esp_gdbstub\src\packet.c.o

Compiling .pioenvs\plant-soil-notifier\esp_gdbstub\src\port\xtensa\gdbstub_xtensa.c.o

Compiling .pioenvs\plant-soil-notifier\esp_gdbstub\src\port\xtensa\gdbstub-entry.S.o

Compiling .pioenvs\plant-soil-notifier\esp_gdbstub\src\port\xtensa\xt_debugexception.S.o

Indexing .pioenvs\plant-soil-notifier\esp-idf\esp_eth\libesp_eth.a

Indexing .pioenvs\plant-soil-notifier\esp-idf\esp_driver_uart\libesp_driver_uart.a

Compiling .pioenvs\plant-soil-notifier\esp_hid\src\esp_hidd.c.o

Compiling .pioenvs\plant-soil-notifier\esp_hid\src\esp_hidh.c.o

Archiving .pioenvs\plant-soil-notifier\esp-idf\esp_event\libesp_event.a

Compiling .pioenvs\plant-soil-notifier\esp_hid\src\esp_hid_common.c.o

Indexing .pioenvs\plant-soil-notifier\esp-idf\esp_event\libesp_event.a

Compiling .pioenvs\plant-soil-notifier\esp_http_client\esp_http_client.c.o

Archiving .pioenvs\plant-soil-notifier\esp-idf\esp_gdbstub\libesp_gdbstub.a

Compiling .pioenvs\plant-soil-notifier\esp_http_client\lib\http_auth.c.o

Compiling .pioenvs\plant-soil-notifier\esp_http_client\lib\http_header.c.o

Compiling .pioenvs\plant-soil-notifier\esp_http_client\lib\http_utils.c.o

Indexing .pioenvs\plant-soil-notifier\esp-idf\esp_gdbstub\libesp_gdbstub.a

Compiling .pioenvs\plant-soil-notifier\esp_http_server\src\httpd_main.c.o

Compiling .pioenvs\plant-soil-notifier\esp_http_server\src\httpd_parse.c.o

Archiving .pioenvs\plant-soil-notifier\esp-idf\esp_hid\libesp_hid.a

Compiling .pioenvs\plant-soil-notifier\esp_http_server\src\httpd_sess.c.o

Compiling .pioenvs\plant-soil-notifier\esp_http_server\src\httpd_txrx.c.o

Compiling .pioenvs\plant-soil-notifier\esp_http_server\src\httpd_uri.c.o

Compiling .pioenvs\plant-soil-notifier\esp_http_server\src\httpd_ws.c.o

Compiling .pioenvs\plant-soil-notifier\esp_http_server\src\util\ctrl_sock.c.o

Indexing .pioenvs\plant-soil-notifier\esp-idf\esp_hid\libesp_hid.a

Compiling .pioenvs\plant-soil-notifier\esp_https_ota\src\esp_https_ota.c.o

Compiling .pioenvs\plant-soil-notifier\esp_https_server\src\https_server.c.o

Compiling .pioenvs\plant-soil-notifier\esp_hw_support\cpu.c.o

Compiling .pioenvs\plant-soil-notifier\esp_hw_support\port\esp32\esp_cpu_intr.c.o

Compiling .pioenvs\plant-soil-notifier\esp_hw_support\esp_memory_utils.c.o

Compiling .pioenvs\plant-soil-notifier\esp_hw_support\port\esp32\cpu_region_protect.c.o

Compiling .pioenvs\plant-soil-notifier\esp_hw_support\esp_clk.c.o

Archiving .pioenvs\plant-soil-notifier\esp-idf\esp_http_server\libesp_http_server.a

Compiling .pioenvs\plant-soil-notifier\esp_hw_support\clk_ctrl_os.c.o

Archiving .pioenvs\plant-soil-notifier\esp-idf\esp_http_client\libesp_http_client.a

Compiling .pioenvs\plant-soil-notifier\esp_hw_support\hw_random.c.o

Compiling .pioenvs\plant-soil-notifier\esp_hw_support\intr_alloc.c.o

Compiling .pioenvs\plant-soil-notifier\esp_hw_support\mac_addr.c.o

Indexing .pioenvs\plant-soil-notifier\esp-idf\esp_http_server\libesp_http_server.a

Compiling .pioenvs\plant-soil-notifier\esp_hw_support\periph_ctrl.c.o

Compiling .pioenvs\plant-soil-notifier\esp_hw_support\revision.c.o

Compiling .pioenvs\plant-soil-notifier\esp_hw_support\rtc_module.c.o

Archiving .pioenvs\plant-soil-notifier\esp-idf\esp_https_ota\libesp_https_ota.a

Indexing .pioenvs\plant-soil-notifier\esp-idf\esp_http_client\libesp_http_client.a

Compiling .pioenvs\plant-soil-notifier\esp_hw_support\regi2c_ctrl.c.o

Archiving .pioenvs\plant-soil-notifier\esp-idf\esp_https_server\libesp_https_server.a

Compiling .pioenvs\plant-soil-notifier\esp_hw_support\esp_gpio_reserve.c.o

Indexing .pioenvs\plant-soil-notifier\esp-idf\esp_https_ota\libesp_https_ota.a

Compiling .pioenvs\plant-soil-notifier\esp_hw_support\sar_periph_ctrl_common.c.o

Compiling .pioenvs\plant-soil-notifier\esp_hw_support\port\esp32\io_mux.c.o

Indexing .pioenvs\plant-soil-notifier\esp-idf\esp_https_server\libesp_https_server.a

Compiling .pioenvs\plant-soil-notifier\esp_hw_support\port\esp32\esp_clk_tree.c.o

Compiling .pioenvs\plant-soil-notifier\esp_hw_support\dma\esp_dma_utils.c.o

Compiling .pioenvs\plant-soil-notifier\esp_hw_support\dma\gdma_link.c.o

Compiling .pioenvs\plant-soil-notifier\esp_hw_support\spi_bus_lock.c.o

Compiling .pioenvs\plant-soil-notifier\esp_hw_support\clk_utils.c.o

Compiling .pioenvs\plant-soil-notifier\esp_hw_support\port\esp_clk_tree_common.c.o

Compiling .pioenvs\plant-soil-notifier\esp_hw_support\spi_share_hw_ctrl.c.o

Compiling .pioenvs\plant-soil-notifier\esp_hw_support\adc_share_hw_ctrl.c.o

Compiling .pioenvs\plant-soil-notifier\esp_hw_support\sleep_modem.c.o

Compiling .pioenvs\plant-soil-notifier\esp_hw_support\sleep_modes.c.o

Compiling .pioenvs\plant-soil-notifier\esp_hw_support\sleep_console.c.o

Compiling .pioenvs\plant-soil-notifier\esp_hw_support\sleep_usb.c.o

Compiling .pioenvs\plant-soil-notifier\esp_hw_support\sleep_gpio.c.o

Compiling .pioenvs\plant-soil-notifier\esp_hw_support\sleep_event.c.o

Compiling .pioenvs\plant-soil-notifier\esp_hw_support\rtc_wdt.c.o

Compiling .pioenvs\plant-soil-notifier\esp_hw_support\mspi_timing_tuning\mspi_timing_tuning.c.o

Compiling .pioenvs\plant-soil-notifier\esp_hw_support\sleep_wake_stub.c.o

Compiling .pioenvs\plant-soil-notifier\esp_hw_support\esp_clock_output.c.o

Compiling .pioenvs\plant-soil-notifier\esp_hw_support\power_supply\brownout.c.o

Compiling .pioenvs\plant-soil-notifier\esp_hw_support\port\esp32\rtc_clk.c.o

Compiling .pioenvs\plant-soil-notifier\esp_hw_support\port\esp32\rtc_clk_init.c.o

Compiling .pioenvs\plant-soil-notifier\esp_hw_support\port\esp32\rtc_init.c.o

Compiling .pioenvs\plant-soil-notifier\esp_hw_support\port\esp32\rtc_sleep.c.o

Compiling .pioenvs\plant-soil-notifier\esp_hw_support\port\esp32\rtc_time.c.o

Compiling .pioenvs\plant-soil-notifier\esp_hw_support\port\esp32\chip_info.c.o

Compiling .pioenvs\plant-soil-notifier\esp_hw_support\port\esp32\cache_sram_mmu.c.o

Compiling .pioenvs\plant-soil-notifier\esp_hw_support\port\esp32\sar_periph_ctrl.c.o

Compiling .pioenvs\plant-soil-notifier\esp_lcd\src\esp_lcd_common.c.o

Compiling .pioenvs\plant-soil-notifier\esp_lcd\src\esp_lcd_panel_io.c.o

Archiving .pioenvs\plant-soil-notifier\esp-idf\esp_hw_support\libesp_hw_support.a

Compiling .pioenvs\plant-soil-notifier\esp_lcd\src\esp_lcd_panel_nt35510.c.o

Compiling .pioenvs\plant-soil-notifier\esp_lcd\src\esp_lcd_panel_ssd1306.c.o

Indexing .pioenvs\plant-soil-notifier\esp-idf\esp_hw_support\libesp_hw_support.a

Compiling .pioenvs\plant-soil-notifier\esp_lcd\src\esp_lcd_panel_st7789.c.o

Compiling .pioenvs\plant-soil-notifier\esp_lcd\src\esp_lcd_panel_ops.c.o

Compiling .pioenvs\plant-soil-notifier\esp_lcd\i2c\esp_lcd_panel_io_i2c_v1.c.o

Compiling .pioenvs\plant-soil-notifier\esp_lcd\i2c\esp_lcd_panel_io_i2c_v2.c.o

Compiling .pioenvs\plant-soil-notifier\esp_lcd\spi\esp_lcd_panel_io_spi.c.o

Compiling .pioenvs\plant-soil-notifier\esp_lcd\i80\esp_lcd_panel_io_i2s.c.o

Compiling .pioenvs\plant-soil-notifier\esp_local_ctrl\src\esp_local_ctrl.c.o

Compiling .pioenvs\plant-soil-notifier\esp_local_ctrl\src\esp_local_ctrl_handler.c.o

Compiling .pioenvs\plant-soil-notifier\esp_local_ctrl\proto-c\esp_local_ctrl.pb-c.c.o

Compiling .pioenvs\plant-soil-notifier\esp_local_ctrl\src\esp_local_ctrl_transport_httpd.c.o

Compiling .pioenvs\plant-soil-notifier\esp_mm\esp_mmu_map.c.o

Compiling .pioenvs\plant-soil-notifier\esp_mm\port\esp32\ext_mem_layout.c.o

Compiling .pioenvs\plant-soil-notifier\esp_mm\esp_cache_msync.c.o

Compiling .pioenvs\plant-soil-notifier\esp_mm\esp_cache_utils.c.o

Compiling .pioenvs\plant-soil-notifier\esp_mm\cache_esp32.c.o

Compiling .pioenvs\plant-soil-notifier\esp_mm\heap_align_hw.c.o

Compiling .pioenvs\plant-soil-notifier\esp_netif\esp_netif_handlers.c.o

Compiling .pioenvs\plant-soil-notifier\esp_netif\esp_netif_objects.c.o

Compiling .pioenvs\plant-soil-notifier\esp_netif\esp_netif_defaults.c.o

Archiving .pioenvs\plant-soil-notifier\esp-idf\esp_lcd\libesp_lcd.a

Indexing .pioenvs\plant-soil-notifier\esp-idf\esp_lcd\libesp_lcd.a

Compiling .pioenvs\plant-soil-notifier\esp_netif\lwip\esp_netif_lwip.c.o

Archiving .pioenvs\plant-soil-notifier\esp-idf\esp_mm\libesp_mm.a

Archiving .pioenvs\plant-soil-notifier\esp-idf\esp_local_ctrl\libesp_local_ctrl.a

Compiling .pioenvs\plant-soil-notifier\esp_netif\lwip\esp_netif_sntp.c.o

Compiling .pioenvs\plant-soil-notifier\esp_netif\lwip\esp_netif_lwip_defaults.c.o

Indexing .pioenvs\plant-soil-notifier\esp-idf\esp_mm\libesp_mm.a

Indexing .pioenvs\plant-soil-notifier\esp-idf\esp_local_ctrl\libesp_local_ctrl.a

Compiling .pioenvs\plant-soil-notifier\esp_netif\lwip\netif\wlanif.c.o

Compiling .pioenvs\plant-soil-notifier\esp_netif\lwip\netif\ethernetif.c.o

Compiling .pioenvs\plant-soil-notifier\esp_netif\lwip\netif\esp_pbuf_ref.c.o

Compiling .pioenvs\plant-soil-notifier\esp_partition\partition.c.o

Compiling .pioenvs\plant-soil-notifier\esp_partition\partition_target.c.o

Compiling .pioenvs\plant-soil-notifier\esp_phy\src\phy_override.c.o

Compiling .pioenvs\plant-soil-notifier\esp_phy\src\lib_printf.c.o

Compiling .pioenvs\plant-soil-notifier\esp_phy\src\phy_common.c.o

Compiling .pioenvs\plant-soil-notifier\esp_phy\src\phy_init.c.o

Compiling .pioenvs\plant-soil-notifier\esp_phy\esp32\phy_init_data.c.o

Compiling .pioenvs\plant-soil-notifier\esp_phy\src\btbb_init.c.o

Compiling .pioenvs\plant-soil-notifier\esp_pm\pm_locks.c.o

Archiving .pioenvs\plant-soil-notifier\esp-idf\esp_partition\libesp_partition.a

Compiling .pioenvs\plant-soil-notifier\esp_pm\pm_trace.c.o

Compiling .pioenvs\plant-soil-notifier\esp_pm\pm_impl.c.o

Compiling .pioenvs\plant-soil-notifier\esp_ringbuf\ringbuf.c.o

Compiling .pioenvs\plant-soil-notifier\esp_rom\patches\esp_rom_sys.c.o

Compiling .pioenvs\plant-soil-notifier\esp_rom\patches\esp_rom_print.c.o

Compiling .pioenvs\plant-soil-notifier\esp_rom\patches\esp_rom_crc.c.o

Indexing .pioenvs\plant-soil-notifier\esp-idf\esp_partition\libesp_partition.a

Compiling .pioenvs\plant-soil-notifier\esp_rom\patches\esp_rom_uart.c.o

Compiling .pioenvs\plant-soil-notifier\esp_rom\patches\esp_rom_spiflash.c.o

Archiving .pioenvs\plant-soil-notifier\esp-idf\esp_phy\libesp_phy.a

Compiling .pioenvs\plant-soil-notifier\esp_rom\patches\esp_rom_efuse.c.o

Archiving .pioenvs\plant-soil-notifier\esp-idf\esp_netif\libesp_netif.a

Compiling .pioenvs\plant-soil-notifier\esp_rom\patches\esp_rom_gpio.c.o

Compiling .pioenvs\plant-soil-notifier\esp_rom\patches\esp_rom_longjmp.S.o

Indexing .pioenvs\plant-soil-notifier\esp-idf\esp_phy\libesp_phy.a

Indexing .pioenvs\plant-soil-notifier\esp-idf\esp_netif\libesp_netif.a

Compiling .pioenvs\plant-soil-notifier\esp_security\src\init.c.o

Compiling .pioenvs\plant-soil-notifier\esp_security\src\esp_crypto_lock.c.o

Compiling .pioenvs\plant-soil-notifier\esp_security\src\esp_crypto_periph_clk.c.o

Archiving .pioenvs\plant-soil-notifier\esp-idf\esp_pm\libesp_pm.a

Compiling .pioenvs\plant-soil-notifier\esp_system\esp_err.c.o

Archiving .pioenvs\plant-soil-notifier\esp-idf\esp_rom\libesp_rom.a

Indexing .pioenvs\plant-soil-notifier\esp-idf\esp_pm\libesp_pm.a

Compiling .pioenvs\plant-soil-notifier\esp_system\crosscore_int.c.o

Archiving .pioenvs\plant-soil-notifier\esp-idf\esp_ringbuf\libesp_ringbuf.a

Indexing .pioenvs\plant-soil-notifier\esp-idf\esp_rom\libesp_rom.a

Compiling .pioenvs\plant-soil-notifier\esp_system\esp_ipc.c.o

Compiling .pioenvs\plant-soil-notifier\esp_system\esp_system_console.c.o

Compiling .pioenvs\plant-soil-notifier\esp_system\freertos_hooks.c.o

Archiving .pioenvs\plant-soil-notifier\esp-idf\esp_security\libesp_security.a

Compiling .pioenvs\plant-soil-notifier\esp_system\int_wdt.c.o

Indexing .pioenvs\plant-soil-notifier\esp-idf\esp_ringbuf\libesp_ringbuf.a

Compiling .pioenvs\plant-soil-notifier\esp_system\panic.c.o

Indexing .pioenvs\plant-soil-notifier\esp-idf\esp_security\libesp_security.a

Compiling .pioenvs\plant-soil-notifier\esp_system\esp_system.c.o

Compiling .pioenvs\plant-soil-notifier\esp_system\startup.c.o

Compiling .pioenvs\plant-soil-notifier\esp_system\startup_funcs.c.o

Compiling .pioenvs\plant-soil-notifier\esp_system\system_time.c.o

Compiling .pioenvs\plant-soil-notifier\esp_system\stack_check.c.o

Compiling .pioenvs\plant-soil-notifier\esp_system\ubsan.c.o

Compiling .pioenvs\plant-soil-notifier\esp_system\xt_wdt.c.o

Compiling .pioenvs\plant-soil-notifier\esp_system\task_wdt\task_wdt.c.o

Compiling .pioenvs\plant-soil-notifier\esp_system\task_wdt\task_wdt_impl_timergroup.c.o

Compiling .pioenvs\plant-soil-notifier\esp_system\port\cpu_start.c.o

Compiling .pioenvs\plant-soil-notifier\esp_system\port\panic_handler.c.o

Compiling .pioenvs\plant-soil-notifier\esp_system\port\esp_system_chip.c.o

Compiling .pioenvs\plant-soil-notifier\esp_system\port\image_process.c.o

Compiling .pioenvs\plant-soil-notifier\esp_system\port\esp_ipc_isr.c.o

Compiling .pioenvs\plant-soil-notifier\esp_system\port\arch\xtensa\esp_ipc_isr_port.c.o

Compiling .pioenvs\plant-soil-notifier\esp_system\port\arch\xtensa\esp_ipc_isr_handler.S.o

Compiling .pioenvs\plant-soil-notifier\esp_system\port\arch\xtensa\esp_ipc_isr_routines.S.o

Compiling .pioenvs\plant-soil-notifier\esp_system\port\arch\xtensa\panic_arch.c.o

Compiling .pioenvs\plant-soil-notifier\esp_system\port\arch\xtensa\panic_handler_asm.S.o

Compiling .pioenvs\plant-soil-notifier\esp_system\port\arch\xtensa\expression_with_stack.c.o

Compiling .pioenvs\plant-soil-notifier\esp_system\port\arch\xtensa\expression_with_stack_asm.S.o

Compiling .pioenvs\plant-soil-notifier\esp_system\port\arch\xtensa\debug_helpers.c.o

Compiling .pioenvs\plant-soil-notifier\esp_system\port\arch\xtensa\debug_helpers_asm.S.o

Compiling .pioenvs\plant-soil-notifier\esp_system\port\arch\xtensa\debug_stubs.c.o

Compiling .pioenvs\plant-soil-notifier\esp_system\port\arch\xtensa\trax.c.o

Compiling .pioenvs\plant-soil-notifier\esp_system\port\soc\esp32\highint_hdl.S.o

Compiling .pioenvs\plant-soil-notifier\esp_system\port\soc\esp32\clk.c.o

Compiling .pioenvs\plant-soil-notifier\esp_system\port\soc\esp32\reset_reason.c.o

Compiling .pioenvs\plant-soil-notifier\esp_system\port\soc\esp32\system_internal.c.o

Compiling .pioenvs\plant-soil-notifier\esp_system\port\soc\esp32\cache_err_int.c.o

Compiling .pioenvs\plant-soil-notifier\esp_timer\src\esp_timer.c.o

Compiling .pioenvs\plant-soil-notifier\esp_timer\src\esp_timer_init.c.o

Compiling .pioenvs\plant-soil-notifier\esp_timer\src\ets_timer_legacy.c.o

Compiling .pioenvs\plant-soil-notifier\esp_timer\src\system_time.c.o

Compiling .pioenvs\plant-soil-notifier\esp_timer\src\esp_timer_impl_common.c.o

Compiling .pioenvs\plant-soil-notifier\esp_timer\src\esp_timer_impl_lac.c.o

Compiling .pioenvs\plant-soil-notifier\esp_vfs_console\vfs_console.c.o

Compiling .pioenvs\plant-soil-notifier\esp_wifi\src\lib_printf.c.o

Compiling .pioenvs\plant-soil-notifier\esp_wifi\src\mesh_event.c.o

Archiving .pioenvs\plant-soil-notifier\esp-idf\esp_system\libesp_system.a

Compiling .pioenvs\plant-soil-notifier\esp_wifi\src\smartconfig.c.o

Compiling .pioenvs\plant-soil-notifier\esp_wifi\src\wifi_init.c.o

Indexing .pioenvs\plant-soil-notifier\esp-idf\esp_system\libesp_system.a

Compiling .pioenvs\plant-soil-notifier\esp_wifi\src\wifi_default.c.o

Compiling .pioenvs\plant-soil-notifier\esp_wifi\src\wifi_netif.c.o

Compiling .pioenvs\plant-soil-notifier\esp_wifi\src\wifi_default_ap.c.o

Compiling .pioenvs\plant-soil-notifier\esp_wifi\esp32\esp_adapter.c.o

Archiving .pioenvs\plant-soil-notifier\esp-idf\esp_timer\libesp_timer.a

Archiving .pioenvs\plant-soil-notifier\esp-idf\esp_vfs_console\libesp_vfs_console.a

Compiling .pioenvs\plant-soil-notifier\esp_wifi\regulatory\esp_wifi_regulatory.c.o

Compiling .pioenvs\plant-soil-notifier\esp_wifi\src\smartconfig_ack.c.o

Compiling .pioenvs\plant-soil-notifier\espcoredump\src\core_dump_init.c.o

Indexing .pioenvs\plant-soil-notifier\esp-idf\esp_vfs_console\libesp_vfs_console.a

Compiling .pioenvs\plant-soil-notifier\espcoredump\src\core_dump_common.c.o

Compiling .pioenvs\plant-soil-notifier\espcoredump\src\core_dump_flash.c.o

Indexing .pioenvs\plant-soil-notifier\esp-idf\esp_timer\libesp_timer.a

Compiling .pioenvs\plant-soil-notifier\espcoredump\src\core_dump_uart.c.o

Compiling .pioenvs\plant-soil-notifier\espcoredump\src\core_dump_elf.c.o

Compiling .pioenvs\plant-soil-notifier\espcoredump\src\core_dump_binary.c.o

Compiling .pioenvs\plant-soil-notifier\espcoredump\src\core_dump_sha.c.o

Compiling .pioenvs\plant-soil-notifier\espcoredump\src\core_dump_crc.c.o

Compiling .pioenvs\plant-soil-notifier\espcoredump\src\port\xtensa\core_dump_port.c.o

Compiling .pioenvs\plant-soil-notifier\managed_components\espressif__cbor\tinycbor\src\cborencoder_close_container_checked.c.o

Compiling .pioenvs\plant-soil-notifier\managed_components\espressif__cbor\tinycbor\src\cborencoder.c.o

Compiling .pioenvs\plant-soil-notifier\managed_components\espressif__cbor\tinycbor\src\cborencoder_float.c.o

Archiving .pioenvs\plant-soil-notifier\esp-idf\esp_wifi\libesp_wifi.a

Compiling .pioenvs\plant-soil-notifier\managed_components\espressif__cbor\tinycbor\src\cborerrorstrings.c.o

Compiling .pioenvs\plant-soil-notifier\managed_components\espressif__cbor\tinycbor\src\cborparser_dup_string.c.o

Compiling .pioenvs\plant-soil-notifier\managed_components\espressif__cbor\tinycbor\src\cborparser.c.o

Compiling .pioenvs\plant-soil-notifier\managed_components\espressif__cbor\tinycbor\src\cborparser_float.c.o

Indexing .pioenvs\plant-soil-notifier\esp-idf\esp_wifi\libesp_wifi.a

Compiling .pioenvs\plant-soil-notifier\managed_components\espressif__cbor\tinycbor\src\cborpretty_stdio.c.o

Compiling .pioenvs\plant-soil-notifier\managed_components\espressif__cbor\tinycbor\src\cborpretty.c.o

Compiling .pioenvs\plant-soil-notifier\managed_components\espressif__cbor\tinycbor\src\cbortojson.c.o

Compiling .pioenvs\plant-soil-notifier\managed_components\espressif__cbor\tinycbor\src\cborvalidation.c.o

Compiling .pioenvs\plant-soil-notifier\managed_components\espressif__cbor\tinycbor\src\open_memstream.c.o

Archiving .pioenvs\plant-soil-notifier\esp-idf\espcoredump\libespcoredump.a

Compiling .pioenvs\plant-soil-notifier\managed_components\espressif__esp-dsp\modules\common\misc\dsps_pwroftwo.cpp.o

Compiling .pioenvs\plant-soil-notifier\managed_components\espressif__esp-dsp\modules\common\misc\aes3_tie_log.c.o

Compiling .pioenvs\plant-soil-notifier\managed_components\espressif__esp-dsp\modules\dotprod\float\dsps_dotprod_f32_ae32.S.o

Compiling .pioenvs\plant-soil-notifier\managed_components\espressif__esp-dsp\modules\dotprod\float\dsps_dotprod_f32_m_ae32.S.o

Compiling .pioenvs\plant-soil-notifier\managed_components\espressif__esp-dsp\modules\dotprod\float\dsps_dotprode_f32_ae32.S.o

Compiling .pioenvs\plant-soil-notifier\managed_components\espressif__esp-dsp\modules\dotprod\float\dsps_dotprode_f32_m_ae32.S.o

Indexing .pioenvs\plant-soil-notifier\esp-idf\espcoredump\libespcoredump.a

Compiling .pioenvs\plant-soil-notifier\managed_components\espressif__esp-dsp\modules\dotprod\float\dsps_dotprod_f32_ansi.c.o

Compiling .pioenvs\plant-soil-notifier\managed_components\espressif__esp-dsp\modules\dotprod\float\dsps_dotprode_f32_ansi.c.o

Compiling .pioenvs\plant-soil-notifier\managed_components\espressif__esp-dsp\modules\dotprod\float\dsps_dotprod_f32_aes3.S.o

Compiling .pioenvs\plant-soil-notifier\managed_components\espressif__esp-dsp\modules\dotprod\float\dsps_dotprod_f32_arp4.S.o

Compiling .pioenvs\plant-soil-notifier\managed_components\espressif__esp-dsp\modules\dotprod\float\dsps_dotprode_f32_arp4.S.o

Archiving .pioenvs\plant-soil-notifier\esp-idf\espressif__cbor\libespressif__cbor.a

Compiling .pioenvs\plant-soil-notifier\managed_components\espressif__esp-dsp\modules\dotprod\fixed\dsps_dotprod_s16_ae32.S.o

Compiling .pioenvs\plant-soil-notifier\managed_components\espressif__esp-dsp\modules\dotprod\fixed\dsps_dotprod_s16_m_ae32.S.o

Compiling .pioenvs\plant-soil-notifier\managed_components\espressif__esp-dsp\modules\dotprod\fixed\dsps_dotprod_s16_ansi.c.o

Compiling .pioenvs\plant-soil-notifier\managed_components\espressif__esp-dsp\modules\dotprod\fixed\dsps_dotprod_s16_arp4.S.o

Compiling .pioenvs\plant-soil-notifier\managed_components\espressif__esp-dsp\modules\dotprod\fixed\dsps_dp_s8_ansi.c.o

Compiling .pioenvs\plant-soil-notifier\managed_components\espressif__esp-dsp\modules\dotprod\fixed\dsps_dp_s8_aes3.S.o

Indexing .pioenvs\plant-soil-notifier\esp-idf\espressif__cbor\libespressif__cbor.a

Compiling .pioenvs\plant-soil-notifier\managed_components\espressif__esp-dsp\modules\dotprod\float\dspi_dotprod_f32_ansi.c.o

Compiling .pioenvs\plant-soil-notifier\managed_components\espressif__esp-dsp\modules\dotprod\float\dspi_dotprod_off_f32_ansi.c.o

Compiling .pioenvs\plant-soil-notifier\managed_components\espressif__esp-dsp\modules\dotprod\fixed\dspi_dotprod_s16_ansi.c.o

Compiling .pioenvs\plant-soil-notifier\managed_components\espressif__esp-dsp\modules\dotprod\fixed\dspi_dotprod_u16_ansi.c.o

Compiling .pioenvs\plant-soil-notifier\managed_components\espressif__esp-dsp\modules\dotprod\fixed\dspi_dotprod_s8_ansi.c.o

Compiling .pioenvs\plant-soil-notifier\managed_components\espressif__esp-dsp\modules\dotprod\fixed\dspi_dotprod_u8_ansi.c.o

Compiling .pioenvs\plant-soil-notifier\managed_components\espressif__esp-dsp\modules\dotprod\fixed\dspi_dotprod_off_s16_ansi.c.o

Compiling .pioenvs\plant-soil-notifier\managed_components\espressif__esp-dsp\modules\dotprod\fixed\dspi_dotprod_off_u16_ansi.c.o

Compiling .pioenvs\plant-soil-notifier\managed_components\espressif__esp-dsp\modules\dotprod\fixed\dspi_dotprod_off_s8_ansi.c.o

Compiling .pioenvs\plant-soil-notifier\managed_components\espressif__esp-dsp\modules\dotprod\fixed\dspi_dotprod_off_u8_ansi.c.o

Compiling .pioenvs\plant-soil-notifier\managed_components\espressif__esp-dsp\modules\dotprod\fixed\dspi_dotprod_s16_aes3.S.o

Compiling .pioenvs\plant-soil-notifier\managed_components\espressif__esp-dsp\modules\dotprod\fixed\dspi_dotprod_u16_aes3.S.o

Compiling .pioenvs\plant-soil-notifier\managed_components\espressif__esp-dsp\modules\dotprod\fixed\dspi_dotprod_off_s16_aes3.S.o

Compiling .pioenvs\plant-soil-notifier\managed_components\espressif__esp-dsp\modules\dotprod\fixed\dspi_dotprod_off_u16_aes3.S.o

Compiling .pioenvs\plant-soil-notifier\managed_components\espressif__esp-dsp\modules\dotprod\fixed\dspi_dotprod_s8_aes3.S.o

Compiling .pioenvs\plant-soil-notifier\managed_components\espressif__esp-dsp\modules\dotprod\fixed\dspi_dotprod_u8_aes3.S.o

Compiling .pioenvs\plant-soil-notifier\managed_components\espressif__esp-dsp\modules\dotprod\fixed\dspi_dotprod_off_u8_aes3.S.o

Compiling .pioenvs\plant-soil-notifier\managed_components\espressif__esp-dsp\modules\dotprod\fixed\dspi_dotprod_off_s8_aes3.S.o

Compiling .pioenvs\plant-soil-notifier\managed_components\espressif__esp-dsp\modules\dotprod\fixed\dspi_dotprod_s16_arp4.S.o

Compiling .pioenvs\plant-soil-notifier\managed_components\espressif__esp-dsp\modules\dotprod\fixed\dspi_dotprod_s8_arp4.S.o

Compiling .pioenvs\plant-soil-notifier\managed_components\espressif__esp-dsp\modules\dotprod\fixed\dspi_dotprod_u16_arp4.S.o

Compiling .pioenvs\plant-soil-notifier\managed_components\espressif__esp-dsp\modules\dotprod\fixed\dspi_dotprod_u8_arp4.S.o

Compiling .pioenvs\plant-soil-notifier\managed_components\espressif__esp-dsp\modules\dotprod\fixed\dspi_dotprod_off_s16_arp4.S.o

Compiling .pioenvs\plant-soil-notifier\managed_components\espressif__esp-dsp\modules\dotprod\fixed\dspi_dotprod_off_u16_arp4.S.o

Compiling .pioenvs\plant-soil-notifier\managed_components\espressif__esp-dsp\modules\dotprod\fixed\dspi_dotprod_off_s8_arp4.S.o

Compiling .pioenvs\plant-soil-notifier\managed_components\espressif__esp-dsp\modules\dotprod\fixed\dspi_dotprod_off_u8_arp4.S.o

Compiling .pioenvs\plant-soil-notifier\managed_components\espressif__esp-dsp\modules\matrix\mul\float\dspm_mult_3x3x1_f32_ae32.S.o

Compiling .pioenvs\plant-soil-notifier\managed_components\espressif__esp-dsp\modules\matrix\mul\float\dspm_mult_3x3x3_f32_ae32.S.o

Compiling .pioenvs\plant-soil-notifier\managed_components\espressif__esp-dsp\modules\matrix\mul\float\dspm_mult_4x4x1_f32_ae32.S.o

Compiling .pioenvs\plant-soil-notifier\managed_components\espressif__esp-dsp\modules\matrix\mul\float\dspm_mult_4x4x4_f32_ae32.S.o

Compiling .pioenvs\plant-soil-notifier\managed_components\espressif__esp-dsp\modules\matrix\mul\float\dspm_mult_f32_ae32.S.o

Compiling .pioenvs\plant-soil-notifier\managed_components\espressif__esp-dsp\modules\matrix\mul\float\dspm_mult_f32_aes3.S.o

Compiling .pioenvs\plant-soil-notifier\managed_components\espressif__esp-dsp\modules\matrix\mul\float\dspm_mult_f32_ansi.c.o

Compiling .pioenvs\plant-soil-notifier\managed_components\espressif__esp-dsp\modules\matrix\mul\float\dspm_mult_f32_arp4.S.o

Compiling .pioenvs\plant-soil-notifier\managed_components\espressif__esp-dsp\modules\matrix\mul\float\dspm_mult_ex_f32_ansi.c.o

Compiling .pioenvs\plant-soil-notifier\managed_components\espressif__esp-dsp\modules\matrix\mul\float\dspm_mult_ex_f32_ae32.S.o

Compiling .pioenvs\plant-soil-notifier\managed_components\espressif__esp-dsp\modules\matrix\mul\float\dspm_mult_ex_f32_arp4.S.o

Compiling .pioenvs\plant-soil-notifier\managed_components\espressif__esp-dsp\modules\matrix\mul\float\dspm_mult_ex_f32_aes3.S.o

Compiling .pioenvs\plant-soil-notifier\managed_components\espressif__esp-dsp\modules\matrix\mul\fixed\dspm_mult_s16_ae32.S.o

Compiling .pioenvs\plant-soil-notifier\managed_components\espressif__esp-dsp\modules\matrix\mul\fixed\dspm_mult_s16_m_ae32_vector.S.o

Compiling .pioenvs\plant-soil-notifier\managed_components\espressif__esp-dsp\modules\matrix\mul\fixed\dspm_mult_s16_m_ae32.S.o

Compiling .pioenvs\plant-soil-notifier\managed_components\espressif__esp-dsp\modules\matrix\mul\fixed\dspm_mult_s16_ansi.c.o

Compiling .pioenvs\plant-soil-notifier\managed_components\espressif__esp-dsp\modules\matrix\mul\fixed\dspm_mult_s16_aes3.S.o

Compiling .pioenvs\plant-soil-notifier\managed_components\espressif__esp-dsp\modules\matrix\mul\fixed\dspm_mult_s16_arp4.S.o

Compiling .pioenvs\plant-soil-notifier\managed_components\espressif__esp-dsp\modules\matrix\add\float\dspm_add_f32_ansi.c.o

Compiling .pioenvs\plant-soil-notifier\managed_components\espressif__esp-dsp\modules\matrix\add\float\dspm_add_f32_ae32.S.o

Compiling .pioenvs\plant-soil-notifier\managed_components\espressif__esp-dsp\modules\matrix\addc\float\dspm_addc_f32_ansi.c.o

Compiling .pioenvs\plant-soil-notifier\managed_components\espressif__esp-dsp\modules\matrix\addc\float\dspm_addc_f32_ae32.S.o

Compiling .pioenvs\plant-soil-notifier\managed_components\espressif__esp-dsp\modules\matrix\mulc\float\dspm_mulc_f32_ansi.c.o

Compiling .pioenvs\plant-soil-notifier\managed_components\espressif__esp-dsp\modules\matrix\mulc\float\dspm_mulc_f32_ae32.S.o

Compiling .pioenvs\plant-soil-notifier\managed_components\espressif__esp-dsp\modules\matrix\sub\float\dspm_sub_f32_ansi.c.o

Compiling .pioenvs\plant-soil-notifier\managed_components\espressif__esp-dsp\modules\matrix\sub\float\dspm_sub_f32_ae32.S.o

Compiling .pioenvs\plant-soil-notifier\managed_components\espressif__esp-dsp\modules\matrix\mat\mat.cpp.o

Compiling .pioenvs\plant-soil-notifier\managed_components\espressif__esp-dsp\modules\math\mulc\float\dsps_mulc_f32_ansi.c.o

Compiling .pioenvs\plant-soil-notifier\managed_components\espressif__esp-dsp\modules\math\addc\float\dsps_addc_f32_ansi.c.o

Compiling .pioenvs\plant-soil-notifier\managed_components\espressif__esp-dsp\modules\math\mulc\fixed\dsps_mulc_s16_ansi.c.o

Compiling .pioenvs\plant-soil-notifier\managed_components\espressif__esp-dsp\modules\math\mulc\fixed\dsps_mulc_s16_ae32.S.o

Compiling .pioenvs\plant-soil-notifier\managed_components\espressif__esp-dsp\modules\math\add\float\dsps_add_f32_ansi.c.o

Compiling .pioenvs\plant-soil-notifier\managed_components\espressif__esp-dsp\modules\math\add\fixed\dsps_add_s16_ansi.c.o

Compiling .pioenvs\plant-soil-notifier\managed_components\espressif__esp-dsp\modules\math\add\fixed\dsps_add_s16_ae32.S.o

Compiling .pioenvs\plant-soil-notifier\managed_components\espressif__esp-dsp\modules\math\add\fixed\dsps_add_s16_aes3.S.o

Compiling .pioenvs\plant-soil-notifier\managed_components\espressif__esp-dsp\modules\math\add\fixed\dsps_add_s8_ansi.c.o

Compiling .pioenvs\plant-soil-notifier\managed_components\espressif__esp-dsp\modules\math\add\fixed\dsps_add_s8_aes3.S.o

Compiling .pioenvs\plant-soil-notifier\managed_components\espressif__esp-dsp\modules\math\sub\float\dsps_sub_f32_ansi.c.o

Compiling .pioenvs\plant-soil-notifier\managed_components\espressif__esp-dsp\modules\math\sub\fixed\dsps_sub_s16_ansi.c.o

Compiling .pioenvs\plant-soil-notifier\managed_components\espressif__esp-dsp\modules\math\sub\fixed\dsps_sub_s16_ae32.S.o

Compiling .pioenvs\plant-soil-notifier\managed_components\espressif__esp-dsp\modules\math\sub\fixed\dsps_sub_s16_aes3.S.o

Compiling .pioenvs\plant-soil-notifier\managed_components\espressif__esp-dsp\modules\math\sub\fixed\dsps_sub_s8_ansi.c.o

Compiling .pioenvs\plant-soil-notifier\managed_components\espressif__esp-dsp\modules\math\sub\fixed\dsps_sub_s8_aes3.S.o

Compiling .pioenvs\plant-soil-notifier\managed_components\espressif__esp-dsp\modules\math\mul\float\dsps_mul_f32_ansi.c.o

Compiling .pioenvs\plant-soil-notifier\managed_components\espressif__esp-dsp\modules\math\mul\fixed\dsps_mul_s16_ansi.c.o

Compiling .pioenvs\plant-soil-notifier\managed_components\espressif__esp-dsp\modules\math\mul\fixed\dsps_mul_s16_ae32.S.o

Compiling .pioenvs\plant-soil-notifier\managed_components\espressif__esp-dsp\modules\math\mul\fixed\dsps_mul_s16_aes3.S.o

Compiling .pioenvs\plant-soil-notifier\managed_components\espressif__esp-dsp\modules\math\mul\fixed\dsps_mul_s8_ansi.c.o

Compiling .pioenvs\plant-soil-notifier\managed_components\espressif__esp-dsp\modules\math\mul\fixed\dsps_mul_s8_aes3.S.o

Compiling .pioenvs\plant-soil-notifier\managed_components\espressif__esp-dsp\modules\matrix\mul\fixed\dspm_mult_mxn_1xm_int8_ansi.c.o

Compiling .pioenvs\plant-soil-notifier\managed_components\espressif__esp-dsp\modules\math\mulc\float\dsps_mulc_f32_ae32.S.o

Compiling .pioenvs\plant-soil-notifier\managed_components\espressif__esp-dsp\modules\math\addc\float\dsps_addc_f32_ae32.S.o

Compiling .pioenvs\plant-soil-notifier\managed_components\espressif__esp-dsp\modules\math\add\float\dsps_add_f32_ae32.S.o

Compiling .pioenvs\plant-soil-notifier\managed_components\espressif__esp-dsp\modules\math\sub\float\dsps_sub_f32_ae32.S.o

Compiling .pioenvs\plant-soil-notifier\managed_components\espressif__esp-dsp\modules\math\mul\float\dsps_mul_f32_ae32.S.o

Compiling .pioenvs\plant-soil-notifier\managed_components\espressif__esp-dsp\modules\math\sqrt\float\dsps_sqrt_f32_ansi.c.o

Compiling .pioenvs\plant-soil-notifier\managed_components\espressif__esp-dsp\modules\fft\float\dsps_fft2r_fc32_ae32_.S.o

Compiling .pioenvs\plant-soil-notifier\managed_components\espressif__esp-dsp\modules\fft\float\dsps_fft2r_fc32_aes3_.S.o

Compiling .pioenvs\plant-soil-notifier\managed_components\espressif__esp-dsp\modules\fft\float\dsps_fft2r_fc32_arp4.S.o

Compiling .pioenvs\plant-soil-notifier\managed_components\espressif__esp-dsp\modules\fft\float\dsps_fft2r_fc32_ansi.c.o

Compiling .pioenvs\plant-soil-notifier\managed_components\espressif__esp-dsp\modules\fft\float\dsps_fft2r_fc32_ae32.c.o

Compiling .pioenvs\plant-soil-notifier\managed_components\espressif__esp-dsp\modules\fft\float\dsps_bit_rev_lookup_fc32_aes3.S.o

Compiling .pioenvs\plant-soil-notifier\managed_components\espressif__esp-dsp\modules\fft\float\dsps_fft4r_fc32_ansi.c.o

Compiling .pioenvs\plant-soil-notifier\managed_components\espressif__esp-dsp\modules\fft\float\dsps_fft4r_fc32_ae32.c.o

Compiling .pioenvs\plant-soil-notifier\managed_components\espressif__esp-dsp\modules\fft\float\dsps_fft4r_fc32_ae32_.S.o

Compiling .pioenvs\plant-soil-notifier\managed_components\espressif__esp-dsp\modules\fft\float\dsps_fft4r_fc32_aes3_.S.o

Compiling .pioenvs\plant-soil-notifier\managed_components\espressif__esp-dsp\modules\fft\float\dsps_fft4r_fc32_arp4.S.o

Compiling .pioenvs\plant-soil-notifier\managed_components\espressif__esp-dsp\modules\fft\float\dsps_fft2r_bitrev_tables_fc32.c.o

Compiling .pioenvs\plant-soil-notifier\managed_components\espressif__esp-dsp\modules\fft\float\dsps_fft4r_bitrev_tables_fc32.c.o

Compiling .pioenvs\plant-soil-notifier\managed_components\espressif__esp-dsp\modules\fft\fixed\dsps_fft2r_sc16_ae32.S.o

Compiling .pioenvs\plant-soil-notifier\managed_components\espressif__esp-dsp\modules\fft\fixed\dsps_fft2r_sc16_ansi.c.o

Compiling .pioenvs\plant-soil-notifier\managed_components\espressif__esp-dsp\modules\fft\fixed\dsps_fft2r_sc16_aes3.S.o

Compiling .pioenvs\plant-soil-notifier\managed_components\espressif__esp-dsp\modules\fft\fixed\dsps_fft2r_sc16_arp4.S.o

Compiling .pioenvs\plant-soil-notifier\managed_components\espressif__esp-dsp\modules\dct\float\dsps_dct_f32.c.o

Compiling .pioenvs\plant-soil-notifier\managed_components\espressif__esp-dsp\modules\dct\float\dsps_dctiv_f32.c.o

Compiling .pioenvs\plant-soil-notifier\managed_components\espressif__esp-dsp\modules\dct\float\dsps_dstiv_f32.c.o

Compiling .pioenvs\plant-soil-notifier\managed_components\espressif__esp-dsp\modules\support\snr\float\dsps_snr_f32.cpp.o

Compiling .pioenvs\plant-soil-notifier\managed_components\espressif__esp-dsp\modules\support\sfdr\float\dsps_sfdr_f32.cpp.o

Compiling .pioenvs\plant-soil-notifier\managed_components\espressif__esp-dsp\modules\support\misc\dsps_d_gen.c.o

Compiling .pioenvs\plant-soil-notifier\managed_components\espressif__esp-dsp\modules\support\misc\dsps_h_gen.c.o

Compiling .pioenvs\plant-soil-notifier\managed_components\espressif__esp-dsp\modules\support\misc\dsps_tone_gen.c.o

Compiling .pioenvs\plant-soil-notifier\managed_components\espressif__esp-dsp\modules\support\cplx_gen\dsps_cplx_gen.c.o

Compiling .pioenvs\plant-soil-notifier\managed_components\espressif__esp-dsp\modules\support\cplx_gen\dsps_cplx_gen.S.o

Compiling .pioenvs\plant-soil-notifier\managed_components\espressif__esp-dsp\modules\support\cplx_gen\dsps_cplx_gen_init.c.o

Compiling .pioenvs\plant-soil-notifier\managed_components\espressif__esp-dsp\modules\support\mem\esp32s3\dsps_memset_aes3.S.o

Compiling .pioenvs\plant-soil-notifier\managed_components\espressif__esp-dsp\modules\support\mem\esp32s3\dsps_memcpy_aes3.S.o

Compiling .pioenvs\plant-soil-notifier\managed_components\espressif__esp-dsp\modules\support\view\dsps_view.cpp.o

Compiling .pioenvs\plant-soil-notifier\managed_components\espressif__esp-dsp\modules\windows\hann\float\dsps_wind_hann_f32.c.o

Compiling .pioenvs\plant-soil-notifier\managed_components\espressif__esp-dsp\modules\windows\blackman\float\dsps_wind_blackman_f32.c.o

Compiling .pioenvs\plant-soil-notifier\managed_components\espressif__esp-dsp\modules\windows\blackman_harris\float\dsps_wind_blackman_harris_f32.c.o

Compiling .pioenvs\plant-soil-notifier\managed_components\espressif__esp-dsp\modules\windows\blackman_nuttall\float\dsps_wind_blackman_nuttall_f32.c.o

Compiling .pioenvs\plant-soil-notifier\managed_components\espressif__esp-dsp\modules\windows\nuttall\float\dsps_wind_nuttall_f32.c.o

Compiling .pioenvs\plant-soil-notifier\managed_components\espressif__esp-dsp\modules\windows\flat_top\float\dsps_wind_flat_top_f32.c.o

Compiling .pioenvs\plant-soil-notifier\managed_components\espressif__esp-dsp\modules\conv\float\dsps_conv_f32_ansi.c.o

Compiling .pioenvs\plant-soil-notifier\managed_components\espressif__esp-dsp\modules\conv\float\dspi_conv_f32_ansi.c.o

Compiling .pioenvs\plant-soil-notifier\managed_components\espressif__esp-dsp\modules\conv\float\dsps_conv_f32_ae32.S.o

Compiling .pioenvs\plant-soil-notifier\managed_components\espressif__esp-dsp\modules\conv\float\dsps_corr_f32_ansi.c.o

Compiling .pioenvs\plant-soil-notifier\managed_components\espressif__esp-dsp\modules\conv\float\dsps_corr_f32_ae32.S.o

Compiling .pioenvs\plant-soil-notifier\managed_components\espressif__esp-dsp\modules\conv\float\dsps_ccorr_f32_ansi.c.o

Compiling .pioenvs\plant-soil-notifier\managed_components\espressif__esp-dsp\modules\conv\float\dsps_ccorr_f32_ae32.S.o

Compiling .pioenvs\plant-soil-notifier\managed_components\espressif__esp-dsp\modules\iir\biquad\dsps_biquad_f32_ae32.S.o

Compiling .pioenvs\plant-soil-notifier\managed_components\espressif__esp-dsp\modules\iir\biquad\dsps_biquad_sf32_ae32.S.o

Compiling .pioenvs\plant-soil-notifier\managed_components\espressif__esp-dsp\modules\iir\biquad\dsps_biquad_f32_aes3.S.o

Compiling .pioenvs\plant-soil-notifier\managed_components\espressif__esp-dsp\modules\iir\biquad\dsps_biquad_f32_arp4.S.o

Compiling .pioenvs\plant-soil-notifier\managed_components\espressif__esp-dsp\modules\iir\biquad\dsps_biquad_sf32_arp4.S.o

Compiling .pioenvs\plant-soil-notifier\managed_components\espressif__esp-dsp\modules\iir\biquad\dsps_biquad_f32_ansi.c.o

Compiling .pioenvs\plant-soil-notifier\managed_components\espressif__esp-dsp\modules\iir\biquad\dsps_biquad_sf32_ansi.c.o

Compiling .pioenvs\plant-soil-notifier\managed_components\espressif__esp-dsp\modules\iir\biquad\dsps_biquad_gen_f32.c.o

Compiling .pioenvs\plant-soil-notifier\managed_components\espressif__esp-dsp\modules\fir\float\dsps_fir_f32_ae32.S.o

Compiling .pioenvs\plant-soil-notifier\managed_components\espressif__esp-dsp\modules\fir\float\dsps_fir_f32_aes3.S.o

Compiling .pioenvs\plant-soil-notifier\managed_components\espressif__esp-dsp\modules\fir\float\dsps_fird_f32_ae32.S.o

Compiling .pioenvs\plant-soil-notifier\managed_components\espressif__esp-dsp\modules\fir\float\dsps_fird_f32_aes3.S.o

Compiling .pioenvs\plant-soil-notifier\managed_components\espressif__esp-dsp\modules\fir\float\dsps_fird_f32_arp4.S.o

Compiling .pioenvs\plant-soil-notifier\managed_components\espressif__esp-dsp\modules\fir\float\dsps_fir_f32_ansi.c.o

Compiling .pioenvs\plant-soil-notifier\managed_components\espressif__esp-dsp\modules\fir\float\dsps_fir_init_f32.c.o

Compiling .pioenvs\plant-soil-notifier\managed_components\espressif__esp-dsp\modules\fir\float\dsps_fird_f32_ansi.c.o

Compiling .pioenvs\plant-soil-notifier\managed_components\espressif__esp-dsp\modules\fir\float\dsps_fird_init_f32.c.o

Compiling .pioenvs\plant-soil-notifier\managed_components\espressif__esp-dsp\modules\fir\fixed\dsps_fird_init_s16.c.o

Compiling .pioenvs\plant-soil-notifier\managed_components\espressif__esp-dsp\modules\fir\fixed\dsps_fird_s16_ansi.c.o

Compiling .pioenvs\plant-soil-notifier\managed_components\espressif__esp-dsp\modules\fir\fixed\dsps_fird_s16_ae32.S.o

Compiling .pioenvs\plant-soil-notifier\managed_components\espressif__esp-dsp\modules\fir\fixed\dsps_fir_s16_m_ae32.S.o

Compiling .pioenvs\plant-soil-notifier\managed_components\espressif__esp-dsp\modules\fir\fixed\dsps_fird_s16_aes3.S.o

Compiling .pioenvs\plant-soil-notifier\managed_components\espressif__esp-dsp\modules\fir\fixed\dsps_fird_s16_arp4.S.o

Compiling .pioenvs\plant-soil-notifier\managed_components\espressif__esp-dsp\modules\fir\float\dsps_firmr_init_f32.c.o

Compiling .pioenvs\plant-soil-notifier\managed_components\espressif__esp-dsp\modules\fir\float\dsps_firmr_f32_ansi.c.o

Compiling .pioenvs\plant-soil-notifier\managed_components\espressif__esp-dsp\modules\fir\fixed\dsps_firmr_init_s16.c.o

Compiling .pioenvs\plant-soil-notifier\managed_components\espressif__esp-dsp\modules\fir\fixed\dsps_firmr_s16_ansi.c.o

Compiling .pioenvs\plant-soil-notifier\managed_components\espressif__esp-dsp\modules\fir\resampler\dsps_resampler_mr.c.o

Compiling .pioenvs\plant-soil-notifier\managed_components\espressif__esp-dsp\modules\fir\resampler\dsps_resampler_ph.c.o

Compiling .pioenvs\plant-soil-notifier\managed_components\espressif__esp-dsp\modules\kalman\ekf\common\ekf.cpp.o

Compiling .pioenvs\plant-soil-notifier\managed_components\espressif__esp-dsp\modules\kalman\ekf_imu13states\ekf_imu13states.cpp.o

Compiling .pioenvs\plant-soil-notifier\managed_components\espressif__esp-modbus\freemodbus\common\esp_modbus_master.c.o

Compiling .pioenvs\plant-soil-notifier\managed_components\espressif__esp-modbus\freemodbus\common\esp_modbus_slave.c.o

Compiling .pioenvs\plant-soil-notifier\managed_components\espressif__esp-modbus\freemodbus\modbus\mb.c.o

Compiling .pioenvs\plant-soil-notifier\managed_components\espressif__esp-modbus\freemodbus\modbus\mb_m.c.o

Compiling .pioenvs\plant-soil-notifier\managed_components\espressif__esp-modbus\freemodbus\modbus\ascii\mbascii.c.o

Compiling .pioenvs\plant-soil-notifier\managed_components\espressif__esp-modbus\freemodbus\modbus\ascii\mbascii_m.c.o

Compiling .pioenvs\plant-soil-notifier\managed_components\espressif__esp-modbus\freemodbus\modbus\rtu\mbrtu_m.c.o

Compiling .pioenvs\plant-soil-notifier\managed_components\espressif__esp-modbus\freemodbus\modbus\rtu\mbrtu.c.o

Compiling .pioenvs\plant-soil-notifier\managed_components\espressif__esp-modbus\freemodbus\modbus\rtu\mbcrc.c.o

Compiling .pioenvs\plant-soil-notifier\managed_components\espressif__esp-modbus\freemodbus\modbus\tcp\mbtcp.c.o

Compiling .pioenvs\plant-soil-notifier\managed_components\espressif__esp-modbus\freemodbus\modbus\tcp\mbtcp_m.c.o

Compiling .pioenvs\plant-soil-notifier\managed_components\espressif__esp-modbus\freemodbus\port\port.c.o

Compiling .pioenvs\plant-soil-notifier\managed_components\espressif__esp-modbus\freemodbus\port\portevent.c.o

Compiling .pioenvs\plant-soil-notifier\managed_components\espressif__esp-modbus\freemodbus\port\portevent_m.c.o

Compiling .pioenvs\plant-soil-notifier\managed_components\espressif__esp-modbus\freemodbus\port\portother.c.o

Compiling .pioenvs\plant-soil-notifier\managed_components\espressif__esp-modbus\freemodbus\port\portother_m.c.o

Compiling .pioenvs\plant-soil-notifier\managed_components\espressif__esp-modbus\freemodbus\port\portserial.c.o

Compiling .pioenvs\plant-soil-notifier\managed_components\espressif__esp-modbus\freemodbus\port\portserial_m.c.o

Compiling .pioenvs\plant-soil-notifier\managed_components\espressif__esp-modbus\freemodbus\port\porttimer.c.o

Compiling .pioenvs\plant-soil-notifier\managed_components\espressif__esp-modbus\freemodbus\port\porttimer_m.c.o

Compiling .pioenvs\plant-soil-notifier\managed_components\espressif__esp-modbus\freemodbus\modbus\functions\mbfunccoils.c.o

Compiling .pioenvs\plant-soil-notifier\managed_components\espressif__esp-modbus\freemodbus\modbus\functions\mbfunccoils_m.c.o

Compiling .pioenvs\plant-soil-notifier\managed_components\espressif__esp-modbus\freemodbus\modbus\functions\mbfuncdiag.c.o

Compiling .pioenvs\plant-soil-notifier\managed_components\espressif__esp-modbus\freemodbus\modbus\functions\mbfuncdisc.c.o

Archiving .pioenvs\plant-soil-notifier\esp-idf\espressif__esp-dsp\libespressif__esp-dsp.a

Compiling .pioenvs\plant-soil-notifier\managed_components\espressif__esp-modbus\freemodbus\modbus\functions\mbfuncdisc_m.c.o

Compiling .pioenvs\plant-soil-notifier\managed_components\espressif__esp-modbus\freemodbus\modbus\functions\mbfuncholding.c.o

Compiling .pioenvs\plant-soil-notifier\managed_components\espressif__esp-modbus\freemodbus\modbus\functions\mbfuncholding_m.c.o

Compiling .pioenvs\plant-soil-notifier\managed_components\espressif__esp-modbus\freemodbus\modbus\functions\mbfuncinput.c.o

Compiling .pioenvs\plant-soil-notifier\managed_components\espressif__esp-modbus\freemodbus\modbus\functions\mbfuncinput_m.c.o

Compiling .pioenvs\plant-soil-notifier\managed_components\espressif__esp-modbus\freemodbus\modbus\functions\mbfuncother.c.o

Compiling .pioenvs\plant-soil-notifier\managed_components\espressif__esp-modbus\freemodbus\modbus\functions\mbutils.c.o

Compiling .pioenvs\plant-soil-notifier\managed_components\espressif__esp-modbus\freemodbus\serial_slave\modbus_controller\mbc_serial_slave.c.o

Indexing .pioenvs\plant-soil-notifier\esp-idf\espressif__esp-dsp\libespressif__esp-dsp.a

Compiling .pioenvs\plant-soil-notifier\managed_components\espressif__esp-modbus\freemodbus\serial_master\modbus_controller\mbc_serial_master.c.o

Compiling .pioenvs\plant-soil-notifier\managed_components\espressif__esp-modbus\freemodbus\tcp_slave\port\port_tcp_slave.c.o

Compiling .pioenvs\plant-soil-notifier\managed_components\espressif__esp-modbus\freemodbus\tcp_slave\modbus_controller\mbc_tcp_slave.c.o

Compiling .pioenvs\plant-soil-notifier\managed_components\espressif__esp-modbus\freemodbus\tcp_master\modbus_controller\mbc_tcp_master.c.o

Compiling .pioenvs\plant-soil-notifier\managed_components\espressif__esp-modbus\freemodbus\tcp_master\port\port_tcp_master.c.o

Compiling .pioenvs\plant-soil-notifier\managed_components\espressif__esp-modbus\freemodbus\common\esp_modbus_master_tcp.c.o

Compiling .pioenvs\plant-soil-notifier\managed_components\espressif__esp-modbus\freemodbus\common\esp_modbus_slave_tcp.c.o

Compiling .pioenvs\plant-soil-notifier\managed_components\espressif__esp-modbus\freemodbus\common\esp_modbus_master_serial.c.o

Compiling .pioenvs\plant-soil-notifier\managed_components\espressif__esp-modbus\freemodbus\common\esp_modbus_slave_serial.c.o

Compiling .pioenvs\plant-soil-notifier\managed_components\espressif__esp-serial-flasher\src\esp_loader.c.o

Compiling .pioenvs\plant-soil-notifier\managed_components\espressif__esp-serial-flasher\src\esp_targets.c.o

Compiling .pioenvs\plant-soil-notifier\managed_components\espressif__esp-serial-flasher\src\md5_hash.c.o

Compiling .pioenvs\plant-soil-notifier\managed_components\espressif__esp-serial-flasher\src\protocol.c.o

Compiling .pioenvs\plant-soil-notifier\managed_components\espressif__esp-serial-flasher\src\slip.c.o

Compiling .pioenvs\plant-soil-notifier\managed_components\espressif__esp-serial-flasher\port\esp32_port.c.o

Compiling .pioenvs\plant-soil-notifier\managed_components\espressif__esp_diag_data_store\src\esp_diag_data_store.c.o

Compiling .pioenvs\plant-soil-notifier\managed_components\espressif__esp_diag_data_store\src\rtc_store\rtc_store.c.o

Compiling .pioenvs\plant-soil-notifier\managed_components\espressif__esp_diagnostics\src\esp_diagnostics_log_hook.c.o

Compiling .pioenvs\plant-soil-notifier\managed_components\espressif__esp_diagnostics\src\esp_diagnostics_utils.c.o

Compiling .pioenvs\plant-soil-notifier\managed_components\espressif__esp_diagnostics\src\esp_diagnostics_metrics.c.o

Compiling .pioenvs\plant-soil-notifier\managed_components\espressif__esp_diagnostics\src\esp_diagnostics_heap_metrics.c.o

Compiling .pioenvs\plant-soil-notifier\managed_components\espressif__esp_diagnostics\src\esp_diagnostics_wifi_metrics.c.o

Compiling .pioenvs\plant-soil-notifier\managed_components\espressif__esp_diagnostics\src\esp_diagnostics_variables.c.o

Archiving .pioenvs\plant-soil-notifier\esp-idf\espressif__esp-modbus\libespressif__esp-modbus.a

Compiling .pioenvs\plant-soil-notifier\managed_components\espressif__esp_diagnostics\src\esp_diagnostics_network_variables.c.o

In file included from C:\Users\Mads2\Documents\Projects\Projects\Plant Soil Notifier\.esphome\build\plant-soil-notifier\managed_components\espressif__esp_diagnostics\src\esp_diagnostics_utils.c:52:

C:\Users\Mads2\.platformio\packages\framework-espidf\components\freertos\esp_additions\include/freertos/task_snapshot.h:8:2: warning: #warning freertos/task_snapshot.h header is no longer used, and will be removed in future versions. [-Wcpp]

    8 | #warning freertos/task_snapshot.h header is no longer used, and will be removed in future versions.

      |  ^~~~~~~
Indexing .pioenvs\plant-soil-notifier\esp-idf\espressif__esp-modbus\libespressif__esp-modbus.a

Compiling .pioenvs\plant-soil-notifier\managed_components\espressif__esp_insights\src\esp_insights.c.o

Archiving .pioenvs\plant-soil-notifier\esp-idf\espressif__esp-serial-flasher\libespressif__esp-serial-flasher.a

Archiving .pioenvs\plant-soil-notifier\esp-idf\espressif__esp_diag_data_store\libespressif__esp_diag_data_store.a

Compiling .pioenvs\plant-soil-notifier\managed_components\espressif__esp_insights\src\esp_insights_transport.c.o

Compiling .pioenvs\plant-soil-notifier\managed_components\espressif__esp_insights\src\esp_insights_client_data.c.o

Compiling .pioenvs\plant-soil-notifier\managed_components\espressif__esp_insights\src\esp_insights_encoder.c.o

Compiling .pioenvs\plant-soil-notifier\managed_components\espressif__esp_insights\src\esp_insights_cmd_resp.c.o

Compiling .pioenvs\plant-soil-notifier\managed_components\espressif__esp_insights\src\esp_insights_cbor_decoder.c.o

Compiling .pioenvs\plant-soil-notifier\managed_components\espressif__esp_insights\src\esp_insights_cbor_encoder.c.o

Indexing .pioenvs\plant-soil-notifier\esp-idf\espressif__esp-serial-flasher\libespressif__esp-serial-flasher.a

Compiling .pioenvs\plant-soil-notifier\.pioenvs\plant-soil-notifier\https_server.crt.S.o

Indexing .pioenvs\plant-soil-notifier\esp-idf\espressif__esp_diag_data_store\libespressif__esp_diag_data_store.a

Compiling .pioenvs\plant-soil-notifier\managed_components\espressif__esp_insights\src\transport\esp_insights_https.c.o

Archiving .pioenvs\plant-soil-notifier\esp-idf\espressif__esp_diagnostics\libespressif__esp_diagnostics.a

Compiling .pioenvs\plant-soil-notifier\managed_components\espressif__esp_modem\src\esp_modem_primitives_freertos.cpp.o

Indexing .pioenvs\plant-soil-notifier\esp-idf\espressif__esp_diagnostics\libespressif__esp_diagnostics.a

Compiling .pioenvs\plant-soil-notifier\managed_components\espressif__esp_modem\src\esp_modem_api_target.cpp.o

Compiling .pioenvs\plant-soil-notifier\managed_components\espressif__esp_modem\src\esp_modem_uart.cpp.o

Compiling .pioenvs\plant-soil-notifier\managed_components\espressif__esp_modem\src\esp_modem_term_uart.cpp.o

Compiling .pioenvs\plant-soil-notifier\managed_components\espressif__esp_modem\src\esp_modem_netif.cpp.o

Compiling .pioenvs\plant-soil-notifier\managed_components\espressif__esp_modem\src\esp_modem_dte.cpp.o

Compiling .pioenvs\plant-soil-notifier\managed_components\espressif__esp_modem\src\esp_modem_dce.cpp.o

Compiling .pioenvs\plant-soil-notifier\managed_components\espressif__esp_modem\src\esp_modem_api.cpp.o

Compiling .pioenvs\plant-soil-notifier\managed_components\espressif__esp_modem\src\esp_modem_c_api.cpp.o

Compiling .pioenvs\plant-soil-notifier\managed_components\espressif__esp_modem\src\esp_modem_factory.cpp.o

Compiling .pioenvs\plant-soil-notifier\managed_components\espressif__esp_modem\src\esp_modem_cmux.cpp.o

Archiving .pioenvs\plant-soil-notifier\esp-idf\espressif__esp_insights\libespressif__esp_insights.a

Indexing .pioenvs\plant-soil-notifier\esp-idf\espressif__esp_insights\libespressif__esp_insights.a

Compiling .pioenvs\plant-soil-notifier\managed_components\espressif__esp_modem\src\esp_modem_command_library.cpp.o

Compiling .pioenvs\plant-soil-notifier\managed_components\espressif__esp_modem\src\esp_modem_term_fs.cpp.o

Compiling .pioenvs\plant-soil-notifier\managed_components\espressif__esp_modem\src\esp_modem_vfs_uart_creator.cpp.o

Compiling .pioenvs\plant-soil-notifier\managed_components\espressif__esp_modem\src\esp_modem_vfs_socket_creator.cpp.o

Compiling .pioenvs\plant-soil-notifier\managed_components\espressif__esp_modem\src\esp_modem_modules.cpp.o

Compiling .pioenvs\plant-soil-notifier\managed_components\espressif__esp_rainmaker\src\core\esp_rmaker_core.c.o

Compiling .pioenvs\plant-soil-notifier\managed_components\espressif__esp_rainmaker\src\core\esp_rmaker_node.c.o

Compiling .pioenvs\plant-soil-notifier\managed_components\espressif__esp_rainmaker\src\core\esp_rmaker_device.c.o

Compiling .pioenvs\plant-soil-notifier\managed_components\espressif__esp_rainmaker\src\core\esp_rmaker_param.c.o

Compiling .pioenvs\plant-soil-notifier\managed_components\espressif__esp_rainmaker\src\core\esp_rmaker_node_config.c.o

Compiling .pioenvs\plant-soil-notifier\managed_components\espressif__esp_rainmaker\src\core\esp_rmaker_client_data.c.o

Compiling .pioenvs\plant-soil-notifier\managed_components\espressif__esp_rainmaker\src\core\esp_rmaker_time_service.c.o

Compiling .pioenvs\plant-soil-notifier\managed_components\espressif__esp_rainmaker\src\core\esp_rmaker_system_service.c.o

Compiling .pioenvs\plant-soil-notifier\managed_components\espressif__esp_rainmaker\src\core\esp_rmaker_user_mapping.pb-c.c.o

Compiling .pioenvs\plant-soil-notifier\managed_components\espressif__esp_rainmaker\src\core\esp_rmaker_user_mapping.c.o

Compiling .pioenvs\plant-soil-notifier\managed_components\espressif__esp_rainmaker\src\core\esp_rmaker_node_auth.c.o

Compiling .pioenvs\plant-soil-notifier\managed_components\espressif__esp_rainmaker\src\core\esp_rmaker_schedule.c.o

Compiling .pioenvs\plant-soil-notifier\managed_components\espressif__esp_rainmaker\src\core\esp_rmaker_scenes.c.o

Compiling .pioenvs\plant-soil-notifier\managed_components\espressif__esp_rainmaker\src\core\esp_rmaker_cmd_resp_manager.c.o

Compiling .pioenvs\plant-soil-notifier\managed_components\espressif__esp_rainmaker\src\core\esp_rmaker_secure_boot_digest.c.o

Compiling .pioenvs\plant-soil-notifier\managed_components\espressif__esp_rainmaker\src\mqtt\esp_rmaker_mqtt.c.o

Compiling .pioenvs\plant-soil-notifier\managed_components\espressif__esp_rainmaker\src\mqtt\esp_rmaker_mqtt_budget.c.o

Compiling .pioenvs\plant-soil-notifier\managed_components\espressif__esp_rainmaker\src\ota\esp_rmaker_ota.c.o

Compiling .pioenvs\plant-soil-notifier\managed_components\espressif__esp_rainmaker\src\ota\esp_rmaker_ota_using_params.c.o

Archiving .pioenvs\plant-soil-notifier\esp-idf\espressif__esp_modem\libespressif__esp_modem.a

Compiling .pioenvs\plant-soil-notifier\managed_components\espressif__esp_rainmaker\src\ota\esp_rmaker_ota_using_topics.c.o

Indexing .pioenvs\plant-soil-notifier\esp-idf\espressif__esp_modem\libespressif__esp_modem.a

Compiling .pioenvs\plant-soil-notifier\managed_components\espressif__esp_rainmaker\src\standard_types\esp_rmaker_standard_params.c.o

Compiling .pioenvs\plant-soil-notifier\managed_components\espressif__esp_rainmaker\src\standard_types\esp_rmaker_standard_devices.c.o

Compiling .pioenvs\plant-soil-notifier\managed_components\espressif__esp_rainmaker\src\standard_types\esp_rmaker_standard_services.c.o

Compiling .pioenvs\plant-soil-notifier\managed_components\espressif__esp_rainmaker\src\console\esp_rmaker_console.c.o

Compiling .pioenvs\plant-soil-notifier\managed_components\espressif__esp_rainmaker\src\console\esp_rmaker_commands.c.o

Compiling .pioenvs\plant-soil-notifier\.pioenvs\plant-soil-notifier\rmaker_mqtt_server.crt.S.o

Compiling .pioenvs\plant-soil-notifier\.pioenvs\plant-soil-notifier\rmaker_claim_service_server.crt.S.o

Compiling .pioenvs\plant-soil-notifier\.pioenvs\plant-soil-notifier\rmaker_ota_server.crt.S.o

Compiling .pioenvs\plant-soil-notifier\managed_components\espressif__esp_rcp_update\src\esp_rcp_update.c.o

Compiling .pioenvs\plant-soil-notifier\managed_components\espressif__esp_schedule\src\esp_schedule.c.o

Compiling .pioenvs\plant-soil-notifier\managed_components\espressif__esp_schedule\src\esp_schedule_nvs.c.o

Compiling .pioenvs\plant-soil-notifier\managed_components\espressif__esp_secure_cert_mgr\srcs\esp_secure_cert_tlv_read.c.o

Compiling .pioenvs\plant-soil-notifier\managed_components\espressif__esp_secure_cert_mgr\srcs\esp_secure_cert_crypto.c.o

Compiling .pioenvs\plant-soil-notifier\managed_components\espressif__esp_secure_cert_mgr\srcs\esp_secure_cert_tlv_write.c.o

Compiling .pioenvs\plant-soil-notifier\managed_components\espressif__json_generator\src\json_generator.c.o

Compiling .pioenvs\plant-soil-notifier\managed_components\espressif__json_parser\src\json_parser.c.o

Compiling .pioenvs\plant-soil-notifier\managed_components\espressif__lan867x\src\esp_eth_phy_lan867x.c.o

Compiling .pioenvs\plant-soil-notifier\managed_components\espressif__lan86xx_common\src\esp_eth_phy_lan86xx.c.o

Compiling .pioenvs\plant-soil-notifier\managed_components\espressif__libsodium\libsodium\src\libsodium\crypto_aead\chacha20poly1305\aead_chacha20poly1305.c.o

Archiving .pioenvs\plant-soil-notifier\esp-idf\espressif__esp_rcp_update\libespressif__esp_rcp_update.a

Archiving .pioenvs\plant-soil-notifier\esp-idf\espressif__esp_rainmaker\libespressif__esp_rainmaker.a

Compiling .pioenvs\plant-soil-notifier\managed_components\espressif__libsodium\libsodium\src\libsodium\crypto_aead\xchacha20poly1305\aead_xchacha20poly1305.c.o

Archiving .pioenvs\plant-soil-notifier\esp-idf\espressif__esp_schedule\libespressif__esp_schedule.a

Archiving .pioenvs\plant-soil-notifier\esp-idf\espressif__json_generator\libespressif__json_generator.a

Indexing .pioenvs\plant-soil-notifier\esp-idf\espressif__esp_rcp_update\libespressif__esp_rcp_update.a

Archiving .pioenvs\plant-soil-notifier\esp-idf\espressif__lan867x\libespressif__lan867x.a

Compiling .pioenvs\plant-soil-notifier\managed_components\espressif__libsodium\libsodium\src\libsodium\crypto_aead\aegis256\aead_aegis256.c.o

Compiling .pioenvs\plant-soil-notifier\managed_components\espressif__libsodium\libsodium\src\libsodium\crypto_aead\aegis256\aegis256_soft.c.o

Indexing .pioenvs\plant-soil-notifier\esp-idf\espressif__esp_schedule\libespressif__esp_schedule.a

Indexing .pioenvs\plant-soil-notifier\esp-idf\espressif__esp_rainmaker\libespressif__esp_rainmaker.a

Indexing .pioenvs\plant-soil-notifier\esp-idf\espressif__json_generator\libespressif__json_generator.a

Compiling .pioenvs\plant-soil-notifier\managed_components\espressif__libsodium\libsodium\src\libsodium\crypto_aead\aegis128l\aead_aegis128l.c.o

Indexing .pioenvs\plant-soil-notifier\esp-idf\espressif__lan867x\libespressif__lan867x.a

Archiving .pioenvs\plant-soil-notifier\esp-idf\espressif__json_parser\libespressif__json_parser.a

Compiling .pioenvs\plant-soil-notifier\managed_components\espressif__libsodium\libsodium\src\libsodium\crypto_aead\aegis128l\aegis128l_soft.c.o

Archiving .pioenvs\plant-soil-notifier\esp-idf\espressif__esp_secure_cert_mgr\libespressif__esp_secure_cert_mgr.a

Archiving .pioenvs\plant-soil-notifier\esp-idf\espressif__lan86xx_common\libespressif__lan86xx_common.a

Compiling .pioenvs\plant-soil-notifier\managed_components\espressif__libsodium\libsodium\src\libsodium\crypto_auth\crypto_auth.c.o

Compiling .pioenvs\plant-soil-notifier\managed_components\espressif__libsodium\libsodium\src\libsodium\crypto_auth\hmacsha256\auth_hmacsha256.c.o

Compiling .pioenvs\plant-soil-notifier\managed_components\espressif__libsodium\libsodium\src\libsodium\crypto_auth\hmacsha512\auth_hmacsha512.c.o

Compiling .pioenvs\plant-soil-notifier\managed_components\espressif__libsodium\libsodium\src\libsodium\crypto_auth\hmacsha512256\auth_hmacsha512256.c.o

Indexing .pioenvs\plant-soil-notifier\esp-idf\espressif__json_parser\libespressif__json_parser.a

Compiling .pioenvs\plant-soil-notifier\managed_components\espressif__libsodium\libsodium\src\libsodium\crypto_box\crypto_box.c.o

Indexing .pioenvs\plant-soil-notifier\esp-idf\espressif__esp_secure_cert_mgr\libespressif__esp_secure_cert_mgr.a

Indexing .pioenvs\plant-soil-notifier\esp-idf\espressif__lan86xx_common\libespressif__lan86xx_common.a

Compiling .pioenvs\plant-soil-notifier\managed_components\espressif__libsodium\libsodium\src\libsodium\crypto_box\crypto_box_easy.c.o

Compiling .pioenvs\plant-soil-notifier\managed_components\espressif__libsodium\libsodium\src\libsodium\crypto_box\crypto_box_seal.c.o

Compiling .pioenvs\plant-soil-notifier\managed_components\espressif__libsodium\libsodium\src\libsodium\crypto_box\curve25519xchacha20poly1305\box_curve25519xchacha20poly1305.c.o

Compiling .pioenvs\plant-soil-notifier\managed_components\espressif__libsodium\libsodium\src\libsodium\crypto_box\curve25519xchacha20poly1305\box_seal_curve25519xchacha20poly1305.c.o

Compiling .pioenvs\plant-soil-notifier\managed_components\espressif__libsodium\libsodium\src\libsodium\crypto_box\curve25519xsalsa20poly1305\box_curve25519xsalsa20poly1305.c.o

Compiling .pioenvs\plant-soil-notifier\managed_components\espressif__libsodium\libsodium\src\libsodium\crypto_core\ed25519\core_ed25519.c.o

Compiling .pioenvs\plant-soil-notifier\managed_components\espressif__libsodium\libsodium\src\libsodium\crypto_core\ed25519\core_ristretto255.c.o

Compiling .pioenvs\plant-soil-notifier\managed_components\espressif__libsodium\libsodium\src\libsodium\crypto_core\ed25519\ref10\ed25519_ref10.c.o

Compiling .pioenvs\plant-soil-notifier\managed_components\espressif__libsodium\libsodium\src\libsodium\crypto_core\hchacha20\core_hchacha20.c.o

Compiling .pioenvs\plant-soil-notifier\managed_components\espressif__libsodium\libsodium\src\libsodium\crypto_core\hsalsa20\core_hsalsa20.c.o

Compiling .pioenvs\plant-soil-notifier\managed_components\espressif__libsodium\libsodium\src\libsodium\crypto_core\hsalsa20\ref2\core_hsalsa20_ref2.c.o

Compiling .pioenvs\plant-soil-notifier\managed_components\espressif__libsodium\libsodium\src\libsodium\crypto_core\keccak1600\keccak1600.c.o

Compiling .pioenvs\plant-soil-notifier\managed_components\espressif__libsodium\libsodium\src\libsodium\crypto_core\keccak1600\ref\keccak1600_ref.c.o

Compiling .pioenvs\plant-soil-notifier\managed_components\espressif__libsodium\libsodium\src\libsodium\crypto_core\salsa\ref\core_salsa_ref.c.o

Compiling .pioenvs\plant-soil-notifier\managed_components\espressif__libsodium\libsodium\src\libsodium\crypto_core\softaes\softaes.c.o

Compiling .pioenvs\plant-soil-notifier\managed_components\espressif__libsodium\libsodium\src\libsodium\crypto_generichash\blake2b\generichash_blake2.c.o

Compiling .pioenvs\plant-soil-notifier\managed_components\espressif__libsodium\libsodium\src\libsodium\crypto_generichash\blake2b\ref\blake2b-compress-avx2.c.o

Compiling .pioenvs\plant-soil-notifier\managed_components\espressif__libsodium\libsodium\src\libsodium\crypto_generichash\blake2b\ref\blake2b-compress-ref.c.o

Compiling .pioenvs\plant-soil-notifier\managed_components\espressif__libsodium\libsodium\src\libsodium\crypto_generichash\blake2b\ref\blake2b-compress-ssse3.c.o

Compiling .pioenvs\plant-soil-notifier\managed_components\espressif__libsodium\libsodium\src\libsodium\crypto_generichash\blake2b\ref\blake2b-ref.c.o

Compiling .pioenvs\plant-soil-notifier\managed_components\espressif__libsodium\libsodium\src\libsodium\crypto_generichash\blake2b\ref\generichash_blake2b.c.o

Compiling .pioenvs\plant-soil-notifier\managed_components\espressif__libsodium\libsodium\src\libsodium\crypto_generichash\crypto_generichash.c.o

Compiling .pioenvs\plant-soil-notifier\managed_components\espressif__libsodium\libsodium\src\libsodium\crypto_ipcrypt\crypto_ipcrypt.c.o

Compiling .pioenvs\plant-soil-notifier\managed_components\espressif__libsodium\libsodium\src\libsodium\crypto_ipcrypt\ipcrypt_soft.c.o

Compiling .pioenvs\plant-soil-notifier\managed_components\espressif__libsodium\libsodium\src\libsodium\crypto_hash\crypto_hash.c.o

Compiling .pioenvs\plant-soil-notifier\managed_components\espressif__libsodium\libsodium\src\libsodium\crypto_hash\sha256\hash_sha256.c.o

Compiling .pioenvs\plant-soil-notifier\managed_components\espressif__libsodium\libsodium\src\libsodium\crypto_hash\sha512\hash_sha512.c.o

Compiling .pioenvs\plant-soil-notifier\managed_components\espressif__libsodium\libsodium\src\libsodium\crypto_hash\sha3\hash_sha3.c.o

Compiling .pioenvs\plant-soil-notifier\managed_components\espressif__libsodium\libsodium\src\libsodium\crypto_kdf\blake2b\kdf_blake2b.c.o

Compiling .pioenvs\plant-soil-notifier\managed_components\espressif__libsodium\libsodium\src\libsodium\crypto_kdf\crypto_kdf.c.o

Compiling .pioenvs\plant-soil-notifier\managed_components\espressif__libsodium\libsodium\src\libsodium\crypto_kdf\hkdf\kdf_hkdf_sha256.c.o

Compiling .pioenvs\plant-soil-notifier\managed_components\espressif__libsodium\libsodium\src\libsodium\crypto_kdf\hkdf\kdf_hkdf_sha512.c.o

Compiling .pioenvs\plant-soil-notifier\managed_components\espressif__libsodium\libsodium\src\libsodium\crypto_kem\crypto_kem.c.o

Compiling .pioenvs\plant-soil-notifier\managed_components\espressif__libsodium\libsodium\src\libsodium\crypto_kem\mlkem768\kem_mlkem768.c.o

Compiling .pioenvs\plant-soil-notifier\managed_components\espressif__libsodium\libsodium\src\libsodium\crypto_kem\mlkem768\ref\kem_mlkem768_ref.c.o

Compiling .pioenvs\plant-soil-notifier\managed_components\espressif__libsodium\libsodium\src\libsodium\crypto_kem\xwing\kem_xwing.c.o

Compiling .pioenvs\plant-soil-notifier\managed_components\espressif__libsodium\libsodium\src\libsodium\crypto_kx\crypto_kx.c.o

Compiling .pioenvs\plant-soil-notifier\managed_components\espressif__libsodium\libsodium\src\libsodium\crypto_onetimeauth\crypto_onetimeauth.c.o

Compiling .pioenvs\plant-soil-notifier\managed_components\espressif__libsodium\libsodium\src\libsodium\crypto_onetimeauth\poly1305\donna\poly1305_donna.c.o

Compiling .pioenvs\plant-soil-notifier\managed_components\espressif__libsodium\libsodium\src\libsodium\crypto_onetimeauth\poly1305\onetimeauth_poly1305.c.o

Compiling .pioenvs\plant-soil-notifier\managed_components\espressif__libsodium\libsodium\src\libsodium\crypto_pwhash\argon2\argon2-core.c.o

Compiling .pioenvs\plant-soil-notifier\managed_components\espressif__libsodium\libsodium\src\libsodium\crypto_pwhash\argon2\argon2-encoding.c.o

Compiling .pioenvs\plant-soil-notifier\managed_components\espressif__libsodium\libsodium\src\libsodium\crypto_pwhash\argon2\argon2-fill-block-avx2.c.o

Compiling .pioenvs\plant-soil-notifier\managed_components\espressif__libsodium\libsodium\src\libsodium\crypto_pwhash\argon2\argon2-fill-block-avx512f.c.o

Compiling .pioenvs\plant-soil-notifier\managed_components\espressif__libsodium\libsodium\src\libsodium\crypto_pwhash\argon2\argon2-fill-block-ref.c.o

Compiling .pioenvs\plant-soil-notifier\managed_components\espressif__libsodium\libsodium\src\libsodium\crypto_pwhash\argon2\argon2-fill-block-ssse3.c.o

Compiling .pioenvs\plant-soil-notifier\managed_components\espressif__libsodium\libsodium\src\libsodium\crypto_pwhash\argon2\argon2.c.o

Compiling .pioenvs\plant-soil-notifier\managed_components\espressif__libsodium\libsodium\src\libsodium\crypto_pwhash\argon2\blake2b-long.c.o

Compiling .pioenvs\plant-soil-notifier\managed_components\espressif__libsodium\libsodium\src\libsodium\crypto_pwhash\argon2\pwhash_argon2i.c.o

Compiling .pioenvs\plant-soil-notifier\managed_components\espressif__libsodium\libsodium\src\libsodium\crypto_pwhash\argon2\pwhash_argon2id.c.o

Compiling .pioenvs\plant-soil-notifier\managed_components\espressif__libsodium\libsodium\src\libsodium\crypto_pwhash\crypto_pwhash.c.o

Compiling .pioenvs\plant-soil-notifier\managed_components\espressif__libsodium\libsodium\src\libsodium\crypto_pwhash\scryptsalsa208sha256\crypto_scrypt-common.c.o

Compiling .pioenvs\plant-soil-notifier\managed_components\espressif__libsodium\libsodium\src\libsodium\crypto_pwhash\scryptsalsa208sha256\nosse\pwhash_scryptsalsa208sha256_nosse.c.o

Compiling .pioenvs\plant-soil-notifier\managed_components\espressif__libsodium\libsodium\src\libsodium\crypto_pwhash\scryptsalsa208sha256\pbkdf2-sha256.c.o

Compiling .pioenvs\plant-soil-notifier\managed_components\espressif__libsodium\libsodium\src\libsodium\crypto_pwhash\scryptsalsa208sha256\pwhash_scryptsalsa208sha256.c.o

Compiling .pioenvs\plant-soil-notifier\managed_components\espressif__libsodium\libsodium\src\libsodium\crypto_pwhash\scryptsalsa208sha256\scrypt_platform.c.o

Compiling .pioenvs\plant-soil-notifier\managed_components\espressif__libsodium\libsodium\src\libsodium\crypto_scalarmult\crypto_scalarmult.c.o

Compiling .pioenvs\plant-soil-notifier\managed_components\espressif__libsodium\libsodium\src\libsodium\crypto_scalarmult\curve25519\ref10\x25519_ref10.c.o

Compiling .pioenvs\plant-soil-notifier\managed_components\espressif__libsodium\libsodium\src\libsodium\crypto_scalarmult\curve25519\sandy2x\consts.S.o

Compiling .pioenvs\plant-soil-notifier\managed_components\espressif__libsodium\libsodium\src\libsodium\crypto_scalarmult\curve25519\sandy2x\curve25519_sandy2x.c.o

Compiling .pioenvs\plant-soil-notifier\managed_components\espressif__libsodium\libsodium\src\libsodium\crypto_scalarmult\curve25519\sandy2x\fe51_invert.c.o

Compiling .pioenvs\plant-soil-notifier\managed_components\espressif__libsodium\libsodium\src\libsodium\crypto_scalarmult\curve25519\sandy2x\fe51_mul.S.o

Compiling .pioenvs\plant-soil-notifier\managed_components\espressif__libsodium\libsodium\src\libsodium\crypto_scalarmult\curve25519\sandy2x\fe51_nsquare.S.o

Compiling .pioenvs\plant-soil-notifier\managed_components\espressif__libsodium\libsodium\src\libsodium\crypto_scalarmult\curve25519\sandy2x\fe51_pack.S.o

Compiling .pioenvs\plant-soil-notifier\managed_components\espressif__libsodium\libsodium\src\libsodium\crypto_scalarmult\curve25519\sandy2x\fe_frombytes_sandy2x.c.o

Compiling .pioenvs\plant-soil-notifier\managed_components\espressif__libsodium\libsodium\src\libsodium\crypto_scalarmult\curve25519\sandy2x\ladder.S.o

Compiling .pioenvs\plant-soil-notifier\managed_components\espressif__libsodium\libsodium\src\libsodium\crypto_scalarmult\curve25519\sandy2x\sandy2x.S.o

Compiling .pioenvs\plant-soil-notifier\managed_components\espressif__libsodium\libsodium\src\libsodium\crypto_scalarmult\curve25519\scalarmult_curve25519.c.o

Compiling .pioenvs\plant-soil-notifier\managed_components\espressif__libsodium\libsodium\src\libsodium\crypto_scalarmult\ed25519\ref10\scalarmult_ed25519_ref10.c.o

Compiling .pioenvs\plant-soil-notifier\managed_components\espressif__libsodium\libsodium\src\libsodium\crypto_scalarmult\ristretto255\ref10\scalarmult_ristretto255_ref10.c.o

Compiling .pioenvs\plant-soil-notifier\managed_components\espressif__libsodium\libsodium\src\libsodium\crypto_secretbox\crypto_secretbox.c.o

Compiling .pioenvs\plant-soil-notifier\managed_components\espressif__libsodium\libsodium\src\libsodium\crypto_secretbox\crypto_secretbox_easy.c.o

Compiling .pioenvs\plant-soil-notifier\managed_components\espressif__libsodium\libsodium\src\libsodium\crypto_secretbox\xchacha20poly1305\secretbox_xchacha20poly1305.c.o

Compiling .pioenvs\plant-soil-notifier\managed_components\espressif__libsodium\libsodium\src\libsodium\crypto_secretbox\xsalsa20poly1305\secretbox_xsalsa20poly1305.c.o

Compiling .pioenvs\plant-soil-notifier\managed_components\espressif__libsodium\libsodium\src\libsodium\crypto_secretstream\xchacha20poly1305\secretstream_xchacha20poly1305.c.o

Compiling .pioenvs\plant-soil-notifier\managed_components\espressif__libsodium\libsodium\src\libsodium\crypto_shorthash\crypto_shorthash.c.o

Compiling .pioenvs\plant-soil-notifier\managed_components\espressif__libsodium\libsodium\src\libsodium\crypto_shorthash\siphash24\ref\shorthash_siphash24_ref.c.o

Compiling .pioenvs\plant-soil-notifier\managed_components\espressif__libsodium\libsodium\src\libsodium\crypto_shorthash\siphash24\ref\shorthash_siphashx24_ref.c.o

Compiling .pioenvs\plant-soil-notifier\managed_components\espressif__libsodium\libsodium\src\libsodium\crypto_shorthash\siphash24\shorthash_siphash24.c.o

Compiling .pioenvs\plant-soil-notifier\managed_components\espressif__libsodium\libsodium\src\libsodium\crypto_shorthash\siphash24\shorthash_siphashx24.c.o

Compiling .pioenvs\plant-soil-notifier\managed_components\espressif__libsodium\libsodium\src\libsodium\crypto_sign\crypto_sign.c.o

Compiling .pioenvs\plant-soil-notifier\managed_components\espressif__libsodium\libsodium\src\libsodium\crypto_sign\ed25519\ref10\keypair.c.o

Compiling .pioenvs\plant-soil-notifier\managed_components\espressif__libsodium\libsodium\src\libsodium\crypto_sign\ed25519\ref10\obsolete.c.o

Compiling .pioenvs\plant-soil-notifier\managed_components\espressif__libsodium\libsodium\src\libsodium\crypto_sign\ed25519\ref10\open.c.o

Compiling .pioenvs\plant-soil-notifier\managed_components\espressif__libsodium\libsodium\src\libsodium\crypto_sign\ed25519\ref10\sign.c.o

Compiling .pioenvs\plant-soil-notifier\managed_components\espressif__libsodium\libsodium\src\libsodium\crypto_sign\ed25519\sign_ed25519.c.o

Compiling .pioenvs\plant-soil-notifier\managed_components\espressif__libsodium\libsodium\src\libsodium\crypto_stream\chacha20\dolbeau\chacha20_dolbeau-avx2.c.o

Compiling .pioenvs\plant-soil-notifier\managed_components\espressif__libsodium\libsodium\src\libsodium\crypto_stream\chacha20\dolbeau\chacha20_dolbeau-ssse3.c.o

Compiling .pioenvs\plant-soil-notifier\managed_components\espressif__libsodium\libsodium\src\libsodium\crypto_stream\chacha20\ref\chacha20_ref.c.o

Compiling .pioenvs\plant-soil-notifier\managed_components\espressif__libsodium\libsodium\src\libsodium\crypto_stream\chacha20\stream_chacha20.c.o

Compiling .pioenvs\plant-soil-notifier\managed_components\espressif__libsodium\libsodium\src\libsodium\crypto_stream\crypto_stream.c.o

Compiling .pioenvs\plant-soil-notifier\managed_components\espressif__libsodium\libsodium\src\libsodium\crypto_stream\salsa20\ref\salsa20_ref.c.o

Compiling .pioenvs\plant-soil-notifier\managed_components\espressif__libsodium\libsodium\src\libsodium\crypto_stream\salsa20\stream_salsa20.c.o

Compiling .pioenvs\plant-soil-notifier\managed_components\espressif__libsodium\libsodium\src\libsodium\crypto_stream\salsa20\xmm6\salsa20_xmm6-asm.S.o

Compiling .pioenvs\plant-soil-notifier\managed_components\espressif__libsodium\libsodium\src\libsodium\crypto_stream\salsa20\xmm6\salsa20_xmm6.c.o

Compiling .pioenvs\plant-soil-notifier\managed_components\espressif__libsodium\libsodium\src\libsodium\crypto_stream\salsa20\xmm6int\salsa20_xmm6int-avx2.c.o

Compiling .pioenvs\plant-soil-notifier\managed_components\espressif__libsodium\libsodium\src\libsodium\crypto_stream\salsa20\xmm6int\salsa20_xmm6int-sse2.c.o

Compiling .pioenvs\plant-soil-notifier\managed_components\espressif__libsodium\libsodium\src\libsodium\crypto_stream\salsa2012\ref\stream_salsa2012_ref.c.o

Compiling .pioenvs\plant-soil-notifier\managed_components\espressif__libsodium\libsodium\src\libsodium\crypto_stream\salsa2012\stream_salsa2012.c.o

Compiling .pioenvs\plant-soil-notifier\managed_components\espressif__libsodium\libsodium\src\libsodium\crypto_stream\salsa208\ref\stream_salsa208_ref.c.o

Compiling .pioenvs\plant-soil-notifier\managed_components\espressif__libsodium\libsodium\src\libsodium\crypto_stream\salsa208\stream_salsa208.c.o

Compiling .pioenvs\plant-soil-notifier\managed_components\espressif__libsodium\libsodium\src\libsodium\crypto_stream\xchacha20\stream_xchacha20.c.o

Compiling .pioenvs\plant-soil-notifier\managed_components\espressif__libsodium\libsodium\src\libsodium\crypto_stream\xsalsa20\stream_xsalsa20.c.o

Compiling .pioenvs\plant-soil-notifier\managed_components\espressif__libsodium\libsodium\src\libsodium\crypto_verify\verify.c.o

Compiling .pioenvs\plant-soil-notifier\managed_components\espressif__libsodium\libsodium\src\libsodium\crypto_xof\shake128\xof_shake128.c.o

Compiling .pioenvs\plant-soil-notifier\managed_components\espressif__libsodium\libsodium\src\libsodium\crypto_xof\shake128\ref\shake128_ref.c.o

Compiling .pioenvs\plant-soil-notifier\managed_components\espressif__libsodium\libsodium\src\libsodium\crypto_xof\shake256\xof_shake256.c.o

Compiling .pioenvs\plant-soil-notifier\managed_components\espressif__libsodium\libsodium\src\libsodium\crypto_xof\shake256\ref\shake256_ref.c.o

Compiling .pioenvs\plant-soil-notifier\managed_components\espressif__libsodium\libsodium\src\libsodium\crypto_xof\turboshake128\xof_turboshake128.c.o

Compiling .pioenvs\plant-soil-notifier\managed_components\espressif__libsodium\libsodium\src\libsodium\crypto_xof\turboshake128\ref\turboshake128_ref.c.o

Compiling .pioenvs\plant-soil-notifier\managed_components\espressif__libsodium\libsodium\src\libsodium\crypto_xof\turboshake256\xof_turboshake256.c.o

Compiling .pioenvs\plant-soil-notifier\managed_components\espressif__libsodium\libsodium\src\libsodium\crypto_xof\turboshake256\ref\turboshake256_ref.c.o

Compiling .pioenvs\plant-soil-notifier\managed_components\espressif__libsodium\libsodium\src\libsodium\randombytes\randombytes.c.o

Compiling .pioenvs\plant-soil-notifier\managed_components\espressif__libsodium\libsodium\src\libsodium\sodium\codecs.c.o

Compiling .pioenvs\plant-soil-notifier\managed_components\espressif__libsodium\libsodium\src\libsodium\sodium\core.c.o

Compiling .pioenvs\plant-soil-notifier\managed_components\espressif__libsodium\libsodium\src\libsodium\sodium\runtime.c.o

Compiling .pioenvs\plant-soil-notifier\managed_components\espressif__libsodium\libsodium\src\libsodium\sodium\utils.c.o

Compiling .pioenvs\plant-soil-notifier\managed_components\espressif__libsodium\libsodium\src\libsodium\sodium\version.c.o

Compiling .pioenvs\plant-soil-notifier\managed_components\espressif__libsodium\port\randombytes_esp32.c.o

Compiling .pioenvs\plant-soil-notifier\managed_components\espressif__libsodium\port\crypto_hash_mbedtls\crypto_hash_sha256_mbedtls.c.o

Compiling .pioenvs\plant-soil-notifier\managed_components\espressif__libsodium\port\crypto_hash_mbedtls\crypto_hash_sha512_mbedtls.c.o

Compiling .pioenvs\plant-soil-notifier\managed_components\espressif__mdns\mdns_responder.c.o

Compiling .pioenvs\plant-soil-notifier\managed_components\espressif__mdns\mdns_receive.c.o

Compiling .pioenvs\plant-soil-notifier\managed_components\espressif__mdns\mdns_utils.c.o

Compiling .pioenvs\plant-soil-notifier\managed_components\espressif__mdns\mdns_debug.c.o

Compiling .pioenvs\plant-soil-notifier\managed_components\espressif__mdns\mdns_browser.c.o

Compiling .pioenvs\plant-soil-notifier\managed_components\espressif__mdns\mdns_send.c.o

Compiling .pioenvs\plant-soil-notifier\managed_components\espressif__mdns\mdns_netif.c.o

Compiling .pioenvs\plant-soil-notifier\managed_components\espressif__mdns\mdns_querier.c.o

Compiling .pioenvs\plant-soil-notifier\managed_components\espressif__mdns\mdns_pcb.c.o

Compiling .pioenvs\plant-soil-notifier\managed_components\espressif__mdns\mdns_service.c.o

Compiling .pioenvs\plant-soil-notifier\managed_components\espressif__mdns\mdns_mem_caps.c.o

Archiving .pioenvs\plant-soil-notifier\esp-idf\espressif__libsodium\libespressif__libsodium.a

Compiling .pioenvs\plant-soil-notifier\managed_components\espressif__mdns\mdns_networking_lwip.c.o

Compiling .pioenvs\plant-soil-notifier\managed_components\espressif__mdns\mdns_console.c.o

Compiling .pioenvs\plant-soil-notifier\managed_components\espressif__network_provisioning\src\network_config.c.o

Compiling .pioenvs\plant-soil-notifier\managed_components\espressif__network_provisioning\src\network_scan.c.o

Compiling .pioenvs\plant-soil-notifier\managed_components\espressif__network_provisioning\src\network_ctrl.c.o

Indexing .pioenvs\plant-soil-notifier\esp-idf\espressif__libsodium\libespressif__libsodium.a

Compiling .pioenvs\plant-soil-notifier\managed_components\espressif__network_provisioning\src\manager.c.o

Compiling .pioenvs\plant-soil-notifier\managed_components\espressif__network_provisioning\src\handlers.c.o

Compiling .pioenvs\plant-soil-notifier\managed_components\espressif__network_provisioning\src\scheme_console.c.o

Compiling .pioenvs\plant-soil-notifier\managed_components\espressif__network_provisioning\proto-c\network_config.pb-c.c.o

Compiling .pioenvs\plant-soil-notifier\managed_components\espressif__network_provisioning\proto-c\network_scan.pb-c.c.o

Compiling .pioenvs\plant-soil-notifier\managed_components\espressif__network_provisioning\proto-c\network_ctrl.pb-c.c.o

Compiling .pioenvs\plant-soil-notifier\managed_components\espressif__network_provisioning\proto-c\network_constants.pb-c.c.o

Compiling .pioenvs\plant-soil-notifier\managed_components\espressif__network_provisioning\src\scheme_softap.c.o

Compiling .pioenvs\plant-soil-notifier\managed_components\espressif__qrcode\esp_qrcode_main.c.o

Compiling .pioenvs\plant-soil-notifier\managed_components\espressif__qrcode\esp_qrcode_wrapper.c.o

Compiling .pioenvs\plant-soil-notifier\managed_components\espressif__qrcode\qrcodegen.c.o

Archiving .pioenvs\plant-soil-notifier\esp-idf\espressif__mdns\libespressif__mdns.a

Compiling .pioenvs\plant-soil-notifier\managed_components\espressif__rmaker_common\src\work_queue.c.o

Indexing .pioenvs\plant-soil-notifier\esp-idf\espressif__mdns\libespressif__mdns.a

Compiling .pioenvs\plant-soil-notifier\managed_components\espressif__rmaker_common\src\factory.c.o

Compiling .pioenvs\plant-soil-notifier\managed_components\espressif__rmaker_common\src\time.c.o

Compiling .pioenvs\plant-soil-notifier\managed_components\espressif__rmaker_common\src\timezone.c.o

Compiling .pioenvs\plant-soil-notifier\managed_components\espressif__rmaker_common\src\utils.c.o

Compiling .pioenvs\plant-soil-notifier\managed_components\espressif__rmaker_common\src\cmd_resp.c.o

Compiling .pioenvs\plant-soil-notifier\managed_components\espressif__rmaker_common\src\console\rmaker_common_cmds.c.o

Compiling .pioenvs\plant-soil-notifier\managed_components\espressif__rmaker_common\src\console\rmaker_console.c.o

Compiling .pioenvs\plant-soil-notifier\managed_components\espressif__rmaker_common\src\esp-mqtt\esp-mqtt-glue.c.o

Compiling .pioenvs\plant-soil-notifier\managed_components\espressif__rmaker_common\src\create_APN3_PPI_string.c.o

Archiving .pioenvs\plant-soil-notifier\esp-idf\espressif__qrcode\libespressif__qrcode.a

Archiving .pioenvs\plant-soil-notifier\esp-idf\espressif__network_provisioning\libespressif__network_provisioning.a

Indexing .pioenvs\plant-soil-notifier\esp-idf\espressif__qrcode\libespressif__qrcode.a

Indexing .pioenvs\plant-soil-notifier\esp-idf\espressif__network_provisioning\libespressif__network_provisioning.a

Compiling .pioenvs\plant-soil-notifier\fatfs\diskio\diskio.c.o

Compiling .pioenvs\plant-soil-notifier\fatfs\diskio\diskio_rawflash.c.o

Compiling .pioenvs\plant-soil-notifier\fatfs\diskio\diskio_wl.c.o

Compiling .pioenvs\plant-soil-notifier\fatfs\src\ff.c.o

Compiling .pioenvs\plant-soil-notifier\fatfs\src\ffunicode.c.o

Compiling .pioenvs\plant-soil-notifier\fatfs\port\freertos\ffsystem.c.o

Compiling .pioenvs\plant-soil-notifier\fatfs\diskio\diskio_sdmmc.c.o

Compiling .pioenvs\plant-soil-notifier\fatfs\vfs\vfs_fat.c.o

Compiling .pioenvs\plant-soil-notifier\fatfs\vfs\vfs_fat_sdmmc.c.o

Compiling .pioenvs\plant-soil-notifier\fatfs\vfs\vfs_fat_spiflash.c.o

Compiling .pioenvs\plant-soil-notifier\base64.cpp.o

Archiving .pioenvs\plant-soil-notifier\esp-idf\espressif__rmaker_common\libespressif__rmaker_common.a

Compiling .pioenvs\plant-soil-notifier\cbuf.cpp.o

Compiling .pioenvs\plant-soil-notifier\ColorFormat.c.o

Indexing .pioenvs\plant-soil-notifier\esp-idf\espressif__rmaker_common\libespressif__rmaker_common.a

Compiling .pioenvs\plant-soil-notifier\chip-debug-report.cpp.o

Compiling .pioenvs\plant-soil-notifier\esp32-hal-adc.c.o

Compiling .pioenvs\plant-soil-notifier\esp32-hal-bt.c.o

Compiling .pioenvs\plant-soil-notifier\esp32-hal-cpu.c.o

Compiling .pioenvs\plant-soil-notifier\esp32-hal-dac.c.o

Compiling .pioenvs\plant-soil-notifier\esp32-hal-gpio.c.o

Compiling .pioenvs\plant-soil-notifier\esp32-hal-hosted.c.o

Compiling .pioenvs\plant-soil-notifier\esp32-hal-i2c.c.o

Archiving .pioenvs\plant-soil-notifier\esp-idf\fatfs\libfatfs.a

Compiling .pioenvs\plant-soil-notifier\esp32-hal-i2c-ng.c.o

Indexing .pioenvs\plant-soil-notifier\esp-idf\fatfs\libfatfs.a

Compiling .pioenvs\plant-soil-notifier\esp32-hal-i2c-slave.c.o

Compiling .pioenvs\plant-soil-notifier\esp32-hal-ledc.c.o

Compiling .pioenvs\plant-soil-notifier\esp32-hal-matrix.c.o

Compiling .pioenvs\plant-soil-notifier\esp32-hal-misc.c.o

Compiling .pioenvs\plant-soil-notifier\esp32-hal-periman.c.o

Compiling .pioenvs\plant-soil-notifier\esp32-hal-psram.c.o

Compiling .pioenvs\plant-soil-notifier\esp32-hal-rgb-led.c.o

Compiling .pioenvs\plant-soil-notifier\esp32-hal-sigmadelta.c.o

Compiling .pioenvs\plant-soil-notifier\esp32-hal-spi.c.o

Compiling .pioenvs\plant-soil-notifier\esp32-hal-time.c.o

Compiling .pioenvs\plant-soil-notifier\esp32-hal-timer.c.o

Compiling .pioenvs\plant-soil-notifier\esp32-hal-tinyusb.c.o

Compiling .pioenvs\plant-soil-notifier\esp32-hal-touch.c.o

Compiling .pioenvs\plant-soil-notifier\esp32-hal-touch-ng.c.o

Compiling .pioenvs\plant-soil-notifier\esp32-hal-uart.c.o

Compiling .pioenvs\plant-soil-notifier\esp32-hal-rmt.c.o

Compiling .pioenvs\plant-soil-notifier\Esp.cpp.o

Compiling .pioenvs\plant-soil-notifier\freertos_stats.cpp.o

Compiling .pioenvs\plant-soil-notifier\FunctionalInterrupt.cpp.o

Compiling .pioenvs\plant-soil-notifier\HardwareSerial.cpp.o

Compiling .pioenvs\plant-soil-notifier\HashBuilder.cpp.o

Compiling .pioenvs\plant-soil-notifier\HEXBuilder.cpp.o

Compiling .pioenvs\plant-soil-notifier\IPAddress.cpp.o

Compiling .pioenvs\plant-soil-notifier\cdecode.c.o

Compiling .pioenvs\plant-soil-notifier\cencode.c.o

Compiling .pioenvs\plant-soil-notifier\MacAddress.cpp.o

Compiling .pioenvs\plant-soil-notifier\main.cpp.o

Compiling .pioenvs\plant-soil-notifier\MD5Builder.cpp.o

Compiling .pioenvs\plant-soil-notifier\Print.cpp.o

Compiling .pioenvs\plant-soil-notifier\stdlib_noniso.c.o

Compiling .pioenvs\plant-soil-notifier\Stream.cpp.o

Compiling .pioenvs\plant-soil-notifier\StreamString.cpp.o

Compiling .pioenvs\plant-soil-notifier\Tone.cpp.o

Compiling .pioenvs\plant-soil-notifier\HWCDC.cpp.o

Compiling .pioenvs\plant-soil-notifier\USB.cpp.o

Compiling .pioenvs\plant-soil-notifier\USBCDC.cpp.o

Compiling .pioenvs\plant-soil-notifier\USBMSC.cpp.o

Compiling .pioenvs\plant-soil-notifier\FirmwareMSC.cpp.o

Compiling .pioenvs\plant-soil-notifier\firmware_msc_fat.c.o

Compiling .pioenvs\plant-soil-notifier\wiring_pulse.c.o

Compiling .pioenvs\plant-soil-notifier\wiring_shift.c.o

Compiling .pioenvs\plant-soil-notifier\WMath.cpp.o

Compiling .pioenvs\plant-soil-notifier\WString.cpp.o

Compiling .pioenvs\plant-soil-notifier\ArduinoOTA.cpp.o

Compiling .pioenvs\plant-soil-notifier\AsyncUDP.cpp.o

Compiling .pioenvs\plant-soil-notifier\BLE2901.cpp.o

Compiling .pioenvs\plant-soil-notifier\BLE2902.cpp.o

Compiling .pioenvs\plant-soil-notifier\BLE2904.cpp.o

Compiling .pioenvs\plant-soil-notifier\BLEAddress.cpp.o

Compiling .pioenvs\plant-soil-notifier\BLEAdvertisedDevice.cpp.o

Compiling .pioenvs\plant-soil-notifier\BLEAdvertising.cpp.o

Compiling .pioenvs\plant-soil-notifier\BLEBeacon.cpp.o

Compiling .pioenvs\plant-soil-notifier\BLECharacteristic.cpp.o

Compiling .pioenvs\plant-soil-notifier\BLECharacteristicMap.cpp.o

Compiling .pioenvs\plant-soil-notifier\BLEClient.cpp.o

Compiling .pioenvs\plant-soil-notifier\BLEDescriptor.cpp.o

Compiling .pioenvs\plant-soil-notifier\BLEDescriptorMap.cpp.o

Compiling .pioenvs\plant-soil-notifier\BLEDevice.cpp.o

Compiling .pioenvs\plant-soil-notifier\BLEEddystoneTLM.cpp.o

Compiling .pioenvs\plant-soil-notifier\BLEEddystoneURL.cpp.o

Compiling .pioenvs\plant-soil-notifier\BLEExceptions.cpp.o

Compiling .pioenvs\plant-soil-notifier\BLEHIDDevice.cpp.o

Compiling .pioenvs\plant-soil-notifier\BLERemoteCharacteristic.cpp.o

Compiling .pioenvs\plant-soil-notifier\BLERemoteDescriptor.cpp.o

Compiling .pioenvs\plant-soil-notifier\BLERemoteService.cpp.o

Compiling .pioenvs\plant-soil-notifier\BLEScan.cpp.o

Compiling .pioenvs\plant-soil-notifier\BLESecurity.cpp.o

Compiling .pioenvs\plant-soil-notifier\BLEServer.cpp.o

Compiling .pioenvs\plant-soil-notifier\BLEService.cpp.o

Compiling .pioenvs\plant-soil-notifier\BLEServiceMap.cpp.o

Compiling .pioenvs\plant-soil-notifier\BLEUtils.cpp.o

Compiling .pioenvs\plant-soil-notifier\BLEUUID.cpp.o

Compiling .pioenvs\plant-soil-notifier\BLEValue.cpp.o

Compiling .pioenvs\plant-soil-notifier\FreeRTOS.cpp.o

Compiling .pioenvs\plant-soil-notifier\GeneralUtils.cpp.o

Compiling .pioenvs\plant-soil-notifier\BluetoothSerial.cpp.o

Compiling .pioenvs\plant-soil-notifier\BTAddress.cpp.o

Compiling .pioenvs\plant-soil-notifier\BTAdvertisedDeviceSet.cpp.o

Compiling .pioenvs\plant-soil-notifier\BTScanResultsSet.cpp.o

Compiling .pioenvs\plant-soil-notifier\DNSServer.cpp.o

Compiling .pioenvs\plant-soil-notifier\EEPROM.cpp.o

Compiling .pioenvs\plant-soil-notifier\ESP_I2S.cpp.o

Compiling .pioenvs\plant-soil-notifier\ESP32_NOW.cpp.o

Compiling .pioenvs\plant-soil-notifier\ESP32_NOW_Serial.cpp.o

Compiling .pioenvs\plant-soil-notifier\ESP_SR.cpp.o

Compiling .pioenvs\plant-soil-notifier\esp32-hal-sr.c.o

Compiling .pioenvs\plant-soil-notifier\ESPmDNS.cpp.o

Compiling .pioenvs\plant-soil-notifier\ETH.cpp.o

Compiling .pioenvs\plant-soil-notifier\FFat.cpp.o

Compiling .pioenvs\plant-soil-notifier\FS.cpp.o

Compiling .pioenvs\plant-soil-notifier\vfs_api.cpp.o

Compiling .pioenvs\plant-soil-notifier\SHA1Builder.cpp.o

Compiling .pioenvs\plant-soil-notifier\SHA2Builder.cpp.o

Compiling .pioenvs\plant-soil-notifier\SHA3Builder.cpp.o

Compiling .pioenvs\plant-soil-notifier\PBKDF2_HMACBuilder.cpp.o

Compiling .pioenvs\plant-soil-notifier\HTTPClient.cpp.o

Compiling .pioenvs\plant-soil-notifier\HTTPUpdate.cpp.o

Compiling .pioenvs\plant-soil-notifier\Insights.cpp.o

Compiling .pioenvs\plant-soil-notifier\LittleFS.cpp.o

Compiling .pioenvs\plant-soil-notifier\MatterGenericSwitch.cpp.o

Compiling .pioenvs\plant-soil-notifier\MatterOnOffLight.cpp.o

Compiling .pioenvs\plant-soil-notifier\MatterDimmableLight.cpp.o

Compiling .pioenvs\plant-soil-notifier\MatterColorTemperatureLight.cpp.o

Compiling .pioenvs\plant-soil-notifier\MatterColorLight.cpp.o

Compiling .pioenvs\plant-soil-notifier\MatterEnhancedColorLight.cpp.o

Compiling .pioenvs\plant-soil-notifier\MatterFan.cpp.o

Compiling .pioenvs\plant-soil-notifier\MatterTemperatureSensor.cpp.o

Compiling .pioenvs\plant-soil-notifier\MatterHumiditySensor.cpp.o

Compiling .pioenvs\plant-soil-notifier\MatterContactSensor.cpp.o

Compiling .pioenvs\plant-soil-notifier\MatterPressureSensor.cpp.o

Compiling .pioenvs\plant-soil-notifier\MatterOccupancySensor.cpp.o

Compiling .pioenvs\plant-soil-notifier\MatterOnOffPlugin.cpp.o

Compiling .pioenvs\plant-soil-notifier\MatterThermostat.cpp.o

Compiling .pioenvs\plant-soil-notifier\Matter.cpp.o

Compiling .pioenvs\plant-soil-notifier\MatterEndPoint.cpp.o

Compiling .pioenvs\plant-soil-notifier\NetBIOS.cpp.o

Compiling .pioenvs\plant-soil-notifier\NetworkInterface.cpp.o

Compiling .pioenvs\plant-soil-notifier\NetworkEvents.cpp.o

Compiling .pioenvs\plant-soil-notifier\NetworkManager.cpp.o

Compiling .pioenvs\plant-soil-notifier\NetworkClient.cpp.o

Compiling .pioenvs\plant-soil-notifier\NetworkServer.cpp.o

Compiling .pioenvs\plant-soil-notifier\NetworkUdp.cpp.o

Compiling .pioenvs\plant-soil-notifier\OThread.cpp.o

Compiling .pioenvs\plant-soil-notifier\OThreadCLI.cpp.o

Compiling .pioenvs\plant-soil-notifier\OThreadCLI_Util.cpp.o

Compiling .pioenvs\plant-soil-notifier\PPP.cpp.o

Compiling .pioenvs\plant-soil-notifier\ppp.c.o

Compiling .pioenvs\plant-soil-notifier\Preferences.cpp.o

Compiling .pioenvs\plant-soil-notifier\RMaker.cpp.o

Compiling .pioenvs\plant-soil-notifier\RMakerNode.cpp.o

Compiling .pioenvs\plant-soil-notifier\RMakerParam.cpp.o

Compiling .pioenvs\plant-soil-notifier\RMakerDevice.cpp.o

Compiling .pioenvs\plant-soil-notifier\RMakerType.cpp.o

Compiling .pioenvs\plant-soil-notifier\RMakerQR.cpp.o

Compiling .pioenvs\plant-soil-notifier\RMakerUtils.cpp.o

Compiling .pioenvs\plant-soil-notifier\AppInsights.cpp.o

Compiling .pioenvs\plant-soil-notifier\SD_MMC.cpp.o

Compiling .pioenvs\plant-soil-notifier\SD.cpp.o

Compiling .pioenvs\plant-soil-notifier\sd_diskio.cpp.o

Compiling .pioenvs\plant-soil-notifier\sd_diskio_crc.c.o

Compiling .pioenvs\plant-soil-notifier\SimpleBLE.cpp.o

Compiling .pioenvs\plant-soil-notifier\SPIFFS.cpp.o

Compiling .pioenvs\plant-soil-notifier\SPI.cpp.o

Compiling .pioenvs\plant-soil-notifier\Ticker.cpp.o

Compiling .pioenvs\plant-soil-notifier\Updater.cpp.o

Compiling .pioenvs\plant-soil-notifier\HttpsOTAUpdate.cpp.o

Compiling .pioenvs\plant-soil-notifier\USBHID.cpp.o

Compiling .pioenvs\plant-soil-notifier\USBMIDI.cpp.o

Compiling .pioenvs\plant-soil-notifier\USBHIDMouse.cpp.o

Compiling .pioenvs\plant-soil-notifier\USBHIDKeyboard.cpp.o

Compiling .pioenvs\plant-soil-notifier\KeyboardLayout_da_DK.cpp.o

Compiling .pioenvs\plant-soil-notifier\KeyboardLayout_de_DE.cpp.o

Compiling .pioenvs\plant-soil-notifier\KeyboardLayout_en_US.cpp.o

Compiling .pioenvs\plant-soil-notifier\KeyboardLayout_es_ES.cpp.o

Compiling .pioenvs\plant-soil-notifier\KeyboardLayout_fr_FR.cpp.o

Compiling .pioenvs\plant-soil-notifier\KeyboardLayout_hu_HU.cpp.o

Compiling .pioenvs\plant-soil-notifier\KeyboardLayout_it_IT.cpp.o

Compiling .pioenvs\plant-soil-notifier\KeyboardLayout_pt_BR.cpp.o

Compiling .pioenvs\plant-soil-notifier\KeyboardLayout_pt_PT.cpp.o

Compiling .pioenvs\plant-soil-notifier\KeyboardLayout_sv_SE.cpp.o

Compiling .pioenvs\plant-soil-notifier\USBHIDGamepad.cpp.o

Compiling .pioenvs\plant-soil-notifier\USBHIDConsumerControl.cpp.o

Compiling .pioenvs\plant-soil-notifier\USBHIDSystemControl.cpp.o

Compiling .pioenvs\plant-soil-notifier\USBHIDVendor.cpp.o

Compiling .pioenvs\plant-soil-notifier\USBVendor.cpp.o

Compiling .pioenvs\plant-soil-notifier\WebServer.cpp.o

Compiling .pioenvs\plant-soil-notifier\Parsing.cpp.o

Compiling .pioenvs\plant-soil-notifier\mimetable.cpp.o

Compiling .pioenvs\plant-soil-notifier\MiddlewareChain.cpp.o

Compiling .pioenvs\plant-soil-notifier\AuthenticationMiddleware.cpp.o

Compiling .pioenvs\plant-soil-notifier\CorsMiddleware.cpp.o

Compiling .pioenvs\plant-soil-notifier\LoggingMiddleware.cpp.o

Compiling .pioenvs\plant-soil-notifier\ssl_client.cpp.o

Compiling .pioenvs\plant-soil-notifier\NetworkClientSecure.cpp.o

Compiling .pioenvs\plant-soil-notifier\WiFiAP.cpp.o

Compiling .pioenvs\plant-soil-notifier\WiFi.cpp.o

Compiling .pioenvs\plant-soil-notifier\WiFiGeneric.cpp.o

Compiling .pioenvs\plant-soil-notifier\WiFiMulti.cpp.o

Compiling .pioenvs\plant-soil-notifier\WiFiScan.cpp.o

C:/Users/Mads2/.platformio/packages/framework-arduinoespressif32/libraries/WebServer/src/WebServer.cpp: In member function 'void WebServer::chunkResponseEnd()':

C:/Users/Mads2/.platformio/packages/framework-arduinoespressif32/libraries/WebServer/src/WebServer.cpp:616:23: warning: 'virtual void NetworkClient::flush()' is deprecated: Use clear() instead. [-Wdeprecated-declarations]

  616 |   _chunkedClient.flush();

      |   ~~~~~~~~~~~~~~~~~~~~^~
In file included from C:/Users/Mads2/.platformio/packages/framework-arduinoespressif32/libraries/Network/src/NetworkServer.h:23,

                 from C:/Users/Mads2/.platformio/packages/framework-arduinoespressif32/libraries/WebServer/src/WebServer.cpp:28:

C:/Users/Mads2/.platformio/packages/framework-arduinoespressif32/libraries/Network/src/NetworkClient.h:61:8: note: declared here

   61 |   void flush();  // Print::flush tx

      |        ^~~~~
Compiling .pioenvs\plant-soil-notifier\WiFiSTA.cpp.o

Compiling .pioenvs\plant-soil-notifier\STA.cpp.o

Compiling .pioenvs\plant-soil-notifier\AP.cpp.o

Compiling .pioenvs\plant-soil-notifier\WiFiProv.cpp.o

Compiling .pioenvs\plant-soil-notifier\Wire.cpp.o

Compiling .pioenvs\plant-soil-notifier\ZigbeeCore.cpp.o

Compiling .pioenvs\plant-soil-notifier\ZigbeeEP.cpp.o

Compiling .pioenvs\plant-soil-notifier\ZigbeeHandlers.cpp.o

Compiling .pioenvs\plant-soil-notifier\ZigbeeColorDimmableLight.cpp.o

Compiling .pioenvs\plant-soil-notifier\ZigbeeColorDimmerSwitch.cpp.o

Compiling .pioenvs\plant-soil-notifier\ZigbeeDimmableLight.cpp.o

Compiling .pioenvs\plant-soil-notifier\ZigbeeLight.cpp.o

Compiling .pioenvs\plant-soil-notifier\ZigbeeSwitch.cpp.o

Compiling .pioenvs\plant-soil-notifier\ZigbeeTempSensor.cpp.o

Compiling .pioenvs\plant-soil-notifier\ZigbeeThermostat.cpp.o

Compiling .pioenvs\plant-soil-notifier\ZigbeeFlowSensor.cpp.o

Compiling .pioenvs\plant-soil-notifier\ZigbeePressureSensor.cpp.o

Compiling .pioenvs\plant-soil-notifier\ZigbeeOccupancySensor.cpp.o

Compiling .pioenvs\plant-soil-notifier\ZigbeeCarbonDioxideSensor.cpp.o

Compiling .pioenvs\plant-soil-notifier\ZigbeeContactSwitch.cpp.o

Compiling .pioenvs\plant-soil-notifier\ZigbeeDoorWindowHandle.cpp.o

Compiling .pioenvs\plant-soil-notifier\ZigbeeWindowCovering.cpp.o

Compiling .pioenvs\plant-soil-notifier\ZigbeeVibrationSensor.cpp.o

Compiling .pioenvs\plant-soil-notifier\ZigbeeAnalog.cpp.o

Compiling .pioenvs\plant-soil-notifier\ZigbeeRangeExtender.cpp.o

Compiling .pioenvs\plant-soil-notifier\ZigbeeGateway.cpp.o

Compiling .pioenvs\plant-soil-notifier\ZigbeeWindSpeedSensor.cpp.o

Compiling .pioenvs\plant-soil-notifier\ZigbeeIlluminanceSensor.cpp.o

Compiling .pioenvs\plant-soil-notifier\ZigbeePM25Sensor.cpp.o

Compiling .pioenvs\plant-soil-notifier\ZigbeeElectricalMeasurement.cpp.o

Compiling .pioenvs\plant-soil-notifier\ZigbeeBinary.cpp.o

Compiling .pioenvs\plant-soil-notifier\ZigbeePowerOutlet.cpp.o

Compiling .pioenvs\plant-soil-notifier\ZigbeeFanControl.cpp.o

Compiling .pioenvs\plant-soil-notifier\ZigbeeMultistate.cpp.o

Compiling .pioenvs\plant-soil-notifier\freertos\heap_idf.c.o

Compiling .pioenvs\plant-soil-notifier\freertos\app_startup.c.o

Compiling .pioenvs\plant-soil-notifier\freertos\port_common.c.o

Compiling .pioenvs\plant-soil-notifier\freertos\port_systick.c.o

Compiling .pioenvs\plant-soil-notifier\freertos\FreeRTOS-Kernel\list.c.o

Compiling .pioenvs\plant-soil-notifier\freertos\FreeRTOS-Kernel\queue.c.o

Compiling .pioenvs\plant-soil-notifier\freertos\FreeRTOS-Kernel\tasks.c.o

Compiling .pioenvs\plant-soil-notifier\freertos\FreeRTOS-Kernel\timers.c.o

Compiling .pioenvs\plant-soil-notifier\freertos\FreeRTOS-Kernel\event_groups.c.o

Compiling .pioenvs\plant-soil-notifier\freertos\FreeRTOS-Kernel\stream_buffer.c.o

Compiling .pioenvs\plant-soil-notifier\freertos\FreeRTOS-Kernel\portable\xtensa\port.c.o

Compiling .pioenvs\plant-soil-notifier\freertos\FreeRTOS-Kernel\portable\xtensa\portasm.S.o

Compiling .pioenvs\plant-soil-notifier\freertos\FreeRTOS-Kernel\portable\xtensa\xtensa_init.c.o

Compiling .pioenvs\plant-soil-notifier\freertos\FreeRTOS-Kernel\portable\xtensa\xtensa_overlay_os_hook.c.o

Compiling .pioenvs\plant-soil-notifier\freertos\esp_additions\freertos_compatibility.c.o

Compiling .pioenvs\plant-soil-notifier\freertos\esp_additions\idf_additions_event_groups.c.o

Archiving .pioenvs\plant-soil-notifier\esp-idf\framework-arduinoespressif32\libframework-arduinoespressif32.a

Compiling .pioenvs\plant-soil-notifier\freertos\esp_additions\idf_additions.c.o

Compiling .pioenvs\plant-soil-notifier\hal\hal_utils.c.o

Compiling .pioenvs\plant-soil-notifier\hal\mpu_hal.c.o

Compiling .pioenvs\plant-soil-notifier\hal\efuse_hal.c.o

Compiling .pioenvs\plant-soil-notifier\hal\esp32\efuse_hal.c.o

Compiling .pioenvs\plant-soil-notifier\hal\wdt_hal_iram.c.o

Compiling .pioenvs\plant-soil-notifier\hal\mmu_hal.c.o

Compiling .pioenvs\plant-soil-notifier\hal\esp32\cache_hal_esp32.c.o

Compiling .pioenvs\plant-soil-notifier\hal\color_hal.c.o

Compiling .pioenvs\plant-soil-notifier\hal\spi_flash_hal.c.o

Indexing .pioenvs\plant-soil-notifier\esp-idf\framework-arduinoespressif32\libframework-arduinoespressif32.a

Compiling .pioenvs\plant-soil-notifier\hal\spi_flash_hal_iram.c.o

Compiling .pioenvs\plant-soil-notifier\hal\spi_flash_encrypt_hal_iram.c.o

Compiling .pioenvs\plant-soil-notifier\hal\esp32\clk_tree_hal.c.o

Compiling .pioenvs\plant-soil-notifier\hal\uart_hal.c.o

Compiling .pioenvs\plant-soil-notifier\hal\uart_hal_iram.c.o

Compiling .pioenvs\plant-soil-notifier\hal\gpio_hal.c.o

Compiling .pioenvs\plant-soil-notifier\hal\rtc_io_hal.c.o

Compiling .pioenvs\plant-soil-notifier\hal\timer_hal.c.o

Archiving .pioenvs\plant-soil-notifier\esp-idf\freertos\libfreertos.a

Compiling .pioenvs\plant-soil-notifier\hal\ledc_hal.c.o

Compiling .pioenvs\plant-soil-notifier\hal\ledc_hal_iram.c.o

Compiling .pioenvs\plant-soil-notifier\hal\i2c_hal.c.o

Indexing .pioenvs\plant-soil-notifier\esp-idf\freertos\libfreertos.a

Compiling .pioenvs\plant-soil-notifier\hal\i2c_hal_iram.c.o

Compiling .pioenvs\plant-soil-notifier\hal\rmt_hal.c.o

Compiling .pioenvs\plant-soil-notifier\hal\pcnt_hal.c.o

Compiling .pioenvs\plant-soil-notifier\hal\mcpwm_hal.c.o

Compiling .pioenvs\plant-soil-notifier\hal\twai_hal_sja1000.c.o

Compiling .pioenvs\plant-soil-notifier\hal\i2s_hal.c.o

Compiling .pioenvs\plant-soil-notifier\hal\sdm_hal.c.o

Compiling .pioenvs\plant-soil-notifier\hal\sdmmc_hal.c.o

Compiling .pioenvs\plant-soil-notifier\hal\emac_hal.c.o

Compiling .pioenvs\plant-soil-notifier\hal\adc_hal_common.c.o

Compiling .pioenvs\plant-soil-notifier\hal\adc_oneshot_hal.c.o

Compiling .pioenvs\plant-soil-notifier\hal\adc_hal.c.o

Compiling .pioenvs\plant-soil-notifier\hal\mpi_hal.c.o

Compiling .pioenvs\plant-soil-notifier\hal\sha_hal.c.o

Compiling .pioenvs\plant-soil-notifier\hal\aes_hal.c.o

Compiling .pioenvs\plant-soil-notifier\hal\brownout_hal.c.o

Compiling .pioenvs\plant-soil-notifier\hal\spi_hal.c.o

Compiling .pioenvs\plant-soil-notifier\hal\spi_hal_iram.c.o

Compiling .pioenvs\plant-soil-notifier\hal\spi_slave_hal.c.o

Compiling .pioenvs\plant-soil-notifier\hal\spi_slave_hal_iram.c.o

Compiling .pioenvs\plant-soil-notifier\hal\sdio_slave_hal.c.o

Compiling .pioenvs\plant-soil-notifier\hal\esp32\touch_sensor_hal.c.o

Compiling .pioenvs\plant-soil-notifier\hal\touch_sensor_hal.c.o

Compiling .pioenvs\plant-soil-notifier\hal\touch_sens_hal.c.o

Compiling .pioenvs\plant-soil-notifier\hal\esp32\gpio_hal_workaround.c.o

Compiling .pioenvs\plant-soil-notifier\heap\heap_caps_base.c.o

Compiling .pioenvs\plant-soil-notifier\heap\heap_caps.c.o

Compiling .pioenvs\plant-soil-notifier\heap\heap_caps_init.c.o

Compiling .pioenvs\plant-soil-notifier\heap\multi_heap.c.o

Compiling .pioenvs\plant-soil-notifier\heap\tlsf\tlsf.c.o

Compiling .pioenvs\plant-soil-notifier\heap\port\memory_layout_utils.c.o

Compiling .pioenvs\plant-soil-notifier\heap\port\esp32\memory_layout.c.o

Compiling .pioenvs\plant-soil-notifier\http_parser\http_parser.c.o

Compiling .pioenvs\plant-soil-notifier\managed_components\joltwallet__littlefs\src\littlefs\lfs.c.o

Compiling .pioenvs\plant-soil-notifier\managed_components\joltwallet__littlefs\src\littlefs\lfs_util.c.o

Compiling .pioenvs\plant-soil-notifier\managed_components\joltwallet__littlefs\src\esp_littlefs.c.o

Archiving .pioenvs\plant-soil-notifier\esp-idf\hal\libhal.a

Compiling .pioenvs\plant-soil-notifier\managed_components\joltwallet__littlefs\src\littlefs_esp_part.c.o

Compiling .pioenvs\plant-soil-notifier\managed_components\joltwallet__littlefs\src\lfs_config.c.o

Compiling .pioenvs\plant-soil-notifier\json\cJSON\cJSON.c.o

Indexing .pioenvs\plant-soil-notifier\esp-idf\hal\libhal.a

Compiling .pioenvs\plant-soil-notifier\json\cJSON\cJSON_Utils.c.o

Compiling .pioenvs\plant-soil-notifier\log\src\os\log_timestamp.c.o

Compiling .pioenvs\plant-soil-notifier\log\src\log_timestamp_common.c.o

Compiling .pioenvs\plant-soil-notifier\log\src\os\log_lock.c.o

Compiling .pioenvs\plant-soil-notifier\log\src\buffer\log_buffers.c.o

Compiling .pioenvs\plant-soil-notifier\log\src\os\util.c.o

Archiving .pioenvs\plant-soil-notifier\esp-idf\heap\libheap.a

Compiling .pioenvs\plant-soil-notifier\log\src\util.c.o

Compiling .pioenvs\plant-soil-notifier\log\src\log_format_text.c.o

Archiving .pioenvs\plant-soil-notifier\esp-idf\http_parser\libhttp_parser.a

Compiling .pioenvs\plant-soil-notifier\log\src\log_print.c.o

Indexing .pioenvs\plant-soil-notifier\esp-idf\heap\libheap.a

Compiling .pioenvs\plant-soil-notifier\log\src\log.c.o

Compiling .pioenvs\plant-soil-notifier\log\src\os\log_write.c.o

Compiling .pioenvs\plant-soil-notifier\log\src\log_level\log_level.c.o

Compiling .pioenvs\plant-soil-notifier\log\src\log_level\tag_log_level\tag_log_level.c.o

Indexing .pioenvs\plant-soil-notifier\esp-idf\http_parser\libhttp_parser.a

Compiling .pioenvs\plant-soil-notifier\log\src\log_level\tag_log_level\linked_list\log_linked_list.c.o

Archiving .pioenvs\plant-soil-notifier\esp-idf\json\libjson.a

Compiling .pioenvs\plant-soil-notifier\log\src\log_level\tag_log_level\cache\log_binary_heap.c.o

Compiling .pioenvs\plant-soil-notifier\lwip\apps\sntp\sntp.c.o

Indexing .pioenvs\plant-soil-notifier\esp-idf\json\libjson.a

Compiling .pioenvs\plant-soil-notifier\lwip\lwip\src\api\api_lib.c.o

Compiling .pioenvs\plant-soil-notifier\lwip\lwip\src\api\api_msg.c.o

Compiling .pioenvs\plant-soil-notifier\lwip\lwip\src\api\err.c.o

Compiling .pioenvs\plant-soil-notifier\lwip\lwip\src\api\if_api.c.o

Compiling .pioenvs\plant-soil-notifier\lwip\lwip\src\api\netbuf.c.o

Compiling .pioenvs\plant-soil-notifier\lwip\lwip\src\api\netdb.c.o

Archiving .pioenvs\plant-soil-notifier\esp-idf\log\liblog.a

Compiling .pioenvs\plant-soil-notifier\lwip\lwip\src\api\netifapi.c.o

Archiving .pioenvs\plant-soil-notifier\esp-idf\joltwallet__littlefs\libjoltwallet__littlefs.a

Compiling .pioenvs\plant-soil-notifier\lwip\lwip\src\api\sockets.c.o

Compiling .pioenvs\plant-soil-notifier\lwip\lwip\src\api\tcpip.c.o

Indexing .pioenvs\plant-soil-notifier\esp-idf\joltwallet__littlefs\libjoltwallet__littlefs.a

Indexing .pioenvs\plant-soil-notifier\esp-idf\log\liblog.a

Compiling .pioenvs\plant-soil-notifier\lwip\lwip\src\apps\sntp\sntp.c.o

Compiling .pioenvs\plant-soil-notifier\lwip\lwip\src\apps\netbiosns\netbiosns.c.o

Compiling .pioenvs\plant-soil-notifier\lwip\lwip\src\core\def.c.o

Compiling .pioenvs\plant-soil-notifier\lwip\lwip\src\core\dns.c.o

Compiling .pioenvs\plant-soil-notifier\lwip\lwip\src\core\inet_chksum.c.o

Compiling .pioenvs\plant-soil-notifier\lwip\lwip\src\core\init.c.o

Compiling .pioenvs\plant-soil-notifier\lwip\lwip\src\core\ip.c.o

Compiling .pioenvs\plant-soil-notifier\lwip\lwip\src\core\mem.c.o

Compiling .pioenvs\plant-soil-notifier\lwip\lwip\src\core\memp.c.o

Compiling .pioenvs\plant-soil-notifier\lwip\lwip\src\core\netif.c.o

Compiling .pioenvs\plant-soil-notifier\lwip\lwip\src\core\pbuf.c.o

Compiling .pioenvs\plant-soil-notifier\lwip\lwip\src\core\raw.c.o

Compiling .pioenvs\plant-soil-notifier\lwip\lwip\src\core\stats.c.o

Compiling .pioenvs\plant-soil-notifier\lwip\lwip\src\core\sys.c.o

Compiling .pioenvs\plant-soil-notifier\lwip\lwip\src\core\tcp.c.o

Compiling .pioenvs\plant-soil-notifier\lwip\lwip\src\core\tcp_in.c.o

Compiling .pioenvs\plant-soil-notifier\lwip\lwip\src\core\tcp_out.c.o

Compiling .pioenvs\plant-soil-notifier\lwip\lwip\src\core\timeouts.c.o

Compiling .pioenvs\plant-soil-notifier\lwip\lwip\src\core\udp.c.o

Compiling .pioenvs\plant-soil-notifier\lwip\lwip\src\core\ipv4\autoip.c.o

Compiling .pioenvs\plant-soil-notifier\lwip\lwip\src\core\ipv4\dhcp.c.o

Compiling .pioenvs\plant-soil-notifier\lwip\lwip\src\core\ipv4\etharp.c.o

Compiling .pioenvs\plant-soil-notifier\lwip\lwip\src\core\ipv4\icmp.c.o

Compiling .pioenvs\plant-soil-notifier\lwip\lwip\src\core\ipv4\igmp.c.o

Compiling .pioenvs\plant-soil-notifier\lwip\lwip\src\core\ipv4\ip4.c.o

Compiling .pioenvs\plant-soil-notifier\lwip\lwip\src\core\ipv4\ip4_napt.c.o

Compiling .pioenvs\plant-soil-notifier\lwip\lwip\src\core\ipv4\ip4_addr.c.o

Compiling .pioenvs\plant-soil-notifier\lwip\lwip\src\core\ipv4\ip4_frag.c.o

Compiling .pioenvs\plant-soil-notifier\lwip\lwip\src\core\ipv6\dhcp6.c.o

Compiling .pioenvs\plant-soil-notifier\lwip\lwip\src\core\ipv6\ethip6.c.o

Compiling .pioenvs\plant-soil-notifier\lwip\lwip\src\core\ipv6\icmp6.c.o

Compiling .pioenvs\plant-soil-notifier\lwip\lwip\src\core\ipv6\inet6.c.o

Compiling .pioenvs\plant-soil-notifier\lwip\lwip\src\core\ipv6\ip6.c.o

Compiling .pioenvs\plant-soil-notifier\lwip\lwip\src\core\ipv6\ip6_addr.c.o

Compiling .pioenvs\plant-soil-notifier\lwip\lwip\src\core\ipv6\ip6_frag.c.o

Compiling .pioenvs\plant-soil-notifier\lwip\lwip\src\core\ipv6\mld6.c.o

Compiling .pioenvs\plant-soil-notifier\lwip\lwip\src\core\ipv6\nd6.c.o

Compiling .pioenvs\plant-soil-notifier\lwip\lwip\src\netif\ethernet.c.o

Compiling .pioenvs\plant-soil-notifier\lwip\lwip\src\netif\bridgeif.c.o

Compiling .pioenvs\plant-soil-notifier\lwip\lwip\src\netif\bridgeif_fdb.c.o

Compiling .pioenvs\plant-soil-notifier\lwip\lwip\src\netif\slipif.c.o

Compiling .pioenvs\plant-soil-notifier\lwip\lwip\src\netif\ppp\auth.c.o

Compiling .pioenvs\plant-soil-notifier\lwip\lwip\src\netif\ppp\ccp.c.o

Compiling .pioenvs\plant-soil-notifier\lwip\lwip\src\netif\ppp\chap-md5.c.o

Compiling .pioenvs\plant-soil-notifier\lwip\lwip\src\netif\ppp\chap-new.c.o

Compiling .pioenvs\plant-soil-notifier\lwip\lwip\src\netif\ppp\chap_ms.c.o

Compiling .pioenvs\plant-soil-notifier\lwip\lwip\src\netif\ppp\demand.c.o

Compiling .pioenvs\plant-soil-notifier\lwip\lwip\src\netif\ppp\eap.c.o

Compiling .pioenvs\plant-soil-notifier\lwip\lwip\src\netif\ppp\ecp.c.o

Compiling .pioenvs\plant-soil-notifier\lwip\lwip\src\netif\ppp\eui64.c.o

Compiling .pioenvs\plant-soil-notifier\lwip\lwip\src\netif\ppp\fsm.c.o

Compiling .pioenvs\plant-soil-notifier\lwip\lwip\src\netif\ppp\ipcp.c.o

Compiling .pioenvs\plant-soil-notifier\lwip\lwip\src\netif\ppp\ipv6cp.c.o

Compiling .pioenvs\plant-soil-notifier\lwip\lwip\src\netif\ppp\lcp.c.o

Compiling .pioenvs\plant-soil-notifier\lwip\lwip\src\netif\ppp\magic.c.o

Compiling .pioenvs\plant-soil-notifier\lwip\lwip\src\netif\ppp\mppe.c.o

Compiling .pioenvs\plant-soil-notifier\lwip\lwip\src\netif\ppp\multilink.c.o

Compiling .pioenvs\plant-soil-notifier\lwip\lwip\src\netif\ppp\ppp.c.o

Compiling .pioenvs\plant-soil-notifier\lwip\lwip\src\netif\ppp\pppapi.c.o

Compiling .pioenvs\plant-soil-notifier\lwip\lwip\src\netif\ppp\pppcrypt.c.o

Compiling .pioenvs\plant-soil-notifier\lwip\lwip\src\netif\ppp\pppoe.c.o

Compiling .pioenvs\plant-soil-notifier\lwip\lwip\src\netif\ppp\pppol2tp.c.o

Compiling .pioenvs\plant-soil-notifier\lwip\lwip\src\netif\ppp\pppos.c.o

Compiling .pioenvs\plant-soil-notifier\lwip\lwip\src\netif\ppp\upap.c.o

Compiling .pioenvs\plant-soil-notifier\lwip\lwip\src\netif\ppp\utils.c.o

Compiling .pioenvs\plant-soil-notifier\lwip\lwip\src\netif\ppp\vj.c.o

Compiling .pioenvs\plant-soil-notifier\lwip\port\hooks\tcp_isn_default.c.o

Compiling .pioenvs\plant-soil-notifier\lwip\port\hooks\lwip_default_hooks.c.o

Compiling .pioenvs\plant-soil-notifier\lwip\port\debug\lwip_debug.c.o

Compiling .pioenvs\plant-soil-notifier\lwip\port\sockets_ext.c.o

Compiling .pioenvs\plant-soil-notifier\lwip\port\freertos\sys_arch.c.o

Compiling .pioenvs\plant-soil-notifier\lwip\port\if_index.c.o

Compiling .pioenvs\plant-soil-notifier\lwip\port\acd_dhcp_check.c.o

Compiling .pioenvs\plant-soil-notifier\lwip\port\esp32xx\vfs_lwip.c.o

Compiling .pioenvs\plant-soil-notifier\lwip\apps\ping\esp_ping.c.o

Compiling .pioenvs\plant-soil-notifier\lwip\apps\ping\ping.c.o

Compiling .pioenvs\plant-soil-notifier\lwip\apps\ping\ping_sock.c.o

Compiling .pioenvs\plant-soil-notifier\lwip\lwip\src\netif\ppp\polarssl\arc4.c.o

Compiling .pioenvs\plant-soil-notifier\lwip\lwip\src\netif\ppp\polarssl\des.c.o

Compiling .pioenvs\plant-soil-notifier\lwip\lwip\src\netif\ppp\polarssl\md4.c.o

Compiling .pioenvs\plant-soil-notifier\lwip\lwip\src\netif\ppp\polarssl\md5.c.o

Compiling .pioenvs\plant-soil-notifier\lwip\lwip\src\netif\ppp\polarssl\sha1.c.o

Compiling .pioenvs\plant-soil-notifier\lwip\apps\dhcpserver\dhcpserver.c.o

Compiling .pioenvs\plant-soil-notifier\mbedtls\esp_crt_bundle\esp_crt_bundle.c.o

Compiling .pioenvs\plant-soil-notifier\.pioenvs\plant-soil-notifier\x509_crt_bundle.S.o

Compiling .pioenvs\plant-soil-notifier\mqtt\esp-mqtt\mqtt_client.c.o

Compiling .pioenvs\plant-soil-notifier\mqtt\esp-mqtt\lib\mqtt_msg.c.o

Compiling .pioenvs\plant-soil-notifier\mqtt\esp-mqtt\lib\mqtt_outbox.c.o

Compiling .pioenvs\plant-soil-notifier\mqtt\esp-mqtt\lib\platform_esp32_idf.c.o

Compiling .pioenvs\plant-soil-notifier\newlib\src\init.c.o

Compiling .pioenvs\plant-soil-notifier\newlib\src\abort.c.o

Compiling .pioenvs\plant-soil-notifier\newlib\src\assert.c.o

Compiling .pioenvs\plant-soil-notifier\newlib\src\heap.c.o

Compiling .pioenvs\plant-soil-notifier\newlib\src\locks.c.o

Archiving .pioenvs\plant-soil-notifier\esp-idf\mbedtls\libmbedtls.a

Compiling .pioenvs\plant-soil-notifier\newlib\src\poll.c.o

Archiving .pioenvs\plant-soil-notifier\esp-idf\lwip\liblwip.a

Indexing .pioenvs\plant-soil-notifier\esp-idf\mbedtls\libmbedtls.a

Compiling .pioenvs\plant-soil-notifier\newlib\src\pthread.c.o

Compiling .pioenvs\plant-soil-notifier\newlib\src\random.c.o

Compiling .pioenvs\plant-soil-notifier\newlib\src\getentropy.c.o

Compiling .pioenvs\plant-soil-notifier\newlib\src\termios.c.o

Compiling .pioenvs\plant-soil-notifier\newlib\src\stdatomic.c.o

Indexing .pioenvs\plant-soil-notifier\esp-idf\lwip\liblwip.a

Compiling .pioenvs\plant-soil-notifier\newlib\src\time.c.o

Compiling .pioenvs\plant-soil-notifier\newlib\src\sysconf.c.o

Compiling .pioenvs\plant-soil-notifier\newlib\src\realpath.c.o

Compiling .pioenvs\plant-soil-notifier\newlib\src\scandir.c.o

Compiling .pioenvs\plant-soil-notifier\newlib\src\syscalls.c.o

Compiling .pioenvs\plant-soil-notifier\newlib\src\reent_syscalls.c.o

Compiling .pioenvs\plant-soil-notifier\newlib\src\port\esp_time_impl.c.o

Compiling .pioenvs\plant-soil-notifier\newlib\src\flockfile.c.o

Compiling .pioenvs\plant-soil-notifier\newlib\src\reent_init.c.o

Compiling .pioenvs\plant-soil-notifier\newlib\src\newlib_init.c.o

Compiling .pioenvs\plant-soil-notifier\nvs_flash\src\nvs_api.cpp.o

Archiving .pioenvs\plant-soil-notifier\esp-idf\newlib\libnewlib.a

Archiving .pioenvs\plant-soil-notifier\esp-idf\mqtt\libmqtt.a

Compiling .pioenvs\plant-soil-notifier\nvs_flash\src\nvs_cxx_api.cpp.o

Compiling .pioenvs\plant-soil-notifier\nvs_flash\src\nvs_item_hash_list.cpp.o

Compiling .pioenvs\plant-soil-notifier\nvs_flash\src\nvs_page.cpp.o

Compiling .pioenvs\plant-soil-notifier\nvs_flash\src\nvs_pagemanager.cpp.o

Compiling .pioenvs\plant-soil-notifier\nvs_flash\src\nvs_storage.cpp.o

Compiling .pioenvs\plant-soil-notifier\nvs_flash\src\nvs_handle_simple.cpp.o

Compiling .pioenvs\plant-soil-notifier\nvs_flash\src\nvs_handle_locked.cpp.o

Compiling .pioenvs\plant-soil-notifier\nvs_flash\src\nvs_partition.cpp.o

Indexing .pioenvs\plant-soil-notifier\esp-idf\newlib\libnewlib.a

Indexing .pioenvs\plant-soil-notifier\esp-idf\mqtt\libmqtt.a

Compiling .pioenvs\plant-soil-notifier\nvs_flash\src\nvs_partition_lookup.cpp.o

Compiling .pioenvs\plant-soil-notifier\nvs_flash\src\nvs_partition_manager.cpp.o

Compiling .pioenvs\plant-soil-notifier\nvs_flash\src\nvs_types.cpp.o

Compiling .pioenvs\plant-soil-notifier\nvs_flash\src\nvs_platform.cpp.o

Compiling .pioenvs\plant-soil-notifier\nvs_flash\src\nvs_bootloader.c.o

Compiling .pioenvs\plant-soil-notifier\nvs_flash\src\nvs_encrypted_partition.cpp.o

Compiling .pioenvs\plant-soil-notifier\nvs_flash\src\nvs_bootloader_aes.c.o

Compiling .pioenvs\plant-soil-notifier\nvs_flash\src\nvs_bootloader_xts_aes.c.o

Compiling .pioenvs\plant-soil-notifier\nvs_sec_provider\nvs_sec_provider.c.o

Compiling .pioenvs\plant-soil-notifier\perfmon\xtensa_perfmon_access.c.o

Compiling .pioenvs\plant-soil-notifier\perfmon\xtensa_perfmon_apis.c.o

Compiling .pioenvs\plant-soil-notifier\perfmon\xtensa_perfmon_masks.c.o

Compiling .pioenvs\plant-soil-notifier\protobuf-c\protobuf-c\protobuf-c\protobuf-c.c.o

Compiling .pioenvs\plant-soil-notifier\protocomm\src\common\protocomm.c.o

Compiling .pioenvs\plant-soil-notifier\protocomm\proto-c\constants.pb-c.c.o

Compiling .pioenvs\plant-soil-notifier\protocomm\proto-c\sec0.pb-c.c.o

Archiving .pioenvs\plant-soil-notifier\esp-idf\nvs_sec_provider\libnvs_sec_provider.a

Compiling .pioenvs\plant-soil-notifier\protocomm\proto-c\sec1.pb-c.c.o

Compiling .pioenvs\plant-soil-notifier\protocomm\proto-c\sec2.pb-c.c.o

Compiling .pioenvs\plant-soil-notifier\protocomm\proto-c\session.pb-c.c.o

Archiving .pioenvs\plant-soil-notifier\esp-idf\perfmon\libperfmon.a

Compiling .pioenvs\plant-soil-notifier\protocomm\src\transports\protocomm_console.c.o

Compiling .pioenvs\plant-soil-notifier\protocomm\src\transports\protocomm_httpd.c.o

Indexing .pioenvs\plant-soil-notifier\esp-idf\nvs_sec_provider\libnvs_sec_provider.a

Indexing .pioenvs\plant-soil-notifier\esp-idf\perfmon\libperfmon.a

Compiling .pioenvs\plant-soil-notifier\protocomm\src\security\security0.c.o

Compiling .pioenvs\plant-soil-notifier\protocomm\src\security\security1.c.o

Compiling .pioenvs\plant-soil-notifier\protocomm\src\security\security2.c.o

Compiling .pioenvs\plant-soil-notifier\protocomm\src\crypto\srp6a\esp_srp.c.o

Compiling .pioenvs\plant-soil-notifier\protocomm\src\crypto\srp6a\esp_srp_mpi.c.o

Compiling .pioenvs\plant-soil-notifier\pthread\pthread.c.o

Compiling .pioenvs\plant-soil-notifier\pthread\pthread_cond_var.c.o

Compiling .pioenvs\plant-soil-notifier\pthread\pthread_local_storage.c.o

Compiling .pioenvs\plant-soil-notifier\pthread\pthread_rwlock.c.o

Compiling .pioenvs\plant-soil-notifier\pthread\pthread_semaphore.c.o

Compiling .pioenvs\plant-soil-notifier\rt\FreeRTOS_POSIX_mqueue.c.o

Archiving .pioenvs\plant-soil-notifier\esp-idf\protobuf-c\libprotobuf-c.a

Archiving .pioenvs\plant-soil-notifier\esp-idf\nvs_flash\libnvs_flash.a

Compiling .pioenvs\plant-soil-notifier\rt\FreeRTOS_POSIX_utils.c.o

Compiling .pioenvs\plant-soil-notifier\sdmmc\sdmmc_cmd.c.o

Archiving .pioenvs\plant-soil-notifier\esp-idf\protocomm\libprotocomm.a

Compiling .pioenvs\plant-soil-notifier\sdmmc\sdmmc_common.c.o

Indexing .pioenvs\plant-soil-notifier\esp-idf\protobuf-c\libprotobuf-c.a

Compiling .pioenvs\plant-soil-notifier\sdmmc\sdmmc_init.c.o

Archiving .pioenvs\plant-soil-notifier\esp-idf\pthread\libpthread.a

Indexing .pioenvs\plant-soil-notifier\esp-idf\nvs_flash\libnvs_flash.a

Compiling .pioenvs\plant-soil-notifier\sdmmc\sdmmc_io.c.o

Compiling .pioenvs\plant-soil-notifier\sdmmc\sdmmc_mmc.c.o

Compiling .pioenvs\plant-soil-notifier\sdmmc\sdmmc_sd.c.o

Indexing .pioenvs\plant-soil-notifier\esp-idf\protocomm\libprotocomm.a

Compiling .pioenvs\plant-soil-notifier\sdmmc\sd_pwr_ctrl\sd_pwr_ctrl.c.o

Indexing .pioenvs\plant-soil-notifier\esp-idf\pthread\libpthread.a

Compiling .pioenvs\plant-soil-notifier\soc\lldesc.c.o

Compiling .pioenvs\plant-soil-notifier\soc\dport_access_common.c.o

Archiving .pioenvs\plant-soil-notifier\esp-idf\rt\librt.a

Compiling .pioenvs\plant-soil-notifier\soc\esp32\interrupts.c.o

Compiling .pioenvs\plant-soil-notifier\soc\esp32\gpio_periph.c.o

Compiling .pioenvs\plant-soil-notifier\soc\esp32\uart_periph.c.o

Compiling .pioenvs\plant-soil-notifier\soc\esp32\dport_access.c.o

Compiling .pioenvs\plant-soil-notifier\soc\esp32\adc_periph.c.o

Indexing .pioenvs\plant-soil-notifier\esp-idf\rt\librt.a

Compiling .pioenvs\plant-soil-notifier\soc\esp32\emac_periph.c.o

Compiling .pioenvs\plant-soil-notifier\soc\esp32\spi_periph.c.o

Compiling .pioenvs\plant-soil-notifier\soc\esp32\ledc_periph.c.o

Compiling .pioenvs\plant-soil-notifier\soc\esp32\pcnt_periph.c.o

Compiling .pioenvs\plant-soil-notifier\soc\esp32\rmt_periph.c.o

Compiling .pioenvs\plant-soil-notifier\soc\esp32\sdm_periph.c.o

Archiving .pioenvs\plant-soil-notifier\esp-idf\sdmmc\libsdmmc.a

Compiling .pioenvs\plant-soil-notifier\soc\esp32\i2s_periph.c.o

Compiling .pioenvs\plant-soil-notifier\soc\esp32\i2c_periph.c.o

Compiling .pioenvs\plant-soil-notifier\soc\esp32\timer_periph.c.o

Compiling .pioenvs\plant-soil-notifier\soc\esp32\lcd_periph.c.o

Indexing .pioenvs\plant-soil-notifier\esp-idf\sdmmc\libsdmmc.a

Compiling .pioenvs\plant-soil-notifier\soc\esp32\mcpwm_periph.c.o

Compiling .pioenvs\plant-soil-notifier\soc\esp32\mpi_periph.c.o

Compiling .pioenvs\plant-soil-notifier\soc\esp32\sdmmc_periph.c.o

Compiling .pioenvs\plant-soil-notifier\soc\esp32\touch_sensor_periph.c.o

Compiling .pioenvs\plant-soil-notifier\soc\esp32\twai_periph.c.o

Compiling .pioenvs\plant-soil-notifier\soc\esp32\wdt_periph.c.o

Compiling .pioenvs\plant-soil-notifier\soc\esp32\dac_periph.c.o

Compiling .pioenvs\plant-soil-notifier\soc\esp32\rtc_io_periph.c.o

Compiling .pioenvs\plant-soil-notifier\soc\esp32\sdio_slave_periph.c.o

Compiling .pioenvs\plant-soil-notifier\soc\esp32\power_supply_periph.c.o

Compiling .pioenvs\plant-soil-notifier\spi_flash\flash_brownout_hook.c.o

Compiling .pioenvs\plant-soil-notifier\spi_flash\spi_flash_chip_drivers.c.o

Compiling .pioenvs\plant-soil-notifier\spi_flash\spi_flash_chip_generic.c.o

Compiling .pioenvs\plant-soil-notifier\spi_flash\spi_flash_chip_issi.c.o

Compiling .pioenvs\plant-soil-notifier\spi_flash\spi_flash_chip_mxic.c.o

Compiling .pioenvs\plant-soil-notifier\spi_flash\spi_flash_chip_gd.c.o

Compiling .pioenvs\plant-soil-notifier\spi_flash\spi_flash_chip_winbond.c.o

Compiling .pioenvs\plant-soil-notifier\spi_flash\spi_flash_chip_boya.c.o

Compiling .pioenvs\plant-soil-notifier\spi_flash\spi_flash_chip_mxic_opi.c.o

Compiling .pioenvs\plant-soil-notifier\spi_flash\spi_flash_chip_th.c.o

Compiling .pioenvs\plant-soil-notifier\spi_flash\memspi_host_driver.c.o

Archiving .pioenvs\plant-soil-notifier\esp-idf\soc\libsoc.a

Compiling .pioenvs\plant-soil-notifier\spi_flash\cache_utils.c.o

Compiling .pioenvs\plant-soil-notifier\spi_flash\flash_mmap.c.o

Compiling .pioenvs\plant-soil-notifier\spi_flash\flash_ops.c.o

Indexing .pioenvs\plant-soil-notifier\esp-idf\soc\libsoc.a

Compiling .pioenvs\plant-soil-notifier\spi_flash\spi_flash_wrap.c.o

Compiling .pioenvs\plant-soil-notifier\spi_flash\esp_flash_api.c.o

Compiling .pioenvs\plant-soil-notifier\spi_flash\esp_flash_spi_init.c.o

Compiling .pioenvs\plant-soil-notifier\spi_flash\spi_flash_os_func_app.c.o

Compiling .pioenvs\plant-soil-notifier\spi_flash\spi_flash_os_func_noos.c.o

Compiling .pioenvs\plant-soil-notifier\spiffs\spiffs_api.c.o

Compiling .pioenvs\plant-soil-notifier\spiffs\spiffs\src\spiffs_cache.c.o

Compiling .pioenvs\plant-soil-notifier\spiffs\spiffs\src\spiffs_check.c.o

Compiling .pioenvs\plant-soil-notifier\spiffs\spiffs\src\spiffs_gc.c.o

Compiling .pioenvs\plant-soil-notifier\spiffs\spiffs\src\spiffs_hydrogen.c.o

Compiling .pioenvs\plant-soil-notifier\spiffs\spiffs\src\spiffs_nucleus.c.o

Compiling .pioenvs\plant-soil-notifier\spiffs\esp_spiffs.c.o

Compiling .pioenvs\plant-soil-notifier\tcp_transport\transport.c.o

Compiling .pioenvs\plant-soil-notifier\tcp_transport\transport_ssl.c.o

Compiling .pioenvs\plant-soil-notifier\tcp_transport\transport_internal.c.o

Compiling .pioenvs\plant-soil-notifier\tcp_transport\transport_socks_proxy.c.o

Compiling .pioenvs\plant-soil-notifier\tcp_transport\transport_ws.c.o

Compiling .pioenvs\plant-soil-notifier\unity\unity\src\unity.c.o

Archiving .pioenvs\plant-soil-notifier\esp-idf\spi_flash\libspi_flash.a

Compiling .pioenvs\plant-soil-notifier\unity\unity_compat.c.o

Compiling .pioenvs\plant-soil-notifier\unity\unity_runner.c.o

Indexing .pioenvs\plant-soil-notifier\esp-idf\spi_flash\libspi_flash.a

Compiling .pioenvs\plant-soil-notifier\unity\unity_utils_freertos.c.o

Compiling .pioenvs\plant-soil-notifier\unity\unity_utils_cache.c.o

Compiling .pioenvs\plant-soil-notifier\unity\unity_utils_memory.c.o

Compiling .pioenvs\plant-soil-notifier\unity\unity_port_esp32.c.o

Compiling .pioenvs\plant-soil-notifier\unity\port\esp\unity_utils_memory_esp.c.o

Compiling .pioenvs\plant-soil-notifier\vfs\vfs.c.o

Archiving .pioenvs\plant-soil-notifier\esp-idf\spiffs\libspiffs.a

Compiling .pioenvs\plant-soil-notifier\vfs\vfs_eventfd.c.o

Compiling .pioenvs\plant-soil-notifier\vfs\vfs_semihost.c.o

Compiling .pioenvs\plant-soil-notifier\vfs\nullfs.c.o

Indexing .pioenvs\plant-soil-notifier\esp-idf\spiffs\libspiffs.a

Compiling .pioenvs\plant-soil-notifier\wear_levelling\Partition.cpp.o

Archiving .pioenvs\plant-soil-notifier\esp-idf\tcp_transport\libtcp_transport.a

Compiling .pioenvs\plant-soil-notifier\wear_levelling\SPI_Flash.cpp.o

Compiling .pioenvs\plant-soil-notifier\wear_levelling\WL_Ext_Perf.cpp.o

Archiving .pioenvs\plant-soil-notifier\esp-idf\unity\libunity.a

Compiling .pioenvs\plant-soil-notifier\wear_levelling\WL_Ext_Safe.cpp.o

Compiling .pioenvs\plant-soil-notifier\wear_levelling\WL_Flash.cpp.o

Compiling .pioenvs\plant-soil-notifier\wear_levelling\crc32.cpp.o

Indexing .pioenvs\plant-soil-notifier\esp-idf\tcp_transport\libtcp_transport.a

Indexing .pioenvs\plant-soil-notifier\esp-idf\unity\libunity.a

Compiling .pioenvs\plant-soil-notifier\wear_levelling\wear_levelling.cpp.o

Compiling .pioenvs\plant-soil-notifier\wifi_provisioning\src\wifi_config.c.o

Compiling .pioenvs\plant-soil-notifier\wifi_provisioning\src\wifi_scan.c.o

Archiving .pioenvs\plant-soil-notifier\esp-idf\vfs\libvfs.a

Compiling .pioenvs\plant-soil-notifier\wifi_provisioning\src\wifi_ctrl.c.o

Compiling .pioenvs\plant-soil-notifier\wifi_provisioning\src\manager.c.o

Compiling .pioenvs\plant-soil-notifier\wifi_provisioning\src\handlers.c.o

Compiling .pioenvs\plant-soil-notifier\wifi_provisioning\src\scheme_console.c.o

Indexing .pioenvs\plant-soil-notifier\esp-idf\vfs\libvfs.a

Compiling .pioenvs\plant-soil-notifier\wifi_provisioning\proto-c\wifi_config.pb-c.c.o

Compiling .pioenvs\plant-soil-notifier\wifi_provisioning\proto-c\wifi_scan.pb-c.c.o

Compiling .pioenvs\plant-soil-notifier\wifi_provisioning\proto-c\wifi_ctrl.pb-c.c.o

Compiling .pioenvs\plant-soil-notifier\wifi_provisioning\proto-c\wifi_constants.pb-c.c.o

Compiling .pioenvs\plant-soil-notifier\wifi_provisioning\src\scheme_softap.c.o

Archiving .pioenvs\plant-soil-notifier\esp-idf\wear_levelling\libwear_levelling.a

Indexing .pioenvs\plant-soil-notifier\esp-idf\wear_levelling\libwear_levelling.a

Compiling .pioenvs\plant-soil-notifier\wpa_supplicant\port\os_xtensa.c.o

Compiling .pioenvs\plant-soil-notifier\wpa_supplicant\port\eloop.c.o

Compiling .pioenvs\plant-soil-notifier\wpa_supplicant\src\ap\ap_config.c.o

Compiling .pioenvs\plant-soil-notifier\wpa_supplicant\src\ap\ieee802_1x.c.o

Compiling .pioenvs\plant-soil-notifier\wpa_supplicant\src\ap\wpa_auth.c.o

Archiving .pioenvs\plant-soil-notifier\esp-idf\wifi_provisioning\libwifi_provisioning.a

Compiling .pioenvs\plant-soil-notifier\wpa_supplicant\src\ap\wpa_auth_ie.c.o

Compiling .pioenvs\plant-soil-notifier\wpa_supplicant\src\ap\pmksa_cache_auth.c.o

Compiling .pioenvs\plant-soil-notifier\wpa_supplicant\src\ap\sta_info.c.o

Compiling .pioenvs\plant-soil-notifier\wpa_supplicant\src\ap\ieee802_11.c.o

Indexing .pioenvs\plant-soil-notifier\esp-idf\wifi_provisioning\libwifi_provisioning.a

Compiling .pioenvs\plant-soil-notifier\wpa_supplicant\src\ap\comeback_token.c.o

Compiling .pioenvs\plant-soil-notifier\wpa_supplicant\src\common\sae.c.o

Compiling .pioenvs\plant-soil-notifier\wpa_supplicant\src\common\dragonfly.c.o

Compiling .pioenvs\plant-soil-notifier\wpa_supplicant\src\common\wpa_common.c.o

Compiling .pioenvs\plant-soil-notifier\wpa_supplicant\src\utils\bitfield.c.o

Compiling .pioenvs\plant-soil-notifier\wpa_supplicant\src\crypto\aes-siv.c.o

Compiling .pioenvs\plant-soil-notifier\wpa_supplicant\src\crypto\sha256-kdf.c.o

Compiling .pioenvs\plant-soil-notifier\wpa_supplicant\src\crypto\ccmp.c.o

Compiling .pioenvs\plant-soil-notifier\wpa_supplicant\src\crypto\aes-gcm.c.o

Compiling .pioenvs\plant-soil-notifier\wpa_supplicant\src\crypto\crypto_ops.c.o

Compiling .pioenvs\plant-soil-notifier\wpa_supplicant\src\crypto\dh_group5.c.o

Compiling .pioenvs\plant-soil-notifier\wpa_supplicant\src\crypto\dh_groups.c.o

Compiling .pioenvs\plant-soil-notifier\wpa_supplicant\src\crypto\ms_funcs.c.o

Compiling .pioenvs\plant-soil-notifier\wpa_supplicant\src\crypto\sha1-tlsprf.c.o

Compiling .pioenvs\plant-soil-notifier\wpa_supplicant\src\crypto\sha256-tlsprf.c.o

Compiling .pioenvs\plant-soil-notifier\wpa_supplicant\src\crypto\sha384-tlsprf.c.o

Compiling .pioenvs\plant-soil-notifier\wpa_supplicant\src\crypto\sha256-prf.c.o

Compiling .pioenvs\plant-soil-notifier\wpa_supplicant\src\crypto\sha1-prf.c.o

Compiling .pioenvs\plant-soil-notifier\wpa_supplicant\src\crypto\sha384-prf.c.o

Compiling .pioenvs\plant-soil-notifier\wpa_supplicant\src\crypto\md4-internal.c.o

Compiling .pioenvs\plant-soil-notifier\wpa_supplicant\src\crypto\sha1-tprf.c.o

Compiling .pioenvs\plant-soil-notifier\wpa_supplicant\src\eap_common\eap_wsc_common.c.o

Compiling .pioenvs\plant-soil-notifier\wpa_supplicant\src\common\ieee802_11_common.c.o

Compiling .pioenvs\plant-soil-notifier\wpa_supplicant\src\eap_peer\chap.c.o

Compiling .pioenvs\plant-soil-notifier\wpa_supplicant\src\eap_peer\eap.c.o

Compiling .pioenvs\plant-soil-notifier\wpa_supplicant\src\eap_peer\eap_common.c.o

Compiling .pioenvs\plant-soil-notifier\wpa_supplicant\src\eap_peer\eap_mschapv2.c.o

Compiling .pioenvs\plant-soil-notifier\wpa_supplicant\src\eap_peer\eap_peap.c.o

Compiling .pioenvs\plant-soil-notifier\wpa_supplicant\src\eap_peer\eap_peap_common.c.o

Compiling .pioenvs\plant-soil-notifier\wpa_supplicant\src\eap_peer\eap_tls.c.o

Compiling .pioenvs\plant-soil-notifier\wpa_supplicant\src\eap_peer\eap_tls_common.c.o

Compiling .pioenvs\plant-soil-notifier\wpa_supplicant\src\eap_peer\eap_ttls.c.o

Compiling .pioenvs\plant-soil-notifier\wpa_supplicant\src\eap_peer\mschapv2.c.o

Compiling .pioenvs\plant-soil-notifier\wpa_supplicant\src\eap_peer\eap_fast.c.o

Compiling .pioenvs\plant-soil-notifier\wpa_supplicant\src\eap_peer\eap_fast_common.c.o

Compiling .pioenvs\plant-soil-notifier\wpa_supplicant\src\eap_peer\eap_fast_pac.c.o

Compiling .pioenvs\plant-soil-notifier\wpa_supplicant\src\rsn_supp\pmksa_cache.c.o

Compiling .pioenvs\plant-soil-notifier\wpa_supplicant\src\rsn_supp\wpa.c.o

Compiling .pioenvs\plant-soil-notifier\wpa_supplicant\src\rsn_supp\wpa_ie.c.o

Compiling .pioenvs\plant-soil-notifier\wpa_supplicant\src\utils\base64.c.o

Compiling .pioenvs\plant-soil-notifier\wpa_supplicant\src\utils\common.c.o

Compiling .pioenvs\plant-soil-notifier\wpa_supplicant\src\utils\ext_password.c.o

Compiling .pioenvs\plant-soil-notifier\wpa_supplicant\src\utils\uuid.c.o

Compiling .pioenvs\plant-soil-notifier\wpa_supplicant\src\utils\wpabuf.c.o

Compiling .pioenvs\plant-soil-notifier\wpa_supplicant\src\utils\wpa_debug.c.o

Compiling .pioenvs\plant-soil-notifier\wpa_supplicant\src\utils\json.c.o

Compiling .pioenvs\plant-soil-notifier\wpa_supplicant\src\wps\wps.c.o

Compiling .pioenvs\plant-soil-notifier\wpa_supplicant\src\wps\wps_attr_build.c.o

Compiling .pioenvs\plant-soil-notifier\wpa_supplicant\src\wps\wps_attr_parse.c.o

Compiling .pioenvs\plant-soil-notifier\wpa_supplicant\src\wps\wps_attr_process.c.o

Compiling .pioenvs\plant-soil-notifier\wpa_supplicant\src\wps\wps_common.c.o

Compiling .pioenvs\plant-soil-notifier\wpa_supplicant\src\wps\wps_dev_attr.c.o

Compiling .pioenvs\plant-soil-notifier\wpa_supplicant\src\wps\wps_enrollee.c.o

Compiling .pioenvs\plant-soil-notifier\wpa_supplicant\src\common\sae_pk.c.o

Compiling .pioenvs\plant-soil-notifier\wpa_supplicant\esp_supplicant\src\esp_eap_client.c.o

Compiling .pioenvs\plant-soil-notifier\wpa_supplicant\esp_supplicant\src\esp_wpa2_api_port.c.o

Compiling .pioenvs\plant-soil-notifier\wpa_supplicant\esp_supplicant\src\esp_wpa_main.c.o

Compiling .pioenvs\plant-soil-notifier\wpa_supplicant\esp_supplicant\src\esp_wpas_glue.c.o

Compiling .pioenvs\plant-soil-notifier\wpa_supplicant\esp_supplicant\src\esp_common.c.o

Compiling .pioenvs\plant-soil-notifier\wpa_supplicant\esp_supplicant\src\esp_wps.c.o

Compiling .pioenvs\plant-soil-notifier\wpa_supplicant\esp_supplicant\src\esp_wpa3.c.o

Compiling .pioenvs\plant-soil-notifier\wpa_supplicant\esp_supplicant\src\esp_owe.c.o

Compiling .pioenvs\plant-soil-notifier\wpa_supplicant\esp_supplicant\src\esp_hostap.c.o

Compiling .pioenvs\plant-soil-notifier\wpa_supplicant\src\tls\asn1.c.o

Compiling .pioenvs\plant-soil-notifier\wpa_supplicant\src\tls\bignum.c.o

Compiling .pioenvs\plant-soil-notifier\wpa_supplicant\src\tls\pkcs1.c.o

Compiling .pioenvs\plant-soil-notifier\wpa_supplicant\src\tls\pkcs5.c.o

Compiling .pioenvs\plant-soil-notifier\wpa_supplicant\src\tls\pkcs8.c.o

Compiling .pioenvs\plant-soil-notifier\wpa_supplicant\src\tls\rsa.c.o

Compiling .pioenvs\plant-soil-notifier\wpa_supplicant\src\crypto\tls_internal.c.o

Compiling .pioenvs\plant-soil-notifier\wpa_supplicant\src\tls\tlsv1_client.c.o

Compiling .pioenvs\plant-soil-notifier\wpa_supplicant\src\tls\tlsv1_client_read.c.o

Compiling .pioenvs\plant-soil-notifier\wpa_supplicant\src\tls\tlsv1_client_write.c.o

Compiling .pioenvs\plant-soil-notifier\wpa_supplicant\src\tls\tlsv1_common.c.o

Compiling .pioenvs\plant-soil-notifier\wpa_supplicant\src\tls\tlsv1_cred.c.o

Compiling .pioenvs\plant-soil-notifier\wpa_supplicant\src\tls\tlsv1_record.c.o

Compiling .pioenvs\plant-soil-notifier\wpa_supplicant\src\tls\tlsv1_client_ocsp.c.o

Compiling .pioenvs\plant-soil-notifier\wpa_supplicant\src\tls\x509v3.c.o

Compiling .pioenvs\plant-soil-notifier\wpa_supplicant\esp_supplicant\src\crypto\crypto_mbedtls.c.o

Compiling .pioenvs\plant-soil-notifier\wpa_supplicant\esp_supplicant\src\crypto\crypto_mbedtls-bignum.c.o

Compiling .pioenvs\plant-soil-notifier\wpa_supplicant\esp_supplicant\src\crypto\crypto_mbedtls-rsa.c.o

Compiling .pioenvs\plant-soil-notifier\wpa_supplicant\esp_supplicant\src\crypto\crypto_mbedtls-ec.c.o

Compiling .pioenvs\plant-soil-notifier\wpa_supplicant\src\crypto\rc4.c.o

Compiling .pioenvs\plant-soil-notifier\wpa_supplicant\src\crypto\des-internal.c.o

Compiling .pioenvs\plant-soil-notifier\wpa_supplicant\esp_supplicant\src\crypto\fastpbkdf2.c.o

Compiling .pioenvs\plant-soil-notifier\wpa_supplicant\src\crypto\aes-wrap.c.o

Compiling .pioenvs\plant-soil-notifier\wpa_supplicant\src\crypto\aes-unwrap.c.o

Compiling .pioenvs\plant-soil-notifier\wpa_supplicant\src\crypto\aes-ccm.c.o

Compiling .pioenvs\plant-soil-notifier\xtensa\eri.c.o

Compiling .pioenvs\plant-soil-notifier\xtensa\xt_trax.c.o

Compiling .pioenvs\plant-soil-notifier\xtensa\xtensa_context.S.o

Compiling .pioenvs\plant-soil-notifier\xtensa\xtensa_intr_asm.S.o

Compiling .pioenvs\plant-soil-notifier\xtensa\xtensa_intr.c.o

Compiling .pioenvs\plant-soil-notifier\xtensa\xtensa_vectors.S.o

Compiling .pioenvs\plant-soil-notifier\managed_components\zorxx__multipart-parser\multipart_parser.c.o

Compiling .pioenvs\plant-soil-notifier\mbedtls\mbedtls\3rdparty\everest\library\everest.c.o

Archiving .pioenvs\plant-soil-notifier\esp-idf\wpa_supplicant\libwpa_supplicant.a

Compiling .pioenvs\plant-soil-notifier\mbedtls\mbedtls\3rdparty\everest\library\x25519.c.o

Compiling .pioenvs\plant-soil-notifier\mbedtls\mbedtls\3rdparty\everest\library\Hacl_Curve25519_joined.c.o

Indexing .pioenvs\plant-soil-notifier\esp-idf\wpa_supplicant\libwpa_supplicant.a

Archiving .pioenvs\plant-soil-notifier\esp-idf\zorxx__multipart-parser\libzorxx__multipart-parser.a

Archiving .pioenvs\plant-soil-notifier\esp-idf\xtensa\libxtensa.a

Compiling .pioenvs\plant-soil-notifier\mbedtls\mbedtls\library\aes.c.o

Compiling .pioenvs\plant-soil-notifier\mbedtls\mbedtls\library\aesni.c.o

Indexing .pioenvs\plant-soil-notifier\esp-idf\zorxx__multipart-parser\libzorxx__multipart-parser.a

Compiling .pioenvs\plant-soil-notifier\mbedtls\mbedtls\library\aesce.c.o

Indexing .pioenvs\plant-soil-notifier\esp-idf\xtensa\libxtensa.a

Compiling .pioenvs\plant-soil-notifier\mbedtls\mbedtls\library\aria.c.o

Compiling .pioenvs\plant-soil-notifier\mbedtls\mbedtls\library\asn1parse.c.o

Compiling .pioenvs\plant-soil-notifier\mbedtls\mbedtls\library\asn1write.c.o

Compiling .pioenvs\plant-soil-notifier\mbedtls\mbedtls\library\base64.c.o

Archiving .pioenvs\plant-soil-notifier\esp-idf\mbedtls\mbedtls\3rdparty\everest\libeverest.a

Compiling .pioenvs\plant-soil-notifier\mbedtls\mbedtls\library\bignum.c.o

Compiling .pioenvs\plant-soil-notifier\mbedtls\mbedtls\library\bignum_core.c.o

Compiling .pioenvs\plant-soil-notifier\mbedtls\mbedtls\library\bignum_mod.c.o

Compiling .pioenvs\plant-soil-notifier\mbedtls\mbedtls\library\bignum_mod_raw.c.o

Indexing .pioenvs\plant-soil-notifier\esp-idf\mbedtls\mbedtls\3rdparty\everest\libeverest.a

Compiling .pioenvs\plant-soil-notifier\mbedtls\mbedtls\library\block_cipher.c.o

Compiling .pioenvs\plant-soil-notifier\mbedtls\mbedtls\library\camellia.c.o

Compiling .pioenvs\plant-soil-notifier\mbedtls\mbedtls\library\ccm.c.o

Compiling .pioenvs\plant-soil-notifier\mbedtls\mbedtls\library\chacha20.c.o

Compiling .pioenvs\plant-soil-notifier\mbedtls\mbedtls\library\chachapoly.c.o

Compiling .pioenvs\plant-soil-notifier\mbedtls\mbedtls\library\cipher.c.o

Compiling .pioenvs\plant-soil-notifier\mbedtls\mbedtls\library\cipher_wrap.c.o

Compiling .pioenvs\plant-soil-notifier\mbedtls\mbedtls\library\constant_time.c.o

Compiling .pioenvs\plant-soil-notifier\mbedtls\mbedtls\library\cmac.c.o

Compiling .pioenvs\plant-soil-notifier\mbedtls\mbedtls\library\ctr_drbg.c.o

Compiling .pioenvs\plant-soil-notifier\mbedtls\mbedtls\library\des.c.o

Compiling .pioenvs\plant-soil-notifier\mbedtls\mbedtls\library\dhm.c.o

Compiling .pioenvs\plant-soil-notifier\mbedtls\mbedtls\library\ecdh.c.o

Compiling .pioenvs\plant-soil-notifier\mbedtls\mbedtls\library\ecdsa.c.o

Compiling .pioenvs\plant-soil-notifier\mbedtls\mbedtls\library\ecjpake.c.o

Compiling .pioenvs\plant-soil-notifier\mbedtls\mbedtls\library\ecp.c.o

Compiling .pioenvs\plant-soil-notifier\mbedtls\mbedtls\library\ecp_curves.c.o

Compiling .pioenvs\plant-soil-notifier\mbedtls\mbedtls\library\ecp_curves_new.c.o

Compiling .pioenvs\plant-soil-notifier\mbedtls\mbedtls\library\entropy.c.o

Compiling .pioenvs\plant-soil-notifier\mbedtls\mbedtls\library\entropy_poll.c.o

Compiling .pioenvs\plant-soil-notifier\mbedtls\mbedtls\library\error.c.o

Compiling .pioenvs\plant-soil-notifier\mbedtls\mbedtls\library\gcm.c.o

Compiling .pioenvs\plant-soil-notifier\mbedtls\mbedtls\library\hkdf.c.o

Compiling .pioenvs\plant-soil-notifier\mbedtls\mbedtls\library\hmac_drbg.c.o

Compiling .pioenvs\plant-soil-notifier\mbedtls\mbedtls\library\lmots.c.o

Compiling .pioenvs\plant-soil-notifier\mbedtls\mbedtls\library\lms.c.o

Compiling .pioenvs\plant-soil-notifier\mbedtls\mbedtls\library\md.c.o

Compiling .pioenvs\plant-soil-notifier\mbedtls\mbedtls\library\md5.c.o

Compiling .pioenvs\plant-soil-notifier\mbedtls\mbedtls\library\memory_buffer_alloc.c.o

Compiling .pioenvs\plant-soil-notifier\mbedtls\mbedtls\library\nist_kw.c.o

Compiling .pioenvs\plant-soil-notifier\mbedtls\mbedtls\library\oid.c.o

Compiling .pioenvs\plant-soil-notifier\mbedtls\mbedtls\library\padlock.c.o

Compiling .pioenvs\plant-soil-notifier\mbedtls\mbedtls\library\pem.c.o

Compiling .pioenvs\plant-soil-notifier\mbedtls\mbedtls\library\pk.c.o

Compiling .pioenvs\plant-soil-notifier\mbedtls\mbedtls\library\pk_ecc.c.o

Compiling .pioenvs\plant-soil-notifier\mbedtls\mbedtls\library\pk_wrap.c.o

Compiling .pioenvs\plant-soil-notifier\mbedtls\mbedtls\library\pkcs12.c.o

Compiling .pioenvs\plant-soil-notifier\mbedtls\mbedtls\library\pkcs5.c.o

Compiling .pioenvs\plant-soil-notifier\mbedtls\mbedtls\library\pkparse.c.o

Compiling .pioenvs\plant-soil-notifier\mbedtls\mbedtls\library\pkwrite.c.o

Compiling .pioenvs\plant-soil-notifier\mbedtls\mbedtls\library\platform.c.o

Compiling .pioenvs\plant-soil-notifier\mbedtls\mbedtls\library\platform_util.c.o

Compiling .pioenvs\plant-soil-notifier\mbedtls\mbedtls\library\poly1305.c.o

Compiling .pioenvs\plant-soil-notifier\mbedtls\mbedtls\library\psa_crypto.c.o

Compiling .pioenvs\plant-soil-notifier\mbedtls\mbedtls\library\psa_crypto_aead.c.o

Compiling .pioenvs\plant-soil-notifier\mbedtls\mbedtls\library\psa_crypto_cipher.c.o

Compiling .pioenvs\plant-soil-notifier\mbedtls\mbedtls\library\psa_crypto_client.c.o

Compiling .pioenvs\plant-soil-notifier\mbedtls\mbedtls\library\psa_crypto_driver_wrappers_no_static.c.o

Compiling .pioenvs\plant-soil-notifier\mbedtls\mbedtls\library\psa_crypto_ecp.c.o

Compiling .pioenvs\plant-soil-notifier\mbedtls\mbedtls\library\psa_crypto_ffdh.c.o

Compiling .pioenvs\plant-soil-notifier\mbedtls\mbedtls\library\psa_crypto_hash.c.o

Compiling .pioenvs\plant-soil-notifier\mbedtls\mbedtls\library\psa_crypto_mac.c.o

Compiling .pioenvs\plant-soil-notifier\mbedtls\mbedtls\library\psa_crypto_pake.c.o

Compiling .pioenvs\plant-soil-notifier\mbedtls\mbedtls\library\psa_crypto_rsa.c.o

Compiling .pioenvs\plant-soil-notifier\mbedtls\mbedtls\library\psa_crypto_se.c.o

Compiling .pioenvs\plant-soil-notifier\mbedtls\mbedtls\library\psa_crypto_slot_management.c.o

Compiling .pioenvs\plant-soil-notifier\mbedtls\mbedtls\library\psa_crypto_storage.c.o

Compiling .pioenvs\plant-soil-notifier\mbedtls\mbedtls\library\psa_its_file.c.o

Compiling .pioenvs\plant-soil-notifier\mbedtls\mbedtls\library\psa_util.c.o

Compiling .pioenvs\plant-soil-notifier\mbedtls\mbedtls\library\ripemd160.c.o

Compiling .pioenvs\plant-soil-notifier\mbedtls\mbedtls\library\rsa.c.o

Compiling .pioenvs\plant-soil-notifier\mbedtls\mbedtls\library\rsa_alt_helpers.c.o

Compiling .pioenvs\plant-soil-notifier\mbedtls\mbedtls\library\sha1.c.o

Compiling .pioenvs\plant-soil-notifier\mbedtls\mbedtls\library\sha256.c.o

Compiling .pioenvs\plant-soil-notifier\mbedtls\mbedtls\library\sha512.c.o

Compiling .pioenvs\plant-soil-notifier\mbedtls\mbedtls\library\sha3.c.o

Compiling .pioenvs\plant-soil-notifier\mbedtls\mbedtls\library\threading.c.o

Compiling .pioenvs\plant-soil-notifier\mbedtls\mbedtls\library\timing.c.o

Compiling .pioenvs\plant-soil-notifier\mbedtls\mbedtls\library\version.c.o

Compiling .pioenvs\plant-soil-notifier\mbedtls\mbedtls\library\version_features.c.o

Compiling .pioenvs\plant-soil-notifier\mbedtls\port\esp_hardware.c.o

Compiling .pioenvs\plant-soil-notifier\mbedtls\port\esp_mem.c.o

Compiling .pioenvs\plant-soil-notifier\mbedtls\port\esp_timing.c.o

Compiling .pioenvs\plant-soil-notifier\mbedtls\port\aes\esp_aes_xts.c.o

Compiling .pioenvs\plant-soil-notifier\mbedtls\port\aes\esp_aes_common.c.o

Compiling .pioenvs\plant-soil-notifier\mbedtls\port\aes\block\esp_aes.c.o

Compiling .pioenvs\plant-soil-notifier\mbedtls\port\sha\esp_sha.c.o

Compiling .pioenvs\plant-soil-notifier\mbedtls\port\sha\parallel_engine\sha.c.o

Compiling .pioenvs\plant-soil-notifier\mbedtls\port\bignum\esp_bignum.c.o

Compiling .pioenvs\plant-soil-notifier\mbedtls\port\bignum\bignum_alt.c.o

Compiling .pioenvs\plant-soil-notifier\mbedtls\port\sha\parallel_engine\esp_sha1.c.o

Compiling .pioenvs\plant-soil-notifier\mbedtls\port\sha\parallel_engine\esp_sha256.c.o

Compiling .pioenvs\plant-soil-notifier\mbedtls\port\sha\parallel_engine\esp_sha512.c.o

Compiling .pioenvs\plant-soil-notifier\mbedtls\port\aes\esp_aes_gcm.c.o

Compiling .pioenvs\plant-soil-notifier\mbedtls\port\md\esp_md.c.o

Compiling .pioenvs\plant-soil-notifier\mbedtls\mbedtls\library\debug.c.o

Compiling .pioenvs\plant-soil-notifier\mbedtls\mbedtls\library\mps_reader.c.o

Compiling .pioenvs\plant-soil-notifier\mbedtls\mbedtls\library\mps_trace.c.o

Compiling .pioenvs\plant-soil-notifier\mbedtls\mbedtls\library\ssl_cache.c.o

Compiling .pioenvs\plant-soil-notifier\mbedtls\mbedtls\library\ssl_ciphersuites.c.o

Compiling .pioenvs\plant-soil-notifier\mbedtls\mbedtls\library\ssl_client.c.o

Compiling .pioenvs\plant-soil-notifier\mbedtls\mbedtls\library\ssl_cookie.c.o

Archiving .pioenvs\plant-soil-notifier\esp-idf\mbedtls\mbedtls\library\libmbedcrypto.a

Compiling .pioenvs\plant-soil-notifier\mbedtls\mbedtls\library\ssl_debug_helpers_generated.c.o

Compiling .pioenvs\plant-soil-notifier\mbedtls\mbedtls\library\ssl_msg.c.o

Compiling .pioenvs\plant-soil-notifier\mbedtls\mbedtls\library\ssl_ticket.c.o

Compiling .pioenvs\plant-soil-notifier\mbedtls\mbedtls\library\ssl_tls.c.o

Compiling .pioenvs\plant-soil-notifier\mbedtls\mbedtls\library\ssl_tls12_client.c.o

Compiling .pioenvs\plant-soil-notifier\mbedtls\mbedtls\library\ssl_tls12_server.c.o

Compiling .pioenvs\plant-soil-notifier\mbedtls\mbedtls\library\ssl_tls13_keys.c.o

Compiling .pioenvs\plant-soil-notifier\mbedtls\mbedtls\library\ssl_tls13_server.c.o

Compiling .pioenvs\plant-soil-notifier\mbedtls\mbedtls\library\ssl_tls13_client.c.o

Indexing .pioenvs\plant-soil-notifier\esp-idf\mbedtls\mbedtls\library\libmbedcrypto.a

Compiling .pioenvs\plant-soil-notifier\mbedtls\mbedtls\library\ssl_tls13_generic.c.o

Compiling .pioenvs\plant-soil-notifier\mbedtls\port\mbedtls_debug.c.o

Compiling .pioenvs\plant-soil-notifier\mbedtls\port\esp_platform_time.c.o

Compiling .pioenvs\plant-soil-notifier\mbedtls\port\net_sockets.c.o

Compiling .pioenvs\plant-soil-notifier\mbedtls\mbedtls\library\pkcs7.c.o

Compiling .pioenvs\plant-soil-notifier\mbedtls\mbedtls\library\x509.c.o

Compiling .pioenvs\plant-soil-notifier\mbedtls\mbedtls\library\x509_create.c.o

Compiling .pioenvs\plant-soil-notifier\mbedtls\mbedtls\library\x509_crl.c.o

Compiling .pioenvs\plant-soil-notifier\mbedtls\mbedtls\library\x509_crt.c.o

Compiling .pioenvs\plant-soil-notifier\mbedtls\mbedtls\library\x509_csr.c.o

Compiling .pioenvs\plant-soil-notifier\mbedtls\mbedtls\library\x509write.c.o

Compiling .pioenvs\plant-soil-notifier\mbedtls\mbedtls\library\x509write_crt.c.o

Compiling .pioenvs\plant-soil-notifier\mbedtls\mbedtls\library\x509write_csr.c.o

Compiling .pioenvs\plant-soil-notifier\mbedtls\mbedtls\3rdparty\p256-m\p256-m_driver_entrypoints.c.o

Compiling .pioenvs\plant-soil-notifier\mbedtls\mbedtls\3rdparty\p256-m\p256-m\p256-m.c.o

Compiling .pioenvs\plant-soil-notifier\bootloader\xtensa\eri.c.o

Compiling .pioenvs\plant-soil-notifier\bootloader\xtensa\xt_trax.c.o

Compiling .pioenvs\plant-soil-notifier\bootloader\bootloader\subproject\main\bootloader_start.c.o

Compiling .pioenvs\plant-soil-notifier\bootloader\bootloader_support\src\bootloader_common.c.o

Archiving .pioenvs\plant-soil-notifier\esp-idf\mbedtls\mbedtls\library\libmbedtls.a

Compiling .pioenvs\plant-soil-notifier\bootloader\bootloader_support\src\bootloader_common_loader.c.o

Compiling .pioenvs\plant-soil-notifier\bootloader\bootloader_support\src\bootloader_clock_init.c.o

Compiling .pioenvs\plant-soil-notifier\bootloader\bootloader_support\src\bootloader_mem.c.o

Compiling .pioenvs\plant-soil-notifier\bootloader\bootloader_support\src\bootloader_random.c.o

Compiling .pioenvs\plant-soil-notifier\bootloader\bootloader_support\src\bootloader_efuse.c.o

Archiving .pioenvs\plant-soil-notifier\bootloader\esp-idf\xtensa\libxtensa.a

Indexing .pioenvs\plant-soil-notifier\esp-idf\mbedtls\mbedtls\library\libmbedtls.a

Compiling .pioenvs\plant-soil-notifier\bootloader\bootloader_support\src\flash_encrypt.c.o

Archiving .pioenvs\plant-soil-notifier\bootloader\esp-idf\main\libmain.a

Archiving .pioenvs\plant-soil-notifier\esp-idf\mbedtls\mbedtls\3rdparty\p256-m\libp256m.a

Indexing .pioenvs\plant-soil-notifier\bootloader\esp-idf\xtensa\libxtensa.a

Compiling .pioenvs\plant-soil-notifier\bootloader\bootloader_support\src\secure_boot.c.o

Archiving .pioenvs\plant-soil-notifier\esp-idf\mbedtls\mbedtls\library\libmbedx509.a

Compiling .pioenvs\plant-soil-notifier\bootloader\bootloader_support\src\bootloader_random_esp32.c.o

Indexing .pioenvs\plant-soil-notifier\bootloader\esp-idf\main\libmain.a

Compiling .pioenvs\plant-soil-notifier\bootloader\bootloader_support\bootloader_flash\src\bootloader_flash.c.o

Compiling .pioenvs\plant-soil-notifier\bootloader\bootloader_support\bootloader_flash\src\flash_qio_mode.c.o

Indexing .pioenvs\plant-soil-notifier\esp-idf\mbedtls\mbedtls\3rdparty\p256-m\libp256m.a

Compiling .pioenvs\plant-soil-notifier\bootloader\bootloader_support\bootloader_flash\src\bootloader_flash_config_esp32.c.o

Compiling .pioenvs\plant-soil-notifier\bootloader\bootloader_support\src\bootloader_utility.c.o

Compiling .pioenvs\plant-soil-notifier\bootloader\bootloader_support\src\flash_partitions.c.o

Indexing .pioenvs\plant-soil-notifier\esp-idf\mbedtls\mbedtls\library\libmbedx509.a

Compiling .pioenvs\plant-soil-notifier\bootloader\bootloader_support\src\esp_image_format.c.o

Compiling .pioenvs\plant-soil-notifier\bootloader\bootloader_support\src\bootloader_sha.c.o

Compiling .pioenvs\plant-soil-notifier\bootloader\bootloader_support\src\bootloader_init.c.o

Compiling .pioenvs\plant-soil-notifier\bootloader\bootloader_support\src\bootloader_clock_loader.c.o

Compiling .pioenvs\plant-soil-notifier\bootloader\bootloader_support\src\bootloader_console.c.o

Compiling .pioenvs\plant-soil-notifier\bootloader\bootloader_support\src\bootloader_console_loader.c.o

Generating project linker script .pioenvs\plant-soil-notifier\sections.ld

Compiling .pioenvs\plant-soil-notifier\bootloader\bootloader_support\src\esp32\bootloader_soc.c.o

Compiling .pioenvs\plant-soil-notifier\bootloader\bootloader_support\src\esp32\bootloader_esp32.c.o

Compiling .pioenvs\plant-soil-notifier\bootloader\bootloader_support\src\bootloader_panic.c.o

Compiling .pioenvs\plant-soil-notifier\bootloader\efuse\esp32\esp_efuse_table.c.o

Compiling .pioenvs\plant-soil-notifier\bootloader\efuse\esp32\esp_efuse_fields.c.o

Compiling .pioenvs\plant-soil-notifier\bootloader\efuse\esp32\esp_efuse_utility.c.o

Compiling .pioenvs\plant-soil-notifier\bootloader\efuse\src\esp_efuse_api.c.o

Compiling .pioenvs\plant-soil-notifier\bootloader\efuse\src\esp_efuse_fields.c.o

Compiling .pioenvs\plant-soil-notifier\bootloader\efuse\src\esp_efuse_utility.c.o

Compiling .pioenvs\plant-soil-notifier\bootloader\efuse\src\efuse_controller\keys\without_key_purposes\three_key_blocks\esp_efuse_api_key.c.o

Compiling .pioenvs\plant-soil-notifier\bootloader\esp_bootloader_format\esp_bootloader_desc.c.o

Compiling .pioenvs\plant-soil-notifier\bootloader\esp_common\src\esp_err_to_name.c.o

Compiling .pioenvs\plant-soil-notifier\bootloader\esp_hw_support\cpu.c.o

Compiling .pioenvs\plant-soil-notifier\bootloader\esp_hw_support\port\esp32\esp_cpu_intr.c.o

Compiling .pioenvs\plant-soil-notifier\bootloader\esp_hw_support\esp_memory_utils.c.o

Archiving .pioenvs\plant-soil-notifier\bootloader\esp-idf\bootloader_support\libbootloader_support.a

Compiling .pioenvs\plant-soil-notifier\bootloader\esp_hw_support\port\esp32\cpu_region_protect.c.o

Compiling .pioenvs\plant-soil-notifier\bootloader\esp_hw_support\port\esp32\rtc_clk.c.o

Archiving .pioenvs\plant-soil-notifier\bootloader\esp-idf\esp_bootloader_format\libesp_bootloader_format.a

Compiling .pioenvs\plant-soil-notifier\bootloader\esp_hw_support\port\esp32\rtc_clk_init.c.o

Indexing .pioenvs\plant-soil-notifier\bootloader\esp-idf\bootloader_support\libbootloader_support.a

Compiling .pioenvs\plant-soil-notifier\bootloader\esp_hw_support\port\esp32\rtc_init.c.o

Archiving .pioenvs\plant-soil-notifier\bootloader\esp-idf\esp_common\libesp_common.a

Compiling .pioenvs\plant-soil-notifier\bootloader\esp_hw_support\port\esp32\rtc_sleep.c.o

Compiling .pioenvs\plant-soil-notifier\bootloader\esp_hw_support\port\esp32\rtc_time.c.o

Compiling .pioenvs\plant-soil-notifier\bootloader\esp_hw_support\port\esp32\chip_info.c.o

Archiving .pioenvs\plant-soil-notifier\bootloader\esp-idf\efuse\libefuse.a

Indexing .pioenvs\plant-soil-notifier\bootloader\esp-idf\esp_bootloader_format\libesp_bootloader_format.a

Compiling .pioenvs\plant-soil-notifier\bootloader\esp_rom\patches\esp_rom_sys.c.o

Indexing .pioenvs\plant-soil-notifier\bootloader\esp-idf\esp_common\libesp_common.a

Compiling .pioenvs\plant-soil-notifier\bootloader\esp_rom\patches\esp_rom_print.c.o

Indexing .pioenvs\plant-soil-notifier\bootloader\esp-idf\efuse\libefuse.a

Compiling .pioenvs\plant-soil-notifier\bootloader\esp_rom\patches\esp_rom_crc.c.o

Compiling .pioenvs\plant-soil-notifier\bootloader\esp_rom\patches\esp_rom_uart.c.o

Compiling .pioenvs\plant-soil-notifier\bootloader\esp_rom\patches\esp_rom_spiflash.c.o

Compiling .pioenvs\plant-soil-notifier\bootloader\esp_rom\patches\esp_rom_efuse.c.o

Compiling .pioenvs\plant-soil-notifier\bootloader\esp_rom\patches\esp_rom_gpio.c.o

Compiling .pioenvs\plant-soil-notifier\bootloader\esp_rom\patches\esp_rom_longjmp.S.o

Compiling .pioenvs\plant-soil-notifier\bootloader\esp_system\esp_err.c.o

Compiling .pioenvs\plant-soil-notifier\bootloader\hal\hal_utils.c.o

Archiving .pioenvs\plant-soil-notifier\bootloader\esp-idf\esp_hw_support\libesp_hw_support.a

Compiling .pioenvs\plant-soil-notifier\bootloader\hal\mpu_hal.c.o

Compiling .pioenvs\plant-soil-notifier\bootloader\hal\efuse_hal.c.o

Compiling .pioenvs\plant-soil-notifier\bootloader\hal\esp32\efuse_hal.c.o

Indexing .pioenvs\plant-soil-notifier\bootloader\esp-idf\esp_hw_support\libesp_hw_support.a

Compiling .pioenvs\plant-soil-notifier\bootloader\hal\wdt_hal_iram.c.o

Compiling .pioenvs\plant-soil-notifier\bootloader\hal\mmu_hal.c.o

Compiling .pioenvs\plant-soil-notifier\bootloader\hal\esp32\cache_hal_esp32.c.o

Compiling .pioenvs\plant-soil-notifier\bootloader\log\src\noos\log_timestamp.c.o

Archiving .pioenvs\plant-soil-notifier\bootloader\esp-idf\esp_system\libesp_system.a

Compiling .pioenvs\plant-soil-notifier\bootloader\log\src\log_timestamp_common.c.o

Compiling .pioenvs\plant-soil-notifier\bootloader\log\src\noos\log_lock.c.o

Archiving .pioenvs\plant-soil-notifier\bootloader\esp-idf\esp_rom\libesp_rom.a

Compiling .pioenvs\plant-soil-notifier\bootloader\log\src\buffer\log_buffers.c.o

Compiling .pioenvs\plant-soil-notifier\bootloader\log\src\noos\util.c.o

Compiling .pioenvs\plant-soil-notifier\bootloader\log\src\util.c.o

Indexing .pioenvs\plant-soil-notifier\bootloader\esp-idf\esp_system\libesp_system.a

Indexing .pioenvs\plant-soil-notifier\bootloader\esp-idf\esp_rom\libesp_rom.a

Compiling .pioenvs\plant-soil-notifier\bootloader\log\src\log_format_text.c.o

Compiling .pioenvs\plant-soil-notifier\bootloader\log\src\log_print.c.o

Compiling .pioenvs\plant-soil-notifier\bootloader\log\src\log.c.o

Compiling .pioenvs\plant-soil-notifier\bootloader\bootloader\subproject\components\micro-ecc\uECC_verify_antifault.c.o

Archiving .pioenvs\plant-soil-notifier\bootloader\esp-idf\hal\libhal.a

Compiling .pioenvs\plant-soil-notifier\bootloader\soc\lldesc.c.o

Compiling .pioenvs\plant-soil-notifier\bootloader\soc\dport_access_common.c.o

Compiling .pioenvs\plant-soil-notifier\bootloader\soc\esp32\interrupts.c.o

Compiling .pioenvs\plant-soil-notifier\bootloader\soc\esp32\gpio_periph.c.o

Compiling .pioenvs\plant-soil-notifier\bootloader\soc\esp32\uart_periph.c.o

Compiling .pioenvs\plant-soil-notifier\bootloader\soc\esp32\dport_access.c.o

Archiving .pioenvs\plant-soil-notifier\bootloader\esp-idf\log\liblog.a

Compiling .pioenvs\plant-soil-notifier\bootloader\soc\esp32\adc_periph.c.o

Compiling .pioenvs\plant-soil-notifier\bootloader\soc\esp32\emac_periph.c.o

Indexing .pioenvs\plant-soil-notifier\bootloader\esp-idf\hal\libhal.a

Compiling .pioenvs\plant-soil-notifier\bootloader\soc\esp32\spi_periph.c.o

Compiling .pioenvs\plant-soil-notifier\bootloader\soc\esp32\ledc_periph.c.o

Compiling .pioenvs\plant-soil-notifier\bootloader\soc\esp32\pcnt_periph.c.o

Indexing .pioenvs\plant-soil-notifier\bootloader\esp-idf\log\liblog.a

Compiling .pioenvs\plant-soil-notifier\bootloader\soc\esp32\rmt_periph.c.o

Compiling .pioenvs\plant-soil-notifier\bootloader\soc\esp32\sdm_periph.c.o

Compiling .pioenvs\plant-soil-notifier\bootloader\soc\esp32\i2s_periph.c.o

Compiling .pioenvs\plant-soil-notifier\bootloader\soc\esp32\i2c_periph.c.o

Compiling .pioenvs\plant-soil-notifier\bootloader\soc\esp32\timer_periph.c.o

Compiling .pioenvs\plant-soil-notifier\bootloader\soc\esp32\lcd_periph.c.o

Compiling .pioenvs\plant-soil-notifier\bootloader\soc\esp32\mcpwm_periph.c.o

Compiling .pioenvs\plant-soil-notifier\bootloader\soc\esp32\mpi_periph.c.o

Compiling .pioenvs\plant-soil-notifier\bootloader\soc\esp32\sdmmc_periph.c.o

Compiling .pioenvs\plant-soil-notifier\bootloader\soc\esp32\touch_sensor_periph.c.o

Compiling .pioenvs\plant-soil-notifier\bootloader\soc\esp32\twai_periph.c.o

Compiling .pioenvs\plant-soil-notifier\bootloader\soc\esp32\wdt_periph.c.o

Compiling .pioenvs\plant-soil-notifier\bootloader\soc\esp32\dac_periph.c.o

Compiling .pioenvs\plant-soil-notifier\bootloader\soc\esp32\rtc_io_periph.c.o

Compiling .pioenvs\plant-soil-notifier\bootloader\soc\esp32\sdio_slave_periph.c.o

Compiling .pioenvs\plant-soil-notifier\bootloader\soc\esp32\power_supply_periph.c.o

Compiling .pioenvs\plant-soil-notifier\bootloader\spi_flash\spi_flash_wrap.c.o

Generating partitions .pioenvs\plant-soil-notifier\partitions.bin

Archiving .pioenvs\plant-soil-notifier\bootloader\esp-idf\micro-ecc\libmicro-ecc.a

Archiving .pioenvs\plant-soil-notifier\bootloader\esp-idf\soc\libsoc.a

Indexing .pioenvs\plant-soil-notifier\bootloader\esp-idf\micro-ecc\libmicro-ecc.a

Archiving .pioenvs\plant-soil-notifier\bootloader\esp-idf\spi_flash\libspi_flash.a

Indexing .pioenvs\plant-soil-notifier\bootloader\esp-idf\soc\libsoc.a

Indexing .pioenvs\plant-soil-notifier\bootloader\esp-idf\spi_flash\libspi_flash.a

Linking .pioenvs\plant-soil-notifier\bootloader.elf

Building .pioenvs\plant-soil-notifier\bootloader.bin

Creating ESP32 image...

Successfully created ESP32 image.

Linking .pioenvs\plant-soil-notifier\firmware.elf

Firmware metrics can not be shown. Set the terminal codepage to "utf-8"

RAM:   [=         ]  11.6% (used 37924 bytes from 327680 bytes)

Flash: [=====     ]  55.0% (used 1008807 bytes from 1835008 bytes)
Building .pioenvs\plant-soil-notifier\firmware.bin

Creating ESP32 image...

Successfully created ESP32 image.

merge_factory_bin([".pioenvs\plant-soil-notifier\firmware.bin"], [".pioenvs\plant-soil-notifier\firmware.elf"])

Info: bootloader.bin not found - skipping

Info: partition-table.bin not found - skipping

Info: ota_data_initial.bin not found - skipping

Info: plant-soil-notifier.bin not found - skipping

Using FLASH_EXTRA_IMAGES from PlatformIO environment

Merging binaries into C:\esphome-soil\.esphome\build\plant-soil-notifier\.pioenvs\plant-soil-notifier\firmware.factory.bin

Merging binaries with esptool

SHA digest in image updated.

Wrote 0x106640 bytes to file 'C:\esphome-soil\.esphome\build\plant-soil-notifier\.pioenvs\plant-soil-notifier\firmware.factory.bin', ready to flash to offset 0x0.

Successfully created C:\esphome-soil\.esphome\build\plant-soil-notifier\.pioenvs\plant-soil-notifier\firmware.factory.bin

esp32_copy_ota_bin([".pioenvs\plant-soil-notifier\firmware.bin"], [".pioenvs\plant-soil-notifier\firmware.elf"])

Copied firmware to C:\esphome-soil\.esphome\build\plant-soil-notifier\.pioenvs\plant-soil-notifier/firmware.ota.bin

======================== [SUCCESS] Took 342.11 seconds ========================

INFO Successfully compiled program.
INFO Connecting to 192.168.50.164 port 3232...
INFO Connected to 192.168.50.164
INFO Uploading C:\esphome-soil\.esphome\build\plant-soil-notifier\.pioenvs\plant-soil-notifier\firmware.bin (1009216 bytes)

Uploading: [                                                            ] 0% 
Uploading: [=                                                           ] 1% 
Uploading: [=                                                           ] 2% 
Uploading: [==                                                          ] 3% 
Uploading: [==                                                          ] 4% 
Uploading: [===                                                         ] 5% 
Uploading: [====                                                        ] 6% 
Uploading: [====                                                        ] 7% 
Uploading: [=====                                                       ] 8% 
Uploading: [======                                                      ] 9% 
Uploading: [======                                                      ] 10% 
Uploading: [=======                                                     ] 11% 
Uploading: [=======                                                     ] 12% 
Uploading: [========                                                    ] 13% 
Uploading: [=========                                                   ] 14% 
Uploading: [=========                                                   ] 15% 
Uploading: [==========                                                  ] 16% 
Uploading: [==========                                                  ] 17% 
Uploading: [===========                                                 ] 18% 
Uploading: [============                                                ] 19% 
Uploading: [============                                                ] 20% 
Uploading: [=============                                               ] 21% 
Uploading: [==============                                              ] 22% 
Uploading: [==============                                              ] 23% 
Uploading: [===============                                             ] 24% 
Uploading: [===============                                             ] 25% 
Uploading: [================                                            ] 26% 
Uploading: [=================                                           ] 27% 
Uploading: [=================                                           ] 28% 
Uploading: [==================                                          ] 29% 
Uploading: [==================                                          ] 30% 
Uploading: [===================                                         ] 31% 
Uploading: [===================                                         ] 32% 
Uploading: [====================                                        ] 33% 
Uploading: [====================                                        ] 34% 
Uploading: [=====================                                       ] 35% 
Uploading: [======================                                      ] 36% 
Uploading: [======================                                      ] 37% 
Uploading: [=======================                                     ] 38% 
Uploading: [========================                                    ] 39% 
Uploading: [========================                                    ] 40% 
Uploading: [=========================                                   ] 41% 
Uploading: [=========================                                   ] 42% 
Uploading: [==========================                                  ] 43% 
Uploading: [===========================                                 ] 44% 
Uploading: [===========================                                 ] 45% 
Uploading: [============================                                ] 46% 
Uploading: [============================                                ] 47% 
Uploading: [=============================                               ] 48% 
Uploading: [==============================                              ] 49% 
Uploading: [==============================                              ] 50% 
Uploading: [===============================                             ] 51% 
Uploading: [================================                            ] 52% 
Uploading: [================================                            ] 53% 
Uploading: [=================================                           ] 54% 
Uploading: [=================================                           ] 55% 
Uploading: [==================================                          ] 56% 
Uploading: [===================================                         ] 57% 
Uploading: [===================================                         ] 58% 
Uploading: [====================================                        ] 59% 
Uploading: [====================================                        ] 60% 
Uploading: [=====================================                       ] 61% 
Uploading: [======================================                      ] 62% 
Uploading: [======================================                      ] 63% 
Uploading: [======================================                      ] 64% 
Uploading: [=======================================                     ] 65% 
Uploading: [========================================                    ] 66% 
Uploading: [========================================                    ] 67% 
Uploading: [=========================================                   ] 68% 
Uploading: [==========================================                  ] 69% 
Uploading: [==========================================                  ] 70% 
Uploading: [===========================================                 ] 71% 
Uploading: [===========================================                 ] 72% 
Uploading: [============================================                ] 73% 
Uploading: [=============================================               ] 74% 
Uploading: [=============================================               ] 75% 
Uploading: [==============================================              ] 76% 
Uploading: [==============================================              ] 77% 
Uploading: [===============================================             ] 78% 
Uploading: [================================================            ] 79% 
Uploading: [================================================            ] 80% 
Uploading: [=================================================           ] 81% 
Uploading: [==================================================          ] 82% 
Uploading: [==================================================          ] 83% 
Uploading: [===================================================         ] 84% 
Uploading: [===================================================         ] 85% 
Uploading: [====================================================        ] 86% 
Uploading: [=====================================================       ] 87% 
Uploading: [=====================================================       ] 88% 
Uploading: [======================================================      ] 89% 
Uploading: [======================================================      ] 90% 
Uploading: [=======================================================     ] 91% 
Uploading: [========================================================    ] 92% 
Uploading: [========================================================    ] 93% 
Uploading: [========================================================    ] 94% 
Uploading: [=========================================================   ] 95% 
Uploading: [==========================================================  ] 96% 
Uploading: [==========================================================  ] 97% 
Uploading: [=========================================================== ] 98% 
Uploading: [=========================================================== ] 99% 
Uploading: [============================================================] 100% Done...


INFO Upload took 4.52 seconds, waiting for result...
INFO OTA successful
INFO Successfully uploaded program.
