 2.00000000e+01 -1.18109886e+02  2.00000000e+01 -1.18179971e+02  2.00000000e+01 -1.62495325e+00  2.00000000e+01 -1.62508632e+00 
 2.01154974e+01 -1.18009446e+02  2.01154974e+01 -1.18079531e+02  2.01154974e+01 -1.62498730e+00  2.01154974e+01 -1.62512190e+00 
 2.02316618e+01 -1.17909002e+02  2.02316618e+01 -1.17979087e+02  2.02316618e+01 -1.62502174e+00  2.02316618e+01 -1.62515790e+00 
 2.03484970e+01 -1.17808553e+02  2.03484970e+01 -1.17878638e+02  2.03484970e+01 -1.62505658e+00  2.03484970e+01 -1.62519432e+00 
 2.04660069e+01 -1.17708099e+02  2.04660069e+01 -1.17778184e+02  2.04660069e+01 -1.62509182e+00  2.04660069e+01 -1.62523115e+00 
 2.05841955e+01 -1.17607640e+02  2.05841955e+01 -1.17677726e+02  2.05841955e+01 -1.62512747e+00  2.05841955e+01 -1.62526841e+00 
 2.07030665e+01 -1.17507177e+02  2.07030665e+01 -1.17577262e+02  2.07030665e+01 -1.62516353e+00  2.07030665e+01 -1.62530611e+00 
 2.08226240e+01 -1.17406708e+02  2.08226240e+01 -1.17476794e+02  2.08226240e+01 -1.62520001e+00  2.08226240e+01 -1.62534424e+00 
 2.09428720e+01 -1.17306234e+02  2.09428720e+01 -1.17376320e+02  2.09428720e+01 -1.62523692e+00  2.09428720e+01 -1.62538281e+00 
 2.10638143e+01 -1.17205756e+02  2.10638143e+01 -1.17275841e+02  2.10638143e+01 -1.62527425e+00  2.10638143e+01 -1.62542184e+00 
 2.11854551e+01 -1.17105272e+02  2.11854551e+01 -1.17175358e+02  2.11854551e+01 -1.62531202e+00  2.11854551e+01 -1.62546131e+00 
 2.13077984e+01 -1.17004783e+02  2.13077984e+01 -1.17074869e+02  2.13077984e+01 -1.62535022e+00  2.13077984e+01 -1.62550124e+00 
 2.14308482e+01 -1.16904289e+02  2.14308482e+01 -1.16974375e+02  2.14308482e+01 -1.62538886e+00  2.14308482e+01 -1.62554163e+00 
 2.15546085e+01 -1.16803789e+02  2.15546085e+01 -1.16873875e+02  2.15546085e+01 -1.62542796e+00  2.15546085e+01 -1.62558249e+00 
 2.16790836e+01 -1.16703284e+02  2.16790836e+01 -1.16773370e+02  2.16790836e+01 -1.62546750e+00  2.16790836e+01 -1.62562383e+00 
 2.18042775e+01 -1.16602774e+02  2.18042775e+01 -1.16672860e+02  2.18042775e+01 -1.62550751e+00  2.18042775e+01 -1.62566564e+00 
 2.19301943e+01 -1.16502258e+02  2.19301943e+01 -1.16572344e+02  2.19301943e+01 -1.62554798e+00  2.19301943e+01 -1.62570794e+00 
 2.20568384e+01 -1.16401736e+02  2.20568384e+01 -1.16471823e+02  2.20568384e+01 -1.62558892e+00  2.20568384e+01 -1.62575073e+00 
 2.21842137e+01 -1.16301209e+02  2.21842137e+01 -1.16371296e+02  2.21842137e+01 -1.62563033e+00  2.21842137e+01 -1.62579402e+00 
 2.23123247e+01 -1.16200677e+02  2.23123247e+01 -1.16270763e+02  2.23123247e+01 -1.62567222e+00  2.23123247e+01 -1.62583780e+00 
 2.24411755e+01 -1.16100138e+02  2.24411755e+01 -1.16170225e+02  2.24411755e+01 -1.62571460e+00  2.24411755e+01 -1.62588210e+00 
 2.25707703e+01 -1.15999594e+02  2.25707703e+01 -1.16069680e+02  2.25707703e+01 -1.62575747e+00  2.25707703e+01 -1.62592691e+00 
 2.27011136e+01 -1.15899044e+02  2.27011136e+01 -1.15969130e+02  2.27011136e+01 -1.62580084e+00  2.27011136e+01 -1.62597223e+00 
 2.28322096e+01 -1.15798487e+02  2.28322096e+01 -1.15868574e+02  2.28322096e+01 -1.62584471e+00  2.28322096e+01 -1.62601809e+00 
 2.29640626e+01 -1.15697925e+02  2.29640626e+01 -1.15768012e+02  2.29640626e+01 -1.62588908e+00  2.29640626e+01 -1.62606447e+00 
 2.30966771e+01 -1.15597357e+02  2.30966771e+01 -1.15667444e+02  2.30966771e+01 -1.62593398e+00  2.30966771e+01 -1.62611139e+00 
 2.32300574e+01 -1.15496783e+02  2.32300574e+01 -1.15566869e+02  2.32300574e+01 -1.62597939e+00  2.32300574e+01 -1.62615886e+00 
 2.33642080e+01 -1.15396202e+02  2.33642080e+01 -1.15466289e+02  2.33642080e+01 -1.62602533e+00  2.33642080e+01 -1.62620687e+00 
 2.34991333e+01 -1.15295615e+02  2.34991333e+01 -1.15365702e+02  2.34991333e+01 -1.62607180e+00  2.34991333e+01 -1.62625545e+00 
 2.36348377e+01 -1.15195022e+02  2.36348377e+01 -1.15265109e+02  2.36348377e+01 -1.62611881e+00  2.36348377e+01 -1.62630458e+00 
 2.37713258e+01 -1.15094422e+02  2.37713258e+01 -1.15164509e+02  2.37713258e+01 -1.62616637e+00  2.37713258e+01 -1.62635429e+00 
 2.39086021e+01 -1.14993816e+02  2.39086021e+01 -1.15063903e+02  2.39086021e+01 -1.62621447e+00  2.39086021e+01 -1.62640457e+00 
 2.40466712e+01 -1.14893203e+02  2.40466712e+01 -1.14963290e+02  2.40466712e+01 -1.62626314e+00  2.40466712e+01 -1.62645543e+00 
 2.41855376e+01 -1.14792583e+02  2.41855376e+01 -1.14862671e+02  2.41855376e+01 -1.62631237e+00  2.41855376e+01 -1.62650689e+00 
 2.43252059e+01 -1.14691957e+02  2.43252059e+01 -1.14762045e+02  2.43252059e+01 -1.62636217e+00  2.43252059e+01 -1.62655894e+00 
 2.44656809e+01 -1.14591324e+02  2.44656809e+01 -1.14661412e+02  2.44656809e+01 -1.62641255e+00  2.44656809e+01 -1.62661159e+00 
 2.46069670e+01 -1.14490684e+02  2.46069670e+01 -1.14560772e+02  2.46069670e+01 -1.62646351e+00  2.46069670e+01 -1.62666485e+00 
 2.47490690e+01 -1.14390037e+02  2.47490690e+01 -1.14460125e+02  2.47490690e+01 -1.62651506e+00  2.47490690e+01 -1.62671873e+00 
 2.48919917e+01 -1.14289383e+02  2.48919917e+01 -1.14359471e+02  2.48919917e+01 -1.62656721e+00  2.48919917e+01 -1.62677324e+00 
 2.50357397e+01 -1.14188722e+02  2.50357397e+01 -1.14258810e+02  2.50357397e+01 -1.62661996e+00  2.50357397e+01 -1.62682838e+00 
 2.51803178e+01 -1.14088054e+02  2.51803178e+01 -1.14158142e+02  2.51803178e+01 -1.62667333e+00  2.51803178e+01 -1.62688416e+00 
 2.53257309e+01 -1.13987378e+02  2.53257309e+01 -1.14057467e+02  2.53257309e+01 -1.62672732e+00  2.53257309e+01 -1.62694058e+00 
 2.54719837e+01 -1.13886695e+02  2.54719837e+01 -1.13956784e+02  2.54719837e+01 -1.62678193e+00  2.54719837e+01 -1.62699766e+00 
 2.56190811e+01 -1.13786005e+02  2.56190811e+01 -1.13856093e+02  2.56190811e+01 -1.62683717e+00  2.56190811e+01 -1.62705540e+00 
 2.57670280e+01 -1.13685307e+02  2.57670280e+01 -1.13755396e+02  2.57670280e+01 -1.62689306e+00  2.57670280e+01 -1.62711381e+00 
 2.59158292e+01 -1.13584601e+02  2.59158292e+01 -1.13654690e+02  2.59158292e+01 -1.62694959e+00  2.59158292e+01 -1.62717289e+00 
 2.60654898e+01 -1.13483888e+02  2.60654898e+01 -1.13553977e+02  2.60654898e+01 -1.62700678e+00  2.60654898e+01 -1.62723267e+00 
 2.62160146e+01 -1.13383167e+02  2.62160146e+01 -1.13453256e+02  2.62160146e+01 -1.62706463e+00  2.62160146e+01 -1.62729313e+00 
 2.63674086e+01 -1.13282438e+02  2.63674086e+01 -1.13352527e+02  2.63674086e+01 -1.62712315e+00  2.63674086e+01 -1.62735430e+00 
 2.65196770e+01 -1.13181701e+02  2.65196770e+01 -1.13251790e+02  2.65196770e+01 -1.62718235e+00  2.65196770e+01 -1.62741617e+00 
 2.66728247e+01 -1.13080956e+02  2.66728247e+01 -1.13151046e+02  2.66728247e+01 -1.62724224e+00  2.66728247e+01 -1.62747876e+00 
 2.68268568e+01 -1.12980203e+02  2.68268568e+01 -1.13050293e+02  2.68268568e+01 -1.62730282e+00  2.68268568e+01 -1.62754208e+00 
 2.69817784e+01 -1.12879442e+02  2.69817784e+01 -1.12949531e+02  2.69817784e+01 -1.62736411e+00  2.69817784e+01 -1.62760613e+00 
 2.71375947e+01 -1.12778672e+02  2.71375947e+01 -1.12848762e+02  2.71375947e+01 -1.62742610e+00  2.71375947e+01 -1.62767093e+00 
 2.72943108e+01 -1.12677894e+02  2.72943108e+01 -1.12747984e+02  2.72943108e+01 -1.62748882e+00  2.72943108e+01 -1.62773647e+00 
 2.74519319e+01 -1.12577107e+02  2.74519319e+01 -1.12647197e+02  2.74519319e+01 -1.62755226e+00  2.74519319e+01 -1.62780278e+00 
 2.76104632e+01 -1.12476312e+02  2.76104632e+01 -1.12546402e+02  2.76104632e+01 -1.62761644e+00  2.76104632e+01 -1.62786985e+00 
 2.77699100e+01 -1.12375508e+02  2.77699100e+01 -1.12445598e+02  2.77699100e+01 -1.62768136e+00  2.77699100e+01 -1.62793770e+00 
 2.79302777e+01 -1.12274695e+02  2.79302777e+01 -1.12344785e+02  2.79302777e+01 -1.62774703e+00  2.79302777e+01 -1.62800634e+00 
 2.80915714e+01 -1.12173873e+02  2.80915714e+01 -1.12243964e+02  2.80915714e+01 -1.62781347e+00  2.80915714e+01 -1.62807578e+00 
 2.82537966e+01 -1.12073043e+02  2.82537966e+01 -1.12143133e+02  2.82537966e+01 -1.62788067e+00  2.82537966e+01 -1.62814602e+00 
 2.84169586e+01 -1.11972203e+02  2.84169586e+01 -1.12042294e+02  2.84169586e+01 -1.62794866e+00  2.84169586e+01 -1.62821707e+00 
 2.85810628e+01 -1.11871354e+02  2.85810628e+01 -1.11941445e+02  2.85810628e+01 -1.62801744e+00  2.85810628e+01 -1.62828895e+00 
 2.87461147e+01 -1.11770495e+02  2.87461147e+01 -1.11840586e+02  2.87461147e+01 -1.62808701e+00  2.87461147e+01 -1.62836167e+00 
 2.89121198e+01 -1.11669627e+02  2.89121198e+01 -1.11739719e+02  2.89121198e+01 -1.62815739e+00  2.89121198e+01 -1.62843522e+00 
 2.90790835e+01 -1.11568750e+02  2.90790835e+01 -1.11638841e+02  2.90790835e+01 -1.62822858e+00  2.90790835e+01 -1.62850963e+00 
 2.92470115e+01 -1.11467863e+02  2.92470115e+01 -1.11537955e+02  2.92470115e+01 -1.62830061e+00  2.92470115e+01 -1.62858490e+00 
 2.94159092e+01 -1.11366966e+02  2.94159092e+01 -1.11437058e+02  2.94159092e+01 -1.62837346e+00  2.94159092e+01 -1.62866105e+00 
 2.95857822e+01 -1.11266060e+02  2.95857822e+01 -1.11336151e+02  2.95857822e+01 -1.62844716e+00  2.95857822e+01 -1.62873807e+00 
 2.97566363e+01 -1.11165143e+02  2.97566363e+01 -1.11235235e+02  2.97566363e+01 -1.62852172e+00  2.97566363e+01 -1.62881599e+00 
 2.99284770e+01 -1.11064217e+02  2.99284770e+01 -1.11134309e+02  2.99284770e+01 -1.62859714e+00  2.99284770e+01 -1.62889482e+00 
 3.01013100e+01 -1.10963280e+02  3.01013100e+01 -1.11033372e+02  3.01013100e+01 -1.62867344e+00  3.01013100e+01 -1.62897456e+00 
 3.02751412e+01 -1.10862333e+02  3.02751412e+01 -1.10932425e+02  3.02751412e+01 -1.62875062e+00  3.02751412e+01 -1.62905522e+00 
 3.04499762e+01 -1.10761375e+02  3.04499762e+01 -1.10831467e+02  3.04499762e+01 -1.62882870e+00  3.04499762e+01 -1.62913682e+00 
 3.06258209e+01 -1.10660407e+02  3.06258209e+01 -1.10730500e+02  3.06258209e+01 -1.62890768e+00  3.06258209e+01 -1.62921936e+00 
 3.08026810e+01 -1.10559428e+02  3.08026810e+01 -1.10629521e+02  3.08026810e+01 -1.62898758e+00  3.08026810e+01 -1.62930287e+00 
 3.09805625e+01 -1.10458439e+02  3.09805625e+01 -1.10528532e+02  3.09805625e+01 -1.62906841e+00  3.09805625e+01 -1.62938734e+00 
 3.11594712e+01 -1.10357438e+02  3.11594712e+01 -1.10427531e+02  3.11594712e+01 -1.62915017e+00  3.11594712e+01 -1.62947279e+00 
 3.13394131e+01 -1.10256427e+02  3.13394131e+01 -1.10326520e+02  3.13394131e+01 -1.62923288e+00  3.13394131e+01 -1.62955923e+00 
 3.15203941e+01 -1.10155404e+02  3.15203941e+01 -1.10225498e+02  3.15203941e+01 -1.62931656e+00  3.15203941e+01 -1.62964667e+00 
 3.17024203e+01 -1.10054370e+02  3.17024203e+01 -1.10124464e+02  3.17024203e+01 -1.62940120e+00  3.17024203e+01 -1.62973513e+00 
 3.18854977e+01 -1.09953325e+02  3.18854977e+01 -1.10023419e+02  3.18854977e+01 -1.62948682e+00  3.18854977e+01 -1.62982462e+00 
 3.20696323e+01 -1.09852269e+02  3.20696323e+01 -1.09922362e+02  3.20696323e+01 -1.62957344e+00  3.20696323e+01 -1.62991514e+00 
 3.22548302e+01 -1.09751200e+02  3.22548302e+01 -1.09821294e+02  3.22548302e+01 -1.62966106e+00  3.22548302e+01 -1.63000671e+00 
 3.24410977e+01 -1.09650120e+02  3.24410977e+01 -1.09720214e+02  3.24410977e+01 -1.62974970e+00  3.24410977e+01 -1.63009935e+00 
 3.26284408e+01 -1.09549028e+02  3.26284408e+01 -1.09619122e+02  3.26284408e+01 -1.62983937e+00  3.26284408e+01 -1.63019306e+00 
 3.28168658e+01 -1.09447924e+02  3.28168658e+01 -1.09518019e+02  3.28168658e+01 -1.62993008e+00  3.28168658e+01 -1.63028785e+00 
 3.30063790e+01 -1.09346808e+02  3.30063790e+01 -1.09416903e+02  3.30063790e+01 -1.63002184e+00  3.30063790e+01 -1.63038375e+00 
 3.31969865e+01 -1.09245679e+02  3.31969865e+01 -1.09315774e+02  3.31969865e+01 -1.63011467e+00  3.31969865e+01 -1.63048076e+00 
 3.33886948e+01 -1.09144538e+02  3.33886948e+01 -1.09214633e+02  3.33886948e+01 -1.63020857e+00  3.33886948e+01 -1.63057889e+00 
 3.35815102e+01 -1.09043385e+02  3.35815102e+01 -1.09113480e+02  3.35815102e+01 -1.63030356e+00  3.35815102e+01 -1.63067816e+00 
 3.37754390e+01 -1.08942219e+02  3.37754390e+01 -1.09012314e+02  3.37754390e+01 -1.63039966e+00  3.37754390e+01 -1.63077859e+00 
 3.39704878e+01 -1.08841039e+02  3.39704878e+01 -1.08911135e+02  3.39704878e+01 -1.63049687e+00  3.39704878e+01 -1.63088018e+00 
 3.41666630e+01 -1.08739847e+02  3.41666630e+01 -1.08809943e+02  3.41666630e+01 -1.63059521e+00  3.41666630e+01 -1.63098295e+00 
 3.43639710e+01 -1.08638642e+02  3.43639710e+01 -1.08708738e+02  3.43639710e+01 -1.63069469e+00  3.43639710e+01 -1.63108691e+00 
 3.45624185e+01 -1.08537424e+02  3.45624185e+01 -1.08607520e+02  3.45624185e+01 -1.63079532e+00  3.45624185e+01 -1.63119207e+00 
 3.47620119e+01 -1.08436192e+02  3.47620119e+01 -1.08506288e+02  3.47620119e+01 -1.63089713e+00  3.47620119e+01 -1.63129846e+00 
 3.49627580e+01 -1.08334946e+02  3.49627580e+01 -1.08405043e+02  3.49627580e+01 -1.63100011e+00  3.49627580e+01 -1.63140608e+00 
 3.51646634e+01 -1.08233687e+02  3.51646634e+01 -1.08303784e+02  3.51646634e+01 -1.63110429e+00  3.51646634e+01 -1.63151495e+00 
 3.53677348e+01 -1.08132414e+02  3.53677348e+01 -1.08202511e+02  3.53677348e+01 -1.63120968e+00  3.53677348e+01 -1.63162508e+00 
 3.55719789e+01 -1.08031126e+02  3.55719789e+01 -1.08101224e+02  3.55719789e+01 -1.63131629e+00  3.55719789e+01 -1.63173649e+00 
 3.57774024e+01 -1.07929825e+02  3.57774024e+01 -1.07999923e+02  3.57774024e+01 -1.63142414e+00  3.57774024e+01 -1.63184920e+00 
 3.59840123e+01 -1.07828509e+02  3.59840123e+01 -1.07898607e+02  3.59840123e+01 -1.63153324e+00  3.59840123e+01 -1.63196321e+00 
 3.61918153e+01 -1.07727179e+02  3.61918153e+01 -1.07797277e+02  3.61918153e+01 -1.63164360e+00  3.61918153e+01 -1.63207854e+00 
 3.64008183e+01 -1.07625834e+02  3.64008183e+01 -1.07695932e+02  3.64008183e+01 -1.63175525e+00  3.64008183e+01 -1.63219521e+00 
 3.66110283e+01 -1.07524475e+02  3.66110283e+01 -1.07594573e+02  3.66110283e+01 -1.63186820e+00  3.66110283e+01 -1.63231324e+00 
 3.68224522e+01 -1.07423100e+02  3.68224522e+01 -1.07493198e+02  3.68224522e+01 -1.63198245e+00  3.68224522e+01 -1.63243264e+00 
 3.70350971e+01 -1.07321710e+02  3.70350971e+01 -1.07391809e+02  3.70350971e+01 -1.63209803e+00  3.70350971e+01 -1.63255342e+00 
 3.72489700e+01 -1.07220305e+02  3.72489700e+01 -1.07290404e+02  3.72489700e+01 -1.63221496e+00  3.72489700e+01 -1.63267560e+00 
 3.74640779e+01 -1.07118884e+02  3.74640779e+01 -1.07188983e+02  3.74640779e+01 -1.63233324e+00  3.74640779e+01 -1.63279920e+00 
 3.76804281e+01 -1.07017448e+02  3.76804281e+01 -1.07087547e+02  3.76804281e+01 -1.63245289e+00  3.76804281e+01 -1.63292424e+00 
 3.78980277e+01 -1.06915996e+02  3.78980277e+01 -1.06986095e+02  3.78980277e+01 -1.63257393e+00  3.78980277e+01 -1.63305072e+00 
 3.81168839e+01 -1.06814527e+02  3.81168839e+01 -1.06884627e+02  3.81168839e+01 -1.63269638e+00  3.81168839e+01 -1.63317868e+00 
 3.83370039e+01 -1.06713043e+02  3.83370039e+01 -1.06783143e+02  3.83370039e+01 -1.63282025e+00  3.83370039e+01 -1.63330812e+00 
 3.85583952e+01 -1.06611542e+02  3.85583952e+01 -1.06681643e+02  3.85583952e+01 -1.63294556e+00  3.85583952e+01 -1.63343906e+00 
 3.87810649e+01 -1.06510025e+02  3.87810649e+01 -1.06580126e+02  3.87810649e+01 -1.63307232e+00  3.87810649e+01 -1.63357152e+00 
 3.90050205e+01 -1.06408491e+02  3.90050205e+01 -1.06478592e+02  3.90050205e+01 -1.63320056e+00  3.90050205e+01 -1.63370552e+00 
 3.92302694e+01 -1.06306941e+02  3.92302694e+01 -1.06377042e+02  3.92302694e+01 -1.63333028e+00  3.92302694e+01 -1.63384108e+00 
 3.94568191e+01 -1.06205373e+02  3.94568191e+01 -1.06275474e+02  3.94568191e+01 -1.63346151e+00  3.94568191e+01 -1.63397821e+00 
 3.96846771e+01 -1.06103787e+02  3.96846771e+01 -1.06173889e+02  3.96846771e+01 -1.63359427e+00  3.96846771e+01 -1.63411693e+00 
 3.99138510e+01 -1.06002185e+02  3.99138510e+01 -1.06072287e+02  3.99138510e+01 -1.63372856e+00  3.99138510e+01 -1.63425726e+00 
 4.01443483e+01 -1.05900565e+02  4.01443483e+01 -1.05970667e+02  4.01443483e+01 -1.63386442e+00  4.01443483e+01 -1.63439922e+00 
 4.03761767e+01 -1.05798927e+02  4.03761767e+01 -1.05869029e+02  4.03761767e+01 -1.63400185e+00  4.03761767e+01 -1.63454282e+00 
 4.06093439e+01 -1.05697270e+02  4.06093439e+01 -1.05767373e+02  4.06093439e+01 -1.63414088e+00  4.06093439e+01 -1.63468810e+00 
 4.08438575e+01 -1.05595596e+02  4.08438575e+01 -1.05665699e+02  4.08438575e+01 -1.63428153e+00  4.08438575e+01 -1.63483506e+00 
 4.10797255e+01 -1.05493903e+02  4.10797255e+01 -1.05564007e+02  4.10797255e+01 -1.63442380e+00  4.10797255e+01 -1.63498373e+00 
 4.13169556e+01 -1.05392192e+02  4.13169556e+01 -1.05462295e+02  4.13169556e+01 -1.63456773e+00  4.13169556e+01 -1.63513412e+00 
 4.15555556e+01 -1.05290462e+02  4.15555556e+01 -1.05360566e+02  4.15555556e+01 -1.63471334e+00  4.15555556e+01 -1.63528626e+00 
 4.17955336e+01 -1.05188713e+02  4.17955336e+01 -1.05258817e+02  4.17955336e+01 -1.63486063e+00  4.17955336e+01 -1.63544017e+00 
 4.20368974e+01 -1.05086944e+02  4.20368974e+01 -1.05157048e+02  4.20368974e+01 -1.63500963e+00  4.20368974e+01 -1.63559586e+00 
 4.22796550e+01 -1.04985156e+02  4.22796550e+01 -1.05055261e+02  4.22796550e+01 -1.63516037e+00  4.22796550e+01 -1.63575336e+00 
 4.25238145e+01 -1.04883349e+02  4.25238145e+01 -1.04953454e+02  4.25238145e+01 -1.63531286e+00  4.25238145e+01 -1.63591269e+00 
 4.27693840e+01 -1.04781521e+02  4.27693840e+01 -1.04851627e+02  4.27693840e+01 -1.63546711e+00  4.27693840e+01 -1.63607387e+00 
 4.30163716e+01 -1.04679674e+02  4.30163716e+01 -1.04749779e+02  4.30163716e+01 -1.63562316e+00  4.30163716e+01 -1.63623692e+00 
 4.32647856e+01 -1.04577806e+02  4.32647856e+01 -1.04647912e+02  4.32647856e+01 -1.63578103e+00  4.32647856e+01 -1.63640187e+00 
 4.35146341e+01 -1.04475918e+02  4.35146341e+01 -1.04546024e+02  4.35146341e+01 -1.63594072e+00  4.35146341e+01 -1.63656873e+00 
 4.37659255e+01 -1.04374009e+02  4.37659255e+01 -1.04444115e+02  4.37659255e+01 -1.63610228e+00  4.37659255e+01 -1.63673753e+00 
 4.40186680e+01 -1.04272079e+02  4.40186680e+01 -1.04342186e+02  4.40186680e+01 -1.63626571e+00  4.40186680e+01 -1.63690829e+00 
 4.42728701e+01 -1.04170128e+02  4.42728701e+01 -1.04240235e+02  4.42728701e+01 -1.63643103e+00  4.42728701e+01 -1.63708103e+00 
 4.45285402e+01 -1.04068155e+02  4.45285402e+01 -1.04138263e+02  4.45285402e+01 -1.63659828e+00  4.45285402e+01 -1.63725578e+00 
 4.47856867e+01 -1.03966161e+02  4.47856867e+01 -1.04036269e+02  4.47856867e+01 -1.63676748e+00  4.47856867e+01 -1.63743255e+00 
 4.50443182e+01 -1.03864145e+02  4.50443182e+01 -1.03934253e+02  4.50443182e+01 -1.63693864e+00  4.50443182e+01 -1.63761139e+00 
 4.53044433e+01 -1.03762107e+02  4.53044433e+01 -1.03832215e+02  4.53044433e+01 -1.63711179e+00  4.53044433e+01 -1.63779229e+00 
 4.55660706e+01 -1.03660046e+02  4.55660706e+01 -1.03730155e+02  4.55660706e+01 -1.63728695e+00  4.55660706e+01 -1.63797530e+00 
 4.58292087e+01 -1.03557963e+02  4.58292087e+01 -1.03628072e+02  4.58292087e+01 -1.63746414e+00  4.58292087e+01 -1.63816044e+00 
 4.60938664e+01 -1.03455858e+02  4.60938664e+01 -1.03525967e+02  4.60938664e+01 -1.63764340e+00  4.60938664e+01 -1.63834773e+00 
 4.63600525e+01 -1.03353729e+02  4.63600525e+01 -1.03423838e+02  4.63600525e+01 -1.63782474e+00  4.63600525e+01 -1.63853719e+00 
 4.66277758e+01 -1.03251576e+02  4.66277758e+01 -1.03321687e+02  4.66277758e+01 -1.63800819e+00  4.66277758e+01 -1.63872885e+00 
 4.68970452e+01 -1.03149401e+02  4.68970452e+01 -1.03219511e+02  4.68970452e+01 -1.63819377e+00  4.68970452e+01 -1.63892274e+00 
 4.71678695e+01 -1.03047201e+02  4.71678695e+01 -1.03117312e+02  4.71678695e+01 -1.63838150e+00  4.71678695e+01 -1.63911888e+00 
 4.74402578e+01 -1.02944978e+02  4.74402578e+01 -1.03015089e+02  4.74402578e+01 -1.63857142e+00  4.74402578e+01 -1.63931731e+00 
 4.77142191e+01 -1.02842730e+02  4.77142191e+01 -1.02912841e+02  4.77142191e+01 -1.63876355e+00  4.77142191e+01 -1.63951803e+00 
 4.79897626e+01 -1.02740457e+02  4.79897626e+01 -1.02810569e+02  4.79897626e+01 -1.63895791e+00  4.79897626e+01 -1.63972109e+00 
 4.82668972e+01 -1.02638160e+02  4.82668972e+01 -1.02708272e+02  4.82668972e+01 -1.63915453e+00  4.82668972e+01 -1.63992651e+00 
 4.85456323e+01 -1.02535838e+02  4.85456323e+01 -1.02605950e+02  4.85456323e+01 -1.63935344e+00  4.85456323e+01 -1.64013432e+00 
 4.88259770e+01 -1.02433490e+02  4.88259770e+01 -1.02503603e+02  4.88259770e+01 -1.63955466e+00  4.88259770e+01 -1.64034454e+00 
 4.91079407e+01 -1.02331117e+02  4.91079407e+01 -1.02401230e+02  4.91079407e+01 -1.63975822e+00  4.91079407e+01 -1.64055720e+00 
 4.93915326e+01 -1.02228717e+02  4.93915326e+01 -1.02298831e+02  4.93915326e+01 -1.63996414e+00  4.93915326e+01 -1.64077234e+00 
 4.96767623e+01 -1.02126292e+02  4.96767623e+01 -1.02196406e+02  4.96767623e+01 -1.64017246e+00  4.96767623e+01 -1.64098997e+00 
 4.99636392e+01 -1.02023840e+02  4.99636392e+01 -1.02093955e+02  4.99636392e+01 -1.64038321e+00  4.99636392e+01 -1.64121014e+00 
 5.02521727e+01 -1.01921362e+02  5.02521727e+01 -1.01991477e+02  5.02521727e+01 -1.64059640e+00  5.02521727e+01 -1.64143286e+00 
 5.05423725e+01 -1.01818856e+02  5.05423725e+01 -1.01888972e+02  5.05423725e+01 -1.64081208e+00  5.05423725e+01 -1.64165817e+00 
 5.08342481e+01 -1.01716323e+02  5.08342481e+01 -1.01786439e+02  5.08342481e+01 -1.64103026e+00  5.08342481e+01 -1.64188611e+00 
 5.11278093e+01 -1.01613763e+02  5.11278093e+01 -1.01683879e+02  5.11278093e+01 -1.64125098e+00  5.11278093e+01 -1.64211669e+00 
 5.14230657e+01 -1.01511175e+02  5.14230657e+01 -1.01581292e+02  5.14230657e+01 -1.64147427e+00  5.14230657e+01 -1.64234995e+00 
 5.17200273e+01 -1.01408559e+02  5.17200273e+01 -1.01478676e+02  5.17200273e+01 -1.64170016e+00  5.17200273e+01 -1.64258592e+00 
 5.20187037e+01 -1.01305914e+02  5.20187037e+01 -1.01376031e+02  5.20187037e+01 -1.64192867e+00  5.20187037e+01 -1.64282464e+00 
 5.23191050e+01 -1.01203240e+02  5.23191050e+01 -1.01273358e+02  5.23191050e+01 -1.64215984e+00  5.23191050e+01 -1.64306613e+00 
 5.26212410e+01 -1.01100538e+02  5.26212410e+01 -1.01170656e+02  5.26212410e+01 -1.64239370e+00  5.26212410e+01 -1.64331043e+00 
 5.29251218e+01 -1.00997806e+02  5.29251218e+01 -1.01067925e+02  5.29251218e+01 -1.64263029e+00  5.29251218e+01 -1.64355757e+00 
 5.32307575e+01 -1.00895045e+02  5.32307575e+01 -1.00965164e+02  5.32307575e+01 -1.64286962e+00  5.32307575e+01 -1.64380759e+00 
 5.35381582e+01 -1.00792253e+02  5.35381582e+01 -1.00862373e+02  5.35381582e+01 -1.64311174e+00  5.35381582e+01 -1.64406051e+00 
 5.38473341e+01 -1.00689432e+02  5.38473341e+01 -1.00759552e+02  5.38473341e+01 -1.64335668e+00  5.38473341e+01 -1.64431637e+00 
 5.41582955e+01 -1.00586579e+02  5.41582955e+01 -1.00656700e+02  5.41582955e+01 -1.64360447e+00  5.41582955e+01 -1.64457521e+00 
 5.44710526e+01 -1.00483696e+02  5.44710526e+01 -1.00553818e+02  5.44710526e+01 -1.64385514e+00  5.44710526e+01 -1.64483706e+00 
 5.47856159e+01 -1.00380782e+02  5.47856159e+01 -1.00450904e+02  5.47856159e+01 -1.64410873e+00  5.47856159e+01 -1.64510196e+00 
 5.51019957e+01 -1.00277836e+02  5.51019957e+01 -1.00347959e+02  5.51019957e+01 -1.64436527e+00  5.51019957e+01 -1.64536993e+00 
 5.54202026e+01 -1.00174859e+02  5.54202026e+01 -1.00244982e+02  5.54202026e+01 -1.64462480e+00  5.54202026e+01 -1.64564102e+00 
 5.57402470e+01 -1.00071849e+02  5.57402470e+01 -1.00141972e+02  5.57402470e+01 -1.64488735e+00  5.57402470e+01 -1.64591527e+00 
 5.60621397e+01 -9.99688066e+01  5.60621397e+01 -1.00038931e+02  5.60621397e+01 -1.64515295e+00  5.60621397e+01 -1.64619270e+00 
 5.63858913e+01 -9.98657315e+01  5.63858913e+01 -9.99358560e+01  5.63858913e+01 -1.64542165e+00  5.63858913e+01 -1.64647337e+00 
 5.67115125e+01 -9.97626233e+01  5.67115125e+01 -9.98327483e+01  5.67115125e+01 -1.64569348e+00  5.67115125e+01 -1.64675730e+00 
 5.70390141e+01 -9.96594816e+01  5.70390141e+01 -9.97296071e+01  5.70390141e+01 -1.64596847e+00  5.70390141e+01 -1.64704453e+00 
 5.73684070e+01 -9.95563060e+01  5.73684070e+01 -9.96264320e+01  5.73684070e+01 -1.64624666e+00  5.73684070e+01 -1.64733510e+00 
 5.76997021e+01 -9.94530962e+01  5.76997021e+01 -9.95232228e+01  5.76997021e+01 -1.64652809e+00  5.76997021e+01 -1.64762905e+00 
 5.80329104e+01 -9.93498520e+01  5.80329104e+01 -9.94199791e+01  5.80329104e+01 -1.64681280e+00  5.80329104e+01 -1.64792643e+00 
 5.83680429e+01 -9.92465728e+01  5.83680429e+01 -9.93167005e+01  5.83680429e+01 -1.64710083e+00  5.83680429e+01 -1.64822727e+00 
 5.87051108e+01 -9.91432584e+01  5.87051108e+01 -9.92133866e+01  5.87051108e+01 -1.64739221e+00  5.87051108e+01 -1.64853160e+00 
 5.90441251e+01 -9.90399084e+01  5.90441251e+01 -9.91100372e+01  5.90441251e+01 -1.64768698e+00  5.90441251e+01 -1.64883948e+00 
 5.93850973e+01 -9.89365225e+01  5.93850973e+01 -9.90066519e+01  5.93850973e+01 -1.64798519e+00  5.93850973e+01 -1.64915094e+00 
 5.97280385e+01 -9.88331002e+01  5.97280385e+01 -9.89032302e+01  5.97280385e+01 -1.64828687e+00  5.97280385e+01 -1.64946603e+00 
 6.00729602e+01 -9.87296413e+01  6.00729602e+01 -9.87997719e+01  6.00729602e+01 -1.64859207e+00  6.00729602e+01 -1.64978478e+00 
 6.04198737e+01 -9.86261454e+01  6.04198737e+01 -9.86962765e+01  6.04198737e+01 -1.64890082e+00  6.04198737e+01 -1.65010725e+00 
 6.07687906e+01 -9.85226120e+01  6.07687906e+01 -9.85927437e+01  6.07687906e+01 -1.64921317e+00  6.07687906e+01 -1.65043347e+00 
 6.11197225e+01 -9.84190408e+01  6.11197225e+01 -9.84891732e+01  6.11197225e+01 -1.64952916e+00  6.11197225e+01 -1.65076348e+00 
 6.14726810e+01 -9.83154315e+01  6.14726810e+01 -9.83855645e+01  6.14726810e+01 -1.64984883e+00  6.14726810e+01 -1.65109734e+00 
 6.18276777e+01 -9.82117836e+01  6.18276777e+01 -9.82819172e+01  6.18276777e+01 -1.65017222e+00  6.18276777e+01 -1.65143509e+00 
 6.21847245e+01 -9.81080968e+01  6.21847245e+01 -9.81782310e+01  6.21847245e+01 -1.65049939e+00  6.21847245e+01 -1.65177677e+00 
 6.25438332e+01 -9.80043707e+01  6.25438332e+01 -9.80745055e+01  6.25438332e+01 -1.65083037e+00  6.25438332e+01 -1.65212242e+00 
 6.29050157e+01 -9.79006048e+01  6.29050157e+01 -9.79707403e+01  6.29050157e+01 -1.65116521e+00  6.29050157e+01 -1.65247211e+00 
 6.32682840e+01 -9.77967989e+01  6.32682840e+01 -9.78669350e+01  6.32682840e+01 -1.65150395e+00  6.32682840e+01 -1.65282586e+00 
 6.36336501e+01 -9.76929524e+01  6.36336501e+01 -9.77630893e+01  6.36336501e+01 -1.65184664e+00  6.36336501e+01 -1.65318374e+00 
 6.40011262e+01 -9.75890651e+01  6.40011262e+01 -9.76592026e+01  6.40011262e+01 -1.65219332e+00  6.40011262e+01 -1.65354578e+00 
 6.43707244e+01 -9.74851365e+01  6.43707244e+01 -9.75552746e+01  6.43707244e+01 -1.65254405e+00  6.43707244e+01 -1.65391204e+00 
 6.47424570e+01 -9.73811661e+01  6.47424570e+01 -9.74513050e+01  6.47424570e+01 -1.65289886e+00  6.47424570e+01 -1.65428257e+00 
 6.51163362e+01 -9.72771537e+01  6.51163362e+01 -9.73472932e+01  6.51163362e+01 -1.65325782e+00  6.51163362e+01 -1.65465741e+00 
 6.54923746e+01 -9.71730987e+01  6.54923746e+01 -9.72432389e+01  6.54923746e+01 -1.65362096e+00  6.54923746e+01 -1.65503662e+00 
 6.58705846e+01 -9.70690007e+01  6.58705846e+01 -9.71391417e+01  6.58705846e+01 -1.65398834e+00  6.58705846e+01 -1.65542025e+00 
 6.62509787e+01 -9.69648594e+01  6.62509787e+01 -9.70350011e+01  6.62509787e+01 -1.65436000e+00  6.62509787e+01 -1.65580835e+00 
 6.66335694e+01 -9.68606744e+01  6.66335694e+01 -9.69308167e+01  6.66335694e+01 -1.65473599e+00  6.66335694e+01 -1.65620097e+00 
 6.70183697e+01 -9.67564451e+01  6.70183697e+01 -9.68265882e+01  6.70183697e+01 -1.65511638e+00  6.70183697e+01 -1.65659817e+00 
 6.74053920e+01 -9.66521711e+01  6.74053920e+01 -9.67223150e+01  6.74053920e+01 -1.65550120e+00  6.74053920e+01 -1.65700000e+00 
 6.77946494e+01 -9.65478521e+01  6.77946494e+01 -9.66179967e+01  6.77946494e+01 -1.65589051e+00  6.77946494e+01 -1.65740651e+00 
 6.81861547e+01 -9.64434876e+01  6.81861547e+01 -9.65136330e+01  6.81861547e+01 -1.65628436e+00  6.81861547e+01 -1.65781776e+00 
 6.85799209e+01 -9.63390772e+01  6.85799209e+01 -9.64092233e+01  6.85799209e+01 -1.65668281e+00  6.85799209e+01 -1.65823380e+00 
 6.89759610e+01 -9.62346203e+01  6.89759610e+01 -9.63047672e+01  6.89759610e+01 -1.65708591e+00  6.89759610e+01 -1.65865469e+00 
 6.93742882e+01 -9.61301166e+01  6.93742882e+01 -9.62002643e+01  6.93742882e+01 -1.65749372e+00  6.93742882e+01 -1.65908049e+00 
 6.97749157e+01 -9.60255657e+01  6.97749157e+01 -9.60957142e+01  6.97749157e+01 -1.65790628e+00  6.97749157e+01 -1.65951125e+00 
 7.01778568e+01 -9.59209670e+01  7.01778568e+01 -9.59911163e+01  7.01778568e+01 -1.65832367e+00  7.01778568e+01 -1.65994704e+00 
 7.05831248e+01 -9.58163201e+01  7.05831248e+01 -9.58864702e+01  7.05831248e+01 -1.65874592e+00  7.05831248e+01 -1.66038791e+00 
 7.09907332e+01 -9.57116246e+01  7.09907332e+01 -9.57817755e+01  7.09907332e+01 -1.65917311e+00  7.09907332e+01 -1.66083392e+00 
 7.14006955e+01 -9.56068799e+01  7.14006955e+01 -9.56770317e+01  7.14006955e+01 -1.65960528e+00  7.14006955e+01 -1.66128513e+00 
 7.18130252e+01 -9.55020857e+01  7.18130252e+01 -9.55722383e+01  7.18130252e+01 -1.66004250e+00  7.18130252e+01 -1.66174161e+00 
 7.22277361e+01 -9.53972415e+01  7.22277361e+01 -9.54673949e+01  7.22277361e+01 -1.66048483e+00  7.22277361e+01 -1.66220341e+00 
 7.26448419e+01 -9.52923467e+01  7.26448419e+01 -9.53625010e+01  7.26448419e+01 -1.66093232e+00  7.26448419e+01 -1.66267059e+00 
 7.30643564e+01 -9.51874010e+01  7.30643564e+01 -9.52575562e+01  7.30643564e+01 -1.66138504e+00  7.30643564e+01 -1.66314323e+00 
 7.34862936e+01 -9.50824038e+01  7.34862936e+01 -9.51525598e+01  7.34862936e+01 -1.66184305e+00  7.34862936e+01 -1.66362138e+00 
 7.39106674e+01 -9.49773546e+01  7.39106674e+01 -9.50475116e+01  7.39106674e+01 -1.66230642e+00  7.39106674e+01 -1.66410511e+00 
 7.43374919e+01 -9.48722530e+01  7.43374919e+01 -9.49424109e+01  7.43374919e+01 -1.66277519e+00  7.43374919e+01 -1.66459449e+00 
 7.47667812e+01 -9.47670985e+01  7.47667812e+01 -9.48372573e+01  7.47667812e+01 -1.66324945e+00  7.47667812e+01 -1.66508958e+00 
 7.51985497e+01 -9.46618906e+01  7.51985497e+01 -9.47320503e+01  7.51985497e+01 -1.66372924e+00  7.51985497e+01 -1.66559044e+00 
 7.56328115e+01 -9.45566288e+01  7.56328115e+01 -9.46267894e+01  7.56328115e+01 -1.66421465e+00  7.56328115e+01 -1.66609716e+00 
 7.60695812e+01 -9.44513126e+01  7.60695812e+01 -9.45214741e+01  7.60695812e+01 -1.66470573e+00  7.60695812e+01 -1.66660978e+00 
 7.65088731e+01 -9.43459414e+01  7.65088731e+01 -9.44161039e+01  7.65088731e+01 -1.66520255e+00  7.65088731e+01 -1.66712840e+00 
 7.69507019e+01 -9.42405149e+01  7.69507019e+01 -9.43106784e+01  7.69507019e+01 -1.66570517e+00  7.69507019e+01 -1.66765306e+00 
 7.73950822e+01 -9.41350325e+01  7.73950822e+01 -9.42051969e+01  7.73950822e+01 -1.66621368e+00  7.73950822e+01 -1.66818386e+00 
 7.78420288e+01 -9.40294936e+01  7.78420288e+01 -9.40996590e+01  7.78420288e+01 -1.66672813e+00  7.78420288e+01 -1.66872085e+00 
 7.82915564e+01 -9.39238977e+01  7.82915564e+01 -9.39940642e+01  7.82915564e+01 -1.66724860e+00  7.82915564e+01 -1.66926412e+00 
 7.87436800e+01 -9.38182445e+01  7.87436800e+01 -9.38884119e+01  7.87436800e+01 -1.66777516e+00  7.87436800e+01 -1.66981373e+00 
 7.91984145e+01 -9.37125332e+01  7.91984145e+01 -9.37827017e+01  7.91984145e+01 -1.66830788e+00  7.91984145e+01 -1.67036976e+00 
 7.96557750e+01 -9.36067634e+01  7.96557750e+01 -9.36769329e+01  7.96557750e+01 -1.66884683e+00  7.96557750e+01 -1.67093228e+00 
 8.01157768e+01 -9.35009346e+01  8.01157768e+01 -9.35711052e+01  8.01157768e+01 -1.66939209e+00  8.01157768e+01 -1.67150138e+00 
 8.05784350e+01 -9.33950463e+01  8.05784350e+01 -9.34652179e+01  8.05784350e+01 -1.66994372e+00  8.05784350e+01 -1.67207713e+00 
 8.10437650e+01 -9.32890978e+01  8.10437650e+01 -9.33592705e+01  8.10437650e+01 -1.67050182e+00  8.10437650e+01 -1.67265960e+00 
 8.15117822e+01 -9.31830887e+01  8.15117822e+01 -9.32532625e+01  8.15117822e+01 -1.67106644e+00  8.15117822e+01 -1.67324889e+00 
 8.19825022e+01 -9.30770184e+01  8.19825022e+01 -9.31471933e+01  8.19825022e+01 -1.67163768e+00  8.19825022e+01 -1.67384506e+00 
 8.24559405e+01 -9.29708865e+01  8.24559405e+01 -9.30410624e+01  8.24559405e+01 -1.67221561e+00  8.24559405e+01 -1.67444820e+00 
 8.29321128e+01 -9.28646922e+01  8.29321128e+01 -9.29348693e+01  8.29321128e+01 -1.67280030e+00  8.29321128e+01 -1.67505839e+00 
 8.34110350e+01 -9.27584352e+01  8.34110350e+01 -9.28286134e+01  8.34110350e+01 -1.67339183e+00  8.34110350e+01 -1.67567571e+00 
 8.38927229e+01 -9.26521148e+01  8.38927229e+01 -9.27222941e+01  8.38927229e+01 -1.67399030e+00  8.38927229e+01 -1.67630025e+00 
 8.43771924e+01 -9.25457304e+01  8.43771924e+01 -9.26159110e+01  8.43771924e+01 -1.67459578e+00  8.43771924e+01 -1.67693210e+00 
 8.48644598e+01 -9.24392816e+01  8.48644598e+01 -9.25094633e+01  8.48644598e+01 -1.67520835e+00  8.48644598e+01 -1.67757134e+00 
 8.53545410e+01 -9.23327678e+01  8.53545410e+01 -9.24029507e+01  8.53545410e+01 -1.67582810e+00  8.53545410e+01 -1.67821805e+00 
 8.58474524e+01 -9.22261883e+01  8.58474524e+01 -9.22963724e+01  8.58474524e+01 -1.67645511e+00  8.58474524e+01 -1.67887233e+00 
 8.63432103e+01 -9.21195427e+01  8.63432103e+01 -9.21897280e+01  8.63432103e+01 -1.67708946e+00  8.63432103e+01 -1.67953426e+00 
 8.68418311e+01 -9.20128303e+01  8.68418311e+01 -9.20830169e+01  8.68418311e+01 -1.67773126e+00  8.68418311e+01 -1.68020394e+00 
 8.73433314e+01 -9.19060507e+01  8.73433314e+01 -9.19762384e+01  8.73433314e+01 -1.67838057e+00  8.73433314e+01 -1.68088145e+00 
 8.78477278e+01 -9.17992031e+01  8.78477278e+01 -9.18693921e+01  8.78477278e+01 -1.67903750e+00  8.78477278e+01 -1.68156690e+00 
 8.83550370e+01 -9.16922871e+01  8.83550370e+01 -9.17624774e+01  8.83550370e+01 -1.67970214e+00  8.83550370e+01 -1.68226036e+00 
 8.88652758e+01 -9.15853020e+01  8.88652758e+01 -9.16554936e+01  8.88652758e+01 -1.68037456e+00  8.88652758e+01 -1.68296195e+00 
 8.93784613e+01 -9.14782472e+01  8.93784613e+01 -9.15484401e+01  8.93784613e+01 -1.68105488e+00  8.93784613e+01 -1.68367174e+00 
 8.98946103e+01 -9.13711223e+01  8.98946103e+01 -9.14413165e+01  8.98946103e+01 -1.68174317e+00  8.98946103e+01 -1.68438985e+00 
 9.04137400e+01 -9.12639265e+01  9.04137400e+01 -9.13341221e+01  9.04137400e+01 -1.68243955e+00  9.04137400e+01 -1.68511637e+00 
 9.09358676e+01 -9.11566593e+01  9.09358676e+01 -9.12268562e+01  9.09358676e+01 -1.68314409e+00  9.09358676e+01 -1.68585140e+00 
 9.14610104e+01 -9.10493201e+01  9.14610104e+01 -9.11195184e+01  9.14610104e+01 -1.68385690e+00  9.14610104e+01 -1.68659504e+00 
 9.19891858e+01 -9.09419083e+01  9.19891858e+01 -9.10121080e+01  9.19891858e+01 -1.68457808e+00  9.19891858e+01 -1.68734738e+00 
 9.25204114e+01 -9.08344234e+01  9.25204114e+01 -9.09046244e+01  9.25204114e+01 -1.68530772e+00  9.25204114e+01 -1.68810855e+00 
 9.30547048e+01 -9.07268645e+01  9.30547048e+01 -9.07970670e+01  9.30547048e+01 -1.68604593e+00  9.30547048e+01 -1.68887863e+00 
 9.35920836e+01 -9.06192313e+01  9.35920836e+01 -9.06894352e+01  9.35920836e+01 -1.68679281e+00  9.35920836e+01 -1.68965774e+00 
 9.41325657e+01 -9.05115231e+01  9.41325657e+01 -9.05817284e+01  9.41325657e+01 -1.68754846e+00  9.41325657e+01 -1.69044597e+00 
 9.46761691e+01 -9.04037392e+01  9.46761691e+01 -9.04739460e+01  9.46761691e+01 -1.68831299e+00  9.46761691e+01 -1.69124345e+00 
 9.52229117e+01 -9.02958790e+01  9.52229117e+01 -9.03660873e+01  9.52229117e+01 -1.68908650e+00  9.52229117e+01 -1.69205028e+00 
 9.57728116e+01 -9.01879420e+01  9.57728116e+01 -9.02581518e+01  9.57728116e+01 -1.68986910e+00  9.57728116e+01 -1.69286657e+00 
 9.63258871e+01 -9.00799275e+01  9.63258871e+01 -9.01501388e+01  9.63258871e+01 -1.69066089e+00  9.63258871e+01 -1.69369243e+00 
 9.68821566e+01 -8.99718349e+01  9.68821566e+01 -9.00420478e+01  9.68821566e+01 -1.69146199e+00  9.68821566e+01 -1.69452798e+00 
 9.74416385e+01 -8.98636636e+01  9.74416385e+01 -8.99338780e+01  9.74416385e+01 -1.69227251e+00  9.74416385e+01 -1.69537333e+00 
 9.80043513e+01 -8.97554129e+01  9.80043513e+01 -8.98256289e+01  9.80043513e+01 -1.69309256e+00  9.80043513e+01 -1.69622859e+00 
 9.85703137e+01 -8.96470822e+01  9.85703137e+01 -8.97172998e+01  9.85703137e+01 -1.69392226e+00  9.85703137e+01 -1.69709389e+00 
 9.91395445e+01 -8.95386710e+01  9.91395445e+01 -8.96088901e+01  9.91395445e+01 -1.69476171e+00  9.91395445e+01 -1.69796935e+00 
 9.97120624e+01 -8.94301784e+01  9.97120624e+01 -8.95003992e+01  9.97120624e+01 -1.69561104e+00  9.97120624e+01 -1.69885508e+00 
 1.00287887e+02 -8.93216040e+01  1.00287887e+02 -8.93918264e+01  1.00287887e+02 -1.69647036e+00  1.00287887e+02 -1.69975121e+00 
 1.00867036e+02 -8.92129471e+01  1.00867036e+02 -8.92831711e+01  1.00867036e+02 -1.69733979e+00  1.00867036e+02 -1.70065786e+00 
 1.01449530e+02 -8.91042070e+01  1.01449530e+02 -8.91744327e+01  1.01449530e+02 -1.69821946e+00  1.01449530e+02 -1.70157516e+00 
 1.02035388e+02 -8.89953831e+01  1.02035388e+02 -8.90656105e+01  1.02035388e+02 -1.69910948e+00  1.02035388e+02 -1.70250323e+00 
 1.02624629e+02 -8.88864747e+01  1.02624629e+02 -8.89567039e+01  1.02624629e+02 -1.70000998e+00  1.02624629e+02 -1.70344220e+00 
 1.03217273e+02 -8.87774813e+01  1.03217273e+02 -8.88477122e+01  1.03217273e+02 -1.70092109e+00  1.03217273e+02 -1.70439220e+00 
 1.03813339e+02 -8.86684022e+01  1.03813339e+02 -8.87386348e+01  1.03813339e+02 -1.70184293e+00  1.03813339e+02 -1.70535337e+00 
 1.04412848e+02 -8.85592367e+01  1.04412848e+02 -8.86294711e+01  1.04412848e+02 -1.70277563e+00  1.04412848e+02 -1.70632582e+00 
 1.05015819e+02 -8.84499841e+01  1.05015819e+02 -8.85202203e+01  1.05015819e+02 -1.70371931e+00  1.05015819e+02 -1.70730971e+00 
 1.05622271e+02 -8.83406439e+01  1.05622271e+02 -8.84108819e+01  1.05622271e+02 -1.70467412e+00  1.05622271e+02 -1.70830517e+00 
 1.06232226e+02 -8.82312154e+01  1.06232226e+02 -8.83014552e+01  1.06232226e+02 -1.70564019e+00  1.06232226e+02 -1.70931233e+00 
 1.06845703e+02 -8.81216978e+01  1.06845703e+02 -8.81919396e+01  1.06845703e+02 -1.70661764e+00  1.06845703e+02 -1.71033133e+00 
 1.07462724e+02 -8.80120907e+01  1.07462724e+02 -8.80823343e+01  1.07462724e+02 -1.70760662e+00  1.07462724e+02 -1.71136232e+00 
 1.08083307e+02 -8.79023932e+01  1.08083307e+02 -8.79726388e+01  1.08083307e+02 -1.70860727e+00  1.08083307e+02 -1.71240543e+00 
 1.08707474e+02 -8.77926048e+01  1.08707474e+02 -8.78628523e+01  1.08707474e+02 -1.70961972e+00  1.08707474e+02 -1.71346082e+00 
 1.09335245e+02 -8.76827248e+01  1.09335245e+02 -8.77529743e+01  1.09335245e+02 -1.71064411e+00  1.09335245e+02 -1.71452863e+00 
 1.09966642e+02 -8.75727526e+01  1.09966642e+02 -8.76430040e+01  1.09966642e+02 -1.71168060e+00  1.09966642e+02 -1.71560900e+00 
 1.10601685e+02 -8.74626874e+01  1.10601685e+02 -8.75329408e+01  1.10601685e+02 -1.71272932e+00  1.10601685e+02 -1.71670209e+00 
 1.11240396e+02 -8.73525286e+01  1.11240396e+02 -8.74227840e+01  1.11240396e+02 -1.71379042e+00  1.11240396e+02 -1.71780805e+00 
 1.11882795e+02 -8.72422756e+01  1.11882795e+02 -8.73125330e+01  1.11882795e+02 -1.71486405e+00  1.11882795e+02 -1.71892704e+00 
 1.12528903e+02 -8.71319276e+01  1.12528903e+02 -8.72021872e+01  1.12528903e+02 -1.71595036e+00  1.12528903e+02 -1.72005920e+00 
 1.13178743e+02 -8.70214841e+01  1.13178743e+02 -8.70917457e+01  1.13178743e+02 -1.71704951e+00  1.13178743e+02 -1.72120470e+00 
 1.13832335e+02 -8.69109443e+01  1.13832335e+02 -8.69812081e+01  1.13832335e+02 -1.71816165e+00  1.13832335e+02 -1.72236370e+00 
 1.14489702e+02 -8.68003077e+01  1.14489702e+02 -8.68705736e+01  1.14489702e+02 -1.71928693e+00  1.14489702e+02 -1.72353636e+00 
 1.15150866e+02 -8.66895734e+01  1.15150866e+02 -8.67598415e+01  1.15150866e+02 -1.72042551e+00  1.15150866e+02 -1.72472284e+00 
 1.15815847e+02 -8.65787409e+01  1.15815847e+02 -8.66490112e+01  1.15815847e+02 -1.72157755e+00  1.15815847e+02 -1.72592330e+00 
 1.16484668e+02 -8.64678096e+01  1.16484668e+02 -8.65380820e+01  1.16484668e+02 -1.72274323e+00  1.16484668e+02 -1.72713792e+00 
 1.17157352e+02 -8.63567786e+01  1.17157352e+02 -8.64270533e+01  1.17157352e+02 -1.72392269e+00  1.17157352e+02 -1.72836687e+00 
 1.17833921e+02 -8.62456474e+01  1.17833921e+02 -8.63159244e+01  1.17833921e+02 -1.72511610e+00  1.17833921e+02 -1.72961031e+00 
 1.18514396e+02 -8.61344153e+01  1.18514396e+02 -8.62046946e+01  1.18514396e+02 -1.72632365e+00  1.18514396e+02 -1.73086842e+00 
 1.19198801e+02 -8.60230817e+01  1.19198801e+02 -8.60933633e+01  1.19198801e+02 -1.72754548e+00  1.19198801e+02 -1.73214138e+00 
 1.19887159e+02 -8.59116458e+01  1.19887159e+02 -8.59819297e+01  1.19887159e+02 -1.72878179e+00  1.19887159e+02 -1.73342937e+00 
 1.20579492e+02 -8.58001070e+01  1.20579492e+02 -8.58703933e+01  1.20579492e+02 -1.73003274e+00  1.20579492e+02 -1.73473256e+00 
 1.21275823e+02 -8.56884646e+01  1.21275823e+02 -8.57587533e+01  1.21275823e+02 -1.73129850e+00  1.21275823e+02 -1.73605114e+00 
 1.21976175e+02 -8.55767180e+01  1.21976175e+02 -8.56470091e+01  1.21976175e+02 -1.73257927e+00  1.21976175e+02 -1.73738529e+00 
 1.22680571e+02 -8.54648664e+01  1.22680571e+02 -8.55351601e+01  1.22680571e+02 -1.73387522e+00  1.22680571e+02 -1.73873521e+00 
 1.23389036e+02 -8.53529093e+01  1.23389036e+02 -8.54232055e+01  1.23389036e+02 -1.73518653e+00  1.23389036e+02 -1.74010107e+00 
 1.24101591e+02 -8.52408460e+01  1.24101591e+02 -8.53111447e+01  1.24101591e+02 -1.73651339e+00  1.24101591e+02 -1.74148308e+00 
 1.24818262e+02 -8.51286758e+01  1.24818262e+02 -8.51989770e+01  1.24818262e+02 -1.73785599e+00  1.24818262e+02 -1.74288142e+00 
 1.25539071e+02 -8.50163980e+01  1.25539071e+02 -8.50867018e+01  1.25539071e+02 -1.73921452e+00  1.25539071e+02 -1.74429629e+00 
 1.26264043e+02 -8.49040120e+01  1.26264043e+02 -8.49743184e+01  1.26264043e+02 -1.74058918e+00  1.26264043e+02 -1.74572790e+00 
 1.26993201e+02 -8.47915171e+01  1.26993201e+02 -8.48618262e+01  1.26993201e+02 -1.74198015e+00  1.26993201e+02 -1.74717645e+00 
 1.27726571e+02 -8.46789127e+01  1.27726571e+02 -8.47492244e+01  1.27726571e+02 -1.74338764e+00  1.27726571e+02 -1.74864213e+00 
 1.28464175e+02 -8.45661981e+01  1.28464175e+02 -8.46365125e+01  1.28464175e+02 -1.74481184e+00  1.28464175e+02 -1.75012516e+00 
 1.29206039e+02 -8.44533726e+01  1.29206039e+02 -8.45236897e+01  1.29206039e+02 -1.74625297e+00  1.29206039e+02 -1.75162574e+00 
 1.29952187e+02 -8.43404356e+01  1.29952187e+02 -8.44107554e+01  1.29952187e+02 -1.74771122e+00  1.29952187e+02 -1.75314410e+00 
 1.30702644e+02 -8.42273864e+01  1.30702644e+02 -8.42977091e+01  1.30702644e+02 -1.74918681e+00  1.30702644e+02 -1.75468043e+00 
 1.31457435e+02 -8.41142244e+01  1.31457435e+02 -8.41845499e+01  1.31457435e+02 -1.75067995e+00  1.31457435e+02 -1.75623496e+00 
 1.32216584e+02 -8.40009489e+01  1.32216584e+02 -8.40712772e+01  1.32216584e+02 -1.75219084e+00  1.32216584e+02 -1.75780791e+00 
 1.32980118e+02 -8.38875593e+01  1.32980118e+02 -8.39578905e+01  1.32980118e+02 -1.75371971e+00  1.32980118e+02 -1.75939951e+00 
 1.33748061e+02 -8.37740549e+01  1.33748061e+02 -8.38443891e+01  1.33748061e+02 -1.75526677e+00  1.33748061e+02 -1.76100997e+00 
 1.34520439e+02 -8.36604351e+01  1.34520439e+02 -8.37307722e+01  1.34520439e+02 -1.75683225e+00  1.34520439e+02 -1.76263953e+00 
 1.35297277e+02 -8.35466992e+01  1.35297277e+02 -8.36170393e+01  1.35297277e+02 -1.75841637e+00  1.35297277e+02 -1.76428841e+00 
 1.36078601e+02 -8.34328466e+01  1.36078601e+02 -8.35031898e+01  1.36078601e+02 -1.76001937e+00  1.36078601e+02 -1.76595686e+00 
 1.36864437e+02 -8.33188767e+01  1.36864437e+02 -8.33892229e+01  1.36864437e+02 -1.76164146e+00  1.36864437e+02 -1.76764511e+00 
 1.37654812e+02 -8.32047887e+01  1.37654812e+02 -8.32751381e+01  1.37654812e+02 -1.76328288e+00  1.37654812e+02 -1.76935340e+00 
 1.38449750e+02 -8.30905822e+01  1.38449750e+02 -8.31609347e+01  1.38449750e+02 -1.76494388e+00  1.38449750e+02 -1.77108197e+00 
 1.39249279e+02 -8.29762564e+01  1.39249279e+02 -8.30466121e+01  1.39249279e+02 -1.76662468e+00  1.39249279e+02 -1.77283107e+00 
 1.40053426e+02 -8.28618107e+01  1.40053426e+02 -8.29321696e+01  1.40053426e+02 -1.76832553e+00  1.40053426e+02 -1.77460095e+00 
 1.40862216e+02 -8.27472446e+01  1.40862216e+02 -8.28176067e+01  1.40862216e+02 -1.77004669e+00  1.40862216e+02 -1.77639186e+00 
 1.41675677e+02 -8.26325573e+01  1.41675677e+02 -8.27029227e+01  1.41675677e+02 -1.77178838e+00  1.41675677e+02 -1.77820406e+00 
 1.42493836e+02 -8.25177482e+01  1.42493836e+02 -8.25881170e+01  1.42493836e+02 -1.77355088e+00  1.42493836e+02 -1.78003780e+00 
 1.43316719e+02 -8.24028168e+01  1.43316719e+02 -8.24731889e+01  1.43316719e+02 -1.77533443e+00  1.43316719e+02 -1.78189336e+00 
 1.44144355e+02 -8.22877623e+01  1.44144355e+02 -8.23581379e+01  1.44144355e+02 -1.77713929e+00  1.44144355e+02 -1.78377098e+00 
 1.44976770e+02 -8.21725843e+01  1.44976770e+02 -8.22429633e+01  1.44976770e+02 -1.77896573e+00  1.44976770e+02 -1.78567095e+00 
 1.45813992e+02 -8.20572821e+01  1.45813992e+02 -8.21276646e+01  1.45813992e+02 -1.78081400e+00  1.45813992e+02 -1.78759354e+00 
 1.46656049e+02 -8.19418551e+01  1.46656049e+02 -8.20122411e+01  1.46656049e+02 -1.78268438e+00  1.46656049e+02 -1.78953902e+00 
 1.47502968e+02 -8.18263027e+01  1.47502968e+02 -8.18966922e+01  1.47502968e+02 -1.78457714e+00  1.47502968e+02 -1.79150767e+00 
 1.48354779e+02 -8.17106242e+01  1.48354779e+02 -8.17810174e+01  1.48354779e+02 -1.78649256e+00  1.48354779e+02 -1.79349977e+00 
 1.49211508e+02 -8.15948192e+01  1.49211508e+02 -8.16652160e+01  1.49211508e+02 -1.78843091e+00  1.49211508e+02 -1.79551562e+00 
 1.50073185e+02 -8.14788870e+01  1.50073185e+02 -8.15492875e+01  1.50073185e+02 -1.79039248e+00  1.50073185e+02 -1.79755550e+00 
 1.50939838e+02 -8.13628270e+01  1.50939838e+02 -8.14332312e+01  1.50939838e+02 -1.79237755e+00  1.50939838e+02 -1.79961970e+00 
 1.51811496e+02 -8.12466386e+01  1.51811496e+02 -8.13170467e+01  1.51811496e+02 -1.79438642e+00  1.51811496e+02 -1.80170853e+00 
 1.52688188e+02 -8.11303214e+01  1.52688188e+02 -8.12007332e+01  1.52688188e+02 -1.79641937e+00  1.52688188e+02 -1.80382228e+00 
 1.53569943e+02 -8.10138746e+01  1.53569943e+02 -8.10842903e+01  1.53569943e+02 -1.79847671e+00  1.53569943e+02 -1.80596126e+00 
 1.54456789e+02 -8.08972977e+01  1.54456789e+02 -8.09677174e+01  1.54456789e+02 -1.80055874e+00  1.54456789e+02 -1.80812578e+00 
 1.55348757e+02 -8.07805903e+01  1.55348757e+02 -8.08510139e+01  1.55348757e+02 -1.80266576e+00  1.55348757e+02 -1.81031615e+00 
 1.56245876e+02 -8.06637516e+01  1.56245876e+02 -8.07341792e+01  1.56245876e+02 -1.80479808e+00  1.56245876e+02 -1.81253270e+00 
 1.57148175e+02 -8.05467812e+01  1.57148175e+02 -8.06172129e+01  1.57148175e+02 -1.80695602e+00  1.57148175e+02 -1.81477573e+00 
 1.58055686e+02 -8.04296785e+01  1.58055686e+02 -8.05001143e+01  1.58055686e+02 -1.80913989e+00  1.58055686e+02 -1.81704558e+00 
 1.58968437e+02 -8.03124430e+01  1.58968437e+02 -8.03828829e+01  1.58968437e+02 -1.81135002e+00  1.58968437e+02 -1.81934259e+00 
 1.59886459e+02 -8.01950740e+01  1.59886459e+02 -8.02655182e+01  1.59886459e+02 -1.81358673e+00  1.59886459e+02 -1.82166707e+00 
 1.60809782e+02 -8.00775712e+01  1.60809782e+02 -8.01480196e+01  1.60809782e+02 -1.81585035e+00  1.60809782e+02 -1.82401937e+00 
 1.61738438e+02 -7.99599340e+01  1.61738438e+02 -8.00303866e+01  1.61738438e+02 -1.81814122e+00  1.61738438e+02 -1.82639984e+00 
 1.62672456e+02 -7.98421618e+01  1.62672456e+02 -7.99126188e+01  1.62672456e+02 -1.82045968e+00  1.62672456e+02 -1.82880881e+00 
 1.63611869e+02 -7.97242541e+01  1.63611869e+02 -7.97947155e+01  1.63611869e+02 -1.82280606e+00  1.63611869e+02 -1.83124665e+00 
 1.64556706e+02 -7.96062104e+01  1.64556706e+02 -7.96766763e+01  1.64556706e+02 -1.82518072e+00  1.64556706e+02 -1.83371370e+00 
 1.65507000e+02 -7.94880302e+01  1.65507000e+02 -7.95585006e+01  1.65507000e+02 -1.82758402e+00  1.65507000e+02 -1.83621033e+00 
 1.66462781e+02 -7.93697131e+01  1.66462781e+02 -7.94401880e+01  1.66462781e+02 -1.83001630e+00  1.66462781e+02 -1.83873691e+00 
 1.67424082e+02 -7.92512584e+01  1.67424082e+02 -7.93217379e+01  1.67424082e+02 -1.83247793e+00  1.67424082e+02 -1.84129381e+00 
 1.68390934e+02 -7.91326658e+01  1.68390934e+02 -7.92031500e+01  1.68390934e+02 -1.83496927e+00  1.68390934e+02 -1.84388139e+00 
 1.69363370e+02 -7.90139347e+01  1.69363370e+02 -7.90844236e+01  1.69363370e+02 -1.83749070e+00  1.69363370e+02 -1.84650004e+00 
 1.70341422e+02 -7.88950647e+01  1.70341422e+02 -7.89655584e+01  1.70341422e+02 -1.84004260e+00  1.70341422e+02 -1.84915015e+00 
 1.71325121e+02 -7.87760553e+01  1.71325121e+02 -7.88465538e+01  1.71325121e+02 -1.84262535e+00  1.71325121e+02 -1.85183210e+00 
 1.72314501e+02 -7.86569060e+01  1.72314501e+02 -7.87274094e+01  1.72314501e+02 -1.84523933e+00  1.72314501e+02 -1.85454629e+00 
 1.73309595e+02 -7.85376164e+01  1.73309595e+02 -7.86081247e+01  1.73309595e+02 -1.84788493e+00  1.73309595e+02 -1.85729313e+00 
 1.74310436e+02 -7.84181860e+01  1.74310436e+02 -7.84886994e+01  1.74310436e+02 -1.85056255e+00  1.74310436e+02 -1.86007301e+00 
 1.75317056e+02 -7.82986144e+01  1.75317056e+02 -7.83691328e+01  1.75317056e+02 -1.85327260e+00  1.75317056e+02 -1.86288634e+00 
 1.76329489e+02 -7.81789012e+01  1.76329489e+02 -7.82494247e+01  1.76329489e+02 -1.85601548e+00  1.76329489e+02 -1.86573355e+00 
 1.77347769e+02 -7.80590459e+01  1.77347769e+02 -7.81295745e+01  1.77347769e+02 -1.85879160e+00  1.77347769e+02 -1.86861506e+00 
 1.78371929e+02 -7.79390480e+01  1.78371929e+02 -7.80095819e+01  1.78371929e+02 -1.86160139e+00  1.78371929e+02 -1.87153129e+00 
 1.79402004e+02 -7.78189073e+01  1.79402004e+02 -7.78894465e+01  1.79402004e+02 -1.86444527e+00  1.79402004e+02 -1.87448267e+00 
 1.80438027e+02 -7.76986232e+01  1.80438027e+02 -7.77691677e+01  1.80438027e+02 -1.86732366e+00  1.80438027e+02 -1.87746965e+00 
 1.81480033e+02 -7.75781953e+01  1.81480033e+02 -7.76487453e+01  1.81480033e+02 -1.87023701e+00  1.81480033e+02 -1.88049267e+00 
 1.82528057e+02 -7.74576234e+01  1.82528057e+02 -7.75281788e+01  1.82528057e+02 -1.87318576e+00  1.82528057e+02 -1.88355217e+00 
 1.83582133e+02 -7.73369069e+01  1.83582133e+02 -7.74074679e+01  1.83582133e+02 -1.87617034e+00  1.83582133e+02 -1.88664863e+00 
 1.84642296e+02 -7.72160455e+01  1.84642296e+02 -7.72866121e+01  1.84642296e+02 -1.87919122e+00  1.84642296e+02 -1.88978249e+00 
 1.85708581e+02 -7.70950388e+01  1.85708581e+02 -7.71656112e+01  1.85708581e+02 -1.88224886e+00  1.85708581e+02 -1.89295422e+00 
 1.86781024e+02 -7.69738865e+01  1.86781024e+02 -7.70444646e+01  1.86781024e+02 -1.88534372e+00  1.86781024e+02 -1.89616431e+00 
 1.87859660e+02 -7.68525882e+01  1.87859660e+02 -7.69231721e+01  1.87859660e+02 -1.88847627e+00  1.87859660e+02 -1.89941323e+00 
 1.88944525e+02 -7.67311436e+01  1.88944525e+02 -7.68017334e+01  1.88944525e+02 -1.89164700e+00  1.88944525e+02 -1.90270147e+00 
 1.90035655e+02 -7.66095522e+01  1.90035655e+02 -7.66801480e+01  1.90035655e+02 -1.89485638e+00  1.90035655e+02 -1.90602952e+00 
 1.91133087e+02 -7.64878139e+01  1.91133087e+02 -7.65584156e+01  1.91133087e+02 -1.89810491e+00  1.91133087e+02 -1.90939789e+00 
 1.92236855e+02 -7.63659281e+01  1.92236855e+02 -7.64365360e+01  1.92236855e+02 -1.90139309e+00  1.92236855e+02 -1.91280707e+00 
 1.93346998e+02 -7.62438947e+01  1.93346998e+02 -7.63145088e+01  1.93346998e+02 -1.90472143e+00  1.93346998e+02 -1.91625760e+00 
 1.94463552e+02 -7.61217133e+01  1.94463552e+02 -7.61923336e+01  1.94463552e+02 -1.90809042e+00  1.94463552e+02 -1.91974998e+00 
 1.95586554e+02 -7.59993836e+01  1.95586554e+02 -7.60700102e+01  1.95586554e+02 -1.91150060e+00  1.95586554e+02 -1.92328474e+00 
 1.96716041e+02 -7.58769053e+01  1.96716041e+02 -7.59475383e+01  1.96716041e+02 -1.91495249e+00  1.96716041e+02 -1.92686242e+00 
 1.97852050e+02 -7.57542782e+01  1.97852050e+02 -7.58249176e+01  1.97852050e+02 -1.91844663e+00  1.97852050e+02 -1.93048356e+00 
 1.98994620e+02 -7.56315018e+01  1.98994620e+02 -7.57021478e+01  1.98994620e+02 -1.92198354e+00  1.98994620e+02 -1.93414872e+00 
 2.00143788e+02 -7.55085761e+01  2.00143788e+02 -7.55792287e+01  2.00143788e+02 -1.92556379e+00  2.00143788e+02 -1.93785844e+00 
 2.01299593e+02 -7.53855006e+01  2.01299593e+02 -7.54561599e+01  2.01299593e+02 -1.92918792e+00  2.01299593e+02 -1.94161329e+00 
 2.02462072e+02 -7.52622752e+01  2.02462072e+02 -7.53329413e+01  2.02462072e+02 -1.93285650e+00  2.02462072e+02 -1.94541385e+00 
 2.03631264e+02 -7.51388996e+01  2.03631264e+02 -7.52095725e+01  2.03631264e+02 -1.93657011e+00  2.03631264e+02 -1.94926069e+00 
 2.04807208e+02 -7.50153736e+01  2.04807208e+02 -7.50860534e+01  2.04807208e+02 -1.94032931e+00  2.04807208e+02 -1.95315441e+00 
 2.05989943e+02 -7.48916968e+01  2.05989943e+02 -7.49623837e+01  2.05989943e+02 -1.94413470e+00  2.05989943e+02 -1.95709558e+00 
 2.07179508e+02 -7.47678692e+01  2.07179508e+02 -7.48385631e+01  2.07179508e+02 -1.94798686e+00  2.07179508e+02 -1.96108483e+00 
 2.08375943e+02 -7.46438904e+01  2.08375943e+02 -7.47145916e+01  2.08375943e+02 -1.95188642e+00  2.08375943e+02 -1.96512277e+00 
 2.09579287e+02 -7.45197604e+01  2.09579287e+02 -7.45904688e+01  2.09579287e+02 -1.95583396e+00  2.09579287e+02 -1.96921000e+00 
 2.10789580e+02 -7.43954788e+01  2.10789580e+02 -7.44661945e+01  2.10789580e+02 -1.95983012e+00  2.10789580e+02 -1.97334717e+00 
 2.12006862e+02 -7.42710455e+01  2.12006862e+02 -7.43417687e+01  2.12006862e+02 -1.96387553e+00  2.12006862e+02 -1.97753490e+00 
 2.13231174e+02 -7.41464603e+01  2.13231174e+02 -7.42171910e+01  2.13231174e+02 -1.96797081e+00  2.13231174e+02 -1.98177385e+00 
 2.14462557e+02 -7.40217231e+01  2.14462557e+02 -7.40924614e+01  2.14462557e+02 -1.97211662e+00  2.14462557e+02 -1.98606466e+00 
 2.15701050e+02 -7.38968336e+01  2.15701050e+02 -7.39675796e+01  2.15701050e+02 -1.97631361e+00  2.15701050e+02 -1.99040801e+00 
 2.16946696e+02 -7.37717917e+01  2.16946696e+02 -7.38425455e+01  2.16946696e+02 -1.98056244e+00  2.16946696e+02 -1.99480456e+00 
 2.18199535e+02 -7.36465973e+01  2.18199535e+02 -7.37173590e+01  2.18199535e+02 -1.98486379e+00  2.18199535e+02 -1.99925501e+00 
 2.19459609e+02 -7.35212502e+01  2.19459609e+02 -7.35920199e+01  2.19459609e+02 -1.98921835e+00  2.19459609e+02 -2.00376003e+00 
 2.20726959e+02 -7.33957503e+01  2.20726959e+02 -7.34665280e+01  2.20726959e+02 -1.99362679e+00  2.20726959e+02 -2.00832032e+00 
 2.22001629e+02 -7.32700974e+01  2.22001629e+02 -7.33408834e+01  2.22001629e+02 -1.99808983e+00  2.22001629e+02 -2.01293661e+00 
 2.23283659e+02 -7.31442915e+01  2.23283659e+02 -7.32150857e+01  2.23283659e+02 -2.00260818e+00  2.23283659e+02 -2.01760961e+00 
 2.24573094e+02 -7.30183325e+01  2.24573094e+02 -7.30891351e+01  2.24573094e+02 -2.00718256e+00  2.24573094e+02 -2.02234005e+00 
 2.25869974e+02 -7.28922202e+01  2.25869974e+02 -7.29630312e+01  2.25869974e+02 -2.01181370e+00  2.25869974e+02 -2.02712868e+00 
 2.27174344e+02 -7.27659545e+01  2.27174344e+02 -7.28367741e+01  2.27174344e+02 -2.01650234e+00  2.27174344e+02 -2.03197623e+00 
 2.28486246e+02 -7.26395355e+01  2.28486246e+02 -7.27103637e+01  2.28486246e+02 -2.02124924e+00  2.28486246e+02 -2.03688347e+00 
 2.29805724e+02 -7.25129629e+01  2.29805724e+02 -7.25837999e+01  2.29805724e+02 -2.02605516e+00  2.29805724e+02 -2.04185119e+00 
 2.31132823e+02 -7.23862367e+01  2.31132823e+02 -7.24570826e+01  2.31132823e+02 -2.03092088e+00  2.31132823e+02 -2.04688014e+00 
 2.32467585e+02 -7.22593569e+01  2.32467585e+02 -7.23302118e+01  2.32467585e+02 -2.03584717e+00  2.32467585e+02 -2.05197114e+00 
 2.33810055e+02 -7.21323235e+01  2.33810055e+02 -7.22031874e+01  2.33810055e+02 -2.04083484e+00  2.33810055e+02 -2.05712499e+00 
 2.35160277e+02 -7.20051363e+01  2.35160277e+02 -7.20760094e+01  2.35160277e+02 -2.04588469e+00  2.35160277e+02 -2.06234249e+00 
 2.36518298e+02 -7.18777954e+01  2.36518298e+02 -7.19486778e+01  2.36518298e+02 -2.05099755e+00  2.36518298e+02 -2.06762448e+00 
 2.37884160e+02 -7.17503007e+01  2.37884160e+02 -7.18211925e+01  2.37884160e+02 -2.05617424e+00  2.37884160e+02 -2.07297180e+00 
 2.39257910e+02 -7.16226522e+01  2.39257910e+02 -7.16935535e+01  2.39257910e+02 -2.06141561e+00  2.39257910e+02 -2.07838529e+00 
 2.40639593e+02 -7.14948499e+01  2.40639593e+02 -7.15657608e+01  2.40639593e+02 -2.06672250e+00  2.40639593e+02 -2.08386582e+00 
 2.42029256e+02 -7.13668937e+01  2.42029256e+02 -7.14378144e+01  2.42029256e+02 -2.07209580e+00  2.42029256e+02 -2.08941427e+00 
 2.43426943e+02 -7.12387838e+01  2.43426943e+02 -7.13097144e+01  2.43426943e+02 -2.07753637e+00  2.43426943e+02 -2.09503151e+00 
 2.44832702e+02 -7.11105201e+01  2.44832702e+02 -7.11814607e+01  2.44832702e+02 -2.08304512e+00  2.44832702e+02 -2.10071846e+00 
 2.46246579e+02 -7.09821027e+01  2.46246579e+02 -7.10530533e+01  2.46246579e+02 -2.08862293e+00  2.46246579e+02 -2.10647601e+00 
 2.47668621e+02 -7.08535315e+01  2.47668621e+02 -7.09244923e+01  2.47668621e+02 -2.09427074e+00  2.47668621e+02 -2.11230510e+00 
 2.49098875e+02 -7.07248066e+01  2.49098875e+02 -7.07957778e+01  2.49098875e+02 -2.09998947e+00  2.49098875e+02 -2.11820667e+00 
 2.50537389e+02 -7.05959281e+01  2.50537389e+02 -7.06669097e+01  2.50537389e+02 -2.10578007e+00  2.50537389e+02 -2.12418166e+00 
 2.51984210e+02 -7.04668959e+01  2.51984210e+02 -7.05378881e+01  2.51984210e+02 -2.11164350e+00  2.51984210e+02 -2.13023104e+00 
 2.53439386e+02 -7.03377102e+01  2.53439386e+02 -7.04087132e+01  2.53439386e+02 -2.11758072e+00  2.53439386e+02 -2.13635579e+00 
 2.54902966e+02 -7.02083711e+01  2.54902966e+02 -7.02793849e+01  2.54902966e+02 -2.12359273e+00  2.54902966e+02 -2.14255689e+00 
 2.56374997e+02 -7.00788786e+01  2.56374997e+02 -7.01499033e+01  2.56374997e+02 -2.12968052e+00  2.56374997e+02 -2.14883537e+00 
 2.57855529e+02 -6.99492327e+01  2.57855529e+02 -7.00202685e+01  2.57855529e+02 -2.13584511e+00  2.57855529e+02 -2.15519223e+00 
 2.59344612e+02 -6.98194336e+01  2.59344612e+02 -6.98904806e+01  2.59344612e+02 -2.14208753e+00  2.59344612e+02 -2.16162852e+00 
 2.60842293e+02 -6.96894814e+01  2.60842293e+02 -6.97605398e+01  2.60842293e+02 -2.14840882e+00  2.60842293e+02 -2.16814528e+00 
 2.62348623e+02 -6.95593761e+01  2.62348623e+02 -6.96304460e+01  2.62348623e+02 -2.15481004e+00  2.62348623e+02 -2.17474358e+00 
 2.63863653e+02 -6.94291180e+01  2.63863653e+02 -6.95001995e+01  2.63863653e+02 -2.16129227e+00  2.63863653e+02 -2.18142450e+00 
 2.65387431e+02 -6.92987070e+01  2.65387431e+02 -6.93698003e+01  2.65387431e+02 -2.16785659e+00  2.65387431e+02 -2.18818914e+00 
 2.66920009e+02 -6.91681433e+01  2.66920009e+02 -6.92392486e+01  2.66920009e+02 -2.17450412e+00  2.66920009e+02 -2.19503860e+00 
 2.68461437e+02 -6.90374271e+01  2.68461437e+02 -6.91085444e+01  2.68461437e+02 -2.18123599e+00  2.68461437e+02 -2.20197402e+00 
 2.70011767e+02 -6.89065585e+01  2.70011767e+02 -6.89776880e+01  2.70011767e+02 -2.18805331e+00  2.70011767e+02 -2.20899654e+00 
 2.71571050e+02 -6.87755377e+01  2.71571050e+02 -6.88466795e+01  2.71571050e+02 -2.19495726e+00  2.71571050e+02 -2.21610733e+00 
 2.73139338e+02 -6.86443647e+01  2.73139338e+02 -6.87155189e+01  2.73139338e+02 -2.20194901e+00  2.73139338e+02 -2.22330755e+00 
 2.74716682e+02 -6.85130397e+01  2.74716682e+02 -6.85842066e+01  2.74716682e+02 -2.20902975e+00  2.74716682e+02 -2.23059841e+00 
 2.76303135e+02 -6.83815629e+01  2.76303135e+02 -6.84527426e+01  2.76303135e+02 -2.21620068e+00  2.76303135e+02 -2.23798111e+00 
 2.77898750e+02 -6.82499345e+01  2.77898750e+02 -6.83211272e+01  2.77898750e+02 -2.22346303e+00  2.77898750e+02 -2.24545689e+00 
 2.79503579e+02 -6.81181547e+01  2.79503579e+02 -6.81893604e+01  2.79503579e+02 -2.23081805e+00  2.79503579e+02 -2.25302700e+00 
 2.81117676e+02 -6.79862235e+01  2.81117676e+02 -6.80574425e+01  2.81117676e+02 -2.23826699e+00  2.81117676e+02 -2.26069269e+00 
 2.82741094e+02 -6.78541413e+01  2.82741094e+02 -6.79253737e+01  2.82741094e+02 -2.24581115e+00  2.82741094e+02 -2.26845526e+00 
 2.84373887e+02 -6.77219081e+01  2.84373887e+02 -6.77931541e+01  2.84373887e+02 -2.25345181e+00  2.84373887e+02 -2.27631601e+00 
 2.86016109e+02 -6.75895243e+01  2.86016109e+02 -6.76607840e+01  2.86016109e+02 -2.26119030e+00  2.86016109e+02 -2.28427626e+00 
 2.87667815e+02 -6.74569899e+01  2.87667815e+02 -6.75282635e+01  2.87667815e+02 -2.26902796e+00  2.87667815e+02 -2.29233735e+00 
 2.89329059e+02 -6.73243053e+01  2.89329059e+02 -6.73955929e+01  2.89329059e+02 -2.27696614e+00  2.89329059e+02 -2.30050064e+00 
 2.90999897e+02 -6.71914705e+01  2.90999897e+02 -6.72627724e+01  2.90999897e+02 -2.28500623e+00  2.90999897e+02 -2.30876752e+00 
 2.92680383e+02 -6.70584859e+01  2.92680383e+02 -6.71298022e+01  2.92680383e+02 -2.29314962e+00  2.92680383e+02 -2.31713939e+00 
 2.94370575e+02 -6.69253516e+01  2.94370575e+02 -6.69966825e+01  2.94370575e+02 -2.30139774e+00  2.94370575e+02 -2.32561766e+00 
 2.96070526e+02 -6.67920679e+01  2.96070526e+02 -6.68634135e+01  2.96070526e+02 -2.30975203e+00  2.96070526e+02 -2.33420379e+00 
 2.97780295e+02 -6.66586350e+01  2.97780295e+02 -6.67299955e+01  2.97780295e+02 -2.31821395e+00  2.97780295e+02 -2.34289924e+00 
 2.99499938e+02 -6.65250532e+01  2.99499938e+02 -6.65964288e+01  2.99499938e+02 -2.32678499e+00  2.99499938e+02 -2.35170549e+00 
 3.01229511e+02 -6.63913226e+01  3.01229511e+02 -6.64627135e+01  3.01229511e+02 -2.33546665e+00  3.01229511e+02 -2.36062406e+00 
 3.02969072e+02 -6.62574436e+01  3.02969072e+02 -6.63288499e+01  3.02969072e+02 -2.34426047e+00  3.02969072e+02 -2.36965648e+00 
 3.04718679e+02 -6.61234163e+01  3.04718679e+02 -6.61948383e+01  3.04718679e+02 -2.35316800e+00  3.04718679e+02 -2.37880429e+00 
 3.06478390e+02 -6.59892411e+01  3.06478390e+02 -6.60606789e+01  3.06478390e+02 -2.36219081e+00  3.06478390e+02 -2.38806909e+00 
 3.08248263e+02 -6.58549181e+01  3.08248263e+02 -6.59263720e+01  3.08248263e+02 -2.37133052e+00  3.08248263e+02 -2.39745246e+00 
 3.10028357e+02 -6.57204478e+01  3.10028357e+02 -6.57919179e+01  3.10028357e+02 -2.38058874e+00  3.10028357e+02 -2.40695604e+00 
 3.11818730e+02 -6.55858302e+01  3.11818730e+02 -6.56573167e+01  3.11818730e+02 -2.38996712e+00  3.11818730e+02 -2.41658146e+00 
 3.13619443e+02 -6.54510657e+01  3.13619443e+02 -6.55225688e+01  3.13619443e+02 -2.39946734e+00  3.13619443e+02 -2.42633042e+00 
 3.15430554e+02 -6.53161545e+01  3.15430554e+02 -6.53876745e+01  3.15430554e+02 -2.40909109e+00  3.15430554e+02 -2.43620461e+00 
 3.17252125e+02 -6.51810970e+01  3.17252125e+02 -6.52526340e+01  3.17252125e+02 -2.41884012e+00  3.17252125e+02 -2.44620574e+00 
 3.19084215e+02 -6.50458933e+01  3.19084215e+02 -6.51174475e+01  3.19084215e+02 -2.42871616e+00  3.19084215e+02 -2.45633558e+00 
 3.20926885e+02 -6.49105439e+01  3.20926885e+02 -6.49821155e+01  3.20926885e+02 -2.43872099e+00  3.20926885e+02 -2.46659590e+00 
 3.22780196e+02 -6.47750489e+01  3.22780196e+02 -6.48466382e+01  3.22780196e+02 -2.44885643e+00  3.22780196e+02 -2.47698851e+00 
 3.24644209e+02 -6.46394087e+01  3.24644209e+02 -6.47110158e+01  3.24644209e+02 -2.45912431e+00  3.24644209e+02 -2.48751523e+00 
 3.26518987e+02 -6.45036234e+01  3.26518987e+02 -6.45752486e+01  3.26518987e+02 -2.46952648e+00  3.26518987e+02 -2.49817793e+00 
 3.28404592e+02 -6.43676936e+01  3.28404592e+02 -6.44393370e+01  3.28404592e+02 -2.48006485e+00  3.28404592e+02 -2.50897849e+00 
 3.30301086e+02 -6.42316193e+01  3.30301086e+02 -6.43032813e+01  3.30301086e+02 -2.49074132e+00  3.30301086e+02 -2.51991883e+00 
 3.32208532e+02 -6.40954009e+01  3.32208532e+02 -6.41670817e+01  3.32208532e+02 -2.50155785e+00  3.32208532e+02 -2.53100090e+00 
 3.34126993e+02 -6.39590388e+01  3.34126993e+02 -6.40307385e+01  3.34126993e+02 -2.51251642e+00  3.34126993e+02 -2.54222668e+00 
 3.36056533e+02 -6.38225331e+01  3.36056533e+02 -6.38942520e+01  3.36056533e+02 -2.52361904e+00  3.36056533e+02 -2.55359816e+00 
 3.37997216e+02 -6.36858843e+01  3.37997216e+02 -6.37576226e+01  3.37997216e+02 -2.53486775e+00  3.37997216e+02 -2.56511739e+00 
 3.39949106e+02 -6.35490926e+01  3.39949106e+02 -6.36208505e+01  3.39949106e+02 -2.54626461e+00  3.39949106e+02 -2.57678643e+00 
 3.41912268e+02 -6.34121582e+01  3.41912268e+02 -6.34839361e+01  3.41912268e+02 -2.55781174e+00  3.41912268e+02 -2.58860739e+00 
 3.43886767e+02 -6.32750816e+01  3.43886767e+02 -6.33468796e+01  3.43886767e+02 -2.56951128e+00  3.43886767e+02 -2.60058239e+00 
 3.45872668e+02 -6.31378630e+01  3.45872668e+02 -6.32096813e+01  3.45872668e+02 -2.58136538e+00  3.45872668e+02 -2.61271361e+00 
 3.47870038e+02 -6.30005027e+01  3.47870038e+02 -6.30723417e+01  3.47870038e+02 -2.59337625e+00  3.47870038e+02 -2.62500323e+00 
 3.49878942e+02 -6.28630011e+01  3.49878942e+02 -6.29348609e+01  3.49878942e+02 -2.60554614e+00  3.49878942e+02 -2.63745350e+00 
 3.51899447e+02 -6.27253583e+01  3.51899447e+02 -6.27972393e+01  3.51899447e+02 -2.61787732e+00  3.51899447e+02 -2.65006668e+00 
 3.53931621e+02 -6.25875748e+01  3.53931621e+02 -6.26594772e+01  3.53931621e+02 -2.63037208e+00  3.53931621e+02 -2.66284507e+00 
 3.55975530e+02 -6.24496509e+01  3.55975530e+02 -6.25215749e+01  3.55975530e+02 -2.64303279e+00  3.55975530e+02 -2.67579102e+00 
 3.58031243e+02 -6.23115868e+01  3.58031243e+02 -6.23835327e+01  3.58031243e+02 -2.65586181e+00  3.58031243e+02 -2.68890689e+00 
 3.60098827e+02 -6.21733829e+01  3.60098827e+02 -6.22453509e+01  3.60098827e+02 -2.66886157e+00  3.60098827e+02 -2.70219510e+00 
 3.62178350e+02 -6.20350394e+01  3.62178350e+02 -6.21070299e+01  3.62178350e+02 -2.68203452e+00  3.62178350e+02 -2.71565810e+00 
 3.64269883e+02 -6.18965567e+01  3.64269883e+02 -6.19685699e+01  3.64269883e+02 -2.69538315e+00  3.64269883e+02 -2.72929838e+00 
 3.66373495e+02 -6.17579351e+01  3.66373495e+02 -6.18299713e+01  3.66373495e+02 -2.70891001e+00  3.66373495e+02 -2.74311846e+00 
 3.68489254e+02 -6.16191748e+01  3.68489254e+02 -6.16912343e+01  3.68489254e+02 -2.72261765e+00  3.68489254e+02 -2.75712092e+00 
 3.70617232e+02 -6.14802763e+01  3.70617232e+02 -6.15523593e+01  3.70617232e+02 -2.73650871e+00  3.70617232e+02 -2.77130836e+00 
 3.72757498e+02 -6.13412397e+01  3.72757498e+02 -6.14133466e+01  3.72757498e+02 -2.75058582e+00  3.72757498e+02 -2.78568342e+00 
 3.74910124e+02 -6.12020654e+01  3.74910124e+02 -6.12741964e+01  3.74910124e+02 -2.76485170e+00  3.74910124e+02 -2.80024881e+00 
 3.77075181e+02 -6.10627537e+01  3.77075181e+02 -6.11349092e+01  3.77075181e+02 -2.77930907e+00  3.77075181e+02 -2.81500725e+00 
 3.79252741e+02 -6.09233049e+01  3.79252741e+02 -6.09954851e+01  3.79252741e+02 -2.79396072e+00  3.79252741e+02 -2.82996152e+00 
 3.81442877e+02 -6.07837193e+01  3.81442877e+02 -6.08559246e+01  3.81442877e+02 -2.80880949e+00  3.81442877e+02 -2.84511444e+00 
 3.83645660e+02 -6.06439972e+01  3.83645660e+02 -6.07162278e+01  3.83645660e+02 -2.82385823e+00  3.83645660e+02 -2.86046888e+00 
 3.85861164e+02 -6.05041389e+01  3.85861164e+02 -6.05763951e+01  3.85861164e+02 -2.83910987e+00  3.85861164e+02 -2.87602775e+00 
 3.88089462e+02 -6.03641446e+01  3.88089462e+02 -6.04364268e+01  3.88089462e+02 -2.85456737e+00  3.88089462e+02 -2.89179401e+00 
 3.90330628e+02 -6.02240147e+01  3.90330628e+02 -6.02963231e+01  3.90330628e+02 -2.87023374e+00  3.90330628e+02 -2.90777067e+00 
 3.92584737e+02 -6.00837494e+01  3.92584737e+02 -6.01560845e+01  3.92584737e+02 -2.88611204e+00  3.92584737e+02 -2.92396076e+00 
 3.94851863e+02 -5.99433491e+01  3.94851863e+02 -6.00157111e+01  3.94851863e+02 -2.90220538e+00  3.94851863e+02 -2.94036742e+00 
 3.97132081e+02 -5.98028139e+01  3.97132081e+02 -5.98752032e+01  3.97132081e+02 -2.91851692e+00  3.97132081e+02 -2.95699377e+00 
 3.99425467e+02 -5.96621443e+01  3.99425467e+02 -5.97345612e+01  3.99425467e+02 -2.93504986e+00  3.99425467e+02 -2.97384303e+00 
 4.01732097e+02 -5.95213404e+01  4.01732097e+02 -5.95937852e+01  4.01732097e+02 -2.95180747e+00  4.01732097e+02 -2.99091846e+00 
 4.04052048e+02 -5.93804026e+01  4.04052048e+02 -5.94528757e+01  4.04052048e+02 -2.96879305e+00  4.04052048e+02 -3.00822335e+00 
 4.06385396e+02 -5.92393310e+01  4.06385396e+02 -5.93118328e+01  4.06385396e+02 -2.98600997e+00  4.06385396e+02 -3.02576109e+00 
 4.08732219e+02 -5.90981261e+01  4.08732219e+02 -5.91706568e+01  4.08732219e+02 -3.00346165e+00  4.08732219e+02 -3.04353507e+00 
 4.11092594e+02 -5.89567880e+01  4.11092594e+02 -5.90293481e+01  4.11092594e+02 -3.02115157e+00  4.11092594e+02 -3.06154877e+00 
 4.13466600e+02 -5.88153170e+01  4.13466600e+02 -5.88879067e+01  4.13466600e+02 -3.03908324e+00  4.13466600e+02 -3.07980573e+00 
 4.15854316e+02 -5.86737133e+01  4.15854316e+02 -5.87463331e+01  4.15854316e+02 -3.05726027e+00  4.15854316e+02 -3.09830952e+00 
 4.18255821e+02 -5.85319772e+01  4.18255821e+02 -5.86046275e+01  4.18255821e+02 -3.07568629e+00  4.18255821e+02 -3.11706380e+00 
 4.20671194e+02 -5.83901090e+01  4.20671194e+02 -5.84627901e+01  4.20671194e+02 -3.09436501e+00  4.20671194e+02 -3.13607227e+00 
 4.23100516e+02 -5.82481089e+01  4.23100516e+02 -5.83208212e+01  4.23100516e+02 -3.11330019e+00  4.23100516e+02 -3.15533869e+00 
 4.25543866e+02 -5.81059770e+01  4.25543866e+02 -5.81787210e+01  4.25543866e+02 -3.13249566e+00  4.25543866e+02 -3.17486689e+00 
 4.28001327e+02 -5.79637138e+01  4.28001327e+02 -5.80364897e+01  4.28001327e+02 -3.15195530e+00  4.28001327e+02 -3.19466076e+00 
 4.30472979e+02 -5.78213193e+01  4.30472979e+02 -5.78941276e+01  4.30472979e+02 -3.17168307e+00  4.30472979e+02 -3.21472427e+00 
 4.32958904e+02 -5.76787938e+01  4.32958904e+02 -5.77516349e+01  4.32958904e+02 -3.19168297e+00  4.32958904e+02 -3.23506142e+00 
 4.35459186e+02 -5.75361376e+01  4.35459186e+02 -5.76090119e+01  4.35459186e+02 -3.21195909e+00  4.35459186e+02 -3.25567631e+00 
 4.37973906e+02 -5.73933508e+01  4.37973906e+02 -5.74662587e+01  4.37973906e+02 -3.23251557e+00  4.37973906e+02 -3.27657308e+00 
 4.40503148e+02 -5.72504336e+01  4.40503148e+02 -5.73233755e+01  4.40503148e+02 -3.25335663e+00  4.40503148e+02 -3.29775598e+00 
 4.43046997e+02 -5.71073863e+01  4.43046997e+02 -5.71803627e+01  4.43046997e+02 -3.27448655e+00  4.43046997e+02 -3.31922927e+00 
 4.45605536e+02 -5.69642090e+01  4.45605536e+02 -5.70372203e+01  4.45605536e+02 -3.29590968e+00  4.45605536e+02 -3.34099735e+00 
 4.48178850e+02 -5.68209020e+01  4.48178850e+02 -5.68939485e+01  4.48178850e+02 -3.31763045e+00  4.48178850e+02 -3.36306463e+00 
 4.50767024e+02 -5.66774653e+01  4.50767024e+02 -5.67505477e+01  4.50767024e+02 -3.33965334e+00  4.50767024e+02 -3.38543564e+00 
 4.53370145e+02 -5.65338993e+01  4.53370145e+02 -5.66070178e+01  4.53370145e+02 -3.36198294e+00  4.53370145e+02 -3.40811496e+00 
 4.55988299e+02 -5.63902040e+01  4.55988299e+02 -5.64633592e+01  4.55988299e+02 -3.38462388e+00  4.55988299e+02 -3.43110726e+00 
 4.58621572e+02 -5.62463796e+01  4.58621572e+02 -5.63195719e+01  4.58621572e+02 -3.40758088e+00  4.58621572e+02 -3.45441728e+00 
 4.61270052e+02 -5.61024263e+01  4.61270052e+02 -5.61756562e+01  4.61270052e+02 -3.43085875e+00  4.61270052e+02 -3.47804984e+00 
 4.63933827e+02 -5.59583442e+01  4.63933827e+02 -5.60316122e+01  4.63933827e+02 -3.45446235e+00  4.63933827e+02 -3.50200984e+00 
 4.66612984e+02 -5.58141335e+01  4.66612984e+02 -5.58874400e+01  4.66612984e+02 -3.47839666e+00  4.66612984e+02 -3.52630228e+00 
 4.69307614e+02 -5.56697943e+01  4.69307614e+02 -5.57431398e+01  4.69307614e+02 -3.50266670e+00  4.69307614e+02 -3.55093222e+00 
 4.72017804e+02 -5.55253268e+01  4.72017804e+02 -5.55987118e+01  4.72017804e+02 -3.52727759e+00  4.72017804e+02 -3.57590482e+00 
 4.74743646e+02 -5.53807310e+01  4.74743646e+02 -5.54541560e+01  4.74743646e+02 -3.55223455e+00  4.74743646e+02 -3.60122532e+00 
 4.77485229e+02 -5.52360071e+01  4.77485229e+02 -5.53094726e+01  4.77485229e+02 -3.57754285e+00  4.77485229e+02 -3.62689905e+00 
 4.80242644e+02 -5.50911551e+01  4.80242644e+02 -5.51646617e+01  4.80242644e+02 -3.60320789e+00  4.80242644e+02 -3.65293143e+00 
 4.83015983e+02 -5.49461752e+01  4.83015983e+02 -5.50197234e+01  4.83015983e+02 -3.62923512e+00  4.83015983e+02 -3.67932797e+00 
 4.85805337e+02 -5.48010675e+01  4.85805337e+02 -5.48746577e+01  4.85805337e+02 -3.65563010e+00  4.85805337e+02 -3.70609428e+00 
 4.88610800e+02 -5.46558321e+01  4.88610800e+02 -5.47294649e+01  4.88610800e+02 -3.68239848e+00  4.88610800e+02 -3.73323606e+00 
 4.91432464e+02 -5.45104689e+01  4.91432464e+02 -5.45841449e+01  4.91432464e+02 -3.70954600e+00  4.91432464e+02 -3.76075910e+00 
 4.94270422e+02 -5.43649782e+01  4.94270422e+02 -5.44386978e+01  4.94270422e+02 -3.73707849e+00  4.94270422e+02 -3.78866930e+00 
 4.97124770e+02 -5.42193599e+01  4.97124770e+02 -5.42931238e+01  4.97124770e+02 -3.76500188e+00  4.97124770e+02 -3.81697264e+00 
 4.99995601e+02 -5.40736140e+01  4.99995601e+02 -5.41474227e+01  4.99995601e+02 -3.79332220e+00  4.99995601e+02 -3.84567523e+00 
 5.02883010e+02 -5.39277408e+01  5.02883010e+02 -5.40015948e+01  5.02883010e+02 -3.82204557e+00  5.02883010e+02 -3.87478325e+00 
 5.05787094e+02 -5.37817400e+01  5.05787094e+02 -5.38556401e+01  5.05787094e+02 -3.85117821e+00  5.05787094e+02 -3.90430300e+00 
 5.08707949e+02 -5.36356119e+01  5.08707949e+02 -5.37095584e+01  5.08707949e+02 -3.88072645e+00  5.08707949e+02 -3.93424090e+00 
 5.11645672e+02 -5.34893563e+01  5.11645672e+02 -5.35633500e+01  5.11645672e+02 -3.91069672e+00  5.11645672e+02 -3.96460344e+00 
 5.14600359e+02 -5.33429733e+01  5.14600359e+02 -5.34170148e+01  5.14600359e+02 -3.94109554e+00  5.14600359e+02 -3.99539725e+00 
 5.17572109e+02 -5.31964629e+01  5.17572109e+02 -5.32705527e+01  5.17572109e+02 -3.97192956e+00  5.17572109e+02 -4.02662906e+00 
 5.20561021e+02 -5.30498250e+01  5.20561021e+02 -5.31239639e+01  5.20561021e+02 -4.00320552e+00  5.20561021e+02 -4.05830570e+00 
 5.23567193e+02 -5.29030597e+01  5.23567193e+02 -5.29772481e+01  5.23567193e+02 -4.03493026e+00  5.23567193e+02 -4.09043414e+00 
 5.26590726e+02 -5.27561669e+01  5.26590726e+02 -5.28304056e+01  5.26590726e+02 -4.06711076e+00  5.26590726e+02 -4.12302142e+00 
 5.29631719e+02 -5.26091465e+01  5.29631719e+02 -5.26834361e+01  5.29631719e+02 -4.09975406e+00  5.29631719e+02 -4.15607475e+00 
 5.32690273e+02 -5.24619985e+01  5.32690273e+02 -5.25363396e+01  5.32690273e+02 -4.13286737e+00  5.32690273e+02 -4.18960140e+00 
 5.35766490e+02 -5.23147228e+01  5.35766490e+02 -5.23891161e+01  5.35766490e+02 -4.16645796e+00  5.35766490e+02 -4.22360879e+00 
 5.38860472e+02 -5.21673194e+01  5.38860472e+02 -5.22417656e+01  5.38860472e+02 -4.20053324e+00  5.38860472e+02 -4.25810446e+00 
 5.41972321e+02 -5.20197880e+01  5.41972321e+02 -5.20942878e+01  5.41972321e+02 -4.23510074e+00  5.41972321e+02 -4.29309606e+00 
 5.45102141e+02 -5.18721287e+01  5.45102141e+02 -5.19466828e+01  5.45102141e+02 -4.27016808e+00  5.45102141e+02 -4.32859134e+00 
 5.48250035e+02 -5.17243414e+01  5.48250035e+02 -5.17989504e+01  5.48250035e+02 -4.30574302e+00  5.48250035e+02 -4.36459820e+00 
 5.51416108e+02 -5.15764258e+01  5.51416108e+02 -5.16510905e+01  5.51416108e+02 -4.34183342e+00  5.51416108e+02 -4.40112465e+00 
 5.54600464e+02 -5.14283819e+01  5.54600464e+02 -5.15031030e+01  5.54600464e+02 -4.37844724e+00  5.54600464e+02 -4.43817881e+00 
 5.57803210e+02 -5.12802094e+01  5.57803210e+02 -5.13549877e+01  5.57803210e+02 -4.41559260e+00  5.57803210e+02 -4.47576893e+00 
 5.61024451e+02 -5.11319084e+01  5.61024451e+02 -5.12067445e+01  5.61024451e+02 -4.45327769e+00  5.61024451e+02 -4.51390338e+00 
 5.64264294e+02 -5.09834784e+01  5.64264294e+02 -5.10583732e+01  5.64264294e+02 -4.49151085e+00  5.64264294e+02 -4.55259063e+00 
 5.67522847e+02 -5.08349195e+01  5.67522847e+02 -5.09098737e+01  5.67522847e+02 -4.53030050e+00  5.67522847e+02 -4.59183930e+00 
 5.70800218e+02 -5.06862313e+01  5.70800218e+02 -5.07612457e+01  5.70800218e+02 -4.56965520e+00  5.70800218e+02 -4.63165810e+00 
 5.74096515e+02 -5.05374138e+01  5.74096515e+02 -5.06124891e+01  5.74096515e+02 -4.60958362e+00  5.74096515e+02 -4.67205585e+00 
 5.77411848e+02 -5.03884665e+01  5.77411848e+02 -5.04636036e+01  5.77411848e+02 -4.65009451e+00  5.77411848e+02 -4.71304150e+00 
 5.80746326e+02 -5.02393894e+01  5.80746326e+02 -5.03145890e+01  5.80746326e+02 -4.69119676e+00  5.80746326e+02 -4.75462410e+00 
 5.84100061e+02 -5.00901821e+01  5.84100061e+02 -5.01654451e+01  5.84100061e+02 -4.73289935e+00  5.84100061e+02 -4.79681281e+00 
 5.87473163e+02 -4.99408444e+01  5.87473163e+02 -5.00161717e+01  5.87473163e+02 -4.77521136e+00  5.87473163e+02 -4.83961688e+00 
 5.90865744e+02 -4.97913760e+01  5.90865744e+02 -4.98667684e+01  5.90865744e+02 -4.81814198e+00  5.90865744e+02 -4.88304566e+00 
 5.94277917e+02 -4.96417766e+01  5.94277917e+02 -4.97172350e+01  5.94277917e+02 -4.86170048e+00  5.94277917e+02 -4.92710858e+00 
 5.97709794e+02 -4.94920460e+01  5.97709794e+02 -4.95675711e+01  5.97709794e+02 -4.90589622e+00  5.97709794e+02 -4.97181519e+00 
 6.01161491e+02 -4.93421837e+01  6.01161491e+02 -4.94177766e+01  6.01161491e+02 -4.95073864e+00  6.01161491e+02 -5.01717507e+00 
 6.04633120e+02 -4.91921896e+01  6.04633120e+02 -4.92678510e+01  6.04633120e+02 -4.99623726e+00  6.04633120e+02 -5.06319790e+00 
 6.08124798e+02 -4.90420631e+01  6.08124798e+02 -4.91177940e+01  6.08124798e+02 -5.04240167e+00  6.08124798e+02 -5.10989338e+00 
 6.11636640e+02 -4.88918040e+01  6.11636640e+02 -4.89676053e+01  6.11636640e+02 -5.08924149e+00  6.11636640e+02 -5.15727131e+00 
 6.15168762e+02 -4.87414118e+01  6.15168762e+02 -4.88172846e+01  6.15168762e+02 -5.13676642e+00  6.15168762e+02 -5.20534146e+00 
 6.18721282e+02 -4.85908862e+01  6.18721282e+02 -4.86668313e+01  6.18721282e+02 -5.18498618e+00  6.18721282e+02 -5.25411368e+00 
 6.22294317e+02 -4.84402268e+01  6.22294317e+02 -4.85162452e+01  6.22294317e+02 -5.23391051e+00  6.22294317e+02 -5.30359776e+00 
 6.25887985e+02 -4.82894332e+01  6.25887985e+02 -4.83655258e+01  6.25887985e+02 -5.28354916e+00  6.25887985e+02 -5.35380353e+00 
 6.29502407e+02 -4.81385048e+01  6.29502407e+02 -4.82146727e+01  6.29502407e+02 -5.33391188e+00  6.29502407e+02 -5.40474074e+00 
 6.33137702e+02 -4.79874413e+01  6.33137702e+02 -4.80636855e+01  6.33137702e+02 -5.38500836e+00  6.33137702e+02 -5.45641911e+00 
 6.36793990e+02 -4.78362422e+01  6.36793990e+02 -4.79125637e+01  6.36793990e+02 -5.43684828e+00  6.36793990e+02 -5.50884824e+00 
 6.40471392e+02 -4.76849070e+01  6.40471392e+02 -4.77613069e+01  6.40471392e+02 -5.48944121e+00  6.40471392e+02 -5.56203764e+00 
 6.44170031e+02 -4.75334352e+01  6.44170031e+02 -4.76099145e+01  6.44170031e+02 -5.54279665e+00  6.44170031e+02 -5.61599667e+00 
 6.47890030e+02 -4.73818262e+01  6.47890030e+02 -4.74583860e+01  6.47890030e+02 -5.59692395e+00  6.47890030e+02 -5.67073450e+00 
 6.51631510e+02 -4.72300796e+01  6.51631510e+02 -4.73067210e+01  6.51631510e+02 -5.65183231e+00  6.51631510e+02 -5.72626006e+00 
 6.55394598e+02 -4.70781948e+01  6.55394598e+02 -4.71549188e+01  6.55394598e+02 -5.70753072e+00  6.55394598e+02 -5.78258204e+00 
 6.59179416e+02 -4.69261712e+01  6.59179416e+02 -4.70029790e+01  6.59179416e+02 -5.76402793e+00  6.59179416e+02 -5.83970879e+00 
 6.62986092e+02 -4.67740082e+01  6.62986092e+02 -4.68509009e+01  6.62986092e+02 -5.82133242e+00  6.62986092e+02 -5.89764829e+00 
 6.66814750e+02 -4.66217052e+01  6.66814750e+02 -4.66986841e+01  6.66814750e+02 -5.87945232e+00  6.66814750e+02 -5.95640808e+00 
 6.70665519e+02 -4.64692616e+01  6.70665519e+02 -4.65463277e+01  6.70665519e+02 -5.93839538e+00  6.70665519e+02 -6.01599520e+00 
 6.74538525e+02 -4.63166767e+01  6.74538525e+02 -4.63938314e+01  6.74538525e+02 -5.99816890e+00  6.74538525e+02 -6.07641610e+00 
 6.78433898e+02 -4.61639499e+01  6.78433898e+02 -4.62411943e+01  6.78433898e+02 -6.05877963e+00  6.78433898e+02 -6.13767659e+00 
 6.82351765e+02 -4.60110806e+01  6.82351765e+02 -4.60884159e+01  6.82351765e+02 -6.12023376e+00  6.82351765e+02 -6.19978168e+00 
 6.86292258e+02 -4.58580679e+01  6.86292258e+02 -4.59354954e+01  6.86292258e+02 -6.18253678e+00  6.86292258e+02 -6.26273556e+00 
 6.90255507e+02 -4.57049112e+01  6.90255507e+02 -4.57824321e+01  6.90255507e+02 -6.24569341e+00  6.90255507e+02 -6.32654142e+00 
 6.94241643e+02 -4.55516098e+01  6.94241643e+02 -4.56292255e+01  6.94241643e+02 -6.30970750e+00  6.94241643e+02 -6.39120136e+00 
 6.98250798e+02 -4.53981629e+01  6.98250798e+02 -4.54758746e+01  6.98250798e+02 -6.37458190e+00  6.98250798e+02 -6.45671624e+00 
 7.02283105e+02 -4.52445697e+01  7.02283105e+02 -4.53223788e+01  7.02283105e+02 -6.44031836e+00  7.02283105e+02 -6.52308552e+00 
 7.06338699e+02 -4.50908294e+01  7.06338699e+02 -4.51687372e+01  7.06338699e+02 -6.50691735e+00  7.06338699e+02 -6.59030711e+00 
 7.10417713e+02 -4.49369412e+01  7.10417713e+02 -4.50149492e+01  7.10417713e+02 -6.57437796e+00  7.10417713e+02 -6.65837717e+00 
 7.14520283e+02 -4.47829042e+01  7.14520283e+02 -4.48610137e+01  7.14520283e+02 -6.64269770e+00  7.14520283e+02 -6.72728990e+00 
 7.18646545e+02 -4.46287177e+01  7.18646545e+02 -4.47069302e+01  7.18646545e+02 -6.71187232e+00  7.18646545e+02 -6.79703733e+00 
 7.22796636e+02 -4.44743807e+01  7.22796636e+02 -4.45526975e+01  7.22796636e+02 -6.78189561e+00  7.22796636e+02 -6.86760905e+00 
 7.26970692e+02 -4.43198923e+01  7.26970692e+02 -4.43983150e+01  7.26970692e+02 -6.85275917e+00  7.26970692e+02 -6.93899198e+00 
 7.31168854e+02 -4.41652517e+01  7.31168854e+02 -4.42437817e+01  7.31168854e+02 -6.92445216e+00  7.31168854e+02 -7.01117000e+00 
 7.35391259e+02 -4.40104577e+01  7.35391259e+02 -4.40890966e+01  7.35391259e+02 -6.99696106e+00  7.35391259e+02 -7.08412371e+00 
 7.39638048e+02 -4.38555096e+01  7.39638048e+02 -4.39342589e+01  7.39638048e+02 -7.07026933e+00  7.39638048e+02 -7.15783000e+00 
 7.43909361e+02 -4.37004063e+01  7.43909361e+02 -4.37792675e+01  7.43909361e+02 -7.14435713e+00  7.43909361e+02 -7.23226170e+00 
 7.48205341e+02 -4.35451467e+01  7.48205341e+02 -4.36241215e+01  7.48205341e+02 -7.21920092e+00  7.48205341e+02 -7.30738714e+00 
 7.52526130e+02 -4.33897299e+01  7.52526130e+02 -4.34688198e+01  7.52526130e+02 -7.29477311e+00  7.52526130e+02 -7.38316968e+00 
 7.56871871e+02 -4.32341548e+01  7.56871871e+02 -4.33133615e+01  7.56871871e+02 -7.37104165e+00  7.56871871e+02 -7.45956723e+00 
 7.61242707e+02 -4.30784202e+01  7.61242707e+02 -4.31577455e+01  7.61242707e+02 -7.44796950e+00  7.61242707e+02 -7.53653169e+00 
 7.65638785e+02 -4.29225252e+01  7.65638785e+02 -4.30019706e+01  7.65638785e+02 -7.52551422e+00  7.65638785e+02 -7.61400837e+00 
 7.70060250e+02 -4.27664685e+01  7.70060250e+02 -4.28460358e+01  7.70060250e+02 -7.60362739e+00  7.70060250e+02 -7.69193533e+00 
 7.74507247e+02 -4.26102490e+01  7.74507247e+02 -4.26899400e+01  7.74507247e+02 -7.68225401e+00  7.74507247e+02 -7.77024276e+00 
 7.78979926e+02 -4.24538655e+01  7.78979926e+02 -4.25336820e+01  7.78979926e+02 -7.76133192e+00  7.78979926e+02 -7.84885219e+00 
 7.83478434e+02 -4.22973169e+01  7.83478434e+02 -4.23772606e+01  7.83478434e+02 -7.84079110e+00  7.83478434e+02 -7.92767576e+00 
 7.88002920e+02 -4.21406018e+01  7.88002920e+02 -4.22206746e+01  7.88002920e+02 -7.92055298e+00  7.88002920e+02 -8.00661542e+00 
 7.92553535e+02 -4.19837190e+01  7.92553535e+02 -4.20639228e+01  7.92553535e+02 -8.00052964e+00  7.92553535e+02 -8.08556203e+00 
 7.97130428e+02 -4.18266672e+01  7.97130428e+02 -4.19070039e+01  7.97130428e+02 -8.08062304e+00  7.97130428e+02 -8.16439452e+00 
 8.01733753e+02 -4.16694452e+01  8.01733753e+02 -4.17499167e+01  8.01733753e+02 -8.16072416e+00  8.01733753e+02 -8.24297894e+00 
 8.06363661e+02 -4.15120515e+01  8.06363661e+02 -4.15926599e+01  8.06363661e+02 -8.24071216e+00  8.06363661e+02 -8.32116756e+00 
 8.11020307e+02 -4.13544848e+01  8.11020307e+02 -4.14352320e+01  8.11020307e+02 -8.32045340e+00  8.11020307e+02 -8.39879787e+00 
 8.15703844e+02 -4.11967437e+01  8.15703844e+02 -4.12776318e+01  8.15703844e+02 -8.39980060e+00  8.15703844e+02 -8.47569173e+00 
 8.20414427e+02 -4.10388268e+01  8.20414427e+02 -4.11198578e+01  8.20414427e+02 -8.47859183e+00  8.20414427e+02 -8.55165439e+00 
 8.25152214e+02 -4.08807326e+01  8.25152214e+02 -4.09619087e+01  8.25152214e+02 -8.55664964e+00  8.25152214e+02 -8.62647372e+00 
 8.29917361e+02 -4.07224596e+01  8.29917361e+02 -4.08037829e+01  8.29917361e+02 -8.63378015e+00  8.29917361e+02 -8.69991938e+00 
 8.34710026e+02 -4.05640064e+01  8.34710026e+02 -4.06454791e+01  8.34710026e+02 -8.70977218e+00  8.34710026e+02 -8.77174221e+00 
 8.39530368e+02 -4.04053713e+01  8.39530368e+02 -4.04869956e+01  8.39530368e+02 -8.78439653e+00  8.39530368e+02 -8.84167376e+00 
 8.44378547e+02 -4.02465528e+01  8.44378547e+02 -4.03283310e+01  8.44378547e+02 -8.85740531e+00  8.44378547e+02 -8.90942599e+00 
 8.49254723e+02 -4.00875493e+01  8.49254723e+02 -4.01694837e+01  8.49254723e+02 -8.92853144e+00  8.49254723e+02 -8.97469124e+00 
 8.54159059e+02 -3.99283591e+01  8.54159059e+02 -4.00104522e+01  8.54159059e+02 -8.99748834e+00  8.54159059e+02 -9.03714256e+00 
 8.59091716e+02 -3.97689806e+01  8.59091716e+02 -3.98512346e+01  8.59091716e+02 -9.06396994e+00  8.59091716e+02 -9.09643434e+00 
 8.64052859e+02 -3.96094121e+01  8.64052859e+02 -3.96918295e+01  8.64052859e+02 -9.12765088e+00  8.64052859e+02 -9.15220342e+00 
 8.69042652e+02 -3.94496518e+01  8.69042652e+02 -3.95322351e+01  8.69042652e+02 -9.18818713e+00  8.69042652e+02 -9.20407067e+00 
 8.74061261e+02 -3.92896980e+01  8.74061261e+02 -3.93724497e+01  8.74061261e+02 -9.24521708e+00  8.74061261e+02 -9.25164313e+00 
 8.79108851e+02 -3.91295489e+01  8.79108851e+02 -3.92124716e+01  8.79108851e+02 -9.29836300e+00  8.79108851e+02 -9.29451679e+00 
 8.84185590e+02 -3.89692026e+01  8.84185590e+02 -3.90522988e+01  8.84185590e+02 -9.34723313e+00  8.84185590e+02 -9.33227990e+00 
 8.89291647e+02 -3.88086572e+01  8.89291647e+02 -3.88919297e+01  8.89291647e+02 -9.39142434e+00  8.89291647e+02 -9.36451706e+00 
 8.94427191e+02 -3.86479109e+01  8.94427191e+02 -3.87313624e+01  8.94427191e+02 -9.43052538e+00  8.94427191e+02 -9.39081388e+00 
 8.99592392e+02 -3.84869617e+01  8.99592392e+02 -3.85705949e+01  8.99592392e+02 -9.46412081e+00  8.99592392e+02 -9.41076234e+00 
 9.04787421e+02 -3.83258076e+01  9.04787421e+02 -3.84096254e+01  9.04787421e+02 -9.49179560e+00  9.04787421e+02 -9.42396665e+00 
 9.10012451e+02 -3.81644466e+01  9.10012451e+02 -3.82484518e+01  9.10012451e+02 -9.51314029e+00  9.10012451e+02 -9.43004964e+00 
 9.15267655e+02 -3.80028766e+01  9.15267655e+02 -3.80870722e+01  9.15267655e+02 -9.52775683e+00  9.15267655e+02 -9.42865950e+00 
 9.20553206e+02 -3.78410956e+01  9.20553206e+02 -3.79254845e+01  9.20553206e+02 -9.53526478e+00  9.20553206e+02 -9.41947668e+00 
 9.25869281e+02 -3.76791014e+01  9.25869281e+02 -3.77636867e+01  9.25869281e+02 -9.53530800e+00  9.25869281e+02 -9.40222082e+00 
 9.31216056e+02 -3.75168919e+01  9.31216056e+02 -3.76016766e+01  9.31216056e+02 -9.52756146e+00  9.31216056e+02 -9.37665742e+00 
 9.36593708e+02 -3.73544648e+01  9.36593708e+02 -3.74394521e+01  9.36593708e+02 -9.51173814e+00  9.36593708e+02 -9.34260416e+00 
 9.42002415e+02 -3.71918178e+01  9.42002415e+02 -3.72770110e+01  9.42002415e+02 -9.48759570e+00  9.42002415e+02 -9.29993643e+00 
 9.47442357e+02 -3.70289488e+01  9.47442357e+02 -3.71143510e+01  9.47442357e+02 -9.45494278e+00  9.47442357e+02 -9.24859206e+00 
 9.52913713e+02 -3.68658553e+01  9.52913713e+02 -3.69514699e+01  9.52913713e+02 -9.41364466e+00  9.52913713e+02 -9.18857493e+00 
 9.58416666e+02 -3.67025350e+01  9.58416666e+02 -3.67883655e+01  9.58416666e+02 -9.36362807e+00  9.58416666e+02 -9.11995738e+00 
 9.63951398e+02 -3.65389854e+01  9.63951398e+02 -3.66250352e+01  9.63951398e+02 -9.30488499e+00  9.63951398e+02 -9.04288127e+00 
 9.69518092e+02 -3.63752041e+01  9.69518092e+02 -3.64614767e+01  9.69518092e+02 -9.23747523e+00  9.69518092e+02 -8.95755766e+00 
 9.75116933e+02 -3.62111886e+01  9.75116933e+02 -3.62976876e+01  9.75116933e+02 -9.16152769e+00  9.75116933e+02 -8.86426521e+00 
 9.80748106e+02 -3.60469363e+01  9.80748106e+02 -3.61336654e+01  9.80748106e+02 -9.07724041e+00  9.80748106e+02 -8.76334716e+00 
 9.86411799e+02 -3.58824446e+01  9.86411799e+02 -3.59694076e+01  9.86411799e+02 -8.98487908e+00  9.86411799e+02 -8.65520734e+00 
 9.92108199e+02 -3.57177109e+01  9.92108199e+02 -3.58049116e+01  9.92108199e+02 -8.88477446e+00  9.92108199e+02 -8.54030501e+00 
 9.97837495e+02 -3.55527324e+01  9.97837495e+02 -3.56401747e+01  9.97837495e+02 -8.77731852e+00  9.97837495e+02 -8.41914909e+00 
 1.00359988e+03 -3.53875065e+01  1.00359988e+03 -3.54751943e+01  1.00359988e+03 -8.66295970e+00  1.00359988e+03 -8.29229167e+00 
 1.00939554e+03 -3.52220303e+01  1.00939554e+03 -3.53099678e+01  1.00939554e+03 -8.54219723e+00  1.00939554e+03 -8.16032126e+00 
 1.01522466e+03 -3.50563011e+01  1.01522466e+03 -3.51444922e+01  1.01522466e+03 -8.41557500e+00  1.01522466e+03 -8.02385583e+00 
 1.02108745e+03 -3.48903158e+01  1.02108745e+03 -3.49787650e+01  1.02108745e+03 -8.28367491e+00  1.02108745e+03 -7.88353591e+00 
 1.02698410e+03 -3.47240716e+01  1.02698410e+03 -3.48127830e+01  1.02698410e+03 -8.14711014e+00  1.02698410e+03 -7.74001787e+00 
 1.03291480e+03 -3.45575654e+01  1.03291480e+03 -3.46465436e+01  1.03291480e+03 -8.00651837e+00  1.03291480e+03 -7.59396751e+00 
 1.03887975e+03 -3.43907943e+01  1.03887975e+03 -3.44800436e+01  1.03887975e+03 -7.86255514e+00  1.03887975e+03 -7.44605402e+00 
 1.04487915e+03 -3.42237551e+01  1.04487915e+03 -3.43132802e+01  1.04487915e+03 -7.71588751e+00  1.04487915e+03 -7.29694441e+00 
 1.05091319e+03 -3.40564446e+01  1.05091319e+03 -3.41462502e+01  1.05091319e+03 -7.56718814e+00  1.05091319e+03 -7.14729847e+00 
 1.05698207e+03 -3.38888597e+01  1.05698207e+03 -3.39789506e+01  1.05698207e+03 -7.41712965e+00  1.05698207e+03 -6.99776418e+00 
 1.06308601e+03 -3.37209971e+01  1.06308601e+03 -3.38113781e+01  1.06308601e+03 -7.26637965e+00  1.06308601e+03 -6.84897356e+00 
 1.06922519e+03 -3.35528534e+01  1.06922519e+03 -3.36435295e+01  1.06922519e+03 -7.11559604e+00  1.06922519e+03 -6.70153905e+00 
 1.07539983e+03 -3.33844253e+01  1.07539983e+03 -3.34754016e+01  1.07539983e+03 -6.96542286e+00  1.07539983e+03 -6.55605026e+00 
 1.08161012e+03 -3.32157094e+01  1.08161012e+03 -3.33069911e+01  1.08161012e+03 -6.81648659e+00  1.08161012e+03 -6.41307112e+00 
 1.08785628e+03 -3.30467021e+01  1.08785628e+03 -3.31382945e+01  1.08785628e+03 -6.66939276e+00  1.08785628e+03 -6.27313734e+00 
 1.09413851e+03 -3.28773999e+01  1.09413851e+03 -3.29693084e+01  1.09413851e+03 -6.52472299e+00  1.09413851e+03 -6.13675422e+00 
 1.10045702e+03 -3.27077991e+01  1.10045702e+03 -3.28000294e+01  1.10045702e+03 -6.38303225e+00  1.10045702e+03 -6.00439471e+00 
 1.10681201e+03 -3.25378962e+01  1.10681201e+03 -3.26304538e+01  1.10681201e+03 -6.24484651e+00  1.10681201e+03 -5.87649776e+00 
 1.11320371e+03 -3.23676872e+01  1.11320371e+03 -3.24605780e+01  1.11320371e+03 -6.11066060e+00  1.11320371e+03 -5.75346694e+00 
 1.11963232e+03 -3.21971685e+01  1.11963232e+03 -3.22903983e+01  1.11963232e+03 -5.98093625e+00  1.11963232e+03 -5.63566927e+00 
 1.12609805e+03 -3.20263361e+01  1.12609805e+03 -3.21199111e+01  1.12609805e+03 -5.85610047e+00  1.12609805e+03 -5.52343429e+00 
 1.13260112e+03 -3.18551862e+01  1.13260112e+03 -3.19491124e+01  1.13260112e+03 -5.73654408e+00  1.13260112e+03 -5.41705349e+00 
 1.13914174e+03 -3.16837146e+01  1.13914174e+03 -3.17779985e+01  1.13914174e+03 -5.62262048e+00  1.13914174e+03 -5.31677989e+00 
 1.14572014e+03 -3.15119174e+01  1.14572014e+03 -3.16065653e+01  1.14572014e+03 -5.51464474e+00  1.14572014e+03 -5.22282800e+00 
 1.15233652e+03 -3.13397903e+01  1.15233652e+03 -3.14348090e+01  1.15233652e+03 -5.41289287e+00  1.15233652e+03 -5.13537400e+00 
 1.15899112e+03 -3.11673292e+01  1.15899112e+03 -3.12627253e+01  1.15899112e+03 -5.31760143e+00  1.15899112e+03 -5.05455624e+00 
 1.16568414e+03 -3.09945298e+01  1.16568414e+03 -3.10903103e+01  1.16568414e+03 -5.22896744e+00  1.16568414e+03 -4.98047608e+00 
 1.17241581e+03 -3.08213878e+01  1.17241581e+03 -3.09175597e+01  1.17241581e+03 -5.14714855e+00  1.17241581e+03 -4.91319895e+00 
 1.17918636e+03 -3.06478986e+01  1.17918636e+03 -3.07444693e+01  1.17918636e+03 -5.07226367e+00  1.17918636e+03 -4.85275577e+00 
 1.18599601e+03 -3.04740578e+01  1.18599601e+03 -3.05710346e+01  1.18599601e+03 -5.00439378e+00  1.18599601e+03 -4.79914456e+00 
 1.19284498e+03 -3.02998609e+01  1.19284498e+03 -3.03972514e+01  1.19284498e+03 -4.94358314e+00  1.19284498e+03 -4.75233237e+00 
 1.19973351e+03 -3.01253031e+01  1.19973351e+03 -3.02231151e+01  1.19973351e+03 -4.88984084e+00  1.19973351e+03 -4.71225735e+00 
 1.20666181e+03 -2.99503798e+01  1.20666181e+03 -3.00486212e+01  1.20666181e+03 -4.84314258e+00  1.20666181e+03 -4.67883101e+00 
 1.21363013e+03 -2.97750862e+01  1.21363013e+03 -2.98737651e+01  1.21363013e+03 -4.80343271e+00  1.21363013e+03 -4.65194070e+00 
 1.22063868e+03 -2.95994173e+01  1.22063868e+03 -2.96985421e+01  1.22063868e+03 -4.77062659e+00  1.22063868e+03 -4.63145203e+00 
 1.22768771e+03 -2.94233682e+01  1.22768771e+03 -2.95229474e+01  1.22768771e+03 -4.74461298e+00  1.22768771e+03 -4.61721149e+00 
 1.23477745e+03 -2.92469339e+01  1.23477745e+03 -2.93469763e+01  1.23477745e+03 -4.72525672e+00  1.23477745e+03 -4.60904898e+00 
 1.24190813e+03 -2.90701093e+01  1.24190813e+03 -2.91706238e+01  1.24190813e+03 -4.71240135e+00  1.24190813e+03 -4.60678038e+00 
 1.24907999e+03 -2.88928892e+01  1.24907999e+03 -2.89938848e+01  1.24907999e+03 -4.70587192e+00  1.24907999e+03 -4.61020999e+00 
 1.25629326e+03 -2.87152682e+01  1.25629326e+03 -2.88167545e+01  1.25629326e+03 -4.70547767e+00  1.25629326e+03 -4.61913295e+00 
 1.26354819e+03 -2.85372410e+01  1.26354819e+03 -2.86392276e+01  1.26354819e+03 -4.71101475e+00  1.26354819e+03 -4.63333748e+00 
 1.27084502e+03 -2.83588023e+01  1.27084502e+03 -2.84612990e+01  1.27084502e+03 -4.72226878e+00  1.27084502e+03 -4.65260699e+00 
 1.27818399e+03 -2.81799464e+01  1.27818399e+03 -2.82829633e+01  1.27818399e+03 -4.73901738e+00  1.27818399e+03 -4.67672205e+00 
 1.28556533e+03 -2.80006677e+01  1.28556533e+03 -2.81042152e+01  1.28556533e+03 -4.76103245e+00  1.28556533e+03 -4.70546215e+00 
 1.29298931e+03 -2.78209606e+01  1.29298931e+03 -2.79250493e+01  1.29298931e+03 -4.78808240e+00  1.29298931e+03 -4.73860733e+00 
 1.30045615e+03 -2.76408192e+01  1.30045615e+03 -2.77454600e+01  1.30045615e+03 -4.81993405e+00  1.30045615e+03 -4.77593956e+00 
 1.30796612e+03 -2.74602378e+01  1.30796612e+03 -2.75654419e+01  1.30796612e+03 -4.85635450e+00  1.30796612e+03 -4.81724403e+00 
 1.31551945e+03 -2.72792104e+01  1.31551945e+03 -2.73849891e+01  1.31551945e+03 -4.89711266e+00  1.31551945e+03 -4.86231020e+00 
 1.32311640e+03 -2.70977309e+01  1.32311640e+03 -2.72040961e+01  1.32311640e+03 -4.94198068e+00  1.32311640e+03 -4.91093268e+00 
 1.33075723e+03 -2.69157932e+01  1.33075723e+03 -2.70227569e+01  1.33075723e+03 -4.99073514e+00  1.33075723e+03 -4.96291200e+00 
 1.33844218e+03 -2.67333912e+01  1.33844218e+03 -2.68409657e+01  1.33844218e+03 -5.04315804e+00  1.33844218e+03 -5.01805520e+00 
 1.34617151e+03 -2.65505185e+01  1.34617151e+03 -2.66587166e+01  1.34617151e+03 -5.09903769e+00  1.34617151e+03 -5.07617629e+00 
 1.35394547e+03 -2.63671688e+01  1.35394547e+03 -2.64760034e+01  1.35394547e+03 -5.15816932e+00  1.35394547e+03 -5.13709660e+00 
 1.36176433e+03 -2.61833357e+01  1.36176433e+03 -2.62928202e+01  1.36176433e+03 -5.22035566e+00  1.36176433e+03 -5.20064499e+00 
 1.36962835e+03 -2.59990126e+01  1.36962835e+03 -2.61091607e+01  1.36962835e+03 -5.28540730e+00  1.36962835e+03 -5.26665802e+00 
 1.37753777e+03 -2.58141929e+01  1.37753777e+03 -2.59250187e+01  1.37753777e+03 -5.35314294e+00  1.37753777e+03 -5.33497997e+00 
 1.38549287e+03 -2.56288699e+01  1.38549287e+03 -2.57403879e+01  1.38549287e+03 -5.42338960e+00  1.38549287e+03 -5.40546287e+00 
 1.39349391e+03 -2.54430369e+01  1.39349391e+03 -2.55552619e+01  1.39349391e+03 -5.49598261e+00  1.39349391e+03 -5.47796637e+00 
 1.40154116e+03 -2.52566870e+01  1.40154116e+03 -2.53696343e+01  1.40154116e+03 -5.57076566e+00  1.40154116e+03 -5.55235762e+00 
 1.40963488e+03 -2.50698133e+01  1.40963488e+03 -2.51834985e+01  1.40963488e+03 -5.64759067e+00  1.40963488e+03 -5.62851112e+00 
 1.41777534e+03 -2.48824089e+01  1.41777534e+03 -2.49968481e+01  1.41777534e+03 -5.72631765e+00  1.41777534e+03 -5.70630849e+00 
 1.42596281e+03 -2.46944667e+01  1.42596281e+03 -2.48096764e+01  1.42596281e+03 -5.80681454e+00  1.42596281e+03 -5.78563825e+00 
 1.43419756e+03 -2.45059796e+01  1.43419756e+03 -2.46219768e+01  1.43419756e+03 -5.88895694e+00  1.43419756e+03 -5.86639557e+00 
 1.44247986e+03 -2.43169404e+01  1.44247986e+03 -2.44337426e+01  1.44247986e+03 -5.97262789e+00  1.44247986e+03 -5.94848198e+00 
 1.45080999e+03 -2.41273419e+01  1.45080999e+03 -2.42449669e+01  1.45080999e+03 -6.05771756e+00  1.45080999e+03 -6.03180512e+00 
 1.45918823e+03 -2.39371768e+01  1.45918823e+03 -2.40556432e+01  1.45918823e+03 -6.14412297e+00  1.45918823e+03 -6.11627844e+00 
 1.46761486e+03 -2.37464378e+01  1.46761486e+03 -2.38657645e+01  1.46761486e+03 -6.23174767e+00  1.46761486e+03 -6.20182090e+00 
 1.47609014e+03 -2.35551175e+01  1.47609014e+03 -2.36753240e+01  1.47609014e+03 -6.32050147e+00  1.47609014e+03 -6.28835676e+00 
 1.48461437e+03 -2.33632086e+01  1.48461437e+03 -2.34843148e+01  1.48461437e+03 -6.41030006e+00  1.48461437e+03 -6.37581519e+00 
 1.49318783e+03 -2.31707036e+01  1.49318783e+03 -2.32927302e+01  1.49318783e+03 -6.50106477e+00  1.49318783e+03 -6.46413009e+00 
 1.50181079e+03 -2.29775951e+01  1.50181079e+03 -2.31005633e+01  1.50181079e+03 -6.59272222e+00  1.50181079e+03 -6.55323979e+00 
 1.51048355e+03 -2.27838756e+01  1.51048355e+03 -2.29078071e+01  1.51048355e+03 -6.68520402e+00  1.51048355e+03 -6.64308677e+00 
 1.51920640e+03 -2.25895376e+01  1.51920640e+03 -2.27144550e+01  1.51920640e+03 -6.77844650e+00  1.51920640e+03 -6.73361745e+00 
 1.52797962e+03 -2.23945738e+01  1.52797962e+03 -2.25205000e+01  1.52797962e+03 -6.87239042e+00  1.52797962e+03 -6.82478194e+00 
 1.53680350e+03 -2.21989767e+01  1.53680350e+03 -2.23259355e+01  1.53680350e+03 -6.96698071e+00  1.53680350e+03 -6.91653376e+00 
 1.54567834e+03 -2.20027390e+01  1.54567834e+03 -2.21307547e+01  1.54567834e+03 -7.06216618e+00  1.54567834e+03 -7.00882973e+00 
 1.55460443e+03 -2.18058533e+01  1.55460443e+03 -2.19349510e+01  1.55460443e+03 -7.15789930e+00  1.55460443e+03 -7.10162966e+00 
 1.56358207e+03 -2.16083122e+01  1.56358207e+03 -2.17385178e+01  1.56358207e+03 -7.25413595e+00  1.56358207e+03 -7.19489619e+00 
 1.57261156e+03 -2.14101088e+01  1.57261156e+03 -2.15414488e+01  1.57261156e+03 -7.35083521e+00  1.57261156e+03 -7.28859463e+00 
 1.58169318e+03 -2.12112358e+01  1.58169318e+03 -2.13437376e+01  1.58169318e+03 -7.44795912e+00  1.58169318e+03 -7.38269276e+00 
 1.59082726e+03 -2.10116864e+01  1.59082726e+03 -2.11453781e+01  1.59082726e+03 -7.54547254e+00  1.59082726e+03 -7.47716064e+00 
 1.60001408e+03 -2.08114536e+01  1.60001408e+03 -2.09463642e+01  1.60001408e+03 -7.64334286e+00  1.60001408e+03 -7.57197051e+00 
 1.60925395e+03 -2.06105308e+01  1.60925395e+03 -2.07466901e+01  1.60925395e+03 -7.74153994e+00  1.60925395e+03 -7.66709660e+00 
 1.61854718e+03 -2.04089117e+01  1.61854718e+03 -2.05463502e+01  1.61854718e+03 -7.84003586e+00  1.61854718e+03 -7.76251501e+00 
 1.62789408e+03 -2.02065899e+01  1.62789408e+03 -2.03453393e+01  1.62789408e+03 -7.93880477e+00  1.62789408e+03 -7.85820359e+00 
 1.63729496e+03 -2.00035594e+01  1.63729496e+03 -2.01436521e+01  1.63729496e+03 -8.03782280e+00  1.63729496e+03 -7.95414178e+00 
 1.64675013e+03 -1.97998147e+01  1.64675013e+03 -1.99412841e+01  1.64675013e+03 -8.13706786e+00  1.64675013e+03 -8.05031054e+00 
 1.65625989e+03 -1.95953503e+01  1.65625989e+03 -1.97382307e+01  1.65625989e+03 -8.23651956e+00  1.65625989e+03 -8.14669225e+00 
 1.66582458e+03 -1.93901611e+01  1.66582458e+03 -1.95344879e+01  1.66582458e+03 -8.33615903e+00  1.66582458e+03 -8.24327056e+00 
 1.67544450e+03 -1.91842428e+01  1.67544450e+03 -1.93300522e+01  1.67544450e+03 -8.43596888e+00  1.67544450e+03 -8.34003034e+00 
 1.68511997e+03 -1.89775910e+01  1.68511997e+03 -1.91249205e+01  1.68511997e+03 -8.53593305e+00  1.68511997e+03 -8.43695758e+00 
 1.69485132e+03 -1.87702022e+01  1.69485132e+03 -1.89190902e+01  1.69485132e+03 -8.63603671e+00  1.69485132e+03 -8.53403933e+00 
 1.70463887e+03 -1.85620733e+01  1.70463887e+03 -1.87125593e+01  1.70463887e+03 -8.73626622e+00  1.70463887e+03 -8.63126359e+00 
 1.71448294e+03 -1.83532020e+01  1.71448294e+03 -1.85053264e+01  1.71448294e+03 -8.83660897e+00  1.71448294e+03 -8.72861927e+00 
 1.72438385e+03 -1.81435865e+01  1.72438385e+03 -1.82973911e+01  1.72438385e+03 -8.93705336e+00  1.72438385e+03 -8.82609611e+00 
 1.73434195e+03 -1.79332258e+01  1.73434195e+03 -1.80887534e+01  1.73434195e+03 -9.03758871e+00  1.73434195e+03 -8.92368463e+00 
 1.74435755e+03 -1.77221198e+01  1.74435755e+03 -1.78794144e+01  1.74435755e+03 -9.13820518e+00  1.74435755e+03 -9.02137606e+00 
 1.75443098e+03 -1.75102694e+01  1.75443098e+03 -1.76693761e+01  1.75443098e+03 -9.23889374e+00  1.75443098e+03 -9.11916230e+00 
 1.76456260e+03 -1.72976764e+01  1.76456260e+03 -1.74586414e+01  1.76456260e+03 -9.33964606e+00  1.76456260e+03 -9.21703588e+00 
 1.77475271e+03 -1.70843437e+01  1.77475271e+03 -1.72472146e+01  1.77475271e+03 -9.44045451e+00  1.77475271e+03 -9.31498989e+00 
 1.78500168e+03 -1.68702756e+01  1.78500168e+03 -1.70351009e+01  1.78500168e+03 -9.54131208e+00  1.78500168e+03 -9.41301796e+00 
 1.79530983e+03 -1.66554777e+01  1.79530983e+03 -1.68223071e+01  1.79530983e+03 -9.64221233e+00  1.79530983e+03 -9.51111421e+00 
 1.80567751e+03 -1.64399568e+01  1.80567751e+03 -1.66088413e+01  1.80567751e+03 -9.74314936e+00  1.80567751e+03 -9.60927322e+00 
 1.81610507e+03 -1.62237218e+01  1.81610507e+03 -1.63947134e+01  1.81610507e+03 -9.84411776e+00  1.81610507e+03 -9.70748999e+00 
 1.82659284e+03 -1.60067828e+01  1.82659284e+03 -1.61799348e+01  1.82659284e+03 -9.94511260e+00  1.82659284e+03 -9.80575992e+00 
 1.83714118e+03 -1.57891523e+01  1.83714118e+03 -1.59645190e+01  1.83714118e+03 -1.00461294e+01  1.83714118e+03 -9.90407875e+00 
 1.84775043e+03 -1.55708446e+01  1.84775043e+03 -1.57484812e+01  1.84775043e+03 -1.01471639e+01  1.84775043e+03 -1.00024426e+01 
 1.85842095e+03 -1.53518763e+01  1.85842095e+03 -1.55318392e+01  1.85842095e+03 -1.02482124e+01  1.85842095e+03 -1.01008479e+01 
 1.86915308e+03 -1.51322665e+01  1.86915308e+03 -1.53146129e+01  1.86915308e+03 -1.03492715e+01  1.86915308e+03 -1.01992912e+01 
 1.87994720e+03 -1.49120370e+01  1.87994720e+03 -1.50968250e+01  1.87994720e+03 -1.04503381e+01  1.87994720e+03 -1.02977697e+01 
 1.89080365e+03 -1.46912123e+01  1.89080365e+03 -1.48785009e+01  1.89080365e+03 -1.05514093e+01  1.89080365e+03 -1.03962804e+01 
 1.90172280e+03 -1.44698202e+01  1.90172280e+03 -1.46596690e+01  1.90172280e+03 -1.06524825e+01  1.90172280e+03 -1.04948209e+01 
 1.91270500e+03 -1.42478919e+01  1.91270500e+03 -1.44403609e+01  1.91270500e+03 -1.07535554e+01  1.91270500e+03 -1.05933887e+01 
 1.92375062e+03 -1.40254622e+01  1.92375062e+03 -1.42206119e+01  1.92375062e+03 -1.08546259e+01  1.92375062e+03 -1.06919818e+01 
 1.93486003e+03 -1.38025697e+01  1.93486003e+03 -1.40004608e+01  1.93486003e+03 -1.09556921e+01  1.93486003e+03 -1.07905982e+01 
 1.94603360e+03 -1.35792573e+01  1.94603360e+03 -1.37799506e+01  1.94603360e+03 -1.10567522e+01  1.94603360e+03 -1.08892360e+01 
 1.95727169e+03 -1.33555727e+01  1.95727169e+03 -1.35591287e+01  1.95727169e+03 -1.11578048e+01  1.95727169e+03 -1.09878936e+01 
 1.96857468e+03 -1.31315681e+01  1.96857468e+03 -1.33380469e+01  1.96857468e+03 -1.12588484e+01  1.96857468e+03 -1.10865695e+01 
 1.97994294e+03 -1.29073012e+01  1.97994294e+03 -1.31167623e+01  1.97994294e+03 -1.13598819e+01  1.97994294e+03 -1.11852624e+01 
 1.99137685e+03 -1.26828352e+01  1.99137685e+03 -1.28953369e+01  1.99137685e+03 -1.14609042e+01  1.99137685e+03 -1.12839709e+01 
 2.00287680e+03 -1.24582394e+01  2.00287680e+03 -1.26738387e+01  2.00287680e+03 -1.15619142e+01  2.00287680e+03 -1.13826940e+01 
 2.01444315e+03 -1.22335893e+01  2.01444315e+03 -1.24523413e+01  2.01444315e+03 -1.16629111e+01  2.01444315e+03 -1.14814306e+01 
 2.02607630e+03 -1.20089673e+01  2.02607630e+03 -1.22309250e+01  2.02607630e+03 -1.17638942e+01  2.02607630e+03 -1.15801798e+01 
 2.03777663e+03 -1.17844630e+01  2.03777663e+03 -1.20096766e+01  2.03777663e+03 -1.18648629e+01  2.03777663e+03 -1.16789407e+01 
 2.04954452e+03 -1.15601736e+01  2.04954452e+03 -1.17886900e+01  2.04954452e+03 -1.19658166e+01  2.04954452e+03 -1.17777126e+01 
 2.06138037e+03 -1.13362043e+01  2.06138037e+03 -1.15680665e+01  2.06138037e+03 -1.20667548e+01  2.06138037e+03 -1.18764947e+01 
 2.07328458e+03 -1.11126685e+01  2.07328458e+03 -1.13479152e+01  2.07328458e+03 -1.21676772e+01  2.07328458e+03 -1.19752865e+01 
 2.08525753e+03 -1.08896889e+01  2.08525753e+03 -1.11283534e+01  2.08525753e+03 -1.22685833e+01  2.08525753e+03 -1.20740873e+01 
 2.09729962e+03 -1.06673969e+01  2.09729962e+03 -1.09095067e+01  2.09729962e+03 -1.23694730e+01  2.09729962e+03 -1.21728968e+01 
 2.10941125e+03 -1.04459336e+01  2.10941125e+03 -1.06915094e+01  2.10941125e+03 -1.24703461e+01  2.10941125e+03 -1.22717144e+01 
 2.12159283e+03 -1.02254501e+01  2.12159283e+03 -1.04745049e+01  2.12159283e+03 -1.25712023e+01  2.12159283e+03 -1.23705397e+01 
 2.13384475e+03 -1.00061073e+01  2.13384475e+03 -1.02586458e+01  2.13384475e+03 -1.26720416e+01  2.13384475e+03 -1.24693723e+01 
 2.14616743e+03 -9.78807657e+00  2.14616743e+03 -1.00440939e+01  2.14616743e+03 -1.27728639e+01  2.14616743e+03 -1.25682121e+01 
 2.15856126e+03 -9.57153951e+00  2.15856126e+03 -9.83102033e+00  2.15856126e+03 -1.28736692e+01  2.15856126e+03 -1.26670586e+01 
 2.17102668e+03 -9.35668822e+00  2.17102668e+03 -9.61960584e+00  2.17102668e+03 -1.29744575e+01  2.17102668e+03 -1.27659117e+01 
 2.18356407e+03 -9.14372511e+00  2.18356407e+03 -9.41004032e+00  2.18356407e+03 -1.30752288e+01  2.18356407e+03 -1.28647711e+01 
 2.19617387e+03 -8.93286269e+00  2.19617387e+03 -9.20252279e+00  2.19617387e+03 -1.31759833e+01  2.19617387e+03 -1.29636366e+01 
 2.20885649e+03 -8.72432322e+00  2.20885649e+03 -8.99726101e+00  2.20885649e+03 -1.32767210e+01  2.20885649e+03 -1.30625082e+01 
 2.22161235e+03 -8.51833823e+00  2.22161235e+03 -8.79447102e+00  2.22161235e+03 -1.33774421e+01  2.22161235e+03 -1.31613856e+01 
 2.23444187e+03 -8.31514780e+00  2.23444187e+03 -8.59437650e+00  2.23444187e+03 -1.34781466e+01  2.23444187e+03 -1.32602688e+01 
 2.24734548e+03 -8.11499972e+00  2.24734548e+03 -8.39720799e+00  2.24734548e+03 -1.35788348e+01  2.24734548e+03 -1.33591576e+01 
 2.26032361e+03 -7.91814840e+00  2.26032361e+03 -8.20320193e+00  2.26032361e+03 -1.36795069e+01  2.26032361e+03 -1.34580520e+01 
 2.27337669e+03 -7.72485360e+00  2.27337669e+03 -8.01259953e+00  2.27337669e+03 -1.37801630e+01  2.27337669e+03 -1.35569519e+01 
 2.28650514e+03 -7.53537891e+00  2.28650514e+03 -7.82564539e+00  2.28650514e+03 -1.38808033e+01  2.28650514e+03 -1.36558574e+01 
 2.29970941e+03 -7.34999006e+00  2.29970941e+03 -7.64258604e+00  2.29970941e+03 -1.39814281e+01  2.29970941e+03 -1.37547683e+01 
 2.31298994e+03 -7.16895296e+00  2.31298994e+03 -7.46366821e+00  2.31298994e+03 -1.40820376e+01  2.31298994e+03 -1.38536846e+01 
 2.32634715e+03 -6.99253160e+00  2.32634715e+03 -7.28913695e+00  2.32634715e+03 -1.41826321e+01  2.32634715e+03 -1.39526064e+01 
 2.33978150e+03 -6.82098572e+00  2.33978150e+03 -7.11923366e+00  2.33978150e+03 -1.42832117e+01  2.33978150e+03 -1.40515336e+01 
 2.35329344e+03 -6.65456839e+00  2.35329344e+03 -6.95419387e+00  2.35329344e+03 -1.43837767e+01  2.35329344e+03 -1.41504662e+01 
 2.36688340e+03 -6.49352340e+00  2.36688340e+03 -6.79424502e+00  2.36688340e+03 -1.44843275e+01  2.36688340e+03 -1.42494043e+01 
 2.38055185e+03 -6.33808261e+00  2.38055185e+03 -6.63960413e+00  2.38055185e+03 -1.45848642e+01  2.38055185e+03 -1.43483478e+01 
 2.39429922e+03 -6.18846333e+00  2.39429922e+03 -6.49047546e+00  2.39429922e+03 -1.46853871e+01  2.39429922e+03 -1.44472969e+01 
 2.40812599e+03 -6.04486566e+00  2.40812599e+03 -6.34704816e+00  2.40812599e+03 -1.47858966e+01  2.40812599e+03 -1.45462515e+01 
 2.42203261e+03 -5.90746995e+00  2.42203261e+03 -6.20949406e+00  2.42203261e+03 -1.48863928e+01  2.42203261e+03 -1.46452117e+01 
 2.43601953e+03 -5.77643446e+00  2.43601953e+03 -6.07796551e+00  2.43601953e+03 -1.49868760e+01  2.43601953e+03 -1.47441775e+01 
 2.45008723e+03 -5.65189321e+00  2.45008723e+03 -5.95259345e+00  2.45008723e+03 -1.50873465e+01  2.45008723e+03 -1.48431489e+01 
 2.46423616e+03 -5.53395408e+00  2.46423616e+03 -5.83348572e+00  2.46423616e+03 -1.51878046e+01  2.46423616e+03 -1.49421261e+01 
 2.47846680e+03 -5.42269735e+00  2.47846680e+03 -5.72072559e+00  2.47846680e+03 -1.52882505e+01  2.47846680e+03 -1.50411090e+01 
 2.49277963e+03 -5.31817450e+00  2.49277963e+03 -5.61437065e+00  2.49277963e+03 -1.53886845e+01  2.49277963e+03 -1.51400977e+01 
 2.50717511e+03 -5.22040752e+00  2.50717511e+03 -5.51445206e+00  2.50717511e+03 -1.54891069e+01  2.50717511e+03 -1.52390922e+01 
 2.52165372e+03 -5.12938863e+00  2.52165372e+03 -5.42097417e+00  2.52165372e+03 -1.55895179e+01  2.52165372e+03 -1.53380926e+01 
 2.53621594e+03 -5.04508047e+00  2.53621594e+03 -5.33391445e+00  2.53621594e+03 -1.56899179e+01  2.53621594e+03 -1.54370989e+01 
 2.55086226e+03 -4.96741666e+00  2.55086226e+03 -5.25322393e+00  2.55086226e+03 -1.57903070e+01  2.55086226e+03 -1.55361113e+01 
 2.56559316e+03 -4.89630289e+00  2.56559316e+03 -5.17882795e+00  2.56559316e+03 -1.58906855e+01  2.56559316e+03 -1.56351296e+01 
 2.58040912e+03 -4.83161834e+00  2.58040912e+03 -5.11062722e+00  2.58040912e+03 -1.59910537e+01  2.58040912e+03 -1.57341541e+01 
 2.59531065e+03 -4.77321749e+00  2.59531065e+03 -5.04849928e+00  2.59531065e+03 -1.60914118e+01  2.59531065e+03 -1.58331846e+01 
 2.61029823e+03 -4.72093216e+00  2.61029823e+03 -4.99230020e+00  2.61029823e+03 -1.61917601e+01  2.61029823e+03 -1.59322214e+01 
 2.62537237e+03 -4.67457386e+00  2.62537237e+03 -4.94186651e+00  2.62537237e+03 -1.62920988e+01  2.62537237e+03 -1.60312644e+01 
 2.64053355e+03 -4.63393630e+00  2.64053355e+03 -4.89701731e+00  2.64053355e+03 -1.63924282e+01  2.64053355e+03 -1.61303136e+01 
 2.65578229e+03 -4.59879798e+00  2.65578229e+03 -4.85755655e+00  2.65578229e+03 -1.64927484e+01  2.65578229e+03 -1.62293691e+01 
 2.67111909e+03 -4.56892487e+00  2.67111909e+03 -4.82327532e+00  2.67111909e+03 -1.65930598e+01  2.67111909e+03 -1.63284310e+01 
 2.68654445e+03 -4.54407307e+00  2.68654445e+03 -4.79395425e+00  2.68654445e+03 -1.66933625e+01  2.68654445e+03 -1.64274993e+01 
 2.70205890e+03 -4.52399140e+00  2.70205890e+03 -4.76936578e+00  2.70205890e+03 -1.67936569e+01  2.70205890e+03 -1.65265739e+01 
 2.71766294e+03 -4.50842393e+00  2.71766294e+03 -4.74927645e+00  2.71766294e+03 -1.68939430e+01  2.71766294e+03 -1.66256551e+01 
 2.73335709e+03 -4.49711225e+00  2.73335709e+03 -4.73344908e+00  2.73335709e+03 -1.69942211e+01  2.73335709e+03 -1.67247427e+01 
 2.74914187e+03 -4.48979775e+00  2.74914187e+03 -4.72164482e+00  2.74914187e+03 -1.70944915e+01  2.74914187e+03 -1.68238369e+01 
 2.76501781e+03 -4.48622353e+00  2.76501781e+03 -4.71362495e+00  2.76501781e+03 -1.71947543e+01  2.76501781e+03 -1.69229376e+01 
 2.78098542e+03 -4.48613620e+00  2.78098542e+03 -4.70915271e+00  2.78098542e+03 -1.72950097e+01  2.78098542e+03 -1.70220448e+01 
 2.79704525e+03 -4.48928746e+00  2.79704525e+03 -4.70799472e+00  2.79704525e+03 -1.73952579e+01  2.79704525e+03 -1.71211587e+01 
 2.81319783e+03 -4.49543539e+00  2.81319783e+03 -4.70992239e+00  2.81319783e+03 -1.74954992e+01  2.81319783e+03 -1.72202793e+01 
 2.82944368e+03 -4.50434563e+00  2.82944368e+03 -4.71471307e+00  2.82944368e+03 -1.75957338e+01  2.82944368e+03 -1.73194064e+01 
 2.84578335e+03 -4.51579228e+00  2.84578335e+03 -4.72215100e+00  2.84578335e+03 -1.76959617e+01  2.84578335e+03 -1.74185403e+01 
 2.86221738e+03 -4.52955863e+00  2.86221738e+03 -4.73202812e+00  2.86221738e+03 -1.77961832e+01  2.86221738e+03 -1.75176808e+01 
 2.87874631e+03 -4.54543772e+00  2.87874631e+03 -4.74414475e+00  2.87874631e+03 -1.78963985e+01  2.87874631e+03 -1.76168280e+01 
 2.89537070e+03 -4.56323274e+00  2.89537070e+03 -4.75830998e+00  2.89537070e+03 -1.79966077e+01  2.89537070e+03 -1.77159820e+01 
 2.91209109e+03 -4.58275727e+00  2.91209109e+03 -4.77434213e+00  2.91209109e+03 -1.80968111e+01  2.91209109e+03 -1.78151426e+01 
 2.92890803e+03 -4.60383538e+00  2.92890803e+03 -4.79206888e+00  2.92890803e+03 -1.81970087e+01  2.92890803e+03 -1.79143101e+01 
 2.94582210e+03 -4.62630166e+00  2.94582210e+03 -4.81132741e+00  2.94582210e+03 -1.82972008e+01  2.94582210e+03 -1.80134842e+01 
 2.96283384e+03 -4.65000115e+00  2.96283384e+03 -4.83196444e+00  2.96283384e+03 -1.83973874e+01  2.96283384e+03 -1.81126651e+01 
 2.97994382e+03 -4.67478911e+00  2.97994382e+03 -4.85383610e+00  2.97994382e+03 -1.84975688e+01  2.97994382e+03 -1.82118528e+01 
 2.99715261e+03 -4.70053084e+00  2.99715261e+03 -4.87680785e+00  2.99715261e+03 -1.85977452e+01  2.99715261e+03 -1.83110472e+01 
 3.01446077e+03 -4.72710137e+00  3.01446077e+03 -4.90075425e+00  3.01446077e+03 -1.86979165e+01  3.01446077e+03 -1.84102484e+01 
 3.03186889e+03 -4.75438512e+00  3.03186889e+03 -4.92555869e+00  3.03186889e+03 -1.87980831e+01  3.03186889e+03 -1.85094564e+01 
 3.04937754e+03 -4.78227556e+00  3.04937754e+03 -4.95111317e+00  3.04937754e+03 -1.88982450e+01  3.04937754e+03 -1.86086711e+01 
 3.06698730e+03 -4.81067481e+00  3.06698730e+03 -4.97731790e+00  3.06698730e+03 -1.89984024e+01  3.06698730e+03 -1.87078925e+01 
 3.08469875e+03 -4.83949324e+00  3.08469875e+03 -5.00408105e+00  3.08469875e+03 -1.90985553e+01  3.08469875e+03 -1.88071207e+01 
 3.10251249e+03 -4.86864906e+00  3.10251249e+03 -5.03131834e+00  3.10251249e+03 -1.91987040e+01  3.10251249e+03 -1.89063557e+01 
 3.12042909e+03 -4.89806793e+00  3.12042909e+03 -5.05895269e+00  3.12042909e+03 -1.92988486e+01  3.12042909e+03 -1.90055973e+01 
 3.13844917e+03 -4.92768251e+00  3.13844917e+03 -5.08691390e+00  3.13844917e+03 -1.93989891e+01  3.13844917e+03 -1.91048457e+01 
 3.15657330e+03 -4.95743211e+00  3.15657330e+03 -5.11513822e+00  3.15657330e+03 -1.94991258e+01  3.15657330e+03 -1.92041008e+01 
 3.17480210e+03 -4.98726223e+00  3.17480210e+03 -5.14356804e+00  3.17480210e+03 -1.95992586e+01  3.17480210e+03 -1.93033625e+01 
 3.19313617e+03 -5.01712427e+00  3.19313617e+03 -5.17215155e+00  3.19313617e+03 -1.96993878e+01  3.19313617e+03 -1.94026310e+01 
 3.21157612e+03 -5.04697504e+00  3.21157612e+03 -5.20084233e+00  3.21157612e+03 -1.97995134e+01  3.21157612e+03 -1.95019061e+01 
 3.23012256e+03 -5.07677653e+00  3.23012256e+03 -5.22959908e+00  3.23012256e+03 -1.98996356e+01  3.23012256e+03 -1.96011878e+01 
 3.24877609e+03 -5.10649546e+00  3.24877609e+03 -5.25838529e+00  3.24877609e+03 -1.99997544e+01  3.24877609e+03 -1.97004761e+01 
 3.26753735e+03 -5.13610303e+00  3.26753735e+03 -5.28716890e+00  3.26753735e+03 -2.00998700e+01  3.26753735e+03 -1.97997711e+01 
 3.28640696e+03 -5.16557459e+00  3.28640696e+03 -5.31592203e+00  3.28640696e+03 -2.01999824e+01  3.28640696e+03 -1.98990726e+01 
 3.30538553e+03 -5.19488935e+00  3.30538553e+03 -5.34462070e+00  3.30538553e+03 -2.03000917e+01  3.30538553e+03 -1.99983807e+01 
 3.32447370e+03 -5.22403007e+00  3.32447370e+03 -5.37324456e+00  3.32447370e+03 -2.04001981e+01  3.32447370e+03 -2.00976953e+01 
 3.34367211e+03 -5.25298286e+00  3.34367211e+03 -5.40177662e+00  3.34367211e+03 -2.05003017e+01  3.34367211e+03 -2.01970164e+01 
 3.36298138e+03 -5.28173689e+00  3.36298138e+03 -5.43020304e+00  3.36298138e+03 -2.06004024e+01  3.36298138e+03 -2.02963440e+01 
 3.38240216e+03 -5.31028418e+00  3.38240216e+03 -5.45851286e+00  3.38240216e+03 -2.07005004e+01  3.38240216e+03 -2.03956780e+01 
 3.40193509e+03 -5.33861939e+00  3.40193509e+03 -5.48669785e+00  3.40193509e+03 -2.08005959e+01  3.40193509e+03 -2.04950185e+01 
 3.42158082e+03 -5.36673959e+00  3.42158082e+03 -5.51475224e+00  3.42158082e+03 -2.09006887e+01  3.42158082e+03 -2.05943653e+01 
 3.44134001e+03 -5.39464409e+00  3.44134001e+03 -5.54267258e+00  3.44134001e+03 -2.10007792e+01  3.44134001e+03 -2.06937185e+01 
 3.46121330e+03 -5.42233428e+00  3.46121330e+03 -5.57045753e+00  3.46121330e+03 -2.11008672e+01  3.46121330e+03 -2.07930780e+01 
 3.48120136e+03 -5.44981341e+00  3.48120136e+03 -5.59810771e+00  3.48120136e+03 -2.12009530e+01  3.48120136e+03 -2.08924439e+01 
 3.50130484e+03 -5.47708651e+00  3.50130484e+03 -5.62562554e+00  3.50130484e+03 -2.13010365e+01  3.50130484e+03 -2.09918160e+01 
 3.52152442e+03 -5.50416017e+00  3.52152442e+03 -5.65301509e+00  3.52152442e+03 -2.14011179e+01  3.52152442e+03 -2.10911943e+01 
 3.54186077e+03 -5.53104246e+00  3.54186077e+03 -5.68028195e+00  3.54186077e+03 -2.15011972e+01  3.54186077e+03 -2.11905789e+01 
 3.56231456e+03 -5.55774277e+00  3.56231456e+03 -5.70743307e+00  3.56231456e+03 -2.16012744e+01  3.56231456e+03 -2.12899696e+01 
 3.58288646e+03 -5.58427172e+00  3.58288646e+03 -5.73447667e+00  3.58288646e+03 -2.17013497e+01  3.58288646e+03 -2.13893664e+01 
 3.60357716e+03 -5.61064101e+00  3.60357716e+03 -5.76142213e+00  3.60357716e+03 -2.18014230e+01  3.60357716e+03 -2.14887694e+01 
 3.62438735e+03 -5.63686337e+00  3.62438735e+03 -5.78827985e+00  3.62438735e+03 -2.19014946e+01  3.62438735e+03 -2.15881784e+01 
 3.64531772e+03 -5.66295240e+00  3.64531772e+03 -5.81506116e+00  3.64531772e+03 -2.20015643e+01  3.64531772e+03 -2.16875934e+01 
 3.66636896e+03 -5.68892253e+00  3.66636896e+03 -5.84177823e+00  3.66636896e+03 -2.21016324e+01  3.66636896e+03 -2.17870144e+01 
 3.68754176e+03 -5.71478891e+00  3.68754176e+03 -5.86844400e+00  3.68754176e+03 -2.22016987e+01  3.68754176e+03 -2.18864414e+01 
 3.70883683e+03 -5.74056733e+00  3.70883683e+03 -5.89507206e+00  3.70883683e+03 -2.23017635e+01  3.70883683e+03 -2.19858742e+01 
 3.73025489e+03 -5.76627416e+00  3.73025489e+03 -5.92167657e+00  3.73025489e+03 -2.24018267e+01  3.73025489e+03 -2.20853130e+01 
 3.75179662e+03 -5.79192625e+00  3.75179662e+03 -5.94827223e+00  3.75179662e+03 -2.25018883e+01  3.75179662e+03 -2.21847575e+01 
 3.77346276e+03 -5.81754089e+00  3.77346276e+03 -5.97487414e+00  3.77346276e+03 -2.26019486e+01  3.77346276e+03 -2.22842079e+01 
 3.79525402e+03 -5.84313573e+00  3.79525402e+03 -6.00149780e+00  3.79525402e+03 -2.27020074e+01  3.79525402e+03 -2.23836640e+01 
 3.81717112e+03 -5.86872873e+00  3.81717112e+03 -6.02815900e+00  3.81717112e+03 -2.28020648e+01  3.81717112e+03 -2.24831259e+01 
 3.83921478e+03 -5.89433808e+00  3.83921478e+03 -6.05487377e+00  3.83921478e+03 -2.29021209e+01  3.83921478e+03 -2.25825934e+01 
 3.86138575e+03 -5.91998219e+00  3.86138575e+03 -6.08165832e+00  3.86138575e+03 -2.30021757e+01  3.86138575e+03 -2.26820666e+01 
 3.88368475e+03 -5.94567957e+00  3.88368475e+03 -6.10852901e+00  3.88368475e+03 -2.31022293e+01  3.88368475e+03 -2.27815453e+01 
 3.90611253e+03 -5.97144885e+00  3.90611253e+03 -6.13550226e+00  3.90611253e+03 -2.32022817e+01  3.90611253e+03 -2.28810296e+01 
 3.92866982e+03 -5.99730870e+00  3.92866982e+03 -6.16259451e+00  3.92866982e+03 -2.33023329e+01  3.92866982e+03 -2.29805194e+01 
 3.95135738e+03 -6.02327777e+00  3.95135738e+03 -6.18982218e+00  3.95135738e+03 -2.34023831e+01  3.95135738e+03 -2.30800147e+01 
 3.97417595e+03 -6.04937466e+00  3.97417595e+03 -6.21720162e+00  3.97417595e+03 -2.35024321e+01  3.97417595e+03 -2.31795154e+01 
 3.99712630e+03 -6.07561789e+00  3.99712630e+03 -6.24474906e+00  3.99712630e+03 -2.36024801e+01  3.99712630e+03 -2.32790215e+01 
 4.02020919e+03 -6.10202585e+00  4.02020919e+03 -6.27248058e+00  4.02020919e+03 -2.37025271e+01  4.02020919e+03 -2.33785329e+01 
 4.04342537e+03 -6.12861675e+00  4.04342537e+03 -6.30041205e+00  4.04342537e+03 -2.38025731e+01  4.04342537e+03 -2.34780497e+01 
 4.06677563e+03 -6.15540860e+00  4.06677563e+03 -6.32855912e+00  4.06677563e+03 -2.39026182e+01  4.06677563e+03 -2.35775717e+01 
 4.09026073e+03 -6.18241915e+00  4.09026073e+03 -6.35693712e+00  4.09026073e+03 -2.40026624e+01  4.09026073e+03 -2.36770989e+01 
 4.11388145e+03 -6.20966587e+00  4.11388145e+03 -6.38556110e+00  4.11388145e+03 -2.41027057e+01  4.11388145e+03 -2.37766313e+01 
 4.13763859e+03 -6.23716594e+00  4.13763859e+03 -6.41444576e+00  4.13763859e+03 -2.42027482e+01  4.13763859e+03 -2.38761689e+01 
 4.16153291e+03 -6.26493616e+00  4.16153291e+03 -6.44360539e+00  4.16153291e+03 -2.43027898e+01  4.16153291e+03 -2.39757115e+01 
 4.18556522e+03 -6.29299296e+00  4.18556522e+03 -6.47305389e+00  4.18556522e+03 -2.44028306e+01  4.18556522e+03 -2.40752592e+01 
 4.20973632e+03 -6.32135236e+00  4.20973632e+03 -6.50280469e+00  4.20973632e+03 -2.45028707e+01  4.20973632e+03 -2.41748119e+01 
 4.23404700e+03 -6.35002994e+00  4.23404700e+03 -6.53287074e+00  4.23404700e+03 -2.46029101e+01  4.23404700e+03 -2.42743696e+01 
 4.25849807e+03 -6.37904081e+00  4.25849807e+03 -6.56326450e+00  4.25849807e+03 -2.47029487e+01  4.25849807e+03 -2.43739322e+01 
 4.28309034e+03 -6.40839957e+00  4.28309034e+03 -6.59399787e+00  4.28309034e+03 -2.48029867e+01  4.28309034e+03 -2.44734996e+01 
 4.30782463e+03 -6.43812030e+00  4.30782463e+03 -6.62508221e+00  4.30782463e+03 -2.49030240e+01  4.30782463e+03 -2.45730720e+01 
 4.33270176e+03 -6.46821653e+00  4.33270176e+03 -6.65652828e+00  4.33270176e+03 -2.50030607e+01  4.33270176e+03 -2.46726491e+01 
 4.35772255e+03 -6.49870121e+00  4.35772255e+03 -6.68834622e+00  4.35772255e+03 -2.51030968e+01  4.35772255e+03 -2.47722310e+01 
 4.38288783e+03 -6.52958668e+00  4.38288783e+03 -6.72054553e+00  4.38288783e+03 -2.52031322e+01  4.38288783e+03 -2.48718176e+01 
 4.40819844e+03 -6.56088468e+00  4.40819844e+03 -6.75313508e+00  4.40819844e+03 -2.53031672e+01  4.40819844e+03 -2.49714089e+01 
 4.43365521e+03 -6.59260628e+00  4.43365521e+03 -6.78612304e+00  4.43365521e+03 -2.54032015e+01  4.43365521e+03 -2.50710048e+01 
 4.45925900e+03 -6.62476189e+00  4.45925900e+03 -6.81951688e+00  4.45925900e+03 -2.55032354e+01  4.45925900e+03 -2.51706053e+01 
 4.48501064e+03 -6.65736124e+00  4.48501064e+03 -6.85332336e+00  4.48501064e+03 -2.56032687e+01  4.48501064e+03 -2.52702103e+01 
 4.51091099e+03 -6.69041333e+00  4.51091099e+03 -6.88754850e+00  4.51091099e+03 -2.57033016e+01  4.51091099e+03 -2.53698199e+01 
 4.53696092e+03 -6.72392648e+00  4.53696092e+03 -6.92219760e+00  4.53696092e+03 -2.58033339e+01  4.53696092e+03 -2.54694339e+01 
 4.56316128e+03 -6.75790823e+00  4.56316128e+03 -6.95727516e+00  4.56316128e+03 -2.59033659e+01  4.56316128e+03 -2.55690524e+01 
 4.58951294e+03 -6.79236539e+00  4.58951294e+03 -6.99278493e+00  4.58951294e+03 -2.60033974e+01  4.58951294e+03 -2.56686753e+01 
 4.61601678e+03 -6.82730399e+00  4.61601678e+03 -7.02872988e+00  4.61601678e+03 -2.61034284e+01  4.61601678e+03 -2.57683025e+01 
 4.64267368e+03 -6.86272928e+00  4.64267368e+03 -7.06511215e+00  4.64267368e+03 -2.62034591e+01  4.64267368e+03 -2.58679340e+01 
 4.66948451e+03 -6.89864573e+00  4.66948451e+03 -7.10193311e+00  4.66948451e+03 -2.63034894e+01  4.66948451e+03 -2.59675698e+01 
 4.69645018e+03 -6.93505700e+00  4.69645018e+03 -7.13919331e+00  4.69645018e+03 -2.64035193e+01  4.69645018e+03 -2.60672098e+01 
 4.72357157e+03 -6.97196593e+00  4.72357157e+03 -7.17689247e+00  4.72357157e+03 -2.65035489e+01  4.72357157e+03 -2.61668540e+01 
 4.75084958e+03 -7.00937455e+00  4.75084958e+03 -7.21502950e+00  4.75084958e+03 -2.66035781e+01  4.75084958e+03 -2.62665023e+01 
 4.77828512e+03 -7.04728408e+00  4.77828512e+03 -7.25360248e+00  4.77828512e+03 -2.67036070e+01  4.77828512e+03 -2.63661548e+01 
 4.80587910e+03 -7.08569488e+00  4.80587910e+03 -7.29260867e+00  4.80587910e+03 -2.68036356e+01  4.80587910e+03 -2.64658113e+01 
 4.83363243e+03 -7.12460650e+00  4.83363243e+03 -7.33204450e+00  4.83363243e+03 -2.69036639e+01  4.83363243e+03 -2.65654718e+01 
 4.86154602e+03 -7.16401764e+00  4.86154602e+03 -7.37190557e+00  4.86154602e+03 -2.70036919e+01  4.86154602e+03 -2.66651364e+01 
 4.88962082e+03 -7.20392618e+00  4.88962082e+03 -7.41218665e+00  4.88962082e+03 -2.71037197e+01  4.88962082e+03 -2.67648049e+01 
 4.91785775e+03 -7.24432916e+00  4.91785775e+03 -7.45288170e+00  4.91785775e+03 -2.72037471e+01  4.91785775e+03 -2.68644773e+01 
 4.94625774e+03 -7.28522277e+00  4.94625774e+03 -7.49398386e+00  4.94625774e+03 -2.73037743e+01  4.94625774e+03 -2.69641536e+01 
 4.97482173e+03 -7.32660237e+00  4.97482173e+03 -7.53548547e+00  4.97482173e+03 -2.74038013e+01  4.97482173e+03 -2.70638338e+01 
 5.00355068e+03 -7.36846253e+00  5.00355068e+03 -7.57737806e+00  5.00355068e+03 -2.75038280e+01  5.00355068e+03 -2.71635177e+01 
 5.03244554e+03 -7.41079694e+00  5.03244554e+03 -7.61965235e+00  5.03244554e+03 -2.76038546e+01  5.03244554e+03 -2.72632054e+01 
 5.06150726e+03 -7.45359851e+00  5.06150726e+03 -7.66229831e+00  5.06150726e+03 -2.77038809e+01  5.06150726e+03 -2.73628968e+01 
 5.09073680e+03 -7.49685933e+00  5.09073680e+03 -7.70530510e+00  5.09073680e+03 -2.78039070e+01  5.09073680e+03 -2.74625920e+01 
 5.12013515e+03 -7.54057070e+00  5.12013515e+03 -7.74866115e+00  5.12013515e+03 -2.79039329e+01  5.12013515e+03 -2.75622908e+01 
 5.14970326e+03 -7.58472312e+00  5.14970326e+03 -7.79235412e+00  5.14970326e+03 -2.80039586e+01  5.14970326e+03 -2.76619932e+01 
 5.17944213e+03 -7.62930630e+00  5.17944213e+03 -7.83637095e+00  5.17944213e+03 -2.81039842e+01  5.17944213e+03 -2.77616992e+01 
 5.20935273e+03 -7.67430920e+00  5.20935273e+03 -7.88069786e+00  5.20935273e+03 -2.82040096e+01  5.20935273e+03 -2.78614087e+01 
 5.23943607e+03 -7.71972001e+00  5.23943607e+03 -7.92532034e+00  5.23943607e+03 -2.83040348e+01  5.23943607e+03 -2.79611217e+01 
 5.26969313e+03 -7.76552619e+00  5.26969313e+03 -7.97022322e+00  5.26969313e+03 -2.84040599e+01  5.26969313e+03 -2.80608383e+01 
 5.30012492e+03 -7.81171445e+00  5.30012492e+03 -8.01539065e+00  5.30012492e+03 -2.85040849e+01  5.30012492e+03 -2.81605582e+01 
 5.33073246e+03 -7.85827082e+00  5.33073246e+03 -8.06080614e+00  5.33073246e+03 -2.86041097e+01  5.33073246e+03 -2.82602816e+01 
 5.36151675e+03 -7.90518060e+00  5.36151675e+03 -8.10645255e+00  5.36151675e+03 -2.87041344e+01  5.36151675e+03 -2.83600083e+01 
 5.39247881e+03 -7.95242842e+00  5.39247881e+03 -8.15231215e+00  5.39247881e+03 -2.88041589e+01  5.39247881e+03 -2.84597384e+01 
 5.42361967e+03 -7.99999825e+00  5.42361967e+03 -8.19836658e+00  5.42361967e+03 -2.89041834e+01  5.42361967e+03 -2.85594718e+01 
 5.45494037e+03 -8.04787342e+00  5.45494037e+03 -8.24459696e+00  5.45494037e+03 -2.90042077e+01  5.45494037e+03 -2.86592085e+01 
 5.48644194e+03 -8.09603661e+00  5.48644194e+03 -8.29098382e+00  5.48644194e+03 -2.91042320e+01  5.48644194e+03 -2.87589484e+01 
 5.51812543e+03 -8.14446991e+00  5.51812543e+03 -8.33750719e+00  5.51812543e+03 -2.92042561e+01  5.51812543e+03 -2.88586915e+01 
 5.54999189e+03 -8.19315482e+00  5.54999189e+03 -8.38414658e+00  5.54999189e+03 -2.93042802e+01  5.54999189e+03 -2.89584377e+01 
 5.58204237e+03 -8.24207226e+00  5.58204237e+03 -8.43088102e+00  5.58204237e+03 -2.94043042e+01  5.58204237e+03 -2.90581871e+01 
 5.61427794e+03 -8.29120260e+00  5.61427794e+03 -8.47768909e+00  5.61427794e+03 -2.95043281e+01  5.61427794e+03 -2.91579396e+01 
 5.64669967e+03 -8.34052570e+00  5.64669967e+03 -8.52454895e+00  5.64669967e+03 -2.96043519e+01  5.64669967e+03 -2.92576952e+01 
 5.67930862e+03 -8.39002090e+00  5.67930862e+03 -8.57143834e+00  5.67930862e+03 -2.97043757e+01  5.67930862e+03 -2.93574539e+01 
 5.71210589e+03 -8.43966705e+00  5.71210589e+03 -8.61833460e+00  5.71210589e+03 -2.98043994e+01  5.71210589e+03 -2.94572155e+01 
 5.74509256e+03 -8.48944254e+00  5.74509256e+03 -8.66521476e+00  5.74509256e+03 -2.99044230e+01  5.74509256e+03 -2.95569801e+01 
 5.77826973e+03 -8.53932532e+00  5.77826973e+03 -8.71205548e+00  5.77826973e+03 -3.00044466e+01  5.77826973e+03 -2.96567477e+01 
 5.81163848e+03 -8.58929293e+00  5.81163848e+03 -8.75883312e+00  5.81163848e+03 -3.01044702e+01  5.81163848e+03 -2.97565182e+01 
 5.84519994e+03 -8.63932249e+00  5.84519994e+03 -8.80552380e+00  5.84519994e+03 -3.02044936e+01  5.84519994e+03 -2.98562915e+01 
 5.87895521e+03 -8.68939076e+00  5.87895521e+03 -8.85210334e+00  5.87895521e+03 -3.03045171e+01  5.87895521e+03 -2.99560678e+01 
 5.91290541e+03 -8.73947416e+00  5.91290541e+03 -8.89854737e+00  5.91290541e+03 -3.04045405e+01  5.91290541e+03 -3.00558468e+01 
 5.94705167e+03 -8.78954877e+00  5.94705167e+03 -8.94483130e+00  5.94705167e+03 -3.05045639e+01  5.94705167e+03 -3.01556287e+01 
 5.98139512e+03 -8.83959036e+00  5.98139512e+03 -8.99093041e+00  5.98139512e+03 -3.06045873e+01  5.98139512e+03 -3.02554133e+01 
 6.01593690e+03 -8.88957443e+00  6.01593690e+03 -9.03681980e+00  6.01593690e+03 -3.07046106e+01  6.01593690e+03 -3.03552006e+01 
 6.05067816e+03 -8.93947623e+00  6.05067816e+03 -9.08247447e+00  6.05067816e+03 -3.08046339e+01  6.05067816e+03 -3.04549907e+01 
 6.08562004e+03 -8.98927077e+00  6.08562004e+03 -9.12786936e+00  6.08562004e+03 -3.09046572e+01  6.08562004e+03 -3.05547834e+01 
 6.12076370e+03 -9.03893286e+00  6.12076370e+03 -9.17297932e+00  6.12076370e+03 -3.10046805e+01  6.12076370e+03 -3.06545788e+01 
 6.15611032e+03 -9.08843710e+00  6.15611032e+03 -9.21777920e+00  6.15611032e+03 -3.11047037e+01  6.15611032e+03 -3.07543769e+01 
 6.19166106e+03 -9.13775799e+00  6.19166106e+03 -9.26224385e+00  6.19166106e+03 -3.12047270e+01  6.19166106e+03 -3.08541775e+01 
 6.22741709e+03 -9.18686983e+00  6.22741709e+03 -9.30634813e+00  6.22741709e+03 -3.13047502e+01  6.22741709e+03 -3.09539807e+01 
 6.26337962e+03 -9.23574688e+00  6.26337962e+03 -9.35006698e+00  6.26337962e+03 -3.14047735e+01  6.26337962e+03 -3.10537864e+01 
 6.29954982e+03 -9.28436326e+00  6.29954982e+03 -9.39337544e+00  6.29954982e+03 -3.15047967e+01  6.29954982e+03 -3.11535946e+01 
 6.33592890e+03 -9.33269307e+00  6.33592890e+03 -9.43624864e+00  6.33592890e+03 -3.16048199e+01  6.33592890e+03 -3.12534054e+01 
 6.37251807e+03 -9.38071039e+00  6.37251807e+03 -9.47866189e+00  6.37251807e+03 -3.17048432e+01  6.37251807e+03 -3.13532185e+01 
 6.40931854e+03 -9.42838926e+00  6.40931854e+03 -9.52059066e+00  6.40931854e+03 -3.18048664e+01  6.40931854e+03 -3.14530342e+01 
 6.44633152e+03 -9.47570377e+00  6.44633152e+03 -9.56201063e+00  6.44633152e+03 -3.19048897e+01  6.44633152e+03 -3.15528522e+01 
 6.48355824e+03 -9.52262805e+00  6.48355824e+03 -9.60289773e+00  6.48355824e+03 -3.20049129e+01  6.48355824e+03 -3.16526726e+01 
 6.52099995e+03 -9.56913633e+00  6.52099995e+03 -9.64322813e+00  6.52099995e+03 -3.21049362e+01  6.52099995e+03 -3.17524954e+01 
 6.55865788e+03 -9.61520291e+00  6.55865788e+03 -9.68297831e+00  6.55865788e+03 -3.22049595e+01  6.55865788e+03 -3.18523205e+01 
 6.59653328e+03 -9.66080226e+00  6.59653328e+03 -9.72212510e+00  6.59653328e+03 -3.23049828e+01  6.59653328e+03 -3.19521479e+01 
 6.63462740e+03 -9.70590897e+00  6.63462740e+03 -9.76064563e+00  6.63462740e+03 -3.24050061e+01  6.63462740e+03 -3.20519776e+01 
 6.67294151e+03 -9.75049785e+00  6.67294151e+03 -9.79851745e+00  6.67294151e+03 -3.25050295e+01  6.67294151e+03 -3.21518095e+01 
 6.71147688e+03 -9.79454391e+00  6.71147688e+03 -9.83571851e+00  6.71147688e+03 -3.26050528e+01  6.71147688e+03 -3.22516437e+01 
 6.75023479e+03 -9.83802241e+00  6.75023479e+03 -9.87222720e+00  6.75023479e+03 -3.27050762e+01  6.75023479e+03 -3.23514801e+01 
 6.78921652e+03 -9.88090887e+00  6.78921652e+03 -9.90802235e+00  6.78921652e+03 -3.28050996e+01  6.78921652e+03 -3.24513186e+01 
 6.82842336e+03 -9.92317912e+00  6.82842336e+03 -9.94308332e+00  6.82842336e+03 -3.29051231e+01  6.82842336e+03 -3.25511594e+01 
 6.86785662e+03 -9.96480933e+00  6.86785662e+03 -9.97738996e+00  6.86785662e+03 -3.30051465e+01  6.86785662e+03 -3.26510022e+01 
 6.90751760e+03 -1.00057760e+01  6.90751760e+03 -1.00109227e+01  6.90751760e+03 -3.31051700e+01  6.90751760e+03 -3.27508472e+01 
 6.94740761e+03 -1.00460560e+01  6.94740761e+03 -1.00436624e+01  6.94740761e+03 -3.32051935e+01  6.94740761e+03 -3.28506943e+01 
 6.98752799e+03 -1.00856267e+01  6.98752799e+03 -1.00755907e+01  6.98752799e+03 -3.33052171e+01  6.98752799e+03 -3.29505434e+01 
 7.02788006e+03 -1.01244658e+01  7.02788006e+03 -1.01066898e+01  7.02788006e+03 -3.34052407e+01  7.02788006e+03 -3.30503946e+01 
 7.06846515e+03 -1.01625514e+01  7.06846515e+03 -1.01369425e+01  7.06846515e+03 -3.35052643e+01  7.06846515e+03 -3.31502478e+01 
 7.10928462e+03 -1.01998624e+01  7.10928462e+03 -1.01663322e+01  7.10928462e+03 -3.36052879e+01  7.10928462e+03 -3.32501030e+01 
 7.15033981e+03 -1.02363780e+01  7.15033981e+03 -1.01948430e+01  7.15033981e+03 -3.37053116e+01  7.15033981e+03 -3.33499602e+01 
 7.19163210e+03 -1.02720778e+01  7.19163210e+03 -1.02224599e+01  7.19163210e+03 -3.38053353e+01  7.19163210e+03 -3.34498193e+01 
 7.23316284e+03 -1.03069422e+01  7.23316284e+03 -1.02491684e+01  7.23316284e+03 -3.39053591e+01  7.23316284e+03 -3.35496804e+01 
 7.27493341e+03 -1.03409523e+01  7.27493341e+03 -1.02749547e+01  7.27493341e+03 -3.40053829e+01  7.27493341e+03 -3.36495434e+01 
 7.31694521e+03 -1.03740894e+01  7.31694521e+03 -1.02998059e+01  7.31694521e+03 -3.41054067e+01  7.31694521e+03 -3.37494083e+01 
 7.35919962e+03 -1.04063359e+01  7.35919962e+03 -1.03237098e+01  7.35919962e+03 -3.42054306e+01  7.35919962e+03 -3.38492750e+01 
 7.40169804e+03 -1.04376746e+01  7.40169804e+03 -1.03466550e+01  7.40169804e+03 -3.43054545e+01  7.40169804e+03 -3.39491436e+01 
 7.44444188e+03 -1.04680890e+01  7.44444188e+03 -1.03686308e+01  7.44444188e+03 -3.44054784e+01  7.44444188e+03 -3.40490141e+01 
 7.48743257e+03 -1.04975635e+01  7.48743257e+03 -1.03896274e+01  7.48743257e+03 -3.45055024e+01  7.48743257e+03 -3.41488863e+01 
 7.53067152e+03 -1.05260829e+01  7.53067152e+03 -1.04096358e+01  7.53067152e+03 -3.46055264e+01  7.53067152e+03 -3.42487603e+01 
 7.57416017e+03 -1.05536330e+01  7.57416017e+03 -1.04286476e+01  7.57416017e+03 -3.47055505e+01  7.57416017e+03 -3.43486362e+01 
 7.61789996e+03 -1.05802004e+01  7.61789996e+03 -1.04466556e+01  7.61789996e+03 -3.48055746e+01  7.61789996e+03 -3.44485137e+01 
 7.66189234e+03 -1.06057723e+01  7.66189234e+03 -1.04636531e+01  7.66189234e+03 -3.49055988e+01  7.66189234e+03 -3.45483930e+01 
 7.70613877e+03 -1.06303368e+01  7.70613877e+03 -1.04796343e+01  7.70613877e+03 -3.50056230e+01  7.70613877e+03 -3.46482740e+01 
 7.75064072e+03 -1.06538828e+01  7.75064072e+03 -1.04945942e+01  7.75064072e+03 -3.51056472e+01  7.75064072e+03 -3.47481568e+01 
 7.79539967e+03 -1.06764000e+01  7.79539967e+03 -1.05085289e+01  7.79539967e+03 -3.52056715e+01  7.79539967e+03 -3.48480411e+01 
 7.84041709e+03 -1.06978789e+01  7.84041709e+03 -1.05214349e+01  7.84041709e+03 -3.53056959e+01  7.84041709e+03 -3.49479272e+01 
 7.88569448e+03 -1.07183109e+01  7.88569448e+03 -1.05333097e+01  7.88569448e+03 -3.54057203e+01  7.88569448e+03 -3.50478149e+01 
 7.93123334e+03 -1.07376882e+01  7.93123334e+03 -1.05441517e+01  7.93123334e+03 -3.55057447e+01  7.93123334e+03 -3.51477042e+01 
 7.97703518e+03 -1.07560040e+01  7.97703518e+03 -1.05539599e+01  7.97703518e+03 -3.56057692e+01  7.97703518e+03 -3.52475951e+01 
 8.02310152e+03 -1.07732520e+01  8.02310152e+03 -1.05627344e+01  8.02310152e+03 -3.57057937e+01  8.02310152e+03 -3.53474876e+01 
 8.06943389e+03 -1.07894272e+01  8.06943389e+03 -1.05704757e+01  8.06943389e+03 -3.58058183e+01  8.06943389e+03 -3.54473816e+01 
 8.11603382e+03 -1.08045251e+01  8.11603382e+03 -1.05771853e+01  8.11603382e+03 -3.59058429e+01  8.11603382e+03 -3.55472772e+01 
 8.16290286e+03 -1.08185423e+01  8.16290286e+03 -1.05828654e+01  8.16290286e+03 -3.60058675e+01  8.16290286e+03 -3.56471744e+01 
 8.21004257e+03 -1.08314762e+01  8.21004257e+03 -1.05875191e+01  8.21004257e+03 -3.61058922e+01  8.21004257e+03 -3.57470731e+01 
 8.25745450e+03 -1.08433248e+01  8.25745450e+03 -1.05911498e+01  8.25745450e+03 -3.62059170e+01  8.25745450e+03 -3.58469732e+01 
 8.30514022e+03 -1.08540873e+01  8.30514022e+03 -1.05937621e+01  8.30514022e+03 -3.63059418e+01  8.30514022e+03 -3.59468749e+01 
 8.35310133e+03 -1.08637635e+01  8.35310133e+03 -1.05953609e+01  8.35310133e+03 -3.64059667e+01  8.35310133e+03 -3.60467780e+01 
 8.40133941e+03 -1.08723542e+01  8.40133941e+03 -1.05959521e+01  8.40133941e+03 -3.65059916e+01  8.40133941e+03 -3.61466825e+01 
 8.44985605e+03 -1.08798608e+01  8.44985605e+03 -1.05955421e+01  8.44985605e+03 -3.66060165e+01  8.44985605e+03 -3.62465885e+01 
 8.49865287e+03 -1.08862857e+01  8.49865287e+03 -1.05941377e+01  8.49865287e+03 -3.67060415e+01  8.49865287e+03 -3.63464959e+01 
 8.54773149e+03 -1.08916319e+01  8.54773149e+03 -1.05917468e+01  8.54773149e+03 -3.68060666e+01  8.54773149e+03 -3.64464047e+01 
 8.59709352e+03 -1.08959033e+01  8.59709352e+03 -1.05883774e+01  8.59709352e+03 -3.69060917e+01  8.59709352e+03 -3.65463149e+01 
 8.64674062e+03 -1.08991046e+01  8.64674062e+03 -1.05840383e+01  8.64674062e+03 -3.70061168e+01  8.64674062e+03 -3.66462265e+01 
 8.69667443e+03 -1.09012411e+01  8.69667443e+03 -1.05787389e+01  8.69667443e+03 -3.71061420e+01  8.69667443e+03 -3.67461394e+01 
 8.74689659e+03 -1.09023189e+01  8.74689659e+03 -1.05724890e+01  8.74689659e+03 -3.72061672e+01  8.74689659e+03 -3.68460537e+01 
 8.79740878e+03 -1.09023446e+01  8.79740878e+03 -1.05652988e+01  8.79740878e+03 -3.73061925e+01  8.79740878e+03 -3.69459693e+01 
 8.84821268e+03 -1.09013258e+01  8.84821268e+03 -1.05571791e+01  8.84821268e+03 -3.74062178e+01  8.84821268e+03 -3.70458862e+01 
 8.89930995e+03 -1.08992705e+01  8.89930995e+03 -1.05481412e+01  8.89930995e+03 -3.75062432e+01  8.89930995e+03 -3.71458044e+01 
 8.95070231e+03 -1.08961873e+01  8.95070231e+03 -1.05381966e+01  8.95070231e+03 -3.76062687e+01  8.95070231e+03 -3.72457239e+01 
 9.00239146e+03 -1.08920857e+01  9.00239146e+03 -1.05273574e+01  9.00239146e+03 -3.77062941e+01  9.00239146e+03 -3.73456446e+01 
 9.05437910e+03 -1.08869755e+01  9.05437910e+03 -1.05156358e+01  9.05437910e+03 -3.78063197e+01  9.05437910e+03 -3.74455666e+01 
 9.10666696e+03 -1.08808670e+01  9.10666696e+03 -1.05030447e+01  9.10666696e+03 -3.79063452e+01  9.10666696e+03 -3.75454899e+01 
 9.15925678e+03 -1.08737713e+01  9.15925678e+03 -1.04895969e+01  9.15925678e+03 -3.80063709e+01  9.15925678e+03 -3.76454143e+01 
 9.21215030e+03 -1.08656998e+01  9.21215030e+03 -1.04753058e+01  9.21215030e+03 -3.81063965e+01  9.21215030e+03 -3.77453400e+01 
 9.26534927e+03 -1.08566643e+01  9.26534927e+03 -1.04601850e+01  9.26534927e+03 -3.82064222e+01  9.26534927e+03 -3.78452669e+01 
 9.31885546e+03 -1.08466773e+01  9.31885546e+03 -1.04442481e+01  9.31885546e+03 -3.83064480e+01  9.31885546e+03 -3.79451949e+01 
 9.37267064e+03 -1.08357514e+01  9.37267064e+03 -1.04275093e+01  9.37267064e+03 -3.84064738e+01  9.37267064e+03 -3.80451242e+01 
 9.42679659e+03 -1.08238999e+01  9.42679659e+03 -1.04099826e+01  9.42679659e+03 -3.85064997e+01  9.42679659e+03 -3.81450545e+01 
 9.48123512e+03 -1.08111362e+01  9.48123512e+03 -1.03916825e+01  9.48123512e+03 -3.86065256e+01  9.48123512e+03 -3.82449861e+01 
 9.53598802e+03 -1.07974742e+01  9.53598802e+03 -1.03726234e+01  9.53598802e+03 -3.87065515e+01  9.53598802e+03 -3.83449187e+01 
 9.59105711e+03 -1.07829281e+01  9.59105711e+03 -1.03528199e+01  9.59105711e+03 -3.88065775e+01  9.59105711e+03 -3.84448525e+01 
 9.64644422e+03 -1.07675122e+01  9.64644422e+03 -1.03322867e+01  9.64644422e+03 -3.89066036e+01  9.64644422e+03 -3.85447874e+01 
 9.70215118e+03 -1.07512412e+01  9.70215118e+03 -1.03110387e+01  9.70215118e+03 -3.90066297e+01  9.70215118e+03 -3.86447234e+01 
 9.75817984e+03 -1.07341301e+01  9.75817984e+03 -1.02890907e+01  9.75817984e+03 -3.91066558e+01  9.75817984e+03 -3.87446605e+01 
 9.81453206e+03 -1.07161939e+01  9.81453206e+03 -1.02664575e+01  9.81453206e+03 -3.92066820e+01  9.81453206e+03 -3.88445986e+01 
 9.87120971e+03 -1.06974480e+01  9.87120971e+03 -1.02431541e+01  9.87120971e+03 -3.93067082e+01  9.87120971e+03 -3.89445378e+01 
 9.92821467e+03 -1.06779077e+01  9.92821467e+03 -1.02191954e+01  9.92821467e+03 -3.94067345e+01  9.92821467e+03 -3.90444780e+01 
 9.98554882e+03 -1.06575887e+01  9.98554882e+03 -1.01945963e+01  9.98554882e+03 -3.95067608e+01  9.98554882e+03 -3.91444193e+01 
 1.00432141e+04 -1.06365066e+01  1.00432141e+04 -1.01693717e+01  1.00432141e+04 -3.96067871e+01  1.00432141e+04 -3.92443616e+01 
 1.01012123e+04 -1.06146771e+01  1.01012123e+04 -1.01435363e+01  1.01012123e+04 -3.97068135e+01  1.01012123e+04 -3.93443049e+01 
 1.01595455e+04 -1.05921161e+01  1.01595455e+04 -1.01171051e+01  1.01595455e+04 -3.98068400e+01  1.01595455e+04 -3.94442492e+01 
 1.02182156e+04 -1.05688394e+01  1.02182156e+04 -1.00900926e+01  1.02182156e+04 -3.99068665e+01  1.02182156e+04 -3.95441945e+01 
 1.02772244e+04 -1.05448629e+01  1.02772244e+04 -1.00625135e+01  1.02772244e+04 -4.00068930e+01  1.02772244e+04 -3.96441408e+01 
 1.03365741e+04 -1.05202026e+01  1.03365741e+04 -1.00343823e+01  1.03365741e+04 -4.01069196e+01  1.03365741e+04 -3.97440880e+01 
 1.03962664e+04 -1.04948741e+01  1.03962664e+04 -1.00057134e+01  1.03962664e+04 -4.02069462e+01  1.03962664e+04 -3.98440362e+01 
 1.04563035e+04 -1.04688935e+01  1.04563035e+04 -9.97652114e+00  1.04563035e+04 -4.03069729e+01  1.04563035e+04 -3.99439853e+01 
 1.05166873e+04 -1.04422764e+01  1.05166873e+04 -9.94681960e+00  1.05166873e+04 -4.04069996e+01  1.05166873e+04 -4.00439354e+01 
 1.05774198e+04 -1.04150386e+01  1.05774198e+04 -9.91662285e+00  1.05774198e+04 -4.05070264e+01  1.05774198e+04 -4.01438864e+01 
 1.06385030e+04 -1.03871957e+01  1.06385030e+04 -9.88594473e+00  1.06385030e+04 -4.06070531e+01  1.06385030e+04 -4.02438383e+01 
 1.06999390e+04 -1.03587632e+01  1.06999390e+04 -9.85479898e+00  1.06999390e+04 -4.07070800e+01  1.06999390e+04 -4.03437911e+01 
 1.07617298e+04 -1.03297566e+01  1.07617298e+04 -9.82319913e+00  1.07617298e+04 -4.08071069e+01  1.07617298e+04 -4.04437448e+01 
 1.08238774e+04 -1.03001912e+01  1.08238774e+04 -9.79115858e+00  1.08238774e+04 -4.09071338e+01  1.08238774e+04 -4.05436994e+01 
 1.08863839e+04 -1.02700821e+01  1.08863839e+04 -9.75869052e+00  1.08863839e+04 -4.10071607e+01  1.08863839e+04 -4.06436549e+01 
 1.09492513e+04 -1.02394445e+01  1.09492513e+04 -9.72580798e+00  1.09492513e+04 -4.11071877e+01  1.09492513e+04 -4.07436112e+01 
 1.10124818e+04 -1.02082930e+01  1.10124818e+04 -9.69252380e+00  1.10124818e+04 -4.12072148e+01  1.10124818e+04 -4.08435684e+01 
 1.10760775e+04 -1.01766426e+01  1.10760775e+04 -9.65885062e+00  1.10760775e+04 -4.13072419e+01  1.10760775e+04 -4.09435264e+01 
 1.11400404e+04 -1.01445077e+01  1.11400404e+04 -9.62480089e+00  1.11400404e+04 -4.14072690e+01  1.11400404e+04 -4.10434852e+01 
 1.12043727e+04 -1.01119026e+01  1.12043727e+04 -9.59038688e+00  1.12043727e+04 -4.15072962e+01  1.12043727e+04 -4.11434449e+01 
 1.12690765e+04 -1.00788416e+01  1.12690765e+04 -9.55562062e+00  1.12690765e+04 -4.16073234e+01  1.12690765e+04 -4.12434054e+01 
 1.13341539e+04 -1.00453386e+01  1.13341539e+04 -9.52051398e+00  1.13341539e+04 -4.17073506e+01  1.13341539e+04 -4.13433667e+01 
 1.13996072e+04 -1.00114074e+01  1.13996072e+04 -9.48507860e+00  1.13996072e+04 -4.18073779e+01  1.13996072e+04 -4.14433288e+01 
 1.14654384e+04 -9.97706167e+00  1.14654384e+04 -9.44932592e+00  1.14654384e+04 -4.19074052e+01  1.14654384e+04 -4.15432916e+01 
 1.15316498e+04 -9.94231466e+00  1.15316498e+04 -9.41326717e+00  1.15316498e+04 -4.20074325e+01  1.15316498e+04 -4.16432553e+01 
 1.15982436e+04 -9.90717957e+00  1.15982436e+04 -9.37691337e+00  1.15982436e+04 -4.21074599e+01  1.15982436e+04 -4.17432197e+01 
 1.16652220e+04 -9.87166934e+00  1.16652220e+04 -9.34027534e+00  1.16652220e+04 -4.22074874e+01  1.16652220e+04 -4.18431849e+01 
 1.17325871e+04 -9.83579670e+00  1.17325871e+04 -9.30336369e+00  1.17325871e+04 -4.23075148e+01  1.17325871e+04 -4.19431509e+01 
 1.18003413e+04 -9.79957413e+00  1.18003413e+04 -9.26618881e+00  1.18003413e+04 -4.24075424e+01  1.18003413e+04 -4.20431175e+01 
 1.18684867e+04 -9.76301392e+00  1.18684867e+04 -9.22876090e+00  1.18684867e+04 -4.25075699e+01  1.18684867e+04 -4.21430850e+01 
 1.19370257e+04 -9.72612812e+00  1.19370257e+04 -9.19108994e+00  1.19370257e+04 -4.26075975e+01  1.19370257e+04 -4.22430531e+01 
 1.20059605e+04 -9.68892856e+00  1.20059605e+04 -9.15318570e+00  1.20059605e+04 -4.27076251e+01  1.20059605e+04 -4.23430220e+01 
 1.20752933e+04 -9.65142682e+00  1.20752933e+04 -9.11505776e+00  1.20752933e+04 -4.28076527e+01  1.20752933e+04 -4.24429915e+01 
 1.21450266e+04 -9.61363429e+00  1.21450266e+04 -9.07671549e+00  1.21450266e+04 -4.29076804e+01  1.21450266e+04 -4.25429618e+01 
 1.22151625e+04 -9.57556211e+00  1.22151625e+04 -9.03816805e+00  1.22151625e+04 -4.30077082e+01  1.22151625e+04 -4.26429328e+01 
 1.22857035e+04 -9.53722119e+00  1.22857035e+04 -8.99942443e+00  1.22857035e+04 -4.31077359e+01  1.22857035e+04 -4.27429044e+01 
 1.23566518e+04 -9.49862224e+00  1.23566518e+04 -8.96049338e+00  1.23566518e+04 -4.32077637e+01  1.23566518e+04 -4.28428768e+01 
 1.24280099e+04 -9.45977570e+00  1.24280099e+04 -8.92138349e+00  1.24280099e+04 -4.33077915e+01  1.24280099e+04 -4.29428498e+01 
 1.24997800e+04 -9.42069185e+00  1.24997800e+04 -8.88210313e+00  1.24997800e+04 -4.34078194e+01  1.24997800e+04 -4.30428235e+01 
 1.25719646e+04 -9.38138068e+00  1.25719646e+04 -8.84266051e+00  1.25719646e+04 -4.35078473e+01  1.25719646e+04 -4.31427978e+01 
 1.26445661e+04 -9.34185202e+00  1.26445661e+04 -8.80306363e+00  1.26445661e+04 -4.36078752e+01  1.26445661e+04 -4.32427728e+01 
 1.27175868e+04 -9.30211544e+00  1.27175868e+04 -8.76332031e+00  1.27175868e+04 -4.37079032e+01  1.27175868e+04 -4.33427484e+01 
 1.27910292e+04 -9.26218031e+00  1.27910292e+04 -8.72343818e+00  1.27910292e+04 -4.38079312e+01  1.27910292e+04 -4.34427246e+01 
 1.28648958e+04 -9.22205579e+00  1.28648958e+04 -8.68342472e+00  1.28648958e+04 -4.39079592e+01  1.28648958e+04 -4.35427015e+01 
 1.29391889e+04 -9.18175083e+00  1.29391889e+04 -8.64328719e+00  1.29391889e+04 -4.40079873e+01  1.29391889e+04 -4.36426790e+01 
 1.30139110e+04 -9.14127416e+00  1.30139110e+04 -8.60303272e+00  1.30139110e+04 -4.41080154e+01  1.30139110e+04 -4.37426571e+01 
 1.30890647e+04 -9.10063432e+00  1.30890647e+04 -8.56266824e+00  1.30890647e+04 -4.42080435e+01  1.30890647e+04 -4.38426358e+01 
 1.31646523e+04 -9.05983964e+00  1.31646523e+04 -8.52220052e+00  1.31646523e+04 -4.43080717e+01  1.31646523e+04 -4.39426152e+01 
 1.32406765e+04 -9.01889825e+00  1.32406765e+04 -8.48163617e+00  1.32406765e+04 -4.44080999e+01  1.32406765e+04 -4.40425951e+01 
 1.33171397e+04 -8.97781808e+00  1.33171397e+04 -8.44098164e+00  1.33171397e+04 -4.45081281e+01  1.33171397e+04 -4.41425756e+01 
 1.33940444e+04 -8.93660688e+00  1.33940444e+04 -8.40024322e+00  1.33940444e+04 -4.46081563e+01  1.33940444e+04 -4.42425566e+01 
 1.34713933e+04 -8.89527221e+00  1.34713933e+04 -8.35942703e+00  1.34713933e+04 -4.47081846e+01  1.34713933e+04 -4.43425383e+01 
 1.35491888e+04 -8.85382142e+00  1.35491888e+04 -8.31853908e+00  1.35491888e+04 -4.48082129e+01  1.35491888e+04 -4.44425205e+01 
 1.36274336e+04 -8.81226170e+00  1.36274336e+04 -8.27758518e+00  1.36274336e+04 -4.49082413e+01  1.36274336e+04 -4.45425033e+01 
 1.37061303e+04 -8.77060006e+00  1.37061303e+04 -8.23657103e+00  1.37061303e+04 -4.50082696e+01  1.37061303e+04 -4.46424866e+01 
 1.37852814e+04 -8.72884333e+00  1.37852814e+04 -8.19550218e+00  1.37852814e+04 -4.51082981e+01  1.37852814e+04 -4.47424705e+01 
 1.38648896e+04 -8.68699817e+00  1.38648896e+04 -8.15438403e+00  1.38648896e+04 -4.52083265e+01  1.38648896e+04 -4.48424549e+01 
 1.39449575e+04 -8.64507106e+00  1.39449575e+04 -8.11322186e+00  1.39449575e+04 -4.53083549e+01  1.39449575e+04 -4.49424398e+01 
 1.40254879e+04 -8.60306833e+00  1.40254879e+04 -8.07202081e+00  1.40254879e+04 -4.54083834e+01  1.40254879e+04 -4.50424253e+01 
 1.41064832e+04 -8.56099613e+00  1.41064832e+04 -8.03078588e+00  1.41064832e+04 -4.55084120e+01  1.41064832e+04 -4.51424113e+01 
 1.41879463e+04 -8.51886048e+00  1.41879463e+04 -7.98952196e+00  1.41879463e+04 -4.56084405e+01  1.41879463e+04 -4.52423978e+01 
 1.42698799e+04 -8.47666722e+00  1.42698799e+04 -7.94823382e+00  1.42698799e+04 -4.57084691e+01  1.42698799e+04 -4.53423848e+01 
 1.43522866e+04 -8.43442205e+00  1.43522866e+04 -7.90692608e+00  1.43522866e+04 -4.58084977e+01  1.43522866e+04 -4.54423723e+01 
 1.44351692e+04 -8.39213051e+00  1.44351692e+04 -7.86560328e+00  1.44351692e+04 -4.59085263e+01  1.44351692e+04 -4.55423604e+01 
 1.45185304e+04 -8.34979802e+00  1.45185304e+04 -7.82426981e+00  1.45185304e+04 -4.60085550e+01  1.45185304e+04 -4.56423489e+01 
 1.46023730e+04 -8.30742983e+00  1.46023730e+04 -7.78292997e+00  1.46023730e+04 -4.61085837e+01  1.46023730e+04 -4.57423379e+01 
 1.46866998e+04 -8.26503107e+00  1.46866998e+04 -7.74158796e+00  1.46866998e+04 -4.62086124e+01  1.46866998e+04 -4.58423274e+01 
 1.47715136e+04 -8.22260674e+00  1.47715136e+04 -7.70024783e+00  1.47715136e+04 -4.63086411e+01  1.47715136e+04 -4.59423173e+01 
 1.48568172e+04 -8.18016169e+00  1.48568172e+04 -7.65891358e+00  1.48568172e+04 -4.64086699e+01  1.48568172e+04 -4.60423078e+01 
 1.49426134e+04 -8.13770066e+00  1.49426134e+04 -7.61758907e+00  1.49426134e+04 -4.65086987e+01  1.49426134e+04 -4.61422987e+01 
 1.50289050e+04 -8.09522825e+00  1.50289050e+04 -7.57627808e+00  1.50289050e+04 -4.66087275e+01  1.50289050e+04 -4.62422900e+01 
 1.51156950e+04 -8.05274896e+00  1.51156950e+04 -7.53498429e+00  1.51156950e+04 -4.67087563e+01  1.51156950e+04 -4.63422818e+01 
 1.52029862e+04 -8.01026715e+00  1.52029862e+04 -7.49371128e+00  1.52029862e+04 -4.68087852e+01  1.52029862e+04 -4.64422741e+01 
 1.52907815e+04 -7.96778707e+00  1.52907815e+04 -7.45246255e+00  1.52907815e+04 -4.69088141e+01  1.52907815e+04 -4.65422668e+01 
 1.53790837e+04 -7.92531287e+00  1.53790837e+04 -7.41124150e+00  1.53790837e+04 -4.70088430e+01  1.53790837e+04 -4.66422600e+01 
 1.54678959e+04 -7.88284857e+00  1.54678959e+04 -7.37005146e+00  1.54678959e+04 -4.71088719e+01  1.54678959e+04 -4.67422535e+01 
 1.55572210e+04 -7.84039810e+00  1.55572210e+04 -7.32889565e+00  1.55572210e+04 -4.72089009e+01  1.55572210e+04 -4.68422476e+01 
 1.56470620e+04 -7.79796529e+00  1.56470620e+04 -7.28777723e+00  1.56470620e+04 -4.73089299e+01  1.56470620e+04 -4.69422420e+01 
 1.57374217e+04 -7.75555384e+00  1.57374217e+04 -7.24669927e+00  1.57374217e+04 -4.74089589e+01  1.57374217e+04 -4.70422369e+01 
 1.58283033e+04 -7.71316739e+00  1.58283033e+04 -7.20566478e+00  1.58283033e+04 -4.75089879e+01  1.58283033e+04 -4.71422321e+01 
 1.59197097e+04 -7.67080946e+00  1.59197097e+04 -7.16467666e+00  1.59197097e+04 -4.76090170e+01  1.59197097e+04 -4.72422278e+01 
 1.60116439e+04 -7.62848349e+00  1.60116439e+04 -7.12373778e+00  1.60116439e+04 -4.77090461e+01  1.60116439e+04 -4.73422239e+01 
 1.61041091e+04 -7.58619281e+00  1.61041091e+04 -7.08285090e+00  1.61041091e+04 -4.78090752e+01  1.61041091e+04 -4.74422204e+01 
 1.61971082e+04 -7.54394068e+00  1.61971082e+04 -7.04201873e+00  1.61971082e+04 -4.79091043e+01  1.61971082e+04 -4.75422173e+01 
 1.62906444e+04 -7.50173028e+00  1.62906444e+04 -7.00124391e+00  1.62906444e+04 -4.80091335e+01  1.62906444e+04 -4.76422146e+01 
 1.63847208e+04 -7.45956468e+00  1.63847208e+04 -6.96052902e+00  1.63847208e+04 -4.81091626e+01  1.63847208e+04 -4.77422122e+01 
 1.64793404e+04 -7.41744690e+00  1.64793404e+04 -6.91987656e+00  1.64793404e+04 -4.82091918e+01  1.64793404e+04 -4.78422103e+01 
 1.65745065e+04 -7.37537985e+00  1.65745065e+04 -6.87928899e+00  1.65745065e+04 -4.83092210e+01  1.65745065e+04 -4.79422087e+01 
 1.66702221e+04 -7.33336640e+00  1.66702221e+04 -6.83876868e+00  1.66702221e+04 -4.84092503e+01  1.66702221e+04 -4.80422075e+01 
 1.67664905e+04 -7.29140932e+00  1.67664905e+04 -6.79831798e+00  1.67664905e+04 -4.85092795e+01  1.67664905e+04 -4.81422067e+01 
 1.68633148e+04 -7.24951131e+00  1.68633148e+04 -6.75793914e+00  1.68633148e+04 -4.86093088e+01  1.68633148e+04 -4.82422062e+01 
 1.69606982e+04 -7.20767501e+00  1.69606982e+04 -6.71763439e+00  1.69606982e+04 -4.87093381e+01  1.69606982e+04 -4.83422061e+01 
 1.70586440e+04 -7.16590298e+00  1.70586440e+04 -6.67740589e+00  1.70586440e+04 -4.88093674e+01  1.70586440e+04 -4.84422064e+01 
 1.71571555e+04 -7.12419773e+00  1.71571555e+04 -6.63725575e+00  1.71571555e+04 -4.89093968e+01  1.71571555e+04 -4.85422070e+01 
 1.72562358e+04 -7.08256168e+00  1.72562358e+04 -6.59718602e+00  1.72562358e+04 -4.90094261e+01  1.72562358e+04 -4.86422080e+01 
 1.73558884e+04 -7.04099723e+00  1.73558884e+04 -6.55719871e+00  1.73558884e+04 -4.91094555e+01  1.73558884e+04 -4.87422093e+01 
 1.74561164e+04 -6.99950666e+00  1.74561164e+04 -6.51729580e+00  1.74561164e+04 -4.92094849e+01  1.74561164e+04 -4.88422109e+01 
 1.75569232e+04 -6.95809225e+00  1.75569232e+04 -6.47747917e+00  1.75569232e+04 -4.93095143e+01  1.75569232e+04 -4.89422129e+01 
 1.76583121e+04 -6.91675619e+00  1.76583121e+04 -6.43775072e+00  1.76583121e+04 -4.94095438e+01  1.76583121e+04 -4.90422153e+01 
 1.77602866e+04 -6.87550062e+00  1.77602866e+04 -6.39811225e+00  1.77602866e+04 -4.95095732e+01  1.77602866e+04 -4.91422179e+01 
 1.78628499e+04 -6.83432763e+00  1.78628499e+04 -6.35856555e+00  1.78628499e+04 -4.96096027e+01  1.78628499e+04 -4.92422209e+01 
 1.79660056e+04 -6.79323925e+00  1.79660056e+04 -6.31911236e+00  1.79660056e+04 -4.97096322e+01  1.79660056e+04 -4.93422242e+01 
 1.80697569e+04 -6.75223746e+00  1.80697569e+04 -6.27975437e+00  1.80697569e+04 -4.98096617e+01  1.80697569e+04 -4.94422278e+01 
 1.81741074e+04 -6.71132421e+00  1.81741074e+04 -6.24049324e+00  1.81741074e+04 -4.99096913e+01  1.81741074e+04 -4.95422317e+01 
 1.82790605e+04 -6.67050137e+00  1.82790605e+04 -6.20133059e+00  1.82790605e+04 -5.00097208e+01  1.82790605e+04 -4.96422360e+01 
 1.83846197e+04 -6.62977079e+00  1.83846197e+04 -6.16226800e+00  1.83846197e+04 -5.01097504e+01  1.83846197e+04 -4.97422406e+01 
 1.84907885e+04 -6.58913426e+00  1.84907885e+04 -6.12330700e+00  1.84907885e+04 -5.02097800e+01  1.84907885e+04 -4.98422454e+01 
 1.85975704e+04 -6.54859353e+00  1.85975704e+04 -6.08444911e+00  1.85975704e+04 -5.03098096e+01  1.85975704e+04 -4.99422506e+01 
 1.87049690e+04 -6.50815031e+00  1.87049690e+04 -6.04569581e+00  1.87049690e+04 -5.04098392e+01  1.87049690e+04 -5.00422560e+01 
 1.88129877e+04 -6.46780627e+00  1.88129877e+04 -6.00704852e+00  1.88129877e+04 -5.05098689e+01  1.88129877e+04 -5.01422618e+01 
 1.89216303e+04 -6.42756302e+00  1.89216303e+04 -5.96850866e+00  1.89216303e+04 -5.06098985e+01  1.89216303e+04 -5.02422678e+01 
 1.90309002e+04 -6.38742216e+00  1.90309002e+04 -5.93007760e+00  1.90309002e+04 -5.07099282e+01  1.90309002e+04 -5.03422742e+01 
 1.91408012e+04 -6.34738523e+00  1.91408012e+04 -5.89175668e+00  1.91408012e+04 -5.08099579e+01  1.91408012e+04 -5.04422808e+01 
 1.92513369e+04 -6.30745374e+00  1.92513369e+04 -5.85354720e+00  1.92513369e+04 -5.09099876e+01  1.92513369e+04 -5.05422877e+01 
 1.93625108e+04 -6.26762917e+00  1.93625108e+04 -5.81545046e+00  1.93625108e+04 -5.10100173e+01  1.93625108e+04 -5.06422949e+01 
 1.94743268e+04 -6.22791295e+00  1.94743268e+04 -5.77746770e+00  1.94743268e+04 -5.11100471e+01  1.94743268e+04 -5.07423023e+01 
 1.95867885e+04 -6.18830649e+00  1.95867885e+04 -5.73960015e+00  1.95867885e+04 -5.12100768e+01  1.95867885e+04 -5.08423101e+01 
 1.96998997e+04 -6.14881117e+00  1.96998997e+04 -5.70184901e+00  1.96998997e+04 -5.13101066e+01  1.96998997e+04 -5.09423180e+01 
 1.98136640e+04 -6.10942831e+00  1.98136640e+04 -5.66421543e+00  1.98136640e+04 -5.14101364e+01  1.98136640e+04 -5.10423263e+01 
 1.99280854e+04 -6.07015923e+00  1.99280854e+04 -5.62670057e+00  1.99280854e+04 -5.15101662e+01  1.99280854e+04 -5.11423348e+01 
 2.00431675e+04 -6.03100520e+00  2.00431675e+04 -5.58930554e+00  2.00431675e+04 -5.16101960e+01  2.00431675e+04 -5.12423436e+01 
 2.01589142e+04 -5.99196747e+00  2.01589142e+04 -5.55203143e+00  2.01589142e+04 -5.17102259e+01  2.01589142e+04 -5.13423526e+01 
 2.02753293e+04 -5.95304726e+00  2.02753293e+04 -5.51487931e+00  2.02753293e+04 -5.18102557e+01  2.02753293e+04 -5.14423619e+01 
 2.03924167e+04 -5.91424576e+00  2.03924167e+04 -5.47785022e+00  2.03924167e+04 -5.19102856e+01  2.03924167e+04 -5.15423715e+01 
 2.05101802e+04 -5.87556412e+00  2.05101802e+04 -5.44094518e+00  2.05101802e+04 -5.20103155e+01  2.05101802e+04 -5.16423813e+01 
 2.06286239e+04 -5.83700349e+00  2.06286239e+04 -5.40416519e+00  2.06286239e+04 -5.21103454e+01  2.06286239e+04 -5.17423913e+01 
 2.07477515e+04 -5.79856497e+00  2.07477515e+04 -5.36751121e+00  2.07477515e+04 -5.22103753e+01  2.07477515e+04 -5.18424016e+01 
 2.08675670e+04 -5.76024964e+00  2.08675670e+04 -5.33098420e+00  2.08675670e+04 -5.23104052e+01  2.08675670e+04 -5.19424121e+01 
 2.09880745e+04 -5.72205855e+00  2.09880745e+04 -5.29458509e+00  2.09880745e+04 -5.24104352e+01  2.09880745e+04 -5.20424228e+01 
 2.11092779e+04 -5.68399276e+00  2.11092779e+04 -5.25831479e+00  2.11092779e+04 -5.25104651e+01  2.11092779e+04 -5.21424338e+01 
 2.12311813e+04 -5.64605325e+00  2.12311813e+04 -5.22217418e+00  2.12311813e+04 -5.26104951e+01  2.12311813e+04 -5.22424450e+01 
 2.13537886e+04 -5.60824103e+00  2.13537886e+04 -5.18616414e+00  2.13537886e+04 -5.27105251e+01  2.13537886e+04 -5.23424565e+01 
 2.14771039e+04 -5.57055705e+00  2.14771039e+04 -5.15028551e+00  2.14771039e+04 -5.28105551e+01  2.14771039e+04 -5.24424682e+01 
 2.16011314e+04 -5.53300225e+00  2.16011314e+04 -5.11453911e+00  2.16011314e+04 -5.29105851e+01  2.16011314e+04 -5.25424801e+01 
 2.17258752e+04 -5.49557755e+00  2.17258752e+04 -5.07892576e+00  2.17258752e+04 -5.30106151e+01  2.17258752e+04 -5.26424922e+01 
 2.18513393e+04 -5.45828386e+00  2.18513393e+04 -5.04344625e+00  2.18513393e+04 -5.31106451e+01  2.18513393e+04 -5.27425045e+01 
 2.19775279e+04 -5.42112205e+00  2.19775279e+04 -5.00810134e+00  2.19775279e+04 -5.32106752e+01  2.19775279e+04 -5.28425171e+01 
 2.21044453e+04 -5.38409297e+00  2.21044453e+04 -4.97289180e+00  2.21044453e+04 -5.33107052e+01  2.21044453e+04 -5.29425298e+01 
 2.22320956e+04 -5.34719747e+00  2.22320956e+04 -4.93781835e+00  2.22320956e+04 -5.34107353e+01  2.22320956e+04 -5.30425428e+01 
 2.23604830e+04 -5.31043636e+00  2.23604830e+04 -4.90288172e+00  2.23604830e+04 -5.35107654e+01  2.23604830e+04 -5.31425560e+01 
 2.24896119e+04 -5.27381044e+00  2.24896119e+04 -4.86808260e+00  2.24896119e+04 -5.36107955e+01  2.24896119e+04 -5.32425694e+01 
 2.26194865e+04 -5.23732049e+00  2.26194865e+04 -4.83342168e+00  2.26194865e+04 -5.37108256e+01  2.26194865e+04 -5.33425830e+01 
 2.27501111e+04 -5.20096728e+00  2.27501111e+04 -4.79889963e+00  2.27501111e+04 -5.38108557e+01  2.27501111e+04 -5.34425968e+01 
 2.28814900e+04 -5.16475154e+00  2.28814900e+04 -4.76451709e+00  2.28814900e+04 -5.39108859e+01  2.28814900e+04 -5.35426107e+01 
 2.30136277e+04 -5.12867401e+00  2.30136277e+04 -4.73027471e+00  2.30136277e+04 -5.40109160e+01  2.30136277e+04 -5.36426249e+01 
 2.31465284e+04 -5.09273540e+00  2.31465284e+04 -4.69617309e+00  2.31465284e+04 -5.41109462e+01  2.31465284e+04 -5.37426393e+01 
 2.32801966e+04 -5.05693639e+00  2.32801966e+04 -4.66221285e+00  2.32801966e+04 -5.42109763e+01  2.32801966e+04 -5.38426539e+01 
 2.34146367e+04 -5.02127767e+00  2.34146367e+04 -4.62839456e+00  2.34146367e+04 -5.43110065e+01  2.34146367e+04 -5.39426687e+01 
 2.35498532e+04 -4.98575988e+00  2.35498532e+04 -4.59471880e+00  2.35498532e+04 -5.44110367e+01  2.35498532e+04 -5.40426836e+01 
 2.36858505e+04 -4.95038368e+00  2.36858505e+04 -4.56118613e+00  2.36858505e+04 -5.45110669e+01  2.36858505e+04 -5.41426988e+01 
 2.38226332e+04 -4.91514970e+00  2.38226332e+04 -4.52779709e+00  2.38226332e+04 -5.46110971e+01  2.38226332e+04 -5.42427141e+01 
 2.39602058e+04 -4.88005854e+00  2.39602058e+04 -4.49455221e+00  2.39602058e+04 -5.47111274e+01  2.39602058e+04 -5.43427296e+01 
 2.40985729e+04 -4.84511079e+00  2.40985729e+04 -4.46145199e+00  2.40985729e+04 -5.48111576e+01  2.40985729e+04 -5.44427453e+01 
 2.42377390e+04 -4.81030706e+00  2.42377390e+04 -4.42849694e+00  2.42377390e+04 -5.49111879e+01  2.42377390e+04 -5.45427612e+01 
 2.43777088e+04 -4.77564788e+00  2.43777088e+04 -4.39568754e+00  2.43777088e+04 -5.50112181e+01  2.43777088e+04 -5.46427772e+01 
 2.45184869e+04 -4.74113383e+00  2.45184869e+04 -4.36302425e+00  2.45184869e+04 -5.51112484e+01  2.45184869e+04 -5.47427934e+01 
 2.46600780e+04 -4.70676544e+00  2.46600780e+04 -4.33050755e+00  2.46600780e+04 -5.52112787e+01  2.46600780e+04 -5.48428098e+01 
 2.48024868e+04 -4.67254323e+00  2.48024868e+04 -4.29813786e+00  2.48024868e+04 -5.53113090e+01  2.48024868e+04 -5.49428264e+01 
 2.49457179e+04 -4.63846771e+00  2.49457179e+04 -4.26591561e+00  2.49457179e+04 -5.54113393e+01  2.49457179e+04 -5.50428431e+01 
 2.50897762e+04 -4.60453937e+00  2.50897762e+04 -4.23384123e+00  2.50897762e+04 -5.55113696e+01  2.50897762e+04 -5.51428600e+01 
 2.52346664e+04 -4.57075870e+00  2.52346664e+04 -4.20191511e+00  2.52346664e+04 -5.56113999e+01  2.52346664e+04 -5.52428770e+01 
 2.53803933e+04 -4.53712616e+00  2.53803933e+04 -4.17013763e+00  2.53803933e+04 -5.57114302e+01  2.53803933e+04 -5.53428942e+01 
 2.55269618e+04 -4.50364221e+00  2.55269618e+04 -4.13850919e+00  2.55269618e+04 -5.58114606e+01  2.55269618e+04 -5.54429116e+01 
 2.56743767e+04 -4.47030729e+00  2.56743767e+04 -4.10703012e+00  2.56743767e+04 -5.59114909e+01  2.56743767e+04 -5.55429292e+01 
 2.58226428e+04 -4.43712182e+00  2.58226428e+04 -4.07570080e+00  2.58226428e+04 -5.60115213e+01  2.58226428e+04 -5.56429468e+01 
 2.59717653e+04 -4.40408622e+00  2.59717653e+04 -4.04452154e+00  2.59717653e+04 -5.61115517e+01  2.59717653e+04 -5.57429647e+01 
 2.61217488e+04 -4.37120090e+00  2.61217488e+04 -4.01349268e+00  2.61217488e+04 -5.62115821e+01  2.61217488e+04 -5.58429827e+01 
 2.62725985e+04 -4.33846624e+00  2.62725985e+04 -3.98261452e+00  2.62725985e+04 -5.63116124e+01  2.62725985e+04 -5.59430008e+01 
 2.64243194e+04 -4.30588261e+00  2.64243194e+04 -3.95188737e+00  2.64243194e+04 -5.64116428e+01  2.64243194e+04 -5.60430191e+01 
 2.65769164e+04 -4.27345039e+00  2.65769164e+04 -3.92131151e+00  2.65769164e+04 -5.65116733e+01  2.65769164e+04 -5.61430376e+01 
 2.67303946e+04 -4.24116992e+00  2.67303946e+04 -3.89088721e+00  2.67303946e+04 -5.66117037e+01  2.67303946e+04 -5.62430562e+01 
 2.68847592e+04 -4.20904155e+00  2.68847592e+04 -3.86061473e+00  2.68847592e+04 -5.67117341e+01  2.68847592e+04 -5.63430749e+01 
 2.70400152e+04 -4.17706559e+00  2.70400152e+04 -3.83049432e+00  2.70400152e+04 -5.68117645e+01  2.70400152e+04 -5.64430938e+01 
 2.71961677e+04 -4.14524237e+00  2.71961677e+04 -3.80052622e+00  2.71961677e+04 -5.69117950e+01  2.71961677e+04 -5.65431128e+01 
 2.73532221e+04 -4.11357218e+00  2.73532221e+04 -3.77071066e+00  2.73532221e+04 -5.70118254e+01  2.73532221e+04 -5.66431320e+01 
 2.75111834e+04 -4.08205532e+00  2.75111834e+04 -3.74104784e+00  2.75111834e+04 -5.71118559e+01  2.75111834e+04 -5.67431513e+01 
 2.76700569e+04 -4.05069207e+00  2.76700569e+04 -3.71153796e+00  2.76700569e+04 -5.72118864e+01  2.76700569e+04 -5.68431707e+01 
 2.78298479e+04 -4.01948269e+00  2.78298479e+04 -3.68218122e+00  2.78298479e+04 -5.73119168e+01  2.78298479e+04 -5.69431903e+01 
 2.79905616e+04 -3.98842744e+00  2.79905616e+04 -3.65297779e+00  2.79905616e+04 -5.74119473e+01  2.79905616e+04 -5.70432100e+01 
 2.81522035e+04 -3.95752656e+00  2.81522035e+04 -3.62392784e+00  2.81522035e+04 -5.75119778e+01  2.81522035e+04 -5.71432298e+01 
 2.83147788e+04 -3.92678028e+00  2.83147788e+04 -3.59503152e+00  2.83147788e+04 -5.76120083e+01  2.83147788e+04 -5.72432498e+01 
 2.84782930e+04 -3.89618883e+00  2.84782930e+04 -3.56628896e+00  2.84782930e+04 -5.77120388e+01  2.84782930e+04 -5.73432699e+01 
 2.86427514e+04 -3.86575241e+00  2.86427514e+04 -3.53770031e+00  2.86427514e+04 -5.78120693e+01  2.86427514e+04 -5.74432901e+01 
 2.88081596e+04 -3.83547122e+00  2.88081596e+04 -3.50926568e+00  2.88081596e+04 -5.79120999e+01  2.88081596e+04 -5.75433104e+01 
 2.89745230e+04 -3.80534545e+00  2.89745230e+04 -3.48098518e+00  2.89745230e+04 -5.80121304e+01  2.89745230e+04 -5.76433309e+01 
 2.91418471e+04 -3.77537527e+00  2.91418471e+04 -3.45285890e+00  2.91418471e+04 -5.81121609e+01  2.91418471e+04 -5.77433515e+01 
 2.93101375e+04 -3.74556085e+00  2.93101375e+04 -3.42488693e+00  2.93101375e+04 -5.82121915e+01  2.93101375e+04 -5.78433722e+01 
 2.94793997e+04 -3.71590233e+00  2.94793997e+04 -3.39706934e+00  2.94793997e+04 -5.83122221e+01  2.94793997e+04 -5.79433930e+01 
 2.96496394e+04 -3.68639987e+00  2.96496394e+04 -3.36940620e+00  2.96496394e+04 -5.84122526e+01  2.96496394e+04 -5.80434140e+01 
 2.98208622e+04 -3.65705358e+00  2.98208622e+04 -3.34189755e+00  2.98208622e+04 -5.85122832e+01  2.98208622e+04 -5.81434351e+01 
 2.99930738e+04 -3.62786359e+00  2.99930738e+04 -3.31454343e+00  2.99930738e+04 -5.86123138e+01  2.99930738e+04 -5.82434563e+01 
 3.01662799e+04 -3.59883002e+00  3.01662799e+04 -3.28734388e+00  3.01662799e+04 -5.87123444e+01  3.01662799e+04 -5.83434776e+01 
 3.03404863e+04 -3.56995294e+00  3.03404863e+04 -3.26029891e+00  3.03404863e+04 -5.88123749e+01  3.03404863e+04 -5.84434990e+01 
 3.05156986e+04 -3.54123246e+00  3.05156986e+04 -3.23340852e+00  3.05156986e+04 -5.89124055e+01  3.05156986e+04 -5.85435205e+01 
 3.06919228e+04 -3.51266865e+00  3.06919228e+04 -3.20667273e+00  3.06919228e+04 -5.90124362e+01  3.06919228e+04 -5.86435421e+01 
 3.08691647e+04 -3.48426157e+00  3.08691647e+04 -3.18009150e+00  3.08691647e+04 -5.91124668e+01  3.08691647e+04 -5.87435639e+01 
 3.10474301e+04 -3.45601128e+00  3.10474301e+04 -3.15366481e+00  3.10474301e+04 -5.92124974e+01  3.10474301e+04 -5.88435857e+01 
 3.12267250e+04 -3.42791782e+00  3.12267250e+04 -3.12739263e+00  3.12267250e+04 -5.93125280e+01  3.12267250e+04 -5.89436077e+01 
 3.14070553e+04 -3.39998122e+00  3.14070553e+04 -3.10127492e+00  3.14070553e+04 -5.94125586e+01  3.14070553e+04 -5.90436298e+01 
 3.15884269e+04 -3.37220151e+00  3.15884269e+04 -3.07531161e+00  3.15884269e+04 -5.95125893e+01  3.15884269e+04 -5.91436519e+01 
 3.17708460e+04 -3.34457869e+00  3.17708460e+04 -3.04950263e+00  3.17708460e+04 -5.96126199e+01  3.17708460e+04 -5.92436742e+01 
 3.19543185e+04 -3.31711278e+00  3.19543185e+04 -3.02384791e+00  3.19543185e+04 -5.97126506e+01  3.19543185e+04 -5.93436966e+01 
 3.21388505e+04 -3.28980375e+00  3.21388505e+04 -2.99834735e+00  3.21388505e+04 -5.98126812e+01  3.21388505e+04 -5.94437191e+01 
 3.23244482e+04 -3.26265159e+00  3.23244482e+04 -2.97300087e+00  3.23244482e+04 -5.99127119e+01  3.23244482e+04 -5.95437417e+01 
 3.25111177e+04 -3.23565628e+00  3.25111177e+04 -2.94780835e+00  3.25111177e+04 -6.00127426e+01  3.25111177e+04 -5.96437643e+01 
 3.26988652e+04 -3.20881776e+00  3.26988652e+04 -2.92276966e+00  3.26988652e+04 -6.01127733e+01  3.26988652e+04 -5.97437871e+01 
 3.28876969e+04 -3.18213599e+00  3.28876969e+04 -2.89788468e+00  3.28876969e+04 -6.02128039e+01  3.28876969e+04 -5.98438100e+01 
 3.30776191e+04 -3.15561091e+00  3.30776191e+04 -2.87315328e+00  3.30776191e+04 -6.03128346e+01  3.30776191e+04 -5.99438330e+01 
 3.32686380e+04 -3.12924244e+00  3.32686380e+04 -2.84857529e+00  3.32686380e+04 -6.04128653e+01  3.32686380e+04 -6.00438560e+01 
 3.34607601e+04 -3.10303052e+00  3.34607601e+04 -2.82415056e+00  3.34607601e+04 -6.05128960e+01  3.34607601e+04 -6.01438792e+01 
 3.36539916e+04 -3.07697503e+00  3.36539916e+04 -2.79987892e+00  3.36539916e+04 -6.06129267e+01  3.36539916e+04 -6.02439024e+01 
 3.38483391e+04 -3.05107589e+00  3.38483391e+04 -2.77576019e+00  3.38483391e+04 -6.07129574e+01  3.38483391e+04 -6.03439258e+01 
 3.40438088e+04 -3.02533298e+00  3.40438088e+04 -2.75179418e+00  3.40438088e+04 -6.08129882e+01  3.40438088e+04 -6.04439492e+01 
 3.42404074e+04 -2.99974618e+00  3.42404074e+04 -2.72798068e+00  3.42404074e+04 -6.09130189e+01  3.42404074e+04 -6.05439727e+01 
 3.44381413e+04 -2.97431536e+00  3.44381413e+04 -2.70431950e+00  3.44381413e+04 -6.10130496e+01  3.44381413e+04 -6.06439963e+01 
 3.46370171e+04 -2.94904037e+00  3.46370171e+04 -2.68081041e+00  3.46370171e+04 -6.11130804e+01  3.46370171e+04 -6.07440200e+01 
 3.48370414e+04 -2.92392108e+00  3.48370414e+04 -2.65745318e+00  3.48370414e+04 -6.12131111e+01  3.48370414e+04 -6.08440438e+01 
 3.50382207e+04 -2.89895731e+00  3.50382207e+04 -2.63424758e+00  3.50382207e+04 -6.13131418e+01  3.50382207e+04 -6.09440677e+01 
 3.52405619e+04 -2.87414889e+00  3.52405619e+04 -2.61119336e+00  3.52405619e+04 -6.14131726e+01  3.52405619e+04 -6.10440916e+01 
 3.54440716e+04 -2.84949565e+00  3.54440716e+04 -2.58829027e+00  3.54440716e+04 -6.15132033e+01  3.54440716e+04 -6.11441156e+01 
 3.56487565e+04 -2.82499740e+00  3.56487565e+04 -2.56553803e+00  3.56487565e+04 -6.16132341e+01  3.56487565e+04 -6.12441398e+01 
 3.58546234e+04 -2.80065394e+00  3.58546234e+04 -2.54293637e+00  3.58546234e+04 -6.17132649e+01  3.58546234e+04 -6.13441639e+01 
 3.60616792e+04 -2.77646505e+00  3.60616792e+04 -2.52048501e+00  3.60616792e+04 -6.18132956e+01  3.60616792e+04 -6.14441882e+01 
 3.62699307e+04 -2.75243053e+00  3.62699307e+04 -2.49818366e+00  3.62699307e+04 -6.19133264e+01  3.62699307e+04 -6.15442126e+01 
 3.64793849e+04 -2.72855014e+00  3.64793849e+04 -2.47603202e+00  3.64793849e+04 -6.20133572e+01  3.64793849e+04 -6.16442370e+01 
 3.66900486e+04 -2.70482364e+00  3.66900486e+04 -2.45402977e+00  3.66900486e+04 -6.21133880e+01  3.66900486e+04 -6.17442615e+01 
 3.69019288e+04 -2.68125080e+00  3.69019288e+04 -2.43217659e+00  3.69019288e+04 -6.22134188e+01  3.69019288e+04 -6.18442861e+01 
 3.71150327e+04 -2.65783136e+00  3.71150327e+04 -2.41047217e+00  3.71150327e+04 -6.23134496e+01  3.71150327e+04 -6.19443108e+01 
 3.73293672e+04 -2.63456505e+00  3.73293672e+04 -2.38891616e+00  3.73293672e+04 -6.24134804e+01  3.73293672e+04 -6.20443355e+01 
 3.75449394e+04 -2.61145160e+00  3.75449394e+04 -2.36750822e+00  3.75449394e+04 -6.25135112e+01  3.75449394e+04 -6.21443603e+01 
 3.77617566e+04 -2.58849073e+00  3.77617566e+04 -2.34624799e+00  3.77617566e+04 -6.26135420e+01  3.77617566e+04 -6.22443852e+01 
 3.79798258e+04 -2.56568215e+00  3.79798258e+04 -2.32513511e+00  3.79798258e+04 -6.27135728e+01  3.79798258e+04 -6.23444102e+01 
 3.81991544e+04 -2.54302556e+00  3.81991544e+04 -2.30416922e+00  3.81991544e+04 -6.28136036e+01  3.81991544e+04 -6.24444352e+01 
 3.84197495e+04 -2.52052065e+00  3.84197495e+04 -2.28334994e+00  3.84197495e+04 -6.29136345e+01  3.84197495e+04 -6.25444603e+01 
 3.86416186e+04 -2.49816711e+00  3.86416186e+04 -2.26267688e+00  3.86416186e+04 -6.30136653e+01  3.86416186e+04 -6.26444855e+01 
 3.88647689e+04 -2.47596460e+00  3.88647689e+04 -2.24214965e+00  3.88647689e+04 -6.31136961e+01  3.88647689e+04 -6.27445107e+01 
 3.90892079e+04 -2.45391280e+00  3.90892079e+04 -2.22176785e+00  3.90892079e+04 -6.32137269e+01  3.90892079e+04 -6.28445360e+01 
 3.93149430e+04 -2.43201137e+00  3.93149430e+04 -2.20153106e+00  3.93149430e+04 -6.33137578e+01  3.93149430e+04 -6.29445614e+01 
 3.95419817e+04 -2.41025994e+00  3.95419817e+04 -2.18143888e+00  3.95419817e+04 -6.34137886e+01  3.95419817e+04 -6.30445868e+01 
 3.97703315e+04 -2.38865818e+00  3.97703315e+04 -2.16149087e+00  3.97703315e+04 -6.35138195e+01  3.97703315e+04 -6.31446124e+01 
 4.00000000e+04 -2.36720570e+00  4.00000000e+04 -2.14168661e+00  4.00000000e+04 -6.36138503e+01  4.00000000e+04 -6.32446379e+01 
