  0
SECTION
  2
HEADER
  9
$ACADVER
  1
AC1018
  9
$HANDSEED
  5
FFFFFFFF
  9
$ANGBASE
  50
0.0
  9
$ANGDIR
  70
1
  9
$MEASUREMENT
  70
1
  9
$INSUNITS
  70
4
  0
ENDSEC
  0
SECTION
  2
TABLES
  0
TABLE
  2
APPID
  5
1
330
0
100
AcDbSymbolTable
 70
1
  0
APPID
  5
2
330
1
100
AcDbSymbolTableRecord
100
AcDbRegAppTableRecord
  2
ACAD
 70
0
  0
ENDTAB
  0
TABLE
  2
LTYPE
  5
3
330
0
100
AcDbSymbolTable
 70
6
  0
LTYPE
  5
4
330
3
100
AcDbSymbolTableRecord
100
AcDbLinetypeTableRecord
  2
ByBlock
 70
0
  3

 72
65
 73
0
 40
0
  0
LTYPE
  5
5
330
3
100
AcDbSymbolTableRecord
100
AcDbLinetypeTableRecord
  2
ByLayer
 70
0
  3

 72
65
 73
0
 40
0
  0
LTYPE
  5
6
330
3
100
AcDbSymbolTableRecord
100
AcDbLinetypeTableRecord
  2
CONTINUOUS
 70
0
  3
Solid line
 72
65
 73
0
 40
0
  0
LTYPE
  5
7
330
3
100
AcDbSymbolTableRecord
100
AcDbLinetypeTableRecord
  2
DASHDOT
 70
0
  3
Dash Dot ____ _ ____ _
 72
65
 73
4
 40
2
 49
1.25
 74
0
 49
-0.25
 74
0
 49
0.25
 74
0
 49
-0.25
 74
0
  0
LTYPE
  5
8
330
3
100
AcDbSymbolTableRecord
100
AcDbLinetypeTableRecord
  2
DASHED
 70
0
  3
Dashed __ __ __ __ __
 72
65
 73
2
 40
0.75
 49
0.5
 74
0
 49
-0.25
 74
0
  0
LTYPE
  5
9
330
3
100
AcDbSymbolTableRecord
100
AcDbLinetypeTableRecord
  2
DOTTED
 70
0
  3
Dotted .  .  .  .
 72
65
 73
2
 40
0.2
 49
0.0
 74
0
 49
-0.2
 74
0
  0
ENDTAB
  0
TABLE
  2
STYLE
  5
A
330
0
100
AcDbSymbolTable
 70
4
  0
STYLE
  5
B
330
A
100
AcDbSymbolTableRecord
100
AcDbTextStyleTableRecord
  2
KICAD
 70
0
 40
0
 41
1
 42
1
 50
0
 71
0
  3
isocp.shx
  0
STYLE
  5
C
330
A
100
AcDbSymbolTableRecord
100
AcDbTextStyleTableRecord
  2
KICADB
 70
0
 40
0
 41
1
 42
1
 50
0
 71
0
  3
isocp.shx
  0
STYLE
  5
D
330
A
100
AcDbSymbolTableRecord
100
AcDbTextStyleTableRecord
  2
KICADI
 70
0
 40
0
 41
1
 42
1
 50
15
 71
0
  3
isocp.shx
  0
STYLE
  5
E
330
A
100
AcDbSymbolTableRecord
100
AcDbTextStyleTableRecord
  2
KICADBI
 70
0
 40
0
 41
1
 42
1
 50
15
 71
0
  3
isocp.shx
  0
ENDTAB
  0
TABLE
  2
LAYER
  5
F
330
0
100
AcDbSymbolTable
 70
3
  0
LAYER
  5
12
330
F
100
AcDbSymbolTableRecord
100
AcDbLayerTableRecord
  2
0
 70
0
 62
7
  6
CONTINUOUS
390
10
  0
LAYER
  5
13
330
F
100
AcDbSymbolTableRecord
100
AcDbLayerTableRecord
  2
F.Cu
 70
0
 62
52
420
12106534
  6
CONTINUOUS
390
10
  0
LAYER
  5
14
330
F
100
AcDbSymbolTableRecord
100
AcDbLayerTableRecord
  2
Edge.Cuts
 70
0
 62
40
420
16432431
  6
CONTINUOUS
390
10
  0
ENDTAB
  0
TABLE
  2
VPORT
  5
15
330
0
100
AcDbSymbolTable
 70
0
  0
ENDTAB
  0
TABLE
  2
VIEW
  5
16
330
0
100
AcDbSymbolTable
 70
0
  0
ENDTAB
  0
TABLE
  2
UCS
  5
17
330
0
100
AcDbSymbolTable
 70
0
  0
ENDTAB
  0
TABLE
  2
DIMSTYLE
  5
18
330
0
100
AcDbSymbolTable
 70
1
100
AcDbDimStyleTable
 71
0
  0
DIMSTYLE
105
19
330
18
100
AcDbSymbolTableRecord
100
AcDbDimStyleTableRecord
  2
Standard
 70
0
  0
ENDTAB
  0
TABLE
  2
BLOCK_RECORD
  5
1A
330
0
100
AcDbSymbolTable
 70
3
  0
BLOCK_RECORD
  5
1B
330
1A
100
AcDbSymbolTableRecord
100
AcDbBlockTableRecord
  2
*Model_Space
340
1E
 70
0
280
1
281
0
  0
BLOCK_RECORD
  5
1C
330
1A
100
AcDbSymbolTableRecord
100
AcDbBlockTableRecord
  2
*Paper_Space
340
1F
 70
0
280
1
281
0
  0
BLOCK_RECORD
  5
1D
330
1A
100
AcDbSymbolTableRecord
100
AcDbBlockTableRecord
  2
*Paper_Space0
340
20
 70
0
280
1
281
0
  0
ENDTAB
  0
ENDSEC
  0
SECTION
  2
BLOCKS
  0
BLOCK
  5
24
330
1B
100
AcDbEntity
  8
0
100
AcDbBlockBegin
  2
*Model_Space
 70
0
 10
0.0
 20
0.0
 30
0.0
  3
*Model_Space
  1

  0
ENDBLK
  5
23
330
1B
100
AcDbEntity
  8
0
100
AcDbBlockEnd
  0
BLOCK
  5
26
330
1C
100
AcDbEntity
 67
1
  8
0
100
AcDbBlockBegin
  2
*Paper_Space
 70
0
 10
0.0
 20
0.0
 30
0.0
  3
*Paper_Space
  1

  0
ENDBLK
  5
25
330
1C
100
AcDbEntity
 67
1
  8
0
100
AcDbBlockEnd
  0
BLOCK
  5
28
330
1D
100
AcDbEntity
 67
1
  8
0
100
AcDbBlockBegin
  2
*Paper_Space0
 70
0
 10
0.0
 20
0.0
 30
0.0
  3
*Paper_Space0
  1

  0
ENDBLK
  5
27
330
1D
100
AcDbEntity
 67
1
  8
0
100
AcDbBlockEnd
  0
ENDSEC
  0
SECTION
  2
ENTITIES
  0
LINE
  5
29
330
1B
100
AcDbEntity
  8
F.Cu
  6
CONTINUOUS
100
AcDbLine
 10
53.2322279999999992
 20
-132.7344479999999862
 30
0
 11
53.3771169999999984
 21
-132.7944630000000075
 31
0
  0
LINE
  5
2A
330
1B
100
AcDbEntity
  8
F.Cu
  6
CONTINUOUS
100
AcDbLine
 10
53.3771169999999984
 20
-132.7944630000000075
 30
0
 11
53.5075149999999979
 21
-132.8815919999999835
 31
0
  0
LINE
  5
2B
330
1B
100
AcDbEntity
  8
F.Cu
  6
CONTINUOUS
100
AcDbLine
 10
53.5075149999999979
 20
-132.8815919999999835
 30
0
 11
53.6184079999999952
 21
-132.9924849999999878
 31
0
  0
LINE
  5
2C
330
1B
100
AcDbEntity
  8
F.Cu
  6
CONTINUOUS
100
AcDbLine
 10
53.6184079999999952
 20
-132.9924849999999878
 30
0
 11
53.7055369999999996
 21
-133.1228830000000016
 31
0
  0
LINE
  5
2D
330
1B
100
AcDbEntity
  8
F.Cu
  6
CONTINUOUS
100
AcDbLine
 10
53.7055369999999996
 20
-133.1228830000000016
 30
0
 11
53.7655519999999996
 21
-133.2677720000000079
 31
0
  0
LINE
  5
2E
330
1B
100
AcDbEntity
  8
F.Cu
  6
CONTINUOUS
100
AcDbLine
 10
53.7655519999999996
 20
-133.2677720000000079
 30
0
 11
53.7961479999999952
 21
-133.4215859999999907
 31
0
  0
LINE
  5
2F
330
1B
100
AcDbEntity
  8
F.Cu
  6
CONTINUOUS
100
AcDbLine
 10
53.7961479999999952
 20
-133.4215859999999907
 30
0
 11
53.7961479999999952
 21
-133.5784139999999809
 31
0
  0
LINE
  5
30
330
1B
100
AcDbEntity
  8
F.Cu
  6
CONTINUOUS
100
AcDbLine
 10
53.7961479999999952
 20
-133.5784139999999809
 30
0
 11
53.7655519999999996
 21
-133.7322279999999921
 31
0
  0
LINE
  5
31
330
1B
100
AcDbEntity
  8
F.Cu
  6
CONTINUOUS
100
AcDbLine
 10
53.7655519999999996
 20
-133.7322279999999921
 30
0
 11
53.7055369999999996
 21
-133.8771169999999984
 31
0
  0
LINE
  5
32
330
1B
100
AcDbEntity
  8
F.Cu
  6
CONTINUOUS
100
AcDbLine
 10
53.7055369999999996
 20
-133.8771169999999984
 30
0
 11
53.6184079999999952
 21
-134.0075149999999837
 31
0
  0
LINE
  5
33
330
1B
100
AcDbEntity
  8
F.Cu
  6
CONTINUOUS
100
AcDbLine
 10
53.6184079999999952
 20
-134.0075149999999837
 30
0
 11
53.5075149999999979
 21
-134.1184079999999881
 31
0
  0
LINE
  5
34
330
1B
100
AcDbEntity
  8
F.Cu
  6
CONTINUOUS
100
AcDbLine
 10
53.5075149999999979
 20
-134.1184079999999881
 30
0
 11
53.3771169999999984
 21
-134.2055369999999925
 31
0
  0
LINE
  5
35
330
1B
100
AcDbEntity
  8
F.Cu
  6
CONTINUOUS
100
AcDbLine
 10
53.3771169999999984
 20
-134.2055369999999925
 30
0
 11
53.2322279999999992
 21
-134.2655519999999854
 31
0
  0
LINE
  5
36
330
1B
100
AcDbEntity
  8
F.Cu
  6
CONTINUOUS
100
AcDbLine
 10
53.2322279999999992
 20
-134.2655519999999854
 30
0
 11
53.0784139999999951
 21
-134.2961479999999881
 31
0
  0
LINE
  5
37
330
1B
100
AcDbEntity
  8
F.Cu
  6
CONTINUOUS
100
AcDbLine
 10
53.0784139999999951
 20
-134.2961479999999881
 30
0
 11
52.9215859999999978
 21
-134.2961479999999881
 31
0
  0
LINE
  5
38
330
1B
100
AcDbEntity
  8
F.Cu
  6
CONTINUOUS
100
AcDbLine
 10
52.9215859999999978
 20
-134.2961479999999881
 30
0
 11
52.7677720000000008
 21
-134.2655519999999854
 31
0
  0
LINE
  5
39
330
1B
100
AcDbEntity
  8
F.Cu
  6
CONTINUOUS
100
AcDbLine
 10
52.7677720000000008
 20
-134.2655519999999854
 30
0
 11
52.6228829999999945
 21
-134.2055369999999925
 31
0
  0
LINE
  5
3A
330
1B
100
AcDbEntity
  8
F.Cu
  6
CONTINUOUS
100
AcDbLine
 10
52.6228829999999945
 20
-134.2055369999999925
 30
0
 11
52.492484999999995
 21
-134.1184079999999881
 31
0
  0
LINE
  5
3B
330
1B
100
AcDbEntity
  8
F.Cu
  6
CONTINUOUS
100
AcDbLine
 10
52.492484999999995
 20
-134.1184079999999881
 30
0
 11
52.3815919999999977
 21
-134.0075149999999837
 31
0
  0
LINE
  5
3C
330
1B
100
AcDbEntity
  8
F.Cu
  6
CONTINUOUS
100
AcDbLine
 10
52.3815919999999977
 20
-134.0075149999999837
 30
0
 11
52.2944630000000004
 21
-133.8771169999999984
 31
0
  0
LINE
  5
3D
330
1B
100
AcDbEntity
  8
F.Cu
  6
CONTINUOUS
100
AcDbLine
 10
52.2944630000000004
 20
-133.8771169999999984
 30
0
 11
52.2344480000000004
 21
-133.7322279999999921
 31
0
  0
LINE
  5
3E
330
1B
100
AcDbEntity
  8
F.Cu
  6
CONTINUOUS
100
AcDbLine
 10
52.2344480000000004
 20
-133.7322279999999921
 30
0
 11
52.2038519999999977
 21
-133.5784139999999809
 31
0
  0
LINE
  5
3F
330
1B
100
AcDbEntity
  8
F.Cu
  6
CONTINUOUS
100
AcDbLine
 10
52.2038519999999977
 20
-133.5784139999999809
 30
0
 11
52.2038519999999977
 21
-133.4215859999999907
 31
0
  0
LINE
  5
40
330
1B
100
AcDbEntity
  8
F.Cu
  6
CONTINUOUS
100
AcDbLine
 10
52.2038519999999977
 20
-133.4215859999999907
 30
0
 11
52.2344480000000004
 21
-133.2677720000000079
 31
0
  0
LINE
  5
41
330
1B
100
AcDbEntity
  8
F.Cu
  6
CONTINUOUS
100
AcDbLine
 10
52.2344480000000004
 20
-133.2677720000000079
 30
0
 11
52.2944630000000004
 21
-133.1228830000000016
 31
0
  0
LINE
  5
42
330
1B
100
AcDbEntity
  8
F.Cu
  6
CONTINUOUS
100
AcDbLine
 10
52.2944630000000004
 20
-133.1228830000000016
 30
0
 11
52.3815919999999977
 21
-132.9924849999999878
 31
0
  0
LINE
  5
43
330
1B
100
AcDbEntity
  8
F.Cu
  6
CONTINUOUS
100
AcDbLine
 10
52.3815919999999977
 20
-132.9924849999999878
 30
0
 11
52.492484999999995
 21
-132.8815919999999835
 31
0
  0
LINE
  5
44
330
1B
100
AcDbEntity
  8
F.Cu
  6
CONTINUOUS
100
AcDbLine
 10
52.492484999999995
 20
-132.8815919999999835
 30
0
 11
52.6228829999999945
 21
-132.7944630000000075
 31
0
  0
LINE
  5
45
330
1B
100
AcDbEntity
  8
F.Cu
  6
CONTINUOUS
100
AcDbLine
 10
52.6228829999999945
 20
-132.7944630000000075
 30
0
 11
52.7677720000000008
 21
-132.7344479999999862
 31
0
  0
LINE
  5
46
330
1B
100
AcDbEntity
  8
F.Cu
  6
CONTINUOUS
100
AcDbLine
 10
52.7677720000000008
 20
-132.7344479999999862
 30
0
 11
52.9215859999999978
 21
-132.7038519999999835
 31
0
  0
LINE
  5
47
330
1B
100
AcDbEntity
  8
F.Cu
  6
CONTINUOUS
100
AcDbLine
 10
52.9215859999999978
 20
-132.7038519999999835
 30
0
 11
53.0784139999999951
 21
-132.7038519999999835
 31
0
  0
LINE
  5
48
330
1B
100
AcDbEntity
  8
F.Cu
  6
CONTINUOUS
100
AcDbLine
 10
53.0784139999999951
 20
-132.7038519999999835
 30
0
 11
53.2322279999999992
 21
-132.7344479999999862
 31
0
  0
LINE
  5
49
330
1B
100
AcDbEntity
  8
F.Cu
  6
CONTINUOUS
100
AcDbLine
 10
58.2322279999999992
 20
-132.7344479999999862
 30
0
 11
58.3771169999999984
 21
-132.7944630000000075
 31
0
  0
LINE
  5
4A
330
1B
100
AcDbEntity
  8
F.Cu
  6
CONTINUOUS
100
AcDbLine
 10
58.3771169999999984
 20
-132.7944630000000075
 30
0
 11
58.5075149999999979
 21
-132.8815919999999835
 31
0
  0
LINE
  5
4B
330
1B
100
AcDbEntity
  8
F.Cu
  6
CONTINUOUS
100
AcDbLine
 10
58.5075149999999979
 20
-132.8815919999999835
 30
0
 11
58.6184079999999952
 21
-132.9924849999999878
 31
0
  0
LINE
  5
4C
330
1B
100
AcDbEntity
  8
F.Cu
  6
CONTINUOUS
100
AcDbLine
 10
58.6184079999999952
 20
-132.9924849999999878
 30
0
 11
58.7055369999999996
 21
-133.1228830000000016
 31
0
  0
LINE
  5
4D
330
1B
100
AcDbEntity
  8
F.Cu
  6
CONTINUOUS
100
AcDbLine
 10
58.7055369999999996
 20
-133.1228830000000016
 30
0
 11
58.7655519999999996
 21
-133.2677720000000079
 31
0
  0
LINE
  5
4E
330
1B
100
AcDbEntity
  8
F.Cu
  6
CONTINUOUS
100
AcDbLine
 10
58.7655519999999996
 20
-133.2677720000000079
 30
0
 11
58.7961479999999952
 21
-133.4215859999999907
 31
0
  0
LINE
  5
4F
330
1B
100
AcDbEntity
  8
F.Cu
  6
CONTINUOUS
100
AcDbLine
 10
58.7961479999999952
 20
-133.4215859999999907
 30
0
 11
58.7961479999999952
 21
-133.5784139999999809
 31
0
  0
LINE
  5
50
330
1B
100
AcDbEntity
  8
F.Cu
  6
CONTINUOUS
100
AcDbLine
 10
58.7961479999999952
 20
-133.5784139999999809
 30
0
 11
58.7655519999999996
 21
-133.7322279999999921
 31
0
  0
LINE
  5
51
330
1B
100
AcDbEntity
  8
F.Cu
  6
CONTINUOUS
100
AcDbLine
 10
58.7655519999999996
 20
-133.7322279999999921
 30
0
 11
58.7055369999999996
 21
-133.8771169999999984
 31
0
  0
LINE
  5
52
330
1B
100
AcDbEntity
  8
F.Cu
  6
CONTINUOUS
100
AcDbLine
 10
58.7055369999999996
 20
-133.8771169999999984
 30
0
 11
58.6184079999999952
 21
-134.0075149999999837
 31
0
  0
LINE
  5
53
330
1B
100
AcDbEntity
  8
F.Cu
  6
CONTINUOUS
100
AcDbLine
 10
58.6184079999999952
 20
-134.0075149999999837
 30
0
 11
58.5075149999999979
 21
-134.1184079999999881
 31
0
  0
LINE
  5
54
330
1B
100
AcDbEntity
  8
F.Cu
  6
CONTINUOUS
100
AcDbLine
 10
58.5075149999999979
 20
-134.1184079999999881
 30
0
 11
58.3771169999999984
 21
-134.2055369999999925
 31
0
  0
LINE
  5
55
330
1B
100
AcDbEntity
  8
F.Cu
  6
CONTINUOUS
100
AcDbLine
 10
58.3771169999999984
 20
-134.2055369999999925
 30
0
 11
58.2322279999999992
 21
-134.2655519999999854
 31
0
  0
LINE
  5
56
330
1B
100
AcDbEntity
  8
F.Cu
  6
CONTINUOUS
100
AcDbLine
 10
58.2322279999999992
 20
-134.2655519999999854
 30
0
 11
58.0784139999999951
 21
-134.2961479999999881
 31
0
  0
LINE
  5
57
330
1B
100
AcDbEntity
  8
F.Cu
  6
CONTINUOUS
100
AcDbLine
 10
58.0784139999999951
 20
-134.2961479999999881
 30
0
 11
57.9215859999999978
 21
-134.2961479999999881
 31
0
  0
LINE
  5
58
330
1B
100
AcDbEntity
  8
F.Cu
  6
CONTINUOUS
100
AcDbLine
 10
57.9215859999999978
 20
-134.2961479999999881
 30
0
 11
57.7677720000000008
 21
-134.2655519999999854
 31
0
  0
LINE
  5
59
330
1B
100
AcDbEntity
  8
F.Cu
  6
CONTINUOUS
100
AcDbLine
 10
57.7677720000000008
 20
-134.2655519999999854
 30
0
 11
57.6228829999999945
 21
-134.2055369999999925
 31
0
  0
LINE
  5
5A
330
1B
100
AcDbEntity
  8
F.Cu
  6
CONTINUOUS
100
AcDbLine
 10
57.6228829999999945
 20
-134.2055369999999925
 30
0
 11
57.492484999999995
 21
-134.1184079999999881
 31
0
  0
LINE
  5
5B
330
1B
100
AcDbEntity
  8
F.Cu
  6
CONTINUOUS
100
AcDbLine
 10
57.492484999999995
 20
-134.1184079999999881
 30
0
 11
57.3815919999999977
 21
-134.0075149999999837
 31
0
  0
LINE
  5
5C
330
1B
100
AcDbEntity
  8
F.Cu
  6
CONTINUOUS
100
AcDbLine
 10
57.3815919999999977
 20
-134.0075149999999837
 30
0
 11
57.2944630000000004
 21
-133.8771169999999984
 31
0
  0
LINE
  5
5D
330
1B
100
AcDbEntity
  8
F.Cu
  6
CONTINUOUS
100
AcDbLine
 10
57.2944630000000004
 20
-133.8771169999999984
 30
0
 11
57.2344480000000004
 21
-133.7322279999999921
 31
0
  0
LINE
  5
5E
330
1B
100
AcDbEntity
  8
F.Cu
  6
CONTINUOUS
100
AcDbLine
 10
57.2344480000000004
 20
-133.7322279999999921
 30
0
 11
57.2038519999999977
 21
-133.5784139999999809
 31
0
  0
LINE
  5
5F
330
1B
100
AcDbEntity
  8
F.Cu
  6
CONTINUOUS
100
AcDbLine
 10
57.2038519999999977
 20
-133.5784139999999809
 30
0
 11
57.2038519999999977
 21
-133.4215859999999907
 31
0
  0
LINE
  5
60
330
1B
100
AcDbEntity
  8
F.Cu
  6
CONTINUOUS
100
AcDbLine
 10
57.2038519999999977
 20
-133.4215859999999907
 30
0
 11
57.2344480000000004
 21
-133.2677720000000079
 31
0
  0
LINE
  5
61
330
1B
100
AcDbEntity
  8
F.Cu
  6
CONTINUOUS
100
AcDbLine
 10
57.2344480000000004
 20
-133.2677720000000079
 30
0
 11
57.2944630000000004
 21
-133.1228830000000016
 31
0
  0
LINE
  5
62
330
1B
100
AcDbEntity
  8
F.Cu
  6
CONTINUOUS
100
AcDbLine
 10
57.2944630000000004
 20
-133.1228830000000016
 30
0
 11
57.3815919999999977
 21
-132.9924849999999878
 31
0
  0
LINE
  5
63
330
1B
100
AcDbEntity
  8
F.Cu
  6
CONTINUOUS
100
AcDbLine
 10
57.3815919999999977
 20
-132.9924849999999878
 30
0
 11
57.492484999999995
 21
-132.8815919999999835
 31
0
  0
LINE
  5
64
330
1B
100
AcDbEntity
  8
F.Cu
  6
CONTINUOUS
100
AcDbLine
 10
57.492484999999995
 20
-132.8815919999999835
 30
0
 11
57.6228829999999945
 21
-132.7944630000000075
 31
0
  0
LINE
  5
65
330
1B
100
AcDbEntity
  8
F.Cu
  6
CONTINUOUS
100
AcDbLine
 10
57.6228829999999945
 20
-132.7944630000000075
 30
0
 11
57.7677720000000008
 21
-132.7344479999999862
 31
0
  0
LINE
  5
66
330
1B
100
AcDbEntity
  8
F.Cu
  6
CONTINUOUS
100
AcDbLine
 10
57.7677720000000008
 20
-132.7344479999999862
 30
0
 11
57.9215859999999978
 21
-132.7038519999999835
 31
0
  0
LINE
  5
67
330
1B
100
AcDbEntity
  8
F.Cu
  6
CONTINUOUS
100
AcDbLine
 10
57.9215859999999978
 20
-132.7038519999999835
 30
0
 11
58.0784139999999951
 21
-132.7038519999999835
 31
0
  0
LINE
  5
68
330
1B
100
AcDbEntity
  8
F.Cu
  6
CONTINUOUS
100
AcDbLine
 10
58.0784139999999951
 20
-132.7038519999999835
 30
0
 11
58.2322279999999992
 21
-132.7344479999999862
 31
0
  0
LINE
  5
69
330
1B
100
AcDbEntity
  8
F.Cu
  6
CONTINUOUS
100
AcDbLine
 10
80.2322279999999921
 20
-129.3944479999999828
 30
0
 11
80.3771169999999984
 21
-129.4544630000000041
 31
0
  0
LINE
  5
6A
330
1B
100
AcDbEntity
  8
F.Cu
  6
CONTINUOUS
100
AcDbLine
 10
80.3771169999999984
 20
-129.4544630000000041
 30
0
 11
80.5075149999999979
 21
-129.5415919999999801
 31
0
  0
LINE
  5
6B
330
1B
100
AcDbEntity
  8
F.Cu
  6
CONTINUOUS
100
AcDbLine
 10
80.5075149999999979
 20
-129.5415919999999801
 30
0
 11
80.6184080000000023
 21
-129.6524849999999844
 31
0
  0
LINE
  5
6C
330
1B
100
AcDbEntity
  8
F.Cu
  6
CONTINUOUS
100
AcDbLine
 10
80.6184080000000023
 20
-129.6524849999999844
 30
0
 11
80.7055369999999925
 21
-129.7828829999999982
 31
0
  0
LINE
  5
6D
330
1B
100
AcDbEntity
  8
F.Cu
  6
CONTINUOUS
100
AcDbLine
 10
80.7055369999999925
 20
-129.7828829999999982
 30
0
 11
80.7655519999999996
 21
-129.9277720000000045
 31
0
  0
LINE
  5
6E
330
1B
100
AcDbEntity
  8
F.Cu
  6
CONTINUOUS
100
AcDbLine
 10
80.7655519999999996
 20
-129.9277720000000045
 30
0
 11
80.7961480000000023
 21
-130.0815859999999873
 31
0
  0
LINE
  5
6F
330
1B
100
AcDbEntity
  8
F.Cu
  6
CONTINUOUS
100
AcDbLine
 10
80.7961480000000023
 20
-130.0815859999999873
 30
0
 11
80.7961480000000023
 21
-130.2384140000000059
 31
0
  0
LINE
  5
70
330
1B
100
AcDbEntity
  8
F.Cu
  6
CONTINUOUS
100
AcDbLine
 10
80.7961480000000023
 20
-130.2384140000000059
 30
0
 11
80.7655519999999996
 21
-130.3922279999999887
 31
0
  0
LINE
  5
71
330
1B
100
AcDbEntity
  8
F.Cu
  6
CONTINUOUS
100
AcDbLine
 10
80.7655519999999996
 20
-130.3922279999999887
 30
0
 11
80.7055369999999925
 21
-130.537116999999995
 31
0
  0
LINE
  5
72
330
1B
100
AcDbEntity
  8
F.Cu
  6
CONTINUOUS
100
AcDbLine
 10
80.7055369999999925
 20
-130.537116999999995
 30
0
 11
80.6184080000000023
 21
-130.6675149999999803
 31
0
  0
LINE
  5
73
330
1B
100
AcDbEntity
  8
F.Cu
  6
CONTINUOUS
100
AcDbLine
 10
80.6184080000000023
 20
-130.6675149999999803
 30
0
 11
80.5075149999999979
 21
-130.7784079999999847
 31
0
  0
LINE
  5
74
330
1B
100
AcDbEntity
  8
F.Cu
  6
CONTINUOUS
100
AcDbLine
 10
80.5075149999999979
 20
-130.7784079999999847
 30
0
 11
80.3771169999999984
 21
-130.8655369999999891
 31
0
  0
LINE
  5
75
330
1B
100
AcDbEntity
  8
F.Cu
  6
CONTINUOUS
100
AcDbLine
 10
80.3771169999999984
 20
-130.8655369999999891
 30
0
 11
80.2322279999999921
 21
-130.9255519999999819
 31
0
  0
LINE
  5
76
330
1B
100
AcDbEntity
  8
F.Cu
  6
CONTINUOUS
100
AcDbLine
 10
80.2322279999999921
 20
-130.9255519999999819
 30
0
 11
80.0784139999999951
 21
-130.9561479999999847
 31
0
  0
LINE
  5
77
330
1B
100
AcDbEntity
  8
F.Cu
  6
CONTINUOUS
100
AcDbLine
 10
80.0784139999999951
 20
-130.9561479999999847
 30
0
 11
79.9215859999999907
 21
-130.9561479999999847
 31
0
  0
LINE
  5
78
330
1B
100
AcDbEntity
  8
F.Cu
  6
CONTINUOUS
100
AcDbLine
 10
79.9215859999999907
 20
-130.9561479999999847
 30
0
 11
79.7677719999999937
 21
-130.9255519999999819
 31
0
  0
LINE
  5
79
330
1B
100
AcDbEntity
  8
F.Cu
  6
CONTINUOUS
100
AcDbLine
 10
79.7677719999999937
 20
-130.9255519999999819
 30
0
 11
79.6228830000000016
 21
-130.8655369999999891
 31
0
  0
LINE
  5
7A
330
1B
100
AcDbEntity
  8
F.Cu
  6
CONTINUOUS
100
AcDbLine
 10
79.6228830000000016
 20
-130.8655369999999891
 30
0
 11
79.4924850000000021
 21
-130.7784079999999847
 31
0
  0
LINE
  5
7B
330
1B
100
AcDbEntity
  8
F.Cu
  6
CONTINUOUS
100
AcDbLine
 10
79.4924850000000021
 20
-130.7784079999999847
 30
0
 11
79.3815919999999977
 21
-130.6675149999999803
 31
0
  0
LINE
  5
7C
330
1B
100
AcDbEntity
  8
F.Cu
  6
CONTINUOUS
100
AcDbLine
 10
79.3815919999999977
 20
-130.6675149999999803
 30
0
 11
79.2944629999999933
 21
-130.537116999999995
 31
0
  0
LINE
  5
7D
330
1B
100
AcDbEntity
  8
F.Cu
  6
CONTINUOUS
100
AcDbLine
 10
79.2944629999999933
 20
-130.537116999999995
 30
0
 11
79.2344480000000004
 21
-130.3922279999999887
 31
0
  0
LINE
  5
7E
330
1B
100
AcDbEntity
  8
F.Cu
  6
CONTINUOUS
100
AcDbLine
 10
79.2344480000000004
 20
-130.3922279999999887
 30
0
 11
79.2038519999999977
 21
-130.2384140000000059
 31
0
  0
LINE
  5
7F
330
1B
100
AcDbEntity
  8
F.Cu
  6
CONTINUOUS
100
AcDbLine
 10
79.2038519999999977
 20
-130.2384140000000059
 30
0
 11
79.2038519999999977
 21
-130.0815859999999873
 31
0
  0
LINE
  5
80
330
1B
100
AcDbEntity
  8
F.Cu
  6
CONTINUOUS
100
AcDbLine
 10
79.2038519999999977
 20
-130.0815859999999873
 30
0
 11
79.2344480000000004
 21
-129.9277720000000045
 31
0
  0
LINE
  5
81
330
1B
100
AcDbEntity
  8
F.Cu
  6
CONTINUOUS
100
AcDbLine
 10
79.2344480000000004
 20
-129.9277720000000045
 30
0
 11
79.2944629999999933
 21
-129.7828829999999982
 31
0
  0
LINE
  5
82
330
1B
100
AcDbEntity
  8
F.Cu
  6
CONTINUOUS
100
AcDbLine
 10
79.2944629999999933
 20
-129.7828829999999982
 30
0
 11
79.3815919999999977
 21
-129.6524849999999844
 31
0
  0
LINE
  5
83
330
1B
100
AcDbEntity
  8
F.Cu
  6
CONTINUOUS
100
AcDbLine
 10
79.3815919999999977
 20
-129.6524849999999844
 30
0
 11
79.4924850000000021
 21
-129.5415919999999801
 31
0
  0
LINE
  5
84
330
1B
100
AcDbEntity
  8
F.Cu
  6
CONTINUOUS
100
AcDbLine
 10
79.4924850000000021
 20
-129.5415919999999801
 30
0
 11
79.6228830000000016
 21
-129.4544630000000041
 31
0
  0
LINE
  5
85
330
1B
100
AcDbEntity
  8
F.Cu
  6
CONTINUOUS
100
AcDbLine
 10
79.6228830000000016
 20
-129.4544630000000041
 30
0
 11
79.7677719999999937
 21
-129.3944479999999828
 31
0
  0
LINE
  5
86
330
1B
100
AcDbEntity
  8
F.Cu
  6
CONTINUOUS
100
AcDbLine
 10
79.7677719999999937
 20
-129.3944479999999828
 30
0
 11
79.9215859999999907
 21
-129.3638519999999801
 31
0
  0
LINE
  5
87
330
1B
100
AcDbEntity
  8
F.Cu
  6
CONTINUOUS
100
AcDbLine
 10
79.9215859999999907
 20
-129.3638519999999801
 30
0
 11
80.0784139999999951
 21
-129.3638519999999801
 31
0
  0
LINE
  5
88
330
1B
100
AcDbEntity
  8
F.Cu
  6
CONTINUOUS
100
AcDbLine
 10
80.0784139999999951
 20
-129.3638519999999801
 30
0
 11
80.2322279999999921
 21
-129.3944479999999828
 31
0
  0
LINE
  5
89
330
1B
100
AcDbEntity
  8
F.Cu
  6
CONTINUOUS
100
AcDbLine
 10
86.2801339999999897
 20
-38.8331559999999953
 30
0
 11
86.459220000000002
 21
-38.8913450000000012
 31
0
  0
LINE
  5
8A
330
1B
100
AcDbEntity
  8
F.Cu
  6
CONTINUOUS
100
AcDbLine
 10
86.459220000000002
 20
-38.8913450000000012
 30
0
 11
86.6269980000000004
 21
-38.9768320000000017
 31
0
  0
LINE
  5
8B
330
1B
100
AcDbEntity
  8
F.Cu
  6
CONTINUOUS
100
AcDbLine
 10
86.6269980000000004
 20
-38.9768320000000017
 30
0
 11
86.7793379999999956
 21
-39.0875130000000013
 31
0
  0
LINE
  5
8C
330
1B
100
AcDbEntity
  8
F.Cu
  6
CONTINUOUS
100
AcDbLine
 10
86.7793379999999956
 20
-39.0875130000000013
 30
0
 11
86.9124869999999987
 21
-39.2206619999999972
 31
0
  0
LINE
  5
8D
330
1B
100
AcDbEntity
  8
F.Cu
  6
CONTINUOUS
100
AcDbLine
 10
86.9124869999999987
 20
-39.2206619999999972
 30
0
 11
87.0231679999999983
 21
-39.3730019999999996
 31
0
  0
LINE
  5
8E
330
1B
100
AcDbEntity
  8
F.Cu
  6
CONTINUOUS
100
AcDbLine
 10
87.0231679999999983
 20
-39.3730019999999996
 30
0
 11
87.1086549999999988
 21
-39.540779999999998
 31
0
  0
LINE
  5
8F
330
1B
100
AcDbEntity
  8
F.Cu
  6
CONTINUOUS
100
AcDbLine
 10
87.1086549999999988
 20
-39.540779999999998
 30
0
 11
87.1668439999999975
 21
-39.7198659999999961
 31
0
  0
LINE
  5
90
330
1B
100
AcDbEntity
  8
F.Cu
  6
CONTINUOUS
100
AcDbLine
 10
87.1668439999999975
 20
-39.7198659999999961
 30
0
 11
87.1963009999999912
 21
-39.9058489999999964
 31
0
  0
LINE
  5
91
330
1B
100
AcDbEntity
  8
F.Cu
  6
CONTINUOUS
100
AcDbLine
 10
87.1963009999999912
 20
-39.9058489999999964
 30
0
 11
87.1963009999999912
 21
-40.0941509999999965
 31
0
  0
LINE
  5
92
330
1B
100
AcDbEntity
  8
F.Cu
  6
CONTINUOUS
100
AcDbLine
 10
87.1963009999999912
 20
-40.0941509999999965
 30
0
 11
87.1668439999999975
 21
-40.2801339999999968
 31
0
  0
LINE
  5
93
330
1B
100
AcDbEntity
  8
F.Cu
  6
CONTINUOUS
100
AcDbLine
 10
87.1668439999999975
 20
-40.2801339999999968
 30
0
 11
87.1086549999999988
 21
-40.4592199999999949
 31
0
  0
LINE
  5
94
330
1B
100
AcDbEntity
  8
F.Cu
  6
CONTINUOUS
100
AcDbLine
 10
87.1086549999999988
 20
-40.4592199999999949
 30
0
 11
87.0231679999999983
 21
-40.6269980000000004
 31
0
  0
LINE
  5
95
330
1B
100
AcDbEntity
  8
F.Cu
  6
CONTINUOUS
100
AcDbLine
 10
87.0231679999999983
 20
-40.6269980000000004
 30
0
 11
86.9124869999999987
 21
-40.7793379999999956
 31
0
  0
LINE
  5
96
330
1B
100
AcDbEntity
  8
F.Cu
  6
CONTINUOUS
100
AcDbLine
 10
86.9124869999999987
 20
-40.7793379999999956
 30
0
 11
86.7793379999999956
 21
-40.9124869999999987
 31
0
  0
LINE
  5
97
330
1B
100
AcDbEntity
  8
F.Cu
  6
CONTINUOUS
100
AcDbLine
 10
86.7793379999999956
 20
-40.9124869999999987
 30
0
 11
86.6269980000000004
 21
-41.0231679999999983
 31
0
  0
LINE
  5
98
330
1B
100
AcDbEntity
  8
F.Cu
  6
CONTINUOUS
100
AcDbLine
 10
86.6269980000000004
 20
-41.0231679999999983
 30
0
 11
86.5
 21
-41.0878760000000014
 31
0
  0
LINE
  5
99
330
1B
100
AcDbEntity
  8
F.Cu
  6
CONTINUOUS
100
AcDbLine
 10
86.5
 20
-41.0878760000000014
 30
0
 11
86.5
 21
-64.25
 31
0
  0
LINE
  5
9A
330
1B
100
AcDbEntity
  8
F.Cu
  6
CONTINUOUS
100
AcDbLine
 10
86.5
 20
-64.25
 30
0
 11
86.4957229999999981
 21
-64.3152469999999994
 31
0
  0
LINE
  5
9B
330
1B
100
AcDbEntity
  8
F.Cu
  6
CONTINUOUS
100
AcDbLine
 10
86.4957229999999981
 20
-64.3152469999999994
 30
0
 11
86.4957229999999981
 21
-64.3152630000000016
 31
0
  0
LINE
  5
9C
330
1B
100
AcDbEntity
  8
F.Cu
  6
CONTINUOUS
100
AcDbLine
 10
86.4957229999999981
 20
-64.3152630000000016
 30
0
 11
86.4779499999999928
 21
-64.3815919999999977
 31
0
  0
LINE
  5
9D
330
1B
100
AcDbEntity
  8
F.Cu
  6
CONTINUOUS
100
AcDbLine
 10
86.4779499999999928
 20
-64.3815919999999977
 30
0
 11
86.4619399999999985
 21
-64.4413419999999917
 31
0
  0
LINE
  5
9E
330
1B
100
AcDbEntity
  8
F.Cu
  6
CONTINUOUS
100
AcDbLine
 10
86.4619399999999985
 20
-64.4413419999999917
 30
0
 11
86.3966769999999968
 21
-64.5543809999999922
 31
0
  0
LINE
  5
9F
330
1B
100
AcDbEntity
  8
F.Cu
  6
CONTINUOUS
100
AcDbLine
 10
86.3966769999999968
 20
-64.5543809999999922
 30
0
 11
86.3966609999999946
 21
-64.554395999999997
 31
0
  0
LINE
  5
A0
330
1B
100
AcDbEntity
  8
F.Cu
  6
CONTINUOUS
100
AcDbLine
 10
86.3966609999999946
 20
-64.554395999999997
 30
0
 11
86.3535529999999909
 21
-64.6035529999999909
 31
0
  0
LINE
  5
A1
330
1B
100
AcDbEntity
  8
F.Cu
  6
CONTINUOUS
100
AcDbLine
 10
86.3535529999999909
 20
-64.6035529999999909
 30
0
 11
84.
 21
-66.957105999999996
 31
0
  0
LINE
  5
A2
330
1B
100
AcDbEntity
  8
F.Cu
  6
CONTINUOUS
100
AcDbLine
 10
84.
 20
-66.957105999999996
 30
0
 11
84.
 21
-67.25
 31
0
  0
LINE
  5
A3
330
1B
100
AcDbEntity
  8
F.Cu
  6
CONTINUOUS
100
AcDbLine
 10
84.
 20
-67.25
 30
0
 11
83.9957229999999981
 21
-67.3152469999999994
 31
0
  0
LINE
  5
A4
330
1B
100
AcDbEntity
  8
F.Cu
  6
CONTINUOUS
100
AcDbLine
 10
83.9957229999999981
 20
-67.3152469999999994
 30
0
 11
83.9957229999999981
 21
-67.3152630000000016
 31
0
  0
LINE
  5
A5
330
1B
100
AcDbEntity
  8
F.Cu
  6
CONTINUOUS
100
AcDbLine
 10
83.9957229999999981
 20
-67.3152630000000016
 30
0
 11
83.9637099999999919
 21
-67.4347369999999984
 31
0
  0
LINE
  5
A6
330
1B
100
AcDbEntity
  8
F.Cu
  6
CONTINUOUS
100
AcDbLine
 10
83.9637099999999919
 20
-67.4347369999999984
 30
0
 11
83.9619399999999985
 21
-67.4413419999999917
 31
0
  0
LINE
  5
A7
330
1B
100
AcDbEntity
  8
F.Cu
  6
CONTINUOUS
100
AcDbLine
 10
83.9619399999999985
 20
-67.4413419999999917
 30
0
 11
83.8966769999999968
 21
-67.5543809999999922
 31
0
  0
LINE
  5
A8
330
1B
100
AcDbEntity
  8
F.Cu
  6
CONTINUOUS
100
AcDbLine
 10
83.8966769999999968
 20
-67.5543809999999922
 30
0
 11
83.8966679999999911
 21
-67.5543890000000005
 31
0
  0
LINE
  5
A9
330
1B
100
AcDbEntity
  8
F.Cu
  6
CONTINUOUS
100
AcDbLine
 10
83.8966679999999911
 20
-67.5543890000000005
 30
0
 11
83.8535529999999909
 21
-67.6035540000000026
 31
0
  0
LINE
  5
AA
330
1B
100
AcDbEntity
  8
F.Cu
  6
CONTINUOUS
100
AcDbLine
 10
83.8535529999999909
 20
-67.6035540000000026
 30
0
 11
83.75
 21
-67.707105999999996
 31
0
  0
LINE
  5
AB
330
1B
100
AcDbEntity
  8
F.Cu
  6
CONTINUOUS
100
AcDbLine
 10
83.75
 20
-67.707105999999996
 30
0
 11
83.75
 21
-68.7928929999999923
 31
0
  0
LINE
  5
AC
330
1B
100
AcDbEntity
  8
F.Cu
  6
CONTINUOUS
100
AcDbLine
 10
83.75
 20
-68.7928929999999923
 30
0
 11
84.6035540000000026
 21
-69.6464469999999949
 31
0
  0
LINE
  5
AD
330
1B
100
AcDbEntity
  8
F.Cu
  6
CONTINUOUS
100
AcDbLine
 10
84.6035540000000026
 20
-69.6464469999999949
 30
0
 11
84.6466690000000028
 21
-69.6956109999999995
 31
0
  0
LINE
  5
AE
330
1B
100
AcDbEntity
  8
F.Cu
  6
CONTINUOUS
100
AcDbLine
 10
84.6466690000000028
 20
-69.6956109999999995
 30
0
 11
84.6466769999999968
 21
-69.6956189999999935
 31
0
  0
LINE
  5
AF
330
1B
100
AcDbEntity
  8
F.Cu
  6
CONTINUOUS
100
AcDbLine
 10
84.6466769999999968
 20
-69.6956189999999935
 30
0
 11
84.7119399999999985
 21
-69.8086579999999941
 31
0
  0
LINE
  5
B0
330
1B
100
AcDbEntity
  8
F.Cu
  6
CONTINUOUS
100
AcDbLine
 10
84.7119399999999985
 20
-69.8086579999999941
 30
0
 11
84.7119399999999985
 21
-69.8086589999999916
 31
0
  0
LINE
  5
B1
330
1B
100
AcDbEntity
  8
F.Cu
  6
CONTINUOUS
100
AcDbLine
 10
84.7119399999999985
 20
-69.8086589999999916
 30
0
 11
84.7457229999999981
 21
-69.9347369999999984
 31
0
  0
LINE
  5
B2
330
1B
100
AcDbEntity
  8
F.Cu
  6
CONTINUOUS
100
AcDbLine
 10
84.7457229999999981
 20
-69.9347369999999984
 30
0
 11
84.7457229999999981
 21
-69.9347520000000031
 31
0
  0
LINE
  5
B3
330
1B
100
AcDbEntity
  8
F.Cu
  6
CONTINUOUS
100
AcDbLine
 10
84.7457229999999981
 20
-69.9347520000000031
 30
0
 11
84.75
 21
-70.
 31
0
  0
LINE
  5
B4
330
1B
100
AcDbEntity
  8
F.Cu
  6
CONTINUOUS
100
AcDbLine
 10
84.75
 20
-70.
 30
0
 11
84.75
 21
-88.5428929999999923
 31
0
  0
LINE
  5
B5
330
1B
100
AcDbEntity
  8
F.Cu
  6
CONTINUOUS
100
AcDbLine
 10
84.75
 20
-88.5428929999999923
 30
0
 11
85.1035540000000026
 21
-88.8964469999999949
 31
0
  0
LINE
  5
B6
330
1B
100
AcDbEntity
  8
F.Cu
  6
CONTINUOUS
100
AcDbLine
 10
85.1035540000000026
 20
-88.8964469999999949
 30
0
 11
85.1466609999999946
 21
-88.9456029999999913
 31
0
  0
LINE
  5
B7
330
1B
100
AcDbEntity
  8
F.Cu
  6
CONTINUOUS
100
AcDbLine
 10
85.1466609999999946
 20
-88.9456029999999913
 30
0
 11
85.1466769999999968
 21
-88.9456189999999935
 31
0
  0
LINE
  5
B8
330
1B
100
AcDbEntity
  8
F.Cu
  6
CONTINUOUS
100
AcDbLine
 10
85.1466769999999968
 20
-88.9456189999999935
 30
0
 11
85.209469999999996
 21
-89.0543799999999948
 31
0
  0
LINE
  5
B9
330
1B
100
AcDbEntity
  8
F.Cu
  6
CONTINUOUS
100
AcDbLine
 10
85.209469999999996
 20
-89.0543799999999948
 30
0
 11
85.2119399999999985
 21
-89.0586579999999941
 31
0
  0
LINE
  5
BA
330
1B
100
AcDbEntity
  8
F.Cu
  6
CONTINUOUS
100
AcDbLine
 10
85.2119399999999985
 20
-89.0586579999999941
 30
0
 11
85.2457229999999981
 21
-89.1847369999999984
 31
0
  0
LINE
  5
BB
330
1B
100
AcDbEntity
  8
F.Cu
  6
CONTINUOUS
100
AcDbLine
 10
85.2457229999999981
 20
-89.1847369999999984
 30
0
 11
85.2457229999999981
 21
-89.1847519999999889
 31
0
  0
LINE
  5
BC
330
1B
100
AcDbEntity
  8
F.Cu
  6
CONTINUOUS
100
AcDbLine
 10
85.2457229999999981
 20
-89.1847519999999889
 30
0
 11
85.25
 21
-89.25
 31
0
  0
LINE
  5
BD
330
1B
100
AcDbEntity
  8
F.Cu
  6
CONTINUOUS
100
AcDbLine
 10
85.25
 20
-89.25
 30
0
 11
85.25
 21
-92.
 31
0
  0
LINE
  5
BE
330
1B
100
AcDbEntity
  8
F.Cu
  6
CONTINUOUS
100
AcDbLine
 10
85.25
 20
-92.
 30
0
 11
85.2457229999999981
 21
-92.0652469999999994
 31
0
  0
LINE
  5
BF
330
1B
100
AcDbEntity
  8
F.Cu
  6
CONTINUOUS
100
AcDbLine
 10
85.2457229999999981
 20
-92.0652469999999994
 30
0
 11
85.2457229999999981
 21
-92.0652630000000016
 31
0
  0
LINE
  5
C0
330
1B
100
AcDbEntity
  8
F.Cu
  6
CONTINUOUS
100
AcDbLine
 10
85.2457229999999981
 20
-92.0652630000000016
 30
0
 11
85.2137099999999919
 21
-92.1847369999999984
 31
0
  0
LINE
  5
C1
330
1B
100
AcDbEntity
  8
F.Cu
  6
CONTINUOUS
100
AcDbLine
 10
85.2137099999999919
 20
-92.1847369999999984
 30
0
 11
85.2119399999999985
 21
-92.1913419999999917
 31
0
  0
LINE
  5
C2
330
1B
100
AcDbEntity
  8
F.Cu
  6
CONTINUOUS
100
AcDbLine
 10
85.2119399999999985
 20
-92.1913419999999917
 30
0
 11
85.1466769999999968
 21
-92.3043809999999922
 31
0
  0
LINE
  5
C3
330
1B
100
AcDbEntity
  8
F.Cu
  6
CONTINUOUS
100
AcDbLine
 10
85.1466769999999968
 20
-92.3043809999999922
 30
0
 11
85.1466679999999911
 21
-92.3043890000000005
 31
0
  0
LINE
  5
C4
330
1B
100
AcDbEntity
  8
F.Cu
  6
CONTINUOUS
100
AcDbLine
 10
85.1466679999999911
 20
-92.3043890000000005
 30
0
 11
85.1035529999999909
 21
-92.3535540000000026
 31
0
  0
LINE
  5
C5
330
1B
100
AcDbEntity
  8
F.Cu
  6
CONTINUOUS
100
AcDbLine
 10
85.1035529999999909
 20
-92.3535540000000026
 30
0
 11
85.
 21
-92.457105999999996
 31
0
  0
LINE
  5
C6
330
1B
100
AcDbEntity
  8
F.Cu
  6
CONTINUOUS
100
AcDbLine
 10
85.
 20
-92.457105999999996
 30
0
 11
85.
 21
-92.5
 31
0
  0
LINE
  5
C7
330
1B
100
AcDbEntity
  8
F.Cu
  6
CONTINUOUS
100
AcDbLine
 10
85.
 20
-92.5
 30
0
 11
84.9957229999999981
 21
-92.5652469999999994
 31
0
  0
LINE
  5
C8
330
1B
100
AcDbEntity
  8
F.Cu
  6
CONTINUOUS
100
AcDbLine
 10
84.9957229999999981
 20
-92.5652469999999994
 30
0
 11
84.9957229999999981
 21
-92.5652630000000016
 31
0
  0
LINE
  5
C9
330
1B
100
AcDbEntity
  8
F.Cu
  6
CONTINUOUS
100
AcDbLine
 10
84.9957229999999981
 20
-92.5652630000000016
 30
0
 11
84.9739699999999942
 21
-92.6464459999999974
 31
0
  0
LINE
  5
CA
330
1B
100
AcDbEntity
  8
F.Cu
  6
CONTINUOUS
100
AcDbLine
 10
84.9739699999999942
 20
-92.6464459999999974
 30
0
 11
84.9619399999999985
 21
-92.6913419999999917
 31
0
  0
LINE
  5
CB
330
1B
100
AcDbEntity
  8
F.Cu
  6
CONTINUOUS
100
AcDbLine
 10
84.9619399999999985
 20
-92.6913419999999917
 30
0
 11
84.8966769999999968
 21
-92.8043809999999922
 31
0
  0
LINE
  5
CC
330
1B
100
AcDbEntity
  8
F.Cu
  6
CONTINUOUS
100
AcDbLine
 10
84.8966769999999968
 20
-92.8043809999999922
 30
0
 11
84.8966679999999911
 21
-92.8043890000000005
 31
0
  0
LINE
  5
CD
330
1B
100
AcDbEntity
  8
F.Cu
  6
CONTINUOUS
100
AcDbLine
 10
84.8966679999999911
 20
-92.8043890000000005
 30
0
 11
84.8535529999999909
 21
-92.8535540000000026
 31
0
  0
LINE
  5
CE
330
1B
100
AcDbEntity
  8
F.Cu
  6
CONTINUOUS
100
AcDbLine
 10
84.8535529999999909
 20
-92.8535540000000026
 30
0
 11
84.75
 21
-92.957105999999996
 31
0
  0
LINE
  5
CF
330
1B
100
AcDbEntity
  8
F.Cu
  6
CONTINUOUS
100
AcDbLine
 10
84.75
 20
-92.957105999999996
 30
0
 11
84.75
 21
-93.
 31
0
  0
LINE
  5
D0
330
1B
100
AcDbEntity
  8
F.Cu
  6
CONTINUOUS
100
AcDbLine
 10
84.75
 20
-93.
 30
0
 11
84.7457229999999981
 21
-93.0652469999999994
 31
0
  0
LINE
  5
D1
330
1B
100
AcDbEntity
  8
F.Cu
  6
CONTINUOUS
100
AcDbLine
 10
84.7457229999999981
 20
-93.0652469999999994
 30
0
 11
84.7457229999999981
 21
-93.0652630000000016
 31
0
  0
LINE
  5
D2
330
1B
100
AcDbEntity
  8
F.Cu
  6
CONTINUOUS
100
AcDbLine
 10
84.7457229999999981
 20
-93.0652630000000016
 30
0
 11
84.7239079999999944
 21
-93.1466759999999994
 31
0
  0
LINE
  5
D3
330
1B
100
AcDbEntity
  8
F.Cu
  6
CONTINUOUS
100
AcDbLine
 10
84.7239079999999944
 20
-93.1466759999999994
 30
0
 11
84.7119399999999985
 21
-93.1913419999999917
 31
0
  0
LINE
  5
D4
330
1B
100
AcDbEntity
  8
F.Cu
  6
CONTINUOUS
100
AcDbLine
 10
84.7119399999999985
 20
-93.1913419999999917
 30
0
 11
84.6466769999999968
 21
-93.3043809999999922
 31
0
  0
LINE
  5
D5
330
1B
100
AcDbEntity
  8
F.Cu
  6
CONTINUOUS
100
AcDbLine
 10
84.6466769999999968
 20
-93.3043809999999922
 30
0
 11
84.6466609999999946
 21
-93.304395999999997
 31
0
  0
LINE
  5
D6
330
1B
100
AcDbEntity
  8
F.Cu
  6
CONTINUOUS
100
AcDbLine
 10
84.6466609999999946
 20
-93.304395999999997
 30
0
 11
84.6035540000000026
 21
-93.3535529999999909
 31
0
  0
LINE
  5
D7
330
1B
100
AcDbEntity
  8
F.Cu
  6
CONTINUOUS
100
AcDbLine
 10
84.6035540000000026
 20
-93.3535529999999909
 30
0
 11
84.25
 21
-93.707105999999996
 31
0
  0
LINE
  5
D8
330
1B
100
AcDbEntity
  8
F.Cu
  6
CONTINUOUS
100
AcDbLine
 10
84.25
 20
-93.707105999999996
 30
0
 11
84.25
 21
-93.75
 31
0
  0
LINE
  5
D9
330
1B
100
AcDbEntity
  8
F.Cu
  6
CONTINUOUS
100
AcDbLine
 10
84.25
 20
-93.75
 30
0
 11
84.2457229999999981
 21
-93.8152469999999994
 31
0
  0
LINE
  5
DA
330
1B
100
AcDbEntity
  8
F.Cu
  6
CONTINUOUS
100
AcDbLine
 10
84.2457229999999981
 20
-93.8152469999999994
 30
0
 11
84.2457229999999981
 21
-93.8152630000000016
 31
0
  0
LINE
  5
DB
330
1B
100
AcDbEntity
  8
F.Cu
  6
CONTINUOUS
100
AcDbLine
 10
84.2457229999999981
 20
-93.8152630000000016
 30
0
 11
84.2239079999999944
 21
-93.8966759999999994
 31
0
  0
LINE
  5
DC
330
1B
100
AcDbEntity
  8
F.Cu
  6
CONTINUOUS
100
AcDbLine
 10
84.2239079999999944
 20
-93.8966759999999994
 30
0
 11
84.2119399999999985
 21
-93.9413419999999917
 31
0
  0
LINE
  5
DD
330
1B
100
AcDbEntity
  8
F.Cu
  6
CONTINUOUS
100
AcDbLine
 10
84.2119399999999985
 20
-93.9413419999999917
 30
0
 11
84.1466769999999968
 21
-94.0543809999999922
 31
0
  0
LINE
  5
DE
330
1B
100
AcDbEntity
  8
F.Cu
  6
CONTINUOUS
100
AcDbLine
 10
84.1466769999999968
 20
-94.0543809999999922
 30
0
 11
84.1466679999999911
 21
-94.0543890000000005
 31
0
  0
LINE
  5
DF
330
1B
100
AcDbEntity
  8
F.Cu
  6
CONTINUOUS
100
AcDbLine
 10
84.1466679999999911
 20
-94.0543890000000005
 30
0
 11
84.1035529999999909
 21
-94.1035540000000026
 31
0
  0
LINE
  5
E0
330
1B
100
AcDbEntity
  8
F.Cu
  6
CONTINUOUS
100
AcDbLine
 10
84.1035529999999909
 20
-94.1035540000000026
 30
0
 11
84.
 21
-94.207105999999996
 31
0
  0
LINE
  5
E1
330
1B
100
AcDbEntity
  8
F.Cu
  6
CONTINUOUS
100
AcDbLine
 10
84.
 20
-94.207105999999996
 30
0
 11
84.
 21
-94.25
 31
0
  0
LINE
  5
E2
330
1B
100
AcDbEntity
  8
F.Cu
  6
CONTINUOUS
100
AcDbLine
 10
84.
 20
-94.25
 30
0
 11
83.9957229999999981
 21
-94.3152469999999994
 31
0
  0
LINE
  5
E3
330
1B
100
AcDbEntity
  8
F.Cu
  6
CONTINUOUS
100
AcDbLine
 10
83.9957229999999981
 20
-94.3152469999999994
 30
0
 11
83.9957229999999981
 21
-94.3152630000000016
 31
0
  0
LINE
  5
E4
330
1B
100
AcDbEntity
  8
F.Cu
  6
CONTINUOUS
100
AcDbLine
 10
83.9957229999999981
 20
-94.3152630000000016
 30
0
 11
83.9745049999999935
 21
-94.394447999999997
 31
0
  0
LINE
  5
E5
330
1B
100
AcDbEntity
  8
F.Cu
  6
CONTINUOUS
100
AcDbLine
 10
83.9745049999999935
 20
-94.394447999999997
 30
0
 11
83.9619399999999985
 21
-94.4413419999999917
 31
0
  0
LINE
  5
E6
330
1B
100
AcDbEntity
  8
F.Cu
  6
CONTINUOUS
100
AcDbLine
 10
83.9619399999999985
 20
-94.4413419999999917
 30
0
 11
83.8966769999999968
 21
-94.5543809999999922
 31
0
  0
LINE
  5
E7
330
1B
100
AcDbEntity
  8
F.Cu
  6
CONTINUOUS
100
AcDbLine
 10
83.8966769999999968
 20
-94.5543809999999922
 30
0
 11
83.8966679999999911
 21
-94.5543890000000005
 31
0
  0
LINE
  5
E8
330
1B
100
AcDbEntity
  8
F.Cu
  6
CONTINUOUS
100
AcDbLine
 10
83.8966679999999911
 20
-94.5543890000000005
 30
0
 11
83.8535529999999909
 21
-94.6035540000000026
 31
0
  0
LINE
  5
E9
330
1B
100
AcDbEntity
  8
F.Cu
  6
CONTINUOUS
100
AcDbLine
 10
83.8535529999999909
 20
-94.6035540000000026
 30
0
 11
83.75
 21
-94.707105999999996
 31
0
  0
LINE
  5
EA
330
1B
100
AcDbEntity
  8
F.Cu
  6
CONTINUOUS
100
AcDbLine
 10
83.75
 20
-94.707105999999996
 30
0
 11
83.75
 21
-94.75
 31
0
  0
LINE
  5
EB
330
1B
100
AcDbEntity
  8
F.Cu
  6
CONTINUOUS
100
AcDbLine
 10
83.75
 20
-94.75
 30
0
 11
83.7457229999999981
 21
-94.8152469999999994
 31
0
  0
LINE
  5
EC
330
1B
100
AcDbEntity
  8
F.Cu
  6
CONTINUOUS
100
AcDbLine
 10
83.7457229999999981
 20
-94.8152469999999994
 30
0
 11
83.7457229999999981
 21
-94.8152630000000016
 31
0
  0
LINE
  5
ED
330
1B
100
AcDbEntity
  8
F.Cu
  6
CONTINUOUS
100
AcDbLine
 10
83.7457229999999981
 20
-94.8152630000000016
 30
0
 11
83.7239079999999944
 21
-94.8966759999999994
 31
0
  0
LINE
  5
EE
330
1B
100
AcDbEntity
  8
F.Cu
  6
CONTINUOUS
100
AcDbLine
 10
83.7239079999999944
 20
-94.8966759999999994
 30
0
 11
83.7119399999999985
 21
-94.9413419999999917
 31
0
  0
LINE
  5
EF
330
1B
100
AcDbEntity
  8
F.Cu
  6
CONTINUOUS
100
AcDbLine
 10
83.7119399999999985
 20
-94.9413419999999917
 30
0
 11
83.6466769999999968
 21
-95.0543809999999922
 31
0
  0
LINE
  5
F0
330
1B
100
AcDbEntity
  8
F.Cu
  6
CONTINUOUS
100
AcDbLine
 10
83.6466769999999968
 20
-95.0543809999999922
 30
0
 11
83.6466609999999946
 21
-95.054395999999997
 31
0
  0
LINE
  5
F1
330
1B
100
AcDbEntity
  8
F.Cu
  6
CONTINUOUS
100
AcDbLine
 10
83.6466609999999946
 20
-95.054395999999997
 30
0
 11
83.6035540000000026
 21
-95.1035529999999909
 31
0
  0
LINE
  5
F2
330
1B
100
AcDbEntity
  8
F.Cu
  6
CONTINUOUS
100
AcDbLine
 10
83.6035540000000026
 20
-95.1035529999999909
 30
0
 11
83.25
 21
-95.457105999999996
 31
0
  0
LINE
  5
F3
330
1B
100
AcDbEntity
  8
F.Cu
  6
CONTINUOUS
100
AcDbLine
 10
83.25
 20
-95.457105999999996
 30
0
 11
83.25
 21
-95.5
 31
0
  0
LINE
  5
F4
330
1B
100
AcDbEntity
  8
F.Cu
  6
CONTINUOUS
100
AcDbLine
 10
83.25
 20
-95.5
 30
0
 11
83.2457229999999981
 21
-95.5652469999999994
 31
0
  0
LINE
  5
F5
330
1B
100
AcDbEntity
  8
F.Cu
  6
CONTINUOUS
100
AcDbLine
 10
83.2457229999999981
 20
-95.5652469999999994
 30
0
 11
83.2457229999999981
 21
-95.5652630000000016
 31
0
  0
LINE
  5
F6
330
1B
100
AcDbEntity
  8
F.Cu
  6
CONTINUOUS
100
AcDbLine
 10
83.2457229999999981
 20
-95.5652630000000016
 30
0
 11
83.2239079999999944
 21
-95.6466759999999994
 31
0
  0
LINE
  5
F7
330
1B
100
AcDbEntity
  8
F.Cu
  6
CONTINUOUS
100
AcDbLine
 10
83.2239079999999944
 20
-95.6466759999999994
 30
0
 11
83.2119399999999985
 21
-95.6913419999999917
 31
0
  0
LINE
  5
F8
330
1B
100
AcDbEntity
  8
F.Cu
  6
CONTINUOUS
100
AcDbLine
 10
83.2119399999999985
 20
-95.6913419999999917
 30
0
 11
83.1466769999999968
 21
-95.8043809999999922
 31
0
  0
LINE
  5
F9
330
1B
100
AcDbEntity
  8
F.Cu
  6
CONTINUOUS
100
AcDbLine
 10
83.1466769999999968
 20
-95.8043809999999922
 30
0
 11
83.1466679999999911
 21
-95.8043890000000005
 31
0
  0
LINE
  5
FA
330
1B
100
AcDbEntity
  8
F.Cu
  6
CONTINUOUS
100
AcDbLine
 10
83.1466679999999911
 20
-95.8043890000000005
 30
0
 11
83.1035529999999909
 21
-95.8535540000000026
 31
0
  0
LINE
  5
FB
330
1B
100
AcDbEntity
  8
F.Cu
  6
CONTINUOUS
100
AcDbLine
 10
83.1035529999999909
 20
-95.8535540000000026
 30
0
 11
83.
 21
-95.957105999999996
 31
0
  0
LINE
  5
FC
330
1B
100
AcDbEntity
  8
F.Cu
  6
CONTINUOUS
100
AcDbLine
 10
83.
 20
-95.957105999999996
 30
0
 11
83.
 21
-96.
 31
0
  0
LINE
  5
FD
330
1B
100
AcDbEntity
  8
F.Cu
  6
CONTINUOUS
100
AcDbLine
 10
83.
 20
-96.
 30
0
 11
82.9957229999999981
 21
-96.0652469999999994
 31
0
  0
LINE
  5
FE
330
1B
100
AcDbEntity
  8
F.Cu
  6
CONTINUOUS
100
AcDbLine
 10
82.9957229999999981
 20
-96.0652469999999994
 30
0
 11
82.9957229999999981
 21
-96.0652630000000016
 31
0
  0
LINE
  5
FF
330
1B
100
AcDbEntity
  8
F.Cu
  6
CONTINUOUS
100
AcDbLine
 10
82.9957229999999981
 20
-96.0652630000000016
 30
0
 11
82.9739699999999942
 21
-96.1464459999999974
 31
0
  0
LINE
  5
100
330
1B
100
AcDbEntity
  8
F.Cu
  6
CONTINUOUS
100
AcDbLine
 10
82.9739699999999942
 20
-96.1464459999999974
 30
0
 11
82.9619399999999985
 21
-96.1913419999999917
 31
0
  0
LINE
  5
101
330
1B
100
AcDbEntity
  8
F.Cu
  6
CONTINUOUS
100
AcDbLine
 10
82.9619399999999985
 20
-96.1913419999999917
 30
0
 11
82.8966769999999968
 21
-96.3043809999999922
 31
0
  0
LINE
  5
102
330
1B
100
AcDbEntity
  8
F.Cu
  6
CONTINUOUS
100
AcDbLine
 10
82.8966769999999968
 20
-96.3043809999999922
 30
0
 11
82.8966679999999911
 21
-96.3043890000000005
 31
0
  0
LINE
  5
103
330
1B
100
AcDbEntity
  8
F.Cu
  6
CONTINUOUS
100
AcDbLine
 10
82.8966679999999911
 20
-96.3043890000000005
 30
0
 11
82.8535529999999909
 21
-96.3535540000000026
 31
0
  0
LINE
  5
104
330
1B
100
AcDbEntity
  8
F.Cu
  6
CONTINUOUS
100
AcDbLine
 10
82.8535529999999909
 20
-96.3535540000000026
 30
0
 11
82.75
 21
-96.457105999999996
 31
0
  0
LINE
  5
105
330
1B
100
AcDbEntity
  8
F.Cu
  6
CONTINUOUS
100
AcDbLine
 10
82.75
 20
-96.457105999999996
 30
0
 11
82.75
 21
-96.5
 31
0
  0
LINE
  5
106
330
1B
100
AcDbEntity
  8
F.Cu
  6
CONTINUOUS
100
AcDbLine
 10
82.75
 20
-96.5
 30
0
 11
82.7457229999999981
 21
-96.5652469999999994
 31
0
  0
LINE
  5
107
330
1B
100
AcDbEntity
  8
F.Cu
  6
CONTINUOUS
100
AcDbLine
 10
82.7457229999999981
 20
-96.5652469999999994
 30
0
 11
82.7457229999999981
 21
-96.5652630000000016
 31
0
  0
LINE
  5
108
330
1B
100
AcDbEntity
  8
F.Cu
  6
CONTINUOUS
100
AcDbLine
 10
82.7457229999999981
 20
-96.5652630000000016
 30
0
 11
82.7119399999999985
 21
-96.6913419999999917
 31
0
  0
LINE
  5
109
330
1B
100
AcDbEntity
  8
F.Cu
  6
CONTINUOUS
100
AcDbLine
 10
82.7119399999999985
 20
-96.6913419999999917
 30
0
 11
82.6466769999999968
 21
-96.8043809999999922
 31
0
  0
LINE
  5
10A
330
1B
100
AcDbEntity
  8
F.Cu
  6
CONTINUOUS
100
AcDbLine
 10
82.6466769999999968
 20
-96.8043809999999922
 30
0
 11
82.6466609999999946
 21
-96.804395999999997
 31
0
  0
LINE
  5
10B
330
1B
100
AcDbEntity
  8
F.Cu
  6
CONTINUOUS
100
AcDbLine
 10
82.6466609999999946
 20
-96.804395999999997
 30
0
 11
82.6035540000000026
 21
-96.8535529999999909
 31
0
  0
LINE
  5
10C
330
1B
100
AcDbEntity
  8
F.Cu
  6
CONTINUOUS
100
AcDbLine
 10
82.6035540000000026
 20
-96.8535529999999909
 30
0
 11
82.25
 21
-97.207105999999996
 31
0
  0
LINE
  5
10D
330
1B
100
AcDbEntity
  8
F.Cu
  6
CONTINUOUS
100
AcDbLine
 10
82.25
 20
-97.207105999999996
 30
0
 11
82.25
 21
-97.25
 31
0
  0
LINE
  5
10E
330
1B
100
AcDbEntity
  8
F.Cu
  6
CONTINUOUS
100
AcDbLine
 10
82.25
 20
-97.25
 30
0
 11
82.2457229999999981
 21
-97.3152469999999994
 31
0
  0
LINE
  5
10F
330
1B
100
AcDbEntity
  8
F.Cu
  6
CONTINUOUS
100
AcDbLine
 10
82.2457229999999981
 20
-97.3152469999999994
 30
0
 11
82.2457229999999981
 21
-97.3152630000000016
 31
0
  0
LINE
  5
110
330
1B
100
AcDbEntity
  8
F.Cu
  6
CONTINUOUS
100
AcDbLine
 10
82.2457229999999981
 20
-97.3152630000000016
 30
0
 11
82.2239079999999944
 21
-97.3966759999999994
 31
0
  0
LINE
  5
111
330
1B
100
AcDbEntity
  8
F.Cu
  6
CONTINUOUS
100
AcDbLine
 10
82.2239079999999944
 20
-97.3966759999999994
 30
0
 11
82.2119399999999985
 21
-97.4413419999999917
 31
0
  0
LINE
  5
112
330
1B
100
AcDbEntity
  8
F.Cu
  6
CONTINUOUS
100
AcDbLine
 10
82.2119399999999985
 20
-97.4413419999999917
 30
0
 11
82.1466769999999968
 21
-97.5543809999999922
 31
0
  0
LINE
  5
113
330
1B
100
AcDbEntity
  8
F.Cu
  6
CONTINUOUS
100
AcDbLine
 10
82.1466769999999968
 20
-97.5543809999999922
 30
0
 11
82.1466679999999911
 21
-97.5543890000000005
 31
0
  0
LINE
  5
114
330
1B
100
AcDbEntity
  8
F.Cu
  6
CONTINUOUS
100
AcDbLine
 10
82.1466679999999911
 20
-97.5543890000000005
 30
0
 11
82.1035529999999909
 21
-97.6035540000000026
 31
0
  0
LINE
  5
115
330
1B
100
AcDbEntity
  8
F.Cu
  6
CONTINUOUS
100
AcDbLine
 10
82.1035529999999909
 20
-97.6035540000000026
 30
0
 11
82.
 21
-97.707105999999996
 31
0
  0
LINE
  5
116
330
1B
100
AcDbEntity
  8
F.Cu
  6
CONTINUOUS
100
AcDbLine
 10
82.
 20
-97.707105999999996
 30
0
 11
82.
 21
-97.75
 31
0
  0
LINE
  5
117
330
1B
100
AcDbEntity
  8
F.Cu
  6
CONTINUOUS
100
AcDbLine
 10
82.
 20
-97.75
 30
0
 11
81.9957229999999981
 21
-97.8152469999999994
 31
0
  0
LINE
  5
118
330
1B
100
AcDbEntity
  8
F.Cu
  6
CONTINUOUS
100
AcDbLine
 10
81.9957229999999981
 20
-97.8152469999999994
 30
0
 11
81.9957229999999981
 21
-97.8152630000000016
 31
0
  0
LINE
  5
119
330
1B
100
AcDbEntity
  8
F.Cu
  6
CONTINUOUS
100
AcDbLine
 10
81.9957229999999981
 20
-97.8152630000000016
 30
0
 11
81.9661710000000028
 21
-97.9255519999999962
 31
0
  0
LINE
  5
11A
330
1B
100
AcDbEntity
  8
F.Cu
  6
CONTINUOUS
100
AcDbLine
 10
81.9661710000000028
 20
-97.9255519999999962
 30
0
 11
81.9619399999999985
 21
-97.9413419999999917
 31
0
  0
LINE
  5
11B
330
1B
100
AcDbEntity
  8
F.Cu
  6
CONTINUOUS
100
AcDbLine
 10
81.9619399999999985
 20
-97.9413419999999917
 30
0
 11
81.8966769999999968
 21
-98.0543809999999922
 31
0
  0
LINE
  5
11C
330
1B
100
AcDbEntity
  8
F.Cu
  6
CONTINUOUS
100
AcDbLine
 10
81.8966769999999968
 20
-98.0543809999999922
 30
0
 11
81.8966679999999911
 21
-98.0543890000000005
 31
0
  0
LINE
  5
11D
330
1B
100
AcDbEntity
  8
F.Cu
  6
CONTINUOUS
100
AcDbLine
 10
81.8966679999999911
 20
-98.0543890000000005
 30
0
 11
81.8535529999999909
 21
-98.1035540000000026
 31
0
  0
LINE
  5
11E
330
1B
100
AcDbEntity
  8
F.Cu
  6
CONTINUOUS
100
AcDbLine
 10
81.8535529999999909
 20
-98.1035540000000026
 30
0
 11
81.75
 21
-98.207105999999996
 31
0
  0
LINE
  5
11F
330
1B
100
AcDbEntity
  8
F.Cu
  6
CONTINUOUS
100
AcDbLine
 10
81.75
 20
-98.207105999999996
 30
0
 11
81.75
 21
-98.25
 31
0
  0
LINE
  5
120
330
1B
100
AcDbEntity
  8
F.Cu
  6
CONTINUOUS
100
AcDbLine
 10
81.75
 20
-98.25
 30
0
 11
81.7457229999999981
 21
-98.3152469999999994
 31
0
  0
LINE
  5
121
330
1B
100
AcDbEntity
  8
F.Cu
  6
CONTINUOUS
100
AcDbLine
 10
81.7457229999999981
 20
-98.3152469999999994
 30
0
 11
81.7457229999999981
 21
-98.3152630000000016
 31
0
  0
LINE
  5
122
330
1B
100
AcDbEntity
  8
F.Cu
  6
CONTINUOUS
100
AcDbLine
 10
81.7457229999999981
 20
-98.3152630000000016
 30
0
 11
81.7291489999999925
 21
-98.3771169999999984
 31
0
  0
LINE
  5
123
330
1B
100
AcDbEntity
  8
F.Cu
  6
CONTINUOUS
100
AcDbLine
 10
81.7291489999999925
 20
-98.3771169999999984
 30
0
 11
81.7119399999999985
 21
-98.4413419999999917
 31
0
  0
LINE
  5
124
330
1B
100
AcDbEntity
  8
F.Cu
  6
CONTINUOUS
100
AcDbLine
 10
81.7119399999999985
 20
-98.4413419999999917
 30
0
 11
81.6466769999999968
 21
-98.5543809999999922
 31
0
  0
LINE
  5
125
330
1B
100
AcDbEntity
  8
F.Cu
  6
CONTINUOUS
100
AcDbLine
 10
81.6466769999999968
 20
-98.5543809999999922
 30
0
 11
81.6466679999999911
 21
-98.5543890000000005
 31
0
  0
LINE
  5
126
330
1B
100
AcDbEntity
  8
F.Cu
  6
CONTINUOUS
100
AcDbLine
 10
81.6466679999999911
 20
-98.5543890000000005
 30
0
 11
81.6035529999999909
 21
-98.6035540000000026
 31
0
  0
LINE
  5
127
330
1B
100
AcDbEntity
  8
F.Cu
  6
CONTINUOUS
100
AcDbLine
 10
81.6035529999999909
 20
-98.6035540000000026
 30
0
 11
81.
 21
-99.207105999999996
 31
0
  0
LINE
  5
128
330
1B
100
AcDbEntity
  8
F.Cu
  6
CONTINUOUS
100
AcDbLine
 10
81.
 20
-99.207105999999996
 30
0
 11
81.
 21
-99.25
 31
0
  0
LINE
  5
129
330
1B
100
AcDbEntity
  8
F.Cu
  6
CONTINUOUS
100
AcDbLine
 10
81.
 20
-99.25
 30
0
 11
80.9957229999999981
 21
-99.3152469999999994
 31
0
  0
LINE
  5
12A
330
1B
100
AcDbEntity
  8
F.Cu
  6
CONTINUOUS
100
AcDbLine
 10
80.9957229999999981
 20
-99.3152469999999994
 30
0
 11
80.9957229999999981
 21
-99.3152630000000016
 31
0
  0
LINE
  5
12B
330
1B
100
AcDbEntity
  8
F.Cu
  6
CONTINUOUS
100
AcDbLine
 10
80.9957229999999981
 20
-99.3152630000000016
 30
0
 11
80.9745049999999935
 21
-99.394447999999997
 31
0
  0
LINE
  5
12C
330
1B
100
AcDbEntity
  8
F.Cu
  6
CONTINUOUS
100
AcDbLine
 10
80.9745049999999935
 20
-99.394447999999997
 30
0
 11
80.9619399999999985
 21
-99.4413419999999917
 31
0
  0
LINE
  5
12D
330
1B
100
AcDbEntity
  8
F.Cu
  6
CONTINUOUS
100
AcDbLine
 10
80.9619399999999985
 20
-99.4413419999999917
 30
0
 11
80.8966769999999968
 21
-99.5543809999999922
 31
0
  0
LINE
  5
12E
330
1B
100
AcDbEntity
  8
F.Cu
  6
CONTINUOUS
100
AcDbLine
 10
80.8966769999999968
 20
-99.5543809999999922
 30
0
 11
80.8966679999999911
 21
-99.5543890000000005
 31
0
  0
LINE
  5
12F
330
1B
100
AcDbEntity
  8
F.Cu
  6
CONTINUOUS
100
AcDbLine
 10
80.8966679999999911
 20
-99.5543890000000005
 30
0
 11
80.8535529999999909
 21
-99.6035540000000026
 31
0
  0
LINE
  5
130
330
1B
100
AcDbEntity
  8
F.Cu
  6
CONTINUOUS
100
AcDbLine
 10
80.8535529999999909
 20
-99.6035540000000026
 30
0
 11
80.75
 21
-99.707105999999996
 31
0
  0
LINE
  5
131
330
1B
100
AcDbEntity
  8
F.Cu
  6
CONTINUOUS
100
AcDbLine
 10
80.75
 20
-99.707105999999996
 30
0
 11
80.75
 21
-103.2928929999999923
 31
0
  0
LINE
  5
132
330
1B
100
AcDbEntity
  8
F.Cu
  6
CONTINUOUS
100
AcDbLine
 10
80.75
 20
-103.2928929999999923
 30
0
 11
80.8535529999999909
 21
-103.3964459999999974
 31
0
  0
LINE
  5
133
330
1B
100
AcDbEntity
  8
F.Cu
  6
CONTINUOUS
100
AcDbLine
 10
80.8535529999999909
 20
-103.3964459999999974
 30
0
 11
80.8966679999999911
 21
-103.4456100000000021
 31
0
  0
LINE
  5
134
330
1B
100
AcDbEntity
  8
F.Cu
  6
CONTINUOUS
100
AcDbLine
 10
80.8966679999999911
 20
-103.4456100000000021
 30
0
 11
80.8966769999999968
 21
-103.4456189999999935
 31
0
  0
LINE
  5
135
330
1B
100
AcDbEntity
  8
F.Cu
  6
CONTINUOUS
100
AcDbLine
 10
80.8966769999999968
 20
-103.4456189999999935
 30
0
 11
80.9619399999999985
 21
-103.5586579999999941
 31
0
  0
LINE
  5
136
330
1B
100
AcDbEntity
  8
F.Cu
  6
CONTINUOUS
100
AcDbLine
 10
80.9619399999999985
 20
-103.5586579999999941
 30
0
 11
80.9957229999999981
 21
-103.6847369999999984
 31
0
  0
LINE
  5
137
330
1B
100
AcDbEntity
  8
F.Cu
  6
CONTINUOUS
100
AcDbLine
 10
80.9957229999999981
 20
-103.6847369999999984
 30
0
 11
80.9957229999999981
 21
-103.6847519999999889
 31
0
  0
LINE
  5
138
330
1B
100
AcDbEntity
  8
F.Cu
  6
CONTINUOUS
100
AcDbLine
 10
80.9957229999999981
 20
-103.6847519999999889
 30
0
 11
81.
 21
-103.75
 31
0
  0
LINE
  5
139
330
1B
100
AcDbEntity
  8
F.Cu
  6
CONTINUOUS
100
AcDbLine
 10
81.
 20
-103.75
 30
0
 11
81.
 21
-112.5
 31
0
  0
LINE
  5
13A
330
1B
100
AcDbEntity
  8
F.Cu
  6
CONTINUOUS
100
AcDbLine
 10
81.
 20
-112.5
 30
0
 11
80.9957229999999981
 21
-112.5652469999999994
 31
0
  0
LINE
  5
13B
330
1B
100
AcDbEntity
  8
F.Cu
  6
CONTINUOUS
100
AcDbLine
 10
80.9957229999999981
 20
-112.5652469999999994
 30
0
 11
80.9957229999999981
 21
-112.5652630000000016
 31
0
  0
LINE
  5
13C
330
1B
100
AcDbEntity
  8
F.Cu
  6
CONTINUOUS
100
AcDbLine
 10
80.9957229999999981
 20
-112.5652630000000016
 30
0
 11
80.9637099999999919
 21
-112.6847369999999984
 31
0
  0
LINE
  5
13D
330
1B
100
AcDbEntity
  8
F.Cu
  6
CONTINUOUS
100
AcDbLine
 10
80.9637099999999919
 20
-112.6847369999999984
 30
0
 11
80.9619399999999985
 21
-112.6913419999999917
 31
0
  0
LINE
  5
13E
330
1B
100
AcDbEntity
  8
F.Cu
  6
CONTINUOUS
100
AcDbLine
 10
80.9619399999999985
 20
-112.6913419999999917
 30
0
 11
80.8966769999999968
 21
-112.8043809999999922
 31
0
  0
LINE
  5
13F
330
1B
100
AcDbEntity
  8
F.Cu
  6
CONTINUOUS
100
AcDbLine
 10
80.8966769999999968
 20
-112.8043809999999922
 30
0
 11
80.8966679999999911
 21
-112.8043890000000005
 31
0
  0
LINE
  5
140
330
1B
100
AcDbEntity
  8
F.Cu
  6
CONTINUOUS
100
AcDbLine
 10
80.8966679999999911
 20
-112.8043890000000005
 30
0
 11
80.8535529999999909
 21
-112.8535539999999884
 31
0
  0
LINE
  5
141
330
1B
100
AcDbEntity
  8
F.Cu
  6
CONTINUOUS
100
AcDbLine
 10
80.8535529999999909
 20
-112.8535539999999884
 30
0
 11
80.75
 21
-112.957105999999996
 31
0
  0
LINE
  5
142
330
1B
100
AcDbEntity
  8
F.Cu
  6
CONTINUOUS
100
AcDbLine
 10
80.75
 20
-112.957105999999996
 30
0
 11
80.75
 21
-113.25
 31
0
  0
LINE
  5
143
330
1B
100
AcDbEntity
  8
F.Cu
  6
CONTINUOUS
100
AcDbLine
 10
80.75
 20
-113.25
 30
0
 11
80.7457229999999981
 21
-113.3152469999999994
 31
0
  0
LINE
  5
144
330
1B
100
AcDbEntity
  8
F.Cu
  6
CONTINUOUS
100
AcDbLine
 10
80.7457229999999981
 20
-113.3152469999999994
 30
0
 11
80.7457229999999981
 21
-113.3152630000000016
 31
0
  0
LINE
  5
145
330
1B
100
AcDbEntity
  8
F.Cu
  6
CONTINUOUS
100
AcDbLine
 10
80.7457229999999981
 20
-113.3152630000000016
 30
0
 11
80.7279499999999928
 21
-113.3815919999999977
 31
0
  0
LINE
  5
146
330
1B
100
AcDbEntity
  8
F.Cu
  6
CONTINUOUS
100
AcDbLine
 10
80.7279499999999928
 20
-113.3815919999999977
 30
0
 11
80.7119399999999985
 21
-113.4413419999999917
 31
0
  0
LINE
  5
147
330
1B
100
AcDbEntity
  8
F.Cu
  6
CONTINUOUS
100
AcDbLine
 10
80.7119399999999985
 20
-113.4413419999999917
 30
0
 11
80.6466769999999968
 21
-113.5543809999999922
 31
0
  0
LINE
  5
148
330
1B
100
AcDbEntity
  8
F.Cu
  6
CONTINUOUS
100
AcDbLine
 10
80.6466769999999968
 20
-113.5543809999999922
 30
0
 11
80.6466609999999946
 21
-113.554395999999997
 31
0
  0
LINE
  5
149
330
1B
100
AcDbEntity
  8
F.Cu
  6
CONTINUOUS
100
AcDbLine
 10
80.6466609999999946
 20
-113.554395999999997
 30
0
 11
80.6035540000000026
 21
-113.6035529999999909
 31
0
  0
LINE
  5
14A
330
1B
100
AcDbEntity
  8
F.Cu
  6
CONTINUOUS
100
AcDbLine
 10
80.6035540000000026
 20
-113.6035529999999909
 30
0
 11
73.1035529999999909
 21
-121.1035529999999909
 31
0
  0
LINE
  5
14B
330
1B
100
AcDbEntity
  8
F.Cu
  6
CONTINUOUS
100
AcDbLine
 10
73.1035529999999909
 20
-121.1035529999999909
 30
0
 11
73.054395999999997
 21
-121.1466609999999946
 31
0
  0
LINE
  5
14C
330
1B
100
AcDbEntity
  8
F.Cu
  6
CONTINUOUS
100
AcDbLine
 10
73.054395999999997
 20
-121.1466609999999946
 30
0
 11
73.0543809999999922
 21
-121.1466769999999968
 31
0
  0
LINE
  5
14D
330
1B
100
AcDbEntity
  8
F.Cu
  6
CONTINUOUS
100
AcDbLine
 10
73.0543809999999922
 20
-121.1466769999999968
 30
0
 11
72.9553509999999932
 21
-121.2038519999999977
 31
0
  0
LINE
  5
14E
330
1B
100
AcDbEntity
  8
F.Cu
  6
CONTINUOUS
100
AcDbLine
 10
72.9553509999999932
 20
-121.2038519999999977
 30
0
 11
72.9413419999999917
 21
-121.2119399999999985
 31
0
  0
LINE
  5
14F
330
1B
100
AcDbEntity
  8
F.Cu
  6
CONTINUOUS
100
AcDbLine
 10
72.9413419999999917
 20
-121.2119399999999985
 30
0
 11
72.8152630000000016
 21
-121.2457229999999981
 31
0
  0
LINE
  5
150
330
1B
100
AcDbEntity
  8
F.Cu
  6
CONTINUOUS
100
AcDbLine
 10
72.8152630000000016
 20
-121.2457229999999981
 30
0
 11
72.8152479999999969
 21
-121.2457229999999981
 31
0
  0
LINE
  5
151
330
1B
100
AcDbEntity
  8
F.Cu
  6
CONTINUOUS
100
AcDbLine
 10
72.8152479999999969
 20
-121.2457229999999981
 30
0
 11
72.75
 21
-121.25
 31
0
  0
LINE
  5
152
330
1B
100
AcDbEntity
  8
F.Cu
  6
CONTINUOUS
100
AcDbLine
 10
72.75
 20
-121.25
 30
0
 11
69.9571069999999935
 21
-121.25
 31
0
  0
LINE
  5
153
330
1B
100
AcDbEntity
  8
F.Cu
  6
CONTINUOUS
100
AcDbLine
 10
69.9571069999999935
 20
-121.25
 30
0
 11
69.6035529999999909
 21
-121.6035529999999909
 31
0
  0
LINE
  5
154
330
1B
100
AcDbEntity
  8
F.Cu
  6
CONTINUOUS
100
AcDbLine
 10
69.6035529999999909
 20
-121.6035529999999909
 30
0
 11
69.554395999999997
 21
-121.6466609999999946
 31
0
  0
LINE
  5
155
330
1B
100
AcDbEntity
  8
F.Cu
  6
CONTINUOUS
100
AcDbLine
 10
69.554395999999997
 20
-121.6466609999999946
 30
0
 11
69.5543809999999922
 21
-121.6466769999999968
 31
0
  0
LINE
  5
156
330
1B
100
AcDbEntity
  8
F.Cu
  6
CONTINUOUS
100
AcDbLine
 10
69.5543809999999922
 20
-121.6466769999999968
 30
0
 11
69.4413419999999917
 21
-121.7119399999999985
 31
0
  0
LINE
  5
157
330
1B
100
AcDbEntity
  8
F.Cu
  6
CONTINUOUS
100
AcDbLine
 10
69.4413419999999917
 20
-121.7119399999999985
 30
0
 11
69.3152630000000016
 21
-121.7457229999999981
 31
0
  0
LINE
  5
158
330
1B
100
AcDbEntity
  8
F.Cu
  6
CONTINUOUS
100
AcDbLine
 10
69.3152630000000016
 20
-121.7457229999999981
 30
0
 11
69.3152479999999969
 21
-121.7457229999999981
 31
0
  0
LINE
  5
159
330
1B
100
AcDbEntity
  8
F.Cu
  6
CONTINUOUS
100
AcDbLine
 10
69.3152479999999969
 20
-121.7457229999999981
 30
0
 11
69.25
 21
-121.75
 31
0
  0
LINE
  5
15A
330
1B
100
AcDbEntity
  8
F.Cu
  6
CONTINUOUS
100
AcDbLine
 10
69.25
 20
-121.75
 30
0
 11
69.2071069999999935
 21
-121.75
 31
0
  0
LINE
  5
15B
330
1B
100
AcDbEntity
  8
F.Cu
  6
CONTINUOUS
100
AcDbLine
 10
69.2071069999999935
 20
-121.75
 30
0
 11
67.25
 21
-123.707105999999996
 31
0
  0
LINE
  5
15C
330
1B
100
AcDbEntity
  8
F.Cu
  6
CONTINUOUS
100
AcDbLine
 10
67.25
 20
-123.707105999999996
 30
0
 11
67.25
 21
-123.75
 31
0
  0
LINE
  5
15D
330
1B
100
AcDbEntity
  8
F.Cu
  6
CONTINUOUS
100
AcDbLine
 10
67.25
 20
-123.75
 30
0
 11
67.2457229999999981
 21
-123.8152469999999994
 31
0
  0
LINE
  5
15E
330
1B
100
AcDbEntity
  8
F.Cu
  6
CONTINUOUS
100
AcDbLine
 10
67.2457229999999981
 20
-123.8152469999999994
 30
0
 11
67.2457229999999981
 21
-123.8152629999999874
 31
0
  0
LINE
  5
15F
330
1B
100
AcDbEntity
  8
F.Cu
  6
CONTINUOUS
100
AcDbLine
 10
67.2457229999999981
 20
-123.8152629999999874
 30
0
 11
67.2239079999999944
 21
-123.8966759999999994
 31
0
  0
LINE
  5
160
330
1B
100
AcDbEntity
  8
F.Cu
  6
CONTINUOUS
100
AcDbLine
 10
67.2239079999999944
 20
-123.8966759999999994
 30
0
 11
67.2119399999999985
 21
-123.9413419999999917
 31
0
  0
LINE
  5
161
330
1B
100
AcDbEntity
  8
F.Cu
  6
CONTINUOUS
100
AcDbLine
 10
67.2119399999999985
 20
-123.9413419999999917
 30
0
 11
67.1466769999999968
 21
-124.0543809999999922
 31
0
  0
LINE
  5
162
330
1B
100
AcDbEntity
  8
F.Cu
  6
CONTINUOUS
100
AcDbLine
 10
67.1466769999999968
 20
-124.0543809999999922
 30
0
 11
67.1466690000000028
 21
-124.0543879999999888
 31
0
  0
LINE
  5
163
330
1B
100
AcDbEntity
  8
F.Cu
  6
CONTINUOUS
100
AcDbLine
 10
67.1466690000000028
 20
-124.0543879999999888
 30
0
 11
67.1035540000000026
 21
-124.1035529999999909
 31
0
  0
LINE
  5
164
330
1B
100
AcDbEntity
  8
F.Cu
  6
CONTINUOUS
100
AcDbLine
 10
67.1035540000000026
 20
-124.1035529999999909
 30
0
 11
66.25
 21
-124.957105999999996
 31
0
  0
LINE
  5
165
330
1B
100
AcDbEntity
  8
F.Cu
  6
CONTINUOUS
100
AcDbLine
 10
66.25
 20
-124.957105999999996
 30
0
 11
66.25
 21
-125.
 31
0
  0
LINE
  5
166
330
1B
100
AcDbEntity
  8
F.Cu
  6
CONTINUOUS
100
AcDbLine
 10
66.25
 20
-125.
 30
0
 11
66.2457229999999981
 21
-125.0652469999999994
 31
0
  0
LINE
  5
167
330
1B
100
AcDbEntity
  8
F.Cu
  6
CONTINUOUS
100
AcDbLine
 10
66.2457229999999981
 20
-125.0652469999999994
 30
0
 11
66.2457229999999981
 21
-125.0652629999999874
 31
0
  0
LINE
  5
168
330
1B
100
AcDbEntity
  8
F.Cu
  6
CONTINUOUS
100
AcDbLine
 10
66.2457229999999981
 20
-125.0652629999999874
 30
0
 11
66.2239079999999944
 21
-125.1466759999999994
 31
0
  0
LINE
  5
169
330
1B
100
AcDbEntity
  8
F.Cu
  6
CONTINUOUS
100
AcDbLine
 10
66.2239079999999944
 20
-125.1466759999999994
 30
0
 11
66.2119399999999985
 21
-125.1913419999999917
 31
0
  0
LINE
  5
16A
330
1B
100
AcDbEntity
  8
F.Cu
  6
CONTINUOUS
100
AcDbLine
 10
66.2119399999999985
 20
-125.1913419999999917
 30
0
 11
66.1466769999999968
 21
-125.3043809999999922
 31
0
  0
LINE
  5
16B
330
1B
100
AcDbEntity
  8
F.Cu
  6
CONTINUOUS
100
AcDbLine
 10
66.1466769999999968
 20
-125.3043809999999922
 30
0
 11
66.1466679999999911
 21
-125.3043890000000005
 31
0
  0
LINE
  5
16C
330
1B
100
AcDbEntity
  8
F.Cu
  6
CONTINUOUS
100
AcDbLine
 10
66.1466679999999911
 20
-125.3043890000000005
 30
0
 11
66.1035529999999909
 21
-125.3535539999999884
 31
0
  0
LINE
  5
16D
330
1B
100
AcDbEntity
  8
F.Cu
  6
CONTINUOUS
100
AcDbLine
 10
66.1035529999999909
 20
-125.3535539999999884
 30
0
 11
66.
 21
-125.457105999999996
 31
0
  0
LINE
  5
16E
330
1B
100
AcDbEntity
  8
F.Cu
  6
CONTINUOUS
100
AcDbLine
 10
66.
 20
-125.457105999999996
 30
0
 11
66.
 21
-125.75
 31
0
  0
LINE
  5
16F
330
1B
100
AcDbEntity
  8
F.Cu
  6
CONTINUOUS
100
AcDbLine
 10
66.
 20
-125.75
 30
0
 11
65.9957229999999981
 21
-125.8152469999999994
 31
0
  0
LINE
  5
170
330
1B
100
AcDbEntity
  8
F.Cu
  6
CONTINUOUS
100
AcDbLine
 10
65.9957229999999981
 20
-125.8152469999999994
 30
0
 11
65.9957229999999981
 21
-125.8152629999999874
 31
0
  0
LINE
  5
171
330
1B
100
AcDbEntity
  8
F.Cu
  6
CONTINUOUS
100
AcDbLine
 10
65.9957229999999981
 20
-125.8152629999999874
 30
0
 11
65.9655759999999987
 21
-125.9277719999999903
 31
0
  0
LINE
  5
172
330
1B
100
AcDbEntity
  8
F.Cu
  6
CONTINUOUS
100
AcDbLine
 10
65.9655759999999987
 20
-125.9277719999999903
 30
0
 11
65.9619399999999985
 21
-125.9413419999999917
 31
0
  0
LINE
  5
173
330
1B
100
AcDbEntity
  8
F.Cu
  6
CONTINUOUS
100
AcDbLine
 10
65.9619399999999985
 20
-125.9413419999999917
 30
0
 11
65.8966769999999968
 21
-126.0543809999999922
 31
0
  0
LINE
  5
174
330
1B
100
AcDbEntity
  8
F.Cu
  6
CONTINUOUS
100
AcDbLine
 10
65.8966769999999968
 20
-126.0543809999999922
 30
0
 11
65.8966679999999911
 21
-126.0543890000000005
 31
0
  0
LINE
  5
175
330
1B
100
AcDbEntity
  8
F.Cu
  6
CONTINUOUS
100
AcDbLine
 10
65.8966679999999911
 20
-126.0543890000000005
 30
0
 11
65.8535529999999909
 21
-126.1035539999999884
 31
0
  0
LINE
  5
176
330
1B
100
AcDbEntity
  8
F.Cu
  6
CONTINUOUS
100
AcDbLine
 10
65.8535529999999909
 20
-126.1035539999999884
 30
0
 11
65.75
 21
-126.207105999999996
 31
0
  0
LINE
  5
177
330
1B
100
AcDbEntity
  8
F.Cu
  6
CONTINUOUS
100
AcDbLine
 10
65.75
 20
-126.207105999999996
 30
0
 11
65.75
 21
-126.25
 31
0
  0
LINE
  5
178
330
1B
100
AcDbEntity
  8
F.Cu
  6
CONTINUOUS
100
AcDbLine
 10
65.75
 20
-126.25
 30
0
 11
65.7457229999999981
 21
-126.3152469999999994
 31
0
  0
LINE
  5
179
330
1B
100
AcDbEntity
  8
F.Cu
  6
CONTINUOUS
100
AcDbLine
 10
65.7457229999999981
 20
-126.3152469999999994
 30
0
 11
65.7457229999999981
 21
-126.3152629999999874
 31
0
  0
LINE
  5
17A
330
1B
100
AcDbEntity
  8
F.Cu
  6
CONTINUOUS
100
AcDbLine
 10
65.7457229999999981
 20
-126.3152629999999874
 30
0
 11
65.7239079999999944
 21
-126.3966759999999994
 31
0
  0
LINE
  5
17B
330
1B
100
AcDbEntity
  8
F.Cu
  6
CONTINUOUS
100
AcDbLine
 10
65.7239079999999944
 20
-126.3966759999999994
 30
0
 11
65.7119399999999985
 21
-126.4413419999999917
 31
0
  0
LINE
  5
17C
330
1B
100
AcDbEntity
  8
F.Cu
  6
CONTINUOUS
100
AcDbLine
 10
65.7119399999999985
 20
-126.4413419999999917
 30
0
 11
65.6466769999999968
 21
-126.5543809999999922
 31
0
  0
LINE
  5
17D
330
1B
100
AcDbEntity
  8
F.Cu
  6
CONTINUOUS
100
AcDbLine
 10
65.6466769999999968
 20
-126.5543809999999922
 30
0
 11
65.6466679999999911
 21
-126.5543890000000005
 31
0
  0
LINE
  5
17E
330
1B
100
AcDbEntity
  8
F.Cu
  6
CONTINUOUS
100
AcDbLine
 10
65.6466679999999911
 20
-126.5543890000000005
 30
0
 11
65.6035529999999909
 21
-126.6035539999999884
 31
0
  0
LINE
  5
17F
330
1B
100
AcDbEntity
  8
F.Cu
  6
CONTINUOUS
100
AcDbLine
 10
65.6035529999999909
 20
-126.6035539999999884
 30
0
 11
65.5
 21
-126.707105999999996
 31
0
  0
LINE
  5
180
330
1B
100
AcDbEntity
  8
F.Cu
  6
CONTINUOUS
100
AcDbLine
 10
65.5
 20
-126.707105999999996
 30
0
 11
65.5
 21
-126.75
 31
0
  0
LINE
  5
181
330
1B
100
AcDbEntity
  8
F.Cu
  6
CONTINUOUS
100
AcDbLine
 10
65.5
 20
-126.75
 30
0
 11
65.4957229999999981
 21
-126.8152469999999994
 31
0
  0
LINE
  5
182
330
1B
100
AcDbEntity
  8
F.Cu
  6
CONTINUOUS
100
AcDbLine
 10
65.4957229999999981
 20
-126.8152469999999994
 30
0
 11
65.4957229999999981
 21
-126.8152629999999874
 31
0
  0
LINE
  5
183
330
1B
100
AcDbEntity
  8
F.Cu
  6
CONTINUOUS
100
AcDbLine
 10
65.4957229999999981
 20
-126.8152629999999874
 30
0
 11
65.4739079999999944
 21
-126.8966759999999994
 31
0
  0
LINE
  5
184
330
1B
100
AcDbEntity
  8
F.Cu
  6
CONTINUOUS
100
AcDbLine
 10
65.4739079999999944
 20
-126.8966759999999994
 30
0
 11
65.4619399999999985
 21
-126.9413419999999917
 31
0
  0
LINE
  5
185
330
1B
100
AcDbEntity
  8
F.Cu
  6
CONTINUOUS
100
AcDbLine
 10
65.4619399999999985
 20
-126.9413419999999917
 30
0
 11
65.3966769999999968
 21
-127.0543809999999922
 31
0
  0
LINE
  5
186
330
1B
100
AcDbEntity
  8
F.Cu
  6
CONTINUOUS
100
AcDbLine
 10
65.3966769999999968
 20
-127.0543809999999922
 30
0
 11
65.3966679999999911
 21
-127.0543890000000005
 31
0
  0
LINE
  5
187
330
1B
100
AcDbEntity
  8
F.Cu
  6
CONTINUOUS
100
AcDbLine
 10
65.3966679999999911
 20
-127.0543890000000005
 30
0
 11
65.3535529999999909
 21
-127.1035539999999884
 31
0
  0
LINE
  5
188
330
1B
100
AcDbEntity
  8
F.Cu
  6
CONTINUOUS
100
AcDbLine
 10
65.3535529999999909
 20
-127.1035539999999884
 30
0
 11
65.25
 21
-127.207105999999996
 31
0
  0
LINE
  5
189
330
1B
100
AcDbEntity
  8
F.Cu
  6
CONTINUOUS
100
AcDbLine
 10
65.25
 20
-127.207105999999996
 30
0
 11
65.25
 21
-127.25
 31
0
  0
LINE
  5
18A
330
1B
100
AcDbEntity
  8
F.Cu
  6
CONTINUOUS
100
AcDbLine
 10
65.25
 20
-127.25
 30
0
 11
65.2457229999999981
 21
-127.3152469999999994
 31
0
  0
LINE
  5
18B
330
1B
100
AcDbEntity
  8
F.Cu
  6
CONTINUOUS
100
AcDbLine
 10
65.2457229999999981
 20
-127.3152469999999994
 30
0
 11
65.2457229999999981
 21
-127.3152629999999874
 31
0
  0
LINE
  5
18C
330
1B
100
AcDbEntity
  8
F.Cu
  6
CONTINUOUS
100
AcDbLine
 10
65.2457229999999981
 20
-127.3152629999999874
 30
0
 11
65.2178179999999941
 21
-127.4194059999999951
 31
0
  0
LINE
  5
18D
330
1B
100
AcDbEntity
  8
F.Cu
  6
CONTINUOUS
100
AcDbLine
 10
65.2178179999999941
 20
-127.4194059999999951
 30
0
 11
65.2119399999999985
 21
-127.4413419999999917
 31
0
  0
LINE
  5
18E
330
1B
100
AcDbEntity
  8
F.Cu
  6
CONTINUOUS
100
AcDbLine
 10
65.2119399999999985
 20
-127.4413419999999917
 30
0
 11
65.1466769999999968
 21
-127.5543809999999922
 31
0
  0
LINE
  5
18F
330
1B
100
AcDbEntity
  8
F.Cu
  6
CONTINUOUS
100
AcDbLine
 10
65.1466769999999968
 20
-127.5543809999999922
 30
0
 11
65.1466679999999911
 21
-127.5543890000000005
 31
0
  0
LINE
  5
190
330
1B
100
AcDbEntity
  8
F.Cu
  6
CONTINUOUS
100
AcDbLine
 10
65.1466679999999911
 20
-127.5543890000000005
 30
0
 11
65.1035529999999909
 21
-127.6035539999999884
 31
0
  0
LINE
  5
191
330
1B
100
AcDbEntity
  8
F.Cu
  6
CONTINUOUS
100
AcDbLine
 10
65.1035529999999909
 20
-127.6035539999999884
 30
0
 11
65.0285829999999976
 21
-127.678522000000001
 31
0
  0
LINE
  5
192
330
1B
100
AcDbEntity
  8
F.Cu
  6
CONTINUOUS
100
AcDbLine
 10
65.0285829999999976
 20
-127.678522000000001
 30
0
 11
65.0655519999999967
 21
-127.7677719999999937
 31
0
  0
LINE
  5
193
330
1B
100
AcDbEntity
  8
F.Cu
  6
CONTINUOUS
100
AcDbLine
 10
65.0655519999999967
 20
-127.7677719999999937
 30
0
 11
65.0961479999999995
 21
-127.9215859999999907
 31
0
  0
LINE
  5
194
330
1B
100
AcDbEntity
  8
F.Cu
  6
CONTINUOUS
100
AcDbLine
 10
65.0961479999999995
 20
-127.9215859999999907
 30
0
 11
65.0961479999999995
 21
-128.0784139999999809
 31
0
  0
LINE
  5
195
330
1B
100
AcDbEntity
  8
F.Cu
  6
CONTINUOUS
100
AcDbLine
 10
65.0961479999999995
 20
-128.0784139999999809
 30
0
 11
65.0655519999999967
 21
-128.2322279999999921
 31
0
  0
LINE
  5
196
330
1B
100
AcDbEntity
  8
F.Cu
  6
CONTINUOUS
100
AcDbLine
 10
65.0655519999999967
 20
-128.2322279999999921
 30
0
 11
65.0055370000000039
 21
-128.3771169999999984
 31
0
  0
LINE
  5
197
330
1B
100
AcDbEntity
  8
F.Cu
  6
CONTINUOUS
100
AcDbLine
 10
65.0055370000000039
 20
-128.3771169999999984
 30
0
 11
64.9184079999999994
 21
-128.5075149999999837
 31
0
  0
LINE
  5
198
330
1B
100
AcDbEntity
  8
F.Cu
  6
CONTINUOUS
100
AcDbLine
 10
64.9184079999999994
 20
-128.5075149999999837
 30
0
 11
64.8075149999999951
 21
-128.6184079999999881
 31
0
  0
LINE
  5
199
330
1B
100
AcDbEntity
  8
F.Cu
  6
CONTINUOUS
100
AcDbLine
 10
64.8075149999999951
 20
-128.6184079999999881
 30
0
 11
64.6771169999999955
 21
-128.7055369999999925
 31
0
  0
LINE
  5
19A
330
1B
100
AcDbEntity
  8
F.Cu
  6
CONTINUOUS
100
AcDbLine
 10
64.6771169999999955
 20
-128.7055369999999925
 30
0
 11
64.5322280000000035
 21
-128.7655519999999854
 31
0
  0
LINE
  5
19B
330
1B
100
AcDbEntity
  8
F.Cu
  6
CONTINUOUS
100
AcDbLine
 10
64.5322280000000035
 20
-128.7655519999999854
 30
0
 11
64.3784139999999923
 21
-128.7961479999999881
 31
0
  0
LINE
  5
19C
330
1B
100
AcDbEntity
  8
F.Cu
  6
CONTINUOUS
100
AcDbLine
 10
64.3784139999999923
 20
-128.7961479999999881
 30
0
 11
64.2215860000000021
 21
-128.7961479999999881
 31
0
  0
LINE
  5
19D
330
1B
100
AcDbEntity
  8
F.Cu
  6
CONTINUOUS
100
AcDbLine
 10
64.2215860000000021
 20
-128.7961479999999881
 30
0
 11
64.0677719999999908
 21
-128.7655519999999854
 31
0
  0
LINE
  5
19E
330
1B
100
AcDbEntity
  8
F.Cu
  6
CONTINUOUS
100
AcDbLine
 10
64.0677719999999908
 20
-128.7655519999999854
 30
0
 11
63.9228829999999988
 21
-128.7055369999999925
 31
0
  0
LINE
  5
19F
330
1B
100
AcDbEntity
  8
F.Cu
  6
CONTINUOUS
100
AcDbLine
 10
63.9228829999999988
 20
-128.7055369999999925
 30
0
 11
63.7924849999999992
 21
-128.6184079999999881
 31
0
  0
LINE
  5
1A0
330
1B
100
AcDbEntity
  8
F.Cu
  6
CONTINUOUS
100
AcDbLine
 10
63.7924849999999992
 20
-128.6184079999999881
 30
0
 11
63.6815919999999949
 21
-128.5075149999999837
 31
0
  0
LINE
  5
1A1
330
1B
100
AcDbEntity
  8
F.Cu
  6
CONTINUOUS
100
AcDbLine
 10
63.6815919999999949
 20
-128.5075149999999837
 30
0
 11
63.5944629999999975
 21
-128.3771169999999984
 31
0
  0
LINE
  5
1A2
330
1B
100
AcDbEntity
  8
F.Cu
  6
CONTINUOUS
100
AcDbLine
 10
63.5944629999999975
 20
-128.3771169999999984
 30
0
 11
63.5344479999999976
 21
-128.2322279999999921
 31
0
  0
LINE
  5
1A3
330
1B
100
AcDbEntity
  8
F.Cu
  6
CONTINUOUS
100
AcDbLine
 10
63.5344479999999976
 20
-128.2322279999999921
 30
0
 11
63.5038519999999949
 21
-128.0784139999999809
 31
0
  0
LINE
  5
1A4
330
1B
100
AcDbEntity
  8
F.Cu
  6
CONTINUOUS
100
AcDbLine
 10
63.5038519999999949
 20
-128.0784139999999809
 30
0
 11
63.5038519999999949
 21
-127.9215859999999907
 31
0
  0
LINE
  5
1A5
330
1B
100
AcDbEntity
  8
F.Cu
  6
CONTINUOUS
100
AcDbLine
 10
63.5038519999999949
 20
-127.9215859999999907
 30
0
 11
63.5344479999999976
 21
-127.7677719999999937
 31
0
  0
LINE
  5
1A6
330
1B
100
AcDbEntity
  8
F.Cu
  6
CONTINUOUS
100
AcDbLine
 10
63.5344479999999976
 20
-127.7677719999999937
 30
0
 11
63.5944629999999975
 21
-127.6228829999999874
 31
0
  0
LINE
  5
1A7
330
1B
100
AcDbEntity
  8
F.Cu
  6
CONTINUOUS
100
AcDbLine
 10
63.5944629999999975
 20
-127.6228829999999874
 30
0
 11
63.6815919999999949
 21
-127.4924849999999878
 31
0
  0
LINE
  5
1A8
330
1B
100
AcDbEntity
  8
F.Cu
  6
CONTINUOUS
100
AcDbLine
 10
63.6815919999999949
 20
-127.4924849999999878
 30
0
 11
63.7924849999999992
 21
-127.3815919999999977
 31
0
  0
LINE
  5
1A9
330
1B
100
AcDbEntity
  8
F.Cu
  6
CONTINUOUS
100
AcDbLine
 10
63.7924849999999992
 20
-127.3815919999999977
 30
0
 11
63.9228829999999988
 21
-127.2944629999999933
 31
0
  0
LINE
  5
1AA
330
1B
100
AcDbEntity
  8
F.Cu
  6
CONTINUOUS
100
AcDbLine
 10
63.9228829999999988
 20
-127.2944629999999933
 30
0
 11
64.0677719999999908
 21
-127.2344480000000004
 31
0
  0
LINE
  5
1AB
330
1B
100
AcDbEntity
  8
F.Cu
  6
CONTINUOUS
100
AcDbLine
 10
64.0677719999999908
 20
-127.2344480000000004
 30
0
 11
64.0826089999999908
 21
-127.2314959999999928
 31
0
  0
LINE
  5
1AC
330
1B
100
AcDbEntity
  8
F.Cu
  6
CONTINUOUS
100
AcDbLine
 10
64.0826089999999908
 20
-127.2314959999999928
 30
0
 11
64.1033230000000032
 21
-127.1956189999999935
 31
0
  0
LINE
  5
1AD
330
1B
100
AcDbEntity
  8
F.Cu
  6
CONTINUOUS
100
AcDbLine
 10
64.1033230000000032
 20
-127.1956189999999935
 30
0
 11
64.1033379999999937
 21
-127.1956029999999913
 31
0
  0
LINE
  5
1AE
330
1B
100
AcDbEntity
  8
F.Cu
  6
CONTINUOUS
100
AcDbLine
 10
64.1033379999999937
 20
-127.1956029999999913
 30
0
 11
64.1464469999999949
 21
-127.1464469999999949
 31
0
  0
LINE
  5
1AF
330
1B
100
AcDbEntity
  8
F.Cu
  6
CONTINUOUS
100
AcDbLine
 10
64.1464469999999949
 20
-127.1464469999999949
 30
0
 11
64.25
 21
-127.0428929999999923
 31
0
  0
LINE
  5
1B0
330
1B
100
AcDbEntity
  8
F.Cu
  6
CONTINUOUS
100
AcDbLine
 10
64.25
 20
-127.0428929999999923
 30
0
 11
64.25
 21
-127.
 31
0
  0
LINE
  5
1B1
330
1B
100
AcDbEntity
  8
F.Cu
  6
CONTINUOUS
100
AcDbLine
 10
64.25
 20
-127.
 30
0
 11
64.2542770000000019
 21
-126.9347519999999889
 31
0
  0
LINE
  5
1B2
330
1B
100
AcDbEntity
  8
F.Cu
  6
CONTINUOUS
100
AcDbLine
 10
64.2542770000000019
 20
-126.9347519999999889
 30
0
 11
64.2542770000000019
 21
-126.9347369999999984
 31
0
  0
LINE
  5
1B3
330
1B
100
AcDbEntity
  8
F.Cu
  6
CONTINUOUS
100
AcDbLine
 10
64.2542770000000019
 20
-126.9347369999999984
 30
0
 11
64.2880600000000015
 21
-126.8086579999999941
 31
0
  0
LINE
  5
1B4
330
1B
100
AcDbEntity
  8
F.Cu
  6
CONTINUOUS
100
AcDbLine
 10
64.2880600000000015
 20
-126.8086579999999941
 30
0
 11
64.290530000000004
 21
-126.8043799999999948
 31
0
  0
LINE
  5
1B5
330
1B
100
AcDbEntity
  8
F.Cu
  6
CONTINUOUS
100
AcDbLine
 10
64.290530000000004
 20
-126.8043799999999948
 30
0
 11
64.3533230000000032
 21
-126.6956189999999935
 31
0
  0
LINE
  5
1B6
330
1B
100
AcDbEntity
  8
F.Cu
  6
CONTINUOUS
100
AcDbLine
 10
64.3533230000000032
 20
-126.6956189999999935
 30
0
 11
64.3533379999999937
 21
-126.6956029999999913
 31
0
  0
LINE
  5
1B7
330
1B
100
AcDbEntity
  8
F.Cu
  6
CONTINUOUS
100
AcDbLine
 10
64.3533379999999937
 20
-126.6956029999999913
 30
0
 11
64.3964469999999949
 21
-126.6464469999999949
 31
0
  0
LINE
  5
1B8
330
1B
100
AcDbEntity
  8
F.Cu
  6
CONTINUOUS
100
AcDbLine
 10
64.3964469999999949
 20
-126.6464469999999949
 30
0
 11
64.5
 21
-126.5428929999999923
 31
0
  0
LINE
  5
1B9
330
1B
100
AcDbEntity
  8
F.Cu
  6
CONTINUOUS
100
AcDbLine
 10
64.5
 20
-126.5428929999999923
 30
0
 11
64.5
 21
-126.5
 31
0
  0
LINE
  5
1BA
330
1B
100
AcDbEntity
  8
F.Cu
  6
CONTINUOUS
100
AcDbLine
 10
64.5
 20
-126.5
 30
0
 11
64.5042770000000019
 21
-126.4347519999999889
 31
0
  0
LINE
  5
1BB
330
1B
100
AcDbEntity
  8
F.Cu
  6
CONTINUOUS
100
AcDbLine
 10
64.5042770000000019
 20
-126.4347519999999889
 30
0
 11
64.5042770000000019
 21
-126.4347369999999984
 31
0
  0
LINE
  5
1BC
330
1B
100
AcDbEntity
  8
F.Cu
  6
CONTINUOUS
100
AcDbLine
 10
64.5042770000000019
 20
-126.4347369999999984
 30
0
 11
64.5380600000000015
 21
-126.3086579999999941
 31
0
  0
LINE
  5
1BD
330
1B
100
AcDbEntity
  8
F.Cu
  6
CONTINUOUS
100
AcDbLine
 10
64.5380600000000015
 20
-126.3086579999999941
 30
0
 11
64.540530000000004
 21
-126.3043799999999948
 31
0
  0
LINE
  5
1BE
330
1B
100
AcDbEntity
  8
F.Cu
  6
CONTINUOUS
100
AcDbLine
 10
64.540530000000004
 20
-126.3043799999999948
 30
0
 11
64.6033230000000032
 21
-126.1956189999999935
 31
0
  0
LINE
  5
1BF
330
1B
100
AcDbEntity
  8
F.Cu
  6
CONTINUOUS
100
AcDbLine
 10
64.6033230000000032
 20
-126.1956189999999935
 30
0
 11
64.6033379999999937
 21
-126.1956029999999913
 31
0
  0
LINE
  5
1C0
330
1B
100
AcDbEntity
  8
F.Cu
  6
CONTINUOUS
100
AcDbLine
 10
64.6033379999999937
 20
-126.1956029999999913
 30
0
 11
64.6464469999999949
 21
-126.1464469999999949
 31
0
  0
LINE
  5
1C1
330
1B
100
AcDbEntity
  8
F.Cu
  6
CONTINUOUS
100
AcDbLine
 10
64.6464469999999949
 20
-126.1464469999999949
 30
0
 11
64.75
 21
-126.0428929999999923
 31
0
  0
LINE
  5
1C2
330
1B
100
AcDbEntity
  8
F.Cu
  6
CONTINUOUS
100
AcDbLine
 10
64.75
 20
-126.0428929999999923
 30
0
 11
64.75
 21
-126.
 31
0
  0
LINE
  5
1C3
330
1B
100
AcDbEntity
  8
F.Cu
  6
CONTINUOUS
100
AcDbLine
 10
64.75
 20
-126.
 30
0
 11
64.7542770000000019
 21
-125.9347519999999889
 31
0
  0
LINE
  5
1C4
330
1B
100
AcDbEntity
  8
F.Cu
  6
CONTINUOUS
100
AcDbLine
 10
64.7542770000000019
 20
-125.9347519999999889
 30
0
 11
64.7542770000000019
 21
-125.9347369999999984
 31
0
  0
LINE
  5
1C5
330
1B
100
AcDbEntity
  8
F.Cu
  6
CONTINUOUS
100
AcDbLine
 10
64.7542770000000019
 20
-125.9347369999999984
 30
0
 11
64.7880600000000015
 21
-125.8086579999999941
 31
0
  0
LINE
  5
1C6
330
1B
100
AcDbEntity
  8
F.Cu
  6
CONTINUOUS
100
AcDbLine
 10
64.7880600000000015
 20
-125.8086579999999941
 30
0
 11
64.8533230000000032
 21
-125.6956189999999935
 31
0
  0
LINE
  5
1C7
330
1B
100
AcDbEntity
  8
F.Cu
  6
CONTINUOUS
100
AcDbLine
 10
64.8533230000000032
 20
-125.6956189999999935
 30
0
 11
64.8533379999999937
 21
-125.6956029999999913
 31
0
  0
LINE
  5
1C8
330
1B
100
AcDbEntity
  8
F.Cu
  6
CONTINUOUS
100
AcDbLine
 10
64.8533379999999937
 20
-125.6956029999999913
 30
0
 11
64.8964469999999949
 21
-125.6464469999999949
 31
0
  0
LINE
  5
1C9
330
1B
100
AcDbEntity
  8
F.Cu
  6
CONTINUOUS
100
AcDbLine
 10
64.8964469999999949
 20
-125.6464469999999949
 30
0
 11
65.
 21
-125.5428929999999923
 31
0
  0
LINE
  5
1CA
330
1B
100
AcDbEntity
  8
F.Cu
  6
CONTINUOUS
100
AcDbLine
 10
65.
 20
-125.5428929999999923
 30
0
 11
65.
 21
-125.25
 31
0
  0
LINE
  5
1CB
330
1B
100
AcDbEntity
  8
F.Cu
  6
CONTINUOUS
100
AcDbLine
 10
65.
 20
-125.25
 30
0
 11
65.0042770000000019
 21
-125.1847519999999889
 31
0
  0
LINE
  5
1CC
330
1B
100
AcDbEntity
  8
F.Cu
  6
CONTINUOUS
100
AcDbLine
 10
65.0042770000000019
 20
-125.1847519999999889
 30
0
 11
65.0042770000000019
 21
-125.1847369999999984
 31
0
  0
LINE
  5
1CD
330
1B
100
AcDbEntity
  8
F.Cu
  6
CONTINUOUS
100
AcDbLine
 10
65.0042770000000019
 20
-125.1847369999999984
 30
0
 11
65.0380600000000015
 21
-125.0586579999999941
 31
0
  0
LINE
  5
1CE
330
1B
100
AcDbEntity
  8
F.Cu
  6
CONTINUOUS
100
AcDbLine
 10
65.0380600000000015
 20
-125.0586579999999941
 30
0
 11
65.040530000000004
 21
-125.0543799999999948
 31
0
  0
LINE
  5
1CF
330
1B
100
AcDbEntity
  8
F.Cu
  6
CONTINUOUS
100
AcDbLine
 10
65.040530000000004
 20
-125.0543799999999948
 30
0
 11
65.1033230000000032
 21
-124.9456189999999935
 31
0
  0
LINE
  5
1D0
330
1B
100
AcDbEntity
  8
F.Cu
  6
CONTINUOUS
100
AcDbLine
 10
65.1033230000000032
 20
-124.9456189999999935
 30
0
 11
65.1033379999999937
 21
-124.9456029999999913
 31
0
  0
LINE
  5
1D1
330
1B
100
AcDbEntity
  8
F.Cu
  6
CONTINUOUS
100
AcDbLine
 10
65.1033379999999937
 20
-124.9456029999999913
 30
0
 11
65.1464469999999949
 21
-124.8964469999999949
 31
0
  0
LINE
  5
1D2
330
1B
100
AcDbEntity
  8
F.Cu
  6
CONTINUOUS
100
AcDbLine
 10
65.1464469999999949
 20
-124.8964469999999949
 30
0
 11
65.25
 21
-124.7928929999999923
 31
0
  0
LINE
  5
1D3
330
1B
100
AcDbEntity
  8
F.Cu
  6
CONTINUOUS
100
AcDbLine
 10
65.25
 20
-124.7928929999999923
 30
0
 11
65.25
 21
-124.75
 31
0
  0
LINE
  5
1D4
330
1B
100
AcDbEntity
  8
F.Cu
  6
CONTINUOUS
100
AcDbLine
 10
65.25
 20
-124.75
 30
0
 11
65.2542770000000019
 21
-124.6847519999999889
 31
0
  0
LINE
  5
1D5
330
1B
100
AcDbEntity
  8
F.Cu
  6
CONTINUOUS
100
AcDbLine
 10
65.2542770000000019
 20
-124.6847519999999889
 30
0
 11
65.2542770000000019
 21
-124.6847369999999984
 31
0
  0
LINE
  5
1D6
330
1B
100
AcDbEntity
  8
F.Cu
  6
CONTINUOUS
100
AcDbLine
 10
65.2542770000000019
 20
-124.6847369999999984
 30
0
 11
65.2880600000000015
 21
-124.5586579999999941
 31
0
  0
LINE
  5
1D7
330
1B
100
AcDbEntity
  8
F.Cu
  6
CONTINUOUS
100
AcDbLine
 10
65.2880600000000015
 20
-124.5586579999999941
 30
0
 11
65.3533230000000032
 21
-124.4456189999999935
 31
0
  0
LINE
  5
1D8
330
1B
100
AcDbEntity
  8
F.Cu
  6
CONTINUOUS
100
AcDbLine
 10
65.3533230000000032
 20
-124.4456189999999935
 30
0
 11
65.3533379999999937
 21
-124.4456029999999913
 31
0
  0
LINE
  5
1D9
330
1B
100
AcDbEntity
  8
F.Cu
  6
CONTINUOUS
100
AcDbLine
 10
65.3533379999999937
 20
-124.4456029999999913
 30
0
 11
65.3964469999999949
 21
-124.3964469999999949
 31
0
  0
LINE
  5
1DA
330
1B
100
AcDbEntity
  8
F.Cu
  6
CONTINUOUS
100
AcDbLine
 10
65.3964469999999949
 20
-124.3964469999999949
 30
0
 11
66.25
 21
-123.5428929999999923
 31
0
  0
LINE
  5
1DB
330
1B
100
AcDbEntity
  8
F.Cu
  6
CONTINUOUS
100
AcDbLine
 10
66.25
 20
-123.5428929999999923
 30
0
 11
66.25
 21
-123.5
 31
0
  0
LINE
  5
1DC
330
1B
100
AcDbEntity
  8
F.Cu
  6
CONTINUOUS
100
AcDbLine
 10
66.25
 20
-123.5
 30
0
 11
66.2542770000000019
 21
-123.4347519999999889
 31
0
  0
LINE
  5
1DD
330
1B
100
AcDbEntity
  8
F.Cu
  6
CONTINUOUS
100
AcDbLine
 10
66.2542770000000019
 20
-123.4347519999999889
 30
0
 11
66.2542770000000019
 21
-123.4347369999999984
 31
0
  0
LINE
  5
1DE
330
1B
100
AcDbEntity
  8
F.Cu
  6
CONTINUOUS
100
AcDbLine
 10
66.2542770000000019
 20
-123.4347369999999984
 30
0
 11
66.2880600000000015
 21
-123.3086579999999941
 31
0
  0
LINE
  5
1DF
330
1B
100
AcDbEntity
  8
F.Cu
  6
CONTINUOUS
100
AcDbLine
 10
66.2880600000000015
 20
-123.3086579999999941
 30
0
 11
66.3533230000000032
 21
-123.1956189999999935
 31
0
  0
LINE
  5
1E0
330
1B
100
AcDbEntity
  8
F.Cu
  6
CONTINUOUS
100
AcDbLine
 10
66.3533230000000032
 20
-123.1956189999999935
 30
0
 11
66.3533379999999937
 21
-123.1956029999999913
 31
0
  0
LINE
  5
1E1
330
1B
100
AcDbEntity
  8
F.Cu
  6
CONTINUOUS
100
AcDbLine
 10
66.3533379999999937
 20
-123.1956029999999913
 30
0
 11
66.3964469999999949
 21
-123.1464469999999949
 31
0
  0
LINE
  5
1E2
330
1B
100
AcDbEntity
  8
F.Cu
  6
CONTINUOUS
100
AcDbLine
 10
66.3964469999999949
 20
-123.1464469999999949
 30
0
 11
68.6464469999999949
 21
-120.8964459999999974
 31
0
  0
LINE
  5
1E3
330
1B
100
AcDbEntity
  8
F.Cu
  6
CONTINUOUS
100
AcDbLine
 10
68.6464469999999949
 20
-120.8964459999999974
 30
0
 11
68.6956109999999995
 21
-120.8533299999999997
 31
0
  0
LINE
  5
1E4
330
1B
100
AcDbEntity
  8
F.Cu
  6
CONTINUOUS
100
AcDbLine
 10
68.6956109999999995
 20
-120.8533299999999997
 30
0
 11
68.6956189999999935
 21
-120.853322999999989
 31
0
  0
LINE
  5
1E5
330
1B
100
AcDbEntity
  8
F.Cu
  6
CONTINUOUS
100
AcDbLine
 10
68.6956189999999935
 20
-120.853322999999989
 30
0
 11
68.8086579999999941
 21
-120.7880600000000015
 31
0
  0
LINE
  5
1E6
330
1B
100
AcDbEntity
  8
F.Cu
  6
CONTINUOUS
100
AcDbLine
 10
68.8086579999999941
 20
-120.7880600000000015
 30
0
 11
68.8353010000000012
 21
-120.7809199999999947
 31
0
  0
LINE
  5
1E7
330
1B
100
AcDbEntity
  8
F.Cu
  6
CONTINUOUS
100
AcDbLine
 10
68.8353010000000012
 20
-120.7809199999999947
 30
0
 11
68.9347369999999984
 21
-120.7542769999999877
 31
0
  0
LINE
  5
1E8
330
1B
100
AcDbEntity
  8
F.Cu
  6
CONTINUOUS
100
AcDbLine
 10
68.9347369999999984
 20
-120.7542769999999877
 30
0
 11
68.9347520000000031
 21
-120.7542769999999877
 31
0
  0
LINE
  5
1E9
330
1B
100
AcDbEntity
  8
F.Cu
  6
CONTINUOUS
100
AcDbLine
 10
68.9347520000000031
 20
-120.7542769999999877
 30
0
 11
69.
 21
-120.75
 31
0
  0
LINE
  5
1EA
330
1B
100
AcDbEntity
  8
F.Cu
  6
CONTINUOUS
100
AcDbLine
 10
69.
 20
-120.75
 30
0
 11
69.0428939999999898
 21
-120.75
 31
0
  0
LINE
  5
1EB
330
1B
100
AcDbEntity
  8
F.Cu
  6
CONTINUOUS
100
AcDbLine
 10
69.0428939999999898
 20
-120.75
 30
0
 11
69.3964469999999949
 21
-120.3964459999999974
 31
0
  0
LINE
  5
1EC
330
1B
100
AcDbEntity
  8
F.Cu
  6
CONTINUOUS
100
AcDbLine
 10
69.3964469999999949
 20
-120.3964459999999974
 30
0
 11
69.4456029999999913
 21
-120.3533379999999937
 31
0
  0
LINE
  5
1ED
330
1B
100
AcDbEntity
  8
F.Cu
  6
CONTINUOUS
100
AcDbLine
 10
69.4456029999999913
 20
-120.3533379999999937
 30
0
 11
69.4456189999999935
 21
-120.353322999999989
 31
0
  0
LINE
  5
1EE
330
1B
100
AcDbEntity
  8
F.Cu
  6
CONTINUOUS
100
AcDbLine
 10
69.4456189999999935
 20
-120.353322999999989
 30
0
 11
69.5586579999999941
 21
-120.2880600000000015
 31
0
  0
LINE
  5
1EF
330
1B
100
AcDbEntity
  8
F.Cu
  6
CONTINUOUS
100
AcDbLine
 10
69.5586579999999941
 20
-120.2880600000000015
 30
0
 11
69.6847369999999984
 21
-120.2542769999999877
 31
0
  0
LINE
  5
1F0
330
1B
100
AcDbEntity
  8
F.Cu
  6
CONTINUOUS
100
AcDbLine
 10
69.6847369999999984
 20
-120.2542769999999877
 30
0
 11
69.6847520000000031
 21
-120.2542769999999877
 31
0
  0
LINE
  5
1F1
330
1B
100
AcDbEntity
  8
F.Cu
  6
CONTINUOUS
100
AcDbLine
 10
69.6847520000000031
 20
-120.2542769999999877
 30
0
 11
69.75
 21
-120.25
 31
0
  0
LINE
  5
1F2
330
1B
100
AcDbEntity
  8
F.Cu
  6
CONTINUOUS
100
AcDbLine
 10
69.75
 20
-120.25
 30
0
 11
72.5428939999999898
 21
-120.25
 31
0
  0
LINE
  5
1F3
330
1B
100
AcDbEntity
  8
F.Cu
  6
CONTINUOUS
100
AcDbLine
 10
72.5428939999999898
 20
-120.25
 30
0
 11
79.75
 21
-113.0428929999999923
 31
0
  0
LINE
  5
1F4
330
1B
100
AcDbEntity
  8
F.Cu
  6
CONTINUOUS
100
AcDbLine
 10
79.75
 20
-113.0428929999999923
 30
0
 11
79.75
 21
-112.75
 31
0
  0
LINE
  5
1F5
330
1B
100
AcDbEntity
  8
F.Cu
  6
CONTINUOUS
100
AcDbLine
 10
79.75
 20
-112.75
 30
0
 11
79.7542770000000019
 21
-112.6847519999999889
 31
0
  0
LINE
  5
1F6
330
1B
100
AcDbEntity
  8
F.Cu
  6
CONTINUOUS
100
AcDbLine
 10
79.7542770000000019
 20
-112.6847519999999889
 30
0
 11
79.7542770000000019
 21
-112.6847369999999984
 31
0
  0
LINE
  5
1F7
330
1B
100
AcDbEntity
  8
F.Cu
  6
CONTINUOUS
100
AcDbLine
 10
79.7542770000000019
 20
-112.6847369999999984
 30
0
 11
79.7880600000000015
 21
-112.5586579999999941
 31
0
  0
LINE
  5
1F8
330
1B
100
AcDbEntity
  8
F.Cu
  6
CONTINUOUS
100
AcDbLine
 10
79.7880600000000015
 20
-112.5586579999999941
 30
0
 11
79.8533230000000032
 21
-112.4456189999999935
 31
0
  0
LINE
  5
1F9
330
1B
100
AcDbEntity
  8
F.Cu
  6
CONTINUOUS
100
AcDbLine
 10
79.8533230000000032
 20
-112.4456189999999935
 30
0
 11
79.8533379999999937
 21
-112.4456029999999913
 31
0
  0
LINE
  5
1FA
330
1B
100
AcDbEntity
  8
F.Cu
  6
CONTINUOUS
100
AcDbLine
 10
79.8533379999999937
 20
-112.4456029999999913
 30
0
 11
79.8964469999999949
 21
-112.3964469999999949
 31
0
  0
LINE
  5
1FB
330
1B
100
AcDbEntity
  8
F.Cu
  6
CONTINUOUS
100
AcDbLine
 10
79.8964469999999949
 20
-112.3964469999999949
 30
0
 11
80.
 21
-112.2928929999999923
 31
0
  0
LINE
  5
1FC
330
1B
100
AcDbEntity
  8
F.Cu
  6
CONTINUOUS
100
AcDbLine
 10
80.
 20
-112.2928929999999923
 30
0
 11
80.
 21
-103.957105999999996
 31
0
  0
LINE
  5
1FD
330
1B
100
AcDbEntity
  8
F.Cu
  6
CONTINUOUS
100
AcDbLine
 10
80.
 20
-103.957105999999996
 30
0
 11
79.8964469999999949
 21
-103.8535529999999909
 31
0
  0
LINE
  5
1FE
330
1B
100
AcDbEntity
  8
F.Cu
  6
CONTINUOUS
100
AcDbLine
 10
79.8964469999999949
 20
-103.8535529999999909
 30
0
 11
79.8533379999999937
 21
-103.804395999999997
 31
0
  0
LINE
  5
1FF
330
1B
100
AcDbEntity
  8
F.Cu
  6
CONTINUOUS
100
AcDbLine
 10
79.8533379999999937
 20
-103.804395999999997
 30
0
 11
79.8533230000000032
 21
-103.8043809999999922
 31
0
  0
LINE
  5
200
330
1B
100
AcDbEntity
  8
F.Cu
  6
CONTINUOUS
100
AcDbLine
 10
79.8533230000000032
 20
-103.8043809999999922
 30
0
 11
79.7880600000000015
 21
-103.6913419999999917
 31
0
  0
LINE
  5
201
330
1B
100
AcDbEntity
  8
F.Cu
  6
CONTINUOUS
100
AcDbLine
 10
79.7880600000000015
 20
-103.6913419999999917
 30
0
 11
79.7835369999999955
 21
-103.6744629999999887
 31
0
  0
LINE
  5
202
330
1B
100
AcDbEntity
  8
F.Cu
  6
CONTINUOUS
100
AcDbLine
 10
79.7835369999999955
 20
-103.6744629999999887
 30
0
 11
79.7542770000000019
 21
-103.5652630000000016
 31
0
  0
LINE
  5
203
330
1B
100
AcDbEntity
  8
F.Cu
  6
CONTINUOUS
100
AcDbLine
 10
79.7542770000000019
 20
-103.5652630000000016
 30
0
 11
79.7542770000000019
 21
-103.5652469999999994
 31
0
  0
LINE
  5
204
330
1B
100
AcDbEntity
  8
F.Cu
  6
CONTINUOUS
100
AcDbLine
 10
79.7542770000000019
 20
-103.5652469999999994
 30
0
 11
79.75
 21
-103.5
 31
0
  0
LINE
  5
205
330
1B
100
AcDbEntity
  8
F.Cu
  6
CONTINUOUS
100
AcDbLine
 10
79.75
 20
-103.5
 30
0
 11
79.75
 21
-99.5
 31
0
  0
LINE
  5
206
330
1B
100
AcDbEntity
  8
F.Cu
  6
CONTINUOUS
100
AcDbLine
 10
79.75
 20
-99.5
 30
0
 11
79.7542770000000019
 21
-99.4347519999999889
 31
0
  0
LINE
  5
207
330
1B
100
AcDbEntity
  8
F.Cu
  6
CONTINUOUS
100
AcDbLine
 10
79.7542770000000019
 20
-99.4347519999999889
 30
0
 11
79.7542770000000019
 21
-99.4347369999999984
 31
0
  0
LINE
  5
208
330
1B
100
AcDbEntity
  8
F.Cu
  6
CONTINUOUS
100
AcDbLine
 10
79.7542770000000019
 20
-99.4347369999999984
 30
0
 11
79.7880600000000015
 21
-99.3086579999999941
 31
0
  0
LINE
  5
209
330
1B
100
AcDbEntity
  8
F.Cu
  6
CONTINUOUS
100
AcDbLine
 10
79.7880600000000015
 20
-99.3086579999999941
 30
0
 11
79.7905299999999897
 21
-99.3043799999999948
 31
0
  0
LINE
  5
20A
330
1B
100
AcDbEntity
  8
F.Cu
  6
CONTINUOUS
100
AcDbLine
 10
79.7905299999999897
 20
-99.3043799999999948
 30
0
 11
79.8533230000000032
 21
-99.1956189999999935
 31
0
  0
LINE
  5
20B
330
1B
100
AcDbEntity
  8
F.Cu
  6
CONTINUOUS
100
AcDbLine
 10
79.8533230000000032
 20
-99.1956189999999935
 30
0
 11
79.8533379999999937
 21
-99.1956029999999913
 31
0
  0
LINE
  5
20C
330
1B
100
AcDbEntity
  8
F.Cu
  6
CONTINUOUS
100
AcDbLine
 10
79.8533379999999937
 20
-99.1956029999999913
 30
0
 11
79.8964469999999949
 21
-99.1464469999999949
 31
0
  0
LINE
  5
20D
330
1B
100
AcDbEntity
  8
F.Cu
  6
CONTINUOUS
100
AcDbLine
 10
79.8964469999999949
 20
-99.1464469999999949
 30
0
 11
80.
 21
-99.0428929999999923
 31
0
  0
LINE
  5
20E
330
1B
100
AcDbEntity
  8
F.Cu
  6
CONTINUOUS
100
AcDbLine
 10
80.
 20
-99.0428929999999923
 30
0
 11
80.
 21
-99.
 31
0
  0
LINE
  5
20F
330
1B
100
AcDbEntity
  8
F.Cu
  6
CONTINUOUS
100
AcDbLine
 10
80.
 20
-99.
 30
0
 11
80.0042770000000019
 21
-98.9347519999999889
 31
0
  0
LINE
  5
210
330
1B
100
AcDbEntity
  8
F.Cu
  6
CONTINUOUS
100
AcDbLine
 10
80.0042770000000019
 20
-98.9347519999999889
 30
0
 11
80.0042770000000019
 21
-98.9347369999999984
 31
0
  0
LINE
  5
211
330
1B
100
AcDbEntity
  8
F.Cu
  6
CONTINUOUS
100
AcDbLine
 10
80.0042770000000019
 20
-98.9347369999999984
 30
0
 11
80.0380600000000015
 21
-98.8086579999999941
 31
0
  0
LINE
  5
212
330
1B
100
AcDbEntity
  8
F.Cu
  6
CONTINUOUS
100
AcDbLine
 10
80.0380600000000015
 20
-98.8086579999999941
 30
0
 11
80.0452829999999977
 21
-98.7961480000000023
 31
0
  0
LINE
  5
213
330
1B
100
AcDbEntity
  8
F.Cu
  6
CONTINUOUS
100
AcDbLine
 10
80.0452829999999977
 20
-98.7961480000000023
 30
0
 11
80.1033230000000032
 21
-98.6956189999999935
 31
0
  0
LINE
  5
214
330
1B
100
AcDbEntity
  8
F.Cu
  6
CONTINUOUS
100
AcDbLine
 10
80.1033230000000032
 20
-98.6956189999999935
 30
0
 11
80.1033379999999937
 21
-98.6956029999999913
 31
0
  0
LINE
  5
215
330
1B
100
AcDbEntity
  8
F.Cu
  6
CONTINUOUS
100
AcDbLine
 10
80.1033379999999937
 20
-98.6956029999999913
 30
0
 11
80.1464469999999949
 21
-98.6464469999999949
 31
0
  0
LINE
  5
216
330
1B
100
AcDbEntity
  8
F.Cu
  6
CONTINUOUS
100
AcDbLine
 10
80.1464469999999949
 20
-98.6464469999999949
 30
0
 11
80.75
 21
-98.0428929999999923
 31
0
  0
LINE
  5
217
330
1B
100
AcDbEntity
  8
F.Cu
  6
CONTINUOUS
100
AcDbLine
 10
80.75
 20
-98.0428929999999923
 30
0
 11
80.75
 21
-98.
 31
0
  0
LINE
  5
218
330
1B
100
AcDbEntity
  8
F.Cu
  6
CONTINUOUS
100
AcDbLine
 10
80.75
 20
-98.
 30
0
 11
80.7542770000000019
 21
-97.9347519999999889
 31
0
  0
LINE
  5
219
330
1B
100
AcDbEntity
  8
F.Cu
  6
CONTINUOUS
100
AcDbLine
 10
80.7542770000000019
 20
-97.9347519999999889
 30
0
 11
80.7542770000000019
 21
-97.9347369999999984
 31
0
  0
LINE
  5
21A
330
1B
100
AcDbEntity
  8
F.Cu
  6
CONTINUOUS
100
AcDbLine
 10
80.7542770000000019
 20
-97.9347369999999984
 30
0
 11
80.7880600000000015
 21
-97.8086579999999941
 31
0
  0
LINE
  5
21B
330
1B
100
AcDbEntity
  8
F.Cu
  6
CONTINUOUS
100
AcDbLine
 10
80.7880600000000015
 20
-97.8086579999999941
 30
0
 11
80.7905299999999897
 21
-97.8043799999999948
 31
0
  0
LINE
  5
21C
330
1B
100
AcDbEntity
  8
F.Cu
  6
CONTINUOUS
100
AcDbLine
 10
80.7905299999999897
 20
-97.8043799999999948
 30
0
 11
80.8533230000000032
 21
-97.6956189999999935
 31
0
  0
LINE
  5
21D
330
1B
100
AcDbEntity
  8
F.Cu
  6
CONTINUOUS
100
AcDbLine
 10
80.8533230000000032
 20
-97.6956189999999935
 30
0
 11
80.8533379999999937
 21
-97.6956029999999913
 31
0
  0
LINE
  5
21E
330
1B
100
AcDbEntity
  8
F.Cu
  6
CONTINUOUS
100
AcDbLine
 10
80.8533379999999937
 20
-97.6956029999999913
 30
0
 11
80.8964469999999949
 21
-97.6464469999999949
 31
0
  0
LINE
  5
21F
330
1B
100
AcDbEntity
  8
F.Cu
  6
CONTINUOUS
100
AcDbLine
 10
80.8964469999999949
 20
-97.6464469999999949
 30
0
 11
81.
 21
-97.5428929999999923
 31
0
  0
LINE
  5
220
330
1B
100
AcDbEntity
  8
F.Cu
  6
CONTINUOUS
100
AcDbLine
 10
81.
 20
-97.5428929999999923
 30
0
 11
81.
 21
-97.5
 31
0
  0
LINE
  5
221
330
1B
100
AcDbEntity
  8
F.Cu
  6
CONTINUOUS
100
AcDbLine
 10
81.
 20
-97.5
 30
0
 11
81.0042770000000019
 21
-97.4347519999999889
 31
0
  0
LINE
  5
222
330
1B
100
AcDbEntity
  8
F.Cu
  6
CONTINUOUS
100
AcDbLine
 10
81.0042770000000019
 20
-97.4347519999999889
 30
0
 11
81.0042770000000019
 21
-97.4347369999999984
 31
0
  0
LINE
  5
223
330
1B
100
AcDbEntity
  8
F.Cu
  6
CONTINUOUS
100
AcDbLine
 10
81.0042770000000019
 20
-97.4347369999999984
 30
0
 11
81.0380600000000015
 21
-97.3086579999999941
 31
0
  0
LINE
  5
224
330
1B
100
AcDbEntity
  8
F.Cu
  6
CONTINUOUS
100
AcDbLine
 10
81.0380600000000015
 20
-97.3086579999999941
 30
0
 11
81.0405299999999897
 21
-97.3043799999999948
 31
0
  0
LINE
  5
225
330
1B
100
AcDbEntity
  8
F.Cu
  6
CONTINUOUS
100
AcDbLine
 10
81.0405299999999897
 20
-97.3043799999999948
 30
0
 11
81.1033230000000032
 21
-97.1956189999999935
 31
0
  0
LINE
  5
226
330
1B
100
AcDbEntity
  8
F.Cu
  6
CONTINUOUS
100
AcDbLine
 10
81.1033230000000032
 20
-97.1956189999999935
 30
0
 11
81.1033379999999937
 21
-97.1956029999999913
 31
0
  0
LINE
  5
227
330
1B
100
AcDbEntity
  8
F.Cu
  6
CONTINUOUS
100
AcDbLine
 10
81.1033379999999937
 20
-97.1956029999999913
 30
0
 11
81.1464469999999949
 21
-97.1464469999999949
 31
0
  0
LINE
  5
228
330
1B
100
AcDbEntity
  8
F.Cu
  6
CONTINUOUS
100
AcDbLine
 10
81.1464469999999949
 20
-97.1464469999999949
 30
0
 11
81.25
 21
-97.0428929999999923
 31
0
  0
LINE
  5
229
330
1B
100
AcDbEntity
  8
F.Cu
  6
CONTINUOUS
100
AcDbLine
 10
81.25
 20
-97.0428929999999923
 30
0
 11
81.25
 21
-97.
 31
0
  0
LINE
  5
22A
330
1B
100
AcDbEntity
  8
F.Cu
  6
CONTINUOUS
100
AcDbLine
 10
81.25
 20
-97.
 30
0
 11
81.2542770000000019
 21
-96.9347519999999889
 31
0
  0
LINE
  5
22B
330
1B
100
AcDbEntity
  8
F.Cu
  6
CONTINUOUS
100
AcDbLine
 10
81.2542770000000019
 20
-96.9347519999999889
 30
0
 11
81.2542770000000019
 21
-96.9347369999999984
 31
0
  0
LINE
  5
22C
330
1B
100
AcDbEntity
  8
F.Cu
  6
CONTINUOUS
100
AcDbLine
 10
81.2542770000000019
 20
-96.9347369999999984
 30
0
 11
81.2880600000000015
 21
-96.8086579999999941
 31
0
  0
LINE
  5
22D
330
1B
100
AcDbEntity
  8
F.Cu
  6
CONTINUOUS
100
AcDbLine
 10
81.2880600000000015
 20
-96.8086579999999941
 30
0
 11
81.2905299999999897
 21
-96.8043799999999948
 31
0
  0
LINE
  5
22E
330
1B
100
AcDbEntity
  8
F.Cu
  6
CONTINUOUS
100
AcDbLine
 10
81.2905299999999897
 20
-96.8043799999999948
 30
0
 11
81.3533230000000032
 21
-96.6956189999999935
 31
0
  0
LINE
  5
22F
330
1B
100
AcDbEntity
  8
F.Cu
  6
CONTINUOUS
100
AcDbLine
 10
81.3533230000000032
 20
-96.6956189999999935
 30
0
 11
81.3533379999999937
 21
-96.6956029999999913
 31
0
  0
LINE
  5
230
330
1B
100
AcDbEntity
  8
F.Cu
  6
CONTINUOUS
100
AcDbLine
 10
81.3533379999999937
 20
-96.6956029999999913
 30
0
 11
81.3964469999999949
 21
-96.6464469999999949
 31
0
  0
LINE
  5
231
330
1B
100
AcDbEntity
  8
F.Cu
  6
CONTINUOUS
100
AcDbLine
 10
81.3964469999999949
 20
-96.6464469999999949
 30
0
 11
81.75
 21
-96.2928929999999923
 31
0
  0
LINE
  5
232
330
1B
100
AcDbEntity
  8
F.Cu
  6
CONTINUOUS
100
AcDbLine
 10
81.75
 20
-96.2928929999999923
 30
0
 11
81.75
 21
-96.25
 31
0
  0
LINE
  5
233
330
1B
100
AcDbEntity
  8
F.Cu
  6
CONTINUOUS
100
AcDbLine
 10
81.75
 20
-96.25
 30
0
 11
81.7542770000000019
 21
-96.1847519999999889
 31
0
  0
LINE
  5
234
330
1B
100
AcDbEntity
  8
F.Cu
  6
CONTINUOUS
100
AcDbLine
 10
81.7542770000000019
 20
-96.1847519999999889
 30
0
 11
81.7542770000000019
 21
-96.1847369999999984
 31
0
  0
LINE
  5
235
330
1B
100
AcDbEntity
  8
F.Cu
  6
CONTINUOUS
100
AcDbLine
 10
81.7542770000000019
 20
-96.1847369999999984
 30
0
 11
81.7880600000000015
 21
-96.0586579999999941
 31
0
  0
LINE
  5
236
330
1B
100
AcDbEntity
  8
F.Cu
  6
CONTINUOUS
100
AcDbLine
 10
81.7880600000000015
 20
-96.0586579999999941
 30
0
 11
81.7905299999999897
 21
-96.0543799999999948
 31
0
  0
LINE
  5
237
330
1B
100
AcDbEntity
  8
F.Cu
  6
CONTINUOUS
100
AcDbLine
 10
81.7905299999999897
 20
-96.0543799999999948
 30
0
 11
81.8533230000000032
 21
-95.9456189999999935
 31
0
  0
LINE
  5
238
330
1B
100
AcDbEntity
  8
F.Cu
  6
CONTINUOUS
100
AcDbLine
 10
81.8533230000000032
 20
-95.9456189999999935
 30
0
 11
81.8533379999999937
 21
-95.9456029999999913
 31
0
  0
LINE
  5
239
330
1B
100
AcDbEntity
  8
F.Cu
  6
CONTINUOUS
100
AcDbLine
 10
81.8533379999999937
 20
-95.9456029999999913
 30
0
 11
81.8964469999999949
 21
-95.8964469999999949
 31
0
  0
LINE
  5
23A
330
1B
100
AcDbEntity
  8
F.Cu
  6
CONTINUOUS
100
AcDbLine
 10
81.8964469999999949
 20
-95.8964469999999949
 30
0
 11
82.
 21
-95.7928929999999923
 31
0
  0
LINE
  5
23B
330
1B
100
AcDbEntity
  8
F.Cu
  6
CONTINUOUS
100
AcDbLine
 10
82.
 20
-95.7928929999999923
 30
0
 11
82.
 21
-95.75
 31
0
  0
LINE
  5
23C
330
1B
100
AcDbEntity
  8
F.Cu
  6
CONTINUOUS
100
AcDbLine
 10
82.
 20
-95.75
 30
0
 11
82.0042770000000019
 21
-95.6847519999999889
 31
0
  0
LINE
  5
23D
330
1B
100
AcDbEntity
  8
F.Cu
  6
CONTINUOUS
100
AcDbLine
 10
82.0042770000000019
 20
-95.6847519999999889
 30
0
 11
82.0042770000000019
 21
-95.6847369999999984
 31
0
  0
LINE
  5
23E
330
1B
100
AcDbEntity
  8
F.Cu
  6
CONTINUOUS
100
AcDbLine
 10
82.0042770000000019
 20
-95.6847369999999984
 30
0
 11
82.0380600000000015
 21
-95.5586579999999941
 31
0
  0
LINE
  5
23F
330
1B
100
AcDbEntity
  8
F.Cu
  6
CONTINUOUS
100
AcDbLine
 10
82.0380600000000015
 20
-95.5586579999999941
 30
0
 11
82.0405299999999897
 21
-95.5543799999999948
 31
0
  0
LINE
  5
240
330
1B
100
AcDbEntity
  8
F.Cu
  6
CONTINUOUS
100
AcDbLine
 10
82.0405299999999897
 20
-95.5543799999999948
 30
0
 11
82.1033230000000032
 21
-95.4456189999999935
 31
0
  0
LINE
  5
241
330
1B
100
AcDbEntity
  8
F.Cu
  6
CONTINUOUS
100
AcDbLine
 10
82.1033230000000032
 20
-95.4456189999999935
 30
0
 11
82.1033379999999937
 21
-95.4456029999999913
 31
0
  0
LINE
  5
242
330
1B
100
AcDbEntity
  8
F.Cu
  6
CONTINUOUS
100
AcDbLine
 10
82.1033379999999937
 20
-95.4456029999999913
 30
0
 11
82.1464469999999949
 21
-95.3964469999999949
 31
0
  0
LINE
  5
243
330
1B
100
AcDbEntity
  8
F.Cu
  6
CONTINUOUS
100
AcDbLine
 10
82.1464469999999949
 20
-95.3964469999999949
 30
0
 11
82.25
 21
-95.2928929999999923
 31
0
  0
LINE
  5
244
330
1B
100
AcDbEntity
  8
F.Cu
  6
CONTINUOUS
100
AcDbLine
 10
82.25
 20
-95.2928929999999923
 30
0
 11
82.25
 21
-95.25
 31
0
  0
LINE
  5
245
330
1B
100
AcDbEntity
  8
F.Cu
  6
CONTINUOUS
100
AcDbLine
 10
82.25
 20
-95.25
 30
0
 11
82.2542770000000019
 21
-95.1847519999999889
 31
0
  0
LINE
  5
246
330
1B
100
AcDbEntity
  8
F.Cu
  6
CONTINUOUS
100
AcDbLine
 10
82.2542770000000019
 20
-95.1847519999999889
 30
0
 11
82.2542770000000019
 21
-95.1847369999999984
 31
0
  0
LINE
  5
247
330
1B
100
AcDbEntity
  8
F.Cu
  6
CONTINUOUS
100
AcDbLine
 10
82.2542770000000019
 20
-95.1847369999999984
 30
0
 11
82.2880600000000015
 21
-95.0586579999999941
 31
0
  0
LINE
  5
248
330
1B
100
AcDbEntity
  8
F.Cu
  6
CONTINUOUS
100
AcDbLine
 10
82.2880600000000015
 20
-95.0586579999999941
 30
0
 11
82.2905299999999897
 21
-95.0543799999999948
 31
0
  0
LINE
  5
249
330
1B
100
AcDbEntity
  8
F.Cu
  6
CONTINUOUS
100
AcDbLine
 10
82.2905299999999897
 20
-95.0543799999999948
 30
0
 11
82.3533230000000032
 21
-94.9456189999999935
 31
0
  0
LINE
  5
24A
330
1B
100
AcDbEntity
  8
F.Cu
  6
CONTINUOUS
100
AcDbLine
 10
82.3533230000000032
 20
-94.9456189999999935
 30
0
 11
82.3533379999999937
 21
-94.9456029999999913
 31
0
  0
LINE
  5
24B
330
1B
100
AcDbEntity
  8
F.Cu
  6
CONTINUOUS
100
AcDbLine
 10
82.3533379999999937
 20
-94.9456029999999913
 30
0
 11
82.3964469999999949
 21
-94.8964469999999949
 31
0
  0
LINE
  5
24C
330
1B
100
AcDbEntity
  8
F.Cu
  6
CONTINUOUS
100
AcDbLine
 10
82.3964469999999949
 20
-94.8964469999999949
 30
0
 11
82.75
 21
-94.5428929999999923
 31
0
  0
LINE
  5
24D
330
1B
100
AcDbEntity
  8
F.Cu
  6
CONTINUOUS
100
AcDbLine
 10
82.75
 20
-94.5428929999999923
 30
0
 11
82.75
 21
-94.5
 31
0
  0
LINE
  5
24E
330
1B
100
AcDbEntity
  8
F.Cu
  6
CONTINUOUS
100
AcDbLine
 10
82.75
 20
-94.5
 30
0
 11
82.7542770000000019
 21
-94.4347519999999889
 31
0
  0
LINE
  5
24F
330
1B
100
AcDbEntity
  8
F.Cu
  6
CONTINUOUS
100
AcDbLine
 10
82.7542770000000019
 20
-94.4347519999999889
 30
0
 11
82.7542770000000019
 21
-94.4347369999999984
 31
0
  0
LINE
  5
250
330
1B
100
AcDbEntity
  8
F.Cu
  6
CONTINUOUS
100
AcDbLine
 10
82.7542770000000019
 20
-94.4347369999999984
 30
0
 11
82.7880600000000015
 21
-94.3086579999999941
 31
0
  0
LINE
  5
251
330
1B
100
AcDbEntity
  8
F.Cu
  6
CONTINUOUS
100
AcDbLine
 10
82.7880600000000015
 20
-94.3086579999999941
 30
0
 11
82.7905299999999897
 21
-94.3043799999999948
 31
0
  0
LINE
  5
252
330
1B
100
AcDbEntity
  8
F.Cu
  6
CONTINUOUS
100
AcDbLine
 10
82.7905299999999897
 20
-94.3043799999999948
 30
0
 11
82.8533230000000032
 21
-94.1956189999999935
 31
0
  0
LINE
  5
253
330
1B
100
AcDbEntity
  8
F.Cu
  6
CONTINUOUS
100
AcDbLine
 10
82.8533230000000032
 20
-94.1956189999999935
 30
0
 11
82.8533379999999937
 21
-94.1956029999999913
 31
0
  0
LINE
  5
254
330
1B
100
AcDbEntity
  8
F.Cu
  6
CONTINUOUS
100
AcDbLine
 10
82.8533379999999937
 20
-94.1956029999999913
 30
0
 11
82.8964469999999949
 21
-94.1464469999999949
 31
0
  0
LINE
  5
255
330
1B
100
AcDbEntity
  8
F.Cu
  6
CONTINUOUS
100
AcDbLine
 10
82.8964469999999949
 20
-94.1464469999999949
 30
0
 11
83.
 21
-94.0428929999999923
 31
0
  0
LINE
  5
256
330
1B
100
AcDbEntity
  8
F.Cu
  6
CONTINUOUS
100
AcDbLine
 10
83.
 20
-94.0428929999999923
 30
0
 11
83.
 21
-94.
 31
0
  0
LINE
  5
257
330
1B
100
AcDbEntity
  8
F.Cu
  6
CONTINUOUS
100
AcDbLine
 10
83.
 20
-94.
 30
0
 11
83.0042770000000019
 21
-93.9347519999999889
 31
0
  0
LINE
  5
258
330
1B
100
AcDbEntity
  8
F.Cu
  6
CONTINUOUS
100
AcDbLine
 10
83.0042770000000019
 20
-93.9347519999999889
 30
0
 11
83.0042770000000019
 21
-93.9347369999999984
 31
0
  0
LINE
  5
259
330
1B
100
AcDbEntity
  8
F.Cu
  6
CONTINUOUS
100
AcDbLine
 10
83.0042770000000019
 20
-93.9347369999999984
 30
0
 11
83.0380600000000015
 21
-93.8086579999999941
 31
0
  0
LINE
  5
25A
330
1B
100
AcDbEntity
  8
F.Cu
  6
CONTINUOUS
100
AcDbLine
 10
83.0380600000000015
 20
-93.8086579999999941
 30
0
 11
83.0405299999999897
 21
-93.8043799999999948
 31
0
  0
LINE
  5
25B
330
1B
100
AcDbEntity
  8
F.Cu
  6
CONTINUOUS
100
AcDbLine
 10
83.0405299999999897
 20
-93.8043799999999948
 30
0
 11
83.1033230000000032
 21
-93.6956189999999935
 31
0
  0
LINE
  5
25C
330
1B
100
AcDbEntity
  8
F.Cu
  6
CONTINUOUS
100
AcDbLine
 10
83.1033230000000032
 20
-93.6956189999999935
 30
0
 11
83.1033379999999937
 21
-93.6956029999999913
 31
0
  0
LINE
  5
25D
330
1B
100
AcDbEntity
  8
F.Cu
  6
CONTINUOUS
100
AcDbLine
 10
83.1033379999999937
 20
-93.6956029999999913
 30
0
 11
83.1464469999999949
 21
-93.6464469999999949
 31
0
  0
LINE
  5
25E
330
1B
100
AcDbEntity
  8
F.Cu
  6
CONTINUOUS
100
AcDbLine
 10
83.1464469999999949
 20
-93.6464469999999949
 30
0
 11
83.25
 21
-93.5428929999999923
 31
0
  0
LINE
  5
25F
330
1B
100
AcDbEntity
  8
F.Cu
  6
CONTINUOUS
100
AcDbLine
 10
83.25
 20
-93.5428929999999923
 30
0
 11
83.25
 21
-93.5
 31
0
  0
LINE
  5
260
330
1B
100
AcDbEntity
  8
F.Cu
  6
CONTINUOUS
100
AcDbLine
 10
83.25
 20
-93.5
 30
0
 11
83.2542770000000019
 21
-93.4347519999999889
 31
0
  0
LINE
  5
261
330
1B
100
AcDbEntity
  8
F.Cu
  6
CONTINUOUS
100
AcDbLine
 10
83.2542770000000019
 20
-93.4347519999999889
 30
0
 11
83.2542770000000019
 21
-93.4347369999999984
 31
0
  0
LINE
  5
262
330
1B
100
AcDbEntity
  8
F.Cu
  6
CONTINUOUS
100
AcDbLine
 10
83.2542770000000019
 20
-93.4347369999999984
 30
0
 11
83.2880600000000015
 21
-93.3086579999999941
 31
0
  0
LINE
  5
263
330
1B
100
AcDbEntity
  8
F.Cu
  6
CONTINUOUS
100
AcDbLine
 10
83.2880600000000015
 20
-93.3086579999999941
 30
0
 11
83.2905299999999897
 21
-93.3043799999999948
 31
0
  0
LINE
  5
264
330
1B
100
AcDbEntity
  8
F.Cu
  6
CONTINUOUS
100
AcDbLine
 10
83.2905299999999897
 20
-93.3043799999999948
 30
0
 11
83.3533230000000032
 21
-93.1956189999999935
 31
0
  0
LINE
  5
265
330
1B
100
AcDbEntity
  8
F.Cu
  6
CONTINUOUS
100
AcDbLine
 10
83.3533230000000032
 20
-93.1956189999999935
 30
0
 11
83.3533379999999937
 21
-93.1956029999999913
 31
0
  0
LINE
  5
266
330
1B
100
AcDbEntity
  8
F.Cu
  6
CONTINUOUS
100
AcDbLine
 10
83.3533379999999937
 20
-93.1956029999999913
 30
0
 11
83.3964469999999949
 21
-93.1464469999999949
 31
0
  0
LINE
  5
267
330
1B
100
AcDbEntity
  8
F.Cu
  6
CONTINUOUS
100
AcDbLine
 10
83.3964469999999949
 20
-93.1464469999999949
 30
0
 11
83.75
 21
-92.7928929999999923
 31
0
  0
LINE
  5
268
330
1B
100
AcDbEntity
  8
F.Cu
  6
CONTINUOUS
100
AcDbLine
 10
83.75
 20
-92.7928929999999923
 30
0
 11
83.75
 21
-92.75
 31
0
  0
LINE
  5
269
330
1B
100
AcDbEntity
  8
F.Cu
  6
CONTINUOUS
100
AcDbLine
 10
83.75
 20
-92.75
 30
0
 11
83.7542770000000019
 21
-92.6847519999999889
 31
0
  0
LINE
  5
26A
330
1B
100
AcDbEntity
  8
F.Cu
  6
CONTINUOUS
100
AcDbLine
 10
83.7542770000000019
 20
-92.6847519999999889
 30
0
 11
83.7542770000000019
 21
-92.6847369999999984
 31
0
  0
LINE
  5
26B
330
1B
100
AcDbEntity
  8
F.Cu
  6
CONTINUOUS
100
AcDbLine
 10
83.7542770000000019
 20
-92.6847369999999984
 30
0
 11
83.7880600000000015
 21
-92.5586579999999941
 31
0
  0
LINE
  5
26C
330
1B
100
AcDbEntity
  8
F.Cu
  6
CONTINUOUS
100
AcDbLine
 10
83.7880600000000015
 20
-92.5586579999999941
 30
0
 11
83.7905299999999897
 21
-92.5543799999999948
 31
0
  0
LINE
  5
26D
330
1B
100
AcDbEntity
  8
F.Cu
  6
CONTINUOUS
100
AcDbLine
 10
83.7905299999999897
 20
-92.5543799999999948
 30
0
 11
83.8533230000000032
 21
-92.4456189999999935
 31
0
  0
LINE
  5
26E
330
1B
100
AcDbEntity
  8
F.Cu
  6
CONTINUOUS
100
AcDbLine
 10
83.8533230000000032
 20
-92.4456189999999935
 30
0
 11
83.8533379999999937
 21
-92.4456029999999913
 31
0
  0
LINE
  5
26F
330
1B
100
AcDbEntity
  8
F.Cu
  6
CONTINUOUS
100
AcDbLine
 10
83.8533379999999937
 20
-92.4456029999999913
 30
0
 11
83.8964469999999949
 21
-92.3964469999999949
 31
0
  0
LINE
  5
270
330
1B
100
AcDbEntity
  8
F.Cu
  6
CONTINUOUS
100
AcDbLine
 10
83.8964469999999949
 20
-92.3964469999999949
 30
0
 11
84.
 21
-92.2928929999999923
 31
0
  0
LINE
  5
271
330
1B
100
AcDbEntity
  8
F.Cu
  6
CONTINUOUS
100
AcDbLine
 10
84.
 20
-92.2928929999999923
 30
0
 11
84.
 21
-92.25
 31
0
  0
LINE
  5
272
330
1B
100
AcDbEntity
  8
F.Cu
  6
CONTINUOUS
100
AcDbLine
 10
84.
 20
-92.25
 30
0
 11
84.0042770000000019
 21
-92.1847519999999889
 31
0
  0
LINE
  5
273
330
1B
100
AcDbEntity
  8
F.Cu
  6
CONTINUOUS
100
AcDbLine
 10
84.0042770000000019
 20
-92.1847519999999889
 30
0
 11
84.0042770000000019
 21
-92.1847369999999984
 31
0
  0
LINE
  5
274
330
1B
100
AcDbEntity
  8
F.Cu
  6
CONTINUOUS
100
AcDbLine
 10
84.0042770000000019
 20
-92.1847369999999984
 30
0
 11
84.0380600000000015
 21
-92.0586579999999941
 31
0
  0
LINE
  5
275
330
1B
100
AcDbEntity
  8
F.Cu
  6
CONTINUOUS
100
AcDbLine
 10
84.0380600000000015
 20
-92.0586579999999941
 30
0
 11
84.1033230000000032
 21
-91.9456189999999935
 31
0
  0
LINE
  5
276
330
1B
100
AcDbEntity
  8
F.Cu
  6
CONTINUOUS
100
AcDbLine
 10
84.1033230000000032
 20
-91.9456189999999935
 30
0
 11
84.1033379999999937
 21
-91.9456029999999913
 31
0
  0
LINE
  5
277
330
1B
100
AcDbEntity
  8
F.Cu
  6
CONTINUOUS
100
AcDbLine
 10
84.1033379999999937
 20
-91.9456029999999913
 30
0
 11
84.1464469999999949
 21
-91.8964469999999949
 31
0
  0
LINE
  5
278
330
1B
100
AcDbEntity
  8
F.Cu
  6
CONTINUOUS
100
AcDbLine
 10
84.1464469999999949
 20
-91.8964469999999949
 30
0
 11
84.25
 21
-91.7928929999999923
 31
0
  0
LINE
  5
279
330
1B
100
AcDbEntity
  8
F.Cu
  6
CONTINUOUS
100
AcDbLine
 10
84.25
 20
-91.7928929999999923
 30
0
 11
84.25
 21
-89.457105999999996
 31
0
  0
LINE
  5
27A
330
1B
100
AcDbEntity
  8
F.Cu
  6
CONTINUOUS
100
AcDbLine
 10
84.25
 20
-89.457105999999996
 30
0
 11
83.8964469999999949
 21
-89.1035529999999909
 31
0
  0
LINE
  5
27B
330
1B
100
AcDbEntity
  8
F.Cu
  6
CONTINUOUS
100
AcDbLine
 10
83.8964469999999949
 20
-89.1035529999999909
 30
0
 11
83.8533379999999937
 21
-89.054395999999997
 31
0
  0
LINE
  5
27C
330
1B
100
AcDbEntity
  8
F.Cu
  6
CONTINUOUS
100
AcDbLine
 10
83.8533379999999937
 20
-89.054395999999997
 30
0
 11
83.8533230000000032
 21
-89.0543809999999922
 31
0
  0
LINE
  5
27D
330
1B
100
AcDbEntity
  8
F.Cu
  6
CONTINUOUS
100
AcDbLine
 10
83.8533230000000032
 20
-89.0543809999999922
 30
0
 11
83.7880600000000015
 21
-88.9413419999999917
 31
0
  0
LINE
  5
27E
330
1B
100
AcDbEntity
  8
F.Cu
  6
CONTINUOUS
100
AcDbLine
 10
83.7880600000000015
 20
-88.9413419999999917
 30
0
 11
83.7542770000000019
 21
-88.8152630000000016
 31
0
  0
LINE
  5
27F
330
1B
100
AcDbEntity
  8
F.Cu
  6
CONTINUOUS
100
AcDbLine
 10
83.7542770000000019
 20
-88.8152630000000016
 30
0
 11
83.7542770000000019
 21
-88.8152469999999994
 31
0
  0
LINE
  5
280
330
1B
100
AcDbEntity
  8
F.Cu
  6
CONTINUOUS
100
AcDbLine
 10
83.7542770000000019
 20
-88.8152469999999994
 30
0
 11
83.75
 21
-88.75
 31
0
  0
LINE
  5
281
330
1B
100
AcDbEntity
  8
F.Cu
  6
CONTINUOUS
100
AcDbLine
 10
83.75
 20
-88.75
 30
0
 11
83.75
 21
-70.207105999999996
 31
0
  0
LINE
  5
282
330
1B
100
AcDbEntity
  8
F.Cu
  6
CONTINUOUS
100
AcDbLine
 10
83.75
 20
-70.207105999999996
 30
0
 11
82.8964469999999949
 21
-69.3535529999999909
 31
0
  0
LINE
  5
283
330
1B
100
AcDbEntity
  8
F.Cu
  6
CONTINUOUS
100
AcDbLine
 10
82.8964469999999949
 20
-69.3535529999999909
 30
0
 11
82.8533379999999937
 21
-69.304395999999997
 31
0
  0
LINE
  5
284
330
1B
100
AcDbEntity
  8
F.Cu
  6
CONTINUOUS
100
AcDbLine
 10
82.8533379999999937
 20
-69.304395999999997
 30
0
 11
82.8533230000000032
 21
-69.3043809999999922
 31
0
  0
LINE
  5
285
330
1B
100
AcDbEntity
  8
F.Cu
  6
CONTINUOUS
100
AcDbLine
 10
82.8533230000000032
 20
-69.3043809999999922
 30
0
 11
82.7880600000000015
 21
-69.1913419999999917
 31
0
  0
LINE
  5
286
330
1B
100
AcDbEntity
  8
F.Cu
  6
CONTINUOUS
100
AcDbLine
 10
82.7880600000000015
 20
-69.1913419999999917
 30
0
 11
82.7654189999999943
 21
-69.1068439999999953
 31
0
  0
LINE
  5
287
330
1B
100
AcDbEntity
  8
F.Cu
  6
CONTINUOUS
100
AcDbLine
 10
82.7654189999999943
 20
-69.1068439999999953
 30
0
 11
82.7542770000000019
 21
-69.0652630000000016
 31
0
  0
LINE
  5
288
330
1B
100
AcDbEntity
  8
F.Cu
  6
CONTINUOUS
100
AcDbLine
 10
82.7542770000000019
 20
-69.0652630000000016
 30
0
 11
82.7542770000000019
 21
-69.0652469999999994
 31
0
  0
LINE
  5
289
330
1B
100
AcDbEntity
  8
F.Cu
  6
CONTINUOUS
100
AcDbLine
 10
82.7542770000000019
 20
-69.0652469999999994
 30
0
 11
82.75
 21
-69.
 31
0
  0
LINE
  5
28A
330
1B
100
AcDbEntity
  8
F.Cu
  6
CONTINUOUS
100
AcDbLine
 10
82.75
 20
-69.
 30
0
 11
82.75
 21
-67.5
 31
0
  0
LINE
  5
28B
330
1B
100
AcDbEntity
  8
F.Cu
  6
CONTINUOUS
100
AcDbLine
 10
82.75
 20
-67.5
 30
0
 11
82.7542770000000019
 21
-67.4347520000000031
 31
0
  0
LINE
  5
28C
330
1B
100
AcDbEntity
  8
F.Cu
  6
CONTINUOUS
100
AcDbLine
 10
82.7542770000000019
 20
-67.4347520000000031
 30
0
 11
82.7542770000000019
 21
-67.4347369999999984
 31
0
  0
LINE
  5
28D
330
1B
100
AcDbEntity
  8
F.Cu
  6
CONTINUOUS
100
AcDbLine
 10
82.7542770000000019
 20
-67.4347369999999984
 30
0
 11
82.7880600000000015
 21
-67.3086579999999941
 31
0
  0
LINE
  5
28E
330
1B
100
AcDbEntity
  8
F.Cu
  6
CONTINUOUS
100
AcDbLine
 10
82.7880600000000015
 20
-67.3086579999999941
 30
0
 11
82.8533230000000032
 21
-67.1956189999999935
 31
0
  0
LINE
  5
28F
330
1B
100
AcDbEntity
  8
F.Cu
  6
CONTINUOUS
100
AcDbLine
 10
82.8533230000000032
 20
-67.1956189999999935
 30
0
 11
82.8533379999999937
 21
-67.1956029999999913
 31
0
  0
LINE
  5
290
330
1B
100
AcDbEntity
  8
F.Cu
  6
CONTINUOUS
100
AcDbLine
 10
82.8533379999999937
 20
-67.1956029999999913
 30
0
 11
82.8964469999999949
 21
-67.1464469999999949
 31
0
  0
LINE
  5
291
330
1B
100
AcDbEntity
  8
F.Cu
  6
CONTINUOUS
100
AcDbLine
 10
82.8964469999999949
 20
-67.1464469999999949
 30
0
 11
83.
 21
-67.0428929999999923
 31
0
  0
LINE
  5
292
330
1B
100
AcDbEntity
  8
F.Cu
  6
CONTINUOUS
100
AcDbLine
 10
83.
 20
-67.0428929999999923
 30
0
 11
83.
 21
-66.75
 31
0
  0
LINE
  5
293
330
1B
100
AcDbEntity
  8
F.Cu
  6
CONTINUOUS
100
AcDbLine
 10
83.
 20
-66.75
 30
0
 11
83.0042770000000019
 21
-66.6847520000000031
 31
0
  0
LINE
  5
294
330
1B
100
AcDbEntity
  8
F.Cu
  6
CONTINUOUS
100
AcDbLine
 10
83.0042770000000019
 20
-66.6847520000000031
 30
0
 11
83.0042770000000019
 21
-66.6847369999999984
 31
0
  0
LINE
  5
295
330
1B
100
AcDbEntity
  8
F.Cu
  6
CONTINUOUS
100
AcDbLine
 10
83.0042770000000019
 20
-66.6847369999999984
 30
0
 11
83.0380600000000015
 21
-66.5586579999999941
 31
0
  0
LINE
  5
296
330
1B
100
AcDbEntity
  8
F.Cu
  6
CONTINUOUS
100
AcDbLine
 10
83.0380600000000015
 20
-66.5586579999999941
 30
0
 11
83.1033230000000032
 21
-66.4456189999999935
 31
0
  0
LINE
  5
297
330
1B
100
AcDbEntity
  8
F.Cu
  6
CONTINUOUS
100
AcDbLine
 10
83.1033230000000032
 20
-66.4456189999999935
 30
0
 11
83.1033379999999937
 21
-66.4456029999999913
 31
0
  0
LINE
  5
298
330
1B
100
AcDbEntity
  8
F.Cu
  6
CONTINUOUS
100
AcDbLine
 10
83.1033379999999937
 20
-66.4456029999999913
 30
0
 11
83.1464469999999949
 21
-66.3964469999999949
 31
0
  0
LINE
  5
299
330
1B
100
AcDbEntity
  8
F.Cu
  6
CONTINUOUS
100
AcDbLine
 10
83.1464469999999949
 20
-66.3964469999999949
 30
0
 11
85.5
 21
-64.042894000000004
 31
0
  0
LINE
  5
29A
330
1B
100
AcDbEntity
  8
F.Cu
  6
CONTINUOUS
100
AcDbLine
 10
85.5
 20
-64.042894000000004
 30
0
 11
85.5
 21
-41.0878760000000014
 31
0
  0
LINE
  5
29B
330
1B
100
AcDbEntity
  8
F.Cu
  6
CONTINUOUS
100
AcDbLine
 10
85.5
 20
-41.0878760000000014
 30
0
 11
85.3730019999999996
 21
-41.0231679999999983
 31
0
  0
LINE
  5
29C
330
1B
100
AcDbEntity
  8
F.Cu
  6
CONTINUOUS
100
AcDbLine
 10
85.3730019999999996
 20
-41.0231679999999983
 30
0
 11
85.2206619999999901
 21
-40.9124869999999987
 31
0
  0
LINE
  5
29D
330
1B
100
AcDbEntity
  8
F.Cu
  6
CONTINUOUS
100
AcDbLine
 10
85.2206619999999901
 20
-40.9124869999999987
 30
0
 11
85.0875130000000013
 21
-40.7793379999999956
 31
0
  0
LINE
  5
29E
330
1B
100
AcDbEntity
  8
F.Cu
  6
CONTINUOUS
100
AcDbLine
 10
85.0875130000000013
 20
-40.7793379999999956
 30
0
 11
84.9768320000000017
 21
-40.6269980000000004
 31
0
  0
LINE
  5
29F
330
1B
100
AcDbEntity
  8
F.Cu
  6
CONTINUOUS
100
AcDbLine
 10
84.9768320000000017
 20
-40.6269980000000004
 30
0
 11
84.8913450000000012
 21
-40.4592199999999949
 31
0
  0
LINE
  5
2A0
330
1B
100
AcDbEntity
  8
F.Cu
  6
CONTINUOUS
100
AcDbLine
 10
84.8913450000000012
 20
-40.4592199999999949
 30
0
 11
84.8331560000000025
 21
-40.2801339999999968
 31
0
  0
LINE
  5
2A1
330
1B
100
AcDbEntity
  8
F.Cu
  6
CONTINUOUS
100
AcDbLine
 10
84.8331560000000025
 20
-40.2801339999999968
 30
0
 11
84.8036989999999946
 21
-40.0941509999999965
 31
0
  0
LINE
  5
2A2
330
1B
100
AcDbEntity
  8
F.Cu
  6
CONTINUOUS
100
AcDbLine
 10
84.8036989999999946
 20
-40.0941509999999965
 30
0
 11
84.8036989999999946
 21
-39.9058489999999964
 31
0
  0
LINE
  5
2A3
330
1B
100
AcDbEntity
  8
F.Cu
  6
CONTINUOUS
100
AcDbLine
 10
84.8036989999999946
 20
-39.9058489999999964
 30
0
 11
84.8331560000000025
 21
-39.7198659999999961
 31
0
  0
LINE
  5
2A4
330
1B
100
AcDbEntity
  8
F.Cu
  6
CONTINUOUS
100
AcDbLine
 10
84.8331560000000025
 20
-39.7198659999999961
 30
0
 11
84.8913450000000012
 21
-39.540779999999998
 31
0
  0
LINE
  5
2A5
330
1B
100
AcDbEntity
  8
F.Cu
  6
CONTINUOUS
100
AcDbLine
 10
84.8913450000000012
 20
-39.540779999999998
 30
0
 11
84.9768320000000017
 21
-39.3730019999999996
 31
0
  0
LINE
  5
2A6
330
1B
100
AcDbEntity
  8
F.Cu
  6
CONTINUOUS
100
AcDbLine
 10
84.9768320000000017
 20
-39.3730019999999996
 30
0
 11
85.0875130000000013
 21
-39.2206619999999972
 31
0
  0
LINE
  5
2A7
330
1B
100
AcDbEntity
  8
F.Cu
  6
CONTINUOUS
100
AcDbLine
 10
85.0875130000000013
 20
-39.2206619999999972
 30
0
 11
85.2206619999999901
 21
-39.0875130000000013
 31
0
  0
LINE
  5
2A8
330
1B
100
AcDbEntity
  8
F.Cu
  6
CONTINUOUS
100
AcDbLine
 10
85.2206619999999901
 20
-39.0875130000000013
 30
0
 11
85.3730019999999996
 21
-38.9768320000000017
 31
0
  0
LINE
  5
2A9
330
1B
100
AcDbEntity
  8
F.Cu
  6
CONTINUOUS
100
AcDbLine
 10
85.3730019999999996
 20
-38.9768320000000017
 30
0
 11
85.540779999999998
 21
-38.8913450000000012
 31
0
  0
LINE
  5
2AA
330
1B
100
AcDbEntity
  8
F.Cu
  6
CONTINUOUS
100
AcDbLine
 10
85.540779999999998
 20
-38.8913450000000012
 30
0
 11
85.7198659999999961
 21
-38.8331559999999953
 31
0
  0
LINE
  5
2AB
330
1B
100
AcDbEntity
  8
F.Cu
  6
CONTINUOUS
100
AcDbLine
 10
85.7198659999999961
 20
-38.8331559999999953
 30
0
 11
85.9058489999999892
 21
-38.8036990000000017
 31
0
  0
LINE
  5
2AC
330
1B
100
AcDbEntity
  8
F.Cu
  6
CONTINUOUS
100
AcDbLine
 10
85.9058489999999892
 20
-38.8036990000000017
 30
0
 11
86.0941509999999965
 21
-38.8036990000000017
 31
0
  0
LINE
  5
2AD
330
1B
100
AcDbEntity
  8
F.Cu
  6
CONTINUOUS
100
AcDbLine
 10
86.0941509999999965
 20
-38.8036990000000017
 30
0
 11
86.2801339999999897
 21
-38.8331559999999953
 31
0
  0
LINE
  5
2AE
330
1B
100
AcDbEntity
  8
F.Cu
  6
CONTINUOUS
100
AcDbLine
 10
41.0722279999999955
 20
-126.3144479999999987
 30
0
 11
41.2171169999999947
 21
-126.3744629999999916
 31
0
  0
LINE
  5
2AF
330
1B
100
AcDbEntity
  8
F.Cu
  6
CONTINUOUS
100
AcDbLine
 10
41.2171169999999947
 20
-126.3744629999999916
 30
0
 11
41.3475150000000014
 21
-126.461591999999996
 31
0
  0
LINE
  5
2B0
330
1B
100
AcDbEntity
  8
F.Cu
  6
CONTINUOUS
100
AcDbLine
 10
41.3475150000000014
 20
-126.461591999999996
 30
0
 11
41.4584079999999986
 21
-126.5724850000000004
 31
0
  0
LINE
  5
2B1
330
1B
100
AcDbEntity
  8
F.Cu
  6
CONTINUOUS
100
AcDbLine
 10
41.4584079999999986
 20
-126.5724850000000004
 30
0
 11
41.5455369999999959
 21
-126.7028829999999999
 31
0
  0
LINE
  5
2B2
330
1B
100
AcDbEntity
  8
F.Cu
  6
CONTINUOUS
100
AcDbLine
 10
41.5455369999999959
 20
-126.7028829999999999
 30
0
 11
41.6055519999999959
 21
-126.847771999999992
 31
0
  0
LINE
  5
2B3
330
1B
100
AcDbEntity
  8
F.Cu
  6
CONTINUOUS
100
AcDbLine
 10
41.6055519999999959
 20
-126.847771999999992
 30
0
 11
41.6361479999999986
 21
-127.001585999999989
 31
0
  0
LINE
  5
2B4
330
1B
100
AcDbEntity
  8
F.Cu
  6
CONTINUOUS
100
AcDbLine
 10
41.6361479999999986
 20
-127.001585999999989
 30
0
 11
41.6361479999999986
 21
-127.1584139999999934
 31
0
  0
LINE
  5
2B5
330
1B
100
AcDbEntity
  8
F.Cu
  6
CONTINUOUS
100
AcDbLine
 10
41.6361479999999986
 20
-127.1584139999999934
 30
0
 11
41.6055519999999959
 21
-127.3122279999999904
 31
0
  0
LINE
  5
2B6
330
1B
100
AcDbEntity
  8
F.Cu
  6
CONTINUOUS
100
AcDbLine
 10
41.6055519999999959
 20
-127.3122279999999904
 30
0
 11
41.5455369999999959
 21
-127.4571169999999967
 31
0
  0
LINE
  5
2B7
330
1B
100
AcDbEntity
  8
F.Cu
  6
CONTINUOUS
100
AcDbLine
 10
41.5455369999999959
 20
-127.4571169999999967
 30
0
 11
41.4584079999999986
 21
-127.5875149999999962
 31
0
  0
LINE
  5
2B8
330
1B
100
AcDbEntity
  8
F.Cu
  6
CONTINUOUS
100
AcDbLine
 10
41.4584079999999986
 20
-127.5875149999999962
 30
0
 11
41.3475150000000014
 21
-127.6984080000000006
 31
0
  0
LINE
  5
2B9
330
1B
100
AcDbEntity
  8
F.Cu
  6
CONTINUOUS
100
AcDbLine
 10
41.3475150000000014
 20
-127.6984080000000006
 30
0
 11
41.2171169999999947
 21
-127.7855369999999908
 31
0
  0
LINE
  5
2BA
330
1B
100
AcDbEntity
  8
F.Cu
  6
CONTINUOUS
100
AcDbLine
 10
41.2171169999999947
 20
-127.7855369999999908
 30
0
 11
41.0722279999999955
 21
-127.8455519999999979
 31
0
  0
LINE
  5
2BB
330
1B
100
AcDbEntity
  8
F.Cu
  6
CONTINUOUS
100
AcDbLine
 10
41.0722279999999955
 20
-127.8455519999999979
 30
0
 11
40.9184139999999985
 21
-127.8761480000000006
 31
0
  0
LINE
  5
2BC
330
1B
100
AcDbEntity
  8
F.Cu
  6
CONTINUOUS
100
AcDbLine
 10
40.9184139999999985
 20
-127.8761480000000006
 30
0
 11
40.7615860000000012
 21
-127.8761480000000006
 31
0
  0
LINE
  5
2BD
330
1B
100
AcDbEntity
  8
F.Cu
  6
CONTINUOUS
100
AcDbLine
 10
40.7615860000000012
 20
-127.8761480000000006
 30
0
 11
40.6077719999999971
 21
-127.8455519999999979
 31
0
  0
LINE
  5
2BE
330
1B
100
AcDbEntity
  8
F.Cu
  6
CONTINUOUS
100
AcDbLine
 10
40.6077719999999971
 20
-127.8455519999999979
 30
0
 11
40.4628829999999979
 21
-127.7855369999999908
 31
0
  0
LINE
  5
2BF
330
1B
100
AcDbEntity
  8
F.Cu
  6
CONTINUOUS
100
AcDbLine
 10
40.4628829999999979
 20
-127.7855369999999908
 30
0
 11
40.3324849999999984
 21
-127.6984080000000006
 31
0
  0
LINE
  5
2C0
330
1B
100
AcDbEntity
  8
F.Cu
  6
CONTINUOUS
100
AcDbLine
 10
40.3324849999999984
 20
-127.6984080000000006
 30
0
 11
40.2215920000000011
 21
-127.5875149999999962
 31
0
  0
LINE
  5
2C1
330
1B
100
AcDbEntity
  8
F.Cu
  6
CONTINUOUS
100
AcDbLine
 10
40.2215920000000011
 20
-127.5875149999999962
 30
0
 11
40.1344629999999967
 21
-127.4571169999999967
 31
0
  0
LINE
  5
2C2
330
1B
100
AcDbEntity
  8
F.Cu
  6
CONTINUOUS
100
AcDbLine
 10
40.1344629999999967
 20
-127.4571169999999967
 30
0
 11
40.0744479999999967
 21
-127.3122279999999904
 31
0
  0
LINE
  5
2C3
330
1B
100
AcDbEntity
  8
F.Cu
  6
CONTINUOUS
100
AcDbLine
 10
40.0744479999999967
 20
-127.3122279999999904
 30
0
 11
40.0438520000000011
 21
-127.1584139999999934
 31
0
  0
LINE
  5
2C4
330
1B
100
AcDbEntity
  8
F.Cu
  6
CONTINUOUS
100
AcDbLine
 10
40.0438520000000011
 20
-127.1584139999999934
 30
0
 11
40.0438520000000011
 21
-127.001585999999989
 31
0
  0
LINE
  5
2C5
330
1B
100
AcDbEntity
  8
F.Cu
  6
CONTINUOUS
100
AcDbLine
 10
40.0438520000000011
 20
-127.001585999999989
 30
0
 11
40.0744479999999967
 21
-126.847771999999992
 31
0
  0
LINE
  5
2C6
330
1B
100
AcDbEntity
  8
F.Cu
  6
CONTINUOUS
100
AcDbLine
 10
40.0744479999999967
 20
-126.847771999999992
 30
0
 11
40.1344629999999967
 21
-126.7028829999999999
 31
0
  0
LINE
  5
2C7
330
1B
100
AcDbEntity
  8
F.Cu
  6
CONTINUOUS
100
AcDbLine
 10
40.1344629999999967
 20
-126.7028829999999999
 30
0
 11
40.2215920000000011
 21
-126.5724850000000004
 31
0
  0
LINE
  5
2C8
330
1B
100
AcDbEntity
  8
F.Cu
  6
CONTINUOUS
100
AcDbLine
 10
40.2215920000000011
 20
-126.5724850000000004
 30
0
 11
40.3324849999999984
 21
-126.461591999999996
 31
0
  0
LINE
  5
2C9
330
1B
100
AcDbEntity
  8
F.Cu
  6
CONTINUOUS
100
AcDbLine
 10
40.3324849999999984
 20
-126.461591999999996
 30
0
 11
40.4628829999999979
 21
-126.3744629999999916
 31
0
  0
LINE
  5
2CA
330
1B
100
AcDbEntity
  8
F.Cu
  6
CONTINUOUS
100
AcDbLine
 10
40.4628829999999979
 20
-126.3744629999999916
 30
0
 11
40.6077719999999971
 21
-126.3144479999999987
 31
0
  0
LINE
  5
2CB
330
1B
100
AcDbEntity
  8
F.Cu
  6
CONTINUOUS
100
AcDbLine
 10
40.6077719999999971
 20
-126.3144479999999987
 30
0
 11
40.7615860000000012
 21
-126.283851999999996
 31
0
  0
LINE
  5
2CC
330
1B
100
AcDbEntity
  8
F.Cu
  6
CONTINUOUS
100
AcDbLine
 10
40.7615860000000012
 20
-126.283851999999996
 30
0
 11
40.9184139999999985
 21
-126.283851999999996
 31
0
  0
LINE
  5
2CD
330
1B
100
AcDbEntity
  8
F.Cu
  6
CONTINUOUS
100
AcDbLine
 10
40.9184139999999985
 20
-126.283851999999996
 30
0
 11
41.0722279999999955
 21
-126.3144479999999987
 31
0
  0
LINE
  5
2CE
330
1B
100
AcDbEntity
  8
F.Cu
  6
CONTINUOUS
100
AcDbLine
 10
51.2322279999999992
 20
-126.3144479999999987
 30
0
 11
51.3771169999999984
 21
-126.3744629999999916
 31
0
  0
LINE
  5
2CF
330
1B
100
AcDbEntity
  8
F.Cu
  6
CONTINUOUS
100
AcDbLine
 10
51.3771169999999984
 20
-126.3744629999999916
 30
0
 11
51.5075149999999979
 21
-126.461591999999996
 31
0
  0
LINE
  5
2D0
330
1B
100
AcDbEntity
  8
F.Cu
  6
CONTINUOUS
100
AcDbLine
 10
51.5075149999999979
 20
-126.461591999999996
 30
0
 11
51.6184079999999952
 21
-126.5724850000000004
 31
0
  0
LINE
  5
2D1
330
1B
100
AcDbEntity
  8
F.Cu
  6
CONTINUOUS
100
AcDbLine
 10
51.6184079999999952
 20
-126.5724850000000004
 30
0
 11
51.7055369999999996
 21
-126.7028829999999999
 31
0
  0
LINE
  5
2D2
330
1B
100
AcDbEntity
  8
F.Cu
  6
CONTINUOUS
100
AcDbLine
 10
51.7055369999999996
 20
-126.7028829999999999
 30
0
 11
51.7655519999999996
 21
-126.847771999999992
 31
0
  0
LINE
  5
2D3
330
1B
100
AcDbEntity
  8
F.Cu
  6
CONTINUOUS
100
AcDbLine
 10
51.7655519999999996
 20
-126.847771999999992
 30
0
 11
51.7961479999999952
 21
-127.001585999999989
 31
0
  0
LINE
  5
2D4
330
1B
100
AcDbEntity
  8
F.Cu
  6
CONTINUOUS
100
AcDbLine
 10
51.7961479999999952
 20
-127.001585999999989
 30
0
 11
51.7961479999999952
 21
-127.1584139999999934
 31
0
  0
LINE
  5
2D5
330
1B
100
AcDbEntity
  8
F.Cu
  6
CONTINUOUS
100
AcDbLine
 10
51.7961479999999952
 20
-127.1584139999999934
 30
0
 11
51.7655519999999996
 21
-127.3122279999999904
 31
0
  0
LINE
  5
2D6
330
1B
100
AcDbEntity
  8
F.Cu
  6
CONTINUOUS
100
AcDbLine
 10
51.7655519999999996
 20
-127.3122279999999904
 30
0
 11
51.7055369999999996
 21
-127.4571169999999967
 31
0
  0
LINE
  5
2D7
330
1B
100
AcDbEntity
  8
F.Cu
  6
CONTINUOUS
100
AcDbLine
 10
51.7055369999999996
 20
-127.4571169999999967
 30
0
 11
51.6184079999999952
 21
-127.5875149999999962
 31
0
  0
LINE
  5
2D8
330
1B
100
AcDbEntity
  8
F.Cu
  6
CONTINUOUS
100
AcDbLine
 10
51.6184079999999952
 20
-127.5875149999999962
 30
0
 11
51.5075149999999979
 21
-127.6984080000000006
 31
0
  0
LINE
  5
2D9
330
1B
100
AcDbEntity
  8
F.Cu
  6
CONTINUOUS
100
AcDbLine
 10
51.5075149999999979
 20
-127.6984080000000006
 30
0
 11
51.3771169999999984
 21
-127.7855369999999908
 31
0
  0
LINE
  5
2DA
330
1B
100
AcDbEntity
  8
F.Cu
  6
CONTINUOUS
100
AcDbLine
 10
51.3771169999999984
 20
-127.7855369999999908
 30
0
 11
51.2322279999999992
 21
-127.8455519999999979
 31
0
  0
LINE
  5
2DB
330
1B
100
AcDbEntity
  8
F.Cu
  6
CONTINUOUS
100
AcDbLine
 10
51.2322279999999992
 20
-127.8455519999999979
 30
0
 11
51.0784139999999951
 21
-127.8761480000000006
 31
0
  0
LINE
  5
2DC
330
1B
100
AcDbEntity
  8
F.Cu
  6
CONTINUOUS
100
AcDbLine
 10
51.0784139999999951
 20
-127.8761480000000006
 30
0
 11
50.9215859999999978
 21
-127.8761480000000006
 31
0
  0
LINE
  5
2DD
330
1B
100
AcDbEntity
  8
F.Cu
  6
CONTINUOUS
100
AcDbLine
 10
50.9215859999999978
 20
-127.8761480000000006
 30
0
 11
50.7677720000000008
 21
-127.8455519999999979
 31
0
  0
LINE
  5
2DE
330
1B
100
AcDbEntity
  8
F.Cu
  6
CONTINUOUS
100
AcDbLine
 10
50.7677720000000008
 20
-127.8455519999999979
 30
0
 11
50.6228829999999945
 21
-127.7855369999999908
 31
0
  0
LINE
  5
2DF
330
1B
100
AcDbEntity
  8
F.Cu
  6
CONTINUOUS
100
AcDbLine
 10
50.6228829999999945
 20
-127.7855369999999908
 30
0
 11
50.492484999999995
 21
-127.6984080000000006
 31
0
  0
LINE
  5
2E0
330
1B
100
AcDbEntity
  8
F.Cu
  6
CONTINUOUS
100
AcDbLine
 10
50.492484999999995
 20
-127.6984080000000006
 30
0
 11
50.3815919999999977
 21
-127.5875149999999962
 31
0
  0
LINE
  5
2E1
330
1B
100
AcDbEntity
  8
F.Cu
  6
CONTINUOUS
100
AcDbLine
 10
50.3815919999999977
 20
-127.5875149999999962
 30
0
 11
50.2944630000000004
 21
-127.4571169999999967
 31
0
  0
LINE
  5
2E2
330
1B
100
AcDbEntity
  8
F.Cu
  6
CONTINUOUS
100
AcDbLine
 10
50.2944630000000004
 20
-127.4571169999999967
 30
0
 11
50.2344480000000004
 21
-127.3122279999999904
 31
0
  0
LINE
  5
2E3
330
1B
100
AcDbEntity
  8
F.Cu
  6
CONTINUOUS
100
AcDbLine
 10
50.2344480000000004
 20
-127.3122279999999904
 30
0
 11
50.2038519999999977
 21
-127.1584139999999934
 31
0
  0
LINE
  5
2E4
330
1B
100
AcDbEntity
  8
F.Cu
  6
CONTINUOUS
100
AcDbLine
 10
50.2038519999999977
 20
-127.1584139999999934
 30
0
 11
50.2038519999999977
 21
-127.001585999999989
 31
0
  0
LINE
  5
2E5
330
1B
100
AcDbEntity
  8
F.Cu
  6
CONTINUOUS
100
AcDbLine
 10
50.2038519999999977
 20
-127.001585999999989
 30
0
 11
50.2344480000000004
 21
-126.847771999999992
 31
0
  0
LINE
  5
2E6
330
1B
100
AcDbEntity
  8
F.Cu
  6
CONTINUOUS
100
AcDbLine
 10
50.2344480000000004
 20
-126.847771999999992
 30
0
 11
50.2944630000000004
 21
-126.7028829999999999
 31
0
  0
LINE
  5
2E7
330
1B
100
AcDbEntity
  8
F.Cu
  6
CONTINUOUS
100
AcDbLine
 10
50.2944630000000004
 20
-126.7028829999999999
 30
0
 11
50.3815919999999977
 21
-126.5724850000000004
 31
0
  0
LINE
  5
2E8
330
1B
100
AcDbEntity
  8
F.Cu
  6
CONTINUOUS
100
AcDbLine
 10
50.3815919999999977
 20
-126.5724850000000004
 30
0
 11
50.492484999999995
 21
-126.461591999999996
 31
0
  0
LINE
  5
2E9
330
1B
100
AcDbEntity
  8
F.Cu
  6
CONTINUOUS
100
AcDbLine
 10
50.492484999999995
 20
-126.461591999999996
 30
0
 11
50.6228829999999945
 21
-126.3744629999999916
 31
0
  0
LINE
  5
2EA
330
1B
100
AcDbEntity
  8
F.Cu
  6
CONTINUOUS
100
AcDbLine
 10
50.6228829999999945
 20
-126.3744629999999916
 30
0
 11
50.7677720000000008
 21
-126.3144479999999987
 31
0
  0
LINE
  5
2EB
330
1B
100
AcDbEntity
  8
F.Cu
  6
CONTINUOUS
100
AcDbLine
 10
50.7677720000000008
 20
-126.3144479999999987
 30
0
 11
50.9215859999999978
 21
-126.283851999999996
 31
0
  0
LINE
  5
2EC
330
1B
100
AcDbEntity
  8
F.Cu
  6
CONTINUOUS
100
AcDbLine
 10
50.9215859999999978
 20
-126.283851999999996
 30
0
 11
51.0784139999999951
 21
-126.283851999999996
 31
0
  0
LINE
  5
2ED
330
1B
100
AcDbEntity
  8
F.Cu
  6
CONTINUOUS
100
AcDbLine
 10
51.0784139999999951
 20
-126.283851999999996
 30
0
 11
51.2322279999999992
 21
-126.3144479999999987
 31
0
  0
LINE
  5
2EE
330
1B
100
AcDbEntity
  8
F.Cu
  6
CONTINUOUS
100
AcDbLine
 10
55.2090049999999977
 20
-126.3910029999999978
 30
0
 11
55.3394059999999968
 21
-126.4450169999999929
 31
0
  0
LINE
  5
2EF
330
1B
100
AcDbEntity
  8
F.Cu
  6
CONTINUOUS
100
AcDbLine
 10
55.3394059999999968
 20
-126.4450169999999929
 30
0
 11
55.4567629999999951
 21
-126.5234319999999997
 31
0
  0
LINE
  5
2F0
330
1B
100
AcDbEntity
  8
F.Cu
  6
CONTINUOUS
100
AcDbLine
 10
55.4567629999999951
 20
-126.5234319999999997
 30
0
 11
55.5565679999999986
 21
-126.6232369999999889
 31
0
  0
LINE
  5
2F1
330
1B
100
AcDbEntity
  8
F.Cu
  6
CONTINUOUS
100
AcDbLine
 10
55.5565679999999986
 20
-126.6232369999999889
 30
0
 11
55.6349829999999983
 21
-126.7405939999999873
 31
0
  0
LINE
  5
2F2
330
1B
100
AcDbEntity
  8
F.Cu
  6
CONTINUOUS
100
AcDbLine
 10
55.6349829999999983
 20
-126.7405939999999873
 30
0
 11
55.6889970000000005
 21
-126.8709949999999935
 31
0
  0
LINE
  5
2F3
330
1B
100
AcDbEntity
  8
F.Cu
  6
CONTINUOUS
100
AcDbLine
 10
55.6889970000000005
 20
-126.8709949999999935
 30
0
 11
55.7165329999999983
 21
-127.0094279999999998
 31
0
  0
LINE
  5
2F4
330
1B
100
AcDbEntity
  8
F.Cu
  6
CONTINUOUS
100
AcDbLine
 10
55.7165329999999983
 20
-127.0094279999999998
 30
0
 11
55.7165329999999983
 21
-127.1505719999999968
 31
0
  0
LINE
  5
2F5
330
1B
100
AcDbEntity
  8
F.Cu
  6
CONTINUOUS
100
AcDbLine
 10
55.7165329999999983
 20
-127.1505719999999968
 30
0
 11
55.6889970000000005
 21
-127.2890049999999889
 31
0
  0
LINE
  5
2F6
330
1B
100
AcDbEntity
  8
F.Cu
  6
CONTINUOUS
100
AcDbLine
 10
55.6889970000000005
 20
-127.2890049999999889
 30
0
 11
55.6349829999999983
 21
-127.4194059999999951
 31
0
  0
LINE
  5
2F7
330
1B
100
AcDbEntity
  8
F.Cu
  6
CONTINUOUS
100
AcDbLine
 10
55.6349829999999983
 20
-127.4194059999999951
 30
0
 11
55.5565679999999986
 21
-127.5367629999999934
 31
0
  0
LINE
  5
2F8
330
1B
100
AcDbEntity
  8
F.Cu
  6
CONTINUOUS
100
AcDbLine
 10
55.5565679999999986
 20
-127.5367629999999934
 30
0
 11
55.4567629999999951
 21
-127.6365679999999969
 31
0
  0
LINE
  5
2F9
330
1B
100
AcDbEntity
  8
F.Cu
  6
CONTINUOUS
100
AcDbLine
 10
55.4567629999999951
 20
-127.6365679999999969
 30
0
 11
55.3394059999999968
 21
-127.7149829999999895
 31
0
  0
LINE
  5
2FA
330
1B
100
AcDbEntity
  8
F.Cu
  6
CONTINUOUS
100
AcDbLine
 10
55.3394059999999968
 20
-127.7149829999999895
 30
0
 11
55.2090049999999977
 21
-127.7689969999999988
 31
0
  0
LINE
  5
2FB
330
1B
100
AcDbEntity
  8
F.Cu
  6
CONTINUOUS
100
AcDbLine
 10
55.2090049999999977
 20
-127.7689969999999988
 30
0
 11
55.0705719999999985
 21
-127.7965329999999966
 31
0
  0
LINE
  5
2FC
330
1B
100
AcDbEntity
  8
F.Cu
  6
CONTINUOUS
100
AcDbLine
 10
55.0705719999999985
 20
-127.7965329999999966
 30
0
 11
54.9294279999999944
 21
-127.7965329999999966
 31
0
  0
LINE
  5
2FD
330
1B
100
AcDbEntity
  8
F.Cu
  6
CONTINUOUS
100
AcDbLine
 10
54.9294279999999944
 20
-127.7965329999999966
 30
0
 11
54.7909949999999952
 21
-127.7689969999999988
 31
0
  0
LINE
  5
2FE
330
1B
100
AcDbEntity
  8
F.Cu
  6
CONTINUOUS
100
AcDbLine
 10
54.7909949999999952
 20
-127.7689969999999988
 30
0
 11
54.6605939999999961
 21
-127.7149829999999895
 31
0
  0
LINE
  5
2FF
330
1B
100
AcDbEntity
  8
F.Cu
  6
CONTINUOUS
100
AcDbLine
 10
54.6605939999999961
 20
-127.7149829999999895
 30
0
 11
54.5432369999999977
 21
-127.6365679999999969
 31
0
  0
LINE
  5
300
330
1B
100
AcDbEntity
  8
F.Cu
  6
CONTINUOUS
100
AcDbLine
 10
54.5432369999999977
 20
-127.6365679999999969
 30
0
 11
54.4434319999999943
 21
-127.5367629999999934
 31
0
  0
LINE
  5
301
330
1B
100
AcDbEntity
  8
F.Cu
  6
CONTINUOUS
100
AcDbLine
 10
54.4434319999999943
 20
-127.5367629999999934
 30
0
 11
54.3650169999999946
 21
-127.4194059999999951
 31
0
  0
LINE
  5
302
330
1B
100
AcDbEntity
  8
F.Cu
  6
CONTINUOUS
100
AcDbLine
 10
54.3650169999999946
 20
-127.4194059999999951
 30
0
 11
54.3110029999999995
 21
-127.2890049999999889
 31
0
  0
LINE
  5
303
330
1B
100
AcDbEntity
  8
F.Cu
  6
CONTINUOUS
100
AcDbLine
 10
54.3110029999999995
 20
-127.2890049999999889
 30
0
 11
54.2834669999999946
 21
-127.1505719999999968
 31
0
  0
LINE
  5
304
330
1B
100
AcDbEntity
  8
F.Cu
  6
CONTINUOUS
100
AcDbLine
 10
54.2834669999999946
 20
-127.1505719999999968
 30
0
 11
54.2834669999999946
 21
-127.0094279999999998
 31
0
  0
LINE
  5
305
330
1B
100
AcDbEntity
  8
F.Cu
  6
CONTINUOUS
100
AcDbLine
 10
54.2834669999999946
 20
-127.0094279999999998
 30
0
 11
54.3110029999999995
 21
-126.8709949999999935
 31
0
  0
LINE
  5
306
330
1B
100
AcDbEntity
  8
F.Cu
  6
CONTINUOUS
100
AcDbLine
 10
54.3110029999999995
 20
-126.8709949999999935
 30
0
 11
54.3650169999999946
 21
-126.7405939999999873
 31
0
  0
LINE
  5
307
330
1B
100
AcDbEntity
  8
F.Cu
  6
CONTINUOUS
100
AcDbLine
 10
54.3650169999999946
 20
-126.7405939999999873
 30
0
 11
54.4434319999999943
 21
-126.6232369999999889
 31
0
  0
LINE
  5
308
330
1B
100
AcDbEntity
  8
F.Cu
  6
CONTINUOUS
100
AcDbLine
 10
54.4434319999999943
 20
-126.6232369999999889
 30
0
 11
54.5432369999999977
 21
-126.5234319999999997
 31
0
  0
LINE
  5
309
330
1B
100
AcDbEntity
  8
F.Cu
  6
CONTINUOUS
100
AcDbLine
 10
54.5432369999999977
 20
-126.5234319999999997
 30
0
 11
54.6605939999999961
 21
-126.4450169999999929
 31
0
  0
LINE
  5
30A
330
1B
100
AcDbEntity
  8
F.Cu
  6
CONTINUOUS
100
AcDbLine
 10
54.6605939999999961
 20
-126.4450169999999929
 30
0
 11
54.7909949999999952
 21
-126.3910029999999978
 31
0
  0
LINE
  5
30B
330
1B
100
AcDbEntity
  8
F.Cu
  6
CONTINUOUS
100
AcDbLine
 10
54.7909949999999952
 20
-126.3910029999999978
 30
0
 11
54.9294279999999944
 21
-126.363467
 31
0
  0
LINE
  5
30C
330
1B
100
AcDbEntity
  8
F.Cu
  6
CONTINUOUS
100
AcDbLine
 10
54.9294279999999944
 20
-126.363467
 30
0
 11
55.0705719999999985
 21
-126.363467
 31
0
  0
LINE
  5
30D
330
1B
100
AcDbEntity
  8
F.Cu
  6
CONTINUOUS
100
AcDbLine
 10
55.0705719999999985
 20
-126.363467
 30
0
 11
55.2090049999999977
 21
-126.3910029999999978
 31
0
  0
LINE
  5
30E
330
1B
100
AcDbEntity
  8
F.Cu
  6
CONTINUOUS
100
AcDbLine
 10
67.8522279999999967
 20
-125.394447999999997
 30
0
 11
67.9971170000000029
 21
-125.4544629999999898
 31
0
  0
LINE
  5
30F
330
1B
100
AcDbEntity
  8
F.Cu
  6
CONTINUOUS
100
AcDbLine
 10
67.9971170000000029
 20
-125.4544629999999898
 30
0
 11
68.1275150000000025
 21
-125.5415919999999943
 31
0
  0
LINE
  5
310
330
1B
100
AcDbEntity
  8
F.Cu
  6
CONTINUOUS
100
AcDbLine
 10
68.1275150000000025
 20
-125.5415919999999943
 30
0
 11
68.2384079999999926
 21
-125.6524849999999986
 31
0
  0
LINE
  5
311
330
1B
100
AcDbEntity
  8
F.Cu
  6
CONTINUOUS
100
AcDbLine
 10
68.2384079999999926
 20
-125.6524849999999986
 30
0
 11
68.3255369999999971
 21
-125.7828829999999982
 31
0
  0
LINE
  5
312
330
1B
100
AcDbEntity
  8
F.Cu
  6
CONTINUOUS
100
AcDbLine
 10
68.3255369999999971
 20
-125.7828829999999982
 30
0
 11
68.3855519999999899
 21
-125.9277719999999903
 31
0
  0
LINE
  5
313
330
1B
100
AcDbEntity
  8
F.Cu
  6
CONTINUOUS
100
AcDbLine
 10
68.3855519999999899
 20
-125.9277719999999903
 30
0
 11
68.4161479999999926
 21
-126.0815859999999873
 31
0
  0
LINE
  5
314
330
1B
100
AcDbEntity
  8
F.Cu
  6
CONTINUOUS
100
AcDbLine
 10
68.4161479999999926
 20
-126.0815859999999873
 30
0
 11
68.4161479999999926
 21
-126.2384139999999917
 31
0
  0
LINE
  5
315
330
1B
100
AcDbEntity
  8
F.Cu
  6
CONTINUOUS
100
AcDbLine
 10
68.4161479999999926
 20
-126.2384139999999917
 30
0
 11
68.3855519999999899
 21
-126.3922279999999887
 31
0
  0
LINE
  5
316
330
1B
100
AcDbEntity
  8
F.Cu
  6
CONTINUOUS
100
AcDbLine
 10
68.3855519999999899
 20
-126.3922279999999887
 30
0
 11
68.3255369999999971
 21
-126.537116999999995
 31
0
  0
LINE
  5
317
330
1B
100
AcDbEntity
  8
F.Cu
  6
CONTINUOUS
100
AcDbLine
 10
68.3255369999999971
 20
-126.537116999999995
 30
0
 11
68.2384079999999926
 21
-126.6675149999999945
 31
0
  0
LINE
  5
318
330
1B
100
AcDbEntity
  8
F.Cu
  6
CONTINUOUS
100
AcDbLine
 10
68.2384079999999926
 20
-126.6675149999999945
 30
0
 11
68.1275150000000025
 21
-126.7784079999999989
 31
0
  0
LINE
  5
319
330
1B
100
AcDbEntity
  8
F.Cu
  6
CONTINUOUS
100
AcDbLine
 10
68.1275150000000025
 20
-126.7784079999999989
 30
0
 11
67.9971170000000029
 21
-126.8655369999999891
 31
0
  0
LINE
  5
31A
330
1B
100
AcDbEntity
  8
F.Cu
  6
CONTINUOUS
100
AcDbLine
 10
67.9971170000000029
 20
-126.8655369999999891
 30
0
 11
67.8522279999999967
 21
-126.9255519999999962
 31
0
  0
LINE
  5
31B
330
1B
100
AcDbEntity
  8
F.Cu
  6
CONTINUOUS
100
AcDbLine
 10
67.8522279999999967
 20
-126.9255519999999962
 30
0
 11
67.6984139999999996
 21
-126.9561479999999989
 31
0
  0
LINE
  5
31C
330
1B
100
AcDbEntity
  8
F.Cu
  6
CONTINUOUS
100
AcDbLine
 10
67.6984139999999996
 20
-126.9561479999999989
 30
0
 11
67.5415859999999952
 21
-126.9561479999999989
 31
0
  0
LINE
  5
31D
330
1B
100
AcDbEntity
  8
F.Cu
  6
CONTINUOUS
100
AcDbLine
 10
67.5415859999999952
 20
-126.9561479999999989
 30
0
 11
67.3877719999999982
 21
-126.9255519999999962
 31
0
  0
LINE
  5
31E
330
1B
100
AcDbEntity
  8
F.Cu
  6
CONTINUOUS
100
AcDbLine
 10
67.3877719999999982
 20
-126.9255519999999962
 30
0
 11
67.242882999999992
 21
-126.8655369999999891
 31
0
  0
LINE
  5
31F
330
1B
100
AcDbEntity
  8
F.Cu
  6
CONTINUOUS
100
AcDbLine
 10
67.242882999999992
 20
-126.8655369999999891
 30
0
 11
67.1124849999999924
 21
-126.7784079999999989
 31
0
  0
LINE
  5
320
330
1B
100
AcDbEntity
  8
F.Cu
  6
CONTINUOUS
100
AcDbLine
 10
67.1124849999999924
 20
-126.7784079999999989
 30
0
 11
67.0015920000000023
 21
-126.6675149999999945
 31
0
  0
LINE
  5
321
330
1B
100
AcDbEntity
  8
F.Cu
  6
CONTINUOUS
100
AcDbLine
 10
67.0015920000000023
 20
-126.6675149999999945
 30
0
 11
66.9144629999999978
 21
-126.537116999999995
 31
0
  0
LINE
  5
322
330
1B
100
AcDbEntity
  8
F.Cu
  6
CONTINUOUS
100
AcDbLine
 10
66.9144629999999978
 20
-126.537116999999995
 30
0
 11
66.8544479999999908
 21
-126.3922279999999887
 31
0
  0
LINE
  5
323
330
1B
100
AcDbEntity
  8
F.Cu
  6
CONTINUOUS
100
AcDbLine
 10
66.8544479999999908
 20
-126.3922279999999887
 30
0
 11
66.8238520000000022
 21
-126.2384139999999917
 31
0
  0
LINE
  5
324
330
1B
100
AcDbEntity
  8
F.Cu
  6
CONTINUOUS
100
AcDbLine
 10
66.8238520000000022
 20
-126.2384139999999917
 30
0
 11
66.8238520000000022
 21
-126.0815859999999873
 31
0
  0
LINE
  5
325
330
1B
100
AcDbEntity
  8
F.Cu
  6
CONTINUOUS
100
AcDbLine
 10
66.8238520000000022
 20
-126.0815859999999873
 30
0
 11
66.8544479999999908
 21
-125.9277719999999903
 31
0
  0
LINE
  5
326
330
1B
100
AcDbEntity
  8
F.Cu
  6
CONTINUOUS
100
AcDbLine
 10
66.8544479999999908
 20
-125.9277719999999903
 30
0
 11
66.9144629999999978
 21
-125.7828829999999982
 31
0
  0
LINE
  5
327
330
1B
100
AcDbEntity
  8
F.Cu
  6
CONTINUOUS
100
AcDbLine
 10
66.9144629999999978
 20
-125.7828829999999982
 30
0
 11
67.0015920000000023
 21
-125.6524849999999986
 31
0
  0
LINE
  5
328
330
1B
100
AcDbEntity
  8
F.Cu
  6
CONTINUOUS
100
AcDbLine
 10
67.0015920000000023
 20
-125.6524849999999986
 30
0
 11
67.1124849999999924
 21
-125.5415919999999943
 31
0
  0
LINE
  5
329
330
1B
100
AcDbEntity
  8
F.Cu
  6
CONTINUOUS
100
AcDbLine
 10
67.1124849999999924
 20
-125.5415919999999943
 30
0
 11
67.242882999999992
 21
-125.4544629999999898
 31
0
  0
LINE
  5
32A
330
1B
100
AcDbEntity
  8
F.Cu
  6
CONTINUOUS
100
AcDbLine
 10
67.242882999999992
 20
-125.4544629999999898
 30
0
 11
67.3877719999999982
 21
-125.394447999999997
 31
0
  0
LINE
  5
32B
330
1B
100
AcDbEntity
  8
F.Cu
  6
CONTINUOUS
100
AcDbLine
 10
67.3877719999999982
 20
-125.394447999999997
 30
0
 11
67.5415859999999952
 21
-125.3638519999999943
 31
0
  0
LINE
  5
32C
330
1B
100
AcDbEntity
  8
F.Cu
  6
CONTINUOUS
100
AcDbLine
 10
67.5415859999999952
 20
-125.3638519999999943
 30
0
 11
67.6984139999999996
 21
-125.3638519999999943
 31
0
  0
LINE
  5
32D
330
1B
100
AcDbEntity
  8
F.Cu
  6
CONTINUOUS
100
AcDbLine
 10
67.6984139999999996
 20
-125.3638519999999943
 30
0
 11
67.8522279999999967
 21
-125.394447999999997
 31
0
  0
LINE
  5
32E
330
1B
100
AcDbEntity
  8
F.Cu
  6
CONTINUOUS
100
AcDbLine
 10
55.2090049999999977
 20
-123.8510029999999915
 30
0
 11
55.3394059999999968
 21
-123.9050170000000008
 31
0
  0
LINE
  5
32F
330
1B
100
AcDbEntity
  8
F.Cu
  6
CONTINUOUS
100
AcDbLine
 10
55.3394059999999968
 20
-123.9050170000000008
 30
0
 11
55.4567629999999951
 21
-123.9834319999999934
 31
0
  0
LINE
  5
330
330
1B
100
AcDbEntity
  8
F.Cu
  6
CONTINUOUS
100
AcDbLine
 10
55.4567629999999951
 20
-123.9834319999999934
 30
0
 11
55.5565679999999986
 21
-124.0832369999999969
 31
0
  0
LINE
  5
331
330
1B
100
AcDbEntity
  8
F.Cu
  6
CONTINUOUS
100
AcDbLine
 10
55.5565679999999986
 20
-124.0832369999999969
 30
0
 11
55.6349829999999983
 21
-124.2005939999999953
 31
0
  0
LINE
  5
332
330
1B
100
AcDbEntity
  8
F.Cu
  6
CONTINUOUS
100
AcDbLine
 10
55.6349829999999983
 20
-124.2005939999999953
 30
0
 11
55.6889970000000005
 21
-124.3309949999999873
 31
0
  0
LINE
  5
333
330
1B
100
AcDbEntity
  8
F.Cu
  6
CONTINUOUS
100
AcDbLine
 10
55.6889970000000005
 20
-124.3309949999999873
 30
0
 11
55.7165329999999983
 21
-124.4694279999999935
 31
0
  0
LINE
  5
334
330
1B
100
AcDbEntity
  8
F.Cu
  6
CONTINUOUS
100
AcDbLine
 10
55.7165329999999983
 20
-124.4694279999999935
 30
0
 11
55.7165329999999983
 21
-124.6105719999999906
 31
0
  0
LINE
  5
335
330
1B
100
AcDbEntity
  8
F.Cu
  6
CONTINUOUS
100
AcDbLine
 10
55.7165329999999983
 20
-124.6105719999999906
 30
0
 11
55.6889970000000005
 21
-124.7490049999999968
 31
0
  0
LINE
  5
336
330
1B
100
AcDbEntity
  8
F.Cu
  6
CONTINUOUS
100
AcDbLine
 10
55.6889970000000005
 20
-124.7490049999999968
 30
0
 11
55.6349829999999983
 21
-124.8794059999999888
 31
0
  0
LINE
  5
337
330
1B
100
AcDbEntity
  8
F.Cu
  6
CONTINUOUS
100
AcDbLine
 10
55.6349829999999983
 20
-124.8794059999999888
 30
0
 11
55.5565679999999986
 21
-124.9967630000000014
 31
0
  0
LINE
  5
338
330
1B
100
AcDbEntity
  8
F.Cu
  6
CONTINUOUS
100
AcDbLine
 10
55.5565679999999986
 20
-124.9967630000000014
 30
0
 11
55.4567629999999951
 21
-125.0965679999999907
 31
0
  0
LINE
  5
339
330
1B
100
AcDbEntity
  8
F.Cu
  6
CONTINUOUS
100
AcDbLine
 10
55.4567629999999951
 20
-125.0965679999999907
 30
0
 11
55.3394059999999968
 21
-125.1749829999999974
 31
0
  0
LINE
  5
33A
330
1B
100
AcDbEntity
  8
F.Cu
  6
CONTINUOUS
100
AcDbLine
 10
55.3394059999999968
 20
-125.1749829999999974
 30
0
 11
55.2090049999999977
 21
-125.2289969999999926
 31
0
  0
LINE
  5
33B
330
1B
100
AcDbEntity
  8
F.Cu
  6
CONTINUOUS
100
AcDbLine
 10
55.2090049999999977
 20
-125.2289969999999926
 30
0
 11
55.0705719999999985
 21
-125.2565329999999904
 31
0
  0
LINE
  5
33C
330
1B
100
AcDbEntity
  8
F.Cu
  6
CONTINUOUS
100
AcDbLine
 10
55.0705719999999985
 20
-125.2565329999999904
 30
0
 11
54.9294279999999944
 21
-125.2565329999999904
 31
0
  0
LINE
  5
33D
330
1B
100
AcDbEntity
  8
F.Cu
  6
CONTINUOUS
100
AcDbLine
 10
54.9294279999999944
 20
-125.2565329999999904
 30
0
 11
54.7909949999999952
 21
-125.2289969999999926
 31
0
  0
LINE
  5
33E
330
1B
100
AcDbEntity
  8
F.Cu
  6
CONTINUOUS
100
AcDbLine
 10
54.7909949999999952
 20
-125.2289969999999926
 30
0
 11
54.6605939999999961
 21
-125.1749829999999974
 31
0
  0
LINE
  5
33F
330
1B
100
AcDbEntity
  8
F.Cu
  6
CONTINUOUS
100
AcDbLine
 10
54.6605939999999961
 20
-125.1749829999999974
 30
0
 11
54.5432369999999977
 21
-125.0965679999999907
 31
0
  0
LINE
  5
340
330
1B
100
AcDbEntity
  8
F.Cu
  6
CONTINUOUS
100
AcDbLine
 10
54.5432369999999977
 20
-125.0965679999999907
 30
0
 11
54.4434319999999943
 21
-124.9967630000000014
 31
0
  0
LINE
  5
341
330
1B
100
AcDbEntity
  8
F.Cu
  6
CONTINUOUS
100
AcDbLine
 10
54.4434319999999943
 20
-124.9967630000000014
 30
0
 11
54.3650169999999946
 21
-124.8794059999999888
 31
0
  0
LINE
  5
342
330
1B
100
AcDbEntity
  8
F.Cu
  6
CONTINUOUS
100
AcDbLine
 10
54.3650169999999946
 20
-124.8794059999999888
 30
0
 11
54.3110029999999995
 21
-124.7490049999999968
 31
0
  0
LINE
  5
343
330
1B
100
AcDbEntity
  8
F.Cu
  6
CONTINUOUS
100
AcDbLine
 10
54.3110029999999995
 20
-124.7490049999999968
 30
0
 11
54.2834669999999946
 21
-124.6105719999999906
 31
0
  0
LINE
  5
344
330
1B
100
AcDbEntity
  8
F.Cu
  6
CONTINUOUS
100
AcDbLine
 10
54.2834669999999946
 20
-124.6105719999999906
 30
0
 11
54.2834669999999946
 21
-124.4694279999999935
 31
0
  0
LINE
  5
345
330
1B
100
AcDbEntity
  8
F.Cu
  6
CONTINUOUS
100
AcDbLine
 10
54.2834669999999946
 20
-124.4694279999999935
 30
0
 11
54.3110029999999995
 21
-124.3309949999999873
 31
0
  0
LINE
  5
346
330
1B
100
AcDbEntity
  8
F.Cu
  6
CONTINUOUS
100
AcDbLine
 10
54.3110029999999995
 20
-124.3309949999999873
 30
0
 11
54.3650169999999946
 21
-124.2005939999999953
 31
0
  0
LINE
  5
347
330
1B
100
AcDbEntity
  8
F.Cu
  6
CONTINUOUS
100
AcDbLine
 10
54.3650169999999946
 20
-124.2005939999999953
 30
0
 11
54.4434319999999943
 21
-124.0832369999999969
 31
0
  0
LINE
  5
348
330
1B
100
AcDbEntity
  8
F.Cu
  6
CONTINUOUS
100
AcDbLine
 10
54.4434319999999943
 20
-124.0832369999999969
 30
0
 11
54.5432369999999977
 21
-123.9834319999999934
 31
0
  0
LINE
  5
349
330
1B
100
AcDbEntity
  8
F.Cu
  6
CONTINUOUS
100
AcDbLine
 10
54.5432369999999977
 20
-123.9834319999999934
 30
0
 11
54.6605939999999961
 21
-123.9050170000000008
 31
0
  0
LINE
  5
34A
330
1B
100
AcDbEntity
  8
F.Cu
  6
CONTINUOUS
100
AcDbLine
 10
54.6605939999999961
 20
-123.9050170000000008
 30
0
 11
54.7909949999999952
 21
-123.8510029999999915
 31
0
  0
LINE
  5
34B
330
1B
100
AcDbEntity
  8
F.Cu
  6
CONTINUOUS
100
AcDbLine
 10
54.7909949999999952
 20
-123.8510029999999915
 30
0
 11
54.9294279999999944
 21
-123.8234669999999937
 31
0
  0
LINE
  5
34C
330
1B
100
AcDbEntity
  8
F.Cu
  6
CONTINUOUS
100
AcDbLine
 10
54.9294279999999944
 20
-123.8234669999999937
 30
0
 11
55.0705719999999985
 21
-123.8234669999999937
 31
0
  0
LINE
  5
34D
330
1B
100
AcDbEntity
  8
F.Cu
  6
CONTINUOUS
100
AcDbLine
 10
55.0705719999999985
 20
-123.8234669999999937
 30
0
 11
55.2090049999999977
 21
-123.8510029999999915
 31
0
  0
LINE
  5
34E
330
1B
100
AcDbEntity
  8
F.Cu
  6
CONTINUOUS
100
AcDbLine
 10
70.7322279999999921
 20
-122.2344480000000004
 30
0
 11
70.8771169999999984
 21
-122.2944629999999933
 31
0
  0
LINE
  5
34F
330
1B
100
AcDbEntity
  8
F.Cu
  6
CONTINUOUS
100
AcDbLine
 10
70.8771169999999984
 20
-122.2944629999999933
 30
0
 11
71.0075149999999979
 21
-122.3815919999999977
 31
0
  0
LINE
  5
350
330
1B
100
AcDbEntity
  8
F.Cu
  6
CONTINUOUS
100
AcDbLine
 10
71.0075149999999979
 20
-122.3815919999999977
 30
0
 11
71.1184080000000023
 21
-122.4924849999999878
 31
0
  0
LINE
  5
351
330
1B
100
AcDbEntity
  8
F.Cu
  6
CONTINUOUS
100
AcDbLine
 10
71.1184080000000023
 20
-122.4924849999999878
 30
0
 11
71.2055369999999925
 21
-122.6228829999999874
 31
0
  0
LINE
  5
352
330
1B
100
AcDbEntity
  8
F.Cu
  6
CONTINUOUS
100
AcDbLine
 10
71.2055369999999925
 20
-122.6228829999999874
 30
0
 11
71.2655519999999996
 21
-122.7677719999999937
 31
0
  0
LINE
  5
353
330
1B
100
AcDbEntity
  8
F.Cu
  6
CONTINUOUS
100
AcDbLine
 10
71.2655519999999996
 20
-122.7677719999999937
 30
0
 11
71.2961480000000023
 21
-122.9215859999999907
 31
0
  0
LINE
  5
354
330
1B
100
AcDbEntity
  8
F.Cu
  6
CONTINUOUS
100
AcDbLine
 10
71.2961480000000023
 20
-122.9215859999999907
 30
0
 11
71.2961480000000023
 21
-123.0784139999999951
 31
0
  0
LINE
  5
355
330
1B
100
AcDbEntity
  8
F.Cu
  6
CONTINUOUS
100
AcDbLine
 10
71.2961480000000023
 20
-123.0784139999999951
 30
0
 11
71.2655519999999996
 21
-123.2322279999999921
 31
0
  0
LINE
  5
356
330
1B
100
AcDbEntity
  8
F.Cu
  6
CONTINUOUS
100
AcDbLine
 10
71.2655519999999996
 20
-123.2322279999999921
 30
0
 11
71.2055369999999925
 21
-123.3771169999999984
 31
0
  0
LINE
  5
357
330
1B
100
AcDbEntity
  8
F.Cu
  6
CONTINUOUS
100
AcDbLine
 10
71.2055369999999925
 20
-123.3771169999999984
 30
0
 11
71.1184080000000023
 21
-123.5075149999999979
 31
0
  0
LINE
  5
358
330
1B
100
AcDbEntity
  8
F.Cu
  6
CONTINUOUS
100
AcDbLine
 10
71.1184080000000023
 20
-123.5075149999999979
 30
0
 11
71.0075149999999979
 21
-123.6184079999999881
 31
0
  0
LINE
  5
359
330
1B
100
AcDbEntity
  8
F.Cu
  6
CONTINUOUS
100
AcDbLine
 10
71.0075149999999979
 20
-123.6184079999999881
 30
0
 11
70.8771169999999984
 21
-123.7055369999999925
 31
0
  0
LINE
  5
35A
330
1B
100
AcDbEntity
  8
F.Cu
  6
CONTINUOUS
100
AcDbLine
 10
70.8771169999999984
 20
-123.7055369999999925
 30
0
 11
70.7322279999999921
 21
-123.7655519999999996
 31
0
  0
LINE
  5
35B
330
1B
100
AcDbEntity
  8
F.Cu
  6
CONTINUOUS
100
AcDbLine
 10
70.7322279999999921
 20
-123.7655519999999996
 30
0
 11
70.5784139999999951
 21
-123.7961479999999881
 31
0
  0
LINE
  5
35C
330
1B
100
AcDbEntity
  8
F.Cu
  6
CONTINUOUS
100
AcDbLine
 10
70.5784139999999951
 20
-123.7961479999999881
 30
0
 11
70.4215859999999907
 21
-123.7961479999999881
 31
0
  0
LINE
  5
35D
330
1B
100
AcDbEntity
  8
F.Cu
  6
CONTINUOUS
100
AcDbLine
 10
70.4215859999999907
 20
-123.7961479999999881
 30
0
 11
70.2677719999999937
 21
-123.7655519999999996
 31
0
  0
LINE
  5
35E
330
1B
100
AcDbEntity
  8
F.Cu
  6
CONTINUOUS
100
AcDbLine
 10
70.2677719999999937
 20
-123.7655519999999996
 30
0
 11
70.1228830000000016
 21
-123.7055369999999925
 31
0
  0
LINE
  5
35F
330
1B
100
AcDbEntity
  8
F.Cu
  6
CONTINUOUS
100
AcDbLine
 10
70.1228830000000016
 20
-123.7055369999999925
 30
0
 11
69.9924850000000021
 21
-123.6184079999999881
 31
0
  0
LINE
  5
360
330
1B
100
AcDbEntity
  8
F.Cu
  6
CONTINUOUS
100
AcDbLine
 10
69.9924850000000021
 20
-123.6184079999999881
 30
0
 11
69.8815919999999977
 21
-123.5075149999999979
 31
0
  0
LINE
  5
361
330
1B
100
AcDbEntity
  8
F.Cu
  6
CONTINUOUS
100
AcDbLine
 10
69.8815919999999977
 20
-123.5075149999999979
 30
0
 11
69.7944629999999933
 21
-123.3771169999999984
 31
0
  0
LINE
  5
362
330
1B
100
AcDbEntity
  8
F.Cu
  6
CONTINUOUS
100
AcDbLine
 10
69.7944629999999933
 20
-123.3771169999999984
 30
0
 11
69.7344480000000004
 21
-123.2322279999999921
 31
0
  0
LINE
  5
363
330
1B
100
AcDbEntity
  8
F.Cu
  6
CONTINUOUS
100
AcDbLine
 10
69.7344480000000004
 20
-123.2322279999999921
 30
0
 11
69.7038519999999977
 21
-123.0784139999999951
 31
0
  0
LINE
  5
364
330
1B
100
AcDbEntity
  8
F.Cu
  6
CONTINUOUS
100
AcDbLine
 10
69.7038519999999977
 20
-123.0784139999999951
 30
0
 11
69.7038519999999977
 21
-122.9215859999999907
 31
0
  0
LINE
  5
365
330
1B
100
AcDbEntity
  8
F.Cu
  6
CONTINUOUS
100
AcDbLine
 10
69.7038519999999977
 20
-122.9215859999999907
 30
0
 11
69.7344480000000004
 21
-122.7677719999999937
 31
0
  0
LINE
  5
366
330
1B
100
AcDbEntity
  8
F.Cu
  6
CONTINUOUS
100
AcDbLine
 10
69.7344480000000004
 20
-122.7677719999999937
 30
0
 11
69.7944629999999933
 21
-122.6228829999999874
 31
0
  0
LINE
  5
367
330
1B
100
AcDbEntity
  8
F.Cu
  6
CONTINUOUS
100
AcDbLine
 10
69.7944629999999933
 20
-122.6228829999999874
 30
0
 11
69.8815919999999977
 21
-122.4924849999999878
 31
0
  0
LINE
  5
368
330
1B
100
AcDbEntity
  8
F.Cu
  6
CONTINUOUS
100
AcDbLine
 10
69.8815919999999977
 20
-122.4924849999999878
 30
0
 11
69.9924850000000021
 21
-122.3815919999999977
 31
0
  0
LINE
  5
369
330
1B
100
AcDbEntity
  8
F.Cu
  6
CONTINUOUS
100
AcDbLine
 10
69.9924850000000021
 20
-122.3815919999999977
 30
0
 11
70.1228830000000016
 21
-122.2944629999999933
 31
0
  0
LINE
  5
36A
330
1B
100
AcDbEntity
  8
F.Cu
  6
CONTINUOUS
100
AcDbLine
 10
70.1228830000000016
 20
-122.2944629999999933
 30
0
 11
70.2677719999999937
 21
-122.2344480000000004
 31
0
  0
LINE
  5
36B
330
1B
100
AcDbEntity
  8
F.Cu
  6
CONTINUOUS
100
AcDbLine
 10
70.2677719999999937
 20
-122.2344480000000004
 30
0
 11
70.4215859999999907
 21
-122.2038519999999977
 31
0
  0
LINE
  5
36C
330
1B
100
AcDbEntity
  8
F.Cu
  6
CONTINUOUS
100
AcDbLine
 10
70.4215859999999907
 20
-122.2038519999999977
 30
0
 11
70.5784139999999951
 21
-122.2038519999999977
 31
0
  0
LINE
  5
36D
330
1B
100
AcDbEntity
  8
F.Cu
  6
CONTINUOUS
100
AcDbLine
 10
70.5784139999999951
 20
-122.2038519999999977
 30
0
 11
70.7322279999999921
 21
-122.2344480000000004
 31
0
  0
LINE
  5
36E
330
1B
100
AcDbEntity
  8
F.Cu
  6
CONTINUOUS
100
AcDbLine
 10
75.7322279999999921
 20
-122.2344480000000004
 30
0
 11
75.8771169999999984
 21
-122.2944629999999933
 31
0
  0
LINE
  5
36F
330
1B
100
AcDbEntity
  8
F.Cu
  6
CONTINUOUS
100
AcDbLine
 10
75.8771169999999984
 20
-122.2944629999999933
 30
0
 11
76.0075149999999979
 21
-122.3815919999999977
 31
0
  0
LINE
  5
370
330
1B
100
AcDbEntity
  8
F.Cu
  6
CONTINUOUS
100
AcDbLine
 10
76.0075149999999979
 20
-122.3815919999999977
 30
0
 11
76.1184080000000023
 21
-122.4924849999999878
 31
0
  0
LINE
  5
371
330
1B
100
AcDbEntity
  8
F.Cu
  6
CONTINUOUS
100
AcDbLine
 10
76.1184080000000023
 20
-122.4924849999999878
 30
0
 11
76.2055369999999925
 21
-122.6228829999999874
 31
0
  0
LINE
  5
372
330
1B
100
AcDbEntity
  8
F.Cu
  6
CONTINUOUS
100
AcDbLine
 10
76.2055369999999925
 20
-122.6228829999999874
 30
0
 11
76.2655519999999996
 21
-122.7677719999999937
 31
0
  0
LINE
  5
373
330
1B
100
AcDbEntity
  8
F.Cu
  6
CONTINUOUS
100
AcDbLine
 10
76.2655519999999996
 20
-122.7677719999999937
 30
0
 11
76.2961480000000023
 21
-122.9215859999999907
 31
0
  0
LINE
  5
374
330
1B
100
AcDbEntity
  8
F.Cu
  6
CONTINUOUS
100
AcDbLine
 10
76.2961480000000023
 20
-122.9215859999999907
 30
0
 11
76.2961480000000023
 21
-123.0784139999999951
 31
0
  0
LINE
  5
375
330
1B
100
AcDbEntity
  8
F.Cu
  6
CONTINUOUS
100
AcDbLine
 10
76.2961480000000023
 20
-123.0784139999999951
 30
0
 11
76.2655519999999996
 21
-123.2322279999999921
 31
0
  0
LINE
  5
376
330
1B
100
AcDbEntity
  8
F.Cu
  6
CONTINUOUS
100
AcDbLine
 10
76.2655519999999996
 20
-123.2322279999999921
 30
0
 11
76.2055369999999925
 21
-123.3771169999999984
 31
0
  0
LINE
  5
377
330
1B
100
AcDbEntity
  8
F.Cu
  6
CONTINUOUS
100
AcDbLine
 10
76.2055369999999925
 20
-123.3771169999999984
 30
0
 11
76.1184080000000023
 21
-123.5075149999999979
 31
0
  0
LINE
  5
378
330
1B
100
AcDbEntity
  8
F.Cu
  6
CONTINUOUS
100
AcDbLine
 10
76.1184080000000023
 20
-123.5075149999999979
 30
0
 11
76.0075149999999979
 21
-123.6184079999999881
 31
0
  0
LINE
  5
379
330
1B
100
AcDbEntity
  8
F.Cu
  6
CONTINUOUS
100
AcDbLine
 10
76.0075149999999979
 20
-123.6184079999999881
 30
0
 11
75.8771169999999984
 21
-123.7055369999999925
 31
0
  0
LINE
  5
37A
330
1B
100
AcDbEntity
  8
F.Cu
  6
CONTINUOUS
100
AcDbLine
 10
75.8771169999999984
 20
-123.7055369999999925
 30
0
 11
75.7322279999999921
 21
-123.7655519999999996
 31
0
  0
LINE
  5
37B
330
1B
100
AcDbEntity
  8
F.Cu
  6
CONTINUOUS
100
AcDbLine
 10
75.7322279999999921
 20
-123.7655519999999996
 30
0
 11
75.5784139999999951
 21
-123.7961479999999881
 31
0
  0
LINE
  5
37C
330
1B
100
AcDbEntity
  8
F.Cu
  6
CONTINUOUS
100
AcDbLine
 10
75.5784139999999951
 20
-123.7961479999999881
 30
0
 11
75.4215859999999907
 21
-123.7961479999999881
 31
0
  0
LINE
  5
37D
330
1B
100
AcDbEntity
  8
F.Cu
  6
CONTINUOUS
100
AcDbLine
 10
75.4215859999999907
 20
-123.7961479999999881
 30
0
 11
75.2677719999999937
 21
-123.7655519999999996
 31
0
  0
LINE
  5
37E
330
1B
100
AcDbEntity
  8
F.Cu
  6
CONTINUOUS
100
AcDbLine
 10
75.2677719999999937
 20
-123.7655519999999996
 30
0
 11
75.1228830000000016
 21
-123.7055369999999925
 31
0
  0
LINE
  5
37F
330
1B
100
AcDbEntity
  8
F.Cu
  6
CONTINUOUS
100
AcDbLine
 10
75.1228830000000016
 20
-123.7055369999999925
 30
0
 11
74.9924850000000021
 21
-123.6184079999999881
 31
0
  0
LINE
  5
380
330
1B
100
AcDbEntity
  8
F.Cu
  6
CONTINUOUS
100
AcDbLine
 10
74.9924850000000021
 20
-123.6184079999999881
 30
0
 11
74.8815919999999977
 21
-123.5075149999999979
 31
0
  0
LINE
  5
381
330
1B
100
AcDbEntity
  8
F.Cu
  6
CONTINUOUS
100
AcDbLine
 10
74.8815919999999977
 20
-123.5075149999999979
 30
0
 11
74.7944629999999933
 21
-123.3771169999999984
 31
0
  0
LINE
  5
382
330
1B
100
AcDbEntity
  8
F.Cu
  6
CONTINUOUS
100
AcDbLine
 10
74.7944629999999933
 20
-123.3771169999999984
 30
0
 11
74.7344480000000004
 21
-123.2322279999999921
 31
0
  0
LINE
  5
383
330
1B
100
AcDbEntity
  8
F.Cu
  6
CONTINUOUS
100
AcDbLine
 10
74.7344480000000004
 20
-123.2322279999999921
 30
0
 11
74.7038519999999977
 21
-123.0784139999999951
 31
0
  0
LINE
  5
384
330
1B
100
AcDbEntity
  8
F.Cu
  6
CONTINUOUS
100
AcDbLine
 10
74.7038519999999977
 20
-123.0784139999999951
 30
0
 11
74.7038519999999977
 21
-122.9215859999999907
 31
0
  0
LINE
  5
385
330
1B
100
AcDbEntity
  8
F.Cu
  6
CONTINUOUS
100
AcDbLine
 10
74.7038519999999977
 20
-122.9215859999999907
 30
0
 11
74.7344480000000004
 21
-122.7677719999999937
 31
0
  0
LINE
  5
386
330
1B
100
AcDbEntity
  8
F.Cu
  6
CONTINUOUS
100
AcDbLine
 10
74.7344480000000004
 20
-122.7677719999999937
 30
0
 11
74.7944629999999933
 21
-122.6228829999999874
 31
0
  0
LINE
  5
387
330
1B
100
AcDbEntity
  8
F.Cu
  6
CONTINUOUS
100
AcDbLine
 10
74.7944629999999933
 20
-122.6228829999999874
 30
0
 11
74.8815919999999977
 21
-122.4924849999999878
 31
0
  0
LINE
  5
388
330
1B
100
AcDbEntity
  8
F.Cu
  6
CONTINUOUS
100
AcDbLine
 10
74.8815919999999977
 20
-122.4924849999999878
 30
0
 11
74.9924850000000021
 21
-122.3815919999999977
 31
0
  0
LINE
  5
389
330
1B
100
AcDbEntity
  8
F.Cu
  6
CONTINUOUS
100
AcDbLine
 10
74.9924850000000021
 20
-122.3815919999999977
 30
0
 11
75.1228830000000016
 21
-122.2944629999999933
 31
0
  0
LINE
  5
38A
330
1B
100
AcDbEntity
  8
F.Cu
  6
CONTINUOUS
100
AcDbLine
 10
75.1228830000000016
 20
-122.2944629999999933
 30
0
 11
75.2677719999999937
 21
-122.2344480000000004
 31
0
  0
LINE
  5
38B
330
1B
100
AcDbEntity
  8
F.Cu
  6
CONTINUOUS
100
AcDbLine
 10
75.2677719999999937
 20
-122.2344480000000004
 30
0
 11
75.4215859999999907
 21
-122.2038519999999977
 31
0
  0
LINE
  5
38C
330
1B
100
AcDbEntity
  8
F.Cu
  6
CONTINUOUS
100
AcDbLine
 10
75.4215859999999907
 20
-122.2038519999999977
 30
0
 11
75.5784139999999951
 21
-122.2038519999999977
 31
0
  0
LINE
  5
38D
330
1B
100
AcDbEntity
  8
F.Cu
  6
CONTINUOUS
100
AcDbLine
 10
75.5784139999999951
 20
-122.2038519999999977
 30
0
 11
75.7322279999999921
 21
-122.2344480000000004
 31
0
  0
LINE
  5
38E
330
1B
100
AcDbEntity
  8
F.Cu
  6
CONTINUOUS
100
AcDbLine
 10
98.2322279999999921
 20
-121.394447999999997
 30
0
 11
98.3771169999999984
 21
-121.4544629999999898
 31
0
  0
LINE
  5
38F
330
1B
100
AcDbEntity
  8
F.Cu
  6
CONTINUOUS
100
AcDbLine
 10
98.3771169999999984
 20
-121.4544629999999898
 30
0
 11
98.5075149999999979
 21
-121.5415919999999943
 31
0
  0
LINE
  5
390
330
1B
100
AcDbEntity
  8
F.Cu
  6
CONTINUOUS
100
AcDbLine
 10
98.5075149999999979
 20
-121.5415919999999943
 30
0
 11
98.6184080000000023
 21
-121.6524849999999986
 31
0
  0
LINE
  5
391
330
1B
100
AcDbEntity
  8
F.Cu
  6
CONTINUOUS
100
AcDbLine
 10
98.6184080000000023
 20
-121.6524849999999986
 30
0
 11
98.7055369999999925
 21
-121.7828829999999982
 31
0
  0
LINE
  5
392
330
1B
100
AcDbEntity
  8
F.Cu
  6
CONTINUOUS
100
AcDbLine
 10
98.7055369999999925
 20
-121.7828829999999982
 30
0
 11
98.7655519999999996
 21
-121.9277719999999903
 31
0
  0
LINE
  5
393
330
1B
100
AcDbEntity
  8
F.Cu
  6
CONTINUOUS
100
AcDbLine
 10
98.7655519999999996
 20
-121.9277719999999903
 30
0
 11
98.7961480000000023
 21
-122.0815860000000015
 31
0
  0
LINE
  5
394
330
1B
100
AcDbEntity
  8
F.Cu
  6
CONTINUOUS
100
AcDbLine
 10
98.7961480000000023
 20
-122.0815860000000015
 30
0
 11
98.7961480000000023
 21
-122.2384139999999917
 31
0
  0
LINE
  5
395
330
1B
100
AcDbEntity
  8
F.Cu
  6
CONTINUOUS
100
AcDbLine
 10
98.7961480000000023
 20
-122.2384139999999917
 30
0
 11
98.7655519999999996
 21
-122.3922279999999887
 31
0
  0
LINE
  5
396
330
1B
100
AcDbEntity
  8
F.Cu
  6
CONTINUOUS
100
AcDbLine
 10
98.7655519999999996
 20
-122.3922279999999887
 30
0
 11
98.7055369999999925
 21
-122.537116999999995
 31
0
  0
LINE
  5
397
330
1B
100
AcDbEntity
  8
F.Cu
  6
CONTINUOUS
100
AcDbLine
 10
98.7055369999999925
 20
-122.537116999999995
 30
0
 11
98.6184080000000023
 21
-122.6675149999999945
 31
0
  0
LINE
  5
398
330
1B
100
AcDbEntity
  8
F.Cu
  6
CONTINUOUS
100
AcDbLine
 10
98.6184080000000023
 20
-122.6675149999999945
 30
0
 11
98.5075149999999979
 21
-122.7784079999999989
 31
0
  0
LINE
  5
399
330
1B
100
AcDbEntity
  8
F.Cu
  6
CONTINUOUS
100
AcDbLine
 10
98.5075149999999979
 20
-122.7784079999999989
 30
0
 11
98.3771169999999984
 21
-122.8655369999999891
 31
0
  0
LINE
  5
39A
330
1B
100
AcDbEntity
  8
F.Cu
  6
CONTINUOUS
100
AcDbLine
 10
98.3771169999999984
 20
-122.8655369999999891
 30
0
 11
98.2322279999999921
 21
-122.9255519999999962
 31
0
  0
LINE
  5
39B
330
1B
100
AcDbEntity
  8
F.Cu
  6
CONTINUOUS
100
AcDbLine
 10
98.2322279999999921
 20
-122.9255519999999962
 30
0
 11
98.0784139999999951
 21
-122.9561479999999989
 31
0
  0
LINE
  5
39C
330
1B
100
AcDbEntity
  8
F.Cu
  6
CONTINUOUS
100
AcDbLine
 10
98.0784139999999951
 20
-122.9561479999999989
 30
0
 11
97.9215859999999907
 21
-122.9561479999999989
 31
0
  0
LINE
  5
39D
330
1B
100
AcDbEntity
  8
F.Cu
  6
CONTINUOUS
100
AcDbLine
 10
97.9215859999999907
 20
-122.9561479999999989
 30
0
 11
97.7677719999999937
 21
-122.9255519999999962
 31
0
  0
LINE
  5
39E
330
1B
100
AcDbEntity
  8
F.Cu
  6
CONTINUOUS
100
AcDbLine
 10
97.7677719999999937
 20
-122.9255519999999962
 30
0
 11
97.6228830000000016
 21
-122.8655369999999891
 31
0
  0
LINE
  5
39F
330
1B
100
AcDbEntity
  8
F.Cu
  6
CONTINUOUS
100
AcDbLine
 10
97.6228830000000016
 20
-122.8655369999999891
 30
0
 11
97.4924850000000021
 21
-122.7784079999999989
 31
0
  0
LINE
  5
3A0
330
1B
100
AcDbEntity
  8
F.Cu
  6
CONTINUOUS
100
AcDbLine
 10
97.4924850000000021
 20
-122.7784079999999989
 30
0
 11
97.3815919999999977
 21
-122.6675149999999945
 31
0
  0
LINE
  5
3A1
330
1B
100
AcDbEntity
  8
F.Cu
  6
CONTINUOUS
100
AcDbLine
 10
97.3815919999999977
 20
-122.6675149999999945
 30
0
 11
97.2944629999999933
 21
-122.537116999999995
 31
0
  0
LINE
  5
3A2
330
1B
100
AcDbEntity
  8
F.Cu
  6
CONTINUOUS
100
AcDbLine
 10
97.2944629999999933
 20
-122.537116999999995
 30
0
 11
97.2344480000000004
 21
-122.3922279999999887
 31
0
  0
LINE
  5
3A3
330
1B
100
AcDbEntity
  8
F.Cu
  6
CONTINUOUS
100
AcDbLine
 10
97.2344480000000004
 20
-122.3922279999999887
 30
0
 11
97.2038519999999977
 21
-122.2384139999999917
 31
0
  0
LINE
  5
3A4
330
1B
100
AcDbEntity
  8
F.Cu
  6
CONTINUOUS
100
AcDbLine
 10
97.2038519999999977
 20
-122.2384139999999917
 30
0
 11
97.2038519999999977
 21
-122.0815860000000015
 31
0
  0
LINE
  5
3A5
330
1B
100
AcDbEntity
  8
F.Cu
  6
CONTINUOUS
100
AcDbLine
 10
97.2038519999999977
 20
-122.0815860000000015
 30
0
 11
97.2344480000000004
 21
-121.9277719999999903
 31
0
  0
LINE
  5
3A6
330
1B
100
AcDbEntity
  8
F.Cu
  6
CONTINUOUS
100
AcDbLine
 10
97.2344480000000004
 20
-121.9277719999999903
 30
0
 11
97.2944629999999933
 21
-121.7828829999999982
 31
0
  0
LINE
  5
3A7
330
1B
100
AcDbEntity
  8
F.Cu
  6
CONTINUOUS
100
AcDbLine
 10
97.2944629999999933
 20
-121.7828829999999982
 30
0
 11
97.3815919999999977
 21
-121.6524849999999986
 31
0
  0
LINE
  5
3A8
330
1B
100
AcDbEntity
  8
F.Cu
  6
CONTINUOUS
100
AcDbLine
 10
97.3815919999999977
 20
-121.6524849999999986
 30
0
 11
97.4924850000000021
 21
-121.5415919999999943
 31
0
  0
LINE
  5
3A9
330
1B
100
AcDbEntity
  8
F.Cu
  6
CONTINUOUS
100
AcDbLine
 10
97.4924850000000021
 20
-121.5415919999999943
 30
0
 11
97.6228830000000016
 21
-121.4544629999999898
 31
0
  0
LINE
  5
3AA
330
1B
100
AcDbEntity
  8
F.Cu
  6
CONTINUOUS
100
AcDbLine
 10
97.6228830000000016
 20
-121.4544629999999898
 30
0
 11
97.7677719999999937
 21
-121.394447999999997
 31
0
  0
LINE
  5
3AB
330
1B
100
AcDbEntity
  8
F.Cu
  6
CONTINUOUS
100
AcDbLine
 10
97.7677719999999937
 20
-121.394447999999997
 30
0
 11
97.9215859999999907
 21
-121.3638519999999943
 31
0
  0
LINE
  5
3AC
330
1B
100
AcDbEntity
  8
F.Cu
  6
CONTINUOUS
100
AcDbLine
 10
97.9215859999999907
 20
-121.3638519999999943
 30
0
 11
98.0784139999999951
 21
-121.3638519999999943
 31
0
  0
LINE
  5
3AD
330
1B
100
AcDbEntity
  8
F.Cu
  6
CONTINUOUS
100
AcDbLine
 10
98.0784139999999951
 20
-121.3638519999999943
 30
0
 11
98.2322279999999921
 21
-121.394447999999997
 31
0
  0
LINE
  5
3AE
330
1B
100
AcDbEntity
  8
F.Cu
  6
CONTINUOUS
100
AcDbLine
 10
85.2322279999999921
 20
-121.2344480000000004
 30
0
 11
85.3771169999999984
 21
-121.2944629999999933
 31
0
  0
LINE
  5
3AF
330
1B
100
AcDbEntity
  8
F.Cu
  6
CONTINUOUS
100
AcDbLine
 10
85.3771169999999984
 20
-121.2944629999999933
 30
0
 11
85.5075149999999979
 21
-121.3815919999999977
 31
0
  0
LINE
  5
3B0
330
1B
100
AcDbEntity
  8
F.Cu
  6
CONTINUOUS
100
AcDbLine
 10
85.5075149999999979
 20
-121.3815919999999977
 30
0
 11
85.6184080000000023
 21
-121.4924849999999878
 31
0
  0
LINE
  5
3B1
330
1B
100
AcDbEntity
  8
F.Cu
  6
CONTINUOUS
100
AcDbLine
 10
85.6184080000000023
 20
-121.4924849999999878
 30
0
 11
85.7055369999999925
 21
-121.6228829999999874
 31
0
  0
LINE
  5
3B2
330
1B
100
AcDbEntity
  8
F.Cu
  6
CONTINUOUS
100
AcDbLine
 10
85.7055369999999925
 20
-121.6228829999999874
 30
0
 11
85.7655519999999996
 21
-121.7677719999999937
 31
0
  0
LINE
  5
3B3
330
1B
100
AcDbEntity
  8
F.Cu
  6
CONTINUOUS
100
AcDbLine
 10
85.7655519999999996
 20
-121.7677719999999937
 30
0
 11
85.7961480000000023
 21
-121.9215859999999907
 31
0
  0
LINE
  5
3B4
330
1B
100
AcDbEntity
  8
F.Cu
  6
CONTINUOUS
100
AcDbLine
 10
85.7961480000000023
 20
-121.9215859999999907
 30
0
 11
85.7961480000000023
 21
-122.0784139999999951
 31
0
  0
LINE
  5
3B5
330
1B
100
AcDbEntity
  8
F.Cu
  6
CONTINUOUS
100
AcDbLine
 10
85.7961480000000023
 20
-122.0784139999999951
 30
0
 11
85.7655519999999996
 21
-122.2322279999999921
 31
0
  0
LINE
  5
3B6
330
1B
100
AcDbEntity
  8
F.Cu
  6
CONTINUOUS
100
AcDbLine
 10
85.7655519999999996
 20
-122.2322279999999921
 30
0
 11
85.7055369999999925
 21
-122.3771169999999984
 31
0
  0
LINE
  5
3B7
330
1B
100
AcDbEntity
  8
F.Cu
  6
CONTINUOUS
100
AcDbLine
 10
85.7055369999999925
 20
-122.3771169999999984
 30
0
 11
85.6184080000000023
 21
-122.5075149999999979
 31
0
  0
LINE
  5
3B8
330
1B
100
AcDbEntity
  8
F.Cu
  6
CONTINUOUS
100
AcDbLine
 10
85.6184080000000023
 20
-122.5075149999999979
 30
0
 11
85.5075149999999979
 21
-122.6184079999999881
 31
0
  0
LINE
  5
3B9
330
1B
100
AcDbEntity
  8
F.Cu
  6
CONTINUOUS
100
AcDbLine
 10
85.5075149999999979
 20
-122.6184079999999881
 30
0
 11
85.3771169999999984
 21
-122.7055369999999925
 31
0
  0
LINE
  5
3BA
330
1B
100
AcDbEntity
  8
F.Cu
  6
CONTINUOUS
100
AcDbLine
 10
85.3771169999999984
 20
-122.7055369999999925
 30
0
 11
85.2322279999999921
 21
-122.7655519999999996
 31
0
  0
LINE
  5
3BB
330
1B
100
AcDbEntity
  8
F.Cu
  6
CONTINUOUS
100
AcDbLine
 10
85.2322279999999921
 20
-122.7655519999999996
 30
0
 11
85.0784139999999951
 21
-122.7961479999999881
 31
0
  0
LINE
  5
3BC
330
1B
100
AcDbEntity
  8
F.Cu
  6
CONTINUOUS
100
AcDbLine
 10
85.0784139999999951
 20
-122.7961479999999881
 30
0
 11
84.9215859999999907
 21
-122.7961479999999881
 31
0
  0
LINE
  5
3BD
330
1B
100
AcDbEntity
  8
F.Cu
  6
CONTINUOUS
100
AcDbLine
 10
84.9215859999999907
 20
-122.7961479999999881
 30
0
 11
84.7677719999999937
 21
-122.7655519999999996
 31
0
  0
LINE
  5
3BE
330
1B
100
AcDbEntity
  8
F.Cu
  6
CONTINUOUS
100
AcDbLine
 10
84.7677719999999937
 20
-122.7655519999999996
 30
0
 11
84.6228830000000016
 21
-122.7055369999999925
 31
0
  0
LINE
  5
3BF
330
1B
100
AcDbEntity
  8
F.Cu
  6
CONTINUOUS
100
AcDbLine
 10
84.6228830000000016
 20
-122.7055369999999925
 30
0
 11
84.4924850000000021
 21
-122.6184079999999881
 31
0
  0
LINE
  5
3C0
330
1B
100
AcDbEntity
  8
F.Cu
  6
CONTINUOUS
100
AcDbLine
 10
84.4924850000000021
 20
-122.6184079999999881
 30
0
 11
84.3815919999999977
 21
-122.5075149999999979
 31
0
  0
LINE
  5
3C1
330
1B
100
AcDbEntity
  8
F.Cu
  6
CONTINUOUS
100
AcDbLine
 10
84.3815919999999977
 20
-122.5075149999999979
 30
0
 11
84.2944629999999933
 21
-122.3771169999999984
 31
0
  0
LINE
  5
3C2
330
1B
100
AcDbEntity
  8
F.Cu
  6
CONTINUOUS
100
AcDbLine
 10
84.2944629999999933
 20
-122.3771169999999984
 30
0
 11
84.2344480000000004
 21
-122.2322279999999921
 31
0
  0
LINE
  5
3C3
330
1B
100
AcDbEntity
  8
F.Cu
  6
CONTINUOUS
100
AcDbLine
 10
84.2344480000000004
 20
-122.2322279999999921
 30
0
 11
84.2038519999999977
 21
-122.0784139999999951
 31
0
  0
LINE
  5
3C4
330
1B
100
AcDbEntity
  8
F.Cu
  6
CONTINUOUS
100
AcDbLine
 10
84.2038519999999977
 20
-122.0784139999999951
 30
0
 11
84.2038519999999977
 21
-121.9215859999999907
 31
0
  0
LINE
  5
3C5
330
1B
100
AcDbEntity
  8
F.Cu
  6
CONTINUOUS
100
AcDbLine
 10
84.2038519999999977
 20
-121.9215859999999907
 30
0
 11
84.2344480000000004
 21
-121.7677719999999937
 31
0
  0
LINE
  5
3C6
330
1B
100
AcDbEntity
  8
F.Cu
  6
CONTINUOUS
100
AcDbLine
 10
84.2344480000000004
 20
-121.7677719999999937
 30
0
 11
84.2944629999999933
 21
-121.6228829999999874
 31
0
  0
LINE
  5
3C7
330
1B
100
AcDbEntity
  8
F.Cu
  6
CONTINUOUS
100
AcDbLine
 10
84.2944629999999933
 20
-121.6228829999999874
 30
0
 11
84.3815919999999977
 21
-121.4924849999999878
 31
0
  0
LINE
  5
3C8
330
1B
100
AcDbEntity
  8
F.Cu
  6
CONTINUOUS
100
AcDbLine
 10
84.3815919999999977
 20
-121.4924849999999878
 30
0
 11
84.4924850000000021
 21
-121.3815919999999977
 31
0
  0
LINE
  5
3C9
330
1B
100
AcDbEntity
  8
F.Cu
  6
CONTINUOUS
100
AcDbLine
 10
84.4924850000000021
 20
-121.3815919999999977
 30
0
 11
84.6228830000000016
 21
-121.2944629999999933
 31
0
  0
LINE
  5
3CA
330
1B
100
AcDbEntity
  8
F.Cu
  6
CONTINUOUS
100
AcDbLine
 10
84.6228830000000016
 20
-121.2944629999999933
 30
0
 11
84.7677719999999937
 21
-121.2344480000000004
 31
0
  0
LINE
  5
3CB
330
1B
100
AcDbEntity
  8
F.Cu
  6
CONTINUOUS
100
AcDbLine
 10
84.7677719999999937
 20
-121.2344480000000004
 30
0
 11
84.9215859999999907
 21
-121.2038519999999977
 31
0
  0
LINE
  5
3CC
330
1B
100
AcDbEntity
  8
F.Cu
  6
CONTINUOUS
100
AcDbLine
 10
84.9215859999999907
 20
-121.2038519999999977
 30
0
 11
85.0784139999999951
 21
-121.2038519999999977
 31
0
  0
LINE
  5
3CD
330
1B
100
AcDbEntity
  8
F.Cu
  6
CONTINUOUS
100
AcDbLine
 10
85.0784139999999951
 20
-121.2038519999999977
 30
0
 11
85.2322279999999921
 21
-121.2344480000000004
 31
0
  0
LINE
  5
3CE
330
1B
100
AcDbEntity
  8
F.Cu
  6
CONTINUOUS
100
AcDbLine
 10
55.2090049999999977
 20
-121.3110029999999995
 30
0
 11
55.3394059999999968
 21
-121.3650169999999946
 31
0
  0
LINE
  5
3CF
330
1B
100
AcDbEntity
  8
F.Cu
  6
CONTINUOUS
100
AcDbLine
 10
55.3394059999999968
 20
-121.3650169999999946
 30
0
 11
55.4567629999999951
 21
-121.4434320000000014
 31
0
  0
LINE
  5
3D0
330
1B
100
AcDbEntity
  8
F.Cu
  6
CONTINUOUS
100
AcDbLine
 10
55.4567629999999951
 20
-121.4434320000000014
 30
0
 11
55.5565679999999986
 21
-121.5432369999999906
 31
0
  0
LINE
  5
3D1
330
1B
100
AcDbEntity
  8
F.Cu
  6
CONTINUOUS
100
AcDbLine
 10
55.5565679999999986
 20
-121.5432369999999906
 30
0
 11
55.6349829999999983
 21
-121.660593999999989
 31
0
  0
LINE
  5
3D2
330
1B
100
AcDbEntity
  8
F.Cu
  6
CONTINUOUS
100
AcDbLine
 10
55.6349829999999983
 20
-121.660593999999989
 30
0
 11
55.6889970000000005
 21
-121.7909949999999952
 31
0
  0
LINE
  5
3D3
330
1B
100
AcDbEntity
  8
F.Cu
  6
CONTINUOUS
100
AcDbLine
 10
55.6889970000000005
 20
-121.7909949999999952
 30
0
 11
55.7165329999999983
 21
-121.9294280000000015
 31
0
  0
LINE
  5
3D4
330
1B
100
AcDbEntity
  8
F.Cu
  6
CONTINUOUS
100
AcDbLine
 10
55.7165329999999983
 20
-121.9294280000000015
 30
0
 11
55.7165329999999983
 21
-122.0705719999999985
 31
0
  0
LINE
  5
3D5
330
1B
100
AcDbEntity
  8
F.Cu
  6
CONTINUOUS
100
AcDbLine
 10
55.7165329999999983
 20
-122.0705719999999985
 30
0
 11
55.6889970000000005
 21
-122.2090049999999906
 31
0
  0
LINE
  5
3D6
330
1B
100
AcDbEntity
  8
F.Cu
  6
CONTINUOUS
100
AcDbLine
 10
55.6889970000000005
 20
-122.2090049999999906
 30
0
 11
55.6349829999999983
 21
-122.3394059999999968
 31
0
  0
LINE
  5
3D7
330
1B
100
AcDbEntity
  8
F.Cu
  6
CONTINUOUS
100
AcDbLine
 10
55.6349829999999983
 20
-122.3394059999999968
 30
0
 11
55.5565679999999986
 21
-122.4567629999999951
 31
0
  0
LINE
  5
3D8
330
1B
100
AcDbEntity
  8
F.Cu
  6
CONTINUOUS
100
AcDbLine
 10
55.5565679999999986
 20
-122.4567629999999951
 30
0
 11
55.4567629999999951
 21
-122.5565679999999986
 31
0
  0
LINE
  5
3D9
330
1B
100
AcDbEntity
  8
F.Cu
  6
CONTINUOUS
100
AcDbLine
 10
55.4567629999999951
 20
-122.5565679999999986
 30
0
 11
55.3394059999999968
 21
-122.6349829999999912
 31
0
  0
LINE
  5
3DA
330
1B
100
AcDbEntity
  8
F.Cu
  6
CONTINUOUS
100
AcDbLine
 10
55.3394059999999968
 20
-122.6349829999999912
 30
0
 11
55.2090049999999977
 21
-122.6889970000000005
 31
0
  0
LINE
  5
3DB
330
1B
100
AcDbEntity
  8
F.Cu
  6
CONTINUOUS
100
AcDbLine
 10
55.2090049999999977
 20
-122.6889970000000005
 30
0
 11
55.0705719999999985
 21
-122.7165329999999983
 31
0
  0
LINE
  5
3DC
330
1B
100
AcDbEntity
  8
F.Cu
  6
CONTINUOUS
100
AcDbLine
 10
55.0705719999999985
 20
-122.7165329999999983
 30
0
 11
54.9294279999999944
 21
-122.7165329999999983
 31
0
  0
LINE
  5
3DD
330
1B
100
AcDbEntity
  8
F.Cu
  6
CONTINUOUS
100
AcDbLine
 10
54.9294279999999944
 20
-122.7165329999999983
 30
0
 11
54.7909949999999952
 21
-122.6889970000000005
 31
0
  0
LINE
  5
3DE
330
1B
100
AcDbEntity
  8
F.Cu
  6
CONTINUOUS
100
AcDbLine
 10
54.7909949999999952
 20
-122.6889970000000005
 30
0
 11
54.6605939999999961
 21
-122.6349829999999912
 31
0
  0
LINE
  5
3DF
330
1B
100
AcDbEntity
  8
F.Cu
  6
CONTINUOUS
100
AcDbLine
 10
54.6605939999999961
 20
-122.6349829999999912
 30
0
 11
54.5432369999999977
 21
-122.5565679999999986
 31
0
  0
LINE
  5
3E0
330
1B
100
AcDbEntity
  8
F.Cu
  6
CONTINUOUS
100
AcDbLine
 10
54.5432369999999977
 20
-122.5565679999999986
 30
0
 11
54.4434319999999943
 21
-122.4567629999999951
 31
0
  0
LINE
  5
3E1
330
1B
100
AcDbEntity
  8
F.Cu
  6
CONTINUOUS
100
AcDbLine
 10
54.4434319999999943
 20
-122.4567629999999951
 30
0
 11
54.3650169999999946
 21
-122.3394059999999968
 31
0
  0
LINE
  5
3E2
330
1B
100
AcDbEntity
  8
F.Cu
  6
CONTINUOUS
100
AcDbLine
 10
54.3650169999999946
 20
-122.3394059999999968
 30
0
 11
54.3110029999999995
 21
-122.2090049999999906
 31
0
  0
LINE
  5
3E3
330
1B
100
AcDbEntity
  8
F.Cu
  6
CONTINUOUS
100
AcDbLine
 10
54.3110029999999995
 20
-122.2090049999999906
 30
0
 11
54.2834669999999946
 21
-122.0705719999999985
 31
0
  0
LINE
  5
3E4
330
1B
100
AcDbEntity
  8
F.Cu
  6
CONTINUOUS
100
AcDbLine
 10
54.2834669999999946
 20
-122.0705719999999985
 30
0
 11
54.2834669999999946
 21
-121.9294280000000015
 31
0
  0
LINE
  5
3E5
330
1B
100
AcDbEntity
  8
F.Cu
  6
CONTINUOUS
100
AcDbLine
 10
54.2834669999999946
 20
-121.9294280000000015
 30
0
 11
54.3110029999999995
 21
-121.7909949999999952
 31
0
  0
LINE
  5
3E6
330
1B
100
AcDbEntity
  8
F.Cu
  6
CONTINUOUS
100
AcDbLine
 10
54.3110029999999995
 20
-121.7909949999999952
 30
0
 11
54.3650169999999946
 21
-121.660593999999989
 31
0
  0
LINE
  5
3E7
330
1B
100
AcDbEntity
  8
F.Cu
  6
CONTINUOUS
100
AcDbLine
 10
54.3650169999999946
 20
-121.660593999999989
 30
0
 11
54.4434319999999943
 21
-121.5432369999999906
 31
0
  0
LINE
  5
3E8
330
1B
100
AcDbEntity
  8
F.Cu
  6
CONTINUOUS
100
AcDbLine
 10
54.4434319999999943
 20
-121.5432369999999906
 30
0
 11
54.5432369999999977
 21
-121.4434320000000014
 31
0
  0
LINE
  5
3E9
330
1B
100
AcDbEntity
  8
F.Cu
  6
CONTINUOUS
100
AcDbLine
 10
54.5432369999999977
 20
-121.4434320000000014
 30
0
 11
54.6605939999999961
 21
-121.3650169999999946
 31
0
  0
LINE
  5
3EA
330
1B
100
AcDbEntity
  8
F.Cu
  6
CONTINUOUS
100
AcDbLine
 10
54.6605939999999961
 20
-121.3650169999999946
 30
0
 11
54.7909949999999952
 21
-121.3110029999999995
 31
0
  0
LINE
  5
3EB
330
1B
100
AcDbEntity
  8
F.Cu
  6
CONTINUOUS
100
AcDbLine
 10
54.7909949999999952
 20
-121.3110029999999995
 30
0
 11
54.9294279999999944
 21
-121.2834669999999875
 31
0
  0
LINE
  5
3EC
330
1B
100
AcDbEntity
  8
F.Cu
  6
CONTINUOUS
100
AcDbLine
 10
54.9294279999999944
 20
-121.2834669999999875
 30
0
 11
55.0705719999999985
 21
-121.2834669999999875
 31
0
  0
LINE
  5
3ED
330
1B
100
AcDbEntity
  8
F.Cu
  6
CONTINUOUS
100
AcDbLine
 10
55.0705719999999985
 20
-121.2834669999999875
 30
0
 11
55.2090049999999977
 21
-121.3110029999999995
 31
0
  0
LINE
  5
3EE
330
1B
100
AcDbEntity
  8
F.Cu
  6
CONTINUOUS
100
AcDbLine
 10
80.2322279999999921
 20
-119.2344480000000004
 30
0
 11
80.3771169999999984
 21
-119.2944629999999933
 31
0
  0
LINE
  5
3EF
330
1B
100
AcDbEntity
  8
F.Cu
  6
CONTINUOUS
100
AcDbLine
 10
80.3771169999999984
 20
-119.2944629999999933
 30
0
 11
80.5075149999999979
 21
-119.3815919999999977
 31
0
  0
LINE
  5
3F0
330
1B
100
AcDbEntity
  8
F.Cu
  6
CONTINUOUS
100
AcDbLine
 10
80.5075149999999979
 20
-119.3815919999999977
 30
0
 11
80.6184080000000023
 21
-119.4924849999999878
 31
0
  0
LINE
  5
3F1
330
1B
100
AcDbEntity
  8
F.Cu
  6
CONTINUOUS
100
AcDbLine
 10
80.6184080000000023
 20
-119.4924849999999878
 30
0
 11
80.7055369999999925
 21
-119.6228830000000016
 31
0
  0
LINE
  5
3F2
330
1B
100
AcDbEntity
  8
F.Cu
  6
CONTINUOUS
100
AcDbLine
 10
80.7055369999999925
 20
-119.6228830000000016
 30
0
 11
80.7655519999999996
 21
-119.7677719999999937
 31
0
  0
LINE
  5
3F3
330
1B
100
AcDbEntity
  8
F.Cu
  6
CONTINUOUS
100
AcDbLine
 10
80.7655519999999996
 20
-119.7677719999999937
 30
0
 11
80.7961480000000023
 21
-119.9215859999999907
 31
0
  0
LINE
  5
3F4
330
1B
100
AcDbEntity
  8
F.Cu
  6
CONTINUOUS
100
AcDbLine
 10
80.7961480000000023
 20
-119.9215859999999907
 30
0
 11
80.7961480000000023
 21
-120.0784139999999951
 31
0
  0
LINE
  5
3F5
330
1B
100
AcDbEntity
  8
F.Cu
  6
CONTINUOUS
100
AcDbLine
 10
80.7961480000000023
 20
-120.0784139999999951
 30
0
 11
80.7655519999999996
 21
-120.2322279999999921
 31
0
  0
LINE
  5
3F6
330
1B
100
AcDbEntity
  8
F.Cu
  6
CONTINUOUS
100
AcDbLine
 10
80.7655519999999996
 20
-120.2322279999999921
 30
0
 11
80.7055369999999925
 21
-120.3771169999999984
 31
0
  0
LINE
  5
3F7
330
1B
100
AcDbEntity
  8
F.Cu
  6
CONTINUOUS
100
AcDbLine
 10
80.7055369999999925
 20
-120.3771169999999984
 30
0
 11
80.6184080000000023
 21
-120.5075149999999979
 31
0
  0
LINE
  5
3F8
330
1B
100
AcDbEntity
  8
F.Cu
  6
CONTINUOUS
100
AcDbLine
 10
80.6184080000000023
 20
-120.5075149999999979
 30
0
 11
80.5075149999999979
 21
-120.6184079999999881
 31
0
  0
LINE
  5
3F9
330
1B
100
AcDbEntity
  8
F.Cu
  6
CONTINUOUS
100
AcDbLine
 10
80.5075149999999979
 20
-120.6184079999999881
 30
0
 11
80.3771169999999984
 21
-120.7055369999999925
 31
0
  0
LINE
  5
3FA
330
1B
100
AcDbEntity
  8
F.Cu
  6
CONTINUOUS
100
AcDbLine
 10
80.3771169999999984
 20
-120.7055369999999925
 30
0
 11
80.2322279999999921
 21
-120.7655519999999996
 31
0
  0
LINE
  5
3FB
330
1B
100
AcDbEntity
  8
F.Cu
  6
CONTINUOUS
100
AcDbLine
 10
80.2322279999999921
 20
-120.7655519999999996
 30
0
 11
80.0784139999999951
 21
-120.7961479999999881
 31
0
  0
LINE
  5
3FC
330
1B
100
AcDbEntity
  8
F.Cu
  6
CONTINUOUS
100
AcDbLine
 10
80.0784139999999951
 20
-120.7961479999999881
 30
0
 11
79.9215859999999907
 21
-120.7961479999999881
 31
0
  0
LINE
  5
3FD
330
1B
100
AcDbEntity
  8
F.Cu
  6
CONTINUOUS
100
AcDbLine
 10
79.9215859999999907
 20
-120.7961479999999881
 30
0
 11
79.7677719999999937
 21
-120.7655519999999996
 31
0
  0
LINE
  5
3FE
330
1B
100
AcDbEntity
  8
F.Cu
  6
CONTINUOUS
100
AcDbLine
 10
79.7677719999999937
 20
-120.7655519999999996
 30
0
 11
79.6228830000000016
 21
-120.7055369999999925
 31
0
  0
LINE
  5
3FF
330
1B
100
AcDbEntity
  8
F.Cu
  6
CONTINUOUS
100
AcDbLine
 10
79.6228830000000016
 20
-120.7055369999999925
 30
0
 11
79.4924850000000021
 21
-120.6184079999999881
 31
0
  0
LINE
  5
400
330
1B
100
AcDbEntity
  8
F.Cu
  6
CONTINUOUS
100
AcDbLine
 10
79.4924850000000021
 20
-120.6184079999999881
 30
0
 11
79.3815919999999977
 21
-120.5075149999999979
 31
0
  0
LINE
  5
401
330
1B
100
AcDbEntity
  8
F.Cu
  6
CONTINUOUS
100
AcDbLine
 10
79.3815919999999977
 20
-120.5075149999999979
 30
0
 11
79.2944629999999933
 21
-120.3771169999999984
 31
0
  0
LINE
  5
402
330
1B
100
AcDbEntity
  8
F.Cu
  6
CONTINUOUS
100
AcDbLine
 10
79.2944629999999933
 20
-120.3771169999999984
 30
0
 11
79.2344480000000004
 21
-120.2322279999999921
 31
0
  0
LINE
  5
403
330
1B
100
AcDbEntity
  8
F.Cu
  6
CONTINUOUS
100
AcDbLine
 10
79.2344480000000004
 20
-120.2322279999999921
 30
0
 11
79.2038519999999977
 21
-120.0784139999999951
 31
0
  0
LINE
  5
404
330
1B
100
AcDbEntity
  8
F.Cu
  6
CONTINUOUS
100
AcDbLine
 10
79.2038519999999977
 20
-120.0784139999999951
 30
0
 11
79.2038519999999977
 21
-119.9215859999999907
 31
0
  0
LINE
  5
405
330
1B
100
AcDbEntity
  8
F.Cu
  6
CONTINUOUS
100
AcDbLine
 10
79.2038519999999977
 20
-119.9215859999999907
 30
0
 11
79.2344480000000004
 21
-119.7677719999999937
 31
0
  0
LINE
  5
406
330
1B
100
AcDbEntity
  8
F.Cu
  6
CONTINUOUS
100
AcDbLine
 10
79.2344480000000004
 20
-119.7677719999999937
 30
0
 11
79.2944629999999933
 21
-119.6228830000000016
 31
0
  0
LINE
  5
407
330
1B
100
AcDbEntity
  8
F.Cu
  6
CONTINUOUS
100
AcDbLine
 10
79.2944629999999933
 20
-119.6228830000000016
 30
0
 11
79.3815919999999977
 21
-119.4924849999999878
 31
0
  0
LINE
  5
408
330
1B
100
AcDbEntity
  8
F.Cu
  6
CONTINUOUS
100
AcDbLine
 10
79.3815919999999977
 20
-119.4924849999999878
 30
0
 11
79.4924850000000021
 21
-119.3815919999999977
 31
0
  0
LINE
  5
409
330
1B
100
AcDbEntity
  8
F.Cu
  6
CONTINUOUS
100
AcDbLine
 10
79.4924850000000021
 20
-119.3815919999999977
 30
0
 11
79.6228830000000016
 21
-119.2944629999999933
 31
0
  0
LINE
  5
40A
330
1B
100
AcDbEntity
  8
F.Cu
  6
CONTINUOUS
100
AcDbLine
 10
79.6228830000000016
 20
-119.2944629999999933
 30
0
 11
79.7677719999999937
 21
-119.2344480000000004
 31
0
  0
LINE
  5
40B
330
1B
100
AcDbEntity
  8
F.Cu
  6
CONTINUOUS
100
AcDbLine
 10
79.7677719999999937
 20
-119.2344480000000004
 30
0
 11
79.9215859999999907
 21
-119.2038519999999977
 31
0
  0
LINE
  5
40C
330
1B
100
AcDbEntity
  8
F.Cu
  6
CONTINUOUS
100
AcDbLine
 10
79.9215859999999907
 20
-119.2038519999999977
 30
0
 11
80.0784139999999951
 21
-119.2038519999999977
 31
0
  0
LINE
  5
40D
330
1B
100
AcDbEntity
  8
F.Cu
  6
CONTINUOUS
100
AcDbLine
 10
80.0784139999999951
 20
-119.2038519999999977
 30
0
 11
80.2322279999999921
 21
-119.2344480000000004
 31
0
  0
LINE
  5
40E
330
1B
100
AcDbEntity
  8
F.Cu
  6
CONTINUOUS
100
AcDbLine
 10
55.2322279999999992
 20
-117.394447999999997
 30
0
 11
55.3771169999999984
 21
-117.4544629999999898
 31
0
  0
LINE
  5
40F
330
1B
100
AcDbEntity
  8
F.Cu
  6
CONTINUOUS
100
AcDbLine
 10
55.3771169999999984
 20
-117.4544629999999898
 30
0
 11
55.5075149999999979
 21
-117.5415919999999943
 31
0
  0
LINE
  5
410
330
1B
100
AcDbEntity
  8
F.Cu
  6
CONTINUOUS
100
AcDbLine
 10
55.5075149999999979
 20
-117.5415919999999943
 30
0
 11
55.6184079999999952
 21
-117.6524849999999986
 31
0
  0
LINE
  5
411
330
1B
100
AcDbEntity
  8
F.Cu
  6
CONTINUOUS
100
AcDbLine
 10
55.6184079999999952
 20
-117.6524849999999986
 30
0
 11
55.7055369999999996
 21
-117.7828829999999982
 31
0
  0
LINE
  5
412
330
1B
100
AcDbEntity
  8
F.Cu
  6
CONTINUOUS
100
AcDbLine
 10
55.7055369999999996
 20
-117.7828829999999982
 30
0
 11
55.7655519999999996
 21
-117.9277719999999903
 31
0
  0
LINE
  5
413
330
1B
100
AcDbEntity
  8
F.Cu
  6
CONTINUOUS
100
AcDbLine
 10
55.7655519999999996
 20
-117.9277719999999903
 30
0
 11
55.7961479999999952
 21
-118.0815860000000015
 31
0
  0
LINE
  5
414
330
1B
100
AcDbEntity
  8
F.Cu
  6
CONTINUOUS
100
AcDbLine
 10
55.7961479999999952
 20
-118.0815860000000015
 30
0
 11
55.7961479999999952
 21
-118.2384139999999917
 31
0
  0
LINE
  5
415
330
1B
100
AcDbEntity
  8
F.Cu
  6
CONTINUOUS
100
AcDbLine
 10
55.7961479999999952
 20
-118.2384139999999917
 30
0
 11
55.7655519999999996
 21
-118.3922279999999887
 31
0
  0
LINE
  5
416
330
1B
100
AcDbEntity
  8
F.Cu
  6
CONTINUOUS
100
AcDbLine
 10
55.7655519999999996
 20
-118.3922279999999887
 30
0
 11
55.7055369999999996
 21
-118.537116999999995
 31
0
  0
LINE
  5
417
330
1B
100
AcDbEntity
  8
F.Cu
  6
CONTINUOUS
100
AcDbLine
 10
55.7055369999999996
 20
-118.537116999999995
 30
0
 11
55.6184079999999952
 21
-118.6675149999999945
 31
0
  0
LINE
  5
418
330
1B
100
AcDbEntity
  8
F.Cu
  6
CONTINUOUS
100
AcDbLine
 10
55.6184079999999952
 20
-118.6675149999999945
 30
0
 11
55.5075149999999979
 21
-118.7784079999999989
 31
0
  0
LINE
  5
419
330
1B
100
AcDbEntity
  8
F.Cu
  6
CONTINUOUS
100
AcDbLine
 10
55.5075149999999979
 20
-118.7784079999999989
 30
0
 11
55.3771169999999984
 21
-118.8655369999999891
 31
0
  0
LINE
  5
41A
330
1B
100
AcDbEntity
  8
F.Cu
  6
CONTINUOUS
100
AcDbLine
 10
55.3771169999999984
 20
-118.8655369999999891
 30
0
 11
55.2322279999999992
 21
-118.9255519999999962
 31
0
  0
LINE
  5
41B
330
1B
100
AcDbEntity
  8
F.Cu
  6
CONTINUOUS
100
AcDbLine
 10
55.2322279999999992
 20
-118.9255519999999962
 30
0
 11
55.0784139999999951
 21
-118.9561479999999989
 31
0
  0
LINE
  5
41C
330
1B
100
AcDbEntity
  8
F.Cu
  6
CONTINUOUS
100
AcDbLine
 10
55.0784139999999951
 20
-118.9561479999999989
 30
0
 11
54.9215859999999978
 21
-118.9561479999999989
 31
0
  0
LINE
  5
41D
330
1B
100
AcDbEntity
  8
F.Cu
  6
CONTINUOUS
100
AcDbLine
 10
54.9215859999999978
 20
-118.9561479999999989
 30
0
 11
54.7677720000000008
 21
-118.9255519999999962
 31
0
  0
LINE
  5
41E
330
1B
100
AcDbEntity
  8
F.Cu
  6
CONTINUOUS
100
AcDbLine
 10
54.7677720000000008
 20
-118.9255519999999962
 30
0
 11
54.6228829999999945
 21
-118.8655369999999891
 31
0
  0
LINE
  5
41F
330
1B
100
AcDbEntity
  8
F.Cu
  6
CONTINUOUS
100
AcDbLine
 10
54.6228829999999945
 20
-118.8655369999999891
 30
0
 11
54.492484999999995
 21
-118.7784079999999989
 31
0
  0
LINE
  5
420
330
1B
100
AcDbEntity
  8
F.Cu
  6
CONTINUOUS
100
AcDbLine
 10
54.492484999999995
 20
-118.7784079999999989
 30
0
 11
54.3815919999999977
 21
-118.6675149999999945
 31
0
  0
LINE
  5
421
330
1B
100
AcDbEntity
  8
F.Cu
  6
CONTINUOUS
100
AcDbLine
 10
54.3815919999999977
 20
-118.6675149999999945
 30
0
 11
54.2944630000000004
 21
-118.537116999999995
 31
0
  0
LINE
  5
422
330
1B
100
AcDbEntity
  8
F.Cu
  6
CONTINUOUS
100
AcDbLine
 10
54.2944630000000004
 20
-118.537116999999995
 30
0
 11
54.2344480000000004
 21
-118.3922279999999887
 31
0
  0
LINE
  5
423
330
1B
100
AcDbEntity
  8
F.Cu
  6
CONTINUOUS
100
AcDbLine
 10
54.2344480000000004
 20
-118.3922279999999887
 30
0
 11
54.2038519999999977
 21
-118.2384139999999917
 31
0
  0
LINE
  5
424
330
1B
100
AcDbEntity
  8
F.Cu
  6
CONTINUOUS
100
AcDbLine
 10
54.2038519999999977
 20
-118.2384139999999917
 30
0
 11
54.2038519999999977
 21
-118.0815860000000015
 31
0
  0
LINE
  5
425
330
1B
100
AcDbEntity
  8
F.Cu
  6
CONTINUOUS
100
AcDbLine
 10
54.2038519999999977
 20
-118.0815860000000015
 30
0
 11
54.2344480000000004
 21
-117.9277719999999903
 31
0
  0
LINE
  5
426
330
1B
100
AcDbEntity
  8
F.Cu
  6
CONTINUOUS
100
AcDbLine
 10
54.2344480000000004
 20
-117.9277719999999903
 30
0
 11
54.2944630000000004
 21
-117.7828829999999982
 31
0
  0
LINE
  5
427
330
1B
100
AcDbEntity
  8
F.Cu
  6
CONTINUOUS
100
AcDbLine
 10
54.2944630000000004
 20
-117.7828829999999982
 30
0
 11
54.3815919999999977
 21
-117.6524849999999986
 31
0
  0
LINE
  5
428
330
1B
100
AcDbEntity
  8
F.Cu
  6
CONTINUOUS
100
AcDbLine
 10
54.3815919999999977
 20
-117.6524849999999986
 30
0
 11
54.492484999999995
 21
-117.5415919999999943
 31
0
  0
LINE
  5
429
330
1B
100
AcDbEntity
  8
F.Cu
  6
CONTINUOUS
100
AcDbLine
 10
54.492484999999995
 20
-117.5415919999999943
 30
0
 11
54.6228829999999945
 21
-117.4544629999999898
 31
0
  0
LINE
  5
42A
330
1B
100
AcDbEntity
  8
F.Cu
  6
CONTINUOUS
100
AcDbLine
 10
54.6228829999999945
 20
-117.4544629999999898
 30
0
 11
54.7677720000000008
 21
-117.394447999999997
 31
0
  0
LINE
  5
42B
330
1B
100
AcDbEntity
  8
F.Cu
  6
CONTINUOUS
100
AcDbLine
 10
54.7677720000000008
 20
-117.394447999999997
 30
0
 11
54.9215859999999978
 21
-117.3638519999999943
 31
0
  0
LINE
  5
42C
330
1B
100
AcDbEntity
  8
F.Cu
  6
CONTINUOUS
100
AcDbLine
 10
54.9215859999999978
 20
-117.3638519999999943
 30
0
 11
55.0784139999999951
 21
-117.3638519999999943
 31
0
  0
LINE
  5
42D
330
1B
100
AcDbEntity
  8
F.Cu
  6
CONTINUOUS
100
AcDbLine
 10
55.0784139999999951
 20
-117.3638519999999943
 30
0
 11
55.2322279999999992
 21
-117.394447999999997
 31
0
  0
LINE
  5
42E
330
1B
100
AcDbEntity
  8
F.Cu
  6
CONTINUOUS
100
AcDbLine
 10
64.5322280000000035
 20
-117.0744479999999896
 30
0
 11
64.6771169999999955
 21
-117.1344629999999967
 31
0
  0
LINE
  5
42F
330
1B
100
AcDbEntity
  8
F.Cu
  6
CONTINUOUS
100
AcDbLine
 10
64.6771169999999955
 20
-117.1344629999999967
 30
0
 11
64.8075149999999951
 21
-117.2215920000000011
 31
0
  0
LINE
  5
430
330
1B
100
AcDbEntity
  8
F.Cu
  6
CONTINUOUS
100
AcDbLine
 10
64.8075149999999951
 20
-117.2215920000000011
 30
0
 11
64.9184079999999994
 21
-117.3324849999999913
 31
0
  0
LINE
  5
431
330
1B
100
AcDbEntity
  8
F.Cu
  6
CONTINUOUS
100
AcDbLine
 10
64.9184079999999994
 20
-117.3324849999999913
 30
0
 11
65.0055370000000039
 21
-117.4628829999999908
 31
0
  0
LINE
  5
432
330
1B
100
AcDbEntity
  8
F.Cu
  6
CONTINUOUS
100
AcDbLine
 10
65.0055370000000039
 20
-117.4628829999999908
 30
0
 11
65.0655519999999967
 21
-117.6077719999999971
 31
0
  0
LINE
  5
433
330
1B
100
AcDbEntity
  8
F.Cu
  6
CONTINUOUS
100
AcDbLine
 10
65.0655519999999967
 20
-117.6077719999999971
 30
0
 11
65.0961479999999995
 21
-117.7615859999999941
 31
0
  0
LINE
  5
434
330
1B
100
AcDbEntity
  8
F.Cu
  6
CONTINUOUS
100
AcDbLine
 10
65.0961479999999995
 20
-117.7615859999999941
 30
0
 11
65.0961479999999995
 21
-117.9184139999999985
 31
0
  0
LINE
  5
435
330
1B
100
AcDbEntity
  8
F.Cu
  6
CONTINUOUS
100
AcDbLine
 10
65.0961479999999995
 20
-117.9184139999999985
 30
0
 11
65.0655519999999967
 21
-118.0722279999999955
 31
0
  0
LINE
  5
436
330
1B
100
AcDbEntity
  8
F.Cu
  6
CONTINUOUS
100
AcDbLine
 10
65.0655519999999967
 20
-118.0722279999999955
 30
0
 11
65.0055370000000039
 21
-118.2171169999999876
 31
0
  0
LINE
  5
437
330
1B
100
AcDbEntity
  8
F.Cu
  6
CONTINUOUS
100
AcDbLine
 10
65.0055370000000039
 20
-118.2171169999999876
 30
0
 11
64.9184079999999994
 21
-118.3475150000000014
 31
0
  0
LINE
  5
438
330
1B
100
AcDbEntity
  8
F.Cu
  6
CONTINUOUS
100
AcDbLine
 10
64.9184079999999994
 20
-118.3475150000000014
 30
0
 11
64.8075149999999951
 21
-118.4584079999999915
 31
0
  0
LINE
  5
439
330
1B
100
AcDbEntity
  8
F.Cu
  6
CONTINUOUS
100
AcDbLine
 10
64.8075149999999951
 20
-118.4584079999999915
 30
0
 11
64.6771169999999955
 21
-118.5455369999999959
 31
0
  0
LINE
  5
43A
330
1B
100
AcDbEntity
  8
F.Cu
  6
CONTINUOUS
100
AcDbLine
 10
64.6771169999999955
 20
-118.5455369999999959
 30
0
 11
64.5322280000000035
 21
-118.6055519999999888
 31
0
  0
LINE
  5
43B
330
1B
100
AcDbEntity
  8
F.Cu
  6
CONTINUOUS
100
AcDbLine
 10
64.5322280000000035
 20
-118.6055519999999888
 30
0
 11
64.3784139999999923
 21
-118.6361479999999915
 31
0
  0
LINE
  5
43C
330
1B
100
AcDbEntity
  8
F.Cu
  6
CONTINUOUS
100
AcDbLine
 10
64.3784139999999923
 20
-118.6361479999999915
 30
0
 11
64.2215860000000021
 21
-118.6361479999999915
 31
0
  0
LINE
  5
43D
330
1B
100
AcDbEntity
  8
F.Cu
  6
CONTINUOUS
100
AcDbLine
 10
64.2215860000000021
 20
-118.6361479999999915
 30
0
 11
64.0677719999999908
 21
-118.6055519999999888
 31
0
  0
LINE
  5
43E
330
1B
100
AcDbEntity
  8
F.Cu
  6
CONTINUOUS
100
AcDbLine
 10
64.0677719999999908
 20
-118.6055519999999888
 30
0
 11
63.9228829999999988
 21
-118.5455369999999959
 31
0
  0
LINE
  5
43F
330
1B
100
AcDbEntity
  8
F.Cu
  6
CONTINUOUS
100
AcDbLine
 10
63.9228829999999988
 20
-118.5455369999999959
 30
0
 11
63.7924849999999992
 21
-118.4584079999999915
 31
0
  0
LINE
  5
440
330
1B
100
AcDbEntity
  8
F.Cu
  6
CONTINUOUS
100
AcDbLine
 10
63.7924849999999992
 20
-118.4584079999999915
 30
0
 11
63.6815919999999949
 21
-118.3475150000000014
 31
0
  0
LINE
  5
441
330
1B
100
AcDbEntity
  8
F.Cu
  6
CONTINUOUS
100
AcDbLine
 10
63.6815919999999949
 20
-118.3475150000000014
 30
0
 11
63.5944629999999975
 21
-118.2171169999999876
 31
0
  0
LINE
  5
442
330
1B
100
AcDbEntity
  8
F.Cu
  6
CONTINUOUS
100
AcDbLine
 10
63.5944629999999975
 20
-118.2171169999999876
 30
0
 11
63.5344479999999976
 21
-118.0722279999999955
 31
0
  0
LINE
  5
443
330
1B
100
AcDbEntity
  8
F.Cu
  6
CONTINUOUS
100
AcDbLine
 10
63.5344479999999976
 20
-118.0722279999999955
 30
0
 11
63.5038519999999949
 21
-117.9184139999999985
 31
0
  0
LINE
  5
444
330
1B
100
AcDbEntity
  8
F.Cu
  6
CONTINUOUS
100
AcDbLine
 10
63.5038519999999949
 20
-117.9184139999999985
 30
0
 11
63.5038519999999949
 21
-117.7615859999999941
 31
0
  0
LINE
  5
445
330
1B
100
AcDbEntity
  8
F.Cu
  6
CONTINUOUS
100
AcDbLine
 10
63.5038519999999949
 20
-117.7615859999999941
 30
0
 11
63.5344479999999976
 21
-117.6077719999999971
 31
0
  0
LINE
  5
446
330
1B
100
AcDbEntity
  8
F.Cu
  6
CONTINUOUS
100
AcDbLine
 10
63.5344479999999976
 20
-117.6077719999999971
 30
0
 11
63.5944629999999975
 21
-117.4628829999999908
 31
0
  0
LINE
  5
447
330
1B
100
AcDbEntity
  8
F.Cu
  6
CONTINUOUS
100
AcDbLine
 10
63.5944629999999975
 20
-117.4628829999999908
 30
0
 11
63.6815919999999949
 21
-117.3324849999999913
 31
0
  0
LINE
  5
448
330
1B
100
AcDbEntity
  8
F.Cu
  6
CONTINUOUS
100
AcDbLine
 10
63.6815919999999949
 20
-117.3324849999999913
 30
0
 11
63.7924849999999992
 21
-117.2215920000000011
 31
0
  0
LINE
  5
449
330
1B
100
AcDbEntity
  8
F.Cu
  6
CONTINUOUS
100
AcDbLine
 10
63.7924849999999992
 20
-117.2215920000000011
 30
0
 11
63.9228829999999988
 21
-117.1344629999999967
 31
0
  0
LINE
  5
44A
330
1B
100
AcDbEntity
  8
F.Cu
  6
CONTINUOUS
100
AcDbLine
 10
63.9228829999999988
 20
-117.1344629999999967
 30
0
 11
64.0677719999999908
 21
-117.0744479999999896
 31
0
  0
LINE
  5
44B
330
1B
100
AcDbEntity
  8
F.Cu
  6
CONTINUOUS
100
AcDbLine
 10
64.0677719999999908
 20
-117.0744479999999896
 30
0
 11
64.2215860000000021
 21
-117.0438520000000011
 31
0
  0
LINE
  5
44C
330
1B
100
AcDbEntity
  8
F.Cu
  6
CONTINUOUS
100
AcDbLine
 10
64.2215860000000021
 20
-117.0438520000000011
 30
0
 11
64.3784139999999923
 21
-117.0438520000000011
 31
0
  0
LINE
  5
44D
330
1B
100
AcDbEntity
  8
F.Cu
  6
CONTINUOUS
100
AcDbLine
 10
64.3784139999999923
 20
-117.0438520000000011
 30
0
 11
64.5322280000000035
 21
-117.0744479999999896
 31
0
  0
LINE
  5
44E
330
1B
100
AcDbEntity
  8
F.Cu
  6
CONTINUOUS
100
AcDbLine
 10
85.2322279999999921
 20
-116.2344480000000004
 30
0
 11
85.3771169999999984
 21
-116.2944629999999933
 31
0
  0
LINE
  5
44F
330
1B
100
AcDbEntity
  8
F.Cu
  6
CONTINUOUS
100
AcDbLine
 10
85.3771169999999984
 20
-116.2944629999999933
 30
0
 11
85.5075149999999979
 21
-116.3815919999999977
 31
0
  0
LINE
  5
450
330
1B
100
AcDbEntity
  8
F.Cu
  6
CONTINUOUS
100
AcDbLine
 10
85.5075149999999979
 20
-116.3815919999999977
 30
0
 11
85.6184080000000023
 21
-116.4924849999999878
 31
0
  0
LINE
  5
451
330
1B
100
AcDbEntity
  8
F.Cu
  6
CONTINUOUS
100
AcDbLine
 10
85.6184080000000023
 20
-116.4924849999999878
 30
0
 11
85.7055369999999925
 21
-116.6228830000000016
 31
0
  0
LINE
  5
452
330
1B
100
AcDbEntity
  8
F.Cu
  6
CONTINUOUS
100
AcDbLine
 10
85.7055369999999925
 20
-116.6228830000000016
 30
0
 11
85.7655519999999996
 21
-116.7677719999999937
 31
0
  0
LINE
  5
453
330
1B
100
AcDbEntity
  8
F.Cu
  6
CONTINUOUS
100
AcDbLine
 10
85.7655519999999996
 20
-116.7677719999999937
 30
0
 11
85.7961480000000023
 21
-116.9215859999999907
 31
0
  0
LINE
  5
454
330
1B
100
AcDbEntity
  8
F.Cu
  6
CONTINUOUS
100
AcDbLine
 10
85.7961480000000023
 20
-116.9215859999999907
 30
0
 11
85.7961480000000023
 21
-117.0784139999999951
 31
0
  0
LINE
  5
455
330
1B
100
AcDbEntity
  8
F.Cu
  6
CONTINUOUS
100
AcDbLine
 10
85.7961480000000023
 20
-117.0784139999999951
 30
0
 11
85.7655519999999996
 21
-117.2322279999999921
 31
0
  0
LINE
  5
456
330
1B
100
AcDbEntity
  8
F.Cu
  6
CONTINUOUS
100
AcDbLine
 10
85.7655519999999996
 20
-117.2322279999999921
 30
0
 11
85.7055369999999925
 21
-117.3771169999999984
 31
0
  0
LINE
  5
457
330
1B
100
AcDbEntity
  8
F.Cu
  6
CONTINUOUS
100
AcDbLine
 10
85.7055369999999925
 20
-117.3771169999999984
 30
0
 11
85.6184080000000023
 21
-117.5075149999999979
 31
0
  0
LINE
  5
458
330
1B
100
AcDbEntity
  8
F.Cu
  6
CONTINUOUS
100
AcDbLine
 10
85.6184080000000023
 20
-117.5075149999999979
 30
0
 11
85.5075149999999979
 21
-117.6184079999999881
 31
0
  0
LINE
  5
459
330
1B
100
AcDbEntity
  8
F.Cu
  6
CONTINUOUS
100
AcDbLine
 10
85.5075149999999979
 20
-117.6184079999999881
 30
0
 11
85.3771169999999984
 21
-117.7055369999999925
 31
0
  0
LINE
  5
45A
330
1B
100
AcDbEntity
  8
F.Cu
  6
CONTINUOUS
100
AcDbLine
 10
85.3771169999999984
 20
-117.7055369999999925
 30
0
 11
85.2322279999999921
 21
-117.7655519999999996
 31
0
  0
LINE
  5
45B
330
1B
100
AcDbEntity
  8
F.Cu
  6
CONTINUOUS
100
AcDbLine
 10
85.2322279999999921
 20
-117.7655519999999996
 30
0
 11
85.0784139999999951
 21
-117.7961479999999881
 31
0
  0
LINE
  5
45C
330
1B
100
AcDbEntity
  8
F.Cu
  6
CONTINUOUS
100
AcDbLine
 10
85.0784139999999951
 20
-117.7961479999999881
 30
0
 11
84.9215859999999907
 21
-117.7961479999999881
 31
0
  0
LINE
  5
45D
330
1B
100
AcDbEntity
  8
F.Cu
  6
CONTINUOUS
100
AcDbLine
 10
84.9215859999999907
 20
-117.7961479999999881
 30
0
 11
84.7677719999999937
 21
-117.7655519999999996
 31
0
  0
LINE
  5
45E
330
1B
100
AcDbEntity
  8
F.Cu
  6
CONTINUOUS
100
AcDbLine
 10
84.7677719999999937
 20
-117.7655519999999996
 30
0
 11
84.6228830000000016
 21
-117.7055369999999925
 31
0
  0
LINE
  5
45F
330
1B
100
AcDbEntity
  8
F.Cu
  6
CONTINUOUS
100
AcDbLine
 10
84.6228830000000016
 20
-117.7055369999999925
 30
0
 11
84.4924850000000021
 21
-117.6184079999999881
 31
0
  0
LINE
  5
460
330
1B
100
AcDbEntity
  8
F.Cu
  6
CONTINUOUS
100
AcDbLine
 10
84.4924850000000021
 20
-117.6184079999999881
 30
0
 11
84.3815919999999977
 21
-117.5075149999999979
 31
0
  0
LINE
  5
461
330
1B
100
AcDbEntity
  8
F.Cu
  6
CONTINUOUS
100
AcDbLine
 10
84.3815919999999977
 20
-117.5075149999999979
 30
0
 11
84.2944629999999933
 21
-117.3771169999999984
 31
0
  0
LINE
  5
462
330
1B
100
AcDbEntity
  8
F.Cu
  6
CONTINUOUS
100
AcDbLine
 10
84.2944629999999933
 20
-117.3771169999999984
 30
0
 11
84.2344480000000004
 21
-117.2322279999999921
 31
0
  0
LINE
  5
463
330
1B
100
AcDbEntity
  8
F.Cu
  6
CONTINUOUS
100
AcDbLine
 10
84.2344480000000004
 20
-117.2322279999999921
 30
0
 11
84.2038519999999977
 21
-117.0784139999999951
 31
0
  0
LINE
  5
464
330
1B
100
AcDbEntity
  8
F.Cu
  6
CONTINUOUS
100
AcDbLine
 10
84.2038519999999977
 20
-117.0784139999999951
 30
0
 11
84.2038519999999977
 21
-116.9215859999999907
 31
0
  0
LINE
  5
465
330
1B
100
AcDbEntity
  8
F.Cu
  6
CONTINUOUS
100
AcDbLine
 10
84.2038519999999977
 20
-116.9215859999999907
 30
0
 11
84.2344480000000004
 21
-116.7677719999999937
 31
0
  0
LINE
  5
466
330
1B
100
AcDbEntity
  8
F.Cu
  6
CONTINUOUS
100
AcDbLine
 10
84.2344480000000004
 20
-116.7677719999999937
 30
0
 11
84.2944629999999933
 21
-116.6228830000000016
 31
0
  0
LINE
  5
467
330
1B
100
AcDbEntity
  8
F.Cu
  6
CONTINUOUS
100
AcDbLine
 10
84.2944629999999933
 20
-116.6228830000000016
 30
0
 11
84.3815919999999977
 21
-116.4924849999999878
 31
0
  0
LINE
  5
468
330
1B
100
AcDbEntity
  8
F.Cu
  6
CONTINUOUS
100
AcDbLine
 10
84.3815919999999977
 20
-116.4924849999999878
 30
0
 11
84.4924850000000021
 21
-116.3815919999999977
 31
0
  0
LINE
  5
469
330
1B
100
AcDbEntity
  8
F.Cu
  6
CONTINUOUS
100
AcDbLine
 10
84.4924850000000021
 20
-116.3815919999999977
 30
0
 11
84.6228830000000016
 21
-116.2944629999999933
 31
0
  0
LINE
  5
46A
330
1B
100
AcDbEntity
  8
F.Cu
  6
CONTINUOUS
100
AcDbLine
 10
84.6228830000000016
 20
-116.2944629999999933
 30
0
 11
84.7677719999999937
 21
-116.2344480000000004
 31
0
  0
LINE
  5
46B
330
1B
100
AcDbEntity
  8
F.Cu
  6
CONTINUOUS
100
AcDbLine
 10
84.7677719999999937
 20
-116.2344480000000004
 30
0
 11
84.9215859999999907
 21
-116.2038519999999977
 31
0
  0
LINE
  5
46C
330
1B
100
AcDbEntity
  8
F.Cu
  6
CONTINUOUS
100
AcDbLine
 10
84.9215859999999907
 20
-116.2038519999999977
 30
0
 11
85.0784139999999951
 21
-116.2038519999999977
 31
0
  0
LINE
  5
46D
330
1B
100
AcDbEntity
  8
F.Cu
  6
CONTINUOUS
100
AcDbLine
 10
85.0784139999999951
 20
-116.2038519999999977
 30
0
 11
85.2322279999999921
 21
-116.2344480000000004
 31
0
  0
LINE
  5
46E
330
1B
100
AcDbEntity
  8
F.Cu
  6
CONTINUOUS
100
AcDbLine
 10
67.8522279999999967
 20
-115.2344480000000004
 30
0
 11
67.9971170000000029
 21
-115.2944629999999933
 31
0
  0
LINE
  5
46F
330
1B
100
AcDbEntity
  8
F.Cu
  6
CONTINUOUS
100
AcDbLine
 10
67.9971170000000029
 20
-115.2944629999999933
 30
0
 11
68.1275150000000025
 21
-115.3815919999999977
 31
0
  0
LINE
  5
470
330
1B
100
AcDbEntity
  8
F.Cu
  6
CONTINUOUS
100
AcDbLine
 10
68.1275150000000025
 20
-115.3815919999999977
 30
0
 11
68.2384079999999926
 21
-115.4924849999999878
 31
0
  0
LINE
  5
471
330
1B
100
AcDbEntity
  8
F.Cu
  6
CONTINUOUS
100
AcDbLine
 10
68.2384079999999926
 20
-115.4924849999999878
 30
0
 11
68.3255369999999971
 21
-115.6228830000000016
 31
0
  0
LINE
  5
472
330
1B
100
AcDbEntity
  8
F.Cu
  6
CONTINUOUS
100
AcDbLine
 10
68.3255369999999971
 20
-115.6228830000000016
 30
0
 11
68.3855519999999899
 21
-115.7677719999999937
 31
0
  0
LINE
  5
473
330
1B
100
AcDbEntity
  8
F.Cu
  6
CONTINUOUS
100
AcDbLine
 10
68.3855519999999899
 20
-115.7677719999999937
 30
0
 11
68.4161479999999926
 21
-115.9215859999999907
 31
0
  0
LINE
  5
474
330
1B
100
AcDbEntity
  8
F.Cu
  6
CONTINUOUS
100
AcDbLine
 10
68.4161479999999926
 20
-115.9215859999999907
 30
0
 11
68.4161479999999926
 21
-116.0784139999999951
 31
0
  0
LINE
  5
475
330
1B
100
AcDbEntity
  8
F.Cu
  6
CONTINUOUS
100
AcDbLine
 10
68.4161479999999926
 20
-116.0784139999999951
 30
0
 11
68.3855519999999899
 21
-116.2322279999999921
 31
0
  0
LINE
  5
476
330
1B
100
AcDbEntity
  8
F.Cu
  6
CONTINUOUS
100
AcDbLine
 10
68.3855519999999899
 20
-116.2322279999999921
 30
0
 11
68.3255369999999971
 21
-116.3771169999999984
 31
0
  0
LINE
  5
477
330
1B
100
AcDbEntity
  8
F.Cu
  6
CONTINUOUS
100
AcDbLine
 10
68.3255369999999971
 20
-116.3771169999999984
 30
0
 11
68.2384079999999926
 21
-116.5075149999999979
 31
0
  0
LINE
  5
478
330
1B
100
AcDbEntity
  8
F.Cu
  6
CONTINUOUS
100
AcDbLine
 10
68.2384079999999926
 20
-116.5075149999999979
 30
0
 11
68.1275150000000025
 21
-116.6184079999999881
 31
0
  0
LINE
  5
479
330
1B
100
AcDbEntity
  8
F.Cu
  6
CONTINUOUS
100
AcDbLine
 10
68.1275150000000025
 20
-116.6184079999999881
 30
0
 11
67.9971170000000029
 21
-116.7055369999999925
 31
0
  0
LINE
  5
47A
330
1B
100
AcDbEntity
  8
F.Cu
  6
CONTINUOUS
100
AcDbLine
 10
67.9971170000000029
 20
-116.7055369999999925
 30
0
 11
67.8522279999999967
 21
-116.7655519999999996
 31
0
  0
LINE
  5
47B
330
1B
100
AcDbEntity
  8
F.Cu
  6
CONTINUOUS
100
AcDbLine
 10
67.8522279999999967
 20
-116.7655519999999996
 30
0
 11
67.6984139999999996
 21
-116.7961479999999881
 31
0
  0
LINE
  5
47C
330
1B
100
AcDbEntity
  8
F.Cu
  6
CONTINUOUS
100
AcDbLine
 10
67.6984139999999996
 20
-116.7961479999999881
 30
0
 11
67.5415859999999952
 21
-116.7961479999999881
 31
0
  0
LINE
  5
47D
330
1B
100
AcDbEntity
  8
F.Cu
  6
CONTINUOUS
100
AcDbLine
 10
67.5415859999999952
 20
-116.7961479999999881
 30
0
 11
67.3877719999999982
 21
-116.7655519999999996
 31
0
  0
LINE
  5
47E
330
1B
100
AcDbEntity
  8
F.Cu
  6
CONTINUOUS
100
AcDbLine
 10
67.3877719999999982
 20
-116.7655519999999996
 30
0
 11
67.242882999999992
 21
-116.7055369999999925
 31
0
  0
LINE
  5
47F
330
1B
100
AcDbEntity
  8
F.Cu
  6
CONTINUOUS
100
AcDbLine
 10
67.242882999999992
 20
-116.7055369999999925
 30
0
 11
67.1124849999999924
 21
-116.6184079999999881
 31
0
  0
LINE
  5
480
330
1B
100
AcDbEntity
  8
F.Cu
  6
CONTINUOUS
100
AcDbLine
 10
67.1124849999999924
 20
-116.6184079999999881
 30
0
 11
67.0015920000000023
 21
-116.5075149999999979
 31
0
  0
LINE
  5
481
330
1B
100
AcDbEntity
  8
F.Cu
  6
CONTINUOUS
100
AcDbLine
 10
67.0015920000000023
 20
-116.5075149999999979
 30
0
 11
66.9144629999999978
 21
-116.3771169999999984
 31
0
  0
LINE
  5
482
330
1B
100
AcDbEntity
  8
F.Cu
  6
CONTINUOUS
100
AcDbLine
 10
66.9144629999999978
 20
-116.3771169999999984
 30
0
 11
66.8544479999999908
 21
-116.2322279999999921
 31
0
  0
LINE
  5
483
330
1B
100
AcDbEntity
  8
F.Cu
  6
CONTINUOUS
100
AcDbLine
 10
66.8544479999999908
 20
-116.2322279999999921
 30
0
 11
66.8238520000000022
 21
-116.0784139999999951
 31
0
  0
LINE
  5
484
330
1B
100
AcDbEntity
  8
F.Cu
  6
CONTINUOUS
100
AcDbLine
 10
66.8238520000000022
 20
-116.0784139999999951
 30
0
 11
66.8238520000000022
 21
-115.9215859999999907
 31
0
  0
LINE
  5
485
330
1B
100
AcDbEntity
  8
F.Cu
  6
CONTINUOUS
100
AcDbLine
 10
66.8238520000000022
 20
-115.9215859999999907
 30
0
 11
66.8544479999999908
 21
-115.7677719999999937
 31
0
  0
LINE
  5
486
330
1B
100
AcDbEntity
  8
F.Cu
  6
CONTINUOUS
100
AcDbLine
 10
66.8544479999999908
 20
-115.7677719999999937
 30
0
 11
66.9144629999999978
 21
-115.6228830000000016
 31
0
  0
LINE
  5
487
330
1B
100
AcDbEntity
  8
F.Cu
  6
CONTINUOUS
100
AcDbLine
 10
66.9144629999999978
 20
-115.6228830000000016
 30
0
 11
67.0015920000000023
 21
-115.4924849999999878
 31
0
  0
LINE
  5
488
330
1B
100
AcDbEntity
  8
F.Cu
  6
CONTINUOUS
100
AcDbLine
 10
67.0015920000000023
 20
-115.4924849999999878
 30
0
 11
67.1124849999999924
 21
-115.3815919999999977
 31
0
  0
LINE
  5
489
330
1B
100
AcDbEntity
  8
F.Cu
  6
CONTINUOUS
100
AcDbLine
 10
67.1124849999999924
 20
-115.3815919999999977
 30
0
 11
67.242882999999992
 21
-115.2944629999999933
 31
0
  0
LINE
  5
48A
330
1B
100
AcDbEntity
  8
F.Cu
  6
CONTINUOUS
100
AcDbLine
 10
67.242882999999992
 20
-115.2944629999999933
 30
0
 11
67.3877719999999982
 21
-115.2344480000000004
 31
0
  0
LINE
  5
48B
330
1B
100
AcDbEntity
  8
F.Cu
  6
CONTINUOUS
100
AcDbLine
 10
67.3877719999999982
 20
-115.2344480000000004
 30
0
 11
67.5415859999999952
 21
-115.2038519999999977
 31
0
  0
LINE
  5
48C
330
1B
100
AcDbEntity
  8
F.Cu
  6
CONTINUOUS
100
AcDbLine
 10
67.5415859999999952
 20
-115.2038519999999977
 30
0
 11
67.6984139999999996
 21
-115.2038519999999977
 31
0
  0
LINE
  5
48D
330
1B
100
AcDbEntity
  8
F.Cu
  6
CONTINUOUS
100
AcDbLine
 10
67.6984139999999996
 20
-115.2038519999999977
 30
0
 11
67.8522279999999967
 21
-115.2344480000000004
 31
0
  0
LINE
  5
48E
330
1B
100
AcDbEntity
  8
F.Cu
  6
CONTINUOUS
100
AcDbLine
 10
102.0722279999999955
 20
-113.2344480000000004
 30
0
 11
102.2171170000000018
 21
-113.2944629999999933
 31
0
  0
LINE
  5
48F
330
1B
100
AcDbEntity
  8
F.Cu
  6
CONTINUOUS
100
AcDbLine
 10
102.2171170000000018
 20
-113.2944629999999933
 30
0
 11
102.3475150000000014
 21
-113.3815919999999977
 31
0
  0
LINE
  5
490
330
1B
100
AcDbEntity
  8
F.Cu
  6
CONTINUOUS
100
AcDbLine
 10
102.3475150000000014
 20
-113.3815919999999977
 30
0
 11
102.4584079999999915
 21
-113.4924849999999878
 31
0
  0
LINE
  5
491
330
1B
100
AcDbEntity
  8
F.Cu
  6
CONTINUOUS
100
AcDbLine
 10
102.4584079999999915
 20
-113.4924849999999878
 30
0
 11
102.5455369999999959
 21
-113.6228830000000016
 31
0
  0
LINE
  5
492
330
1B
100
AcDbEntity
  8
F.Cu
  6
CONTINUOUS
100
AcDbLine
 10
102.5455369999999959
 20
-113.6228830000000016
 30
0
 11
102.6055519999999888
 21
-113.7677719999999937
 31
0
  0
LINE
  5
493
330
1B
100
AcDbEntity
  8
F.Cu
  6
CONTINUOUS
100
AcDbLine
 10
102.6055519999999888
 20
-113.7677719999999937
 30
0
 11
102.6361479999999915
 21
-113.9215859999999907
 31
0
  0
LINE
  5
494
330
1B
100
AcDbEntity
  8
F.Cu
  6
CONTINUOUS
100
AcDbLine
 10
102.6361479999999915
 20
-113.9215859999999907
 30
0
 11
102.6361479999999915
 21
-114.0784139999999951
 31
0
  0
LINE
  5
495
330
1B
100
AcDbEntity
  8
F.Cu
  6
CONTINUOUS
100
AcDbLine
 10
102.6361479999999915
 20
-114.0784139999999951
 30
0
 11
102.6055519999999888
 21
-114.2322279999999921
 31
0
  0
LINE
  5
496
330
1B
100
AcDbEntity
  8
F.Cu
  6
CONTINUOUS
100
AcDbLine
 10
102.6055519999999888
 20
-114.2322279999999921
 30
0
 11
102.5455369999999959
 21
-114.3771169999999984
 31
0
  0
LINE
  5
497
330
1B
100
AcDbEntity
  8
F.Cu
  6
CONTINUOUS
100
AcDbLine
 10
102.5455369999999959
 20
-114.3771169999999984
 30
0
 11
102.4584079999999915
 21
-114.5075149999999979
 31
0
  0
LINE
  5
498
330
1B
100
AcDbEntity
  8
F.Cu
  6
CONTINUOUS
100
AcDbLine
 10
102.4584079999999915
 20
-114.5075149999999979
 30
0
 11
102.3475150000000014
 21
-114.6184079999999881
 31
0
  0
LINE
  5
499
330
1B
100
AcDbEntity
  8
F.Cu
  6
CONTINUOUS
100
AcDbLine
 10
102.3475150000000014
 20
-114.6184079999999881
 30
0
 11
102.2171170000000018
 21
-114.7055369999999925
 31
0
  0
LINE
  5
49A
330
1B
100
AcDbEntity
  8
F.Cu
  6
CONTINUOUS
100
AcDbLine
 10
102.2171170000000018
 20
-114.7055369999999925
 30
0
 11
102.0722279999999955
 21
-114.7655519999999996
 31
0
  0
LINE
  5
49B
330
1B
100
AcDbEntity
  8
F.Cu
  6
CONTINUOUS
100
AcDbLine
 10
102.0722279999999955
 20
-114.7655519999999996
 30
0
 11
101.9184139999999985
 21
-114.7961479999999881
 31
0
  0
LINE
  5
49C
330
1B
100
AcDbEntity
  8
F.Cu
  6
CONTINUOUS
100
AcDbLine
 10
101.9184139999999985
 20
-114.7961479999999881
 30
0
 11
101.7615859999999941
 21
-114.7961479999999881
 31
0
  0
LINE
  5
49D
330
1B
100
AcDbEntity
  8
F.Cu
  6
CONTINUOUS
100
AcDbLine
 10
101.7615859999999941
 20
-114.7961479999999881
 30
0
 11
101.6077719999999971
 21
-114.7655519999999996
 31
0
  0
LINE
  5
49E
330
1B
100
AcDbEntity
  8
F.Cu
  6
CONTINUOUS
100
AcDbLine
 10
101.6077719999999971
 20
-114.7655519999999996
 30
0
 11
101.4628829999999908
 21
-114.7055369999999925
 31
0
  0
LINE
  5
49F
330
1B
100
AcDbEntity
  8
F.Cu
  6
CONTINUOUS
100
AcDbLine
 10
101.4628829999999908
 20
-114.7055369999999925
 30
0
 11
101.3324849999999913
 21
-114.6184079999999881
 31
0
  0
LINE
  5
4A0
330
1B
100
AcDbEntity
  8
F.Cu
  6
CONTINUOUS
100
AcDbLine
 10
101.3324849999999913
 20
-114.6184079999999881
 30
0
 11
101.2215920000000011
 21
-114.5075149999999979
 31
0
  0
LINE
  5
4A1
330
1B
100
AcDbEntity
  8
F.Cu
  6
CONTINUOUS
100
AcDbLine
 10
101.2215920000000011
 20
-114.5075149999999979
 30
0
 11
101.1344629999999967
 21
-114.3771169999999984
 31
0
  0
LINE
  5
4A2
330
1B
100
AcDbEntity
  8
F.Cu
  6
CONTINUOUS
100
AcDbLine
 10
101.1344629999999967
 20
-114.3771169999999984
 30
0
 11
101.0744479999999896
 21
-114.2322279999999921
 31
0
  0
LINE
  5
4A3
330
1B
100
AcDbEntity
  8
F.Cu
  6
CONTINUOUS
100
AcDbLine
 10
101.0744479999999896
 20
-114.2322279999999921
 30
0
 11
101.0438520000000011
 21
-114.0784139999999951
 31
0
  0
LINE
  5
4A4
330
1B
100
AcDbEntity
  8
F.Cu
  6
CONTINUOUS
100
AcDbLine
 10
101.0438520000000011
 20
-114.0784139999999951
 30
0
 11
101.0438520000000011
 21
-113.9215859999999907
 31
0
  0
LINE
  5
4A5
330
1B
100
AcDbEntity
  8
F.Cu
  6
CONTINUOUS
100
AcDbLine
 10
101.0438520000000011
 20
-113.9215859999999907
 30
0
 11
101.0744479999999896
 21
-113.7677719999999937
 31
0
  0
LINE
  5
4A6
330
1B
100
AcDbEntity
  8
F.Cu
  6
CONTINUOUS
100
AcDbLine
 10
101.0744479999999896
 20
-113.7677719999999937
 30
0
 11
101.1344629999999967
 21
-113.6228830000000016
 31
0
  0
LINE
  5
4A7
330
1B
100
AcDbEntity
  8
F.Cu
  6
CONTINUOUS
100
AcDbLine
 10
101.1344629999999967
 20
-113.6228830000000016
 30
0
 11
101.2215920000000011
 21
-113.4924849999999878
 31
0
  0
LINE
  5
4A8
330
1B
100
AcDbEntity
  8
F.Cu
  6
CONTINUOUS
100
AcDbLine
 10
101.2215920000000011
 20
-113.4924849999999878
 30
0
 11
101.3324849999999913
 21
-113.3815919999999977
 31
0
  0
LINE
  5
4A9
330
1B
100
AcDbEntity
  8
F.Cu
  6
CONTINUOUS
100
AcDbLine
 10
101.3324849999999913
 20
-113.3815919999999977
 30
0
 11
101.4628829999999908
 21
-113.2944629999999933
 31
0
  0
LINE
  5
4AA
330
1B
100
AcDbEntity
  8
F.Cu
  6
CONTINUOUS
100
AcDbLine
 10
101.4628829999999908
 20
-113.2944629999999933
 30
0
 11
101.6077719999999971
 21
-113.2344480000000004
 31
0
  0
LINE
  5
4AB
330
1B
100
AcDbEntity
  8
F.Cu
  6
CONTINUOUS
100
AcDbLine
 10
101.6077719999999971
 20
-113.2344480000000004
 30
0
 11
101.7615859999999941
 21
-113.2038519999999977
 31
0
  0
LINE
  5
4AC
330
1B
100
AcDbEntity
  8
F.Cu
  6
CONTINUOUS
100
AcDbLine
 10
101.7615859999999941
 20
-113.2038519999999977
 30
0
 11
101.9184139999999985
 21
-113.2038519999999977
 31
0
  0
LINE
  5
4AD
330
1B
100
AcDbEntity
  8
F.Cu
  6
CONTINUOUS
100
AcDbLine
 10
101.9184139999999985
 20
-113.2038519999999977
 30
0
 11
102.0722279999999955
 21
-113.2344480000000004
 31
0
  0
LINE
  5
4AE
330
1B
100
AcDbEntity
  8
F.Cu
  6
CONTINUOUS
100
AcDbLine
 10
112.2322279999999921
 20
-113.2344480000000004
 30
0
 11
112.3771169999999984
 21
-113.2944629999999933
 31
0
  0
LINE
  5
4AF
330
1B
100
AcDbEntity
  8
F.Cu
  6
CONTINUOUS
100
AcDbLine
 10
112.3771169999999984
 20
-113.2944629999999933
 30
0
 11
112.5075149999999979
 21
-113.3815919999999977
 31
0
  0
LINE
  5
4B0
330
1B
100
AcDbEntity
  8
F.Cu
  6
CONTINUOUS
100
AcDbLine
 10
112.5075149999999979
 20
-113.3815919999999977
 30
0
 11
112.6184079999999881
 21
-113.4924849999999878
 31
0
  0
LINE
  5
4B1
330
1B
100
AcDbEntity
  8
F.Cu
  6
CONTINUOUS
100
AcDbLine
 10
112.6184079999999881
 20
-113.4924849999999878
 30
0
 11
112.7055369999999925
 21
-113.6228830000000016
 31
0
  0
LINE
  5
4B2
330
1B
100
AcDbEntity
  8
F.Cu
  6
CONTINUOUS
100
AcDbLine
 10
112.7055369999999925
 20
-113.6228830000000016
 30
0
 11
112.7655519999999996
 21
-113.7677719999999937
 31
0
  0
LINE
  5
4B3
330
1B
100
AcDbEntity
  8
F.Cu
  6
CONTINUOUS
100
AcDbLine
 10
112.7655519999999996
 20
-113.7677719999999937
 30
0
 11
112.7961479999999881
 21
-113.9215859999999907
 31
0
  0
LINE
  5
4B4
330
1B
100
AcDbEntity
  8
F.Cu
  6
CONTINUOUS
100
AcDbLine
 10
112.7961479999999881
 20
-113.9215859999999907
 30
0
 11
112.7961479999999881
 21
-114.0784139999999951
 31
0
  0
LINE
  5
4B5
330
1B
100
AcDbEntity
  8
F.Cu
  6
CONTINUOUS
100
AcDbLine
 10
112.7961479999999881
 20
-114.0784139999999951
 30
0
 11
112.7655519999999996
 21
-114.2322279999999921
 31
0
  0
LINE
  5
4B6
330
1B
100
AcDbEntity
  8
F.Cu
  6
CONTINUOUS
100
AcDbLine
 10
112.7655519999999996
 20
-114.2322279999999921
 30
0
 11
112.7055369999999925
 21
-114.3771169999999984
 31
0
  0
LINE
  5
4B7
330
1B
100
AcDbEntity
  8
F.Cu
  6
CONTINUOUS
100
AcDbLine
 10
112.7055369999999925
 20
-114.3771169999999984
 30
0
 11
112.6184079999999881
 21
-114.5075149999999979
 31
0
  0
LINE
  5
4B8
330
1B
100
AcDbEntity
  8
F.Cu
  6
CONTINUOUS
100
AcDbLine
 10
112.6184079999999881
 20
-114.5075149999999979
 30
0
 11
112.5075149999999979
 21
-114.6184079999999881
 31
0
  0
LINE
  5
4B9
330
1B
100
AcDbEntity
  8
F.Cu
  6
CONTINUOUS
100
AcDbLine
 10
112.5075149999999979
 20
-114.6184079999999881
 30
0
 11
112.3771169999999984
 21
-114.7055369999999925
 31
0
  0
LINE
  5
4BA
330
1B
100
AcDbEntity
  8
F.Cu
  6
CONTINUOUS
100
AcDbLine
 10
112.3771169999999984
 20
-114.7055369999999925
 30
0
 11
112.2322279999999921
 21
-114.7655519999999996
 31
0
  0
LINE
  5
4BB
330
1B
100
AcDbEntity
  8
F.Cu
  6
CONTINUOUS
100
AcDbLine
 10
112.2322279999999921
 20
-114.7655519999999996
 30
0
 11
112.0784139999999951
 21
-114.7961479999999881
 31
0
  0
LINE
  5
4BC
330
1B
100
AcDbEntity
  8
F.Cu
  6
CONTINUOUS
100
AcDbLine
 10
112.0784139999999951
 20
-114.7961479999999881
 30
0
 11
111.9215859999999907
 21
-114.7961479999999881
 31
0
  0
LINE
  5
4BD
330
1B
100
AcDbEntity
  8
F.Cu
  6
CONTINUOUS
100
AcDbLine
 10
111.9215859999999907
 20
-114.7961479999999881
 30
0
 11
111.7677719999999937
 21
-114.7655519999999996
 31
0
  0
LINE
  5
4BE
330
1B
100
AcDbEntity
  8
F.Cu
  6
CONTINUOUS
100
AcDbLine
 10
111.7677719999999937
 20
-114.7655519999999996
 30
0
 11
111.6228830000000016
 21
-114.7055369999999925
 31
0
  0
LINE
  5
4BF
330
1B
100
AcDbEntity
  8
F.Cu
  6
CONTINUOUS
100
AcDbLine
 10
111.6228830000000016
 20
-114.7055369999999925
 30
0
 11
111.4924850000000021
 21
-114.6184079999999881
 31
0
  0
LINE
  5
4C0
330
1B
100
AcDbEntity
  8
F.Cu
  6
CONTINUOUS
100
AcDbLine
 10
111.4924850000000021
 20
-114.6184079999999881
 30
0
 11
111.3815919999999977
 21
-114.5075149999999979
 31
0
  0
LINE
  5
4C1
330
1B
100
AcDbEntity
  8
F.Cu
  6
CONTINUOUS
100
AcDbLine
 10
111.3815919999999977
 20
-114.5075149999999979
 30
0
 11
111.2944629999999933
 21
-114.3771169999999984
 31
0
  0
LINE
  5
4C2
330
1B
100
AcDbEntity
  8
F.Cu
  6
CONTINUOUS
100
AcDbLine
 10
111.2944629999999933
 20
-114.3771169999999984
 30
0
 11
111.2344480000000004
 21
-114.2322279999999921
 31
0
  0
LINE
  5
4C3
330
1B
100
AcDbEntity
  8
F.Cu
  6
CONTINUOUS
100
AcDbLine
 10
111.2344480000000004
 20
-114.2322279999999921
 30
0
 11
111.2038519999999977
 21
-114.0784139999999951
 31
0
  0
LINE
  5
4C4
330
1B
100
AcDbEntity
  8
F.Cu
  6
CONTINUOUS
100
AcDbLine
 10
111.2038519999999977
 20
-114.0784139999999951
 30
0
 11
111.2038519999999977
 21
-113.9215859999999907
 31
0
  0
LINE
  5
4C5
330
1B
100
AcDbEntity
  8
F.Cu
  6
CONTINUOUS
100
AcDbLine
 10
111.2038519999999977
 20
-113.9215859999999907
 30
0
 11
111.2344480000000004
 21
-113.7677719999999937
 31
0
  0
LINE
  5
4C6
330
1B
100
AcDbEntity
  8
F.Cu
  6
CONTINUOUS
100
AcDbLine
 10
111.2344480000000004
 20
-113.7677719999999937
 30
0
 11
111.2944629999999933
 21
-113.6228830000000016
 31
0
  0
LINE
  5
4C7
330
1B
100
AcDbEntity
  8
F.Cu
  6
CONTINUOUS
100
AcDbLine
 10
111.2944629999999933
 20
-113.6228830000000016
 30
0
 11
111.3815919999999977
 21
-113.4924849999999878
 31
0
  0
LINE
  5
4C8
330
1B
100
AcDbEntity
  8
F.Cu
  6
CONTINUOUS
100
AcDbLine
 10
111.3815919999999977
 20
-113.4924849999999878
 30
0
 11
111.4924850000000021
 21
-113.3815919999999977
 31
0
  0
LINE
  5
4C9
330
1B
100
AcDbEntity
  8
F.Cu
  6
CONTINUOUS
100
AcDbLine
 10
111.4924850000000021
 20
-113.3815919999999977
 30
0
 11
111.6228830000000016
 21
-113.2944629999999933
 31
0
  0
LINE
  5
4CA
330
1B
100
AcDbEntity
  8
F.Cu
  6
CONTINUOUS
100
AcDbLine
 10
111.6228830000000016
 20
-113.2944629999999933
 30
0
 11
111.7677719999999937
 21
-113.2344480000000004
 31
0
  0
LINE
  5
4CB
330
1B
100
AcDbEntity
  8
F.Cu
  6
CONTINUOUS
100
AcDbLine
 10
111.7677719999999937
 20
-113.2344480000000004
 30
0
 11
111.9215859999999907
 21
-113.2038519999999977
 31
0
  0
LINE
  5
4CC
330
1B
100
AcDbEntity
  8
F.Cu
  6
CONTINUOUS
100
AcDbLine
 10
111.9215859999999907
 20
-113.2038519999999977
 30
0
 11
112.0784139999999951
 21
-113.2038519999999977
 31
0
  0
LINE
  5
4CD
330
1B
100
AcDbEntity
  8
F.Cu
  6
CONTINUOUS
100
AcDbLine
 10
112.0784139999999951
 20
-113.2038519999999977
 30
0
 11
112.2322279999999921
 21
-113.2344480000000004
 31
0
  0
LINE
  5
4CE
330
1B
100
AcDbEntity
  8
F.Cu
  6
CONTINUOUS
100
AcDbLine
 10
60.6456710000000001
 20
-110.8190299999999979
 30
0
 11
60.7267769999999985
 21
-110.8732229999999959
 31
0
  0
LINE
  5
4CF
330
1B
100
AcDbEntity
  8
F.Cu
  6
CONTINUOUS
100
AcDbLine
 10
60.7267769999999985
 20
-110.8732229999999959
 30
0
 11
60.7809699999999964
 21
-110.9543290000000013
 31
0
  0
LINE
  5
4D0
330
1B
100
AcDbEntity
  8
F.Cu
  6
CONTINUOUS
100
AcDbLine
 10
60.7809699999999964
 20
-110.9543290000000013
 30
0
 11
60.7999999999999972
 21
-111.0499999999999972
 31
0
  0
LINE
  5
4D1
330
1B
100
AcDbEntity
  8
F.Cu
  6
CONTINUOUS
100
AcDbLine
 10
60.7999999999999972
 20
-111.0499999999999972
 30
0
 11
60.7999999999999972
 21
-112.9499999999999886
 31
0
  0
LINE
  5
4D2
330
1B
100
AcDbEntity
  8
F.Cu
  6
CONTINUOUS
100
AcDbLine
 10
60.7999999999999972
 20
-112.9499999999999886
 30
0
 11
60.7809699999999964
 21
-113.0456709999999987
 31
0
  0
LINE
  5
4D3
330
1B
100
AcDbEntity
  8
F.Cu
  6
CONTINUOUS
100
AcDbLine
 10
60.7809699999999964
 20
-113.0456709999999987
 30
0
 11
60.7267769999999985
 21
-113.1267769999999899
 31
0
  0
LINE
  5
4D4
330
1B
100
AcDbEntity
  8
F.Cu
  6
CONTINUOUS
100
AcDbLine
 10
60.7267769999999985
 20
-113.1267769999999899
 30
0
 11
60.6456710000000001
 21
-113.1809699999999879
 31
0
  0
LINE
  5
4D5
330
1B
100
AcDbEntity
  8
F.Cu
  6
CONTINUOUS
100
AcDbLine
 10
60.6456710000000001
 20
-113.1809699999999879
 30
0
 11
60.5499999999999972
 21
-113.1999999999999886
 31
0
  0
LINE
  5
4D6
330
1B
100
AcDbEntity
  8
F.Cu
  6
CONTINUOUS
100
AcDbLine
 10
60.5499999999999972
 20
-113.1999999999999886
 30
0
 11
59.4499999999999957
 21
-113.1999999999999886
 31
0
  0
LINE
  5
4D7
330
1B
100
AcDbEntity
  8
F.Cu
  6
CONTINUOUS
100
AcDbLine
 10
59.4499999999999957
 20
-113.1999999999999886
 30
0
 11
59.3543289999999999
 21
-113.1809699999999879
 31
0
  0
LINE
  5
4D8
330
1B
100
AcDbEntity
  8
F.Cu
  6
CONTINUOUS
100
AcDbLine
 10
59.3543289999999999
 20
-113.1809699999999879
 30
0
 11
59.2732229999999944
 21
-113.1267769999999899
 31
0
  0
LINE
  5
4D9
330
1B
100
AcDbEntity
  8
F.Cu
  6
CONTINUOUS
100
AcDbLine
 10
59.2732229999999944
 20
-113.1267769999999899
 30
0
 11
59.2190299999999965
 21
-113.0456709999999987
 31
0
  0
LINE
  5
4DA
330
1B
100
AcDbEntity
  8
F.Cu
  6
CONTINUOUS
100
AcDbLine
 10
59.2190299999999965
 20
-113.0456709999999987
 30
0
 11
59.1999999999999957
 21
-112.9499999999999886
 31
0
  0
LINE
  5
4DB
330
1B
100
AcDbEntity
  8
F.Cu
  6
CONTINUOUS
100
AcDbLine
 10
59.1999999999999957
 20
-112.9499999999999886
 30
0
 11
59.1999999999999957
 21
-111.0499999999999972
 31
0
  0
LINE
  5
4DC
330
1B
100
AcDbEntity
  8
F.Cu
  6
CONTINUOUS
100
AcDbLine
 10
59.1999999999999957
 20
-111.0499999999999972
 30
0
 11
59.2190299999999965
 21
-110.9543290000000013
 31
0
  0
LINE
  5
4DD
330
1B
100
AcDbEntity
  8
F.Cu
  6
CONTINUOUS
100
AcDbLine
 10
59.2190299999999965
 20
-110.9543290000000013
 30
0
 11
59.2732229999999944
 21
-110.8732229999999959
 31
0
  0
LINE
  5
4DE
330
1B
100
AcDbEntity
  8
F.Cu
  6
CONTINUOUS
100
AcDbLine
 10
59.2732229999999944
 20
-110.8732229999999959
 30
0
 11
59.3543289999999999
 21
-110.8190299999999979
 31
0
  0
LINE
  5
4DF
330
1B
100
AcDbEntity
  8
F.Cu
  6
CONTINUOUS
100
AcDbLine
 10
59.3543289999999999
 20
-110.8190299999999979
 30
0
 11
59.4499999999999957
 21
-110.7999999999999972
 31
0
  0
LINE
  5
4E0
330
1B
100
AcDbEntity
  8
F.Cu
  6
CONTINUOUS
100
AcDbLine
 10
59.4499999999999957
 20
-110.7999999999999972
 30
0
 11
60.5499999999999972
 21
-110.7999999999999972
 31
0
  0
LINE
  5
4E1
330
1B
100
AcDbEntity
  8
F.Cu
  6
CONTINUOUS
100
AcDbLine
 10
60.5499999999999972
 20
-110.7999999999999972
 30
0
 11
60.6456710000000001
 21
-110.8190299999999979
 31
0
  0
LINE
  5
4E2
330
1B
100
AcDbEntity
  8
F.Cu
  6
CONTINUOUS
100
AcDbLine
 10
62.7722279999999984
 20
-110.8344479999999947
 30
0
 11
62.9171169999999975
 21
-110.8944630000000018
 31
0
  0
LINE
  5
4E3
330
1B
100
AcDbEntity
  8
F.Cu
  6
CONTINUOUS
100
AcDbLine
 10
62.9171169999999975
 20
-110.8944630000000018
 30
0
 11
63.0475149999999971
 21
-110.981591999999992
 31
0
  0
LINE
  5
4E4
330
1B
100
AcDbEntity
  8
F.Cu
  6
CONTINUOUS
100
AcDbLine
 10
63.0475149999999971
 20
-110.981591999999992
 30
0
 11
63.1584079999999943
 21
-111.0924849999999964
 31
0
  0
LINE
  5
4E5
330
1B
100
AcDbEntity
  8
F.Cu
  6
CONTINUOUS
100
AcDbLine
 10
63.1584079999999943
 20
-111.0924849999999964
 30
0
 11
63.2455369999999988
 21
-111.2228829999999959
 31
0
  0
LINE
  5
4E6
330
1B
100
AcDbEntity
  8
F.Cu
  6
CONTINUOUS
100
AcDbLine
 10
63.2455369999999988
 20
-111.2228829999999959
 30
0
 11
63.3055519999999987
 21
-111.367771999999988
 31
0
  0
LINE
  5
4E7
330
1B
100
AcDbEntity
  8
F.Cu
  6
CONTINUOUS
100
AcDbLine
 10
63.3055519999999987
 20
-111.367771999999988
 30
0
 11
63.3361479999999943
 21
-111.5215859999999992
 31
0
  0
LINE
  5
4E8
330
1B
100
AcDbEntity
  8
F.Cu
  6
CONTINUOUS
100
AcDbLine
 10
63.3361479999999943
 20
-111.5215859999999992
 30
0
 11
63.3399999999999963
 21
-111.5999999999999943
 31
0
  0
LINE
  5
4E9
330
1B
100
AcDbEntity
  8
F.Cu
  6
CONTINUOUS
100
AcDbLine
 10
63.3399999999999963
 20
-111.5999999999999943
 30
0
 11
63.3399999999999963
 21
-112.3999999999999915
 31
0
  0
LINE
  5
4EA
330
1B
100
AcDbEntity
  8
F.Cu
  6
CONTINUOUS
100
AcDbLine
 10
63.3399999999999963
 20
-112.3999999999999915
 30
0
 11
63.3361479999999943
 21
-112.4784140000000008
 31
0
  0
LINE
  5
4EB
330
1B
100
AcDbEntity
  8
F.Cu
  6
CONTINUOUS
100
AcDbLine
 10
63.3361479999999943
 20
-112.4784140000000008
 30
0
 11
63.3055519999999987
 21
-112.6322279999999978
 31
0
  0
LINE
  5
4EC
330
1B
100
AcDbEntity
  8
F.Cu
  6
CONTINUOUS
100
AcDbLine
 10
63.3055519999999987
 20
-112.6322279999999978
 30
0
 11
63.2455369999999988
 21
-112.7771169999999898
 31
0
  0
LINE
  5
4ED
330
1B
100
AcDbEntity
  8
F.Cu
  6
CONTINUOUS
100
AcDbLine
 10
63.2455369999999988
 20
-112.7771169999999898
 30
0
 11
63.1584079999999943
 21
-112.9075149999999894
 31
0
  0
LINE
  5
4EE
330
1B
100
AcDbEntity
  8
F.Cu
  6
CONTINUOUS
100
AcDbLine
 10
63.1584079999999943
 20
-112.9075149999999894
 30
0
 11
63.0475149999999971
 21
-113.0184079999999938
 31
0
  0
LINE
  5
4EF
330
1B
100
AcDbEntity
  8
F.Cu
  6
CONTINUOUS
100
AcDbLine
 10
63.0475149999999971
 20
-113.0184079999999938
 30
0
 11
62.9171169999999975
 21
-113.1055369999999982
 31
0
  0
LINE
  5
4F0
330
1B
100
AcDbEntity
  8
F.Cu
  6
CONTINUOUS
100
AcDbLine
 10
62.9171169999999975
 20
-113.1055369999999982
 30
0
 11
62.7722279999999984
 21
-113.165551999999991
 31
0
  0
LINE
  5
4F1
330
1B
100
AcDbEntity
  8
F.Cu
  6
CONTINUOUS
100
AcDbLine
 10
62.7722279999999984
 20
-113.165551999999991
 30
0
 11
62.6184139999999942
 21
-113.1961479999999938
 31
0
  0
LINE
  5
4F2
330
1B
100
AcDbEntity
  8
F.Cu
  6
CONTINUOUS
100
AcDbLine
 10
62.6184139999999942
 20
-113.1961479999999938
 30
0
 11
62.4615859999999969
 21
-113.1961479999999938
 31
0
  0
LINE
  5
4F3
330
1B
100
AcDbEntity
  8
F.Cu
  6
CONTINUOUS
100
AcDbLine
 10
62.4615859999999969
 20
-113.1961479999999938
 30
0
 11
62.3077719999999999
 21
-113.165551999999991
 31
0
  0
LINE
  5
4F4
330
1B
100
AcDbEntity
  8
F.Cu
  6
CONTINUOUS
100
AcDbLine
 10
62.3077719999999999
 20
-113.165551999999991
 30
0
 11
62.1628829999999937
 21
-113.1055369999999982
 31
0
  0
LINE
  5
4F5
330
1B
100
AcDbEntity
  8
F.Cu
  6
CONTINUOUS
100
AcDbLine
 10
62.1628829999999937
 20
-113.1055369999999982
 30
0
 11
62.0324849999999941
 21
-113.0184079999999938
 31
0
  0
LINE
  5
4F6
330
1B
100
AcDbEntity
  8
F.Cu
  6
CONTINUOUS
100
AcDbLine
 10
62.0324849999999941
 20
-113.0184079999999938
 30
0
 11
61.9215919999999969
 21
-112.9075149999999894
 31
0
  0
LINE
  5
4F7
330
1B
100
AcDbEntity
  8
F.Cu
  6
CONTINUOUS
100
AcDbLine
 10
61.9215919999999969
 20
-112.9075149999999894
 30
0
 11
61.8344629999999995
 21
-112.7771169999999898
 31
0
  0
LINE
  5
4F8
330
1B
100
AcDbEntity
  8
F.Cu
  6
CONTINUOUS
100
AcDbLine
 10
61.8344629999999995
 20
-112.7771169999999898
 30
0
 11
61.7744479999999996
 21
-112.6322279999999978
 31
0
  0
LINE
  5
4F9
330
1B
100
AcDbEntity
  8
F.Cu
  6
CONTINUOUS
100
AcDbLine
 10
61.7744479999999996
 20
-112.6322279999999978
 30
0
 11
61.7438519999999968
 21
-112.4784140000000008
 31
0
  0
LINE
  5
4FA
330
1B
100
AcDbEntity
  8
F.Cu
  6
CONTINUOUS
100
AcDbLine
 10
61.7438519999999968
 20
-112.4784140000000008
 30
0
 11
61.7399999999999949
 21
-112.3999999999999915
 31
0
  0
LINE
  5
4FB
330
1B
100
AcDbEntity
  8
F.Cu
  6
CONTINUOUS
100
AcDbLine
 10
61.7399999999999949
 20
-112.3999999999999915
 30
0
 11
61.7399999999999949
 21
-111.5999999999999943
 31
0
  0
LINE
  5
4FC
330
1B
100
AcDbEntity
  8
F.Cu
  6
CONTINUOUS
100
AcDbLine
 10
61.7399999999999949
 20
-111.5999999999999943
 30
0
 11
61.7438519999999968
 21
-111.5215859999999992
 31
0
  0
LINE
  5
4FD
330
1B
100
AcDbEntity
  8
F.Cu
  6
CONTINUOUS
100
AcDbLine
 10
61.7438519999999968
 20
-111.5215859999999992
 30
0
 11
61.7744479999999996
 21
-111.367771999999988
 31
0
  0
LINE
  5
4FE
330
1B
100
AcDbEntity
  8
F.Cu
  6
CONTINUOUS
100
AcDbLine
 10
61.7744479999999996
 20
-111.367771999999988
 30
0
 11
61.8344629999999995
 21
-111.2228829999999959
 31
0
  0
LINE
  5
4FF
330
1B
100
AcDbEntity
  8
F.Cu
  6
CONTINUOUS
100
AcDbLine
 10
61.8344629999999995
 20
-111.2228829999999959
 30
0
 11
61.9215919999999969
 21
-111.0924849999999964
 31
0
  0
LINE
  5
500
330
1B
100
AcDbEntity
  8
F.Cu
  6
CONTINUOUS
100
AcDbLine
 10
61.9215919999999969
 20
-111.0924849999999964
 30
0
 11
62.0324849999999941
 21
-110.981591999999992
 31
0
  0
LINE
  5
501
330
1B
100
AcDbEntity
  8
F.Cu
  6
CONTINUOUS
100
AcDbLine
 10
62.0324849999999941
 20
-110.981591999999992
 30
0
 11
62.1628829999999937
 21
-110.8944630000000018
 31
0
  0
LINE
  5
502
330
1B
100
AcDbEntity
  8
F.Cu
  6
CONTINUOUS
100
AcDbLine
 10
62.1628829999999937
 20
-110.8944630000000018
 30
0
 11
62.3077719999999999
 21
-110.8344479999999947
 31
0
  0
LINE
  5
503
330
1B
100
AcDbEntity
  8
F.Cu
  6
CONTINUOUS
100
AcDbLine
 10
62.3077719999999999
 20
-110.8344479999999947
 30
0
 11
62.4615859999999969
 21
-110.803851999999992
 31
0
  0
LINE
  5
504
330
1B
100
AcDbEntity
  8
F.Cu
  6
CONTINUOUS
100
AcDbLine
 10
62.4615859999999969
 20
-110.803851999999992
 30
0
 11
62.6184139999999942
 21
-110.803851999999992
 31
0
  0
LINE
  5
505
330
1B
100
AcDbEntity
  8
F.Cu
  6
CONTINUOUS
100
AcDbLine
 10
62.6184139999999942
 20
-110.803851999999992
 30
0
 11
62.7722279999999984
 21
-110.8344479999999947
 31
0
  0
LINE
  5
506
330
1B
100
AcDbEntity
  8
F.Cu
  6
CONTINUOUS
100
AcDbLine
 10
65.3122279999999904
 20
-110.8344479999999947
 30
0
 11
65.4571169999999967
 21
-110.8944630000000018
 31
0
  0
LINE
  5
507
330
1B
100
AcDbEntity
  8
F.Cu
  6
CONTINUOUS
100
AcDbLine
 10
65.4571169999999967
 20
-110.8944630000000018
 30
0
 11
65.5875149999999962
 21
-110.981591999999992
 31
0
  0
LINE
  5
508
330
1B
100
AcDbEntity
  8
F.Cu
  6
CONTINUOUS
100
AcDbLine
 10
65.5875149999999962
 20
-110.981591999999992
 30
0
 11
65.6984080000000006
 21
-111.0924849999999964
 31
0
  0
LINE
  5
509
330
1B
100
AcDbEntity
  8
F.Cu
  6
CONTINUOUS
100
AcDbLine
 10
65.6984080000000006
 20
-111.0924849999999964
 30
0
 11
65.7855369999999908
 21
-111.2228829999999959
 31
0
  0
LINE
  5
50A
330
1B
100
AcDbEntity
  8
F.Cu
  6
CONTINUOUS
100
AcDbLine
 10
65.7855369999999908
 20
-111.2228829999999959
 30
0
 11
65.8455519999999979
 21
-111.367771999999988
 31
0
  0
LINE
  5
50B
330
1B
100
AcDbEntity
  8
F.Cu
  6
CONTINUOUS
100
AcDbLine
 10
65.8455519999999979
 20
-111.367771999999988
 30
0
 11
65.8761480000000006
 21
-111.5215859999999992
 31
0
  0
LINE
  5
50C
330
1B
100
AcDbEntity
  8
F.Cu
  6
CONTINUOUS
100
AcDbLine
 10
65.8761480000000006
 20
-111.5215859999999992
 30
0
 11
65.8799999999999955
 21
-111.5999999999999943
 31
0
  0
LINE
  5
50D
330
1B
100
AcDbEntity
  8
F.Cu
  6
CONTINUOUS
100
AcDbLine
 10
65.8799999999999955
 20
-111.5999999999999943
 30
0
 11
65.8799999999999955
 21
-112.3999999999999915
 31
0
  0
LINE
  5
50E
330
1B
100
AcDbEntity
  8
F.Cu
  6
CONTINUOUS
100
AcDbLine
 10
65.8799999999999955
 20
-112.3999999999999915
 30
0
 11
65.8761480000000006
 21
-112.4784140000000008
 31
0
  0
LINE
  5
50F
330
1B
100
AcDbEntity
  8
F.Cu
  6
CONTINUOUS
100
AcDbLine
 10
65.8761480000000006
 20
-112.4784140000000008
 30
0
 11
65.8455519999999979
 21
-112.6322279999999978
 31
0
  0
LINE
  5
510
330
1B
100
AcDbEntity
  8
F.Cu
  6
CONTINUOUS
100
AcDbLine
 10
65.8455519999999979
 20
-112.6322279999999978
 30
0
 11
65.7855369999999908
 21
-112.7771169999999898
 31
0
  0
LINE
  5
511
330
1B
100
AcDbEntity
  8
F.Cu
  6
CONTINUOUS
100
AcDbLine
 10
65.7855369999999908
 20
-112.7771169999999898
 30
0
 11
65.6984080000000006
 21
-112.9075149999999894
 31
0
  0
LINE
  5
512
330
1B
100
AcDbEntity
  8
F.Cu
  6
CONTINUOUS
100
AcDbLine
 10
65.6984080000000006
 20
-112.9075149999999894
 30
0
 11
65.5875149999999962
 21
-113.0184079999999938
 31
0
  0
LINE
  5
513
330
1B
100
AcDbEntity
  8
F.Cu
  6
CONTINUOUS
100
AcDbLine
 10
65.5875149999999962
 20
-113.0184079999999938
 30
0
 11
65.4571169999999967
 21
-113.1055369999999982
 31
0
  0
LINE
  5
514
330
1B
100
AcDbEntity
  8
F.Cu
  6
CONTINUOUS
100
AcDbLine
 10
65.4571169999999967
 20
-113.1055369999999982
 30
0
 11
65.3122279999999904
 21
-113.165551999999991
 31
0
  0
LINE
  5
515
330
1B
100
AcDbEntity
  8
F.Cu
  6
CONTINUOUS
100
AcDbLine
 10
65.3122279999999904
 20
-113.165551999999991
 30
0
 11
65.1584139999999934
 21
-113.1961479999999938
 31
0
  0
LINE
  5
516
330
1B
100
AcDbEntity
  8
F.Cu
  6
CONTINUOUS
100
AcDbLine
 10
65.1584139999999934
 20
-113.1961479999999938
 30
0
 11
65.0015860000000032
 21
-113.1961479999999938
 31
0
  0
LINE
  5
517
330
1B
100
AcDbEntity
  8
F.Cu
  6
CONTINUOUS
100
AcDbLine
 10
65.0015860000000032
 20
-113.1961479999999938
 30
0
 11
64.847771999999992
 21
-113.165551999999991
 31
0
  0
LINE
  5
518
330
1B
100
AcDbEntity
  8
F.Cu
  6
CONTINUOUS
100
AcDbLine
 10
64.847771999999992
 20
-113.165551999999991
 30
0
 11
64.7028829999999999
 21
-113.1055369999999982
 31
0
  0
LINE
  5
519
330
1B
100
AcDbEntity
  8
F.Cu
  6
CONTINUOUS
100
AcDbLine
 10
64.7028829999999999
 20
-113.1055369999999982
 30
0
 11
64.5724850000000004
 21
-113.0184079999999938
 31
0
  0
LINE
  5
51A
330
1B
100
AcDbEntity
  8
F.Cu
  6
CONTINUOUS
100
AcDbLine
 10
64.5724850000000004
 20
-113.0184079999999938
 30
0
 11
64.461591999999996
 21
-112.9075149999999894
 31
0
  0
LINE
  5
51B
330
1B
100
AcDbEntity
  8
F.Cu
  6
CONTINUOUS
100
AcDbLine
 10
64.461591999999996
 20
-112.9075149999999894
 30
0
 11
64.3744629999999916
 21
-112.7771169999999898
 31
0
  0
LINE
  5
51C
330
1B
100
AcDbEntity
  8
F.Cu
  6
CONTINUOUS
100
AcDbLine
 10
64.3744629999999916
 20
-112.7771169999999898
 30
0
 11
64.3144479999999987
 21
-112.6322279999999978
 31
0
  0
LINE
  5
51D
330
1B
100
AcDbEntity
  8
F.Cu
  6
CONTINUOUS
100
AcDbLine
 10
64.3144479999999987
 20
-112.6322279999999978
 30
0
 11
64.283851999999996
 21
-112.4784140000000008
 31
0
  0
LINE
  5
51E
330
1B
100
AcDbEntity
  8
F.Cu
  6
CONTINUOUS
100
AcDbLine
 10
64.283851999999996
 20
-112.4784140000000008
 30
0
 11
64.2800000000000011
 21
-112.3999999999999915
 31
0
  0
LINE
  5
51F
330
1B
100
AcDbEntity
  8
F.Cu
  6
CONTINUOUS
100
AcDbLine
 10
64.2800000000000011
 20
-112.3999999999999915
 30
0
 11
64.2800000000000011
 21
-111.5999999999999943
 31
0
  0
LINE
  5
520
330
1B
100
AcDbEntity
  8
F.Cu
  6
CONTINUOUS
100
AcDbLine
 10
64.2800000000000011
 20
-111.5999999999999943
 30
0
 11
64.283851999999996
 21
-111.5215859999999992
 31
0
  0
LINE
  5
521
330
1B
100
AcDbEntity
  8
F.Cu
  6
CONTINUOUS
100
AcDbLine
 10
64.283851999999996
 20
-111.5215859999999992
 30
0
 11
64.3144479999999987
 21
-111.367771999999988
 31
0
  0
LINE
  5
522
330
1B
100
AcDbEntity
  8
F.Cu
  6
CONTINUOUS
100
AcDbLine
 10
64.3144479999999987
 20
-111.367771999999988
 30
0
 11
64.3744629999999916
 21
-111.2228829999999959
 31
0
  0
LINE
  5
523
330
1B
100
AcDbEntity
  8
F.Cu
  6
CONTINUOUS
100
AcDbLine
 10
64.3744629999999916
 20
-111.2228829999999959
 30
0
 11
64.461591999999996
 21
-111.0924849999999964
 31
0
  0
LINE
  5
524
330
1B
100
AcDbEntity
  8
F.Cu
  6
CONTINUOUS
100
AcDbLine
 10
64.461591999999996
 20
-111.0924849999999964
 30
0
 11
64.5724850000000004
 21
-110.981591999999992
 31
0
  0
LINE
  5
525
330
1B
100
AcDbEntity
  8
F.Cu
  6
CONTINUOUS
100
AcDbLine
 10
64.5724850000000004
 20
-110.981591999999992
 30
0
 11
64.7028829999999999
 21
-110.8944630000000018
 31
0
  0
LINE
  5
526
330
1B
100
AcDbEntity
  8
F.Cu
  6
CONTINUOUS
100
AcDbLine
 10
64.7028829999999999
 20
-110.8944630000000018
 30
0
 11
64.847771999999992
 21
-110.8344479999999947
 31
0
  0
LINE
  5
527
330
1B
100
AcDbEntity
  8
F.Cu
  6
CONTINUOUS
100
AcDbLine
 10
64.847771999999992
 20
-110.8344479999999947
 30
0
 11
65.0015860000000032
 21
-110.803851999999992
 31
0
  0
LINE
  5
528
330
1B
100
AcDbEntity
  8
F.Cu
  6
CONTINUOUS
100
AcDbLine
 10
65.0015860000000032
 20
-110.803851999999992
 30
0
 11
65.1584139999999934
 21
-110.803851999999992
 31
0
  0
LINE
  5
529
330
1B
100
AcDbEntity
  8
F.Cu
  6
CONTINUOUS
100
AcDbLine
 10
65.1584139999999934
 20
-110.803851999999992
 30
0
 11
65.3122279999999904
 21
-110.8344479999999947
 31
0
  0
LINE
  5
52A
330
1B
100
AcDbEntity
  8
F.Cu
  6
CONTINUOUS
100
AcDbLine
 10
67.8522279999999967
 20
-110.8344479999999947
 30
0
 11
67.9971170000000029
 21
-110.8944630000000018
 31
0
  0
LINE
  5
52B
330
1B
100
AcDbEntity
  8
F.Cu
  6
CONTINUOUS
100
AcDbLine
 10
67.9971170000000029
 20
-110.8944630000000018
 30
0
 11
68.1275150000000025
 21
-110.981591999999992
 31
0
  0
LINE
  5
52C
330
1B
100
AcDbEntity
  8
F.Cu
  6
CONTINUOUS
100
AcDbLine
 10
68.1275150000000025
 20
-110.981591999999992
 30
0
 11
68.2384079999999926
 21
-111.0924849999999964
 31
0
  0
LINE
  5
52D
330
1B
100
AcDbEntity
  8
F.Cu
  6
CONTINUOUS
100
AcDbLine
 10
68.2384079999999926
 20
-111.0924849999999964
 30
0
 11
68.3255369999999971
 21
-111.2228829999999959
 31
0
  0
LINE
  5
52E
330
1B
100
AcDbEntity
  8
F.Cu
  6
CONTINUOUS
100
AcDbLine
 10
68.3255369999999971
 20
-111.2228829999999959
 30
0
 11
68.3855519999999899
 21
-111.367771999999988
 31
0
  0
LINE
  5
52F
330
1B
100
AcDbEntity
  8
F.Cu
  6
CONTINUOUS
100
AcDbLine
 10
68.3855519999999899
 20
-111.367771999999988
 30
0
 11
68.4161479999999926
 21
-111.5215859999999992
 31
0
  0
LINE
  5
530
330
1B
100
AcDbEntity
  8
F.Cu
  6
CONTINUOUS
100
AcDbLine
 10
68.4161479999999926
 20
-111.5215859999999992
 30
0
 11
68.4200000000000017
 21
-111.5999999999999943
 31
0
  0
LINE
  5
531
330
1B
100
AcDbEntity
  8
F.Cu
  6
CONTINUOUS
100
AcDbLine
 10
68.4200000000000017
 20
-111.5999999999999943
 30
0
 11
68.4200000000000017
 21
-112.3999999999999915
 31
0
  0
LINE
  5
532
330
1B
100
AcDbEntity
  8
F.Cu
  6
CONTINUOUS
100
AcDbLine
 10
68.4200000000000017
 20
-112.3999999999999915
 30
0
 11
68.4161479999999926
 21
-112.4784140000000008
 31
0
  0
LINE
  5
533
330
1B
100
AcDbEntity
  8
F.Cu
  6
CONTINUOUS
100
AcDbLine
 10
68.4161479999999926
 20
-112.4784140000000008
 30
0
 11
68.3855519999999899
 21
-112.6322279999999978
 31
0
  0
LINE
  5
534
330
1B
100
AcDbEntity
  8
F.Cu
  6
CONTINUOUS
100
AcDbLine
 10
68.3855519999999899
 20
-112.6322279999999978
 30
0
 11
68.3255369999999971
 21
-112.7771169999999898
 31
0
  0
LINE
  5
535
330
1B
100
AcDbEntity
  8
F.Cu
  6
CONTINUOUS
100
AcDbLine
 10
68.3255369999999971
 20
-112.7771169999999898
 30
0
 11
68.2384079999999926
 21
-112.9075149999999894
 31
0
  0
LINE
  5
536
330
1B
100
AcDbEntity
  8
F.Cu
  6
CONTINUOUS
100
AcDbLine
 10
68.2384079999999926
 20
-112.9075149999999894
 30
0
 11
68.1275150000000025
 21
-113.0184079999999938
 31
0
  0
LINE
  5
537
330
1B
100
AcDbEntity
  8
F.Cu
  6
CONTINUOUS
100
AcDbLine
 10
68.1275150000000025
 20
-113.0184079999999938
 30
0
 11
67.9971170000000029
 21
-113.1055369999999982
 31
0
  0
LINE
  5
538
330
1B
100
AcDbEntity
  8
F.Cu
  6
CONTINUOUS
100
AcDbLine
 10
67.9971170000000029
 20
-113.1055369999999982
 30
0
 11
67.8522279999999967
 21
-113.165551999999991
 31
0
  0
LINE
  5
539
330
1B
100
AcDbEntity
  8
F.Cu
  6
CONTINUOUS
100
AcDbLine
 10
67.8522279999999967
 20
-113.165551999999991
 30
0
 11
67.6984139999999996
 21
-113.1961479999999938
 31
0
  0
LINE
  5
53A
330
1B
100
AcDbEntity
  8
F.Cu
  6
CONTINUOUS
100
AcDbLine
 10
67.6984139999999996
 20
-113.1961479999999938
 30
0
 11
67.5415859999999952
 21
-113.1961479999999938
 31
0
  0
LINE
  5
53B
330
1B
100
AcDbEntity
  8
F.Cu
  6
CONTINUOUS
100
AcDbLine
 10
67.5415859999999952
 20
-113.1961479999999938
 30
0
 11
67.3877719999999982
 21
-113.165551999999991
 31
0
  0
LINE
  5
53C
330
1B
100
AcDbEntity
  8
F.Cu
  6
CONTINUOUS
100
AcDbLine
 10
67.3877719999999982
 20
-113.165551999999991
 30
0
 11
67.242882999999992
 21
-113.1055369999999982
 31
0
  0
LINE
  5
53D
330
1B
100
AcDbEntity
  8
F.Cu
  6
CONTINUOUS
100
AcDbLine
 10
67.242882999999992
 20
-113.1055369999999982
 30
0
 11
67.1124849999999924
 21
-113.0184079999999938
 31
0
  0
LINE
  5
53E
330
1B
100
AcDbEntity
  8
F.Cu
  6
CONTINUOUS
100
AcDbLine
 10
67.1124849999999924
 20
-113.0184079999999938
 30
0
 11
67.0015920000000023
 21
-112.9075149999999894
 31
0
  0
LINE
  5
53F
330
1B
100
AcDbEntity
  8
F.Cu
  6
CONTINUOUS
100
AcDbLine
 10
67.0015920000000023
 20
-112.9075149999999894
 30
0
 11
66.9144629999999978
 21
-112.7771169999999898
 31
0
  0
LINE
  5
540
330
1B
100
AcDbEntity
  8
F.Cu
  6
CONTINUOUS
100
AcDbLine
 10
66.9144629999999978
 20
-112.7771169999999898
 30
0
 11
66.8544479999999908
 21
-112.6322279999999978
 31
0
  0
LINE
  5
541
330
1B
100
AcDbEntity
  8
F.Cu
  6
CONTINUOUS
100
AcDbLine
 10
66.8544479999999908
 20
-112.6322279999999978
 30
0
 11
66.8238520000000022
 21
-112.4784140000000008
 31
0
  0
LINE
  5
542
330
1B
100
AcDbEntity
  8
F.Cu
  6
CONTINUOUS
100
AcDbLine
 10
66.8238520000000022
 20
-112.4784140000000008
 30
0
 11
66.8199999999999932
 21
-112.3999999999999915
 31
0
  0
LINE
  5
543
330
1B
100
AcDbEntity
  8
F.Cu
  6
CONTINUOUS
100
AcDbLine
 10
66.8199999999999932
 20
-112.3999999999999915
 30
0
 11
66.8199999999999932
 21
-111.5999999999999943
 31
0
  0
LINE
  5
544
330
1B
100
AcDbEntity
  8
F.Cu
  6
CONTINUOUS
100
AcDbLine
 10
66.8199999999999932
 20
-111.5999999999999943
 30
0
 11
66.8238520000000022
 21
-111.5215859999999992
 31
0
  0
LINE
  5
545
330
1B
100
AcDbEntity
  8
F.Cu
  6
CONTINUOUS
100
AcDbLine
 10
66.8238520000000022
 20
-111.5215859999999992
 30
0
 11
66.8544479999999908
 21
-111.367771999999988
 31
0
  0
LINE
  5
546
330
1B
100
AcDbEntity
  8
F.Cu
  6
CONTINUOUS
100
AcDbLine
 10
66.8544479999999908
 20
-111.367771999999988
 30
0
 11
66.9144629999999978
 21
-111.2228829999999959
 31
0
  0
LINE
  5
547
330
1B
100
AcDbEntity
  8
F.Cu
  6
CONTINUOUS
100
AcDbLine
 10
66.9144629999999978
 20
-111.2228829999999959
 30
0
 11
67.0015920000000023
 21
-111.0924849999999964
 31
0
  0
LINE
  5
548
330
1B
100
AcDbEntity
  8
F.Cu
  6
CONTINUOUS
100
AcDbLine
 10
67.0015920000000023
 20
-111.0924849999999964
 30
0
 11
67.1124849999999924
 21
-110.981591999999992
 31
0
  0
LINE
  5
549
330
1B
100
AcDbEntity
  8
F.Cu
  6
CONTINUOUS
100
AcDbLine
 10
67.1124849999999924
 20
-110.981591999999992
 30
0
 11
67.242882999999992
 21
-110.8944630000000018
 31
0
  0
LINE
  5
54A
330
1B
100
AcDbEntity
  8
F.Cu
  6
CONTINUOUS
100
AcDbLine
 10
67.242882999999992
 20
-110.8944630000000018
 30
0
 11
67.3877719999999982
 21
-110.8344479999999947
 31
0
  0
LINE
  5
54B
330
1B
100
AcDbEntity
  8
F.Cu
  6
CONTINUOUS
100
AcDbLine
 10
67.3877719999999982
 20
-110.8344479999999947
 30
0
 11
67.5415859999999952
 21
-110.803851999999992
 31
0
  0
LINE
  5
54C
330
1B
100
AcDbEntity
  8
F.Cu
  6
CONTINUOUS
100
AcDbLine
 10
67.5415859999999952
 20
-110.803851999999992
 30
0
 11
67.6984139999999996
 21
-110.803851999999992
 31
0
  0
LINE
  5
54D
330
1B
100
AcDbEntity
  8
F.Cu
  6
CONTINUOUS
100
AcDbLine
 10
67.6984139999999996
 20
-110.803851999999992
 30
0
 11
67.8522279999999967
 21
-110.8344479999999947
 31
0
  0
LINE
  5
54E
330
1B
100
AcDbEntity
  8
F.Cu
  6
CONTINUOUS
100
AcDbLine
 10
70.3922280000000029
 20
-110.8344479999999947
 30
0
 11
70.537116999999995
 21
-110.8944630000000018
 31
0
  0
LINE
  5
54F
330
1B
100
AcDbEntity
  8
F.Cu
  6
CONTINUOUS
100
AcDbLine
 10
70.537116999999995
 20
-110.8944630000000018
 30
0
 11
70.6675149999999945
 21
-110.981591999999992
 31
0
  0
LINE
  5
550
330
1B
100
AcDbEntity
  8
F.Cu
  6
CONTINUOUS
100
AcDbLine
 10
70.6675149999999945
 20
-110.981591999999992
 30
0
 11
70.7784079999999989
 21
-111.0924849999999964
 31
0
  0
LINE
  5
551
330
1B
100
AcDbEntity
  8
F.Cu
  6
CONTINUOUS
100
AcDbLine
 10
70.7784079999999989
 20
-111.0924849999999964
 30
0
 11
70.8655370000000033
 21
-111.2228829999999959
 31
0
  0
LINE
  5
552
330
1B
100
AcDbEntity
  8
F.Cu
  6
CONTINUOUS
100
AcDbLine
 10
70.8655370000000033
 20
-111.2228829999999959
 30
0
 11
70.9255519999999962
 21
-111.367771999999988
 31
0
  0
LINE
  5
553
330
1B
100
AcDbEntity
  8
F.Cu
  6
CONTINUOUS
100
AcDbLine
 10
70.9255519999999962
 20
-111.367771999999988
 30
0
 11
70.9561479999999989
 21
-111.5215859999999992
 31
0
  0
LINE
  5
554
330
1B
100
AcDbEntity
  8
F.Cu
  6
CONTINUOUS
100
AcDbLine
 10
70.9561479999999989
 20
-111.5215859999999992
 30
0
 11
70.9599999999999937
 21
-111.5999999999999943
 31
0
  0
LINE
  5
555
330
1B
100
AcDbEntity
  8
F.Cu
  6
CONTINUOUS
100
AcDbLine
 10
70.9599999999999937
 20
-111.5999999999999943
 30
0
 11
70.9599999999999937
 21
-112.3999999999999915
 31
0
  0
LINE
  5
556
330
1B
100
AcDbEntity
  8
F.Cu
  6
CONTINUOUS
100
AcDbLine
 10
70.9599999999999937
 20
-112.3999999999999915
 30
0
 11
70.9561479999999989
 21
-112.4784140000000008
 31
0
  0
LINE
  5
557
330
1B
100
AcDbEntity
  8
F.Cu
  6
CONTINUOUS
100
AcDbLine
 10
70.9561479999999989
 20
-112.4784140000000008
 30
0
 11
70.9255519999999962
 21
-112.6322279999999978
 31
0
  0
LINE
  5
558
330
1B
100
AcDbEntity
  8
F.Cu
  6
CONTINUOUS
100
AcDbLine
 10
70.9255519999999962
 20
-112.6322279999999978
 30
0
 11
70.8655370000000033
 21
-112.7771169999999898
 31
0
  0
LINE
  5
559
330
1B
100
AcDbEntity
  8
F.Cu
  6
CONTINUOUS
100
AcDbLine
 10
70.8655370000000033
 20
-112.7771169999999898
 30
0
 11
70.7784079999999989
 21
-112.9075149999999894
 31
0
  0
LINE
  5
55A
330
1B
100
AcDbEntity
  8
F.Cu
  6
CONTINUOUS
100
AcDbLine
 10
70.7784079999999989
 20
-112.9075149999999894
 30
0
 11
70.6675149999999945
 21
-113.0184079999999938
 31
0
  0
LINE
  5
55B
330
1B
100
AcDbEntity
  8
F.Cu
  6
CONTINUOUS
100
AcDbLine
 10
70.6675149999999945
 20
-113.0184079999999938
 30
0
 11
70.537116999999995
 21
-113.1055369999999982
 31
0
  0
LINE
  5
55C
330
1B
100
AcDbEntity
  8
F.Cu
  6
CONTINUOUS
100
AcDbLine
 10
70.537116999999995
 20
-113.1055369999999982
 30
0
 11
70.3922280000000029
 21
-113.165551999999991
 31
0
  0
LINE
  5
55D
330
1B
100
AcDbEntity
  8
F.Cu
  6
CONTINUOUS
100
AcDbLine
 10
70.3922280000000029
 20
-113.165551999999991
 30
0
 11
70.2384139999999917
 21
-113.1961479999999938
 31
0
  0
LINE
  5
55E
330
1B
100
AcDbEntity
  8
F.Cu
  6
CONTINUOUS
100
AcDbLine
 10
70.2384139999999917
 20
-113.1961479999999938
 30
0
 11
70.0815860000000015
 21
-113.1961479999999938
 31
0
  0
LINE
  5
55F
330
1B
100
AcDbEntity
  8
F.Cu
  6
CONTINUOUS
100
AcDbLine
 10
70.0815860000000015
 20
-113.1961479999999938
 30
0
 11
69.9277719999999903
 21
-113.165551999999991
 31
0
  0
LINE
  5
560
330
1B
100
AcDbEntity
  8
F.Cu
  6
CONTINUOUS
100
AcDbLine
 10
69.9277719999999903
 20
-113.165551999999991
 30
0
 11
69.7828829999999982
 21
-113.1055369999999982
 31
0
  0
LINE
  5
561
330
1B
100
AcDbEntity
  8
F.Cu
  6
CONTINUOUS
100
AcDbLine
 10
69.7828829999999982
 20
-113.1055369999999982
 30
0
 11
69.6524849999999986
 21
-113.0184079999999938
 31
0
  0
LINE
  5
562
330
1B
100
AcDbEntity
  8
F.Cu
  6
CONTINUOUS
100
AcDbLine
 10
69.6524849999999986
 20
-113.0184079999999938
 30
0
 11
69.5415919999999943
 21
-112.9075149999999894
 31
0
  0
LINE
  5
563
330
1B
100
AcDbEntity
  8
F.Cu
  6
CONTINUOUS
100
AcDbLine
 10
69.5415919999999943
 20
-112.9075149999999894
 30
0
 11
69.4544629999999898
 21
-112.7771169999999898
 31
0
  0
LINE
  5
564
330
1B
100
AcDbEntity
  8
F.Cu
  6
CONTINUOUS
100
AcDbLine
 10
69.4544629999999898
 20
-112.7771169999999898
 30
0
 11
69.394447999999997
 21
-112.6322279999999978
 31
0
  0
LINE
  5
565
330
1B
100
AcDbEntity
  8
F.Cu
  6
CONTINUOUS
100
AcDbLine
 10
69.394447999999997
 20
-112.6322279999999978
 30
0
 11
69.3638519999999943
 21
-112.4784140000000008
 31
0
  0
LINE
  5
566
330
1B
100
AcDbEntity
  8
F.Cu
  6
CONTINUOUS
100
AcDbLine
 10
69.3638519999999943
 20
-112.4784140000000008
 30
0
 11
69.3599999999999994
 21
-112.3999999999999915
 31
0
  0
LINE
  5
567
330
1B
100
AcDbEntity
  8
F.Cu
  6
CONTINUOUS
100
AcDbLine
 10
69.3599999999999994
 20
-112.3999999999999915
 30
0
 11
69.3599999999999994
 21
-111.5999999999999943
 31
0
  0
LINE
  5
568
330
1B
100
AcDbEntity
  8
F.Cu
  6
CONTINUOUS
100
AcDbLine
 10
69.3599999999999994
 20
-111.5999999999999943
 30
0
 11
69.3638519999999943
 21
-111.5215859999999992
 31
0
  0
LINE
  5
569
330
1B
100
AcDbEntity
  8
F.Cu
  6
CONTINUOUS
100
AcDbLine
 10
69.3638519999999943
 20
-111.5215859999999992
 30
0
 11
69.394447999999997
 21
-111.367771999999988
 31
0
  0
LINE
  5
56A
330
1B
100
AcDbEntity
  8
F.Cu
  6
CONTINUOUS
100
AcDbLine
 10
69.394447999999997
 20
-111.367771999999988
 30
0
 11
69.4544629999999898
 21
-111.2228829999999959
 31
0
  0
LINE
  5
56B
330
1B
100
AcDbEntity
  8
F.Cu
  6
CONTINUOUS
100
AcDbLine
 10
69.4544629999999898
 20
-111.2228829999999959
 30
0
 11
69.5415919999999943
 21
-111.0924849999999964
 31
0
  0
LINE
  5
56C
330
1B
100
AcDbEntity
  8
F.Cu
  6
CONTINUOUS
100
AcDbLine
 10
69.5415919999999943
 20
-111.0924849999999964
 30
0
 11
69.6524849999999986
 21
-110.981591999999992
 31
0
  0
LINE
  5
56D
330
1B
100
AcDbEntity
  8
F.Cu
  6
CONTINUOUS
100
AcDbLine
 10
69.6524849999999986
 20
-110.981591999999992
 30
0
 11
69.7828829999999982
 21
-110.8944630000000018
 31
0
  0
LINE
  5
56E
330
1B
100
AcDbEntity
  8
F.Cu
  6
CONTINUOUS
100
AcDbLine
 10
69.7828829999999982
 20
-110.8944630000000018
 30
0
 11
69.9277719999999903
 21
-110.8344479999999947
 31
0
  0
LINE
  5
56F
330
1B
100
AcDbEntity
  8
F.Cu
  6
CONTINUOUS
100
AcDbLine
 10
69.9277719999999903
 20
-110.8344479999999947
 30
0
 11
70.0815860000000015
 21
-110.803851999999992
 31
0
  0
LINE
  5
570
330
1B
100
AcDbEntity
  8
F.Cu
  6
CONTINUOUS
100
AcDbLine
 10
70.0815860000000015
 20
-110.803851999999992
 30
0
 11
70.2384139999999917
 21
-110.803851999999992
 31
0
  0
LINE
  5
571
330
1B
100
AcDbEntity
  8
F.Cu
  6
CONTINUOUS
100
AcDbLine
 10
70.2384139999999917
 20
-110.803851999999992
 30
0
 11
70.3922280000000029
 21
-110.8344479999999947
 31
0
  0
LINE
  5
572
330
1B
100
AcDbEntity
  8
F.Cu
  6
CONTINUOUS
100
AcDbLine
 10
72.9322279999999949
 20
-110.8344479999999947
 30
0
 11
73.0771170000000012
 21
-110.8944630000000018
 31
0
  0
LINE
  5
573
330
1B
100
AcDbEntity
  8
F.Cu
  6
CONTINUOUS
100
AcDbLine
 10
73.0771170000000012
 20
-110.8944630000000018
 30
0
 11
73.2075150000000008
 21
-110.981591999999992
 31
0
  0
LINE
  5
574
330
1B
100
AcDbEntity
  8
F.Cu
  6
CONTINUOUS
100
AcDbLine
 10
73.2075150000000008
 20
-110.981591999999992
 30
0
 11
73.3184079999999909
 21
-111.0924849999999964
 31
0
  0
LINE
  5
575
330
1B
100
AcDbEntity
  8
F.Cu
  6
CONTINUOUS
100
AcDbLine
 10
73.3184079999999909
 20
-111.0924849999999964
 30
0
 11
73.4055369999999954
 21
-111.2228829999999959
 31
0
  0
LINE
  5
576
330
1B
100
AcDbEntity
  8
F.Cu
  6
CONTINUOUS
100
AcDbLine
 10
73.4055369999999954
 20
-111.2228829999999959
 30
0
 11
73.4655520000000024
 21
-111.367771999999988
 31
0
  0
LINE
  5
577
330
1B
100
AcDbEntity
  8
F.Cu
  6
CONTINUOUS
100
AcDbLine
 10
73.4655520000000024
 20
-111.367771999999988
 30
0
 11
73.4961479999999909
 21
-111.5215859999999992
 31
0
  0
LINE
  5
578
330
1B
100
AcDbEntity
  8
F.Cu
  6
CONTINUOUS
100
AcDbLine
 10
73.4961479999999909
 20
-111.5215859999999992
 30
0
 11
73.5
 21
-111.5999999999999943
 31
0
  0
LINE
  5
579
330
1B
100
AcDbEntity
  8
F.Cu
  6
CONTINUOUS
100
AcDbLine
 10
73.5
 20
-111.5999999999999943
 30
0
 11
73.5
 21
-112.3999999999999915
 31
0
  0
LINE
  5
57A
330
1B
100
AcDbEntity
  8
F.Cu
  6
CONTINUOUS
100
AcDbLine
 10
73.5
 20
-112.3999999999999915
 30
0
 11
73.4961479999999909
 21
-112.4784140000000008
 31
0
  0
LINE
  5
57B
330
1B
100
AcDbEntity
  8
F.Cu
  6
CONTINUOUS
100
AcDbLine
 10
73.4961479999999909
 20
-112.4784140000000008
 30
0
 11
73.4655520000000024
 21
-112.6322279999999978
 31
0
  0
LINE
  5
57C
330
1B
100
AcDbEntity
  8
F.Cu
  6
CONTINUOUS
100
AcDbLine
 10
73.4655520000000024
 20
-112.6322279999999978
 30
0
 11
73.4055369999999954
 21
-112.7771169999999898
 31
0
  0
LINE
  5
57D
330
1B
100
AcDbEntity
  8
F.Cu
  6
CONTINUOUS
100
AcDbLine
 10
73.4055369999999954
 20
-112.7771169999999898
 30
0
 11
73.3184079999999909
 21
-112.9075149999999894
 31
0
  0
LINE
  5
57E
330
1B
100
AcDbEntity
  8
F.Cu
  6
CONTINUOUS
100
AcDbLine
 10
73.3184079999999909
 20
-112.9075149999999894
 30
0
 11
73.2075150000000008
 21
-113.0184079999999938
 31
0
  0
LINE
  5
57F
330
1B
100
AcDbEntity
  8
F.Cu
  6
CONTINUOUS
100
AcDbLine
 10
73.2075150000000008
 20
-113.0184079999999938
 30
0
 11
73.0771170000000012
 21
-113.1055369999999982
 31
0
  0
LINE
  5
580
330
1B
100
AcDbEntity
  8
F.Cu
  6
CONTINUOUS
100
AcDbLine
 10
73.0771170000000012
 20
-113.1055369999999982
 30
0
 11
72.9322279999999949
 21
-113.165551999999991
 31
0
  0
LINE
  5
581
330
1B
100
AcDbEntity
  8
F.Cu
  6
CONTINUOUS
100
AcDbLine
 10
72.9322279999999949
 20
-113.165551999999991
 30
0
 11
72.7784139999999979
 21
-113.1961479999999938
 31
0
  0
LINE
  5
582
330
1B
100
AcDbEntity
  8
F.Cu
  6
CONTINUOUS
100
AcDbLine
 10
72.7784139999999979
 20
-113.1961479999999938
 30
0
 11
72.6215859999999935
 21
-113.1961479999999938
 31
0
  0
LINE
  5
583
330
1B
100
AcDbEntity
  8
F.Cu
  6
CONTINUOUS
100
AcDbLine
 10
72.6215859999999935
 20
-113.1961479999999938
 30
0
 11
72.4677719999999965
 21
-113.165551999999991
 31
0
  0
LINE
  5
584
330
1B
100
AcDbEntity
  8
F.Cu
  6
CONTINUOUS
100
AcDbLine
 10
72.4677719999999965
 20
-113.165551999999991
 30
0
 11
72.3228829999999903
 21
-113.1055369999999982
 31
0
  0
LINE
  5
585
330
1B
100
AcDbEntity
  8
F.Cu
  6
CONTINUOUS
100
AcDbLine
 10
72.3228829999999903
 20
-113.1055369999999982
 30
0
 11
72.1924849999999907
 21
-113.0184079999999938
 31
0
  0
LINE
  5
586
330
1B
100
AcDbEntity
  8
F.Cu
  6
CONTINUOUS
100
AcDbLine
 10
72.1924849999999907
 20
-113.0184079999999938
 30
0
 11
72.0815920000000006
 21
-112.9075149999999894
 31
0
  0
LINE
  5
587
330
1B
100
AcDbEntity
  8
F.Cu
  6
CONTINUOUS
100
AcDbLine
 10
72.0815920000000006
 20
-112.9075149999999894
 30
0
 11
71.9944629999999961
 21
-112.7771169999999898
 31
0
  0
LINE
  5
588
330
1B
100
AcDbEntity
  8
F.Cu
  6
CONTINUOUS
100
AcDbLine
 10
71.9944629999999961
 20
-112.7771169999999898
 30
0
 11
71.9344480000000033
 21
-112.6322279999999978
 31
0
  0
LINE
  5
589
330
1B
100
AcDbEntity
  8
F.Cu
  6
CONTINUOUS
100
AcDbLine
 10
71.9344480000000033
 20
-112.6322279999999978
 30
0
 11
71.9038520000000005
 21
-112.4784140000000008
 31
0
  0
LINE
  5
58A
330
1B
100
AcDbEntity
  8
F.Cu
  6
CONTINUOUS
100
AcDbLine
 10
71.9038520000000005
 20
-112.4784140000000008
 30
0
 11
71.8999999999999915
 21
-112.3999999999999915
 31
0
  0
LINE
  5
58B
330
1B
100
AcDbEntity
  8
F.Cu
  6
CONTINUOUS
100
AcDbLine
 10
71.8999999999999915
 20
-112.3999999999999915
 30
0
 11
71.8999999999999915
 21
-111.5999999999999943
 31
0
  0
LINE
  5
58C
330
1B
100
AcDbEntity
  8
F.Cu
  6
CONTINUOUS
100
AcDbLine
 10
71.8999999999999915
 20
-111.5999999999999943
 30
0
 11
71.9038520000000005
 21
-111.5215859999999992
 31
0
  0
LINE
  5
58D
330
1B
100
AcDbEntity
  8
F.Cu
  6
CONTINUOUS
100
AcDbLine
 10
71.9038520000000005
 20
-111.5215859999999992
 30
0
 11
71.9344480000000033
 21
-111.367771999999988
 31
0
  0
LINE
  5
58E
330
1B
100
AcDbEntity
  8
F.Cu
  6
CONTINUOUS
100
AcDbLine
 10
71.9344480000000033
 20
-111.367771999999988
 30
0
 11
71.9944629999999961
 21
-111.2228829999999959
 31
0
  0
LINE
  5
58F
330
1B
100
AcDbEntity
  8
F.Cu
  6
CONTINUOUS
100
AcDbLine
 10
71.9944629999999961
 20
-111.2228829999999959
 30
0
 11
72.0815920000000006
 21
-111.0924849999999964
 31
0
  0
LINE
  5
590
330
1B
100
AcDbEntity
  8
F.Cu
  6
CONTINUOUS
100
AcDbLine
 10
72.0815920000000006
 20
-111.0924849999999964
 30
0
 11
72.1924849999999907
 21
-110.981591999999992
 31
0
  0
LINE
  5
591
330
1B
100
AcDbEntity
  8
F.Cu
  6
CONTINUOUS
100
AcDbLine
 10
72.1924849999999907
 20
-110.981591999999992
 30
0
 11
72.3228829999999903
 21
-110.8944630000000018
 31
0
  0
LINE
  5
592
330
1B
100
AcDbEntity
  8
F.Cu
  6
CONTINUOUS
100
AcDbLine
 10
72.3228829999999903
 20
-110.8944630000000018
 30
0
 11
72.4677719999999965
 21
-110.8344479999999947
 31
0
  0
LINE
  5
593
330
1B
100
AcDbEntity
  8
F.Cu
  6
CONTINUOUS
100
AcDbLine
 10
72.4677719999999965
 20
-110.8344479999999947
 30
0
 11
72.6215859999999935
 21
-110.803851999999992
 31
0
  0
LINE
  5
594
330
1B
100
AcDbEntity
  8
F.Cu
  6
CONTINUOUS
100
AcDbLine
 10
72.6215859999999935
 20
-110.803851999999992
 30
0
 11
72.7784139999999979
 21
-110.803851999999992
 31
0
  0
LINE
  5
595
330
1B
100
AcDbEntity
  8
F.Cu
  6
CONTINUOUS
100
AcDbLine
 10
72.7784139999999979
 20
-110.803851999999992
 30
0
 11
72.9322279999999949
 21
-110.8344479999999947
 31
0
  0
LINE
  5
596
330
1B
100
AcDbEntity
  8
F.Cu
  6
CONTINUOUS
100
AcDbLine
 10
75.4722280000000012
 20
-110.8344479999999947
 30
0
 11
75.6171169999999933
 21
-110.8944630000000018
 31
0
  0
LINE
  5
597
330
1B
100
AcDbEntity
  8
F.Cu
  6
CONTINUOUS
100
AcDbLine
 10
75.6171169999999933
 20
-110.8944630000000018
 30
0
 11
75.7475149999999928
 21
-110.981591999999992
 31
0
  0
LINE
  5
598
330
1B
100
AcDbEntity
  8
F.Cu
  6
CONTINUOUS
100
AcDbLine
 10
75.7475149999999928
 20
-110.981591999999992
 30
0
 11
75.8584079999999972
 21
-111.0924849999999964
 31
0
  0
LINE
  5
599
330
1B
100
AcDbEntity
  8
F.Cu
  6
CONTINUOUS
100
AcDbLine
 10
75.8584079999999972
 20
-111.0924849999999964
 30
0
 11
75.9455370000000016
 21
-111.2228829999999959
 31
0
  0
LINE
  5
59A
330
1B
100
AcDbEntity
  8
F.Cu
  6
CONTINUOUS
100
AcDbLine
 10
75.9455370000000016
 20
-111.2228829999999959
 30
0
 11
76.0055519999999945
 21
-111.367771999999988
 31
0
  0
LINE
  5
59B
330
1B
100
AcDbEntity
  8
F.Cu
  6
CONTINUOUS
100
AcDbLine
 10
76.0055519999999945
 20
-111.367771999999988
 30
0
 11
76.0361479999999972
 21
-111.5215859999999992
 31
0
  0
LINE
  5
59C
330
1B
100
AcDbEntity
  8
F.Cu
  6
CONTINUOUS
100
AcDbLine
 10
76.0361479999999972
 20
-111.5215859999999992
 30
0
 11
76.039999999999992
 21
-111.5999999999999943
 31
0
  0
LINE
  5
59D
330
1B
100
AcDbEntity
  8
F.Cu
  6
CONTINUOUS
100
AcDbLine
 10
76.039999999999992
 20
-111.5999999999999943
 30
0
 11
76.039999999999992
 21
-112.3999999999999915
 31
0
  0
LINE
  5
59E
330
1B
100
AcDbEntity
  8
F.Cu
  6
CONTINUOUS
100
AcDbLine
 10
76.039999999999992
 20
-112.3999999999999915
 30
0
 11
76.0361479999999972
 21
-112.4784140000000008
 31
0
  0
LINE
  5
59F
330
1B
100
AcDbEntity
  8
F.Cu
  6
CONTINUOUS
100
AcDbLine
 10
76.0361479999999972
 20
-112.4784140000000008
 30
0
 11
76.0055519999999945
 21
-112.6322279999999978
 31
0
  0
LINE
  5
5A0
330
1B
100
AcDbEntity
  8
F.Cu
  6
CONTINUOUS
100
AcDbLine
 10
76.0055519999999945
 20
-112.6322279999999978
 30
0
 11
75.9455370000000016
 21
-112.7771169999999898
 31
0
  0
LINE
  5
5A1
330
1B
100
AcDbEntity
  8
F.Cu
  6
CONTINUOUS
100
AcDbLine
 10
75.9455370000000016
 20
-112.7771169999999898
 30
0
 11
75.8584079999999972
 21
-112.9075149999999894
 31
0
  0
LINE
  5
5A2
330
1B
100
AcDbEntity
  8
F.Cu
  6
CONTINUOUS
100
AcDbLine
 10
75.8584079999999972
 20
-112.9075149999999894
 30
0
 11
75.7475149999999928
 21
-113.0184079999999938
 31
0
  0
LINE
  5
5A3
330
1B
100
AcDbEntity
  8
F.Cu
  6
CONTINUOUS
100
AcDbLine
 10
75.7475149999999928
 20
-113.0184079999999938
 30
0
 11
75.6171169999999933
 21
-113.1055369999999982
 31
0
  0
LINE
  5
5A4
330
1B
100
AcDbEntity
  8
F.Cu
  6
CONTINUOUS
100
AcDbLine
 10
75.6171169999999933
 20
-113.1055369999999982
 30
0
 11
75.4722280000000012
 21
-113.165551999999991
 31
0
  0
LINE
  5
5A5
330
1B
100
AcDbEntity
  8
F.Cu
  6
CONTINUOUS
100
AcDbLine
 10
75.4722280000000012
 20
-113.165551999999991
 30
0
 11
75.31841399999999
 21
-113.1961479999999938
 31
0
  0
LINE
  5
5A6
330
1B
100
AcDbEntity
  8
F.Cu
  6
CONTINUOUS
100
AcDbLine
 10
75.31841399999999
 20
-113.1961479999999938
 30
0
 11
75.1615859999999998
 21
-113.1961479999999938
 31
0
  0
LINE
  5
5A7
330
1B
100
AcDbEntity
  8
F.Cu
  6
CONTINUOUS
100
AcDbLine
 10
75.1615859999999998
 20
-113.1961479999999938
 30
0
 11
75.0077720000000028
 21
-113.165551999999991
 31
0
  0
LINE
  5
5A8
330
1B
100
AcDbEntity
  8
F.Cu
  6
CONTINUOUS
100
AcDbLine
 10
75.0077720000000028
 20
-113.165551999999991
 30
0
 11
74.8628829999999965
 21
-113.1055369999999982
 31
0
  0
LINE
  5
5A9
330
1B
100
AcDbEntity
  8
F.Cu
  6
CONTINUOUS
100
AcDbLine
 10
74.8628829999999965
 20
-113.1055369999999982
 30
0
 11
74.7324849999999969
 21
-113.0184079999999938
 31
0
  0
LINE
  5
5AA
330
1B
100
AcDbEntity
  8
F.Cu
  6
CONTINUOUS
100
AcDbLine
 10
74.7324849999999969
 20
-113.0184079999999938
 30
0
 11
74.6215919999999926
 21
-112.9075149999999894
 31
0
  0
LINE
  5
5AB
330
1B
100
AcDbEntity
  8
F.Cu
  6
CONTINUOUS
100
AcDbLine
 10
74.6215919999999926
 20
-112.9075149999999894
 30
0
 11
74.5344630000000024
 21
-112.7771169999999898
 31
0
  0
LINE
  5
5AC
330
1B
100
AcDbEntity
  8
F.Cu
  6
CONTINUOUS
100
AcDbLine
 10
74.5344630000000024
 20
-112.7771169999999898
 30
0
 11
74.4744479999999953
 21
-112.6322279999999978
 31
0
  0
LINE
  5
5AD
330
1B
100
AcDbEntity
  8
F.Cu
  6
CONTINUOUS
100
AcDbLine
 10
74.4744479999999953
 20
-112.6322279999999978
 30
0
 11
74.4438519999999926
 21
-112.4784140000000008
 31
0
  0
LINE
  5
5AE
330
1B
100
AcDbEntity
  8
F.Cu
  6
CONTINUOUS
100
AcDbLine
 10
74.4438519999999926
 20
-112.4784140000000008
 30
0
 11
74.4399999999999977
 21
-112.3999999999999915
 31
0
  0
LINE
  5
5AF
330
1B
100
AcDbEntity
  8
F.Cu
  6
CONTINUOUS
100
AcDbLine
 10
74.4399999999999977
 20
-112.3999999999999915
 30
0
 11
74.4399999999999977
 21
-111.5999999999999943
 31
0
  0
LINE
  5
5B0
330
1B
100
AcDbEntity
  8
F.Cu
  6
CONTINUOUS
100
AcDbLine
 10
74.4399999999999977
 20
-111.5999999999999943
 30
0
 11
74.4438519999999926
 21
-111.5215859999999992
 31
0
  0
LINE
  5
5B1
330
1B
100
AcDbEntity
  8
F.Cu
  6
CONTINUOUS
100
AcDbLine
 10
74.4438519999999926
 20
-111.5215859999999992
 30
0
 11
74.4744479999999953
 21
-111.367771999999988
 31
0
  0
LINE
  5
5B2
330
1B
100
AcDbEntity
  8
F.Cu
  6
CONTINUOUS
100
AcDbLine
 10
74.4744479999999953
 20
-111.367771999999988
 30
0
 11
74.5344630000000024
 21
-111.2228829999999959
 31
0
  0
LINE
  5
5B3
330
1B
100
AcDbEntity
  8
F.Cu
  6
CONTINUOUS
100
AcDbLine
 10
74.5344630000000024
 20
-111.2228829999999959
 30
0
 11
74.6215919999999926
 21
-111.0924849999999964
 31
0
  0
LINE
  5
5B4
330
1B
100
AcDbEntity
  8
F.Cu
  6
CONTINUOUS
100
AcDbLine
 10
74.6215919999999926
 20
-111.0924849999999964
 30
0
 11
74.7324849999999969
 21
-110.981591999999992
 31
0
  0
LINE
  5
5B5
330
1B
100
AcDbEntity
  8
F.Cu
  6
CONTINUOUS
100
AcDbLine
 10
74.7324849999999969
 20
-110.981591999999992
 30
0
 11
74.8628829999999965
 21
-110.8944630000000018
 31
0
  0
LINE
  5
5B6
330
1B
100
AcDbEntity
  8
F.Cu
  6
CONTINUOUS
100
AcDbLine
 10
74.8628829999999965
 20
-110.8944630000000018
 30
0
 11
75.0077720000000028
 21
-110.8344479999999947
 31
0
  0
LINE
  5
5B7
330
1B
100
AcDbEntity
  8
F.Cu
  6
CONTINUOUS
100
AcDbLine
 10
75.0077720000000028
 20
-110.8344479999999947
 30
0
 11
75.1615859999999998
 21
-110.803851999999992
 31
0
  0
LINE
  5
5B8
330
1B
100
AcDbEntity
  8
F.Cu
  6
CONTINUOUS
100
AcDbLine
 10
75.1615859999999998
 20
-110.803851999999992
 30
0
 11
75.31841399999999
 21
-110.803851999999992
 31
0
  0
LINE
  5
5B9
330
1B
100
AcDbEntity
  8
F.Cu
  6
CONTINUOUS
100
AcDbLine
 10
75.31841399999999
 20
-110.803851999999992
 30
0
 11
75.4722280000000012
 21
-110.8344479999999947
 31
0
  0
LINE
  5
5BA
330
1B
100
AcDbEntity
  8
F.Cu
  6
CONTINUOUS
100
AcDbLine
 10
78.0122279999999932
 20
-110.8344479999999947
 30
0
 11
78.1571169999999995
 21
-110.8944630000000018
 31
0
  0
LINE
  5
5BB
330
1B
100
AcDbEntity
  8
F.Cu
  6
CONTINUOUS
100
AcDbLine
 10
78.1571169999999995
 20
-110.8944630000000018
 30
0
 11
78.2875149999999991
 21
-110.981591999999992
 31
0
  0
LINE
  5
5BC
330
1B
100
AcDbEntity
  8
F.Cu
  6
CONTINUOUS
100
AcDbLine
 10
78.2875149999999991
 20
-110.981591999999992
 30
0
 11
78.3984080000000034
 21
-111.0924849999999964
 31
0
  0
LINE
  5
5BD
330
1B
100
AcDbEntity
  8
F.Cu
  6
CONTINUOUS
100
AcDbLine
 10
78.3984080000000034
 20
-111.0924849999999964
 30
0
 11
78.4855369999999937
 21
-111.2228829999999959
 31
0
  0
LINE
  5
5BE
330
1B
100
AcDbEntity
  8
F.Cu
  6
CONTINUOUS
100
AcDbLine
 10
78.4855369999999937
 20
-111.2228829999999959
 30
0
 11
78.5455520000000007
 21
-111.367771999999988
 31
0
  0
LINE
  5
5BF
330
1B
100
AcDbEntity
  8
F.Cu
  6
CONTINUOUS
100
AcDbLine
 10
78.5455520000000007
 20
-111.367771999999988
 30
0
 11
78.5761480000000034
 21
-111.5215859999999992
 31
0
  0
LINE
  5
5C0
330
1B
100
AcDbEntity
  8
F.Cu
  6
CONTINUOUS
100
AcDbLine
 10
78.5761480000000034
 20
-111.5215859999999992
 30
0
 11
78.5799999999999983
 21
-111.5999999999999943
 31
0
  0
LINE
  5
5C1
330
1B
100
AcDbEntity
  8
F.Cu
  6
CONTINUOUS
100
AcDbLine
 10
78.5799999999999983
 20
-111.5999999999999943
 30
0
 11
78.5799999999999983
 21
-112.3999999999999915
 31
0
  0
LINE
  5
5C2
330
1B
100
AcDbEntity
  8
F.Cu
  6
CONTINUOUS
100
AcDbLine
 10
78.5799999999999983
 20
-112.3999999999999915
 30
0
 11
78.5761480000000034
 21
-112.4784140000000008
 31
0
  0
LINE
  5
5C3
330
1B
100
AcDbEntity
  8
F.Cu
  6
CONTINUOUS
100
AcDbLine
 10
78.5761480000000034
 20
-112.4784140000000008
 30
0
 11
78.5455520000000007
 21
-112.6322279999999978
 31
0
  0
LINE
  5
5C4
330
1B
100
AcDbEntity
  8
F.Cu
  6
CONTINUOUS
100
AcDbLine
 10
78.5455520000000007
 20
-112.6322279999999978
 30
0
 11
78.4855369999999937
 21
-112.7771169999999898
 31
0
  0
LINE
  5
5C5
330
1B
100
AcDbEntity
  8
F.Cu
  6
CONTINUOUS
100
AcDbLine
 10
78.4855369999999937
 20
-112.7771169999999898
 30
0
 11
78.3984080000000034
 21
-112.9075149999999894
 31
0
  0
LINE
  5
5C6
330
1B
100
AcDbEntity
  8
F.Cu
  6
CONTINUOUS
100
AcDbLine
 10
78.3984080000000034
 20
-112.9075149999999894
 30
0
 11
78.2875149999999991
 21
-113.0184079999999938
 31
0
  0
LINE
  5
5C7
330
1B
100
AcDbEntity
  8
F.Cu
  6
CONTINUOUS
100
AcDbLine
 10
78.2875149999999991
 20
-113.0184079999999938
 30
0
 11
78.1571169999999995
 21
-113.1055369999999982
 31
0
  0
LINE
  5
5C8
330
1B
100
AcDbEntity
  8
F.Cu
  6
CONTINUOUS
100
AcDbLine
 10
78.1571169999999995
 20
-113.1055369999999982
 30
0
 11
78.0122279999999932
 21
-113.165551999999991
 31
0
  0
LINE
  5
5C9
330
1B
100
AcDbEntity
  8
F.Cu
  6
CONTINUOUS
100
AcDbLine
 10
78.0122279999999932
 20
-113.165551999999991
 30
0
 11
77.8584139999999962
 21
-113.1961479999999938
 31
0
  0
LINE
  5
5CA
330
1B
100
AcDbEntity
  8
F.Cu
  6
CONTINUOUS
100
AcDbLine
 10
77.8584139999999962
 20
-113.1961479999999938
 30
0
 11
77.7015859999999918
 21
-113.1961479999999938
 31
0
  0
LINE
  5
5CB
330
1B
100
AcDbEntity
  8
F.Cu
  6
CONTINUOUS
100
AcDbLine
 10
77.7015859999999918
 20
-113.1961479999999938
 30
0
 11
77.5477719999999948
 21
-113.165551999999991
 31
0
  0
LINE
  5
5CC
330
1B
100
AcDbEntity
  8
F.Cu
  6
CONTINUOUS
100
AcDbLine
 10
77.5477719999999948
 20
-113.165551999999991
 30
0
 11
77.4028830000000028
 21
-113.1055369999999982
 31
0
  0
LINE
  5
5CD
330
1B
100
AcDbEntity
  8
F.Cu
  6
CONTINUOUS
100
AcDbLine
 10
77.4028830000000028
 20
-113.1055369999999982
 30
0
 11
77.2724850000000032
 21
-113.0184079999999938
 31
0
  0
LINE
  5
5CE
330
1B
100
AcDbEntity
  8
F.Cu
  6
CONTINUOUS
100
AcDbLine
 10
77.2724850000000032
 20
-113.0184079999999938
 30
0
 11
77.1615919999999988
 21
-112.9075149999999894
 31
0
  0
LINE
  5
5CF
330
1B
100
AcDbEntity
  8
F.Cu
  6
CONTINUOUS
100
AcDbLine
 10
77.1615919999999988
 20
-112.9075149999999894
 30
0
 11
77.0744629999999944
 21
-112.7771169999999898
 31
0
  0
LINE
  5
5D0
330
1B
100
AcDbEntity
  8
F.Cu
  6
CONTINUOUS
100
AcDbLine
 10
77.0744629999999944
 20
-112.7771169999999898
 30
0
 11
77.0144480000000016
 21
-112.6322279999999978
 31
0
  0
LINE
  5
5D1
330
1B
100
AcDbEntity
  8
F.Cu
  6
CONTINUOUS
100
AcDbLine
 10
77.0144480000000016
 20
-112.6322279999999978
 30
0
 11
76.9838519999999988
 21
-112.4784140000000008
 31
0
  0
LINE
  5
5D2
330
1B
100
AcDbEntity
  8
F.Cu
  6
CONTINUOUS
100
AcDbLine
 10
76.9838519999999988
 20
-112.4784140000000008
 30
0
 11
76.9799999999999898
 21
-112.3999999999999915
 31
0
  0
LINE
  5
5D3
330
1B
100
AcDbEntity
  8
F.Cu
  6
CONTINUOUS
100
AcDbLine
 10
76.9799999999999898
 20
-112.3999999999999915
 30
0
 11
76.9799999999999898
 21
-111.5999999999999943
 31
0
  0
LINE
  5
5D4
330
1B
100
AcDbEntity
  8
F.Cu
  6
CONTINUOUS
100
AcDbLine
 10
76.9799999999999898
 20
-111.5999999999999943
 30
0
 11
76.9838519999999988
 21
-111.5215859999999992
 31
0
  0
LINE
  5
5D5
330
1B
100
AcDbEntity
  8
F.Cu
  6
CONTINUOUS
100
AcDbLine
 10
76.9838519999999988
 20
-111.5215859999999992
 30
0
 11
77.0144480000000016
 21
-111.367771999999988
 31
0
  0
LINE
  5
5D6
330
1B
100
AcDbEntity
  8
F.Cu
  6
CONTINUOUS
100
AcDbLine
 10
77.0144480000000016
 20
-111.367771999999988
 30
0
 11
77.0744629999999944
 21
-111.2228829999999959
 31
0
  0
LINE
  5
5D7
330
1B
100
AcDbEntity
  8
F.Cu
  6
CONTINUOUS
100
AcDbLine
 10
77.0744629999999944
 20
-111.2228829999999959
 30
0
 11
77.1615919999999988
 21
-111.0924849999999964
 31
0
  0
LINE
  5
5D8
330
1B
100
AcDbEntity
  8
F.Cu
  6
CONTINUOUS
100
AcDbLine
 10
77.1615919999999988
 20
-111.0924849999999964
 30
0
 11
77.2724850000000032
 21
-110.981591999999992
 31
0
  0
LINE
  5
5D9
330
1B
100
AcDbEntity
  8
F.Cu
  6
CONTINUOUS
100
AcDbLine
 10
77.2724850000000032
 20
-110.981591999999992
 30
0
 11
77.4028830000000028
 21
-110.8944630000000018
 31
0
  0
LINE
  5
5DA
330
1B
100
AcDbEntity
  8
F.Cu
  6
CONTINUOUS
100
AcDbLine
 10
77.4028830000000028
 20
-110.8944630000000018
 30
0
 11
77.5477719999999948
 21
-110.8344479999999947
 31
0
  0
LINE
  5
5DB
330
1B
100
AcDbEntity
  8
F.Cu
  6
CONTINUOUS
100
AcDbLine
 10
77.5477719999999948
 20
-110.8344479999999947
 30
0
 11
77.7015859999999918
 21
-110.803851999999992
 31
0
  0
LINE
  5
5DC
330
1B
100
AcDbEntity
  8
F.Cu
  6
CONTINUOUS
100
AcDbLine
 10
77.7015859999999918
 20
-110.803851999999992
 30
0
 11
77.8584139999999962
 21
-110.803851999999992
 31
0
  0
LINE
  5
5DD
330
1B
100
AcDbEntity
  8
F.Cu
  6
CONTINUOUS
100
AcDbLine
 10
77.8584139999999962
 20
-110.803851999999992
 30
0
 11
78.0122279999999932
 21
-110.8344479999999947
 31
0
  0
LINE
  5
5DE
330
1B
100
AcDbEntity
  8
F.Cu
  6
CONTINUOUS
100
AcDbLine
 10
98.2322279999999921
 20
-111.2344480000000004
 30
0
 11
98.3771169999999984
 21
-111.2944629999999933
 31
0
  0
LINE
  5
5DF
330
1B
100
AcDbEntity
  8
F.Cu
  6
CONTINUOUS
100
AcDbLine
 10
98.3771169999999984
 20
-111.2944629999999933
 30
0
 11
98.5075149999999979
 21
-111.3815919999999977
 31
0
  0
LINE
  5
5E0
330
1B
100
AcDbEntity
  8
F.Cu
  6
CONTINUOUS
100
AcDbLine
 10
98.5075149999999979
 20
-111.3815919999999977
 30
0
 11
98.6184080000000023
 21
-111.4924850000000021
 31
0
  0
LINE
  5
5E1
330
1B
100
AcDbEntity
  8
F.Cu
  6
CONTINUOUS
100
AcDbLine
 10
98.6184080000000023
 20
-111.4924850000000021
 30
0
 11
98.7055369999999925
 21
-111.6228830000000016
 31
0
  0
LINE
  5
5E2
330
1B
100
AcDbEntity
  8
F.Cu
  6
CONTINUOUS
100
AcDbLine
 10
98.7055369999999925
 20
-111.6228830000000016
 30
0
 11
98.7655519999999996
 21
-111.7677719999999937
 31
0
  0
LINE
  5
5E3
330
1B
100
AcDbEntity
  8
F.Cu
  6
CONTINUOUS
100
AcDbLine
 10
98.7655519999999996
 20
-111.7677719999999937
 30
0
 11
98.7961480000000023
 21
-111.9215859999999907
 31
0
  0
LINE
  5
5E4
330
1B
100
AcDbEntity
  8
F.Cu
  6
CONTINUOUS
100
AcDbLine
 10
98.7961480000000023
 20
-111.9215859999999907
 30
0
 11
98.7961480000000023
 21
-112.0784139999999951
 31
0
  0
LINE
  5
5E5
330
1B
100
AcDbEntity
  8
F.Cu
  6
CONTINUOUS
100
AcDbLine
 10
98.7961480000000023
 20
-112.0784139999999951
 30
0
 11
98.7655519999999996
 21
-112.2322279999999921
 31
0
  0
LINE
  5
5E6
330
1B
100
AcDbEntity
  8
F.Cu
  6
CONTINUOUS
100
AcDbLine
 10
98.7655519999999996
 20
-112.2322279999999921
 30
0
 11
98.7055369999999925
 21
-112.3771169999999984
 31
0
  0
LINE
  5
5E7
330
1B
100
AcDbEntity
  8
F.Cu
  6
CONTINUOUS
100
AcDbLine
 10
98.7055369999999925
 20
-112.3771169999999984
 30
0
 11
98.6184080000000023
 21
-112.5075149999999979
 31
0
  0
LINE
  5
5E8
330
1B
100
AcDbEntity
  8
F.Cu
  6
CONTINUOUS
100
AcDbLine
 10
98.6184080000000023
 20
-112.5075149999999979
 30
0
 11
98.5075149999999979
 21
-112.6184079999999881
 31
0
  0
LINE
  5
5E9
330
1B
100
AcDbEntity
  8
F.Cu
  6
CONTINUOUS
100
AcDbLine
 10
98.5075149999999979
 20
-112.6184079999999881
 30
0
 11
98.3771169999999984
 21
-112.7055369999999925
 31
0
  0
LINE
  5
5EA
330
1B
100
AcDbEntity
  8
F.Cu
  6
CONTINUOUS
100
AcDbLine
 10
98.3771169999999984
 20
-112.7055369999999925
 30
0
 11
98.2322279999999921
 21
-112.7655519999999996
 31
0
  0
LINE
  5
5EB
330
1B
100
AcDbEntity
  8
F.Cu
  6
CONTINUOUS
100
AcDbLine
 10
98.2322279999999921
 20
-112.7655519999999996
 30
0
 11
98.0784139999999951
 21
-112.7961479999999881
 31
0
  0
LINE
  5
5EC
330
1B
100
AcDbEntity
  8
F.Cu
  6
CONTINUOUS
100
AcDbLine
 10
98.0784139999999951
 20
-112.7961479999999881
 30
0
 11
97.9215859999999907
 21
-112.7961479999999881
 31
0
  0
LINE
  5
5ED
330
1B
100
AcDbEntity
  8
F.Cu
  6
CONTINUOUS
100
AcDbLine
 10
97.9215859999999907
 20
-112.7961479999999881
 30
0
 11
97.7677719999999937
 21
-112.7655519999999996
 31
0
  0
LINE
  5
5EE
330
1B
100
AcDbEntity
  8
F.Cu
  6
CONTINUOUS
100
AcDbLine
 10
97.7677719999999937
 20
-112.7655519999999996
 30
0
 11
97.6228830000000016
 21
-112.7055369999999925
 31
0
  0
LINE
  5
5EF
330
1B
100
AcDbEntity
  8
F.Cu
  6
CONTINUOUS
100
AcDbLine
 10
97.6228830000000016
 20
-112.7055369999999925
 30
0
 11
97.4924850000000021
 21
-112.6184079999999881
 31
0
  0
LINE
  5
5F0
330
1B
100
AcDbEntity
  8
F.Cu
  6
CONTINUOUS
100
AcDbLine
 10
97.4924850000000021
 20
-112.6184079999999881
 30
0
 11
97.3815919999999977
 21
-112.5075149999999979
 31
0
  0
LINE
  5
5F1
330
1B
100
AcDbEntity
  8
F.Cu
  6
CONTINUOUS
100
AcDbLine
 10
97.3815919999999977
 20
-112.5075149999999979
 30
0
 11
97.2944629999999933
 21
-112.3771169999999984
 31
0
  0
LINE
  5
5F2
330
1B
100
AcDbEntity
  8
F.Cu
  6
CONTINUOUS
100
AcDbLine
 10
97.2944629999999933
 20
-112.3771169999999984
 30
0
 11
97.2344480000000004
 21
-112.2322279999999921
 31
0
  0
LINE
  5
5F3
330
1B
100
AcDbEntity
  8
F.Cu
  6
CONTINUOUS
100
AcDbLine
 10
97.2344480000000004
 20
-112.2322279999999921
 30
0
 11
97.2038519999999977
 21
-112.0784139999999951
 31
0
  0
LINE
  5
5F4
330
1B
100
AcDbEntity
  8
F.Cu
  6
CONTINUOUS
100
AcDbLine
 10
97.2038519999999977
 20
-112.0784139999999951
 30
0
 11
97.2038519999999977
 21
-111.9215859999999907
 31
0
  0
LINE
  5
5F5
330
1B
100
AcDbEntity
  8
F.Cu
  6
CONTINUOUS
100
AcDbLine
 10
97.2038519999999977
 20
-111.9215859999999907
 30
0
 11
97.2344480000000004
 21
-111.7677719999999937
 31
0
  0
LINE
  5
5F6
330
1B
100
AcDbEntity
  8
F.Cu
  6
CONTINUOUS
100
AcDbLine
 10
97.2344480000000004
 20
-111.7677719999999937
 30
0
 11
97.2944629999999933
 21
-111.6228830000000016
 31
0
  0
LINE
  5
5F7
330
1B
100
AcDbEntity
  8
F.Cu
  6
CONTINUOUS
100
AcDbLine
 10
97.2944629999999933
 20
-111.6228830000000016
 30
0
 11
97.3815919999999977
 21
-111.4924850000000021
 31
0
  0
LINE
  5
5F8
330
1B
100
AcDbEntity
  8
F.Cu
  6
CONTINUOUS
100
AcDbLine
 10
97.3815919999999977
 20
-111.4924850000000021
 30
0
 11
97.4924850000000021
 21
-111.3815919999999977
 31
0
  0
LINE
  5
5F9
330
1B
100
AcDbEntity
  8
F.Cu
  6
CONTINUOUS
100
AcDbLine
 10
97.4924850000000021
 20
-111.3815919999999977
 30
0
 11
97.6228830000000016
 21
-111.2944629999999933
 31
0
  0
LINE
  5
5FA
330
1B
100
AcDbEntity
  8
F.Cu
  6
CONTINUOUS
100
AcDbLine
 10
97.6228830000000016
 20
-111.2944629999999933
 30
0
 11
97.7677719999999937
 21
-111.2344480000000004
 31
0
  0
LINE
  5
5FB
330
1B
100
AcDbEntity
  8
F.Cu
  6
CONTINUOUS
100
AcDbLine
 10
97.7677719999999937
 20
-111.2344480000000004
 30
0
 11
97.9215859999999907
 21
-111.2038519999999977
 31
0
  0
LINE
  5
5FC
330
1B
100
AcDbEntity
  8
F.Cu
  6
CONTINUOUS
100
AcDbLine
 10
97.9215859999999907
 20
-111.2038519999999977
 30
0
 11
98.0784139999999951
 21
-111.2038519999999977
 31
0
  0
LINE
  5
5FD
330
1B
100
AcDbEntity
  8
F.Cu
  6
CONTINUOUS
100
AcDbLine
 10
98.0784139999999951
 20
-111.2038519999999977
 30
0
 11
98.2322279999999921
 21
-111.2344480000000004
 31
0
  0
LINE
  5
5FE
330
1B
100
AcDbEntity
  8
F.Cu
  6
CONTINUOUS
100
AcDbLine
 10
55.2322279999999992
 20
-107.2344480000000004
 30
0
 11
55.3771169999999984
 21
-107.2944629999999933
 31
0
  0
LINE
  5
5FF
330
1B
100
AcDbEntity
  8
F.Cu
  6
CONTINUOUS
100
AcDbLine
 10
55.3771169999999984
 20
-107.2944629999999933
 30
0
 11
55.5075149999999979
 21
-107.3815919999999977
 31
0
  0
LINE
  5
600
330
1B
100
AcDbEntity
  8
F.Cu
  6
CONTINUOUS
100
AcDbLine
 10
55.5075149999999979
 20
-107.3815919999999977
 30
0
 11
55.6184079999999952
 21
-107.4924850000000021
 31
0
  0
LINE
  5
601
330
1B
100
AcDbEntity
  8
F.Cu
  6
CONTINUOUS
100
AcDbLine
 10
55.6184079999999952
 20
-107.4924850000000021
 30
0
 11
55.7055369999999996
 21
-107.6228830000000016
 31
0
  0
LINE
  5
602
330
1B
100
AcDbEntity
  8
F.Cu
  6
CONTINUOUS
100
AcDbLine
 10
55.7055369999999996
 20
-107.6228830000000016
 30
0
 11
55.7655519999999996
 21
-107.7677719999999937
 31
0
  0
LINE
  5
603
330
1B
100
AcDbEntity
  8
F.Cu
  6
CONTINUOUS
100
AcDbLine
 10
55.7655519999999996
 20
-107.7677719999999937
 30
0
 11
55.7961479999999952
 21
-107.9215859999999907
 31
0
  0
LINE
  5
604
330
1B
100
AcDbEntity
  8
F.Cu
  6
CONTINUOUS
100
AcDbLine
 10
55.7961479999999952
 20
-107.9215859999999907
 30
0
 11
55.7961479999999952
 21
-108.0784139999999951
 31
0
  0
LINE
  5
605
330
1B
100
AcDbEntity
  8
F.Cu
  6
CONTINUOUS
100
AcDbLine
 10
55.7961479999999952
 20
-108.0784139999999951
 30
0
 11
55.7655519999999996
 21
-108.2322279999999921
 31
0
  0
LINE
  5
606
330
1B
100
AcDbEntity
  8
F.Cu
  6
CONTINUOUS
100
AcDbLine
 10
55.7655519999999996
 20
-108.2322279999999921
 30
0
 11
55.7055369999999996
 21
-108.3771169999999984
 31
0
  0
LINE
  5
607
330
1B
100
AcDbEntity
  8
F.Cu
  6
CONTINUOUS
100
AcDbLine
 10
55.7055369999999996
 20
-108.3771169999999984
 30
0
 11
55.6184079999999952
 21
-108.5075149999999979
 31
0
  0
LINE
  5
608
330
1B
100
AcDbEntity
  8
F.Cu
  6
CONTINUOUS
100
AcDbLine
 10
55.6184079999999952
 20
-108.5075149999999979
 30
0
 11
55.5075149999999979
 21
-108.6184079999999881
 31
0
  0
LINE
  5
609
330
1B
100
AcDbEntity
  8
F.Cu
  6
CONTINUOUS
100
AcDbLine
 10
55.5075149999999979
 20
-108.6184079999999881
 30
0
 11
55.3771169999999984
 21
-108.7055369999999925
 31
0
  0
LINE
  5
60A
330
1B
100
AcDbEntity
  8
F.Cu
  6
CONTINUOUS
100
AcDbLine
 10
55.3771169999999984
 20
-108.7055369999999925
 30
0
 11
55.2322279999999992
 21
-108.7655519999999996
 31
0
  0
LINE
  5
60B
330
1B
100
AcDbEntity
  8
F.Cu
  6
CONTINUOUS
100
AcDbLine
 10
55.2322279999999992
 20
-108.7655519999999996
 30
0
 11
55.0784139999999951
 21
-108.7961479999999881
 31
0
  0
LINE
  5
60C
330
1B
100
AcDbEntity
  8
F.Cu
  6
CONTINUOUS
100
AcDbLine
 10
55.0784139999999951
 20
-108.7961479999999881
 30
0
 11
54.9215859999999978
 21
-108.7961479999999881
 31
0
  0
LINE
  5
60D
330
1B
100
AcDbEntity
  8
F.Cu
  6
CONTINUOUS
100
AcDbLine
 10
54.9215859999999978
 20
-108.7961479999999881
 30
0
 11
54.7677720000000008
 21
-108.7655519999999996
 31
0
  0
LINE
  5
60E
330
1B
100
AcDbEntity
  8
F.Cu
  6
CONTINUOUS
100
AcDbLine
 10
54.7677720000000008
 20
-108.7655519999999996
 30
0
 11
54.6228829999999945
 21
-108.7055369999999925
 31
0
  0
LINE
  5
60F
330
1B
100
AcDbEntity
  8
F.Cu
  6
CONTINUOUS
100
AcDbLine
 10
54.6228829999999945
 20
-108.7055369999999925
 30
0
 11
54.492484999999995
 21
-108.6184079999999881
 31
0
  0
LINE
  5
610
330
1B
100
AcDbEntity
  8
F.Cu
  6
CONTINUOUS
100
AcDbLine
 10
54.492484999999995
 20
-108.6184079999999881
 30
0
 11
54.3815919999999977
 21
-108.5075149999999979
 31
0
  0
LINE
  5
611
330
1B
100
AcDbEntity
  8
F.Cu
  6
CONTINUOUS
100
AcDbLine
 10
54.3815919999999977
 20
-108.5075149999999979
 30
0
 11
54.2944630000000004
 21
-108.3771169999999984
 31
0
  0
LINE
  5
612
330
1B
100
AcDbEntity
  8
F.Cu
  6
CONTINUOUS
100
AcDbLine
 10
54.2944630000000004
 20
-108.3771169999999984
 30
0
 11
54.2344480000000004
 21
-108.2322279999999921
 31
0
  0
LINE
  5
613
330
1B
100
AcDbEntity
  8
F.Cu
  6
CONTINUOUS
100
AcDbLine
 10
54.2344480000000004
 20
-108.2322279999999921
 30
0
 11
54.2038519999999977
 21
-108.0784139999999951
 31
0
  0
LINE
  5
614
330
1B
100
AcDbEntity
  8
F.Cu
  6
CONTINUOUS
100
AcDbLine
 10
54.2038519999999977
 20
-108.0784139999999951
 30
0
 11
54.2038519999999977
 21
-107.9215859999999907
 31
0
  0
LINE
  5
615
330
1B
100
AcDbEntity
  8
F.Cu
  6
CONTINUOUS
100
AcDbLine
 10
54.2038519999999977
 20
-107.9215859999999907
 30
0
 11
54.2344480000000004
 21
-107.7677719999999937
 31
0
  0
LINE
  5
616
330
1B
100
AcDbEntity
  8
F.Cu
  6
CONTINUOUS
100
AcDbLine
 10
54.2344480000000004
 20
-107.7677719999999937
 30
0
 11
54.2944630000000004
 21
-107.6228830000000016
 31
0
  0
LINE
  5
617
330
1B
100
AcDbEntity
  8
F.Cu
  6
CONTINUOUS
100
AcDbLine
 10
54.2944630000000004
 20
-107.6228830000000016
 30
0
 11
54.3815919999999977
 21
-107.4924850000000021
 31
0
  0
LINE
  5
618
330
1B
100
AcDbEntity
  8
F.Cu
  6
CONTINUOUS
100
AcDbLine
 10
54.3815919999999977
 20
-107.4924850000000021
 30
0
 11
54.492484999999995
 21
-107.3815919999999977
 31
0
  0
LINE
  5
619
330
1B
100
AcDbEntity
  8
F.Cu
  6
CONTINUOUS
100
AcDbLine
 10
54.492484999999995
 20
-107.3815919999999977
 30
0
 11
54.6228829999999945
 21
-107.2944629999999933
 31
0
  0
LINE
  5
61A
330
1B
100
AcDbEntity
  8
F.Cu
  6
CONTINUOUS
100
AcDbLine
 10
54.6228829999999945
 20
-107.2944629999999933
 30
0
 11
54.7677720000000008
 21
-107.2344480000000004
 31
0
  0
LINE
  5
61B
330
1B
100
AcDbEntity
  8
F.Cu
  6
CONTINUOUS
100
AcDbLine
 10
54.7677720000000008
 20
-107.2344480000000004
 30
0
 11
54.9215859999999978
 21
-107.2038519999999977
 31
0
  0
LINE
  5
61C
330
1B
100
AcDbEntity
  8
F.Cu
  6
CONTINUOUS
100
AcDbLine
 10
54.9215859999999978
 20
-107.2038519999999977
 30
0
 11
55.0784139999999951
 21
-107.2038519999999977
 31
0
  0
LINE
  5
61D
330
1B
100
AcDbEntity
  8
F.Cu
  6
CONTINUOUS
100
AcDbLine
 10
55.0784139999999951
 20
-107.2038519999999977
 30
0
 11
55.2322279999999992
 21
-107.2344480000000004
 31
0
  0
LINE
  5
61E
330
1B
100
AcDbEntity
  8
F.Cu
  6
CONTINUOUS
100
AcDbLine
 10
101.2322279999999921
 20
-107.2344480000000004
 30
0
 11
101.3771169999999984
 21
-107.2944629999999933
 31
0
  0
LINE
  5
61F
330
1B
100
AcDbEntity
  8
F.Cu
  6
CONTINUOUS
100
AcDbLine
 10
101.3771169999999984
 20
-107.2944629999999933
 30
0
 11
101.5075149999999979
 21
-107.3815919999999977
 31
0
  0
LINE
  5
620
330
1B
100
AcDbEntity
  8
F.Cu
  6
CONTINUOUS
100
AcDbLine
 10
101.5075149999999979
 20
-107.3815919999999977
 30
0
 11
101.6184080000000023
 21
-107.4924850000000021
 31
0
  0
LINE
  5
621
330
1B
100
AcDbEntity
  8
F.Cu
  6
CONTINUOUS
100
AcDbLine
 10
101.6184080000000023
 20
-107.4924850000000021
 30
0
 11
101.7055369999999925
 21
-107.6228830000000016
 31
0
  0
LINE
  5
622
330
1B
100
AcDbEntity
  8
F.Cu
  6
CONTINUOUS
100
AcDbLine
 10
101.7055369999999925
 20
-107.6228830000000016
 30
0
 11
101.7655519999999996
 21
-107.7677719999999937
 31
0
  0
LINE
  5
623
330
1B
100
AcDbEntity
  8
F.Cu
  6
CONTINUOUS
100
AcDbLine
 10
101.7655519999999996
 20
-107.7677719999999937
 30
0
 11
101.7961480000000023
 21
-107.9215859999999907
 31
0
  0
LINE
  5
624
330
1B
100
AcDbEntity
  8
F.Cu
  6
CONTINUOUS
100
AcDbLine
 10
101.7961480000000023
 20
-107.9215859999999907
 30
0
 11
101.7961480000000023
 21
-108.0784139999999951
 31
0
  0
LINE
  5
625
330
1B
100
AcDbEntity
  8
F.Cu
  6
CONTINUOUS
100
AcDbLine
 10
101.7961480000000023
 20
-108.0784139999999951
 30
0
 11
101.7655519999999996
 21
-108.2322279999999921
 31
0
  0
LINE
  5
626
330
1B
100
AcDbEntity
  8
F.Cu
  6
CONTINUOUS
100
AcDbLine
 10
101.7655519999999996
 20
-108.2322279999999921
 30
0
 11
101.7055369999999925
 21
-108.3771169999999984
 31
0
  0
LINE
  5
627
330
1B
100
AcDbEntity
  8
F.Cu
  6
CONTINUOUS
100
AcDbLine
 10
101.7055369999999925
 20
-108.3771169999999984
 30
0
 11
101.6184080000000023
 21
-108.5075149999999979
 31
0
  0
LINE
  5
628
330
1B
100
AcDbEntity
  8
F.Cu
  6
CONTINUOUS
100
AcDbLine
 10
101.6184080000000023
 20
-108.5075149999999979
 30
0
 11
101.5075149999999979
 21
-108.6184079999999881
 31
0
  0
LINE
  5
629
330
1B
100
AcDbEntity
  8
F.Cu
  6
CONTINUOUS
100
AcDbLine
 10
101.5075149999999979
 20
-108.6184079999999881
 30
0
 11
101.3771169999999984
 21
-108.7055369999999925
 31
0
  0
LINE
  5
62A
330
1B
100
AcDbEntity
  8
F.Cu
  6
CONTINUOUS
100
AcDbLine
 10
101.3771169999999984
 20
-108.7055369999999925
 30
0
 11
101.2322279999999921
 21
-108.7655519999999996
 31
0
  0
LINE
  5
62B
330
1B
100
AcDbEntity
  8
F.Cu
  6
CONTINUOUS
100
AcDbLine
 10
101.2322279999999921
 20
-108.7655519999999996
 30
0
 11
101.0784139999999951
 21
-108.7961479999999881
 31
0
  0
LINE
  5
62C
330
1B
100
AcDbEntity
  8
F.Cu
  6
CONTINUOUS
100
AcDbLine
 10
101.0784139999999951
 20
-108.7961479999999881
 30
0
 11
100.9215859999999907
 21
-108.7961479999999881
 31
0
  0
LINE
  5
62D
330
1B
100
AcDbEntity
  8
F.Cu
  6
CONTINUOUS
100
AcDbLine
 10
100.9215859999999907
 20
-108.7961479999999881
 30
0
 11
100.7677719999999937
 21
-108.7655519999999996
 31
0
  0
LINE
  5
62E
330
1B
100
AcDbEntity
  8
F.Cu
  6
CONTINUOUS
100
AcDbLine
 10
100.7677719999999937
 20
-108.7655519999999996
 30
0
 11
100.6228830000000016
 21
-108.7055369999999925
 31
0
  0
LINE
  5
62F
330
1B
100
AcDbEntity
  8
F.Cu
  6
CONTINUOUS
100
AcDbLine
 10
100.6228830000000016
 20
-108.7055369999999925
 30
0
 11
100.4924850000000021
 21
-108.6184079999999881
 31
0
  0
LINE
  5
630
330
1B
100
AcDbEntity
  8
F.Cu
  6
CONTINUOUS
100
AcDbLine
 10
100.4924850000000021
 20
-108.6184079999999881
 30
0
 11
100.3815919999999977
 21
-108.5075149999999979
 31
0
  0
LINE
  5
631
330
1B
100
AcDbEntity
  8
F.Cu
  6
CONTINUOUS
100
AcDbLine
 10
100.3815919999999977
 20
-108.5075149999999979
 30
0
 11
100.2944629999999933
 21
-108.3771169999999984
 31
0
  0
LINE
  5
632
330
1B
100
AcDbEntity
  8
F.Cu
  6
CONTINUOUS
100
AcDbLine
 10
100.2944629999999933
 20
-108.3771169999999984
 30
0
 11
100.2344480000000004
 21
-108.2322279999999921
 31
0
  0
LINE
  5
633
330
1B
100
AcDbEntity
  8
F.Cu
  6
CONTINUOUS
100
AcDbLine
 10
100.2344480000000004
 20
-108.2322279999999921
 30
0
 11
100.2038519999999977
 21
-108.0784139999999951
 31
0
  0
LINE
  5
634
330
1B
100
AcDbEntity
  8
F.Cu
  6
CONTINUOUS
100
AcDbLine
 10
100.2038519999999977
 20
-108.0784139999999951
 30
0
 11
100.2038519999999977
 21
-107.9215859999999907
 31
0
  0
LINE
  5
635
330
1B
100
AcDbEntity
  8
F.Cu
  6
CONTINUOUS
100
AcDbLine
 10
100.2038519999999977
 20
-107.9215859999999907
 30
0
 11
100.2344480000000004
 21
-107.7677719999999937
 31
0
  0
LINE
  5
636
330
1B
100
AcDbEntity
  8
F.Cu
  6
CONTINUOUS
100
AcDbLine
 10
100.2344480000000004
 20
-107.7677719999999937
 30
0
 11
100.2944629999999933
 21
-107.6228830000000016
 31
0
  0
LINE
  5
637
330
1B
100
AcDbEntity
  8
F.Cu
  6
CONTINUOUS
100
AcDbLine
 10
100.2944629999999933
 20
-107.6228830000000016
 30
0
 11
100.3815919999999977
 21
-107.4924850000000021
 31
0
  0
LINE
  5
638
330
1B
100
AcDbEntity
  8
F.Cu
  6
CONTINUOUS
100
AcDbLine
 10
100.3815919999999977
 20
-107.4924850000000021
 30
0
 11
100.4924850000000021
 21
-107.3815919999999977
 31
0
  0
LINE
  5
639
330
1B
100
AcDbEntity
  8
F.Cu
  6
CONTINUOUS
100
AcDbLine
 10
100.4924850000000021
 20
-107.3815919999999977
 30
0
 11
100.6228830000000016
 21
-107.2944629999999933
 31
0
  0
LINE
  5
63A
330
1B
100
AcDbEntity
  8
F.Cu
  6
CONTINUOUS
100
AcDbLine
 10
100.6228830000000016
 20
-107.2944629999999933
 30
0
 11
100.7677719999999937
 21
-107.2344480000000004
 31
0
  0
LINE
  5
63B
330
1B
100
AcDbEntity
  8
F.Cu
  6
CONTINUOUS
100
AcDbLine
 10
100.7677719999999937
 20
-107.2344480000000004
 30
0
 11
100.9215859999999907
 21
-107.2038519999999977
 31
0
  0
LINE
  5
63C
330
1B
100
AcDbEntity
  8
F.Cu
  6
CONTINUOUS
100
AcDbLine
 10
100.9215859999999907
 20
-107.2038519999999977
 30
0
 11
101.0784139999999951
 21
-107.2038519999999977
 31
0
  0
LINE
  5
63D
330
1B
100
AcDbEntity
  8
F.Cu
  6
CONTINUOUS
100
AcDbLine
 10
101.0784139999999951
 20
-107.2038519999999977
 30
0
 11
101.2322279999999921
 21
-107.2344480000000004
 31
0
  0
LINE
  5
63E
330
1B
100
AcDbEntity
  8
F.Cu
  6
CONTINUOUS
100
AcDbLine
 10
106.2322279999999921
 20
-107.2344480000000004
 30
0
 11
106.3771169999999984
 21
-107.2944629999999933
 31
0
  0
LINE
  5
63F
330
1B
100
AcDbEntity
  8
F.Cu
  6
CONTINUOUS
100
AcDbLine
 10
106.3771169999999984
 20
-107.2944629999999933
 30
0
 11
106.5075149999999979
 21
-107.3815919999999977
 31
0
  0
LINE
  5
640
330
1B
100
AcDbEntity
  8
F.Cu
  6
CONTINUOUS
100
AcDbLine
 10
106.5075149999999979
 20
-107.3815919999999977
 30
0
 11
106.6184079999999881
 21
-107.4924850000000021
 31
0
  0
LINE
  5
641
330
1B
100
AcDbEntity
  8
F.Cu
  6
CONTINUOUS
100
AcDbLine
 10
106.6184079999999881
 20
-107.4924850000000021
 30
0
 11
106.7055369999999925
 21
-107.6228830000000016
 31
0
  0
LINE
  5
642
330
1B
100
AcDbEntity
  8
F.Cu
  6
CONTINUOUS
100
AcDbLine
 10
106.7055369999999925
 20
-107.6228830000000016
 30
0
 11
106.7655519999999996
 21
-107.7677719999999937
 31
0
  0
LINE
  5
643
330
1B
100
AcDbEntity
  8
F.Cu
  6
CONTINUOUS
100
AcDbLine
 10
106.7655519999999996
 20
-107.7677719999999937
 30
0
 11
106.7961479999999881
 21
-107.9215859999999907
 31
0
  0
LINE
  5
644
330
1B
100
AcDbEntity
  8
F.Cu
  6
CONTINUOUS
100
AcDbLine
 10
106.7961479999999881
 20
-107.9215859999999907
 30
0
 11
106.7961479999999881
 21
-108.0784139999999951
 31
0
  0
LINE
  5
645
330
1B
100
AcDbEntity
  8
F.Cu
  6
CONTINUOUS
100
AcDbLine
 10
106.7961479999999881
 20
-108.0784139999999951
 30
0
 11
106.7655519999999996
 21
-108.2322279999999921
 31
0
  0
LINE
  5
646
330
1B
100
AcDbEntity
  8
F.Cu
  6
CONTINUOUS
100
AcDbLine
 10
106.7655519999999996
 20
-108.2322279999999921
 30
0
 11
106.7055369999999925
 21
-108.3771169999999984
 31
0
  0
LINE
  5
647
330
1B
100
AcDbEntity
  8
F.Cu
  6
CONTINUOUS
100
AcDbLine
 10
106.7055369999999925
 20
-108.3771169999999984
 30
0
 11
106.6184079999999881
 21
-108.5075149999999979
 31
0
  0
LINE
  5
648
330
1B
100
AcDbEntity
  8
F.Cu
  6
CONTINUOUS
100
AcDbLine
 10
106.6184079999999881
 20
-108.5075149999999979
 30
0
 11
106.5075149999999979
 21
-108.6184079999999881
 31
0
  0
LINE
  5
649
330
1B
100
AcDbEntity
  8
F.Cu
  6
CONTINUOUS
100
AcDbLine
 10
106.5075149999999979
 20
-108.6184079999999881
 30
0
 11
106.3771169999999984
 21
-108.7055369999999925
 31
0
  0
LINE
  5
64A
330
1B
100
AcDbEntity
  8
F.Cu
  6
CONTINUOUS
100
AcDbLine
 10
106.3771169999999984
 20
-108.7055369999999925
 30
0
 11
106.2322279999999921
 21
-108.7655519999999996
 31
0
  0
LINE
  5
64B
330
1B
100
AcDbEntity
  8
F.Cu
  6
CONTINUOUS
100
AcDbLine
 10
106.2322279999999921
 20
-108.7655519999999996
 30
0
 11
106.0784139999999951
 21
-108.7961479999999881
 31
0
  0
LINE
  5
64C
330
1B
100
AcDbEntity
  8
F.Cu
  6
CONTINUOUS
100
AcDbLine
 10
106.0784139999999951
 20
-108.7961479999999881
 30
0
 11
105.9215859999999907
 21
-108.7961479999999881
 31
0
  0
LINE
  5
64D
330
1B
100
AcDbEntity
  8
F.Cu
  6
CONTINUOUS
100
AcDbLine
 10
105.9215859999999907
 20
-108.7961479999999881
 30
0
 11
105.7677719999999937
 21
-108.7655519999999996
 31
0
  0
LINE
  5
64E
330
1B
100
AcDbEntity
  8
F.Cu
  6
CONTINUOUS
100
AcDbLine
 10
105.7677719999999937
 20
-108.7655519999999996
 30
0
 11
105.6228830000000016
 21
-108.7055369999999925
 31
0
  0
LINE
  5
64F
330
1B
100
AcDbEntity
  8
F.Cu
  6
CONTINUOUS
100
AcDbLine
 10
105.6228830000000016
 20
-108.7055369999999925
 30
0
 11
105.4924850000000021
 21
-108.6184079999999881
 31
0
  0
LINE
  5
650
330
1B
100
AcDbEntity
  8
F.Cu
  6
CONTINUOUS
100
AcDbLine
 10
105.4924850000000021
 20
-108.6184079999999881
 30
0
 11
105.3815919999999977
 21
-108.5075149999999979
 31
0
  0
LINE
  5
651
330
1B
100
AcDbEntity
  8
F.Cu
  6
CONTINUOUS
100
AcDbLine
 10
105.3815919999999977
 20
-108.5075149999999979
 30
0
 11
105.2944629999999933
 21
-108.3771169999999984
 31
0
  0
LINE
  5
652
330
1B
100
AcDbEntity
  8
F.Cu
  6
CONTINUOUS
100
AcDbLine
 10
105.2944629999999933
 20
-108.3771169999999984
 30
0
 11
105.2344480000000004
 21
-108.2322279999999921
 31
0
  0
LINE
  5
653
330
1B
100
AcDbEntity
  8
F.Cu
  6
CONTINUOUS
100
AcDbLine
 10
105.2344480000000004
 20
-108.2322279999999921
 30
0
 11
105.2038519999999977
 21
-108.0784139999999951
 31
0
  0
LINE
  5
654
330
1B
100
AcDbEntity
  8
F.Cu
  6
CONTINUOUS
100
AcDbLine
 10
105.2038519999999977
 20
-108.0784139999999951
 30
0
 11
105.2038519999999977
 21
-107.9215859999999907
 31
0
  0
LINE
  5
655
330
1B
100
AcDbEntity
  8
F.Cu
  6
CONTINUOUS
100
AcDbLine
 10
105.2038519999999977
 20
-107.9215859999999907
 30
0
 11
105.2344480000000004
 21
-107.7677719999999937
 31
0
  0
LINE
  5
656
330
1B
100
AcDbEntity
  8
F.Cu
  6
CONTINUOUS
100
AcDbLine
 10
105.2344480000000004
 20
-107.7677719999999937
 30
0
 11
105.2944629999999933
 21
-107.6228830000000016
 31
0
  0
LINE
  5
657
330
1B
100
AcDbEntity
  8
F.Cu
  6
CONTINUOUS
100
AcDbLine
 10
105.2944629999999933
 20
-107.6228830000000016
 30
0
 11
105.3815919999999977
 21
-107.4924850000000021
 31
0
  0
LINE
  5
658
330
1B
100
AcDbEntity
  8
F.Cu
  6
CONTINUOUS
100
AcDbLine
 10
105.3815919999999977
 20
-107.4924850000000021
 30
0
 11
105.4924850000000021
 21
-107.3815919999999977
 31
0
  0
LINE
  5
659
330
1B
100
AcDbEntity
  8
F.Cu
  6
CONTINUOUS
100
AcDbLine
 10
105.4924850000000021
 20
-107.3815919999999977
 30
0
 11
105.6228830000000016
 21
-107.2944629999999933
 31
0
  0
LINE
  5
65A
330
1B
100
AcDbEntity
  8
F.Cu
  6
CONTINUOUS
100
AcDbLine
 10
105.6228830000000016
 20
-107.2944629999999933
 30
0
 11
105.7677719999999937
 21
-107.2344480000000004
 31
0
  0
LINE
  5
65B
330
1B
100
AcDbEntity
  8
F.Cu
  6
CONTINUOUS
100
AcDbLine
 10
105.7677719999999937
 20
-107.2344480000000004
 30
0
 11
105.9215859999999907
 21
-107.2038519999999977
 31
0
  0
LINE
  5
65C
330
1B
100
AcDbEntity
  8
F.Cu
  6
CONTINUOUS
100
AcDbLine
 10
105.9215859999999907
 20
-107.2038519999999977
 30
0
 11
106.0784139999999951
 21
-107.2038519999999977
 31
0
  0
LINE
  5
65D
330
1B
100
AcDbEntity
  8
F.Cu
  6
CONTINUOUS
100
AcDbLine
 10
106.0784139999999951
 20
-107.2038519999999977
 30
0
 11
106.2322279999999921
 21
-107.2344480000000004
 31
0
  0
LINE
  5
65E
330
1B
100
AcDbEntity
  8
F.Cu
  6
CONTINUOUS
100
AcDbLine
 10
110.0722279999999955
 20
-107.2344480000000004
 30
0
 11
110.2171170000000018
 21
-107.2944629999999933
 31
0
  0
LINE
  5
65F
330
1B
100
AcDbEntity
  8
F.Cu
  6
CONTINUOUS
100
AcDbLine
 10
110.2171170000000018
 20
-107.2944629999999933
 30
0
 11
110.3475150000000014
 21
-107.3815919999999977
 31
0
  0
LINE
  5
660
330
1B
100
AcDbEntity
  8
F.Cu
  6
CONTINUOUS
100
AcDbLine
 10
110.3475150000000014
 20
-107.3815919999999977
 30
0
 11
110.4584079999999915
 21
-107.4924850000000021
 31
0
  0
LINE
  5
661
330
1B
100
AcDbEntity
  8
F.Cu
  6
CONTINUOUS
100
AcDbLine
 10
110.4584079999999915
 20
-107.4924850000000021
 30
0
 11
110.5455369999999959
 21
-107.6228830000000016
 31
0
  0
LINE
  5
662
330
1B
100
AcDbEntity
  8
F.Cu
  6
CONTINUOUS
100
AcDbLine
 10
110.5455369999999959
 20
-107.6228830000000016
 30
0
 11
110.6055519999999888
 21
-107.7677719999999937
 31
0
  0
LINE
  5
663
330
1B
100
AcDbEntity
  8
F.Cu
  6
CONTINUOUS
100
AcDbLine
 10
110.6055519999999888
 20
-107.7677719999999937
 30
0
 11
110.6361479999999915
 21
-107.9215859999999907
 31
0
  0
LINE
  5
664
330
1B
100
AcDbEntity
  8
F.Cu
  6
CONTINUOUS
100
AcDbLine
 10
110.6361479999999915
 20
-107.9215859999999907
 30
0
 11
110.6361479999999915
 21
-108.0784139999999951
 31
0
  0
LINE
  5
665
330
1B
100
AcDbEntity
  8
F.Cu
  6
CONTINUOUS
100
AcDbLine
 10
110.6361479999999915
 20
-108.0784139999999951
 30
0
 11
110.6055519999999888
 21
-108.2322279999999921
 31
0
  0
LINE
  5
666
330
1B
100
AcDbEntity
  8
F.Cu
  6
CONTINUOUS
100
AcDbLine
 10
110.6055519999999888
 20
-108.2322279999999921
 30
0
 11
110.5455369999999959
 21
-108.3771169999999984
 31
0
  0
LINE
  5
667
330
1B
100
AcDbEntity
  8
F.Cu
  6
CONTINUOUS
100
AcDbLine
 10
110.5455369999999959
 20
-108.3771169999999984
 30
0
 11
110.4584079999999915
 21
-108.5075149999999979
 31
0
  0
LINE
  5
668
330
1B
100
AcDbEntity
  8
F.Cu
  6
CONTINUOUS
100
AcDbLine
 10
110.4584079999999915
 20
-108.5075149999999979
 30
0
 11
110.3475150000000014
 21
-108.6184079999999881
 31
0
  0
LINE
  5
669
330
1B
100
AcDbEntity
  8
F.Cu
  6
CONTINUOUS
100
AcDbLine
 10
110.3475150000000014
 20
-108.6184079999999881
 30
0
 11
110.2171170000000018
 21
-108.7055369999999925
 31
0
  0
LINE
  5
66A
330
1B
100
AcDbEntity
  8
F.Cu
  6
CONTINUOUS
100
AcDbLine
 10
110.2171170000000018
 20
-108.7055369999999925
 30
0
 11
110.0722279999999955
 21
-108.7655519999999996
 31
0
  0
LINE
  5
66B
330
1B
100
AcDbEntity
  8
F.Cu
  6
CONTINUOUS
100
AcDbLine
 10
110.0722279999999955
 20
-108.7655519999999996
 30
0
 11
109.9184139999999985
 21
-108.7961479999999881
 31
0
  0
LINE
  5
66C
330
1B
100
AcDbEntity
  8
F.Cu
  6
CONTINUOUS
100
AcDbLine
 10
109.9184139999999985
 20
-108.7961479999999881
 30
0
 11
109.7615859999999941
 21
-108.7961479999999881
 31
0
  0
LINE
  5
66D
330
1B
100
AcDbEntity
  8
F.Cu
  6
CONTINUOUS
100
AcDbLine
 10
109.7615859999999941
 20
-108.7961479999999881
 30
0
 11
109.6077719999999971
 21
-108.7655519999999996
 31
0
  0
LINE
  5
66E
330
1B
100
AcDbEntity
  8
F.Cu
  6
CONTINUOUS
100
AcDbLine
 10
109.6077719999999971
 20
-108.7655519999999996
 30
0
 11
109.4628829999999908
 21
-108.7055369999999925
 31
0
  0
LINE
  5
66F
330
1B
100
AcDbEntity
  8
F.Cu
  6
CONTINUOUS
100
AcDbLine
 10
109.4628829999999908
 20
-108.7055369999999925
 30
0
 11
109.3324849999999913
 21
-108.6184079999999881
 31
0
  0
LINE
  5
670
330
1B
100
AcDbEntity
  8
F.Cu
  6
CONTINUOUS
100
AcDbLine
 10
109.3324849999999913
 20
-108.6184079999999881
 30
0
 11
109.2215920000000011
 21
-108.5075149999999979
 31
0
  0
LINE
  5
671
330
1B
100
AcDbEntity
  8
F.Cu
  6
CONTINUOUS
100
AcDbLine
 10
109.2215920000000011
 20
-108.5075149999999979
 30
0
 11
109.1344629999999967
 21
-108.3771169999999984
 31
0
  0
LINE
  5
672
330
1B
100
AcDbEntity
  8
F.Cu
  6
CONTINUOUS
100
AcDbLine
 10
109.1344629999999967
 20
-108.3771169999999984
 30
0
 11
109.0744479999999896
 21
-108.2322279999999921
 31
0
  0
LINE
  5
673
330
1B
100
AcDbEntity
  8
F.Cu
  6
CONTINUOUS
100
AcDbLine
 10
109.0744479999999896
 20
-108.2322279999999921
 30
0
 11
109.0438520000000011
 21
-108.0784139999999951
 31
0
  0
LINE
  5
674
330
1B
100
AcDbEntity
  8
F.Cu
  6
CONTINUOUS
100
AcDbLine
 10
109.0438520000000011
 20
-108.0784139999999951
 30
0
 11
109.0438520000000011
 21
-107.9215859999999907
 31
0
  0
LINE
  5
675
330
1B
100
AcDbEntity
  8
F.Cu
  6
CONTINUOUS
100
AcDbLine
 10
109.0438520000000011
 20
-107.9215859999999907
 30
0
 11
109.0744479999999896
 21
-107.7677719999999937
 31
0
  0
LINE
  5
676
330
1B
100
AcDbEntity
  8
F.Cu
  6
CONTINUOUS
100
AcDbLine
 10
109.0744479999999896
 20
-107.7677719999999937
 30
0
 11
109.1344629999999967
 21
-107.6228830000000016
 31
0
  0
LINE
  5
677
330
1B
100
AcDbEntity
  8
F.Cu
  6
CONTINUOUS
100
AcDbLine
 10
109.1344629999999967
 20
-107.6228830000000016
 30
0
 11
109.2215920000000011
 21
-107.4924850000000021
 31
0
  0
LINE
  5
678
330
1B
100
AcDbEntity
  8
F.Cu
  6
CONTINUOUS
100
AcDbLine
 10
109.2215920000000011
 20
-107.4924850000000021
 30
0
 11
109.3324849999999913
 21
-107.3815919999999977
 31
0
  0
LINE
  5
679
330
1B
100
AcDbEntity
  8
F.Cu
  6
CONTINUOUS
100
AcDbLine
 10
109.3324849999999913
 20
-107.3815919999999977
 30
0
 11
109.4628829999999908
 21
-107.2944629999999933
 31
0
  0
LINE
  5
67A
330
1B
100
AcDbEntity
  8
F.Cu
  6
CONTINUOUS
100
AcDbLine
 10
109.4628829999999908
 20
-107.2944629999999933
 30
0
 11
109.6077719999999971
 21
-107.2344480000000004
 31
0
  0
LINE
  5
67B
330
1B
100
AcDbEntity
  8
F.Cu
  6
CONTINUOUS
100
AcDbLine
 10
109.6077719999999971
 20
-107.2344480000000004
 30
0
 11
109.7615859999999941
 21
-107.2038519999999977
 31
0
  0
LINE
  5
67C
330
1B
100
AcDbEntity
  8
F.Cu
  6
CONTINUOUS
100
AcDbLine
 10
109.7615859999999941
 20
-107.2038519999999977
 30
0
 11
109.9184139999999985
 21
-107.2038519999999977
 31
0
  0
LINE
  5
67D
330
1B
100
AcDbEntity
  8
F.Cu
  6
CONTINUOUS
100
AcDbLine
 10
109.9184139999999985
 20
-107.2038519999999977
 30
0
 11
110.0722279999999955
 21
-107.2344480000000004
 31
0
  0
LINE
  5
67E
330
1B
100
AcDbEntity
  8
F.Cu
  6
CONTINUOUS
100
AcDbLine
 10
120.2322279999999921
 20
-107.2344480000000004
 30
0
 11
120.3771169999999984
 21
-107.2944629999999933
 31
0
  0
LINE
  5
67F
330
1B
100
AcDbEntity
  8
F.Cu
  6
CONTINUOUS
100
AcDbLine
 10
120.3771169999999984
 20
-107.2944629999999933
 30
0
 11
120.5075149999999979
 21
-107.3815919999999977
 31
0
  0
LINE
  5
680
330
1B
100
AcDbEntity
  8
F.Cu
  6
CONTINUOUS
100
AcDbLine
 10
120.5075149999999979
 20
-107.3815919999999977
 30
0
 11
120.6184079999999881
 21
-107.4924850000000021
 31
0
  0
LINE
  5
681
330
1B
100
AcDbEntity
  8
F.Cu
  6
CONTINUOUS
100
AcDbLine
 10
120.6184079999999881
 20
-107.4924850000000021
 30
0
 11
120.7055369999999925
 21
-107.6228830000000016
 31
0
  0
LINE
  5
682
330
1B
100
AcDbEntity
  8
F.Cu
  6
CONTINUOUS
100
AcDbLine
 10
120.7055369999999925
 20
-107.6228830000000016
 30
0
 11
120.7655519999999996
 21
-107.7677719999999937
 31
0
  0
LINE
  5
683
330
1B
100
AcDbEntity
  8
F.Cu
  6
CONTINUOUS
100
AcDbLine
 10
120.7655519999999996
 20
-107.7677719999999937
 30
0
 11
120.7961479999999881
 21
-107.9215859999999907
 31
0
  0
LINE
  5
684
330
1B
100
AcDbEntity
  8
F.Cu
  6
CONTINUOUS
100
AcDbLine
 10
120.7961479999999881
 20
-107.9215859999999907
 30
0
 11
120.7961479999999881
 21
-108.0784139999999951
 31
0
  0
LINE
  5
685
330
1B
100
AcDbEntity
  8
F.Cu
  6
CONTINUOUS
100
AcDbLine
 10
120.7961479999999881
 20
-108.0784139999999951
 30
0
 11
120.7655519999999996
 21
-108.2322279999999921
 31
0
  0
LINE
  5
686
330
1B
100
AcDbEntity
  8
F.Cu
  6
CONTINUOUS
100
AcDbLine
 10
120.7655519999999996
 20
-108.2322279999999921
 30
0
 11
120.7055369999999925
 21
-108.3771169999999984
 31
0
  0
LINE
  5
687
330
1B
100
AcDbEntity
  8
F.Cu
  6
CONTINUOUS
100
AcDbLine
 10
120.7055369999999925
 20
-108.3771169999999984
 30
0
 11
120.6184079999999881
 21
-108.5075149999999979
 31
0
  0
LINE
  5
688
330
1B
100
AcDbEntity
  8
F.Cu
  6
CONTINUOUS
100
AcDbLine
 10
120.6184079999999881
 20
-108.5075149999999979
 30
0
 11
120.5075149999999979
 21
-108.6184079999999881
 31
0
  0
LINE
  5
689
330
1B
100
AcDbEntity
  8
F.Cu
  6
CONTINUOUS
100
AcDbLine
 10
120.5075149999999979
 20
-108.6184079999999881
 30
0
 11
120.3771169999999984
 21
-108.7055369999999925
 31
0
  0
LINE
  5
68A
330
1B
100
AcDbEntity
  8
F.Cu
  6
CONTINUOUS
100
AcDbLine
 10
120.3771169999999984
 20
-108.7055369999999925
 30
0
 11
120.2322279999999921
 21
-108.7655519999999996
 31
0
  0
LINE
  5
68B
330
1B
100
AcDbEntity
  8
F.Cu
  6
CONTINUOUS
100
AcDbLine
 10
120.2322279999999921
 20
-108.7655519999999996
 30
0
 11
120.0784139999999951
 21
-108.7961479999999881
 31
0
  0
LINE
  5
68C
330
1B
100
AcDbEntity
  8
F.Cu
  6
CONTINUOUS
100
AcDbLine
 10
120.0784139999999951
 20
-108.7961479999999881
 30
0
 11
119.9215859999999907
 21
-108.7961479999999881
 31
0
  0
LINE
  5
68D
330
1B
100
AcDbEntity
  8
F.Cu
  6
CONTINUOUS
100
AcDbLine
 10
119.9215859999999907
 20
-108.7961479999999881
 30
0
 11
119.7677719999999937
 21
-108.7655519999999996
 31
0
  0
LINE
  5
68E
330
1B
100
AcDbEntity
  8
F.Cu
  6
CONTINUOUS
100
AcDbLine
 10
119.7677719999999937
 20
-108.7655519999999996
 30
0
 11
119.6228830000000016
 21
-108.7055369999999925
 31
0
  0
LINE
  5
68F
330
1B
100
AcDbEntity
  8
F.Cu
  6
CONTINUOUS
100
AcDbLine
 10
119.6228830000000016
 20
-108.7055369999999925
 30
0
 11
119.4924849999999878
 21
-108.6184079999999881
 31
0
  0
LINE
  5
690
330
1B
100
AcDbEntity
  8
F.Cu
  6
CONTINUOUS
100
AcDbLine
 10
119.4924849999999878
 20
-108.6184079999999881
 30
0
 11
119.3815919999999977
 21
-108.5075149999999979
 31
0
  0
LINE
  5
691
330
1B
100
AcDbEntity
  8
F.Cu
  6
CONTINUOUS
100
AcDbLine
 10
119.3815919999999977
 20
-108.5075149999999979
 30
0
 11
119.2944629999999933
 21
-108.3771169999999984
 31
0
  0
LINE
  5
692
330
1B
100
AcDbEntity
  8
F.Cu
  6
CONTINUOUS
100
AcDbLine
 10
119.2944629999999933
 20
-108.3771169999999984
 30
0
 11
119.2344480000000004
 21
-108.2322279999999921
 31
0
  0
LINE
  5
693
330
1B
100
AcDbEntity
  8
F.Cu
  6
CONTINUOUS
100
AcDbLine
 10
119.2344480000000004
 20
-108.2322279999999921
 30
0
 11
119.2038519999999977
 21
-108.0784139999999951
 31
0
  0
LINE
  5
694
330
1B
100
AcDbEntity
  8
F.Cu
  6
CONTINUOUS
100
AcDbLine
 10
119.2038519999999977
 20
-108.0784139999999951
 30
0
 11
119.2038519999999977
 21
-107.9215859999999907
 31
0
  0
LINE
  5
695
330
1B
100
AcDbEntity
  8
F.Cu
  6
CONTINUOUS
100
AcDbLine
 10
119.2038519999999977
 20
-107.9215859999999907
 30
0
 11
119.2344480000000004
 21
-107.7677719999999937
 31
0
  0
LINE
  5
696
330
1B
100
AcDbEntity
  8
F.Cu
  6
CONTINUOUS
100
AcDbLine
 10
119.2344480000000004
 20
-107.7677719999999937
 30
0
 11
119.2944629999999933
 21
-107.6228830000000016
 31
0
  0
LINE
  5
697
330
1B
100
AcDbEntity
  8
F.Cu
  6
CONTINUOUS
100
AcDbLine
 10
119.2944629999999933
 20
-107.6228830000000016
 30
0
 11
119.3815919999999977
 21
-107.4924850000000021
 31
0
  0
LINE
  5
698
330
1B
100
AcDbEntity
  8
F.Cu
  6
CONTINUOUS
100
AcDbLine
 10
119.3815919999999977
 20
-107.4924850000000021
 30
0
 11
119.4924849999999878
 21
-107.3815919999999977
 31
0
  0
LINE
  5
699
330
1B
100
AcDbEntity
  8
F.Cu
  6
CONTINUOUS
100
AcDbLine
 10
119.4924849999999878
 20
-107.3815919999999977
 30
0
 11
119.6228830000000016
 21
-107.2944629999999933
 31
0
  0
LINE
  5
69A
330
1B
100
AcDbEntity
  8
F.Cu
  6
CONTINUOUS
100
AcDbLine
 10
119.6228830000000016
 20
-107.2944629999999933
 30
0
 11
119.7677719999999937
 21
-107.2344480000000004
 31
0
  0
LINE
  5
69B
330
1B
100
AcDbEntity
  8
F.Cu
  6
CONTINUOUS
100
AcDbLine
 10
119.7677719999999937
 20
-107.2344480000000004
 30
0
 11
119.9215859999999907
 21
-107.2038519999999977
 31
0
  0
LINE
  5
69C
330
1B
100
AcDbEntity
  8
F.Cu
  6
CONTINUOUS
100
AcDbLine
 10
119.9215859999999907
 20
-107.2038519999999977
 30
0
 11
120.0784139999999951
 21
-107.2038519999999977
 31
0
  0
LINE
  5
69D
330
1B
100
AcDbEntity
  8
F.Cu
  6
CONTINUOUS
100
AcDbLine
 10
120.0784139999999951
 20
-107.2038519999999977
 30
0
 11
120.2322279999999921
 21
-107.2344480000000004
 31
0
  0
LINE
  5
69E
330
1B
100
AcDbEntity
  8
F.Cu
  6
CONTINUOUS
100
AcDbLine
 10
60.2322279999999992
 20
-103.2144479999999902
 30
0
 11
60.3771169999999984
 21
-103.2744629999999972
 31
0
  0
LINE
  5
69F
330
1B
100
AcDbEntity
  8
F.Cu
  6
CONTINUOUS
100
AcDbLine
 10
60.3771169999999984
 20
-103.2744629999999972
 30
0
 11
60.5075149999999979
 21
-103.3615920000000017
 31
0
  0
LINE
  5
6A0
330
1B
100
AcDbEntity
  8
F.Cu
  6
CONTINUOUS
100
AcDbLine
 10
60.5075149999999979
 20
-103.3615920000000017
 30
0
 11
60.6184079999999952
 21
-103.4724849999999918
 31
0
  0
LINE
  5
6A1
330
1B
100
AcDbEntity
  8
F.Cu
  6
CONTINUOUS
100
AcDbLine
 10
60.6184079999999952
 20
-103.4724849999999918
 30
0
 11
60.7055369999999996
 21
-103.6028829999999914
 31
0
  0
LINE
  5
6A2
330
1B
100
AcDbEntity
  8
F.Cu
  6
CONTINUOUS
100
AcDbLine
 10
60.7055369999999996
 20
-103.6028829999999914
 30
0
 11
60.7655519999999996
 21
-103.7477719999999977
 31
0
  0
LINE
  5
6A3
330
1B
100
AcDbEntity
  8
F.Cu
  6
CONTINUOUS
100
AcDbLine
 10
60.7655519999999996
 20
-103.7477719999999977
 30
0
 11
60.7961479999999952
 21
-103.9015859999999947
 31
0
  0
LINE
  5
6A4
330
1B
100
AcDbEntity
  8
F.Cu
  6
CONTINUOUS
100
AcDbLine
 10
60.7961479999999952
 20
-103.9015859999999947
 30
0
 11
60.7999999999999972
 21
-103.9799999999999898
 31
0
  0
LINE
  5
6A5
330
1B
100
AcDbEntity
  8
F.Cu
  6
CONTINUOUS
100
AcDbLine
 10
60.7999999999999972
 20
-103.9799999999999898
 30
0
 11
60.7999999999999972
 21
-104.7800000000000011
 31
0
  0
LINE
  5
6A6
330
1B
100
AcDbEntity
  8
F.Cu
  6
CONTINUOUS
100
AcDbLine
 10
60.7999999999999972
 20
-104.7800000000000011
 30
0
 11
60.7961479999999952
 21
-104.8584139999999962
 31
0
  0
LINE
  5
6A7
330
1B
100
AcDbEntity
  8
F.Cu
  6
CONTINUOUS
100
AcDbLine
 10
60.7961479999999952
 20
-104.8584139999999962
 30
0
 11
60.7655519999999996
 21
-105.0122279999999932
 31
0
  0
LINE
  5
6A8
330
1B
100
AcDbEntity
  8
F.Cu
  6
CONTINUOUS
100
AcDbLine
 10
60.7655519999999996
 20
-105.0122279999999932
 30
0
 11
60.7055369999999996
 21
-105.1571169999999995
 31
0
  0
LINE
  5
6A9
330
1B
100
AcDbEntity
  8
F.Cu
  6
CONTINUOUS
100
AcDbLine
 10
60.7055369999999996
 20
-105.1571169999999995
 30
0
 11
60.6184079999999952
 21
-105.2875149999999991
 31
0
  0
LINE
  5
6AA
330
1B
100
AcDbEntity
  8
F.Cu
  6
CONTINUOUS
100
AcDbLine
 10
60.6184079999999952
 20
-105.2875149999999991
 30
0
 11
60.5075149999999979
 21
-105.3984079999999892
 31
0
  0
LINE
  5
6AB
330
1B
100
AcDbEntity
  8
F.Cu
  6
CONTINUOUS
100
AcDbLine
 10
60.5075149999999979
 20
-105.3984079999999892
 30
0
 11
60.3771169999999984
 21
-105.4855369999999937
 31
0
  0
LINE
  5
6AC
330
1B
100
AcDbEntity
  8
F.Cu
  6
CONTINUOUS
100
AcDbLine
 10
60.3771169999999984
 20
-105.4855369999999937
 30
0
 11
60.2322279999999992
 21
-105.5455520000000007
 31
0
  0
LINE
  5
6AD
330
1B
100
AcDbEntity
  8
F.Cu
  6
CONTINUOUS
100
AcDbLine
 10
60.2322279999999992
 20
-105.5455520000000007
 30
0
 11
60.0784139999999951
 21
-105.5761479999999892
 31
0
  0
LINE
  5
6AE
330
1B
100
AcDbEntity
  8
F.Cu
  6
CONTINUOUS
100
AcDbLine
 10
60.0784139999999951
 20
-105.5761479999999892
 30
0
 11
59.9215859999999978
 21
-105.5761479999999892
 31
0
  0
LINE
  5
6AF
330
1B
100
AcDbEntity
  8
F.Cu
  6
CONTINUOUS
100
AcDbLine
 10
59.9215859999999978
 20
-105.5761479999999892
 30
0
 11
59.7677720000000008
 21
-105.5455520000000007
 31
0
  0
LINE
  5
6B0
330
1B
100
AcDbEntity
  8
F.Cu
  6
CONTINUOUS
100
AcDbLine
 10
59.7677720000000008
 20
-105.5455520000000007
 30
0
 11
59.6228829999999945
 21
-105.4855369999999937
 31
0
  0
LINE
  5
6B1
330
1B
100
AcDbEntity
  8
F.Cu
  6
CONTINUOUS
100
AcDbLine
 10
59.6228829999999945
 20
-105.4855369999999937
 30
0
 11
59.492484999999995
 21
-105.3984079999999892
 31
0
  0
LINE
  5
6B2
330
1B
100
AcDbEntity
  8
F.Cu
  6
CONTINUOUS
100
AcDbLine
 10
59.492484999999995
 20
-105.3984079999999892
 30
0
 11
59.3815919999999977
 21
-105.2875149999999991
 31
0
  0
LINE
  5
6B3
330
1B
100
AcDbEntity
  8
F.Cu
  6
CONTINUOUS
100
AcDbLine
 10
59.3815919999999977
 20
-105.2875149999999991
 30
0
 11
59.2944630000000004
 21
-105.1571169999999995
 31
0
  0
LINE
  5
6B4
330
1B
100
AcDbEntity
  8
F.Cu
  6
CONTINUOUS
100
AcDbLine
 10
59.2944630000000004
 20
-105.1571169999999995
 30
0
 11
59.2344480000000004
 21
-105.0122279999999932
 31
0
  0
LINE
  5
6B5
330
1B
100
AcDbEntity
  8
F.Cu
  6
CONTINUOUS
100
AcDbLine
 10
59.2344480000000004
 20
-105.0122279999999932
 30
0
 11
59.2038519999999977
 21
-104.8584139999999962
 31
0
  0
LINE
  5
6B6
330
1B
100
AcDbEntity
  8
F.Cu
  6
CONTINUOUS
100
AcDbLine
 10
59.2038519999999977
 20
-104.8584139999999962
 30
0
 11
59.1999999999999957
 21
-104.7800000000000011
 31
0
  0
LINE
  5
6B7
330
1B
100
AcDbEntity
  8
F.Cu
  6
CONTINUOUS
100
AcDbLine
 10
59.1999999999999957
 20
-104.7800000000000011
 30
0
 11
59.1999999999999957
 21
-103.9799999999999898
 31
0
  0
LINE
  5
6B8
330
1B
100
AcDbEntity
  8
F.Cu
  6
CONTINUOUS
100
AcDbLine
 10
59.1999999999999957
 20
-103.9799999999999898
 30
0
 11
59.2038519999999977
 21
-103.9015859999999947
 31
0
  0
LINE
  5
6B9
330
1B
100
AcDbEntity
  8
F.Cu
  6
CONTINUOUS
100
AcDbLine
 10
59.2038519999999977
 20
-103.9015859999999947
 30
0
 11
59.2344480000000004
 21
-103.7477719999999977
 31
0
  0
LINE
  5
6BA
330
1B
100
AcDbEntity
  8
F.Cu
  6
CONTINUOUS
100
AcDbLine
 10
59.2344480000000004
 20
-103.7477719999999977
 30
0
 11
59.2944630000000004
 21
-103.6028829999999914
 31
0
  0
LINE
  5
6BB
330
1B
100
AcDbEntity
  8
F.Cu
  6
CONTINUOUS
100
AcDbLine
 10
59.2944630000000004
 20
-103.6028829999999914
 30
0
 11
59.3815919999999977
 21
-103.4724849999999918
 31
0
  0
LINE
  5
6BC
330
1B
100
AcDbEntity
  8
F.Cu
  6
CONTINUOUS
100
AcDbLine
 10
59.3815919999999977
 20
-103.4724849999999918
 30
0
 11
59.492484999999995
 21
-103.3615920000000017
 31
0
  0
LINE
  5
6BD
330
1B
100
AcDbEntity
  8
F.Cu
  6
CONTINUOUS
100
AcDbLine
 10
59.492484999999995
 20
-103.3615920000000017
 30
0
 11
59.6228829999999945
 21
-103.2744629999999972
 31
0
  0
LINE
  5
6BE
330
1B
100
AcDbEntity
  8
F.Cu
  6
CONTINUOUS
100
AcDbLine
 10
59.6228829999999945
 20
-103.2744629999999972
 30
0
 11
59.7677720000000008
 21
-103.2144479999999902
 31
0
  0
LINE
  5
6BF
330
1B
100
AcDbEntity
  8
F.Cu
  6
CONTINUOUS
100
AcDbLine
 10
59.7677720000000008
 20
-103.2144479999999902
 30
0
 11
59.9215859999999978
 21
-103.1838520000000017
 31
0
  0
LINE
  5
6C0
330
1B
100
AcDbEntity
  8
F.Cu
  6
CONTINUOUS
100
AcDbLine
 10
59.9215859999999978
 20
-103.1838520000000017
 30
0
 11
60.0784139999999951
 21
-103.1838520000000017
 31
0
  0
LINE
  5
6C1
330
1B
100
AcDbEntity
  8
F.Cu
  6
CONTINUOUS
100
AcDbLine
 10
60.0784139999999951
 20
-103.1838520000000017
 30
0
 11
60.2322279999999992
 21
-103.2144479999999902
 31
0
  0
LINE
  5
6C2
330
1B
100
AcDbEntity
  8
F.Cu
  6
CONTINUOUS
100
AcDbLine
 10
62.7722279999999984
 20
-103.2144479999999902
 30
0
 11
62.9171169999999975
 21
-103.2744629999999972
 31
0
  0
LINE
  5
6C3
330
1B
100
AcDbEntity
  8
F.Cu
  6
CONTINUOUS
100
AcDbLine
 10
62.9171169999999975
 20
-103.2744629999999972
 30
0
 11
63.0475149999999971
 21
-103.3615920000000017
 31
0
  0
LINE
  5
6C4
330
1B
100
AcDbEntity
  8
F.Cu
  6
CONTINUOUS
100
AcDbLine
 10
63.0475149999999971
 20
-103.3615920000000017
 30
0
 11
63.1584079999999943
 21
-103.4724849999999918
 31
0
  0
LINE
  5
6C5
330
1B
100
AcDbEntity
  8
F.Cu
  6
CONTINUOUS
100
AcDbLine
 10
63.1584079999999943
 20
-103.4724849999999918
 30
0
 11
63.2455369999999988
 21
-103.6028829999999914
 31
0
  0
LINE
  5
6C6
330
1B
100
AcDbEntity
  8
F.Cu
  6
CONTINUOUS
100
AcDbLine
 10
63.2455369999999988
 20
-103.6028829999999914
 30
0
 11
63.3055519999999987
 21
-103.7477719999999977
 31
0
  0
LINE
  5
6C7
330
1B
100
AcDbEntity
  8
F.Cu
  6
CONTINUOUS
100
AcDbLine
 10
63.3055519999999987
 20
-103.7477719999999977
 30
0
 11
63.3361479999999943
 21
-103.9015859999999947
 31
0
  0
LINE
  5
6C8
330
1B
100
AcDbEntity
  8
F.Cu
  6
CONTINUOUS
100
AcDbLine
 10
63.3361479999999943
 20
-103.9015859999999947
 30
0
 11
63.3399999999999963
 21
-103.9799999999999898
 31
0
  0
LINE
  5
6C9
330
1B
100
AcDbEntity
  8
F.Cu
  6
CONTINUOUS
100
AcDbLine
 10
63.3399999999999963
 20
-103.9799999999999898
 30
0
 11
63.3399999999999963
 21
-104.7800000000000011
 31
0
  0
LINE
  5
6CA
330
1B
100
AcDbEntity
  8
F.Cu
  6
CONTINUOUS
100
AcDbLine
 10
63.3399999999999963
 20
-104.7800000000000011
 30
0
 11
63.3361479999999943
 21
-104.8584139999999962
 31
0
  0
LINE
  5
6CB
330
1B
100
AcDbEntity
  8
F.Cu
  6
CONTINUOUS
100
AcDbLine
 10
63.3361479999999943
 20
-104.8584139999999962
 30
0
 11
63.3055519999999987
 21
-105.0122279999999932
 31
0
  0
LINE
  5
6CC
330
1B
100
AcDbEntity
  8
F.Cu
  6
CONTINUOUS
100
AcDbLine
 10
63.3055519999999987
 20
-105.0122279999999932
 30
0
 11
63.2455369999999988
 21
-105.1571169999999995
 31
0
  0
LINE
  5
6CD
330
1B
100
AcDbEntity
  8
F.Cu
  6
CONTINUOUS
100
AcDbLine
 10
63.2455369999999988
 20
-105.1571169999999995
 30
0
 11
63.1584079999999943
 21
-105.2875149999999991
 31
0
  0
LINE
  5
6CE
330
1B
100
AcDbEntity
  8
F.Cu
  6
CONTINUOUS
100
AcDbLine
 10
63.1584079999999943
 20
-105.2875149999999991
 30
0
 11
63.0475149999999971
 21
-105.3984079999999892
 31
0
  0
LINE
  5
6CF
330
1B
100
AcDbEntity
  8
F.Cu
  6
CONTINUOUS
100
AcDbLine
 10
63.0475149999999971
 20
-105.3984079999999892
 30
0
 11
62.9171169999999975
 21
-105.4855369999999937
 31
0
  0
LINE
  5
6D0
330
1B
100
AcDbEntity
  8
F.Cu
  6
CONTINUOUS
100
AcDbLine
 10
62.9171169999999975
 20
-105.4855369999999937
 30
0
 11
62.7722279999999984
 21
-105.5455520000000007
 31
0
  0
LINE
  5
6D1
330
1B
100
AcDbEntity
  8
F.Cu
  6
CONTINUOUS
100
AcDbLine
 10
62.7722279999999984
 20
-105.5455520000000007
 30
0
 11
62.6184139999999942
 21
-105.5761479999999892
 31
0
  0
LINE
  5
6D2
330
1B
100
AcDbEntity
  8
F.Cu
  6
CONTINUOUS
100
AcDbLine
 10
62.6184139999999942
 20
-105.5761479999999892
 30
0
 11
62.4615859999999969
 21
-105.5761479999999892
 31
0
  0
LINE
  5
6D3
330
1B
100
AcDbEntity
  8
F.Cu
  6
CONTINUOUS
100
AcDbLine
 10
62.4615859999999969
 20
-105.5761479999999892
 30
0
 11
62.3077719999999999
 21
-105.5455520000000007
 31
0
  0
LINE
  5
6D4
330
1B
100
AcDbEntity
  8
F.Cu
  6
CONTINUOUS
100
AcDbLine
 10
62.3077719999999999
 20
-105.5455520000000007
 30
0
 11
62.1628829999999937
 21
-105.4855369999999937
 31
0
  0
LINE
  5
6D5
330
1B
100
AcDbEntity
  8
F.Cu
  6
CONTINUOUS
100
AcDbLine
 10
62.1628829999999937
 20
-105.4855369999999937
 30
0
 11
62.0324849999999941
 21
-105.3984079999999892
 31
0
  0
LINE
  5
6D6
330
1B
100
AcDbEntity
  8
F.Cu
  6
CONTINUOUS
100
AcDbLine
 10
62.0324849999999941
 20
-105.3984079999999892
 30
0
 11
61.9215919999999969
 21
-105.2875149999999991
 31
0
  0
LINE
  5
6D7
330
1B
100
AcDbEntity
  8
F.Cu
  6
CONTINUOUS
100
AcDbLine
 10
61.9215919999999969
 20
-105.2875149999999991
 30
0
 11
61.8344629999999995
 21
-105.1571169999999995
 31
0
  0
LINE
  5
6D8
330
1B
100
AcDbEntity
  8
F.Cu
  6
CONTINUOUS
100
AcDbLine
 10
61.8344629999999995
 20
-105.1571169999999995
 30
0
 11
61.7744479999999996
 21
-105.0122279999999932
 31
0
  0
LINE
  5
6D9
330
1B
100
AcDbEntity
  8
F.Cu
  6
CONTINUOUS
100
AcDbLine
 10
61.7744479999999996
 20
-105.0122279999999932
 30
0
 11
61.7438519999999968
 21
-104.8584139999999962
 31
0
  0
LINE
  5
6DA
330
1B
100
AcDbEntity
  8
F.Cu
  6
CONTINUOUS
100
AcDbLine
 10
61.7438519999999968
 20
-104.8584139999999962
 30
0
 11
61.7399999999999949
 21
-104.7800000000000011
 31
0
  0
LINE
  5
6DB
330
1B
100
AcDbEntity
  8
F.Cu
  6
CONTINUOUS
100
AcDbLine
 10
61.7399999999999949
 20
-104.7800000000000011
 30
0
 11
61.7399999999999949
 21
-103.9799999999999898
 31
0
  0
LINE
  5
6DC
330
1B
100
AcDbEntity
  8
F.Cu
  6
CONTINUOUS
100
AcDbLine
 10
61.7399999999999949
 20
-103.9799999999999898
 30
0
 11
61.7438519999999968
 21
-103.9015859999999947
 31
0
  0
LINE
  5
6DD
330
1B
100
AcDbEntity
  8
F.Cu
  6
CONTINUOUS
100
AcDbLine
 10
61.7438519999999968
 20
-103.9015859999999947
 30
0
 11
61.7744479999999996
 21
-103.7477719999999977
 31
0
  0
LINE
  5
6DE
330
1B
100
AcDbEntity
  8
F.Cu
  6
CONTINUOUS
100
AcDbLine
 10
61.7744479999999996
 20
-103.7477719999999977
 30
0
 11
61.8344629999999995
 21
-103.6028829999999914
 31
0
  0
LINE
  5
6DF
330
1B
100
AcDbEntity
  8
F.Cu
  6
CONTINUOUS
100
AcDbLine
 10
61.8344629999999995
 20
-103.6028829999999914
 30
0
 11
61.9215919999999969
 21
-103.4724849999999918
 31
0
  0
LINE
  5
6E0
330
1B
100
AcDbEntity
  8
F.Cu
  6
CONTINUOUS
100
AcDbLine
 10
61.9215919999999969
 20
-103.4724849999999918
 30
0
 11
62.0324849999999941
 21
-103.3615920000000017
 31
0
  0
LINE
  5
6E1
330
1B
100
AcDbEntity
  8
F.Cu
  6
CONTINUOUS
100
AcDbLine
 10
62.0324849999999941
 20
-103.3615920000000017
 30
0
 11
62.1628829999999937
 21
-103.2744629999999972
 31
0
  0
LINE
  5
6E2
330
1B
100
AcDbEntity
  8
F.Cu
  6
CONTINUOUS
100
AcDbLine
 10
62.1628829999999937
 20
-103.2744629999999972
 30
0
 11
62.3077719999999999
 21
-103.2144479999999902
 31
0
  0
LINE
  5
6E3
330
1B
100
AcDbEntity
  8
F.Cu
  6
CONTINUOUS
100
AcDbLine
 10
62.3077719999999999
 20
-103.2144479999999902
 30
0
 11
62.4615859999999969
 21
-103.1838520000000017
 31
0
  0
LINE
  5
6E4
330
1B
100
AcDbEntity
  8
F.Cu
  6
CONTINUOUS
100
AcDbLine
 10
62.4615859999999969
 20
-103.1838520000000017
 30
0
 11
62.6184139999999942
 21
-103.1838520000000017
 31
0
  0
LINE
  5
6E5
330
1B
100
AcDbEntity
  8
F.Cu
  6
CONTINUOUS
100
AcDbLine
 10
62.6184139999999942
 20
-103.1838520000000017
 30
0
 11
62.7722279999999984
 21
-103.2144479999999902
 31
0
  0
LINE
  5
6E6
330
1B
100
AcDbEntity
  8
F.Cu
  6
CONTINUOUS
100
AcDbLine
 10
65.3122279999999904
 20
-103.2144479999999902
 30
0
 11
65.4571169999999967
 21
-103.2744629999999972
 31
0
  0
LINE
  5
6E7
330
1B
100
AcDbEntity
  8
F.Cu
  6
CONTINUOUS
100
AcDbLine
 10
65.4571169999999967
 20
-103.2744629999999972
 30
0
 11
65.5875149999999962
 21
-103.3615920000000017
 31
0
  0
LINE
  5
6E8
330
1B
100
AcDbEntity
  8
F.Cu
  6
CONTINUOUS
100
AcDbLine
 10
65.5875149999999962
 20
-103.3615920000000017
 30
0
 11
65.6984080000000006
 21
-103.4724849999999918
 31
0
  0
LINE
  5
6E9
330
1B
100
AcDbEntity
  8
F.Cu
  6
CONTINUOUS
100
AcDbLine
 10
65.6984080000000006
 20
-103.4724849999999918
 30
0
 11
65.7855369999999908
 21
-103.6028829999999914
 31
0
  0
LINE
  5
6EA
330
1B
100
AcDbEntity
  8
F.Cu
  6
CONTINUOUS
100
AcDbLine
 10
65.7855369999999908
 20
-103.6028829999999914
 30
0
 11
65.8455519999999979
 21
-103.7477719999999977
 31
0
  0
LINE
  5
6EB
330
1B
100
AcDbEntity
  8
F.Cu
  6
CONTINUOUS
100
AcDbLine
 10
65.8455519999999979
 20
-103.7477719999999977
 30
0
 11
65.8761480000000006
 21
-103.9015859999999947
 31
0
  0
LINE
  5
6EC
330
1B
100
AcDbEntity
  8
F.Cu
  6
CONTINUOUS
100
AcDbLine
 10
65.8761480000000006
 20
-103.9015859999999947
 30
0
 11
65.8799999999999955
 21
-103.9799999999999898
 31
0
  0
LINE
  5
6ED
330
1B
100
AcDbEntity
  8
F.Cu
  6
CONTINUOUS
100
AcDbLine
 10
65.8799999999999955
 20
-103.9799999999999898
 30
0
 11
65.8799999999999955
 21
-104.7800000000000011
 31
0
  0
LINE
  5
6EE
330
1B
100
AcDbEntity
  8
F.Cu
  6
CONTINUOUS
100
AcDbLine
 10
65.8799999999999955
 20
-104.7800000000000011
 30
0
 11
65.8761480000000006
 21
-104.8584139999999962
 31
0
  0
LINE
  5
6EF
330
1B
100
AcDbEntity
  8
F.Cu
  6
CONTINUOUS
100
AcDbLine
 10
65.8761480000000006
 20
-104.8584139999999962
 30
0
 11
65.8455519999999979
 21
-105.0122279999999932
 31
0
  0
LINE
  5
6F0
330
1B
100
AcDbEntity
  8
F.Cu
  6
CONTINUOUS
100
AcDbLine
 10
65.8455519999999979
 20
-105.0122279999999932
 30
0
 11
65.7855369999999908
 21
-105.1571169999999995
 31
0
  0
LINE
  5
6F1
330
1B
100
AcDbEntity
  8
F.Cu
  6
CONTINUOUS
100
AcDbLine
 10
65.7855369999999908
 20
-105.1571169999999995
 30
0
 11
65.6984080000000006
 21
-105.2875149999999991
 31
0
  0
LINE
  5
6F2
330
1B
100
AcDbEntity
  8
F.Cu
  6
CONTINUOUS
100
AcDbLine
 10
65.6984080000000006
 20
-105.2875149999999991
 30
0
 11
65.5875149999999962
 21
-105.3984079999999892
 31
0
  0
LINE
  5
6F3
330
1B
100
AcDbEntity
  8
F.Cu
  6
CONTINUOUS
100
AcDbLine
 10
65.5875149999999962
 20
-105.3984079999999892
 30
0
 11
65.4571169999999967
 21
-105.4855369999999937
 31
0
  0
LINE
  5
6F4
330
1B
100
AcDbEntity
  8
F.Cu
  6
CONTINUOUS
100
AcDbLine
 10
65.4571169999999967
 20
-105.4855369999999937
 30
0
 11
65.3122279999999904
 21
-105.5455520000000007
 31
0
  0
LINE
  5
6F5
330
1B
100
AcDbEntity
  8
F.Cu
  6
CONTINUOUS
100
AcDbLine
 10
65.3122279999999904
 20
-105.5455520000000007
 30
0
 11
65.1584139999999934
 21
-105.5761479999999892
 31
0
  0
LINE
  5
6F6
330
1B
100
AcDbEntity
  8
F.Cu
  6
CONTINUOUS
100
AcDbLine
 10
65.1584139999999934
 20
-105.5761479999999892
 30
0
 11
65.0015860000000032
 21
-105.5761479999999892
 31
0
  0
LINE
  5
6F7
330
1B
100
AcDbEntity
  8
F.Cu
  6
CONTINUOUS
100
AcDbLine
 10
65.0015860000000032
 20
-105.5761479999999892
 30
0
 11
64.847771999999992
 21
-105.5455520000000007
 31
0
  0
LINE
  5
6F8
330
1B
100
AcDbEntity
  8
F.Cu
  6
CONTINUOUS
100
AcDbLine
 10
64.847771999999992
 20
-105.5455520000000007
 30
0
 11
64.7028829999999999
 21
-105.4855369999999937
 31
0
  0
LINE
  5
6F9
330
1B
100
AcDbEntity
  8
F.Cu
  6
CONTINUOUS
100
AcDbLine
 10
64.7028829999999999
 20
-105.4855369999999937
 30
0
 11
64.5724850000000004
 21
-105.3984079999999892
 31
0
  0
LINE
  5
6FA
330
1B
100
AcDbEntity
  8
F.Cu
  6
CONTINUOUS
100
AcDbLine
 10
64.5724850000000004
 20
-105.3984079999999892
 30
0
 11
64.461591999999996
 21
-105.2875149999999991
 31
0
  0
LINE
  5
6FB
330
1B
100
AcDbEntity
  8
F.Cu
  6
CONTINUOUS
100
AcDbLine
 10
64.461591999999996
 20
-105.2875149999999991
 30
0
 11
64.3744629999999916
 21
-105.1571169999999995
 31
0
  0
LINE
  5
6FC
330
1B
100
AcDbEntity
  8
F.Cu
  6
CONTINUOUS
100
AcDbLine
 10
64.3744629999999916
 20
-105.1571169999999995
 30
0
 11
64.3144479999999987
 21
-105.0122279999999932
 31
0
  0
LINE
  5
6FD
330
1B
100
AcDbEntity
  8
F.Cu
  6
CONTINUOUS
100
AcDbLine
 10
64.3144479999999987
 20
-105.0122279999999932
 30
0
 11
64.283851999999996
 21
-104.8584139999999962
 31
0
  0
LINE
  5
6FE
330
1B
100
AcDbEntity
  8
F.Cu
  6
CONTINUOUS
100
AcDbLine
 10
64.283851999999996
 20
-104.8584139999999962
 30
0
 11
64.2800000000000011
 21
-104.7800000000000011
 31
0
  0
LINE
  5
6FF
330
1B
100
AcDbEntity
  8
F.Cu
  6
CONTINUOUS
100
AcDbLine
 10
64.2800000000000011
 20
-104.7800000000000011
 30
0
 11
64.2800000000000011
 21
-103.9799999999999898
 31
0
  0
LINE
  5
700
330
1B
100
AcDbEntity
  8
F.Cu
  6
CONTINUOUS
100
AcDbLine
 10
64.2800000000000011
 20
-103.9799999999999898
 30
0
 11
64.283851999999996
 21
-103.9015859999999947
 31
0
  0
LINE
  5
701
330
1B
100
AcDbEntity
  8
F.Cu
  6
CONTINUOUS
100
AcDbLine
 10
64.283851999999996
 20
-103.9015859999999947
 30
0
 11
64.3144479999999987
 21
-103.7477719999999977
 31
0
  0
LINE
  5
702
330
1B
100
AcDbEntity
  8
F.Cu
  6
CONTINUOUS
100
AcDbLine
 10
64.3144479999999987
 20
-103.7477719999999977
 30
0
 11
64.3744629999999916
 21
-103.6028829999999914
 31
0
  0
LINE
  5
703
330
1B
100
AcDbEntity
  8
F.Cu
  6
CONTINUOUS
100
AcDbLine
 10
64.3744629999999916
 20
-103.6028829999999914
 30
0
 11
64.461591999999996
 21
-103.4724849999999918
 31
0
  0
LINE
  5
704
330
1B
100
AcDbEntity
  8
F.Cu
  6
CONTINUOUS
100
AcDbLine
 10
64.461591999999996
 20
-103.4724849999999918
 30
0
 11
64.5724850000000004
 21
-103.3615920000000017
 31
0
  0
LINE
  5
705
330
1B
100
AcDbEntity
  8
F.Cu
  6
CONTINUOUS
100
AcDbLine
 10
64.5724850000000004
 20
-103.3615920000000017
 30
0
 11
64.7028829999999999
 21
-103.2744629999999972
 31
0
  0
LINE
  5
706
330
1B
100
AcDbEntity
  8
F.Cu
  6
CONTINUOUS
100
AcDbLine
 10
64.7028829999999999
 20
-103.2744629999999972
 30
0
 11
64.847771999999992
 21
-103.2144479999999902
 31
0
  0
LINE
  5
707
330
1B
100
AcDbEntity
  8
F.Cu
  6
CONTINUOUS
100
AcDbLine
 10
64.847771999999992
 20
-103.2144479999999902
 30
0
 11
65.0015860000000032
 21
-103.1838520000000017
 31
0
  0
LINE
  5
708
330
1B
100
AcDbEntity
  8
F.Cu
  6
CONTINUOUS
100
AcDbLine
 10
65.0015860000000032
 20
-103.1838520000000017
 30
0
 11
65.1584139999999934
 21
-103.1838520000000017
 31
0
  0
LINE
  5
709
330
1B
100
AcDbEntity
  8
F.Cu
  6
CONTINUOUS
100
AcDbLine
 10
65.1584139999999934
 20
-103.1838520000000017
 30
0
 11
65.3122279999999904
 21
-103.2144479999999902
 31
0
  0
LINE
  5
70A
330
1B
100
AcDbEntity
  8
F.Cu
  6
CONTINUOUS
100
AcDbLine
 10
67.8522279999999967
 20
-103.2144479999999902
 30
0
 11
67.9971170000000029
 21
-103.2744629999999972
 31
0
  0
LINE
  5
70B
330
1B
100
AcDbEntity
  8
F.Cu
  6
CONTINUOUS
100
AcDbLine
 10
67.9971170000000029
 20
-103.2744629999999972
 30
0
 11
68.1275150000000025
 21
-103.3615920000000017
 31
0
  0
LINE
  5
70C
330
1B
100
AcDbEntity
  8
F.Cu
  6
CONTINUOUS
100
AcDbLine
 10
68.1275150000000025
 20
-103.3615920000000017
 30
0
 11
68.2384079999999926
 21
-103.4724849999999918
 31
0
  0
LINE
  5
70D
330
1B
100
AcDbEntity
  8
F.Cu
  6
CONTINUOUS
100
AcDbLine
 10
68.2384079999999926
 20
-103.4724849999999918
 30
0
 11
68.3255369999999971
 21
-103.6028829999999914
 31
0
  0
LINE
  5
70E
330
1B
100
AcDbEntity
  8
F.Cu
  6
CONTINUOUS
100
AcDbLine
 10
68.3255369999999971
 20
-103.6028829999999914
 30
0
 11
68.3855519999999899
 21
-103.7477719999999977
 31
0
  0
LINE
  5
70F
330
1B
100
AcDbEntity
  8
F.Cu
  6
CONTINUOUS
100
AcDbLine
 10
68.3855519999999899
 20
-103.7477719999999977
 30
0
 11
68.4161479999999926
 21
-103.9015859999999947
 31
0
  0
LINE
  5
710
330
1B
100
AcDbEntity
  8
F.Cu
  6
CONTINUOUS
100
AcDbLine
 10
68.4161479999999926
 20
-103.9015859999999947
 30
0
 11
68.4200000000000017
 21
-103.9799999999999898
 31
0
  0
LINE
  5
711
330
1B
100
AcDbEntity
  8
F.Cu
  6
CONTINUOUS
100
AcDbLine
 10
68.4200000000000017
 20
-103.9799999999999898
 30
0
 11
68.4200000000000017
 21
-104.7800000000000011
 31
0
  0
LINE
  5
712
330
1B
100
AcDbEntity
  8
F.Cu
  6
CONTINUOUS
100
AcDbLine
 10
68.4200000000000017
 20
-104.7800000000000011
 30
0
 11
68.4161479999999926
 21
-104.8584139999999962
 31
0
  0
LINE
  5
713
330
1B
100
AcDbEntity
  8
F.Cu
  6
CONTINUOUS
100
AcDbLine
 10
68.4161479999999926
 20
-104.8584139999999962
 30
0
 11
68.3855519999999899
 21
-105.0122279999999932
 31
0
  0
LINE
  5
714
330
1B
100
AcDbEntity
  8
F.Cu
  6
CONTINUOUS
100
AcDbLine
 10
68.3855519999999899
 20
-105.0122279999999932
 30
0
 11
68.3255369999999971
 21
-105.1571169999999995
 31
0
  0
LINE
  5
715
330
1B
100
AcDbEntity
  8
F.Cu
  6
CONTINUOUS
100
AcDbLine
 10
68.3255369999999971
 20
-105.1571169999999995
 30
0
 11
68.2384079999999926
 21
-105.2875149999999991
 31
0
  0
LINE
  5
716
330
1B
100
AcDbEntity
  8
F.Cu
  6
CONTINUOUS
100
AcDbLine
 10
68.2384079999999926
 20
-105.2875149999999991
 30
0
 11
68.1275150000000025
 21
-105.3984079999999892
 31
0
  0
LINE
  5
717
330
1B
100
AcDbEntity
  8
F.Cu
  6
CONTINUOUS
100
AcDbLine
 10
68.1275150000000025
 20
-105.3984079999999892
 30
0
 11
67.9971170000000029
 21
-105.4855369999999937
 31
0
  0
LINE
  5
718
330
1B
100
AcDbEntity
  8
F.Cu
  6
CONTINUOUS
100
AcDbLine
 10
67.9971170000000029
 20
-105.4855369999999937
 30
0
 11
67.8522279999999967
 21
-105.5455520000000007
 31
0
  0
LINE
  5
719
330
1B
100
AcDbEntity
  8
F.Cu
  6
CONTINUOUS
100
AcDbLine
 10
67.8522279999999967
 20
-105.5455520000000007
 30
0
 11
67.6984139999999996
 21
-105.5761479999999892
 31
0
  0
LINE
  5
71A
330
1B
100
AcDbEntity
  8
F.Cu
  6
CONTINUOUS
100
AcDbLine
 10
67.6984139999999996
 20
-105.5761479999999892
 30
0
 11
67.5415859999999952
 21
-105.5761479999999892
 31
0
  0
LINE
  5
71B
330
1B
100
AcDbEntity
  8
F.Cu
  6
CONTINUOUS
100
AcDbLine
 10
67.5415859999999952
 20
-105.5761479999999892
 30
0
 11
67.3877719999999982
 21
-105.5455520000000007
 31
0
  0
LINE
  5
71C
330
1B
100
AcDbEntity
  8
F.Cu
  6
CONTINUOUS
100
AcDbLine
 10
67.3877719999999982
 20
-105.5455520000000007
 30
0
 11
67.242882999999992
 21
-105.4855369999999937
 31
0
  0
LINE
  5
71D
330
1B
100
AcDbEntity
  8
F.Cu
  6
CONTINUOUS
100
AcDbLine
 10
67.242882999999992
 20
-105.4855369999999937
 30
0
 11
67.1124849999999924
 21
-105.3984079999999892
 31
0
  0
LINE
  5
71E
330
1B
100
AcDbEntity
  8
F.Cu
  6
CONTINUOUS
100
AcDbLine
 10
67.1124849999999924
 20
-105.3984079999999892
 30
0
 11
67.0015920000000023
 21
-105.2875149999999991
 31
0
  0
LINE
  5
71F
330
1B
100
AcDbEntity
  8
F.Cu
  6
CONTINUOUS
100
AcDbLine
 10
67.0015920000000023
 20
-105.2875149999999991
 30
0
 11
66.9144629999999978
 21
-105.1571169999999995
 31
0
  0
LINE
  5
720
330
1B
100
AcDbEntity
  8
F.Cu
  6
CONTINUOUS
100
AcDbLine
 10
66.9144629999999978
 20
-105.1571169999999995
 30
0
 11
66.8544479999999908
 21
-105.0122279999999932
 31
0
  0
LINE
  5
721
330
1B
100
AcDbEntity
  8
F.Cu
  6
CONTINUOUS
100
AcDbLine
 10
66.8544479999999908
 20
-105.0122279999999932
 30
0
 11
66.8238520000000022
 21
-104.8584139999999962
 31
0
  0
LINE
  5
722
330
1B
100
AcDbEntity
  8
F.Cu
  6
CONTINUOUS
100
AcDbLine
 10
66.8238520000000022
 20
-104.8584139999999962
 30
0
 11
66.8199999999999932
 21
-104.7800000000000011
 31
0
  0
LINE
  5
723
330
1B
100
AcDbEntity
  8
F.Cu
  6
CONTINUOUS
100
AcDbLine
 10
66.8199999999999932
 20
-104.7800000000000011
 30
0
 11
66.8199999999999932
 21
-103.9799999999999898
 31
0
  0
LINE
  5
724
330
1B
100
AcDbEntity
  8
F.Cu
  6
CONTINUOUS
100
AcDbLine
 10
66.8199999999999932
 20
-103.9799999999999898
 30
0
 11
66.8238520000000022
 21
-103.9015859999999947
 31
0
  0
LINE
  5
725
330
1B
100
AcDbEntity
  8
F.Cu
  6
CONTINUOUS
100
AcDbLine
 10
66.8238520000000022
 20
-103.9015859999999947
 30
0
 11
66.8544479999999908
 21
-103.7477719999999977
 31
0
  0
LINE
  5
726
330
1B
100
AcDbEntity
  8
F.Cu
  6
CONTINUOUS
100
AcDbLine
 10
66.8544479999999908
 20
-103.7477719999999977
 30
0
 11
66.9144629999999978
 21
-103.6028829999999914
 31
0
  0
LINE
  5
727
330
1B
100
AcDbEntity
  8
F.Cu
  6
CONTINUOUS
100
AcDbLine
 10
66.9144629999999978
 20
-103.6028829999999914
 30
0
 11
67.0015920000000023
 21
-103.4724849999999918
 31
0
  0
LINE
  5
728
330
1B
100
AcDbEntity
  8
F.Cu
  6
CONTINUOUS
100
AcDbLine
 10
67.0015920000000023
 20
-103.4724849999999918
 30
0
 11
67.1124849999999924
 21
-103.3615920000000017
 31
0
  0
LINE
  5
729
330
1B
100
AcDbEntity
  8
F.Cu
  6
CONTINUOUS
100
AcDbLine
 10
67.1124849999999924
 20
-103.3615920000000017
 30
0
 11
67.242882999999992
 21
-103.2744629999999972
 31
0
  0
LINE
  5
72A
330
1B
100
AcDbEntity
  8
F.Cu
  6
CONTINUOUS
100
AcDbLine
 10
67.242882999999992
 20
-103.2744629999999972
 30
0
 11
67.3877719999999982
 21
-103.2144479999999902
 31
0
  0
LINE
  5
72B
330
1B
100
AcDbEntity
  8
F.Cu
  6
CONTINUOUS
100
AcDbLine
 10
67.3877719999999982
 20
-103.2144479999999902
 30
0
 11
67.5415859999999952
 21
-103.1838520000000017
 31
0
  0
LINE
  5
72C
330
1B
100
AcDbEntity
  8
F.Cu
  6
CONTINUOUS
100
AcDbLine
 10
67.5415859999999952
 20
-103.1838520000000017
 30
0
 11
67.6984139999999996
 21
-103.1838520000000017
 31
0
  0
LINE
  5
72D
330
1B
100
AcDbEntity
  8
F.Cu
  6
CONTINUOUS
100
AcDbLine
 10
67.6984139999999996
 20
-103.1838520000000017
 30
0
 11
67.8522279999999967
 21
-103.2144479999999902
 31
0
  0
LINE
  5
72E
330
1B
100
AcDbEntity
  8
F.Cu
  6
CONTINUOUS
100
AcDbLine
 10
70.3922280000000029
 20
-103.2144479999999902
 30
0
 11
70.537116999999995
 21
-103.2744629999999972
 31
0
  0
LINE
  5
72F
330
1B
100
AcDbEntity
  8
F.Cu
  6
CONTINUOUS
100
AcDbLine
 10
70.537116999999995
 20
-103.2744629999999972
 30
0
 11
70.6675149999999945
 21
-103.3615920000000017
 31
0
  0
LINE
  5
730
330
1B
100
AcDbEntity
  8
F.Cu
  6
CONTINUOUS
100
AcDbLine
 10
70.6675149999999945
 20
-103.3615920000000017
 30
0
 11
70.7784079999999989
 21
-103.4724849999999918
 31
0
  0
LINE
  5
731
330
1B
100
AcDbEntity
  8
F.Cu
  6
CONTINUOUS
100
AcDbLine
 10
70.7784079999999989
 20
-103.4724849999999918
 30
0
 11
70.8655370000000033
 21
-103.6028829999999914
 31
0
  0
LINE
  5
732
330
1B
100
AcDbEntity
  8
F.Cu
  6
CONTINUOUS
100
AcDbLine
 10
70.8655370000000033
 20
-103.6028829999999914
 30
0
 11
70.9255519999999962
 21
-103.7477719999999977
 31
0
  0
LINE
  5
733
330
1B
100
AcDbEntity
  8
F.Cu
  6
CONTINUOUS
100
AcDbLine
 10
70.9255519999999962
 20
-103.7477719999999977
 30
0
 11
70.9561479999999989
 21
-103.9015859999999947
 31
0
  0
LINE
  5
734
330
1B
100
AcDbEntity
  8
F.Cu
  6
CONTINUOUS
100
AcDbLine
 10
70.9561479999999989
 20
-103.9015859999999947
 30
0
 11
70.9599999999999937
 21
-103.9799999999999898
 31
0
  0
LINE
  5
735
330
1B
100
AcDbEntity
  8
F.Cu
  6
CONTINUOUS
100
AcDbLine
 10
70.9599999999999937
 20
-103.9799999999999898
 30
0
 11
70.9599999999999937
 21
-104.7800000000000011
 31
0
  0
LINE
  5
736
330
1B
100
AcDbEntity
  8
F.Cu
  6
CONTINUOUS
100
AcDbLine
 10
70.9599999999999937
 20
-104.7800000000000011
 30
0
 11
70.9561479999999989
 21
-104.8584139999999962
 31
0
  0
LINE
  5
737
330
1B
100
AcDbEntity
  8
F.Cu
  6
CONTINUOUS
100
AcDbLine
 10
70.9561479999999989
 20
-104.8584139999999962
 30
0
 11
70.9255519999999962
 21
-105.0122279999999932
 31
0
  0
LINE
  5
738
330
1B
100
AcDbEntity
  8
F.Cu
  6
CONTINUOUS
100
AcDbLine
 10
70.9255519999999962
 20
-105.0122279999999932
 30
0
 11
70.8655370000000033
 21
-105.1571169999999995
 31
0
  0
LINE
  5
739
330
1B
100
AcDbEntity
  8
F.Cu
  6
CONTINUOUS
100
AcDbLine
 10
70.8655370000000033
 20
-105.1571169999999995
 30
0
 11
70.7784079999999989
 21
-105.2875149999999991
 31
0
  0
LINE
  5
73A
330
1B
100
AcDbEntity
  8
F.Cu
  6
CONTINUOUS
100
AcDbLine
 10
70.7784079999999989
 20
-105.2875149999999991
 30
0
 11
70.6675149999999945
 21
-105.3984079999999892
 31
0
  0
LINE
  5
73B
330
1B
100
AcDbEntity
  8
F.Cu
  6
CONTINUOUS
100
AcDbLine
 10
70.6675149999999945
 20
-105.3984079999999892
 30
0
 11
70.537116999999995
 21
-105.4855369999999937
 31
0
  0
LINE
  5
73C
330
1B
100
AcDbEntity
  8
F.Cu
  6
CONTINUOUS
100
AcDbLine
 10
70.537116999999995
 20
-105.4855369999999937
 30
0
 11
70.3922280000000029
 21
-105.5455520000000007
 31
0
  0
LINE
  5
73D
330
1B
100
AcDbEntity
  8
F.Cu
  6
CONTINUOUS
100
AcDbLine
 10
70.3922280000000029
 20
-105.5455520000000007
 30
0
 11
70.2384139999999917
 21
-105.5761479999999892
 31
0
  0
LINE
  5
73E
330
1B
100
AcDbEntity
  8
F.Cu
  6
CONTINUOUS
100
AcDbLine
 10
70.2384139999999917
 20
-105.5761479999999892
 30
0
 11
70.0815860000000015
 21
-105.5761479999999892
 31
0
  0
LINE
  5
73F
330
1B
100
AcDbEntity
  8
F.Cu
  6
CONTINUOUS
100
AcDbLine
 10
70.0815860000000015
 20
-105.5761479999999892
 30
0
 11
69.9277719999999903
 21
-105.5455520000000007
 31
0
  0
LINE
  5
740
330
1B
100
AcDbEntity
  8
F.Cu
  6
CONTINUOUS
100
AcDbLine
 10
69.9277719999999903
 20
-105.5455520000000007
 30
0
 11
69.7828829999999982
 21
-105.4855369999999937
 31
0
  0
LINE
  5
741
330
1B
100
AcDbEntity
  8
F.Cu
  6
CONTINUOUS
100
AcDbLine
 10
69.7828829999999982
 20
-105.4855369999999937
 30
0
 11
69.6524849999999986
 21
-105.3984079999999892
 31
0
  0
LINE
  5
742
330
1B
100
AcDbEntity
  8
F.Cu
  6
CONTINUOUS
100
AcDbLine
 10
69.6524849999999986
 20
-105.3984079999999892
 30
0
 11
69.5415919999999943
 21
-105.2875149999999991
 31
0
  0
LINE
  5
743
330
1B
100
AcDbEntity
  8
F.Cu
  6
CONTINUOUS
100
AcDbLine
 10
69.5415919999999943
 20
-105.2875149999999991
 30
0
 11
69.4544629999999898
 21
-105.1571169999999995
 31
0
  0
LINE
  5
744
330
1B
100
AcDbEntity
  8
F.Cu
  6
CONTINUOUS
100
AcDbLine
 10
69.4544629999999898
 20
-105.1571169999999995
 30
0
 11
69.394447999999997
 21
-105.0122279999999932
 31
0
  0
LINE
  5
745
330
1B
100
AcDbEntity
  8
F.Cu
  6
CONTINUOUS
100
AcDbLine
 10
69.394447999999997
 20
-105.0122279999999932
 30
0
 11
69.3638519999999943
 21
-104.8584139999999962
 31
0
  0
LINE
  5
746
330
1B
100
AcDbEntity
  8
F.Cu
  6
CONTINUOUS
100
AcDbLine
 10
69.3638519999999943
 20
-104.8584139999999962
 30
0
 11
69.3599999999999994
 21
-104.7800000000000011
 31
0
  0
LINE
  5
747
330
1B
100
AcDbEntity
  8
F.Cu
  6
CONTINUOUS
100
AcDbLine
 10
69.3599999999999994
 20
-104.7800000000000011
 30
0
 11
69.3599999999999994
 21
-103.9799999999999898
 31
0
  0
LINE
  5
748
330
1B
100
AcDbEntity
  8
F.Cu
  6
CONTINUOUS
100
AcDbLine
 10
69.3599999999999994
 20
-103.9799999999999898
 30
0
 11
69.3638519999999943
 21
-103.9015859999999947
 31
0
  0
LINE
  5
749
330
1B
100
AcDbEntity
  8
F.Cu
  6
CONTINUOUS
100
AcDbLine
 10
69.3638519999999943
 20
-103.9015859999999947
 30
0
 11
69.394447999999997
 21
-103.7477719999999977
 31
0
  0
LINE
  5
74A
330
1B
100
AcDbEntity
  8
F.Cu
  6
CONTINUOUS
100
AcDbLine
 10
69.394447999999997
 20
-103.7477719999999977
 30
0
 11
69.4544629999999898
 21
-103.6028829999999914
 31
0
  0
LINE
  5
74B
330
1B
100
AcDbEntity
  8
F.Cu
  6
CONTINUOUS
100
AcDbLine
 10
69.4544629999999898
 20
-103.6028829999999914
 30
0
 11
69.5415919999999943
 21
-103.4724849999999918
 31
0
  0
LINE
  5
74C
330
1B
100
AcDbEntity
  8
F.Cu
  6
CONTINUOUS
100
AcDbLine
 10
69.5415919999999943
 20
-103.4724849999999918
 30
0
 11
69.6524849999999986
 21
-103.3615920000000017
 31
0
  0
LINE
  5
74D
330
1B
100
AcDbEntity
  8
F.Cu
  6
CONTINUOUS
100
AcDbLine
 10
69.6524849999999986
 20
-103.3615920000000017
 30
0
 11
69.7828829999999982
 21
-103.2744629999999972
 31
0
  0
LINE
  5
74E
330
1B
100
AcDbEntity
  8
F.Cu
  6
CONTINUOUS
100
AcDbLine
 10
69.7828829999999982
 20
-103.2744629999999972
 30
0
 11
69.9277719999999903
 21
-103.2144479999999902
 31
0
  0
LINE
  5
74F
330
1B
100
AcDbEntity
  8
F.Cu
  6
CONTINUOUS
100
AcDbLine
 10
69.9277719999999903
 20
-103.2144479999999902
 30
0
 11
70.0815860000000015
 21
-103.1838520000000017
 31
0
  0
LINE
  5
750
330
1B
100
AcDbEntity
  8
F.Cu
  6
CONTINUOUS
100
AcDbLine
 10
70.0815860000000015
 20
-103.1838520000000017
 30
0
 11
70.2384139999999917
 21
-103.1838520000000017
 31
0
  0
LINE
  5
751
330
1B
100
AcDbEntity
  8
F.Cu
  6
CONTINUOUS
100
AcDbLine
 10
70.2384139999999917
 20
-103.1838520000000017
 30
0
 11
70.3922280000000029
 21
-103.2144479999999902
 31
0
  0
LINE
  5
752
330
1B
100
AcDbEntity
  8
F.Cu
  6
CONTINUOUS
100
AcDbLine
 10
72.9322279999999949
 20
-103.2144479999999902
 30
0
 11
73.0771170000000012
 21
-103.2744629999999972
 31
0
  0
LINE
  5
753
330
1B
100
AcDbEntity
  8
F.Cu
  6
CONTINUOUS
100
AcDbLine
 10
73.0771170000000012
 20
-103.2744629999999972
 30
0
 11
73.2075150000000008
 21
-103.3615920000000017
 31
0
  0
LINE
  5
754
330
1B
100
AcDbEntity
  8
F.Cu
  6
CONTINUOUS
100
AcDbLine
 10
73.2075150000000008
 20
-103.3615920000000017
 30
0
 11
73.3184079999999909
 21
-103.4724849999999918
 31
0
  0
LINE
  5
755
330
1B
100
AcDbEntity
  8
F.Cu
  6
CONTINUOUS
100
AcDbLine
 10
73.3184079999999909
 20
-103.4724849999999918
 30
0
 11
73.4055369999999954
 21
-103.6028829999999914
 31
0
  0
LINE
  5
756
330
1B
100
AcDbEntity
  8
F.Cu
  6
CONTINUOUS
100
AcDbLine
 10
73.4055369999999954
 20
-103.6028829999999914
 30
0
 11
73.4655520000000024
 21
-103.7477719999999977
 31
0
  0
LINE
  5
757
330
1B
100
AcDbEntity
  8
F.Cu
  6
CONTINUOUS
100
AcDbLine
 10
73.4655520000000024
 20
-103.7477719999999977
 30
0
 11
73.4961479999999909
 21
-103.9015859999999947
 31
0
  0
LINE
  5
758
330
1B
100
AcDbEntity
  8
F.Cu
  6
CONTINUOUS
100
AcDbLine
 10
73.4961479999999909
 20
-103.9015859999999947
 30
0
 11
73.5
 21
-103.9799999999999898
 31
0
  0
LINE
  5
759
330
1B
100
AcDbEntity
  8
F.Cu
  6
CONTINUOUS
100
AcDbLine
 10
73.5
 20
-103.9799999999999898
 30
0
 11
73.5
 21
-104.7800000000000011
 31
0
  0
LINE
  5
75A
330
1B
100
AcDbEntity
  8
F.Cu
  6
CONTINUOUS
100
AcDbLine
 10
73.5
 20
-104.7800000000000011
 30
0
 11
73.4961479999999909
 21
-104.8584139999999962
 31
0
  0
LINE
  5
75B
330
1B
100
AcDbEntity
  8
F.Cu
  6
CONTINUOUS
100
AcDbLine
 10
73.4961479999999909
 20
-104.8584139999999962
 30
0
 11
73.4655520000000024
 21
-105.0122279999999932
 31
0
  0
LINE
  5
75C
330
1B
100
AcDbEntity
  8
F.Cu
  6
CONTINUOUS
100
AcDbLine
 10
73.4655520000000024
 20
-105.0122279999999932
 30
0
 11
73.4055369999999954
 21
-105.1571169999999995
 31
0
  0
LINE
  5
75D
330
1B
100
AcDbEntity
  8
F.Cu
  6
CONTINUOUS
100
AcDbLine
 10
73.4055369999999954
 20
-105.1571169999999995
 30
0
 11
73.3184079999999909
 21
-105.2875149999999991
 31
0
  0
LINE
  5
75E
330
1B
100
AcDbEntity
  8
F.Cu
  6
CONTINUOUS
100
AcDbLine
 10
73.3184079999999909
 20
-105.2875149999999991
 30
0
 11
73.2075150000000008
 21
-105.3984079999999892
 31
0
  0
LINE
  5
75F
330
1B
100
AcDbEntity
  8
F.Cu
  6
CONTINUOUS
100
AcDbLine
 10
73.2075150000000008
 20
-105.3984079999999892
 30
0
 11
73.0771170000000012
 21
-105.4855369999999937
 31
0
  0
LINE
  5
760
330
1B
100
AcDbEntity
  8
F.Cu
  6
CONTINUOUS
100
AcDbLine
 10
73.0771170000000012
 20
-105.4855369999999937
 30
0
 11
72.9322279999999949
 21
-105.5455520000000007
 31
0
  0
LINE
  5
761
330
1B
100
AcDbEntity
  8
F.Cu
  6
CONTINUOUS
100
AcDbLine
 10
72.9322279999999949
 20
-105.5455520000000007
 30
0
 11
72.7784139999999979
 21
-105.5761479999999892
 31
0
  0
LINE
  5
762
330
1B
100
AcDbEntity
  8
F.Cu
  6
CONTINUOUS
100
AcDbLine
 10
72.7784139999999979
 20
-105.5761479999999892
 30
0
 11
72.6215859999999935
 21
-105.5761479999999892
 31
0
  0
LINE
  5
763
330
1B
100
AcDbEntity
  8
F.Cu
  6
CONTINUOUS
100
AcDbLine
 10
72.6215859999999935
 20
-105.5761479999999892
 30
0
 11
72.4677719999999965
 21
-105.5455520000000007
 31
0
  0
LINE
  5
764
330
1B
100
AcDbEntity
  8
F.Cu
  6
CONTINUOUS
100
AcDbLine
 10
72.4677719999999965
 20
-105.5455520000000007
 30
0
 11
72.3228829999999903
 21
-105.4855369999999937
 31
0
  0
LINE
  5
765
330
1B
100
AcDbEntity
  8
F.Cu
  6
CONTINUOUS
100
AcDbLine
 10
72.3228829999999903
 20
-105.4855369999999937
 30
0
 11
72.1924849999999907
 21
-105.3984079999999892
 31
0
  0
LINE
  5
766
330
1B
100
AcDbEntity
  8
F.Cu
  6
CONTINUOUS
100
AcDbLine
 10
72.1924849999999907
 20
-105.3984079999999892
 30
0
 11
72.0815920000000006
 21
-105.2875149999999991
 31
0
  0
LINE
  5
767
330
1B
100
AcDbEntity
  8
F.Cu
  6
CONTINUOUS
100
AcDbLine
 10
72.0815920000000006
 20
-105.2875149999999991
 30
0
 11
71.9944629999999961
 21
-105.1571169999999995
 31
0
  0
LINE
  5
768
330
1B
100
AcDbEntity
  8
F.Cu
  6
CONTINUOUS
100
AcDbLine
 10
71.9944629999999961
 20
-105.1571169999999995
 30
0
 11
71.9344480000000033
 21
-105.0122279999999932
 31
0
  0
LINE
  5
769
330
1B
100
AcDbEntity
  8
F.Cu
  6
CONTINUOUS
100
AcDbLine
 10
71.9344480000000033
 20
-105.0122279999999932
 30
0
 11
71.9038520000000005
 21
-104.8584139999999962
 31
0
  0
LINE
  5
76A
330
1B
100
AcDbEntity
  8
F.Cu
  6
CONTINUOUS
100
AcDbLine
 10
71.9038520000000005
 20
-104.8584139999999962
 30
0
 11
71.8999999999999915
 21
-104.7800000000000011
 31
0
  0
LINE
  5
76B
330
1B
100
AcDbEntity
  8
F.Cu
  6
CONTINUOUS
100
AcDbLine
 10
71.8999999999999915
 20
-104.7800000000000011
 30
0
 11
71.8999999999999915
 21
-103.9799999999999898
 31
0
  0
LINE
  5
76C
330
1B
100
AcDbEntity
  8
F.Cu
  6
CONTINUOUS
100
AcDbLine
 10
71.8999999999999915
 20
-103.9799999999999898
 30
0
 11
71.9038520000000005
 21
-103.9015859999999947
 31
0
  0
LINE
  5
76D
330
1B
100
AcDbEntity
  8
F.Cu
  6
CONTINUOUS
100
AcDbLine
 10
71.9038520000000005
 20
-103.9015859999999947
 30
0
 11
71.9344480000000033
 21
-103.7477719999999977
 31
0
  0
LINE
  5
76E
330
1B
100
AcDbEntity
  8
F.Cu
  6
CONTINUOUS
100
AcDbLine
 10
71.9344480000000033
 20
-103.7477719999999977
 30
0
 11
71.9944629999999961
 21
-103.6028829999999914
 31
0
  0
LINE
  5
76F
330
1B
100
AcDbEntity
  8
F.Cu
  6
CONTINUOUS
100
AcDbLine
 10
71.9944629999999961
 20
-103.6028829999999914
 30
0
 11
72.0815920000000006
 21
-103.4724849999999918
 31
0
  0
LINE
  5
770
330
1B
100
AcDbEntity
  8
F.Cu
  6
CONTINUOUS
100
AcDbLine
 10
72.0815920000000006
 20
-103.4724849999999918
 30
0
 11
72.1924849999999907
 21
-103.3615920000000017
 31
0
  0
LINE
  5
771
330
1B
100
AcDbEntity
  8
F.Cu
  6
CONTINUOUS
100
AcDbLine
 10
72.1924849999999907
 20
-103.3615920000000017
 30
0
 11
72.3228829999999903
 21
-103.2744629999999972
 31
0
  0
LINE
  5
772
330
1B
100
AcDbEntity
  8
F.Cu
  6
CONTINUOUS
100
AcDbLine
 10
72.3228829999999903
 20
-103.2744629999999972
 30
0
 11
72.4677719999999965
 21
-103.2144479999999902
 31
0
  0
LINE
  5
773
330
1B
100
AcDbEntity
  8
F.Cu
  6
CONTINUOUS
100
AcDbLine
 10
72.4677719999999965
 20
-103.2144479999999902
 30
0
 11
72.6215859999999935
 21
-103.1838520000000017
 31
0
  0
LINE
  5
774
330
1B
100
AcDbEntity
  8
F.Cu
  6
CONTINUOUS
100
AcDbLine
 10
72.6215859999999935
 20
-103.1838520000000017
 30
0
 11
72.7784139999999979
 21
-103.1838520000000017
 31
0
  0
LINE
  5
775
330
1B
100
AcDbEntity
  8
F.Cu
  6
CONTINUOUS
100
AcDbLine
 10
72.7784139999999979
 20
-103.1838520000000017
 30
0
 11
72.9322279999999949
 21
-103.2144479999999902
 31
0
  0
LINE
  5
776
330
1B
100
AcDbEntity
  8
F.Cu
  6
CONTINUOUS
100
AcDbLine
 10
75.4722280000000012
 20
-103.2144479999999902
 30
0
 11
75.6171169999999933
 21
-103.2744629999999972
 31
0
  0
LINE
  5
777
330
1B
100
AcDbEntity
  8
F.Cu
  6
CONTINUOUS
100
AcDbLine
 10
75.6171169999999933
 20
-103.2744629999999972
 30
0
 11
75.7475149999999928
 21
-103.3615920000000017
 31
0
  0
LINE
  5
778
330
1B
100
AcDbEntity
  8
F.Cu
  6
CONTINUOUS
100
AcDbLine
 10
75.7475149999999928
 20
-103.3615920000000017
 30
0
 11
75.8584079999999972
 21
-103.4724849999999918
 31
0
  0
LINE
  5
779
330
1B
100
AcDbEntity
  8
F.Cu
  6
CONTINUOUS
100
AcDbLine
 10
75.8584079999999972
 20
-103.4724849999999918
 30
0
 11
75.9455370000000016
 21
-103.6028829999999914
 31
0
  0
LINE
  5
77A
330
1B
100
AcDbEntity
  8
F.Cu
  6
CONTINUOUS
100
AcDbLine
 10
75.9455370000000016
 20
-103.6028829999999914
 30
0
 11
76.0055519999999945
 21
-103.7477719999999977
 31
0
  0
LINE
  5
77B
330
1B
100
AcDbEntity
  8
F.Cu
  6
CONTINUOUS
100
AcDbLine
 10
76.0055519999999945
 20
-103.7477719999999977
 30
0
 11
76.0361479999999972
 21
-103.9015859999999947
 31
0
  0
LINE
  5
77C
330
1B
100
AcDbEntity
  8
F.Cu
  6
CONTINUOUS
100
AcDbLine
 10
76.0361479999999972
 20
-103.9015859999999947
 30
0
 11
76.039999999999992
 21
-103.9799999999999898
 31
0
  0
LINE
  5
77D
330
1B
100
AcDbEntity
  8
F.Cu
  6
CONTINUOUS
100
AcDbLine
 10
76.039999999999992
 20
-103.9799999999999898
 30
0
 11
76.039999999999992
 21
-104.7800000000000011
 31
0
  0
LINE
  5
77E
330
1B
100
AcDbEntity
  8
F.Cu
  6
CONTINUOUS
100
AcDbLine
 10
76.039999999999992
 20
-104.7800000000000011
 30
0
 11
76.0361479999999972
 21
-104.8584139999999962
 31
0
  0
LINE
  5
77F
330
1B
100
AcDbEntity
  8
F.Cu
  6
CONTINUOUS
100
AcDbLine
 10
76.0361479999999972
 20
-104.8584139999999962
 30
0
 11
76.0055519999999945
 21
-105.0122279999999932
 31
0
  0
LINE
  5
780
330
1B
100
AcDbEntity
  8
F.Cu
  6
CONTINUOUS
100
AcDbLine
 10
76.0055519999999945
 20
-105.0122279999999932
 30
0
 11
75.9455370000000016
 21
-105.1571169999999995
 31
0
  0
LINE
  5
781
330
1B
100
AcDbEntity
  8
F.Cu
  6
CONTINUOUS
100
AcDbLine
 10
75.9455370000000016
 20
-105.1571169999999995
 30
0
 11
75.8584079999999972
 21
-105.2875149999999991
 31
0
  0
LINE
  5
782
330
1B
100
AcDbEntity
  8
F.Cu
  6
CONTINUOUS
100
AcDbLine
 10
75.8584079999999972
 20
-105.2875149999999991
 30
0
 11
75.7475149999999928
 21
-105.3984079999999892
 31
0
  0
LINE
  5
783
330
1B
100
AcDbEntity
  8
F.Cu
  6
CONTINUOUS
100
AcDbLine
 10
75.7475149999999928
 20
-105.3984079999999892
 30
0
 11
75.6171169999999933
 21
-105.4855369999999937
 31
0
  0
LINE
  5
784
330
1B
100
AcDbEntity
  8
F.Cu
  6
CONTINUOUS
100
AcDbLine
 10
75.6171169999999933
 20
-105.4855369999999937
 30
0
 11
75.4722280000000012
 21
-105.5455520000000007
 31
0
  0
LINE
  5
785
330
1B
100
AcDbEntity
  8
F.Cu
  6
CONTINUOUS
100
AcDbLine
 10
75.4722280000000012
 20
-105.5455520000000007
 30
0
 11
75.31841399999999
 21
-105.5761479999999892
 31
0
  0
LINE
  5
786
330
1B
100
AcDbEntity
  8
F.Cu
  6
CONTINUOUS
100
AcDbLine
 10
75.31841399999999
 20
-105.5761479999999892
 30
0
 11
75.1615859999999998
 21
-105.5761479999999892
 31
0
  0
LINE
  5
787
330
1B
100
AcDbEntity
  8
F.Cu
  6
CONTINUOUS
100
AcDbLine
 10
75.1615859999999998
 20
-105.5761479999999892
 30
0
 11
75.0077720000000028
 21
-105.5455520000000007
 31
0
  0
LINE
  5
788
330
1B
100
AcDbEntity
  8
F.Cu
  6
CONTINUOUS
100
AcDbLine
 10
75.0077720000000028
 20
-105.5455520000000007
 30
0
 11
74.8628829999999965
 21
-105.4855369999999937
 31
0
  0
LINE
  5
789
330
1B
100
AcDbEntity
  8
F.Cu
  6
CONTINUOUS
100
AcDbLine
 10
74.8628829999999965
 20
-105.4855369999999937
 30
0
 11
74.7324849999999969
 21
-105.3984079999999892
 31
0
  0
LINE
  5
78A
330
1B
100
AcDbEntity
  8
F.Cu
  6
CONTINUOUS
100
AcDbLine
 10
74.7324849999999969
 20
-105.3984079999999892
 30
0
 11
74.6215919999999926
 21
-105.2875149999999991
 31
0
  0
LINE
  5
78B
330
1B
100
AcDbEntity
  8
F.Cu
  6
CONTINUOUS
100
AcDbLine
 10
74.6215919999999926
 20
-105.2875149999999991
 30
0
 11
74.5344630000000024
 21
-105.1571169999999995
 31
0
  0
LINE
  5
78C
330
1B
100
AcDbEntity
  8
F.Cu
  6
CONTINUOUS
100
AcDbLine
 10
74.5344630000000024
 20
-105.1571169999999995
 30
0
 11
74.4744479999999953
 21
-105.0122279999999932
 31
0
  0
LINE
  5
78D
330
1B
100
AcDbEntity
  8
F.Cu
  6
CONTINUOUS
100
AcDbLine
 10
74.4744479999999953
 20
-105.0122279999999932
 30
0
 11
74.4438519999999926
 21
-104.8584139999999962
 31
0
  0
LINE
  5
78E
330
1B
100
AcDbEntity
  8
F.Cu
  6
CONTINUOUS
100
AcDbLine
 10
74.4438519999999926
 20
-104.8584139999999962
 30
0
 11
74.4399999999999977
 21
-104.7800000000000011
 31
0
  0
LINE
  5
78F
330
1B
100
AcDbEntity
  8
F.Cu
  6
CONTINUOUS
100
AcDbLine
 10
74.4399999999999977
 20
-104.7800000000000011
 30
0
 11
74.4399999999999977
 21
-103.9799999999999898
 31
0
  0
LINE
  5
790
330
1B
100
AcDbEntity
  8
F.Cu
  6
CONTINUOUS
100
AcDbLine
 10
74.4399999999999977
 20
-103.9799999999999898
 30
0
 11
74.4438519999999926
 21
-103.9015859999999947
 31
0
  0
LINE
  5
791
330
1B
100
AcDbEntity
  8
F.Cu
  6
CONTINUOUS
100
AcDbLine
 10
74.4438519999999926
 20
-103.9015859999999947
 30
0
 11
74.4744479999999953
 21
-103.7477719999999977
 31
0
  0
LINE
  5
792
330
1B
100
AcDbEntity
  8
F.Cu
  6
CONTINUOUS
100
AcDbLine
 10
74.4744479999999953
 20
-103.7477719999999977
 30
0
 11
74.5344630000000024
 21
-103.6028829999999914
 31
0
  0
LINE
  5
793
330
1B
100
AcDbEntity
  8
F.Cu
  6
CONTINUOUS
100
AcDbLine
 10
74.5344630000000024
 20
-103.6028829999999914
 30
0
 11
74.6215919999999926
 21
-103.4724849999999918
 31
0
  0
LINE
  5
794
330
1B
100
AcDbEntity
  8
F.Cu
  6
CONTINUOUS
100
AcDbLine
 10
74.6215919999999926
 20
-103.4724849999999918
 30
0
 11
74.7324849999999969
 21
-103.3615920000000017
 31
0
  0
LINE
  5
795
330
1B
100
AcDbEntity
  8
F.Cu
  6
CONTINUOUS
100
AcDbLine
 10
74.7324849999999969
 20
-103.3615920000000017
 30
0
 11
74.8628829999999965
 21
-103.2744629999999972
 31
0
  0
LINE
  5
796
330
1B
100
AcDbEntity
  8
F.Cu
  6
CONTINUOUS
100
AcDbLine
 10
74.8628829999999965
 20
-103.2744629999999972
 30
0
 11
75.0077720000000028
 21
-103.2144479999999902
 31
0
  0
LINE
  5
797
330
1B
100
AcDbEntity
  8
F.Cu
  6
CONTINUOUS
100
AcDbLine
 10
75.0077720000000028
 20
-103.2144479999999902
 30
0
 11
75.1615859999999998
 21
-103.1838520000000017
 31
0
  0
LINE
  5
798
330
1B
100
AcDbEntity
  8
F.Cu
  6
CONTINUOUS
100
AcDbLine
 10
75.1615859999999998
 20
-103.1838520000000017
 30
0
 11
75.31841399999999
 21
-103.1838520000000017
 31
0
  0
LINE
  5
799
330
1B
100
AcDbEntity
  8
F.Cu
  6
CONTINUOUS
100
AcDbLine
 10
75.31841399999999
 20
-103.1838520000000017
 30
0
 11
75.4722280000000012
 21
-103.2144479999999902
 31
0
  0
LINE
  5
79A
330
1B
100
AcDbEntity
  8
F.Cu
  6
CONTINUOUS
100
AcDbLine
 10
78.0122279999999932
 20
-103.2144479999999902
 30
0
 11
78.1571169999999995
 21
-103.2744629999999972
 31
0
  0
LINE
  5
79B
330
1B
100
AcDbEntity
  8
F.Cu
  6
CONTINUOUS
100
AcDbLine
 10
78.1571169999999995
 20
-103.2744629999999972
 30
0
 11
78.2875149999999991
 21
-103.3615920000000017
 31
0
  0
LINE
  5
79C
330
1B
100
AcDbEntity
  8
F.Cu
  6
CONTINUOUS
100
AcDbLine
 10
78.2875149999999991
 20
-103.3615920000000017
 30
0
 11
78.3984080000000034
 21
-103.4724849999999918
 31
0
  0
LINE
  5
79D
330
1B
100
AcDbEntity
  8
F.Cu
  6
CONTINUOUS
100
AcDbLine
 10
78.3984080000000034
 20
-103.4724849999999918
 30
0
 11
78.4855369999999937
 21
-103.6028829999999914
 31
0
  0
LINE
  5
79E
330
1B
100
AcDbEntity
  8
F.Cu
  6
CONTINUOUS
100
AcDbLine
 10
78.4855369999999937
 20
-103.6028829999999914
 30
0
 11
78.5455520000000007
 21
-103.7477719999999977
 31
0
  0
LINE
  5
79F
330
1B
100
AcDbEntity
  8
F.Cu
  6
CONTINUOUS
100
AcDbLine
 10
78.5455520000000007
 20
-103.7477719999999977
 30
0
 11
78.5761480000000034
 21
-103.9015859999999947
 31
0
  0
LINE
  5
7A0
330
1B
100
AcDbEntity
  8
F.Cu
  6
CONTINUOUS
100
AcDbLine
 10
78.5761480000000034
 20
-103.9015859999999947
 30
0
 11
78.5799999999999983
 21
-103.9799999999999898
 31
0
  0
LINE
  5
7A1
330
1B
100
AcDbEntity
  8
F.Cu
  6
CONTINUOUS
100
AcDbLine
 10
78.5799999999999983
 20
-103.9799999999999898
 30
0
 11
78.5799999999999983
 21
-104.7800000000000011
 31
0
  0
LINE
  5
7A2
330
1B
100
AcDbEntity
  8
F.Cu
  6
CONTINUOUS
100
AcDbLine
 10
78.5799999999999983
 20
-104.7800000000000011
 30
0
 11
78.5761480000000034
 21
-104.8584139999999962
 31
0
  0
LINE
  5
7A3
330
1B
100
AcDbEntity
  8
F.Cu
  6
CONTINUOUS
100
AcDbLine
 10
78.5761480000000034
 20
-104.8584139999999962
 30
0
 11
78.5455520000000007
 21
-105.0122279999999932
 31
0
  0
LINE
  5
7A4
330
1B
100
AcDbEntity
  8
F.Cu
  6
CONTINUOUS
100
AcDbLine
 10
78.5455520000000007
 20
-105.0122279999999932
 30
0
 11
78.4855369999999937
 21
-105.1571169999999995
 31
0
  0
LINE
  5
7A5
330
1B
100
AcDbEntity
  8
F.Cu
  6
CONTINUOUS
100
AcDbLine
 10
78.4855369999999937
 20
-105.1571169999999995
 30
0
 11
78.3984080000000034
 21
-105.2875149999999991
 31
0
  0
LINE
  5
7A6
330
1B
100
AcDbEntity
  8
F.Cu
  6
CONTINUOUS
100
AcDbLine
 10
78.3984080000000034
 20
-105.2875149999999991
 30
0
 11
78.2875149999999991
 21
-105.3984079999999892
 31
0
  0
LINE
  5
7A7
330
1B
100
AcDbEntity
  8
F.Cu
  6
CONTINUOUS
100
AcDbLine
 10
78.2875149999999991
 20
-105.3984079999999892
 30
0
 11
78.1571169999999995
 21
-105.4855369999999937
 31
0
  0
LINE
  5
7A8
330
1B
100
AcDbEntity
  8
F.Cu
  6
CONTINUOUS
100
AcDbLine
 10
78.1571169999999995
 20
-105.4855369999999937
 30
0
 11
78.0122279999999932
 21
-105.5455520000000007
 31
0
  0
LINE
  5
7A9
330
1B
100
AcDbEntity
  8
F.Cu
  6
CONTINUOUS
100
AcDbLine
 10
78.0122279999999932
 20
-105.5455520000000007
 30
0
 11
77.8584139999999962
 21
-105.5761479999999892
 31
0
  0
LINE
  5
7AA
330
1B
100
AcDbEntity
  8
F.Cu
  6
CONTINUOUS
100
AcDbLine
 10
77.8584139999999962
 20
-105.5761479999999892
 30
0
 11
77.7015859999999918
 21
-105.5761479999999892
 31
0
  0
LINE
  5
7AB
330
1B
100
AcDbEntity
  8
F.Cu
  6
CONTINUOUS
100
AcDbLine
 10
77.7015859999999918
 20
-105.5761479999999892
 30
0
 11
77.5477719999999948
 21
-105.5455520000000007
 31
0
  0
LINE
  5
7AC
330
1B
100
AcDbEntity
  8
F.Cu
  6
CONTINUOUS
100
AcDbLine
 10
77.5477719999999948
 20
-105.5455520000000007
 30
0
 11
77.4028830000000028
 21
-105.4855369999999937
 31
0
  0
LINE
  5
7AD
330
1B
100
AcDbEntity
  8
F.Cu
  6
CONTINUOUS
100
AcDbLine
 10
77.4028830000000028
 20
-105.4855369999999937
 30
0
 11
77.2724850000000032
 21
-105.3984079999999892
 31
0
  0
LINE
  5
7AE
330
1B
100
AcDbEntity
  8
F.Cu
  6
CONTINUOUS
100
AcDbLine
 10
77.2724850000000032
 20
-105.3984079999999892
 30
0
 11
77.1615919999999988
 21
-105.2875149999999991
 31
0
  0
LINE
  5
7AF
330
1B
100
AcDbEntity
  8
F.Cu
  6
CONTINUOUS
100
AcDbLine
 10
77.1615919999999988
 20
-105.2875149999999991
 30
0
 11
77.0744629999999944
 21
-105.1571169999999995
 31
0
  0
LINE
  5
7B0
330
1B
100
AcDbEntity
  8
F.Cu
  6
CONTINUOUS
100
AcDbLine
 10
77.0744629999999944
 20
-105.1571169999999995
 30
0
 11
77.0144480000000016
 21
-105.0122279999999932
 31
0
  0
LINE
  5
7B1
330
1B
100
AcDbEntity
  8
F.Cu
  6
CONTINUOUS
100
AcDbLine
 10
77.0144480000000016
 20
-105.0122279999999932
 30
0
 11
76.9838519999999988
 21
-104.8584139999999962
 31
0
  0
LINE
  5
7B2
330
1B
100
AcDbEntity
  8
F.Cu
  6
CONTINUOUS
100
AcDbLine
 10
76.9838519999999988
 20
-104.8584139999999962
 30
0
 11
76.9799999999999898
 21
-104.7800000000000011
 31
0
  0
LINE
  5
7B3
330
1B
100
AcDbEntity
  8
F.Cu
  6
CONTINUOUS
100
AcDbLine
 10
76.9799999999999898
 20
-104.7800000000000011
 30
0
 11
76.9799999999999898
 21
-103.9799999999999898
 31
0
  0
LINE
  5
7B4
330
1B
100
AcDbEntity
  8
F.Cu
  6
CONTINUOUS
100
AcDbLine
 10
76.9799999999999898
 20
-103.9799999999999898
 30
0
 11
76.9838519999999988
 21
-103.9015859999999947
 31
0
  0
LINE
  5
7B5
330
1B
100
AcDbEntity
  8
F.Cu
  6
CONTINUOUS
100
AcDbLine
 10
76.9838519999999988
 20
-103.9015859999999947
 30
0
 11
77.0144480000000016
 21
-103.7477719999999977
 31
0
  0
LINE
  5
7B6
330
1B
100
AcDbEntity
  8
F.Cu
  6
CONTINUOUS
100
AcDbLine
 10
77.0144480000000016
 20
-103.7477719999999977
 30
0
 11
77.0744629999999944
 21
-103.6028829999999914
 31
0
  0
LINE
  5
7B7
330
1B
100
AcDbEntity
  8
F.Cu
  6
CONTINUOUS
100
AcDbLine
 10
77.0744629999999944
 20
-103.6028829999999914
 30
0
 11
77.1615919999999988
 21
-103.4724849999999918
 31
0
  0
LINE
  5
7B8
330
1B
100
AcDbEntity
  8
F.Cu
  6
CONTINUOUS
100
AcDbLine
 10
77.1615919999999988
 20
-103.4724849999999918
 30
0
 11
77.2724850000000032
 21
-103.3615920000000017
 31
0
  0
LINE
  5
7B9
330
1B
100
AcDbEntity
  8
F.Cu
  6
CONTINUOUS
100
AcDbLine
 10
77.2724850000000032
 20
-103.3615920000000017
 30
0
 11
77.4028830000000028
 21
-103.2744629999999972
 31
0
  0
LINE
  5
7BA
330
1B
100
AcDbEntity
  8
F.Cu
  6
CONTINUOUS
100
AcDbLine
 10
77.4028830000000028
 20
-103.2744629999999972
 30
0
 11
77.5477719999999948
 21
-103.2144479999999902
 31
0
  0
LINE
  5
7BB
330
1B
100
AcDbEntity
  8
F.Cu
  6
CONTINUOUS
100
AcDbLine
 10
77.5477719999999948
 20
-103.2144479999999902
 30
0
 11
77.7015859999999918
 21
-103.1838520000000017
 31
0
  0
LINE
  5
7BC
330
1B
100
AcDbEntity
  8
F.Cu
  6
CONTINUOUS
100
AcDbLine
 10
77.7015859999999918
 20
-103.1838520000000017
 30
0
 11
77.8584139999999962
 21
-103.1838520000000017
 31
0
  0
LINE
  5
7BD
330
1B
100
AcDbEntity
  8
F.Cu
  6
CONTINUOUS
100
AcDbLine
 10
77.8584139999999962
 20
-103.1838520000000017
 30
0
 11
78.0122279999999932
 21
-103.2144479999999902
 31
0
  0
LINE
  5
7BE
330
1B
100
AcDbEntity
  8
F.Cu
  6
CONTINUOUS
100
AcDbLine
 10
52.2322279999999992
 20
-103.6144479999999959
 30
0
 11
52.3771169999999984
 21
-103.6744629999999887
 31
0
  0
LINE
  5
7BF
330
1B
100
AcDbEntity
  8
F.Cu
  6
CONTINUOUS
100
AcDbLine
 10
52.3771169999999984
 20
-103.6744629999999887
 30
0
 11
52.5075149999999979
 21
-103.7615919999999932
 31
0
  0
LINE
  5
7C0
330
1B
100
AcDbEntity
  8
F.Cu
  6
CONTINUOUS
100
AcDbLine
 10
52.5075149999999979
 20
-103.7615919999999932
 30
0
 11
52.6184079999999952
 21
-103.8724849999999975
 31
0
  0
LINE
  5
7C1
330
1B
100
AcDbEntity
  8
F.Cu
  6
CONTINUOUS
100
AcDbLine
 10
52.6184079999999952
 20
-103.8724849999999975
 30
0
 11
52.7055369999999996
 21
-104.0028829999999971
 31
0
  0
LINE
  5
7C2
330
1B
100
AcDbEntity
  8
F.Cu
  6
CONTINUOUS
100
AcDbLine
 10
52.7055369999999996
 20
-104.0028829999999971
 30
0
 11
52.7655519999999996
 21
-104.1477719999999891
 31
0
  0
LINE
  5
7C3
330
1B
100
AcDbEntity
  8
F.Cu
  6
CONTINUOUS
100
AcDbLine
 10
52.7655519999999996
 20
-104.1477719999999891
 30
0
 11
52.7961479999999952
 21
-104.3015860000000004
 31
0
  0
LINE
  5
7C4
330
1B
100
AcDbEntity
  8
F.Cu
  6
CONTINUOUS
100
AcDbLine
 10
52.7961479999999952
 20
-104.3015860000000004
 30
0
 11
52.7961479999999952
 21
-104.4584139999999906
 31
0
  0
LINE
  5
7C5
330
1B
100
AcDbEntity
  8
F.Cu
  6
CONTINUOUS
100
AcDbLine
 10
52.7961479999999952
 20
-104.4584139999999906
 30
0
 11
52.7655519999999996
 21
-104.6122280000000018
 31
0
  0
LINE
  5
7C6
330
1B
100
AcDbEntity
  8
F.Cu
  6
CONTINUOUS
100
AcDbLine
 10
52.7655519999999996
 20
-104.6122280000000018
 30
0
 11
52.7055369999999996
 21
-104.7571169999999938
 31
0
  0
LINE
  5
7C7
330
1B
100
AcDbEntity
  8
F.Cu
  6
CONTINUOUS
100
AcDbLine
 10
52.7055369999999996
 20
-104.7571169999999938
 30
0
 11
52.6184079999999952
 21
-104.8875149999999934
 31
0
  0
LINE
  5
7C8
330
1B
100
AcDbEntity
  8
F.Cu
  6
CONTINUOUS
100
AcDbLine
 10
52.6184079999999952
 20
-104.8875149999999934
 30
0
 11
52.5075149999999979
 21
-104.9984079999999977
 31
0
  0
LINE
  5
7C9
330
1B
100
AcDbEntity
  8
F.Cu
  6
CONTINUOUS
100
AcDbLine
 10
52.5075149999999979
 20
-104.9984079999999977
 30
0
 11
52.3771169999999984
 21
-105.0855370000000022
 31
0
  0
LINE
  5
7CA
330
1B
100
AcDbEntity
  8
F.Cu
  6
CONTINUOUS
100
AcDbLine
 10
52.3771169999999984
 20
-105.0855370000000022
 30
0
 11
52.2322279999999992
 21
-105.145551999999995
 31
0
  0
LINE
  5
7CB
330
1B
100
AcDbEntity
  8
F.Cu
  6
CONTINUOUS
100
AcDbLine
 10
52.2322279999999992
 20
-105.145551999999995
 30
0
 11
52.0784139999999951
 21
-105.1761479999999978
 31
0
  0
LINE
  5
7CC
330
1B
100
AcDbEntity
  8
F.Cu
  6
CONTINUOUS
100
AcDbLine
 10
52.0784139999999951
 20
-105.1761479999999978
 30
0
 11
51.9215859999999978
 21
-105.1761479999999978
 31
0
  0
LINE
  5
7CD
330
1B
100
AcDbEntity
  8
F.Cu
  6
CONTINUOUS
100
AcDbLine
 10
51.9215859999999978
 20
-105.1761479999999978
 30
0
 11
51.7677720000000008
 21
-105.145551999999995
 31
0
  0
LINE
  5
7CE
330
1B
100
AcDbEntity
  8
F.Cu
  6
CONTINUOUS
100
AcDbLine
 10
51.7677720000000008
 20
-105.145551999999995
 30
0
 11
51.6228829999999945
 21
-105.0855370000000022
 31
0
  0
LINE
  5
7CF
330
1B
100
AcDbEntity
  8
F.Cu
  6
CONTINUOUS
100
AcDbLine
 10
51.6228829999999945
 20
-105.0855370000000022
 30
0
 11
51.492484999999995
 21
-104.9984079999999977
 31
0
  0
LINE
  5
7D0
330
1B
100
AcDbEntity
  8
F.Cu
  6
CONTINUOUS
100
AcDbLine
 10
51.492484999999995
 20
-104.9984079999999977
 30
0
 11
51.3815919999999977
 21
-104.8875149999999934
 31
0
  0
LINE
  5
7D1
330
1B
100
AcDbEntity
  8
F.Cu
  6
CONTINUOUS
100
AcDbLine
 10
51.3815919999999977
 20
-104.8875149999999934
 30
0
 11
51.2944630000000004
 21
-104.7571169999999938
 31
0
  0
LINE
  5
7D2
330
1B
100
AcDbEntity
  8
F.Cu
  6
CONTINUOUS
100
AcDbLine
 10
51.2944630000000004
 20
-104.7571169999999938
 30
0
 11
51.2344480000000004
 21
-104.6122280000000018
 31
0
  0
LINE
  5
7D3
330
1B
100
AcDbEntity
  8
F.Cu
  6
CONTINUOUS
100
AcDbLine
 10
51.2344480000000004
 20
-104.6122280000000018
 30
0
 11
51.2038519999999977
 21
-104.4584139999999906
 31
0
  0
LINE
  5
7D4
330
1B
100
AcDbEntity
  8
F.Cu
  6
CONTINUOUS
100
AcDbLine
 10
51.2038519999999977
 20
-104.4584139999999906
 30
0
 11
51.2038519999999977
 21
-104.3015860000000004
 31
0
  0
LINE
  5
7D5
330
1B
100
AcDbEntity
  8
F.Cu
  6
CONTINUOUS
100
AcDbLine
 10
51.2038519999999977
 20
-104.3015860000000004
 30
0
 11
51.2344480000000004
 21
-104.1477719999999891
 31
0
  0
LINE
  5
7D6
330
1B
100
AcDbEntity
  8
F.Cu
  6
CONTINUOUS
100
AcDbLine
 10
51.2344480000000004
 20
-104.1477719999999891
 30
0
 11
51.2944630000000004
 21
-104.0028829999999971
 31
0
  0
LINE
  5
7D7
330
1B
100
AcDbEntity
  8
F.Cu
  6
CONTINUOUS
100
AcDbLine
 10
51.2944630000000004
 20
-104.0028829999999971
 30
0
 11
51.3815919999999977
 21
-103.8724849999999975
 31
0
  0
LINE
  5
7D8
330
1B
100
AcDbEntity
  8
F.Cu
  6
CONTINUOUS
100
AcDbLine
 10
51.3815919999999977
 20
-103.8724849999999975
 30
0
 11
51.492484999999995
 21
-103.7615919999999932
 31
0
  0
LINE
  5
7D9
330
1B
100
AcDbEntity
  8
F.Cu
  6
CONTINUOUS
100
AcDbLine
 10
51.492484999999995
 20
-103.7615919999999932
 30
0
 11
51.6228829999999945
 21
-103.6744629999999887
 31
0
  0
LINE
  5
7DA
330
1B
100
AcDbEntity
  8
F.Cu
  6
CONTINUOUS
100
AcDbLine
 10
51.6228829999999945
 20
-103.6744629999999887
 30
0
 11
51.7677720000000008
 21
-103.6144479999999959
 31
0
  0
LINE
  5
7DB
330
1B
100
AcDbEntity
  8
F.Cu
  6
CONTINUOUS
100
AcDbLine
 10
51.7677720000000008
 20
-103.6144479999999959
 30
0
 11
51.9215859999999978
 21
-103.5838519999999932
 31
0
  0
LINE
  5
7DC
330
1B
100
AcDbEntity
  8
F.Cu
  6
CONTINUOUS
100
AcDbLine
 10
51.9215859999999978
 20
-103.5838519999999932
 30
0
 11
52.0784139999999951
 21
-103.5838519999999932
 31
0
  0
LINE
  5
7DD
330
1B
100
AcDbEntity
  8
F.Cu
  6
CONTINUOUS
100
AcDbLine
 10
52.0784139999999951
 20
-103.5838519999999932
 30
0
 11
52.2322279999999992
 21
-103.6144479999999959
 31
0
  0
LINE
  5
7DE
330
1B
100
AcDbEntity
  8
F.Cu
  6
CONTINUOUS
100
AcDbLine
 10
57.2322279999999992
 20
-103.6144479999999959
 30
0
 11
57.3771169999999984
 21
-103.6744629999999887
 31
0
  0
LINE
  5
7DF
330
1B
100
AcDbEntity
  8
F.Cu
  6
CONTINUOUS
100
AcDbLine
 10
57.3771169999999984
 20
-103.6744629999999887
 30
0
 11
57.5075149999999979
 21
-103.7615919999999932
 31
0
  0
LINE
  5
7E0
330
1B
100
AcDbEntity
  8
F.Cu
  6
CONTINUOUS
100
AcDbLine
 10
57.5075149999999979
 20
-103.7615919999999932
 30
0
 11
57.6184079999999952
 21
-103.8724849999999975
 31
0
  0
LINE
  5
7E1
330
1B
100
AcDbEntity
  8
F.Cu
  6
CONTINUOUS
100
AcDbLine
 10
57.6184079999999952
 20
-103.8724849999999975
 30
0
 11
57.7055369999999996
 21
-104.0028829999999971
 31
0
  0
LINE
  5
7E2
330
1B
100
AcDbEntity
  8
F.Cu
  6
CONTINUOUS
100
AcDbLine
 10
57.7055369999999996
 20
-104.0028829999999971
 30
0
 11
57.7655519999999996
 21
-104.1477719999999891
 31
0
  0
LINE
  5
7E3
330
1B
100
AcDbEntity
  8
F.Cu
  6
CONTINUOUS
100
AcDbLine
 10
57.7655519999999996
 20
-104.1477719999999891
 30
0
 11
57.7961479999999952
 21
-104.3015860000000004
 31
0
  0
LINE
  5
7E4
330
1B
100
AcDbEntity
  8
F.Cu
  6
CONTINUOUS
100
AcDbLine
 10
57.7961479999999952
 20
-104.3015860000000004
 30
0
 11
57.7961479999999952
 21
-104.4584139999999906
 31
0
  0
LINE
  5
7E5
330
1B
100
AcDbEntity
  8
F.Cu
  6
CONTINUOUS
100
AcDbLine
 10
57.7961479999999952
 20
-104.4584139999999906
 30
0
 11
57.7655519999999996
 21
-104.6122280000000018
 31
0
  0
LINE
  5
7E6
330
1B
100
AcDbEntity
  8
F.Cu
  6
CONTINUOUS
100
AcDbLine
 10
57.7655519999999996
 20
-104.6122280000000018
 30
0
 11
57.7055369999999996
 21
-104.7571169999999938
 31
0
  0
LINE
  5
7E7
330
1B
100
AcDbEntity
  8
F.Cu
  6
CONTINUOUS
100
AcDbLine
 10
57.7055369999999996
 20
-104.7571169999999938
 30
0
 11
57.6184079999999952
 21
-104.8875149999999934
 31
0
  0
LINE
  5
7E8
330
1B
100
AcDbEntity
  8
F.Cu
  6
CONTINUOUS
100
AcDbLine
 10
57.6184079999999952
 20
-104.8875149999999934
 30
0
 11
57.5075149999999979
 21
-104.9984079999999977
 31
0
  0
LINE
  5
7E9
330
1B
100
AcDbEntity
  8
F.Cu
  6
CONTINUOUS
100
AcDbLine
 10
57.5075149999999979
 20
-104.9984079999999977
 30
0
 11
57.3771169999999984
 21
-105.0855370000000022
 31
0
  0
LINE
  5
7EA
330
1B
100
AcDbEntity
  8
F.Cu
  6
CONTINUOUS
100
AcDbLine
 10
57.3771169999999984
 20
-105.0855370000000022
 30
0
 11
57.2322279999999992
 21
-105.145551999999995
 31
0
  0
LINE
  5
7EB
330
1B
100
AcDbEntity
  8
F.Cu
  6
CONTINUOUS
100
AcDbLine
 10
57.2322279999999992
 20
-105.145551999999995
 30
0
 11
57.0784139999999951
 21
-105.1761479999999978
 31
0
  0
LINE
  5
7EC
330
1B
100
AcDbEntity
  8
F.Cu
  6
CONTINUOUS
100
AcDbLine
 10
57.0784139999999951
 20
-105.1761479999999978
 30
0
 11
56.9215859999999978
 21
-105.1761479999999978
 31
0
  0
LINE
  5
7ED
330
1B
100
AcDbEntity
  8
F.Cu
  6
CONTINUOUS
100
AcDbLine
 10
56.9215859999999978
 20
-105.1761479999999978
 30
0
 11
56.7677720000000008
 21
-105.145551999999995
 31
0
  0
LINE
  5
7EE
330
1B
100
AcDbEntity
  8
F.Cu
  6
CONTINUOUS
100
AcDbLine
 10
56.7677720000000008
 20
-105.145551999999995
 30
0
 11
56.6228829999999945
 21
-105.0855370000000022
 31
0
  0
LINE
  5
7EF
330
1B
100
AcDbEntity
  8
F.Cu
  6
CONTINUOUS
100
AcDbLine
 10
56.6228829999999945
 20
-105.0855370000000022
 30
0
 11
56.492484999999995
 21
-104.9984079999999977
 31
0
  0
LINE
  5
7F0
330
1B
100
AcDbEntity
  8
F.Cu
  6
CONTINUOUS
100
AcDbLine
 10
56.492484999999995
 20
-104.9984079999999977
 30
0
 11
56.3815919999999977
 21
-104.8875149999999934
 31
0
  0
LINE
  5
7F1
330
1B
100
AcDbEntity
  8
F.Cu
  6
CONTINUOUS
100
AcDbLine
 10
56.3815919999999977
 20
-104.8875149999999934
 30
0
 11
56.2944630000000004
 21
-104.7571169999999938
 31
0
  0
LINE
  5
7F2
330
1B
100
AcDbEntity
  8
F.Cu
  6
CONTINUOUS
100
AcDbLine
 10
56.2944630000000004
 20
-104.7571169999999938
 30
0
 11
56.2344480000000004
 21
-104.6122280000000018
 31
0
  0
LINE
  5
7F3
330
1B
100
AcDbEntity
  8
F.Cu
  6
CONTINUOUS
100
AcDbLine
 10
56.2344480000000004
 20
-104.6122280000000018
 30
0
 11
56.2038519999999977
 21
-104.4584139999999906
 31
0
  0
LINE
  5
7F4
330
1B
100
AcDbEntity
  8
F.Cu
  6
CONTINUOUS
100
AcDbLine
 10
56.2038519999999977
 20
-104.4584139999999906
 30
0
 11
56.2038519999999977
 21
-104.3015860000000004
 31
0
  0
LINE
  5
7F5
330
1B
100
AcDbEntity
  8
F.Cu
  6
CONTINUOUS
100
AcDbLine
 10
56.2038519999999977
 20
-104.3015860000000004
 30
0
 11
56.2344480000000004
 21
-104.1477719999999891
 31
0
  0
LINE
  5
7F6
330
1B
100
AcDbEntity
  8
F.Cu
  6
CONTINUOUS
100
AcDbLine
 10
56.2344480000000004
 20
-104.1477719999999891
 30
0
 11
56.2944630000000004
 21
-104.0028829999999971
 31
0
  0
LINE
  5
7F7
330
1B
100
AcDbEntity
  8
F.Cu
  6
CONTINUOUS
100
AcDbLine
 10
56.2944630000000004
 20
-104.0028829999999971
 30
0
 11
56.3815919999999977
 21
-103.8724849999999975
 31
0
  0
LINE
  5
7F8
330
1B
100
AcDbEntity
  8
F.Cu
  6
CONTINUOUS
100
AcDbLine
 10
56.3815919999999977
 20
-103.8724849999999975
 30
0
 11
56.492484999999995
 21
-103.7615919999999932
 31
0
  0
LINE
  5
7F9
330
1B
100
AcDbEntity
  8
F.Cu
  6
CONTINUOUS
100
AcDbLine
 10
56.492484999999995
 20
-103.7615919999999932
 30
0
 11
56.6228829999999945
 21
-103.6744629999999887
 31
0
  0
LINE
  5
7FA
330
1B
100
AcDbEntity
  8
F.Cu
  6
CONTINUOUS
100
AcDbLine
 10
56.6228829999999945
 20
-103.6744629999999887
 30
0
 11
56.7677720000000008
 21
-103.6144479999999959
 31
0
  0
LINE
  5
7FB
330
1B
100
AcDbEntity
  8
F.Cu
  6
CONTINUOUS
100
AcDbLine
 10
56.7677720000000008
 20
-103.6144479999999959
 30
0
 11
56.9215859999999978
 21
-103.5838519999999932
 31
0
  0
LINE
  5
7FC
330
1B
100
AcDbEntity
  8
F.Cu
  6
CONTINUOUS
100
AcDbLine
 10
56.9215859999999978
 20
-103.5838519999999932
 30
0
 11
57.0784139999999951
 21
-103.5838519999999932
 31
0
  0
LINE
  5
7FD
330
1B
100
AcDbEntity
  8
F.Cu
  6
CONTINUOUS
100
AcDbLine
 10
57.0784139999999951
 20
-103.5838519999999932
 30
0
 11
57.2322279999999992
 21
-103.6144479999999959
 31
0
  0
LINE
  5
7FE
330
1B
100
AcDbEntity
  8
F.Cu
  6
CONTINUOUS
100
AcDbLine
 10
90.2322279999999921
 20
-103.6144479999999959
 30
0
 11
90.3771169999999984
 21
-103.6744629999999887
 31
0
  0
LINE
  5
7FF
330
1B
100
AcDbEntity
  8
F.Cu
  6
CONTINUOUS
100
AcDbLine
 10
90.3771169999999984
 20
-103.6744629999999887
 30
0
 11
90.5075149999999979
 21
-103.7615919999999932
 31
0
  0
LINE
  5
800
330
1B
100
AcDbEntity
  8
F.Cu
  6
CONTINUOUS
100
AcDbLine
 10
90.5075149999999979
 20
-103.7615919999999932
 30
0
 11
90.6184080000000023
 21
-103.8724849999999975
 31
0
  0
LINE
  5
801
330
1B
100
AcDbEntity
  8
F.Cu
  6
CONTINUOUS
100
AcDbLine
 10
90.6184080000000023
 20
-103.8724849999999975
 30
0
 11
90.7055369999999925
 21
-104.0028829999999971
 31
0
  0
LINE
  5
802
330
1B
100
AcDbEntity
  8
F.Cu
  6
CONTINUOUS
100
AcDbLine
 10
90.7055369999999925
 20
-104.0028829999999971
 30
0
 11
90.7655519999999996
 21
-104.1477719999999891
 31
0
  0
LINE
  5
803
330
1B
100
AcDbEntity
  8
F.Cu
  6
CONTINUOUS
100
AcDbLine
 10
90.7655519999999996
 20
-104.1477719999999891
 30
0
 11
90.7961480000000023
 21
-104.3015860000000004
 31
0
  0
LINE
  5
804
330
1B
100
AcDbEntity
  8
F.Cu
  6
CONTINUOUS
100
AcDbLine
 10
90.7961480000000023
 20
-104.3015860000000004
 30
0
 11
90.7961480000000023
 21
-104.4584139999999906
 31
0
  0
LINE
  5
805
330
1B
100
AcDbEntity
  8
F.Cu
  6
CONTINUOUS
100
AcDbLine
 10
90.7961480000000023
 20
-104.4584139999999906
 30
0
 11
90.7655519999999996
 21
-104.6122280000000018
 31
0
  0
LINE
  5
806
330
1B
100
AcDbEntity
  8
F.Cu
  6
CONTINUOUS
100
AcDbLine
 10
90.7655519999999996
 20
-104.6122280000000018
 30
0
 11
90.7055369999999925
 21
-104.7571169999999938
 31
0
  0
LINE
  5
807
330
1B
100
AcDbEntity
  8
F.Cu
  6
CONTINUOUS
100
AcDbLine
 10
90.7055369999999925
 20
-104.7571169999999938
 30
0
 11
90.6184080000000023
 21
-104.8875149999999934
 31
0
  0
LINE
  5
808
330
1B
100
AcDbEntity
  8
F.Cu
  6
CONTINUOUS
100
AcDbLine
 10
90.6184080000000023
 20
-104.8875149999999934
 30
0
 11
90.5075149999999979
 21
-104.9984079999999977
 31
0
  0
LINE
  5
809
330
1B
100
AcDbEntity
  8
F.Cu
  6
CONTINUOUS
100
AcDbLine
 10
90.5075149999999979
 20
-104.9984079999999977
 30
0
 11
90.3771169999999984
 21
-105.0855370000000022
 31
0
  0
LINE
  5
80A
330
1B
100
AcDbEntity
  8
F.Cu
  6
CONTINUOUS
100
AcDbLine
 10
90.3771169999999984
 20
-105.0855370000000022
 30
0
 11
90.2322279999999921
 21
-105.145551999999995
 31
0
  0
LINE
  5
80B
330
1B
100
AcDbEntity
  8
F.Cu
  6
CONTINUOUS
100
AcDbLine
 10
90.2322279999999921
 20
-105.145551999999995
 30
0
 11
90.0784139999999951
 21
-105.1761479999999978
 31
0
  0
LINE
  5
80C
330
1B
100
AcDbEntity
  8
F.Cu
  6
CONTINUOUS
100
AcDbLine
 10
90.0784139999999951
 20
-105.1761479999999978
 30
0
 11
89.9215859999999907
 21
-105.1761479999999978
 31
0
  0
LINE
  5
80D
330
1B
100
AcDbEntity
  8
F.Cu
  6
CONTINUOUS
100
AcDbLine
 10
89.9215859999999907
 20
-105.1761479999999978
 30
0
 11
89.7677719999999937
 21
-105.145551999999995
 31
0
  0
LINE
  5
80E
330
1B
100
AcDbEntity
  8
F.Cu
  6
CONTINUOUS
100
AcDbLine
 10
89.7677719999999937
 20
-105.145551999999995
 30
0
 11
89.6228830000000016
 21
-105.0855370000000022
 31
0
  0
LINE
  5
80F
330
1B
100
AcDbEntity
  8
F.Cu
  6
CONTINUOUS
100
AcDbLine
 10
89.6228830000000016
 20
-105.0855370000000022
 30
0
 11
89.4924850000000021
 21
-104.9984079999999977
 31
0
  0
LINE
  5
810
330
1B
100
AcDbEntity
  8
F.Cu
  6
CONTINUOUS
100
AcDbLine
 10
89.4924850000000021
 20
-104.9984079999999977
 30
0
 11
89.3815919999999977
 21
-104.8875149999999934
 31
0
  0
LINE
  5
811
330
1B
100
AcDbEntity
  8
F.Cu
  6
CONTINUOUS
100
AcDbLine
 10
89.3815919999999977
 20
-104.8875149999999934
 30
0
 11
89.2944629999999933
 21
-104.7571169999999938
 31
0
  0
LINE
  5
812
330
1B
100
AcDbEntity
  8
F.Cu
  6
CONTINUOUS
100
AcDbLine
 10
89.2944629999999933
 20
-104.7571169999999938
 30
0
 11
89.2344480000000004
 21
-104.6122280000000018
 31
0
  0
LINE
  5
813
330
1B
100
AcDbEntity
  8
F.Cu
  6
CONTINUOUS
100
AcDbLine
 10
89.2344480000000004
 20
-104.6122280000000018
 30
0
 11
89.2038519999999977
 21
-104.4584139999999906
 31
0
  0
LINE
  5
814
330
1B
100
AcDbEntity
  8
F.Cu
  6
CONTINUOUS
100
AcDbLine
 10
89.2038519999999977
 20
-104.4584139999999906
 30
0
 11
89.2038519999999977
 21
-104.3015860000000004
 31
0
  0
LINE
  5
815
330
1B
100
AcDbEntity
  8
F.Cu
  6
CONTINUOUS
100
AcDbLine
 10
89.2038519999999977
 20
-104.3015860000000004
 30
0
 11
89.2344480000000004
 21
-104.1477719999999891
 31
0
  0
LINE
  5
816
330
1B
100
AcDbEntity
  8
F.Cu
  6
CONTINUOUS
100
AcDbLine
 10
89.2344480000000004
 20
-104.1477719999999891
 30
0
 11
89.2944629999999933
 21
-104.0028829999999971
 31
0
  0
LINE
  5
817
330
1B
100
AcDbEntity
  8
F.Cu
  6
CONTINUOUS
100
AcDbLine
 10
89.2944629999999933
 20
-104.0028829999999971
 30
0
 11
89.3815919999999977
 21
-103.8724849999999975
 31
0
  0
LINE
  5
818
330
1B
100
AcDbEntity
  8
F.Cu
  6
CONTINUOUS
100
AcDbLine
 10
89.3815919999999977
 20
-103.8724849999999975
 30
0
 11
89.4924850000000021
 21
-103.7615919999999932
 31
0
  0
LINE
  5
819
330
1B
100
AcDbEntity
  8
F.Cu
  6
CONTINUOUS
100
AcDbLine
 10
89.4924850000000021
 20
-103.7615919999999932
 30
0
 11
89.6228830000000016
 21
-103.6744629999999887
 31
0
  0
LINE
  5
81A
330
1B
100
AcDbEntity
  8
F.Cu
  6
CONTINUOUS
100
AcDbLine
 10
89.6228830000000016
 20
-103.6744629999999887
 30
0
 11
89.7677719999999937
 21
-103.6144479999999959
 31
0
  0
LINE
  5
81B
330
1B
100
AcDbEntity
  8
F.Cu
  6
CONTINUOUS
100
AcDbLine
 10
89.7677719999999937
 20
-103.6144479999999959
 30
0
 11
89.9215859999999907
 21
-103.5838519999999932
 31
0
  0
LINE
  5
81C
330
1B
100
AcDbEntity
  8
F.Cu
  6
CONTINUOUS
100
AcDbLine
 10
89.9215859999999907
 20
-103.5838519999999932
 30
0
 11
90.0784139999999951
 21
-103.5838519999999932
 31
0
  0
LINE
  5
81D
330
1B
100
AcDbEntity
  8
F.Cu
  6
CONTINUOUS
100
AcDbLine
 10
90.0784139999999951
 20
-103.5838519999999932
 30
0
 11
90.2322279999999921
 21
-103.6144479999999959
 31
0
  0
LINE
  5
81E
330
1B
100
AcDbEntity
  8
F.Cu
  6
CONTINUOUS
100
AcDbLine
 10
95.2322279999999921
 20
-103.6144479999999959
 30
0
 11
95.3771169999999984
 21
-103.6744629999999887
 31
0
  0
LINE
  5
81F
330
1B
100
AcDbEntity
  8
F.Cu
  6
CONTINUOUS
100
AcDbLine
 10
95.3771169999999984
 20
-103.6744629999999887
 30
0
 11
95.5075149999999979
 21
-103.7615919999999932
 31
0
  0
LINE
  5
820
330
1B
100
AcDbEntity
  8
F.Cu
  6
CONTINUOUS
100
AcDbLine
 10
95.5075149999999979
 20
-103.7615919999999932
 30
0
 11
95.6184080000000023
 21
-103.8724849999999975
 31
0
  0
LINE
  5
821
330
1B
100
AcDbEntity
  8
F.Cu
  6
CONTINUOUS
100
AcDbLine
 10
95.6184080000000023
 20
-103.8724849999999975
 30
0
 11
95.7055369999999925
 21
-104.0028829999999971
 31
0
  0
LINE
  5
822
330
1B
100
AcDbEntity
  8
F.Cu
  6
CONTINUOUS
100
AcDbLine
 10
95.7055369999999925
 20
-104.0028829999999971
 30
0
 11
95.7655519999999996
 21
-104.1477719999999891
 31
0
  0
LINE
  5
823
330
1B
100
AcDbEntity
  8
F.Cu
  6
CONTINUOUS
100
AcDbLine
 10
95.7655519999999996
 20
-104.1477719999999891
 30
0
 11
95.7961480000000023
 21
-104.3015860000000004
 31
0
  0
LINE
  5
824
330
1B
100
AcDbEntity
  8
F.Cu
  6
CONTINUOUS
100
AcDbLine
 10
95.7961480000000023
 20
-104.3015860000000004
 30
0
 11
95.7961480000000023
 21
-104.4584139999999906
 31
0
  0
LINE
  5
825
330
1B
100
AcDbEntity
  8
F.Cu
  6
CONTINUOUS
100
AcDbLine
 10
95.7961480000000023
 20
-104.4584139999999906
 30
0
 11
95.7655519999999996
 21
-104.6122280000000018
 31
0
  0
LINE
  5
826
330
1B
100
AcDbEntity
  8
F.Cu
  6
CONTINUOUS
100
AcDbLine
 10
95.7655519999999996
 20
-104.6122280000000018
 30
0
 11
95.7055369999999925
 21
-104.7571169999999938
 31
0
  0
LINE
  5
827
330
1B
100
AcDbEntity
  8
F.Cu
  6
CONTINUOUS
100
AcDbLine
 10
95.7055369999999925
 20
-104.7571169999999938
 30
0
 11
95.6184080000000023
 21
-104.8875149999999934
 31
0
  0
LINE
  5
828
330
1B
100
AcDbEntity
  8
F.Cu
  6
CONTINUOUS
100
AcDbLine
 10
95.6184080000000023
 20
-104.8875149999999934
 30
0
 11
95.5075149999999979
 21
-104.9984079999999977
 31
0
  0
LINE
  5
829
330
1B
100
AcDbEntity
  8
F.Cu
  6
CONTINUOUS
100
AcDbLine
 10
95.5075149999999979
 20
-104.9984079999999977
 30
0
 11
95.3771169999999984
 21
-105.0855370000000022
 31
0
  0
LINE
  5
82A
330
1B
100
AcDbEntity
  8
F.Cu
  6
CONTINUOUS
100
AcDbLine
 10
95.3771169999999984
 20
-105.0855370000000022
 30
0
 11
95.2322279999999921
 21
-105.145551999999995
 31
0
  0
LINE
  5
82B
330
1B
100
AcDbEntity
  8
F.Cu
  6
CONTINUOUS
100
AcDbLine
 10
95.2322279999999921
 20
-105.145551999999995
 30
0
 11
95.0784139999999951
 21
-105.1761479999999978
 31
0
  0
LINE
  5
82C
330
1B
100
AcDbEntity
  8
F.Cu
  6
CONTINUOUS
100
AcDbLine
 10
95.0784139999999951
 20
-105.1761479999999978
 30
0
 11
94.9215859999999907
 21
-105.1761479999999978
 31
0
  0
LINE
  5
82D
330
1B
100
AcDbEntity
  8
F.Cu
  6
CONTINUOUS
100
AcDbLine
 10
94.9215859999999907
 20
-105.1761479999999978
 30
0
 11
94.7677719999999937
 21
-105.145551999999995
 31
0
  0
LINE
  5
82E
330
1B
100
AcDbEntity
  8
F.Cu
  6
CONTINUOUS
100
AcDbLine
 10
94.7677719999999937
 20
-105.145551999999995
 30
0
 11
94.6228830000000016
 21
-105.0855370000000022
 31
0
  0
LINE
  5
82F
330
1B
100
AcDbEntity
  8
F.Cu
  6
CONTINUOUS
100
AcDbLine
 10
94.6228830000000016
 20
-105.0855370000000022
 30
0
 11
94.4924850000000021
 21
-104.9984079999999977
 31
0
  0
LINE
  5
830
330
1B
100
AcDbEntity
  8
F.Cu
  6
CONTINUOUS
100
AcDbLine
 10
94.4924850000000021
 20
-104.9984079999999977
 30
0
 11
94.3815919999999977
 21
-104.8875149999999934
 31
0
  0
LINE
  5
831
330
1B
100
AcDbEntity
  8
F.Cu
  6
CONTINUOUS
100
AcDbLine
 10
94.3815919999999977
 20
-104.8875149999999934
 30
0
 11
94.2944629999999933
 21
-104.7571169999999938
 31
0
  0
LINE
  5
832
330
1B
100
AcDbEntity
  8
F.Cu
  6
CONTINUOUS
100
AcDbLine
 10
94.2944629999999933
 20
-104.7571169999999938
 30
0
 11
94.2344480000000004
 21
-104.6122280000000018
 31
0
  0
LINE
  5
833
330
1B
100
AcDbEntity
  8
F.Cu
  6
CONTINUOUS
100
AcDbLine
 10
94.2344480000000004
 20
-104.6122280000000018
 30
0
 11
94.2038519999999977
 21
-104.4584139999999906
 31
0
  0
LINE
  5
834
330
1B
100
AcDbEntity
  8
F.Cu
  6
CONTINUOUS
100
AcDbLine
 10
94.2038519999999977
 20
-104.4584139999999906
 30
0
 11
94.2038519999999977
 21
-104.3015860000000004
 31
0
  0
LINE
  5
835
330
1B
100
AcDbEntity
  8
F.Cu
  6
CONTINUOUS
100
AcDbLine
 10
94.2038519999999977
 20
-104.3015860000000004
 30
0
 11
94.2344480000000004
 21
-104.1477719999999891
 31
0
  0
LINE
  5
836
330
1B
100
AcDbEntity
  8
F.Cu
  6
CONTINUOUS
100
AcDbLine
 10
94.2344480000000004
 20
-104.1477719999999891
 30
0
 11
94.2944629999999933
 21
-104.0028829999999971
 31
0
  0
LINE
  5
837
330
1B
100
AcDbEntity
  8
F.Cu
  6
CONTINUOUS
100
AcDbLine
 10
94.2944629999999933
 20
-104.0028829999999971
 30
0
 11
94.3815919999999977
 21
-103.8724849999999975
 31
0
  0
LINE
  5
838
330
1B
100
AcDbEntity
  8
F.Cu
  6
CONTINUOUS
100
AcDbLine
 10
94.3815919999999977
 20
-103.8724849999999975
 30
0
 11
94.4924850000000021
 21
-103.7615919999999932
 31
0
  0
LINE
  5
839
330
1B
100
AcDbEntity
  8
F.Cu
  6
CONTINUOUS
100
AcDbLine
 10
94.4924850000000021
 20
-103.7615919999999932
 30
0
 11
94.6228830000000016
 21
-103.6744629999999887
 31
0
  0
LINE
  5
83A
330
1B
100
AcDbEntity
  8
F.Cu
  6
CONTINUOUS
100
AcDbLine
 10
94.6228830000000016
 20
-103.6744629999999887
 30
0
 11
94.7677719999999937
 21
-103.6144479999999959
 31
0
  0
LINE
  5
83B
330
1B
100
AcDbEntity
  8
F.Cu
  6
CONTINUOUS
100
AcDbLine
 10
94.7677719999999937
 20
-103.6144479999999959
 30
0
 11
94.9215859999999907
 21
-103.5838519999999932
 31
0
  0
LINE
  5
83C
330
1B
100
AcDbEntity
  8
F.Cu
  6
CONTINUOUS
100
AcDbLine
 10
94.9215859999999907
 20
-103.5838519999999932
 30
0
 11
95.0784139999999951
 21
-103.5838519999999932
 31
0
  0
LINE
  5
83D
330
1B
100
AcDbEntity
  8
F.Cu
  6
CONTINUOUS
100
AcDbLine
 10
95.0784139999999951
 20
-103.5838519999999932
 30
0
 11
95.2322279999999921
 21
-103.6144479999999959
 31
0
  0
LINE
  5
83E
330
1B
100
AcDbEntity
  8
F.Cu
  6
CONTINUOUS
100
AcDbLine
 10
98.2322279999999921
 20
-103.6144479999999959
 30
0
 11
98.3771169999999984
 21
-103.6744629999999887
 31
0
  0
LINE
  5
83F
330
1B
100
AcDbEntity
  8
F.Cu
  6
CONTINUOUS
100
AcDbLine
 10
98.3771169999999984
 20
-103.6744629999999887
 30
0
 11
98.5075149999999979
 21
-103.7615919999999932
 31
0
  0
LINE
  5
840
330
1B
100
AcDbEntity
  8
F.Cu
  6
CONTINUOUS
100
AcDbLine
 10
98.5075149999999979
 20
-103.7615919999999932
 30
0
 11
98.6184080000000023
 21
-103.8724849999999975
 31
0
  0
LINE
  5
841
330
1B
100
AcDbEntity
  8
F.Cu
  6
CONTINUOUS
100
AcDbLine
 10
98.6184080000000023
 20
-103.8724849999999975
 30
0
 11
98.7055369999999925
 21
-104.0028829999999971
 31
0
  0
LINE
  5
842
330
1B
100
AcDbEntity
  8
F.Cu
  6
CONTINUOUS
100
AcDbLine
 10
98.7055369999999925
 20
-104.0028829999999971
 30
0
 11
98.7655519999999996
 21
-104.1477719999999891
 31
0
  0
LINE
  5
843
330
1B
100
AcDbEntity
  8
F.Cu
  6
CONTINUOUS
100
AcDbLine
 10
98.7655519999999996
 20
-104.1477719999999891
 30
0
 11
98.7961480000000023
 21
-104.3015860000000004
 31
0
  0
LINE
  5
844
330
1B
100
AcDbEntity
  8
F.Cu
  6
CONTINUOUS
100
AcDbLine
 10
98.7961480000000023
 20
-104.3015860000000004
 30
0
 11
98.7961480000000023
 21
-104.4584139999999906
 31
0
  0
LINE
  5
845
330
1B
100
AcDbEntity
  8
F.Cu
  6
CONTINUOUS
100
AcDbLine
 10
98.7961480000000023
 20
-104.4584139999999906
 30
0
 11
98.7655519999999996
 21
-104.6122280000000018
 31
0
  0
LINE
  5
846
330
1B
100
AcDbEntity
  8
F.Cu
  6
CONTINUOUS
100
AcDbLine
 10
98.7655519999999996
 20
-104.6122280000000018
 30
0
 11
98.7055369999999925
 21
-104.7571169999999938
 31
0
  0
LINE
  5
847
330
1B
100
AcDbEntity
  8
F.Cu
  6
CONTINUOUS
100
AcDbLine
 10
98.7055369999999925
 20
-104.7571169999999938
 30
0
 11
98.6184080000000023
 21
-104.8875149999999934
 31
0
  0
LINE
  5
848
330
1B
100
AcDbEntity
  8
F.Cu
  6
CONTINUOUS
100
AcDbLine
 10
98.6184080000000023
 20
-104.8875149999999934
 30
0
 11
98.5075149999999979
 21
-104.9984079999999977
 31
0
  0
LINE
  5
849
330
1B
100
AcDbEntity
  8
F.Cu
  6
CONTINUOUS
100
AcDbLine
 10
98.5075149999999979
 20
-104.9984079999999977
 30
0
 11
98.3771169999999984
 21
-105.0855370000000022
 31
0
  0
LINE
  5
84A
330
1B
100
AcDbEntity
  8
F.Cu
  6
CONTINUOUS
100
AcDbLine
 10
98.3771169999999984
 20
-105.0855370000000022
 30
0
 11
98.2322279999999921
 21
-105.145551999999995
 31
0
  0
LINE
  5
84B
330
1B
100
AcDbEntity
  8
F.Cu
  6
CONTINUOUS
100
AcDbLine
 10
98.2322279999999921
 20
-105.145551999999995
 30
0
 11
98.0784139999999951
 21
-105.1761479999999978
 31
0
  0
LINE
  5
84C
330
1B
100
AcDbEntity
  8
F.Cu
  6
CONTINUOUS
100
AcDbLine
 10
98.0784139999999951
 20
-105.1761479999999978
 30
0
 11
97.9215859999999907
 21
-105.1761479999999978
 31
0
  0
LINE
  5
84D
330
1B
100
AcDbEntity
  8
F.Cu
  6
CONTINUOUS
100
AcDbLine
 10
97.9215859999999907
 20
-105.1761479999999978
 30
0
 11
97.7677719999999937
 21
-105.145551999999995
 31
0
  0
LINE
  5
84E
330
1B
100
AcDbEntity
  8
F.Cu
  6
CONTINUOUS
100
AcDbLine
 10
97.7677719999999937
 20
-105.145551999999995
 30
0
 11
97.6228830000000016
 21
-105.0855370000000022
 31
0
  0
LINE
  5
84F
330
1B
100
AcDbEntity
  8
F.Cu
  6
CONTINUOUS
100
AcDbLine
 10
97.6228830000000016
 20
-105.0855370000000022
 30
0
 11
97.4924850000000021
 21
-104.9984079999999977
 31
0
  0
LINE
  5
850
330
1B
100
AcDbEntity
  8
F.Cu
  6
CONTINUOUS
100
AcDbLine
 10
97.4924850000000021
 20
-104.9984079999999977
 30
0
 11
97.3815919999999977
 21
-104.8875149999999934
 31
0
  0
LINE
  5
851
330
1B
100
AcDbEntity
  8
F.Cu
  6
CONTINUOUS
100
AcDbLine
 10
97.3815919999999977
 20
-104.8875149999999934
 30
0
 11
97.2944629999999933
 21
-104.7571169999999938
 31
0
  0
LINE
  5
852
330
1B
100
AcDbEntity
  8
F.Cu
  6
CONTINUOUS
100
AcDbLine
 10
97.2944629999999933
 20
-104.7571169999999938
 30
0
 11
97.2344480000000004
 21
-104.6122280000000018
 31
0
  0
LINE
  5
853
330
1B
100
AcDbEntity
  8
F.Cu
  6
CONTINUOUS
100
AcDbLine
 10
97.2344480000000004
 20
-104.6122280000000018
 30
0
 11
97.2038519999999977
 21
-104.4584139999999906
 31
0
  0
LINE
  5
854
330
1B
100
AcDbEntity
  8
F.Cu
  6
CONTINUOUS
100
AcDbLine
 10
97.2038519999999977
 20
-104.4584139999999906
 30
0
 11
97.2038519999999977
 21
-104.3015860000000004
 31
0
  0
LINE
  5
855
330
1B
100
AcDbEntity
  8
F.Cu
  6
CONTINUOUS
100
AcDbLine
 10
97.2038519999999977
 20
-104.3015860000000004
 30
0
 11
97.2344480000000004
 21
-104.1477719999999891
 31
0
  0
LINE
  5
856
330
1B
100
AcDbEntity
  8
F.Cu
  6
CONTINUOUS
100
AcDbLine
 10
97.2344480000000004
 20
-104.1477719999999891
 30
0
 11
97.2944629999999933
 21
-104.0028829999999971
 31
0
  0
LINE
  5
857
330
1B
100
AcDbEntity
  8
F.Cu
  6
CONTINUOUS
100
AcDbLine
 10
97.2944629999999933
 20
-104.0028829999999971
 30
0
 11
97.3815919999999977
 21
-103.8724849999999975
 31
0
  0
LINE
  5
858
330
1B
100
AcDbEntity
  8
F.Cu
  6
CONTINUOUS
100
AcDbLine
 10
97.3815919999999977
 20
-103.8724849999999975
 30
0
 11
97.4924850000000021
 21
-103.7615919999999932
 31
0
  0
LINE
  5
859
330
1B
100
AcDbEntity
  8
F.Cu
  6
CONTINUOUS
100
AcDbLine
 10
97.4924850000000021
 20
-103.7615919999999932
 30
0
 11
97.6228830000000016
 21
-103.6744629999999887
 31
0
  0
LINE
  5
85A
330
1B
100
AcDbEntity
  8
F.Cu
  6
CONTINUOUS
100
AcDbLine
 10
97.6228830000000016
 20
-103.6744629999999887
 30
0
 11
97.7677719999999937
 21
-103.6144479999999959
 31
0
  0
LINE
  5
85B
330
1B
100
AcDbEntity
  8
F.Cu
  6
CONTINUOUS
100
AcDbLine
 10
97.7677719999999937
 20
-103.6144479999999959
 30
0
 11
97.9215859999999907
 21
-103.5838519999999932
 31
0
  0
LINE
  5
85C
330
1B
100
AcDbEntity
  8
F.Cu
  6
CONTINUOUS
100
AcDbLine
 10
97.9215859999999907
 20
-103.5838519999999932
 30
0
 11
98.0784139999999951
 21
-103.5838519999999932
 31
0
  0
LINE
  5
85D
330
1B
100
AcDbEntity
  8
F.Cu
  6
CONTINUOUS
100
AcDbLine
 10
98.0784139999999951
 20
-103.5838519999999932
 30
0
 11
98.2322279999999921
 21
-103.6144479999999959
 31
0
  0
LINE
  5
85E
330
1B
100
AcDbEntity
  8
F.Cu
  6
CONTINUOUS
100
AcDbLine
 10
50.2322279999999992
 20
-100.2344480000000004
 30
0
 11
50.3771169999999984
 21
-100.2944629999999933
 31
0
  0
LINE
  5
85F
330
1B
100
AcDbEntity
  8
F.Cu
  6
CONTINUOUS
100
AcDbLine
 10
50.3771169999999984
 20
-100.2944629999999933
 30
0
 11
50.5075149999999979
 21
-100.3815919999999977
 31
0
  0
LINE
  5
860
330
1B
100
AcDbEntity
  8
F.Cu
  6
CONTINUOUS
100
AcDbLine
 10
50.5075149999999979
 20
-100.3815919999999977
 30
0
 11
50.6184079999999952
 21
-100.4924850000000021
 31
0
  0
LINE
  5
861
330
1B
100
AcDbEntity
  8
F.Cu
  6
CONTINUOUS
100
AcDbLine
 10
50.6184079999999952
 20
-100.4924850000000021
 30
0
 11
50.7055369999999996
 21
-100.6228830000000016
 31
0
  0
LINE
  5
862
330
1B
100
AcDbEntity
  8
F.Cu
  6
CONTINUOUS
100
AcDbLine
 10
50.7055369999999996
 20
-100.6228830000000016
 30
0
 11
50.7655519999999996
 21
-100.7677719999999937
 31
0
  0
LINE
  5
863
330
1B
100
AcDbEntity
  8
F.Cu
  6
CONTINUOUS
100
AcDbLine
 10
50.7655519999999996
 20
-100.7677719999999937
 30
0
 11
50.7961479999999952
 21
-100.9215859999999907
 31
0
  0
LINE
  5
864
330
1B
100
AcDbEntity
  8
F.Cu
  6
CONTINUOUS
100
AcDbLine
 10
50.7961479999999952
 20
-100.9215859999999907
 30
0
 11
50.7961479999999952
 21
-101.0784139999999951
 31
0
  0
LINE
  5
865
330
1B
100
AcDbEntity
  8
F.Cu
  6
CONTINUOUS
100
AcDbLine
 10
50.7961479999999952
 20
-101.0784139999999951
 30
0
 11
50.7655519999999996
 21
-101.2322279999999921
 31
0
  0
LINE
  5
866
330
1B
100
AcDbEntity
  8
F.Cu
  6
CONTINUOUS
100
AcDbLine
 10
50.7655519999999996
 20
-101.2322279999999921
 30
0
 11
50.7055369999999996
 21
-101.3771169999999984
 31
0
  0
LINE
  5
867
330
1B
100
AcDbEntity
  8
F.Cu
  6
CONTINUOUS
100
AcDbLine
 10
50.7055369999999996
 20
-101.3771169999999984
 30
0
 11
50.6184079999999952
 21
-101.5075149999999979
 31
0
  0
LINE
  5
868
330
1B
100
AcDbEntity
  8
F.Cu
  6
CONTINUOUS
100
AcDbLine
 10
50.6184079999999952
 20
-101.5075149999999979
 30
0
 11
50.5075149999999979
 21
-101.6184080000000023
 31
0
  0
LINE
  5
869
330
1B
100
AcDbEntity
  8
F.Cu
  6
CONTINUOUS
100
AcDbLine
 10
50.5075149999999979
 20
-101.6184080000000023
 30
0
 11
50.3771169999999984
 21
-101.7055369999999925
 31
0
  0
LINE
  5
86A
330
1B
100
AcDbEntity
  8
F.Cu
  6
CONTINUOUS
100
AcDbLine
 10
50.3771169999999984
 20
-101.7055369999999925
 30
0
 11
50.2322279999999992
 21
-101.7655519999999996
 31
0
  0
LINE
  5
86B
330
1B
100
AcDbEntity
  8
F.Cu
  6
CONTINUOUS
100
AcDbLine
 10
50.2322279999999992
 20
-101.7655519999999996
 30
0
 11
50.0784139999999951
 21
-101.7961480000000023
 31
0
  0
LINE
  5
86C
330
1B
100
AcDbEntity
  8
F.Cu
  6
CONTINUOUS
100
AcDbLine
 10
50.0784139999999951
 20
-101.7961480000000023
 30
0
 11
49.9215859999999978
 21
-101.7961480000000023
 31
0
  0
LINE
  5
86D
330
1B
100
AcDbEntity
  8
F.Cu
  6
CONTINUOUS
100
AcDbLine
 10
49.9215859999999978
 20
-101.7961480000000023
 30
0
 11
49.7677720000000008
 21
-101.7655519999999996
 31
0
  0
LINE
  5
86E
330
1B
100
AcDbEntity
  8
F.Cu
  6
CONTINUOUS
100
AcDbLine
 10
49.7677720000000008
 20
-101.7655519999999996
 30
0
 11
49.6228829999999945
 21
-101.7055369999999925
 31
0
  0
LINE
  5
86F
330
1B
100
AcDbEntity
  8
F.Cu
  6
CONTINUOUS
100
AcDbLine
 10
49.6228829999999945
 20
-101.7055369999999925
 30
0
 11
49.492484999999995
 21
-101.6184080000000023
 31
0
  0
LINE
  5
870
330
1B
100
AcDbEntity
  8
F.Cu
  6
CONTINUOUS
100
AcDbLine
 10
49.492484999999995
 20
-101.6184080000000023
 30
0
 11
49.3815919999999977
 21
-101.5075149999999979
 31
0
  0
LINE
  5
871
330
1B
100
AcDbEntity
  8
F.Cu
  6
CONTINUOUS
100
AcDbLine
 10
49.3815919999999977
 20
-101.5075149999999979
 30
0
 11
49.2944630000000004
 21
-101.3771169999999984
 31
0
  0
LINE
  5
872
330
1B
100
AcDbEntity
  8
F.Cu
  6
CONTINUOUS
100
AcDbLine
 10
49.2944630000000004
 20
-101.3771169999999984
 30
0
 11
49.2344480000000004
 21
-101.2322279999999921
 31
0
  0
LINE
  5
873
330
1B
100
AcDbEntity
  8
F.Cu
  6
CONTINUOUS
100
AcDbLine
 10
49.2344480000000004
 20
-101.2322279999999921
 30
0
 11
49.2038519999999977
 21
-101.0784139999999951
 31
0
  0
LINE
  5
874
330
1B
100
AcDbEntity
  8
F.Cu
  6
CONTINUOUS
100
AcDbLine
 10
49.2038519999999977
 20
-101.0784139999999951
 30
0
 11
49.2038519999999977
 21
-100.9215859999999907
 31
0
  0
LINE
  5
875
330
1B
100
AcDbEntity
  8
F.Cu
  6
CONTINUOUS
100
AcDbLine
 10
49.2038519999999977
 20
-100.9215859999999907
 30
0
 11
49.2344480000000004
 21
-100.7677719999999937
 31
0
  0
LINE
  5
876
330
1B
100
AcDbEntity
  8
F.Cu
  6
CONTINUOUS
100
AcDbLine
 10
49.2344480000000004
 20
-100.7677719999999937
 30
0
 11
49.2944630000000004
 21
-100.6228830000000016
 31
0
  0
LINE
  5
877
330
1B
100
AcDbEntity
  8
F.Cu
  6
CONTINUOUS
100
AcDbLine
 10
49.2944630000000004
 20
-100.6228830000000016
 30
0
 11
49.3815919999999977
 21
-100.4924850000000021
 31
0
  0
LINE
  5
878
330
1B
100
AcDbEntity
  8
F.Cu
  6
CONTINUOUS
100
AcDbLine
 10
49.3815919999999977
 20
-100.4924850000000021
 30
0
 11
49.492484999999995
 21
-100.3815919999999977
 31
0
  0
LINE
  5
879
330
1B
100
AcDbEntity
  8
F.Cu
  6
CONTINUOUS
100
AcDbLine
 10
49.492484999999995
 20
-100.3815919999999977
 30
0
 11
49.6228829999999945
 21
-100.2944629999999933
 31
0
  0
LINE
  5
87A
330
1B
100
AcDbEntity
  8
F.Cu
  6
CONTINUOUS
100
AcDbLine
 10
49.6228829999999945
 20
-100.2944629999999933
 30
0
 11
49.7677720000000008
 21
-100.2344480000000004
 31
0
  0
LINE
  5
87B
330
1B
100
AcDbEntity
  8
F.Cu
  6
CONTINUOUS
100
AcDbLine
 10
49.7677720000000008
 20
-100.2344480000000004
 30
0
 11
49.9215859999999978
 21
-100.2038519999999977
 31
0
  0
LINE
  5
87C
330
1B
100
AcDbEntity
  8
F.Cu
  6
CONTINUOUS
100
AcDbLine
 10
49.9215859999999978
 20
-100.2038519999999977
 30
0
 11
50.0784139999999951
 21
-100.2038519999999977
 31
0
  0
LINE
  5
87D
330
1B
100
AcDbEntity
  8
F.Cu
  6
CONTINUOUS
100
AcDbLine
 10
50.0784139999999951
 20
-100.2038519999999977
 30
0
 11
50.2322279999999992
 21
-100.2344480000000004
 31
0
  0
LINE
  5
87E
330
1B
100
AcDbEntity
  8
F.Cu
  6
CONTINUOUS
100
AcDbLine
 10
55.2322279999999992
 20
-100.2344480000000004
 30
0
 11
55.3771169999999984
 21
-100.2944629999999933
 31
0
  0
LINE
  5
87F
330
1B
100
AcDbEntity
  8
F.Cu
  6
CONTINUOUS
100
AcDbLine
 10
55.3771169999999984
 20
-100.2944629999999933
 30
0
 11
55.5075149999999979
 21
-100.3815919999999977
 31
0
  0
LINE
  5
880
330
1B
100
AcDbEntity
  8
F.Cu
  6
CONTINUOUS
100
AcDbLine
 10
55.5075149999999979
 20
-100.3815919999999977
 30
0
 11
55.6184079999999952
 21
-100.4924850000000021
 31
0
  0
LINE
  5
881
330
1B
100
AcDbEntity
  8
F.Cu
  6
CONTINUOUS
100
AcDbLine
 10
55.6184079999999952
 20
-100.4924850000000021
 30
0
 11
55.7055369999999996
 21
-100.6228830000000016
 31
0
  0
LINE
  5
882
330
1B
100
AcDbEntity
  8
F.Cu
  6
CONTINUOUS
100
AcDbLine
 10
55.7055369999999996
 20
-100.6228830000000016
 30
0
 11
55.7655519999999996
 21
-100.7677719999999937
 31
0
  0
LINE
  5
883
330
1B
100
AcDbEntity
  8
F.Cu
  6
CONTINUOUS
100
AcDbLine
 10
55.7655519999999996
 20
-100.7677719999999937
 30
0
 11
55.7961479999999952
 21
-100.9215859999999907
 31
0
  0
LINE
  5
884
330
1B
100
AcDbEntity
  8
F.Cu
  6
CONTINUOUS
100
AcDbLine
 10
55.7961479999999952
 20
-100.9215859999999907
 30
0
 11
55.7961479999999952
 21
-101.0784139999999951
 31
0
  0
LINE
  5
885
330
1B
100
AcDbEntity
  8
F.Cu
  6
CONTINUOUS
100
AcDbLine
 10
55.7961479999999952
 20
-101.0784139999999951
 30
0
 11
55.7655519999999996
 21
-101.2322279999999921
 31
0
  0
LINE
  5
886
330
1B
100
AcDbEntity
  8
F.Cu
  6
CONTINUOUS
100
AcDbLine
 10
55.7655519999999996
 20
-101.2322279999999921
 30
0
 11
55.7055369999999996
 21
-101.3771169999999984
 31
0
  0
LINE
  5
887
330
1B
100
AcDbEntity
  8
F.Cu
  6
CONTINUOUS
100
AcDbLine
 10
55.7055369999999996
 20
-101.3771169999999984
 30
0
 11
55.6184079999999952
 21
-101.5075149999999979
 31
0
  0
LINE
  5
888
330
1B
100
AcDbEntity
  8
F.Cu
  6
CONTINUOUS
100
AcDbLine
 10
55.6184079999999952
 20
-101.5075149999999979
 30
0
 11
55.5075149999999979
 21
-101.6184080000000023
 31
0
  0
LINE
  5
889
330
1B
100
AcDbEntity
  8
F.Cu
  6
CONTINUOUS
100
AcDbLine
 10
55.5075149999999979
 20
-101.6184080000000023
 30
0
 11
55.3771169999999984
 21
-101.7055369999999925
 31
0
  0
LINE
  5
88A
330
1B
100
AcDbEntity
  8
F.Cu
  6
CONTINUOUS
100
AcDbLine
 10
55.3771169999999984
 20
-101.7055369999999925
 30
0
 11
55.2322279999999992
 21
-101.7655519999999996
 31
0
  0
LINE
  5
88B
330
1B
100
AcDbEntity
  8
F.Cu
  6
CONTINUOUS
100
AcDbLine
 10
55.2322279999999992
 20
-101.7655519999999996
 30
0
 11
55.0784139999999951
 21
-101.7961480000000023
 31
0
  0
LINE
  5
88C
330
1B
100
AcDbEntity
  8
F.Cu
  6
CONTINUOUS
100
AcDbLine
 10
55.0784139999999951
 20
-101.7961480000000023
 30
0
 11
54.9215859999999978
 21
-101.7961480000000023
 31
0
  0
LINE
  5
88D
330
1B
100
AcDbEntity
  8
F.Cu
  6
CONTINUOUS
100
AcDbLine
 10
54.9215859999999978
 20
-101.7961480000000023
 30
0
 11
54.7677720000000008
 21
-101.7655519999999996
 31
0
  0
LINE
  5
88E
330
1B
100
AcDbEntity
  8
F.Cu
  6
CONTINUOUS
100
AcDbLine
 10
54.7677720000000008
 20
-101.7655519999999996
 30
0
 11
54.6228829999999945
 21
-101.7055369999999925
 31
0
  0
LINE
  5
88F
330
1B
100
AcDbEntity
  8
F.Cu
  6
CONTINUOUS
100
AcDbLine
 10
54.6228829999999945
 20
-101.7055369999999925
 30
0
 11
54.492484999999995
 21
-101.6184080000000023
 31
0
  0
LINE
  5
890
330
1B
100
AcDbEntity
  8
F.Cu
  6
CONTINUOUS
100
AcDbLine
 10
54.492484999999995
 20
-101.6184080000000023
 30
0
 11
54.3815919999999977
 21
-101.5075149999999979
 31
0
  0
LINE
  5
891
330
1B
100
AcDbEntity
  8
F.Cu
  6
CONTINUOUS
100
AcDbLine
 10
54.3815919999999977
 20
-101.5075149999999979
 30
0
 11
54.2944630000000004
 21
-101.3771169999999984
 31
0
  0
LINE
  5
892
330
1B
100
AcDbEntity
  8
F.Cu
  6
CONTINUOUS
100
AcDbLine
 10
54.2944630000000004
 20
-101.3771169999999984
 30
0
 11
54.2344480000000004
 21
-101.2322279999999921
 31
0
  0
LINE
  5
893
330
1B
100
AcDbEntity
  8
F.Cu
  6
CONTINUOUS
100
AcDbLine
 10
54.2344480000000004
 20
-101.2322279999999921
 30
0
 11
54.2038519999999977
 21
-101.0784139999999951
 31
0
  0
LINE
  5
894
330
1B
100
AcDbEntity
  8
F.Cu
  6
CONTINUOUS
100
AcDbLine
 10
54.2038519999999977
 20
-101.0784139999999951
 30
0
 11
54.2038519999999977
 21
-100.9215859999999907
 31
0
  0
LINE
  5
895
330
1B
100
AcDbEntity
  8
F.Cu
  6
CONTINUOUS
100
AcDbLine
 10
54.2038519999999977
 20
-100.9215859999999907
 30
0
 11
54.2344480000000004
 21
-100.7677719999999937
 31
0
  0
LINE
  5
896
330
1B
100
AcDbEntity
  8
F.Cu
  6
CONTINUOUS
100
AcDbLine
 10
54.2344480000000004
 20
-100.7677719999999937
 30
0
 11
54.2944630000000004
 21
-100.6228830000000016
 31
0
  0
LINE
  5
897
330
1B
100
AcDbEntity
  8
F.Cu
  6
CONTINUOUS
100
AcDbLine
 10
54.2944630000000004
 20
-100.6228830000000016
 30
0
 11
54.3815919999999977
 21
-100.4924850000000021
 31
0
  0
LINE
  5
898
330
1B
100
AcDbEntity
  8
F.Cu
  6
CONTINUOUS
100
AcDbLine
 10
54.3815919999999977
 20
-100.4924850000000021
 30
0
 11
54.492484999999995
 21
-100.3815919999999977
 31
0
  0
LINE
  5
899
330
1B
100
AcDbEntity
  8
F.Cu
  6
CONTINUOUS
100
AcDbLine
 10
54.492484999999995
 20
-100.3815919999999977
 30
0
 11
54.6228829999999945
 21
-100.2944629999999933
 31
0
  0
LINE
  5
89A
330
1B
100
AcDbEntity
  8
F.Cu
  6
CONTINUOUS
100
AcDbLine
 10
54.6228829999999945
 20
-100.2944629999999933
 30
0
 11
54.7677720000000008
 21
-100.2344480000000004
 31
0
  0
LINE
  5
89B
330
1B
100
AcDbEntity
  8
F.Cu
  6
CONTINUOUS
100
AcDbLine
 10
54.7677720000000008
 20
-100.2344480000000004
 30
0
 11
54.9215859999999978
 21
-100.2038519999999977
 31
0
  0
LINE
  5
89C
330
1B
100
AcDbEntity
  8
F.Cu
  6
CONTINUOUS
100
AcDbLine
 10
54.9215859999999978
 20
-100.2038519999999977
 30
0
 11
55.0784139999999951
 21
-100.2038519999999977
 31
0
  0
LINE
  5
89D
330
1B
100
AcDbEntity
  8
F.Cu
  6
CONTINUOUS
100
AcDbLine
 10
55.0784139999999951
 20
-100.2038519999999977
 30
0
 11
55.2322279999999992
 21
-100.2344480000000004
 31
0
  0
LINE
  5
89E
330
1B
100
AcDbEntity
  8
F.Cu
  6
CONTINUOUS
100
AcDbLine
 10
82.7322279999999921
 20
-99.394447999999997
 30
0
 11
82.8771169999999984
 21
-99.4544629999999898
 31
0
  0
LINE
  5
89F
330
1B
100
AcDbEntity
  8
F.Cu
  6
CONTINUOUS
100
AcDbLine
 10
82.8771169999999984
 20
-99.4544629999999898
 30
0
 11
83.0075149999999979
 21
-99.5415919999999943
 31
0
  0
LINE
  5
8A0
330
1B
100
AcDbEntity
  8
F.Cu
  6
CONTINUOUS
100
AcDbLine
 10
83.0075149999999979
 20
-99.5415919999999943
 30
0
 11
83.1184080000000023
 21
-99.6524849999999986
 31
0
  0
LINE
  5
8A1
330
1B
100
AcDbEntity
  8
F.Cu
  6
CONTINUOUS
100
AcDbLine
 10
83.1184080000000023
 20
-99.6524849999999986
 30
0
 11
83.2055369999999925
 21
-99.7828829999999982
 31
0
  0
LINE
  5
8A2
330
1B
100
AcDbEntity
  8
F.Cu
  6
CONTINUOUS
100
AcDbLine
 10
83.2055369999999925
 20
-99.7828829999999982
 30
0
 11
83.2655519999999996
 21
-99.9277719999999903
 31
0
  0
LINE
  5
8A3
330
1B
100
AcDbEntity
  8
F.Cu
  6
CONTINUOUS
100
AcDbLine
 10
83.2655519999999996
 20
-99.9277719999999903
 30
0
 11
83.2961480000000023
 21
-100.0815860000000015
 31
0
  0
LINE
  5
8A4
330
1B
100
AcDbEntity
  8
F.Cu
  6
CONTINUOUS
100
AcDbLine
 10
83.2961480000000023
 20
-100.0815860000000015
 30
0
 11
83.2961480000000023
 21
-100.2384139999999917
 31
0
  0
LINE
  5
8A5
330
1B
100
AcDbEntity
  8
F.Cu
  6
CONTINUOUS
100
AcDbLine
 10
83.2961480000000023
 20
-100.2384139999999917
 30
0
 11
83.2655519999999996
 21
-100.3922279999999887
 31
0
  0
LINE
  5
8A6
330
1B
100
AcDbEntity
  8
F.Cu
  6
CONTINUOUS
100
AcDbLine
 10
83.2655519999999996
 20
-100.3922279999999887
 30
0
 11
83.2055369999999925
 21
-100.537116999999995
 31
0
  0
LINE
  5
8A7
330
1B
100
AcDbEntity
  8
F.Cu
  6
CONTINUOUS
100
AcDbLine
 10
83.2055369999999925
 20
-100.537116999999995
 30
0
 11
83.1184080000000023
 21
-100.6675149999999945
 31
0
  0
LINE
  5
8A8
330
1B
100
AcDbEntity
  8
F.Cu
  6
CONTINUOUS
100
AcDbLine
 10
83.1184080000000023
 20
-100.6675149999999945
 30
0
 11
83.0075149999999979
 21
-100.7784079999999989
 31
0
  0
LINE
  5
8A9
330
1B
100
AcDbEntity
  8
F.Cu
  6
CONTINUOUS
100
AcDbLine
 10
83.0075149999999979
 20
-100.7784079999999989
 30
0
 11
82.8771169999999984
 21
-100.8655369999999891
 31
0
  0
LINE
  5
8AA
330
1B
100
AcDbEntity
  8
F.Cu
  6
CONTINUOUS
100
AcDbLine
 10
82.8771169999999984
 20
-100.8655369999999891
 30
0
 11
82.7322279999999921
 21
-100.9255519999999962
 31
0
  0
LINE
  5
8AB
330
1B
100
AcDbEntity
  8
F.Cu
  6
CONTINUOUS
100
AcDbLine
 10
82.7322279999999921
 20
-100.9255519999999962
 30
0
 11
82.5784139999999951
 21
-100.9561479999999989
 31
0
  0
LINE
  5
8AC
330
1B
100
AcDbEntity
  8
F.Cu
  6
CONTINUOUS
100
AcDbLine
 10
82.5784139999999951
 20
-100.9561479999999989
 30
0
 11
82.4215859999999907
 21
-100.9561479999999989
 31
0
  0
LINE
  5
8AD
330
1B
100
AcDbEntity
  8
F.Cu
  6
CONTINUOUS
100
AcDbLine
 10
82.4215859999999907
 20
-100.9561479999999989
 30
0
 11
82.2677719999999937
 21
-100.9255519999999962
 31
0
  0
LINE
  5
8AE
330
1B
100
AcDbEntity
  8
F.Cu
  6
CONTINUOUS
100
AcDbLine
 10
82.2677719999999937
 20
-100.9255519999999962
 30
0
 11
82.1228830000000016
 21
-100.8655369999999891
 31
0
  0
LINE
  5
8AF
330
1B
100
AcDbEntity
  8
F.Cu
  6
CONTINUOUS
100
AcDbLine
 10
82.1228830000000016
 20
-100.8655369999999891
 30
0
 11
81.9924850000000021
 21
-100.7784079999999989
 31
0
  0
LINE
  5
8B0
330
1B
100
AcDbEntity
  8
F.Cu
  6
CONTINUOUS
100
AcDbLine
 10
81.9924850000000021
 20
-100.7784079999999989
 30
0
 11
81.8815919999999977
 21
-100.6675149999999945
 31
0
  0
LINE
  5
8B1
330
1B
100
AcDbEntity
  8
F.Cu
  6
CONTINUOUS
100
AcDbLine
 10
81.8815919999999977
 20
-100.6675149999999945
 30
0
 11
81.7944629999999933
 21
-100.537116999999995
 31
0
  0
LINE
  5
8B2
330
1B
100
AcDbEntity
  8
F.Cu
  6
CONTINUOUS
100
AcDbLine
 10
81.7944629999999933
 20
-100.537116999999995
 30
0
 11
81.7344480000000004
 21
-100.3922279999999887
 31
0
  0
LINE
  5
8B3
330
1B
100
AcDbEntity
  8
F.Cu
  6
CONTINUOUS
100
AcDbLine
 10
81.7344480000000004
 20
-100.3922279999999887
 30
0
 11
81.7038519999999977
 21
-100.2384139999999917
 31
0
  0
LINE
  5
8B4
330
1B
100
AcDbEntity
  8
F.Cu
  6
CONTINUOUS
100
AcDbLine
 10
81.7038519999999977
 20
-100.2384139999999917
 30
0
 11
81.7038519999999977
 21
-100.0815860000000015
 31
0
  0
LINE
  5
8B5
330
1B
100
AcDbEntity
  8
F.Cu
  6
CONTINUOUS
100
AcDbLine
 10
81.7038519999999977
 20
-100.0815860000000015
 30
0
 11
81.7344480000000004
 21
-99.9277719999999903
 31
0
  0
LINE
  5
8B6
330
1B
100
AcDbEntity
  8
F.Cu
  6
CONTINUOUS
100
AcDbLine
 10
81.7344480000000004
 20
-99.9277719999999903
 30
0
 11
81.7944629999999933
 21
-99.7828829999999982
 31
0
  0
LINE
  5
8B7
330
1B
100
AcDbEntity
  8
F.Cu
  6
CONTINUOUS
100
AcDbLine
 10
81.7944629999999933
 20
-99.7828829999999982
 30
0
 11
81.8815919999999977
 21
-99.6524849999999986
 31
0
  0
LINE
  5
8B8
330
1B
100
AcDbEntity
  8
F.Cu
  6
CONTINUOUS
100
AcDbLine
 10
81.8815919999999977
 20
-99.6524849999999986
 30
0
 11
81.9924850000000021
 21
-99.5415919999999943
 31
0
  0
LINE
  5
8B9
330
1B
100
AcDbEntity
  8
F.Cu
  6
CONTINUOUS
100
AcDbLine
 10
81.9924850000000021
 20
-99.5415919999999943
 30
0
 11
82.1228830000000016
 21
-99.4544629999999898
 31
0
  0
LINE
  5
8BA
330
1B
100
AcDbEntity
  8
F.Cu
  6
CONTINUOUS
100
AcDbLine
 10
82.1228830000000016
 20
-99.4544629999999898
 30
0
 11
82.2677719999999937
 21
-99.394447999999997
 31
0
  0
LINE
  5
8BB
330
1B
100
AcDbEntity
  8
F.Cu
  6
CONTINUOUS
100
AcDbLine
 10
82.2677719999999937
 20
-99.394447999999997
 30
0
 11
82.4215859999999907
 21
-99.3638519999999943
 31
0
  0
LINE
  5
8BC
330
1B
100
AcDbEntity
  8
F.Cu
  6
CONTINUOUS
100
AcDbLine
 10
82.4215859999999907
 20
-99.3638519999999943
 30
0
 11
82.5784139999999951
 21
-99.3638519999999943
 31
0
  0
LINE
  5
8BD
330
1B
100
AcDbEntity
  8
F.Cu
  6
CONTINUOUS
100
AcDbLine
 10
82.5784139999999951
 20
-99.3638519999999943
 30
0
 11
82.7322279999999921
 21
-99.394447999999997
 31
0
  0
LINE
  5
8BE
330
1B
100
AcDbEntity
  8
F.Cu
  6
CONTINUOUS
100
AcDbLine
 10
86.2322279999999921
 20
-99.394447999999997
 30
0
 11
86.3771169999999984
 21
-99.4544629999999898
 31
0
  0
LINE
  5
8BF
330
1B
100
AcDbEntity
  8
F.Cu
  6
CONTINUOUS
100
AcDbLine
 10
86.3771169999999984
 20
-99.4544629999999898
 30
0
 11
86.5075149999999979
 21
-99.5415919999999943
 31
0
  0
LINE
  5
8C0
330
1B
100
AcDbEntity
  8
F.Cu
  6
CONTINUOUS
100
AcDbLine
 10
86.5075149999999979
 20
-99.5415919999999943
 30
0
 11
86.6184080000000023
 21
-99.6524849999999986
 31
0
  0
LINE
  5
8C1
330
1B
100
AcDbEntity
  8
F.Cu
  6
CONTINUOUS
100
AcDbLine
 10
86.6184080000000023
 20
-99.6524849999999986
 30
0
 11
86.7055369999999925
 21
-99.7828829999999982
 31
0
  0
LINE
  5
8C2
330
1B
100
AcDbEntity
  8
F.Cu
  6
CONTINUOUS
100
AcDbLine
 10
86.7055369999999925
 20
-99.7828829999999982
 30
0
 11
86.7655519999999996
 21
-99.9277719999999903
 31
0
  0
LINE
  5
8C3
330
1B
100
AcDbEntity
  8
F.Cu
  6
CONTINUOUS
100
AcDbLine
 10
86.7655519999999996
 20
-99.9277719999999903
 30
0
 11
86.7961480000000023
 21
-100.0815860000000015
 31
0
  0
LINE
  5
8C4
330
1B
100
AcDbEntity
  8
F.Cu
  6
CONTINUOUS
100
AcDbLine
 10
86.7961480000000023
 20
-100.0815860000000015
 30
0
 11
86.7961480000000023
 21
-100.2384139999999917
 31
0
  0
LINE
  5
8C5
330
1B
100
AcDbEntity
  8
F.Cu
  6
CONTINUOUS
100
AcDbLine
 10
86.7961480000000023
 20
-100.2384139999999917
 30
0
 11
86.7655519999999996
 21
-100.3922279999999887
 31
0
  0
LINE
  5
8C6
330
1B
100
AcDbEntity
  8
F.Cu
  6
CONTINUOUS
100
AcDbLine
 10
86.7655519999999996
 20
-100.3922279999999887
 30
0
 11
86.7055369999999925
 21
-100.537116999999995
 31
0
  0
LINE
  5
8C7
330
1B
100
AcDbEntity
  8
F.Cu
  6
CONTINUOUS
100
AcDbLine
 10
86.7055369999999925
 20
-100.537116999999995
 30
0
 11
86.6184080000000023
 21
-100.6675149999999945
 31
0
  0
LINE
  5
8C8
330
1B
100
AcDbEntity
  8
F.Cu
  6
CONTINUOUS
100
AcDbLine
 10
86.6184080000000023
 20
-100.6675149999999945
 30
0
 11
86.5075149999999979
 21
-100.7784079999999989
 31
0
  0
LINE
  5
8C9
330
1B
100
AcDbEntity
  8
F.Cu
  6
CONTINUOUS
100
AcDbLine
 10
86.5075149999999979
 20
-100.7784079999999989
 30
0
 11
86.3771169999999984
 21
-100.8655369999999891
 31
0
  0
LINE
  5
8CA
330
1B
100
AcDbEntity
  8
F.Cu
  6
CONTINUOUS
100
AcDbLine
 10
86.3771169999999984
 20
-100.8655369999999891
 30
0
 11
86.2322279999999921
 21
-100.9255519999999962
 31
0
  0
LINE
  5
8CB
330
1B
100
AcDbEntity
  8
F.Cu
  6
CONTINUOUS
100
AcDbLine
 10
86.2322279999999921
 20
-100.9255519999999962
 30
0
 11
86.0784139999999951
 21
-100.9561479999999989
 31
0
  0
LINE
  5
8CC
330
1B
100
AcDbEntity
  8
F.Cu
  6
CONTINUOUS
100
AcDbLine
 10
86.0784139999999951
 20
-100.9561479999999989
 30
0
 11
85.9215859999999907
 21
-100.9561479999999989
 31
0
  0
LINE
  5
8CD
330
1B
100
AcDbEntity
  8
F.Cu
  6
CONTINUOUS
100
AcDbLine
 10
85.9215859999999907
 20
-100.9561479999999989
 30
0
 11
85.7677719999999937
 21
-100.9255519999999962
 31
0
  0
LINE
  5
8CE
330
1B
100
AcDbEntity
  8
F.Cu
  6
CONTINUOUS
100
AcDbLine
 10
85.7677719999999937
 20
-100.9255519999999962
 30
0
 11
85.6228830000000016
 21
-100.8655369999999891
 31
0
  0
LINE
  5
8CF
330
1B
100
AcDbEntity
  8
F.Cu
  6
CONTINUOUS
100
AcDbLine
 10
85.6228830000000016
 20
-100.8655369999999891
 30
0
 11
85.4924850000000021
 21
-100.7784079999999989
 31
0
  0
LINE
  5
8D0
330
1B
100
AcDbEntity
  8
F.Cu
  6
CONTINUOUS
100
AcDbLine
 10
85.4924850000000021
 20
-100.7784079999999989
 30
0
 11
85.3815919999999977
 21
-100.6675149999999945
 31
0
  0
LINE
  5
8D1
330
1B
100
AcDbEntity
  8
F.Cu
  6
CONTINUOUS
100
AcDbLine
 10
85.3815919999999977
 20
-100.6675149999999945
 30
0
 11
85.2944629999999933
 21
-100.537116999999995
 31
0
  0
LINE
  5
8D2
330
1B
100
AcDbEntity
  8
F.Cu
  6
CONTINUOUS
100
AcDbLine
 10
85.2944629999999933
 20
-100.537116999999995
 30
0
 11
85.2344480000000004
 21
-100.3922279999999887
 31
0
  0
LINE
  5
8D3
330
1B
100
AcDbEntity
  8
F.Cu
  6
CONTINUOUS
100
AcDbLine
 10
85.2344480000000004
 20
-100.3922279999999887
 30
0
 11
85.2038519999999977
 21
-100.2384139999999917
 31
0
  0
LINE
  5
8D4
330
1B
100
AcDbEntity
  8
F.Cu
  6
CONTINUOUS
100
AcDbLine
 10
85.2038519999999977
 20
-100.2384139999999917
 30
0
 11
85.2038519999999977
 21
-100.0815860000000015
 31
0
  0
LINE
  5
8D5
330
1B
100
AcDbEntity
  8
F.Cu
  6
CONTINUOUS
100
AcDbLine
 10
85.2038519999999977
 20
-100.0815860000000015
 30
0
 11
85.2344480000000004
 21
-99.9277719999999903
 31
0
  0
LINE
  5
8D6
330
1B
100
AcDbEntity
  8
F.Cu
  6
CONTINUOUS
100
AcDbLine
 10
85.2344480000000004
 20
-99.9277719999999903
 30
0
 11
85.2944629999999933
 21
-99.7828829999999982
 31
0
  0
LINE
  5
8D7
330
1B
100
AcDbEntity
  8
F.Cu
  6
CONTINUOUS
100
AcDbLine
 10
85.2944629999999933
 20
-99.7828829999999982
 30
0
 11
85.3815919999999977
 21
-99.6524849999999986
 31
0
  0
LINE
  5
8D8
330
1B
100
AcDbEntity
  8
F.Cu
  6
CONTINUOUS
100
AcDbLine
 10
85.3815919999999977
 20
-99.6524849999999986
 30
0
 11
85.4924850000000021
 21
-99.5415919999999943
 31
0
  0
LINE
  5
8D9
330
1B
100
AcDbEntity
  8
F.Cu
  6
CONTINUOUS
100
AcDbLine
 10
85.4924850000000021
 20
-99.5415919999999943
 30
0
 11
85.6228830000000016
 21
-99.4544629999999898
 31
0
  0
LINE
  5
8DA
330
1B
100
AcDbEntity
  8
F.Cu
  6
CONTINUOUS
100
AcDbLine
 10
85.6228830000000016
 20
-99.4544629999999898
 30
0
 11
85.7677719999999937
 21
-99.394447999999997
 31
0
  0
LINE
  5
8DB
330
1B
100
AcDbEntity
  8
F.Cu
  6
CONTINUOUS
100
AcDbLine
 10
85.7677719999999937
 20
-99.394447999999997
 30
0
 11
85.9215859999999907
 21
-99.3638519999999943
 31
0
  0
LINE
  5
8DC
330
1B
100
AcDbEntity
  8
F.Cu
  6
CONTINUOUS
100
AcDbLine
 10
85.9215859999999907
 20
-99.3638519999999943
 30
0
 11
86.0784139999999951
 21
-99.3638519999999943
 31
0
  0
LINE
  5
8DD
330
1B
100
AcDbEntity
  8
F.Cu
  6
CONTINUOUS
100
AcDbLine
 10
86.0784139999999951
 20
-99.3638519999999943
 30
0
 11
86.2322279999999921
 21
-99.394447999999997
 31
0
  0
LINE
  5
8DE
330
1B
100
AcDbEntity
  8
F.Cu
  6
CONTINUOUS
100
AcDbLine
 10
90.2322279999999921
 20
-97.2344480000000004
 30
0
 11
90.3771169999999984
 21
-97.2944629999999933
 31
0
  0
LINE
  5
8DF
330
1B
100
AcDbEntity
  8
F.Cu
  6
CONTINUOUS
100
AcDbLine
 10
90.3771169999999984
 20
-97.2944629999999933
 30
0
 11
90.5075149999999979
 21
-97.3815919999999977
 31
0
  0
LINE
  5
8E0
330
1B
100
AcDbEntity
  8
F.Cu
  6
CONTINUOUS
100
AcDbLine
 10
90.5075149999999979
 20
-97.3815919999999977
 30
0
 11
90.6184080000000023
 21
-97.4924850000000021
 31
0
  0
LINE
  5
8E1
330
1B
100
AcDbEntity
  8
F.Cu
  6
CONTINUOUS
100
AcDbLine
 10
90.6184080000000023
 20
-97.4924850000000021
 30
0
 11
90.7055369999999925
 21
-97.6228830000000016
 31
0
  0
LINE
  5
8E2
330
1B
100
AcDbEntity
  8
F.Cu
  6
CONTINUOUS
100
AcDbLine
 10
90.7055369999999925
 20
-97.6228830000000016
 30
0
 11
90.7655519999999996
 21
-97.7677719999999937
 31
0
  0
LINE
  5
8E3
330
1B
100
AcDbEntity
  8
F.Cu
  6
CONTINUOUS
100
AcDbLine
 10
90.7655519999999996
 20
-97.7677719999999937
 30
0
 11
90.7961480000000023
 21
-97.9215859999999907
 31
0
  0
LINE
  5
8E4
330
1B
100
AcDbEntity
  8
F.Cu
  6
CONTINUOUS
100
AcDbLine
 10
90.7961480000000023
 20
-97.9215859999999907
 30
0
 11
90.7961480000000023
 21
-98.0784139999999951
 31
0
  0
LINE
  5
8E5
330
1B
100
AcDbEntity
  8
F.Cu
  6
CONTINUOUS
100
AcDbLine
 10
90.7961480000000023
 20
-98.0784139999999951
 30
0
 11
90.7655519999999996
 21
-98.2322279999999921
 31
0
  0
LINE
  5
8E6
330
1B
100
AcDbEntity
  8
F.Cu
  6
CONTINUOUS
100
AcDbLine
 10
90.7655519999999996
 20
-98.2322279999999921
 30
0
 11
90.7055369999999925
 21
-98.3771169999999984
 31
0
  0
LINE
  5
8E7
330
1B
100
AcDbEntity
  8
F.Cu
  6
CONTINUOUS
100
AcDbLine
 10
90.7055369999999925
 20
-98.3771169999999984
 30
0
 11
90.6184080000000023
 21
-98.5075149999999979
 31
0
  0
LINE
  5
8E8
330
1B
100
AcDbEntity
  8
F.Cu
  6
CONTINUOUS
100
AcDbLine
 10
90.6184080000000023
 20
-98.5075149999999979
 30
0
 11
90.5075149999999979
 21
-98.6184080000000023
 31
0
  0
LINE
  5
8E9
330
1B
100
AcDbEntity
  8
F.Cu
  6
CONTINUOUS
100
AcDbLine
 10
90.5075149999999979
 20
-98.6184080000000023
 30
0
 11
90.3771169999999984
 21
-98.7055369999999925
 31
0
  0
LINE
  5
8EA
330
1B
100
AcDbEntity
  8
F.Cu
  6
CONTINUOUS
100
AcDbLine
 10
90.3771169999999984
 20
-98.7055369999999925
 30
0
 11
90.2322279999999921
 21
-98.7655519999999996
 31
0
  0
LINE
  5
8EB
330
1B
100
AcDbEntity
  8
F.Cu
  6
CONTINUOUS
100
AcDbLine
 10
90.2322279999999921
 20
-98.7655519999999996
 30
0
 11
90.0784139999999951
 21
-98.7961480000000023
 31
0
  0
LINE
  5
8EC
330
1B
100
AcDbEntity
  8
F.Cu
  6
CONTINUOUS
100
AcDbLine
 10
90.0784139999999951
 20
-98.7961480000000023
 30
0
 11
89.9215859999999907
 21
-98.7961480000000023
 31
0
  0
LINE
  5
8ED
330
1B
100
AcDbEntity
  8
F.Cu
  6
CONTINUOUS
100
AcDbLine
 10
89.9215859999999907
 20
-98.7961480000000023
 30
0
 11
89.7677719999999937
 21
-98.7655519999999996
 31
0
  0
LINE
  5
8EE
330
1B
100
AcDbEntity
  8
F.Cu
  6
CONTINUOUS
100
AcDbLine
 10
89.7677719999999937
 20
-98.7655519999999996
 30
0
 11
89.6228830000000016
 21
-98.7055369999999925
 31
0
  0
LINE
  5
8EF
330
1B
100
AcDbEntity
  8
F.Cu
  6
CONTINUOUS
100
AcDbLine
 10
89.6228830000000016
 20
-98.7055369999999925
 30
0
 11
89.4924850000000021
 21
-98.6184080000000023
 31
0
  0
LINE
  5
8F0
330
1B
100
AcDbEntity
  8
F.Cu
  6
CONTINUOUS
100
AcDbLine
 10
89.4924850000000021
 20
-98.6184080000000023
 30
0
 11
89.3815919999999977
 21
-98.5075149999999979
 31
0
  0
LINE
  5
8F1
330
1B
100
AcDbEntity
  8
F.Cu
  6
CONTINUOUS
100
AcDbLine
 10
89.3815919999999977
 20
-98.5075149999999979
 30
0
 11
89.2944629999999933
 21
-98.3771169999999984
 31
0
  0
LINE
  5
8F2
330
1B
100
AcDbEntity
  8
F.Cu
  6
CONTINUOUS
100
AcDbLine
 10
89.2944629999999933
 20
-98.3771169999999984
 30
0
 11
89.2344480000000004
 21
-98.2322279999999921
 31
0
  0
LINE
  5
8F3
330
1B
100
AcDbEntity
  8
F.Cu
  6
CONTINUOUS
100
AcDbLine
 10
89.2344480000000004
 20
-98.2322279999999921
 30
0
 11
89.2038519999999977
 21
-98.0784139999999951
 31
0
  0
LINE
  5
8F4
330
1B
100
AcDbEntity
  8
F.Cu
  6
CONTINUOUS
100
AcDbLine
 10
89.2038519999999977
 20
-98.0784139999999951
 30
0
 11
89.2038519999999977
 21
-97.9215859999999907
 31
0
  0
LINE
  5
8F5
330
1B
100
AcDbEntity
  8
F.Cu
  6
CONTINUOUS
100
AcDbLine
 10
89.2038519999999977
 20
-97.9215859999999907
 30
0
 11
89.2344480000000004
 21
-97.7677719999999937
 31
0
  0
LINE
  5
8F6
330
1B
100
AcDbEntity
  8
F.Cu
  6
CONTINUOUS
100
AcDbLine
 10
89.2344480000000004
 20
-97.7677719999999937
 30
0
 11
89.2944629999999933
 21
-97.6228830000000016
 31
0
  0
LINE
  5
8F7
330
1B
100
AcDbEntity
  8
F.Cu
  6
CONTINUOUS
100
AcDbLine
 10
89.2944629999999933
 20
-97.6228830000000016
 30
0
 11
89.3815919999999977
 21
-97.4924850000000021
 31
0
  0
LINE
  5
8F8
330
1B
100
AcDbEntity
  8
F.Cu
  6
CONTINUOUS
100
AcDbLine
 10
89.3815919999999977
 20
-97.4924850000000021
 30
0
 11
89.4924850000000021
 21
-97.3815919999999977
 31
0
  0
LINE
  5
8F9
330
1B
100
AcDbEntity
  8
F.Cu
  6
CONTINUOUS
100
AcDbLine
 10
89.4924850000000021
 20
-97.3815919999999977
 30
0
 11
89.6228830000000016
 21
-97.2944629999999933
 31
0
  0
LINE
  5
8FA
330
1B
100
AcDbEntity
  8
F.Cu
  6
CONTINUOUS
100
AcDbLine
 10
89.6228830000000016
 20
-97.2944629999999933
 30
0
 11
89.7677719999999937
 21
-97.2344480000000004
 31
0
  0
LINE
  5
8FB
330
1B
100
AcDbEntity
  8
F.Cu
  6
CONTINUOUS
100
AcDbLine
 10
89.7677719999999937
 20
-97.2344480000000004
 30
0
 11
89.9215859999999907
 21
-97.2038519999999977
 31
0
  0
LINE
  5
8FC
330
1B
100
AcDbEntity
  8
F.Cu
  6
CONTINUOUS
100
AcDbLine
 10
89.9215859999999907
 20
-97.2038519999999977
 30
0
 11
90.0784139999999951
 21
-97.2038519999999977
 31
0
  0
LINE
  5
8FD
330
1B
100
AcDbEntity
  8
F.Cu
  6
CONTINUOUS
100
AcDbLine
 10
90.0784139999999951
 20
-97.2038519999999977
 30
0
 11
90.2322279999999921
 21
-97.2344480000000004
 31
0
  0
LINE
  5
8FE
330
1B
100
AcDbEntity
  8
F.Cu
  6
CONTINUOUS
100
AcDbLine
 10
95.2322279999999921
 20
-97.2344480000000004
 30
0
 11
95.3771169999999984
 21
-97.2944629999999933
 31
0
  0
LINE
  5
8FF
330
1B
100
AcDbEntity
  8
F.Cu
  6
CONTINUOUS
100
AcDbLine
 10
95.3771169999999984
 20
-97.2944629999999933
 30
0
 11
95.5075149999999979
 21
-97.3815919999999977
 31
0
  0
LINE
  5
900
330
1B
100
AcDbEntity
  8
F.Cu
  6
CONTINUOUS
100
AcDbLine
 10
95.5075149999999979
 20
-97.3815919999999977
 30
0
 11
95.6184080000000023
 21
-97.4924850000000021
 31
0
  0
LINE
  5
901
330
1B
100
AcDbEntity
  8
F.Cu
  6
CONTINUOUS
100
AcDbLine
 10
95.6184080000000023
 20
-97.4924850000000021
 30
0
 11
95.7055369999999925
 21
-97.6228830000000016
 31
0
  0
LINE
  5
902
330
1B
100
AcDbEntity
  8
F.Cu
  6
CONTINUOUS
100
AcDbLine
 10
95.7055369999999925
 20
-97.6228830000000016
 30
0
 11
95.7655519999999996
 21
-97.7677719999999937
 31
0
  0
LINE
  5
903
330
1B
100
AcDbEntity
  8
F.Cu
  6
CONTINUOUS
100
AcDbLine
 10
95.7655519999999996
 20
-97.7677719999999937
 30
0
 11
95.7961480000000023
 21
-97.9215859999999907
 31
0
  0
LINE
  5
904
330
1B
100
AcDbEntity
  8
F.Cu
  6
CONTINUOUS
100
AcDbLine
 10
95.7961480000000023
 20
-97.9215859999999907
 30
0
 11
95.7961480000000023
 21
-98.0784139999999951
 31
0
  0
LINE
  5
905
330
1B
100
AcDbEntity
  8
F.Cu
  6
CONTINUOUS
100
AcDbLine
 10
95.7961480000000023
 20
-98.0784139999999951
 30
0
 11
95.7655519999999996
 21
-98.2322279999999921
 31
0
  0
LINE
  5
906
330
1B
100
AcDbEntity
  8
F.Cu
  6
CONTINUOUS
100
AcDbLine
 10
95.7655519999999996
 20
-98.2322279999999921
 30
0
 11
95.7055369999999925
 21
-98.3771169999999984
 31
0
  0
LINE
  5
907
330
1B
100
AcDbEntity
  8
F.Cu
  6
CONTINUOUS
100
AcDbLine
 10
95.7055369999999925
 20
-98.3771169999999984
 30
0
 11
95.6184080000000023
 21
-98.5075149999999979
 31
0
  0
LINE
  5
908
330
1B
100
AcDbEntity
  8
F.Cu
  6
CONTINUOUS
100
AcDbLine
 10
95.6184080000000023
 20
-98.5075149999999979
 30
0
 11
95.5075149999999979
 21
-98.6184080000000023
 31
0
  0
LINE
  5
909
330
1B
100
AcDbEntity
  8
F.Cu
  6
CONTINUOUS
100
AcDbLine
 10
95.5075149999999979
 20
-98.6184080000000023
 30
0
 11
95.3771169999999984
 21
-98.7055369999999925
 31
0
  0
LINE
  5
90A
330
1B
100
AcDbEntity
  8
F.Cu
  6
CONTINUOUS
100
AcDbLine
 10
95.3771169999999984
 20
-98.7055369999999925
 30
0
 11
95.2322279999999921
 21
-98.7655519999999996
 31
0
  0
LINE
  5
90B
330
1B
100
AcDbEntity
  8
F.Cu
  6
CONTINUOUS
100
AcDbLine
 10
95.2322279999999921
 20
-98.7655519999999996
 30
0
 11
95.0784139999999951
 21
-98.7961480000000023
 31
0
  0
LINE
  5
90C
330
1B
100
AcDbEntity
  8
F.Cu
  6
CONTINUOUS
100
AcDbLine
 10
95.0784139999999951
 20
-98.7961480000000023
 30
0
 11
94.9215859999999907
 21
-98.7961480000000023
 31
0
  0
LINE
  5
90D
330
1B
100
AcDbEntity
  8
F.Cu
  6
CONTINUOUS
100
AcDbLine
 10
94.9215859999999907
 20
-98.7961480000000023
 30
0
 11
94.7677719999999937
 21
-98.7655519999999996
 31
0
  0
LINE
  5
90E
330
1B
100
AcDbEntity
  8
F.Cu
  6
CONTINUOUS
100
AcDbLine
 10
94.7677719999999937
 20
-98.7655519999999996
 30
0
 11
94.6228830000000016
 21
-98.7055369999999925
 31
0
  0
LINE
  5
90F
330
1B
100
AcDbEntity
  8
F.Cu
  6
CONTINUOUS
100
AcDbLine
 10
94.6228830000000016
 20
-98.7055369999999925
 30
0
 11
94.4924850000000021
 21
-98.6184080000000023
 31
0
  0
LINE
  5
910
330
1B
100
AcDbEntity
  8
F.Cu
  6
CONTINUOUS
100
AcDbLine
 10
94.4924850000000021
 20
-98.6184080000000023
 30
0
 11
94.3815919999999977
 21
-98.5075149999999979
 31
0
  0
LINE
  5
911
330
1B
100
AcDbEntity
  8
F.Cu
  6
CONTINUOUS
100
AcDbLine
 10
94.3815919999999977
 20
-98.5075149999999979
 30
0
 11
94.2944629999999933
 21
-98.3771169999999984
 31
0
  0
LINE
  5
912
330
1B
100
AcDbEntity
  8
F.Cu
  6
CONTINUOUS
100
AcDbLine
 10
94.2944629999999933
 20
-98.3771169999999984
 30
0
 11
94.2344480000000004
 21
-98.2322279999999921
 31
0
  0
LINE
  5
913
330
1B
100
AcDbEntity
  8
F.Cu
  6
CONTINUOUS
100
AcDbLine
 10
94.2344480000000004
 20
-98.2322279999999921
 30
0
 11
94.2038519999999977
 21
-98.0784139999999951
 31
0
  0
LINE
  5
914
330
1B
100
AcDbEntity
  8
F.Cu
  6
CONTINUOUS
100
AcDbLine
 10
94.2038519999999977
 20
-98.0784139999999951
 30
0
 11
94.2038519999999977
 21
-97.9215859999999907
 31
0
  0
LINE
  5
915
330
1B
100
AcDbEntity
  8
F.Cu
  6
CONTINUOUS
100
AcDbLine
 10
94.2038519999999977
 20
-97.9215859999999907
 30
0
 11
94.2344480000000004
 21
-97.7677719999999937
 31
0
  0
LINE
  5
916
330
1B
100
AcDbEntity
  8
F.Cu
  6
CONTINUOUS
100
AcDbLine
 10
94.2344480000000004
 20
-97.7677719999999937
 30
0
 11
94.2944629999999933
 21
-97.6228830000000016
 31
0
  0
LINE
  5
917
330
1B
100
AcDbEntity
  8
F.Cu
  6
CONTINUOUS
100
AcDbLine
 10
94.2944629999999933
 20
-97.6228830000000016
 30
0
 11
94.3815919999999977
 21
-97.4924850000000021
 31
0
  0
LINE
  5
918
330
1B
100
AcDbEntity
  8
F.Cu
  6
CONTINUOUS
100
AcDbLine
 10
94.3815919999999977
 20
-97.4924850000000021
 30
0
 11
94.4924850000000021
 21
-97.3815919999999977
 31
0
  0
LINE
  5
919
330
1B
100
AcDbEntity
  8
F.Cu
  6
CONTINUOUS
100
AcDbLine
 10
94.4924850000000021
 20
-97.3815919999999977
 30
0
 11
94.6228830000000016
 21
-97.2944629999999933
 31
0
  0
LINE
  5
91A
330
1B
100
AcDbEntity
  8
F.Cu
  6
CONTINUOUS
100
AcDbLine
 10
94.6228830000000016
 20
-97.2944629999999933
 30
0
 11
94.7677719999999937
 21
-97.2344480000000004
 31
0
  0
LINE
  5
91B
330
1B
100
AcDbEntity
  8
F.Cu
  6
CONTINUOUS
100
AcDbLine
 10
94.7677719999999937
 20
-97.2344480000000004
 30
0
 11
94.9215859999999907
 21
-97.2038519999999977
 31
0
  0
LINE
  5
91C
330
1B
100
AcDbEntity
  8
F.Cu
  6
CONTINUOUS
100
AcDbLine
 10
94.9215859999999907
 20
-97.2038519999999977
 30
0
 11
95.0784139999999951
 21
-97.2038519999999977
 31
0
  0
LINE
  5
91D
330
1B
100
AcDbEntity
  8
F.Cu
  6
CONTINUOUS
100
AcDbLine
 10
95.0784139999999951
 20
-97.2038519999999977
 30
0
 11
95.2322279999999921
 21
-97.2344480000000004
 31
0
  0
LINE
  5
91E
330
1B
100
AcDbEntity
  8
F.Cu
  6
CONTINUOUS
100
AcDbLine
 10
79.4722280000000012
 20
-96.394447999999997
 30
0
 11
79.6171169999999933
 21
-96.4544629999999898
 31
0
  0
LINE
  5
91F
330
1B
100
AcDbEntity
  8
F.Cu
  6
CONTINUOUS
100
AcDbLine
 10
79.6171169999999933
 20
-96.4544629999999898
 30
0
 11
79.7475149999999928
 21
-96.5415919999999943
 31
0
  0
LINE
  5
920
330
1B
100
AcDbEntity
  8
F.Cu
  6
CONTINUOUS
100
AcDbLine
 10
79.7475149999999928
 20
-96.5415919999999943
 30
0
 11
79.8584079999999972
 21
-96.6524849999999986
 31
0
  0
LINE
  5
921
330
1B
100
AcDbEntity
  8
F.Cu
  6
CONTINUOUS
100
AcDbLine
 10
79.8584079999999972
 20
-96.6524849999999986
 30
0
 11
79.9455370000000016
 21
-96.7828829999999982
 31
0
  0
LINE
  5
922
330
1B
100
AcDbEntity
  8
F.Cu
  6
CONTINUOUS
100
AcDbLine
 10
79.9455370000000016
 20
-96.7828829999999982
 30
0
 11
80.0055519999999945
 21
-96.9277719999999903
 31
0
  0
LINE
  5
923
330
1B
100
AcDbEntity
  8
F.Cu
  6
CONTINUOUS
100
AcDbLine
 10
80.0055519999999945
 20
-96.9277719999999903
 30
0
 11
80.0361479999999972
 21
-97.0815860000000015
 31
0
  0
LINE
  5
924
330
1B
100
AcDbEntity
  8
F.Cu
  6
CONTINUOUS
100
AcDbLine
 10
80.0361479999999972
 20
-97.0815860000000015
 30
0
 11
80.0361479999999972
 21
-97.2384139999999917
 31
0
  0
LINE
  5
925
330
1B
100
AcDbEntity
  8
F.Cu
  6
CONTINUOUS
100
AcDbLine
 10
80.0361479999999972
 20
-97.2384139999999917
 30
0
 11
80.0055519999999945
 21
-97.3922279999999887
 31
0
  0
LINE
  5
926
330
1B
100
AcDbEntity
  8
F.Cu
  6
CONTINUOUS
100
AcDbLine
 10
80.0055519999999945
 20
-97.3922279999999887
 30
0
 11
79.9455370000000016
 21
-97.537116999999995
 31
0
  0
LINE
  5
927
330
1B
100
AcDbEntity
  8
F.Cu
  6
CONTINUOUS
100
AcDbLine
 10
79.9455370000000016
 20
-97.537116999999995
 30
0
 11
79.8584079999999972
 21
-97.6675149999999945
 31
0
  0
LINE
  5
928
330
1B
100
AcDbEntity
  8
F.Cu
  6
CONTINUOUS
100
AcDbLine
 10
79.8584079999999972
 20
-97.6675149999999945
 30
0
 11
79.7475149999999928
 21
-97.7784079999999989
 31
0
  0
LINE
  5
929
330
1B
100
AcDbEntity
  8
F.Cu
  6
CONTINUOUS
100
AcDbLine
 10
79.7475149999999928
 20
-97.7784079999999989
 30
0
 11
79.6171169999999933
 21
-97.8655369999999891
 31
0
  0
LINE
  5
92A
330
1B
100
AcDbEntity
  8
F.Cu
  6
CONTINUOUS
100
AcDbLine
 10
79.6171169999999933
 20
-97.8655369999999891
 30
0
 11
79.4722280000000012
 21
-97.9255519999999962
 31
0
  0
LINE
  5
92B
330
1B
100
AcDbEntity
  8
F.Cu
  6
CONTINUOUS
100
AcDbLine
 10
79.4722280000000012
 20
-97.9255519999999962
 30
0
 11
79.31841399999999
 21
-97.9561479999999989
 31
0
  0
LINE
  5
92C
330
1B
100
AcDbEntity
  8
F.Cu
  6
CONTINUOUS
100
AcDbLine
 10
79.31841399999999
 20
-97.9561479999999989
 30
0
 11
79.1615859999999998
 21
-97.9561479999999989
 31
0
  0
LINE
  5
92D
330
1B
100
AcDbEntity
  8
F.Cu
  6
CONTINUOUS
100
AcDbLine
 10
79.1615859999999998
 20
-97.9561479999999989
 30
0
 11
79.0077720000000028
 21
-97.9255519999999962
 31
0
  0
LINE
  5
92E
330
1B
100
AcDbEntity
  8
F.Cu
  6
CONTINUOUS
100
AcDbLine
 10
79.0077720000000028
 20
-97.9255519999999962
 30
0
 11
78.8628829999999965
 21
-97.8655369999999891
 31
0
  0
LINE
  5
92F
330
1B
100
AcDbEntity
  8
F.Cu
  6
CONTINUOUS
100
AcDbLine
 10
78.8628829999999965
 20
-97.8655369999999891
 30
0
 11
78.7324849999999969
 21
-97.7784079999999989
 31
0
  0
LINE
  5
930
330
1B
100
AcDbEntity
  8
F.Cu
  6
CONTINUOUS
100
AcDbLine
 10
78.7324849999999969
 20
-97.7784079999999989
 30
0
 11
78.6215919999999926
 21
-97.6675149999999945
 31
0
  0
LINE
  5
931
330
1B
100
AcDbEntity
  8
F.Cu
  6
CONTINUOUS
100
AcDbLine
 10
78.6215919999999926
 20
-97.6675149999999945
 30
0
 11
78.5344630000000024
 21
-97.537116999999995
 31
0
  0
LINE
  5
932
330
1B
100
AcDbEntity
  8
F.Cu
  6
CONTINUOUS
100
AcDbLine
 10
78.5344630000000024
 20
-97.537116999999995
 30
0
 11
78.4744479999999953
 21
-97.3922279999999887
 31
0
  0
LINE
  5
933
330
1B
100
AcDbEntity
  8
F.Cu
  6
CONTINUOUS
100
AcDbLine
 10
78.4744479999999953
 20
-97.3922279999999887
 30
0
 11
78.4438519999999926
 21
-97.2384139999999917
 31
0
  0
LINE
  5
934
330
1B
100
AcDbEntity
  8
F.Cu
  6
CONTINUOUS
100
AcDbLine
 10
78.4438519999999926
 20
-97.2384139999999917
 30
0
 11
78.4438519999999926
 21
-97.0815860000000015
 31
0
  0
LINE
  5
935
330
1B
100
AcDbEntity
  8
F.Cu
  6
CONTINUOUS
100
AcDbLine
 10
78.4438519999999926
 20
-97.0815860000000015
 30
0
 11
78.4744479999999953
 21
-96.9277719999999903
 31
0
  0
LINE
  5
936
330
1B
100
AcDbEntity
  8
F.Cu
  6
CONTINUOUS
100
AcDbLine
 10
78.4744479999999953
 20
-96.9277719999999903
 30
0
 11
78.5344630000000024
 21
-96.7828829999999982
 31
0
  0
LINE
  5
937
330
1B
100
AcDbEntity
  8
F.Cu
  6
CONTINUOUS
100
AcDbLine
 10
78.5344630000000024
 20
-96.7828829999999982
 30
0
 11
78.6215919999999926
 21
-96.6524849999999986
 31
0
  0
LINE
  5
938
330
1B
100
AcDbEntity
  8
F.Cu
  6
CONTINUOUS
100
AcDbLine
 10
78.6215919999999926
 20
-96.6524849999999986
 30
0
 11
78.7324849999999969
 21
-96.5415919999999943
 31
0
  0
LINE
  5
939
330
1B
100
AcDbEntity
  8
F.Cu
  6
CONTINUOUS
100
AcDbLine
 10
78.7324849999999969
 20
-96.5415919999999943
 30
0
 11
78.8628829999999965
 21
-96.4544629999999898
 31
0
  0
LINE
  5
93A
330
1B
100
AcDbEntity
  8
F.Cu
  6
CONTINUOUS
100
AcDbLine
 10
78.8628829999999965
 20
-96.4544629999999898
 30
0
 11
79.0077720000000028
 21
-96.394447999999997
 31
0
  0
LINE
  5
93B
330
1B
100
AcDbEntity
  8
F.Cu
  6
CONTINUOUS
100
AcDbLine
 10
79.0077720000000028
 20
-96.394447999999997
 30
0
 11
79.1615859999999998
 21
-96.3638519999999943
 31
0
  0
LINE
  5
93C
330
1B
100
AcDbEntity
  8
F.Cu
  6
CONTINUOUS
100
AcDbLine
 10
79.1615859999999998
 20
-96.3638519999999943
 30
0
 11
79.31841399999999
 21
-96.3638519999999943
 31
0
  0
LINE
  5
93D
330
1B
100
AcDbEntity
  8
F.Cu
  6
CONTINUOUS
100
AcDbLine
 10
79.31841399999999
 20
-96.3638519999999943
 30
0
 11
79.4722280000000012
 21
-96.394447999999997
 31
0
  0
LINE
  5
93E
330
1B
100
AcDbEntity
  8
F.Cu
  6
CONTINUOUS
100
AcDbLine
 10
86.2322279999999921
 20
-94.394447999999997
 30
0
 11
86.3771169999999984
 21
-94.4544629999999898
 31
0
  0
LINE
  5
93F
330
1B
100
AcDbEntity
  8
F.Cu
  6
CONTINUOUS
100
AcDbLine
 10
86.3771169999999984
 20
-94.4544629999999898
 30
0
 11
86.5075149999999979
 21
-94.5415919999999943
 31
0
  0
LINE
  5
940
330
1B
100
AcDbEntity
  8
F.Cu
  6
CONTINUOUS
100
AcDbLine
 10
86.5075149999999979
 20
-94.5415919999999943
 30
0
 11
86.6184080000000023
 21
-94.6524849999999986
 31
0
  0
LINE
  5
941
330
1B
100
AcDbEntity
  8
F.Cu
  6
CONTINUOUS
100
AcDbLine
 10
86.6184080000000023
 20
-94.6524849999999986
 30
0
 11
86.7055369999999925
 21
-94.7828829999999982
 31
0
  0
LINE
  5
942
330
1B
100
AcDbEntity
  8
F.Cu
  6
CONTINUOUS
100
AcDbLine
 10
86.7055369999999925
 20
-94.7828829999999982
 30
0
 11
86.7655519999999996
 21
-94.9277719999999903
 31
0
  0
LINE
  5
943
330
1B
100
AcDbEntity
  8
F.Cu
  6
CONTINUOUS
100
AcDbLine
 10
86.7655519999999996
 20
-94.9277719999999903
 30
0
 11
86.7961480000000023
 21
-95.0815860000000015
 31
0
  0
LINE
  5
944
330
1B
100
AcDbEntity
  8
F.Cu
  6
CONTINUOUS
100
AcDbLine
 10
86.7961480000000023
 20
-95.0815860000000015
 30
0
 11
86.7961480000000023
 21
-95.2384139999999917
 31
0
  0
LINE
  5
945
330
1B
100
AcDbEntity
  8
F.Cu
  6
CONTINUOUS
100
AcDbLine
 10
86.7961480000000023
 20
-95.2384139999999917
 30
0
 11
86.7655519999999996
 21
-95.3922279999999887
 31
0
  0
LINE
  5
946
330
1B
100
AcDbEntity
  8
F.Cu
  6
CONTINUOUS
100
AcDbLine
 10
86.7655519999999996
 20
-95.3922279999999887
 30
0
 11
86.7055369999999925
 21
-95.537116999999995
 31
0
  0
LINE
  5
947
330
1B
100
AcDbEntity
  8
F.Cu
  6
CONTINUOUS
100
AcDbLine
 10
86.7055369999999925
 20
-95.537116999999995
 30
0
 11
86.6184080000000023
 21
-95.6675149999999945
 31
0
  0
LINE
  5
948
330
1B
100
AcDbEntity
  8
F.Cu
  6
CONTINUOUS
100
AcDbLine
 10
86.6184080000000023
 20
-95.6675149999999945
 30
0
 11
86.5075149999999979
 21
-95.7784079999999989
 31
0
  0
LINE
  5
949
330
1B
100
AcDbEntity
  8
F.Cu
  6
CONTINUOUS
100
AcDbLine
 10
86.5075149999999979
 20
-95.7784079999999989
 30
0
 11
86.3771169999999984
 21
-95.8655369999999891
 31
0
  0
LINE
  5
94A
330
1B
100
AcDbEntity
  8
F.Cu
  6
CONTINUOUS
100
AcDbLine
 10
86.3771169999999984
 20
-95.8655369999999891
 30
0
 11
86.2322279999999921
 21
-95.9255519999999962
 31
0
  0
LINE
  5
94B
330
1B
100
AcDbEntity
  8
F.Cu
  6
CONTINUOUS
100
AcDbLine
 10
86.2322279999999921
 20
-95.9255519999999962
 30
0
 11
86.0784139999999951
 21
-95.9561479999999989
 31
0
  0
LINE
  5
94C
330
1B
100
AcDbEntity
  8
F.Cu
  6
CONTINUOUS
100
AcDbLine
 10
86.0784139999999951
 20
-95.9561479999999989
 30
0
 11
85.9215859999999907
 21
-95.9561479999999989
 31
0
  0
LINE
  5
94D
330
1B
100
AcDbEntity
  8
F.Cu
  6
CONTINUOUS
100
AcDbLine
 10
85.9215859999999907
 20
-95.9561479999999989
 30
0
 11
85.7677719999999937
 21
-95.9255519999999962
 31
0
  0
LINE
  5
94E
330
1B
100
AcDbEntity
  8
F.Cu
  6
CONTINUOUS
100
AcDbLine
 10
85.7677719999999937
 20
-95.9255519999999962
 30
0
 11
85.6228830000000016
 21
-95.8655369999999891
 31
0
  0
LINE
  5
94F
330
1B
100
AcDbEntity
  8
F.Cu
  6
CONTINUOUS
100
AcDbLine
 10
85.6228830000000016
 20
-95.8655369999999891
 30
0
 11
85.4924850000000021
 21
-95.7784079999999989
 31
0
  0
LINE
  5
950
330
1B
100
AcDbEntity
  8
F.Cu
  6
CONTINUOUS
100
AcDbLine
 10
85.4924850000000021
 20
-95.7784079999999989
 30
0
 11
85.3815919999999977
 21
-95.6675149999999945
 31
0
  0
LINE
  5
951
330
1B
100
AcDbEntity
  8
F.Cu
  6
CONTINUOUS
100
AcDbLine
 10
85.3815919999999977
 20
-95.6675149999999945
 30
0
 11
85.2944629999999933
 21
-95.537116999999995
 31
0
  0
LINE
  5
952
330
1B
100
AcDbEntity
  8
F.Cu
  6
CONTINUOUS
100
AcDbLine
 10
85.2944629999999933
 20
-95.537116999999995
 30
0
 11
85.2344480000000004
 21
-95.3922279999999887
 31
0
  0
LINE
  5
953
330
1B
100
AcDbEntity
  8
F.Cu
  6
CONTINUOUS
100
AcDbLine
 10
85.2344480000000004
 20
-95.3922279999999887
 30
0
 11
85.2038519999999977
 21
-95.2384139999999917
 31
0
  0
LINE
  5
954
330
1B
100
AcDbEntity
  8
F.Cu
  6
CONTINUOUS
100
AcDbLine
 10
85.2038519999999977
 20
-95.2384139999999917
 30
0
 11
85.2038519999999977
 21
-95.0815860000000015
 31
0
  0
LINE
  5
955
330
1B
100
AcDbEntity
  8
F.Cu
  6
CONTINUOUS
100
AcDbLine
 10
85.2038519999999977
 20
-95.0815860000000015
 30
0
 11
85.2344480000000004
 21
-94.9277719999999903
 31
0
  0
LINE
  5
956
330
1B
100
AcDbEntity
  8
F.Cu
  6
CONTINUOUS
100
AcDbLine
 10
85.2344480000000004
 20
-94.9277719999999903
 30
0
 11
85.2944629999999933
 21
-94.7828829999999982
 31
0
  0
LINE
  5
957
330
1B
100
AcDbEntity
  8
F.Cu
  6
CONTINUOUS
100
AcDbLine
 10
85.2944629999999933
 20
-94.7828829999999982
 30
0
 11
85.3815919999999977
 21
-94.6524849999999986
 31
0
  0
LINE
  5
958
330
1B
100
AcDbEntity
  8
F.Cu
  6
CONTINUOUS
100
AcDbLine
 10
85.3815919999999977
 20
-94.6524849999999986
 30
0
 11
85.4924850000000021
 21
-94.5415919999999943
 31
0
  0
LINE
  5
959
330
1B
100
AcDbEntity
  8
F.Cu
  6
CONTINUOUS
100
AcDbLine
 10
85.4924850000000021
 20
-94.5415919999999943
 30
0
 11
85.6228830000000016
 21
-94.4544629999999898
 31
0
  0
LINE
  5
95A
330
1B
100
AcDbEntity
  8
F.Cu
  6
CONTINUOUS
100
AcDbLine
 10
85.6228830000000016
 20
-94.4544629999999898
 30
0
 11
85.7677719999999937
 21
-94.394447999999997
 31
0
  0
LINE
  5
95B
330
1B
100
AcDbEntity
  8
F.Cu
  6
CONTINUOUS
100
AcDbLine
 10
85.7677719999999937
 20
-94.394447999999997
 30
0
 11
85.9215859999999907
 21
-94.3638519999999943
 31
0
  0
LINE
  5
95C
330
1B
100
AcDbEntity
  8
F.Cu
  6
CONTINUOUS
100
AcDbLine
 10
85.9215859999999907
 20
-94.3638519999999943
 30
0
 11
86.0784139999999951
 21
-94.3638519999999943
 31
0
  0
LINE
  5
95D
330
1B
100
AcDbEntity
  8
F.Cu
  6
CONTINUOUS
100
AcDbLine
 10
86.0784139999999951
 20
-94.3638519999999943
 30
0
 11
86.2322279999999921
 21
-94.394447999999997
 31
0
  0
LINE
  5
95E
330
1B
100
AcDbEntity
  8
F.Cu
  6
CONTINUOUS
100
AcDbLine
 10
98.2322279999999921
 20
-93.4544479999999993
 30
0
 11
98.3771169999999984
 21
-93.5144629999999921
 31
0
  0
LINE
  5
95F
330
1B
100
AcDbEntity
  8
F.Cu
  6
CONTINUOUS
100
AcDbLine
 10
98.3771169999999984
 20
-93.5144629999999921
 30
0
 11
98.5075149999999979
 21
-93.6015919999999966
 31
0
  0
LINE
  5
960
330
1B
100
AcDbEntity
  8
F.Cu
  6
CONTINUOUS
100
AcDbLine
 10
98.5075149999999979
 20
-93.6015919999999966
 30
0
 11
98.6184080000000023
 21
-93.7124850000000009
 31
0
  0
LINE
  5
961
330
1B
100
AcDbEntity
  8
F.Cu
  6
CONTINUOUS
100
AcDbLine
 10
98.6184080000000023
 20
-93.7124850000000009
 30
0
 11
98.7055369999999925
 21
-93.8428830000000005
 31
0
  0
LINE
  5
962
330
1B
100
AcDbEntity
  8
F.Cu
  6
CONTINUOUS
100
AcDbLine
 10
98.7055369999999925
 20
-93.8428830000000005
 30
0
 11
98.7655519999999996
 21
-93.9877719999999925
 31
0
  0
LINE
  5
963
330
1B
100
AcDbEntity
  8
F.Cu
  6
CONTINUOUS
100
AcDbLine
 10
98.7655519999999996
 20
-93.9877719999999925
 30
0
 11
98.7961480000000023
 21
-94.1415859999999896
 31
0
  0
LINE
  5
964
330
1B
100
AcDbEntity
  8
F.Cu
  6
CONTINUOUS
100
AcDbLine
 10
98.7961480000000023
 20
-94.1415859999999896
 30
0
 11
98.7961480000000023
 21
-94.298413999999994
 31
0
  0
LINE
  5
965
330
1B
100
AcDbEntity
  8
F.Cu
  6
CONTINUOUS
100
AcDbLine
 10
98.7961480000000023
 20
-94.298413999999994
 30
0
 11
98.7655519999999996
 21
-94.452227999999991
 31
0
  0
LINE
  5
966
330
1B
100
AcDbEntity
  8
F.Cu
  6
CONTINUOUS
100
AcDbLine
 10
98.7655519999999996
 20
-94.452227999999991
 30
0
 11
98.7055369999999925
 21
-94.5971169999999972
 31
0
  0
LINE
  5
967
330
1B
100
AcDbEntity
  8
F.Cu
  6
CONTINUOUS
100
AcDbLine
 10
98.7055369999999925
 20
-94.5971169999999972
 30
0
 11
98.6184080000000023
 21
-94.7275149999999968
 31
0
  0
LINE
  5
968
330
1B
100
AcDbEntity
  8
F.Cu
  6
CONTINUOUS
100
AcDbLine
 10
98.6184080000000023
 20
-94.7275149999999968
 30
0
 11
98.5075149999999979
 21
-94.8384080000000012
 31
0
  0
LINE
  5
969
330
1B
100
AcDbEntity
  8
F.Cu
  6
CONTINUOUS
100
AcDbLine
 10
98.5075149999999979
 20
-94.8384080000000012
 30
0
 11
98.3771169999999984
 21
-94.9255369999999914
 31
0
  0
LINE
  5
96A
330
1B
100
AcDbEntity
  8
F.Cu
  6
CONTINUOUS
100
AcDbLine
 10
98.3771169999999984
 20
-94.9255369999999914
 30
0
 11
98.2322279999999921
 21
-94.9855519999999984
 31
0
  0
LINE
  5
96B
330
1B
100
AcDbEntity
  8
F.Cu
  6
CONTINUOUS
100
AcDbLine
 10
98.2322279999999921
 20
-94.9855519999999984
 30
0
 11
98.0784139999999951
 21
-95.0161480000000012
 31
0
  0
LINE
  5
96C
330
1B
100
AcDbEntity
  8
F.Cu
  6
CONTINUOUS
100
AcDbLine
 10
98.0784139999999951
 20
-95.0161480000000012
 30
0
 11
97.9215859999999907
 21
-95.0161480000000012
 31
0
  0
LINE
  5
96D
330
1B
100
AcDbEntity
  8
F.Cu
  6
CONTINUOUS
100
AcDbLine
 10
97.9215859999999907
 20
-95.0161480000000012
 30
0
 11
97.7677719999999937
 21
-94.9855519999999984
 31
0
  0
LINE
  5
96E
330
1B
100
AcDbEntity
  8
F.Cu
  6
CONTINUOUS
100
AcDbLine
 10
97.7677719999999937
 20
-94.9855519999999984
 30
0
 11
97.6228830000000016
 21
-94.9255369999999914
 31
0
  0
LINE
  5
96F
330
1B
100
AcDbEntity
  8
F.Cu
  6
CONTINUOUS
100
AcDbLine
 10
97.6228830000000016
 20
-94.9255369999999914
 30
0
 11
97.4924850000000021
 21
-94.8384080000000012
 31
0
  0
LINE
  5
970
330
1B
100
AcDbEntity
  8
F.Cu
  6
CONTINUOUS
100
AcDbLine
 10
97.4924850000000021
 20
-94.8384080000000012
 30
0
 11
97.3815919999999977
 21
-94.7275149999999968
 31
0
  0
LINE
  5
971
330
1B
100
AcDbEntity
  8
F.Cu
  6
CONTINUOUS
100
AcDbLine
 10
97.3815919999999977
 20
-94.7275149999999968
 30
0
 11
97.2944629999999933
 21
-94.5971169999999972
 31
0
  0
LINE
  5
972
330
1B
100
AcDbEntity
  8
F.Cu
  6
CONTINUOUS
100
AcDbLine
 10
97.2944629999999933
 20
-94.5971169999999972
 30
0
 11
97.2344480000000004
 21
-94.452227999999991
 31
0
  0
LINE
  5
973
330
1B
100
AcDbEntity
  8
F.Cu
  6
CONTINUOUS
100
AcDbLine
 10
97.2344480000000004
 20
-94.452227999999991
 30
0
 11
97.2038519999999977
 21
-94.298413999999994
 31
0
  0
LINE
  5
974
330
1B
100
AcDbEntity
  8
F.Cu
  6
CONTINUOUS
100
AcDbLine
 10
97.2038519999999977
 20
-94.298413999999994
 30
0
 11
97.2038519999999977
 21
-94.1415859999999896
 31
0
  0
LINE
  5
975
330
1B
100
AcDbEntity
  8
F.Cu
  6
CONTINUOUS
100
AcDbLine
 10
97.2038519999999977
 20
-94.1415859999999896
 30
0
 11
97.2344480000000004
 21
-93.9877719999999925
 31
0
  0
LINE
  5
976
330
1B
100
AcDbEntity
  8
F.Cu
  6
CONTINUOUS
100
AcDbLine
 10
97.2344480000000004
 20
-93.9877719999999925
 30
0
 11
97.2944629999999933
 21
-93.8428830000000005
 31
0
  0
LINE
  5
977
330
1B
100
AcDbEntity
  8
F.Cu
  6
CONTINUOUS
100
AcDbLine
 10
97.2944629999999933
 20
-93.8428830000000005
 30
0
 11
97.3815919999999977
 21
-93.7124850000000009
 31
0
  0
LINE
  5
978
330
1B
100
AcDbEntity
  8
F.Cu
  6
CONTINUOUS
100
AcDbLine
 10
97.3815919999999977
 20
-93.7124850000000009
 30
0
 11
97.4924850000000021
 21
-93.6015919999999966
 31
0
  0
LINE
  5
979
330
1B
100
AcDbEntity
  8
F.Cu
  6
CONTINUOUS
100
AcDbLine
 10
97.4924850000000021
 20
-93.6015919999999966
 30
0
 11
97.6228830000000016
 21
-93.5144629999999921
 31
0
  0
LINE
  5
97A
330
1B
100
AcDbEntity
  8
F.Cu
  6
CONTINUOUS
100
AcDbLine
 10
97.6228830000000016
 20
-93.5144629999999921
 30
0
 11
97.7677719999999937
 21
-93.4544479999999993
 31
0
  0
LINE
  5
97B
330
1B
100
AcDbEntity
  8
F.Cu
  6
CONTINUOUS
100
AcDbLine
 10
97.7677719999999937
 20
-93.4544479999999993
 30
0
 11
97.9215859999999907
 21
-93.4238519999999966
 31
0
  0
LINE
  5
97C
330
1B
100
AcDbEntity
  8
F.Cu
  6
CONTINUOUS
100
AcDbLine
 10
97.9215859999999907
 20
-93.4238519999999966
 30
0
 11
98.0784139999999951
 21
-93.4238519999999966
 31
0
  0
LINE
  5
97D
330
1B
100
AcDbEntity
  8
F.Cu
  6
CONTINUOUS
100
AcDbLine
 10
98.0784139999999951
 20
-93.4238519999999966
 30
0
 11
98.2322279999999921
 21
-93.4544479999999993
 31
0
  0
LINE
  5
97E
330
1B
100
AcDbEntity
  8
F.Cu
  6
CONTINUOUS
100
AcDbLine
 10
159.
 20
-93.
 30
0
 11
157.
 21
-93.
 31
0
  0
LINE
  5
97F
330
1B
100
AcDbEntity
  8
F.Cu
  6
CONTINUOUS
100
AcDbLine
 10
157.
 20
-93.
 30
0
 11
157.
 21
-91.
 31
0
  0
LINE
  5
980
330
1B
100
AcDbEntity
  8
F.Cu
  6
CONTINUOUS
100
AcDbLine
 10
157.
 20
-91.
 30
0
 11
159.
 21
-91.
 31
0
  0
LINE
  5
981
330
1B
100
AcDbEntity
  8
F.Cu
  6
CONTINUOUS
100
AcDbLine
 10
159.
 20
-91.
 30
0
 11
159.
 21
-93.
 31
0
  0
LINE
  5
982
330
1B
100
AcDbEntity
  8
F.Cu
  6
CONTINUOUS
100
AcDbLine
 10
68.8499999999999943
 20
-90.8999999999999915
 30
0
 11
67.1499999999999915
 21
-90.8999999999999915
 31
0
  0
LINE
  5
983
330
1B
100
AcDbEntity
  8
F.Cu
  6
CONTINUOUS
100
AcDbLine
 10
67.1499999999999915
 20
-90.8999999999999915
 30
0
 11
67.1499999999999915
 21
-89.0999999999999943
 31
0
  0
LINE
  5
984
330
1B
100
AcDbEntity
  8
F.Cu
  6
CONTINUOUS
100
AcDbLine
 10
67.1499999999999915
 20
-89.0999999999999943
 30
0
 11
68.8499999999999943
 21
-89.0999999999999943
 31
0
  0
LINE
  5
985
330
1B
100
AcDbEntity
  8
F.Cu
  6
CONTINUOUS
100
AcDbLine
 10
68.8499999999999943
 20
-89.0999999999999943
 30
0
 11
68.8499999999999943
 21
-90.8999999999999915
 31
0
  0
LINE
  5
986
330
1B
100
AcDbEntity
  8
F.Cu
  6
CONTINUOUS
100
AcDbLine
 10
63.1667419999999993
 20
-89.1366009999999989
 30
0
 11
63.3206869999999995
 21
-89.200367
 31
0
  0
LINE
  5
987
330
1B
100
AcDbEntity
  8
F.Cu
  6
CONTINUOUS
100
AcDbLine
 10
63.3206869999999995
 20
-89.200367
 30
0
 11
63.459233999999995
 21
-89.292940999999999
 31
0
  0
LINE
  5
988
330
1B
100
AcDbEntity
  8
F.Cu
  6
CONTINUOUS
100
AcDbLine
 10
63.459233999999995
 20
-89.292940999999999
 30
0
 11
63.5770589999999984
 21
-89.4107659999999953
 31
0
  0
LINE
  5
989
330
1B
100
AcDbEntity
  8
F.Cu
  6
CONTINUOUS
100
AcDbLine
 10
63.5770589999999984
 20
-89.4107659999999953
 30
0
 11
63.6696329999999975
 21
-89.5493129999999979
 31
0
  0
LINE
  5
98A
330
1B
100
AcDbEntity
  8
F.Cu
  6
CONTINUOUS
100
AcDbLine
 10
63.6696329999999975
 20
-89.5493129999999979
 30
0
 11
63.7333989999999986
 21
-89.7032579999999911
 31
0
  0
LINE
  5
98B
330
1B
100
AcDbEntity
  8
F.Cu
  6
CONTINUOUS
100
AcDbLine
 10
63.7333989999999986
 20
-89.7032579999999911
 30
0
 11
63.7659069999999986
 21
-89.8666849999999897
 31
0
  0
LINE
  5
98C
330
1B
100
AcDbEntity
  8
F.Cu
  6
CONTINUOUS
100
AcDbLine
 10
63.7659069999999986
 20
-89.8666849999999897
 30
0
 11
63.769999999999996
 21
-89.9500000000000028
 31
0
  0
LINE
  5
98D
330
1B
100
AcDbEntity
  8
F.Cu
  6
CONTINUOUS
100
AcDbLine
 10
63.769999999999996
 20
-89.9500000000000028
 30
0
 11
63.769999999999996
 21
-90.0499999999999972
 31
0
  0
LINE
  5
98E
330
1B
100
AcDbEntity
  8
F.Cu
  6
CONTINUOUS
100
AcDbLine
 10
63.769999999999996
 20
-90.0499999999999972
 30
0
 11
63.7659069999999986
 21
-90.1333149999999961
 31
0
  0
LINE
  5
98F
330
1B
100
AcDbEntity
  8
F.Cu
  6
CONTINUOUS
100
AcDbLine
 10
63.7659069999999986
 20
-90.1333149999999961
 30
0
 11
63.7333989999999986
 21
-90.2967419999999947
 31
0
  0
LINE
  5
990
330
1B
100
AcDbEntity
  8
F.Cu
  6
CONTINUOUS
100
AcDbLine
 10
63.7333989999999986
 20
-90.2967419999999947
 30
0
 11
63.6696329999999975
 21
-90.4506870000000021
 31
0
  0
LINE
  5
991
330
1B
100
AcDbEntity
  8
F.Cu
  6
CONTINUOUS
100
AcDbLine
 10
63.6696329999999975
 20
-90.4506870000000021
 30
0
 11
63.5770589999999984
 21
-90.5892339999999905
 31
0
  0
LINE
  5
992
330
1B
100
AcDbEntity
  8
F.Cu
  6
CONTINUOUS
100
AcDbLine
 10
63.5770589999999984
 20
-90.5892339999999905
 30
0
 11
63.459233999999995
 21
-90.707059000000001
 31
0
  0
LINE
  5
993
330
1B
100
AcDbEntity
  8
F.Cu
  6
CONTINUOUS
100
AcDbLine
 10
63.459233999999995
 20
-90.707059000000001
 30
0
 11
63.3206869999999995
 21
-90.799633
 31
0
  0
LINE
  5
994
330
1B
100
AcDbEntity
  8
F.Cu
  6
CONTINUOUS
100
AcDbLine
 10
63.3206869999999995
 20
-90.799633
 30
0
 11
63.1667419999999993
 21
-90.8633990000000011
 31
0
  0
LINE
  5
995
330
1B
100
AcDbEntity
  8
F.Cu
  6
CONTINUOUS
100
AcDbLine
 10
63.1667419999999993
 20
-90.8633990000000011
 30
0
 11
63.0033150000000006
 21
-90.895906999999994
 31
0
  0
LINE
  5
996
330
1B
100
AcDbEntity
  8
F.Cu
  6
CONTINUOUS
100
AcDbLine
 10
63.0033150000000006
 20
-90.895906999999994
 30
0
 11
62.8366849999999957
 21
-90.895906999999994
 31
0
  0
LINE
  5
997
330
1B
100
AcDbEntity
  8
F.Cu
  6
CONTINUOUS
100
AcDbLine
 10
62.8366849999999957
 20
-90.895906999999994
 30
0
 11
62.673257999999997
 21
-90.8633990000000011
 31
0
  0
LINE
  5
998
330
1B
100
AcDbEntity
  8
F.Cu
  6
CONTINUOUS
100
AcDbLine
 10
62.673257999999997
 20
-90.8633990000000011
 30
0
 11
62.5193129999999968
 21
-90.799633
 31
0
  0
LINE
  5
999
330
1B
100
AcDbEntity
  8
F.Cu
  6
CONTINUOUS
100
AcDbLine
 10
62.5193129999999968
 20
-90.799633
 30
0
 11
62.3807659999999942
 21
-90.707059000000001
 31
0
  0
LINE
  5
99A
330
1B
100
AcDbEntity
  8
F.Cu
  6
CONTINUOUS
100
AcDbLine
 10
62.3807659999999942
 20
-90.707059000000001
 30
0
 11
62.2629409999999979
 21
-90.5892339999999905
 31
0
  0
LINE
  5
99B
330
1B
100
AcDbEntity
  8
F.Cu
  6
CONTINUOUS
100
AcDbLine
 10
62.2629409999999979
 20
-90.5892339999999905
 30
0
 11
62.1703669999999988
 21
-90.4506870000000021
 31
0
  0
LINE
  5
99C
330
1B
100
AcDbEntity
  8
F.Cu
  6
CONTINUOUS
100
AcDbLine
 10
62.1703669999999988
 20
-90.4506870000000021
 30
0
 11
62.1066009999999977
 21
-90.2967419999999947
 31
0
  0
LINE
  5
99D
330
1B
100
AcDbEntity
  8
F.Cu
  6
CONTINUOUS
100
AcDbLine
 10
62.1066009999999977
 20
-90.2967419999999947
 30
0
 11
62.0740929999999977
 21
-90.1333149999999961
 31
0
  0
LINE
  5
99E
330
1B
100
AcDbEntity
  8
F.Cu
  6
CONTINUOUS
100
AcDbLine
 10
62.0740929999999977
 20
-90.1333149999999961
 30
0
 11
62.0700000000000003
 21
-90.0499999999999972
 31
0
  0
LINE
  5
99F
330
1B
100
AcDbEntity
  8
F.Cu
  6
CONTINUOUS
100
AcDbLine
 10
62.0700000000000003
 20
-90.0499999999999972
 30
0
 11
62.0700000000000003
 21
-89.9500000000000028
 31
0
  0
LINE
  5
9A0
330
1B
100
AcDbEntity
  8
F.Cu
  6
CONTINUOUS
100
AcDbLine
 10
62.0700000000000003
 20
-89.9500000000000028
 30
0
 11
62.0740929999999977
 21
-89.8666849999999897
 31
0
  0
LINE
  5
9A1
330
1B
100
AcDbEntity
  8
F.Cu
  6
CONTINUOUS
100
AcDbLine
 10
62.0740929999999977
 20
-89.8666849999999897
 30
0
 11
62.1066009999999977
 21
-89.7032579999999911
 31
0
  0
LINE
  5
9A2
330
1B
100
AcDbEntity
  8
F.Cu
  6
CONTINUOUS
100
AcDbLine
 10
62.1066009999999977
 20
-89.7032579999999911
 30
0
 11
62.1703669999999988
 21
-89.5493129999999979
 31
0
  0
LINE
  5
9A3
330
1B
100
AcDbEntity
  8
F.Cu
  6
CONTINUOUS
100
AcDbLine
 10
62.1703669999999988
 20
-89.5493129999999979
 30
0
 11
62.2629409999999979
 21
-89.4107659999999953
 31
0
  0
LINE
  5
9A4
330
1B
100
AcDbEntity
  8
F.Cu
  6
CONTINUOUS
100
AcDbLine
 10
62.2629409999999979
 20
-89.4107659999999953
 30
0
 11
62.3807659999999942
 21
-89.292940999999999
 31
0
  0
LINE
  5
9A5
330
1B
100
AcDbEntity
  8
F.Cu
  6
CONTINUOUS
100
AcDbLine
 10
62.3807659999999942
 20
-89.292940999999999
 30
0
 11
62.5193129999999968
 21
-89.200367
 31
0
  0
LINE
  5
9A6
330
1B
100
AcDbEntity
  8
F.Cu
  6
CONTINUOUS
100
AcDbLine
 10
62.5193129999999968
 20
-89.200367
 30
0
 11
62.673257999999997
 21
-89.1366009999999989
 31
0
  0
LINE
  5
9A7
330
1B
100
AcDbEntity
  8
F.Cu
  6
CONTINUOUS
100
AcDbLine
 10
62.673257999999997
 20
-89.1366009999999989
 30
0
 11
62.8366849999999957
 21
-89.1040929999999918
 31
0
  0
LINE
  5
9A8
330
1B
100
AcDbEntity
  8
F.Cu
  6
CONTINUOUS
100
AcDbLine
 10
62.8366849999999957
 20
-89.1040929999999918
 30
0
 11
63.0033150000000006
 21
-89.1040929999999918
 31
0
  0
LINE
  5
9A9
330
1B
100
AcDbEntity
  8
F.Cu
  6
CONTINUOUS
100
AcDbLine
 10
63.0033150000000006
 20
-89.1040929999999918
 30
0
 11
63.1667419999999993
 21
-89.1366009999999989
 31
0
  0
LINE
  5
9AA
330
1B
100
AcDbEntity
  8
F.Cu
  6
CONTINUOUS
100
AcDbLine
 10
65.7067419999999913
 20
-89.1366009999999989
 30
0
 11
65.8606869999999986
 21
-89.200367
 31
0
  0
LINE
  5
9AB
330
1B
100
AcDbEntity
  8
F.Cu
  6
CONTINUOUS
100
AcDbLine
 10
65.8606869999999986
 20
-89.200367
 30
0
 11
65.9992340000000013
 21
-89.292940999999999
 31
0
  0
LINE
  5
9AC
330
1B
100
AcDbEntity
  8
F.Cu
  6
CONTINUOUS
100
AcDbLine
 10
65.9992340000000013
 20
-89.292940999999999
 30
0
 11
66.1170589999999976
 21
-89.4107659999999953
 31
0
  0
LINE
  5
9AD
330
1B
100
AcDbEntity
  8
F.Cu
  6
CONTINUOUS
100
AcDbLine
 10
66.1170589999999976
 20
-89.4107659999999953
 30
0
 11
66.2096329999999966
 21
-89.5493129999999979
 31
0
  0
LINE
  5
9AE
330
1B
100
AcDbEntity
  8
F.Cu
  6
CONTINUOUS
100
AcDbLine
 10
66.2096329999999966
 20
-89.5493129999999979
 30
0
 11
66.2733989999999977
 21
-89.7032579999999911
 31
0
  0
LINE
  5
9AF
330
1B
100
AcDbEntity
  8
F.Cu
  6
CONTINUOUS
100
AcDbLine
 10
66.2733989999999977
 20
-89.7032579999999911
 30
0
 11
66.3059069999999906
 21
-89.8666849999999897
 31
0
  0
LINE
  5
9B0
330
1B
100
AcDbEntity
  8
F.Cu
  6
CONTINUOUS
100
AcDbLine
 10
66.3059069999999906
 20
-89.8666849999999897
 30
0
 11
66.3100000000000023
 21
-89.9500000000000028
 31
0
  0
LINE
  5
9B1
330
1B
100
AcDbEntity
  8
F.Cu
  6
CONTINUOUS
100
AcDbLine
 10
66.3100000000000023
 20
-89.9500000000000028
 30
0
 11
66.3100000000000023
 21
-90.0499999999999972
 31
0
  0
LINE
  5
9B2
330
1B
100
AcDbEntity
  8
F.Cu
  6
CONTINUOUS
100
AcDbLine
 10
66.3100000000000023
 20
-90.0499999999999972
 30
0
 11
66.3059069999999906
 21
-90.1333149999999961
 31
0
  0
LINE
  5
9B3
330
1B
100
AcDbEntity
  8
F.Cu
  6
CONTINUOUS
100
AcDbLine
 10
66.3059069999999906
 20
-90.1333149999999961
 30
0
 11
66.2733989999999977
 21
-90.2967419999999947
 31
0
  0
LINE
  5
9B4
330
1B
100
AcDbEntity
  8
F.Cu
  6
CONTINUOUS
100
AcDbLine
 10
66.2733989999999977
 20
-90.2967419999999947
 30
0
 11
66.2096329999999966
 21
-90.4506870000000021
 31
0
  0
LINE
  5
9B5
330
1B
100
AcDbEntity
  8
F.Cu
  6
CONTINUOUS
100
AcDbLine
 10
66.2096329999999966
 20
-90.4506870000000021
 30
0
 11
66.1170589999999976
 21
-90.5892339999999905
 31
0
  0
LINE
  5
9B6
330
1B
100
AcDbEntity
  8
F.Cu
  6
CONTINUOUS
100
AcDbLine
 10
66.1170589999999976
 20
-90.5892339999999905
 30
0
 11
65.9992340000000013
 21
-90.707059000000001
 31
0
  0
LINE
  5
9B7
330
1B
100
AcDbEntity
  8
F.Cu
  6
CONTINUOUS
100
AcDbLine
 10
65.9992340000000013
 20
-90.707059000000001
 30
0
 11
65.8606869999999986
 21
-90.799633
 31
0
  0
LINE
  5
9B8
330
1B
100
AcDbEntity
  8
F.Cu
  6
CONTINUOUS
100
AcDbLine
 10
65.8606869999999986
 20
-90.799633
 30
0
 11
65.7067419999999913
 21
-90.8633990000000011
 31
0
  0
LINE
  5
9B9
330
1B
100
AcDbEntity
  8
F.Cu
  6
CONTINUOUS
100
AcDbLine
 10
65.7067419999999913
 20
-90.8633990000000011
 30
0
 11
65.5433149999999927
 21
-90.895906999999994
 31
0
  0
LINE
  5
9BA
330
1B
100
AcDbEntity
  8
F.Cu
  6
CONTINUOUS
100
AcDbLine
 10
65.5433149999999927
 20
-90.895906999999994
 30
0
 11
65.3766849999999948
 21
-90.895906999999994
 31
0
  0
LINE
  5
9BB
330
1B
100
AcDbEntity
  8
F.Cu
  6
CONTINUOUS
100
AcDbLine
 10
65.3766849999999948
 20
-90.895906999999994
 30
0
 11
65.2132579999999962
 21
-90.8633990000000011
 31
0
  0
LINE
  5
9BC
330
1B
100
AcDbEntity
  8
F.Cu
  6
CONTINUOUS
100
AcDbLine
 10
65.2132579999999962
 20
-90.8633990000000011
 30
0
 11
65.0593130000000031
 21
-90.799633
 31
0
  0
LINE
  5
9BD
330
1B
100
AcDbEntity
  8
F.Cu
  6
CONTINUOUS
100
AcDbLine
 10
65.0593130000000031
 20
-90.799633
 30
0
 11
64.9207660000000004
 21
-90.707059000000001
 31
0
  0
LINE
  5
9BE
330
1B
100
AcDbEntity
  8
F.Cu
  6
CONTINUOUS
100
AcDbLine
 10
64.9207660000000004
 20
-90.707059000000001
 30
0
 11
64.8029410000000041
 21
-90.5892339999999905
 31
0
  0
LINE
  5
9BF
330
1B
100
AcDbEntity
  8
F.Cu
  6
CONTINUOUS
100
AcDbLine
 10
64.8029410000000041
 20
-90.5892339999999905
 30
0
 11
64.7103669999999909
 21
-90.4506870000000021
 31
0
  0
LINE
  5
9C0
330
1B
100
AcDbEntity
  8
F.Cu
  6
CONTINUOUS
100
AcDbLine
 10
64.7103669999999909
 20
-90.4506870000000021
 30
0
 11
64.646601000000004
 21
-90.2967419999999947
 31
0
  0
LINE
  5
9C1
330
1B
100
AcDbEntity
  8
F.Cu
  6
CONTINUOUS
100
AcDbLine
 10
64.646601000000004
 20
-90.2967419999999947
 30
0
 11
64.6140929999999969
 21
-90.1333149999999961
 31
0
  0
LINE
  5
9C2
330
1B
100
AcDbEntity
  8
F.Cu
  6
CONTINUOUS
100
AcDbLine
 10
64.6140929999999969
 20
-90.1333149999999961
 30
0
 11
64.6099999999999994
 21
-90.0499999999999972
 31
0
  0
LINE
  5
9C3
330
1B
100
AcDbEntity
  8
F.Cu
  6
CONTINUOUS
100
AcDbLine
 10
64.6099999999999994
 20
-90.0499999999999972
 30
0
 11
64.6099999999999994
 21
-89.9500000000000028
 31
0
  0
LINE
  5
9C4
330
1B
100
AcDbEntity
  8
F.Cu
  6
CONTINUOUS
100
AcDbLine
 10
64.6099999999999994
 20
-89.9500000000000028
 30
0
 11
64.6140929999999969
 21
-89.8666849999999897
 31
0
  0
LINE
  5
9C5
330
1B
100
AcDbEntity
  8
F.Cu
  6
CONTINUOUS
100
AcDbLine
 10
64.6140929999999969
 20
-89.8666849999999897
 30
0
 11
64.646601000000004
 21
-89.7032579999999911
 31
0
  0
LINE
  5
9C6
330
1B
100
AcDbEntity
  8
F.Cu
  6
CONTINUOUS
100
AcDbLine
 10
64.646601000000004
 20
-89.7032579999999911
 30
0
 11
64.7103669999999909
 21
-89.5493129999999979
 31
0
  0
LINE
  5
9C7
330
1B
100
AcDbEntity
  8
F.Cu
  6
CONTINUOUS
100
AcDbLine
 10
64.7103669999999909
 20
-89.5493129999999979
 30
0
 11
64.8029410000000041
 21
-89.4107659999999953
 31
0
  0
LINE
  5
9C8
330
1B
100
AcDbEntity
  8
F.Cu
  6
CONTINUOUS
100
AcDbLine
 10
64.8029410000000041
 20
-89.4107659999999953
 30
0
 11
64.9207660000000004
 21
-89.292940999999999
 31
0
  0
LINE
  5
9C9
330
1B
100
AcDbEntity
  8
F.Cu
  6
CONTINUOUS
100
AcDbLine
 10
64.9207660000000004
 20
-89.292940999999999
 30
0
 11
65.0593130000000031
 21
-89.200367
 31
0
  0
LINE
  5
9CA
330
1B
100
AcDbEntity
  8
F.Cu
  6
CONTINUOUS
100
AcDbLine
 10
65.0593130000000031
 20
-89.200367
 30
0
 11
65.2132579999999962
 21
-89.1366009999999989
 31
0
  0
LINE
  5
9CB
330
1B
100
AcDbEntity
  8
F.Cu
  6
CONTINUOUS
100
AcDbLine
 10
65.2132579999999962
 20
-89.1366009999999989
 30
0
 11
65.3766849999999948
 21
-89.1040929999999918
 31
0
  0
LINE
  5
9CC
330
1B
100
AcDbEntity
  8
F.Cu
  6
CONTINUOUS
100
AcDbLine
 10
65.3766849999999948
 20
-89.1040929999999918
 30
0
 11
65.5433149999999927
 21
-89.1040929999999918
 31
0
  0
LINE
  5
9CD
330
1B
100
AcDbEntity
  8
F.Cu
  6
CONTINUOUS
100
AcDbLine
 10
65.5433149999999927
 20
-89.1040929999999918
 30
0
 11
65.7067419999999913
 21
-89.1366009999999989
 31
0
  0
LINE
  5
9CE
330
1B
100
AcDbEntity
  8
F.Cu
  6
CONTINUOUS
100
AcDbLine
 10
82.7322279999999921
 20
-89.2344480000000004
 30
0
 11
82.8771169999999984
 21
-89.2944629999999933
 31
0
  0
LINE
  5
9CF
330
1B
100
AcDbEntity
  8
F.Cu
  6
CONTINUOUS
100
AcDbLine
 10
82.8771169999999984
 20
-89.2944629999999933
 30
0
 11
83.0075149999999979
 21
-89.3815919999999977
 31
0
  0
LINE
  5
9D0
330
1B
100
AcDbEntity
  8
F.Cu
  6
CONTINUOUS
100
AcDbLine
 10
83.0075149999999979
 20
-89.3815919999999977
 30
0
 11
83.1184080000000023
 21
-89.4924850000000021
 31
0
  0
LINE
  5
9D1
330
1B
100
AcDbEntity
  8
F.Cu
  6
CONTINUOUS
100
AcDbLine
 10
83.1184080000000023
 20
-89.4924850000000021
 30
0
 11
83.2055369999999925
 21
-89.6228830000000016
 31
0
  0
LINE
  5
9D2
330
1B
100
AcDbEntity
  8
F.Cu
  6
CONTINUOUS
100
AcDbLine
 10
83.2055369999999925
 20
-89.6228830000000016
 30
0
 11
83.2655519999999996
 21
-89.7677719999999937
 31
0
  0
LINE
  5
9D3
330
1B
100
AcDbEntity
  8
F.Cu
  6
CONTINUOUS
100
AcDbLine
 10
83.2655519999999996
 20
-89.7677719999999937
 30
0
 11
83.2961480000000023
 21
-89.9215859999999907
 31
0
  0
LINE
  5
9D4
330
1B
100
AcDbEntity
  8
F.Cu
  6
CONTINUOUS
100
AcDbLine
 10
83.2961480000000023
 20
-89.9215859999999907
 30
0
 11
83.2961480000000023
 21
-90.0784139999999951
 31
0
  0
LINE
  5
9D5
330
1B
100
AcDbEntity
  8
F.Cu
  6
CONTINUOUS
100
AcDbLine
 10
83.2961480000000023
 20
-90.0784139999999951
 30
0
 11
83.2655519999999996
 21
-90.2322279999999921
 31
0
  0
LINE
  5
9D6
330
1B
100
AcDbEntity
  8
F.Cu
  6
CONTINUOUS
100
AcDbLine
 10
83.2655519999999996
 20
-90.2322279999999921
 30
0
 11
83.2055369999999925
 21
-90.3771169999999984
 31
0
  0
LINE
  5
9D7
330
1B
100
AcDbEntity
  8
F.Cu
  6
CONTINUOUS
100
AcDbLine
 10
83.2055369999999925
 20
-90.3771169999999984
 30
0
 11
83.1184080000000023
 21
-90.5075149999999979
 31
0
  0
LINE
  5
9D8
330
1B
100
AcDbEntity
  8
F.Cu
  6
CONTINUOUS
100
AcDbLine
 10
83.1184080000000023
 20
-90.5075149999999979
 30
0
 11
83.0075149999999979
 21
-90.6184080000000023
 31
0
  0
LINE
  5
9D9
330
1B
100
AcDbEntity
  8
F.Cu
  6
CONTINUOUS
100
AcDbLine
 10
83.0075149999999979
 20
-90.6184080000000023
 30
0
 11
82.8771169999999984
 21
-90.7055369999999925
 31
0
  0
LINE
  5
9DA
330
1B
100
AcDbEntity
  8
F.Cu
  6
CONTINUOUS
100
AcDbLine
 10
82.8771169999999984
 20
-90.7055369999999925
 30
0
 11
82.7322279999999921
 21
-90.7655519999999996
 31
0
  0
LINE
  5
9DB
330
1B
100
AcDbEntity
  8
F.Cu
  6
CONTINUOUS
100
AcDbLine
 10
82.7322279999999921
 20
-90.7655519999999996
 30
0
 11
82.5784139999999951
 21
-90.7961480000000023
 31
0
  0
LINE
  5
9DC
330
1B
100
AcDbEntity
  8
F.Cu
  6
CONTINUOUS
100
AcDbLine
 10
82.5784139999999951
 20
-90.7961480000000023
 30
0
 11
82.4215859999999907
 21
-90.7961480000000023
 31
0
  0
LINE
  5
9DD
330
1B
100
AcDbEntity
  8
F.Cu
  6
CONTINUOUS
100
AcDbLine
 10
82.4215859999999907
 20
-90.7961480000000023
 30
0
 11
82.2677719999999937
 21
-90.7655519999999996
 31
0
  0
LINE
  5
9DE
330
1B
100
AcDbEntity
  8
F.Cu
  6
CONTINUOUS
100
AcDbLine
 10
82.2677719999999937
 20
-90.7655519999999996
 30
0
 11
82.1228830000000016
 21
-90.7055369999999925
 31
0
  0
LINE
  5
9DF
330
1B
100
AcDbEntity
  8
F.Cu
  6
CONTINUOUS
100
AcDbLine
 10
82.1228830000000016
 20
-90.7055369999999925
 30
0
 11
81.9924850000000021
 21
-90.6184080000000023
 31
0
  0
LINE
  5
9E0
330
1B
100
AcDbEntity
  8
F.Cu
  6
CONTINUOUS
100
AcDbLine
 10
81.9924850000000021
 20
-90.6184080000000023
 30
0
 11
81.8815919999999977
 21
-90.5075149999999979
 31
0
  0
LINE
  5
9E1
330
1B
100
AcDbEntity
  8
F.Cu
  6
CONTINUOUS
100
AcDbLine
 10
81.8815919999999977
 20
-90.5075149999999979
 30
0
 11
81.7944629999999933
 21
-90.3771169999999984
 31
0
  0
LINE
  5
9E2
330
1B
100
AcDbEntity
  8
F.Cu
  6
CONTINUOUS
100
AcDbLine
 10
81.7944629999999933
 20
-90.3771169999999984
 30
0
 11
81.7344480000000004
 21
-90.2322279999999921
 31
0
  0
LINE
  5
9E3
330
1B
100
AcDbEntity
  8
F.Cu
  6
CONTINUOUS
100
AcDbLine
 10
81.7344480000000004
 20
-90.2322279999999921
 30
0
 11
81.7038519999999977
 21
-90.0784139999999951
 31
0
  0
LINE
  5
9E4
330
1B
100
AcDbEntity
  8
F.Cu
  6
CONTINUOUS
100
AcDbLine
 10
81.7038519999999977
 20
-90.0784139999999951
 30
0
 11
81.7038519999999977
 21
-89.9215859999999907
 31
0
  0
LINE
  5
9E5
330
1B
100
AcDbEntity
  8
F.Cu
  6
CONTINUOUS
100
AcDbLine
 10
81.7038519999999977
 20
-89.9215859999999907
 30
0
 11
81.7344480000000004
 21
-89.7677719999999937
 31
0
  0
LINE
  5
9E6
330
1B
100
AcDbEntity
  8
F.Cu
  6
CONTINUOUS
100
AcDbLine
 10
81.7344480000000004
 20
-89.7677719999999937
 30
0
 11
81.7944629999999933
 21
-89.6228830000000016
 31
0
  0
LINE
  5
9E7
330
1B
100
AcDbEntity
  8
F.Cu
  6
CONTINUOUS
100
AcDbLine
 10
81.7944629999999933
 20
-89.6228830000000016
 30
0
 11
81.8815919999999977
 21
-89.4924850000000021
 31
0
  0
LINE
  5
9E8
330
1B
100
AcDbEntity
  8
F.Cu
  6
CONTINUOUS
100
AcDbLine
 10
81.8815919999999977
 20
-89.4924850000000021
 30
0
 11
81.9924850000000021
 21
-89.3815919999999977
 31
0
  0
LINE
  5
9E9
330
1B
100
AcDbEntity
  8
F.Cu
  6
CONTINUOUS
100
AcDbLine
 10
81.9924850000000021
 20
-89.3815919999999977
 30
0
 11
82.1228830000000016
 21
-89.2944629999999933
 31
0
  0
LINE
  5
9EA
330
1B
100
AcDbEntity
  8
F.Cu
  6
CONTINUOUS
100
AcDbLine
 10
82.1228830000000016
 20
-89.2944629999999933
 30
0
 11
82.2677719999999937
 21
-89.2344480000000004
 31
0
  0
LINE
  5
9EB
330
1B
100
AcDbEntity
  8
F.Cu
  6
CONTINUOUS
100
AcDbLine
 10
82.2677719999999937
 20
-89.2344480000000004
 30
0
 11
82.4215859999999907
 21
-89.2038519999999977
 31
0
  0
LINE
  5
9EC
330
1B
100
AcDbEntity
  8
F.Cu
  6
CONTINUOUS
100
AcDbLine
 10
82.4215859999999907
 20
-89.2038519999999977
 30
0
 11
82.5784139999999951
 21
-89.2038519999999977
 31
0
  0
LINE
  5
9ED
330
1B
100
AcDbEntity
  8
F.Cu
  6
CONTINUOUS
100
AcDbLine
 10
82.5784139999999951
 20
-89.2038519999999977
 30
0
 11
82.7322279999999921
 21
-89.2344480000000004
 31
0
  0
LINE
  5
9EE
330
1B
100
AcDbEntity
  8
F.Cu
  6
CONTINUOUS
100
AcDbLine
 10
49.5722279999999955
 20
-86.9844480000000004
 30
0
 11
49.7171169999999947
 21
-87.0444629999999933
 31
0
  0
LINE
  5
9EF
330
1B
100
AcDbEntity
  8
F.Cu
  6
CONTINUOUS
100
AcDbLine
 10
49.7171169999999947
 20
-87.0444629999999933
 30
0
 11
49.8475149999999942
 21
-87.1315919999999977
 31
0
  0
LINE
  5
9F0
330
1B
100
AcDbEntity
  8
F.Cu
  6
CONTINUOUS
100
AcDbLine
 10
49.8475149999999942
 20
-87.1315919999999977
 30
0
 11
49.9584079999999986
 21
-87.2424850000000021
 31
0
  0
LINE
  5
9F1
330
1B
100
AcDbEntity
  8
F.Cu
  6
CONTINUOUS
100
AcDbLine
 10
49.9584079999999986
 20
-87.2424850000000021
 30
0
 11
50.0455369999999959
 21
-87.3728830000000016
 31
0
  0
LINE
  5
9F2
330
1B
100
AcDbEntity
  8
F.Cu
  6
CONTINUOUS
100
AcDbLine
 10
50.0455369999999959
 20
-87.3728830000000016
 30
0
 11
50.1055519999999959
 21
-87.5177719999999937
 31
0
  0
LINE
  5
9F3
330
1B
100
AcDbEntity
  8
F.Cu
  6
CONTINUOUS
100
AcDbLine
 10
50.1055519999999959
 20
-87.5177719999999937
 30
0
 11
50.1361479999999986
 21
-87.6715859999999907
 31
0
  0
LINE
  5
9F4
330
1B
100
AcDbEntity
  8
F.Cu
  6
CONTINUOUS
100
AcDbLine
 10
50.1361479999999986
 20
-87.6715859999999907
 30
0
 11
50.1361479999999986
 21
-87.8284139999999951
 31
0
  0
LINE
  5
9F5
330
1B
100
AcDbEntity
  8
F.Cu
  6
CONTINUOUS
100
AcDbLine
 10
50.1361479999999986
 20
-87.8284139999999951
 30
0
 11
50.1055519999999959
 21
-87.9822279999999921
 31
0
  0
LINE
  5
9F6
330
1B
100
AcDbEntity
  8
F.Cu
  6
CONTINUOUS
100
AcDbLine
 10
50.1055519999999959
 20
-87.9822279999999921
 30
0
 11
50.0455369999999959
 21
-88.1271169999999984
 31
0
  0
LINE
  5
9F7
330
1B
100
AcDbEntity
  8
F.Cu
  6
CONTINUOUS
100
AcDbLine
 10
50.0455369999999959
 20
-88.1271169999999984
 30
0
 11
49.9584079999999986
 21
-88.2575149999999979
 31
0
  0
LINE
  5
9F8
330
1B
100
AcDbEntity
  8
F.Cu
  6
CONTINUOUS
100
AcDbLine
 10
49.9584079999999986
 20
-88.2575149999999979
 30
0
 11
49.8475149999999942
 21
-88.3684080000000023
 31
0
  0
LINE
  5
9F9
330
1B
100
AcDbEntity
  8
F.Cu
  6
CONTINUOUS
100
AcDbLine
 10
49.8475149999999942
 20
-88.3684080000000023
 30
0
 11
49.7171169999999947
 21
-88.4555369999999925
 31
0
  0
LINE
  5
9FA
330
1B
100
AcDbEntity
  8
F.Cu
  6
CONTINUOUS
100
AcDbLine
 10
49.7171169999999947
 20
-88.4555369999999925
 30
0
 11
49.5722279999999955
 21
-88.5155519999999996
 31
0
  0
LINE
  5
9FB
330
1B
100
AcDbEntity
  8
F.Cu
  6
CONTINUOUS
100
AcDbLine
 10
49.5722279999999955
 20
-88.5155519999999996
 30
0
 11
49.4184139999999985
 21
-88.5461480000000023
 31
0
  0
LINE
  5
9FC
330
1B
100
AcDbEntity
  8
F.Cu
  6
CONTINUOUS
100
AcDbLine
 10
49.4184139999999985
 20
-88.5461480000000023
 30
0
 11
49.2615860000000012
 21
-88.5461480000000023
 31
0
  0
LINE
  5
9FD
330
1B
100
AcDbEntity
  8
F.Cu
  6
CONTINUOUS
100
AcDbLine
 10
49.2615860000000012
 20
-88.5461480000000023
 30
0
 11
49.1077719999999971
 21
-88.5155519999999996
 31
0
  0
LINE
  5
9FE
330
1B
100
AcDbEntity
  8
F.Cu
  6
CONTINUOUS
100
AcDbLine
 10
49.1077719999999971
 20
-88.5155519999999996
 30
0
 11
48.9628829999999979
 21
-88.4555369999999925
 31
0
  0
LINE
  5
9FF
330
1B
100
AcDbEntity
  8
F.Cu
  6
CONTINUOUS
100
AcDbLine
 10
48.9628829999999979
 20
-88.4555369999999925
 30
0
 11
48.8324849999999984
 21
-88.3684080000000023
 31
0
  0
LINE
  5
A00
330
1B
100
AcDbEntity
  8
F.Cu
  6
CONTINUOUS
100
AcDbLine
 10
48.8324849999999984
 20
-88.3684080000000023
 30
0
 11
48.7215920000000011
 21
-88.2575149999999979
 31
0
  0
LINE
  5
A01
330
1B
100
AcDbEntity
  8
F.Cu
  6
CONTINUOUS
100
AcDbLine
 10
48.7215920000000011
 20
-88.2575149999999979
 30
0
 11
48.6344629999999967
 21
-88.1271169999999984
 31
0
  0
LINE
  5
A02
330
1B
100
AcDbEntity
  8
F.Cu
  6
CONTINUOUS
100
AcDbLine
 10
48.6344629999999967
 20
-88.1271169999999984
 30
0
 11
48.5744479999999967
 21
-87.9822279999999921
 31
0
  0
LINE
  5
A03
330
1B
100
AcDbEntity
  8
F.Cu
  6
CONTINUOUS
100
AcDbLine
 10
48.5744479999999967
 20
-87.9822279999999921
 30
0
 11
48.5438520000000011
 21
-87.8284139999999951
 31
0
  0
LINE
  5
A04
330
1B
100
AcDbEntity
  8
F.Cu
  6
CONTINUOUS
100
AcDbLine
 10
48.5438520000000011
 20
-87.8284139999999951
 30
0
 11
48.5438520000000011
 21
-87.6715859999999907
 31
0
  0
LINE
  5
A05
330
1B
100
AcDbEntity
  8
F.Cu
  6
CONTINUOUS
100
AcDbLine
 10
48.5438520000000011
 20
-87.6715859999999907
 30
0
 11
48.5744479999999967
 21
-87.5177719999999937
 31
0
  0
LINE
  5
A06
330
1B
100
AcDbEntity
  8
F.Cu
  6
CONTINUOUS
100
AcDbLine
 10
48.5744479999999967
 20
-87.5177719999999937
 30
0
 11
48.6344629999999967
 21
-87.3728830000000016
 31
0
  0
LINE
  5
A07
330
1B
100
AcDbEntity
  8
F.Cu
  6
CONTINUOUS
100
AcDbLine
 10
48.6344629999999967
 20
-87.3728830000000016
 30
0
 11
48.7215920000000011
 21
-87.2424850000000021
 31
0
  0
LINE
  5
A08
330
1B
100
AcDbEntity
  8
F.Cu
  6
CONTINUOUS
100
AcDbLine
 10
48.7215920000000011
 20
-87.2424850000000021
 30
0
 11
48.8324849999999984
 21
-87.1315919999999977
 31
0
  0
LINE
  5
A09
330
1B
100
AcDbEntity
  8
F.Cu
  6
CONTINUOUS
100
AcDbLine
 10
48.8324849999999984
 20
-87.1315919999999977
 30
0
 11
48.9628829999999979
 21
-87.0444629999999933
 31
0
  0
LINE
  5
A0A
330
1B
100
AcDbEntity
  8
F.Cu
  6
CONTINUOUS
100
AcDbLine
 10
48.9628829999999979
 20
-87.0444629999999933
 30
0
 11
49.1077719999999971
 21
-86.9844480000000004
 31
0
  0
LINE
  5
A0B
330
1B
100
AcDbEntity
  8
F.Cu
  6
CONTINUOUS
100
AcDbLine
 10
49.1077719999999971
 20
-86.9844480000000004
 30
0
 11
49.2615860000000012
 21
-86.9538519999999977
 31
0
  0
LINE
  5
A0C
330
1B
100
AcDbEntity
  8
F.Cu
  6
CONTINUOUS
100
AcDbLine
 10
49.2615860000000012
 20
-86.9538519999999977
 30
0
 11
49.4184139999999985
 21
-86.9538519999999977
 31
0
  0
LINE
  5
A0D
330
1B
100
AcDbEntity
  8
F.Cu
  6
CONTINUOUS
100
AcDbLine
 10
49.4184139999999985
 20
-86.9538519999999977
 30
0
 11
49.5722279999999955
 21
-86.9844480000000004
 31
0
  0
LINE
  5
A0E
330
1B
100
AcDbEntity
  8
F.Cu
  6
CONTINUOUS
100
AcDbLine
 10
59.7322279999999992
 20
-86.9844480000000004
 30
0
 11
59.8771169999999984
 21
-87.0444629999999933
 31
0
  0
LINE
  5
A0F
330
1B
100
AcDbEntity
  8
F.Cu
  6
CONTINUOUS
100
AcDbLine
 10
59.8771169999999984
 20
-87.0444629999999933
 30
0
 11
60.0075149999999979
 21
-87.1315919999999977
 31
0
  0
LINE
  5
A10
330
1B
100
AcDbEntity
  8
F.Cu
  6
CONTINUOUS
100
AcDbLine
 10
60.0075149999999979
 20
-87.1315919999999977
 30
0
 11
60.1184079999999952
 21
-87.2424850000000021
 31
0
  0
LINE
  5
A11
330
1B
100
AcDbEntity
  8
F.Cu
  6
CONTINUOUS
100
AcDbLine
 10
60.1184079999999952
 20
-87.2424850000000021
 30
0
 11
60.2055369999999996
 21
-87.3728830000000016
 31
0
  0
LINE
  5
A12
330
1B
100
AcDbEntity
  8
F.Cu
  6
CONTINUOUS
100
AcDbLine
 10
60.2055369999999996
 20
-87.3728830000000016
 30
0
 11
60.2655519999999996
 21
-87.5177719999999937
 31
0
  0
LINE
  5
A13
330
1B
100
AcDbEntity
  8
F.Cu
  6
CONTINUOUS
100
AcDbLine
 10
60.2655519999999996
 20
-87.5177719999999937
 30
0
 11
60.2961479999999952
 21
-87.6715859999999907
 31
0
  0
LINE
  5
A14
330
1B
100
AcDbEntity
  8
F.Cu
  6
CONTINUOUS
100
AcDbLine
 10
60.2961479999999952
 20
-87.6715859999999907
 30
0
 11
60.2961479999999952
 21
-87.8284139999999951
 31
0
  0
LINE
  5
A15
330
1B
100
AcDbEntity
  8
F.Cu
  6
CONTINUOUS
100
AcDbLine
 10
60.2961479999999952
 20
-87.8284139999999951
 30
0
 11
60.2655519999999996
 21
-87.9822279999999921
 31
0
  0
LINE
  5
A16
330
1B
100
AcDbEntity
  8
F.Cu
  6
CONTINUOUS
100
AcDbLine
 10
60.2655519999999996
 20
-87.9822279999999921
 30
0
 11
60.2055369999999996
 21
-88.1271169999999984
 31
0
  0
LINE
  5
A17
330
1B
100
AcDbEntity
  8
F.Cu
  6
CONTINUOUS
100
AcDbLine
 10
60.2055369999999996
 20
-88.1271169999999984
 30
0
 11
60.1184079999999952
 21
-88.2575149999999979
 31
0
  0
LINE
  5
A18
330
1B
100
AcDbEntity
  8
F.Cu
  6
CONTINUOUS
100
AcDbLine
 10
60.1184079999999952
 20
-88.2575149999999979
 30
0
 11
60.0075149999999979
 21
-88.3684080000000023
 31
0
  0
LINE
  5
A19
330
1B
100
AcDbEntity
  8
F.Cu
  6
CONTINUOUS
100
AcDbLine
 10
60.0075149999999979
 20
-88.3684080000000023
 30
0
 11
59.8771169999999984
 21
-88.4555369999999925
 31
0
  0
LINE
  5
A1A
330
1B
100
AcDbEntity
  8
F.Cu
  6
CONTINUOUS
100
AcDbLine
 10
59.8771169999999984
 20
-88.4555369999999925
 30
0
 11
59.7322279999999992
 21
-88.5155519999999996
 31
0
  0
LINE
  5
A1B
330
1B
100
AcDbEntity
  8
F.Cu
  6
CONTINUOUS
100
AcDbLine
 10
59.7322279999999992
 20
-88.5155519999999996
 30
0
 11
59.5784139999999951
 21
-88.5461480000000023
 31
0
  0
LINE
  5
A1C
330
1B
100
AcDbEntity
  8
F.Cu
  6
CONTINUOUS
100
AcDbLine
 10
59.5784139999999951
 20
-88.5461480000000023
 30
0
 11
59.4215859999999978
 21
-88.5461480000000023
 31
0
  0
LINE
  5
A1D
330
1B
100
AcDbEntity
  8
F.Cu
  6
CONTINUOUS
100
AcDbLine
 10
59.4215859999999978
 20
-88.5461480000000023
 30
0
 11
59.2677720000000008
 21
-88.5155519999999996
 31
0
  0
LINE
  5
A1E
330
1B
100
AcDbEntity
  8
F.Cu
  6
CONTINUOUS
100
AcDbLine
 10
59.2677720000000008
 20
-88.5155519999999996
 30
0
 11
59.1228829999999945
 21
-88.4555369999999925
 31
0
  0
LINE
  5
A1F
330
1B
100
AcDbEntity
  8
F.Cu
  6
CONTINUOUS
100
AcDbLine
 10
59.1228829999999945
 20
-88.4555369999999925
 30
0
 11
58.992484999999995
 21
-88.3684080000000023
 31
0
  0
LINE
  5
A20
330
1B
100
AcDbEntity
  8
F.Cu
  6
CONTINUOUS
100
AcDbLine
 10
58.992484999999995
 20
-88.3684080000000023
 30
0
 11
58.8815919999999977
 21
-88.2575149999999979
 31
0
  0
LINE
  5
A21
330
1B
100
AcDbEntity
  8
F.Cu
  6
CONTINUOUS
100
AcDbLine
 10
58.8815919999999977
 20
-88.2575149999999979
 30
0
 11
58.7944630000000004
 21
-88.1271169999999984
 31
0
  0
LINE
  5
A22
330
1B
100
AcDbEntity
  8
F.Cu
  6
CONTINUOUS
100
AcDbLine
 10
58.7944630000000004
 20
-88.1271169999999984
 30
0
 11
58.7344480000000004
 21
-87.9822279999999921
 31
0
  0
LINE
  5
A23
330
1B
100
AcDbEntity
  8
F.Cu
  6
CONTINUOUS
100
AcDbLine
 10
58.7344480000000004
 20
-87.9822279999999921
 30
0
 11
58.7038519999999977
 21
-87.8284139999999951
 31
0
  0
LINE
  5
A24
330
1B
100
AcDbEntity
  8
F.Cu
  6
CONTINUOUS
100
AcDbLine
 10
58.7038519999999977
 20
-87.8284139999999951
 30
0
 11
58.7038519999999977
 21
-87.6715859999999907
 31
0
  0
LINE
  5
A25
330
1B
100
AcDbEntity
  8
F.Cu
  6
CONTINUOUS
100
AcDbLine
 10
58.7038519999999977
 20
-87.6715859999999907
 30
0
 11
58.7344480000000004
 21
-87.5177719999999937
 31
0
  0
LINE
  5
A26
330
1B
100
AcDbEntity
  8
F.Cu
  6
CONTINUOUS
100
AcDbLine
 10
58.7344480000000004
 20
-87.5177719999999937
 30
0
 11
58.7944630000000004
 21
-87.3728830000000016
 31
0
  0
LINE
  5
A27
330
1B
100
AcDbEntity
  8
F.Cu
  6
CONTINUOUS
100
AcDbLine
 10
58.7944630000000004
 20
-87.3728830000000016
 30
0
 11
58.8815919999999977
 21
-87.2424850000000021
 31
0
  0
LINE
  5
A28
330
1B
100
AcDbEntity
  8
F.Cu
  6
CONTINUOUS
100
AcDbLine
 10
58.8815919999999977
 20
-87.2424850000000021
 30
0
 11
58.992484999999995
 21
-87.1315919999999977
 31
0
  0
LINE
  5
A29
330
1B
100
AcDbEntity
  8
F.Cu
  6
CONTINUOUS
100
AcDbLine
 10
58.992484999999995
 20
-87.1315919999999977
 30
0
 11
59.1228829999999945
 21
-87.0444629999999933
 31
0
  0
LINE
  5
A2A
330
1B
100
AcDbEntity
  8
F.Cu
  6
CONTINUOUS
100
AcDbLine
 10
59.1228829999999945
 20
-87.0444629999999933
 30
0
 11
59.2677720000000008
 21
-86.9844480000000004
 31
0
  0
LINE
  5
A2B
330
1B
100
AcDbEntity
  8
F.Cu
  6
CONTINUOUS
100
AcDbLine
 10
59.2677720000000008
 20
-86.9844480000000004
 30
0
 11
59.4215859999999978
 21
-86.9538519999999977
 31
0
  0
LINE
  5
A2C
330
1B
100
AcDbEntity
  8
F.Cu
  6
CONTINUOUS
100
AcDbLine
 10
59.4215859999999978
 20
-86.9538519999999977
 30
0
 11
59.5784139999999951
 21
-86.9538519999999977
 31
0
  0
LINE
  5
A2D
330
1B
100
AcDbEntity
  8
F.Cu
  6
CONTINUOUS
100
AcDbLine
 10
59.5784139999999951
 20
-86.9538519999999977
 30
0
 11
59.7322279999999992
 21
-86.9844480000000004
 31
0
  0
LINE
  5
A2E
330
1B
100
AcDbEntity
  8
F.Cu
  6
CONTINUOUS
100
AcDbLine
 10
158.290284999999983
 20
-85.9630599999999987
 30
0
 11
158.4713969999999961
 21
-86.0380789999999962
 31
0
  0
LINE
  5
A2F
330
1B
100
AcDbEntity
  8
F.Cu
  6
CONTINUOUS
100
AcDbLine
 10
158.4713969999999961
 20
-86.0380789999999962
 30
0
 11
158.6343929999999887
 21
-86.1469900000000024
 31
0
  0
LINE
  5
A30
330
1B
100
AcDbEntity
  8
F.Cu
  6
CONTINUOUS
100
AcDbLine
 10
158.6343929999999887
 20
-86.1469900000000024
 30
0
 11
158.7730099999999993
 21
-86.2856069999999988
 31
0
  0
LINE
  5
A31
330
1B
100
AcDbEntity
  8
F.Cu
  6
CONTINUOUS
100
AcDbLine
 10
158.7730099999999993
 20
-86.2856069999999988
 30
0
 11
158.8819210000000055
 21
-86.4486029999999914
 31
0
  0
LINE
  5
A32
330
1B
100
AcDbEntity
  8
F.Cu
  6
CONTINUOUS
100
AcDbLine
 10
158.8819210000000055
 20
-86.4486029999999914
 30
0
 11
158.956940000000003
 21
-86.6297149999999903
 31
0
  0
LINE
  5
A33
330
1B
100
AcDbEntity
  8
F.Cu
  6
CONTINUOUS
100
AcDbLine
 10
158.956940000000003
 20
-86.6297149999999903
 30
0
 11
158.9951849999999922
 21
-86.821983000000003
 31
0
  0
LINE
  5
A34
330
1B
100
AcDbEntity
  8
F.Cu
  6
CONTINUOUS
100
AcDbLine
 10
158.9951849999999922
 20
-86.821983000000003
 30
0
 11
158.9951849999999922
 21
-87.0180170000000004
 31
0
  0
LINE
  5
A35
330
1B
100
AcDbEntity
  8
F.Cu
  6
CONTINUOUS
100
AcDbLine
 10
158.9951849999999922
 20
-87.0180170000000004
 30
0
 11
158.956940000000003
 21
-87.2102849999999989
 31
0
  0
LINE
  5
A36
330
1B
100
AcDbEntity
  8
F.Cu
  6
CONTINUOUS
100
AcDbLine
 10
158.956940000000003
 20
-87.2102849999999989
 30
0
 11
158.8819210000000055
 21
-87.3913969999999978
 31
0
  0
LINE
  5
A37
330
1B
100
AcDbEntity
  8
F.Cu
  6
CONTINUOUS
100
AcDbLine
 10
158.8819210000000055
 20
-87.3913969999999978
 30
0
 11
158.7730099999999993
 21
-87.5543929999999904
 31
0
  0
LINE
  5
A38
330
1B
100
AcDbEntity
  8
F.Cu
  6
CONTINUOUS
100
AcDbLine
 10
158.7730099999999993
 20
-87.5543929999999904
 30
0
 11
158.6343929999999887
 21
-87.693010000000001
 31
0
  0
LINE
  5
A39
330
1B
100
AcDbEntity
  8
F.Cu
  6
CONTINUOUS
100
AcDbLine
 10
158.6343929999999887
 20
-87.693010000000001
 30
0
 11
158.4713969999999961
 21
-87.801920999999993
 31
0
  0
LINE
  5
A3A
330
1B
100
AcDbEntity
  8
F.Cu
  6
CONTINUOUS
100
AcDbLine
 10
158.4713969999999961
 20
-87.801920999999993
 30
0
 11
158.290284999999983
 21
-87.8769399999999905
 31
0
  0
LINE
  5
A3B
330
1B
100
AcDbEntity
  8
F.Cu
  6
CONTINUOUS
100
AcDbLine
 10
158.290284999999983
 20
-87.8769399999999905
 30
0
 11
158.0980169999999987
 21
-87.9151849999999939
 31
0
  0
LINE
  5
A3C
330
1B
100
AcDbEntity
  8
F.Cu
  6
CONTINUOUS
100
AcDbLine
 10
158.0980169999999987
 20
-87.9151849999999939
 30
0
 11
157.9019830000000013
 21
-87.9151849999999939
 31
0
  0
LINE
  5
A3D
330
1B
100
AcDbEntity
  8
F.Cu
  6
CONTINUOUS
100
AcDbLine
 10
157.9019830000000013
 20
-87.9151849999999939
 30
0
 11
157.7097149999999885
 21
-87.8769399999999905
 31
0
  0
LINE
  5
A3E
330
1B
100
AcDbEntity
  8
F.Cu
  6
CONTINUOUS
100
AcDbLine
 10
157.7097149999999885
 20
-87.8769399999999905
 30
0
 11
157.5286030000000039
 21
-87.801920999999993
 31
0
  0
LINE
  5
A3F
330
1B
100
AcDbEntity
  8
F.Cu
  6
CONTINUOUS
100
AcDbLine
 10
157.5286030000000039
 20
-87.801920999999993
 30
0
 11
157.3656069999999829
 21
-87.693010000000001
 31
0
  0
LINE
  5
A40
330
1B
100
AcDbEntity
  8
F.Cu
  6
CONTINUOUS
100
AcDbLine
 10
157.3656069999999829
 20
-87.693010000000001
 30
0
 11
157.2269900000000007
 21
-87.5543929999999904
 31
0
  0
LINE
  5
A41
330
1B
100
AcDbEntity
  8
F.Cu
  6
CONTINUOUS
100
AcDbLine
 10
157.2269900000000007
 20
-87.5543929999999904
 30
0
 11
157.1180789999999945
 21
-87.3913969999999978
 31
0
  0
LINE
  5
A42
330
1B
100
AcDbEntity
  8
F.Cu
  6
CONTINUOUS
100
AcDbLine
 10
157.1180789999999945
 20
-87.3913969999999978
 30
0
 11
157.043059999999997
 21
-87.2102849999999989
 31
0
  0
LINE
  5
A43
330
1B
100
AcDbEntity
  8
F.Cu
  6
CONTINUOUS
100
AcDbLine
 10
157.043059999999997
 20
-87.2102849999999989
 30
0
 11
157.0048149999999794
 21
-87.0180170000000004
 31
0
  0
LINE
  5
A44
330
1B
100
AcDbEntity
  8
F.Cu
  6
CONTINUOUS
100
AcDbLine
 10
157.0048149999999794
 20
-87.0180170000000004
 30
0
 11
157.0048149999999794
 21
-86.821983000000003
 31
0
  0
LINE
  5
A45
330
1B
100
AcDbEntity
  8
F.Cu
  6
CONTINUOUS
100
AcDbLine
 10
157.0048149999999794
 20
-86.821983000000003
 30
0
 11
157.043059999999997
 21
-86.6297149999999903
 31
0
  0
LINE
  5
A46
330
1B
100
AcDbEntity
  8
F.Cu
  6
CONTINUOUS
100
AcDbLine
 10
157.043059999999997
 20
-86.6297149999999903
 30
0
 11
157.1180789999999945
 21
-86.4486029999999914
 31
0
  0
LINE
  5
A47
330
1B
100
AcDbEntity
  8
F.Cu
  6
CONTINUOUS
100
AcDbLine
 10
157.1180789999999945
 20
-86.4486029999999914
 30
0
 11
157.2269900000000007
 21
-86.2856069999999988
 31
0
  0
LINE
  5
A48
330
1B
100
AcDbEntity
  8
F.Cu
  6
CONTINUOUS
100
AcDbLine
 10
157.2269900000000007
 20
-86.2856069999999988
 30
0
 11
157.3656069999999829
 21
-86.1469900000000024
 31
0
  0
LINE
  5
A49
330
1B
100
AcDbEntity
  8
F.Cu
  6
CONTINUOUS
100
AcDbLine
 10
157.3656069999999829
 20
-86.1469900000000024
 30
0
 11
157.5286030000000039
 21
-86.0380789999999962
 31
0
  0
LINE
  5
A4A
330
1B
100
AcDbEntity
  8
F.Cu
  6
CONTINUOUS
100
AcDbLine
 10
157.5286030000000039
 20
-86.0380789999999962
 30
0
 11
157.7097149999999885
 21
-85.9630599999999987
 31
0
  0
LINE
  5
A4B
330
1B
100
AcDbEntity
  8
F.Cu
  6
CONTINUOUS
100
AcDbLine
 10
157.7097149999999885
 20
-85.9630599999999987
 30
0
 11
157.9019830000000013
 21
-85.9248149999999953
 31
0
  0
LINE
  5
A4C
330
1B
100
AcDbEntity
  8
F.Cu
  6
CONTINUOUS
100
AcDbLine
 10
157.9019830000000013
 20
-85.9248149999999953
 30
0
 11
158.0980169999999987
 21
-85.9248149999999953
 31
0
  0
LINE
  5
A4D
330
1B
100
AcDbEntity
  8
F.Cu
  6
CONTINUOUS
100
AcDbLine
 10
158.0980169999999987
 20
-85.9248149999999953
 30
0
 11
158.290284999999983
 21
-85.9630599999999987
 31
0
  0
LINE
  5
A4E
330
1B
100
AcDbEntity
  8
F.Cu
  6
CONTINUOUS
100
AcDbLine
 10
98.645670999999993
 20
-86.2190299999999894
 30
0
 11
98.7267769999999985
 21
-86.2732230000000015
 31
0
  0
LINE
  5
A4F
330
1B
100
AcDbEntity
  8
F.Cu
  6
CONTINUOUS
100
AcDbLine
 10
98.7267769999999985
 20
-86.2732230000000015
 30
0
 11
98.7809699999999964
 21
-86.3543289999999928
 31
0
  0
LINE
  5
A50
330
1B
100
AcDbEntity
  8
F.Cu
  6
CONTINUOUS
100
AcDbLine
 10
98.7809699999999964
 20
-86.3543289999999928
 30
0
 11
98.7999999999999972
 21
-86.4500000000000028
 31
0
  0
LINE
  5
A51
330
1B
100
AcDbEntity
  8
F.Cu
  6
CONTINUOUS
100
AcDbLine
 10
98.7999999999999972
 20
-86.4500000000000028
 30
0
 11
98.7999999999999972
 21
-87.5499999999999972
 31
0
  0
LINE
  5
A52
330
1B
100
AcDbEntity
  8
F.Cu
  6
CONTINUOUS
100
AcDbLine
 10
98.7999999999999972
 20
-87.5499999999999972
 30
0
 11
98.7809699999999964
 21
-87.645670999999993
 31
0
  0
LINE
  5
A53
330
1B
100
AcDbEntity
  8
F.Cu
  6
CONTINUOUS
100
AcDbLine
 10
98.7809699999999964
 20
-87.645670999999993
 30
0
 11
98.7267769999999985
 21
-87.7267769999999985
 31
0
  0
LINE
  5
A54
330
1B
100
AcDbEntity
  8
F.Cu
  6
CONTINUOUS
100
AcDbLine
 10
98.7267769999999985
 20
-87.7267769999999985
 30
0
 11
98.645670999999993
 21
-87.7809699999999964
 31
0
  0
LINE
  5
A55
330
1B
100
AcDbEntity
  8
F.Cu
  6
CONTINUOUS
100
AcDbLine
 10
98.645670999999993
 20
-87.7809699999999964
 30
0
 11
98.5499999999999972
 21
-87.7999999999999972
 31
0
  0
LINE
  5
A56
330
1B
100
AcDbEntity
  8
F.Cu
  6
CONTINUOUS
100
AcDbLine
 10
98.5499999999999972
 20
-87.7999999999999972
 30
0
 11
97.4499999999999886
 21
-87.7999999999999972
 31
0
  0
LINE
  5
A57
330
1B
100
AcDbEntity
  8
F.Cu
  6
CONTINUOUS
100
AcDbLine
 10
97.4499999999999886
 20
-87.7999999999999972
 30
0
 11
97.3543289999999928
 21
-87.7809699999999964
 31
0
  0
LINE
  5
A58
330
1B
100
AcDbEntity
  8
F.Cu
  6
CONTINUOUS
100
AcDbLine
 10
97.3543289999999928
 20
-87.7809699999999964
 30
0
 11
97.2732230000000015
 21
-87.7267769999999985
 31
0
  0
LINE
  5
A59
330
1B
100
AcDbEntity
  8
F.Cu
  6
CONTINUOUS
100
AcDbLine
 10
97.2732230000000015
 20
-87.7267769999999985
 30
0
 11
97.2190299999999894
 21
-87.645670999999993
 31
0
  0
LINE
  5
A5A
330
1B
100
AcDbEntity
  8
F.Cu
  6
CONTINUOUS
100
AcDbLine
 10
97.2190299999999894
 20
-87.645670999999993
 30
0
 11
97.1999999999999886
 21
-87.5499999999999972
 31
0
  0
LINE
  5
A5B
330
1B
100
AcDbEntity
  8
F.Cu
  6
CONTINUOUS
100
AcDbLine
 10
97.1999999999999886
 20
-87.5499999999999972
 30
0
 11
97.1999999999999886
 21
-86.4500000000000028
 31
0
  0
LINE
  5
A5C
330
1B
100
AcDbEntity
  8
F.Cu
  6
CONTINUOUS
100
AcDbLine
 10
97.1999999999999886
 20
-86.4500000000000028
 30
0
 11
97.2190299999999894
 21
-86.3543289999999928
 31
0
  0
LINE
  5
A5D
330
1B
100
AcDbEntity
  8
F.Cu
  6
CONTINUOUS
100
AcDbLine
 10
97.2190299999999894
 20
-86.3543289999999928
 30
0
 11
97.2732230000000015
 21
-86.2732230000000015
 31
0
  0
LINE
  5
A5E
330
1B
100
AcDbEntity
  8
F.Cu
  6
CONTINUOUS
100
AcDbLine
 10
97.2732230000000015
 20
-86.2732230000000015
 30
0
 11
97.3543289999999928
 21
-86.2190299999999894
 31
0
  0
LINE
  5
A5F
330
1B
100
AcDbEntity
  8
F.Cu
  6
CONTINUOUS
100
AcDbLine
 10
97.3543289999999928
 20
-86.2190299999999894
 30
0
 11
97.4499999999999886
 21
-86.2000000000000028
 31
0
  0
LINE
  5
A60
330
1B
100
AcDbEntity
  8
F.Cu
  6
CONTINUOUS
100
AcDbLine
 10
97.4499999999999886
 20
-86.2000000000000028
 30
0
 11
98.5499999999999972
 21
-86.2000000000000028
 31
0
  0
LINE
  5
A61
330
1B
100
AcDbEntity
  8
F.Cu
  6
CONTINUOUS
100
AcDbLine
 10
98.5499999999999972
 20
-86.2000000000000028
 30
0
 11
98.645670999999993
 21
-86.2190299999999894
 31
0
  0
LINE
  5
A62
330
1B
100
AcDbEntity
  8
F.Cu
  6
CONTINUOUS
100
AcDbLine
 10
79.4722280000000012
 20
-86.2344480000000004
 30
0
 11
79.6171169999999933
 21
-86.2944629999999933
 31
0
  0
LINE
  5
A63
330
1B
100
AcDbEntity
  8
F.Cu
  6
CONTINUOUS
100
AcDbLine
 10
79.6171169999999933
 20
-86.2944629999999933
 30
0
 11
79.7475149999999928
 21
-86.3815919999999977
 31
0
  0
LINE
  5
A64
330
1B
100
AcDbEntity
  8
F.Cu
  6
CONTINUOUS
100
AcDbLine
 10
79.7475149999999928
 20
-86.3815919999999977
 30
0
 11
79.8584079999999972
 21
-86.4924850000000021
 31
0
  0
LINE
  5
A65
330
1B
100
AcDbEntity
  8
F.Cu
  6
CONTINUOUS
100
AcDbLine
 10
79.8584079999999972
 20
-86.4924850000000021
 30
0
 11
79.9455370000000016
 21
-86.6228830000000016
 31
0
  0
LINE
  5
A66
330
1B
100
AcDbEntity
  8
F.Cu
  6
CONTINUOUS
100
AcDbLine
 10
79.9455370000000016
 20
-86.6228830000000016
 30
0
 11
80.0055519999999945
 21
-86.7677719999999937
 31
0
  0
LINE
  5
A67
330
1B
100
AcDbEntity
  8
F.Cu
  6
CONTINUOUS
100
AcDbLine
 10
80.0055519999999945
 20
-86.7677719999999937
 30
0
 11
80.0361479999999972
 21
-86.9215859999999907
 31
0
  0
LINE
  5
A68
330
1B
100
AcDbEntity
  8
F.Cu
  6
CONTINUOUS
100
AcDbLine
 10
80.0361479999999972
 20
-86.9215859999999907
 30
0
 11
80.0361479999999972
 21
-87.0784139999999951
 31
0
  0
LINE
  5
A69
330
1B
100
AcDbEntity
  8
F.Cu
  6
CONTINUOUS
100
AcDbLine
 10
80.0361479999999972
 20
-87.0784139999999951
 30
0
 11
80.0055519999999945
 21
-87.2322279999999921
 31
0
  0
LINE
  5
A6A
330
1B
100
AcDbEntity
  8
F.Cu
  6
CONTINUOUS
100
AcDbLine
 10
80.0055519999999945
 20
-87.2322279999999921
 30
0
 11
79.9455370000000016
 21
-87.3771169999999984
 31
0
  0
LINE
  5
A6B
330
1B
100
AcDbEntity
  8
F.Cu
  6
CONTINUOUS
100
AcDbLine
 10
79.9455370000000016
 20
-87.3771169999999984
 30
0
 11
79.8584079999999972
 21
-87.5075149999999979
 31
0
  0
LINE
  5
A6C
330
1B
100
AcDbEntity
  8
F.Cu
  6
CONTINUOUS
100
AcDbLine
 10
79.8584079999999972
 20
-87.5075149999999979
 30
0
 11
79.7475149999999928
 21
-87.6184080000000023
 31
0
  0
LINE
  5
A6D
330
1B
100
AcDbEntity
  8
F.Cu
  6
CONTINUOUS
100
AcDbLine
 10
79.7475149999999928
 20
-87.6184080000000023
 30
0
 11
79.6171169999999933
 21
-87.7055369999999925
 31
0
  0
LINE
  5
A6E
330
1B
100
AcDbEntity
  8
F.Cu
  6
CONTINUOUS
100
AcDbLine
 10
79.6171169999999933
 20
-87.7055369999999925
 30
0
 11
79.4722280000000012
 21
-87.7655519999999996
 31
0
  0
LINE
  5
A6F
330
1B
100
AcDbEntity
  8
F.Cu
  6
CONTINUOUS
100
AcDbLine
 10
79.4722280000000012
 20
-87.7655519999999996
 30
0
 11
79.31841399999999
 21
-87.7961480000000023
 31
0
  0
LINE
  5
A70
330
1B
100
AcDbEntity
  8
F.Cu
  6
CONTINUOUS
100
AcDbLine
 10
79.31841399999999
 20
-87.7961480000000023
 30
0
 11
79.1615859999999998
 21
-87.7961480000000023
 31
0
  0
LINE
  5
A71
330
1B
100
AcDbEntity
  8
F.Cu
  6
CONTINUOUS
100
AcDbLine
 10
79.1615859999999998
 20
-87.7961480000000023
 30
0
 11
79.0077720000000028
 21
-87.7655519999999996
 31
0
  0
LINE
  5
A72
330
1B
100
AcDbEntity
  8
F.Cu
  6
CONTINUOUS
100
AcDbLine
 10
79.0077720000000028
 20
-87.7655519999999996
 30
0
 11
78.8628829999999965
 21
-87.7055369999999925
 31
0
  0
LINE
  5
A73
330
1B
100
AcDbEntity
  8
F.Cu
  6
CONTINUOUS
100
AcDbLine
 10
78.8628829999999965
 20
-87.7055369999999925
 30
0
 11
78.7324849999999969
 21
-87.6184080000000023
 31
0
  0
LINE
  5
A74
330
1B
100
AcDbEntity
  8
F.Cu
  6
CONTINUOUS
100
AcDbLine
 10
78.7324849999999969
 20
-87.6184080000000023
 30
0
 11
78.6215919999999926
 21
-87.5075149999999979
 31
0
  0
LINE
  5
A75
330
1B
100
AcDbEntity
  8
F.Cu
  6
CONTINUOUS
100
AcDbLine
 10
78.6215919999999926
 20
-87.5075149999999979
 30
0
 11
78.5344630000000024
 21
-87.3771169999999984
 31
0
  0
LINE
  5
A76
330
1B
100
AcDbEntity
  8
F.Cu
  6
CONTINUOUS
100
AcDbLine
 10
78.5344630000000024
 20
-87.3771169999999984
 30
0
 11
78.4744479999999953
 21
-87.2322279999999921
 31
0
  0
LINE
  5
A77
330
1B
100
AcDbEntity
  8
F.Cu
  6
CONTINUOUS
100
AcDbLine
 10
78.4744479999999953
 20
-87.2322279999999921
 30
0
 11
78.4438519999999926
 21
-87.0784139999999951
 31
0
  0
LINE
  5
A78
330
1B
100
AcDbEntity
  8
F.Cu
  6
CONTINUOUS
100
AcDbLine
 10
78.4438519999999926
 20
-87.0784139999999951
 30
0
 11
78.4438519999999926
 21
-86.9215859999999907
 31
0
  0
LINE
  5
A79
330
1B
100
AcDbEntity
  8
F.Cu
  6
CONTINUOUS
100
AcDbLine
 10
78.4438519999999926
 20
-86.9215859999999907
 30
0
 11
78.4744479999999953
 21
-86.7677719999999937
 31
0
  0
LINE
  5
A7A
330
1B
100
AcDbEntity
  8
F.Cu
  6
CONTINUOUS
100
AcDbLine
 10
78.4744479999999953
 20
-86.7677719999999937
 30
0
 11
78.5344630000000024
 21
-86.6228830000000016
 31
0
  0
LINE
  5
A7B
330
1B
100
AcDbEntity
  8
F.Cu
  6
CONTINUOUS
100
AcDbLine
 10
78.5344630000000024
 20
-86.6228830000000016
 30
0
 11
78.6215919999999926
 21
-86.4924850000000021
 31
0
  0
LINE
  5
A7C
330
1B
100
AcDbEntity
  8
F.Cu
  6
CONTINUOUS
100
AcDbLine
 10
78.6215919999999926
 20
-86.4924850000000021
 30
0
 11
78.7324849999999969
 21
-86.3815919999999977
 31
0
  0
LINE
  5
A7D
330
1B
100
AcDbEntity
  8
F.Cu
  6
CONTINUOUS
100
AcDbLine
 10
78.7324849999999969
 20
-86.3815919999999977
 30
0
 11
78.8628829999999965
 21
-86.2944629999999933
 31
0
  0
LINE
  5
A7E
330
1B
100
AcDbEntity
  8
F.Cu
  6
CONTINUOUS
100
AcDbLine
 10
78.8628829999999965
 20
-86.2944629999999933
 30
0
 11
79.0077720000000028
 21
-86.2344480000000004
 31
0
  0
LINE
  5
A7F
330
1B
100
AcDbEntity
  8
F.Cu
  6
CONTINUOUS
100
AcDbLine
 10
79.0077720000000028
 20
-86.2344480000000004
 30
0
 11
79.1615859999999998
 21
-86.2038519999999977
 31
0
  0
LINE
  5
A80
330
1B
100
AcDbEntity
  8
F.Cu
  6
CONTINUOUS
100
AcDbLine
 10
79.1615859999999998
 20
-86.2038519999999977
 30
0
 11
79.31841399999999
 21
-86.2038519999999977
 31
0
  0
LINE
  5
A81
330
1B
100
AcDbEntity
  8
F.Cu
  6
CONTINUOUS
100
AcDbLine
 10
79.31841399999999
 20
-86.2038519999999977
 30
0
 11
79.4722280000000012
 21
-86.2344480000000004
 31
0
  0
LINE
  5
A82
330
1B
100
AcDbEntity
  8
F.Cu
  6
CONTINUOUS
100
AcDbLine
 10
90.6122280000000018
 20
-86.2344480000000004
 30
0
 11
90.7571169999999938
 21
-86.2944629999999933
 31
0
  0
LINE
  5
A83
330
1B
100
AcDbEntity
  8
F.Cu
  6
CONTINUOUS
100
AcDbLine
 10
90.7571169999999938
 20
-86.2944629999999933
 30
0
 11
90.8875149999999934
 21
-86.3815919999999977
 31
0
  0
LINE
  5
A84
330
1B
100
AcDbEntity
  8
F.Cu
  6
CONTINUOUS
100
AcDbLine
 10
90.8875149999999934
 20
-86.3815919999999977
 30
0
 11
90.9984079999999977
 21
-86.4924850000000021
 31
0
  0
LINE
  5
A85
330
1B
100
AcDbEntity
  8
F.Cu
  6
CONTINUOUS
100
AcDbLine
 10
90.9984079999999977
 20
-86.4924850000000021
 30
0
 11
91.0855370000000022
 21
-86.6228830000000016
 31
0
  0
LINE
  5
A86
330
1B
100
AcDbEntity
  8
F.Cu
  6
CONTINUOUS
100
AcDbLine
 10
91.0855370000000022
 20
-86.6228830000000016
 30
0
 11
91.145551999999995
 21
-86.7677719999999937
 31
0
  0
LINE
  5
A87
330
1B
100
AcDbEntity
  8
F.Cu
  6
CONTINUOUS
100
AcDbLine
 10
91.145551999999995
 20
-86.7677719999999937
 30
0
 11
91.1761479999999978
 21
-86.9215859999999907
 31
0
  0
LINE
  5
A88
330
1B
100
AcDbEntity
  8
F.Cu
  6
CONTINUOUS
100
AcDbLine
 10
91.1761479999999978
 20
-86.9215859999999907
 30
0
 11
91.1761479999999978
 21
-87.0784139999999951
 31
0
  0
LINE
  5
A89
330
1B
100
AcDbEntity
  8
F.Cu
  6
CONTINUOUS
100
AcDbLine
 10
91.1761479999999978
 20
-87.0784139999999951
 30
0
 11
91.145551999999995
 21
-87.2322279999999921
 31
0
  0
LINE
  5
A8A
330
1B
100
AcDbEntity
  8
F.Cu
  6
CONTINUOUS
100
AcDbLine
 10
91.145551999999995
 20
-87.2322279999999921
 30
0
 11
91.0855370000000022
 21
-87.3771169999999984
 31
0
  0
LINE
  5
A8B
330
1B
100
AcDbEntity
  8
F.Cu
  6
CONTINUOUS
100
AcDbLine
 10
91.0855370000000022
 20
-87.3771169999999984
 30
0
 11
90.9984079999999977
 21
-87.5075149999999979
 31
0
  0
LINE
  5
A8C
330
1B
100
AcDbEntity
  8
F.Cu
  6
CONTINUOUS
100
AcDbLine
 10
90.9984079999999977
 20
-87.5075149999999979
 30
0
 11
90.8875149999999934
 21
-87.6184080000000023
 31
0
  0
LINE
  5
A8D
330
1B
100
AcDbEntity
  8
F.Cu
  6
CONTINUOUS
100
AcDbLine
 10
90.8875149999999934
 20
-87.6184080000000023
 30
0
 11
90.7571169999999938
 21
-87.7055369999999925
 31
0
  0
LINE
  5
A8E
330
1B
100
AcDbEntity
  8
F.Cu
  6
CONTINUOUS
100
AcDbLine
 10
90.7571169999999938
 20
-87.7055369999999925
 30
0
 11
90.6122280000000018
 21
-87.7655519999999996
 31
0
  0
LINE
  5
A8F
330
1B
100
AcDbEntity
  8
F.Cu
  6
CONTINUOUS
100
AcDbLine
 10
90.6122280000000018
 20
-87.7655519999999996
 30
0
 11
90.4584139999999906
 21
-87.7961480000000023
 31
0
  0
LINE
  5
A90
330
1B
100
AcDbEntity
  8
F.Cu
  6
CONTINUOUS
100
AcDbLine
 10
90.4584139999999906
 20
-87.7961480000000023
 30
0
 11
90.3015860000000004
 21
-87.7961480000000023
 31
0
  0
LINE
  5
A91
330
1B
100
AcDbEntity
  8
F.Cu
  6
CONTINUOUS
100
AcDbLine
 10
90.3015860000000004
 20
-87.7961480000000023
 30
0
 11
90.1477719999999891
 21
-87.7655519999999996
 31
0
  0
LINE
  5
A92
330
1B
100
AcDbEntity
  8
F.Cu
  6
CONTINUOUS
100
AcDbLine
 10
90.1477719999999891
 20
-87.7655519999999996
 30
0
 11
90.0028829999999971
 21
-87.7055369999999925
 31
0
  0
LINE
  5
A93
330
1B
100
AcDbEntity
  8
F.Cu
  6
CONTINUOUS
100
AcDbLine
 10
90.0028829999999971
 20
-87.7055369999999925
 30
0
 11
89.8724849999999975
 21
-87.6184080000000023
 31
0
  0
LINE
  5
A94
330
1B
100
AcDbEntity
  8
F.Cu
  6
CONTINUOUS
100
AcDbLine
 10
89.8724849999999975
 20
-87.6184080000000023
 30
0
 11
89.7615919999999932
 21
-87.5075149999999979
 31
0
  0
LINE
  5
A95
330
1B
100
AcDbEntity
  8
F.Cu
  6
CONTINUOUS
100
AcDbLine
 10
89.7615919999999932
 20
-87.5075149999999979
 30
0
 11
89.6744630000000029
 21
-87.3771169999999984
 31
0
  0
LINE
  5
A96
330
1B
100
AcDbEntity
  8
F.Cu
  6
CONTINUOUS
100
AcDbLine
 10
89.6744630000000029
 20
-87.3771169999999984
 30
0
 11
89.6144479999999959
 21
-87.2322279999999921
 31
0
  0
LINE
  5
A97
330
1B
100
AcDbEntity
  8
F.Cu
  6
CONTINUOUS
100
AcDbLine
 10
89.6144479999999959
 20
-87.2322279999999921
 30
0
 11
89.5838519999999932
 21
-87.0784139999999951
 31
0
  0
LINE
  5
A98
330
1B
100
AcDbEntity
  8
F.Cu
  6
CONTINUOUS
100
AcDbLine
 10
89.5838519999999932
 20
-87.0784139999999951
 30
0
 11
89.5838519999999932
 21
-86.9215859999999907
 31
0
  0
LINE
  5
A99
330
1B
100
AcDbEntity
  8
F.Cu
  6
CONTINUOUS
100
AcDbLine
 10
89.5838519999999932
 20
-86.9215859999999907
 30
0
 11
89.6144479999999959
 21
-86.7677719999999937
 31
0
  0
LINE
  5
A9A
330
1B
100
AcDbEntity
  8
F.Cu
  6
CONTINUOUS
100
AcDbLine
 10
89.6144479999999959
 20
-86.7677719999999937
 30
0
 11
89.6744630000000029
 21
-86.6228830000000016
 31
0
  0
LINE
  5
A9B
330
1B
100
AcDbEntity
  8
F.Cu
  6
CONTINUOUS
100
AcDbLine
 10
89.6744630000000029
 20
-86.6228830000000016
 30
0
 11
89.7615919999999932
 21
-86.4924850000000021
 31
0
  0
LINE
  5
A9C
330
1B
100
AcDbEntity
  8
F.Cu
  6
CONTINUOUS
100
AcDbLine
 10
89.7615919999999932
 20
-86.4924850000000021
 30
0
 11
89.8724849999999975
 21
-86.3815919999999977
 31
0
  0
LINE
  5
A9D
330
1B
100
AcDbEntity
  8
F.Cu
  6
CONTINUOUS
100
AcDbLine
 10
89.8724849999999975
 20
-86.3815919999999977
 30
0
 11
90.0028829999999971
 21
-86.2944629999999933
 31
0
  0
LINE
  5
A9E
330
1B
100
AcDbEntity
  8
F.Cu
  6
CONTINUOUS
100
AcDbLine
 10
90.0028829999999971
 20
-86.2944629999999933
 30
0
 11
90.1477719999999891
 21
-86.2344480000000004
 31
0
  0
LINE
  5
A9F
330
1B
100
AcDbEntity
  8
F.Cu
  6
CONTINUOUS
100
AcDbLine
 10
90.1477719999999891
 20
-86.2344480000000004
 30
0
 11
90.3015860000000004
 21
-86.2038519999999977
 31
0
  0
LINE
  5
AA0
330
1B
100
AcDbEntity
  8
F.Cu
  6
CONTINUOUS
100
AcDbLine
 10
90.3015860000000004
 20
-86.2038519999999977
 30
0
 11
90.4584139999999906
 21
-86.2038519999999977
 31
0
  0
LINE
  5
AA1
330
1B
100
AcDbEntity
  8
F.Cu
  6
CONTINUOUS
100
AcDbLine
 10
90.4584139999999906
 20
-86.2038519999999977
 30
0
 11
90.6122280000000018
 21
-86.2344480000000004
 31
0
  0
LINE
  5
AA2
330
1B
100
AcDbEntity
  8
F.Cu
  6
CONTINUOUS
100
AcDbLine
 10
68.8499999999999943
 20
-84.8999999999999915
 30
0
 11
67.1499999999999915
 21
-84.8999999999999915
 31
0
  0
LINE
  5
AA3
330
1B
100
AcDbEntity
  8
F.Cu
  6
CONTINUOUS
100
AcDbLine
 10
67.1499999999999915
 20
-84.8999999999999915
 30
0
 11
67.1499999999999915
 21
-83.0999999999999943
 31
0
  0
LINE
  5
AA4
330
1B
100
AcDbEntity
  8
F.Cu
  6
CONTINUOUS
100
AcDbLine
 10
67.1499999999999915
 20
-83.0999999999999943
 30
0
 11
68.8499999999999943
 21
-83.0999999999999943
 31
0
  0
LINE
  5
AA5
330
1B
100
AcDbEntity
  8
F.Cu
  6
CONTINUOUS
100
AcDbLine
 10
68.8499999999999943
 20
-83.0999999999999943
 30
0
 11
68.8499999999999943
 21
-84.8999999999999915
 31
0
  0
LINE
  5
AA6
330
1B
100
AcDbEntity
  8
F.Cu
  6
CONTINUOUS
100
AcDbLine
 10
63.1667419999999993
 20
-83.1366009999999989
 30
0
 11
63.3206869999999995
 21
-83.200367
 31
0
  0
LINE
  5
AA7
330
1B
100
AcDbEntity
  8
F.Cu
  6
CONTINUOUS
100
AcDbLine
 10
63.3206869999999995
 20
-83.200367
 30
0
 11
63.459233999999995
 21
-83.292940999999999
 31
0
  0
LINE
  5
AA8
330
1B
100
AcDbEntity
  8
F.Cu
  6
CONTINUOUS
100
AcDbLine
 10
63.459233999999995
 20
-83.292940999999999
 30
0
 11
63.5770589999999984
 21
-83.4107659999999953
 31
0
  0
LINE
  5
AA9
330
1B
100
AcDbEntity
  8
F.Cu
  6
CONTINUOUS
100
AcDbLine
 10
63.5770589999999984
 20
-83.4107659999999953
 30
0
 11
63.6696329999999975
 21
-83.5493129999999979
 31
0
  0
LINE
  5
AAA
330
1B
100
AcDbEntity
  8
F.Cu
  6
CONTINUOUS
100
AcDbLine
 10
63.6696329999999975
 20
-83.5493129999999979
 30
0
 11
63.7333989999999986
 21
-83.7032579999999911
 31
0
  0
LINE
  5
AAB
330
1B
100
AcDbEntity
  8
F.Cu
  6
CONTINUOUS
100
AcDbLine
 10
63.7333989999999986
 20
-83.7032579999999911
 30
0
 11
63.7659069999999986
 21
-83.8666849999999897
 31
0
  0
LINE
  5
AAC
330
1B
100
AcDbEntity
  8
F.Cu
  6
CONTINUOUS
100
AcDbLine
 10
63.7659069999999986
 20
-83.8666849999999897
 30
0
 11
63.769999999999996
 21
-83.9500000000000028
 31
0
  0
LINE
  5
AAD
330
1B
100
AcDbEntity
  8
F.Cu
  6
CONTINUOUS
100
AcDbLine
 10
63.769999999999996
 20
-83.9500000000000028
 30
0
 11
63.769999999999996
 21
-84.0499999999999972
 31
0
  0
LINE
  5
AAE
330
1B
100
AcDbEntity
  8
F.Cu
  6
CONTINUOUS
100
AcDbLine
 10
63.769999999999996
 20
-84.0499999999999972
 30
0
 11
63.7659069999999986
 21
-84.1333149999999961
 31
0
  0
LINE
  5
AAF
330
1B
100
AcDbEntity
  8
F.Cu
  6
CONTINUOUS
100
AcDbLine
 10
63.7659069999999986
 20
-84.1333149999999961
 30
0
 11
63.7333989999999986
 21
-84.2967419999999947
 31
0
  0
LINE
  5
AB0
330
1B
100
AcDbEntity
  8
F.Cu
  6
CONTINUOUS
100
AcDbLine
 10
63.7333989999999986
 20
-84.2967419999999947
 30
0
 11
63.6696329999999975
 21
-84.4506870000000021
 31
0
  0
LINE
  5
AB1
330
1B
100
AcDbEntity
  8
F.Cu
  6
CONTINUOUS
100
AcDbLine
 10
63.6696329999999975
 20
-84.4506870000000021
 30
0
 11
63.5770589999999984
 21
-84.5892339999999905
 31
0
  0
LINE
  5
AB2
330
1B
100
AcDbEntity
  8
F.Cu
  6
CONTINUOUS
100
AcDbLine
 10
63.5770589999999984
 20
-84.5892339999999905
 30
0
 11
63.459233999999995
 21
-84.707059000000001
 31
0
  0
LINE
  5
AB3
330
1B
100
AcDbEntity
  8
F.Cu
  6
CONTINUOUS
100
AcDbLine
 10
63.459233999999995
 20
-84.707059000000001
 30
0
 11
63.3206869999999995
 21
-84.799633
 31
0
  0
LINE
  5
AB4
330
1B
100
AcDbEntity
  8
F.Cu
  6
CONTINUOUS
100
AcDbLine
 10
63.3206869999999995
 20
-84.799633
 30
0
 11
63.1667419999999993
 21
-84.8633990000000011
 31
0
  0
LINE
  5
AB5
330
1B
100
AcDbEntity
  8
F.Cu
  6
CONTINUOUS
100
AcDbLine
 10
63.1667419999999993
 20
-84.8633990000000011
 30
0
 11
63.0033150000000006
 21
-84.895906999999994
 31
0
  0
LINE
  5
AB6
330
1B
100
AcDbEntity
  8
F.Cu
  6
CONTINUOUS
100
AcDbLine
 10
63.0033150000000006
 20
-84.895906999999994
 30
0
 11
62.8366849999999957
 21
-84.895906999999994
 31
0
  0
LINE
  5
AB7
330
1B
100
AcDbEntity
  8
F.Cu
  6
CONTINUOUS
100
AcDbLine
 10
62.8366849999999957
 20
-84.895906999999994
 30
0
 11
62.673257999999997
 21
-84.8633990000000011
 31
0
  0
LINE
  5
AB8
330
1B
100
AcDbEntity
  8
F.Cu
  6
CONTINUOUS
100
AcDbLine
 10
62.673257999999997
 20
-84.8633990000000011
 30
0
 11
62.5193129999999968
 21
-84.799633
 31
0
  0
LINE
  5
AB9
330
1B
100
AcDbEntity
  8
F.Cu
  6
CONTINUOUS
100
AcDbLine
 10
62.5193129999999968
 20
-84.799633
 30
0
 11
62.3807659999999942
 21
-84.707059000000001
 31
0
  0
LINE
  5
ABA
330
1B
100
AcDbEntity
  8
F.Cu
  6
CONTINUOUS
100
AcDbLine
 10
62.3807659999999942
 20
-84.707059000000001
 30
0
 11
62.2629409999999979
 21
-84.5892339999999905
 31
0
  0
LINE
  5
ABB
330
1B
100
AcDbEntity
  8
F.Cu
  6
CONTINUOUS
100
AcDbLine
 10
62.2629409999999979
 20
-84.5892339999999905
 30
0
 11
62.1703669999999988
 21
-84.4506870000000021
 31
0
  0
LINE
  5
ABC
330
1B
100
AcDbEntity
  8
F.Cu
  6
CONTINUOUS
100
AcDbLine
 10
62.1703669999999988
 20
-84.4506870000000021
 30
0
 11
62.1066009999999977
 21
-84.2967419999999947
 31
0
  0
LINE
  5
ABD
330
1B
100
AcDbEntity
  8
F.Cu
  6
CONTINUOUS
100
AcDbLine
 10
62.1066009999999977
 20
-84.2967419999999947
 30
0
 11
62.0740929999999977
 21
-84.1333149999999961
 31
0
  0
LINE
  5
ABE
330
1B
100
AcDbEntity
  8
F.Cu
  6
CONTINUOUS
100
AcDbLine
 10
62.0740929999999977
 20
-84.1333149999999961
 30
0
 11
62.0700000000000003
 21
-84.0499999999999972
 31
0
  0
LINE
  5
ABF
330
1B
100
AcDbEntity
  8
F.Cu
  6
CONTINUOUS
100
AcDbLine
 10
62.0700000000000003
 20
-84.0499999999999972
 30
0
 11
62.0700000000000003
 21
-83.9500000000000028
 31
0
  0
LINE
  5
AC0
330
1B
100
AcDbEntity
  8
F.Cu
  6
CONTINUOUS
100
AcDbLine
 10
62.0700000000000003
 20
-83.9500000000000028
 30
0
 11
62.0740929999999977
 21
-83.8666849999999897
 31
0
  0
LINE
  5
AC1
330
1B
100
AcDbEntity
  8
F.Cu
  6
CONTINUOUS
100
AcDbLine
 10
62.0740929999999977
 20
-83.8666849999999897
 30
0
 11
62.1066009999999977
 21
-83.7032579999999911
 31
0
  0
LINE
  5
AC2
330
1B
100
AcDbEntity
  8
F.Cu
  6
CONTINUOUS
100
AcDbLine
 10
62.1066009999999977
 20
-83.7032579999999911
 30
0
 11
62.1703669999999988
 21
-83.5493129999999979
 31
0
  0
LINE
  5
AC3
330
1B
100
AcDbEntity
  8
F.Cu
  6
CONTINUOUS
100
AcDbLine
 10
62.1703669999999988
 20
-83.5493129999999979
 30
0
 11
62.2629409999999979
 21
-83.4107659999999953
 31
0
  0
LINE
  5
AC4
330
1B
100
AcDbEntity
  8
F.Cu
  6
CONTINUOUS
100
AcDbLine
 10
62.2629409999999979
 20
-83.4107659999999953
 30
0
 11
62.3807659999999942
 21
-83.292940999999999
 31
0
  0
LINE
  5
AC5
330
1B
100
AcDbEntity
  8
F.Cu
  6
CONTINUOUS
100
AcDbLine
 10
62.3807659999999942
 20
-83.292940999999999
 30
0
 11
62.5193129999999968
 21
-83.200367
 31
0
  0
LINE
  5
AC6
330
1B
100
AcDbEntity
  8
F.Cu
  6
CONTINUOUS
100
AcDbLine
 10
62.5193129999999968
 20
-83.200367
 30
0
 11
62.673257999999997
 21
-83.1366009999999989
 31
0
  0
LINE
  5
AC7
330
1B
100
AcDbEntity
  8
F.Cu
  6
CONTINUOUS
100
AcDbLine
 10
62.673257999999997
 20
-83.1366009999999989
 30
0
 11
62.8366849999999957
 21
-83.1040929999999918
 31
0
  0
LINE
  5
AC8
330
1B
100
AcDbEntity
  8
F.Cu
  6
CONTINUOUS
100
AcDbLine
 10
62.8366849999999957
 20
-83.1040929999999918
 30
0
 11
63.0033150000000006
 21
-83.1040929999999918
 31
0
  0
LINE
  5
AC9
330
1B
100
AcDbEntity
  8
F.Cu
  6
CONTINUOUS
100
AcDbLine
 10
63.0033150000000006
 20
-83.1040929999999918
 30
0
 11
63.1667419999999993
 21
-83.1366009999999989
 31
0
  0
LINE
  5
ACA
330
1B
100
AcDbEntity
  8
F.Cu
  6
CONTINUOUS
100
AcDbLine
 10
65.7067419999999913
 20
-83.1366009999999989
 30
0
 11
65.8606869999999986
 21
-83.200367
 31
0
  0
LINE
  5
ACB
330
1B
100
AcDbEntity
  8
F.Cu
  6
CONTINUOUS
100
AcDbLine
 10
65.8606869999999986
 20
-83.200367
 30
0
 11
65.9992340000000013
 21
-83.292940999999999
 31
0
  0
LINE
  5
ACC
330
1B
100
AcDbEntity
  8
F.Cu
  6
CONTINUOUS
100
AcDbLine
 10
65.9992340000000013
 20
-83.292940999999999
 30
0
 11
66.1170589999999976
 21
-83.4107659999999953
 31
0
  0
LINE
  5
ACD
330
1B
100
AcDbEntity
  8
F.Cu
  6
CONTINUOUS
100
AcDbLine
 10
66.1170589999999976
 20
-83.4107659999999953
 30
0
 11
66.2096329999999966
 21
-83.5493129999999979
 31
0
  0
LINE
  5
ACE
330
1B
100
AcDbEntity
  8
F.Cu
  6
CONTINUOUS
100
AcDbLine
 10
66.2096329999999966
 20
-83.5493129999999979
 30
0
 11
66.2733989999999977
 21
-83.7032579999999911
 31
0
  0
LINE
  5
ACF
330
1B
100
AcDbEntity
  8
F.Cu
  6
CONTINUOUS
100
AcDbLine
 10
66.2733989999999977
 20
-83.7032579999999911
 30
0
 11
66.3059069999999906
 21
-83.8666849999999897
 31
0
  0
LINE
  5
AD0
330
1B
100
AcDbEntity
  8
F.Cu
  6
CONTINUOUS
100
AcDbLine
 10
66.3059069999999906
 20
-83.8666849999999897
 30
0
 11
66.3100000000000023
 21
-83.9500000000000028
 31
0
  0
LINE
  5
AD1
330
1B
100
AcDbEntity
  8
F.Cu
  6
CONTINUOUS
100
AcDbLine
 10
66.3100000000000023
 20
-83.9500000000000028
 30
0
 11
66.3100000000000023
 21
-84.0499999999999972
 31
0
  0
LINE
  5
AD2
330
1B
100
AcDbEntity
  8
F.Cu
  6
CONTINUOUS
100
AcDbLine
 10
66.3100000000000023
 20
-84.0499999999999972
 30
0
 11
66.3059069999999906
 21
-84.1333149999999961
 31
0
  0
LINE
  5
AD3
330
1B
100
AcDbEntity
  8
F.Cu
  6
CONTINUOUS
100
AcDbLine
 10
66.3059069999999906
 20
-84.1333149999999961
 30
0
 11
66.2733989999999977
 21
-84.2967419999999947
 31
0
  0
LINE
  5
AD4
330
1B
100
AcDbEntity
  8
F.Cu
  6
CONTINUOUS
100
AcDbLine
 10
66.2733989999999977
 20
-84.2967419999999947
 30
0
 11
66.2096329999999966
 21
-84.4506870000000021
 31
0
  0
LINE
  5
AD5
330
1B
100
AcDbEntity
  8
F.Cu
  6
CONTINUOUS
100
AcDbLine
 10
66.2096329999999966
 20
-84.4506870000000021
 30
0
 11
66.1170589999999976
 21
-84.5892339999999905
 31
0
  0
LINE
  5
AD6
330
1B
100
AcDbEntity
  8
F.Cu
  6
CONTINUOUS
100
AcDbLine
 10
66.1170589999999976
 20
-84.5892339999999905
 30
0
 11
65.9992340000000013
 21
-84.707059000000001
 31
0
  0
LINE
  5
AD7
330
1B
100
AcDbEntity
  8
F.Cu
  6
CONTINUOUS
100
AcDbLine
 10
65.9992340000000013
 20
-84.707059000000001
 30
0
 11
65.8606869999999986
 21
-84.799633
 31
0
  0
LINE
  5
AD8
330
1B
100
AcDbEntity
  8
F.Cu
  6
CONTINUOUS
100
AcDbLine
 10
65.8606869999999986
 20
-84.799633
 30
0
 11
65.7067419999999913
 21
-84.8633990000000011
 31
0
  0
LINE
  5
AD9
330
1B
100
AcDbEntity
  8
F.Cu
  6
CONTINUOUS
100
AcDbLine
 10
65.7067419999999913
 20
-84.8633990000000011
 30
0
 11
65.5433149999999927
 21
-84.895906999999994
 31
0
  0
LINE
  5
ADA
330
1B
100
AcDbEntity
  8
F.Cu
  6
CONTINUOUS
100
AcDbLine
 10
65.5433149999999927
 20
-84.895906999999994
 30
0
 11
65.3766849999999948
 21
-84.895906999999994
 31
0
  0
LINE
  5
ADB
330
1B
100
AcDbEntity
  8
F.Cu
  6
CONTINUOUS
100
AcDbLine
 10
65.3766849999999948
 20
-84.895906999999994
 30
0
 11
65.2132579999999962
 21
-84.8633990000000011
 31
0
  0
LINE
  5
ADC
330
1B
100
AcDbEntity
  8
F.Cu
  6
CONTINUOUS
100
AcDbLine
 10
65.2132579999999962
 20
-84.8633990000000011
 30
0
 11
65.0593130000000031
 21
-84.799633
 31
0
  0
LINE
  5
ADD
330
1B
100
AcDbEntity
  8
F.Cu
  6
CONTINUOUS
100
AcDbLine
 10
65.0593130000000031
 20
-84.799633
 30
0
 11
64.9207660000000004
 21
-84.707059000000001
 31
0
  0
LINE
  5
ADE
330
1B
100
AcDbEntity
  8
F.Cu
  6
CONTINUOUS
100
AcDbLine
 10
64.9207660000000004
 20
-84.707059000000001
 30
0
 11
64.8029410000000041
 21
-84.5892339999999905
 31
0
  0
LINE
  5
ADF
330
1B
100
AcDbEntity
  8
F.Cu
  6
CONTINUOUS
100
AcDbLine
 10
64.8029410000000041
 20
-84.5892339999999905
 30
0
 11
64.7103669999999909
 21
-84.4506870000000021
 31
0
  0
LINE
  5
AE0
330
1B
100
AcDbEntity
  8
F.Cu
  6
CONTINUOUS
100
AcDbLine
 10
64.7103669999999909
 20
-84.4506870000000021
 30
0
 11
64.646601000000004
 21
-84.2967419999999947
 31
0
  0
LINE
  5
AE1
330
1B
100
AcDbEntity
  8
F.Cu
  6
CONTINUOUS
100
AcDbLine
 10
64.646601000000004
 20
-84.2967419999999947
 30
0
 11
64.6140929999999969
 21
-84.1333149999999961
 31
0
  0
LINE
  5
AE2
330
1B
100
AcDbEntity
  8
F.Cu
  6
CONTINUOUS
100
AcDbLine
 10
64.6140929999999969
 20
-84.1333149999999961
 30
0
 11
64.6099999999999994
 21
-84.0499999999999972
 31
0
  0
LINE
  5
AE3
330
1B
100
AcDbEntity
  8
F.Cu
  6
CONTINUOUS
100
AcDbLine
 10
64.6099999999999994
 20
-84.0499999999999972
 30
0
 11
64.6099999999999994
 21
-83.9500000000000028
 31
0
  0
LINE
  5
AE4
330
1B
100
AcDbEntity
  8
F.Cu
  6
CONTINUOUS
100
AcDbLine
 10
64.6099999999999994
 20
-83.9500000000000028
 30
0
 11
64.6140929999999969
 21
-83.8666849999999897
 31
0
  0
LINE
  5
AE5
330
1B
100
AcDbEntity
  8
F.Cu
  6
CONTINUOUS
100
AcDbLine
 10
64.6140929999999969
 20
-83.8666849999999897
 30
0
 11
64.646601000000004
 21
-83.7032579999999911
 31
0
  0
LINE
  5
AE6
330
1B
100
AcDbEntity
  8
F.Cu
  6
CONTINUOUS
100
AcDbLine
 10
64.646601000000004
 20
-83.7032579999999911
 30
0
 11
64.7103669999999909
 21
-83.5493129999999979
 31
0
  0
LINE
  5
AE7
330
1B
100
AcDbEntity
  8
F.Cu
  6
CONTINUOUS
100
AcDbLine
 10
64.7103669999999909
 20
-83.5493129999999979
 30
0
 11
64.8029410000000041
 21
-83.4107659999999953
 31
0
  0
LINE
  5
AE8
330
1B
100
AcDbEntity
  8
F.Cu
  6
CONTINUOUS
100
AcDbLine
 10
64.8029410000000041
 20
-83.4107659999999953
 30
0
 11
64.9207660000000004
 21
-83.292940999999999
 31
0
  0
LINE
  5
AE9
330
1B
100
AcDbEntity
  8
F.Cu
  6
CONTINUOUS
100
AcDbLine
 10
64.9207660000000004
 20
-83.292940999999999
 30
0
 11
65.0593130000000031
 21
-83.200367
 31
0
  0
LINE
  5
AEA
330
1B
100
AcDbEntity
  8
F.Cu
  6
CONTINUOUS
100
AcDbLine
 10
65.0593130000000031
 20
-83.200367
 30
0
 11
65.2132579999999962
 21
-83.1366009999999989
 31
0
  0
LINE
  5
AEB
330
1B
100
AcDbEntity
  8
F.Cu
  6
CONTINUOUS
100
AcDbLine
 10
65.2132579999999962
 20
-83.1366009999999989
 30
0
 11
65.3766849999999948
 21
-83.1040929999999918
 31
0
  0
LINE
  5
AEC
330
1B
100
AcDbEntity
  8
F.Cu
  6
CONTINUOUS
100
AcDbLine
 10
65.3766849999999948
 20
-83.1040929999999918
 30
0
 11
65.5433149999999927
 21
-83.1040929999999918
 31
0
  0
LINE
  5
AED
330
1B
100
AcDbEntity
  8
F.Cu
  6
CONTINUOUS
100
AcDbLine
 10
65.5433149999999927
 20
-83.1040929999999918
 30
0
 11
65.7067419999999913
 21
-83.1366009999999989
 31
0
  0
LINE
  5
AEE
330
1B
100
AcDbEntity
  8
F.Cu
  6
CONTINUOUS
100
AcDbLine
 10
158.2322279999999921
 20
-81.394447999999997
 30
0
 11
158.3771169999999984
 21
-81.4544629999999898
 31
0
  0
LINE
  5
AEF
330
1B
100
AcDbEntity
  8
F.Cu
  6
CONTINUOUS
100
AcDbLine
 10
158.3771169999999984
 20
-81.4544629999999898
 30
0
 11
158.5075149999999837
 21
-81.5415919999999943
 31
0
  0
LINE
  5
AF0
330
1B
100
AcDbEntity
  8
F.Cu
  6
CONTINUOUS
100
AcDbLine
 10
158.5075149999999837
 20
-81.5415919999999943
 30
0
 11
158.6184079999999881
 21
-81.6524849999999986
 31
0
  0
LINE
  5
AF1
330
1B
100
AcDbEntity
  8
F.Cu
  6
CONTINUOUS
100
AcDbLine
 10
158.6184079999999881
 20
-81.6524849999999986
 30
0
 11
158.7055369999999925
 21
-81.7828829999999982
 31
0
  0
LINE
  5
AF2
330
1B
100
AcDbEntity
  8
F.Cu
  6
CONTINUOUS
100
AcDbLine
 10
158.7055369999999925
 20
-81.7828829999999982
 30
0
 11
158.7655519999999854
 21
-81.9277719999999903
 31
0
  0
LINE
  5
AF3
330
1B
100
AcDbEntity
  8
F.Cu
  6
CONTINUOUS
100
AcDbLine
 10
158.7655519999999854
 20
-81.9277719999999903
 30
0
 11
158.7961479999999881
 21
-82.0815860000000015
 31
0
  0
LINE
  5
AF4
330
1B
100
AcDbEntity
  8
F.Cu
  6
CONTINUOUS
100
AcDbLine
 10
158.7961479999999881
 20
-82.0815860000000015
 30
0
 11
158.7961479999999881
 21
-82.2384139999999917
 31
0
  0
LINE
  5
AF5
330
1B
100
AcDbEntity
  8
F.Cu
  6
CONTINUOUS
100
AcDbLine
 10
158.7961479999999881
 20
-82.2384139999999917
 30
0
 11
158.7655519999999854
 21
-82.3922280000000029
 31
0
  0
LINE
  5
AF6
330
1B
100
AcDbEntity
  8
F.Cu
  6
CONTINUOUS
100
AcDbLine
 10
158.7655519999999854
 20
-82.3922280000000029
 30
0
 11
158.7055369999999925
 21
-82.537116999999995
 31
0
  0
LINE
  5
AF7
330
1B
100
AcDbEntity
  8
F.Cu
  6
CONTINUOUS
100
AcDbLine
 10
158.7055369999999925
 20
-82.537116999999995
 30
0
 11
158.6184079999999881
 21
-82.6675149999999945
 31
0
  0
LINE
  5
AF8
330
1B
100
AcDbEntity
  8
F.Cu
  6
CONTINUOUS
100
AcDbLine
 10
158.6184079999999881
 20
-82.6675149999999945
 30
0
 11
158.5075149999999837
 21
-82.7784079999999989
 31
0
  0
LINE
  5
AF9
330
1B
100
AcDbEntity
  8
F.Cu
  6
CONTINUOUS
100
AcDbLine
 10
158.5075149999999837
 20
-82.7784079999999989
 30
0
 11
158.3771169999999984
 21
-82.8655370000000033
 31
0
  0
LINE
  5
AFA
330
1B
100
AcDbEntity
  8
F.Cu
  6
CONTINUOUS
100
AcDbLine
 10
158.3771169999999984
 20
-82.8655370000000033
 30
0
 11
158.2322279999999921
 21
-82.9255519999999962
 31
0
  0
LINE
  5
AFB
330
1B
100
AcDbEntity
  8
F.Cu
  6
CONTINUOUS
100
AcDbLine
 10
158.2322279999999921
 20
-82.9255519999999962
 30
0
 11
158.0784139999999809
 21
-82.9561479999999989
 31
0
  0
LINE
  5
AFC
330
1B
100
AcDbEntity
  8
F.Cu
  6
CONTINUOUS
100
AcDbLine
 10
158.0784139999999809
 20
-82.9561479999999989
 30
0
 11
157.9215859999999907
 21
-82.9561479999999989
 31
0
  0
LINE
  5
AFD
330
1B
100
AcDbEntity
  8
F.Cu
  6
CONTINUOUS
100
AcDbLine
 10
157.9215859999999907
 20
-82.9561479999999989
 30
0
 11
157.7677719999999795
 21
-82.9255519999999962
 31
0
  0
LINE
  5
AFE
330
1B
100
AcDbEntity
  8
F.Cu
  6
CONTINUOUS
100
AcDbLine
 10
157.7677719999999795
 20
-82.9255519999999962
 30
0
 11
157.6228830000000016
 21
-82.8655370000000033
 31
0
  0
LINE
  5
AFF
330
1B
100
AcDbEntity
  8
F.Cu
  6
CONTINUOUS
100
AcDbLine
 10
157.6228830000000016
 20
-82.8655370000000033
 30
0
 11
157.4924849999999878
 21
-82.7784079999999989
 31
0
  0
LINE
  5
B00
330
1B
100
AcDbEntity
  8
F.Cu
  6
CONTINUOUS
100
AcDbLine
 10
157.4924849999999878
 20
-82.7784079999999989
 30
0
 11
157.3815919999999835
 21
-82.6675149999999945
 31
0
  0
LINE
  5
B01
330
1B
100
AcDbEntity
  8
F.Cu
  6
CONTINUOUS
100
AcDbLine
 10
157.3815919999999835
 20
-82.6675149999999945
 30
0
 11
157.294462999999979
 21
-82.537116999999995
 31
0
  0
LINE
  5
B02
330
1B
100
AcDbEntity
  8
F.Cu
  6
CONTINUOUS
100
AcDbLine
 10
157.294462999999979
 20
-82.537116999999995
 30
0
 11
157.2344479999999862
 21
-82.3922280000000029
 31
0
  0
LINE
  5
B03
330
1B
100
AcDbEntity
  8
F.Cu
  6
CONTINUOUS
100
AcDbLine
 10
157.2344479999999862
 20
-82.3922280000000029
 30
0
 11
157.2038519999999835
 21
-82.2384139999999917
 31
0
  0
LINE
  5
B04
330
1B
100
AcDbEntity
  8
F.Cu
  6
CONTINUOUS
100
AcDbLine
 10
157.2038519999999835
 20
-82.2384139999999917
 30
0
 11
157.2038519999999835
 21
-82.0815860000000015
 31
0
  0
LINE
  5
B05
330
1B
100
AcDbEntity
  8
F.Cu
  6
CONTINUOUS
100
AcDbLine
 10
157.2038519999999835
 20
-82.0815860000000015
 30
0
 11
157.2344479999999862
 21
-81.9277719999999903
 31
0
  0
LINE
  5
B06
330
1B
100
AcDbEntity
  8
F.Cu
  6
CONTINUOUS
100
AcDbLine
 10
157.2344479999999862
 20
-81.9277719999999903
 30
0
 11
157.294462999999979
 21
-81.7828829999999982
 31
0
  0
LINE
  5
B07
330
1B
100
AcDbEntity
  8
F.Cu
  6
CONTINUOUS
100
AcDbLine
 10
157.294462999999979
 20
-81.7828829999999982
 30
0
 11
157.3815919999999835
 21
-81.6524849999999986
 31
0
  0
LINE
  5
B08
330
1B
100
AcDbEntity
  8
F.Cu
  6
CONTINUOUS
100
AcDbLine
 10
157.3815919999999835
 20
-81.6524849999999986
 30
0
 11
157.4924849999999878
 21
-81.5415919999999943
 31
0
  0
LINE
  5
B09
330
1B
100
AcDbEntity
  8
F.Cu
  6
CONTINUOUS
100
AcDbLine
 10
157.4924849999999878
 20
-81.5415919999999943
 30
0
 11
157.6228830000000016
 21
-81.4544629999999898
 31
0
  0
LINE
  5
B0A
330
1B
100
AcDbEntity
  8
F.Cu
  6
CONTINUOUS
100
AcDbLine
 10
157.6228830000000016
 20
-81.4544629999999898
 30
0
 11
157.7677719999999795
 21
-81.394447999999997
 31
0
  0
LINE
  5
B0B
330
1B
100
AcDbEntity
  8
F.Cu
  6
CONTINUOUS
100
AcDbLine
 10
157.7677719999999795
 20
-81.394447999999997
 30
0
 11
157.9215859999999907
 21
-81.3638519999999943
 31
0
  0
LINE
  5
B0C
330
1B
100
AcDbEntity
  8
F.Cu
  6
CONTINUOUS
100
AcDbLine
 10
157.9215859999999907
 20
-81.3638519999999943
 30
0
 11
158.0784139999999809
 21
-81.3638519999999943
 31
0
  0
LINE
  5
B0D
330
1B
100
AcDbEntity
  8
F.Cu
  6
CONTINUOUS
100
AcDbLine
 10
158.0784139999999809
 20
-81.3638519999999943
 30
0
 11
158.2322279999999921
 21
-81.394447999999997
 31
0
  0
LINE
  5
B0E
330
1B
100
AcDbEntity
  8
F.Cu
  6
CONTINUOUS
100
AcDbLine
 10
56.1456710000000001
 20
-80.7190299999999894
 30
0
 11
56.2267769999999985
 21
-80.7732230000000015
 31
0
  0
LINE
  5
B0F
330
1B
100
AcDbEntity
  8
F.Cu
  6
CONTINUOUS
100
AcDbLine
 10
56.2267769999999985
 20
-80.7732230000000015
 30
0
 11
56.2809699999999964
 21
-80.8543289999999928
 31
0
  0
LINE
  5
B10
330
1B
100
AcDbEntity
  8
F.Cu
  6
CONTINUOUS
100
AcDbLine
 10
56.2809699999999964
 20
-80.8543289999999928
 30
0
 11
56.2999999999999972
 21
-80.9500000000000028
 31
0
  0
LINE
  5
B11
330
1B
100
AcDbEntity
  8
F.Cu
  6
CONTINUOUS
100
AcDbLine
 10
56.2999999999999972
 20
-80.9500000000000028
 30
0
 11
56.2999999999999972
 21
-82.0499999999999972
 31
0
  0
LINE
  5
B12
330
1B
100
AcDbEntity
  8
F.Cu
  6
CONTINUOUS
100
AcDbLine
 10
56.2999999999999972
 20
-82.0499999999999972
 30
0
 11
56.2809699999999964
 21
-82.145670999999993
 31
0
  0
LINE
  5
B13
330
1B
100
AcDbEntity
  8
F.Cu
  6
CONTINUOUS
100
AcDbLine
 10
56.2809699999999964
 20
-82.145670999999993
 30
0
 11
56.2267769999999985
 21
-82.2267769999999985
 31
0
  0
LINE
  5
B14
330
1B
100
AcDbEntity
  8
F.Cu
  6
CONTINUOUS
100
AcDbLine
 10
56.2267769999999985
 20
-82.2267769999999985
 30
0
 11
56.1456710000000001
 21
-82.2809699999999964
 31
0
  0
LINE
  5
B15
330
1B
100
AcDbEntity
  8
F.Cu
  6
CONTINUOUS
100
AcDbLine
 10
56.1456710000000001
 20
-82.2809699999999964
 30
0
 11
56.0499999999999972
 21
-82.2999999999999972
 31
0
  0
LINE
  5
B16
330
1B
100
AcDbEntity
  8
F.Cu
  6
CONTINUOUS
100
AcDbLine
 10
56.0499999999999972
 20
-82.2999999999999972
 30
0
 11
54.9499999999999957
 21
-82.2999999999999972
 31
0
  0
LINE
  5
B17
330
1B
100
AcDbEntity
  8
F.Cu
  6
CONTINUOUS
100
AcDbLine
 10
54.9499999999999957
 20
-82.2999999999999972
 30
0
 11
54.8543289999999999
 21
-82.2809699999999964
 31
0
  0
LINE
  5
B18
330
1B
100
AcDbEntity
  8
F.Cu
  6
CONTINUOUS
100
AcDbLine
 10
54.8543289999999999
 20
-82.2809699999999964
 30
0
 11
54.7732229999999944
 21
-82.2267769999999985
 31
0
  0
LINE
  5
B19
330
1B
100
AcDbEntity
  8
F.Cu
  6
CONTINUOUS
100
AcDbLine
 10
54.7732229999999944
 20
-82.2267769999999985
 30
0
 11
54.7190299999999965
 21
-82.145670999999993
 31
0
  0
LINE
  5
B1A
330
1B
100
AcDbEntity
  8
F.Cu
  6
CONTINUOUS
100
AcDbLine
 10
54.7190299999999965
 20
-82.145670999999993
 30
0
 11
54.6999999999999957
 21
-82.0499999999999972
 31
0
  0
LINE
  5
B1B
330
1B
100
AcDbEntity
  8
F.Cu
  6
CONTINUOUS
100
AcDbLine
 10
54.6999999999999957
 20
-82.0499999999999972
 30
0
 11
54.6999999999999957
 21
-80.9500000000000028
 31
0
  0
LINE
  5
B1C
330
1B
100
AcDbEntity
  8
F.Cu
  6
CONTINUOUS
100
AcDbLine
 10
54.6999999999999957
 20
-80.9500000000000028
 30
0
 11
54.7190299999999965
 21
-80.8543289999999928
 31
0
  0
LINE
  5
B1D
330
1B
100
AcDbEntity
  8
F.Cu
  6
CONTINUOUS
100
AcDbLine
 10
54.7190299999999965
 20
-80.8543289999999928
 30
0
 11
54.7732229999999944
 21
-80.7732230000000015
 31
0
  0
LINE
  5
B1E
330
1B
100
AcDbEntity
  8
F.Cu
  6
CONTINUOUS
100
AcDbLine
 10
54.7732229999999944
 20
-80.7732230000000015
 30
0
 11
54.8543289999999999
 21
-80.7190299999999894
 31
0
  0
LINE
  5
B1F
330
1B
100
AcDbEntity
  8
F.Cu
  6
CONTINUOUS
100
AcDbLine
 10
54.8543289999999999
 20
-80.7190299999999894
 30
0
 11
54.9499999999999957
 21
-80.7000000000000028
 31
0
  0
LINE
  5
B20
330
1B
100
AcDbEntity
  8
F.Cu
  6
CONTINUOUS
100
AcDbLine
 10
54.9499999999999957
 20
-80.7000000000000028
 30
0
 11
56.0499999999999972
 21
-80.7000000000000028
 31
0
  0
LINE
  5
B21
330
1B
100
AcDbEntity
  8
F.Cu
  6
CONTINUOUS
100
AcDbLine
 10
56.0499999999999972
 20
-80.7000000000000028
 30
0
 11
56.1456710000000001
 21
-80.7190299999999894
 31
0
  0
LINE
  5
B22
330
1B
100
AcDbEntity
  8
F.Cu
  6
CONTINUOUS
100
AcDbLine
 10
53.2322279999999992
 20
-80.7344480000000004
 30
0
 11
53.3771169999999984
 21
-80.7944629999999933
 31
0
  0
LINE
  5
B23
330
1B
100
AcDbEntity
  8
F.Cu
  6
CONTINUOUS
100
AcDbLine
 10
53.3771169999999984
 20
-80.7944629999999933
 30
0
 11
53.5075149999999979
 21
-80.8815919999999977
 31
0
  0
LINE
  5
B24
330
1B
100
AcDbEntity
  8
F.Cu
  6
CONTINUOUS
100
AcDbLine
 10
53.5075149999999979
 20
-80.8815919999999977
 30
0
 11
53.6184079999999952
 21
-80.9924850000000021
 31
0
  0
LINE
  5
B25
330
1B
100
AcDbEntity
  8
F.Cu
  6
CONTINUOUS
100
AcDbLine
 10
53.6184079999999952
 20
-80.9924850000000021
 30
0
 11
53.7055369999999996
 21
-81.1228830000000016
 31
0
  0
LINE
  5
B26
330
1B
100
AcDbEntity
  8
F.Cu
  6
CONTINUOUS
100
AcDbLine
 10
53.7055369999999996
 20
-81.1228830000000016
 30
0
 11
53.7655519999999996
 21
-81.2677719999999937
 31
0
  0
LINE
  5
B27
330
1B
100
AcDbEntity
  8
F.Cu
  6
CONTINUOUS
100
AcDbLine
 10
53.7655519999999996
 20
-81.2677719999999937
 30
0
 11
53.7961479999999952
 21
-81.4215859999999907
 31
0
  0
LINE
  5
B28
330
1B
100
AcDbEntity
  8
F.Cu
  6
CONTINUOUS
100
AcDbLine
 10
53.7961479999999952
 20
-81.4215859999999907
 30
0
 11
53.7961479999999952
 21
-81.5784139999999951
 31
0
  0
LINE
  5
B29
330
1B
100
AcDbEntity
  8
F.Cu
  6
CONTINUOUS
100
AcDbLine
 10
53.7961479999999952
 20
-81.5784139999999951
 30
0
 11
53.7655519999999996
 21
-81.7322279999999921
 31
0
  0
LINE
  5
B2A
330
1B
100
AcDbEntity
  8
F.Cu
  6
CONTINUOUS
100
AcDbLine
 10
53.7655519999999996
 20
-81.7322279999999921
 30
0
 11
53.7055369999999996
 21
-81.8771169999999984
 31
0
  0
LINE
  5
B2B
330
1B
100
AcDbEntity
  8
F.Cu
  6
CONTINUOUS
100
AcDbLine
 10
53.7055369999999996
 20
-81.8771169999999984
 30
0
 11
53.6184079999999952
 21
-82.0075149999999979
 31
0
  0
LINE
  5
B2C
330
1B
100
AcDbEntity
  8
F.Cu
  6
CONTINUOUS
100
AcDbLine
 10
53.6184079999999952
 20
-82.0075149999999979
 30
0
 11
53.5075149999999979
 21
-82.1184080000000023
 31
0
  0
LINE
  5
B2D
330
1B
100
AcDbEntity
  8
F.Cu
  6
CONTINUOUS
100
AcDbLine
 10
53.5075149999999979
 20
-82.1184080000000023
 30
0
 11
53.3771169999999984
 21
-82.2055369999999925
 31
0
  0
LINE
  5
B2E
330
1B
100
AcDbEntity
  8
F.Cu
  6
CONTINUOUS
100
AcDbLine
 10
53.3771169999999984
 20
-82.2055369999999925
 30
0
 11
53.2322279999999992
 21
-82.2655519999999996
 31
0
  0
LINE
  5
B2F
330
1B
100
AcDbEntity
  8
F.Cu
  6
CONTINUOUS
100
AcDbLine
 10
53.2322279999999992
 20
-82.2655519999999996
 30
0
 11
53.0784139999999951
 21
-82.2961480000000023
 31
0
  0
LINE
  5
B30
330
1B
100
AcDbEntity
  8
F.Cu
  6
CONTINUOUS
100
AcDbLine
 10
53.0784139999999951
 20
-82.2961480000000023
 30
0
 11
52.9215859999999978
 21
-82.2961480000000023
 31
0
  0
LINE
  5
B31
330
1B
100
AcDbEntity
  8
F.Cu
  6
CONTINUOUS
100
AcDbLine
 10
52.9215859999999978
 20
-82.2961480000000023
 30
0
 11
52.7677720000000008
 21
-82.2655519999999996
 31
0
  0
LINE
  5
B32
330
1B
100
AcDbEntity
  8
F.Cu
  6
CONTINUOUS
100
AcDbLine
 10
52.7677720000000008
 20
-82.2655519999999996
 30
0
 11
52.6228829999999945
 21
-82.2055369999999925
 31
0
  0
LINE
  5
B33
330
1B
100
AcDbEntity
  8
F.Cu
  6
CONTINUOUS
100
AcDbLine
 10
52.6228829999999945
 20
-82.2055369999999925
 30
0
 11
52.492484999999995
 21
-82.1184080000000023
 31
0
  0
LINE
  5
B34
330
1B
100
AcDbEntity
  8
F.Cu
  6
CONTINUOUS
100
AcDbLine
 10
52.492484999999995
 20
-82.1184080000000023
 30
0
 11
52.3815919999999977
 21
-82.0075149999999979
 31
0
  0
LINE
  5
B35
330
1B
100
AcDbEntity
  8
F.Cu
  6
CONTINUOUS
100
AcDbLine
 10
52.3815919999999977
 20
-82.0075149999999979
 30
0
 11
52.2944630000000004
 21
-81.8771169999999984
 31
0
  0
LINE
  5
B36
330
1B
100
AcDbEntity
  8
F.Cu
  6
CONTINUOUS
100
AcDbLine
 10
52.2944630000000004
 20
-81.8771169999999984
 30
0
 11
52.2344480000000004
 21
-81.7322279999999921
 31
0
  0
LINE
  5
B37
330
1B
100
AcDbEntity
  8
F.Cu
  6
CONTINUOUS
100
AcDbLine
 10
52.2344480000000004
 20
-81.7322279999999921
 30
0
 11
52.2038519999999977
 21
-81.5784139999999951
 31
0
  0
LINE
  5
B38
330
1B
100
AcDbEntity
  8
F.Cu
  6
CONTINUOUS
100
AcDbLine
 10
52.2038519999999977
 20
-81.5784139999999951
 30
0
 11
52.2038519999999977
 21
-81.4215859999999907
 31
0
  0
LINE
  5
B39
330
1B
100
AcDbEntity
  8
F.Cu
  6
CONTINUOUS
100
AcDbLine
 10
52.2038519999999977
 20
-81.4215859999999907
 30
0
 11
52.2344480000000004
 21
-81.2677719999999937
 31
0
  0
LINE
  5
B3A
330
1B
100
AcDbEntity
  8
F.Cu
  6
CONTINUOUS
100
AcDbLine
 10
52.2344480000000004
 20
-81.2677719999999937
 30
0
 11
52.2944630000000004
 21
-81.1228830000000016
 31
0
  0
LINE
  5
B3B
330
1B
100
AcDbEntity
  8
F.Cu
  6
CONTINUOUS
100
AcDbLine
 10
52.2944630000000004
 20
-81.1228830000000016
 30
0
 11
52.3815919999999977
 21
-80.9924850000000021
 31
0
  0
LINE
  5
B3C
330
1B
100
AcDbEntity
  8
F.Cu
  6
CONTINUOUS
100
AcDbLine
 10
52.3815919999999977
 20
-80.9924850000000021
 30
0
 11
52.492484999999995
 21
-80.8815919999999977
 31
0
  0
LINE
  5
B3D
330
1B
100
AcDbEntity
  8
F.Cu
  6
CONTINUOUS
100
AcDbLine
 10
52.492484999999995
 20
-80.8815919999999977
 30
0
 11
52.6228829999999945
 21
-80.7944629999999933
 31
0
  0
LINE
  5
B3E
330
1B
100
AcDbEntity
  8
F.Cu
  6
CONTINUOUS
100
AcDbLine
 10
52.6228829999999945
 20
-80.7944629999999933
 30
0
 11
52.7677720000000008
 21
-80.7344480000000004
 31
0
  0
LINE
  5
B3F
330
1B
100
AcDbEntity
  8
F.Cu
  6
CONTINUOUS
100
AcDbLine
 10
52.7677720000000008
 20
-80.7344480000000004
 30
0
 11
52.9215859999999978
 21
-80.7038519999999977
 31
0
  0
LINE
  5
B40
330
1B
100
AcDbEntity
  8
F.Cu
  6
CONTINUOUS
100
AcDbLine
 10
52.9215859999999978
 20
-80.7038519999999977
 30
0
 11
53.0784139999999951
 21
-80.7038519999999977
 31
0
  0
LINE
  5
B41
330
1B
100
AcDbEntity
  8
F.Cu
  6
CONTINUOUS
100
AcDbLine
 10
53.0784139999999951
 20
-80.7038519999999977
 30
0
 11
53.2322279999999992
 21
-80.7344480000000004
 31
0
  0
LINE
  5
B42
330
1B
100
AcDbEntity
  8
F.Cu
  6
CONTINUOUS
100
AcDbLine
 10
60.2322279999999992
 20
-77.7344480000000004
 30
0
 11
60.3771169999999984
 21
-77.7944629999999933
 31
0
  0
LINE
  5
B43
330
1B
100
AcDbEntity
  8
F.Cu
  6
CONTINUOUS
100
AcDbLine
 10
60.3771169999999984
 20
-77.7944629999999933
 30
0
 11
60.5075149999999979
 21
-77.8815919999999977
 31
0
  0
LINE
  5
B44
330
1B
100
AcDbEntity
  8
F.Cu
  6
CONTINUOUS
100
AcDbLine
 10
60.5075149999999979
 20
-77.8815919999999977
 30
0
 11
60.6184079999999952
 21
-77.9924850000000021
 31
0
  0
LINE
  5
B45
330
1B
100
AcDbEntity
  8
F.Cu
  6
CONTINUOUS
100
AcDbLine
 10
60.6184079999999952
 20
-77.9924850000000021
 30
0
 11
60.7055369999999996
 21
-78.1228830000000016
 31
0
  0
LINE
  5
B46
330
1B
100
AcDbEntity
  8
F.Cu
  6
CONTINUOUS
100
AcDbLine
 10
60.7055369999999996
 20
-78.1228830000000016
 30
0
 11
60.7655519999999996
 21
-78.2677719999999937
 31
0
  0
LINE
  5
B47
330
1B
100
AcDbEntity
  8
F.Cu
  6
CONTINUOUS
100
AcDbLine
 10
60.7655519999999996
 20
-78.2677719999999937
 30
0
 11
60.7961479999999952
 21
-78.4215859999999907
 31
0
  0
LINE
  5
B48
330
1B
100
AcDbEntity
  8
F.Cu
  6
CONTINUOUS
100
AcDbLine
 10
60.7961479999999952
 20
-78.4215859999999907
 30
0
 11
60.7961479999999952
 21
-78.5784139999999951
 31
0
  0
LINE
  5
B49
330
1B
100
AcDbEntity
  8
F.Cu
  6
CONTINUOUS
100
AcDbLine
 10
60.7961479999999952
 20
-78.5784139999999951
 30
0
 11
60.7655519999999996
 21
-78.7322279999999921
 31
0
  0
LINE
  5
B4A
330
1B
100
AcDbEntity
  8
F.Cu
  6
CONTINUOUS
100
AcDbLine
 10
60.7655519999999996
 20
-78.7322279999999921
 30
0
 11
60.7055369999999996
 21
-78.8771169999999984
 31
0
  0
LINE
  5
B4B
330
1B
100
AcDbEntity
  8
F.Cu
  6
CONTINUOUS
100
AcDbLine
 10
60.7055369999999996
 20
-78.8771169999999984
 30
0
 11
60.6184079999999952
 21
-79.0075149999999979
 31
0
  0
LINE
  5
B4C
330
1B
100
AcDbEntity
  8
F.Cu
  6
CONTINUOUS
100
AcDbLine
 10
60.6184079999999952
 20
-79.0075149999999979
 30
0
 11
60.5075149999999979
 21
-79.1184080000000023
 31
0
  0
LINE
  5
B4D
330
1B
100
AcDbEntity
  8
F.Cu
  6
CONTINUOUS
100
AcDbLine
 10
60.5075149999999979
 20
-79.1184080000000023
 30
0
 11
60.3771169999999984
 21
-79.2055369999999925
 31
0
  0
LINE
  5
B4E
330
1B
100
AcDbEntity
  8
F.Cu
  6
CONTINUOUS
100
AcDbLine
 10
60.3771169999999984
 20
-79.2055369999999925
 30
0
 11
60.2322279999999992
 21
-79.2655519999999996
 31
0
  0
LINE
  5
B4F
330
1B
100
AcDbEntity
  8
F.Cu
  6
CONTINUOUS
100
AcDbLine
 10
60.2322279999999992
 20
-79.2655519999999996
 30
0
 11
60.0784139999999951
 21
-79.2961480000000023
 31
0
  0
LINE
  5
B50
330
1B
100
AcDbEntity
  8
F.Cu
  6
CONTINUOUS
100
AcDbLine
 10
60.0784139999999951
 20
-79.2961480000000023
 30
0
 11
59.9215859999999978
 21
-79.2961480000000023
 31
0
  0
LINE
  5
B51
330
1B
100
AcDbEntity
  8
F.Cu
  6
CONTINUOUS
100
AcDbLine
 10
59.9215859999999978
 20
-79.2961480000000023
 30
0
 11
59.7677720000000008
 21
-79.2655519999999996
 31
0
  0
LINE
  5
B52
330
1B
100
AcDbEntity
  8
F.Cu
  6
CONTINUOUS
100
AcDbLine
 10
59.7677720000000008
 20
-79.2655519999999996
 30
0
 11
59.6228829999999945
 21
-79.2055369999999925
 31
0
  0
LINE
  5
B53
330
1B
100
AcDbEntity
  8
F.Cu
  6
CONTINUOUS
100
AcDbLine
 10
59.6228829999999945
 20
-79.2055369999999925
 30
0
 11
59.492484999999995
 21
-79.1184080000000023
 31
0
  0
LINE
  5
B54
330
1B
100
AcDbEntity
  8
F.Cu
  6
CONTINUOUS
100
AcDbLine
 10
59.492484999999995
 20
-79.1184080000000023
 30
0
 11
59.3815919999999977
 21
-79.0075149999999979
 31
0
  0
LINE
  5
B55
330
1B
100
AcDbEntity
  8
F.Cu
  6
CONTINUOUS
100
AcDbLine
 10
59.3815919999999977
 20
-79.0075149999999979
 30
0
 11
59.2944630000000004
 21
-78.8771169999999984
 31
0
  0
LINE
  5
B56
330
1B
100
AcDbEntity
  8
F.Cu
  6
CONTINUOUS
100
AcDbLine
 10
59.2944630000000004
 20
-78.8771169999999984
 30
0
 11
59.2344480000000004
 21
-78.7322279999999921
 31
0
  0
LINE
  5
B57
330
1B
100
AcDbEntity
  8
F.Cu
  6
CONTINUOUS
100
AcDbLine
 10
59.2344480000000004
 20
-78.7322279999999921
 30
0
 11
59.2038519999999977
 21
-78.5784139999999951
 31
0
  0
LINE
  5
B58
330
1B
100
AcDbEntity
  8
F.Cu
  6
CONTINUOUS
100
AcDbLine
 10
59.2038519999999977
 20
-78.5784139999999951
 30
0
 11
59.2038519999999977
 21
-78.4215859999999907
 31
0
  0
LINE
  5
B59
330
1B
100
AcDbEntity
  8
F.Cu
  6
CONTINUOUS
100
AcDbLine
 10
59.2038519999999977
 20
-78.4215859999999907
 30
0
 11
59.2344480000000004
 21
-78.2677719999999937
 31
0
  0
LINE
  5
B5A
330
1B
100
AcDbEntity
  8
F.Cu
  6
CONTINUOUS
100
AcDbLine
 10
59.2344480000000004
 20
-78.2677719999999937
 30
0
 11
59.2944630000000004
 21
-78.1228830000000016
 31
0
  0
LINE
  5
B5B
330
1B
100
AcDbEntity
  8
F.Cu
  6
CONTINUOUS
100
AcDbLine
 10
59.2944630000000004
 20
-78.1228830000000016
 30
0
 11
59.3815919999999977
 21
-77.9924850000000021
 31
0
  0
LINE
  5
B5C
330
1B
100
AcDbEntity
  8
F.Cu
  6
CONTINUOUS
100
AcDbLine
 10
59.3815919999999977
 20
-77.9924850000000021
 30
0
 11
59.492484999999995
 21
-77.8815919999999977
 31
0
  0
LINE
  5
B5D
330
1B
100
AcDbEntity
  8
F.Cu
  6
CONTINUOUS
100
AcDbLine
 10
59.492484999999995
 20
-77.8815919999999977
 30
0
 11
59.6228829999999945
 21
-77.7944629999999933
 31
0
  0
LINE
  5
B5E
330
1B
100
AcDbEntity
  8
F.Cu
  6
CONTINUOUS
100
AcDbLine
 10
59.6228829999999945
 20
-77.7944629999999933
 30
0
 11
59.7677720000000008
 21
-77.7344480000000004
 31
0
  0
LINE
  5
B5F
330
1B
100
AcDbEntity
  8
F.Cu
  6
CONTINUOUS
100
AcDbLine
 10
59.7677720000000008
 20
-77.7344480000000004
 30
0
 11
59.9215859999999978
 21
-77.7038519999999977
 31
0
  0
LINE
  5
B60
330
1B
100
AcDbEntity
  8
F.Cu
  6
CONTINUOUS
100
AcDbLine
 10
59.9215859999999978
 20
-77.7038519999999977
 30
0
 11
60.0784139999999951
 21
-77.7038519999999977
 31
0
  0
LINE
  5
B61
330
1B
100
AcDbEntity
  8
F.Cu
  6
CONTINUOUS
100
AcDbLine
 10
60.0784139999999951
 20
-77.7038519999999977
 30
0
 11
60.2322279999999992
 21
-77.7344480000000004
 31
0
  0
LINE
  5
B62
330
1B
100
AcDbEntity
  8
F.Cu
  6
CONTINUOUS
100
AcDbLine
 10
68.2322279999999921
 20
-77.7344480000000004
 30
0
 11
68.3771169999999984
 21
-77.7944629999999933
 31
0
  0
LINE
  5
B63
330
1B
100
AcDbEntity
  8
F.Cu
  6
CONTINUOUS
100
AcDbLine
 10
68.3771169999999984
 20
-77.7944629999999933
 30
0
 11
68.5075149999999979
 21
-77.8815919999999977
 31
0
  0
LINE
  5
B64
330
1B
100
AcDbEntity
  8
F.Cu
  6
CONTINUOUS
100
AcDbLine
 10
68.5075149999999979
 20
-77.8815919999999977
 30
0
 11
68.6184080000000023
 21
-77.9924850000000021
 31
0
  0
LINE
  5
B65
330
1B
100
AcDbEntity
  8
F.Cu
  6
CONTINUOUS
100
AcDbLine
 10
68.6184080000000023
 20
-77.9924850000000021
 30
0
 11
68.7055369999999925
 21
-78.1228830000000016
 31
0
  0
LINE
  5
B66
330
1B
100
AcDbEntity
  8
F.Cu
  6
CONTINUOUS
100
AcDbLine
 10
68.7055369999999925
 20
-78.1228830000000016
 30
0
 11
68.7655519999999996
 21
-78.2677719999999937
 31
0
  0
LINE
  5
B67
330
1B
100
AcDbEntity
  8
F.Cu
  6
CONTINUOUS
100
AcDbLine
 10
68.7655519999999996
 20
-78.2677719999999937
 30
0
 11
68.7961480000000023
 21
-78.4215859999999907
 31
0
  0
LINE
  5
B68
330
1B
100
AcDbEntity
  8
F.Cu
  6
CONTINUOUS
100
AcDbLine
 10
68.7961480000000023
 20
-78.4215859999999907
 30
0
 11
68.7961480000000023
 21
-78.5784139999999951
 31
0
  0
LINE
  5
B69
330
1B
100
AcDbEntity
  8
F.Cu
  6
CONTINUOUS
100
AcDbLine
 10
68.7961480000000023
 20
-78.5784139999999951
 30
0
 11
68.7655519999999996
 21
-78.7322279999999921
 31
0
  0
LINE
  5
B6A
330
1B
100
AcDbEntity
  8
F.Cu
  6
CONTINUOUS
100
AcDbLine
 10
68.7655519999999996
 20
-78.7322279999999921
 30
0
 11
68.7055369999999925
 21
-78.8771169999999984
 31
0
  0
LINE
  5
B6B
330
1B
100
AcDbEntity
  8
F.Cu
  6
CONTINUOUS
100
AcDbLine
 10
68.7055369999999925
 20
-78.8771169999999984
 30
0
 11
68.6184080000000023
 21
-79.0075149999999979
 31
0
  0
LINE
  5
B6C
330
1B
100
AcDbEntity
  8
F.Cu
  6
CONTINUOUS
100
AcDbLine
 10
68.6184080000000023
 20
-79.0075149999999979
 30
0
 11
68.5075149999999979
 21
-79.1184080000000023
 31
0
  0
LINE
  5
B6D
330
1B
100
AcDbEntity
  8
F.Cu
  6
CONTINUOUS
100
AcDbLine
 10
68.5075149999999979
 20
-79.1184080000000023
 30
0
 11
68.3771169999999984
 21
-79.2055369999999925
 31
0
  0
LINE
  5
B6E
330
1B
100
AcDbEntity
  8
F.Cu
  6
CONTINUOUS
100
AcDbLine
 10
68.3771169999999984
 20
-79.2055369999999925
 30
0
 11
68.2322279999999921
 21
-79.2655519999999996
 31
0
  0
LINE
  5
B6F
330
1B
100
AcDbEntity
  8
F.Cu
  6
CONTINUOUS
100
AcDbLine
 10
68.2322279999999921
 20
-79.2655519999999996
 30
0
 11
68.0784139999999951
 21
-79.2961480000000023
 31
0
  0
LINE
  5
B70
330
1B
100
AcDbEntity
  8
F.Cu
  6
CONTINUOUS
100
AcDbLine
 10
68.0784139999999951
 20
-79.2961480000000023
 30
0
 11
67.9215859999999907
 21
-79.2961480000000023
 31
0
  0
LINE
  5
B71
330
1B
100
AcDbEntity
  8
F.Cu
  6
CONTINUOUS
100
AcDbLine
 10
67.9215859999999907
 20
-79.2961480000000023
 30
0
 11
67.7677719999999937
 21
-79.2655519999999996
 31
0
  0
LINE
  5
B72
330
1B
100
AcDbEntity
  8
F.Cu
  6
CONTINUOUS
100
AcDbLine
 10
67.7677719999999937
 20
-79.2655519999999996
 30
0
 11
67.6228830000000016
 21
-79.2055369999999925
 31
0
  0
LINE
  5
B73
330
1B
100
AcDbEntity
  8
F.Cu
  6
CONTINUOUS
100
AcDbLine
 10
67.6228830000000016
 20
-79.2055369999999925
 30
0
 11
67.4924850000000021
 21
-79.1184080000000023
 31
0
  0
LINE
  5
B74
330
1B
100
AcDbEntity
  8
F.Cu
  6
CONTINUOUS
100
AcDbLine
 10
67.4924850000000021
 20
-79.1184080000000023
 30
0
 11
67.3815919999999977
 21
-79.0075149999999979
 31
0
  0
LINE
  5
B75
330
1B
100
AcDbEntity
  8
F.Cu
  6
CONTINUOUS
100
AcDbLine
 10
67.3815919999999977
 20
-79.0075149999999979
 30
0
 11
67.2944629999999933
 21
-78.8771169999999984
 31
0
  0
LINE
  5
B76
330
1B
100
AcDbEntity
  8
F.Cu
  6
CONTINUOUS
100
AcDbLine
 10
67.2944629999999933
 20
-78.8771169999999984
 30
0
 11
67.2344480000000004
 21
-78.7322279999999921
 31
0
  0
LINE
  5
B77
330
1B
100
AcDbEntity
  8
F.Cu
  6
CONTINUOUS
100
AcDbLine
 10
67.2344480000000004
 20
-78.7322279999999921
 30
0
 11
67.2038519999999977
 21
-78.5784139999999951
 31
0
  0
LINE
  5
B78
330
1B
100
AcDbEntity
  8
F.Cu
  6
CONTINUOUS
100
AcDbLine
 10
67.2038519999999977
 20
-78.5784139999999951
 30
0
 11
67.2038519999999977
 21
-78.4215859999999907
 31
0
  0
LINE
  5
B79
330
1B
100
AcDbEntity
  8
F.Cu
  6
CONTINUOUS
100
AcDbLine
 10
67.2038519999999977
 20
-78.4215859999999907
 30
0
 11
67.2344480000000004
 21
-78.2677719999999937
 31
0
  0
LINE
  5
B7A
330
1B
100
AcDbEntity
  8
F.Cu
  6
CONTINUOUS
100
AcDbLine
 10
67.2344480000000004
 20
-78.2677719999999937
 30
0
 11
67.2944629999999933
 21
-78.1228830000000016
 31
0
  0
LINE
  5
B7B
330
1B
100
AcDbEntity
  8
F.Cu
  6
CONTINUOUS
100
AcDbLine
 10
67.2944629999999933
 20
-78.1228830000000016
 30
0
 11
67.3815919999999977
 21
-77.9924850000000021
 31
0
  0
LINE
  5
B7C
330
1B
100
AcDbEntity
  8
F.Cu
  6
CONTINUOUS
100
AcDbLine
 10
67.3815919999999977
 20
-77.9924850000000021
 30
0
 11
67.4924850000000021
 21
-77.8815919999999977
 31
0
  0
LINE
  5
B7D
330
1B
100
AcDbEntity
  8
F.Cu
  6
CONTINUOUS
100
AcDbLine
 10
67.4924850000000021
 20
-77.8815919999999977
 30
0
 11
67.6228830000000016
 21
-77.7944629999999933
 31
0
  0
LINE
  5
B7E
330
1B
100
AcDbEntity
  8
F.Cu
  6
CONTINUOUS
100
AcDbLine
 10
67.6228830000000016
 20
-77.7944629999999933
 30
0
 11
67.7677719999999937
 21
-77.7344480000000004
 31
0
  0
LINE
  5
B7F
330
1B
100
AcDbEntity
  8
F.Cu
  6
CONTINUOUS
100
AcDbLine
 10
67.7677719999999937
 20
-77.7344480000000004
 30
0
 11
67.9215859999999907
 21
-77.7038519999999977
 31
0
  0
LINE
  5
B80
330
1B
100
AcDbEntity
  8
F.Cu
  6
CONTINUOUS
100
AcDbLine
 10
67.9215859999999907
 20
-77.7038519999999977
 30
0
 11
68.0784139999999951
 21
-77.7038519999999977
 31
0
  0
LINE
  5
B81
330
1B
100
AcDbEntity
  8
F.Cu
  6
CONTINUOUS
100
AcDbLine
 10
68.0784139999999951
 20
-77.7038519999999977
 30
0
 11
68.2322279999999921
 21
-77.7344480000000004
 31
0
  0
LINE
  5
B82
330
1B
100
AcDbEntity
  8
F.Cu
  6
CONTINUOUS
100
AcDbLine
 10
158.2322279999999921
 20
-71.2344480000000004
 30
0
 11
158.3771169999999984
 21
-71.2944629999999933
 31
0
  0
LINE
  5
B83
330
1B
100
AcDbEntity
  8
F.Cu
  6
CONTINUOUS
100
AcDbLine
 10
158.3771169999999984
 20
-71.2944629999999933
 30
0
 11
158.5075149999999837
 21
-71.3815919999999977
 31
0
  0
LINE
  5
B84
330
1B
100
AcDbEntity
  8
F.Cu
  6
CONTINUOUS
100
AcDbLine
 10
158.5075149999999837
 20
-71.3815919999999977
 30
0
 11
158.6184079999999881
 21
-71.4924850000000021
 31
0
  0
LINE
  5
B85
330
1B
100
AcDbEntity
  8
F.Cu
  6
CONTINUOUS
100
AcDbLine
 10
158.6184079999999881
 20
-71.4924850000000021
 30
0
 11
158.7055369999999925
 21
-71.6228830000000016
 31
0
  0
LINE
  5
B86
330
1B
100
AcDbEntity
  8
F.Cu
  6
CONTINUOUS
100
AcDbLine
 10
158.7055369999999925
 20
-71.6228830000000016
 30
0
 11
158.7655519999999854
 21
-71.7677719999999937
 31
0
  0
LINE
  5
B87
330
1B
100
AcDbEntity
  8
F.Cu
  6
CONTINUOUS
100
AcDbLine
 10
158.7655519999999854
 20
-71.7677719999999937
 30
0
 11
158.7961479999999881
 21
-71.9215859999999907
 31
0
  0
LINE
  5
B88
330
1B
100
AcDbEntity
  8
F.Cu
  6
CONTINUOUS
100
AcDbLine
 10
158.7961479999999881
 20
-71.9215859999999907
 30
0
 11
158.7961479999999881
 21
-72.0784139999999951
 31
0
  0
LINE
  5
B89
330
1B
100
AcDbEntity
  8
F.Cu
  6
CONTINUOUS
100
AcDbLine
 10
158.7961479999999881
 20
-72.0784139999999951
 30
0
 11
158.7655519999999854
 21
-72.2322279999999921
 31
0
  0
LINE
  5
B8A
330
1B
100
AcDbEntity
  8
F.Cu
  6
CONTINUOUS
100
AcDbLine
 10
158.7655519999999854
 20
-72.2322279999999921
 30
0
 11
158.7055369999999925
 21
-72.3771169999999984
 31
0
  0
LINE
  5
B8B
330
1B
100
AcDbEntity
  8
F.Cu
  6
CONTINUOUS
100
AcDbLine
 10
158.7055369999999925
 20
-72.3771169999999984
 30
0
 11
158.6184079999999881
 21
-72.5075149999999979
 31
0
  0
LINE
  5
B8C
330
1B
100
AcDbEntity
  8
F.Cu
  6
CONTINUOUS
100
AcDbLine
 10
158.6184079999999881
 20
-72.5075149999999979
 30
0
 11
158.5075149999999837
 21
-72.6184080000000023
 31
0
  0
LINE
  5
B8D
330
1B
100
AcDbEntity
  8
F.Cu
  6
CONTINUOUS
100
AcDbLine
 10
158.5075149999999837
 20
-72.6184080000000023
 30
0
 11
158.3771169999999984
 21
-72.7055369999999925
 31
0
  0
LINE
  5
B8E
330
1B
100
AcDbEntity
  8
F.Cu
  6
CONTINUOUS
100
AcDbLine
 10
158.3771169999999984
 20
-72.7055369999999925
 30
0
 11
158.2322279999999921
 21
-72.7655519999999996
 31
0
  0
LINE
  5
B8F
330
1B
100
AcDbEntity
  8
F.Cu
  6
CONTINUOUS
100
AcDbLine
 10
158.2322279999999921
 20
-72.7655519999999996
 30
0
 11
158.0784139999999809
 21
-72.7961480000000023
 31
0
  0
LINE
  5
B90
330
1B
100
AcDbEntity
  8
F.Cu
  6
CONTINUOUS
100
AcDbLine
 10
158.0784139999999809
 20
-72.7961480000000023
 30
0
 11
157.9215859999999907
 21
-72.7961480000000023
 31
0
  0
LINE
  5
B91
330
1B
100
AcDbEntity
  8
F.Cu
  6
CONTINUOUS
100
AcDbLine
 10
157.9215859999999907
 20
-72.7961480000000023
 30
0
 11
157.7677719999999795
 21
-72.7655519999999996
 31
0
  0
LINE
  5
B92
330
1B
100
AcDbEntity
  8
F.Cu
  6
CONTINUOUS
100
AcDbLine
 10
157.7677719999999795
 20
-72.7655519999999996
 30
0
 11
157.6228830000000016
 21
-72.7055369999999925
 31
0
  0
LINE
  5
B93
330
1B
100
AcDbEntity
  8
F.Cu
  6
CONTINUOUS
100
AcDbLine
 10
157.6228830000000016
 20
-72.7055369999999925
 30
0
 11
157.4924849999999878
 21
-72.6184080000000023
 31
0
  0
LINE
  5
B94
330
1B
100
AcDbEntity
  8
F.Cu
  6
CONTINUOUS
100
AcDbLine
 10
157.4924849999999878
 20
-72.6184080000000023
 30
0
 11
157.3815919999999835
 21
-72.5075149999999979
 31
0
  0
LINE
  5
B95
330
1B
100
AcDbEntity
  8
F.Cu
  6
CONTINUOUS
100
AcDbLine
 10
157.3815919999999835
 20
-72.5075149999999979
 30
0
 11
157.294462999999979
 21
-72.3771169999999984
 31
0
  0
LINE
  5
B96
330
1B
100
AcDbEntity
  8
F.Cu
  6
CONTINUOUS
100
AcDbLine
 10
157.294462999999979
 20
-72.3771169999999984
 30
0
 11
157.2344479999999862
 21
-72.2322279999999921
 31
0
  0
LINE
  5
B97
330
1B
100
AcDbEntity
  8
F.Cu
  6
CONTINUOUS
100
AcDbLine
 10
157.2344479999999862
 20
-72.2322279999999921
 30
0
 11
157.2038519999999835
 21
-72.0784139999999951
 31
0
  0
LINE
  5
B98
330
1B
100
AcDbEntity
  8
F.Cu
  6
CONTINUOUS
100
AcDbLine
 10
157.2038519999999835
 20
-72.0784139999999951
 30
0
 11
157.2038519999999835
 21
-71.9215859999999907
 31
0
  0
LINE
  5
B99
330
1B
100
AcDbEntity
  8
F.Cu
  6
CONTINUOUS
100
AcDbLine
 10
157.2038519999999835
 20
-71.9215859999999907
 30
0
 11
157.2344479999999862
 21
-71.7677719999999937
 31
0
  0
LINE
  5
B9A
330
1B
100
AcDbEntity
  8
F.Cu
  6
CONTINUOUS
100
AcDbLine
 10
157.2344479999999862
 20
-71.7677719999999937
 30
0
 11
157.294462999999979
 21
-71.6228830000000016
 31
0
  0
LINE
  5
B9B
330
1B
100
AcDbEntity
  8
F.Cu
  6
CONTINUOUS
100
AcDbLine
 10
157.294462999999979
 20
-71.6228830000000016
 30
0
 11
157.3815919999999835
 21
-71.4924850000000021
 31
0
  0
LINE
  5
B9C
330
1B
100
AcDbEntity
  8
F.Cu
  6
CONTINUOUS
100
AcDbLine
 10
157.3815919999999835
 20
-71.4924850000000021
 30
0
 11
157.4924849999999878
 21
-71.3815919999999977
 31
0
  0
LINE
  5
B9D
330
1B
100
AcDbEntity
  8
F.Cu
  6
CONTINUOUS
100
AcDbLine
 10
157.4924849999999878
 20
-71.3815919999999977
 30
0
 11
157.6228830000000016
 21
-71.2944629999999933
 31
0
  0
LINE
  5
B9E
330
1B
100
AcDbEntity
  8
F.Cu
  6
CONTINUOUS
100
AcDbLine
 10
157.6228830000000016
 20
-71.2944629999999933
 30
0
 11
157.7677719999999795
 21
-71.2344480000000004
 31
0
  0
LINE
  5
B9F
330
1B
100
AcDbEntity
  8
F.Cu
  6
CONTINUOUS
100
AcDbLine
 10
157.7677719999999795
 20
-71.2344480000000004
 30
0
 11
157.9215859999999907
 21
-71.2038519999999977
 31
0
  0
LINE
  5
BA0
330
1B
100
AcDbEntity
  8
F.Cu
  6
CONTINUOUS
100
AcDbLine
 10
157.9215859999999907
 20
-71.2038519999999977
 30
0
 11
158.0784139999999809
 21
-71.2038519999999977
 31
0
  0
LINE
  5
BA1
330
1B
100
AcDbEntity
  8
F.Cu
  6
CONTINUOUS
100
AcDbLine
 10
158.0784139999999809
 20
-71.2038519999999977
 30
0
 11
158.2322279999999921
 21
-71.2344480000000004
 31
0
  0
LINE
  5
BA2
330
1B
100
AcDbEntity
  8
F.Cu
  6
CONTINUOUS
100
AcDbLine
 10
47.2801339999999968
 20
-69.3331560000000025
 30
0
 11
47.4592199999999949
 21
-69.3913450000000012
 31
0
  0
LINE
  5
BA3
330
1B
100
AcDbEntity
  8
F.Cu
  6
CONTINUOUS
100
AcDbLine
 10
47.4592199999999949
 20
-69.3913450000000012
 30
0
 11
47.6269980000000004
 21
-69.4768320000000017
 31
0
  0
LINE
  5
BA4
330
1B
100
AcDbEntity
  8
F.Cu
  6
CONTINUOUS
100
AcDbLine
 10
47.6269980000000004
 20
-69.4768320000000017
 30
0
 11
47.7793379999999956
 21
-69.5875130000000013
 31
0
  0
LINE
  5
BA5
330
1B
100
AcDbEntity
  8
F.Cu
  6
CONTINUOUS
100
AcDbLine
 10
47.7793379999999956
 20
-69.5875130000000013
 30
0
 11
47.9124869999999987
 21
-69.7206619999999901
 31
0
  0
LINE
  5
BA6
330
1B
100
AcDbEntity
  8
F.Cu
  6
CONTINUOUS
100
AcDbLine
 10
47.9124869999999987
 20
-69.7206619999999901
 30
0
 11
48.0231679999999983
 21
-69.8730019999999996
 31
0
  0
LINE
  5
BA7
330
1B
100
AcDbEntity
  8
F.Cu
  6
CONTINUOUS
100
AcDbLine
 10
48.0231679999999983
 20
-69.8730019999999996
 30
0
 11
48.1086549999999988
 21
-70.040779999999998
 31
0
  0
LINE
  5
BA8
330
1B
100
AcDbEntity
  8
F.Cu
  6
CONTINUOUS
100
AcDbLine
 10
48.1086549999999988
 20
-70.040779999999998
 30
0
 11
48.1668439999999975
 21
-70.2198659999999961
 31
0
  0
LINE
  5
BA9
330
1B
100
AcDbEntity
  8
F.Cu
  6
CONTINUOUS
100
AcDbLine
 10
48.1668439999999975
 20
-70.2198659999999961
 30
0
 11
48.1963009999999983
 21
-70.4058490000000035
 31
0
  0
LINE
  5
BAA
330
1B
100
AcDbEntity
  8
F.Cu
  6
CONTINUOUS
100
AcDbLine
 10
48.1963009999999983
 20
-70.4058490000000035
 30
0
 11
48.1963009999999983
 21
-70.5941509999999965
 31
0
  0
LINE
  5
BAB
330
1B
100
AcDbEntity
  8
F.Cu
  6
CONTINUOUS
100
AcDbLine
 10
48.1963009999999983
 20
-70.5941509999999965
 30
0
 11
48.1668439999999975
 21
-70.7801340000000039
 31
0
  0
LINE
  5
BAC
330
1B
100
AcDbEntity
  8
F.Cu
  6
CONTINUOUS
100
AcDbLine
 10
48.1668439999999975
 20
-70.7801340000000039
 30
0
 11
48.1086549999999988
 21
-70.959220000000002
 31
0
  0
LINE
  5
BAD
330
1B
100
AcDbEntity
  8
F.Cu
  6
CONTINUOUS
100
AcDbLine
 10
48.1086549999999988
 20
-70.959220000000002
 30
0
 11
48.0231679999999983
 21
-71.1269980000000004
 31
0
  0
LINE
  5
BAE
330
1B
100
AcDbEntity
  8
F.Cu
  6
CONTINUOUS
100
AcDbLine
 10
48.0231679999999983
 20
-71.1269980000000004
 30
0
 11
47.9124869999999987
 21
-71.2793379999999956
 31
0
  0
LINE
  5
BAF
330
1B
100
AcDbEntity
  8
F.Cu
  6
CONTINUOUS
100
AcDbLine
 10
47.9124869999999987
 20
-71.2793379999999956
 30
0
 11
47.7793379999999956
 21
-71.4124869999999987
 31
0
  0
LINE
  5
BB0
330
1B
100
AcDbEntity
  8
F.Cu
  6
CONTINUOUS
100
AcDbLine
 10
47.7793379999999956
 20
-71.4124869999999987
 30
0
 11
47.6269980000000004
 21
-71.5231679999999983
 31
0
  0
LINE
  5
BB1
330
1B
100
AcDbEntity
  8
F.Cu
  6
CONTINUOUS
100
AcDbLine
 10
47.6269980000000004
 20
-71.5231679999999983
 30
0
 11
47.4592199999999949
 21
-71.6086549999999988
 31
0
  0
LINE
  5
BB2
330
1B
100
AcDbEntity
  8
F.Cu
  6
CONTINUOUS
100
AcDbLine
 10
47.4592199999999949
 20
-71.6086549999999988
 30
0
 11
47.2801339999999968
 21
-71.6668439999999975
 31
0
  0
LINE
  5
BB3
330
1B
100
AcDbEntity
  8
F.Cu
  6
CONTINUOUS
100
AcDbLine
 10
47.2801339999999968
 20
-71.6668439999999975
 30
0
 11
47.0941509999999965
 21
-71.6963009999999912
 31
0
  0
LINE
  5
BB4
330
1B
100
AcDbEntity
  8
F.Cu
  6
CONTINUOUS
100
AcDbLine
 10
47.0941509999999965
 20
-71.6963009999999912
 30
0
 11
46.9058489999999964
 21
-71.6963009999999912
 31
0
  0
LINE
  5
BB5
330
1B
100
AcDbEntity
  8
F.Cu
  6
CONTINUOUS
100
AcDbLine
 10
46.9058489999999964
 20
-71.6963009999999912
 30
0
 11
46.7198659999999961
 21
-71.6668439999999975
 31
0
  0
LINE
  5
BB6
330
1B
100
AcDbEntity
  8
F.Cu
  6
CONTINUOUS
100
AcDbLine
 10
46.7198659999999961
 20
-71.6668439999999975
 30
0
 11
46.540779999999998
 21
-71.6086549999999988
 31
0
  0
LINE
  5
BB7
330
1B
100
AcDbEntity
  8
F.Cu
  6
CONTINUOUS
100
AcDbLine
 10
46.540779999999998
 20
-71.6086549999999988
 30
0
 11
46.3730019999999996
 21
-71.5231679999999983
 31
0
  0
LINE
  5
BB8
330
1B
100
AcDbEntity
  8
F.Cu
  6
CONTINUOUS
100
AcDbLine
 10
46.3730019999999996
 20
-71.5231679999999983
 30
0
 11
46.2206619999999972
 21
-71.4124869999999987
 31
0
  0
LINE
  5
BB9
330
1B
100
AcDbEntity
  8
F.Cu
  6
CONTINUOUS
100
AcDbLine
 10
46.2206619999999972
 20
-71.4124869999999987
 30
0
 11
46.0875130000000013
 21
-71.2793379999999956
 31
0
  0
LINE
  5
BBA
330
1B
100
AcDbEntity
  8
F.Cu
  6
CONTINUOUS
100
AcDbLine
 10
46.0875130000000013
 20
-71.2793379999999956
 30
0
 11
45.9768319999999946
 21
-71.1269980000000004
 31
0
  0
LINE
  5
BBB
330
1B
100
AcDbEntity
  8
F.Cu
  6
CONTINUOUS
100
AcDbLine
 10
45.9768319999999946
 20
-71.1269980000000004
 30
0
 11
45.8913450000000012
 21
-70.959220000000002
 31
0
  0
LINE
  5
BBC
330
1B
100
AcDbEntity
  8
F.Cu
  6
CONTINUOUS
100
AcDbLine
 10
45.8913450000000012
 20
-70.959220000000002
 30
0
 11
45.8331559999999953
 21
-70.7801340000000039
 31
0
  0
LINE
  5
BBD
330
1B
100
AcDbEntity
  8
F.Cu
  6
CONTINUOUS
100
AcDbLine
 10
45.8331559999999953
 20
-70.7801340000000039
 30
0
 11
45.8036989999999946
 21
-70.5941509999999965
 31
0
  0
LINE
  5
BBE
330
1B
100
AcDbEntity
  8
F.Cu
  6
CONTINUOUS
100
AcDbLine
 10
45.8036989999999946
 20
-70.5941509999999965
 30
0
 11
45.8036989999999946
 21
-70.4058490000000035
 31
0
  0
LINE
  5
BBF
330
1B
100
AcDbEntity
  8
F.Cu
  6
CONTINUOUS
100
AcDbLine
 10
45.8036989999999946
 20
-70.4058490000000035
 30
0
 11
45.8331559999999953
 21
-70.2198659999999961
 31
0
  0
LINE
  5
BC0
330
1B
100
AcDbEntity
  8
F.Cu
  6
CONTINUOUS
100
AcDbLine
 10
45.8331559999999953
 20
-70.2198659999999961
 30
0
 11
45.8913450000000012
 21
-70.040779999999998
 31
0
  0
LINE
  5
BC1
330
1B
100
AcDbEntity
  8
F.Cu
  6
CONTINUOUS
100
AcDbLine
 10
45.8913450000000012
 20
-70.040779999999998
 30
0
 11
45.9768319999999946
 21
-69.8730019999999996
 31
0
  0
LINE
  5
BC2
330
1B
100
AcDbEntity
  8
F.Cu
  6
CONTINUOUS
100
AcDbLine
 10
45.9768319999999946
 20
-69.8730019999999996
 30
0
 11
46.0875130000000013
 21
-69.7206619999999901
 31
0
  0
LINE
  5
BC3
330
1B
100
AcDbEntity
  8
F.Cu
  6
CONTINUOUS
100
AcDbLine
 10
46.0875130000000013
 20
-69.7206619999999901
 30
0
 11
46.2206619999999972
 21
-69.5875130000000013
 31
0
  0
LINE
  5
BC4
330
1B
100
AcDbEntity
  8
F.Cu
  6
CONTINUOUS
100
AcDbLine
 10
46.2206619999999972
 20
-69.5875130000000013
 30
0
 11
46.3730019999999996
 21
-69.4768320000000017
 31
0
  0
LINE
  5
BC5
330
1B
100
AcDbEntity
  8
F.Cu
  6
CONTINUOUS
100
AcDbLine
 10
46.3730019999999996
 20
-69.4768320000000017
 30
0
 11
46.540779999999998
 21
-69.3913450000000012
 31
0
  0
LINE
  5
BC6
330
1B
100
AcDbEntity
  8
F.Cu
  6
CONTINUOUS
100
AcDbLine
 10
46.540779999999998
 20
-69.3913450000000012
 30
0
 11
46.7198659999999961
 21
-69.3331560000000025
 31
0
  0
LINE
  5
BC7
330
1B
100
AcDbEntity
  8
F.Cu
  6
CONTINUOUS
100
AcDbLine
 10
46.7198659999999961
 20
-69.3331560000000025
 30
0
 11
46.9058489999999964
 21
-69.3036989999999946
 31
0
  0
LINE
  5
BC8
330
1B
100
AcDbEntity
  8
F.Cu
  6
CONTINUOUS
100
AcDbLine
 10
46.9058489999999964
 20
-69.3036989999999946
 30
0
 11
47.0941509999999965
 21
-69.3036989999999946
 31
0
  0
LINE
  5
BC9
330
1B
100
AcDbEntity
  8
F.Cu
  6
CONTINUOUS
100
AcDbLine
 10
47.0941509999999965
 20
-69.3036989999999946
 30
0
 11
47.2801339999999968
 21
-69.3331560000000025
 31
0
  0
LINE
  5
BCA
330
1B
100
AcDbEntity
  8
F.Cu
  6
CONTINUOUS
100
AcDbLine
 10
76.2801339999999897
 20
-66.7731560000000002
 30
0
 11
76.459220000000002
 21
-66.8313449999999989
 31
0
  0
LINE
  5
BCB
330
1B
100
AcDbEntity
  8
F.Cu
  6
CONTINUOUS
100
AcDbLine
 10
76.459220000000002
 20
-66.8313449999999989
 30
0
 11
76.6269980000000004
 21
-66.9168319999999994
 31
0
  0
LINE
  5
BCC
330
1B
100
AcDbEntity
  8
F.Cu
  6
CONTINUOUS
100
AcDbLine
 10
76.6269980000000004
 20
-66.9168319999999994
 30
0
 11
76.7793379999999956
 21
-67.027512999999999
 31
0
  0
LINE
  5
BCD
330
1B
100
AcDbEntity
  8
F.Cu
  6
CONTINUOUS
100
AcDbLine
 10
76.7793379999999956
 20
-67.027512999999999
 30
0
 11
76.9124869999999987
 21
-67.1606620000000021
 31
0
  0
LINE
  5
BCE
330
1B
100
AcDbEntity
  8
F.Cu
  6
CONTINUOUS
100
AcDbLine
 10
76.9124869999999987
 20
-67.1606620000000021
 30
0
 11
77.0231679999999983
 21
-67.3130019999999973
 31
0
  0
LINE
  5
BCF
330
1B
100
AcDbEntity
  8
F.Cu
  6
CONTINUOUS
100
AcDbLine
 10
77.0231679999999983
 20
-67.3130019999999973
 30
0
 11
77.1086549999999988
 21
-67.4807799999999958
 31
0
  0
LINE
  5
BD0
330
1B
100
AcDbEntity
  8
F.Cu
  6
CONTINUOUS
100
AcDbLine
 10
77.1086549999999988
 20
-67.4807799999999958
 30
0
 11
77.1668439999999975
 21
-67.6598659999999938
 31
0
  0
LINE
  5
BD1
330
1B
100
AcDbEntity
  8
F.Cu
  6
CONTINUOUS
100
AcDbLine
 10
77.1668439999999975
 20
-67.6598659999999938
 30
0
 11
77.1963009999999912
 21
-67.8458490000000012
 31
0
  0
LINE
  5
BD2
330
1B
100
AcDbEntity
  8
F.Cu
  6
CONTINUOUS
100
AcDbLine
 10
77.1963009999999912
 20
-67.8458490000000012
 30
0
 11
77.1963009999999912
 21
-68.0341509999999943
 31
0
  0
LINE
  5
BD3
330
1B
100
AcDbEntity
  8
F.Cu
  6
CONTINUOUS
100
AcDbLine
 10
77.1963009999999912
 20
-68.0341509999999943
 30
0
 11
77.1668439999999975
 21
-68.2201340000000016
 31
0
  0
LINE
  5
BD4
330
1B
100
AcDbEntity
  8
F.Cu
  6
CONTINUOUS
100
AcDbLine
 10
77.1668439999999975
 20
-68.2201340000000016
 30
0
 11
77.1086549999999988
 21
-68.3992199999999997
 31
0
  0
LINE
  5
BD5
330
1B
100
AcDbEntity
  8
F.Cu
  6
CONTINUOUS
100
AcDbLine
 10
77.1086549999999988
 20
-68.3992199999999997
 30
0
 11
77.0231679999999983
 21
-68.5669979999999981
 31
0
  0
LINE
  5
BD6
330
1B
100
AcDbEntity
  8
F.Cu
  6
CONTINUOUS
100
AcDbLine
 10
77.0231679999999983
 20
-68.5669979999999981
 30
0
 11
76.9124869999999987
 21
-68.7193379999999934
 31
0
  0
LINE
  5
BD7
330
1B
100
AcDbEntity
  8
F.Cu
  6
CONTINUOUS
100
AcDbLine
 10
76.9124869999999987
 20
-68.7193379999999934
 30
0
 11
76.7793379999999956
 21
-68.8524869999999964
 31
0
  0
LINE
  5
BD8
330
1B
100
AcDbEntity
  8
F.Cu
  6
CONTINUOUS
100
AcDbLine
 10
76.7793379999999956
 20
-68.8524869999999964
 30
0
 11
76.6269980000000004
 21
-68.963167999999996
 31
0
  0
LINE
  5
BD9
330
1B
100
AcDbEntity
  8
F.Cu
  6
CONTINUOUS
100
AcDbLine
 10
76.6269980000000004
 20
-68.963167999999996
 30
0
 11
76.459220000000002
 21
-69.0486549999999966
 31
0
  0
LINE
  5
BDA
330
1B
100
AcDbEntity
  8
F.Cu
  6
CONTINUOUS
100
AcDbLine
 10
76.459220000000002
 20
-69.0486549999999966
 30
0
 11
76.2801339999999897
 21
-69.1068439999999953
 31
0
  0
LINE
  5
BDB
330
1B
100
AcDbEntity
  8
F.Cu
  6
CONTINUOUS
100
AcDbLine
 10
76.2801339999999897
 20
-69.1068439999999953
 30
0
 11
76.0941509999999965
 21
-69.1363010000000031
 31
0
  0
LINE
  5
BDC
330
1B
100
AcDbEntity
  8
F.Cu
  6
CONTINUOUS
100
AcDbLine
 10
76.0941509999999965
 20
-69.1363010000000031
 30
0
 11
75.9058490000000035
 21
-69.1363010000000031
 31
0
  0
LINE
  5
BDD
330
1B
100
AcDbEntity
  8
F.Cu
  6
CONTINUOUS
100
AcDbLine
 10
75.9058490000000035
 20
-69.1363010000000031
 30
0
 11
75.7198659999999961
 21
-69.1068439999999953
 31
0
  0
LINE
  5
BDE
330
1B
100
AcDbEntity
  8
F.Cu
  6
CONTINUOUS
100
AcDbLine
 10
75.7198659999999961
 20
-69.1068439999999953
 30
0
 11
75.540779999999998
 21
-69.0486549999999966
 31
0
  0
LINE
  5
BDF
330
1B
100
AcDbEntity
  8
F.Cu
  6
CONTINUOUS
100
AcDbLine
 10
75.540779999999998
 20
-69.0486549999999966
 30
0
 11
75.3730019999999996
 21
-68.963167999999996
 31
0
  0
LINE
  5
BE0
330
1B
100
AcDbEntity
  8
F.Cu
  6
CONTINUOUS
100
AcDbLine
 10
75.3730019999999996
 20
-68.963167999999996
 30
0
 11
75.2206619999999901
 21
-68.8524869999999964
 31
0
  0
LINE
  5
BE1
330
1B
100
AcDbEntity
  8
F.Cu
  6
CONTINUOUS
100
AcDbLine
 10
75.2206619999999901
 20
-68.8524869999999964
 30
0
 11
75.0875130000000013
 21
-68.7193379999999934
 31
0
  0
LINE
  5
BE2
330
1B
100
AcDbEntity
  8
F.Cu
  6
CONTINUOUS
100
AcDbLine
 10
75.0875130000000013
 20
-68.7193379999999934
 30
0
 11
74.9768320000000017
 21
-68.5669979999999981
 31
0
  0
LINE
  5
BE3
330
1B
100
AcDbEntity
  8
F.Cu
  6
CONTINUOUS
100
AcDbLine
 10
74.9768320000000017
 20
-68.5669979999999981
 30
0
 11
74.8913450000000012
 21
-68.3992199999999997
 31
0
  0
LINE
  5
BE4
330
1B
100
AcDbEntity
  8
F.Cu
  6
CONTINUOUS
100
AcDbLine
 10
74.8913450000000012
 20
-68.3992199999999997
 30
0
 11
74.8331560000000025
 21
-68.2201340000000016
 31
0
  0
LINE
  5
BE5
330
1B
100
AcDbEntity
  8
F.Cu
  6
CONTINUOUS
100
AcDbLine
 10
74.8331560000000025
 20
-68.2201340000000016
 30
0
 11
74.8036989999999946
 21
-68.0341509999999943
 31
0
  0
LINE
  5
BE6
330
1B
100
AcDbEntity
  8
F.Cu
  6
CONTINUOUS
100
AcDbLine
 10
74.8036989999999946
 20
-68.0341509999999943
 30
0
 11
74.8036989999999946
 21
-67.8458490000000012
 31
0
  0
LINE
  5
BE7
330
1B
100
AcDbEntity
  8
F.Cu
  6
CONTINUOUS
100
AcDbLine
 10
74.8036989999999946
 20
-67.8458490000000012
 30
0
 11
74.8331560000000025
 21
-67.6598659999999938
 31
0
  0
LINE
  5
BE8
330
1B
100
AcDbEntity
  8
F.Cu
  6
CONTINUOUS
100
AcDbLine
 10
74.8331560000000025
 20
-67.6598659999999938
 30
0
 11
74.8913450000000012
 21
-67.4807799999999958
 31
0
  0
LINE
  5
BE9
330
1B
100
AcDbEntity
  8
F.Cu
  6
CONTINUOUS
100
AcDbLine
 10
74.8913450000000012
 20
-67.4807799999999958
 30
0
 11
74.9768320000000017
 21
-67.3130019999999973
 31
0
  0
LINE
  5
BEA
330
1B
100
AcDbEntity
  8
F.Cu
  6
CONTINUOUS
100
AcDbLine
 10
74.9768320000000017
 20
-67.3130019999999973
 30
0
 11
75.0875130000000013
 21
-67.1606620000000021
 31
0
  0
LINE
  5
BEB
330
1B
100
AcDbEntity
  8
F.Cu
  6
CONTINUOUS
100
AcDbLine
 10
75.0875130000000013
 20
-67.1606620000000021
 30
0
 11
75.2206619999999901
 21
-67.027512999999999
 31
0
  0
LINE
  5
BEC
330
1B
100
AcDbEntity
  8
F.Cu
  6
CONTINUOUS
100
AcDbLine
 10
75.2206619999999901
 20
-67.027512999999999
 30
0
 11
75.3730019999999996
 21
-66.9168319999999994
 31
0
  0
LINE
  5
BED
330
1B
100
AcDbEntity
  8
F.Cu
  6
CONTINUOUS
100
AcDbLine
 10
75.3730019999999996
 20
-66.9168319999999994
 30
0
 11
75.540779999999998
 21
-66.8313449999999989
 31
0
  0
LINE
  5
BEE
330
1B
100
AcDbEntity
  8
F.Cu
  6
CONTINUOUS
100
AcDbLine
 10
75.540779999999998
 20
-66.8313449999999989
 30
0
 11
75.7198659999999961
 21
-66.7731560000000002
 31
0
  0
LINE
  5
BEF
330
1B
100
AcDbEntity
  8
F.Cu
  6
CONTINUOUS
100
AcDbLine
 10
75.7198659999999961
 20
-66.7731560000000002
 30
0
 11
75.9058490000000035
 21
-66.7436989999999923
 31
0
  0
LINE
  5
BF0
330
1B
100
AcDbEntity
  8
F.Cu
  6
CONTINUOUS
100
AcDbLine
 10
75.9058490000000035
 20
-66.7436989999999923
 30
0
 11
76.0941509999999965
 21
-66.7436989999999923
 31
0
  0
LINE
  5
BF1
330
1B
100
AcDbEntity
  8
F.Cu
  6
CONTINUOUS
100
AcDbLine
 10
76.0941509999999965
 20
-66.7436989999999923
 30
0
 11
76.2801339999999897
 21
-66.7731560000000002
 31
0
  0
LINE
  5
BF2
330
1B
100
AcDbEntity
  8
F.Cu
  6
CONTINUOUS
100
AcDbLine
 10
86.2801339999999897
 20
-66.7731560000000002
 30
0
 11
86.459220000000002
 21
-66.8313449999999989
 31
0
  0
LINE
  5
BF3
330
1B
100
AcDbEntity
  8
F.Cu
  6
CONTINUOUS
100
AcDbLine
 10
86.459220000000002
 20
-66.8313449999999989
 30
0
 11
86.6269980000000004
 21
-66.9168319999999994
 31
0
  0
LINE
  5
BF4
330
1B
100
AcDbEntity
  8
F.Cu
  6
CONTINUOUS
100
AcDbLine
 10
86.6269980000000004
 20
-66.9168319999999994
 30
0
 11
86.7793379999999956
 21
-67.027512999999999
 31
0
  0
LINE
  5
BF5
330
1B
100
AcDbEntity
  8
F.Cu
  6
CONTINUOUS
100
AcDbLine
 10
86.7793379999999956
 20
-67.027512999999999
 30
0
 11
86.9124869999999987
 21
-67.1606620000000021
 31
0
  0
LINE
  5
BF6
330
1B
100
AcDbEntity
  8
F.Cu
  6
CONTINUOUS
100
AcDbLine
 10
86.9124869999999987
 20
-67.1606620000000021
 30
0
 11
87.0231679999999983
 21
-67.3130019999999973
 31
0
  0
LINE
  5
BF7
330
1B
100
AcDbEntity
  8
F.Cu
  6
CONTINUOUS
100
AcDbLine
 10
87.0231679999999983
 20
-67.3130019999999973
 30
0
 11
87.1086549999999988
 21
-67.4807799999999958
 31
0
  0
LINE
  5
BF8
330
1B
100
AcDbEntity
  8
F.Cu
  6
CONTINUOUS
100
AcDbLine
 10
87.1086549999999988
 20
-67.4807799999999958
 30
0
 11
87.1668439999999975
 21
-67.6598659999999938
 31
0
  0
LINE
  5
BF9
330
1B
100
AcDbEntity
  8
F.Cu
  6
CONTINUOUS
100
AcDbLine
 10
87.1668439999999975
 20
-67.6598659999999938
 30
0
 11
87.1963009999999912
 21
-67.8458490000000012
 31
0
  0
LINE
  5
BFA
330
1B
100
AcDbEntity
  8
F.Cu
  6
CONTINUOUS
100
AcDbLine
 10
87.1963009999999912
 20
-67.8458490000000012
 30
0
 11
87.1963009999999912
 21
-68.0341509999999943
 31
0
  0
LINE
  5
BFB
330
1B
100
AcDbEntity
  8
F.Cu
  6
CONTINUOUS
100
AcDbLine
 10
87.1963009999999912
 20
-68.0341509999999943
 30
0
 11
87.1668439999999975
 21
-68.2201340000000016
 31
0
  0
LINE
  5
BFC
330
1B
100
AcDbEntity
  8
F.Cu
  6
CONTINUOUS
100
AcDbLine
 10
87.1668439999999975
 20
-68.2201340000000016
 30
0
 11
87.1086549999999988
 21
-68.3992199999999997
 31
0
  0
LINE
  5
BFD
330
1B
100
AcDbEntity
  8
F.Cu
  6
CONTINUOUS
100
AcDbLine
 10
87.1086549999999988
 20
-68.3992199999999997
 30
0
 11
87.0231679999999983
 21
-68.5669979999999981
 31
0
  0
LINE
  5
BFE
330
1B
100
AcDbEntity
  8
F.Cu
  6
CONTINUOUS
100
AcDbLine
 10
87.0231679999999983
 20
-68.5669979999999981
 30
0
 11
86.9124869999999987
 21
-68.7193379999999934
 31
0
  0
LINE
  5
BFF
330
1B
100
AcDbEntity
  8
F.Cu
  6
CONTINUOUS
100
AcDbLine
 10
86.9124869999999987
 20
-68.7193379999999934
 30
0
 11
86.7793379999999956
 21
-68.8524869999999964
 31
0
  0
LINE
  5
C00
330
1B
100
AcDbEntity
  8
F.Cu
  6
CONTINUOUS
100
AcDbLine
 10
86.7793379999999956
 20
-68.8524869999999964
 30
0
 11
86.6269980000000004
 21
-68.963167999999996
 31
0
  0
LINE
  5
C01
330
1B
100
AcDbEntity
  8
F.Cu
  6
CONTINUOUS
100
AcDbLine
 10
86.6269980000000004
 20
-68.963167999999996
 30
0
 11
86.459220000000002
 21
-69.0486549999999966
 31
0
  0
LINE
  5
C02
330
1B
100
AcDbEntity
  8
F.Cu
  6
CONTINUOUS
100
AcDbLine
 10
86.459220000000002
 20
-69.0486549999999966
 30
0
 11
86.2801339999999897
 21
-69.1068439999999953
 31
0
  0
LINE
  5
C03
330
1B
100
AcDbEntity
  8
F.Cu
  6
CONTINUOUS
100
AcDbLine
 10
86.2801339999999897
 20
-69.1068439999999953
 30
0
 11
86.0941509999999965
 21
-69.1363010000000031
 31
0
  0
LINE
  5
C04
330
1B
100
AcDbEntity
  8
F.Cu
  6
CONTINUOUS
100
AcDbLine
 10
86.0941509999999965
 20
-69.1363010000000031
 30
0
 11
85.9058489999999892
 21
-69.1363010000000031
 31
0
  0
LINE
  5
C05
330
1B
100
AcDbEntity
  8
F.Cu
  6
CONTINUOUS
100
AcDbLine
 10
85.9058489999999892
 20
-69.1363010000000031
 30
0
 11
85.7198659999999961
 21
-69.1068439999999953
 31
0
  0
LINE
  5
C06
330
1B
100
AcDbEntity
  8
F.Cu
  6
CONTINUOUS
100
AcDbLine
 10
85.7198659999999961
 20
-69.1068439999999953
 30
0
 11
85.540779999999998
 21
-69.0486549999999966
 31
0
  0
LINE
  5
C07
330
1B
100
AcDbEntity
  8
F.Cu
  6
CONTINUOUS
100
AcDbLine
 10
85.540779999999998
 20
-69.0486549999999966
 30
0
 11
85.3730019999999996
 21
-68.963167999999996
 31
0
  0
LINE
  5
C08
330
1B
100
AcDbEntity
  8
F.Cu
  6
CONTINUOUS
100
AcDbLine
 10
85.3730019999999996
 20
-68.963167999999996
 30
0
 11
85.2206619999999901
 21
-68.8524869999999964
 31
0
  0
LINE
  5
C09
330
1B
100
AcDbEntity
  8
F.Cu
  6
CONTINUOUS
100
AcDbLine
 10
85.2206619999999901
 20
-68.8524869999999964
 30
0
 11
85.0875130000000013
 21
-68.7193379999999934
 31
0
  0
LINE
  5
C0A
330
1B
100
AcDbEntity
  8
F.Cu
  6
CONTINUOUS
100
AcDbLine
 10
85.0875130000000013
 20
-68.7193379999999934
 30
0
 11
84.9768320000000017
 21
-68.5669979999999981
 31
0
  0
LINE
  5
C0B
330
1B
100
AcDbEntity
  8
F.Cu
  6
CONTINUOUS
100
AcDbLine
 10
84.9768320000000017
 20
-68.5669979999999981
 30
0
 11
84.8913450000000012
 21
-68.3992199999999997
 31
0
  0
LINE
  5
C0C
330
1B
100
AcDbEntity
  8
F.Cu
  6
CONTINUOUS
100
AcDbLine
 10
84.8913450000000012
 20
-68.3992199999999997
 30
0
 11
84.8331560000000025
 21
-68.2201340000000016
 31
0
  0
LINE
  5
C0D
330
1B
100
AcDbEntity
  8
F.Cu
  6
CONTINUOUS
100
AcDbLine
 10
84.8331560000000025
 20
-68.2201340000000016
 30
0
 11
84.8036989999999946
 21
-68.0341509999999943
 31
0
  0
LINE
  5
C0E
330
1B
100
AcDbEntity
  8
F.Cu
  6
CONTINUOUS
100
AcDbLine
 10
84.8036989999999946
 20
-68.0341509999999943
 30
0
 11
84.8036989999999946
 21
-67.8458490000000012
 31
0
  0
LINE
  5
C0F
330
1B
100
AcDbEntity
  8
F.Cu
  6
CONTINUOUS
100
AcDbLine
 10
84.8036989999999946
 20
-67.8458490000000012
 30
0
 11
84.8331560000000025
 21
-67.6598659999999938
 31
0
  0
LINE
  5
C10
330
1B
100
AcDbEntity
  8
F.Cu
  6
CONTINUOUS
100
AcDbLine
 10
84.8331560000000025
 20
-67.6598659999999938
 30
0
 11
84.8913450000000012
 21
-67.4807799999999958
 31
0
  0
LINE
  5
C11
330
1B
100
AcDbEntity
  8
F.Cu
  6
CONTINUOUS
100
AcDbLine
 10
84.8913450000000012
 20
-67.4807799999999958
 30
0
 11
84.9768320000000017
 21
-67.3130019999999973
 31
0
  0
LINE
  5
C12
330
1B
100
AcDbEntity
  8
F.Cu
  6
CONTINUOUS
100
AcDbLine
 10
84.9768320000000017
 20
-67.3130019999999973
 30
0
 11
85.0875130000000013
 21
-67.1606620000000021
 31
0
  0
LINE
  5
C13
330
1B
100
AcDbEntity
  8
F.Cu
  6
CONTINUOUS
100
AcDbLine
 10
85.0875130000000013
 20
-67.1606620000000021
 30
0
 11
85.2206619999999901
 21
-67.027512999999999
 31
0
  0
LINE
  5
C14
330
1B
100
AcDbEntity
  8
F.Cu
  6
CONTINUOUS
100
AcDbLine
 10
85.2206619999999901
 20
-67.027512999999999
 30
0
 11
85.3730019999999996
 21
-66.9168319999999994
 31
0
  0
LINE
  5
C15
330
1B
100
AcDbEntity
  8
F.Cu
  6
CONTINUOUS
100
AcDbLine
 10
85.3730019999999996
 20
-66.9168319999999994
 30
0
 11
85.540779999999998
 21
-66.8313449999999989
 31
0
  0
LINE
  5
C16
330
1B
100
AcDbEntity
  8
F.Cu
  6
CONTINUOUS
100
AcDbLine
 10
85.540779999999998
 20
-66.8313449999999989
 30
0
 11
85.7198659999999961
 21
-66.7731560000000002
 31
0
  0
LINE
  5
C17
330
1B
100
AcDbEntity
  8
F.Cu
  6
CONTINUOUS
100
AcDbLine
 10
85.7198659999999961
 20
-66.7731560000000002
 30
0
 11
85.9058489999999892
 21
-66.7436989999999923
 31
0
  0
LINE
  5
C18
330
1B
100
AcDbEntity
  8
F.Cu
  6
CONTINUOUS
100
AcDbLine
 10
85.9058489999999892
 20
-66.7436989999999923
 30
0
 11
86.0941509999999965
 21
-66.7436989999999923
 31
0
  0
LINE
  5
C19
330
1B
100
AcDbEntity
  8
F.Cu
  6
CONTINUOUS
100
AcDbLine
 10
86.0941509999999965
 20
-66.7436989999999923
 30
0
 11
86.2801339999999897
 21
-66.7731560000000002
 31
0
  0
LINE
  5
C1A
330
1B
100
AcDbEntity
  8
F.Cu
  6
CONTINUOUS
100
AcDbLine
 10
60.2322279999999992
 20
-67.5744480000000038
 30
0
 11
60.3771169999999984
 21
-67.6344629999999967
 31
0
  0
LINE
  5
C1B
330
1B
100
AcDbEntity
  8
F.Cu
  6
CONTINUOUS
100
AcDbLine
 10
60.3771169999999984
 20
-67.6344629999999967
 30
0
 11
60.5075149999999979
 21
-67.7215920000000011
 31
0
  0
LINE
  5
C1C
330
1B
100
AcDbEntity
  8
F.Cu
  6
CONTINUOUS
100
AcDbLine
 10
60.5075149999999979
 20
-67.7215920000000011
 30
0
 11
60.6184079999999952
 21
-67.8324849999999913
 31
0
  0
LINE
  5
C1D
330
1B
100
AcDbEntity
  8
F.Cu
  6
CONTINUOUS
100
AcDbLine
 10
60.6184079999999952
 20
-67.8324849999999913
 30
0
 11
60.7055369999999996
 21
-67.9628829999999908
 31
0
  0
LINE
  5
C1E
330
1B
100
AcDbEntity
  8
F.Cu
  6
CONTINUOUS
100
AcDbLine
 10
60.7055369999999996
 20
-67.9628829999999908
 30
0
 11
60.7655519999999996
 21
-68.1077719999999971
 31
0
  0
LINE
  5
C1F
330
1B
100
AcDbEntity
  8
F.Cu
  6
CONTINUOUS
100
AcDbLine
 10
60.7655519999999996
 20
-68.1077719999999971
 30
0
 11
60.7961479999999952
 21
-68.2615859999999941
 31
0
  0
LINE
  5
C20
330
1B
100
AcDbEntity
  8
F.Cu
  6
CONTINUOUS
100
AcDbLine
 10
60.7961479999999952
 20
-68.2615859999999941
 30
0
 11
60.7961479999999952
 21
-68.4184139999999985
 31
0
  0
LINE
  5
C21
330
1B
100
AcDbEntity
  8
F.Cu
  6
CONTINUOUS
100
AcDbLine
 10
60.7961479999999952
 20
-68.4184139999999985
 30
0
 11
60.7655519999999996
 21
-68.5722279999999955
 31
0
  0
LINE
  5
C22
330
1B
100
AcDbEntity
  8
F.Cu
  6
CONTINUOUS
100
AcDbLine
 10
60.7655519999999996
 20
-68.5722279999999955
 30
0
 11
60.7055369999999996
 21
-68.7171170000000018
 31
0
  0
LINE
  5
C23
330
1B
100
AcDbEntity
  8
F.Cu
  6
CONTINUOUS
100
AcDbLine
 10
60.7055369999999996
 20
-68.7171170000000018
 30
0
 11
60.6184079999999952
 21
-68.8475150000000014
 31
0
  0
LINE
  5
C24
330
1B
100
AcDbEntity
  8
F.Cu
  6
CONTINUOUS
100
AcDbLine
 10
60.6184079999999952
 20
-68.8475150000000014
 30
0
 11
60.5075149999999979
 21
-68.9584079999999915
 31
0
  0
LINE
  5
C25
330
1B
100
AcDbEntity
  8
F.Cu
  6
CONTINUOUS
100
AcDbLine
 10
60.5075149999999979
 20
-68.9584079999999915
 30
0
 11
60.3771169999999984
 21
-69.0455369999999959
 31
0
  0
LINE
  5
C26
330
1B
100
AcDbEntity
  8
F.Cu
  6
CONTINUOUS
100
AcDbLine
 10
60.3771169999999984
 20
-69.0455369999999959
 30
0
 11
60.2322279999999992
 21
-69.105552000000003
 31
0
  0
LINE
  5
C27
330
1B
100
AcDbEntity
  8
F.Cu
  6
CONTINUOUS
100
AcDbLine
 10
60.2322279999999992
 20
-69.105552000000003
 30
0
 11
60.0784139999999951
 21
-69.1361479999999915
 31
0
  0
LINE
  5
C28
330
1B
100
AcDbEntity
  8
F.Cu
  6
CONTINUOUS
100
AcDbLine
 10
60.0784139999999951
 20
-69.1361479999999915
 30
0
 11
59.9215859999999978
 21
-69.1361479999999915
 31
0
  0
LINE
  5
C29
330
1B
100
AcDbEntity
  8
F.Cu
  6
CONTINUOUS
100
AcDbLine
 10
59.9215859999999978
 20
-69.1361479999999915
 30
0
 11
59.7677720000000008
 21
-69.105552000000003
 31
0
  0
LINE
  5
C2A
330
1B
100
AcDbEntity
  8
F.Cu
  6
CONTINUOUS
100
AcDbLine
 10
59.7677720000000008
 20
-69.105552000000003
 30
0
 11
59.6228829999999945
 21
-69.0455369999999959
 31
0
  0
LINE
  5
C2B
330
1B
100
AcDbEntity
  8
F.Cu
  6
CONTINUOUS
100
AcDbLine
 10
59.6228829999999945
 20
-69.0455369999999959
 30
0
 11
59.492484999999995
 21
-68.9584079999999915
 31
0
  0
LINE
  5
C2C
330
1B
100
AcDbEntity
  8
F.Cu
  6
CONTINUOUS
100
AcDbLine
 10
59.492484999999995
 20
-68.9584079999999915
 30
0
 11
59.3815919999999977
 21
-68.8475150000000014
 31
0
  0
LINE
  5
C2D
330
1B
100
AcDbEntity
  8
F.Cu
  6
CONTINUOUS
100
AcDbLine
 10
59.3815919999999977
 20
-68.8475150000000014
 30
0
 11
59.2944630000000004
 21
-68.7171170000000018
 31
0
  0
LINE
  5
C2E
330
1B
100
AcDbEntity
  8
F.Cu
  6
CONTINUOUS
100
AcDbLine
 10
59.2944630000000004
 20
-68.7171170000000018
 30
0
 11
59.2344480000000004
 21
-68.5722279999999955
 31
0
  0
LINE
  5
C2F
330
1B
100
AcDbEntity
  8
F.Cu
  6
CONTINUOUS
100
AcDbLine
 10
59.2344480000000004
 20
-68.5722279999999955
 30
0
 11
59.2038519999999977
 21
-68.4184139999999985
 31
0
  0
LINE
  5
C30
330
1B
100
AcDbEntity
  8
F.Cu
  6
CONTINUOUS
100
AcDbLine
 10
59.2038519999999977
 20
-68.4184139999999985
 30
0
 11
59.2038519999999977
 21
-68.2615859999999941
 31
0
  0
LINE
  5
C31
330
1B
100
AcDbEntity
  8
F.Cu
  6
CONTINUOUS
100
AcDbLine
 10
59.2038519999999977
 20
-68.2615859999999941
 30
0
 11
59.2344480000000004
 21
-68.1077719999999971
 31
0
  0
LINE
  5
C32
330
1B
100
AcDbEntity
  8
F.Cu
  6
CONTINUOUS
100
AcDbLine
 10
59.2344480000000004
 20
-68.1077719999999971
 30
0
 11
59.2944630000000004
 21
-67.9628829999999908
 31
0
  0
LINE
  5
C33
330
1B
100
AcDbEntity
  8
F.Cu
  6
CONTINUOUS
100
AcDbLine
 10
59.2944630000000004
 20
-67.9628829999999908
 30
0
 11
59.3815919999999977
 21
-67.8324849999999913
 31
0
  0
LINE
  5
C34
330
1B
100
AcDbEntity
  8
F.Cu
  6
CONTINUOUS
100
AcDbLine
 10
59.3815919999999977
 20
-67.8324849999999913
 30
0
 11
59.492484999999995
 21
-67.7215920000000011
 31
0
  0
LINE
  5
C35
330
1B
100
AcDbEntity
  8
F.Cu
  6
CONTINUOUS
100
AcDbLine
 10
59.492484999999995
 20
-67.7215920000000011
 30
0
 11
59.6228829999999945
 21
-67.6344629999999967
 31
0
  0
LINE
  5
C36
330
1B
100
AcDbEntity
  8
F.Cu
  6
CONTINUOUS
100
AcDbLine
 10
59.6228829999999945
 20
-67.6344629999999967
 30
0
 11
59.7677720000000008
 21
-67.5744480000000038
 31
0
  0
LINE
  5
C37
330
1B
100
AcDbEntity
  8
F.Cu
  6
CONTINUOUS
100
AcDbLine
 10
59.7677720000000008
 20
-67.5744480000000038
 30
0
 11
59.9215859999999978
 21
-67.5438520000000011
 31
0
  0
LINE
  5
C38
330
1B
100
AcDbEntity
  8
F.Cu
  6
CONTINUOUS
100
AcDbLine
 10
59.9215859999999978
 20
-67.5438520000000011
 30
0
 11
60.0784139999999951
 21
-67.5438520000000011
 31
0
  0
LINE
  5
C39
330
1B
100
AcDbEntity
  8
F.Cu
  6
CONTINUOUS
100
AcDbLine
 10
60.0784139999999951
 20
-67.5438520000000011
 30
0
 11
60.2322279999999992
 21
-67.5744480000000038
 31
0
  0
LINE
  5
C3A
330
1B
100
AcDbEntity
  8
F.Cu
  6
CONTINUOUS
100
AcDbLine
 10
68.2322279999999921
 20
-67.5744480000000038
 30
0
 11
68.3771169999999984
 21
-67.6344629999999967
 31
0
  0
LINE
  5
C3B
330
1B
100
AcDbEntity
  8
F.Cu
  6
CONTINUOUS
100
AcDbLine
 10
68.3771169999999984
 20
-67.6344629999999967
 30
0
 11
68.5075149999999979
 21
-67.7215920000000011
 31
0
  0
LINE
  5
C3C
330
1B
100
AcDbEntity
  8
F.Cu
  6
CONTINUOUS
100
AcDbLine
 10
68.5075149999999979
 20
-67.7215920000000011
 30
0
 11
68.6184080000000023
 21
-67.8324849999999913
 31
0
  0
LINE
  5
C3D
330
1B
100
AcDbEntity
  8
F.Cu
  6
CONTINUOUS
100
AcDbLine
 10
68.6184080000000023
 20
-67.8324849999999913
 30
0
 11
68.7055369999999925
 21
-67.9628829999999908
 31
0
  0
LINE
  5
C3E
330
1B
100
AcDbEntity
  8
F.Cu
  6
CONTINUOUS
100
AcDbLine
 10
68.7055369999999925
 20
-67.9628829999999908
 30
0
 11
68.7655519999999996
 21
-68.1077719999999971
 31
0
  0
LINE
  5
C3F
330
1B
100
AcDbEntity
  8
F.Cu
  6
CONTINUOUS
100
AcDbLine
 10
68.7655519999999996
 20
-68.1077719999999971
 30
0
 11
68.7961480000000023
 21
-68.2615859999999941
 31
0
  0
LINE
  5
C40
330
1B
100
AcDbEntity
  8
F.Cu
  6
CONTINUOUS
100
AcDbLine
 10
68.7961480000000023
 20
-68.2615859999999941
 30
0
 11
68.7961480000000023
 21
-68.4184139999999985
 31
0
  0
LINE
  5
C41
330
1B
100
AcDbEntity
  8
F.Cu
  6
CONTINUOUS
100
AcDbLine
 10
68.7961480000000023
 20
-68.4184139999999985
 30
0
 11
68.7655519999999996
 21
-68.5722279999999955
 31
0
  0
LINE
  5
C42
330
1B
100
AcDbEntity
  8
F.Cu
  6
CONTINUOUS
100
AcDbLine
 10
68.7655519999999996
 20
-68.5722279999999955
 30
0
 11
68.7055369999999925
 21
-68.7171170000000018
 31
0
  0
LINE
  5
C43
330
1B
100
AcDbEntity
  8
F.Cu
  6
CONTINUOUS
100
AcDbLine
 10
68.7055369999999925
 20
-68.7171170000000018
 30
0
 11
68.6184080000000023
 21
-68.8475150000000014
 31
0
  0
LINE
  5
C44
330
1B
100
AcDbEntity
  8
F.Cu
  6
CONTINUOUS
100
AcDbLine
 10
68.6184080000000023
 20
-68.8475150000000014
 30
0
 11
68.5075149999999979
 21
-68.9584079999999915
 31
0
  0
LINE
  5
C45
330
1B
100
AcDbEntity
  8
F.Cu
  6
CONTINUOUS
100
AcDbLine
 10
68.5075149999999979
 20
-68.9584079999999915
 30
0
 11
68.3771169999999984
 21
-69.0455369999999959
 31
0
  0
LINE
  5
C46
330
1B
100
AcDbEntity
  8
F.Cu
  6
CONTINUOUS
100
AcDbLine
 10
68.3771169999999984
 20
-69.0455369999999959
 30
0
 11
68.2322279999999921
 21
-69.105552000000003
 31
0
  0
LINE
  5
C47
330
1B
100
AcDbEntity
  8
F.Cu
  6
CONTINUOUS
100
AcDbLine
 10
68.2322279999999921
 20
-69.105552000000003
 30
0
 11
68.0784139999999951
 21
-69.1361479999999915
 31
0
  0
LINE
  5
C48
330
1B
100
AcDbEntity
  8
F.Cu
  6
CONTINUOUS
100
AcDbLine
 10
68.0784139999999951
 20
-69.1361479999999915
 30
0
 11
67.9215859999999907
 21
-69.1361479999999915
 31
0
  0
LINE
  5
C49
330
1B
100
AcDbEntity
  8
F.Cu
  6
CONTINUOUS
100
AcDbLine
 10
67.9215859999999907
 20
-69.1361479999999915
 30
0
 11
67.7677719999999937
 21
-69.105552000000003
 31
0
  0
LINE
  5
C4A
330
1B
100
AcDbEntity
  8
F.Cu
  6
CONTINUOUS
100
AcDbLine
 10
67.7677719999999937
 20
-69.105552000000003
 30
0
 11
67.6228830000000016
 21
-69.0455369999999959
 31
0
  0
LINE
  5
C4B
330
1B
100
AcDbEntity
  8
F.Cu
  6
CONTINUOUS
100
AcDbLine
 10
67.6228830000000016
 20
-69.0455369999999959
 30
0
 11
67.4924850000000021
 21
-68.9584079999999915
 31
0
  0
LINE
  5
C4C
330
1B
100
AcDbEntity
  8
F.Cu
  6
CONTINUOUS
100
AcDbLine
 10
67.4924850000000021
 20
-68.9584079999999915
 30
0
 11
67.3815919999999977
 21
-68.8475150000000014
 31
0
  0
LINE
  5
C4D
330
1B
100
AcDbEntity
  8
F.Cu
  6
CONTINUOUS
100
AcDbLine
 10
67.3815919999999977
 20
-68.8475150000000014
 30
0
 11
67.2944629999999933
 21
-68.7171170000000018
 31
0
  0
LINE
  5
C4E
330
1B
100
AcDbEntity
  8
F.Cu
  6
CONTINUOUS
100
AcDbLine
 10
67.2944629999999933
 20
-68.7171170000000018
 30
0
 11
67.2344480000000004
 21
-68.5722279999999955
 31
0
  0
LINE
  5
C4F
330
1B
100
AcDbEntity
  8
F.Cu
  6
CONTINUOUS
100
AcDbLine
 10
67.2344480000000004
 20
-68.5722279999999955
 30
0
 11
67.2038519999999977
 21
-68.4184139999999985
 31
0
  0
LINE
  5
C50
330
1B
100
AcDbEntity
  8
F.Cu
  6
CONTINUOUS
100
AcDbLine
 10
67.2038519999999977
 20
-68.4184139999999985
 30
0
 11
67.2038519999999977
 21
-68.2615859999999941
 31
0
  0
LINE
  5
C51
330
1B
100
AcDbEntity
  8
F.Cu
  6
CONTINUOUS
100
AcDbLine
 10
67.2038519999999977
 20
-68.2615859999999941
 30
0
 11
67.2344480000000004
 21
-68.1077719999999971
 31
0
  0
LINE
  5
C52
330
1B
100
AcDbEntity
  8
F.Cu
  6
CONTINUOUS
100
AcDbLine
 10
67.2344480000000004
 20
-68.1077719999999971
 30
0
 11
67.2944629999999933
 21
-67.9628829999999908
 31
0
  0
LINE
  5
C53
330
1B
100
AcDbEntity
  8
F.Cu
  6
CONTINUOUS
100
AcDbLine
 10
67.2944629999999933
 20
-67.9628829999999908
 30
0
 11
67.3815919999999977
 21
-67.8324849999999913
 31
0
  0
LINE
  5
C54
330
1B
100
AcDbEntity
  8
F.Cu
  6
CONTINUOUS
100
AcDbLine
 10
67.3815919999999977
 20
-67.8324849999999913
 30
0
 11
67.4924850000000021
 21
-67.7215920000000011
 31
0
  0
LINE
  5
C55
330
1B
100
AcDbEntity
  8
F.Cu
  6
CONTINUOUS
100
AcDbLine
 10
67.4924850000000021
 20
-67.7215920000000011
 30
0
 11
67.6228830000000016
 21
-67.6344629999999967
 31
0
  0
LINE
  5
C56
330
1B
100
AcDbEntity
  8
F.Cu
  6
CONTINUOUS
100
AcDbLine
 10
67.6228830000000016
 20
-67.6344629999999967
 30
0
 11
67.7677719999999937
 21
-67.5744480000000038
 31
0
  0
LINE
  5
C57
330
1B
100
AcDbEntity
  8
F.Cu
  6
CONTINUOUS
100
AcDbLine
 10
67.7677719999999937
 20
-67.5744480000000038
 30
0
 11
67.9215859999999907
 21
-67.5438520000000011
 31
0
  0
LINE
  5
C58
330
1B
100
AcDbEntity
  8
F.Cu
  6
CONTINUOUS
100
AcDbLine
 10
67.9215859999999907
 20
-67.5438520000000011
 30
0
 11
68.0784139999999951
 21
-67.5438520000000011
 31
0
  0
LINE
  5
C59
330
1B
100
AcDbEntity
  8
F.Cu
  6
CONTINUOUS
100
AcDbLine
 10
68.0784139999999951
 20
-67.5438520000000011
 30
0
 11
68.2322279999999921
 21
-67.5744480000000038
 31
0
  0
LINE
  5
C5A
330
1B
100
AcDbEntity
  8
F.Cu
  6
CONTINUOUS
100
AcDbLine
 10
30.2322279999999992
 20
-64.2344480000000004
 30
0
 11
30.3771169999999984
 21
-64.2944629999999933
 31
0
  0
LINE
  5
C5B
330
1B
100
AcDbEntity
  8
F.Cu
  6
CONTINUOUS
100
AcDbLine
 10
30.3771169999999984
 20
-64.2944629999999933
 30
0
 11
30.5075149999999979
 21
-64.3815919999999977
 31
0
  0
LINE
  5
C5C
330
1B
100
AcDbEntity
  8
F.Cu
  6
CONTINUOUS
100
AcDbLine
 10
30.5075149999999979
 20
-64.3815919999999977
 30
0
 11
30.6184079999999987
 21
-64.4924850000000021
 31
0
  0
LINE
  5
C5D
330
1B
100
AcDbEntity
  8
F.Cu
  6
CONTINUOUS
100
AcDbLine
 10
30.6184079999999987
 20
-64.4924850000000021
 30
0
 11
30.7055369999999996
 21
-64.6228830000000016
 31
0
  0
LINE
  5
C5E
330
1B
100
AcDbEntity
  8
F.Cu
  6
CONTINUOUS
100
AcDbLine
 10
30.7055369999999996
 20
-64.6228830000000016
 30
0
 11
30.7655519999999996
 21
-64.7677719999999937
 31
0
  0
LINE
  5
C5F
330
1B
100
AcDbEntity
  8
F.Cu
  6
CONTINUOUS
100
AcDbLine
 10
30.7655519999999996
 20
-64.7677719999999937
 30
0
 11
30.7961479999999987
 21
-64.9215859999999907
 31
0
  0
LINE
  5
C60
330
1B
100
AcDbEntity
  8
F.Cu
  6
CONTINUOUS
100
AcDbLine
 10
30.7961479999999987
 20
-64.9215859999999907
 30
0
 11
30.7961479999999987
 21
-65.0784139999999951
 31
0
  0
LINE
  5
C61
330
1B
100
AcDbEntity
  8
F.Cu
  6
CONTINUOUS
100
AcDbLine
 10
30.7961479999999987
 20
-65.0784139999999951
 30
0
 11
30.7655519999999996
 21
-65.2322279999999921
 31
0
  0
LINE
  5
C62
330
1B
100
AcDbEntity
  8
F.Cu
  6
CONTINUOUS
100
AcDbLine
 10
30.7655519999999996
 20
-65.2322279999999921
 30
0
 11
30.7055369999999996
 21
-65.3771169999999984
 31
0
  0
LINE
  5
C63
330
1B
100
AcDbEntity
  8
F.Cu
  6
CONTINUOUS
100
AcDbLine
 10
30.7055369999999996
 20
-65.3771169999999984
 30
0
 11
30.6184079999999987
 21
-65.5075149999999979
 31
0
  0
LINE
  5
C64
330
1B
100
AcDbEntity
  8
F.Cu
  6
CONTINUOUS
100
AcDbLine
 10
30.6184079999999987
 20
-65.5075149999999979
 30
0
 11
30.5075149999999979
 21
-65.6184080000000023
 31
0
  0
LINE
  5
C65
330
1B
100
AcDbEntity
  8
F.Cu
  6
CONTINUOUS
100
AcDbLine
 10
30.5075149999999979
 20
-65.6184080000000023
 30
0
 11
30.3771169999999984
 21
-65.7055369999999925
 31
0
  0
LINE
  5
C66
330
1B
100
AcDbEntity
  8
F.Cu
  6
CONTINUOUS
100
AcDbLine
 10
30.3771169999999984
 20
-65.7055369999999925
 30
0
 11
30.2322279999999992
 21
-65.7655519999999996
 31
0
  0
LINE
  5
C67
330
1B
100
AcDbEntity
  8
F.Cu
  6
CONTINUOUS
100
AcDbLine
 10
30.2322279999999992
 20
-65.7655519999999996
 30
0
 11
30.0784139999999987
 21
-65.7961480000000023
 31
0
  0
LINE
  5
C68
330
1B
100
AcDbEntity
  8
F.Cu
  6
CONTINUOUS
100
AcDbLine
 10
30.0784139999999987
 20
-65.7961480000000023
 30
0
 11
29.9215859999999978
 21
-65.7961480000000023
 31
0
  0
LINE
  5
C69
330
1B
100
AcDbEntity
  8
F.Cu
  6
CONTINUOUS
100
AcDbLine
 10
29.9215859999999978
 20
-65.7961480000000023
 30
0
 11
29.7677719999999972
 21
-65.7655519999999996
 31
0
  0
LINE
  5
C6A
330
1B
100
AcDbEntity
  8
F.Cu
  6
CONTINUOUS
100
AcDbLine
 10
29.7677719999999972
 20
-65.7655519999999996
 30
0
 11
29.6228829999999981
 21
-65.7055369999999925
 31
0
  0
LINE
  5
C6B
330
1B
100
AcDbEntity
  8
F.Cu
  6
CONTINUOUS
100
AcDbLine
 10
29.6228829999999981
 20
-65.7055369999999925
 30
0
 11
29.4924849999999985
 21
-65.6184080000000023
 31
0
  0
LINE
  5
C6C
330
1B
100
AcDbEntity
  8
F.Cu
  6
CONTINUOUS
100
AcDbLine
 10
29.4924849999999985
 20
-65.6184080000000023
 30
0
 11
29.3815919999999977
 21
-65.5075149999999979
 31
0
  0
LINE
  5
C6D
330
1B
100
AcDbEntity
  8
F.Cu
  6
CONTINUOUS
100
AcDbLine
 10
29.3815919999999977
 20
-65.5075149999999979
 30
0
 11
29.2944630000000004
 21
-65.3771169999999984
 31
0
  0
LINE
  5
C6E
330
1B
100
AcDbEntity
  8
F.Cu
  6
CONTINUOUS
100
AcDbLine
 10
29.2944630000000004
 20
-65.3771169999999984
 30
0
 11
29.2344480000000004
 21
-65.2322279999999921
 31
0
  0
LINE
  5
C6F
330
1B
100
AcDbEntity
  8
F.Cu
  6
CONTINUOUS
100
AcDbLine
 10
29.2344480000000004
 20
-65.2322279999999921
 30
0
 11
29.2038519999999977
 21
-65.0784139999999951
 31
0
  0
LINE
  5
C70
330
1B
100
AcDbEntity
  8
F.Cu
  6
CONTINUOUS
100
AcDbLine
 10
29.2038519999999977
 20
-65.0784139999999951
 30
0
 11
29.2038519999999977
 21
-64.9215859999999907
 31
0
  0
LINE
  5
C71
330
1B
100
AcDbEntity
  8
F.Cu
  6
CONTINUOUS
100
AcDbLine
 10
29.2038519999999977
 20
-64.9215859999999907
 30
0
 11
29.2344480000000004
 21
-64.7677719999999937
 31
0
  0
LINE
  5
C72
330
1B
100
AcDbEntity
  8
F.Cu
  6
CONTINUOUS
100
AcDbLine
 10
29.2344480000000004
 20
-64.7677719999999937
 30
0
 11
29.2944630000000004
 21
-64.6228830000000016
 31
0
  0
LINE
  5
C73
330
1B
100
AcDbEntity
  8
F.Cu
  6
CONTINUOUS
100
AcDbLine
 10
29.2944630000000004
 20
-64.6228830000000016
 30
0
 11
29.3815919999999977
 21
-64.4924850000000021
 31
0
  0
LINE
  5
C74
330
1B
100
AcDbEntity
  8
F.Cu
  6
CONTINUOUS
100
AcDbLine
 10
29.3815919999999977
 20
-64.4924850000000021
 30
0
 11
29.4924849999999985
 21
-64.3815919999999977
 31
0
  0
LINE
  5
C75
330
1B
100
AcDbEntity
  8
F.Cu
  6
CONTINUOUS
100
AcDbLine
 10
29.4924849999999985
 20
-64.3815919999999977
 30
0
 11
29.6228829999999981
 21
-64.2944629999999933
 31
0
  0
LINE
  5
C76
330
1B
100
AcDbEntity
  8
F.Cu
  6
CONTINUOUS
100
AcDbLine
 10
29.6228829999999981
 20
-64.2944629999999933
 30
0
 11
29.7677719999999972
 21
-64.2344480000000004
 31
0
  0
LINE
  5
C77
330
1B
100
AcDbEntity
  8
F.Cu
  6
CONTINUOUS
100
AcDbLine
 10
29.7677719999999972
 20
-64.2344480000000004
 30
0
 11
29.9215859999999978
 21
-64.2038519999999977
 31
0
  0
LINE
  5
C78
330
1B
100
AcDbEntity
  8
F.Cu
  6
CONTINUOUS
100
AcDbLine
 10
29.9215859999999978
 20
-64.2038519999999977
 30
0
 11
30.0784139999999987
 21
-64.2038519999999977
 31
0
  0
LINE
  5
C79
330
1B
100
AcDbEntity
  8
F.Cu
  6
CONTINUOUS
100
AcDbLine
 10
30.0784139999999987
 20
-64.2038519999999977
 30
0
 11
30.2322279999999992
 21
-64.2344480000000004
 31
0
  0
LINE
  5
C7A
330
1B
100
AcDbEntity
  8
F.Cu
  6
CONTINUOUS
100
AcDbLine
 10
48.0456700000000012
 20
-61.8190299999999979
 30
0
 11
48.1267759999999996
 21
-61.8732240000000004
 31
0
  0
LINE
  5
C7B
330
1B
100
AcDbEntity
  8
F.Cu
  6
CONTINUOUS
100
AcDbLine
 10
48.1267759999999996
 20
-61.8732240000000004
 30
0
 11
48.180969999999995
 21
-61.9543299999999988
 31
0
  0
LINE
  5
C7C
330
1B
100
AcDbEntity
  8
F.Cu
  6
CONTINUOUS
100
AcDbLine
 10
48.180969999999995
 20
-61.9543299999999988
 30
0
 11
48.1999989999999983
 21
-62.0500019999999992
 31
0
  0
LINE
  5
C7D
330
1B
100
AcDbEntity
  8
F.Cu
  6
CONTINUOUS
100
AcDbLine
 10
48.1999989999999983
 20
-62.0500019999999992
 30
0
 11
48.1999999999999957
 21
-63.9499989999999983
 31
0
  0
LINE
  5
C7E
330
1B
100
AcDbEntity
  8
F.Cu
  6
CONTINUOUS
100
AcDbLine
 10
48.1999999999999957
 20
-63.9499989999999983
 30
0
 11
48.180969999999995
 21
-64.0456700000000012
 31
0
  0
LINE
  5
C7F
330
1B
100
AcDbEntity
  8
F.Cu
  6
CONTINUOUS
100
AcDbLine
 10
48.180969999999995
 20
-64.0456700000000012
 30
0
 11
48.1267759999999996
 21
-64.1267759999999925
 31
0
  0
LINE
  5
C80
330
1B
100
AcDbEntity
  8
F.Cu
  6
CONTINUOUS
100
AcDbLine
 10
48.1267759999999996
 20
-64.1267759999999925
 30
0
 11
48.0456700000000012
 21
-64.1809700000000021
 31
0
  0
LINE
  5
C81
330
1B
100
AcDbEntity
  8
F.Cu
  6
CONTINUOUS
100
AcDbLine
 10
48.0456700000000012
 20
-64.1809700000000021
 30
0
 11
47.9499980000000008
 21
-64.1999989999999912
 31
0
  0
LINE
  5
C82
330
1B
100
AcDbEntity
  8
F.Cu
  6
CONTINUOUS
100
AcDbLine
 10
47.9499980000000008
 20
-64.1999989999999912
 30
0
 11
46.0500009999999946
 21
-64.2000000000000028
 31
0
  0
LINE
  5
C83
330
1B
100
AcDbEntity
  8
F.Cu
  6
CONTINUOUS
100
AcDbLine
 10
46.0500009999999946
 20
-64.2000000000000028
 30
0
 11
45.9543299999999988
 21
-64.1809700000000021
 31
0
  0
LINE
  5
C84
330
1B
100
AcDbEntity
  8
F.Cu
  6
CONTINUOUS
100
AcDbLine
 10
45.9543299999999988
 20
-64.1809700000000021
 30
0
 11
45.8732240000000004
 21
-64.1267759999999925
 31
0
  0
LINE
  5
C85
330
1B
100
AcDbEntity
  8
F.Cu
  6
CONTINUOUS
100
AcDbLine
 10
45.8732240000000004
 20
-64.1267759999999925
 30
0
 11
45.8190299999999979
 21
-64.0456700000000012
 31
0
  0
LINE
  5
C86
330
1B
100
AcDbEntity
  8
F.Cu
  6
CONTINUOUS
100
AcDbLine
 10
45.8190299999999979
 20
-64.0456700000000012
 30
0
 11
45.8000009999999946
 21
-63.9499979999999937
 31
0
  0
LINE
  5
C87
330
1B
100
AcDbEntity
  8
F.Cu
  6
CONTINUOUS
100
AcDbLine
 10
45.8000009999999946
 20
-63.9499979999999937
 30
0
 11
45.7999999999999972
 21
-62.0500009999999946
 31
0
  0
LINE
  5
C88
330
1B
100
AcDbEntity
  8
F.Cu
  6
CONTINUOUS
100
AcDbLine
 10
45.7999999999999972
 20
-62.0500009999999946
 30
0
 11
45.8190299999999979
 21
-61.9543299999999988
 31
0
  0
LINE
  5
C89
330
1B
100
AcDbEntity
  8
F.Cu
  6
CONTINUOUS
100
AcDbLine
 10
45.8190299999999979
 20
-61.9543299999999988
 30
0
 11
45.8732240000000004
 21
-61.8732240000000004
 31
0
  0
LINE
  5
C8A
330
1B
100
AcDbEntity
  8
F.Cu
  6
CONTINUOUS
100
AcDbLine
 10
45.8732240000000004
 20
-61.8732240000000004
 30
0
 11
45.9543299999999988
 21
-61.8190299999999979
 31
0
  0
LINE
  5
C8B
330
1B
100
AcDbEntity
  8
F.Cu
  6
CONTINUOUS
100
AcDbLine
 10
45.9543299999999988
 20
-61.8190299999999979
 30
0
 11
46.0500019999999992
 21
-61.8000009999999946
 31
0
  0
LINE
  5
C8C
330
1B
100
AcDbEntity
  8
F.Cu
  6
CONTINUOUS
100
AcDbLine
 10
46.0500019999999992
 20
-61.8000009999999946
 30
0
 11
47.9499989999999983
 21
-61.7999999999999972
 31
0
  0
LINE
  5
C8D
330
1B
100
AcDbEntity
  8
F.Cu
  6
CONTINUOUS
100
AcDbLine
 10
47.9499989999999983
 20
-61.7999999999999972
 30
0
 11
48.0456700000000012
 21
-61.8190299999999979
 31
0
  0
LINE
  5
C8E
330
1B
100
AcDbEntity
  8
F.Cu
  6
CONTINUOUS
100
AcDbLine
 10
30.2322279999999992
 20
-59.2344480000000004
 30
0
 11
30.3771169999999984
 21
-59.2944630000000004
 31
0
  0
LINE
  5
C8F
330
1B
100
AcDbEntity
  8
F.Cu
  6
CONTINUOUS
100
AcDbLine
 10
30.3771169999999984
 20
-59.2944630000000004
 30
0
 11
30.5075149999999979
 21
-59.3815919999999977
 31
0
  0
LINE
  5
C90
330
1B
100
AcDbEntity
  8
F.Cu
  6
CONTINUOUS
100
AcDbLine
 10
30.5075149999999979
 20
-59.3815919999999977
 30
0
 11
30.6184079999999987
 21
-59.492484999999995
 31
0
  0
LINE
  5
C91
330
1B
100
AcDbEntity
  8
F.Cu
  6
CONTINUOUS
100
AcDbLine
 10
30.6184079999999987
 20
-59.492484999999995
 30
0
 11
30.7055369999999996
 21
-59.6228829999999945
 31
0
  0
LINE
  5
C92
330
1B
100
AcDbEntity
  8
F.Cu
  6
CONTINUOUS
100
AcDbLine
 10
30.7055369999999996
 20
-59.6228829999999945
 30
0
 11
30.7655519999999996
 21
-59.7677720000000008
 31
0
  0
LINE
  5
C93
330
1B
100
AcDbEntity
  8
F.Cu
  6
CONTINUOUS
100
AcDbLine
 10
30.7655519999999996
 20
-59.7677720000000008
 30
0
 11
30.7961479999999987
 21
-59.9215859999999978
 31
0
  0
LINE
  5
C94
330
1B
100
AcDbEntity
  8
F.Cu
  6
CONTINUOUS
100
AcDbLine
 10
30.7961479999999987
 20
-59.9215859999999978
 30
0
 11
30.7961479999999987
 21
-60.0784139999999951
 31
0
  0
LINE
  5
C95
330
1B
100
AcDbEntity
  8
F.Cu
  6
CONTINUOUS
100
AcDbLine
 10
30.7961479999999987
 20
-60.0784139999999951
 30
0
 11
30.7655519999999996
 21
-60.2322279999999992
 31
0
  0
LINE
  5
C96
330
1B
100
AcDbEntity
  8
F.Cu
  6
CONTINUOUS
100
AcDbLine
 10
30.7655519999999996
 20
-60.2322279999999992
 30
0
 11
30.7055369999999996
 21
-60.3771169999999984
 31
0
  0
LINE
  5
C97
330
1B
100
AcDbEntity
  8
F.Cu
  6
CONTINUOUS
100
AcDbLine
 10
30.7055369999999996
 20
-60.3771169999999984
 30
0
 11
30.6184079999999987
 21
-60.5075149999999979
 31
0
  0
LINE
  5
C98
330
1B
100
AcDbEntity
  8
F.Cu
  6
CONTINUOUS
100
AcDbLine
 10
30.6184079999999987
 20
-60.5075149999999979
 30
0
 11
30.5075149999999979
 21
-60.6184079999999952
 31
0
  0
LINE
  5
C99
330
1B
100
AcDbEntity
  8
F.Cu
  6
CONTINUOUS
100
AcDbLine
 10
30.5075149999999979
 20
-60.6184079999999952
 30
0
 11
30.3771169999999984
 21
-60.7055369999999996
 31
0
  0
LINE
  5
C9A
330
1B
100
AcDbEntity
  8
F.Cu
  6
CONTINUOUS
100
AcDbLine
 10
30.3771169999999984
 20
-60.7055369999999996
 30
0
 11
30.2322279999999992
 21
-60.7655519999999996
 31
0
  0
LINE
  5
C9B
330
1B
100
AcDbEntity
  8
F.Cu
  6
CONTINUOUS
100
AcDbLine
 10
30.2322279999999992
 20
-60.7655519999999996
 30
0
 11
30.0784139999999987
 21
-60.7961479999999952
 31
0
  0
LINE
  5
C9C
330
1B
100
AcDbEntity
  8
F.Cu
  6
CONTINUOUS
100
AcDbLine
 10
30.0784139999999987
 20
-60.7961479999999952
 30
0
 11
29.9215859999999978
 21
-60.7961479999999952
 31
0
  0
LINE
  5
C9D
330
1B
100
AcDbEntity
  8
F.Cu
  6
CONTINUOUS
100
AcDbLine
 10
29.9215859999999978
 20
-60.7961479999999952
 30
0
 11
29.7677719999999972
 21
-60.7655519999999996
 31
0
  0
LINE
  5
C9E
330
1B
100
AcDbEntity
  8
F.Cu
  6
CONTINUOUS
100
AcDbLine
 10
29.7677719999999972
 20
-60.7655519999999996
 30
0
 11
29.6228829999999981
 21
-60.7055369999999996
 31
0
  0
LINE
  5
C9F
330
1B
100
AcDbEntity
  8
F.Cu
  6
CONTINUOUS
100
AcDbLine
 10
29.6228829999999981
 20
-60.7055369999999996
 30
0
 11
29.4924849999999985
 21
-60.6184079999999952
 31
0
  0
LINE
  5
CA0
330
1B
100
AcDbEntity
  8
F.Cu
  6
CONTINUOUS
100
AcDbLine
 10
29.4924849999999985
 20
-60.6184079999999952
 30
0
 11
29.3815919999999977
 21
-60.5075149999999979
 31
0
  0
LINE
  5
CA1
330
1B
100
AcDbEntity
  8
F.Cu
  6
CONTINUOUS
100
AcDbLine
 10
29.3815919999999977
 20
-60.5075149999999979
 30
0
 11
29.2944630000000004
 21
-60.3771169999999984
 31
0
  0
LINE
  5
CA2
330
1B
100
AcDbEntity
  8
F.Cu
  6
CONTINUOUS
100
AcDbLine
 10
29.2944630000000004
 20
-60.3771169999999984
 30
0
 11
29.2344480000000004
 21
-60.2322279999999992
 31
0
  0
LINE
  5
CA3
330
1B
100
AcDbEntity
  8
F.Cu
  6
CONTINUOUS
100
AcDbLine
 10
29.2344480000000004
 20
-60.2322279999999992
 30
0
 11
29.2038519999999977
 21
-60.0784139999999951
 31
0
  0
LINE
  5
CA4
330
1B
100
AcDbEntity
  8
F.Cu
  6
CONTINUOUS
100
AcDbLine
 10
29.2038519999999977
 20
-60.0784139999999951
 30
0
 11
29.2038519999999977
 21
-59.9215859999999978
 31
0
  0
LINE
  5
CA5
330
1B
100
AcDbEntity
  8
F.Cu
  6
CONTINUOUS
100
AcDbLine
 10
29.2038519999999977
 20
-59.9215859999999978
 30
0
 11
29.2344480000000004
 21
-59.7677720000000008
 31
0
  0
LINE
  5
CA6
330
1B
100
AcDbEntity
  8
F.Cu
  6
CONTINUOUS
100
AcDbLine
 10
29.2344480000000004
 20
-59.7677720000000008
 30
0
 11
29.2944630000000004
 21
-59.6228829999999945
 31
0
  0
LINE
  5
CA7
330
1B
100
AcDbEntity
  8
F.Cu
  6
CONTINUOUS
100
AcDbLine
 10
29.2944630000000004
 20
-59.6228829999999945
 30
0
 11
29.3815919999999977
 21
-59.492484999999995
 31
0
  0
LINE
  5
CA8
330
1B
100
AcDbEntity
  8
F.Cu
  6
CONTINUOUS
100
AcDbLine
 10
29.3815919999999977
 20
-59.492484999999995
 30
0
 11
29.4924849999999985
 21
-59.3815919999999977
 31
0
  0
LINE
  5
CA9
330
1B
100
AcDbEntity
  8
F.Cu
  6
CONTINUOUS
100
AcDbLine
 10
29.4924849999999985
 20
-59.3815919999999977
 30
0
 11
29.6228829999999981
 21
-59.2944630000000004
 31
0
  0
LINE
  5
CAA
330
1B
100
AcDbEntity
  8
F.Cu
  6
CONTINUOUS
100
AcDbLine
 10
29.6228829999999981
 20
-59.2944630000000004
 30
0
 11
29.7677719999999972
 21
-59.2344480000000004
 31
0
  0
LINE
  5
CAB
330
1B
100
AcDbEntity
  8
F.Cu
  6
CONTINUOUS
100
AcDbLine
 10
29.7677719999999972
 20
-59.2344480000000004
 30
0
 11
29.9215859999999978
 21
-59.2038519999999977
 31
0
  0
LINE
  5
CAC
330
1B
100
AcDbEntity
  8
F.Cu
  6
CONTINUOUS
100
AcDbLine
 10
29.9215859999999978
 20
-59.2038519999999977
 30
0
 11
30.0784139999999987
 21
-59.2038519999999977
 31
0
  0
LINE
  5
CAD
330
1B
100
AcDbEntity
  8
F.Cu
  6
CONTINUOUS
100
AcDbLine
 10
30.0784139999999987
 20
-59.2038519999999977
 30
0
 11
30.2322279999999992
 21
-59.2344480000000004
 31
0
  0
LINE
  5
CAE
330
1B
100
AcDbEntity
  8
F.Cu
  6
CONTINUOUS
100
AcDbLine
 10
39.2801339999999968
 20
-51.3331559999999953
 30
0
 11
39.4592199999999949
 21
-51.3913450000000012
 31
0
  0
LINE
  5
CAF
330
1B
100
AcDbEntity
  8
F.Cu
  6
CONTINUOUS
100
AcDbLine
 10
39.4592199999999949
 20
-51.3913450000000012
 30
0
 11
39.6269980000000004
 21
-51.4768319999999946
 31
0
  0
LINE
  5
CB0
330
1B
100
AcDbEntity
  8
F.Cu
  6
CONTINUOUS
100
AcDbLine
 10
39.6269980000000004
 20
-51.4768319999999946
 30
0
 11
39.7793379999999956
 21
-51.5875129999999942
 31
0
  0
LINE
  5
CB1
330
1B
100
AcDbEntity
  8
F.Cu
  6
CONTINUOUS
100
AcDbLine
 10
39.7793379999999956
 20
-51.5875129999999942
 30
0
 11
39.9124869999999987
 21
-51.7206619999999972
 31
0
  0
LINE
  5
CB2
330
1B
100
AcDbEntity
  8
F.Cu
  6
CONTINUOUS
100
AcDbLine
 10
39.9124869999999987
 20
-51.7206619999999972
 30
0
 11
40.0231679999999983
 21
-51.8730019999999996
 31
0
  0
LINE
  5
CB3
330
1B
100
AcDbEntity
  8
F.Cu
  6
CONTINUOUS
100
AcDbLine
 10
40.0231679999999983
 20
-51.8730019999999996
 30
0
 11
40.1086549999999988
 21
-52.040779999999998
 31
0
  0
LINE
  5
CB4
330
1B
100
AcDbEntity
  8
F.Cu
  6
CONTINUOUS
100
AcDbLine
 10
40.1086549999999988
 20
-52.040779999999998
 30
0
 11
40.1668439999999975
 21
-52.2198659999999961
 31
0
  0
LINE
  5
CB5
330
1B
100
AcDbEntity
  8
F.Cu
  6
CONTINUOUS
100
AcDbLine
 10
40.1668439999999975
 20
-52.2198659999999961
 30
0
 11
40.1963009999999983
 21
-52.4058489999999964
 31
0
  0
LINE
  5
CB6
330
1B
100
AcDbEntity
  8
F.Cu
  6
CONTINUOUS
100
AcDbLine
 10
40.1963009999999983
 20
-52.4058489999999964
 30
0
 11
40.1963009999999983
 21
-52.5941509999999965
 31
0
  0
LINE
  5
CB7
330
1B
100
AcDbEntity
  8
F.Cu
  6
CONTINUOUS
100
AcDbLine
 10
40.1963009999999983
 20
-52.5941509999999965
 30
0
 11
40.1668439999999975
 21
-52.7801339999999968
 31
0
  0
LINE
  5
CB8
330
1B
100
AcDbEntity
  8
F.Cu
  6
CONTINUOUS
100
AcDbLine
 10
40.1668439999999975
 20
-52.7801339999999968
 30
0
 11
40.1086549999999988
 21
-52.9592199999999949
 31
0
  0
LINE
  5
CB9
330
1B
100
AcDbEntity
  8
F.Cu
  6
CONTINUOUS
100
AcDbLine
 10
40.1086549999999988
 20
-52.9592199999999949
 30
0
 11
40.0231679999999983
 21
-53.1269980000000004
 31
0
  0
LINE
  5
CBA
330
1B
100
AcDbEntity
  8
F.Cu
  6
CONTINUOUS
100
AcDbLine
 10
40.0231679999999983
 20
-53.1269980000000004
 30
0
 11
39.9124869999999987
 21
-53.2793379999999956
 31
0
  0
LINE
  5
CBB
330
1B
100
AcDbEntity
  8
F.Cu
  6
CONTINUOUS
100
AcDbLine
 10
39.9124869999999987
 20
-53.2793379999999956
 30
0
 11
39.7793379999999956
 21
-53.4124869999999987
 31
0
  0
LINE
  5
CBC
330
1B
100
AcDbEntity
  8
F.Cu
  6
CONTINUOUS
100
AcDbLine
 10
39.7793379999999956
 20
-53.4124869999999987
 30
0
 11
39.6269980000000004
 21
-53.5231679999999983
 31
0
  0
LINE
  5
CBD
330
1B
100
AcDbEntity
  8
F.Cu
  6
CONTINUOUS
100
AcDbLine
 10
39.6269980000000004
 20
-53.5231679999999983
 30
0
 11
39.4592199999999949
 21
-53.6086549999999988
 31
0
  0
LINE
  5
CBE
330
1B
100
AcDbEntity
  8
F.Cu
  6
CONTINUOUS
100
AcDbLine
 10
39.4592199999999949
 20
-53.6086549999999988
 30
0
 11
39.2801339999999968
 21
-53.6668439999999975
 31
0
  0
LINE
  5
CBF
330
1B
100
AcDbEntity
  8
F.Cu
  6
CONTINUOUS
100
AcDbLine
 10
39.2801339999999968
 20
-53.6668439999999975
 30
0
 11
39.0941509999999965
 21
-53.6963009999999983
 31
0
  0
LINE
  5
CC0
330
1B
100
AcDbEntity
  8
F.Cu
  6
CONTINUOUS
100
AcDbLine
 10
39.0941509999999965
 20
-53.6963009999999983
 30
0
 11
38.9058489999999964
 21
-53.6963009999999983
 31
0
  0
LINE
  5
CC1
330
1B
100
AcDbEntity
  8
F.Cu
  6
CONTINUOUS
100
AcDbLine
 10
38.9058489999999964
 20
-53.6963009999999983
 30
0
 11
38.7198659999999961
 21
-53.6668439999999975
 31
0
  0
LINE
  5
CC2
330
1B
100
AcDbEntity
  8
F.Cu
  6
CONTINUOUS
100
AcDbLine
 10
38.7198659999999961
 20
-53.6668439999999975
 30
0
 11
38.540779999999998
 21
-53.6086549999999988
 31
0
  0
LINE
  5
CC3
330
1B
100
AcDbEntity
  8
F.Cu
  6
CONTINUOUS
100
AcDbLine
 10
38.540779999999998
 20
-53.6086549999999988
 30
0
 11
38.3730019999999996
 21
-53.5231679999999983
 31
0
  0
LINE
  5
CC4
330
1B
100
AcDbEntity
  8
F.Cu
  6
CONTINUOUS
100
AcDbLine
 10
38.3730019999999996
 20
-53.5231679999999983
 30
0
 11
38.2206619999999972
 21
-53.4124869999999987
 31
0
  0
LINE
  5
CC5
330
1B
100
AcDbEntity
  8
F.Cu
  6
CONTINUOUS
100
AcDbLine
 10
38.2206619999999972
 20
-53.4124869999999987
 30
0
 11
38.0875130000000013
 21
-53.2793379999999956
 31
0
  0
LINE
  5
CC6
330
1B
100
AcDbEntity
  8
F.Cu
  6
CONTINUOUS
100
AcDbLine
 10
38.0875130000000013
 20
-53.2793379999999956
 30
0
 11
37.9768320000000017
 21
-53.1269980000000004
 31
0
  0
LINE
  5
CC7
330
1B
100
AcDbEntity
  8
F.Cu
  6
CONTINUOUS
100
AcDbLine
 10
37.9768320000000017
 20
-53.1269980000000004
 30
0
 11
37.8913450000000012
 21
-52.9592199999999949
 31
0
  0
LINE
  5
CC8
330
1B
100
AcDbEntity
  8
F.Cu
  6
CONTINUOUS
100
AcDbLine
 10
37.8913450000000012
 20
-52.9592199999999949
 30
0
 11
37.8331559999999953
 21
-52.7801339999999968
 31
0
  0
LINE
  5
CC9
330
1B
100
AcDbEntity
  8
F.Cu
  6
CONTINUOUS
100
AcDbLine
 10
37.8331559999999953
 20
-52.7801339999999968
 30
0
 11
37.8036990000000017
 21
-52.5941509999999965
 31
0
  0
LINE
  5
CCA
330
1B
100
AcDbEntity
  8
F.Cu
  6
CONTINUOUS
100
AcDbLine
 10
37.8036990000000017
 20
-52.5941509999999965
 30
0
 11
37.8036990000000017
 21
-52.4058489999999964
 31
0
  0
LINE
  5
CCB
330
1B
100
AcDbEntity
  8
F.Cu
  6
CONTINUOUS
100
AcDbLine
 10
37.8036990000000017
 20
-52.4058489999999964
 30
0
 11
37.8331559999999953
 21
-52.2198659999999961
 31
0
  0
LINE
  5
CCC
330
1B
100
AcDbEntity
  8
F.Cu
  6
CONTINUOUS
100
AcDbLine
 10
37.8331559999999953
 20
-52.2198659999999961
 30
0
 11
37.8913450000000012
 21
-52.040779999999998
 31
0
  0
LINE
  5
CCD
330
1B
100
AcDbEntity
  8
F.Cu
  6
CONTINUOUS
100
AcDbLine
 10
37.8913450000000012
 20
-52.040779999999998
 30
0
 11
37.9768320000000017
 21
-51.8730019999999996
 31
0
  0
LINE
  5
CCE
330
1B
100
AcDbEntity
  8
F.Cu
  6
CONTINUOUS
100
AcDbLine
 10
37.9768320000000017
 20
-51.8730019999999996
 30
0
 11
38.0875130000000013
 21
-51.7206619999999972
 31
0
  0
LINE
  5
CCF
330
1B
100
AcDbEntity
  8
F.Cu
  6
CONTINUOUS
100
AcDbLine
 10
38.0875130000000013
 20
-51.7206619999999972
 30
0
 11
38.2206619999999972
 21
-51.5875129999999942
 31
0
  0
LINE
  5
CD0
330
1B
100
AcDbEntity
  8
F.Cu
  6
CONTINUOUS
100
AcDbLine
 10
38.2206619999999972
 20
-51.5875129999999942
 30
0
 11
38.3730019999999996
 21
-51.4768319999999946
 31
0
  0
LINE
  5
CD1
330
1B
100
AcDbEntity
  8
F.Cu
  6
CONTINUOUS
100
AcDbLine
 10
38.3730019999999996
 20
-51.4768319999999946
 30
0
 11
38.540779999999998
 21
-51.3913450000000012
 31
0
  0
LINE
  5
CD2
330
1B
100
AcDbEntity
  8
F.Cu
  6
CONTINUOUS
100
AcDbLine
 10
38.540779999999998
 20
-51.3913450000000012
 30
0
 11
38.7198659999999961
 21
-51.3331559999999953
 31
0
  0
LINE
  5
CD3
330
1B
100
AcDbEntity
  8
F.Cu
  6
CONTINUOUS
100
AcDbLine
 10
38.7198659999999961
 20
-51.3331559999999953
 30
0
 11
38.9058489999999964
 21
-51.3036989999999946
 31
0
  0
LINE
  5
CD4
330
1B
100
AcDbEntity
  8
F.Cu
  6
CONTINUOUS
100
AcDbLine
 10
38.9058489999999964
 20
-51.3036989999999946
 30
0
 11
39.0941509999999965
 21
-51.3036989999999946
 31
0
  0
LINE
  5
CD5
330
1B
100
AcDbEntity
  8
F.Cu
  6
CONTINUOUS
100
AcDbLine
 10
39.0941509999999965
 20
-51.3036989999999946
 30
0
 11
39.2801339999999968
 21
-51.3331559999999953
 31
0
  0
LINE
  5
CD6
330
1B
100
AcDbEntity
  8
F.Cu
  6
CONTINUOUS
100
AcDbLine
 10
162.3034789999999816
 20
-49.9759189999999975
 30
0
 11
162.4974880000000041
 21
-50.0389569999999964
 31
0
  0
LINE
  5
CD7
330
1B
100
AcDbEntity
  8
F.Cu
  6
CONTINUOUS
100
AcDbLine
 10
162.4974880000000041
 20
-50.0389569999999964
 30
0
 11
162.6792480000000012
 21
-50.1315679999999944
 31
0
  0
LINE
  5
CD8
330
1B
100
AcDbEntity
  8
F.Cu
  6
CONTINUOUS
100
AcDbLine
 10
162.6792480000000012
 20
-50.1315679999999944
 30
0
 11
162.8442819999999926
 21
-50.2514719999999997
 31
0
  0
LINE
  5
CD9
330
1B
100
AcDbEntity
  8
F.Cu
  6
CONTINUOUS
100
AcDbLine
 10
162.8442819999999926
 20
-50.2514719999999997
 30
0
 11
162.9885280000000023
 21
-50.3957179999999951
 31
0
  0
LINE
  5
CDA
330
1B
100
AcDbEntity
  8
F.Cu
  6
CONTINUOUS
100
AcDbLine
 10
162.9885280000000023
 20
-50.3957179999999951
 30
0
 11
163.1084319999999934
 21
-50.5607520000000008
 31
0
  0
LINE
  5
CDB
330
1B
100
AcDbEntity
  8
F.Cu
  6
CONTINUOUS
100
AcDbLine
 10
163.1084319999999934
 20
-50.5607520000000008
 30
0
 11
163.2010429999999985
 21
-50.7425119999999978
 31
0
  0
LINE
  5
CDC
330
1B
100
AcDbEntity
  8
F.Cu
  6
CONTINUOUS
100
AcDbLine
 10
163.2010429999999985
 20
-50.7425119999999978
 30
0
 11
163.2640810000000045
 21
-50.936520999999999
 31
0
  0
LINE
  5
CDD
330
1B
100
AcDbEntity
  8
F.Cu
  6
CONTINUOUS
100
AcDbLine
 10
163.2640810000000045
 20
-50.936520999999999
 30
0
 11
163.2959929999999815
 21
-51.1380029999999977
 31
0
  0
LINE
  5
CDE
330
1B
100
AcDbEntity
  8
F.Cu
  6
CONTINUOUS
100
AcDbLine
 10
163.2959929999999815
 20
-51.1380029999999977
 30
0
 11
163.2959929999999815
 21
-51.3419969999999992
 31
0
  0
LINE
  5
CDF
330
1B
100
AcDbEntity
  8
F.Cu
  6
CONTINUOUS
100
AcDbLine
 10
163.2959929999999815
 20
-51.3419969999999992
 30
0
 11
163.2640810000000045
 21
-51.5434789999999978
 31
0
  0
LINE
  5
CE0
330
1B
100
AcDbEntity
  8
F.Cu
  6
CONTINUOUS
100
AcDbLine
 10
163.2640810000000045
 20
-51.5434789999999978
 30
0
 11
163.2010429999999985
 21
-51.737487999999999
 31
0
  0
LINE
  5
CE1
330
1B
100
AcDbEntity
  8
F.Cu
  6
CONTINUOUS
100
AcDbLine
 10
163.2010429999999985
 20
-51.737487999999999
 30
0
 11
163.1084319999999934
 21
-51.9192479999999961
 31
0
  0
LINE
  5
CE2
330
1B
100
AcDbEntity
  8
F.Cu
  6
CONTINUOUS
100
AcDbLine
 10
163.1084319999999934
 20
-51.9192479999999961
 30
0
 11
162.9885280000000023
 21
-52.0842819999999946
 31
0
  0
LINE
  5
CE3
330
1B
100
AcDbEntity
  8
F.Cu
  6
CONTINUOUS
100
AcDbLine
 10
162.9885280000000023
 20
-52.0842819999999946
 30
0
 11
162.8442819999999926
 21
-52.2285279999999972
 31
0
  0
LINE
  5
CE4
330
1B
100
AcDbEntity
  8
F.Cu
  6
CONTINUOUS
100
AcDbLine
 10
162.8442819999999926
 20
-52.2285279999999972
 30
0
 11
162.6792480000000012
 21
-52.3484319999999954
 31
0
  0
LINE
  5
CE5
330
1B
100
AcDbEntity
  8
F.Cu
  6
CONTINUOUS
100
AcDbLine
 10
162.6792480000000012
 20
-52.3484319999999954
 30
0
 11
162.4974880000000041
 21
-52.4410430000000005
 31
0
  0
LINE
  5
CE6
330
1B
100
AcDbEntity
  8
F.Cu
  6
CONTINUOUS
100
AcDbLine
 10
162.4974880000000041
 20
-52.4410430000000005
 30
0
 11
162.3034789999999816
 21
-52.5040809999999993
 31
0
  0
LINE
  5
CE7
330
1B
100
AcDbEntity
  8
F.Cu
  6
CONTINUOUS
100
AcDbLine
 10
162.3034789999999816
 20
-52.5040809999999993
 30
0
 11
162.101996999999983
 21
-52.5359929999999977
 31
0
  0
LINE
  5
CE8
330
1B
100
AcDbEntity
  8
F.Cu
  6
CONTINUOUS
100
AcDbLine
 10
162.101996999999983
 20
-52.5359929999999977
 30
0
 11
161.8980029999999886
 21
-52.5359929999999977
 31
0
  0
LINE
  5
CE9
330
1B
100
AcDbEntity
  8
F.Cu
  6
CONTINUOUS
100
AcDbLine
 10
161.8980029999999886
 20
-52.5359929999999977
 30
0
 11
161.69652099999999
 21
-52.5040809999999993
 31
0
  0
LINE
  5
CEA
330
1B
100
AcDbEntity
  8
F.Cu
  6
CONTINUOUS
100
AcDbLine
 10
161.69652099999999
 20
-52.5040809999999993
 30
0
 11
161.5025119999999959
 21
-52.4410430000000005
 31
0
  0
LINE
  5
CEB
330
1B
100
AcDbEntity
  8
F.Cu
  6
CONTINUOUS
100
AcDbLine
 10
161.5025119999999959
 20
-52.4410430000000005
 30
0
 11
161.3207519999999988
 21
-52.3484319999999954
 31
0
  0
LINE
  5
CEC
330
1B
100
AcDbEntity
  8
F.Cu
  6
CONTINUOUS
100
AcDbLine
 10
161.3207519999999988
 20
-52.3484319999999954
 30
0
 11
161.1557179999999789
 21
-52.2285279999999972
 31
0
  0
LINE
  5
CED
330
1B
100
AcDbEntity
  8
F.Cu
  6
CONTINUOUS
100
AcDbLine
 10
161.1557179999999789
 20
-52.2285279999999972
 30
0
 11
161.0114719999999977
 21
-52.0842819999999946
 31
0
  0
LINE
  5
CEE
330
1B
100
AcDbEntity
  8
F.Cu
  6
CONTINUOUS
100
AcDbLine
 10
161.0114719999999977
 20
-52.0842819999999946
 30
0
 11
160.8915680000000066
 21
-51.9192479999999961
 31
0
  0
LINE
  5
CEF
330
1B
100
AcDbEntity
  8
F.Cu
  6
CONTINUOUS
100
AcDbLine
 10
160.8915680000000066
 20
-51.9192479999999961
 30
0
 11
160.7989570000000015
 21
-51.737487999999999
 31
0
  0
LINE
  5
CF0
330
1B
100
AcDbEntity
  8
F.Cu
  6
CONTINUOUS
100
AcDbLine
 10
160.7989570000000015
 20
-51.737487999999999
 30
0
 11
160.7359189999999955
 21
-51.5434789999999978
 31
0
  0
LINE
  5
CF1
330
1B
100
AcDbEntity
  8
F.Cu
  6
CONTINUOUS
100
AcDbLine
 10
160.7359189999999955
 20
-51.5434789999999978
 30
0
 11
160.7040069999999901
 21
-51.3419969999999992
 31
0
  0
LINE
  5
CF2
330
1B
100
AcDbEntity
  8
F.Cu
  6
CONTINUOUS
100
AcDbLine
 10
160.7040069999999901
 20
-51.3419969999999992
 30
0
 11
160.7040069999999901
 21
-51.1380029999999977
 31
0
  0
LINE
  5
CF3
330
1B
100
AcDbEntity
  8
F.Cu
  6
CONTINUOUS
100
AcDbLine
 10
160.7040069999999901
 20
-51.1380029999999977
 30
0
 11
160.7359189999999955
 21
-50.936520999999999
 31
0
  0
LINE
  5
CF4
330
1B
100
AcDbEntity
  8
F.Cu
  6
CONTINUOUS
100
AcDbLine
 10
160.7359189999999955
 20
-50.936520999999999
 30
0
 11
160.7989570000000015
 21
-50.7425119999999978
 31
0
  0
LINE
  5
CF5
330
1B
100
AcDbEntity
  8
F.Cu
  6
CONTINUOUS
100
AcDbLine
 10
160.7989570000000015
 20
-50.7425119999999978
 30
0
 11
160.8915680000000066
 21
-50.5607520000000008
 31
0
  0
LINE
  5
CF6
330
1B
100
AcDbEntity
  8
F.Cu
  6
CONTINUOUS
100
AcDbLine
 10
160.8915680000000066
 20
-50.5607520000000008
 30
0
 11
161.0114719999999977
 21
-50.3957179999999951
 31
0
  0
LINE
  5
CF7
330
1B
100
AcDbEntity
  8
F.Cu
  6
CONTINUOUS
100
AcDbLine
 10
161.0114719999999977
 20
-50.3957179999999951
 30
0
 11
161.1557179999999789
 21
-50.2514719999999997
 31
0
  0
LINE
  5
CF8
330
1B
100
AcDbEntity
  8
F.Cu
  6
CONTINUOUS
100
AcDbLine
 10
161.1557179999999789
 20
-50.2514719999999997
 30
0
 11
161.3207519999999988
 21
-50.1315679999999944
 31
0
  0
LINE
  5
CF9
330
1B
100
AcDbEntity
  8
F.Cu
  6
CONTINUOUS
100
AcDbLine
 10
161.3207519999999988
 20
-50.1315679999999944
 30
0
 11
161.5025119999999959
 21
-50.0389569999999964
 31
0
  0
LINE
  5
CFA
330
1B
100
AcDbEntity
  8
F.Cu
  6
CONTINUOUS
100
AcDbLine
 10
161.5025119999999959
 20
-50.0389569999999964
 30
0
 11
161.69652099999999
 21
-49.9759189999999975
 31
0
  0
LINE
  5
CFB
330
1B
100
AcDbEntity
  8
F.Cu
  6
CONTINUOUS
100
AcDbLine
 10
161.69652099999999
 20
-49.9759189999999975
 30
0
 11
161.8980029999999886
 21
-49.9440069999999992
 31
0
  0
LINE
  5
CFC
330
1B
100
AcDbEntity
  8
F.Cu
  6
CONTINUOUS
100
AcDbLine
 10
161.8980029999999886
 20
-49.9440069999999992
 30
0
 11
162.101996999999983
 21
-49.9440069999999992
 31
0
  0
LINE
  5
CFD
330
1B
100
AcDbEntity
  8
F.Cu
  6
CONTINUOUS
100
AcDbLine
 10
162.101996999999983
 20
-49.9440069999999992
 30
0
 11
162.3034789999999816
 21
-49.9759189999999975
 31
0
  0
LINE
  5
CFE
330
1B
100
AcDbEntity
  8
F.Cu
  6
CONTINUOUS
100
AcDbLine
 10
25.3268239999999984
 20
-49.6386819999999958
 30
0
 11
25.5357570000000003
 21
-49.7065689999999947
 31
0
  0
LINE
  5
CFF
330
1B
100
AcDbEntity
  8
F.Cu
  6
CONTINUOUS
100
AcDbLine
 10
25.5357570000000003
 20
-49.7065689999999947
 30
0
 11
25.7314979999999984
 21
-49.8063039999999972
 31
0
  0
LINE
  5
D00
330
1B
100
AcDbEntity
  8
F.Cu
  6
CONTINUOUS
100
AcDbLine
 10
25.7314979999999984
 20
-49.8063039999999972
 30
0
 11
25.9092269999999978
 21
-49.9354319999999987
 31
0
  0
LINE
  5
D01
330
1B
100
AcDbEntity
  8
F.Cu
  6
CONTINUOUS
100
AcDbLine
 10
25.9092269999999978
 20
-49.9354319999999987
 30
0
 11
26.0645679999999977
 21
-50.0907729999999987
 31
0
  0
LINE
  5
D02
330
1B
100
AcDbEntity
  8
F.Cu
  6
CONTINUOUS
100
AcDbLine
 10
26.0645679999999977
 20
-50.0907729999999987
 30
0
 11
26.1936959999999992
 21
-50.268501999999998
 31
0
  0
LINE
  5
D03
330
1B
100
AcDbEntity
  8
F.Cu
  6
CONTINUOUS
100
AcDbLine
 10
26.1936959999999992
 20
-50.268501999999998
 30
0
 11
26.2934309999999982
 21
-50.4642429999999962
 31
0
  0
LINE
  5
D04
330
1B
100
AcDbEntity
  8
F.Cu
  6
CONTINUOUS
100
AcDbLine
 10
26.2934309999999982
 20
-50.4642429999999962
 30
0
 11
26.3613179999999971
 21
-50.673175999999998
 31
0
  0
LINE
  5
D05
330
1B
100
AcDbEntity
  8
F.Cu
  6
CONTINUOUS
100
AcDbLine
 10
26.3613179999999971
 20
-50.673175999999998
 30
0
 11
26.3956839999999993
 21
-50.890156999999995
 31
0
  0
LINE
  5
D06
330
1B
100
AcDbEntity
  8
F.Cu
  6
CONTINUOUS
100
AcDbLine
 10
26.3956839999999993
 20
-50.890156999999995
 30
0
 11
26.3956839999999993
 21
-51.1098429999999979
 31
0
  0
LINE
  5
D07
330
1B
100
AcDbEntity
  8
F.Cu
  6
CONTINUOUS
100
AcDbLine
 10
26.3956839999999993
 20
-51.1098429999999979
 30
0
 11
26.3613179999999971
 21
-51.3268239999999949
 31
0
  0
LINE
  5
D08
330
1B
100
AcDbEntity
  8
F.Cu
  6
CONTINUOUS
100
AcDbLine
 10
26.3613179999999971
 20
-51.3268239999999949
 30
0
 11
26.2934309999999982
 21
-51.5357569999999967
 31
0
  0
LINE
  5
D09
330
1B
100
AcDbEntity
  8
F.Cu
  6
CONTINUOUS
100
AcDbLine
 10
26.2934309999999982
 20
-51.5357569999999967
 30
0
 11
26.1936959999999992
 21
-51.7314979999999949
 31
0
  0
LINE
  5
D0A
330
1B
100
AcDbEntity
  8
F.Cu
  6
CONTINUOUS
100
AcDbLine
 10
26.1936959999999992
 20
-51.7314979999999949
 30
0
 11
26.0645679999999977
 21
-51.9092269999999942
 31
0
  0
LINE
  5
D0B
330
1B
100
AcDbEntity
  8
F.Cu
  6
CONTINUOUS
100
AcDbLine
 10
26.0645679999999977
 20
-51.9092269999999942
 30
0
 11
25.9092269999999978
 21
-52.0645679999999942
 31
0
  0
LINE
  5
D0C
330
1B
100
AcDbEntity
  8
F.Cu
  6
CONTINUOUS
100
AcDbLine
 10
25.9092269999999978
 20
-52.0645679999999942
 30
0
 11
25.7314979999999984
 21
-52.1936959999999956
 31
0
  0
LINE
  5
D0D
330
1B
100
AcDbEntity
  8
F.Cu
  6
CONTINUOUS
100
AcDbLine
 10
25.7314979999999984
 20
-52.1936959999999956
 30
0
 11
25.5357570000000003
 21
-52.2934309999999982
 31
0
  0
LINE
  5
D0E
330
1B
100
AcDbEntity
  8
F.Cu
  6
CONTINUOUS
100
AcDbLine
 10
25.5357570000000003
 20
-52.2934309999999982
 30
0
 11
25.3268239999999984
 21
-52.3613179999999971
 31
0
  0
LINE
  5
D0F
330
1B
100
AcDbEntity
  8
F.Cu
  6
CONTINUOUS
100
AcDbLine
 10
25.3268239999999984
 20
-52.3613179999999971
 30
0
 11
25.1098429999999979
 21
-52.3956839999999957
 31
0
  0
LINE
  5
D10
330
1B
100
AcDbEntity
  8
F.Cu
  6
CONTINUOUS
100
AcDbLine
 10
25.1098429999999979
 20
-52.3956839999999957
 30
0
 11
24.8901569999999985
 21
-52.3956839999999957
 31
0
  0
LINE
  5
D11
330
1B
100
AcDbEntity
  8
F.Cu
  6
CONTINUOUS
100
AcDbLine
 10
24.8901569999999985
 20
-52.3956839999999957
 30
0
 11
24.673175999999998
 21
-52.3613179999999971
 31
0
  0
LINE
  5
D12
330
1B
100
AcDbEntity
  8
F.Cu
  6
CONTINUOUS
100
AcDbLine
 10
24.673175999999998
 20
-52.3613179999999971
 30
0
 11
24.4642429999999997
 21
-52.2934309999999982
 31
0
  0
LINE
  5
D13
330
1B
100
AcDbEntity
  8
F.Cu
  6
CONTINUOUS
100
AcDbLine
 10
24.4642429999999997
 20
-52.2934309999999982
 30
0
 11
24.268501999999998
 21
-52.1936959999999956
 31
0
  0
LINE
  5
D14
330
1B
100
AcDbEntity
  8
F.Cu
  6
CONTINUOUS
100
AcDbLine
 10
24.268501999999998
 20
-52.1936959999999956
 30
0
 11
24.0907729999999987
 21
-52.0645679999999942
 31
0
  0
LINE
  5
D15
330
1B
100
AcDbEntity
  8
F.Cu
  6
CONTINUOUS
100
AcDbLine
 10
24.0907729999999987
 20
-52.0645679999999942
 30
0
 11
23.9354319999999987
 21
-51.9092269999999942
 31
0
  0
LINE
  5
D16
330
1B
100
AcDbEntity
  8
F.Cu
  6
CONTINUOUS
100
AcDbLine
 10
23.9354319999999987
 20
-51.9092269999999942
 30
0
 11
23.8063039999999972
 21
-51.7314979999999949
 31
0
  0
LINE
  5
D17
330
1B
100
AcDbEntity
  8
F.Cu
  6
CONTINUOUS
100
AcDbLine
 10
23.8063039999999972
 20
-51.7314979999999949
 30
0
 11
23.7065689999999982
 21
-51.5357569999999967
 31
0
  0
LINE
  5
D18
330
1B
100
AcDbEntity
  8
F.Cu
  6
CONTINUOUS
100
AcDbLine
 10
23.7065689999999982
 20
-51.5357569999999967
 30
0
 11
23.6386819999999993
 21
-51.3268239999999949
 31
0
  0
LINE
  5
D19
330
1B
100
AcDbEntity
  8
F.Cu
  6
CONTINUOUS
100
AcDbLine
 10
23.6386819999999993
 20
-51.3268239999999949
 30
0
 11
23.6043159999999972
 21
-51.1098429999999979
 31
0
  0
LINE
  5
D1A
330
1B
100
AcDbEntity
  8
F.Cu
  6
CONTINUOUS
100
AcDbLine
 10
23.6043159999999972
 20
-51.1098429999999979
 30
0
 11
23.6043159999999972
 21
-50.890156999999995
 31
0
  0
LINE
  5
D1B
330
1B
100
AcDbEntity
  8
F.Cu
  6
CONTINUOUS
100
AcDbLine
 10
23.6043159999999972
 20
-50.890156999999995
 30
0
 11
23.6386819999999993
 21
-50.673175999999998
 31
0
  0
LINE
  5
D1C
330
1B
100
AcDbEntity
  8
F.Cu
  6
CONTINUOUS
100
AcDbLine
 10
23.6386819999999993
 20
-50.673175999999998
 30
0
 11
23.7065689999999982
 21
-50.4642429999999962
 31
0
  0
LINE
  5
D1D
330
1B
100
AcDbEntity
  8
F.Cu
  6
CONTINUOUS
100
AcDbLine
 10
23.7065689999999982
 20
-50.4642429999999962
 30
0
 11
23.8063039999999972
 21
-50.268501999999998
 31
0
  0
LINE
  5
D1E
330
1B
100
AcDbEntity
  8
F.Cu
  6
CONTINUOUS
100
AcDbLine
 10
23.8063039999999972
 20
-50.268501999999998
 30
0
 11
23.9354319999999987
 21
-50.0907729999999987
 31
0
  0
LINE
  5
D1F
330
1B
100
AcDbEntity
  8
F.Cu
  6
CONTINUOUS
100
AcDbLine
 10
23.9354319999999987
 20
-50.0907729999999987
 30
0
 11
24.0907729999999987
 21
-49.9354319999999987
 31
0
  0
LINE
  5
D20
330
1B
100
AcDbEntity
  8
F.Cu
  6
CONTINUOUS
100
AcDbLine
 10
24.0907729999999987
 20
-49.9354319999999987
 30
0
 11
24.268501999999998
 21
-49.8063039999999972
 31
0
  0
LINE
  5
D21
330
1B
100
AcDbEntity
  8
F.Cu
  6
CONTINUOUS
100
AcDbLine
 10
24.268501999999998
 20
-49.8063039999999972
 30
0
 11
24.4642429999999997
 21
-49.7065689999999947
 31
0
  0
LINE
  5
D22
330
1B
100
AcDbEntity
  8
F.Cu
  6
CONTINUOUS
100
AcDbLine
 10
24.4642429999999997
 20
-49.7065689999999947
 30
0
 11
24.673175999999998
 21
-49.6386819999999958
 31
0
  0
LINE
  5
D23
330
1B
100
AcDbEntity
  8
F.Cu
  6
CONTINUOUS
100
AcDbLine
 10
24.673175999999998
 20
-49.6386819999999958
 30
0
 11
24.8901569999999985
 21
-49.6043159999999972
 31
0
  0
LINE
  5
D24
330
1B
100
AcDbEntity
  8
F.Cu
  6
CONTINUOUS
100
AcDbLine
 10
24.8901569999999985
 20
-49.6043159999999972
 30
0
 11
25.1098429999999979
 21
-49.6043159999999972
 31
0
  0
LINE
  5
D25
330
1B
100
AcDbEntity
  8
F.Cu
  6
CONTINUOUS
100
AcDbLine
 10
25.1098429999999979
 20
-49.6043159999999972
 30
0
 11
25.3268239999999984
 21
-49.6386819999999958
 31
0
  0
LINE
  5
D26
330
1B
100
AcDbEntity
  8
F.Cu
  6
CONTINUOUS
100
AcDbLine
 10
104.2801339999999897
 20
-48.3331559999999953
 30
0
 11
104.459220000000002
 21
-48.3913450000000012
 31
0
  0
LINE
  5
D27
330
1B
100
AcDbEntity
  8
F.Cu
  6
CONTINUOUS
100
AcDbLine
 10
104.459220000000002
 20
-48.3913450000000012
 30
0
 11
104.6269980000000004
 21
-48.4768319999999946
 31
0
  0
LINE
  5
D28
330
1B
100
AcDbEntity
  8
F.Cu
  6
CONTINUOUS
100
AcDbLine
 10
104.6269980000000004
 20
-48.4768319999999946
 30
0
 11
104.7793379999999956
 21
-48.5875130000000013
 31
0
  0
LINE
  5
D29
330
1B
100
AcDbEntity
  8
F.Cu
  6
CONTINUOUS
100
AcDbLine
 10
104.7793379999999956
 20
-48.5875130000000013
 30
0
 11
104.9124869999999987
 21
-48.7206619999999972
 31
0
  0
LINE
  5
D2A
330
1B
100
AcDbEntity
  8
F.Cu
  6
CONTINUOUS
100
AcDbLine
 10
104.9124869999999987
 20
-48.7206619999999972
 30
0
 11
105.0231679999999983
 21
-48.8730019999999996
 31
0
  0
LINE
  5
D2B
330
1B
100
AcDbEntity
  8
F.Cu
  6
CONTINUOUS
100
AcDbLine
 10
105.0231679999999983
 20
-48.8730019999999996
 30
0
 11
105.1086549999999988
 21
-49.040779999999998
 31
0
  0
LINE
  5
D2C
330
1B
100
AcDbEntity
  8
F.Cu
  6
CONTINUOUS
100
AcDbLine
 10
105.1086549999999988
 20
-49.040779999999998
 30
0
 11
105.1668439999999975
 21
-49.2198659999999961
 31
0
  0
LINE
  5
D2D
330
1B
100
AcDbEntity
  8
F.Cu
  6
CONTINUOUS
100
AcDbLine
 10
105.1668439999999975
 20
-49.2198659999999961
 30
0
 11
105.1963009999999912
 21
-49.4058489999999964
 31
0
  0
LINE
  5
D2E
330
1B
100
AcDbEntity
  8
F.Cu
  6
CONTINUOUS
100
AcDbLine
 10
105.1963009999999912
 20
-49.4058489999999964
 30
0
 11
105.1963009999999912
 21
-49.5941509999999965
 31
0
  0
LINE
  5
D2F
330
1B
100
AcDbEntity
  8
F.Cu
  6
CONTINUOUS
100
AcDbLine
 10
105.1963009999999912
 20
-49.5941509999999965
 30
0
 11
105.1668439999999975
 21
-49.7801339999999968
 31
0
  0
LINE
  5
D30
330
1B
100
AcDbEntity
  8
F.Cu
  6
CONTINUOUS
100
AcDbLine
 10
105.1668439999999975
 20
-49.7801339999999968
 30
0
 11
105.1086549999999988
 21
-49.9592199999999949
 31
0
  0
LINE
  5
D31
330
1B
100
AcDbEntity
  8
F.Cu
  6
CONTINUOUS
100
AcDbLine
 10
105.1086549999999988
 20
-49.9592199999999949
 30
0
 11
105.0231679999999983
 21
-50.1269980000000004
 31
0
  0
LINE
  5
D32
330
1B
100
AcDbEntity
  8
F.Cu
  6
CONTINUOUS
100
AcDbLine
 10
105.0231679999999983
 20
-50.1269980000000004
 30
0
 11
104.9124869999999987
 21
-50.2793379999999956
 31
0
  0
LINE
  5
D33
330
1B
100
AcDbEntity
  8
F.Cu
  6
CONTINUOUS
100
AcDbLine
 10
104.9124869999999987
 20
-50.2793379999999956
 30
0
 11
104.7793379999999956
 21
-50.4124869999999987
 31
0
  0
LINE
  5
D34
330
1B
100
AcDbEntity
  8
F.Cu
  6
CONTINUOUS
100
AcDbLine
 10
104.7793379999999956
 20
-50.4124869999999987
 30
0
 11
104.6269980000000004
 21
-50.5231679999999983
 31
0
  0
LINE
  5
D35
330
1B
100
AcDbEntity
  8
F.Cu
  6
CONTINUOUS
100
AcDbLine
 10
104.6269980000000004
 20
-50.5231679999999983
 30
0
 11
104.459220000000002
 21
-50.6086549999999988
 31
0
  0
LINE
  5
D36
330
1B
100
AcDbEntity
  8
F.Cu
  6
CONTINUOUS
100
AcDbLine
 10
104.459220000000002
 20
-50.6086549999999988
 30
0
 11
104.2801339999999897
 21
-50.6668439999999975
 31
0
  0
LINE
  5
D37
330
1B
100
AcDbEntity
  8
F.Cu
  6
CONTINUOUS
100
AcDbLine
 10
104.2801339999999897
 20
-50.6668439999999975
 30
0
 11
104.0941509999999965
 21
-50.6963009999999983
 31
0
  0
LINE
  5
D38
330
1B
100
AcDbEntity
  8
F.Cu
  6
CONTINUOUS
100
AcDbLine
 10
104.0941509999999965
 20
-50.6963009999999983
 30
0
 11
103.9058489999999892
 21
-50.6963009999999983
 31
0
  0
LINE
  5
D39
330
1B
100
AcDbEntity
  8
F.Cu
  6
CONTINUOUS
100
AcDbLine
 10
103.9058489999999892
 20
-50.6963009999999983
 30
0
 11
103.7198659999999961
 21
-50.6668439999999975
 31
0
  0
LINE
  5
D3A
330
1B
100
AcDbEntity
  8
F.Cu
  6
CONTINUOUS
100
AcDbLine
 10
103.7198659999999961
 20
-50.6668439999999975
 30
0
 11
103.540779999999998
 21
-50.6086549999999988
 31
0
  0
LINE
  5
D3B
330
1B
100
AcDbEntity
  8
F.Cu
  6
CONTINUOUS
100
AcDbLine
 10
103.540779999999998
 20
-50.6086549999999988
 30
0
 11
103.3730019999999996
 21
-50.5231679999999983
 31
0
  0
LINE
  5
D3C
330
1B
100
AcDbEntity
  8
F.Cu
  6
CONTINUOUS
100
AcDbLine
 10
103.3730019999999996
 20
-50.5231679999999983
 30
0
 11
103.2206619999999901
 21
-50.4124869999999987
 31
0
  0
LINE
  5
D3D
330
1B
100
AcDbEntity
  8
F.Cu
  6
CONTINUOUS
100
AcDbLine
 10
103.2206619999999901
 20
-50.4124869999999987
 30
0
 11
103.0875130000000013
 21
-50.2793379999999956
 31
0
  0
LINE
  5
D3E
330
1B
100
AcDbEntity
  8
F.Cu
  6
CONTINUOUS
100
AcDbLine
 10
103.0875130000000013
 20
-50.2793379999999956
 30
0
 11
102.9768320000000017
 21
-50.1269980000000004
 31
0
  0
LINE
  5
D3F
330
1B
100
AcDbEntity
  8
F.Cu
  6
CONTINUOUS
100
AcDbLine
 10
102.9768320000000017
 20
-50.1269980000000004
 30
0
 11
102.8913450000000012
 21
-49.9592199999999949
 31
0
  0
LINE
  5
D40
330
1B
100
AcDbEntity
  8
F.Cu
  6
CONTINUOUS
100
AcDbLine
 10
102.8913450000000012
 20
-49.9592199999999949
 30
0
 11
102.8331560000000025
 21
-49.7801339999999968
 31
0
  0
LINE
  5
D41
330
1B
100
AcDbEntity
  8
F.Cu
  6
CONTINUOUS
100
AcDbLine
 10
102.8331560000000025
 20
-49.7801339999999968
 30
0
 11
102.8036989999999946
 21
-49.5941509999999965
 31
0
  0
LINE
  5
D42
330
1B
100
AcDbEntity
  8
F.Cu
  6
CONTINUOUS
100
AcDbLine
 10
102.8036989999999946
 20
-49.5941509999999965
 30
0
 11
102.8036989999999946
 21
-49.4058489999999964
 31
0
  0
LINE
  5
D43
330
1B
100
AcDbEntity
  8
F.Cu
  6
CONTINUOUS
100
AcDbLine
 10
102.8036989999999946
 20
-49.4058489999999964
 30
0
 11
102.8331560000000025
 21
-49.2198659999999961
 31
0
  0
LINE
  5
D44
330
1B
100
AcDbEntity
  8
F.Cu
  6
CONTINUOUS
100
AcDbLine
 10
102.8331560000000025
 20
-49.2198659999999961
 30
0
 11
102.8913450000000012
 21
-49.040779999999998
 31
0
  0
LINE
  5
D45
330
1B
100
AcDbEntity
  8
F.Cu
  6
CONTINUOUS
100
AcDbLine
 10
102.8913450000000012
 20
-49.040779999999998
 30
0
 11
102.9768320000000017
 21
-48.8730019999999996
 31
0
  0
LINE
  5
D46
330
1B
100
AcDbEntity
  8
F.Cu
  6
CONTINUOUS
100
AcDbLine
 10
102.9768320000000017
 20
-48.8730019999999996
 30
0
 11
103.0875130000000013
 21
-48.7206619999999972
 31
0
  0
LINE
  5
D47
330
1B
100
AcDbEntity
  8
F.Cu
  6
CONTINUOUS
100
AcDbLine
 10
103.0875130000000013
 20
-48.7206619999999972
 30
0
 11
103.2206619999999901
 21
-48.5875130000000013
 31
0
  0
LINE
  5
D48
330
1B
100
AcDbEntity
  8
F.Cu
  6
CONTINUOUS
100
AcDbLine
 10
103.2206619999999901
 20
-48.5875130000000013
 30
0
 11
103.3730019999999996
 21
-48.4768319999999946
 31
0
  0
LINE
  5
D49
330
1B
100
AcDbEntity
  8
F.Cu
  6
CONTINUOUS
100
AcDbLine
 10
103.3730019999999996
 20
-48.4768319999999946
 30
0
 11
103.540779999999998
 21
-48.3913450000000012
 31
0
  0
LINE
  5
D4A
330
1B
100
AcDbEntity
  8
F.Cu
  6
CONTINUOUS
100
AcDbLine
 10
103.540779999999998
 20
-48.3913450000000012
 30
0
 11
103.7198659999999961
 21
-48.3331559999999953
 31
0
  0
LINE
  5
D4B
330
1B
100
AcDbEntity
  8
F.Cu
  6
CONTINUOUS
100
AcDbLine
 10
103.7198659999999961
 20
-48.3331559999999953
 30
0
 11
103.9058489999999892
 21
-48.3036989999999946
 31
0
  0
LINE
  5
D4C
330
1B
100
AcDbEntity
  8
F.Cu
  6
CONTINUOUS
100
AcDbLine
 10
103.9058489999999892
 20
-48.3036989999999946
 30
0
 11
104.0941509999999965
 21
-48.3036989999999946
 31
0
  0
LINE
  5
D4D
330
1B
100
AcDbEntity
  8
F.Cu
  6
CONTINUOUS
100
AcDbLine
 10
104.0941509999999965
 20
-48.3036989999999946
 30
0
 11
104.2801339999999897
 21
-48.3331559999999953
 31
0
  0
LINE
  5
D4E
330
1B
100
AcDbEntity
  8
F.Cu
  6
CONTINUOUS
100
AcDbLine
 10
121.7801339999999897
 20
-48.3331559999999953
 30
0
 11
121.9592199999999877
 21
-48.3913450000000012
 31
0
  0
LINE
  5
D4F
330
1B
100
AcDbEntity
  8
F.Cu
  6
CONTINUOUS
100
AcDbLine
 10
121.9592199999999877
 20
-48.3913450000000012
 30
0
 11
122.1269980000000004
 21
-48.4768319999999946
 31
0
  0
LINE
  5
D50
330
1B
100
AcDbEntity
  8
F.Cu
  6
CONTINUOUS
100
AcDbLine
 10
122.1269980000000004
 20
-48.4768319999999946
 30
0
 11
122.2793379999999956
 21
-48.5875130000000013
 31
0
  0
LINE
  5
D51
330
1B
100
AcDbEntity
  8
F.Cu
  6
CONTINUOUS
100
AcDbLine
 10
122.2793379999999956
 20
-48.5875130000000013
 30
0
 11
122.4124869999999987
 21
-48.7206619999999972
 31
0
  0
LINE
  5
D52
330
1B
100
AcDbEntity
  8
F.Cu
  6
CONTINUOUS
100
AcDbLine
 10
122.4124869999999987
 20
-48.7206619999999972
 30
0
 11
122.5231679999999983
 21
-48.8730019999999996
 31
0
  0
LINE
  5
D53
330
1B
100
AcDbEntity
  8
F.Cu
  6
CONTINUOUS
100
AcDbLine
 10
122.5231679999999983
 20
-48.8730019999999996
 30
0
 11
122.6086549999999988
 21
-49.040779999999998
 31
0
  0
LINE
  5
D54
330
1B
100
AcDbEntity
  8
F.Cu
  6
CONTINUOUS
100
AcDbLine
 10
122.6086549999999988
 20
-49.040779999999998
 30
0
 11
122.6668439999999975
 21
-49.2198659999999961
 31
0
  0
LINE
  5
D55
330
1B
100
AcDbEntity
  8
F.Cu
  6
CONTINUOUS
100
AcDbLine
 10
122.6668439999999975
 20
-49.2198659999999961
 30
0
 11
122.6963009999999912
 21
-49.4058489999999964
 31
0
  0
LINE
  5
D56
330
1B
100
AcDbEntity
  8
F.Cu
  6
CONTINUOUS
100
AcDbLine
 10
122.6963009999999912
 20
-49.4058489999999964
 30
0
 11
122.6963009999999912
 21
-49.5941509999999965
 31
0
  0
LINE
  5
D57
330
1B
100
AcDbEntity
  8
F.Cu
  6
CONTINUOUS
100
AcDbLine
 10
122.6963009999999912
 20
-49.5941509999999965
 30
0
 11
122.6668439999999975
 21
-49.7801339999999968
 31
0
  0
LINE
  5
D58
330
1B
100
AcDbEntity
  8
F.Cu
  6
CONTINUOUS
100
AcDbLine
 10
122.6668439999999975
 20
-49.7801339999999968
 30
0
 11
122.6086549999999988
 21
-49.9592199999999949
 31
0
  0
LINE
  5
D59
330
1B
100
AcDbEntity
  8
F.Cu
  6
CONTINUOUS
100
AcDbLine
 10
122.6086549999999988
 20
-49.9592199999999949
 30
0
 11
122.5231679999999983
 21
-50.1269980000000004
 31
0
  0
LINE
  5
D5A
330
1B
100
AcDbEntity
  8
F.Cu
  6
CONTINUOUS
100
AcDbLine
 10
122.5231679999999983
 20
-50.1269980000000004
 30
0
 11
122.4124869999999987
 21
-50.2793379999999956
 31
0
  0
LINE
  5
D5B
330
1B
100
AcDbEntity
  8
F.Cu
  6
CONTINUOUS
100
AcDbLine
 10
122.4124869999999987
 20
-50.2793379999999956
 30
0
 11
122.2793379999999956
 21
-50.4124869999999987
 31
0
  0
LINE
  5
D5C
330
1B
100
AcDbEntity
  8
F.Cu
  6
CONTINUOUS
100
AcDbLine
 10
122.2793379999999956
 20
-50.4124869999999987
 30
0
 11
122.1269980000000004
 21
-50.5231679999999983
 31
0
  0
LINE
  5
D5D
330
1B
100
AcDbEntity
  8
F.Cu
  6
CONTINUOUS
100
AcDbLine
 10
122.1269980000000004
 20
-50.5231679999999983
 30
0
 11
121.9592199999999877
 21
-50.6086549999999988
 31
0
  0
LINE
  5
D5E
330
1B
100
AcDbEntity
  8
F.Cu
  6
CONTINUOUS
100
AcDbLine
 10
121.9592199999999877
 20
-50.6086549999999988
 30
0
 11
121.7801339999999897
 21
-50.6668439999999975
 31
0
  0
LINE
  5
D5F
330
1B
100
AcDbEntity
  8
F.Cu
  6
CONTINUOUS
100
AcDbLine
 10
121.7801339999999897
 20
-50.6668439999999975
 30
0
 11
121.5941509999999965
 21
-50.6963009999999983
 31
0
  0
LINE
  5
D60
330
1B
100
AcDbEntity
  8
F.Cu
  6
CONTINUOUS
100
AcDbLine
 10
121.5941509999999965
 20
-50.6963009999999983
 30
0
 11
121.4058489999999892
 21
-50.6963009999999983
 31
0
  0
LINE
  5
D61
330
1B
100
AcDbEntity
  8
F.Cu
  6
CONTINUOUS
100
AcDbLine
 10
121.4058489999999892
 20
-50.6963009999999983
 30
0
 11
121.2198659999999961
 21
-50.6668439999999975
 31
0
  0
LINE
  5
D62
330
1B
100
AcDbEntity
  8
F.Cu
  6
CONTINUOUS
100
AcDbLine
 10
121.2198659999999961
 20
-50.6668439999999975
 30
0
 11
121.040779999999998
 21
-50.6086549999999988
 31
0
  0
LINE
  5
D63
330
1B
100
AcDbEntity
  8
F.Cu
  6
CONTINUOUS
100
AcDbLine
 10
121.040779999999998
 20
-50.6086549999999988
 30
0
 11
120.8730019999999996
 21
-50.5231679999999983
 31
0
  0
LINE
  5
D64
330
1B
100
AcDbEntity
  8
F.Cu
  6
CONTINUOUS
100
AcDbLine
 10
120.8730019999999996
 20
-50.5231679999999983
 30
0
 11
120.7206619999999901
 21
-50.4124869999999987
 31
0
  0
LINE
  5
D65
330
1B
100
AcDbEntity
  8
F.Cu
  6
CONTINUOUS
100
AcDbLine
 10
120.7206619999999901
 20
-50.4124869999999987
 30
0
 11
120.5875130000000013
 21
-50.2793379999999956
 31
0
  0
LINE
  5
D66
330
1B
100
AcDbEntity
  8
F.Cu
  6
CONTINUOUS
100
AcDbLine
 10
120.5875130000000013
 20
-50.2793379999999956
 30
0
 11
120.4768319999999875
 21
-50.1269980000000004
 31
0
  0
LINE
  5
D67
330
1B
100
AcDbEntity
  8
F.Cu
  6
CONTINUOUS
100
AcDbLine
 10
120.4768319999999875
 20
-50.1269980000000004
 30
0
 11
120.3913450000000012
 21
-49.9592199999999949
 31
0
  0
LINE
  5
D68
330
1B
100
AcDbEntity
  8
F.Cu
  6
CONTINUOUS
100
AcDbLine
 10
120.3913450000000012
 20
-49.9592199999999949
 30
0
 11
120.3331559999999882
 21
-49.7801339999999968
 31
0
  0
LINE
  5
D69
330
1B
100
AcDbEntity
  8
F.Cu
  6
CONTINUOUS
100
AcDbLine
 10
120.3331559999999882
 20
-49.7801339999999968
 30
0
 11
120.3036989999999946
 21
-49.5941509999999965
 31
0
  0
LINE
  5
D6A
330
1B
100
AcDbEntity
  8
F.Cu
  6
CONTINUOUS
100
AcDbLine
 10
120.3036989999999946
 20
-49.5941509999999965
 30
0
 11
120.3036989999999946
 21
-49.4058489999999964
 31
0
  0
LINE
  5
D6B
330
1B
100
AcDbEntity
  8
F.Cu
  6
CONTINUOUS
100
AcDbLine
 10
120.3036989999999946
 20
-49.4058489999999964
 30
0
 11
120.3331559999999882
 21
-49.2198659999999961
 31
0
  0
LINE
  5
D6C
330
1B
100
AcDbEntity
  8
F.Cu
  6
CONTINUOUS
100
AcDbLine
 10
120.3331559999999882
 20
-49.2198659999999961
 30
0
 11
120.3913450000000012
 21
-49.040779999999998
 31
0
  0
LINE
  5
D6D
330
1B
100
AcDbEntity
  8
F.Cu
  6
CONTINUOUS
100
AcDbLine
 10
120.3913450000000012
 20
-49.040779999999998
 30
0
 11
120.4768319999999875
 21
-48.8730019999999996
 31
0
  0
LINE
  5
D6E
330
1B
100
AcDbEntity
  8
F.Cu
  6
CONTINUOUS
100
AcDbLine
 10
120.4768319999999875
 20
-48.8730019999999996
 30
0
 11
120.5875130000000013
 21
-48.7206619999999972
 31
0
  0
LINE
  5
D6F
330
1B
100
AcDbEntity
  8
F.Cu
  6
CONTINUOUS
100
AcDbLine
 10
120.5875130000000013
 20
-48.7206619999999972
 30
0
 11
120.7206619999999901
 21
-48.5875130000000013
 31
0
  0
LINE
  5
D70
330
1B
100
AcDbEntity
  8
F.Cu
  6
CONTINUOUS
100
AcDbLine
 10
120.7206619999999901
 20
-48.5875130000000013
 30
0
 11
120.8730019999999996
 21
-48.4768319999999946
 31
0
  0
LINE
  5
D71
330
1B
100
AcDbEntity
  8
F.Cu
  6
CONTINUOUS
100
AcDbLine
 10
120.8730019999999996
 20
-48.4768319999999946
 30
0
 11
121.040779999999998
 21
-48.3913450000000012
 31
0
  0
LINE
  5
D72
330
1B
100
AcDbEntity
  8
F.Cu
  6
CONTINUOUS
100
AcDbLine
 10
121.040779999999998
 20
-48.3913450000000012
 30
0
 11
121.2198659999999961
 21
-48.3331559999999953
 31
0
  0
LINE
  5
D73
330
1B
100
AcDbEntity
  8
F.Cu
  6
CONTINUOUS
100
AcDbLine
 10
121.2198659999999961
 20
-48.3331559999999953
 30
0
 11
121.4058489999999892
 21
-48.3036989999999946
 31
0
  0
LINE
  5
D74
330
1B
100
AcDbEntity
  8
F.Cu
  6
CONTINUOUS
100
AcDbLine
 10
121.4058489999999892
 20
-48.3036989999999946
 30
0
 11
121.5941509999999965
 21
-48.3036989999999946
 31
0
  0
LINE
  5
D75
330
1B
100
AcDbEntity
  8
F.Cu
  6
CONTINUOUS
100
AcDbLine
 10
121.5941509999999965
 20
-48.3036989999999946
 30
0
 11
121.7801339999999897
 21
-48.3331559999999953
 31
0
  0
LINE
  5
D76
330
1B
100
AcDbEntity
  8
F.Cu
  6
CONTINUOUS
100
AcDbLine
 10
139.2801340000000039
 20
-48.3331559999999953
 30
0
 11
139.4592199999999877
 21
-48.3913450000000012
 31
0
  0
LINE
  5
D77
330
1B
100
AcDbEntity
  8
F.Cu
  6
CONTINUOUS
100
AcDbLine
 10
139.4592199999999877
 20
-48.3913450000000012
 30
0
 11
139.6269979999999862
 21
-48.4768319999999946
 31
0
  0
LINE
  5
D78
330
1B
100
AcDbEntity
  8
F.Cu
  6
CONTINUOUS
100
AcDbLine
 10
139.6269979999999862
 20
-48.4768319999999946
 30
0
 11
139.7793379999999956
 21
-48.5875130000000013
 31
0
  0
LINE
  5
D79
330
1B
100
AcDbEntity
  8
F.Cu
  6
CONTINUOUS
100
AcDbLine
 10
139.7793379999999956
 20
-48.5875130000000013
 30
0
 11
139.9124869999999987
 21
-48.7206619999999972
 31
0
  0
LINE
  5
D7A
330
1B
100
AcDbEntity
  8
F.Cu
  6
CONTINUOUS
100
AcDbLine
 10
139.9124869999999987
 20
-48.7206619999999972
 30
0
 11
140.0231679999999983
 21
-48.8730019999999996
 31
0
  0
LINE
  5
D7B
330
1B
100
AcDbEntity
  8
F.Cu
  6
CONTINUOUS
100
AcDbLine
 10
140.0231679999999983
 20
-48.8730019999999996
 30
0
 11
140.1086549999999988
 21
-49.040779999999998
 31
0
  0
LINE
  5
D7C
330
1B
100
AcDbEntity
  8
F.Cu
  6
CONTINUOUS
100
AcDbLine
 10
140.1086549999999988
 20
-49.040779999999998
 30
0
 11
140.1668439999999975
 21
-49.2198659999999961
 31
0
  0
LINE
  5
D7D
330
1B
100
AcDbEntity
  8
F.Cu
  6
CONTINUOUS
100
AcDbLine
 10
140.1668439999999975
 20
-49.2198659999999961
 30
0
 11
140.1963010000000054
 21
-49.4058489999999964
 31
0
  0
LINE
  5
D7E
330
1B
100
AcDbEntity
  8
F.Cu
  6
CONTINUOUS
100
AcDbLine
 10
140.1963010000000054
 20
-49.4058489999999964
 30
0
 11
140.1963010000000054
 21
-49.5941509999999965
 31
0
  0
LINE
  5
D7F
330
1B
100
AcDbEntity
  8
F.Cu
  6
CONTINUOUS
100
AcDbLine
 10
140.1963010000000054
 20
-49.5941509999999965
 30
0
 11
140.1668439999999975
 21
-49.7801339999999968
 31
0
  0
LINE
  5
D80
330
1B
100
AcDbEntity
  8
F.Cu
  6
CONTINUOUS
100
AcDbLine
 10
140.1668439999999975
 20
-49.7801339999999968
 30
0
 11
140.1086549999999988
 21
-49.9592199999999949
 31
0
  0
LINE
  5
D81
330
1B
100
AcDbEntity
  8
F.Cu
  6
CONTINUOUS
100
AcDbLine
 10
140.1086549999999988
 20
-49.9592199999999949
 30
0
 11
140.0231679999999983
 21
-50.1269980000000004
 31
0
  0
LINE
  5
D82
330
1B
100
AcDbEntity
  8
F.Cu
  6
CONTINUOUS
100
AcDbLine
 10
140.0231679999999983
 20
-50.1269980000000004
 30
0
 11
139.9124869999999987
 21
-50.2793379999999956
 31
0
  0
LINE
  5
D83
330
1B
100
AcDbEntity
  8
F.Cu
  6
CONTINUOUS
100
AcDbLine
 10
139.9124869999999987
 20
-50.2793379999999956
 30
0
 11
139.7793379999999956
 21
-50.4124869999999987
 31
0
  0
LINE
  5
D84
330
1B
100
AcDbEntity
  8
F.Cu
  6
CONTINUOUS
100
AcDbLine
 10
139.7793379999999956
 20
-50.4124869999999987
 30
0
 11
139.6269979999999862
 21
-50.5231679999999983
 31
0
  0
LINE
  5
D85
330
1B
100
AcDbEntity
  8
F.Cu
  6
CONTINUOUS
100
AcDbLine
 10
139.6269979999999862
 20
-50.5231679999999983
 30
0
 11
139.4592199999999877
 21
-50.6086549999999988
 31
0
  0
LINE
  5
D86
330
1B
100
AcDbEntity
  8
F.Cu
  6
CONTINUOUS
100
AcDbLine
 10
139.4592199999999877
 20
-50.6086549999999988
 30
0
 11
139.2801340000000039
 21
-50.6668439999999975
 31
0
  0
LINE
  5
D87
330
1B
100
AcDbEntity
  8
F.Cu
  6
CONTINUOUS
100
AcDbLine
 10
139.2801340000000039
 20
-50.6668439999999975
 30
0
 11
139.0941509999999823
 21
-50.6963009999999983
 31
0
  0
LINE
  5
D88
330
1B
100
AcDbEntity
  8
F.Cu
  6
CONTINUOUS
100
AcDbLine
 10
139.0941509999999823
 20
-50.6963009999999983
 30
0
 11
138.9058489999999892
 21
-50.6963009999999983
 31
0
  0
LINE
  5
D89
330
1B
100
AcDbEntity
  8
F.Cu
  6
CONTINUOUS
100
AcDbLine
 10
138.9058489999999892
 20
-50.6963009999999983
 30
0
 11
138.7198659999999961
 21
-50.6668439999999975
 31
0
  0
LINE
  5
D8A
330
1B
100
AcDbEntity
  8
F.Cu
  6
CONTINUOUS
100
AcDbLine
 10
138.7198659999999961
 20
-50.6668439999999975
 30
0
 11
138.5407799999999838
 21
-50.6086549999999988
 31
0
  0
LINE
  5
D8B
330
1B
100
AcDbEntity
  8
F.Cu
  6
CONTINUOUS
100
AcDbLine
 10
138.5407799999999838
 20
-50.6086549999999988
 30
0
 11
138.3730019999999854
 21
-50.5231679999999983
 31
0
  0
LINE
  5
D8C
330
1B
100
AcDbEntity
  8
F.Cu
  6
CONTINUOUS
100
AcDbLine
 10
138.3730019999999854
 20
-50.5231679999999983
 30
0
 11
138.2206620000000044
 21
-50.4124869999999987
 31
0
  0
LINE
  5
D8D
330
1B
100
AcDbEntity
  8
F.Cu
  6
CONTINUOUS
100
AcDbLine
 10
138.2206620000000044
 20
-50.4124869999999987
 30
0
 11
138.0875130000000013
 21
-50.2793379999999956
 31
0
  0
LINE
  5
D8E
330
1B
100
AcDbEntity
  8
F.Cu
  6
CONTINUOUS
100
AcDbLine
 10
138.0875130000000013
 20
-50.2793379999999956
 30
0
 11
137.9768320000000017
 21
-50.1269980000000004
 31
0
  0
LINE
  5
D8F
330
1B
100
AcDbEntity
  8
F.Cu
  6
CONTINUOUS
100
AcDbLine
 10
137.9768320000000017
 20
-50.1269980000000004
 30
0
 11
137.8913450000000012
 21
-49.9592199999999949
 31
0
  0
LINE
  5
D90
330
1B
100
AcDbEntity
  8
F.Cu
  6
CONTINUOUS
100
AcDbLine
 10
137.8913450000000012
 20
-49.9592199999999949
 30
0
 11
137.8331560000000025
 21
-49.7801339999999968
 31
0
  0
LINE
  5
D91
330
1B
100
AcDbEntity
  8
F.Cu
  6
CONTINUOUS
100
AcDbLine
 10
137.8331560000000025
 20
-49.7801339999999968
 30
0
 11
137.8036989999999946
 21
-49.5941509999999965
 31
0
  0
LINE
  5
D92
330
1B
100
AcDbEntity
  8
F.Cu
  6
CONTINUOUS
100
AcDbLine
 10
137.8036989999999946
 20
-49.5941509999999965
 30
0
 11
137.8036989999999946
 21
-49.4058489999999964
 31
0
  0
LINE
  5
D93
330
1B
100
AcDbEntity
  8
F.Cu
  6
CONTINUOUS
100
AcDbLine
 10
137.8036989999999946
 20
-49.4058489999999964
 30
0
 11
137.8331560000000025
 21
-49.2198659999999961
 31
0
  0
LINE
  5
D94
330
1B
100
AcDbEntity
  8
F.Cu
  6
CONTINUOUS
100
AcDbLine
 10
137.8331560000000025
 20
-49.2198659999999961
 30
0
 11
137.8913450000000012
 21
-49.040779999999998
 31
0
  0
LINE
  5
D95
330
1B
100
AcDbEntity
  8
F.Cu
  6
CONTINUOUS
100
AcDbLine
 10
137.8913450000000012
 20
-49.040779999999998
 30
0
 11
137.9768320000000017
 21
-48.8730019999999996
 31
0
  0
LINE
  5
D96
330
1B
100
AcDbEntity
  8
F.Cu
  6
CONTINUOUS
100
AcDbLine
 10
137.9768320000000017
 20
-48.8730019999999996
 30
0
 11
138.0875130000000013
 21
-48.7206619999999972
 31
0
  0
LINE
  5
D97
330
1B
100
AcDbEntity
  8
F.Cu
  6
CONTINUOUS
100
AcDbLine
 10
138.0875130000000013
 20
-48.7206619999999972
 30
0
 11
138.2206620000000044
 21
-48.5875130000000013
 31
0
  0
LINE
  5
D98
330
1B
100
AcDbEntity
  8
F.Cu
  6
CONTINUOUS
100
AcDbLine
 10
138.2206620000000044
 20
-48.5875130000000013
 30
0
 11
138.3730019999999854
 21
-48.4768319999999946
 31
0
  0
LINE
  5
D99
330
1B
100
AcDbEntity
  8
F.Cu
  6
CONTINUOUS
100
AcDbLine
 10
138.3730019999999854
 20
-48.4768319999999946
 30
0
 11
138.5407799999999838
 21
-48.3913450000000012
 31
0
  0
LINE
  5
D9A
330
1B
100
AcDbEntity
  8
F.Cu
  6
CONTINUOUS
100
AcDbLine
 10
138.5407799999999838
 20
-48.3913450000000012
 30
0
 11
138.7198659999999961
 21
-48.3331559999999953
 31
0
  0
LINE
  5
D9B
330
1B
100
AcDbEntity
  8
F.Cu
  6
CONTINUOUS
100
AcDbLine
 10
138.7198659999999961
 20
-48.3331559999999953
 30
0
 11
138.9058489999999892
 21
-48.3036989999999946
 31
0
  0
LINE
  5
D9C
330
1B
100
AcDbEntity
  8
F.Cu
  6
CONTINUOUS
100
AcDbLine
 10
138.9058489999999892
 20
-48.3036989999999946
 30
0
 11
139.0941509999999823
 21
-48.3036989999999946
 31
0
  0
LINE
  5
D9D
330
1B
100
AcDbEntity
  8
F.Cu
  6
CONTINUOUS
100
AcDbLine
 10
139.0941509999999823
 20
-48.3036989999999946
 30
0
 11
139.2801340000000039
 21
-48.3331559999999953
 31
0
  0
LINE
  5
D9E
330
1B
100
AcDbEntity
  8
F.Cu
  6
CONTINUOUS
100
AcDbLine
 10
153.3268239999999878
 20
-45.6386819999999958
 30
0
 11
153.5357569999999896
 21
-45.7065689999999947
 31
0
  0
LINE
  5
D9F
330
1B
100
AcDbEntity
  8
F.Cu
  6
CONTINUOUS
100
AcDbLine
 10
153.5357569999999896
 20
-45.7065689999999947
 30
0
 11
153.7314979999999878
 21
-45.8063039999999972
 31
0
  0
LINE
  5
DA0
330
1B
100
AcDbEntity
  8
F.Cu
  6
CONTINUOUS
100
AcDbLine
 10
153.7314979999999878
 20
-45.8063039999999972
 30
0
 11
153.9092269999999871
 21
-45.9354319999999987
 31
0
  0
LINE
  5
DA1
330
1B
100
AcDbEntity
  8
F.Cu
  6
CONTINUOUS
100
AcDbLine
 10
153.9092269999999871
 20
-45.9354319999999987
 30
0
 11
154.06456799999998
 21
-46.0907729999999987
 31
0
  0
LINE
  5
DA2
330
1B
100
AcDbEntity
  8
F.Cu
  6
CONTINUOUS
100
AcDbLine
 10
154.06456799999998
 20
-46.0907729999999987
 30
0
 11
154.1936959999999885
 21
-46.268501999999998
 31
0
  0
LINE
  5
DA3
330
1B
100
AcDbEntity
  8
F.Cu
  6
CONTINUOUS
100
AcDbLine
 10
154.1936959999999885
 20
-46.268501999999998
 30
0
 11
154.2934309999999982
 21
-46.4642429999999962
 31
0
  0
LINE
  5
DA4
330
1B
100
AcDbEntity
  8
F.Cu
  6
CONTINUOUS
100
AcDbLine
 10
154.2934309999999982
 20
-46.4642429999999962
 30
0
 11
154.3613179999999829
 21
-46.673175999999998
 31
0
  0
LINE
  5
DA5
330
1B
100
AcDbEntity
  8
F.Cu
  6
CONTINUOUS
100
AcDbLine
 10
154.3613179999999829
 20
-46.673175999999998
 30
0
 11
154.3956839999999886
 21
-46.890156999999995
 31
0
  0
LINE
  5
DA6
330
1B
100
AcDbEntity
  8
F.Cu
  6
CONTINUOUS
100
AcDbLine
 10
154.3956839999999886
 20
-46.890156999999995
 30
0
 11
154.3956839999999886
 21
-47.1098429999999979
 31
0
  0
LINE
  5
DA7
330
1B
100
AcDbEntity
  8
F.Cu
  6
CONTINUOUS
100
AcDbLine
 10
154.3956839999999886
 20
-47.1098429999999979
 30
0
 11
154.3613179999999829
 21
-47.3268239999999949
 31
0
  0
LINE
  5
DA8
330
1B
100
AcDbEntity
  8
F.Cu
  6
CONTINUOUS
100
AcDbLine
 10
154.3613179999999829
 20
-47.3268239999999949
 30
0
 11
154.2934309999999982
 21
-47.5357569999999967
 31
0
  0
LINE
  5
DA9
330
1B
100
AcDbEntity
  8
F.Cu
  6
CONTINUOUS
100
AcDbLine
 10
154.2934309999999982
 20
-47.5357569999999967
 30
0
 11
154.1936959999999885
 21
-47.7314979999999949
 31
0
  0
LINE
  5
DAA
330
1B
100
AcDbEntity
  8
F.Cu
  6
CONTINUOUS
100
AcDbLine
 10
154.1936959999999885
 20
-47.7314979999999949
 30
0
 11
154.06456799999998
 21
-47.9092270000000013
 31
0
  0
LINE
  5
DAB
330
1B
100
AcDbEntity
  8
F.Cu
  6
CONTINUOUS
100
AcDbLine
 10
154.06456799999998
 20
-47.9092270000000013
 30
0
 11
153.9092269999999871
 21
-48.0645680000000013
 31
0
  0
LINE
  5
DAC
330
1B
100
AcDbEntity
  8
F.Cu
  6
CONTINUOUS
100
AcDbLine
 10
153.9092269999999871
 20
-48.0645680000000013
 30
0
 11
153.7314979999999878
 21
-48.1936959999999956
 31
0
  0
LINE
  5
DAD
330
1B
100
AcDbEntity
  8
F.Cu
  6
CONTINUOUS
100
AcDbLine
 10
153.7314979999999878
 20
-48.1936959999999956
 30
0
 11
153.5357569999999896
 21
-48.2934309999999982
 31
0
  0
LINE
  5
DAE
330
1B
100
AcDbEntity
  8
F.Cu
  6
CONTINUOUS
100
AcDbLine
 10
153.5357569999999896
 20
-48.2934309999999982
 30
0
 11
153.3268239999999878
 21
-48.3613179999999971
 31
0
  0
LINE
  5
DAF
330
1B
100
AcDbEntity
  8
F.Cu
  6
CONTINUOUS
100
AcDbLine
 10
153.3268239999999878
 20
-48.3613179999999971
 30
0
 11
153.1098429999999837
 21
-48.3956839999999957
 31
0
  0
LINE
  5
DB0
330
1B
100
AcDbEntity
  8
F.Cu
  6
CONTINUOUS
100
AcDbLine
 10
153.1098429999999837
 20
-48.3956839999999957
 30
0
 11
152.8901569999999879
 21
-48.3956839999999957
 31
0
  0
LINE
  5
DB1
330
1B
100
AcDbEntity
  8
F.Cu
  6
CONTINUOUS
100
AcDbLine
 10
152.8901569999999879
 20
-48.3956839999999957
 30
0
 11
152.6731759999999838
 21
-48.3613179999999971
 31
0
  0
LINE
  5
DB2
330
1B
100
AcDbEntity
  8
F.Cu
  6
CONTINUOUS
100
AcDbLine
 10
152.6731759999999838
 20
-48.3613179999999971
 30
0
 11
152.464242999999982
 21
-48.2934309999999982
 31
0
  0
LINE
  5
DB3
330
1B
100
AcDbEntity
  8
F.Cu
  6
CONTINUOUS
100
AcDbLine
 10
152.464242999999982
 20
-48.2934309999999982
 30
0
 11
152.2685019999999838
 21
-48.1936959999999956
 31
0
  0
LINE
  5
DB4
330
1B
100
AcDbEntity
  8
F.Cu
  6
CONTINUOUS
100
AcDbLine
 10
152.2685019999999838
 20
-48.1936959999999956
 30
0
 11
152.0907729999999844
 21
-48.0645680000000013
 31
0
  0
LINE
  5
DB5
330
1B
100
AcDbEntity
  8
F.Cu
  6
CONTINUOUS
100
AcDbLine
 10
152.0907729999999844
 20
-48.0645680000000013
 30
0
 11
151.9354319999999916
 21
-47.9092270000000013
 31
0
  0
LINE
  5
DB6
330
1B
100
AcDbEntity
  8
F.Cu
  6
CONTINUOUS
100
AcDbLine
 10
151.9354319999999916
 20
-47.9092270000000013
 30
0
 11
151.806303999999983
 21
-47.7314979999999949
 31
0
  0
LINE
  5
DB7
330
1B
100
AcDbEntity
  8
F.Cu
  6
CONTINUOUS
100
AcDbLine
 10
151.806303999999983
 20
-47.7314979999999949
 30
0
 11
151.7065690000000018
 21
-47.5357569999999967
 31
0
  0
LINE
  5
DB8
330
1B
100
AcDbEntity
  8
F.Cu
  6
CONTINUOUS
100
AcDbLine
 10
151.7065690000000018
 20
-47.5357569999999967
 30
0
 11
151.6386819999999886
 21
-47.3268239999999949
 31
0
  0
LINE
  5
DB9
330
1B
100
AcDbEntity
  8
F.Cu
  6
CONTINUOUS
100
AcDbLine
 10
151.6386819999999886
 20
-47.3268239999999949
 30
0
 11
151.604315999999983
 21
-47.1098429999999979
 31
0
  0
LINE
  5
DBA
330
1B
100
AcDbEntity
  8
F.Cu
  6
CONTINUOUS
100
AcDbLine
 10
151.604315999999983
 20
-47.1098429999999979
 30
0
 11
151.604315999999983
 21
-46.890156999999995
 31
0
  0
LINE
  5
DBB
330
1B
100
AcDbEntity
  8
F.Cu
  6
CONTINUOUS
100
AcDbLine
 10
151.604315999999983
 20
-46.890156999999995
 30
0
 11
151.6386819999999886
 21
-46.673175999999998
 31
0
  0
LINE
  5
DBC
330
1B
100
AcDbEntity
  8
F.Cu
  6
CONTINUOUS
100
AcDbLine
 10
151.6386819999999886
 20
-46.673175999999998
 30
0
 11
151.7065690000000018
 21
-46.4642429999999962
 31
0
  0
LINE
  5
DBD
330
1B
100
AcDbEntity
  8
F.Cu
  6
CONTINUOUS
100
AcDbLine
 10
151.7065690000000018
 20
-46.4642429999999962
 30
0
 11
151.806303999999983
 21
-46.268501999999998
 31
0
  0
LINE
  5
DBE
330
1B
100
AcDbEntity
  8
F.Cu
  6
CONTINUOUS
100
AcDbLine
 10
151.806303999999983
 20
-46.268501999999998
 30
0
 11
151.9354319999999916
 21
-46.0907729999999987
 31
0
  0
LINE
  5
DBF
330
1B
100
AcDbEntity
  8
F.Cu
  6
CONTINUOUS
100
AcDbLine
 10
151.9354319999999916
 20
-46.0907729999999987
 30
0
 11
152.0907729999999844
 21
-45.9354319999999987
 31
0
  0
LINE
  5
DC0
330
1B
100
AcDbEntity
  8
F.Cu
  6
CONTINUOUS
100
AcDbLine
 10
152.0907729999999844
 20
-45.9354319999999987
 30
0
 11
152.2685019999999838
 21
-45.8063039999999972
 31
0
  0
LINE
  5
DC1
330
1B
100
AcDbEntity
  8
F.Cu
  6
CONTINUOUS
100
AcDbLine
 10
152.2685019999999838
 20
-45.8063039999999972
 30
0
 11
152.464242999999982
 21
-45.7065689999999947
 31
0
  0
LINE
  5
DC2
330
1B
100
AcDbEntity
  8
F.Cu
  6
CONTINUOUS
100
AcDbLine
 10
152.464242999999982
 20
-45.7065689999999947
 30
0
 11
152.6731759999999838
 21
-45.6386819999999958
 31
0
  0
LINE
  5
DC3
330
1B
100
AcDbEntity
  8
F.Cu
  6
CONTINUOUS
100
AcDbLine
 10
152.6731759999999838
 20
-45.6386819999999958
 30
0
 11
152.8901569999999879
 21
-45.6043159999999972
 31
0
  0
LINE
  5
DC4
330
1B
100
AcDbEntity
  8
F.Cu
  6
CONTINUOUS
100
AcDbLine
 10
152.8901569999999879
 20
-45.6043159999999972
 30
0
 11
153.1098429999999837
 21
-45.6043159999999972
 31
0
  0
LINE
  5
DC5
330
1B
100
AcDbEntity
  8
F.Cu
  6
CONTINUOUS
100
AcDbLine
 10
153.1098429999999837
 20
-45.6043159999999972
 30
0
 11
153.3268239999999878
 21
-45.6386819999999958
 31
0
  0
LINE
  5
DC6
330
1B
100
AcDbEntity
  8
F.Cu
  6
CONTINUOUS
100
AcDbLine
 10
26.2456700000000005
 20
-44.6190299999999951
 30
0
 11
26.3267759999999988
 21
-44.6732239999999976
 31
0
  0
LINE
  5
DC7
330
1B
100
AcDbEntity
  8
F.Cu
  6
CONTINUOUS
100
AcDbLine
 10
26.3267759999999988
 20
-44.6732239999999976
 30
0
 11
26.3809699999999978
 21
-44.7543299999999959
 31
0
  0
LINE
  5
DC8
330
1B
100
AcDbEntity
  8
F.Cu
  6
CONTINUOUS
100
AcDbLine
 10
26.3809699999999978
 20
-44.7543299999999959
 30
0
 11
26.3999989999999976
 21
-44.8500019999999964
 31
0
  0
LINE
  5
DC9
330
1B
100
AcDbEntity
  8
F.Cu
  6
CONTINUOUS
100
AcDbLine
 10
26.3999989999999976
 20
-44.8500019999999964
 30
0
 11
26.3999999999999986
 21
-47.1499990000000011
 31
0
  0
LINE
  5
DCA
330
1B
100
AcDbEntity
  8
F.Cu
  6
CONTINUOUS
100
AcDbLine
 10
26.3999999999999986
 20
-47.1499990000000011
 30
0
 11
26.3809699999999978
 21
-47.2456699999999969
 31
0
  0
LINE
  5
DCB
330
1B
100
AcDbEntity
  8
F.Cu
  6
CONTINUOUS
100
AcDbLine
 10
26.3809699999999978
 20
-47.2456699999999969
 30
0
 11
26.3267759999999988
 21
-47.3267759999999953
 31
0
  0
LINE
  5
DCC
330
1B
100
AcDbEntity
  8
F.Cu
  6
CONTINUOUS
100
AcDbLine
 10
26.3267759999999988
 20
-47.3267759999999953
 30
0
 11
26.2456700000000005
 21
-47.3809699999999978
 31
0
  0
LINE
  5
DCD
330
1B
100
AcDbEntity
  8
F.Cu
  6
CONTINUOUS
100
AcDbLine
 10
26.2456700000000005
 20
-47.3809699999999978
 30
0
 11
26.1499980000000001
 21
-47.3999990000000011
 31
0
  0
LINE
  5
DCE
330
1B
100
AcDbEntity
  8
F.Cu
  6
CONTINUOUS
100
AcDbLine
 10
26.1499980000000001
 20
-47.3999990000000011
 30
0
 11
23.8500009999999989
 21
-47.3999999999999986
 31
0
  0
LINE
  5
DCF
330
1B
100
AcDbEntity
  8
F.Cu
  6
CONTINUOUS
100
AcDbLine
 10
23.8500009999999989
 20
-47.3999999999999986
 30
0
 11
23.7543299999999995
 21
-47.3809699999999978
 31
0
  0
LINE
  5
DD0
330
1B
100
AcDbEntity
  8
F.Cu
  6
CONTINUOUS
100
AcDbLine
 10
23.7543299999999995
 20
-47.3809699999999978
 30
0
 11
23.6732239999999976
 21
-47.3267759999999953
 31
0
  0
LINE
  5
DD1
330
1B
100
AcDbEntity
  8
F.Cu
  6
CONTINUOUS
100
AcDbLine
 10
23.6732239999999976
 20
-47.3267759999999953
 30
0
 11
23.6190299999999986
 21
-47.2456699999999969
 31
0
  0
LINE
  5
DD2
330
1B
100
AcDbEntity
  8
F.Cu
  6
CONTINUOUS
100
AcDbLine
 10
23.6190299999999986
 20
-47.2456699999999969
 30
0
 11
23.6000009999999989
 21
-47.1499979999999965
 31
0
  0
LINE
  5
DD3
330
1B
100
AcDbEntity
  8
F.Cu
  6
CONTINUOUS
100
AcDbLine
 10
23.6000009999999989
 20
-47.1499979999999965
 30
0
 11
23.5999999999999979
 21
-44.8500009999999989
 31
0
  0
LINE
  5
DD4
330
1B
100
AcDbEntity
  8
F.Cu
  6
CONTINUOUS
100
AcDbLine
 10
23.5999999999999979
 20
-44.8500009999999989
 30
0
 11
23.6190299999999986
 21
-44.7543299999999959
 31
0
  0
LINE
  5
DD5
330
1B
100
AcDbEntity
  8
F.Cu
  6
CONTINUOUS
100
AcDbLine
 10
23.6190299999999986
 20
-44.7543299999999959
 30
0
 11
23.6732239999999976
 21
-44.6732239999999976
 31
0
  0
LINE
  5
DD6
330
1B
100
AcDbEntity
  8
F.Cu
  6
CONTINUOUS
100
AcDbLine
 10
23.6732239999999976
 20
-44.6732239999999976
 30
0
 11
23.7543299999999995
 21
-44.6190299999999951
 31
0
  0
LINE
  5
DD7
330
1B
100
AcDbEntity
  8
F.Cu
  6
CONTINUOUS
100
AcDbLine
 10
23.7543299999999995
 20
-44.6190299999999951
 30
0
 11
23.8500019999999999
 21
-44.6000009999999989
 31
0
  0
LINE
  5
DD8
330
1B
100
AcDbEntity
  8
F.Cu
  6
CONTINUOUS
100
AcDbLine
 10
23.8500019999999999
 20
-44.6000009999999989
 30
0
 11
26.1499989999999976
 21
-44.6000000000000014
 31
0
  0
LINE
  5
DD9
330
1B
100
AcDbEntity
  8
F.Cu
  6
CONTINUOUS
100
AcDbLine
 10
26.1499989999999976
 20
-44.6000000000000014
 30
0
 11
26.2456700000000005
 21
-44.6190299999999951
 31
0
  0
LINE
  5
DDA
330
1B
100
AcDbEntity
  8
F.Cu
  6
CONTINUOUS
100
AcDbLine
 10
40.0456700000000012
 20
-43.8190299999999979
 30
0
 11
40.1267759999999996
 21
-43.8732240000000004
 31
0
  0
LINE
  5
DDB
330
1B
100
AcDbEntity
  8
F.Cu
  6
CONTINUOUS
100
AcDbLine
 10
40.1267759999999996
 20
-43.8732240000000004
 30
0
 11
40.180969999999995
 21
-43.9543299999999988
 31
0
  0
LINE
  5
DDC
330
1B
100
AcDbEntity
  8
F.Cu
  6
CONTINUOUS
100
AcDbLine
 10
40.180969999999995
 20
-43.9543299999999988
 30
0
 11
40.1999989999999983
 21
-44.0500019999999992
 31
0
  0
LINE
  5
DDD
330
1B
100
AcDbEntity
  8
F.Cu
  6
CONTINUOUS
100
AcDbLine
 10
40.1999989999999983
 20
-44.0500019999999992
 30
0
 11
40.1999999999999957
 21
-45.9499989999999983
 31
0
  0
LINE
  5
DDE
330
1B
100
AcDbEntity
  8
F.Cu
  6
CONTINUOUS
100
AcDbLine
 10
40.1999999999999957
 20
-45.9499989999999983
 30
0
 11
40.180969999999995
 21
-46.0456700000000012
 31
0
  0
LINE
  5
DDF
330
1B
100
AcDbEntity
  8
F.Cu
  6
CONTINUOUS
100
AcDbLine
 10
40.180969999999995
 20
-46.0456700000000012
 30
0
 11
40.1267759999999996
 21
-46.1267759999999996
 31
0
  0
LINE
  5
DE0
330
1B
100
AcDbEntity
  8
F.Cu
  6
CONTINUOUS
100
AcDbLine
 10
40.1267759999999996
 20
-46.1267759999999996
 30
0
 11
40.0456700000000012
 21
-46.180969999999995
 31
0
  0
LINE
  5
DE1
330
1B
100
AcDbEntity
  8
F.Cu
  6
CONTINUOUS
100
AcDbLine
 10
40.0456700000000012
 20
-46.180969999999995
 30
0
 11
39.9499980000000008
 21
-46.1999989999999983
 31
0
  0
LINE
  5
DE2
330
1B
100
AcDbEntity
  8
F.Cu
  6
CONTINUOUS
100
AcDbLine
 10
39.9499980000000008
 20
-46.1999989999999983
 30
0
 11
38.0500010000000017
 21
-46.1999999999999957
 31
0
  0
LINE
  5
DE3
330
1B
100
AcDbEntity
  8
F.Cu
  6
CONTINUOUS
100
AcDbLine
 10
38.0500010000000017
 20
-46.1999999999999957
 30
0
 11
37.9543299999999988
 21
-46.180969999999995
 31
0
  0
LINE
  5
DE4
330
1B
100
AcDbEntity
  8
F.Cu
  6
CONTINUOUS
100
AcDbLine
 10
37.9543299999999988
 20
-46.180969999999995
 30
0
 11
37.8732240000000004
 21
-46.1267759999999996
 31
0
  0
LINE
  5
DE5
330
1B
100
AcDbEntity
  8
F.Cu
  6
CONTINUOUS
100
AcDbLine
 10
37.8732240000000004
 20
-46.1267759999999996
 30
0
 11
37.8190299999999979
 21
-46.0456700000000012
 31
0
  0
LINE
  5
DE6
330
1B
100
AcDbEntity
  8
F.Cu
  6
CONTINUOUS
100
AcDbLine
 10
37.8190299999999979
 20
-46.0456700000000012
 30
0
 11
37.8000010000000017
 21
-45.9499980000000008
 31
0
  0
LINE
  5
DE7
330
1B
100
AcDbEntity
  8
F.Cu
  6
CONTINUOUS
100
AcDbLine
 10
37.8000010000000017
 20
-45.9499980000000008
 30
0
 11
37.7999999999999972
 21
-44.0500009999999946
 31
0
  0
LINE
  5
DE8
330
1B
100
AcDbEntity
  8
F.Cu
  6
CONTINUOUS
100
AcDbLine
 10
37.7999999999999972
 20
-44.0500009999999946
 30
0
 11
37.8190299999999979
 21
-43.9543299999999988
 31
0
  0
LINE
  5
DE9
330
1B
100
AcDbEntity
  8
F.Cu
  6
CONTINUOUS
100
AcDbLine
 10
37.8190299999999979
 20
-43.9543299999999988
 30
0
 11
37.8732240000000004
 21
-43.8732240000000004
 31
0
  0
LINE
  5
DEA
330
1B
100
AcDbEntity
  8
F.Cu
  6
CONTINUOUS
100
AcDbLine
 10
37.8732240000000004
 20
-43.8732240000000004
 30
0
 11
37.9543299999999988
 21
-43.8190299999999979
 31
0
  0
LINE
  5
DEB
330
1B
100
AcDbEntity
  8
F.Cu
  6
CONTINUOUS
100
AcDbLine
 10
37.9543299999999988
 20
-43.8190299999999979
 30
0
 11
38.0500019999999992
 21
-43.8000009999999946
 31
0
  0
LINE
  5
DEC
330
1B
100
AcDbEntity
  8
F.Cu
  6
CONTINUOUS
100
AcDbLine
 10
38.0500019999999992
 20
-43.8000009999999946
 30
0
 11
39.9499989999999983
 21
-43.7999999999999972
 31
0
  0
LINE
  5
DED
330
1B
100
AcDbEntity
  8
F.Cu
  6
CONTINUOUS
100
AcDbLine
 10
39.9499989999999983
 20
-43.7999999999999972
 30
0
 11
40.0456700000000012
 21
-43.8190299999999979
 31
0
  0
LINE
  5
DEE
330
1B
100
AcDbEntity
  8
F.Cu
  6
CONTINUOUS
100
AcDbLine
 10
92.7322279999999921
 20
-44.2344480000000004
 30
0
 11
92.8771169999999984
 21
-44.2944630000000004
 31
0
  0
LINE
  5
DEF
330
1B
100
AcDbEntity
  8
F.Cu
  6
CONTINUOUS
100
AcDbLine
 10
92.8771169999999984
 20
-44.2944630000000004
 30
0
 11
93.0075149999999979
 21
-44.3815919999999977
 31
0
  0
LINE
  5
DF0
330
1B
100
AcDbEntity
  8
F.Cu
  6
CONTINUOUS
100
AcDbLine
 10
93.0075149999999979
 20
-44.3815919999999977
 30
0
 11
93.1184080000000023
 21
-44.492484999999995
 31
0
  0
LINE
  5
DF1
330
1B
100
AcDbEntity
  8
F.Cu
  6
CONTINUOUS
100
AcDbLine
 10
93.1184080000000023
 20
-44.492484999999995
 30
0
 11
93.2055369999999925
 21
-44.6228829999999945
 31
0
  0
LINE
  5
DF2
330
1B
100
AcDbEntity
  8
F.Cu
  6
CONTINUOUS
100
AcDbLine
 10
93.2055369999999925
 20
-44.6228829999999945
 30
0
 11
93.2655519999999996
 21
-44.7677720000000008
 31
0
  0
LINE
  5
DF3
330
1B
100
AcDbEntity
  8
F.Cu
  6
CONTINUOUS
100
AcDbLine
 10
93.2655519999999996
 20
-44.7677720000000008
 30
0
 11
93.2961480000000023
 21
-44.9215859999999978
 31
0
  0
LINE
  5
DF4
330
1B
100
AcDbEntity
  8
F.Cu
  6
CONTINUOUS
100
AcDbLine
 10
93.2961480000000023
 20
-44.9215859999999978
 30
0
 11
93.2961480000000023
 21
-45.0784139999999951
 31
0
  0
LINE
  5
DF5
330
1B
100
AcDbEntity
  8
F.Cu
  6
CONTINUOUS
100
AcDbLine
 10
93.2961480000000023
 20
-45.0784139999999951
 30
0
 11
93.2655519999999996
 21
-45.2322279999999992
 31
0
  0
LINE
  5
DF6
330
1B
100
AcDbEntity
  8
F.Cu
  6
CONTINUOUS
100
AcDbLine
 10
93.2655519999999996
 20
-45.2322279999999992
 30
0
 11
93.2055369999999925
 21
-45.3771169999999984
 31
0
  0
LINE
  5
DF7
330
1B
100
AcDbEntity
  8
F.Cu
  6
CONTINUOUS
100
AcDbLine
 10
93.2055369999999925
 20
-45.3771169999999984
 30
0
 11
93.1184080000000023
 21
-45.5075149999999979
 31
0
  0
LINE
  5
DF8
330
1B
100
AcDbEntity
  8
F.Cu
  6
CONTINUOUS
100
AcDbLine
 10
93.1184080000000023
 20
-45.5075149999999979
 30
0
 11
93.0075149999999979
 21
-45.6184079999999952
 31
0
  0
LINE
  5
DF9
330
1B
100
AcDbEntity
  8
F.Cu
  6
CONTINUOUS
100
AcDbLine
 10
93.0075149999999979
 20
-45.6184079999999952
 30
0
 11
92.8771169999999984
 21
-45.7055369999999996
 31
0
  0
LINE
  5
DFA
330
1B
100
AcDbEntity
  8
F.Cu
  6
CONTINUOUS
100
AcDbLine
 10
92.8771169999999984
 20
-45.7055369999999996
 30
0
 11
92.7322279999999921
 21
-45.7655519999999996
 31
0
  0
LINE
  5
DFB
330
1B
100
AcDbEntity
  8
F.Cu
  6
CONTINUOUS
100
AcDbLine
 10
92.7322279999999921
 20
-45.7655519999999996
 30
0
 11
92.5784139999999951
 21
-45.7961479999999952
 31
0
  0
LINE
  5
DFC
330
1B
100
AcDbEntity
  8
F.Cu
  6
CONTINUOUS
100
AcDbLine
 10
92.5784139999999951
 20
-45.7961479999999952
 30
0
 11
92.4215859999999907
 21
-45.7961479999999952
 31
0
  0
LINE
  5
DFD
330
1B
100
AcDbEntity
  8
F.Cu
  6
CONTINUOUS
100
AcDbLine
 10
92.4215859999999907
 20
-45.7961479999999952
 30
0
 11
92.2677719999999937
 21
-45.7655519999999996
 31
0
  0
LINE
  5
DFE
330
1B
100
AcDbEntity
  8
F.Cu
  6
CONTINUOUS
100
AcDbLine
 10
92.2677719999999937
 20
-45.7655519999999996
 30
0
 11
92.1228830000000016
 21
-45.7055369999999996
 31
0
  0
LINE
  5
DFF
330
1B
100
AcDbEntity
  8
F.Cu
  6
CONTINUOUS
100
AcDbLine
 10
92.1228830000000016
 20
-45.7055369999999996
 30
0
 11
91.9924850000000021
 21
-45.6184079999999952
 31
0
  0
LINE
  5
E00
330
1B
100
AcDbEntity
  8
F.Cu
  6
CONTINUOUS
100
AcDbLine
 10
91.9924850000000021
 20
-45.6184079999999952
 30
0
 11
91.8815919999999977
 21
-45.5075149999999979
 31
0
  0
LINE
  5
E01
330
1B
100
AcDbEntity
  8
F.Cu
  6
CONTINUOUS
100
AcDbLine
 10
91.8815919999999977
 20
-45.5075149999999979
 30
0
 11
91.7944629999999933
 21
-45.3771169999999984
 31
0
  0
LINE
  5
E02
330
1B
100
AcDbEntity
  8
F.Cu
  6
CONTINUOUS
100
AcDbLine
 10
91.7944629999999933
 20
-45.3771169999999984
 30
0
 11
91.7344480000000004
 21
-45.2322279999999992
 31
0
  0
LINE
  5
E03
330
1B
100
AcDbEntity
  8
F.Cu
  6
CONTINUOUS
100
AcDbLine
 10
91.7344480000000004
 20
-45.2322279999999992
 30
0
 11
91.7038519999999977
 21
-45.0784139999999951
 31
0
  0
LINE
  5
E04
330
1B
100
AcDbEntity
  8
F.Cu
  6
CONTINUOUS
100
AcDbLine
 10
91.7038519999999977
 20
-45.0784139999999951
 30
0
 11
91.7038519999999977
 21
-44.9215859999999978
 31
0
  0
LINE
  5
E05
330
1B
100
AcDbEntity
  8
F.Cu
  6
CONTINUOUS
100
AcDbLine
 10
91.7038519999999977
 20
-44.9215859999999978
 30
0
 11
91.7344480000000004
 21
-44.7677720000000008
 31
0
  0
LINE
  5
E06
330
1B
100
AcDbEntity
  8
F.Cu
  6
CONTINUOUS
100
AcDbLine
 10
91.7344480000000004
 20
-44.7677720000000008
 30
0
 11
91.7944629999999933
 21
-44.6228829999999945
 31
0
  0
LINE
  5
E07
330
1B
100
AcDbEntity
  8
F.Cu
  6
CONTINUOUS
100
AcDbLine
 10
91.7944629999999933
 20
-44.6228829999999945
 30
0
 11
91.8815919999999977
 21
-44.492484999999995
 31
0
  0
LINE
  5
E08
330
1B
100
AcDbEntity
  8
F.Cu
  6
CONTINUOUS
100
AcDbLine
 10
91.8815919999999977
 20
-44.492484999999995
 30
0
 11
91.9924850000000021
 21
-44.3815919999999977
 31
0
  0
LINE
  5
E09
330
1B
100
AcDbEntity
  8
F.Cu
  6
CONTINUOUS
100
AcDbLine
 10
91.9924850000000021
 20
-44.3815919999999977
 30
0
 11
92.1228830000000016
 21
-44.2944630000000004
 31
0
  0
LINE
  5
E0A
330
1B
100
AcDbEntity
  8
F.Cu
  6
CONTINUOUS
100
AcDbLine
 10
92.1228830000000016
 20
-44.2944630000000004
 30
0
 11
92.2677719999999937
 21
-44.2344480000000004
 31
0
  0
LINE
  5
E0B
330
1B
100
AcDbEntity
  8
F.Cu
  6
CONTINUOUS
100
AcDbLine
 10
92.2677719999999937
 20
-44.2344480000000004
 30
0
 11
92.4215859999999907
 21
-44.2038519999999977
 31
0
  0
LINE
  5
E0C
330
1B
100
AcDbEntity
  8
F.Cu
  6
CONTINUOUS
100
AcDbLine
 10
92.4215859999999907
 20
-44.2038519999999977
 30
0
 11
92.5784139999999951
 21
-44.2038519999999977
 31
0
  0
LINE
  5
E0D
330
1B
100
AcDbEntity
  8
F.Cu
  6
CONTINUOUS
100
AcDbLine
 10
92.5784139999999951
 20
-44.2038519999999977
 30
0
 11
92.7322279999999921
 21
-44.2344480000000004
 31
0
  0
LINE
  5
E0E
330
1B
100
AcDbEntity
  8
F.Cu
  6
CONTINUOUS
100
AcDbLine
 10
154.2456699999999898
 20
-40.6190299999999951
 30
0
 11
154.3267759999999953
 21
-40.6732239999999976
 31
0
  0
LINE
  5
E0F
330
1B
100
AcDbEntity
  8
F.Cu
  6
CONTINUOUS
100
AcDbLine
 10
154.3267759999999953
 20
-40.6732239999999976
 30
0
 11
154.3809699999999907
 21
-40.7543299999999959
 31
0
  0
LINE
  5
E10
330
1B
100
AcDbEntity
  8
F.Cu
  6
CONTINUOUS
100
AcDbLine
 10
154.3809699999999907
 20
-40.7543299999999959
 30
0
 11
154.3999989999999798
 21
-40.8500019999999964
 31
0
  0
LINE
  5
E11
330
1B
100
AcDbEntity
  8
F.Cu
  6
CONTINUOUS
100
AcDbLine
 10
154.3999989999999798
 20
-40.8500019999999964
 30
0
 11
154.4000000000000057
 21
-43.1499990000000011
 31
0
  0
LINE
  5
E12
330
1B
100
AcDbEntity
  8
F.Cu
  6
CONTINUOUS
100
AcDbLine
 10
154.4000000000000057
 20
-43.1499990000000011
 30
0
 11
154.3809699999999907
 21
-43.2456699999999969
 31
0
  0
LINE
  5
E13
330
1B
100
AcDbEntity
  8
F.Cu
  6
CONTINUOUS
100
AcDbLine
 10
154.3809699999999907
 20
-43.2456699999999969
 30
0
 11
154.3267759999999953
 21
-43.3267759999999953
 31
0
  0
LINE
  5
E14
330
1B
100
AcDbEntity
  8
F.Cu
  6
CONTINUOUS
100
AcDbLine
 10
154.3267759999999953
 20
-43.3267759999999953
 30
0
 11
154.2456699999999898
 21
-43.3809699999999978
 31
0
  0
LINE
  5
E15
330
1B
100
AcDbEntity
  8
F.Cu
  6
CONTINUOUS
100
AcDbLine
 10
154.2456699999999898
 20
-43.3809699999999978
 30
0
 11
154.1499979999999823
 21
-43.3999990000000011
 31
0
  0
LINE
  5
E16
330
1B
100
AcDbEntity
  8
F.Cu
  6
CONTINUOUS
100
AcDbLine
 10
154.1499979999999823
 20
-43.3999990000000011
 30
0
 11
151.8500009999999918
 21
-43.3999999999999986
 31
0
  0
LINE
  5
E17
330
1B
100
AcDbEntity
  8
F.Cu
  6
CONTINUOUS
100
AcDbLine
 10
151.8500009999999918
 20
-43.3999999999999986
 30
0
 11
151.7543299999999817
 21
-43.3809699999999978
 31
0
  0
LINE
  5
E18
330
1B
100
AcDbEntity
  8
F.Cu
  6
CONTINUOUS
100
AcDbLine
 10
151.7543299999999817
 20
-43.3809699999999978
 30
0
 11
151.6732240000000047
 21
-43.3267759999999953
 31
0
  0
LINE
  5
E19
330
1B
100
AcDbEntity
  8
F.Cu
  6
CONTINUOUS
100
AcDbLine
 10
151.6732240000000047
 20
-43.3267759999999953
 30
0
 11
151.6190299999999809
 21
-43.2456699999999969
 31
0
  0
LINE
  5
E1A
330
1B
100
AcDbEntity
  8
F.Cu
  6
CONTINUOUS
100
AcDbLine
 10
151.6190299999999809
 20
-43.2456699999999969
 30
0
 11
151.6000009999999918
 21
-43.1499979999999965
 31
0
  0
LINE
  5
E1B
330
1B
100
AcDbEntity
  8
F.Cu
  6
CONTINUOUS
100
AcDbLine
 10
151.6000009999999918
 20
-43.1499979999999965
 30
0
 11
151.5999999999999943
 21
-40.8500009999999989
 31
0
  0
LINE
  5
E1C
330
1B
100
AcDbEntity
  8
F.Cu
  6
CONTINUOUS
100
AcDbLine
 10
151.5999999999999943
 20
-40.8500009999999989
 30
0
 11
151.6190299999999809
 21
-40.7543299999999959
 31
0
  0
LINE
  5
E1D
330
1B
100
AcDbEntity
  8
F.Cu
  6
CONTINUOUS
100
AcDbLine
 10
151.6190299999999809
 20
-40.7543299999999959
 30
0
 11
151.6732240000000047
 21
-40.6732239999999976
 31
0
  0
LINE
  5
E1E
330
1B
100
AcDbEntity
  8
F.Cu
  6
CONTINUOUS
100
AcDbLine
 10
151.6732240000000047
 20
-40.6732239999999976
 30
0
 11
151.7543299999999817
 21
-40.6190299999999951
 31
0
  0
LINE
  5
E1F
330
1B
100
AcDbEntity
  8
F.Cu
  6
CONTINUOUS
100
AcDbLine
 10
151.7543299999999817
 20
-40.6190299999999951
 30
0
 11
151.8500019999999893
 21
-40.6000009999999989
 31
0
  0
LINE
  5
E20
330
1B
100
AcDbEntity
  8
F.Cu
  6
CONTINUOUS
100
AcDbLine
 10
151.8500019999999893
 20
-40.6000009999999989
 30
0
 11
154.1499989999999798
 21
-40.6000000000000014
 31
0
  0
LINE
  5
E21
330
1B
100
AcDbEntity
  8
F.Cu
  6
CONTINUOUS
100
AcDbLine
 10
154.1499989999999798
 20
-40.6000000000000014
 30
0
 11
154.2456699999999898
 21
-40.6190299999999951
 31
0
  0
LINE
  5
E22
330
1B
100
AcDbEntity
  8
F.Cu
  6
CONTINUOUS
100
AcDbLine
 10
105.0456700000000012
 20
-40.8190299999999979
 30
0
 11
105.1267759999999925
 21
-40.8732240000000004
 31
0
  0
LINE
  5
E23
330
1B
100
AcDbEntity
  8
F.Cu
  6
CONTINUOUS
100
AcDbLine
 10
105.1267759999999925
 20
-40.8732240000000004
 30
0
 11
105.1809700000000021
 21
-40.9543299999999988
 31
0
  0
LINE
  5
E24
330
1B
100
AcDbEntity
  8
F.Cu
  6
CONTINUOUS
100
AcDbLine
 10
105.1809700000000021
 20
-40.9543299999999988
 30
0
 11
105.1999989999999912
 21
-41.0500019999999992
 31
0
  0
LINE
  5
E25
330
1B
100
AcDbEntity
  8
F.Cu
  6
CONTINUOUS
100
AcDbLine
 10
105.1999989999999912
 20
-41.0500019999999992
 30
0
 11
105.1999999999999886
 21
-42.9499989999999983
 31
0
  0
LINE
  5
E26
330
1B
100
AcDbEntity
  8
F.Cu
  6
CONTINUOUS
100
AcDbLine
 10
105.1999999999999886
 20
-42.9499989999999983
 30
0
 11
105.1809700000000021
 21
-43.0456700000000012
 31
0
  0
LINE
  5
E27
330
1B
100
AcDbEntity
  8
F.Cu
  6
CONTINUOUS
100
AcDbLine
 10
105.1809700000000021
 20
-43.0456700000000012
 30
0
 11
105.1267759999999925
 21
-43.1267759999999996
 31
0
  0
LINE
  5
E28
330
1B
100
AcDbEntity
  8
F.Cu
  6
CONTINUOUS
100
AcDbLine
 10
105.1267759999999925
 20
-43.1267759999999996
 30
0
 11
105.0456700000000012
 21
-43.180969999999995
 31
0
  0
LINE
  5
E29
330
1B
100
AcDbEntity
  8
F.Cu
  6
CONTINUOUS
100
AcDbLine
 10
105.0456700000000012
 20
-43.180969999999995
 30
0
 11
104.9499979999999937
 21
-43.1999989999999983
 31
0
  0
LINE
  5
E2A
330
1B
100
AcDbEntity
  8
F.Cu
  6
CONTINUOUS
100
AcDbLine
 10
104.9499979999999937
 20
-43.1999989999999983
 30
0
 11
103.0500009999999946
 21
-43.1999999999999957
 31
0
  0
LINE
  5
E2B
330
1B
100
AcDbEntity
  8
F.Cu
  6
CONTINUOUS
100
AcDbLine
 10
103.0500009999999946
 20
-43.1999999999999957
 30
0
 11
102.9543299999999988
 21
-43.180969999999995
 31
0
  0
LINE
  5
E2C
330
1B
100
AcDbEntity
  8
F.Cu
  6
CONTINUOUS
100
AcDbLine
 10
102.9543299999999988
 20
-43.180969999999995
 30
0
 11
102.8732239999999933
 21
-43.1267759999999996
 31
0
  0
LINE
  5
E2D
330
1B
100
AcDbEntity
  8
F.Cu
  6
CONTINUOUS
100
AcDbLine
 10
102.8732239999999933
 20
-43.1267759999999996
 30
0
 11
102.8190299999999979
 21
-43.0456700000000012
 31
0
  0
LINE
  5
E2E
330
1B
100
AcDbEntity
  8
F.Cu
  6
CONTINUOUS
100
AcDbLine
 10
102.8190299999999979
 20
-43.0456700000000012
 30
0
 11
102.8000009999999946
 21
-42.9499980000000008
 31
0
  0
LINE
  5
E2F
330
1B
100
AcDbEntity
  8
F.Cu
  6
CONTINUOUS
100
AcDbLine
 10
102.8000009999999946
 20
-42.9499980000000008
 30
0
 11
102.7999999999999972
 21
-41.0500009999999946
 31
0
  0
LINE
  5
E30
330
1B
100
AcDbEntity
  8
F.Cu
  6
CONTINUOUS
100
AcDbLine
 10
102.7999999999999972
 20
-41.0500009999999946
 30
0
 11
102.8190299999999979
 21
-40.9543299999999988
 31
0
  0
LINE
  5
E31
330
1B
100
AcDbEntity
  8
F.Cu
  6
CONTINUOUS
100
AcDbLine
 10
102.8190299999999979
 20
-40.9543299999999988
 30
0
 11
102.8732239999999933
 21
-40.8732240000000004
 31
0
  0
LINE
  5
E32
330
1B
100
AcDbEntity
  8
F.Cu
  6
CONTINUOUS
100
AcDbLine
 10
102.8732239999999933
 20
-40.8732240000000004
 30
0
 11
102.9543299999999988
 21
-40.8190299999999979
 31
0
  0
LINE
  5
E33
330
1B
100
AcDbEntity
  8
F.Cu
  6
CONTINUOUS
100
AcDbLine
 10
102.9543299999999988
 20
-40.8190299999999979
 30
0
 11
103.0500019999999921
 21
-40.8000009999999946
 31
0
  0
LINE
  5
E34
330
1B
100
AcDbEntity
  8
F.Cu
  6
CONTINUOUS
100
AcDbLine
 10
103.0500019999999921
 20
-40.8000009999999946
 30
0
 11
104.9499989999999912
 21
-40.7999999999999972
 31
0
  0
LINE
  5
E35
330
1B
100
AcDbEntity
  8
F.Cu
  6
CONTINUOUS
100
AcDbLine
 10
104.9499989999999912
 20
-40.7999999999999972
 30
0
 11
105.0456700000000012
 21
-40.8190299999999979
 31
0
  0
LINE
  5
E36
330
1B
100
AcDbEntity
  8
F.Cu
  6
CONTINUOUS
100
AcDbLine
 10
122.5456700000000012
 20
-40.8190299999999979
 30
0
 11
122.6267759999999925
 21
-40.8732240000000004
 31
0
  0
LINE
  5
E37
330
1B
100
AcDbEntity
  8
F.Cu
  6
CONTINUOUS
100
AcDbLine
 10
122.6267759999999925
 20
-40.8732240000000004
 30
0
 11
122.6809699999999879
 21
-40.9543299999999988
 31
0
  0
LINE
  5
E38
330
1B
100
AcDbEntity
  8
F.Cu
  6
CONTINUOUS
100
AcDbLine
 10
122.6809699999999879
 20
-40.9543299999999988
 30
0
 11
122.6999989999999912
 21
-41.0500019999999992
 31
0
  0
LINE
  5
E39
330
1B
100
AcDbEntity
  8
F.Cu
  6
CONTINUOUS
100
AcDbLine
 10
122.6999989999999912
 20
-41.0500019999999992
 30
0
 11
122.6999999999999886
 21
-42.9499989999999983
 31
0
  0
LINE
  5
E3A
330
1B
100
AcDbEntity
  8
F.Cu
  6
CONTINUOUS
100
AcDbLine
 10
122.6999999999999886
 20
-42.9499989999999983
 30
0
 11
122.6809699999999879
 21
-43.0456700000000012
 31
0
  0
LINE
  5
E3B
330
1B
100
AcDbEntity
  8
F.Cu
  6
CONTINUOUS
100
AcDbLine
 10
122.6809699999999879
 20
-43.0456700000000012
 30
0
 11
122.6267759999999925
 21
-43.1267759999999996
 31
0
  0
LINE
  5
E3C
330
1B
100
AcDbEntity
  8
F.Cu
  6
CONTINUOUS
100
AcDbLine
 10
122.6267759999999925
 20
-43.1267759999999996
 30
0
 11
122.5456700000000012
 21
-43.180969999999995
 31
0
  0
LINE
  5
E3D
330
1B
100
AcDbEntity
  8
F.Cu
  6
CONTINUOUS
100
AcDbLine
 10
122.5456700000000012
 20
-43.180969999999995
 30
0
 11
122.4499979999999937
 21
-43.1999989999999983
 31
0
  0
LINE
  5
E3E
330
1B
100
AcDbEntity
  8
F.Cu
  6
CONTINUOUS
100
AcDbLine
 10
122.4499979999999937
 20
-43.1999989999999983
 30
0
 11
120.5500009999999946
 21
-43.1999999999999957
 31
0
  0
LINE
  5
E3F
330
1B
100
AcDbEntity
  8
F.Cu
  6
CONTINUOUS
100
AcDbLine
 10
120.5500009999999946
 20
-43.1999999999999957
 30
0
 11
120.4543299999999988
 21
-43.180969999999995
 31
0
  0
LINE
  5
E40
330
1B
100
AcDbEntity
  8
F.Cu
  6
CONTINUOUS
100
AcDbLine
 10
120.4543299999999988
 20
-43.180969999999995
 30
0
 11
120.3732239999999933
 21
-43.1267759999999996
 31
0
  0
LINE
  5
E41
330
1B
100
AcDbEntity
  8
F.Cu
  6
CONTINUOUS
100
AcDbLine
 10
120.3732239999999933
 20
-43.1267759999999996
 30
0
 11
120.3190299999999979
 21
-43.0456700000000012
 31
0
  0
LINE
  5
E42
330
1B
100
AcDbEntity
  8
F.Cu
  6
CONTINUOUS
100
AcDbLine
 10
120.3190299999999979
 20
-43.0456700000000012
 30
0
 11
120.3000009999999946
 21
-42.9499980000000008
 31
0
  0
LINE
  5
E43
330
1B
100
AcDbEntity
  8
F.Cu
  6
CONTINUOUS
100
AcDbLine
 10
120.3000009999999946
 20
-42.9499980000000008
 30
0
 11
120.2999999999999972
 21
-41.0500009999999946
 31
0
  0
LINE
  5
E44
330
1B
100
AcDbEntity
  8
F.Cu
  6
CONTINUOUS
100
AcDbLine
 10
120.2999999999999972
 20
-41.0500009999999946
 30
0
 11
120.3190299999999979
 21
-40.9543299999999988
 31
0
  0
LINE
  5
E45
330
1B
100
AcDbEntity
  8
F.Cu
  6
CONTINUOUS
100
AcDbLine
 10
120.3190299999999979
 20
-40.9543299999999988
 30
0
 11
120.3732239999999933
 21
-40.8732240000000004
 31
0
  0
LINE
  5
E46
330
1B
100
AcDbEntity
  8
F.Cu
  6
CONTINUOUS
100
AcDbLine
 10
120.3732239999999933
 20
-40.8732240000000004
 30
0
 11
120.4543299999999988
 21
-40.8190299999999979
 31
0
  0
LINE
  5
E47
330
1B
100
AcDbEntity
  8
F.Cu
  6
CONTINUOUS
100
AcDbLine
 10
120.4543299999999988
 20
-40.8190299999999979
 30
0
 11
120.5500019999999921
 21
-40.8000009999999946
 31
0
  0
LINE
  5
E48
330
1B
100
AcDbEntity
  8
F.Cu
  6
CONTINUOUS
100
AcDbLine
 10
120.5500019999999921
 20
-40.8000009999999946
 30
0
 11
122.4499989999999912
 21
-40.7999999999999972
 31
0
  0
LINE
  5
E49
330
1B
100
AcDbEntity
  8
F.Cu
  6
CONTINUOUS
100
AcDbLine
 10
122.4499989999999912
 20
-40.7999999999999972
 30
0
 11
122.5456700000000012
 21
-40.8190299999999979
 31
0
  0
LINE
  5
E4A
330
1B
100
AcDbEntity
  8
F.Cu
  6
CONTINUOUS
100
AcDbLine
 10
140.0456700000000012
 20
-40.8190299999999979
 30
0
 11
140.1267760000000067
 21
-40.8732240000000004
 31
0
  0
LINE
  5
E4B
330
1B
100
AcDbEntity
  8
F.Cu
  6
CONTINUOUS
100
AcDbLine
 10
140.1267760000000067
 20
-40.8732240000000004
 30
0
 11
140.1809700000000021
 21
-40.9543299999999988
 31
0
  0
LINE
  5
E4C
330
1B
100
AcDbEntity
  8
F.Cu
  6
CONTINUOUS
100
AcDbLine
 10
140.1809700000000021
 20
-40.9543299999999988
 30
0
 11
140.1999989999999912
 21
-41.0500019999999992
 31
0
  0
LINE
  5
E4D
330
1B
100
AcDbEntity
  8
F.Cu
  6
CONTINUOUS
100
AcDbLine
 10
140.1999989999999912
 20
-41.0500019999999992
 30
0
 11
140.1999999999999886
 21
-42.9499989999999983
 31
0
  0
LINE
  5
E4E
330
1B
100
AcDbEntity
  8
F.Cu
  6
CONTINUOUS
100
AcDbLine
 10
140.1999999999999886
 20
-42.9499989999999983
 30
0
 11
140.1809700000000021
 21
-43.0456700000000012
 31
0
  0
LINE
  5
E4F
330
1B
100
AcDbEntity
  8
F.Cu
  6
CONTINUOUS
100
AcDbLine
 10
140.1809700000000021
 20
-43.0456700000000012
 30
0
 11
140.1267760000000067
 21
-43.1267759999999996
 31
0
  0
LINE
  5
E50
330
1B
100
AcDbEntity
  8
F.Cu
  6
CONTINUOUS
100
AcDbLine
 10
140.1267760000000067
 20
-43.1267759999999996
 30
0
 11
140.0456700000000012
 21
-43.180969999999995
 31
0
  0
LINE
  5
E51
330
1B
100
AcDbEntity
  8
F.Cu
  6
CONTINUOUS
100
AcDbLine
 10
140.0456700000000012
 20
-43.180969999999995
 30
0
 11
139.9499979999999937
 21
-43.1999989999999983
 31
0
  0
LINE
  5
E52
330
1B
100
AcDbEntity
  8
F.Cu
  6
CONTINUOUS
100
AcDbLine
 10
139.9499979999999937
 20
-43.1999989999999983
 30
0
 11
138.0500009999999804
 21
-43.1999999999999957
 31
0
  0
LINE
  5
E53
330
1B
100
AcDbEntity
  8
F.Cu
  6
CONTINUOUS
100
AcDbLine
 10
138.0500009999999804
 20
-43.1999999999999957
 30
0
 11
137.9543299999999988
 21
-43.180969999999995
 31
0
  0
LINE
  5
E54
330
1B
100
AcDbEntity
  8
F.Cu
  6
CONTINUOUS
100
AcDbLine
 10
137.9543299999999988
 20
-43.180969999999995
 30
0
 11
137.8732239999999933
 21
-43.1267759999999996
 31
0
  0
LINE
  5
E55
330
1B
100
AcDbEntity
  8
F.Cu
  6
CONTINUOUS
100
AcDbLine
 10
137.8732239999999933
 20
-43.1267759999999996
 30
0
 11
137.8190299999999979
 21
-43.0456700000000012
 31
0
  0
LINE
  5
E56
330
1B
100
AcDbEntity
  8
F.Cu
  6
CONTINUOUS
100
AcDbLine
 10
137.8190299999999979
 20
-43.0456700000000012
 30
0
 11
137.8000009999999804
 21
-42.9499980000000008
 31
0
  0
LINE
  5
E57
330
1B
100
AcDbEntity
  8
F.Cu
  6
CONTINUOUS
100
AcDbLine
 10
137.8000009999999804
 20
-42.9499980000000008
 30
0
 11
137.7999999999999829
 21
-41.0500009999999946
 31
0
  0
LINE
  5
E58
330
1B
100
AcDbEntity
  8
F.Cu
  6
CONTINUOUS
100
AcDbLine
 10
137.7999999999999829
 20
-41.0500009999999946
 30
0
 11
137.8190299999999979
 21
-40.9543299999999988
 31
0
  0
LINE
  5
E59
330
1B
100
AcDbEntity
  8
F.Cu
  6
CONTINUOUS
100
AcDbLine
 10
137.8190299999999979
 20
-40.9543299999999988
 30
0
 11
137.8732239999999933
 21
-40.8732240000000004
 31
0
  0
LINE
  5
E5A
330
1B
100
AcDbEntity
  8
F.Cu
  6
CONTINUOUS
100
AcDbLine
 10
137.8732239999999933
 20
-40.8732240000000004
 30
0
 11
137.9543299999999988
 21
-40.8190299999999979
 31
0
  0
LINE
  5
E5B
330
1B
100
AcDbEntity
  8
F.Cu
  6
CONTINUOUS
100
AcDbLine
 10
137.9543299999999988
 20
-40.8190299999999979
 30
0
 11
138.0500020000000063
 21
-40.8000009999999946
 31
0
  0
LINE
  5
E5C
330
1B
100
AcDbEntity
  8
F.Cu
  6
CONTINUOUS
100
AcDbLine
 10
138.0500020000000063
 20
-40.8000009999999946
 30
0
 11
139.9499989999999912
 21
-40.7999999999999972
 31
0
  0
LINE
  5
E5D
330
1B
100
AcDbEntity
  8
F.Cu
  6
CONTINUOUS
100
AcDbLine
 10
139.9499989999999912
 20
-40.7999999999999972
 30
0
 11
140.0456700000000012
 21
-40.8190299999999979
 31
0
  0
LINE
  5
E5E
330
1B
100
AcDbEntity
  8
F.Cu
  6
CONTINUOUS
100
AcDbLine
 10
76.2801339999999897
 20
-38.8331559999999953
 30
0
 11
76.459220000000002
 21
-38.8913450000000012
 31
0
  0
LINE
  5
E5F
330
1B
100
AcDbEntity
  8
F.Cu
  6
CONTINUOUS
100
AcDbLine
 10
76.459220000000002
 20
-38.8913450000000012
 30
0
 11
76.6269980000000004
 21
-38.9768320000000017
 31
0
  0
LINE
  5
E60
330
1B
100
AcDbEntity
  8
F.Cu
  6
CONTINUOUS
100
AcDbLine
 10
76.6269980000000004
 20
-38.9768320000000017
 30
0
 11
76.7793379999999956
 21
-39.0875130000000013
 31
0
  0
LINE
  5
E61
330
1B
100
AcDbEntity
  8
F.Cu
  6
CONTINUOUS
100
AcDbLine
 10
76.7793379999999956
 20
-39.0875130000000013
 30
0
 11
76.9124869999999987
 21
-39.2206619999999972
 31
0
  0
LINE
  5
E62
330
1B
100
AcDbEntity
  8
F.Cu
  6
CONTINUOUS
100
AcDbLine
 10
76.9124869999999987
 20
-39.2206619999999972
 30
0
 11
77.0231679999999983
 21
-39.3730019999999996
 31
0
  0
LINE
  5
E63
330
1B
100
AcDbEntity
  8
F.Cu
  6
CONTINUOUS
100
AcDbLine
 10
77.0231679999999983
 20
-39.3730019999999996
 30
0
 11
77.1086549999999988
 21
-39.540779999999998
 31
0
  0
LINE
  5
E64
330
1B
100
AcDbEntity
  8
F.Cu
  6
CONTINUOUS
100
AcDbLine
 10
77.1086549999999988
 20
-39.540779999999998
 30
0
 11
77.1668439999999975
 21
-39.7198659999999961
 31
0
  0
LINE
  5
E65
330
1B
100
AcDbEntity
  8
F.Cu
  6
CONTINUOUS
100
AcDbLine
 10
77.1668439999999975
 20
-39.7198659999999961
 30
0
 11
77.1963009999999912
 21
-39.9058489999999964
 31
0
  0
LINE
  5
E66
330
1B
100
AcDbEntity
  8
F.Cu
  6
CONTINUOUS
100
AcDbLine
 10
77.1963009999999912
 20
-39.9058489999999964
 30
0
 11
77.1963009999999912
 21
-40.0941509999999965
 31
0
  0
LINE
  5
E67
330
1B
100
AcDbEntity
  8
F.Cu
  6
CONTINUOUS
100
AcDbLine
 10
77.1963009999999912
 20
-40.0941509999999965
 30
0
 11
77.1668439999999975
 21
-40.2801339999999968
 31
0
  0
LINE
  5
E68
330
1B
100
AcDbEntity
  8
F.Cu
  6
CONTINUOUS
100
AcDbLine
 10
77.1668439999999975
 20
-40.2801339999999968
 30
0
 11
77.1086549999999988
 21
-40.4592199999999949
 31
0
  0
LINE
  5
E69
330
1B
100
AcDbEntity
  8
F.Cu
  6
CONTINUOUS
100
AcDbLine
 10
77.1086549999999988
 20
-40.4592199999999949
 30
0
 11
77.0231679999999983
 21
-40.6269980000000004
 31
0
  0
LINE
  5
E6A
330
1B
100
AcDbEntity
  8
F.Cu
  6
CONTINUOUS
100
AcDbLine
 10
77.0231679999999983
 20
-40.6269980000000004
 30
0
 11
76.9124869999999987
 21
-40.7793379999999956
 31
0
  0
LINE
  5
E6B
330
1B
100
AcDbEntity
  8
F.Cu
  6
CONTINUOUS
100
AcDbLine
 10
76.9124869999999987
 20
-40.7793379999999956
 30
0
 11
76.7793379999999956
 21
-40.9124869999999987
 31
0
  0
LINE
  5
E6C
330
1B
100
AcDbEntity
  8
F.Cu
  6
CONTINUOUS
100
AcDbLine
 10
76.7793379999999956
 20
-40.9124869999999987
 30
0
 11
76.6269980000000004
 21
-41.0231679999999983
 31
0
  0
LINE
  5
E6D
330
1B
100
AcDbEntity
  8
F.Cu
  6
CONTINUOUS
100
AcDbLine
 10
76.6269980000000004
 20
-41.0231679999999983
 30
0
 11
76.459220000000002
 21
-41.1086549999999988
 31
0
  0
LINE
  5
E6E
330
1B
100
AcDbEntity
  8
F.Cu
  6
CONTINUOUS
100
AcDbLine
 10
76.459220000000002
 20
-41.1086549999999988
 30
0
 11
76.2801339999999897
 21
-41.1668439999999975
 31
0
  0
LINE
  5
E6F
330
1B
100
AcDbEntity
  8
F.Cu
  6
CONTINUOUS
100
AcDbLine
 10
76.2801339999999897
 20
-41.1668439999999975
 30
0
 11
76.0941509999999965
 21
-41.1963009999999983
 31
0
  0
LINE
  5
E70
330
1B
100
AcDbEntity
  8
F.Cu
  6
CONTINUOUS
100
AcDbLine
 10
76.0941509999999965
 20
-41.1963009999999983
 30
0
 11
75.9058490000000035
 21
-41.1963009999999983
 31
0
  0
LINE
  5
E71
330
1B
100
AcDbEntity
  8
F.Cu
  6
CONTINUOUS
100
AcDbLine
 10
75.9058490000000035
 20
-41.1963009999999983
 30
0
 11
75.7198659999999961
 21
-41.1668439999999975
 31
0
  0
LINE
  5
E72
330
1B
100
AcDbEntity
  8
F.Cu
  6
CONTINUOUS
100
AcDbLine
 10
75.7198659999999961
 20
-41.1668439999999975
 30
0
 11
75.540779999999998
 21
-41.1086549999999988
 31
0
  0
LINE
  5
E73
330
1B
100
AcDbEntity
  8
F.Cu
  6
CONTINUOUS
100
AcDbLine
 10
75.540779999999998
 20
-41.1086549999999988
 30
0
 11
75.3730019999999996
 21
-41.0231679999999983
 31
0
  0
LINE
  5
E74
330
1B
100
AcDbEntity
  8
F.Cu
  6
CONTINUOUS
100
AcDbLine
 10
75.3730019999999996
 20
-41.0231679999999983
 30
0
 11
75.2206619999999901
 21
-40.9124869999999987
 31
0
  0
LINE
  5
E75
330
1B
100
AcDbEntity
  8
F.Cu
  6
CONTINUOUS
100
AcDbLine
 10
75.2206619999999901
 20
-40.9124869999999987
 30
0
 11
75.0875130000000013
 21
-40.7793379999999956
 31
0
  0
LINE
  5
E76
330
1B
100
AcDbEntity
  8
F.Cu
  6
CONTINUOUS
100
AcDbLine
 10
75.0875130000000013
 20
-40.7793379999999956
 30
0
 11
74.9768320000000017
 21
-40.6269980000000004
 31
0
  0
LINE
  5
E77
330
1B
100
AcDbEntity
  8
F.Cu
  6
CONTINUOUS
100
AcDbLine
 10
74.9768320000000017
 20
-40.6269980000000004
 30
0
 11
74.8913450000000012
 21
-40.4592199999999949
 31
0
  0
LINE
  5
E78
330
1B
100
AcDbEntity
  8
F.Cu
  6
CONTINUOUS
100
AcDbLine
 10
74.8913450000000012
 20
-40.4592199999999949
 30
0
 11
74.8331560000000025
 21
-40.2801339999999968
 31
0
  0
LINE
  5
E79
330
1B
100
AcDbEntity
  8
F.Cu
  6
CONTINUOUS
100
AcDbLine
 10
74.8331560000000025
 20
-40.2801339999999968
 30
0
 11
74.8036989999999946
 21
-40.0941509999999965
 31
0
  0
LINE
  5
E7A
330
1B
100
AcDbEntity
  8
F.Cu
  6
CONTINUOUS
100
AcDbLine
 10
74.8036989999999946
 20
-40.0941509999999965
 30
0
 11
74.8036989999999946
 21
-39.9058489999999964
 31
0
  0
LINE
  5
E7B
330
1B
100
AcDbEntity
  8
F.Cu
  6
CONTINUOUS
100
AcDbLine
 10
74.8036989999999946
 20
-39.9058489999999964
 30
0
 11
74.8331560000000025
 21
-39.7198659999999961
 31
0
  0
LINE
  5
E7C
330
1B
100
AcDbEntity
  8
F.Cu
  6
CONTINUOUS
100
AcDbLine
 10
74.8331560000000025
 20
-39.7198659999999961
 30
0
 11
74.8913450000000012
 21
-39.540779999999998
 31
0
  0
LINE
  5
E7D
330
1B
100
AcDbEntity
  8
F.Cu
  6
CONTINUOUS
100
AcDbLine
 10
74.8913450000000012
 20
-39.540779999999998
 30
0
 11
74.9768320000000017
 21
-39.3730019999999996
 31
0
  0
LINE
  5
E7E
330
1B
100
AcDbEntity
  8
F.Cu
  6
CONTINUOUS
100
AcDbLine
 10
74.9768320000000017
 20
-39.3730019999999996
 30
0
 11
75.0875130000000013
 21
-39.2206619999999972
 31
0
  0
LINE
  5
E7F
330
1B
100
AcDbEntity
  8
F.Cu
  6
CONTINUOUS
100
AcDbLine
 10
75.0875130000000013
 20
-39.2206619999999972
 30
0
 11
75.2206619999999901
 21
-39.0875130000000013
 31
0
  0
LINE
  5
E80
330
1B
100
AcDbEntity
  8
F.Cu
  6
CONTINUOUS
100
AcDbLine
 10
75.2206619999999901
 20
-39.0875130000000013
 30
0
 11
75.3730019999999996
 21
-38.9768320000000017
 31
0
  0
LINE
  5
E81
330
1B
100
AcDbEntity
  8
F.Cu
  6
CONTINUOUS
100
AcDbLine
 10
75.3730019999999996
 20
-38.9768320000000017
 30
0
 11
75.540779999999998
 21
-38.8913450000000012
 31
0
  0
LINE
  5
E82
330
1B
100
AcDbEntity
  8
F.Cu
  6
CONTINUOUS
100
AcDbLine
 10
75.540779999999998
 20
-38.8913450000000012
 30
0
 11
75.7198659999999961
 21
-38.8331559999999953
 31
0
  0
LINE
  5
E83
330
1B
100
AcDbEntity
  8
F.Cu
  6
CONTINUOUS
100
AcDbLine
 10
75.7198659999999961
 20
-38.8331559999999953
 30
0
 11
75.9058490000000035
 21
-38.8036990000000017
 31
0
  0
LINE
  5
E84
330
1B
100
AcDbEntity
  8
F.Cu
  6
CONTINUOUS
100
AcDbLine
 10
75.9058490000000035
 20
-38.8036990000000017
 30
0
 11
76.0941509999999965
 21
-38.8036990000000017
 31
0
  0
LINE
  5
E85
330
1B
100
AcDbEntity
  8
F.Cu
  6
CONTINUOUS
100
AcDbLine
 10
76.0941509999999965
 20
-38.8036990000000017
 30
0
 11
76.2801339999999897
 21
-38.8331559999999953
 31
0
  0
LINE
  5
E86
330
1B
100
AcDbEntity
  8
F.Cu
  6
CONTINUOUS
100
AcDbLine
 10
92.7322279999999921
 20
-39.2344480000000004
 30
0
 11
92.8771169999999984
 21
-39.2944630000000004
 31
0
  0
LINE
  5
E87
330
1B
100
AcDbEntity
  8
F.Cu
  6
CONTINUOUS
100
AcDbLine
 10
92.8771169999999984
 20
-39.2944630000000004
 30
0
 11
93.0075149999999979
 21
-39.3815919999999977
 31
0
  0
LINE
  5
E88
330
1B
100
AcDbEntity
  8
F.Cu
  6
CONTINUOUS
100
AcDbLine
 10
93.0075149999999979
 20
-39.3815919999999977
 30
0
 11
93.1184080000000023
 21
-39.492484999999995
 31
0
  0
LINE
  5
E89
330
1B
100
AcDbEntity
  8
F.Cu
  6
CONTINUOUS
100
AcDbLine
 10
93.1184080000000023
 20
-39.492484999999995
 30
0
 11
93.2055369999999925
 21
-39.6228830000000016
 31
0
  0
LINE
  5
E8A
330
1B
100
AcDbEntity
  8
F.Cu
  6
CONTINUOUS
100
AcDbLine
 10
93.2055369999999925
 20
-39.6228830000000016
 30
0
 11
93.2655519999999996
 21
-39.7677720000000008
 31
0
  0
LINE
  5
E8B
330
1B
100
AcDbEntity
  8
F.Cu
  6
CONTINUOUS
100
AcDbLine
 10
93.2655519999999996
 20
-39.7677720000000008
 30
0
 11
93.2961480000000023
 21
-39.9215859999999978
 31
0
  0
LINE
  5
E8C
330
1B
100
AcDbEntity
  8
F.Cu
  6
CONTINUOUS
100
AcDbLine
 10
93.2961480000000023
 20
-39.9215859999999978
 30
0
 11
93.2961480000000023
 21
-40.0784139999999951
 31
0
  0
LINE
  5
E8D
330
1B
100
AcDbEntity
  8
F.Cu
  6
CONTINUOUS
100
AcDbLine
 10
93.2961480000000023
 20
-40.0784139999999951
 30
0
 11
93.2655519999999996
 21
-40.2322279999999992
 31
0
  0
LINE
  5
E8E
330
1B
100
AcDbEntity
  8
F.Cu
  6
CONTINUOUS
100
AcDbLine
 10
93.2655519999999996
 20
-40.2322279999999992
 30
0
 11
93.2055369999999925
 21
-40.3771169999999984
 31
0
  0
LINE
  5
E8F
330
1B
100
AcDbEntity
  8
F.Cu
  6
CONTINUOUS
100
AcDbLine
 10
93.2055369999999925
 20
-40.3771169999999984
 30
0
 11
93.1184080000000023
 21
-40.5075149999999979
 31
0
  0
LINE
  5
E90
330
1B
100
AcDbEntity
  8
F.Cu
  6
CONTINUOUS
100
AcDbLine
 10
93.1184080000000023
 20
-40.5075149999999979
 30
0
 11
93.0075149999999979
 21
-40.6184079999999952
 31
0
  0
LINE
  5
E91
330
1B
100
AcDbEntity
  8
F.Cu
  6
CONTINUOUS
100
AcDbLine
 10
93.0075149999999979
 20
-40.6184079999999952
 30
0
 11
92.8771169999999984
 21
-40.7055369999999996
 31
0
  0
LINE
  5
E92
330
1B
100
AcDbEntity
  8
F.Cu
  6
CONTINUOUS
100
AcDbLine
 10
92.8771169999999984
 20
-40.7055369999999996
 30
0
 11
92.7322279999999921
 21
-40.7655519999999996
 31
0
  0
LINE
  5
E93
330
1B
100
AcDbEntity
  8
F.Cu
  6
CONTINUOUS
100
AcDbLine
 10
92.7322279999999921
 20
-40.7655519999999996
 30
0
 11
92.5784139999999951
 21
-40.7961479999999952
 31
0
  0
LINE
  5
E94
330
1B
100
AcDbEntity
  8
F.Cu
  6
CONTINUOUS
100
AcDbLine
 10
92.5784139999999951
 20
-40.7961479999999952
 30
0
 11
92.4215859999999907
 21
-40.7961479999999952
 31
0
  0
LINE
  5
E95
330
1B
100
AcDbEntity
  8
F.Cu
  6
CONTINUOUS
100
AcDbLine
 10
92.4215859999999907
 20
-40.7961479999999952
 30
0
 11
92.2677719999999937
 21
-40.7655519999999996
 31
0
  0
LINE
  5
E96
330
1B
100
AcDbEntity
  8
F.Cu
  6
CONTINUOUS
100
AcDbLine
 10
92.2677719999999937
 20
-40.7655519999999996
 30
0
 11
92.1228830000000016
 21
-40.7055369999999996
 31
0
  0
LINE
  5
E97
330
1B
100
AcDbEntity
  8
F.Cu
  6
CONTINUOUS
100
AcDbLine
 10
92.1228830000000016
 20
-40.7055369999999996
 30
0
 11
91.9924850000000021
 21
-40.6184079999999952
 31
0
  0
LINE
  5
E98
330
1B
100
AcDbEntity
  8
F.Cu
  6
CONTINUOUS
100
AcDbLine
 10
91.9924850000000021
 20
-40.6184079999999952
 30
0
 11
91.8815919999999977
 21
-40.5075149999999979
 31
0
  0
LINE
  5
E99
330
1B
100
AcDbEntity
  8
F.Cu
  6
CONTINUOUS
100
AcDbLine
 10
91.8815919999999977
 20
-40.5075149999999979
 30
0
 11
91.7944629999999933
 21
-40.3771169999999984
 31
0
  0
LINE
  5
E9A
330
1B
100
AcDbEntity
  8
F.Cu
  6
CONTINUOUS
100
AcDbLine
 10
91.7944629999999933
 20
-40.3771169999999984
 30
0
 11
91.7344480000000004
 21
-40.2322279999999992
 31
0
  0
LINE
  5
E9B
330
1B
100
AcDbEntity
  8
F.Cu
  6
CONTINUOUS
100
AcDbLine
 10
91.7344480000000004
 20
-40.2322279999999992
 30
0
 11
91.7038519999999977
 21
-40.0784139999999951
 31
0
  0
LINE
  5
E9C
330
1B
100
AcDbEntity
  8
F.Cu
  6
CONTINUOUS
100
AcDbLine
 10
91.7038519999999977
 20
-40.0784139999999951
 30
0
 11
91.7038519999999977
 21
-39.9215859999999978
 31
0
  0
LINE
  5
E9D
330
1B
100
AcDbEntity
  8
F.Cu
  6
CONTINUOUS
100
AcDbLine
 10
91.7038519999999977
 20
-39.9215859999999978
 30
0
 11
91.7344480000000004
 21
-39.7677720000000008
 31
0
  0
LINE
  5
E9E
330
1B
100
AcDbEntity
  8
F.Cu
  6
CONTINUOUS
100
AcDbLine
 10
91.7344480000000004
 20
-39.7677720000000008
 30
0
 11
91.7944629999999933
 21
-39.6228830000000016
 31
0
  0
LINE
  5
E9F
330
1B
100
AcDbEntity
  8
F.Cu
  6
CONTINUOUS
100
AcDbLine
 10
91.7944629999999933
 20
-39.6228830000000016
 30
0
 11
91.8815919999999977
 21
-39.492484999999995
 31
0
  0
LINE
  5
EA0
330
1B
100
AcDbEntity
  8
F.Cu
  6
CONTINUOUS
100
AcDbLine
 10
91.8815919999999977
 20
-39.492484999999995
 30
0
 11
91.9924850000000021
 21
-39.3815919999999977
 31
0
  0
LINE
  5
EA1
330
1B
100
AcDbEntity
  8
F.Cu
  6
CONTINUOUS
100
AcDbLine
 10
91.9924850000000021
 20
-39.3815919999999977
 30
0
 11
92.1228830000000016
 21
-39.2944630000000004
 31
0
  0
LINE
  5
EA2
330
1B
100
AcDbEntity
  8
F.Cu
  6
CONTINUOUS
100
AcDbLine
 10
92.1228830000000016
 20
-39.2944630000000004
 30
0
 11
92.2677719999999937
 21
-39.2344480000000004
 31
0
  0
LINE
  5
EA3
330
1B
100
AcDbEntity
  8
F.Cu
  6
CONTINUOUS
100
AcDbLine
 10
92.2677719999999937
 20
-39.2344480000000004
 30
0
 11
92.4215859999999907
 21
-39.2038519999999977
 31
0
  0
LINE
  5
EA4
330
1B
100
AcDbEntity
  8
F.Cu
  6
CONTINUOUS
100
AcDbLine
 10
92.4215859999999907
 20
-39.2038519999999977
 30
0
 11
92.5784139999999951
 21
-39.2038519999999977
 31
0
  0
LINE
  5
EA5
330
1B
100
AcDbEntity
  8
F.Cu
  6
CONTINUOUS
100
AcDbLine
 10
92.5784139999999951
 20
-39.2038519999999977
 30
0
 11
92.7322279999999921
 21
-39.2344480000000004
 31
0
  0
LINE
  5
EA6
330
1B
100
AcDbEntity
  8
F.Cu
  6
CONTINUOUS
100
AcDbLine
 10
163.145670999999993
 20
-34.7190299999999965
 30
0
 11
163.2267769999999985
 21
-34.7732230000000015
 31
0
  0
LINE
  5
EA7
330
1B
100
AcDbEntity
  8
F.Cu
  6
CONTINUOUS
100
AcDbLine
 10
163.2267769999999985
 20
-34.7732230000000015
 30
0
 11
163.2809699999999964
 21
-34.8543289999999999
 31
0
  0
LINE
  5
EA8
330
1B
100
AcDbEntity
  8
F.Cu
  6
CONTINUOUS
100
AcDbLine
 10
163.2809699999999964
 20
-34.8543289999999999
 30
0
 11
163.2999999999999829
 21
-34.9499999999999957
 31
0
  0
LINE
  5
EA9
330
1B
100
AcDbEntity
  8
F.Cu
  6
CONTINUOUS
100
AcDbLine
 10
163.2999999999999829
 20
-34.9499999999999957
 30
0
 11
163.2999999999999829
 21
-37.0499999999999972
 31
0
  0
LINE
  5
EAA
330
1B
100
AcDbEntity
  8
F.Cu
  6
CONTINUOUS
100
AcDbLine
 10
163.2999999999999829
 20
-37.0499999999999972
 30
0
 11
163.2809699999999964
 21
-37.1456710000000001
 31
0
  0
LINE
  5
EAB
330
1B
100
AcDbEntity
  8
F.Cu
  6
CONTINUOUS
100
AcDbLine
 10
163.2809699999999964
 20
-37.1456710000000001
 30
0
 11
163.2267769999999985
 21
-37.2267769999999985
 31
0
  0
LINE
  5
EAC
330
1B
100
AcDbEntity
  8
F.Cu
  6
CONTINUOUS
100
AcDbLine
 10
163.2267769999999985
 20
-37.2267769999999985
 30
0
 11
163.145670999999993
 21
-37.2809699999999964
 31
0
  0
LINE
  5
EAD
330
1B
100
AcDbEntity
  8
F.Cu
  6
CONTINUOUS
100
AcDbLine
 10
163.145670999999993
 20
-37.2809699999999964
 30
0
 11
163.0499999999999829
 21
-37.2999999999999972
 31
0
  0
LINE
  5
EAE
330
1B
100
AcDbEntity
  8
F.Cu
  6
CONTINUOUS
100
AcDbLine
 10
163.0499999999999829
 20
-37.2999999999999972
 30
0
 11
160.9499999999999886
 21
-37.2999999999999972
 31
0
  0
LINE
  5
EAF
330
1B
100
AcDbEntity
  8
F.Cu
  6
CONTINUOUS
100
AcDbLine
 10
160.9499999999999886
 20
-37.2999999999999972
 30
0
 11
160.8543289999999786
 21
-37.2809699999999964
 31
0
  0
LINE
  5
EB0
330
1B
100
AcDbEntity
  8
F.Cu
  6
CONTINUOUS
100
AcDbLine
 10
160.8543289999999786
 20
-37.2809699999999964
 30
0
 11
160.7732230000000015
 21
-37.2267769999999985
 31
0
  0
LINE
  5
EB1
330
1B
100
AcDbEntity
  8
F.Cu
  6
CONTINUOUS
100
AcDbLine
 10
160.7732230000000015
 20
-37.2267769999999985
 30
0
 11
160.7190300000000036
 21
-37.1456710000000001
 31
0
  0
LINE
  5
EB2
330
1B
100
AcDbEntity
  8
F.Cu
  6
CONTINUOUS
100
AcDbLine
 10
160.7190300000000036
 20
-37.1456710000000001
 30
0
 11
160.6999999999999886
 21
-37.0499999999999972
 31
0
  0
LINE
  5
EB3
330
1B
100
AcDbEntity
  8
F.Cu
  6
CONTINUOUS
100
AcDbLine
 10
160.6999999999999886
 20
-37.0499999999999972
 30
0
 11
160.6999999999999886
 21
-34.9499999999999957
 31
0
  0
LINE
  5
EB4
330
1B
100
AcDbEntity
  8
F.Cu
  6
CONTINUOUS
100
AcDbLine
 10
160.6999999999999886
 20
-34.9499999999999957
 30
0
 11
160.7190300000000036
 21
-34.8543289999999999
 31
0
  0
LINE
  5
EB5
330
1B
100
AcDbEntity
  8
F.Cu
  6
CONTINUOUS
100
AcDbLine
 10
160.7190300000000036
 20
-34.8543289999999999
 30
0
 11
160.7732230000000015
 21
-34.7732230000000015
 31
0
  0
LINE
  5
EB6
330
1B
100
AcDbEntity
  8
F.Cu
  6
CONTINUOUS
100
AcDbLine
 10
160.7732230000000015
 20
-34.7732230000000015
 30
0
 11
160.8543289999999786
 21
-34.7190299999999965
 31
0
  0
LINE
  5
EB7
330
1B
100
AcDbEntity
  8
F.Cu
  6
CONTINUOUS
100
AcDbLine
 10
160.8543289999999786
 20
-34.7190299999999965
 30
0
 11
160.9499999999999886
 21
-34.6999999999999957
 31
0
  0
LINE
  5
EB8
330
1B
100
AcDbEntity
  8
F.Cu
  6
CONTINUOUS
100
AcDbLine
 10
160.9499999999999886
 20
-34.6999999999999957
 30
0
 11
163.0499999999999829
 21
-34.6999999999999957
 31
0
  0
LINE
  5
EB9
330
1B
100
AcDbEntity
  8
F.Cu
  6
CONTINUOUS
100
AcDbLine
 10
163.0499999999999829
 20
-34.6999999999999957
 30
0
 11
163.145670999999993
 21
-34.7190299999999965
 31
0
  0
LINE
  5
EBA
330
1B
100
AcDbEntity
  8
F.Cu
  6
CONTINUOUS
100
AcDbLine
 10
68.2322279999999921
 20
-35.2344480000000004
 30
0
 11
68.3771169999999984
 21
-35.2944630000000004
 31
0
  0
LINE
  5
EBB
330
1B
100
AcDbEntity
  8
F.Cu
  6
CONTINUOUS
100
AcDbLine
 10
68.3771169999999984
 20
-35.2944630000000004
 30
0
 11
68.5075149999999979
 21
-35.3815919999999977
 31
0
  0
LINE
  5
EBC
330
1B
100
AcDbEntity
  8
F.Cu
  6
CONTINUOUS
100
AcDbLine
 10
68.5075149999999979
 20
-35.3815919999999977
 30
0
 11
68.6184080000000023
 21
-35.492484999999995
 31
0
  0
LINE
  5
EBD
330
1B
100
AcDbEntity
  8
F.Cu
  6
CONTINUOUS
100
AcDbLine
 10
68.6184080000000023
 20
-35.492484999999995
 30
0
 11
68.7055369999999925
 21
-35.6228830000000016
 31
0
  0
LINE
  5
EBE
330
1B
100
AcDbEntity
  8
F.Cu
  6
CONTINUOUS
100
AcDbLine
 10
68.7055369999999925
 20
-35.6228830000000016
 30
0
 11
68.7655519999999996
 21
-35.7677720000000008
 31
0
  0
LINE
  5
EBF
330
1B
100
AcDbEntity
  8
F.Cu
  6
CONTINUOUS
100
AcDbLine
 10
68.7655519999999996
 20
-35.7677720000000008
 30
0
 11
68.7961480000000023
 21
-35.9215859999999978
 31
0
  0
LINE
  5
EC0
330
1B
100
AcDbEntity
  8
F.Cu
  6
CONTINUOUS
100
AcDbLine
 10
68.7961480000000023
 20
-35.9215859999999978
 30
0
 11
68.7961480000000023
 21
-36.0784139999999951
 31
0
  0
LINE
  5
EC1
330
1B
100
AcDbEntity
  8
F.Cu
  6
CONTINUOUS
100
AcDbLine
 10
68.7961480000000023
 20
-36.0784139999999951
 30
0
 11
68.7655519999999996
 21
-36.2322279999999992
 31
0
  0
LINE
  5
EC2
330
1B
100
AcDbEntity
  8
F.Cu
  6
CONTINUOUS
100
AcDbLine
 10
68.7655519999999996
 20
-36.2322279999999992
 30
0
 11
68.7055369999999925
 21
-36.3771169999999984
 31
0
  0
LINE
  5
EC3
330
1B
100
AcDbEntity
  8
F.Cu
  6
CONTINUOUS
100
AcDbLine
 10
68.7055369999999925
 20
-36.3771169999999984
 30
0
 11
68.6184080000000023
 21
-36.5075149999999979
 31
0
  0
LINE
  5
EC4
330
1B
100
AcDbEntity
  8
F.Cu
  6
CONTINUOUS
100
AcDbLine
 10
68.6184080000000023
 20
-36.5075149999999979
 30
0
 11
68.5075149999999979
 21
-36.6184079999999952
 31
0
  0
LINE
  5
EC5
330
1B
100
AcDbEntity
  8
F.Cu
  6
CONTINUOUS
100
AcDbLine
 10
68.5075149999999979
 20
-36.6184079999999952
 30
0
 11
68.3771169999999984
 21
-36.7055369999999996
 31
0
  0
LINE
  5
EC6
330
1B
100
AcDbEntity
  8
F.Cu
  6
CONTINUOUS
100
AcDbLine
 10
68.3771169999999984
 20
-36.7055369999999996
 30
0
 11
68.2322279999999921
 21
-36.7655519999999996
 31
0
  0
LINE
  5
EC7
330
1B
100
AcDbEntity
  8
F.Cu
  6
CONTINUOUS
100
AcDbLine
 10
68.2322279999999921
 20
-36.7655519999999996
 30
0
 11
68.0784139999999951
 21
-36.7961479999999952
 31
0
  0
LINE
  5
EC8
330
1B
100
AcDbEntity
  8
F.Cu
  6
CONTINUOUS
100
AcDbLine
 10
68.0784139999999951
 20
-36.7961479999999952
 30
0
 11
67.9215859999999907
 21
-36.7961479999999952
 31
0
  0
LINE
  5
EC9
330
1B
100
AcDbEntity
  8
F.Cu
  6
CONTINUOUS
100
AcDbLine
 10
67.9215859999999907
 20
-36.7961479999999952
 30
0
 11
67.7677719999999937
 21
-36.7655519999999996
 31
0
  0
LINE
  5
ECA
330
1B
100
AcDbEntity
  8
F.Cu
  6
CONTINUOUS
100
AcDbLine
 10
67.7677719999999937
 20
-36.7655519999999996
 30
0
 11
67.6228830000000016
 21
-36.7055369999999996
 31
0
  0
LINE
  5
ECB
330
1B
100
AcDbEntity
  8
F.Cu
  6
CONTINUOUS
100
AcDbLine
 10
67.6228830000000016
 20
-36.7055369999999996
 30
0
 11
67.4924850000000021
 21
-36.6184079999999952
 31
0
  0
LINE
  5
ECC
330
1B
100
AcDbEntity
  8
F.Cu
  6
CONTINUOUS
100
AcDbLine
 10
67.4924850000000021
 20
-36.6184079999999952
 30
0
 11
67.3815919999999977
 21
-36.5075149999999979
 31
0
  0
LINE
  5
ECD
330
1B
100
AcDbEntity
  8
F.Cu
  6
CONTINUOUS
100
AcDbLine
 10
67.3815919999999977
 20
-36.5075149999999979
 30
0
 11
67.2944629999999933
 21
-36.3771169999999984
 31
0
  0
LINE
  5
ECE
330
1B
100
AcDbEntity
  8
F.Cu
  6
CONTINUOUS
100
AcDbLine
 10
67.2944629999999933
 20
-36.3771169999999984
 30
0
 11
67.2344480000000004
 21
-36.2322279999999992
 31
0
  0
LINE
  5
ECF
330
1B
100
AcDbEntity
  8
F.Cu
  6
CONTINUOUS
100
AcDbLine
 10
67.2344480000000004
 20
-36.2322279999999992
 30
0
 11
67.2038519999999977
 21
-36.0784139999999951
 31
0
  0
LINE
  5
ED0
330
1B
100
AcDbEntity
  8
F.Cu
  6
CONTINUOUS
100
AcDbLine
 10
67.2038519999999977
 20
-36.0784139999999951
 30
0
 11
67.2038519999999977
 21
-35.9215859999999978
 31
0
  0
LINE
  5
ED1
330
1B
100
AcDbEntity
  8
F.Cu
  6
CONTINUOUS
100
AcDbLine
 10
67.2038519999999977
 20
-35.9215859999999978
 30
0
 11
67.2344480000000004
 21
-35.7677720000000008
 31
0
  0
LINE
  5
ED2
330
1B
100
AcDbEntity
  8
F.Cu
  6
CONTINUOUS
100
AcDbLine
 10
67.2344480000000004
 20
-35.7677720000000008
 30
0
 11
67.2944629999999933
 21
-35.6228830000000016
 31
0
  0
LINE
  5
ED3
330
1B
100
AcDbEntity
  8
F.Cu
  6
CONTINUOUS
100
AcDbLine
 10
67.2944629999999933
 20
-35.6228830000000016
 30
0
 11
67.3815919999999977
 21
-35.492484999999995
 31
0
  0
LINE
  5
ED4
330
1B
100
AcDbEntity
  8
F.Cu
  6
CONTINUOUS
100
AcDbLine
 10
67.3815919999999977
 20
-35.492484999999995
 30
0
 11
67.4924850000000021
 21
-35.3815919999999977
 31
0
  0
LINE
  5
ED5
330
1B
100
AcDbEntity
  8
F.Cu
  6
CONTINUOUS
100
AcDbLine
 10
67.4924850000000021
 20
-35.3815919999999977
 30
0
 11
67.6228830000000016
 21
-35.2944630000000004
 31
0
  0
LINE
  5
ED6
330
1B
100
AcDbEntity
  8
F.Cu
  6
CONTINUOUS
100
AcDbLine
 10
67.6228830000000016
 20
-35.2944630000000004
 30
0
 11
67.7677719999999937
 21
-35.2344480000000004
 31
0
  0
LINE
  5
ED7
330
1B
100
AcDbEntity
  8
F.Cu
  6
CONTINUOUS
100
AcDbLine
 10
67.7677719999999937
 20
-35.2344480000000004
 30
0
 11
67.9215859999999907
 21
-35.2038519999999977
 31
0
  0
LINE
  5
ED8
330
1B
100
AcDbEntity
  8
F.Cu
  6
CONTINUOUS
100
AcDbLine
 10
67.9215859999999907
 20
-35.2038519999999977
 30
0
 11
68.0784139999999951
 21
-35.2038519999999977
 31
0
  0
LINE
  5
ED9
330
1B
100
AcDbEntity
  8
F.Cu
  6
CONTINUOUS
100
AcDbLine
 10
68.0784139999999951
 20
-35.2038519999999977
 30
0
 11
68.2322279999999921
 21
-35.2344480000000004
 31
0
  0
LINE
  5
EDA
330
1B
100
AcDbEntity
  8
F.Cu
  6
CONTINUOUS
100
AcDbLine
 10
78.3922280000000029
 20
-35.2344480000000004
 30
0
 11
78.537116999999995
 21
-35.2944630000000004
 31
0
  0
LINE
  5
EDB
330
1B
100
AcDbEntity
  8
F.Cu
  6
CONTINUOUS
100
AcDbLine
 10
78.537116999999995
 20
-35.2944630000000004
 30
0
 11
78.6675149999999945
 21
-35.3815919999999977
 31
0
  0
LINE
  5
EDC
330
1B
100
AcDbEntity
  8
F.Cu
  6
CONTINUOUS
100
AcDbLine
 10
78.6675149999999945
 20
-35.3815919999999977
 30
0
 11
78.7784079999999989
 21
-35.492484999999995
 31
0
  0
LINE
  5
EDD
330
1B
100
AcDbEntity
  8
F.Cu
  6
CONTINUOUS
100
AcDbLine
 10
78.7784079999999989
 20
-35.492484999999995
 30
0
 11
78.8655370000000033
 21
-35.6228830000000016
 31
0
  0
LINE
  5
EDE
330
1B
100
AcDbEntity
  8
F.Cu
  6
CONTINUOUS
100
AcDbLine
 10
78.8655370000000033
 20
-35.6228830000000016
 30
0
 11
78.9255519999999962
 21
-35.7677720000000008
 31
0
  0
LINE
  5
EDF
330
1B
100
AcDbEntity
  8
F.Cu
  6
CONTINUOUS
100
AcDbLine
 10
78.9255519999999962
 20
-35.7677720000000008
 30
0
 11
78.9561479999999989
 21
-35.9215859999999978
 31
0
  0
LINE
  5
EE0
330
1B
100
AcDbEntity
  8
F.Cu
  6
CONTINUOUS
100
AcDbLine
 10
78.9561479999999989
 20
-35.9215859999999978
 30
0
 11
78.9561479999999989
 21
-36.0784139999999951
 31
0
  0
LINE
  5
EE1
330
1B
100
AcDbEntity
  8
F.Cu
  6
CONTINUOUS
100
AcDbLine
 10
78.9561479999999989
 20
-36.0784139999999951
 30
0
 11
78.9255519999999962
 21
-36.2322279999999992
 31
0
  0
LINE
  5
EE2
330
1B
100
AcDbEntity
  8
F.Cu
  6
CONTINUOUS
100
AcDbLine
 10
78.9255519999999962
 20
-36.2322279999999992
 30
0
 11
78.8655370000000033
 21
-36.3771169999999984
 31
0
  0
LINE
  5
EE3
330
1B
100
AcDbEntity
  8
F.Cu
  6
CONTINUOUS
100
AcDbLine
 10
78.8655370000000033
 20
-36.3771169999999984
 30
0
 11
78.7784079999999989
 21
-36.5075149999999979
 31
0
  0
LINE
  5
EE4
330
1B
100
AcDbEntity
  8
F.Cu
  6
CONTINUOUS
100
AcDbLine
 10
78.7784079999999989
 20
-36.5075149999999979
 30
0
 11
78.6675149999999945
 21
-36.6184079999999952
 31
0
  0
LINE
  5
EE5
330
1B
100
AcDbEntity
  8
F.Cu
  6
CONTINUOUS
100
AcDbLine
 10
78.6675149999999945
 20
-36.6184079999999952
 30
0
 11
78.537116999999995
 21
-36.7055369999999996
 31
0
  0
LINE
  5
EE6
330
1B
100
AcDbEntity
  8
F.Cu
  6
CONTINUOUS
100
AcDbLine
 10
78.537116999999995
 20
-36.7055369999999996
 30
0
 11
78.3922280000000029
 21
-36.7655519999999996
 31
0
  0
LINE
  5
EE7
330
1B
100
AcDbEntity
  8
F.Cu
  6
CONTINUOUS
100
AcDbLine
 10
78.3922280000000029
 20
-36.7655519999999996
 30
0
 11
78.2384139999999917
 21
-36.7961479999999952
 31
0
  0
LINE
  5
EE8
330
1B
100
AcDbEntity
  8
F.Cu
  6
CONTINUOUS
100
AcDbLine
 10
78.2384139999999917
 20
-36.7961479999999952
 30
0
 11
78.0815860000000015
 21
-36.7961479999999952
 31
0
  0
LINE
  5
EE9
330
1B
100
AcDbEntity
  8
F.Cu
  6
CONTINUOUS
100
AcDbLine
 10
78.0815860000000015
 20
-36.7961479999999952
 30
0
 11
77.9277719999999903
 21
-36.7655519999999996
 31
0
  0
LINE
  5
EEA
330
1B
100
AcDbEntity
  8
F.Cu
  6
CONTINUOUS
100
AcDbLine
 10
77.9277719999999903
 20
-36.7655519999999996
 30
0
 11
77.7828829999999982
 21
-36.7055369999999996
 31
0
  0
LINE
  5
EEB
330
1B
100
AcDbEntity
  8
F.Cu
  6
CONTINUOUS
100
AcDbLine
 10
77.7828829999999982
 20
-36.7055369999999996
 30
0
 11
77.6524849999999986
 21
-36.6184079999999952
 31
0
  0
LINE
  5
EEC
330
1B
100
AcDbEntity
  8
F.Cu
  6
CONTINUOUS
100
AcDbLine
 10
77.6524849999999986
 20
-36.6184079999999952
 30
0
 11
77.5415919999999943
 21
-36.5075149999999979
 31
0
  0
LINE
  5
EED
330
1B
100
AcDbEntity
  8
F.Cu
  6
CONTINUOUS
100
AcDbLine
 10
77.5415919999999943
 20
-36.5075149999999979
 30
0
 11
77.4544629999999898
 21
-36.3771169999999984
 31
0
  0
LINE
  5
EEE
330
1B
100
AcDbEntity
  8
F.Cu
  6
CONTINUOUS
100
AcDbLine
 10
77.4544629999999898
 20
-36.3771169999999984
 30
0
 11
77.394447999999997
 21
-36.2322279999999992
 31
0
  0
LINE
  5
EEF
330
1B
100
AcDbEntity
  8
F.Cu
  6
CONTINUOUS
100
AcDbLine
 10
77.394447999999997
 20
-36.2322279999999992
 30
0
 11
77.3638519999999943
 21
-36.0784139999999951
 31
0
  0
LINE
  5
EF0
330
1B
100
AcDbEntity
  8
F.Cu
  6
CONTINUOUS
100
AcDbLine
 10
77.3638519999999943
 20
-36.0784139999999951
 30
0
 11
77.3638519999999943
 21
-35.9215859999999978
 31
0
  0
LINE
  5
EF1
330
1B
100
AcDbEntity
  8
F.Cu
  6
CONTINUOUS
100
AcDbLine
 10
77.3638519999999943
 20
-35.9215859999999978
 30
0
 11
77.394447999999997
 21
-35.7677720000000008
 31
0
  0
LINE
  5
EF2
330
1B
100
AcDbEntity
  8
F.Cu
  6
CONTINUOUS
100
AcDbLine
 10
77.394447999999997
 20
-35.7677720000000008
 30
0
 11
77.4544629999999898
 21
-35.6228830000000016
 31
0
  0
LINE
  5
EF3
330
1B
100
AcDbEntity
  8
F.Cu
  6
CONTINUOUS
100
AcDbLine
 10
77.4544629999999898
 20
-35.6228830000000016
 30
0
 11
77.5415919999999943
 21
-35.492484999999995
 31
0
  0
LINE
  5
EF4
330
1B
100
AcDbEntity
  8
F.Cu
  6
CONTINUOUS
100
AcDbLine
 10
77.5415919999999943
 20
-35.492484999999995
 30
0
 11
77.6524849999999986
 21
-35.3815919999999977
 31
0
  0
LINE
  5
EF5
330
1B
100
AcDbEntity
  8
F.Cu
  6
CONTINUOUS
100
AcDbLine
 10
77.6524849999999986
 20
-35.3815919999999977
 30
0
 11
77.7828829999999982
 21
-35.2944630000000004
 31
0
  0
LINE
  5
EF6
330
1B
100
AcDbEntity
  8
F.Cu
  6
CONTINUOUS
100
AcDbLine
 10
77.7828829999999982
 20
-35.2944630000000004
 30
0
 11
77.9277719999999903
 21
-35.2344480000000004
 31
0
  0
LINE
  5
EF7
330
1B
100
AcDbEntity
  8
F.Cu
  6
CONTINUOUS
100
AcDbLine
 10
77.9277719999999903
 20
-35.2344480000000004
 30
0
 11
78.0815860000000015
 21
-35.2038519999999977
 31
0
  0
LINE
  5
EF8
330
1B
100
AcDbEntity
  8
F.Cu
  6
CONTINUOUS
100
AcDbLine
 10
78.0815860000000015
 20
-35.2038519999999977
 30
0
 11
78.2384139999999917
 21
-35.2038519999999977
 31
0
  0
LINE
  5
EF9
330
1B
100
AcDbEntity
  8
F.Cu
  6
CONTINUOUS
100
AcDbLine
 10
78.2384139999999917
 20
-35.2038519999999977
 30
0
 11
78.3922280000000029
 21
-35.2344480000000004
 31
0
  0
LINE
  5
EFA
330
1B
100
AcDbEntity
  8
F.Cu
  6
CONTINUOUS
100
AcDbLine
 10
32.3901809999999983
 20
-28.0384289999999972
 30
0
 11
32.6428790000000006
 21
-28.1061399999999999
 31
0
  0
LINE
  5
EFB
330
1B
100
AcDbEntity
  8
F.Cu
  6
CONTINUOUS
100
AcDbLine
 10
32.6428790000000006
 20
-28.1061399999999999
 30
0
 11
32.8845770000000002
 21
-28.2062549999999987
 31
0
  0
LINE
  5
EFC
330
1B
100
AcDbEntity
  8
F.Cu
  6
CONTINUOUS
100
AcDbLine
 10
32.8845770000000002
 20
-28.2062549999999987
 30
0
 11
33.1111399999999989
 21
-28.3370609999999985
 31
0
  0
LINE
  5
EFD
330
1B
100
AcDbEntity
  8
F.Cu
  6
CONTINUOUS
100
AcDbLine
 10
33.1111399999999989
 20
-28.3370609999999985
 30
0
 11
33.3186919999999986
 21
-28.4963199999999972
 31
0
  0
LINE
  5
EFE
330
1B
100
AcDbEntity
  8
F.Cu
  6
CONTINUOUS
100
AcDbLine
 10
33.3186919999999986
 20
-28.4963199999999972
 30
0
 11
33.5036799999999957
 21
-28.6813079999999978
 31
0
  0
LINE
  5
EFF
330
1B
100
AcDbEntity
  8
F.Cu
  6
CONTINUOUS
100
AcDbLine
 10
33.5036799999999957
 20
-28.6813079999999978
 30
0
 11
33.6629390000000015
 21
-28.8888599999999975
 31
0
  0
LINE
  5
F00
330
1B
100
AcDbEntity
  8
F.Cu
  6
CONTINUOUS
100
AcDbLine
 10
33.6629390000000015
 20
-28.8888599999999975
 30
0
 11
33.7937450000000013
 21
-29.1154229999999998
 31
0
  0
LINE
  5
F01
330
1B
100
AcDbEntity
  8
F.Cu
  6
CONTINUOUS
100
AcDbLine
 10
33.7937450000000013
 20
-29.1154229999999998
 30
0
 11
33.8938599999999965
 21
-29.3571209999999994
 31
0
  0
LINE
  5
F02
330
1B
100
AcDbEntity
  8
F.Cu
  6
CONTINUOUS
100
AcDbLine
 10
33.8938599999999965
 20
-29.3571209999999994
 30
0
 11
33.9615709999999993
 21
-29.6098189999999981
 31
0
  0
LINE
  5
F03
330
1B
100
AcDbEntity
  8
F.Cu
  6
CONTINUOUS
100
AcDbLine
 10
33.9615709999999993
 20
-29.6098189999999981
 30
0
 11
33.9957179999999966
 21
-29.8691940000000002
 31
0
  0
LINE
  5
F04
330
1B
100
AcDbEntity
  8
F.Cu
  6
CONTINUOUS
100
AcDbLine
 10
33.9957179999999966
 20
-29.8691940000000002
 30
0
 11
33.9957179999999966
 21
-30.1308059999999998
 31
0
  0
LINE
  5
F05
330
1B
100
AcDbEntity
  8
F.Cu
  6
CONTINUOUS
100
AcDbLine
 10
33.9957179999999966
 20
-30.1308059999999998
 30
0
 11
33.9615709999999993
 21
-30.3901809999999983
 31
0
  0
LINE
  5
F06
330
1B
100
AcDbEntity
  8
F.Cu
  6
CONTINUOUS
100
AcDbLine
 10
33.9615709999999993
 20
-30.3901809999999983
 30
0
 11
33.8938599999999965
 21
-30.6428789999999971
 31
0
  0
LINE
  5
F07
330
1B
100
AcDbEntity
  8
F.Cu
  6
CONTINUOUS
100
AcDbLine
 10
33.8938599999999965
 20
-30.6428789999999971
 30
0
 11
33.7937450000000013
 21
-30.8845770000000002
 31
0
  0
LINE
  5
F08
330
1B
100
AcDbEntity
  8
F.Cu
  6
CONTINUOUS
100
AcDbLine
 10
33.7937450000000013
 20
-30.8845770000000002
 30
0
 11
33.6629390000000015
 21
-31.1111399999999989
 31
0
  0
LINE
  5
F09
330
1B
100
AcDbEntity
  8
F.Cu
  6
CONTINUOUS
100
AcDbLine
 10
33.6629390000000015
 20
-31.1111399999999989
 30
0
 11
33.5036799999999957
 21
-31.3186919999999986
 31
0
  0
LINE
  5
F0A
330
1B
100
AcDbEntity
  8
F.Cu
  6
CONTINUOUS
100
AcDbLine
 10
33.5036799999999957
 20
-31.3186919999999986
 30
0
 11
33.3186919999999986
 21
-31.5036799999999992
 31
0
  0
LINE
  5
F0B
330
1B
100
AcDbEntity
  8
F.Cu
  6
CONTINUOUS
100
AcDbLine
 10
33.3186919999999986
 20
-31.5036799999999992
 30
0
 11
33.1111399999999989
 21
-31.6629389999999979
 31
0
  0
LINE
  5
F0C
330
1B
100
AcDbEntity
  8
F.Cu
  6
CONTINUOUS
100
AcDbLine
 10
33.1111399999999989
 20
-31.6629389999999979
 30
0
 11
32.8845770000000002
 21
-31.7937449999999977
 31
0
  0
LINE
  5
F0D
330
1B
100
AcDbEntity
  8
F.Cu
  6
CONTINUOUS
100
AcDbLine
 10
32.8845770000000002
 20
-31.7937449999999977
 30
0
 11
32.6428790000000006
 21
-31.8938600000000001
 31
0
  0
LINE
  5
F0E
330
1B
100
AcDbEntity
  8
F.Cu
  6
CONTINUOUS
100
AcDbLine
 10
32.6428790000000006
 20
-31.8938600000000001
 30
0
 11
32.3901809999999983
 21
-31.9615709999999993
 31
0
  0
LINE
  5
F0F
330
1B
100
AcDbEntity
  8
F.Cu
  6
CONTINUOUS
100
AcDbLine
 10
32.3901809999999983
 20
-31.9615709999999993
 30
0
 11
32.1308059999999998
 21
-31.9957180000000001
 31
0
  0
LINE
  5
F10
330
1B
100
AcDbEntity
  8
F.Cu
  6
CONTINUOUS
100
AcDbLine
 10
32.1308059999999998
 20
-31.9957180000000001
 30
0
 11
31.8691940000000002
 21
-31.9957180000000001
 31
0
  0
LINE
  5
F11
330
1B
100
AcDbEntity
  8
F.Cu
  6
CONTINUOUS
100
AcDbLine
 10
31.8691940000000002
 20
-31.9957180000000001
 30
0
 11
31.6098189999999981
 21
-31.9615709999999993
 31
0
  0
LINE
  5
F12
330
1B
100
AcDbEntity
  8
F.Cu
  6
CONTINUOUS
100
AcDbLine
 10
31.6098189999999981
 20
-31.9615709999999993
 30
0
 11
31.3571209999999994
 21
-31.8938600000000001
 31
0
  0
LINE
  5
F13
330
1B
100
AcDbEntity
  8
F.Cu
  6
CONTINUOUS
100
AcDbLine
 10
31.3571209999999994
 20
-31.8938600000000001
 30
0
 11
31.1154229999999998
 21
-31.7937449999999977
 31
0
  0
LINE
  5
F14
330
1B
100
AcDbEntity
  8
F.Cu
  6
CONTINUOUS
100
AcDbLine
 10
31.1154229999999998
 20
-31.7937449999999977
 30
0
 11
30.8888599999999975
 21
-31.6629389999999979
 31
0
  0
LINE
  5
F15
330
1B
100
AcDbEntity
  8
F.Cu
  6
CONTINUOUS
100
AcDbLine
 10
30.8888599999999975
 20
-31.6629389999999979
 30
0
 11
30.6813079999999978
 21
-31.5036799999999992
 31
0
  0
LINE
  5
F16
330
1B
100
AcDbEntity
  8
F.Cu
  6
CONTINUOUS
100
AcDbLine
 10
30.6813079999999978
 20
-31.5036799999999992
 30
0
 11
30.4963199999999972
 21
-31.3186919999999986
 31
0
  0
LINE
  5
F17
330
1B
100
AcDbEntity
  8
F.Cu
  6
CONTINUOUS
100
AcDbLine
 10
30.4963199999999972
 20
-31.3186919999999986
 30
0
 11
30.3370609999999985
 21
-31.1111399999999989
 31
0
  0
LINE
  5
F18
330
1B
100
AcDbEntity
  8
F.Cu
  6
CONTINUOUS
100
AcDbLine
 10
30.3370609999999985
 20
-31.1111399999999989
 30
0
 11
30.2062549999999987
 21
-30.8845770000000002
 31
0
  0
LINE
  5
F19
330
1B
100
AcDbEntity
  8
F.Cu
  6
CONTINUOUS
100
AcDbLine
 10
30.2062549999999987
 20
-30.8845770000000002
 30
0
 11
30.1061399999999999
 21
-30.6428789999999971
 31
0
  0
LINE
  5
F1A
330
1B
100
AcDbEntity
  8
F.Cu
  6
CONTINUOUS
100
AcDbLine
 10
30.1061399999999999
 20
-30.6428789999999971
 30
0
 11
30.0384289999999972
 21
-30.3901809999999983
 31
0
  0
LINE
  5
F1B
330
1B
100
AcDbEntity
  8
F.Cu
  6
CONTINUOUS
100
AcDbLine
 10
30.0384289999999972
 20
-30.3901809999999983
 30
0
 11
30.0042819999999999
 21
-30.1308059999999998
 31
0
  0
LINE
  5
F1C
330
1B
100
AcDbEntity
  8
F.Cu
  6
CONTINUOUS
100
AcDbLine
 10
30.0042819999999999
 20
-30.1308059999999998
 30
0
 11
30.0042819999999999
 21
-29.8691940000000002
 31
0
  0
LINE
  5
F1D
330
1B
100
AcDbEntity
  8
F.Cu
  6
CONTINUOUS
100
AcDbLine
 10
30.0042819999999999
 20
-29.8691940000000002
 30
0
 11
30.0384289999999972
 21
-29.6098189999999981
 31
0
  0
LINE
  5
F1E
330
1B
100
AcDbEntity
  8
F.Cu
  6
CONTINUOUS
100
AcDbLine
 10
30.0384289999999972
 20
-29.6098189999999981
 30
0
 11
30.1061399999999999
 21
-29.3571209999999994
 31
0
  0
LINE
  5
F1F
330
1B
100
AcDbEntity
  8
F.Cu
  6
CONTINUOUS
100
AcDbLine
 10
30.1061399999999999
 20
-29.3571209999999994
 30
0
 11
30.2062549999999987
 21
-29.1154229999999998
 31
0
  0
LINE
  5
F20
330
1B
100
AcDbEntity
  8
F.Cu
  6
CONTINUOUS
100
AcDbLine
 10
30.2062549999999987
 20
-29.1154229999999998
 30
0
 11
30.3370609999999985
 21
-28.8888599999999975
 31
0
  0
LINE
  5
F21
330
1B
100
AcDbEntity
  8
F.Cu
  6
CONTINUOUS
100
AcDbLine
 10
30.3370609999999985
 20
-28.8888599999999975
 30
0
 11
30.4963199999999972
 21
-28.6813079999999978
 31
0
  0
LINE
  5
F22
330
1B
100
AcDbEntity
  8
F.Cu
  6
CONTINUOUS
100
AcDbLine
 10
30.4963199999999972
 20
-28.6813079999999978
 30
0
 11
30.6813079999999978
 21
-28.4963199999999972
 31
0
  0
LINE
  5
F23
330
1B
100
AcDbEntity
  8
F.Cu
  6
CONTINUOUS
100
AcDbLine
 10
30.6813079999999978
 20
-28.4963199999999972
 30
0
 11
30.8888599999999975
 21
-28.3370609999999985
 31
0
  0
LINE
  5
F24
330
1B
100
AcDbEntity
  8
F.Cu
  6
CONTINUOUS
100
AcDbLine
 10
30.8888599999999975
 20
-28.3370609999999985
 30
0
 11
31.1154229999999998
 21
-28.2062549999999987
 31
0
  0
LINE
  5
F25
330
1B
100
AcDbEntity
  8
F.Cu
  6
CONTINUOUS
100
AcDbLine
 10
31.1154229999999998
 20
-28.2062549999999987
 30
0
 11
31.3571209999999994
 21
-28.1061399999999999
 31
0
  0
LINE
  5
F26
330
1B
100
AcDbEntity
  8
F.Cu
  6
CONTINUOUS
100
AcDbLine
 10
31.3571209999999994
 20
-28.1061399999999999
 30
0
 11
31.6098189999999981
 21
-28.0384289999999972
 31
0
  0
LINE
  5
F27
330
1B
100
AcDbEntity
  8
F.Cu
  6
CONTINUOUS
100
AcDbLine
 10
31.6098189999999981
 20
-28.0384289999999972
 30
0
 11
31.8691940000000002
 21
-28.0042819999999999
 31
0
  0
LINE
  5
F28
330
1B
100
AcDbEntity
  8
F.Cu
  6
CONTINUOUS
100
AcDbLine
 10
31.8691940000000002
 20
-28.0042819999999999
 30
0
 11
32.1308059999999998
 21
-28.0042819999999999
 31
0
  0
LINE
  5
F29
330
1B
100
AcDbEntity
  8
F.Cu
  6
CONTINUOUS
100
AcDbLine
 10
32.1308059999999998
 20
-28.0042819999999999
 30
0
 11
32.3901809999999983
 21
-28.0384289999999972
 31
0
  0
LINE
  5
F2A
330
1B
100
AcDbEntity
  8
F.Cu
  6
CONTINUOUS
100
AcDbLine
 10
60.5901809999999941
 20
-28.0384289999999972
 30
0
 11
60.8428789999999964
 21
-28.1061399999999999
 31
0
  0
LINE
  5
F2B
330
1B
100
AcDbEntity
  8
F.Cu
  6
CONTINUOUS
100
AcDbLine
 10
60.8428789999999964
 20
-28.1061399999999999
 30
0
 11
61.0845769999999959
 21
-28.2062549999999987
 31
0
  0
LINE
  5
F2C
330
1B
100
AcDbEntity
  8
F.Cu
  6
CONTINUOUS
100
AcDbLine
 10
61.0845769999999959
 20
-28.2062549999999987
 30
0
 11
61.3111399999999946
 21
-28.3370609999999985
 31
0
  0
LINE
  5
F2D
330
1B
100
AcDbEntity
  8
F.Cu
  6
CONTINUOUS
100
AcDbLine
 10
61.3111399999999946
 20
-28.3370609999999985
 30
0
 11
61.5186919999999944
 21
-28.4963199999999972
 31
0
  0
LINE
  5
F2E
330
1B
100
AcDbEntity
  8
F.Cu
  6
CONTINUOUS
100
AcDbLine
 10
61.5186919999999944
 20
-28.4963199999999972
 30
0
 11
61.7036799999999985
 21
-28.6813079999999978
 31
0
  0
LINE
  5
F2F
330
1B
100
AcDbEntity
  8
F.Cu
  6
CONTINUOUS
100
AcDbLine
 10
61.7036799999999985
 20
-28.6813079999999978
 30
0
 11
61.8629389999999972
 21
-28.8888599999999975
 31
0
  0
LINE
  5
F30
330
1B
100
AcDbEntity
  8
F.Cu
  6
CONTINUOUS
100
AcDbLine
 10
61.8629389999999972
 20
-28.8888599999999975
 30
0
 11
61.993744999999997
 21
-29.1154229999999998
 31
0
  0
LINE
  5
F31
330
1B
100
AcDbEntity
  8
F.Cu
  6
CONTINUOUS
100
AcDbLine
 10
61.993744999999997
 20
-29.1154229999999998
 30
0
 11
62.0938599999999994
 21
-29.3571209999999994
 31
0
  0
LINE
  5
F32
330
1B
100
AcDbEntity
  8
F.Cu
  6
CONTINUOUS
100
AcDbLine
 10
62.0938599999999994
 20
-29.3571209999999994
 30
0
 11
62.161570999999995
 21
-29.6098189999999981
 31
0
  0
LINE
  5
F33
330
1B
100
AcDbEntity
  8
F.Cu
  6
CONTINUOUS
100
AcDbLine
 10
62.161570999999995
 20
-29.6098189999999981
 30
0
 11
62.1957179999999994
 21
-29.8691940000000002
 31
0
  0
LINE
  5
F34
330
1B
100
AcDbEntity
  8
F.Cu
  6
CONTINUOUS
100
AcDbLine
 10
62.1957179999999994
 20
-29.8691940000000002
 30
0
 11
62.1957179999999994
 21
-30.1308059999999998
 31
0
  0
LINE
  5
F35
330
1B
100
AcDbEntity
  8
F.Cu
  6
CONTINUOUS
100
AcDbLine
 10
62.1957179999999994
 20
-30.1308059999999998
 30
0
 11
62.161570999999995
 21
-30.3901809999999983
 31
0
  0
LINE
  5
F36
330
1B
100
AcDbEntity
  8
F.Cu
  6
CONTINUOUS
100
AcDbLine
 10
62.161570999999995
 20
-30.3901809999999983
 30
0
 11
62.0938599999999994
 21
-30.6428789999999971
 31
0
  0
LINE
  5
F37
330
1B
100
AcDbEntity
  8
F.Cu
  6
CONTINUOUS
100
AcDbLine
 10
62.0938599999999994
 20
-30.6428789999999971
 30
0
 11
61.993744999999997
 21
-30.8845770000000002
 31
0
  0
LINE
  5
F38
330
1B
100
AcDbEntity
  8
F.Cu
  6
CONTINUOUS
100
AcDbLine
 10
61.993744999999997
 20
-30.8845770000000002
 30
0
 11
61.8629389999999972
 21
-31.1111399999999989
 31
0
  0
LINE
  5
F39
330
1B
100
AcDbEntity
  8
F.Cu
  6
CONTINUOUS
100
AcDbLine
 10
61.8629389999999972
 20
-31.1111399999999989
 30
0
 11
61.7036799999999985
 21
-31.3186919999999986
 31
0
  0
LINE
  5
F3A
330
1B
100
AcDbEntity
  8
F.Cu
  6
CONTINUOUS
100
AcDbLine
 10
61.7036799999999985
 20
-31.3186919999999986
 30
0
 11
61.5186919999999944
 21
-31.5036799999999992
 31
0
  0
LINE
  5
F3B
330
1B
100
AcDbEntity
  8
F.Cu
  6
CONTINUOUS
100
AcDbLine
 10
61.5186919999999944
 20
-31.5036799999999992
 30
0
 11
61.3111399999999946
 21
-31.6629389999999979
 31
0
  0
LINE
  5
F3C
330
1B
100
AcDbEntity
  8
F.Cu
  6
CONTINUOUS
100
AcDbLine
 10
61.3111399999999946
 20
-31.6629389999999979
 30
0
 11
61.0845769999999959
 21
-31.7937449999999977
 31
0
  0
LINE
  5
F3D
330
1B
100
AcDbEntity
  8
F.Cu
  6
CONTINUOUS
100
AcDbLine
 10
61.0845769999999959
 20
-31.7937449999999977
 30
0
 11
60.8428789999999964
 21
-31.8938600000000001
 31
0
  0
LINE
  5
F3E
330
1B
100
AcDbEntity
  8
F.Cu
  6
CONTINUOUS
100
AcDbLine
 10
60.8428789999999964
 20
-31.8938600000000001
 30
0
 11
60.5901809999999941
 21
-31.9615709999999993
 31
0
  0
LINE
  5
F3F
330
1B
100
AcDbEntity
  8
F.Cu
  6
CONTINUOUS
100
AcDbLine
 10
60.5901809999999941
 20
-31.9615709999999993
 30
0
 11
60.3308059999999955
 21
-31.9957180000000001
 31
0
  0
LINE
  5
F40
330
1B
100
AcDbEntity
  8
F.Cu
  6
CONTINUOUS
100
AcDbLine
 10
60.3308059999999955
 20
-31.9957180000000001
 30
0
 11
60.069193999999996
 21
-31.9957180000000001
 31
0
  0
LINE
  5
F41
330
1B
100
AcDbEntity
  8
F.Cu
  6
CONTINUOUS
100
AcDbLine
 10
60.069193999999996
 20
-31.9957180000000001
 30
0
 11
59.8098189999999974
 21
-31.9615709999999993
 31
0
  0
LINE
  5
F42
330
1B
100
AcDbEntity
  8
F.Cu
  6
CONTINUOUS
100
AcDbLine
 10
59.8098189999999974
 20
-31.9615709999999993
 30
0
 11
59.5571209999999951
 21
-31.8938600000000001
 31
0
  0
LINE
  5
F43
330
1B
100
AcDbEntity
  8
F.Cu
  6
CONTINUOUS
100
AcDbLine
 10
59.5571209999999951
 20
-31.8938600000000001
 30
0
 11
59.3154229999999956
 21
-31.7937449999999977
 31
0
  0
LINE
  5
F44
330
1B
100
AcDbEntity
  8
F.Cu
  6
CONTINUOUS
100
AcDbLine
 10
59.3154229999999956
 20
-31.7937449999999977
 30
0
 11
59.0888599999999968
 21
-31.6629389999999979
 31
0
  0
LINE
  5
F45
330
1B
100
AcDbEntity
  8
F.Cu
  6
CONTINUOUS
100
AcDbLine
 10
59.0888599999999968
 20
-31.6629389999999979
 30
0
 11
58.8813079999999971
 21
-31.5036799999999992
 31
0
  0
LINE
  5
F46
330
1B
100
AcDbEntity
  8
F.Cu
  6
CONTINUOUS
100
AcDbLine
 10
58.8813079999999971
 20
-31.5036799999999992
 30
0
 11
58.6963200000000001
 21
-31.3186919999999986
 31
0
  0
LINE
  5
F47
330
1B
100
AcDbEntity
  8
F.Cu
  6
CONTINUOUS
100
AcDbLine
 10
58.6963200000000001
 20
-31.3186919999999986
 30
0
 11
58.5370609999999942
 21
-31.1111399999999989
 31
0
  0
LINE
  5
F48
330
1B
100
AcDbEntity
  8
F.Cu
  6
CONTINUOUS
100
AcDbLine
 10
58.5370609999999942
 20
-31.1111399999999989
 30
0
 11
58.4062549999999945
 21
-30.8845770000000002
 31
0
  0
LINE
  5
F49
330
1B
100
AcDbEntity
  8
F.Cu
  6
CONTINUOUS
100
AcDbLine
 10
58.4062549999999945
 20
-30.8845770000000002
 30
0
 11
58.3061399999999992
 21
-30.6428789999999971
 31
0
  0
LINE
  5
F4A
330
1B
100
AcDbEntity
  8
F.Cu
  6
CONTINUOUS
100
AcDbLine
 10
58.3061399999999992
 20
-30.6428789999999971
 30
0
 11
58.2384289999999964
 21
-30.3901809999999983
 31
0
  0
LINE
  5
F4B
330
1B
100
AcDbEntity
  8
F.Cu
  6
CONTINUOUS
100
AcDbLine
 10
58.2384289999999964
 20
-30.3901809999999983
 30
0
 11
58.2042819999999992
 21
-30.1308059999999998
 31
0
  0
LINE
  5
F4C
330
1B
100
AcDbEntity
  8
F.Cu
  6
CONTINUOUS
100
AcDbLine
 10
58.2042819999999992
 20
-30.1308059999999998
 30
0
 11
58.2042819999999992
 21
-29.8691940000000002
 31
0
  0
LINE
  5
F4D
330
1B
100
AcDbEntity
  8
F.Cu
  6
CONTINUOUS
100
AcDbLine
 10
58.2042819999999992
 20
-29.8691940000000002
 30
0
 11
58.2384289999999964
 21
-29.6098189999999981
 31
0
  0
LINE
  5
F4E
330
1B
100
AcDbEntity
  8
F.Cu
  6
CONTINUOUS
100
AcDbLine
 10
58.2384289999999964
 20
-29.6098189999999981
 30
0
 11
58.3061399999999992
 21
-29.3571209999999994
 31
0
  0
LINE
  5
F4F
330
1B
100
AcDbEntity
  8
F.Cu
  6
CONTINUOUS
100
AcDbLine
 10
58.3061399999999992
 20
-29.3571209999999994
 30
0
 11
58.4062549999999945
 21
-29.1154229999999998
 31
0
  0
LINE
  5
F50
330
1B
100
AcDbEntity
  8
F.Cu
  6
CONTINUOUS
100
AcDbLine
 10
58.4062549999999945
 20
-29.1154229999999998
 30
0
 11
58.5370609999999942
 21
-28.8888599999999975
 31
0
  0
LINE
  5
F51
330
1B
100
AcDbEntity
  8
F.Cu
  6
CONTINUOUS
100
AcDbLine
 10
58.5370609999999942
 20
-28.8888599999999975
 30
0
 11
58.6963200000000001
 21
-28.6813079999999978
 31
0
  0
LINE
  5
F52
330
1B
100
AcDbEntity
  8
F.Cu
  6
CONTINUOUS
100
AcDbLine
 10
58.6963200000000001
 20
-28.6813079999999978
 30
0
 11
58.8813079999999971
 21
-28.4963199999999972
 31
0
  0
LINE
  5
F53
330
1B
100
AcDbEntity
  8
F.Cu
  6
CONTINUOUS
100
AcDbLine
 10
58.8813079999999971
 20
-28.4963199999999972
 30
0
 11
59.0888599999999968
 21
-28.3370609999999985
 31
0
  0
LINE
  5
F54
330
1B
100
AcDbEntity
  8
F.Cu
  6
CONTINUOUS
100
AcDbLine
 10
59.0888599999999968
 20
-28.3370609999999985
 30
0
 11
59.3154229999999956
 21
-28.2062549999999987
 31
0
  0
LINE
  5
F55
330
1B
100
AcDbEntity
  8
F.Cu
  6
CONTINUOUS
100
AcDbLine
 10
59.3154229999999956
 20
-28.2062549999999987
 30
0
 11
59.5571209999999951
 21
-28.1061399999999999
 31
0
  0
LINE
  5
F56
330
1B
100
AcDbEntity
  8
F.Cu
  6
CONTINUOUS
100
AcDbLine
 10
59.5571209999999951
 20
-28.1061399999999999
 30
0
 11
59.8098189999999974
 21
-28.0384289999999972
 31
0
  0
LINE
  5
F57
330
1B
100
AcDbEntity
  8
F.Cu
  6
CONTINUOUS
100
AcDbLine
 10
59.8098189999999974
 20
-28.0384289999999972
 30
0
 11
60.069193999999996
 21
-28.0042819999999999
 31
0
  0
LINE
  5
F58
330
1B
100
AcDbEntity
  8
F.Cu
  6
CONTINUOUS
100
AcDbLine
 10
60.069193999999996
 20
-28.0042819999999999
 30
0
 11
60.3308059999999955
 21
-28.0042819999999999
 31
0
  0
LINE
  5
F59
330
1B
100
AcDbEntity
  8
F.Cu
  6
CONTINUOUS
100
AcDbLine
 10
60.3308059999999955
 20
-28.0042819999999999
 30
0
 11
60.5901809999999941
 21
-28.0384289999999972
 31
0
  0
LINE
  5
F5A
330
1B
100
AcDbEntity
  8
F.Cu
  6
CONTINUOUS
100
AcDbLine
 10
68.8499999999999943
 20
-31.
 30
0
 11
67.1499999999999915
 21
-31.
 31
0
  0
LINE
  5
F5B
330
1B
100
AcDbEntity
  8
F.Cu
  6
CONTINUOUS
100
AcDbLine
 10
67.1499999999999915
 20
-31.
 30
0
 11
67.1499999999999915
 21
-29.
 31
0
  0
LINE
  5
F5C
330
1B
100
AcDbEntity
  8
F.Cu
  6
CONTINUOUS
100
AcDbLine
 10
67.1499999999999915
 20
-29.
 30
0
 11
68.8499999999999943
 21
-29.
 31
0
  0
LINE
  5
F5D
330
1B
100
AcDbEntity
  8
F.Cu
  6
CONTINUOUS
100
AcDbLine
 10
68.8499999999999943
 20
-29.
 30
0
 11
68.8499999999999943
 21
-31.
 31
0
  0
LINE
  5
F5E
330
1B
100
AcDbEntity
  8
F.Cu
  6
CONTINUOUS
100
AcDbLine
 10
81.
 20
-31.
 30
0
 11
79.
 21
-31.
 31
0
  0
LINE
  5
F5F
330
1B
100
AcDbEntity
  8
F.Cu
  6
CONTINUOUS
100
AcDbLine
 10
79.
 20
-31.
 30
0
 11
79.
 21
-29.
 31
0
  0
LINE
  5
F60
330
1B
100
AcDbEntity
  8
F.Cu
  6
CONTINUOUS
100
AcDbLine
 10
79.
 20
-29.
 30
0
 11
81.
 21
-29.
 31
0
  0
LINE
  5
F61
330
1B
100
AcDbEntity
  8
F.Cu
  6
CONTINUOUS
100
AcDbLine
 10
81.
 20
-29.
 30
0
 11
81.
 21
-31.
 31
0
  0
LINE
  5
F62
330
1B
100
AcDbEntity
  8
F.Cu
  6
CONTINUOUS
100
AcDbLine
 10
70.7867420000000038
 20
-29.0366009999999974
 30
0
 11
70.9406869999999969
 21
-29.1003669999999985
 31
0
  0
LINE
  5
F63
330
1B
100
AcDbEntity
  8
F.Cu
  6
CONTINUOUS
100
AcDbLine
 10
70.9406869999999969
 20
-29.1003669999999985
 30
0
 11
71.0792339999999996
 21
-29.1929409999999976
 31
0
  0
LINE
  5
F64
330
1B
100
AcDbEntity
  8
F.Cu
  6
CONTINUOUS
100
AcDbLine
 10
71.0792339999999996
 20
-29.1929409999999976
 30
0
 11
71.1970589999999959
 21
-29.3107659999999974
 31
0
  0
LINE
  5
F65
330
1B
100
AcDbEntity
  8
F.Cu
  6
CONTINUOUS
100
AcDbLine
 10
71.1970589999999959
 20
-29.3107659999999974
 30
0
 11
71.2896329999999949
 21
-29.4493130000000001
 31
0
  0
LINE
  5
F66
330
1B
100
AcDbEntity
  8
F.Cu
  6
CONTINUOUS
100
AcDbLine
 10
71.2896329999999949
 20
-29.4493130000000001
 30
0
 11
71.353398999999996
 21
-29.6032580000000003
 31
0
  0
LINE
  5
F67
330
1B
100
AcDbEntity
  8
F.Cu
  6
CONTINUOUS
100
AcDbLine
 10
71.353398999999996
 20
-29.6032580000000003
 30
0
 11
71.3859070000000031
 21
-29.766684999999999
 31
0
  0
LINE
  5
F68
330
1B
100
AcDbEntity
  8
F.Cu
  6
CONTINUOUS
100
AcDbLine
 10
71.3859070000000031
 20
-29.766684999999999
 30
0
 11
71.3900000000000006
 21
-29.8499999999999979
 31
0
  0
LINE
  5
F69
330
1B
100
AcDbEntity
  8
F.Cu
  6
CONTINUOUS
100
AcDbLine
 10
71.3900000000000006
 20
-29.8499999999999979
 30
0
 11
71.3900000000000006
 21
-30.1499999999999986
 31
0
  0
LINE
  5
F6A
330
1B
100
AcDbEntity
  8
F.Cu
  6
CONTINUOUS
100
AcDbLine
 10
71.3900000000000006
 20
-30.1499999999999986
 30
0
 11
71.3859070000000031
 21
-30.2333149999999975
 31
0
  0
LINE
  5
F6B
330
1B
100
AcDbEntity
  8
F.Cu
  6
CONTINUOUS
100
AcDbLine
 10
71.3859070000000031
 20
-30.2333149999999975
 30
0
 11
71.353398999999996
 21
-30.3967419999999997
 31
0
  0
LINE
  5
F6C
330
1B
100
AcDbEntity
  8
F.Cu
  6
CONTINUOUS
100
AcDbLine
 10
71.353398999999996
 20
-30.3967419999999997
 30
0
 11
71.2896329999999949
 21
-30.5506869999999999
 31
0
  0
LINE
  5
F6D
330
1B
100
AcDbEntity
  8
F.Cu
  6
CONTINUOUS
100
AcDbLine
 10
71.2896329999999949
 20
-30.5506869999999999
 30
0
 11
71.1970589999999959
 21
-30.689233999999999
 31
0
  0
LINE
  5
F6E
330
1B
100
AcDbEntity
  8
F.Cu
  6
CONTINUOUS
100
AcDbLine
 10
71.1970589999999959
 20
-30.689233999999999
 30
0
 11
71.0792339999999996
 21
-30.8070589999999989
 31
0
  0
LINE
  5
F6F
330
1B
100
AcDbEntity
  8
F.Cu
  6
CONTINUOUS
100
AcDbLine
 10
71.0792339999999996
 20
-30.8070589999999989
 30
0
 11
70.9406869999999969
 21
-30.8996329999999979
 31
0
  0
LINE
  5
F70
330
1B
100
AcDbEntity
  8
F.Cu
  6
CONTINUOUS
100
AcDbLine
 10
70.9406869999999969
 20
-30.8996329999999979
 30
0
 11
70.7867420000000038
 21
-30.963398999999999
 31
0
  0
LINE
  5
F71
330
1B
100
AcDbEntity
  8
F.Cu
  6
CONTINUOUS
100
AcDbLine
 10
70.7867420000000038
 20
-30.963398999999999
 30
0
 11
70.623314999999991
 21
-30.995906999999999
 31
0
  0
LINE
  5
F72
330
1B
100
AcDbEntity
  8
F.Cu
  6
CONTINUOUS
100
AcDbLine
 10
70.623314999999991
 20
-30.995906999999999
 30
0
 11
70.4566849999999931
 21
-30.995906999999999
 31
0
  0
LINE
  5
F73
330
1B
100
AcDbEntity
  8
F.Cu
  6
CONTINUOUS
100
AcDbLine
 10
70.4566849999999931
 20
-30.995906999999999
 30
0
 11
70.2932579999999945
 21
-30.963398999999999
 31
0
  0
LINE
  5
F74
330
1B
100
AcDbEntity
  8
F.Cu
  6
CONTINUOUS
100
AcDbLine
 10
70.2932579999999945
 20
-30.963398999999999
 30
0
 11
70.1393130000000014
 21
-30.8996329999999979
 31
0
  0
LINE
  5
F75
330
1B
100
AcDbEntity
  8
F.Cu
  6
CONTINUOUS
100
AcDbLine
 10
70.1393130000000014
 20
-30.8996329999999979
 30
0
 11
70.0007659999999987
 21
-30.8070589999999989
 31
0
  0
LINE
  5
F76
330
1B
100
AcDbEntity
  8
F.Cu
  6
CONTINUOUS
100
AcDbLine
 10
70.0007659999999987
 20
-30.8070589999999989
 30
0
 11
69.8829410000000024
 21
-30.689233999999999
 31
0
  0
LINE
  5
F77
330
1B
100
AcDbEntity
  8
F.Cu
  6
CONTINUOUS
100
AcDbLine
 10
69.8829410000000024
 20
-30.689233999999999
 30
0
 11
69.7903670000000034
 21
-30.5506869999999999
 31
0
  0
LINE
  5
F78
330
1B
100
AcDbEntity
  8
F.Cu
  6
CONTINUOUS
100
AcDbLine
 10
69.7903670000000034
 20
-30.5506869999999999
 30
0
 11
69.7266010000000023
 21
-30.3967419999999997
 31
0
  0
LINE
  5
F79
330
1B
100
AcDbEntity
  8
F.Cu
  6
CONTINUOUS
100
AcDbLine
 10
69.7266010000000023
 20
-30.3967419999999997
 30
0
 11
69.6940929999999952
 21
-30.2333149999999975
 31
0
  0
LINE
  5
F7A
330
1B
100
AcDbEntity
  8
F.Cu
  6
CONTINUOUS
100
AcDbLine
 10
69.6940929999999952
 20
-30.2333149999999975
 30
0
 11
69.6899999999999977
 21
-30.1499999999999986
 31
0
  0
LINE
  5
F7B
330
1B
100
AcDbEntity
  8
F.Cu
  6
CONTINUOUS
100
AcDbLine
 10
69.6899999999999977
 20
-30.1499999999999986
 30
0
 11
69.6899999999999977
 21
-29.8499999999999979
 31
0
  0
LINE
  5
F7C
330
1B
100
AcDbEntity
  8
F.Cu
  6
CONTINUOUS
100
AcDbLine
 10
69.6899999999999977
 20
-29.8499999999999979
 30
0
 11
69.6940929999999952
 21
-29.766684999999999
 31
0
  0
LINE
  5
F7D
330
1B
100
AcDbEntity
  8
F.Cu
  6
CONTINUOUS
100
AcDbLine
 10
69.6940929999999952
 20
-29.766684999999999
 30
0
 11
69.7266010000000023
 21
-29.6032580000000003
 31
0
  0
LINE
  5
F7E
330
1B
100
AcDbEntity
  8
F.Cu
  6
CONTINUOUS
100
AcDbLine
 10
69.7266010000000023
 20
-29.6032580000000003
 30
0
 11
69.7903670000000034
 21
-29.4493130000000001
 31
0
  0
LINE
  5
F7F
330
1B
100
AcDbEntity
  8
F.Cu
  6
CONTINUOUS
100
AcDbLine
 10
69.7903670000000034
 20
-29.4493130000000001
 30
0
 11
69.8829410000000024
 21
-29.3107659999999974
 31
0
  0
LINE
  5
F80
330
1B
100
AcDbEntity
  8
F.Cu
  6
CONTINUOUS
100
AcDbLine
 10
69.8829410000000024
 20
-29.3107659999999974
 30
0
 11
70.0007659999999987
 21
-29.1929409999999976
 31
0
  0
LINE
  5
F81
330
1B
100
AcDbEntity
  8
F.Cu
  6
CONTINUOUS
100
AcDbLine
 10
70.0007659999999987
 20
-29.1929409999999976
 30
0
 11
70.1393130000000014
 21
-29.1003669999999985
 31
0
  0
LINE
  5
F82
330
1B
100
AcDbEntity
  8
F.Cu
  6
CONTINUOUS
100
AcDbLine
 10
70.1393130000000014
 20
-29.1003669999999985
 30
0
 11
70.2932579999999945
 21
-29.0366009999999974
 31
0
  0
LINE
  5
F83
330
1B
100
AcDbEntity
  8
F.Cu
  6
CONTINUOUS
100
AcDbLine
 10
70.2932579999999945
 20
-29.0366009999999974
 30
0
 11
70.4566849999999931
 21
-29.0040929999999975
 31
0
  0
LINE
  5
F84
330
1B
100
AcDbEntity
  8
F.Cu
  6
CONTINUOUS
100
AcDbLine
 10
70.4566849999999931
 20
-29.0040929999999975
 30
0
 11
70.623314999999991
 21
-29.0040929999999975
 31
0
  0
LINE
  5
F85
330
1B
100
AcDbEntity
  8
F.Cu
  6
CONTINUOUS
100
AcDbLine
 10
70.623314999999991
 20
-29.0040929999999975
 30
0
 11
70.7867420000000038
 21
-29.0366009999999974
 31
0
  0
LINE
  5
F86
330
1B
100
AcDbEntity
  8
F.Cu
  6
CONTINUOUS
100
AcDbLine
 10
73.3267419999999959
 20
-29.0366009999999974
 30
0
 11
73.4806870000000032
 21
-29.1003669999999985
 31
0
  0
LINE
  5
F87
330
1B
100
AcDbEntity
  8
F.Cu
  6
CONTINUOUS
100
AcDbLine
 10
73.4806870000000032
 20
-29.1003669999999985
 30
0
 11
73.6192339999999916
 21
-29.1929409999999976
 31
0
  0
LINE
  5
F88
330
1B
100
AcDbEntity
  8
F.Cu
  6
CONTINUOUS
100
AcDbLine
 10
73.6192339999999916
 20
-29.1929409999999976
 30
0
 11
73.7370590000000021
 21
-29.3107659999999974
 31
0
  0
LINE
  5
F89
330
1B
100
AcDbEntity
  8
F.Cu
  6
CONTINUOUS
100
AcDbLine
 10
73.7370590000000021
 20
-29.3107659999999974
 30
0
 11
73.8296330000000012
 21
-29.4493130000000001
 31
0
  0
LINE
  5
F8A
330
1B
100
AcDbEntity
  8
F.Cu
  6
CONTINUOUS
100
AcDbLine
 10
73.8296330000000012
 20
-29.4493130000000001
 30
0
 11
73.8933990000000023
 21
-29.6032580000000003
 31
0
  0
LINE
  5
F8B
330
1B
100
AcDbEntity
  8
F.Cu
  6
CONTINUOUS
100
AcDbLine
 10
73.8933990000000023
 20
-29.6032580000000003
 30
0
 11
73.9259069999999952
 21
-29.766684999999999
 31
0
  0
LINE
  5
F8C
330
1B
100
AcDbEntity
  8
F.Cu
  6
CONTINUOUS
100
AcDbLine
 10
73.9259069999999952
 20
-29.766684999999999
 30
0
 11
73.9299999999999926
 21
-29.8499999999999979
 31
0
  0
LINE
  5
F8D
330
1B
100
AcDbEntity
  8
F.Cu
  6
CONTINUOUS
100
AcDbLine
 10
73.9299999999999926
 20
-29.8499999999999979
 30
0
 11
73.9299999999999926
 21
-30.1499999999999986
 31
0
  0
LINE
  5
F8E
330
1B
100
AcDbEntity
  8
F.Cu
  6
CONTINUOUS
100
AcDbLine
 10
73.9299999999999926
 20
-30.1499999999999986
 30
0
 11
73.9259069999999952
 21
-30.2333149999999975
 31
0
  0
LINE
  5
F8F
330
1B
100
AcDbEntity
  8
F.Cu
  6
CONTINUOUS
100
AcDbLine
 10
73.9259069999999952
 20
-30.2333149999999975
 30
0
 11
73.8933990000000023
 21
-30.3967419999999997
 31
0
  0
LINE
  5
F90
330
1B
100
AcDbEntity
  8
F.Cu
  6
CONTINUOUS
100
AcDbLine
 10
73.8933990000000023
 20
-30.3967419999999997
 30
0
 11
73.8296330000000012
 21
-30.5506869999999999
 31
0
  0
LINE
  5
F91
330
1B
100
AcDbEntity
  8
F.Cu
  6
CONTINUOUS
100
AcDbLine
 10
73.8296330000000012
 20
-30.5506869999999999
 30
0
 11
73.7370590000000021
 21
-30.689233999999999
 31
0
  0
LINE
  5
F92
330
1B
100
AcDbEntity
  8
F.Cu
  6
CONTINUOUS
100
AcDbLine
 10
73.7370590000000021
 20
-30.689233999999999
 30
0
 11
73.6192339999999916
 21
-30.8070589999999989
 31
0
  0
LINE
  5
F93
330
1B
100
AcDbEntity
  8
F.Cu
  6
CONTINUOUS
100
AcDbLine
 10
73.6192339999999916
 20
-30.8070589999999989
 30
0
 11
73.4806870000000032
 21
-30.8996329999999979
 31
0
  0
LINE
  5
F94
330
1B
100
AcDbEntity
  8
F.Cu
  6
CONTINUOUS
100
AcDbLine
 10
73.4806870000000032
 20
-30.8996329999999979
 30
0
 11
73.3267419999999959
 21
-30.963398999999999
 31
0
  0
LINE
  5
F95
330
1B
100
AcDbEntity
  8
F.Cu
  6
CONTINUOUS
100
AcDbLine
 10
73.3267419999999959
 20
-30.963398999999999
 30
0
 11
73.1633149999999972
 21
-30.995906999999999
 31
0
  0
LINE
  5
F96
330
1B
100
AcDbEntity
  8
F.Cu
  6
CONTINUOUS
100
AcDbLine
 10
73.1633149999999972
 20
-30.995906999999999
 30
0
 11
72.9966849999999994
 21
-30.995906999999999
 31
0
  0
LINE
  5
F97
330
1B
100
AcDbEntity
  8
F.Cu
  6
CONTINUOUS
100
AcDbLine
 10
72.9966849999999994
 20
-30.995906999999999
 30
0
 11
72.8332580000000007
 21
-30.963398999999999
 31
0
  0
LINE
  5
F98
330
1B
100
AcDbEntity
  8
F.Cu
  6
CONTINUOUS
100
AcDbLine
 10
72.8332580000000007
 20
-30.963398999999999
 30
0
 11
72.6793129999999934
 21
-30.8996329999999979
 31
0
  0
LINE
  5
F99
330
1B
100
AcDbEntity
  8
F.Cu
  6
CONTINUOUS
100
AcDbLine
 10
72.6793129999999934
 20
-30.8996329999999979
 30
0
 11
72.5407659999999908
 21
-30.8070589999999989
 31
0
  0
LINE
  5
F9A
330
1B
100
AcDbEntity
  8
F.Cu
  6
CONTINUOUS
100
AcDbLine
 10
72.5407659999999908
 20
-30.8070589999999989
 30
0
 11
72.4229409999999945
 21
-30.689233999999999
 31
0
  0
LINE
  5
F9B
330
1B
100
AcDbEntity
  8
F.Cu
  6
CONTINUOUS
100
AcDbLine
 10
72.4229409999999945
 20
-30.689233999999999
 30
0
 11
72.3303669999999954
 21
-30.5506869999999999
 31
0
  0
LINE
  5
F9C
330
1B
100
AcDbEntity
  8
F.Cu
  6
CONTINUOUS
100
AcDbLine
 10
72.3303669999999954
 20
-30.5506869999999999
 30
0
 11
72.2666009999999943
 21
-30.3967419999999997
 31
0
  0
LINE
  5
F9D
330
1B
100
AcDbEntity
  8
F.Cu
  6
CONTINUOUS
100
AcDbLine
 10
72.2666009999999943
 20
-30.3967419999999997
 30
0
 11
72.2340930000000014
 21
-30.2333149999999975
 31
0
  0
LINE
  5
F9E
330
1B
100
AcDbEntity
  8
F.Cu
  6
CONTINUOUS
100
AcDbLine
 10
72.2340930000000014
 20
-30.2333149999999975
 30
0
 11
72.2299999999999898
 21
-30.1499999999999986
 31
0
  0
LINE
  5
F9F
330
1B
100
AcDbEntity
  8
F.Cu
  6
CONTINUOUS
100
AcDbLine
 10
72.2299999999999898
 20
-30.1499999999999986
 30
0
 11
72.2299999999999898
 21
-29.8499999999999979
 31
0
  0
LINE
  5
FA0
330
1B
100
AcDbEntity
  8
F.Cu
  6
CONTINUOUS
100
AcDbLine
 10
72.2299999999999898
 20
-29.8499999999999979
 30
0
 11
72.2340930000000014
 21
-29.766684999999999
 31
0
  0
LINE
  5
FA1
330
1B
100
AcDbEntity
  8
F.Cu
  6
CONTINUOUS
100
AcDbLine
 10
72.2340930000000014
 20
-29.766684999999999
 30
0
 11
72.2666009999999943
 21
-29.6032580000000003
 31
0
  0
LINE
  5
FA2
330
1B
100
AcDbEntity
  8
F.Cu
  6
CONTINUOUS
100
AcDbLine
 10
72.2666009999999943
 20
-29.6032580000000003
 30
0
 11
72.3303669999999954
 21
-29.4493130000000001
 31
0
  0
LINE
  5
FA3
330
1B
100
AcDbEntity
  8
F.Cu
  6
CONTINUOUS
100
AcDbLine
 10
72.3303669999999954
 20
-29.4493130000000001
 30
0
 11
72.4229409999999945
 21
-29.3107659999999974
 31
0
  0
LINE
  5
FA4
330
1B
100
AcDbEntity
  8
F.Cu
  6
CONTINUOUS
100
AcDbLine
 10
72.4229409999999945
 20
-29.3107659999999974
 30
0
 11
72.5407659999999908
 21
-29.1929409999999976
 31
0
  0
LINE
  5
FA5
330
1B
100
AcDbEntity
  8
F.Cu
  6
CONTINUOUS
100
AcDbLine
 10
72.5407659999999908
 20
-29.1929409999999976
 30
0
 11
72.6793129999999934
 21
-29.1003669999999985
 31
0
  0
LINE
  5
FA6
330
1B
100
AcDbEntity
  8
F.Cu
  6
CONTINUOUS
100
AcDbLine
 10
72.6793129999999934
 20
-29.1003669999999985
 30
0
 11
72.8332580000000007
 21
-29.0366009999999974
 31
0
  0
LINE
  5
FA7
330
1B
100
AcDbEntity
  8
F.Cu
  6
CONTINUOUS
100
AcDbLine
 10
72.8332580000000007
 20
-29.0366009999999974
 30
0
 11
72.9966849999999994
 21
-29.0040929999999975
 31
0
  0
LINE
  5
FA8
330
1B
100
AcDbEntity
  8
F.Cu
  6
CONTINUOUS
100
AcDbLine
 10
72.9966849999999994
 20
-29.0040929999999975
 30
0
 11
73.1633149999999972
 21
-29.0040929999999975
 31
0
  0
LINE
  5
FA9
330
1B
100
AcDbEntity
  8
F.Cu
  6
CONTINUOUS
100
AcDbLine
 10
73.1633149999999972
 20
-29.0040929999999975
 30
0
 11
73.3267419999999959
 21
-29.0366009999999974
 31
0
  0
LINE
  5
FAA
330
1B
100
AcDbEntity
  8
F.Cu
  6
CONTINUOUS
100
AcDbLine
 10
85.3702849999999955
 20
-29.043059999999997
 30
0
 11
85.5513969999999944
 21
-29.118078999999998
 31
0
  0
LINE
  5
FAB
330
1B
100
AcDbEntity
  8
F.Cu
  6
CONTINUOUS
100
AcDbLine
 10
85.5513969999999944
 20
-29.118078999999998
 30
0
 11
85.7143930000000012
 21
-29.2269899999999971
 31
0
  0
LINE
  5
FAC
330
1B
100
AcDbEntity
  8
F.Cu
  6
CONTINUOUS
100
AcDbLine
 10
85.7143930000000012
 20
-29.2269899999999971
 30
0
 11
85.8530099999999976
 21
-29.3656069999999971
 31
0
  0
LINE
  5
FAD
330
1B
100
AcDbEntity
  8
F.Cu
  6
CONTINUOUS
100
AcDbLine
 10
85.8530099999999976
 20
-29.3656069999999971
 30
0
 11
85.9619209999999896
 21
-29.5286030000000004
 31
0
  0
LINE
  5
FAE
330
1B
100
AcDbEntity
  8
F.Cu
  6
CONTINUOUS
100
AcDbLine
 10
85.9619209999999896
 20
-29.5286030000000004
 30
0
 11
86.0369400000000013
 21
-29.7097149999999992
 31
0
  0
LINE
  5
FAF
330
1B
100
AcDbEntity
  8
F.Cu
  6
CONTINUOUS
100
AcDbLine
 10
86.0369400000000013
 20
-29.7097149999999992
 30
0
 11
86.0751849999999905
 21
-29.9019829999999978
 31
0
  0
LINE
  5
FB0
330
1B
100
AcDbEntity
  8
F.Cu
  6
CONTINUOUS
100
AcDbLine
 10
86.0751849999999905
 20
-29.9019829999999978
 30
0
 11
86.0751849999999905
 21
-30.0980169999999987
 31
0
  0
LINE
  5
FB1
330
1B
100
AcDbEntity
  8
F.Cu
  6
CONTINUOUS
100
AcDbLine
 10
86.0751849999999905
 20
-30.0980169999999987
 30
0
 11
86.0369400000000013
 21
-30.2902849999999972
 31
0
  0
LINE
  5
FB2
330
1B
100
AcDbEntity
  8
F.Cu
  6
CONTINUOUS
100
AcDbLine
 10
86.0369400000000013
 20
-30.2902849999999972
 30
0
 11
85.9619209999999896
 21
-30.4713969999999996
 31
0
  0
LINE
  5
FB3
330
1B
100
AcDbEntity
  8
F.Cu
  6
CONTINUOUS
100
AcDbLine
 10
85.9619209999999896
 20
-30.4713969999999996
 30
0
 11
85.8530099999999976
 21
-30.6343929999999993
 31
0
  0
LINE
  5
FB4
330
1B
100
AcDbEntity
  8
F.Cu
  6
CONTINUOUS
100
AcDbLine
 10
85.8530099999999976
 20
-30.6343929999999993
 30
0
 11
85.7143930000000012
 21
-30.7730099999999993
 31
0
  0
LINE
  5
FB5
330
1B
100
AcDbEntity
  8
F.Cu
  6
CONTINUOUS
100
AcDbLine
 10
85.7143930000000012
 20
-30.7730099999999993
 30
0
 11
85.5513969999999944
 21
-30.8819209999999984
 31
0
  0
LINE
  5
FB6
330
1B
100
AcDbEntity
  8
F.Cu
  6
CONTINUOUS
100
AcDbLine
 10
85.5513969999999944
 20
-30.8819209999999984
 30
0
 11
85.3702849999999955
 21
-30.9569399999999995
 31
0
  0
LINE
  5
FB7
330
1B
100
AcDbEntity
  8
F.Cu
  6
CONTINUOUS
100
AcDbLine
 10
85.3702849999999955
 20
-30.9569399999999995
 30
0
 11
85.178016999999997
 21
-30.9951849999999993
 31
0
  0
LINE
  5
FB8
330
1B
100
AcDbEntity
  8
F.Cu
  6
CONTINUOUS
100
AcDbLine
 10
85.178016999999997
 20
-30.9951849999999993
 30
0
 11
84.9819829999999996
 21
-30.9951849999999993
 31
0
  0
LINE
  5
FB9
330
1B
100
AcDbEntity
  8
F.Cu
  6
CONTINUOUS
100
AcDbLine
 10
84.9819829999999996
 20
-30.9951849999999993
 30
0
 11
84.7897150000000011
 21
-30.9569399999999995
 31
0
  0
LINE
  5
FBA
330
1B
100
AcDbEntity
  8
F.Cu
  6
CONTINUOUS
100
AcDbLine
 10
84.7897150000000011
 20
-30.9569399999999995
 30
0
 11
84.6086030000000022
 21
-30.8819209999999984
 31
0
  0
LINE
  5
FBB
330
1B
100
AcDbEntity
  8
F.Cu
  6
CONTINUOUS
100
AcDbLine
 10
84.6086030000000022
 20
-30.8819209999999984
 30
0
 11
84.4456069999999954
 21
-30.7730099999999993
 31
0
  0
LINE
  5
FBC
330
1B
100
AcDbEntity
  8
F.Cu
  6
CONTINUOUS
100
AcDbLine
 10
84.4456069999999954
 20
-30.7730099999999993
 30
0
 11
84.306989999999999
 21
-30.6343929999999993
 31
0
  0
LINE
  5
FBD
330
1B
100
AcDbEntity
  8
F.Cu
  6
CONTINUOUS
100
AcDbLine
 10
84.306989999999999
 20
-30.6343929999999993
 30
0
 11
84.1980789999999928
 21
-30.4713969999999996
 31
0
  0
LINE
  5
FBE
330
1B
100
AcDbEntity
  8
F.Cu
  6
CONTINUOUS
100
AcDbLine
 10
84.1980789999999928
 20
-30.4713969999999996
 30
0
 11
84.1230599999999953
 21
-30.2902849999999972
 31
0
  0
LINE
  5
FBF
330
1B
100
AcDbEntity
  8
F.Cu
  6
CONTINUOUS
100
AcDbLine
 10
84.1230599999999953
 20
-30.2902849999999972
 30
0
 11
84.0848149999999919
 21
-30.0980169999999987
 31
0
  0
LINE
  5
FC0
330
1B
100
AcDbEntity
  8
F.Cu
  6
CONTINUOUS
100
AcDbLine
 10
84.0848149999999919
 20
-30.0980169999999987
 30
0
 11
84.0848149999999919
 21
-29.9019829999999978
 31
0
  0
LINE
  5
FC1
330
1B
100
AcDbEntity
  8
F.Cu
  6
CONTINUOUS
100
AcDbLine
 10
84.0848149999999919
 20
-29.9019829999999978
 30
0
 11
84.1230599999999953
 21
-29.7097149999999992
 31
0
  0
LINE
  5
FC2
330
1B
100
AcDbEntity
  8
F.Cu
  6
CONTINUOUS
100
AcDbLine
 10
84.1230599999999953
 20
-29.7097149999999992
 30
0
 11
84.1980789999999928
 21
-29.5286030000000004
 31
0
  0
LINE
  5
FC3
330
1B
100
AcDbEntity
  8
F.Cu
  6
CONTINUOUS
100
AcDbLine
 10
84.1980789999999928
 20
-29.5286030000000004
 30
0
 11
84.306989999999999
 21
-29.3656069999999971
 31
0
  0
LINE
  5
FC4
330
1B
100
AcDbEntity
  8
F.Cu
  6
CONTINUOUS
100
AcDbLine
 10
84.306989999999999
 20
-29.3656069999999971
 30
0
 11
84.4456069999999954
 21
-29.2269899999999971
 31
0
  0
LINE
  5
FC5
330
1B
100
AcDbEntity
  8
F.Cu
  6
CONTINUOUS
100
AcDbLine
 10
84.4456069999999954
 20
-29.2269899999999971
 30
0
 11
84.6086030000000022
 21
-29.118078999999998
 31
0
  0
LINE
  5
FC6
330
1B
100
AcDbEntity
  8
F.Cu
  6
CONTINUOUS
100
AcDbLine
 10
84.6086030000000022
 20
-29.118078999999998
 30
0
 11
84.7897150000000011
 21
-29.043059999999997
 31
0
  0
LINE
  5
FC7
330
1B
100
AcDbEntity
  8
F.Cu
  6
CONTINUOUS
100
AcDbLine
 10
84.7897150000000011
 20
-29.043059999999997
 30
0
 11
84.9819829999999996
 21
-29.0048149999999971
 31
0
  0
LINE
  5
FC8
330
1B
100
AcDbEntity
  8
F.Cu
  6
CONTINUOUS
100
AcDbLine
 10
84.9819829999999996
 20
-29.0048149999999971
 30
0
 11
85.178016999999997
 21
-29.0048149999999971
 31
0
  0
LINE
  5
FC9
330
1B
100
AcDbEntity
  8
F.Cu
  6
CONTINUOUS
100
AcDbLine
 10
85.178016999999997
 20
-29.0048149999999971
 30
0
 11
85.3702849999999955
 21
-29.043059999999997
 31
0
  0
CIRCLE
  5
FCA
330
1B
100
AcDbEntity
  8
F.Cu
100
AcDbCircle
 10
86.
 20
-40.
 30
0
 40
0.175
  0
CIRCLE
  5
FCB
330
1B
100
AcDbEntity
  8
F.Cu
100
AcDbCircle
 10
86.
 20
-67.9399999999999977
 30
0
 40
0.175
  0
CIRCLE
  5
FCC
330
1B
100
AcDbEntity
  8
F.Cu
100
AcDbCircle
 10
70.5
 20
-123.
 30
0
 40
0.175
  0
CIRCLE
  5
FCD
330
1B
100
AcDbEntity
  8
F.Cu
100
AcDbCircle
 10
75.5
 20
-123.
 30
0
 40
0.175
  0
CIRCLE
  5
FCE
330
1B
100
AcDbEntity
  8
F.Cu
100
AcDbCircle
 10
67.6199999999999903
 20
-116.
 30
0
 40
0.175
  0
CIRCLE
  5
FCF
330
1B
100
AcDbEntity
  8
F.Cu
100
AcDbCircle
 10
67.6199999999999903
 20
-126.1599999999999966
 30
0
 40
0.175
  0
CIRCLE
  5
FD0
330
1B
100
AcDbEntity
  8
F.Cu
100
AcDbCircle
 10
30.
 20
-60.
 30
0
 40
0.175
  0
CIRCLE
  5
FD1
330
1B
100
AcDbEntity
  8
F.Cu
100
AcDbCircle
 10
30.
 20
-65.
 30
0
 40
0.175
  0
CIRCLE
  5
FD2
330
1B
100
AcDbEntity
  8
F.Cu
100
AcDbCircle
 10
82.5
 20
-100.1599999999999966
 30
0
 40
0.175
  0
CIRCLE
  5
FD3
330
1B
100
AcDbEntity
  8
F.Cu
100
AcDbCircle
 10
82.5
 20
-90.
 30
0
 40
0.175
  0
CIRCLE
  5
FD4
330
1B
100
AcDbEntity
  8
F.Cu
100
AcDbCircle
 10
64.2999999999999972
 20
-128.
 30
0
 40
0.175
  0
CIRCLE
  5
FD5
330
1B
100
AcDbEntity
  8
F.Cu
100
AcDbCircle
 10
64.2999999999999972
 20
-117.8399999999999892
 30
0
 40
0.175
  0
CIRCLE
  5
FD6
330
1B
100
AcDbEntity
  8
F.Cu
100
AcDbCircle
 10
53.
 20
-133.5
 30
0
 40
0.175
  0
CIRCLE
  5
FD7
330
1B
100
AcDbEntity
  8
F.Cu
100
AcDbCircle
 10
58.
 20
-133.5
 30
0
 40
0.175
  0
CIRCLE
  5
FD8
330
1B
100
AcDbEntity
  8
F.Cu
100
AcDbCircle
 10
106.
 20
-108.
 30
0
 40
0.175
  0
CIRCLE
  5
FD9
330
1B
100
AcDbEntity
  8
F.Cu
100
AcDbCircle
 10
101.
 20
-108.
 30
0
 40
0.175
  0
CIRCLE
  5
FDA
330
1B
100
AcDbEntity
  8
F.Cu
100
AcDbCircle
 10
80.
 20
-120.
 30
0
 40
0.175
  0
CIRCLE
  5
FDB
330
1B
100
AcDbEntity
  8
F.Cu
100
AcDbCircle
 10
80.
 20
-130.1599999999999966
 30
0
 40
0.175
  0
CIRCLE
  5
FDC
330
1B
100
AcDbEntity
  8
F.Cu
100
AcDbCircle
 10
60.
 20
-112.
 30
0
 40
0.175
  0
CIRCLE
  5
FDD
330
1B
100
AcDbEntity
  8
F.Cu
100
AcDbCircle
 10
62.5399999999999991
 20
-112.
 30
0
 40
0.175
  0
CIRCLE
  5
FDE
330
1B
100
AcDbEntity
  8
F.Cu
100
AcDbCircle
 10
65.0799999999999983
 20
-112.
 30
0
 40
0.175
  0
CIRCLE
  5
FDF
330
1B
100
AcDbEntity
  8
F.Cu
100
AcDbCircle
 10
67.6199999999999903
 20
-112.
 30
0
 40
0.175
  0
CIRCLE
  5
FE0
330
1B
100
AcDbEntity
  8
F.Cu
100
AcDbCircle
 10
70.1599999999999966
 20
-112.
 30
0
 40
0.175
  0
CIRCLE
  5
FE1
330
1B
100
AcDbEntity
  8
F.Cu
100
AcDbCircle
 10
72.7000000000000028
 20
-112.
 30
0
 40
0.175
  0
CIRCLE
  5
FE2
330
1B
100
AcDbEntity
  8
F.Cu
100
AcDbCircle
 10
75.2399999999999949
 20
-112.
 30
0
 40
0.175
  0
CIRCLE
  5
FE3
330
1B
100
AcDbEntity
  8
F.Cu
100
AcDbCircle
 10
77.7800000000000011
 20
-112.
 30
0
 40
0.175
  0
CIRCLE
  5
FE4
330
1B
100
AcDbEntity
  8
F.Cu
100
AcDbCircle
 10
77.7800000000000011
 20
-104.3799999999999955
 30
0
 40
0.175
  0
CIRCLE
  5
FE5
330
1B
100
AcDbEntity
  8
F.Cu
100
AcDbCircle
 10
75.2399999999999949
 20
-104.3799999999999955
 30
0
 40
0.175
  0
CIRCLE
  5
FE6
330
1B
100
AcDbEntity
  8
F.Cu
100
AcDbCircle
 10
72.7000000000000028
 20
-104.3799999999999955
 30
0
 40
0.175
  0
CIRCLE
  5
FE7
330
1B
100
AcDbEntity
  8
F.Cu
100
AcDbCircle
 10
70.1599999999999966
 20
-104.3799999999999955
 30
0
 40
0.175
  0
CIRCLE
  5
FE8
330
1B
100
AcDbEntity
  8
F.Cu
100
AcDbCircle
 10
67.6199999999999903
 20
-104.3799999999999955
 30
0
 40
0.175
  0
CIRCLE
  5
FE9
330
1B
100
AcDbEntity
  8
F.Cu
100
AcDbCircle
 10
65.0799999999999983
 20
-104.3799999999999955
 30
0
 40
0.175
  0
CIRCLE
  5
FEA
330
1B
100
AcDbEntity
  8
F.Cu
100
AcDbCircle
 10
62.5399999999999991
 20
-104.3799999999999955
 30
0
 40
0.175
  0
CIRCLE
  5
FEB
330
1B
100
AcDbEntity
  8
F.Cu
100
AcDbCircle
 10
60.
 20
-104.3799999999999955
 30
0
 40
0.175
  0
CIRCLE
  5
FEC
330
1B
100
AcDbEntity
  8
F.Cu
100
AcDbCircle
 10
68.
 20
-84.
 30
0
 40
0.175
  0
CIRCLE
  5
FED
330
1B
100
AcDbEntity
  8
F.Cu
100
AcDbCircle
 10
65.4599999999999937
 20
-84.
 30
0
 40
0.175
  0
CIRCLE
  5
FEE
330
1B
100
AcDbEntity
  8
F.Cu
100
AcDbCircle
 10
62.9199999999999946
 20
-84.
 30
0
 40
0.175
  0
CIRCLE
  5
FEF
330
1B
100
AcDbEntity
  8
F.Cu
100
AcDbCircle
 10
25.
 20
-46.
 30
0
 40
0.175
  0
CIRCLE
  5
FF0
330
1B
100
AcDbEntity
  8
F.Cu
100
AcDbCircle
 10
25.
 20
-51.
 30
0
 40
0.175
  0
CIRCLE
  5
FF1
330
1B
100
AcDbEntity
  8
F.Cu
100
AcDbCircle
 10
153.
 20
-42.
 30
0
 40
0.175
  0
CIRCLE
  5
FF2
330
1B
100
AcDbEntity
  8
F.Cu
100
AcDbCircle
 10
153.
 20
-47.
 30
0
 40
0.175
  0
CIRCLE
  5
FF3
330
1B
100
AcDbEntity
  8
F.Cu
100
AcDbCircle
 10
79.2399999999999949
 20
-87.
 30
0
 40
0.175
  0
CIRCLE
  5
FF4
330
1B
100
AcDbEntity
  8
F.Cu
100
AcDbCircle
 10
79.2399999999999949
 20
-97.1599999999999966
 30
0
 40
0.175
  0
CIRCLE
  5
FF5
330
1B
100
AcDbEntity
  8
F.Cu
100
AcDbCircle
 10
86.
 20
-100.1599999999999966
 30
0
 40
0.175
  0
CIRCLE
  5
FF6
330
1B
100
AcDbEntity
  8
F.Cu
100
AcDbCircle
 10
86.
 20
-95.1599999999999966
 30
0
 40
0.175
  0
CIRCLE
  5
FF7
330
1B
100
AcDbEntity
  8
F.Cu
100
AcDbCircle
 10
95.
 20
-98.
 30
0
 40
0.175
  0
CIRCLE
  5
FF8
330
1B
100
AcDbEntity
  8
F.Cu
100
AcDbCircle
 10
90.
 20
-98.
 30
0
 40
0.175
  0
CIRCLE
  5
FF9
330
1B
100
AcDbEntity
  8
F.Cu
100
AcDbCircle
 10
55.
 20
-122.
 30
0
 40
0.175
  0
CIRCLE
  5
FFA
330
1B
100
AcDbEntity
  8
F.Cu
100
AcDbCircle
 10
55.
 20
-124.539999999999992
 30
0
 40
0.175
  0
CIRCLE
  5
FFB
330
1B
100
AcDbEntity
  8
F.Cu
100
AcDbCircle
 10
55.
 20
-127.0799999999999983
 30
0
 40
0.175
  0
CIRCLE
  5
FFC
330
1B
100
AcDbEntity
  8
F.Cu
100
AcDbCircle
 10
51.
 20
-127.0799999999999983
 30
0
 40
0.175
  0
CIRCLE
  5
FFD
330
1B
100
AcDbEntity
  8
F.Cu
100
AcDbCircle
 10
40.8399999999999963
 20
-127.0799999999999983
 30
0
 40
0.175
  0
CIRCLE
  5
FFE
330
1B
100
AcDbEntity
  8
F.Cu
100
AcDbCircle
 10
39.
 20
-45.
 30
0
 40
0.175
  0
CIRCLE
  5
FFF
330
1B
100
AcDbEntity
  8
F.Cu
100
AcDbCircle
 10
39.
 20
-52.5
 30
0
 40
0.175
  0
CIRCLE
  5
1000
330
1B
100
AcDbEntity
  8
F.Cu
100
AcDbCircle
 10
76.
 20
-40.
 30
0
 40
0.175
  0
CIRCLE
  5
1001
330
1B
100
AcDbEntity
  8
F.Cu
100
AcDbCircle
 10
76.
 20
-67.9399999999999977
 30
0
 40
0.175
  0
CIRCLE
  5
1002
330
1B
100
AcDbEntity
  8
F.Cu
100
AcDbCircle
 10
59.5
 20
-87.75
 30
0
 40
0.175
  0
CIRCLE
  5
1003
330
1B
100
AcDbEntity
  8
F.Cu
100
AcDbCircle
 10
49.3399999999999963
 20
-87.75
 30
0
 40
0.175
  0
CIRCLE
  5
1004
330
1B
100
AcDbEntity
  8
F.Cu
100
AcDbCircle
 10
55.
 20
-108.
 30
0
 40
0.175
  0
CIRCLE
  5
1005
330
1B
100
AcDbEntity
  8
F.Cu
100
AcDbCircle
 10
55.
 20
-118.1599999999999966
 30
0
 40
0.175
  0
CIRCLE
  5
1006
330
1B
100
AcDbEntity
  8
F.Cu
100
AcDbCircle
 10
162.
 20
-36.
 30
0
 40
0.175
  0
CIRCLE
  5
1007
330
1B
100
AcDbEntity
  8
F.Cu
100
AcDbCircle
 10
162.
 20
-51.2399999999999949
 30
0
 40
0.175
  0
CIRCLE
  5
1008
330
1B
100
AcDbEntity
  8
F.Cu
100
AcDbCircle
 10
68.
 20
-90.
 30
0
 40
0.175
  0
CIRCLE
  5
1009
330
1B
100
AcDbEntity
  8
F.Cu
100
AcDbCircle
 10
65.4599999999999937
 20
-90.
 30
0
 40
0.175
  0
CIRCLE
  5
100A
330
1B
100
AcDbEntity
  8
F.Cu
100
AcDbCircle
 10
62.9199999999999946
 20
-90.
 30
0
 40
0.175
  0
CIRCLE
  5
100B
330
1B
100
AcDbEntity
  8
F.Cu
100
AcDbCircle
 10
158.
 20
-72.
 30
0
 40
0.175
  0
CIRCLE
  5
100C
330
1B
100
AcDbEntity
  8
F.Cu
100
AcDbCircle
 10
158.
 20
-82.1599999999999966
 30
0
 40
0.175
  0
CIRCLE
  5
100D
330
1B
100
AcDbEntity
  8
F.Cu
100
AcDbCircle
 10
55.5
 20
-81.5
 30
0
 40
0.175
  0
CIRCLE
  5
100E
330
1B
100
AcDbEntity
  8
F.Cu
100
AcDbCircle
 10
53.
 20
-81.5
 30
0
 40
0.175
  0
CIRCLE
  5
100F
330
1B
100
AcDbEntity
  8
F.Cu
100
AcDbCircle
 10
158.
 20
-92.
 30
0
 40
0.175
  0
CIRCLE
  5
1010
330
1B
100
AcDbEntity
  8
F.Cu
100
AcDbCircle
 10
158.
 20
-86.9200000000000017
 30
0
 40
0.175
  0
CIRCLE
  5
1011
330
1B
100
AcDbEntity
  8
F.Cu
100
AcDbCircle
 10
120.
 20
-108.
 30
0
 40
0.175
  0
CIRCLE
  5
1012
330
1B
100
AcDbEntity
  8
F.Cu
100
AcDbCircle
 10
109.8399999999999892
 20
-108.
 30
0
 40
0.175
  0
CIRCLE
  5
1013
330
1B
100
AcDbEntity
  8
F.Cu
100
AcDbCircle
 10
55.
 20
-101.
 30
0
 40
0.175
  0
CIRCLE
  5
1014
330
1B
100
AcDbEntity
  8
F.Cu
100
AcDbCircle
 10
50.
 20
-101.
 30
0
 40
0.175
  0
CIRCLE
  5
1015
330
1B
100
AcDbEntity
  8
F.Cu
100
AcDbCircle
 10
139.
 20
-42.
 30
0
 40
0.175
  0
CIRCLE
  5
1016
330
1B
100
AcDbEntity
  8
F.Cu
100
AcDbCircle
 10
139.
 20
-49.5
 30
0
 40
0.175
  0
CIRCLE
  5
1017
330
1B
100
AcDbEntity
  8
F.Cu
100
AcDbCircle
 10
80.
 20
-30.
 30
0
 40
0.175
  0
CIRCLE
  5
1018
330
1B
100
AcDbEntity
  8
F.Cu
100
AcDbCircle
 10
85.0799999999999983
 20
-30.
 30
0
 40
0.175
  0
CIRCLE
  5
1019
330
1B
100
AcDbEntity
  8
F.Cu
100
AcDbCircle
 10
85.
 20
-117.
 30
0
 40
0.175
  0
CIRCLE
  5
101A
330
1B
100
AcDbEntity
  8
F.Cu
100
AcDbCircle
 10
85.
 20
-122.
 30
0
 40
0.175
  0
CIRCLE
  5
101B
330
1B
100
AcDbEntity
  8
F.Cu
100
AcDbCircle
 10
121.5
 20
-42.
 30
0
 40
0.175
  0
CIRCLE
  5
101C
330
1B
100
AcDbEntity
  8
F.Cu
100
AcDbCircle
 10
121.5
 20
-49.5
 30
0
 40
0.175
  0
CIRCLE
  5
101D
330
1B
100
AcDbEntity
  8
F.Cu
100
AcDbCircle
 10
68.
 20
-30.
 30
0
 40
0.175
  0
CIRCLE
  5
101E
330
1B
100
AcDbEntity
  8
F.Cu
100
AcDbCircle
 10
70.539999999999992
 20
-30.
 30
0
 40
0.175
  0
CIRCLE
  5
101F
330
1B
100
AcDbEntity
  8
F.Cu
100
AcDbCircle
 10
73.0799999999999983
 20
-30.
 30
0
 40
0.175
  0
CIRCLE
  5
1020
330
1B
100
AcDbEntity
  8
F.Cu
100
AcDbCircle
 10
57.
 20
-104.3799999999999955
 30
0
 40
0.175
  0
CIRCLE
  5
1021
330
1B
100
AcDbEntity
  8
F.Cu
100
AcDbCircle
 10
52.
 20
-104.3799999999999955
 30
0
 40
0.175
  0
CIRCLE
  5
1022
330
1B
100
AcDbEntity
  8
F.Cu
100
AcDbCircle
 10
47.
 20
-63.
 30
0
 40
0.175
  0
CIRCLE
  5
1023
330
1B
100
AcDbEntity
  8
F.Cu
100
AcDbCircle
 10
47.
 20
-70.5
 30
0
 40
0.175
  0
CIRCLE
  5
1024
330
1B
100
AcDbEntity
  8
F.Cu
100
AcDbCircle
 10
68.
 20
-36.
 30
0
 40
0.175
  0
CIRCLE
  5
1025
330
1B
100
AcDbEntity
  8
F.Cu
100
AcDbCircle
 10
78.1599999999999966
 20
-36.
 30
0
 40
0.175
  0
CIRCLE
  5
1026
330
1B
100
AcDbEntity
  8
F.Cu
100
AcDbCircle
 10
98.
 20
-87.
 30
0
 40
0.175
  0
CIRCLE
  5
1027
330
1B
100
AcDbEntity
  8
F.Cu
100
AcDbCircle
 10
90.3799999999999955
 20
-87.
 30
0
 40
0.175
  0
CIRCLE
  5
1028
330
1B
100
AcDbEntity
  8
F.Cu
100
AcDbCircle
 10
60.
 20
-78.5
 30
0
 40
0.175
  0
CIRCLE
  5
1029
330
1B
100
AcDbEntity
  8
F.Cu
100
AcDbCircle
 10
60.
 20
-68.3400000000000034
 30
0
 40
0.175
  0
CIRCLE
  5
102A
330
1B
100
AcDbEntity
  8
F.Cu
100
AcDbCircle
 10
98.
 20
-104.3799999999999955
 30
0
 40
0.175
  0
CIRCLE
  5
102B
330
1B
100
AcDbEntity
  8
F.Cu
100
AcDbCircle
 10
98.
 20
-94.2199999999999989
 30
0
 40
0.175
  0
CIRCLE
  5
102C
330
1B
100
AcDbEntity
  8
F.Cu
100
AcDbCircle
 10
98.
 20
-112.
 30
0
 40
0.175
  0
CIRCLE
  5
102D
330
1B
100
AcDbEntity
  8
F.Cu
100
AcDbCircle
 10
98.
 20
-122.1599999999999966
 30
0
 40
0.175
  0
CIRCLE
  5
102E
330
1B
100
AcDbEntity
  8
F.Cu
100
AcDbCircle
 10
68.
 20
-78.5
 30
0
 40
0.175
  0
CIRCLE
  5
102F
330
1B
100
AcDbEntity
  8
F.Cu
100
AcDbCircle
 10
68.
 20
-68.3400000000000034
 30
0
 40
0.175
  0
CIRCLE
  5
1030
330
1B
100
AcDbEntity
  8
F.Cu
100
AcDbCircle
 10
32.
 20
-30.
 30
0
 40
0.175
  0
CIRCLE
  5
1031
330
1B
100
AcDbEntity
  8
F.Cu
100
AcDbCircle
 10
60.1999999999999957
 20
-30.
 30
0
 40
0.175
  0
CIRCLE
  5
1032
330
1B
100
AcDbEntity
  8
F.Cu
100
AcDbCircle
 10
95.
 20
-104.3799999999999955
 30
0
 40
0.175
  0
CIRCLE
  5
1033
330
1B
100
AcDbEntity
  8
F.Cu
100
AcDbCircle
 10
90.
 20
-104.3799999999999955
 30
0
 40
0.175
  0
CIRCLE
  5
1034
330
1B
100
AcDbEntity
  8
F.Cu
100
AcDbCircle
 10
112.
 20
-114.
 30
0
 40
0.175
  0
CIRCLE
  5
1035
330
1B
100
AcDbEntity
  8
F.Cu
100
AcDbCircle
 10
101.8399999999999892
 20
-114.
 30
0
 40
0.175
  0
CIRCLE
  5
1036
330
1B
100
AcDbEntity
  8
F.Cu
100
AcDbCircle
 10
104.
 20
-42.
 30
0
 40
0.175
  0
CIRCLE
  5
1037
330
1B
100
AcDbEntity
  8
F.Cu
100
AcDbCircle
 10
104.
 20
-49.5
 30
0
 40
0.175
  0
CIRCLE
  5
1038
330
1B
100
AcDbEntity
  8
F.Cu
100
AcDbCircle
 10
92.5
 20
-40.
 30
0
 40
0.175
  0
CIRCLE
  5
1039
330
1B
100
AcDbEntity
  8
F.Cu
100
AcDbCircle
 10
92.5
 20
-45.
 30
0
 40
0.175
  0
CIRCLE
  5
103A
330
1B
100
AcDbEntity
  8
F.Cu
100
AcDbCircle
 10
86.
 20
-40.
 30
0
 40
0.175
  0
CIRCLE
  5
103B
330
1B
100
AcDbEntity
  8
F.Cu
100
AcDbCircle
 10
86.
 20
-67.9399999999999977
 30
0
 40
0.175
  0
CIRCLE
  5
103C
330
1B
100
AcDbEntity
  8
F.Cu
100
AcDbCircle
 10
70.5
 20
-123.
 30
0
 40
0.175
  0
CIRCLE
  5
103D
330
1B
100
AcDbEntity
  8
F.Cu
100
AcDbCircle
 10
75.5
 20
-123.
 30
0
 40
0.175
  0
CIRCLE
  5
103E
330
1B
100
AcDbEntity
  8
F.Cu
100
AcDbCircle
 10
67.6199999999999903
 20
-116.
 30
0
 40
0.175
  0
CIRCLE
  5
103F
330
1B
100
AcDbEntity
  8
F.Cu
100
AcDbCircle
 10
67.6199999999999903
 20
-126.1599999999999966
 30
0
 40
0.175
  0
CIRCLE
  5
1040
330
1B
100
AcDbEntity
  8
F.Cu
100
AcDbCircle
 10
30.
 20
-60.
 30
0
 40
0.175
  0
CIRCLE
  5
1041
330
1B
100
AcDbEntity
  8
F.Cu
100
AcDbCircle
 10
30.
 20
-65.
 30
0
 40
0.175
  0
CIRCLE
  5
1042
330
1B
100
AcDbEntity
  8
F.Cu
100
AcDbCircle
 10
82.5
 20
-100.1599999999999966
 30
0
 40
0.175
  0
CIRCLE
  5
1043
330
1B
100
AcDbEntity
  8
F.Cu
100
AcDbCircle
 10
82.5
 20
-90.
 30
0
 40
0.175
  0
CIRCLE
  5
1044
330
1B
100
AcDbEntity
  8
F.Cu
100
AcDbCircle
 10
64.2999999999999972
 20
-128.
 30
0
 40
0.175
  0
CIRCLE
  5
1045
330
1B
100
AcDbEntity
  8
F.Cu
100
AcDbCircle
 10
64.2999999999999972
 20
-117.8399999999999892
 30
0
 40
0.175
  0
CIRCLE
  5
1046
330
1B
100
AcDbEntity
  8
F.Cu
100
AcDbCircle
 10
53.
 20
-133.5
 30
0
 40
0.175
  0
CIRCLE
  5
1047
330
1B
100
AcDbEntity
  8
F.Cu
100
AcDbCircle
 10
58.
 20
-133.5
 30
0
 40
0.175
  0
CIRCLE
  5
1048
330
1B
100
AcDbEntity
  8
F.Cu
100
AcDbCircle
 10
106.
 20
-108.
 30
0
 40
0.175
  0
CIRCLE
  5
1049
330
1B
100
AcDbEntity
  8
F.Cu
100
AcDbCircle
 10
101.
 20
-108.
 30
0
 40
0.175
  0
CIRCLE
  5
104A
330
1B
100
AcDbEntity
  8
F.Cu
100
AcDbCircle
 10
80.
 20
-120.
 30
0
 40
0.175
  0
CIRCLE
  5
104B
330
1B
100
AcDbEntity
  8
F.Cu
100
AcDbCircle
 10
80.
 20
-130.1599999999999966
 30
0
 40
0.175
  0
CIRCLE
  5
104C
330
1B
100
AcDbEntity
  8
F.Cu
100
AcDbCircle
 10
60.
 20
-112.
 30
0
 40
0.175
  0
CIRCLE
  5
104D
330
1B
100
AcDbEntity
  8
F.Cu
100
AcDbCircle
 10
62.5399999999999991
 20
-112.
 30
0
 40
0.175
  0
CIRCLE
  5
104E
330
1B
100
AcDbEntity
  8
F.Cu
100
AcDbCircle
 10
65.0799999999999983
 20
-112.
 30
0
 40
0.175
  0
CIRCLE
  5
104F
330
1B
100
AcDbEntity
  8
F.Cu
100
AcDbCircle
 10
67.6199999999999903
 20
-112.
 30
0
 40
0.175
  0
CIRCLE
  5
1050
330
1B
100
AcDbEntity
  8
F.Cu
100
AcDbCircle
 10
70.1599999999999966
 20
-112.
 30
0
 40
0.175
  0
CIRCLE
  5
1051
330
1B
100
AcDbEntity
  8
F.Cu
100
AcDbCircle
 10
72.7000000000000028
 20
-112.
 30
0
 40
0.175
  0
CIRCLE
  5
1052
330
1B
100
AcDbEntity
  8
F.Cu
100
AcDbCircle
 10
75.2399999999999949
 20
-112.
 30
0
 40
0.175
  0
CIRCLE
  5
1053
330
1B
100
AcDbEntity
  8
F.Cu
100
AcDbCircle
 10
77.7800000000000011
 20
-112.
 30
0
 40
0.175
  0
CIRCLE
  5
1054
330
1B
100
AcDbEntity
  8
F.Cu
100
AcDbCircle
 10
77.7800000000000011
 20
-104.3799999999999955
 30
0
 40
0.175
  0
CIRCLE
  5
1055
330
1B
100
AcDbEntity
  8
F.Cu
100
AcDbCircle
 10
75.2399999999999949
 20
-104.3799999999999955
 30
0
 40
0.175
  0
CIRCLE
  5
1056
330
1B
100
AcDbEntity
  8
F.Cu
100
AcDbCircle
 10
72.7000000000000028
 20
-104.3799999999999955
 30
0
 40
0.175
  0
CIRCLE
  5
1057
330
1B
100
AcDbEntity
  8
F.Cu
100
AcDbCircle
 10
70.1599999999999966
 20
-104.3799999999999955
 30
0
 40
0.175
  0
CIRCLE
  5
1058
330
1B
100
AcDbEntity
  8
F.Cu
100
AcDbCircle
 10
67.6199999999999903
 20
-104.3799999999999955
 30
0
 40
0.175
  0
CIRCLE
  5
1059
330
1B
100
AcDbEntity
  8
F.Cu
100
AcDbCircle
 10
65.0799999999999983
 20
-104.3799999999999955
 30
0
 40
0.175
  0
CIRCLE
  5
105A
330
1B
100
AcDbEntity
  8
F.Cu
100
AcDbCircle
 10
62.5399999999999991
 20
-104.3799999999999955
 30
0
 40
0.175
  0
CIRCLE
  5
105B
330
1B
100
AcDbEntity
  8
F.Cu
100
AcDbCircle
 10
60.
 20
-104.3799999999999955
 30
0
 40
0.175
  0
CIRCLE
  5
105C
330
1B
100
AcDbEntity
  8
F.Cu
100
AcDbCircle
 10
68.
 20
-84.
 30
0
 40
0.175
  0
CIRCLE
  5
105D
330
1B
100
AcDbEntity
  8
F.Cu
100
AcDbCircle
 10
65.4599999999999937
 20
-84.
 30
0
 40
0.175
  0
CIRCLE
  5
105E
330
1B
100
AcDbEntity
  8
F.Cu
100
AcDbCircle
 10
62.9199999999999946
 20
-84.
 30
0
 40
0.175
  0
CIRCLE
  5
105F
330
1B
100
AcDbEntity
  8
F.Cu
100
AcDbCircle
 10
25.
 20
-46.
 30
0
 40
0.175
  0
CIRCLE
  5
1060
330
1B
100
AcDbEntity
  8
F.Cu
100
AcDbCircle
 10
25.
 20
-51.
 30
0
 40
0.175
  0
CIRCLE
  5
1061
330
1B
100
AcDbEntity
  8
F.Cu
100
AcDbCircle
 10
153.
 20
-42.
 30
0
 40
0.175
  0
CIRCLE
  5
1062
330
1B
100
AcDbEntity
  8
F.Cu
100
AcDbCircle
 10
153.
 20
-47.
 30
0
 40
0.175
  0
CIRCLE
  5
1063
330
1B
100
AcDbEntity
  8
F.Cu
100
AcDbCircle
 10
79.2399999999999949
 20
-87.
 30
0
 40
0.175
  0
CIRCLE
  5
1064
330
1B
100
AcDbEntity
  8
F.Cu
100
AcDbCircle
 10
79.2399999999999949
 20
-97.1599999999999966
 30
0
 40
0.175
  0
CIRCLE
  5
1065
330
1B
100
AcDbEntity
  8
F.Cu
100
AcDbCircle
 10
86.
 20
-100.1599999999999966
 30
0
 40
0.175
  0
CIRCLE
  5
1066
330
1B
100
AcDbEntity
  8
F.Cu
100
AcDbCircle
 10
86.
 20
-95.1599999999999966
 30
0
 40
0.175
  0
CIRCLE
  5
1067
330
1B
100
AcDbEntity
  8
F.Cu
100
AcDbCircle
 10
95.
 20
-98.
 30
0
 40
0.175
  0
CIRCLE
  5
1068
330
1B
100
AcDbEntity
  8
F.Cu
100
AcDbCircle
 10
90.
 20
-98.
 30
0
 40
0.175
  0
CIRCLE
  5
1069
330
1B
100
AcDbEntity
  8
F.Cu
100
AcDbCircle
 10
55.
 20
-122.
 30
0
 40
0.175
  0
CIRCLE
  5
106A
330
1B
100
AcDbEntity
  8
F.Cu
100
AcDbCircle
 10
55.
 20
-124.539999999999992
 30
0
 40
0.175
  0
CIRCLE
  5
106B
330
1B
100
AcDbEntity
  8
F.Cu
100
AcDbCircle
 10
55.
 20
-127.0799999999999983
 30
0
 40
0.175
  0
CIRCLE
  5
106C
330
1B
100
AcDbEntity
  8
F.Cu
100
AcDbCircle
 10
51.
 20
-127.0799999999999983
 30
0
 40
0.175
  0
CIRCLE
  5
106D
330
1B
100
AcDbEntity
  8
F.Cu
100
AcDbCircle
 10
40.8399999999999963
 20
-127.0799999999999983
 30
0
 40
0.175
  0
CIRCLE
  5
106E
330
1B
100
AcDbEntity
  8
F.Cu
100
AcDbCircle
 10
39.
 20
-45.
 30
0
 40
0.175
  0
CIRCLE
  5
106F
330
1B
100
AcDbEntity
  8
F.Cu
100
AcDbCircle
 10
39.
 20
-52.5
 30
0
 40
0.175
  0
CIRCLE
  5
1070
330
1B
100
AcDbEntity
  8
F.Cu
100
AcDbCircle
 10
76.
 20
-40.
 30
0
 40
0.175
  0
CIRCLE
  5
1071
330
1B
100
AcDbEntity
  8
F.Cu
100
AcDbCircle
 10
76.
 20
-67.9399999999999977
 30
0
 40
0.175
  0
CIRCLE
  5
1072
330
1B
100
AcDbEntity
  8
F.Cu
100
AcDbCircle
 10
59.5
 20
-87.75
 30
0
 40
0.175
  0
CIRCLE
  5
1073
330
1B
100
AcDbEntity
  8
F.Cu
100
AcDbCircle
 10
49.3399999999999963
 20
-87.75
 30
0
 40
0.175
  0
CIRCLE
  5
1074
330
1B
100
AcDbEntity
  8
F.Cu
100
AcDbCircle
 10
55.
 20
-108.
 30
0
 40
0.175
  0
CIRCLE
  5
1075
330
1B
100
AcDbEntity
  8
F.Cu
100
AcDbCircle
 10
55.
 20
-118.1599999999999966
 30
0
 40
0.175
  0
CIRCLE
  5
1076
330
1B
100
AcDbEntity
  8
F.Cu
100
AcDbCircle
 10
162.
 20
-36.
 30
0
 40
0.175
  0
CIRCLE
  5
1077
330
1B
100
AcDbEntity
  8
F.Cu
100
AcDbCircle
 10
162.
 20
-51.2399999999999949
 30
0
 40
0.175
  0
CIRCLE
  5
1078
330
1B
100
AcDbEntity
  8
F.Cu
100
AcDbCircle
 10
68.
 20
-90.
 30
0
 40
0.175
  0
CIRCLE
  5
1079
330
1B
100
AcDbEntity
  8
F.Cu
100
AcDbCircle
 10
65.4599999999999937
 20
-90.
 30
0
 40
0.175
  0
CIRCLE
  5
107A
330
1B
100
AcDbEntity
  8
F.Cu
100
AcDbCircle
 10
62.9199999999999946
 20
-90.
 30
0
 40
0.175
  0
CIRCLE
  5
107B
330
1B
100
AcDbEntity
  8
F.Cu
100
AcDbCircle
 10
158.
 20
-72.
 30
0
 40
0.175
  0
CIRCLE
  5
107C
330
1B
100
AcDbEntity
  8
F.Cu
100
AcDbCircle
 10
158.
 20
-82.1599999999999966
 30
0
 40
0.175
  0
CIRCLE
  5
107D
330
1B
100
AcDbEntity
  8
F.Cu
100
AcDbCircle
 10
55.5
 20
-81.5
 30
0
 40
0.175
  0
CIRCLE
  5
107E
330
1B
100
AcDbEntity
  8
F.Cu
100
AcDbCircle
 10
53.
 20
-81.5
 30
0
 40
0.175
  0
CIRCLE
  5
107F
330
1B
100
AcDbEntity
  8
F.Cu
100
AcDbCircle
 10
158.
 20
-92.
 30
0
 40
0.175
  0
CIRCLE
  5
1080
330
1B
100
AcDbEntity
  8
F.Cu
100
AcDbCircle
 10
158.
 20
-86.9200000000000017
 30
0
 40
0.175
  0
CIRCLE
  5
1081
330
1B
100
AcDbEntity
  8
F.Cu
100
AcDbCircle
 10
120.
 20
-108.
 30
0
 40
0.175
  0
CIRCLE
  5
1082
330
1B
100
AcDbEntity
  8
F.Cu
100
AcDbCircle
 10
109.8399999999999892
 20
-108.
 30
0
 40
0.175
  0
CIRCLE
  5
1083
330
1B
100
AcDbEntity
  8
F.Cu
100
AcDbCircle
 10
55.
 20
-101.
 30
0
 40
0.175
  0
CIRCLE
  5
1084
330
1B
100
AcDbEntity
  8
F.Cu
100
AcDbCircle
 10
50.
 20
-101.
 30
0
 40
0.175
  0
CIRCLE
  5
1085
330
1B
100
AcDbEntity
  8
F.Cu
100
AcDbCircle
 10
139.
 20
-42.
 30
0
 40
0.175
  0
CIRCLE
  5
1086
330
1B
100
AcDbEntity
  8
F.Cu
100
AcDbCircle
 10
139.
 20
-49.5
 30
0
 40
0.175
  0
CIRCLE
  5
1087
330
1B
100
AcDbEntity
  8
F.Cu
100
AcDbCircle
 10
80.
 20
-30.
 30
0
 40
0.175
  0
CIRCLE
  5
1088
330
1B
100
AcDbEntity
  8
F.Cu
100
AcDbCircle
 10
85.0799999999999983
 20
-30.
 30
0
 40
0.175
  0
CIRCLE
  5
1089
330
1B
100
AcDbEntity
  8
F.Cu
100
AcDbCircle
 10
85.
 20
-117.
 30
0
 40
0.175
  0
CIRCLE
  5
108A
330
1B
100
AcDbEntity
  8
F.Cu
100
AcDbCircle
 10
85.
 20
-122.
 30
0
 40
0.175
  0
CIRCLE
  5
108B
330
1B
100
AcDbEntity
  8
F.Cu
100
AcDbCircle
 10
121.5
 20
-42.
 30
0
 40
0.175
  0
CIRCLE
  5
108C
330
1B
100
AcDbEntity
  8
F.Cu
100
AcDbCircle
 10
121.5
 20
-49.5
 30
0
 40
0.175
  0
CIRCLE
  5
108D
330
1B
100
AcDbEntity
  8
F.Cu
100
AcDbCircle
 10
68.
 20
-30.
 30
0
 40
0.175
  0
CIRCLE
  5
108E
330
1B
100
AcDbEntity
  8
F.Cu
100
AcDbCircle
 10
70.539999999999992
 20
-30.
 30
0
 40
0.175
  0
CIRCLE
  5
108F
330
1B
100
AcDbEntity
  8
F.Cu
100
AcDbCircle
 10
73.0799999999999983
 20
-30.
 30
0
 40
0.175
  0
CIRCLE
  5
1090
330
1B
100
AcDbEntity
  8
F.Cu
100
AcDbCircle
 10
57.
 20
-104.3799999999999955
 30
0
 40
0.175
  0
CIRCLE
  5
1091
330
1B
100
AcDbEntity
  8
F.Cu
100
AcDbCircle
 10
52.
 20
-104.3799999999999955
 30
0
 40
0.175
  0
CIRCLE
  5
1092
330
1B
100
AcDbEntity
  8
F.Cu
100
AcDbCircle
 10
47.
 20
-63.
 30
0
 40
0.175
  0
CIRCLE
  5
1093
330
1B
100
AcDbEntity
  8
F.Cu
100
AcDbCircle
 10
47.
 20
-70.5
 30
0
 40
0.175
  0
CIRCLE
  5
1094
330
1B
100
AcDbEntity
  8
F.Cu
100
AcDbCircle
 10
68.
 20
-36.
 30
0
 40
0.175
  0
CIRCLE
  5
1095
330
1B
100
AcDbEntity
  8
F.Cu
100
AcDbCircle
 10
78.1599999999999966
 20
-36.
 30
0
 40
0.175
  0
CIRCLE
  5
1096
330
1B
100
AcDbEntity
  8
F.Cu
100
AcDbCircle
 10
98.
 20
-87.
 30
0
 40
0.175
  0
CIRCLE
  5
1097
330
1B
100
AcDbEntity
  8
F.Cu
100
AcDbCircle
 10
90.3799999999999955
 20
-87.
 30
0
 40
0.175
  0
CIRCLE
  5
1098
330
1B
100
AcDbEntity
  8
F.Cu
100
AcDbCircle
 10
60.
 20
-78.5
 30
0
 40
0.175
  0
CIRCLE
  5
1099
330
1B
100
AcDbEntity
  8
F.Cu
100
AcDbCircle
 10
60.
 20
-68.3400000000000034
 30
0
 40
0.175
  0
CIRCLE
  5
109A
330
1B
100
AcDbEntity
  8
F.Cu
100
AcDbCircle
 10
98.
 20
-104.3799999999999955
 30
0
 40
0.175
  0
CIRCLE
  5
109B
330
1B
100
AcDbEntity
  8
F.Cu
100
AcDbCircle
 10
98.
 20
-94.2199999999999989
 30
0
 40
0.175
  0
CIRCLE
  5
109C
330
1B
100
AcDbEntity
  8
F.Cu
100
AcDbCircle
 10
98.
 20
-112.
 30
0
 40
0.175
  0
CIRCLE
  5
109D
330
1B
100
AcDbEntity
  8
F.Cu
100
AcDbCircle
 10
98.
 20
-122.1599999999999966
 30
0
 40
0.175
  0
CIRCLE
  5
109E
330
1B
100
AcDbEntity
  8
F.Cu
100
AcDbCircle
 10
68.
 20
-78.5
 30
0
 40
0.175
  0
CIRCLE
  5
109F
330
1B
100
AcDbEntity
  8
F.Cu
100
AcDbCircle
 10
68.
 20
-68.3400000000000034
 30
0
 40
0.175
  0
CIRCLE
  5
10A0
330
1B
100
AcDbEntity
  8
F.Cu
100
AcDbCircle
 10
32.
 20
-30.
 30
0
 40
0.175
  0
CIRCLE
  5
10A1
330
1B
100
AcDbEntity
  8
F.Cu
100
AcDbCircle
 10
60.1999999999999957
 20
-30.
 30
0
 40
0.175
  0
CIRCLE
  5
10A2
330
1B
100
AcDbEntity
  8
F.Cu
100
AcDbCircle
 10
95.
 20
-104.3799999999999955
 30
0
 40
0.175
  0
CIRCLE
  5
10A3
330
1B
100
AcDbEntity
  8
F.Cu
100
AcDbCircle
 10
90.
 20
-104.3799999999999955
 30
0
 40
0.175
  0
CIRCLE
  5
10A4
330
1B
100
AcDbEntity
  8
F.Cu
100
AcDbCircle
 10
112.
 20
-114.
 30
0
 40
0.175
  0
CIRCLE
  5
10A5
330
1B
100
AcDbEntity
  8
F.Cu
100
AcDbCircle
 10
101.8399999999999892
 20
-114.
 30
0
 40
0.175
  0
CIRCLE
  5
10A6
330
1B
100
AcDbEntity
  8
F.Cu
100
AcDbCircle
 10
104.
 20
-42.
 30
0
 40
0.175
  0
CIRCLE
  5
10A7
330
1B
100
AcDbEntity
  8
F.Cu
100
AcDbCircle
 10
104.
 20
-49.5
 30
0
 40
0.175
  0
CIRCLE
  5
10A8
330
1B
100
AcDbEntity
  8
F.Cu
100
AcDbCircle
 10
92.5
 20
-40.
 30
0
 40
0.175
  0
CIRCLE
  5
10A9
330
1B
100
AcDbEntity
  8
F.Cu
100
AcDbCircle
 10
92.5
 20
-45.
 30
0
 40
0.175
  0
LINE
  5
10AA
330
1B
100
AcDbEntity
  8
Edge.Cuts
  6
CONTINUOUS
100
AcDbLine
 10
20.
 20
-20.
 30
0
 11
168.
 21
-20.
 31
0
  0
LINE
  5
10AB
330
1B
100
AcDbEntity
  8
Edge.Cuts
  6
CONTINUOUS
100
AcDbLine
 10
20.
 20
-138.
 30
0
 11
20.
 21
-20.
 31
0
  0
LINE
  5
10AC
330
1B
100
AcDbEntity
  8
Edge.Cuts
  6
CONTINUOUS
100
AcDbLine
 10
168.
 20
-20.
 30
0
 11
168.
 21
-138.
 31
0
  0
LINE
  5
10AD
330
1B
100
AcDbEntity
  8
Edge.Cuts
  6
CONTINUOUS
100
AcDbLine
 10
168.
 20
-138.
 30
0
 11
20.
 21
-138.
 31
0
  0
CIRCLE
  5
10AE
330
1B
100
AcDbEntity
  8
Edge.Cuts
100
AcDbCircle
 10
86.
 20
-40.
 30
0
 40
0.175
  0
CIRCLE
  5
10AF
330
1B
100
AcDbEntity
  8
Edge.Cuts
100
AcDbCircle
 10
86.
 20
-67.9399999999999977
 30
0
 40
0.175
  0
CIRCLE
  5
10B0
330
1B
100
AcDbEntity
  8
Edge.Cuts
100
AcDbCircle
 10
70.5
 20
-123.
 30
0
 40
0.175
  0
CIRCLE
  5
10B1
330
1B
100
AcDbEntity
  8
Edge.Cuts
100
AcDbCircle
 10
75.5
 20
-123.
 30
0
 40
0.175
  0
CIRCLE
  5
10B2
330
1B
100
AcDbEntity
  8
Edge.Cuts
100
AcDbCircle
 10
67.6199999999999903
 20
-116.
 30
0
 40
0.175
  0
CIRCLE
  5
10B3
330
1B
100
AcDbEntity
  8
Edge.Cuts
100
AcDbCircle
 10
67.6199999999999903
 20
-126.1599999999999966
 30
0
 40
0.175
  0
CIRCLE
  5
10B4
330
1B
100
AcDbEntity
  8
Edge.Cuts
100
AcDbCircle
 10
30.
 20
-60.
 30
0
 40
0.175
  0
CIRCLE
  5
10B5
330
1B
100
AcDbEntity
  8
Edge.Cuts
100
AcDbCircle
 10
30.
 20
-65.
 30
0
 40
0.175
  0
CIRCLE
  5
10B6
330
1B
100
AcDbEntity
  8
Edge.Cuts
100
AcDbCircle
 10
82.5
 20
-100.1599999999999966
 30
0
 40
0.175
  0
CIRCLE
  5
10B7
330
1B
100
AcDbEntity
  8
Edge.Cuts
100
AcDbCircle
 10
82.5
 20
-90.
 30
0
 40
0.175
  0
CIRCLE
  5
10B8
330
1B
100
AcDbEntity
  8
Edge.Cuts
100
AcDbCircle
 10
64.2999999999999972
 20
-128.
 30
0
 40
0.175
  0
CIRCLE
  5
10B9
330
1B
100
AcDbEntity
  8
Edge.Cuts
100
AcDbCircle
 10
64.2999999999999972
 20
-117.8399999999999892
 30
0
 40
0.175
  0
CIRCLE
  5
10BA
330
1B
100
AcDbEntity
  8
Edge.Cuts
100
AcDbCircle
 10
53.
 20
-133.5
 30
0
 40
0.175
  0
CIRCLE
  5
10BB
330
1B
100
AcDbEntity
  8
Edge.Cuts
100
AcDbCircle
 10
58.
 20
-133.5
 30
0
 40
0.175
  0
CIRCLE
  5
10BC
330
1B
100
AcDbEntity
  8
Edge.Cuts
100
AcDbCircle
 10
106.
 20
-108.
 30
0
 40
0.175
  0
CIRCLE
  5
10BD
330
1B
100
AcDbEntity
  8
Edge.Cuts
100
AcDbCircle
 10
101.
 20
-108.
 30
0
 40
0.175
  0
CIRCLE
  5
10BE
330
1B
100
AcDbEntity
  8
Edge.Cuts
100
AcDbCircle
 10
80.
 20
-120.
 30
0
 40
0.175
  0
CIRCLE
  5
10BF
330
1B
100
AcDbEntity
  8
Edge.Cuts
100
AcDbCircle
 10
80.
 20
-130.1599999999999966
 30
0
 40
0.175
  0
CIRCLE
  5
10C0
330
1B
100
AcDbEntity
  8
Edge.Cuts
100
AcDbCircle
 10
60.
 20
-112.
 30
0
 40
0.175
  0
CIRCLE
  5
10C1
330
1B
100
AcDbEntity
  8
Edge.Cuts
100
AcDbCircle
 10
62.5399999999999991
 20
-112.
 30
0
 40
0.175
  0
CIRCLE
  5
10C2
330
1B
100
AcDbEntity
  8
Edge.Cuts
100
AcDbCircle
 10
65.0799999999999983
 20
-112.
 30
0
 40
0.175
  0
CIRCLE
  5
10C3
330
1B
100
AcDbEntity
  8
Edge.Cuts
100
AcDbCircle
 10
67.6199999999999903
 20
-112.
 30
0
 40
0.175
  0
CIRCLE
  5
10C4
330
1B
100
AcDbEntity
  8
Edge.Cuts
100
AcDbCircle
 10
70.1599999999999966
 20
-112.
 30
0
 40
0.175
  0
CIRCLE
  5
10C5
330
1B
100
AcDbEntity
  8
Edge.Cuts
100
AcDbCircle
 10
72.7000000000000028
 20
-112.
 30
0
 40
0.175
  0
CIRCLE
  5
10C6
330
1B
100
AcDbEntity
  8
Edge.Cuts
100
AcDbCircle
 10
75.2399999999999949
 20
-112.
 30
0
 40
0.175
  0
CIRCLE
  5
10C7
330
1B
100
AcDbEntity
  8
Edge.Cuts
100
AcDbCircle
 10
77.7800000000000011
 20
-112.
 30
0
 40
0.175
  0
CIRCLE
  5
10C8
330
1B
100
AcDbEntity
  8
Edge.Cuts
100
AcDbCircle
 10
77.7800000000000011
 20
-104.3799999999999955
 30
0
 40
0.175
  0
CIRCLE
  5
10C9
330
1B
100
AcDbEntity
  8
Edge.Cuts
100
AcDbCircle
 10
75.2399999999999949
 20
-104.3799999999999955
 30
0
 40
0.175
  0
CIRCLE
  5
10CA
330
1B
100
AcDbEntity
  8
Edge.Cuts
100
AcDbCircle
 10
72.7000000000000028
 20
-104.3799999999999955
 30
0
 40
0.175
  0
CIRCLE
  5
10CB
330
1B
100
AcDbEntity
  8
Edge.Cuts
100
AcDbCircle
 10
70.1599999999999966
 20
-104.3799999999999955
 30
0
 40
0.175
  0
CIRCLE
  5
10CC
330
1B
100
AcDbEntity
  8
Edge.Cuts
100
AcDbCircle
 10
67.6199999999999903
 20
-104.3799999999999955
 30
0
 40
0.175
  0
CIRCLE
  5
10CD
330
1B
100
AcDbEntity
  8
Edge.Cuts
100
AcDbCircle
 10
65.0799999999999983
 20
-104.3799999999999955
 30
0
 40
0.175
  0
CIRCLE
  5
10CE
330
1B
100
AcDbEntity
  8
Edge.Cuts
100
AcDbCircle
 10
62.5399999999999991
 20
-104.3799999999999955
 30
0
 40
0.175
  0
CIRCLE
  5
10CF
330
1B
100
AcDbEntity
  8
Edge.Cuts
100
AcDbCircle
 10
60.
 20
-104.3799999999999955
 30
0
 40
0.175
  0
CIRCLE
  5
10D0
330
1B
100
AcDbEntity
  8
Edge.Cuts
100
AcDbCircle
 10
68.
 20
-84.
 30
0
 40
0.175
  0
CIRCLE
  5
10D1
330
1B
100
AcDbEntity
  8
Edge.Cuts
100
AcDbCircle
 10
65.4599999999999937
 20
-84.
 30
0
 40
0.175
  0
CIRCLE
  5
10D2
330
1B
100
AcDbEntity
  8
Edge.Cuts
100
AcDbCircle
 10
62.9199999999999946
 20
-84.
 30
0
 40
0.175
  0
CIRCLE
  5
10D3
330
1B
100
AcDbEntity
  8
Edge.Cuts
100
AcDbCircle
 10
25.
 20
-46.
 30
0
 40
0.175
  0
CIRCLE
  5
10D4
330
1B
100
AcDbEntity
  8
Edge.Cuts
100
AcDbCircle
 10
25.
 20
-51.
 30
0
 40
0.175
  0
CIRCLE
  5
10D5
330
1B
100
AcDbEntity
  8
Edge.Cuts
100
AcDbCircle
 10
153.
 20
-42.
 30
0
 40
0.175
  0
CIRCLE
  5
10D6
330
1B
100
AcDbEntity
  8
Edge.Cuts
100
AcDbCircle
 10
153.
 20
-47.
 30
0
 40
0.175
  0
CIRCLE
  5
10D7
330
1B
100
AcDbEntity
  8
Edge.Cuts
100
AcDbCircle
 10
79.2399999999999949
 20
-87.
 30
0
 40
0.175
  0
CIRCLE
  5
10D8
330
1B
100
AcDbEntity
  8
Edge.Cuts
100
AcDbCircle
 10
79.2399999999999949
 20
-97.1599999999999966
 30
0
 40
0.175
  0
CIRCLE
  5
10D9
330
1B
100
AcDbEntity
  8
Edge.Cuts
100
AcDbCircle
 10
86.
 20
-100.1599999999999966
 30
0
 40
0.175
  0
CIRCLE
  5
10DA
330
1B
100
AcDbEntity
  8
Edge.Cuts
100
AcDbCircle
 10
86.
 20
-95.1599999999999966
 30
0
 40
0.175
  0
CIRCLE
  5
10DB
330
1B
100
AcDbEntity
  8
Edge.Cuts
100
AcDbCircle
 10
95.
 20
-98.
 30
0
 40
0.175
  0
CIRCLE
  5
10DC
330
1B
100
AcDbEntity
  8
Edge.Cuts
100
AcDbCircle
 10
90.
 20
-98.
 30
0
 40
0.175
  0
CIRCLE
  5
10DD
330
1B
100
AcDbEntity
  8
Edge.Cuts
100
AcDbCircle
 10
55.
 20
-122.
 30
0
 40
0.175
  0
CIRCLE
  5
10DE
330
1B
100
AcDbEntity
  8
Edge.Cuts
100
AcDbCircle
 10
55.
 20
-124.539999999999992
 30
0
 40
0.175
  0
CIRCLE
  5
10DF
330
1B
100
AcDbEntity
  8
Edge.Cuts
100
AcDbCircle
 10
55.
 20
-127.0799999999999983
 30
0
 40
0.175
  0
CIRCLE
  5
10E0
330
1B
100
AcDbEntity
  8
Edge.Cuts
100
AcDbCircle
 10
51.
 20
-127.0799999999999983
 30
0
 40
0.175
  0
CIRCLE
  5
10E1
330
1B
100
AcDbEntity
  8
Edge.Cuts
100
AcDbCircle
 10
40.8399999999999963
 20
-127.0799999999999983
 30
0
 40
0.175
  0
CIRCLE
  5
10E2
330
1B
100
AcDbEntity
  8
Edge.Cuts
100
AcDbCircle
 10
39.
 20
-45.
 30
0
 40
0.175
  0
CIRCLE
  5
10E3
330
1B
100
AcDbEntity
  8
Edge.Cuts
100
AcDbCircle
 10
39.
 20
-52.5
 30
0
 40
0.175
  0
CIRCLE
  5
10E4
330
1B
100
AcDbEntity
  8
Edge.Cuts
100
AcDbCircle
 10
76.
 20
-40.
 30
0
 40
0.175
  0
CIRCLE
  5
10E5
330
1B
100
AcDbEntity
  8
Edge.Cuts
100
AcDbCircle
 10
76.
 20
-67.9399999999999977
 30
0
 40
0.175
  0
CIRCLE
  5
10E6
330
1B
100
AcDbEntity
  8
Edge.Cuts
100
AcDbCircle
 10
59.5
 20
-87.75
 30
0
 40
0.175
  0
CIRCLE
  5
10E7
330
1B
100
AcDbEntity
  8
Edge.Cuts
100
AcDbCircle
 10
49.3399999999999963
 20
-87.75
 30
0
 40
0.175
  0
CIRCLE
  5
10E8
330
1B
100
AcDbEntity
  8
Edge.Cuts
100
AcDbCircle
 10
55.
 20
-108.
 30
0
 40
0.175
  0
CIRCLE
  5
10E9
330
1B
100
AcDbEntity
  8
Edge.Cuts
100
AcDbCircle
 10
55.
 20
-118.1599999999999966
 30
0
 40
0.175
  0
CIRCLE
  5
10EA
330
1B
100
AcDbEntity
  8
Edge.Cuts
100
AcDbCircle
 10
162.
 20
-36.
 30
0
 40
0.175
  0
CIRCLE
  5
10EB
330
1B
100
AcDbEntity
  8
Edge.Cuts
100
AcDbCircle
 10
162.
 20
-51.2399999999999949
 30
0
 40
0.175
  0
CIRCLE
  5
10EC
330
1B
100
AcDbEntity
  8
Edge.Cuts
100
AcDbCircle
 10
68.
 20
-90.
 30
0
 40
0.175
  0
CIRCLE
  5
10ED
330
1B
100
AcDbEntity
  8
Edge.Cuts
100
AcDbCircle
 10
65.4599999999999937
 20
-90.
 30
0
 40
0.175
  0
CIRCLE
  5
10EE
330
1B
100
AcDbEntity
  8
Edge.Cuts
100
AcDbCircle
 10
62.9199999999999946
 20
-90.
 30
0
 40
0.175
  0
CIRCLE
  5
10EF
330
1B
100
AcDbEntity
  8
Edge.Cuts
100
AcDbCircle
 10
158.
 20
-72.
 30
0
 40
0.175
  0
CIRCLE
  5
10F0
330
1B
100
AcDbEntity
  8
Edge.Cuts
100
AcDbCircle
 10
158.
 20
-82.1599999999999966
 30
0
 40
0.175
  0
CIRCLE
  5
10F1
330
1B
100
AcDbEntity
  8
Edge.Cuts
100
AcDbCircle
 10
55.5
 20
-81.5
 30
0
 40
0.175
  0
CIRCLE
  5
10F2
330
1B
100
AcDbEntity
  8
Edge.Cuts
100
AcDbCircle
 10
53.
 20
-81.5
 30
0
 40
0.175
  0
CIRCLE
  5
10F3
330
1B
100
AcDbEntity
  8
Edge.Cuts
100
AcDbCircle
 10
158.
 20
-92.
 30
0
 40
0.175
  0
CIRCLE
  5
10F4
330
1B
100
AcDbEntity
  8
Edge.Cuts
100
AcDbCircle
 10
158.
 20
-86.9200000000000017
 30
0
 40
0.175
  0
CIRCLE
  5
10F5
330
1B
100
AcDbEntity
  8
Edge.Cuts
100
AcDbCircle
 10
120.
 20
-108.
 30
0
 40
0.175
  0
CIRCLE
  5
10F6
330
1B
100
AcDbEntity
  8
Edge.Cuts
100
AcDbCircle
 10
109.8399999999999892
 20
-108.
 30
0
 40
0.175
  0
CIRCLE
  5
10F7
330
1B
100
AcDbEntity
  8
Edge.Cuts
100
AcDbCircle
 10
55.
 20
-101.
 30
0
 40
0.175
  0
CIRCLE
  5
10F8
330
1B
100
AcDbEntity
  8
Edge.Cuts
100
AcDbCircle
 10
50.
 20
-101.
 30
0
 40
0.175
  0
CIRCLE
  5
10F9
330
1B
100
AcDbEntity
  8
Edge.Cuts
100
AcDbCircle
 10
139.
 20
-42.
 30
0
 40
0.175
  0
CIRCLE
  5
10FA
330
1B
100
AcDbEntity
  8
Edge.Cuts
100
AcDbCircle
 10
139.
 20
-49.5
 30
0
 40
0.175
  0
CIRCLE
  5
10FB
330
1B
100
AcDbEntity
  8
Edge.Cuts
100
AcDbCircle
 10
80.
 20
-30.
 30
0
 40
0.175
  0
CIRCLE
  5
10FC
330
1B
100
AcDbEntity
  8
Edge.Cuts
100
AcDbCircle
 10
85.0799999999999983
 20
-30.
 30
0
 40
0.175
  0
CIRCLE
  5
10FD
330
1B
100
AcDbEntity
  8
Edge.Cuts
100
AcDbCircle
 10
85.
 20
-117.
 30
0
 40
0.175
  0
CIRCLE
  5
10FE
330
1B
100
AcDbEntity
  8
Edge.Cuts
100
AcDbCircle
 10
85.
 20
-122.
 30
0
 40
0.175
  0
CIRCLE
  5
10FF
330
1B
100
AcDbEntity
  8
Edge.Cuts
100
AcDbCircle
 10
121.5
 20
-42.
 30
0
 40
0.175
  0
CIRCLE
  5
1100
330
1B
100
AcDbEntity
  8
Edge.Cuts
100
AcDbCircle
 10
121.5
 20
-49.5
 30
0
 40
0.175
  0
CIRCLE
  5
1101
330
1B
100
AcDbEntity
  8
Edge.Cuts
100
AcDbCircle
 10
68.
 20
-30.
 30
0
 40
0.175
  0
CIRCLE
  5
1102
330
1B
100
AcDbEntity
  8
Edge.Cuts
100
AcDbCircle
 10
70.539999999999992
 20
-30.
 30
0
 40
0.175
  0
CIRCLE
  5
1103
330
1B
100
AcDbEntity
  8
Edge.Cuts
100
AcDbCircle
 10
73.0799999999999983
 20
-30.
 30
0
 40
0.175
  0
CIRCLE
  5
1104
330
1B
100
AcDbEntity
  8
Edge.Cuts
100
AcDbCircle
 10
57.
 20
-104.3799999999999955
 30
0
 40
0.175
  0
CIRCLE
  5
1105
330
1B
100
AcDbEntity
  8
Edge.Cuts
100
AcDbCircle
 10
52.
 20
-104.3799999999999955
 30
0
 40
0.175
  0
CIRCLE
  5
1106
330
1B
100
AcDbEntity
  8
Edge.Cuts
100
AcDbCircle
 10
47.
 20
-63.
 30
0
 40
0.175
  0
CIRCLE
  5
1107
330
1B
100
AcDbEntity
  8
Edge.Cuts
100
AcDbCircle
 10
47.
 20
-70.5
 30
0
 40
0.175
  0
CIRCLE
  5
1108
330
1B
100
AcDbEntity
  8
Edge.Cuts
100
AcDbCircle
 10
68.
 20
-36.
 30
0
 40
0.175
  0
CIRCLE
  5
1109
330
1B
100
AcDbEntity
  8
Edge.Cuts
100
AcDbCircle
 10
78.1599999999999966
 20
-36.
 30
0
 40
0.175
  0
CIRCLE
  5
110A
330
1B
100
AcDbEntity
  8
Edge.Cuts
100
AcDbCircle
 10
98.
 20
-87.
 30
0
 40
0.175
  0
CIRCLE
  5
110B
330
1B
100
AcDbEntity
  8
Edge.Cuts
100
AcDbCircle
 10
90.3799999999999955
 20
-87.
 30
0
 40
0.175
  0
CIRCLE
  5
110C
330
1B
100
AcDbEntity
  8
Edge.Cuts
100
AcDbCircle
 10
60.
 20
-78.5
 30
0
 40
0.175
  0
CIRCLE
  5
110D
330
1B
100
AcDbEntity
  8
Edge.Cuts
100
AcDbCircle
 10
60.
 20
-68.3400000000000034
 30
0
 40
0.175
  0
CIRCLE
  5
110E
330
1B
100
AcDbEntity
  8
Edge.Cuts
100
AcDbCircle
 10
98.
 20
-104.3799999999999955
 30
0
 40
0.175
  0
CIRCLE
  5
110F
330
1B
100
AcDbEntity
  8
Edge.Cuts
100
AcDbCircle
 10
98.
 20
-94.2199999999999989
 30
0
 40
0.175
  0
CIRCLE
  5
1110
330
1B
100
AcDbEntity
  8
Edge.Cuts
100
AcDbCircle
 10
98.
 20
-112.
 30
0
 40
0.175
  0
CIRCLE
  5
1111
330
1B
100
AcDbEntity
  8
Edge.Cuts
100
AcDbCircle
 10
98.
 20
-122.1599999999999966
 30
0
 40
0.175
  0
CIRCLE
  5
1112
330
1B
100
AcDbEntity
  8
Edge.Cuts
100
AcDbCircle
 10
68.
 20
-78.5
 30
0
 40
0.175
  0
CIRCLE
  5
1113
330
1B
100
AcDbEntity
  8
Edge.Cuts
100
AcDbCircle
 10
68.
 20
-68.3400000000000034
 30
0
 40
0.175
  0
CIRCLE
  5
1114
330
1B
100
AcDbEntity
  8
Edge.Cuts
100
AcDbCircle
 10
32.
 20
-30.
 30
0
 40
0.175
  0
CIRCLE
  5
1115
330
1B
100
AcDbEntity
  8
Edge.Cuts
100
AcDbCircle
 10
60.1999999999999957
 20
-30.
 30
0
 40
0.175
  0
CIRCLE
  5
1116
330
1B
100
AcDbEntity
  8
Edge.Cuts
100
AcDbCircle
 10
95.
 20
-104.3799999999999955
 30
0
 40
0.175
  0
CIRCLE
  5
1117
330
1B
100
AcDbEntity
  8
Edge.Cuts
100
AcDbCircle
 10
90.
 20
-104.3799999999999955
 30
0
 40
0.175
  0
CIRCLE
  5
1118
330
1B
100
AcDbEntity
  8
Edge.Cuts
100
AcDbCircle
 10
112.
 20
-114.
 30
0
 40
0.175
  0
CIRCLE
  5
1119
330
1B
100
AcDbEntity
  8
Edge.Cuts
100
AcDbCircle
 10
101.8399999999999892
 20
-114.
 30
0
 40
0.175
  0
CIRCLE
  5
111A
330
1B
100
AcDbEntity
  8
Edge.Cuts
100
AcDbCircle
 10
104.
 20
-42.
 30
0
 40
0.175
  0
CIRCLE
  5
111B
330
1B
100
AcDbEntity
  8
Edge.Cuts
100
AcDbCircle
 10
104.
 20
-49.5
 30
0
 40
0.175
  0
CIRCLE
  5
111C
330
1B
100
AcDbEntity
  8
Edge.Cuts
100
AcDbCircle
 10
92.5
 20
-40.
 30
0
 40
0.175
  0
CIRCLE
  5
111D
330
1B
100
AcDbEntity
  8
Edge.Cuts
100
AcDbCircle
 10
92.5
 20
-45.
 30
0
 40
0.175
  0
ENDSEC
  0
SECTION
  2
OBJECTS
  0
DICTIONARY
  5
21
330
0
100
AcDbDictionary
281
1
  3
ACAD_GROUP
350
111E
  3
ACAD_LAYOUT
350
22
  3
ACAD_PLOTSTYLENAME
350
11
  0
DICTIONARY
  5
111E
330
21
100
AcDbDictionary
281
1
  0
ACDBDICTIONARYWDFLT
  5
11
330
21
100
AcDbDictionary
281
1
  3
Normal
350
10
100
AcDbDictionaryWithDefault
340
10
  0
ACDBPLACEHOLDER
  5
10
330
11
  0
DICTIONARY
  5
22
330
21
100
AcDbDictionary
281
1
  3
Model
350
1E
  3
Layout1
350
1F
  3
Layout2
350
20
  0
LAYOUT
  5
1E
330
22
100
AcDbPlotSettings
  1

  2
none_device
  4
A3
  6

 40
0.0
 41
0.0
 42
0.0
 43
0.0
 44
420.0
 45
297.0
 46
0.0
 47
0.0
 48
0.0
 49
0.0
140
0.0
141
0.0
142
1.0
143
1.0
 70
1024
 72
1
 73
0
 74
5
  7

 75
16
 76
0
 77
2
 78
300
147
1.0
148
0.0
149
0.0
100
AcDbLayout
  1
Model
 70
1
 71
0
 10
0.0
 20
0.0
 11
420.0
 21
297.0
 12
0.0
 22
0.0
 32
0.0
 14
1e+20
 24
1e+20
 34
1e+20
 15
-1e+20
 25
-1e+20
 35
-1e+20
146
0.0
 13
0.0
 23
0.0
 33
0.0
 16
1.0
 26
0.0
 36
0.0
 17
0.0
 27
1.0
 37
0.0
 76
0
330
1B
  0
LAYOUT
  5
1F
330
22
100
AcDbPlotSettings
  1

  2
none_device
  4
A3
  6

 40
0.0
 41
0.0
 42
0.0
 43
0.0
 44
420.0
 45
297.0
 46
0.0
 47
0.0
 48
0.0
 49
0.0
140
0.0
141
0.0
142
1.0
143
1.0
 70
0
 72
1
 73
0
 74
5
  7

 75
16
 76
0
 77
2
 78
300
147
1.0
148
0.0
149
0.0
100
AcDbLayout
  1
Layout1
 70
1
 71
1
 10
0.0
 20
0.0
 11
420.0
 21
297.0
 12
0.0
 22
0.0
 32
0.0
 14
1e+20
 24
1e+20
 34
1e+20
 15
-1e+20
 25
-1e+20
 35
-1e+20
146
0.0
 13
0.0
 23
0.0
 33
0.0
 16
1.0
 26
0.0
 36
0.0
 17
0.0
 27
1.0
 37
0.0
 76
0
330
1C
  0
LAYOUT
  5
20
330
22
100
AcDbPlotSettings
  1

  2
none_device
  4
A3
  6

 40
0.0
 41
0.0
 42
0.0
 43
0.0
 44
420.0
 45
297.0
 46
0.0
 47
0.0
 48
0.0
 49
0.0
140
0.0
141
0.0
142
1.0
143
1.0
 70
0
 72
1
 73
0
 74
5
  7

 75
16
 76
0
 77
2
 78
300
147
1.0
148
0.0
149
0.0
100
AcDbLayout
  1
Layout2
 70
1
 71
2
 10
0.0
 20
0.0
 11
420.0
 21
297.0
 12
0.0
 22
0.0
 32
0.0
 14
1e+20
 24
1e+20
 34
1e+20
 15
-1e+20
 25
-1e+20
 35
-1e+20
146
0.0
 13
0.0
 23
0.0
 33
0.0
 16
1.0
 26
0.0
 36
0.0
 17
0.0
 27
1.0
 37
0.0
 76
0
330
1D
  0
ENDSEC
  0
EOF
